pc_time_s,seq,t_us,ecg_adc,lo_plus,lo_minus,lead_off
0.0122,55972,559950549,1839,0,0,0
0.0220,55973,559960548,1870,0,0,0
0.0321,55974,559970548,1849,0,0,0
0.0394,55975,559980549,1877,0,0,0
0.0495,55976,559990548,1865,0,0,0
0.0593,55977,560000548,1903,0,0,0
0.0693,55978,560010549,1890,0,0,0
0.0796,55979,560020548,1915,0,0,0
0.0895,55980,560030548,1915,0,0,0
0.0993,55981,560040548,1947,0,0,0
0.1095,55982,560050548,1938,0,0,0
0.1197,55983,560060549,1970,0,0,0
0.1300,55984,560070548,1968,0,0,0
0.1393,55985,560080549,2000,0,0,0
0.1496,55986,560090548,1985,0,0,0
0.1594,55987,560100548,2005,0,0,0
0.1693,55988,560110548,1986,0,0,0
0.1797,55989,560120549,2000,0,0,0
0.1894,55990,560130548,1955,0,0,0
0.1994,55991,560140549,1941,0,0,0
0.2093,55992,560150548,1886,0,0,0
0.2195,55993,560160549,1861,0,0,0
0.2309,55994,560170548,1825,0,0,0
0.2393,55995,560180548,1839,0,0,0
0.2495,55996,560190548,1810,0,0,0
0.2592,55997,560200548,1821,0,0,0
0.2693,55998,560210548,1814,0,0,0
0.2793,55999,560220549,1830,0,0,0
0.2893,56000,560230549,1809,0,0,0
0.2994,56001,560240549,1829,0,0,0
0.3093,56002,560250548,1814,0,0,0
0.3194,56003,560260549,1843,0,0,0
0.3294,56004,560270548,1820,0,0,0
0.3393,56005,560280549,1849,0,0,0
0.3494,56006,560290549,1834,0,0,0
0.3593,56007,560300549,1856,0,0,0
0.3694,56008,560310548,1840,0,0,0
0.3794,56009,560320548,1857,0,0,0
0.3894,56010,560330548,1836,0,0,0
0.3995,56011,560340548,1862,0,0,0
0.4093,56012,560350549,1848,0,0,0
0.4196,56013,560360548,1866,0,0,0
0.4294,56014,560370548,1853,0,0,0
0.4396,56015,560380549,1857,0,0,0
0.4493,56016,560390548,1833,0,0,0
0.4593,56017,560400548,1845,0,0,0
0.4710,56018,560410548,1819,0,0,0
0.4795,56019,560420548,1847,0,0,0
0.4895,56020,560430549,1831,0,0,0
0.4996,56021,560440549,1847,0,0,0
0.5094,56022,560450548,1831,0,0,0
0.5194,56023,560460548,1858,0,0,0
0.5293,56024,560470548,1886,0,0,0
0.5398,56025,560480549,1942,0,0,0
0.5494,56026,560490548,1959,0,0,0
0.5594,56027,560500548,2007,0,0,0
0.5697,56028,560510548,1941,0,0,0
0.5796,56029,560520549,1959,0,0,0
0.5895,56030,560530548,1895,0,0,0
0.5994,56031,560540549,1886,0,0,0
0.6093,56032,560550548,1827,0,0,0
0.6194,56033,560560549,1819,0,0,0
0.6295,56034,560570548,1776,0,0,0
0.6394,56035,560580548,1798,0,0,0
0.6496,56036,560590549,1781,0,0,0
0.6593,56037,560600548,1799,0,0,0
0.6694,56038,560610548,1790,0,0,0
0.6797,56039,560620549,1799,0,0,0
0.6894,56040,560630548,1847,0,0,0
0.6995,56041,560640549,1941,0,0,0
0.7094,56042,560650548,2325,0,0,0
0.7204,56043,560660548,2655,0,0,0
0.7294,56044,560670548,2145,0,0,0
0.7394,56045,560680548,1643,0,0,0
0.7493,56046,560690548,1459,0,0,0
0.7594,56047,560700548,1535,0,0,0
0.7694,56048,560710548,1664,0,0,0
0.7797,56049,560720549,1804,0,0,0
0.7895,56050,560730548,1781,0,0,0
0.7995,56051,560740548,1826,0,0,0
0.8093,56052,560750548,1840,0,0,0
0.8193,56053,560760549,1855,0,0,0
0.8298,56054,560770548,1854,0,0,0
0.8395,56055,560780548,1872,0,0,0
0.8494,56056,560790548,1860,0,0,0
0.8596,56057,560800549,1883,0,0,0
0.8695,56058,560810548,1863,0,0,0
0.8794,56059,560820548,1895,0,0,0
0.8894,56060,560830549,1882,0,0,0
0.8994,56061,560840548,1914,0,0,0
0.9094,56062,560850548,1898,0,0,0
0.9194,56063,560860549,1921,0,0,0
0.9295,56064,560870548,1911,0,0,0
0.9393,56065,560880548,1939,0,0,0
0.9494,56066,560890548,1937,0,0,0
0.9595,56067,560900549,1952,0,0,0
0.9693,56068,560910548,1938,0,0,0
0.9793,56069,560920548,1951,0,0,0
0.9893,56070,560930548,1930,0,0,0
0.9993,56071,560940548,1959,0,0,0
1.0094,56072,560950548,1904,0,0,0
1.0193,56073,560960548,1886,0,0,0
1.0293,56074,560970548,1855,0,0,0
1.0394,56075,560980548,1863,0,0,0
1.0492,56076,560990548,1811,0,0,0
1.0594,56077,561000549,1838,0,0,0
1.0694,56078,561010548,1815,0,0,0
1.0795,56079,561020549,1808,0,0,0
1.0893,56080,561030548,1826,0,0,0
1.0994,56081,561040548,1827,0,0,0
1.1093,56082,561050548,1824,0,0,0
1.1192,56083,561060548,1837,0,0,0
1.1294,56084,561070548,1838,0,0,0
1.1394,56085,561080548,1851,0,0,0
1.1494,56086,561090548,1819,0,0,0
1.1593,56087,561100549,1847,0,0,0
1.1695,56088,561110548,1836,0,0,0
1.1793,56089,561120548,1860,0,0,0
1.1895,56090,561130549,1831,0,0,0
1.1993,56091,561140548,1862,0,0,0
1.2094,56092,561150548,1856,0,0,0
1.2194,56093,561160549,1845,0,0,0
1.2312,56094,561170548,1829,0,0,0
1.2394,56095,561180548,1853,0,0,0
1.2495,56096,561190548,1843,0,0,0
1.2594,56097,561200549,1863,0,0,0
1.2695,56098,561210548,1846,0,0,0
1.2796,56099,561220548,1843,0,0,0
1.2893,56100,561230548,1840,0,0,0
1.2996,56101,561240549,1849,0,0,0
1.3094,56102,561250548,1844,0,0,0
1.3195,56103,561260548,1888,0,0,0
1.3293,56104,561270549,1933,0,0,0
1.3393,56105,561280549,1961,0,0,0
1.3495,56106,561290549,2000,0,0,0
1.3595,56107,561300548,1999,0,0,0
1.3694,56108,561310548,1937,0,0,0
1.3799,56109,561320549,1946,0,0,0
1.3895,56110,561330548,1872,0,0,0
1.3995,56111,561340548,1879,0,0,0
1.4093,56112,561350548,1803,0,0,0
1.4193,56113,561360549,1778,0,0,0
1.4297,56114,561370548,1778,0,0,0
1.4393,56115,561380548,1776,0,0,0
1.4495,56116,561390548,1749,0,0,0
1.4594,56117,561400548,1781,0,0,0
1.4697,56118,561410549,1774,0,0,0
1.4799,56119,561420548,1808,0,0,0
1.4895,56120,561430548,1906,0,0,0
1.4998,56121,561440548,2066,0,0,0
1.5094,56122,561450548,2581,0,0,0
1.5195,56123,561460549,2354,0,0,0
1.5294,56124,561470548,1764,0,0,0
1.5397,56125,561480549,1453,0,0,0
1.5493,56126,561490548,1424,0,0,0
1.5593,56127,561500549,1574,0,0,0
1.5694,56128,561510548,1712,0,0,0
1.5796,56129,561520549,1794,0,0,0
1.5893,56130,561530549,1799,0,0,0
1.5993,56131,561540548,1831,0,0,0
1.6093,56132,561550548,1808,0,0,0
1.6194,56133,561560549,1866,0,0,0
1.6293,56134,561570548,1839,0,0,0
1.6395,56135,561580548,1853,0,0,0
1.6495,56136,561590548,1872,0,0,0
1.6594,56137,561600549,1897,0,0,0
1.6693,56138,561610548,1859,0,0,0
1.6794,56139,561620549,1906,0,0,0
1.6893,56140,561630548,1891,0,0,0
1.6993,56141,561640549,1917,0,0,0
1.7093,56142,561650548,1914,0,0,0
1.7193,56143,561660549,1926,0,0,0
1.7293,56144,561670548,1936,0,0,0
1.7395,56145,561680549,1971,0,0,0
1.7495,56146,561690548,1932,0,0,0
1.7594,56147,561700548,1965,0,0,0
1.7694,56148,561710548,1943,0,0,0
1.7793,56149,561720548,1932,0,0,0
1.7894,56150,561730548,1935,0,0,0
1.7995,56151,561740548,1929,0,0,0
1.8094,56152,561750548,1874,0,0,0
1.8194,56153,561760548,1883,0,0,0
1.8293,56154,561770548,1824,0,0,0
1.8394,56155,561780549,1830,0,0,0
1.8494,56156,561790549,1803,0,0,0
1.8594,56157,561800548,1825,0,0,0
1.8694,56158,561810548,1793,0,0,0
1.8794,56159,561820548,1808,0,0,0
1.8893,56160,561830548,1803,0,0,0
1.8995,56161,561840548,1824,0,0,0
1.9094,56162,561850548,1808,0,0,0
1.9193,56163,561860549,1830,0,0,0
1.9294,56164,561870548,1815,0,0,0
1.9395,56165,561880548,1840,0,0,0
1.9495,56166,561890548,1810,0,0,0
1.9595,56167,561900548,1846,0,0,0
1.9698,56168,561910548,1823,0,0,0
1.9794,56169,561920548,1852,0,0,0
1.9894,56170,561930549,1841,0,0,0
1.9996,56171,561940548,1854,0,0,0
2.0095,56172,561950548,1819,0,0,0
2.0193,56173,561960549,1839,0,0,0
2.0300,56174,561970548,1840,0,0,0
2.0393,56175,561980548,1847,0,0,0
2.0496,56176,561990548,1817,0,0,0
2.0595,56177,562000548,1840,0,0,0
2.0694,56178,562010548,1845,0,0,0
2.0800,56179,562020548,1839,0,0,0
2.0893,56180,562030549,1808,0,0,0
2.0994,56181,562040548,1845,0,0,0
2.1093,56182,562050548,1904,0,0,0
2.1193,56183,562060548,1936,0,0,0
2.1294,56184,562070548,1936,0,0,0
2.1393,56185,562080548,2026,0,0,0
2.1494,56186,562090548,1962,0,0,0
2.1593,56187,562100548,1950,0,0,0
2.1696,56188,562110548,1886,0,0,0
2.1793,56189,562120548,1883,0,0,0
2.1894,56190,562130548,1839,0,0,0
2.1996,56191,562140548,1794,0,0,0
2.2093,56192,562150548,1776,0,0,0
2.2193,56193,562160548,1783,0,0,0
2.2293,56194,562170548,1759,0,0,0
2.2395,56195,562180549,1788,0,0,0
2.2494,56196,562190548,1774,0,0,0
2.2594,56197,562200548,1763,0,0,0
2.2693,56198,562210548,1870,0,0,0
2.2794,56199,562220549,1979,0,0,0
2.2893,56200,562230548,2335,0,0,0
2.2994,56201,562240549,2581,0,0,0
2.3095,56202,562250548,2034,0,0,0
2.3197,56203,562260548,1487,0,0,0
2.3295,56204,562270548,1383,0,0,0
2.3394,56205,562280548,1506,0,0,0
2.3496,56206,562290548,1638,0,0,0
2.3594,56207,562300549,1793,0,0,0
2.3694,56208,562310548,1805,0,0,0
2.3793,56209,562320548,1823,0,0,0
2.3894,56210,562330548,1825,0,0,0
2.3993,56211,562340549,1873,0,0,0
2.4100,56212,562350548,1852,0,0,0
2.4194,56213,562360549,1872,0,0,0
2.4296,56214,562370548,1856,0,0,0
2.4395,56215,562380549,1893,0,0,0
2.4494,56216,562390548,1866,0,0,0
2.4594,56217,562400549,1901,0,0,0
2.4712,56218,562410548,1903,0,0,0
2.4834,56219,562420549,1917,0,0,0
2.4900,56220,562430548,1914,0,0,0
2.4997,56221,562440548,1951,0,0,0
2.5095,56222,562450548,1927,0,0,0
2.5198,56223,562460548,1986,0,0,0
2.5296,56224,562470548,1967,0,0,0
2.5394,56225,562480548,1982,0,0,0
2.5496,56226,562490548,1970,0,0,0
2.5593,56227,562500548,1968,0,0,0
2.5693,56228,562510549,1971,0,0,0
2.5794,56229,562520548,1975,0,0,0
2.5893,56230,562530548,1913,0,0,0
2.5994,56231,562540549,1912,0,0,0
2.6095,56232,562550549,1872,0,0,0
2.6193,56233,562560549,1859,0,0,0
2.6296,56234,562570549,1811,0,0,0
2.6393,56235,562580548,1822,0,0,0
2.6492,56236,562590549,1806,0,0,0
2.6593,56237,562600548,1840,0,0,0
2.6695,56238,562610548,1802,0,0,0
2.6794,56239,562620549,1831,0,0,0
2.6893,56240,562630548,1824,0,0,0
2.6994,56241,562640549,1826,0,0,0
2.7094,56242,562650548,1826,0,0,0
2.7221,56243,562660548,1835,0,0,0
2.7293,56244,562670548,1843,0,0,0
2.7394,56245,562680549,1849,0,0,0
2.7495,56246,562690548,1840,0,0,0
2.7593,56247,562700548,1855,0,0,0
2.7692,56248,562710548,1861,0,0,0
2.7798,56249,562720548,1857,0,0,0
2.7894,56250,562730548,1845,0,0,0
2.7993,56251,562740548,1838,0,0,0
2.8094,56252,562750548,1846,0,0,0
2.8194,56253,562760548,1858,0,0,0
2.8293,56254,562770548,1809,0,0,0
2.8397,56255,562780549,1851,0,0,0
2.8495,56256,562790548,1838,0,0,0
2.8593,56257,562800548,1835,0,0,0
2.8695,56258,562810549,1835,0,0,0
2.8795,56259,562820548,1863,0,0,0
2.8894,56260,562830548,1914,0,0,0
2.8994,56261,562840548,1966,0,0,0
2.9093,56262,562850548,1969,0,0,0
2.9192,56263,562860548,2064,0,0,0
2.9293,56264,562870548,1969,0,0,0
2.9394,56265,562880549,1984,0,0,0
2.9494,56266,562890548,1936,0,0,0
2.9595,56267,562900548,1883,0,0,0
2.9722,56268,562910549,1844,0,0,0
2.9794,56269,562920548,1811,0,0,0
2.9894,56270,562930548,1771,0,0,0
2.9994,56271,562940548,1779,0,0,0
3.0093,56272,562950548,1774,0,0,0
3.0193,56273,562960549,1743,0,0,0
3.0293,56274,562970548,1755,0,0,0
3.0394,56275,562980549,1767,0,0,0
3.0495,56276,562990548,1819,0,0,0
3.0593,56277,563000548,1980,0,0,0
3.0694,56278,563010549,2303,0,0,0
3.0797,56279,563020549,2525,0,0,0
3.0893,56280,563030548,1967,0,0,0
3.0994,56281,563040549,1385,0,0,0
3.1095,56282,563050548,1292,0,0,0
3.1193,56283,563060549,1417,0,0,0
3.1293,56284,563070548,1577,0,0,0
3.1394,56285,563080548,1700,0,0,0
3.1492,56286,563090548,1712,0,0,0
3.1592,56287,563100549,1727,0,0,0
3.1694,56288,563110548,1738,0,0,0
3.1794,56289,563120548,1756,0,0,0
3.1893,56290,563130548,1773,0,0,0
3.1993,56291,563140548,1793,0,0,0
3.2094,56292,563150548,1799,0,0,0
3.2193,56293,563160548,1820,0,0,0
3.2300,56294,563170548,1817,0,0,0
3.2393,56295,563180549,1851,0,0,0
3.2494,56296,563190548,1869,0,0,0
3.2598,56297,563200549,1904,0,0,0
3.2693,56298,563210548,1907,0,0,0
3.2793,56299,563220549,1926,0,0,0
3.2893,56300,563230549,1947,0,0,0
3.2993,56301,563240548,1984,0,0,0
3.3094,56302,563250548,1981,0,0,0
3.3197,56303,563260548,2000,0,0,0
3.3297,56304,563270548,1991,0,0,0
3.3392,56305,563280548,1990,0,0,0
3.3495,56306,563290548,1979,0,0,0
3.3592,56307,563300548,1966,0,0,0
3.3693,56308,563310548,1935,0,0,0
3.3793,56309,563320548,1883,0,0,0
3.3893,56310,563330548,1874,0,0,0
3.3992,56311,563340549,1856,0,0,0
3.4095,56312,563350548,1823,0,0,0
3.4193,56313,563360548,1826,0,0,0
3.4295,56314,563370548,1811,0,0,0
3.4395,56315,563380548,1808,0,0,0
3.4494,56316,563390548,1801,0,0,0
3.4593,56317,563400548,1827,0,0,0
3.4695,56318,563410548,1825,0,0,0
3.4811,56319,563420548,1840,0,0,0
3.4893,56320,563430548,1833,0,0,0
3.4998,56321,563440548,1838,0,0,0
3.5095,56322,563450548,1840,0,0,0
3.5193,56323,563460548,1847,0,0,0
3.5295,56324,563470548,1863,0,0,0
3.5394,56325,563480549,1866,0,0,0
3.5494,56326,563490548,1865,0,0,0
3.5594,56327,563500549,1880,0,0,0
3.5694,56328,563510548,1845,0,0,0
3.5793,56329,563520549,1851,0,0,0
3.5895,56330,563530548,1867,0,0,0
3.5993,56331,563540549,1875,0,0,0
3.6093,56332,563550549,1859,0,0,0
3.6194,56333,563560548,1872,0,0,0
3.6296,56334,563570549,1873,0,0,0
3.6392,56335,563580548,1870,0,0,0
3.6496,56336,563590548,1860,0,0,0
3.6593,56337,563600548,1883,0,0,0
3.6694,56338,563610548,1889,0,0,0
3.6793,56339,563620548,1877,0,0,0
3.6894,56340,563630548,1883,0,0,0
3.6995,56341,563640549,1911,0,0,0
3.7095,56342,563650549,1963,0,0,0
3.7199,56343,563660549,1987,0,0,0
3.7294,56344,563670548,1995,0,0,0
3.7394,56345,563680548,2064,0,0,0
3.7493,56346,563690548,1974,0,0,0
3.7593,56347,563700548,1946,0,0,0
3.7694,56348,563710548,1889,0,0,0
3.7795,56349,563720549,1856,0,0,0
3.7892,56350,563730549,1780,0,0,0
3.7995,56351,563740548,1766,0,0,0
3.8093,56352,563750548,1728,0,0,0
3.8193,56353,563760549,1726,0,0,0
3.8297,56354,563770548,1719,0,0,0
3.8394,56355,563780548,1718,0,0,0
3.8494,56356,563790548,1715,0,0,0
3.8595,56357,563800548,1721,0,0,0
3.8694,56358,563810548,1836,0,0,0
3.8793,56359,563820548,1953,0,0,0
3.8893,56360,563830549,2429,0,0,0
3.8995,56361,563840548,2416,0,0,0
3.9093,56362,563850548,1793,0,0,0
3.9197,56363,563860548,1344,0,0,0
3.9294,56364,563870548,1324,0,0,0
3.9394,56365,563880548,1474,0,0,0
3.9495,56366,563890548,1642,0,0,0
3.9592,56367,563900549,1726,0,0,0
3.9737,56368,563910548,1728,0,0,0
3.9798,56369,563920549,1749,0,0,0
3.9895,56370,563930549,1759,0,0,0
3.9993,56371,563940548,1775,0,0,0
4.0094,56372,563950548,1770,0,0,0
4.0193,56373,563960548,1777,0,0,0
4.0295,56374,563970549,1777,0,0,0
4.0397,56375,563980548,1776,0,0,0
4.0495,56376,563990548,1790,0,0,0
4.0594,56377,564000548,1802,0,0,0
4.0695,56378,564010548,1790,0,0,0
4.0793,56379,564020548,1778,0,0,0
4.0894,56380,564030548,1794,0,0,0
4.0996,56381,564040548,1795,0,0,0
4.1095,56382,564050548,1799,0,0,0
4.1195,56383,564060548,1805,0,0,0
4.1296,56384,564070548,1830,0,0,0
4.1395,56385,564080549,1833,0,0,0
4.1494,56386,564090549,1824,0,0,0
4.1596,56387,564100549,1824,0,0,0
4.1693,56388,564110548,1813,0,0,0
4.1794,56389,564120549,1787,0,0,0
4.1894,56390,564130548,1765,0,0,0
4.1993,56391,564140549,1744,0,0,0
4.2093,56392,564150548,1707,0,0,0
4.2226,56393,564160548,1678,0,0,0
4.2294,56394,564170548,1669,0,0,0
4.2398,56395,564180548,1693,0,0,0
4.2498,56396,564190548,1679,0,0,0
4.2594,56397,564200549,1697,0,0,0
4.2694,56398,564210548,1697,0,0,0
4.2797,56399,564220548,1727,0,0,0
4.2894,56400,564230548,1749,0,0,0
4.2997,56401,564240549,1762,0,0,0
4.3094,56402,564250548,1777,0,0,0
4.3196,56403,564260548,1791,0,0,0
4.3297,56404,564270549,1827,0,0,0
4.3394,56405,564280548,1855,0,0,0
4.3494,56406,564290549,1856,0,0,0
4.3593,56407,564300548,1886,0,0,0
4.3693,56408,564310548,1902,0,0,0
4.3797,56409,564320549,1906,0,0,0
4.3895,56410,564330548,1919,0,0,0
4.3994,56411,564340548,1915,0,0,0
4.4095,56412,564350548,1929,0,0,0
4.4196,56413,564360548,1910,0,0,0
4.4294,56414,564370548,1914,0,0,0
4.4395,56415,564380549,1904,0,0,0
4.4494,56416,564390549,1893,0,0,0
4.4593,56417,564400549,1893,0,0,0
4.4695,56418,564410548,1880,0,0,0
4.4796,56419,564420549,1885,0,0,0
4.4893,56420,564430548,1872,0,0,0
4.4995,56421,564440548,1873,0,0,0
4.5095,56422,564450548,1870,0,0,0
4.5196,56423,564460548,1853,0,0,0
4.5294,56424,564470548,1857,0,0,0
4.5395,56425,564480549,1843,0,0,0
4.5494,56426,564490549,1846,0,0,0
4.5595,56427,564500548,1840,0,0,0
4.5694,56428,564510548,1838,0,0,0
4.5794,56429,564520548,1839,0,0,0
4.5892,56430,564530548,1835,0,0,0
4.5993,56431,564540548,1872,0,0,0
4.6094,56432,564550548,1920,0,0,0
4.6195,56433,564560548,1933,0,0,0
4.6295,56434,564570548,1978,0,0,0
4.6393,56435,564580549,1954,0,0,0
4.6496,56436,564590549,1930,0,0,0
4.6594,56437,564600548,1901,0,0,0
4.6694,56438,564610548,1859,0,0,0
4.6794,56439,564620549,1830,0,0,0
4.6893,56440,564630548,1785,0,0,0
4.6994,56441,564640549,1769,0,0,0
4.7094,56442,564650549,1767,0,0,0
4.7229,56443,564660548,1760,0,0,0
4.7295,56444,564670548,1762,0,0,0
4.7394,56445,564680548,1761,0,0,0
4.7494,56446,564690548,1761,0,0,0
4.7593,56447,564700548,1821,0,0,0
4.7696,56448,564710548,1920,0,0,0
4.7793,56449,564720548,2145,0,0,0
4.7894,56450,564730548,2647,0,0,0
4.7994,56451,564740549,2263,0,0,0
4.8094,56452,564750548,1626,0,0,0
4.8195,56453,564760549,1435,0,0,0
4.8295,56454,564770548,1497,0,0,0
4.8394,56455,564780548,1648,0,0,0
4.8495,56456,564790548,1791,0,0,0
4.8594,56457,564800548,1819,0,0,0
4.8694,56458,564810548,1838,0,0,0
4.8797,56459,564820549,1849,0,0,0
4.8892,56460,564830549,1872,0,0,0
4.8994,56461,564840548,1875,0,0,0
4.9094,56462,564850548,1897,0,0,0
4.9194,56463,564860548,1894,0,0,0
4.9294,56464,564870548,1907,0,0,0
4.9395,56465,564880549,1907,0,0,0
4.9494,56466,564890548,1913,0,0,0
4.9592,56467,564900549,1920,0,0,0
4.9693,56468,564910548,1934,0,0,0
4.9797,56469,564920549,1934,0,0,0
4.9894,56470,564930548,1956,0,0,0
4.9994,56471,564940548,1951,0,0,0
5.0094,56472,564950548,1975,0,0,0
5.0192,56473,564960548,1987,0,0,0
5.0296,56474,564970548,1984,0,0,0
5.0394,56475,564980548,1989,0,0,0
5.0493,56476,564990548,1998,0,0,0
5.0594,56477,565000548,1995,0,0,0
5.0694,56478,565010548,1979,0,0,0
5.0794,56479,565020549,1946,0,0,0
5.0893,56480,565030548,1922,0,0,0
5.0992,56481,565040549,1872,0,0,0
5.1093,56482,565050548,1838,0,0,0
5.1195,56483,565060548,1813,0,0,0
5.1293,56484,565070548,1804,0,0,0
5.1392,56485,565080548,1776,0,0,0
5.1494,56486,565090548,1778,0,0,0
5.1594,56487,565100548,1770,0,0,0
5.1694,56488,565110548,1781,0,0,0
5.1794,56489,565120548,1767,0,0,0
5.1893,56490,565130549,1782,0,0,0
5.1994,56491,565140548,1777,0,0,0
5.2093,56492,565150548,1776,0,0,0
5.2193,56493,565160548,1776,0,0,0
5.2297,56494,565170548,1786,0,0,0
5.2395,56495,565180548,1785,0,0,0
5.2494,56496,565190548,1805,0,0,0
5.2593,56497,565200548,1791,0,0,0
5.2694,56498,565210549,1793,0,0,0
5.2795,56499,565220548,1783,0,0,0
5.2894,56500,565230549,1795,0,0,0
5.2997,56501,565240548,1779,0,0,0
5.3093,56502,565250548,1798,0,0,0
5.3194,56503,565260549,1793,0,0,0
5.3296,56504,565270548,1779,0,0,0
5.3393,56505,565280548,1777,0,0,0
5.3494,56506,565290548,1785,0,0,0
5.3595,56507,565300549,1776,0,0,0
5.3692,56508,565310548,1777,0,0,0
5.3796,56509,565320548,1783,0,0,0
5.3895,56510,565330548,1783,0,0,0
5.3994,56511,565340548,1783,0,0,0
5.4093,56512,565350548,1785,0,0,0
5.4195,56513,565360549,1788,0,0,0
5.4293,56514,565370548,1782,0,0,0
5.4394,56515,565380548,1776,0,0,0
5.4495,56516,565390548,1790,0,0,0
5.4594,56517,565400548,1782,0,0,0
5.4745,56518,565410548,1794,0,0,0
5.4794,56519,565420548,1791,0,0,0
5.4894,56520,565430548,1815,0,0,0
5.4994,56521,565440549,1865,0,0,0
5.5103,56522,565450549,1887,0,0,0
5.5195,56523,565460549,1925,0,0,0
5.5296,56524,565470548,1933,0,0,0
5.5394,56525,565480548,1888,0,0,0
5.5494,56526,565490549,1876,0,0,0
5.5593,56527,565500548,1830,0,0,0
5.5694,56528,565510548,1808,0,0,0
5.5793,56529,565520548,1762,0,0,0
5.5893,56530,565530548,1746,0,0,0
5.5992,56531,565540548,1733,0,0,0
5.6092,56532,565550549,1749,0,0,0
5.6193,56533,565560548,1738,0,0,0
5.6292,56534,565570548,1749,0,0,0
5.6393,56535,565580548,1754,0,0,0
5.6495,56536,565590548,1785,0,0,0
5.6592,56537,565600549,1872,0,0,0
5.6692,56538,565610549,2030,0,0,0
5.6794,56539,565620549,2630,0,0,0
5.6893,56540,565630549,2431,0,0,0
5.6992,56541,565640548,1740,0,0,0
5.7094,56542,565650549,1451,0,0,0
5.7195,56543,565660548,1463,0,0,0
5.7295,56544,565670548,1589,0,0,0
5.7393,56545,565680549,1728,0,0,0
5.7493,56546,565690548,1776,0,0,0
5.7593,56547,565700548,1773,0,0,0
5.7694,56548,565710549,1805,0,0,0
5.7794,56549,565720549,1815,0,0,0
5.7893,56550,565730549,1822,0,0,0
5.7994,56551,565740549,1826,0,0,0
5.8094,56552,565750548,1847,0,0,0
5.8194,56553,565760549,1850,0,0,0
5.8295,56554,565770548,1852,0,0,0
5.8394,56555,565780548,1862,0,0,0
5.8494,56556,565790548,1888,0,0,0
5.8593,56557,565800548,1872,0,0,0
5.8694,56558,565810548,1897,0,0,0
5.8793,56559,565820548,1910,0,0,0
5.8894,56560,565830548,1934,0,0,0
5.8992,56561,565840549,1931,0,0,0
5.9093,56562,565850548,1963,0,0,0
5.9194,56563,565860549,1970,0,0,0
5.9293,56564,565870548,1979,0,0,0
5.9393,56565,565880548,1967,0,0,0
5.9493,56566,565890548,2000,0,0,0
5.9594,56567,565900549,1974,0,0,0
5.9694,56568,565910548,1968,0,0,0
5.9801,56569,565920549,1930,0,0,0
5.9893,56570,565930548,1904,0,0,0
5.9994,56571,565940549,1860,0,0,0
6.0093,56572,565950548,1837,0,0,0
6.0193,56573,565960548,1811,0,0,0
6.0294,56574,565970548,1817,0,0,0
6.0393,56575,565980548,1819,0,0,0
6.0493,56576,565990548,1823,0,0,0
6.0594,56577,566000549,1815,0,0,0
6.0695,56578,566010548,1819,0,0,0
6.0793,56579,566020548,1808,0,0,0
6.0893,56580,566030548,1822,0,0,0
6.0994,56581,566040548,1807,0,0,0
6.1093,56582,566050548,1822,0,0,0
6.1192,56583,566060549,1830,0,0,0
6.1293,56584,566070548,1840,0,0,0
6.1392,56585,566080549,1839,0,0,0
6.1494,56586,566090548,1843,0,0,0
6.1594,56587,566100549,1843,0,0,0
6.1693,56588,566110548,1859,0,0,0
6.1792,56589,566120549,1841,0,0,0
6.1894,56590,566130548,1851,0,0,0
6.1993,56591,566140548,1849,0,0,0
6.2094,56592,566150548,1858,0,0,0
6.2195,56593,566160548,1840,0,0,0
6.2294,56594,566170548,1853,0,0,0
6.2393,56595,566180549,1840,0,0,0
6.2494,56596,566190549,1856,0,0,0
6.2594,56597,566200549,1840,0,0,0
6.2695,56598,566210548,1840,0,0,0
6.2795,56599,566220548,1841,0,0,0
6.2892,56600,566230548,1856,0,0,0
6.2992,56601,566240548,1849,0,0,0
6.3093,56602,566250548,1858,0,0,0
6.3194,56603,566260548,1847,0,0,0
6.3294,56604,566270548,1892,0,0,0
6.3394,56605,566280548,1927,0,0,0
6.3496,56606,566290548,1957,0,0,0
6.3593,56607,566300549,1975,0,0,0
6.3695,56608,566310548,2007,0,0,0
6.3793,56609,566320549,1962,0,0,0
6.3892,56610,566330548,1951,0,0,0
6.3996,56611,566340549,1886,0,0,0
6.4094,56612,566350548,1870,0,0,0
6.4193,56613,566360549,1808,0,0,0
6.4294,56614,566370548,1809,0,0,0
6.4395,56615,566380548,1793,0,0,0
6.4493,56616,566390548,1802,0,0,0
6.4596,56617,566400548,1791,0,0,0
6.4702,56618,566410548,1790,0,0,0
6.4794,56619,566420548,1791,0,0,0
6.4893,56620,566430548,1819,0,0,0
6.4998,56621,566440549,1918,0,0,0
6.5093,56622,566450548,2068,0,0,0
6.5194,56623,566460549,2640,0,0,0
6.5295,56624,566470549,2412,0,0,0
6.5394,56625,566480548,1840,0,0,0
6.5493,56626,566490548,1523,0,0,0
6.5594,56627,566500548,1481,0,0,0
6.5693,56628,566510548,1613,0,0,0
6.5794,56629,566520548,1743,0,0,0
6.5894,56630,566530548,1817,0,0,0
6.5994,56631,566540548,1815,0,0,0
6.6094,56632,566550548,1844,0,0,0
6.6194,56633,566560549,1862,0,0,0
6.6294,56634,566570548,1874,0,0,0
6.6393,56635,566580549,1861,0,0,0
6.6493,56636,566590548,1871,0,0,0
6.6593,56637,566600548,1872,0,0,0
6.6694,56638,566610548,1895,0,0,0
6.6794,56639,566620548,1890,0,0,0
6.6893,56640,566630548,1904,0,0,0
6.6992,56641,566640548,1902,0,0,0
6.7095,56642,566650548,1931,0,0,0
6.7197,56643,566660549,1911,0,0,0
6.7293,56644,566670549,1936,0,0,0
6.7393,56645,566680548,1938,0,0,0
6.7496,56646,566690548,1963,0,0,0
6.7593,56647,566700548,1946,0,0,0
6.7693,56648,566710548,1963,0,0,0
6.7792,56649,566720548,1943,0,0,0
6.7892,56650,566730548,1968,0,0,0
6.7993,56651,566740548,1936,0,0,0
6.8094,56652,566750548,1949,0,0,0
6.8193,56653,566760549,1909,0,0,0
6.8293,56654,566770549,1892,0,0,0
6.8395,56655,566780548,1855,0,0,0
6.8493,56656,566790548,1850,0,0,0
6.8593,56657,566800549,1840,0,0,0
6.8694,56658,566810548,1821,0,0,0
6.8793,56659,566820548,1815,0,0,0
6.8894,56660,566830548,1840,0,0,0
6.8994,56661,566840548,1808,0,0,0
6.9093,56662,566850548,1835,0,0,0
6.9194,56663,566860549,1824,0,0,0
6.9293,56664,566870548,1843,0,0,0
6.9393,56665,566880548,1842,0,0,0
6.9494,56666,566890548,1850,0,0,0
6.9592,56667,566900548,1847,0,0,0
6.9693,56668,566910548,1856,0,0,0
6.9794,56669,566920549,1840,0,0,0
6.9894,56670,566930548,1876,0,0,0
6.9993,56671,566940548,1840,0,0,0
7.0093,56672,566950548,1860,0,0,0
7.0194,56673,566960549,1856,0,0,0
7.0292,56674,566970548,1853,0,0,0
7.0393,56675,566980548,1837,0,0,0
7.0495,56676,566990548,1872,0,0,0
7.0593,56677,567000549,1835,0,0,0
7.0693,56678,567010548,1855,0,0,0
7.0795,56679,567020548,1847,0,0,0
7.0892,56680,567030548,1840,0,0,0
7.0994,56681,567040549,1836,0,0,0
7.1096,56682,567050548,1847,0,0,0
7.1194,56683,567060548,1840,0,0,0
7.1294,56684,567070548,1863,0,0,0
7.1393,56685,567080549,1894,0,0,0
7.1494,56686,567090548,1949,0,0,0
7.1593,56687,567100548,1947,0,0,0
7.1695,56688,567110548,2002,0,0,0
7.1794,56689,567120548,1943,0,0,0
7.1894,56690,567130548,1963,0,0,0
7.1996,56691,567140548,1878,0,0,0
7.2094,56692,567150548,1866,0,0,0
7.2236,56693,567160549,1841,0,0,0
7.2296,56694,567170548,1803,0,0,0
7.2394,56695,567180549,1765,0,0,0
7.2493,56696,567190548,1785,0,0,0
7.2595,56697,567200548,1759,0,0,0
7.2695,56698,567210549,1789,0,0,0
7.2794,56699,567220548,1780,0,0,0
7.2893,56700,567230548,1789,0,0,0
7.2996,56701,567240548,1851,0,0,0
7.3092,56702,567250548,1993,0,0,0
7.3193,56703,567260548,2369,0,0,0
7.3295,56704,567270548,2559,0,0,0
7.3394,56705,567280549,2033,0,0,0
7.3496,56706,567290549,1525,0,0,0
7.3592,56707,567300548,1407,0,0,0
7.3693,56708,567310548,1525,0,0,0
7.3793,56709,567320549,1680,0,0,0
7.3895,56710,567330549,1783,0,0,0
7.3994,56711,567340548,1790,0,0,0
7.4094,56712,567350548,1825,0,0,0
7.4193,56713,567360549,1817,0,0,0
7.4294,56714,567370549,1859,0,0,0
7.4393,56715,567380548,1856,0,0,0
7.4493,56716,567390549,1874,0,0,0
7.4594,56717,567400548,1850,0,0,0
7.4695,56718,567410549,1892,0,0,0
7.4794,56719,567420548,1871,0,0,0
7.4897,56720,567430548,1889,0,0,0
7.5011,56721,567440548,1894,0,0,0
7.5094,56722,567450548,1941,0,0,0
7.5194,56723,567460549,1913,0,0,0
7.5298,56724,567470549,1936,0,0,0
7.5394,56725,567480549,1947,0,0,0
7.5493,56726,567490549,1967,0,0,0
7.5592,56727,567500549,1968,0,0,0
7.5693,56728,567510549,1982,0,0,0
7.5793,56729,567520548,1942,0,0,0
7.5894,56730,567530548,1983,0,0,0
7.5993,56731,567540549,1964,0,0,0
7.6093,56732,567550548,1969,0,0,0
7.6194,56733,567560549,1904,0,0,0
7.6292,56734,567570548,1914,0,0,0
7.6394,56735,567580548,1867,0,0,0
7.6496,56736,567590548,1843,0,0,0
7.6593,56737,567600549,1818,0,0,0
7.6694,56738,567610548,1853,0,0,0
7.6794,56739,567620549,1819,0,0,0
7.6892,56740,567630548,1812,0,0,0
7.6994,56741,567640548,1813,0,0,0
7.7095,56742,567650548,1840,0,0,0
7.7210,56743,567660548,1807,0,0,0
7.7293,56744,567670548,1847,0,0,0
7.7393,56745,567680548,1831,0,0,0
7.7494,56746,567690548,1824,0,0,0
7.7593,56747,567700548,1831,0,0,0
7.7693,56748,567710548,1857,0,0,0
7.7792,56749,567720548,1837,0,0,0
7.7892,56750,567730548,1853,0,0,0
7.7994,56751,567740549,1815,0,0,0
7.8092,56752,567750548,1845,0,0,0
7.8192,56753,567760548,1866,0,0,0
7.8293,56754,567770548,1853,0,0,0
7.8392,56755,567780548,1834,0,0,0
7.8492,56756,567790548,1860,0,0,0
7.8594,56757,567800548,1836,0,0,0
7.8693,56758,567810548,1879,0,0,0
7.8792,56759,567820549,1815,0,0,0
7.8893,56760,567830548,1862,0,0,0
7.8992,56761,567840548,1854,0,0,0
7.9092,56762,567850548,1899,0,0,0
7.9193,56763,567860549,1962,0,0,0
7.9294,56764,567870548,1981,0,0,0
7.9392,56765,567880549,2031,0,0,0
7.9493,56766,567890548,2000,0,0,0
7.9593,56767,567900549,1968,0,0,0
7.9700,56768,567910549,1941,0,0,0
7.9793,56769,567920548,1882,0,0,0
7.9892,56770,567930548,1864,0,0,0
7.9995,56771,567940549,1830,0,0,0
8.0093,56772,567950548,1808,0,0,0
8.0193,56773,567960548,1796,0,0,0
8.0293,56774,567970548,1808,0,0,0
8.0392,56775,567980549,1776,0,0,0
8.0492,56776,567990548,1802,0,0,0
8.0594,56777,568000549,1785,0,0,0
8.0695,56778,568010548,1868,0,0,0
8.0792,56779,568020548,1986,0,0,0
8.0892,56780,568030548,2303,0,0,0
8.0995,56781,568040549,2607,0,0,0
8.1092,56782,568050549,2138,0,0,0
8.1192,56783,568060548,1515,0,0,0
8.1294,56784,568070549,1378,0,0,0
8.1393,56785,568080548,1469,0,0,0
8.1492,56786,568090548,1666,0,0,0
8.1594,56787,568100548,1763,0,0,0
8.1693,56788,568110548,1814,0,0,0
8.1793,56789,568120548,1838,0,0,0
8.1895,56790,568130548,1858,0,0,0
8.1995,56791,568140548,1859,0,0,0
8.2092,56792,568150548,1872,0,0,0
8.2193,56793,568160549,1855,0,0,0
8.2296,56794,568170548,1904,0,0,0
8.2396,56795,568180549,1890,0,0,0
8.2494,56796,568190548,1905,0,0,0
8.2595,56797,568200549,1909,0,0,0
8.2695,56798,568210548,1911,0,0,0
8.2794,56799,568220549,1922,0,0,0
8.2892,56800,568230548,1951,0,0,0
8.2994,56801,568240549,1936,0,0,0
8.3093,56802,568250548,1968,0,0,0
8.3193,56803,568260548,1953,0,0,0
8.3293,56804,568270548,1997,0,0,0
8.3394,56805,568280548,1986,0,0,0
8.3493,56806,568290548,1987,0,0,0
8.3593,56807,568300548,1982,0,0,0
8.3694,56808,568310548,1989,0,0,0
8.3792,56809,568320548,1937,0,0,0
8.3893,56810,568330549,1936,0,0,0
8.3995,56811,568340548,1891,0,0,0
8.4092,56812,568350548,1889,0,0,0
8.4192,56813,568360548,1829,0,0,0
8.4293,56814,568370548,1827,0,0,0
8.4391,56815,568380548,1814,0,0,0
8.4493,56816,568390548,1805,0,0,0
8.4594,56817,568400549,1776,0,0,0
8.4699,56818,568410548,1826,0,0,0
8.4794,56819,568420548,1794,0,0,0
8.4894,56820,568430548,1815,0,0,0
8.4998,56821,568440548,1807,0,0,0
8.5094,56822,568450548,1840,0,0,0
8.5193,56823,568460548,1797,0,0,0
8.5294,56824,568470548,1833,0,0,0
8.5395,56825,568480548,1819,0,0,0
8.5493,56826,568490548,1835,0,0,0
8.5592,56827,568500549,1808,0,0,0
8.5694,56828,568510548,1837,0,0,0
8.5792,56829,568520548,1815,0,0,0
8.5893,56830,568530549,1825,0,0,0
8.5995,56831,568540548,1835,0,0,0
8.6093,56832,568550548,1842,0,0,0
8.6194,56833,568560549,1818,0,0,0
8.6292,56834,568570548,1840,0,0,0
8.6394,56835,568580548,1813,0,0,0
8.6492,56836,568590548,1811,0,0,0
8.6593,56837,568600549,1826,0,0,0
8.6694,56838,568610548,1888,0,0,0
8.6793,56839,568620548,1905,0,0,0
8.6893,56840,568630548,1946,0,0,0
8.6999,56841,568640548,1991,0,0,0
8.7093,56842,568650548,1983,0,0,0
8.7193,56843,568660549,1904,0,0,0
8.7301,56844,568670548,1904,0,0,0
8.7392,56845,568680548,1855,0,0,0
8.7492,56846,568690548,1840,0,0,0
8.7592,56847,568700548,1762,0,0,0
8.7693,56848,568710548,1748,0,0,0
8.7793,56849,568720548,1743,0,0,0
8.7892,56850,568730549,1749,0,0,0
8.7992,56851,568740548,1742,0,0,0
8.8094,56852,568750548,1759,0,0,0
8.8194,56853,568760549,1746,0,0,0
8.8294,56854,568770548,1840,0,0,0
8.8392,56855,568780548,1962,0,0,0
8.8493,56856,568790549,2288,0,0,0
8.8592,56857,568800548,2535,0,0,0
8.8693,56858,568810548,2059,0,0,0
8.8794,56859,568820549,1409,0,0,0
8.8892,56860,568830548,1322,0,0,0
8.8994,56861,568840548,1439,0,0,0
8.9094,56862,568850548,1632,0,0,0
8.9193,56863,568860548,1729,0,0,0
8.9293,56864,568870548,1776,0,0,0
8.9392,56865,568880548,1789,0,0,0
8.9493,56866,568890548,1811,0,0,0
8.9593,56867,568900548,1794,0,0,0
8.9693,56868,568910548,1843,0,0,0
8.9793,56869,568920548,1840,0,0,0
8.9892,56870,568930548,1855,0,0,0
8.9993,56871,568940549,1839,0,0,0
9.0092,56872,568950548,1852,0,0,0
9.0193,56873,568960548,1851,0,0,0
9.0293,56874,568970548,1874,0,0,0
9.0393,56875,568980548,1883,0,0,0
9.0493,56876,568990548,1903,0,0,0
9.0594,56877,569000548,1901,0,0,0
9.0693,56878,569010548,1933,0,0,0
9.0793,56879,569020548,1926,0,0,0
9.0892,56880,569030548,1953,0,0,0
9.0994,56881,569040548,1929,0,0,0
9.1093,56882,569050548,1950,0,0,0
9.1194,56883,569060548,1924,0,0,0
9.1294,56884,569070549,1963,0,0,0
9.1393,56885,569080549,1927,0,0,0
9.1494,56886,569090548,1886,0,0,0
9.1592,56887,569100549,1863,0,0,0
9.1694,56888,569110548,1855,0,0,0
9.1793,56889,569120549,1783,0,0,0
9.1894,56890,569130548,1791,0,0,0
9.1995,56891,569140549,1775,0,0,0
9.2094,56892,569150548,1776,0,0,0
9.2192,56893,569160548,1759,0,0,0
9.2294,56894,569170548,1785,0,0,0
9.2393,56895,569180549,1771,0,0,0
9.2492,56896,569190548,1778,0,0,0
9.2592,56897,569200548,1769,0,0,0
9.2694,56898,569210548,1803,0,0,0
9.2792,56899,569220549,1778,0,0,0
9.2892,56900,569230548,1808,0,0,0
9.2993,56901,569240548,1802,0,0,0
9.3092,56902,569250549,1808,0,0,0
9.3194,56903,569260549,1798,0,0,0
9.3294,56904,569270548,1815,0,0,0
9.3393,56905,569280548,1794,0,0,0
9.3494,56906,569290548,1815,0,0,0
9.3593,56907,569300549,1781,0,0,0
9.3693,56908,569310548,1808,0,0,0
9.3794,56909,569320549,1785,0,0,0
9.3893,56910,569330548,1806,0,0,0
9.3995,56911,569340548,1779,0,0,0
9.4092,56912,569350549,1792,0,0,0
9.4193,56913,569360548,1779,0,0,0
9.4294,56914,569370548,1794,0,0,0
9.4393,56915,569380548,1777,0,0,0
9.4493,56916,569390548,1806,0,0,0
9.4593,56917,569400548,1797,0,0,0
9.4695,56918,569410548,1812,0,0,0
9.4792,56919,569420549,1843,0,0,0
9.4893,56920,569430548,1913,0,0,0
9.4996,56921,569440548,1919,0,0,0
9.5097,56922,569450548,1996,0,0,0
9.5195,56923,569460549,1933,0,0,0
9.5293,56924,569470548,1922,0,0,0
9.5394,56925,569480549,1872,0,0,0
9.5493,56926,569490548,1837,0,0,0
9.5592,56927,569500549,1784,0,0,0
9.5694,56928,569510549,1775,0,0,0
9.5792,56929,569520549,1731,0,0,0
9.5892,56930,569530548,1751,0,0,0
9.5995,56931,569540548,1733,0,0,0
9.6092,56932,569550548,1758,0,0,0
9.6192,56933,569560548,1728,0,0,0
9.6294,56934,569570548,1749,0,0,0
9.6392,56935,569580549,1840,0,0,0
9.6493,56936,569590549,1974,0,0,0
9.6593,56937,569600548,2322,0,0,0
9.6695,56938,569610549,2548,0,0,0
9.6793,56939,569620548,1943,0,0,0
9.6893,56940,569630548,1418,0,0,0
9.6995,56941,569640548,1336,0,0,0
9.7092,56942,569650548,1488,0,0,0
9.7194,56943,569660548,1651,0,0,0
9.7293,56944,569670548,1764,0,0,0
9.7394,56945,569680548,1761,0,0,0
9.7497,56946,569690548,1797,0,0,0
9.7593,56947,569700549,1808,0,0,0
9.7696,56948,569710549,1830,0,0,0
9.7792,56949,569720548,1815,0,0,0
9.7893,56950,569730548,1845,0,0,0
9.7995,56951,569740549,1855,0,0,0
9.8093,56952,569750548,1866,0,0,0
9.8193,56953,569760548,1839,0,0,0
9.8294,56954,569770548,1874,0,0,0
9.8392,56955,569780548,1879,0,0,0
9.8493,56956,569790548,1886,0,0,0
9.8594,56957,569800548,1889,0,0,0
9.8694,56958,569810548,1931,0,0,0
9.8794,56959,569820548,1920,0,0,0
9.8893,56960,569830548,1956,0,0,0
9.8994,56961,569840548,1942,0,0,0
9.9094,56962,569850549,1969,0,0,0
9.9193,56963,569860549,1943,0,0,0
9.9293,56964,569870549,1963,0,0,0
9.9393,56965,569880548,1958,0,0,0
9.9492,56966,569890548,1949,0,0,0
9.9593,56967,569900548,1909,0,0,0
9.9724,56968,569910548,1887,0,0,0
9.9793,56969,569920548,1841,0,0,0
9.9893,56970,569930548,1831,0,0,0
9.9993,56971,569940549,1790,0,0,0
10.0092,56972,569950549,1813,0,0,0
10.0246,56973,569960548,1779,0,0,0
10.0292,56974,569970548,1805,0,0,0
10.0405,56975,569980548,1779,0,0,0
10.0574,56976,569990548,1794,0,0,0
10.0599,56977,570000549,1791,0,0,0
10.0692,56978,570010548,1808,0,0,0
10.0814,56979,570020549,1790,0,0,0
10.0893,56980,570030549,1810,0,0,0
10.0992,56981,570040549,1804,0,0,0
10.1091,56982,570050548,1817,0,0,0
10.1193,56983,570060548,1816,0,0,0
10.1292,56984,570070548,1830,0,0,0
10.1392,56985,570080549,1811,0,0,0
10.1492,56986,570090548,1835,0,0,0
10.1592,56987,570100549,1808,0,0,0
10.1693,56988,570110549,1833,0,0,0
10.1792,56989,570120548,1818,0,0,0
10.1892,56990,570130548,1827,0,0,0
10.1994,56991,570140548,1804,0,0,0
10.2117,56992,570150548,1817,0,0,0
10.2259,56993,570160549,1777,0,0,0
10.2398,56994,570170549,1811,0,0,0
10.2416,56995,570180548,1815,0,0,0
10.2510,56996,570190548,1812,0,0,0
10.2593,56997,570200549,1792,0,0,0
10.2697,56998,570210548,1818,0,0,0
10.2793,56999,570220549,1797,0,0,0
10.2895,57000,570230548,1828,0,0,0
10.2992,57001,570240548,1808,0,0,0
10.3092,57002,570250549,1815,0,0,0
10.3194,57003,570260548,1811,0,0,0
10.3293,57004,570270548,1836,0,0,0
10.3392,57005,570280549,1830,0,0,0
10.3494,57006,570290548,1906,0,0,0
10.3591,57007,570300549,1921,0,0,0
10.3695,57008,570310548,1957,0,0,0
10.3793,57009,570320548,1964,0,0,0
10.3913,57010,570330548,1936,0,0,0
10.3998,57011,570340548,1921,0,0,0
10.4171,57012,570350548,1879,0,0,0
10.4254,57013,570360548,1842,0,0,0
10.4293,57014,570370548,1822,0,0,0
10.4393,57015,570380549,1778,0,0,0
10.4506,57016,570390548,1778,0,0,0
10.4592,57017,570400548,1757,0,0,0
10.4694,57018,570410548,1784,0,0,0
10.4792,57019,570420549,1766,0,0,0
10.4895,57020,570430548,1782,0,0,0
10.4995,57021,570440549,1776,0,0,0
10.5093,57022,570450548,1905,0,0,0
10.5200,57023,570460549,1979,0,0,0
10.5296,57024,570470549,2491,0,0,0
10.5393,57025,570480548,2512,0,0,0
10.5495,57026,570490548,1933,0,0,0
10.5592,57027,570500549,1471,0,0,0
10.5765,57028,570510548,1447,0,0,0
10.5793,57029,570520548,1535,0,0,0
10.5940,57030,570530548,1712,0,0,0
10.6041,57031,570540549,1771,0,0,0
10.6092,57032,570550548,1804,0,0,0
10.6239,57033,570560549,1807,0,0,0
10.6300,57034,570570548,1835,0,0,0
10.6392,57035,570580549,1820,0,0,0
10.6492,57036,570590549,1843,0,0,0
10.6592,57037,570600548,1839,0,0,0
10.6693,57038,570610548,1864,0,0,0
10.6792,57039,570620549,1855,0,0,0
10.6893,57040,570630548,1867,0,0,0
10.6992,57041,570640548,1869,0,0,0
10.7092,57042,570650548,1890,0,0,0
10.7193,57043,570660548,1883,0,0,0
10.7292,57044,570670548,1915,0,0,0
10.7395,57045,570680548,1899,0,0,0
10.7493,57046,570690548,1935,0,0,0
10.7630,57047,570700548,1933,0,0,0
10.7714,57048,570710549,1942,0,0,0
10.7792,57049,570720548,1939,0,0,0
10.7909,57050,570730549,1959,0,0,0
10.7999,57051,570740549,1946,0,0,0
10.8091,57052,570750548,1965,0,0,0
10.8192,57053,570760549,1932,0,0,0
10.8293,57054,570770549,1911,0,0,0
10.8392,57055,570780549,1871,0,0,0
10.8493,57056,570790549,1856,0,0,0
10.8592,57057,570800548,1814,0,0,0
10.8693,57058,570810548,1822,0,0,0
10.8792,57059,570820549,1792,0,0,0
10.8892,57060,570830548,1803,0,0,0
10.8992,57061,570840548,1795,0,0,0
10.9092,57062,570850549,1801,0,0,0
10.9194,57063,570860549,1794,0,0,0
10.9293,57064,570870548,1808,0,0,0
10.9393,57065,570880548,1795,0,0,0
10.9492,57066,570890549,1808,0,0,0
10.9592,57067,570900549,1797,0,0,0
10.9693,57068,570910549,1823,0,0,0
10.9796,57069,570920548,1808,0,0,0
10.9893,57070,570930548,1808,0,0,0
10.9992,57071,570940549,1808,0,0,0
11.0092,57072,570950548,1824,0,0,0
11.0192,57073,570960548,1801,0,0,0
11.0292,57074,570970548,1817,0,0,0
11.0392,57075,570980549,1808,0,0,0
11.0493,57076,570990548,1815,0,0,0
11.0594,57077,571000548,1794,0,0,0
11.0693,57078,571010549,1822,0,0,0
11.0792,57079,571020548,1791,0,0,0
11.0894,57080,571030548,1813,0,0,0
11.0992,57081,571040548,1793,0,0,0
11.1092,57082,571050549,1813,0,0,0
11.1193,57083,571060548,1799,0,0,0
11.1293,57084,571070548,1813,0,0,0
11.1394,57085,571080548,1783,0,0,0
11.1494,57086,571090548,1817,0,0,0
11.1592,57087,571100549,1776,0,0,0
11.1697,57088,571110548,1824,0,0,0
11.1793,57089,571120548,1792,0,0,0
11.1892,57090,571130549,1822,0,0,0
11.1995,57091,571140548,1828,0,0,0
11.2092,57092,571150548,1874,0,0,0
11.2192,57093,571160549,1905,0,0,0
11.2291,57094,571170548,1921,0,0,0
11.2393,57095,571180548,1946,0,0,0
11.2493,57096,571190548,1975,0,0,0
11.2593,57097,571200549,1919,0,0,0
11.2692,57098,571210548,1918,0,0,0
11.2793,57099,571220548,1858,0,0,0
11.2892,57100,571230548,1847,0,0,0
11.2993,57101,571240549,1797,0,0,0
11.3091,57102,571250548,1777,0,0,0
11.3192,57103,571260548,1764,0,0,0
11.3293,57104,571270548,1775,0,0,0
11.3391,57105,571280549,1760,0,0,0
11.3492,57106,571290549,1775,0,0,0
11.3592,57107,571300548,1744,0,0,0
11.3692,57108,571310549,1808,0,0,0
11.3792,57109,571320548,1895,0,0,0
11.3892,57110,571330549,2064,0,0,0
11.3993,57111,571340549,2627,0,0,0
11.4092,57112,571350548,2350,0,0,0
11.4192,57113,571360549,1718,0,0,0
11.4292,57114,571370548,1456,0,0,0
11.4392,57115,571380548,1463,0,0,0
11.4492,57116,571390549,1601,0,0,0
11.4592,57117,571400548,1713,0,0,0
11.4700,57118,571410548,1775,0,0,0
11.4792,57119,571420548,1774,0,0,0
11.4892,57120,571430549,1808,0,0,0
11.4994,57121,571440548,1810,0,0,0
11.5097,57122,571450548,1831,0,0,0
11.5193,57123,571460549,1811,0,0,0
11.5293,57124,571470548,1827,0,0,0
11.5395,57125,571480548,1838,0,0,0
11.5492,57126,571490548,1852,0,0,0
11.5593,57127,571500548,1840,0,0,0
11.5694,57128,571510548,1868,0,0,0
11.5792,57129,571520548,1865,0,0,0
11.5893,57130,571530548,1867,0,0,0
11.5994,57131,571540549,1887,0,0,0
11.6092,57132,571550548,1914,0,0,0
11.6193,57133,571560549,1905,0,0,0
11.6292,57134,571570548,1936,0,0,0
11.6392,57135,571580548,1941,0,0,0
11.6493,57136,571590548,1945,0,0,0
11.6592,57137,571600549,1936,0,0,0
11.6691,57138,571610549,1947,0,0,0
11.6794,57139,571620549,1930,0,0,0
11.6891,57140,571630548,1934,0,0,0
11.6994,57141,571640548,1883,0,0,0
11.7093,57142,571650548,1839,0,0,0
11.7205,57143,571660548,1809,0,0,0
11.7293,57144,571670549,1807,0,0,0
11.7393,57145,571680548,1767,0,0,0
11.7491,57146,571690548,1785,0,0,0
11.7593,57147,571700548,1776,0,0,0
11.7695,57148,571710548,1782,0,0,0
11.7792,57149,571720548,1782,0,0,0
11.7892,57150,571730548,1779,0,0,0
11.7993,57151,571740549,1787,0,0,0
11.8092,57152,571750549,1793,0,0,0
11.8192,57153,571760548,1786,0,0,0
11.8294,57154,571770548,1808,0,0,0
11.8392,57155,571780548,1805,0,0,0
11.8491,57156,571790548,1829,0,0,0
11.8595,57157,571800548,1818,0,0,0
11.8693,57158,571810548,1823,0,0,0
11.8793,57159,571820548,1821,0,0,0
11.8895,57160,571830548,1833,0,0,0
11.8993,57161,571840549,1819,0,0,0
11.9092,57162,571850548,1825,0,0,0
11.9194,57163,571860548,1811,0,0,0
11.9293,57164,571870548,1840,0,0,0
11.9393,57165,571880548,1821,0,0,0
11.9493,57166,571890548,1826,0,0,0
11.9592,57167,571900549,1808,0,0,0
11.9695,57168,571910548,1815,0,0,0
11.9794,57169,571920549,1815,0,0,0
11.9892,57170,571930548,1826,0,0,0
11.9993,57171,571940549,1807,0,0,0
12.0094,57172,571950548,1827,0,0,0
12.0193,57173,571960548,1811,0,0,0
12.0293,57174,571970548,1840,0,0,0
12.0393,57175,571980548,1812,0,0,0
12.0492,57176,571990548,1835,0,0,0
12.0592,57177,572000549,1854,0,0,0
12.0693,57178,572010549,1915,0,0,0
12.0793,57179,572020548,1930,0,0,0
12.0893,57180,572030549,1975,0,0,0
12.0994,57181,572040548,1966,0,0,0
12.1092,57182,572050548,1936,0,0,0
12.1192,57183,572060548,1922,0,0,0
12.1291,57184,572070548,1878,0,0,0
12.1392,57185,572080549,1839,0,0,0
12.1494,57186,572090548,1807,0,0,0
12.1593,57187,572100549,1785,0,0,0
12.1692,57188,572110549,1778,0,0,0
12.1792,57189,572120548,1771,0,0,0
12.1893,57190,572130548,1772,0,0,0
12.1992,57191,572140549,1776,0,0,0
12.2093,57192,572150548,1790,0,0,0
12.2195,57193,572160549,1806,0,0,0
12.2294,57194,572170548,1920,0,0,0
12.2392,57195,572180549,2045,0,0,0
12.2493,57196,572190549,2641,0,0,0
12.2593,57197,572200549,2395,0,0,0
12.2693,57198,572210548,1829,0,0,0
12.2792,57199,572220549,1489,0,0,0
12.2892,57200,572230548,1485,0,0,0
12.2992,57201,572240548,1584,0,0,0
12.3092,57202,572250548,1744,0,0,0
12.3192,57203,572260549,1778,0,0,0
12.3293,57204,572270549,1817,0,0,0
12.3395,57205,572280548,1831,0,0,0
12.3492,57206,572290548,1840,0,0,0
12.3592,57207,572300548,1847,0,0,0
12.3692,57208,572310548,1862,0,0,0
12.3792,57209,572320549,1847,0,0,0
12.3892,57210,572330548,1877,0,0,0
12.3994,57211,572340549,1870,0,0,0
12.4091,57212,572350548,1883,0,0,0
12.4192,57213,572360548,1895,0,0,0
12.4294,57214,572370548,1889,0,0,0
12.4391,57215,572380548,1899,0,0,0
12.4492,57216,572390549,1918,0,0,0
12.4593,57217,572400548,1927,0,0,0
12.4697,57218,572410548,1946,0,0,0
12.4793,57219,572420549,1939,0,0,0
12.4892,57220,572430548,1954,0,0,0
12.4992,57221,572440549,1959,0,0,0
12.5097,57222,572450548,1961,0,0,0
12.5194,57223,572460548,1953,0,0,0
12.5292,57224,572470548,1959,0,0,0
12.5393,57225,572480548,1926,0,0,0
12.5493,57226,572490549,1925,0,0,0
12.5592,57227,572500548,1885,0,0,0
12.5692,57228,572510548,1860,0,0,0
12.5793,57229,572520549,1859,0,0,0
12.5892,57230,572530549,1823,0,0,0
12.5993,57231,572540548,1808,0,0,0
12.6093,57232,572550548,1831,0,0,0
12.6192,57233,572560548,1810,0,0,0
12.6292,57234,572570548,1808,0,0,0
12.6392,57235,572580548,1831,0,0,0
12.6494,57236,572590548,1839,0,0,0
12.6592,57237,572600548,1824,0,0,0
12.6693,57238,572610548,1840,0,0,0
12.6792,57239,572620548,1837,0,0,0
12.6894,57240,572630548,1833,0,0,0
12.6992,57241,572640548,1833,0,0,0
12.7092,57242,572650548,1862,0,0,0
12.7211,57243,572660549,1854,0,0,0
12.7292,57244,572670548,1845,0,0,0
12.7392,57245,572680548,1840,0,0,0
12.7493,57246,572690549,1850,0,0,0
12.7592,57247,572700548,1840,0,0,0
12.7692,57248,572710548,1840,0,0,0
12.7793,57249,572720548,1840,0,0,0
12.7892,57250,572730548,1849,0,0,0
12.7994,57251,572740548,1846,0,0,0
12.8094,57252,572750548,1834,0,0,0
12.8192,57253,572760549,1839,0,0,0
12.8293,57254,572770548,1851,0,0,0
12.8393,57255,572780548,1831,0,0,0
12.8493,57256,572790548,1846,0,0,0
12.8591,57257,572800549,1839,0,0,0
12.8696,57258,572810548,1839,0,0,0
12.8793,57259,572820548,1852,0,0,0
12.8892,57260,572830548,1909,0,0,0
12.8993,57261,572840548,1937,0,0,0
12.9093,57262,572850548,1975,0,0,0
12.9193,57263,572860549,2000,0,0,0
12.9294,57264,572870548,1925,0,0,0
12.9392,57265,572880549,1947,0,0,0
12.9491,57266,572890548,1914,0,0,0
12.9594,57267,572900548,1870,0,0,0
12.9718,57268,572910549,1840,0,0,0
12.9792,57269,572920548,1824,0,0,0
12.9892,57270,572930548,1775,0,0,0
12.9992,57271,572940548,1783,0,0,0
13.0093,57272,572950549,1783,0,0,0
13.0197,57273,572960548,1775,0,0,0
13.0293,57274,572970549,1770,0,0,0
13.0391,57275,572980548,1793,0,0,0
13.0493,57276,572990548,1856,0,0,0
13.0592,57277,573000549,1973,0,0,0
13.0693,57278,573010549,2369,0,0,0
13.0792,57279,573020548,2559,0,0,0
13.0892,57280,573030548,2083,0,0,0
13.0992,57281,573040548,1535,0,0,0
13.1093,57282,573050548,1424,0,0,0
13.1193,57283,573060548,1516,0,0,0
13.1293,57284,573070548,1649,0,0,0
13.1394,57285,573080548,1782,0,0,0
13.1491,57286,573090548,1793,0,0,0
13.1592,57287,573100549,1823,0,0,0
13.1692,57288,573110548,1829,0,0,0
13.1792,57289,573120548,1840,0,0,0
13.1893,57290,573130548,1845,0,0,0
13.1993,57291,573140549,1867,0,0,0
13.2093,57292,573150549,1856,0,0,0
13.2196,57293,573160548,1872,0,0,0
13.2292,57294,573170548,1887,0,0,0
13.2392,57295,573180548,1888,0,0,0
13.2493,57296,573190549,1899,0,0,0
13.2593,57297,573200548,1911,0,0,0
13.2692,57298,573210548,1907,0,0,0
13.2793,57299,573220549,1925,0,0,0
13.2892,57300,573230548,1927,0,0,0
13.2994,57301,573240549,1936,0,0,0
13.3092,57302,573250548,1965,0,0,0
13.3191,57303,573260548,1968,0,0,0
13.3292,57304,573270548,1965,0,0,0
13.3391,57305,573280548,1950,0,0,0
13.3491,57306,573290548,1964,0,0,0
13.3592,57307,573300549,1941,0,0,0
13.3693,57308,573310548,1926,0,0,0
13.3792,57309,573320548,1904,0,0,0
13.3892,57310,573330548,1869,0,0,0
13.3994,57311,573340548,1840,0,0,0
13.4092,57312,573350548,1823,0,0,0
13.4191,57313,573360549,1831,0,0,0
13.4293,57314,573370548,1835,0,0,0
13.4391,57315,573380548,1818,0,0,0
13.4492,57316,573390548,1819,0,0,0
13.4593,57317,573400549,1833,0,0,0
13.4714,57318,573410548,1805,0,0,0
13.4791,57319,573420548,1845,0,0,0
13.4899,57320,573430548,1826,0,0,0
13.4993,57321,573440549,1824,0,0,0
13.5094,57322,573450548,1840,0,0,0
13.5198,57323,573460549,1829,0,0,0
13.5296,57324,573470548,1849,0,0,0
13.5393,57325,573480549,1847,0,0,0
13.5496,57326,573490548,1840,0,0,0
13.5592,57327,573500548,1818,0,0,0
13.5692,57328,573510548,1847,0,0,0
13.5792,57329,573520549,1841,0,0,0
13.5892,57330,573530549,1810,0,0,0
13.5993,57331,573540548,1813,0,0,0
13.6093,57332,573550548,1810,0,0,0
13.6192,57333,573560548,1830,0,0,0
13.6291,57334,573570548,1823,0,0,0
13.6393,57335,573580548,1822,0,0,0
13.6493,57336,573590548,1824,0,0,0
13.6593,57337,573600548,1817,0,0,0
13.6693,57338,573610548,1805,0,0,0
13.6793,57339,573620548,1838,0,0,0
13.6891,57340,573630548,1878,0,0,0
13.6992,57341,573640549,1931,0,0,0
13.7092,57342,573650548,1935,0,0,0
13.7192,57343,573660549,1985,0,0,0
13.7294,57344,573670548,1959,0,0,0
13.7392,57345,573680549,1934,0,0,0
13.7493,57346,573690549,1904,0,0,0
13.7591,57347,573700548,1872,0,0,0
13.7691,57348,573710548,1843,0,0,0
13.7793,57349,573720548,1812,0,0,0
13.7893,57350,573730548,1772,0,0,0
13.7994,57351,573740548,1782,0,0,0
13.8093,57352,573750548,1774,0,0,0
13.8193,57353,573760548,1776,0,0,0
13.8291,57354,573770548,1770,0,0,0
13.8393,57355,573780549,1771,0,0,0
13.8492,57356,573790548,1811,0,0,0
13.8593,57357,573800549,1941,0,0,0
13.8693,57358,573810548,2166,0,0,0
13.8792,57359,573820549,2588,0,0,0
13.8892,57360,573830548,2209,0,0,0
13.8994,57361,573840548,1616,0,0,0
13.9092,57362,573850548,1365,0,0,0
13.9193,57363,573860549,1463,0,0,0
13.9293,57364,573870548,1584,0,0,0
13.9392,57365,573880548,1754,0,0,0
13.9494,57366,573890549,1783,0,0,0
13.9592,57367,573900549,1801,0,0,0
13.9693,57368,573910548,1797,0,0,0
13.9793,57369,573920548,1841,0,0,0
13.9893,57370,573930548,1826,0,0,0
13.9991,57371,573940549,1845,0,0,0
14.0092,57372,573950548,1856,0,0,0
14.0192,57373,573960549,1872,0,0,0
14.0291,57374,573970548,1858,0,0,0
14.0393,57375,573980549,1869,0,0,0
14.0493,57376,573990548,1855,0,0,0
14.0593,57377,574000548,1890,0,0,0
14.0693,57378,574010548,1898,0,0,0
14.0791,57379,574020549,1904,0,0,0
14.0892,57380,574030549,1936,0,0,0
14.0992,57381,574040548,1936,0,0,0
14.1092,57382,574050549,1933,0,0,0
14.1193,57383,574060548,1941,0,0,0
14.1292,57384,574070549,1936,0,0,0
14.1391,57385,574080549,1941,0,0,0
14.1493,57386,574090548,1929,0,0,0
14.1593,57387,574100548,1925,0,0,0
14.1692,57388,574110548,1911,0,0,0
14.1793,57389,574120549,1882,0,0,0
14.1892,57390,574130548,1840,0,0,0
14.1991,57391,574140548,1815,0,0,0
14.2093,57392,574150548,1790,0,0,0
14.2193,57393,574160549,1786,0,0,0
14.2292,57394,574170548,1769,0,0,0
14.2394,57395,574180548,1791,0,0,0
14.2492,57396,574190548,1769,0,0,0
14.2592,57397,574200548,1792,0,0,0
14.2692,57398,574210548,1782,0,0,0
14.2791,57399,574220549,1808,0,0,0
14.2893,57400,574230548,1783,0,0,0
14.2993,57401,574240549,1793,0,0,0
14.3092,57402,574250548,1791,0,0,0
14.3193,57403,574260548,1797,0,0,0
14.3293,57404,574270548,1814,0,0,0
14.3392,57405,574280548,1801,0,0,0
14.3493,57406,574290548,1798,0,0,0
14.3591,57407,574300548,1809,0,0,0
14.3692,57408,574310549,1799,0,0,0
14.3793,57409,574320548,1803,0,0,0
14.3893,57410,574330549,1807,0,0,0
14.3994,57411,574340549,1791,0,0,0
14.4094,57412,574350548,1806,0,0,0
14.4193,57413,574360549,1800,0,0,0
14.4292,57414,574370548,1785,0,0,0
14.4393,57415,574380549,1810,0,0,0
14.4493,57416,574390548,1782,0,0,0
14.4592,57417,574400549,1801,0,0,0
14.4706,57418,574410548,1791,0,0,0
14.4792,57419,574420548,1808,0,0,0
14.4896,57420,574430549,1815,0,0,0
14.4993,57421,574440548,1894,0,0,0
14.5100,57422,574450548,1918,0,0,0
14.5194,57423,574460549,1957,0,0,0
14.5293,57424,574470548,1955,0,0,0
14.5392,57425,574480548,1920,0,0,0
14.5492,57426,574490548,1907,0,0,0
14.5593,57427,574500548,1856,0,0,0
14.5692,57428,574510548,1842,0,0,0
14.5792,57429,574520548,1799,0,0,0
14.5892,57430,574530549,1758,0,0,0
14.5992,57431,574540548,1751,0,0,0
14.6092,57432,574550548,1739,0,0,0
14.6193,57433,574560548,1744,0,0,0
14.6291,57434,574570548,1752,0,0,0
14.6391,57435,574580548,1750,0,0,0
14.6493,57436,574590548,1777,0,0,0
14.6591,57437,574600548,1894,0,0,0
14.6692,57438,574610548,1993,0,0,0
14.6793,57439,574620549,2539,0,0,0
14.6891,57440,574630548,2393,0,0,0
14.6991,57441,574640549,1790,0,0,0
14.7093,57442,574650548,1391,0,0,0
14.7220,57443,574660549,1398,0,0,0
14.7292,57444,574670548,1520,0,0,0
14.7392,57445,574680549,1727,0,0,0
14.7491,57446,574690548,1763,0,0,0
14.7591,57447,574700548,1794,0,0,0
14.7693,57448,574710548,1787,0,0,0
14.7792,57449,574720548,1819,0,0,0
14.7891,57450,574730548,1808,0,0,0
14.7993,57451,574740548,1847,0,0,0
14.8092,57452,574750549,1840,0,0,0
14.8192,57453,574760548,1859,0,0,0
14.8293,57454,574770548,1865,0,0,0
14.8392,57455,574780548,1857,0,0,0
14.8491,57456,574790549,1869,0,0,0
14.8593,57457,574800549,1885,0,0,0
14.8692,57458,574810548,1887,0,0,0
14.8793,57459,574820548,1902,0,0,0
14.8891,57460,574830548,1904,0,0,0
14.8993,57461,574840549,1941,0,0,0
14.9092,57462,574850548,1951,0,0,0
14.9193,57463,574860548,1967,0,0,0
14.9293,57464,574870548,1940,0,0,0
14.9392,57465,574880549,1953,0,0,0
14.9494,57466,574890548,1954,0,0,0
14.9592,57467,574900549,1963,0,0,0
14.9692,57468,574910548,1919,0,0,0
14.9797,57469,574920549,1905,0,0,0
14.9894,57470,574930549,1861,0,0,0
14.9992,57471,574940548,1835,0,0,0
15.0094,57472,574950548,1797,0,0,0
15.0192,57473,574960548,1807,0,0,0
15.0291,57474,574970548,1782,0,0,0
15.0392,57475,574980548,1794,0,0,0
15.0494,57476,574990548,1776,0,0,0
15.0593,57477,575000548,1793,0,0,0
15.0693,57478,575010548,1769,0,0,0
15.0793,57479,575020548,1797,0,0,0
15.0892,57480,575030548,1792,0,0,0
15.0993,57481,575040549,1803,0,0,0
15.1093,57482,575050549,1801,0,0,0
15.1193,57483,575060548,1806,0,0,0
15.1291,57484,575070548,1818,0,0,0
15.1395,57485,575080549,1806,0,0,0
15.1493,57486,575090548,1805,0,0,0
15.1593,57487,575100549,1820,0,0,0
15.1694,57488,575110548,1803,0,0,0
15.1794,57489,575120548,1830,0,0,0
15.1893,57490,575130549,1805,0,0,0
15.1992,57491,575140548,1805,0,0,0
15.2093,57492,575150548,1803,0,0,0
15.2194,57493,575160548,1826,0,0,0
15.2334,57494,575170548,1808,0,0,0
15.2393,57495,575180548,1824,0,0,0
15.2494,57496,575190548,1791,0,0,0
15.2592,57497,575200548,1824,0,0,0
15.2691,57498,575210548,1810,0,0,0
15.2792,57499,575220549,1809,0,0,0
15.2891,57500,575230548,1808,0,0,0
15.2993,57501,575240548,1826,0,0,0
15.3093,57502,575250548,1809,0,0,0
15.3193,57503,575260549,1831,0,0,0
15.3292,57504,575270549,1843,0,0,0
15.3393,57505,575280548,1920,0,0,0
15.3491,57506,575290549,1920,0,0,0
15.3592,57507,575300548,1971,0,0,0
15.3694,57508,575310548,1949,0,0,0
15.3793,57509,575320548,1913,0,0,0
15.3891,57510,575330548,1904,0,0,0
15.3993,57511,575340548,1874,0,0,0
15.4093,57512,575350548,1833,0,0,0
15.4192,57513,575360548,1793,0,0,0
15.4292,57514,575370548,1753,0,0,0
15.4392,57515,575380548,1775,0,0,0
15.4493,57516,575390548,1758,0,0,0
15.4592,57517,575400548,1770,0,0,0
15.4694,57518,575410548,1744,0,0,0
15.4792,57519,575420549,1771,0,0,0
15.4894,57520,575430548,1779,0,0,0
15.4995,57521,575440548,1920,0,0,0
15.5095,57522,575450548,2057,0,0,0
15.5194,57523,575460548,2630,0,0,0
15.5294,57524,575470548,2333,0,0,0
15.5391,57525,575480548,1714,0,0,0
15.5494,57526,575490548,1414,0,0,0
15.5591,57527,575500549,1457,0,0,0
15.5692,57528,575510548,1573,0,0,0
15.5794,57529,575520549,1744,0,0,0
15.5891,57530,575530548,1761,0,0,0
15.5993,57531,575540549,1792,0,0,0
15.6094,57532,575550548,1795,0,0,0
15.6194,57533,575560548,1827,0,0,0
15.6291,57534,575570548,1817,0,0,0
15.6394,57535,575580549,1849,0,0,0
15.6494,57536,575590548,1829,0,0,0
15.6592,57537,575600549,1854,0,0,0
15.6692,57538,575610549,1859,0,0,0
15.6792,57539,575620549,1875,0,0,0
15.6891,57540,575630548,1863,0,0,0
15.6994,57541,575640549,1887,0,0,0
15.7095,57542,575650548,1870,0,0,0
15.7204,57543,575660548,1910,0,0,0
15.7294,57544,575670548,1907,0,0,0
15.7392,57545,575680549,1935,0,0,0
15.7493,57546,575690549,1946,0,0,0
15.7592,57547,575700548,1971,0,0,0
15.7692,57548,575710548,1953,0,0,0
15.7792,57549,575720548,1973,0,0,0
15.7894,57550,575730548,1955,0,0,0
15.7994,57551,575740548,1953,0,0,0
15.8091,57552,575750548,1918,0,0,0
15.8191,57553,575760548,1911,0,0,0
15.8292,57554,575770548,1845,0,0,0
15.8392,57555,575780548,1850,0,0,0
15.8492,57556,575790548,1808,0,0,0
15.8592,57557,575800549,1808,0,0,0
15.8694,57558,575810548,1789,0,0,0
15.8792,57559,575820549,1799,0,0,0
15.8891,57560,575830548,1778,0,0,0
15.8992,57561,575840548,1791,0,0,0
15.9094,57562,575850548,1769,0,0,0
15.9193,57563,575860548,1820,0,0,0
15.9293,57564,575870548,1791,0,0,0
15.9394,57565,575880549,1810,0,0,0
15.9492,57566,575890548,1805,0,0,0
15.9593,57567,575900549,1816,0,0,0
15.9730,57568,575910549,1809,0,0,0
15.9791,57569,575920548,1824,0,0,0
15.9892,57570,575930549,1805,0,0,0
15.9994,57571,575940549,1839,0,0,0
16.0091,57572,575950548,1815,0,0,0
16.0192,57573,575960548,1835,0,0,0
16.0294,57574,575970548,1817,0,0,0
16.0392,57575,575980548,1831,0,0,0
16.0492,57576,575990548,1811,0,0,0
16.0594,57577,576000548,1833,0,0,0
16.0691,57578,576010548,1808,0,0,0
16.0791,57579,576020549,1823,0,0,0
16.0892,57580,576030548,1795,0,0,0
16.0992,57581,576040549,1819,0,0,0
16.1091,57582,576050548,1802,0,0,0
16.1194,57583,576060548,1808,0,0,0
16.1293,57584,576070548,1811,0,0,0
16.1392,57585,576080549,1822,0,0,0
16.1492,57586,576090548,1808,0,0,0
16.1594,57587,576100549,1818,0,0,0
16.1695,57588,576110548,1805,0,0,0
16.1793,57589,576120548,1873,0,0,0
16.1893,57590,576130548,1897,0,0,0
16.1992,57591,576140548,1945,0,0,0
16.2093,57592,576150548,1962,0,0,0
16.2194,57593,576160549,1950,0,0,0
16.2295,57594,576170548,1925,0,0,0
16.2394,57595,576180548,1907,0,0,0
16.2493,57596,576190548,1843,0,0,0
16.2593,57597,576200549,1847,0,0,0
16.2692,57598,576210548,1797,0,0,0
16.2792,57599,576220548,1781,0,0,0
16.2891,57600,576230548,1776,0,0,0
16.2995,57601,576240549,1795,0,0,0
16.3091,57602,576250548,1780,0,0,0
16.3194,57603,576260548,1785,0,0,0
16.3294,57604,576270548,1779,0,0,0
16.3395,57605,576280548,1849,0,0,0
16.3494,57606,576290549,1927,0,0,0
16.3592,57607,576300548,2201,0,0,0
16.3692,57608,576310548,2679,0,0,0
16.3791,57609,576320549,2259,0,0,0
16.3895,57610,576330549,1644,0,0,0
16.3994,57611,576340549,1474,0,0,0
16.4092,57612,576350549,1503,0,0,0
16.4192,57613,576360549,1654,0,0,0
16.4293,57614,576370548,1776,0,0,0
16.4390,57615,576380548,1824,0,0,0
16.4493,57616,576390549,1823,0,0,0
16.4593,57617,576400549,1851,0,0,0
16.4715,57618,576410549,1840,0,0,0
16.4794,57619,576420548,1875,0,0,0
16.4892,57620,576430548,1858,0,0,0
16.4994,57621,576440549,1874,0,0,0
16.5094,57622,576450548,1875,0,0,0
16.5194,57623,576460549,1890,0,0,0
16.5292,57624,576470548,1893,0,0,0
16.5392,57625,576480549,1927,0,0,0
16.5493,57626,576490548,1911,0,0,0
16.5592,57627,576500548,1938,0,0,0
16.5691,57628,576510548,1924,0,0,0
16.5791,57629,576520549,1957,0,0,0
16.5892,57630,576530549,1951,0,0,0
16.5992,57631,576540549,1983,0,0,0
16.6093,57632,576550548,1973,0,0,0
16.6194,57633,576560549,1989,0,0,0
16.6291,57634,576570548,1978,0,0,0
16.6391,57635,576580549,1994,0,0,0
16.6494,57636,576590548,1955,0,0,0
16.6593,57637,576600548,1958,0,0,0
16.6692,57638,576610548,1917,0,0,0
16.6793,57639,576620549,1906,0,0,0
16.6891,57640,576630548,1840,0,0,0
16.6993,57641,576640548,1872,0,0,0
16.7093,57642,576650548,1822,0,0,0
16.7202,57643,576660549,1809,0,0,0
16.7293,57644,576670548,1820,0,0,0
16.7391,57645,576680549,1837,0,0,0
16.7493,57646,576690548,1834,0,0,0
16.7592,57647,576700548,1827,0,0,0
16.7692,57648,576710548,1845,0,0,0
16.7792,57649,576720548,1855,0,0,0
16.7894,57650,576730549,1840,0,0,0
16.7990,57651,576740548,1859,0,0,0
16.8093,57652,576750549,1851,0,0,0
16.8194,57653,576760549,1868,0,0,0
16.8292,57654,576770548,1857,0,0,0
16.8391,57655,576780549,1872,0,0,0
16.8492,57656,576790548,1857,0,0,0
16.8591,57657,576800549,1872,0,0,0
16.8691,57658,576810549,1856,0,0,0
16.8792,57659,576820548,1855,0,0,0
16.8892,57660,576830548,1853,0,0,0
16.8991,57661,576840549,1866,0,0,0
16.9092,57662,576850548,1847,0,0,0
16.9191,57663,576860548,1873,0,0,0
16.9291,57664,576870548,1840,0,0,0
16.9392,57665,576880548,1856,0,0,0
16.9493,57666,576890548,1852,0,0,0
16.9591,57667,576900548,1850,0,0,0
16.9692,57668,576910548,1846,0,0,0
16.9791,57669,576920549,1859,0,0,0
16.9891,57670,576930548,1850,0,0,0
16.9992,57671,576940549,1892,0,0,0
17.0093,57672,576950548,1930,0,0,0
17.0193,57673,576960548,1968,0,0,0
17.0292,57674,576970549,1969,0,0,0
17.0392,57675,576980548,2013,0,0,0
17.0493,57676,576990548,1951,0,0,0
17.0592,57677,577000549,1947,0,0,0
17.0692,57678,577010548,1878,0,0,0
17.0791,57679,577020548,1879,0,0,0
17.0892,57680,577030549,1819,0,0,0
17.0992,57681,577040548,1808,0,0,0
17.1092,57682,577050548,1786,0,0,0
17.1193,57683,577060548,1791,0,0,0
17.1292,57684,577070548,1771,0,0,0
17.1391,57685,577080548,1782,0,0,0
17.1493,57686,577090548,1782,0,0,0
17.1593,57687,577100548,1805,0,0,0
17.1693,57688,577110548,1904,0,0,0
17.1794,57689,577120549,2034,0,0,0
17.1892,57690,577130548,2555,0,0,0
17.1991,57691,577140548,2446,0,0,0
17.2093,57692,577150548,1843,0,0,0
17.2213,57693,577160548,1471,0,0,0
17.2309,57694,577170548,1429,0,0,0
17.2394,57695,577180549,1566,0,0,0
17.2493,57696,577190548,1713,0,0,0
17.2594,57697,577200548,1801,0,0,0
17.2694,57698,577210548,1793,0,0,0
17.2794,57699,577220548,1823,0,0,0
17.2893,57700,577230548,1834,0,0,0
17.2994,57701,577240548,1851,0,0,0
17.3092,57702,577250548,1836,0,0,0
17.3194,57703,577260549,1866,0,0,0
17.3291,57704,577270548,1869,0,0,0
17.3392,57705,577280549,1877,0,0,0
17.3493,57706,577290548,1863,0,0,0
17.3591,57707,577300548,1898,0,0,0
17.3693,57708,577310548,1903,0,0,0
17.3792,57709,577320548,1910,0,0,0
17.3893,57710,577330548,1916,0,0,0
17.3991,57711,577340548,1923,0,0,0
17.4093,57712,577350549,1927,0,0,0
17.4193,57713,577360548,1953,0,0,0
17.4293,57714,577370549,1956,0,0,0
17.4394,57715,577380548,1959,0,0,0
17.4493,57716,577390549,1964,0,0,0
17.4592,57717,577400548,1965,0,0,0
17.4693,57718,577410548,1940,0,0,0
17.4802,57719,577420548,1941,0,0,0
17.4893,57720,577430548,1891,0,0,0
17.4997,57721,577440548,1892,0,0,0
17.5094,57722,577450548,1847,0,0,0
17.5192,57723,577460548,1835,0,0,0
17.5291,57724,577470548,1822,0,0,0
17.5393,57725,577480548,1815,0,0,0
17.5492,57726,577490548,1802,0,0,0
17.5592,57727,577500548,1812,0,0,0
17.5692,57728,577510548,1806,0,0,0
17.5791,57729,577520548,1822,0,0,0
17.5891,57730,577530548,1815,0,0,0
17.5993,57731,577540549,1813,0,0,0
17.6092,57732,577550549,1815,0,0,0
17.6191,57733,577560548,1824,0,0,0
17.6292,57734,577570548,1827,0,0,0
17.6393,57735,577580549,1827,0,0,0
17.6493,57736,577590548,1821,0,0,0
17.6592,57737,577600549,1840,0,0,0
17.6692,57738,577610549,1837,0,0,0
17.6793,57739,577620548,1840,0,0,0
17.6892,57740,577630548,1840,0,0,0
17.6991,57741,577640549,1830,0,0,0
17.7092,57742,577650548,1808,0,0,0
17.7215,57743,577660548,1834,0,0,0
17.7293,57744,577670548,1823,0,0,0
17.7393,57745,577680548,1824,0,0,0
17.7493,57746,577690548,1807,0,0,0
17.7592,57747,577700548,1825,0,0,0
17.7692,57748,577710548,1823,0,0,0
17.7793,57749,577720549,1830,0,0,0
17.7892,57750,577730548,1819,0,0,0
17.7993,57751,577740548,1829,0,0,0
17.8092,57752,577750549,1823,0,0,0
17.8193,57753,577760548,1872,0,0,0
17.8293,57754,577770548,1933,0,0,0
17.8395,57755,577780549,1942,0,0,0
17.8492,57756,577790549,1979,0,0,0
17.8592,57757,577800548,1958,0,0,0
17.8692,57758,577810548,1922,0,0,0
17.8794,57759,577820548,1891,0,0,0
17.8892,57760,577830548,1846,0,0,0
17.8995,57761,577840549,1836,0,0,0
17.9091,57762,577850549,1779,0,0,0
17.9194,57763,577860549,1766,0,0,0
17.9292,57764,577870548,1753,0,0,0
17.9393,57765,577880548,1758,0,0,0
17.9494,57766,577890548,1757,0,0,0
17.9592,57767,577900548,1754,0,0,0
17.9692,57768,577910548,1771,0,0,0
17.9793,57769,577920548,1823,0,0,0
17.9893,57770,577930548,1939,0,0,0
17.9992,57771,577940549,2188,0,0,0
18.0092,57772,577950549,2608,0,0,0
18.0192,57773,577960549,2179,0,0,0
18.0291,57774,577970548,1574,0,0,0
18.0392,57775,577980548,1407,0,0,0
18.0491,57776,577990549,1458,0,0,0
18.0592,57777,578000549,1617,0,0,0
18.0692,57778,578010548,1744,0,0,0
18.0793,57779,578020549,1779,0,0,0
18.0892,57780,578030549,1781,0,0,0
18.0992,57781,578040548,1808,0,0,0
18.1092,57782,578050548,1816,0,0,0
18.1191,57783,578060548,1826,0,0,0
18.1292,57784,578070548,1836,0,0,0
18.1393,57785,578080548,1849,0,0,0
18.1493,57786,578090548,1858,0,0,0
18.1592,57787,578100549,1839,0,0,0
18.1696,57788,578110548,1856,0,0,0
18.1792,57789,578120548,1859,0,0,0
18.1892,57790,578130548,1882,0,0,0
18.1993,57791,578140549,1888,0,0,0
18.2091,57792,578150548,1898,0,0,0
18.2192,57793,578160548,1918,0,0,0
18.2302,57794,578170548,1927,0,0,0
18.2391,57795,578180548,1942,0,0,0
18.2493,57796,578190548,1941,0,0,0
18.2593,57797,578200549,1954,0,0,0
18.2691,57798,578210548,1955,0,0,0
18.2793,57799,578220548,1952,0,0,0
18.2891,57800,578230548,1924,0,0,0
18.2993,57801,578240549,1918,0,0,0
18.3092,57802,578250548,1879,0,0,0
18.3192,57803,578260548,1836,0,0,0
18.3292,57804,578270548,1818,0,0,0
18.3394,57805,578280548,1807,0,0,0
18.3493,57806,578290548,1795,0,0,0
18.3592,57807,578300548,1783,0,0,0
18.3693,57808,578310548,1787,0,0,0
18.3790,57809,578320548,1778,0,0,0
18.3892,57810,578330548,1782,0,0,0
18.3994,57811,578340548,1799,0,0,0
18.4092,57812,578350548,1788,0,0,0
18.4190,57813,578360548,1791,0,0,0
18.4293,57814,578370548,1799,0,0,0
18.4391,57815,578380548,1812,0,0,0
18.4492,57816,578390549,1804,0,0,0
18.4593,57817,578400549,1798,0,0,0
18.4698,57818,578410548,1812,0,0,0
18.4791,57819,578420549,1826,0,0,0
18.4892,57820,578430548,1811,0,0,0
18.4997,57821,578440549,1819,0,0,0
18.5093,57822,578450548,1818,0,0,0
18.5193,57823,578460548,1814,0,0,0
18.5292,57824,578470549,1808,0,0,0
18.5392,57825,578480548,1797,0,0,0
18.5493,57826,578490548,1802,0,0,0
18.5594,57827,578500548,1821,0,0,0
18.5691,57828,578510548,1808,0,0,0
18.5792,57829,578520548,1802,0,0,0
18.5893,57830,578530549,1808,0,0,0
18.5993,57831,578540549,1814,0,0,0
18.6092,57832,578550549,1816,0,0,0
18.6190,57833,578560548,1808,0,0,0
18.6293,57834,578570548,1819,0,0,0
18.6391,57835,578580549,1805,0,0,0
18.6492,57836,578590548,1821,0,0,0
18.6592,57837,578600548,1824,0,0,0
18.6693,57838,578610548,1829,0,0,0
18.6792,57839,578620548,1894,0,0,0
18.6891,57840,578630548,1936,0,0,0
18.6994,57841,578640548,1936,0,0,0
18.7092,57842,578650549,1985,0,0,0
18.7216,57843,578660549,1927,0,0,0
18.7292,57844,578670549,1934,0,0,0
18.7391,57845,578680549,1898,0,0,0
18.7492,57846,578690548,1866,0,0,0
18.7592,57847,578700548,1817,0,0,0
18.7691,57848,578710548,1792,0,0,0
18.7791,57849,578720549,1776,0,0,0
18.7892,57850,578730548,1769,0,0,0
18.7991,57851,578740548,1767,0,0,0
18.8091,57852,578750548,1765,0,0,0
18.8193,57853,578760548,1761,0,0,0
18.8291,57854,578770548,1773,0,0,0
18.8392,57855,578780549,1851,0,0,0
18.8492,57856,578790548,1954,0,0,0
18.8591,57857,578800548,2305,0,0,0
18.8691,57858,578810548,2605,0,0,0
18.8792,57859,578820548,2079,0,0,0
18.8891,57860,578830548,1524,0,0,0
18.8991,57861,578840549,1401,0,0,0
18.9091,57862,578850548,1508,0,0,0
18.9192,57863,578860548,1658,0,0,0
18.9291,57864,578870548,1769,0,0,0
18.9392,57865,578880548,1790,0,0,0
18.9492,57866,578890549,1812,0,0,0
18.9591,57867,578900548,1813,0,0,0
18.9693,57868,578910548,1827,0,0,0
18.9790,57869,578920548,1835,0,0,0
18.9891,57870,578930548,1849,0,0,0
18.9995,57871,578940548,1847,0,0,0
19.0090,57872,578950548,1850,0,0,0
19.0192,57873,578960548,1870,0,0,0
19.0292,57874,578970548,1883,0,0,0
19.0392,57875,578980549,1875,0,0,0
19.0491,57876,578990548,1887,0,0,0
19.0592,57877,579000548,1882,0,0,0
19.0692,57878,579010549,1902,0,0,0
19.0790,57879,579020548,1904,0,0,0
19.0890,57880,579030548,1923,0,0,0
19.0992,57881,579040548,1933,0,0,0
19.1091,57882,579050548,1957,0,0,0
19.1192,57883,579060548,1936,0,0,0
19.1290,57884,579070548,1957,0,0,0
19.1390,57885,579080548,1924,0,0,0
19.1493,57886,579090548,1926,0,0,0
19.1590,57887,579100549,1904,0,0,0
19.1691,57888,579110548,1875,0,0,0
19.1791,57889,579120549,1834,0,0,0
19.1891,57890,579130549,1814,0,0,0
19.1992,57891,579140548,1792,0,0,0
19.2091,57892,579150548,1802,0,0,0
19.2199,57893,579160549,1776,0,0,0
19.2290,57894,579170548,1787,0,0,0
19.2392,57895,579180549,1781,0,0,0
19.2491,57896,579190548,1788,0,0,0
19.2591,57897,579200549,1783,0,0,0
19.2692,57898,579210549,1801,0,0,0
19.2790,57899,579220548,1783,0,0,0
19.2891,57900,579230548,1807,0,0,0
19.2993,57901,579240548,1794,0,0,0
19.3091,57902,579250549,1808,0,0,0
19.3191,57903,579260548,1799,0,0,0
19.3292,57904,579270549,1811,0,0,0
19.3391,57905,579280548,1840,0,0,0
19.3491,57906,579290549,1825,0,0,0
19.3591,57907,579300548,1814,0,0,0
19.3692,57908,579310548,1818,0,0,0
19.3791,57909,579320548,1813,0,0,0
19.3892,57910,579330548,1829,0,0,0
19.3992,57911,579340548,1808,0,0,0
19.4092,57912,579350549,1813,0,0,0
19.4192,57913,579360548,1805,0,0,0
19.4291,57914,579370548,1809,0,0,0
19.4392,57915,579380549,1802,0,0,0
19.4494,57916,579390548,1826,0,0,0
19.4592,57917,579400549,1810,0,0,0
19.4697,57918,579410549,1809,0,0,0
19.4792,57919,579420548,1808,0,0,0
19.4892,57920,579430548,1829,0,0,0
19.4992,57921,579440548,1807,0,0,0
19.5094,57922,579450548,1830,0,0,0
19.5191,57923,579460549,1809,0,0,0
19.5294,57924,579470548,1827,0,0,0
19.5392,57925,579480548,1814,0,0,0
19.5492,57926,579490548,1855,0,0,0
19.5591,57927,579500548,1895,0,0,0
19.5692,57928,579510548,1936,0,0,0
19.5791,57929,579520548,1951,0,0,0
19.5892,57930,579530548,1986,0,0,0
19.5991,57931,579540548,1924,0,0,0
19.6090,57932,579550548,1968,0,0,0
19.6192,57933,579560549,1866,0,0,0
19.6292,57934,579570548,1859,0,0,0
19.6391,57935,579580548,1808,0,0,0
19.6493,57936,579590548,1795,0,0,0
19.6593,57937,579600548,1776,0,0,0
19.6692,57938,579610548,1773,0,0,0
19.6792,57939,579620549,1759,0,0,0
19.6892,57940,579630548,1771,0,0,0
19.6991,57941,579640549,1771,0,0,0
19.7092,57942,579650548,1805,0,0,0
19.7211,57943,579660549,1906,0,0,0
19.7293,57944,579670548,2021,0,0,0
19.7392,57945,579680548,2559,0,0,0
19.7491,57946,579690548,2471,0,0,0
19.7591,57947,579700549,1815,0,0,0
19.7692,57948,579710548,1471,0,0,0
19.7793,57949,579720548,1456,0,0,0
19.7896,57950,579730548,1583,0,0,0
19.7992,57951,579740548,1722,0,0,0
19.8094,57952,579750548,1791,0,0,0
19.8191,57953,579760548,1798,0,0,0
19.8291,57954,579770548,1831,0,0,0
19.8393,57955,579780549,1823,0,0,0
19.8491,57956,579790548,1845,0,0,0
19.8591,57957,579800549,1833,0,0,0
19.8691,57958,579810549,1851,0,0,0
19.8791,57959,579820548,1850,0,0,0
19.8891,57960,579830548,1875,0,0,0
19.8992,57961,579840549,1867,0,0,0
19.9093,57962,579850548,1885,0,0,0
19.9191,57963,579860548,1872,0,0,0
19.9292,57964,579870549,1904,0,0,0
19.9392,57965,579880548,1901,0,0,0
19.9492,57966,579890549,1935,0,0,0
19.9591,57967,579900548,1927,0,0,0
19.9690,57968,579910548,1968,0,0,0
19.9794,57969,579920548,1947,0,0,0
19.9893,57970,579930548,1968,0,0,0
19.9990,57971,579940548,1956,0,0,0
20.0152,57972,579950548,1977,0,0,0
20.0191,57973,579960548,1955,0,0,0
20.0336,57974,579970548,1956,0,0,0
20.0427,57975,579980549,1911,0,0,0
20.0498,57976,579990548,1899,0,0,0
20.0611,57977,580000549,1851,0,0,0
20.0709,57978,580010548,1839,0,0,0
20.0791,57979,580020549,1799,0,0,0
20.0890,57980,580030548,1806,0,0,0
20.0993,57981,580040549,1783,0,0,0
20.1091,57982,580050548,1803,0,0,0
20.1192,57983,580060549,1788,0,0,0
20.1292,57984,580070548,1795,0,0,0
20.1391,57985,580080548,1781,0,0,0
20.1492,57986,580090548,1824,0,0,0
20.1591,57987,580100549,1807,0,0,0
20.1691,57988,580110549,1812,0,0,0
20.1874,57989,580120548,1803,0,0,0
20.1896,57990,580130548,1825,0,0,0
20.2046,57991,580140549,1796,0,0,0
20.2152,57992,580150548,1824,0,0,0
20.2229,57993,580160548,1801,0,0,0
20.2298,57994,580170548,1824,0,0,0
20.2394,57995,580180549,1807,0,0,0
20.2535,57996,580190548,1811,0,0,0
20.2594,57997,580200549,1817,0,0,0
20.2691,57998,580210548,1822,0,0,0
20.2793,57999,580220549,1802,0,0,0
20.2890,58000,580230548,1827,0,0,0
20.2990,58001,580240548,1806,0,0,0
20.3091,58002,580250548,1811,0,0,0
20.3193,58003,580260549,1795,0,0,0
20.3292,58004,580270548,1817,0,0,0
20.3392,58005,580280548,1805,0,0,0
20.3491,58006,580290548,1820,0,0,0
20.3599,58007,580300548,1801,0,0,0
20.3717,58008,580310548,1821,0,0,0
20.3791,58009,580320548,1803,0,0,0
20.3963,58010,580330548,1812,0,0,0
20.4025,58011,580340548,1807,0,0,0
20.4091,58012,580350548,1825,0,0,0
20.4242,58013,580360548,1831,0,0,0
20.4291,58014,580370549,1900,0,0,0
20.4391,58015,580380548,1919,0,0,0
20.4492,58016,580390548,1966,0,0,0
20.4592,58017,580400549,1958,0,0,0
20.4701,58018,580410548,1921,0,0,0
20.4791,58019,580420549,1893,0,0,0
20.4894,58020,580430548,1874,0,0,0
20.4991,58021,580440549,1821,0,0,0
20.5094,58022,580450548,1808,0,0,0
20.5191,58023,580460548,1774,0,0,0
20.5291,58024,580470548,1771,0,0,0
20.5392,58025,580480548,1746,0,0,0
20.5490,58026,580490549,1774,0,0,0
20.5590,58027,580500548,1765,0,0,0
20.5692,58028,580510548,1776,0,0,0
20.5802,58029,580520548,1795,0,0,0
20.5891,58030,580530548,1913,0,0,0
20.6022,58031,580540548,2027,0,0,0
20.6102,58032,580550548,2635,0,0,0
20.6192,58033,580560548,2421,0,0,0
20.6291,58034,580570548,1791,0,0,0
20.6390,58035,580580549,1466,0,0,0
20.6491,58036,580590548,1489,0,0,0
20.6592,58037,580600548,1575,0,0,0
20.6692,58038,580610549,1750,0,0,0
20.6792,58039,580620548,1774,0,0,0
20.6891,58040,580630548,1809,0,0,0
20.6991,58041,580640548,1801,0,0,0
20.7101,58042,580650548,1837,0,0,0
20.7191,58043,580660548,1830,0,0,0
20.7332,58044,580670549,1853,0,0,0
20.7424,58045,580680548,1840,0,0,0
20.7550,58046,580690548,1870,0,0,0
20.7603,58047,580700548,1861,0,0,0
20.7691,58048,580710548,1883,0,0,0
20.7818,58049,580720549,1876,0,0,0
20.7891,58050,580730548,1906,0,0,0
20.7992,58051,580740548,1904,0,0,0
20.8091,58052,580750548,1936,0,0,0
20.8191,58053,580760548,1920,0,0,0
20.8291,58054,580770549,1968,0,0,0
20.8395,58055,580780549,1959,0,0,0
20.8491,58056,580790548,1987,0,0,0
20.8591,58057,580800548,1972,0,0,0
20.8691,58058,580810548,1999,0,0,0
20.8791,58059,580820549,1986,0,0,0
20.8891,58060,580830548,2000,0,0,0
20.8994,58061,580840549,1961,0,0,0
20.9090,58062,580850548,1945,0,0,0
20.9192,58063,580860549,1882,0,0,0
20.9292,58064,580870549,1869,0,0,0
20.9391,58065,580880549,1831,0,0,0
20.9490,58066,580890549,1819,0,0,0
20.9592,58067,580900548,1795,0,0,0
20.9690,58068,580910548,1812,0,0,0
20.9791,58069,580920548,1801,0,0,0
20.9892,58070,580930548,1799,0,0,0
20.9991,58071,580940548,1788,0,0,0
21.0093,58072,580950549,1819,0,0,0
21.0192,58073,580960548,1813,0,0,0
21.0291,58074,580970548,1819,0,0,0
21.0391,58075,580980549,1805,0,0,0
21.0490,58076,580990549,1825,0,0,0
21.0591,58077,581000548,1825,0,0,0
21.0691,58078,581010549,1847,0,0,0
21.0794,58079,581020548,1834,0,0,0
21.0891,58080,581030548,1840,0,0,0
21.0992,58081,581040548,1827,0,0,0
21.1091,58082,581050548,1855,0,0,0
21.1192,58083,581060548,1840,0,0,0
21.1291,58084,581070548,1846,0,0,0
21.1394,58085,581080549,1834,0,0,0
21.1492,58086,581090548,1845,0,0,0
21.1590,58087,581100548,1833,0,0,0
21.1696,58088,581110549,1838,0,0,0
21.1791,58089,581120548,1824,0,0,0
21.1891,58090,581130548,1840,0,0,0
21.1992,58091,581140548,1830,0,0,0
21.2091,58092,581150549,1840,0,0,0
21.2195,58093,581160548,1833,0,0,0
21.2302,58094,581170548,1837,0,0,0
21.2392,58095,581180548,1815,0,0,0
21.2495,58096,581190548,1821,0,0,0
21.2592,58097,581200548,1838,0,0,0
21.2691,58098,581210548,1891,0,0,0
21.2791,58099,581220548,1915,0,0,0
21.2890,58100,581230548,1936,0,0,0
21.2991,58101,581240548,1983,0,0,0
21.3091,58102,581250548,1939,0,0,0
21.3191,58103,581260549,1925,0,0,0
21.3291,58104,581270548,1915,0,0,0
21.3392,58105,581280548,1868,0,0,0
21.3492,58106,581290548,1840,0,0,0
21.3591,58107,581300548,1798,0,0,0
21.3693,58108,581310548,1791,0,0,0
21.3791,58109,581320548,1761,0,0,0
21.3890,58110,581330549,1785,0,0,0
21.3990,58111,581340548,1776,0,0,0
21.4090,58112,581350548,1794,0,0,0
21.4190,58113,581360549,1791,0,0,0
21.4291,58114,581370549,1867,0,0,0
21.4391,58115,581380548,1926,0,0,0
21.4491,58116,581390549,2318,0,0,0
21.4590,58117,581400549,2640,0,0,0
21.4701,58118,581410548,2176,0,0,0
21.4791,58119,581420548,1615,0,0,0
21.4891,58120,581430548,1483,0,0,0
21.4992,58121,581440548,1520,0,0,0
21.5093,58122,581450548,1680,0,0,0
21.5192,58123,581460549,1782,0,0,0
21.5295,58124,581470548,1809,0,0,0
21.5392,58125,581480548,1811,0,0,0
21.5493,58126,581490548,1833,0,0,0
21.5591,58127,581500549,1814,0,0,0
21.5691,58128,581510548,1861,0,0,0
21.5791,58129,581520548,1852,0,0,0
21.5891,58130,581530548,1872,0,0,0
21.5990,58131,581540548,1863,0,0,0
21.6091,58132,581550548,1882,0,0,0
21.6190,58133,581560548,1883,0,0,0
21.6291,58134,581570548,1899,0,0,0
21.6391,58135,581580548,1894,0,0,0
21.6492,58136,581590548,1911,0,0,0
21.6591,58137,581600548,1923,0,0,0
21.6690,58138,581610548,1925,0,0,0
21.6790,58139,581620548,1950,0,0,0
21.6892,58140,581630548,1967,0,0,0
21.6990,58141,581640549,1965,0,0,0
21.7090,58142,581650548,1969,0,0,0
21.7192,58143,581660548,1958,0,0,0
21.7293,58144,581670548,1967,0,0,0
21.7390,58145,581680548,1948,0,0,0
21.7490,58146,581690548,1939,0,0,0
21.7592,58147,581700548,1901,0,0,0
21.7691,58148,581710548,1873,0,0,0
21.7792,58149,581720549,1862,0,0,0
21.7892,58150,581730548,1843,0,0,0
21.7991,58151,581740549,1803,0,0,0
21.8091,58152,581750548,1830,0,0,0
21.8192,58153,581760549,1825,0,0,0
21.8292,58154,581770548,1802,0,0,0
21.8390,58155,581780548,1806,0,0,0
21.8495,58156,581790549,1830,0,0,0
21.8591,58157,581800548,1818,0,0,0
21.8691,58158,581810548,1830,0,0,0
21.8791,58159,581820548,1818,0,0,0
21.8892,58160,581830548,1837,0,0,0
21.8991,58161,581840548,1838,0,0,0
21.9090,58162,581850548,1830,0,0,0
21.9194,58163,581860548,1823,0,0,0
21.9296,58164,581870549,1837,0,0,0
21.9391,58165,581880548,1837,0,0,0
21.9491,58166,581890548,1826,0,0,0
21.9591,58167,581900548,1821,0,0,0
21.9689,58168,581910548,1838,0,0,0
21.9791,58169,581920548,1829,0,0,0
21.9891,58170,581930548,1837,0,0,0
21.9992,58171,581940548,1826,0,0,0
22.0090,58172,581950548,1823,0,0,0
22.0192,58173,581960548,1824,0,0,0
22.0290,58174,581970548,1824,0,0,0
22.0391,58175,581980549,1817,0,0,0
22.0490,58176,581990548,1829,0,0,0
22.0591,58177,582000548,1838,0,0,0
22.0690,58178,582010548,1824,0,0,0
22.0790,58179,582020549,1827,0,0,0
22.0891,58180,582030548,1847,0,0,0
22.0990,58181,582040548,1887,0,0,0
22.1091,58182,582050549,1935,0,0,0
22.1191,58183,582060548,1971,0,0,0
22.1291,58184,582070548,1983,0,0,0
22.1391,58185,582080549,1946,0,0,0
22.1491,58186,582090548,1938,0,0,0
22.1591,58187,582100548,1902,0,0,0
22.1691,58188,582110548,1870,0,0,0
22.1792,58189,582120549,1825,0,0,0
22.1891,58190,582130549,1808,0,0,0
22.1990,58191,582140548,1783,0,0,0
22.2093,58192,582150548,1774,0,0,0
22.2208,58193,582160548,1775,0,0,0
22.2292,58194,582170549,1762,0,0,0
22.2392,58195,582180548,1775,0,0,0
22.2491,58196,582190548,1785,0,0,0
22.2590,58197,582200549,1840,0,0,0
22.2691,58198,582210548,1943,0,0,0
22.2791,58199,582220549,2282,0,0,0
22.2891,58200,582230548,2619,0,0,0
22.2993,58201,582240548,2147,0,0,0
22.3092,58202,582250548,1584,0,0,0
22.3192,58203,582260549,1445,0,0,0
22.3292,58204,582270548,1497,0,0,0
22.3391,58205,582280549,1649,0,0,0
22.3491,58206,582290548,1786,0,0,0
22.3591,58207,582300548,1808,0,0,0
22.3691,58208,582310548,1831,0,0,0
22.3792,58209,582320548,1842,0,0,0
22.3893,58210,582330548,1856,0,0,0
22.3990,58211,582340549,1856,0,0,0
22.4092,58212,582350548,1825,0,0,0
22.4192,58213,582360549,1874,0,0,0
22.4291,58214,582370548,1871,0,0,0
22.4391,58215,582380549,1885,0,0,0
22.4491,58216,582390548,1875,0,0,0
22.4591,58217,582400548,1888,0,0,0
22.4691,58218,582410549,1900,0,0,0
22.4794,58219,582420548,1916,0,0,0
22.4893,58220,582430548,1903,0,0,0
22.4991,58221,582440548,1934,0,0,0
22.5095,58222,582450548,1921,0,0,0
22.5192,58223,582460548,1934,0,0,0
22.5291,58224,582470549,1952,0,0,0
22.5392,58225,582480548,1950,0,0,0
22.5490,58226,582490548,1962,0,0,0
22.5591,58227,582500548,1954,0,0,0
22.5691,58228,582510548,1932,0,0,0
22.5792,58229,582520549,1920,0,0,0
22.5891,58230,582530548,1883,0,0,0
22.5992,58231,582540549,1872,0,0,0
22.6092,58232,582550548,1827,0,0,0
22.6191,58233,582560548,1825,0,0,0
22.6291,58234,582570548,1823,0,0,0
22.6390,58235,582580548,1810,0,0,0
22.6495,58236,582590549,1822,0,0,0
22.6591,58237,582600548,1808,0,0,0
22.6691,58238,582610548,1818,0,0,0
22.6791,58239,582620548,1830,0,0,0
22.6891,58240,582630548,1822,0,0,0
22.6991,58241,582640549,1821,0,0,0
22.7091,58242,582650548,1825,0,0,0
22.7191,58243,582660549,1835,0,0,0
22.7292,58244,582670548,1838,0,0,0
22.7392,58245,582680549,1829,0,0,0
22.7492,58246,582690549,1846,0,0,0
22.7592,58247,582700548,1842,0,0,0
22.7691,58248,582710548,1825,0,0,0
22.7791,58249,582720548,1833,0,0,0
22.7891,58250,582730548,1839,0,0,0
22.7992,58251,582740548,1841,0,0,0
22.8091,58252,582750548,1843,0,0,0
22.8193,58253,582760549,1839,0,0,0
22.8292,58254,582770549,1834,0,0,0
22.8392,58255,582780548,1856,0,0,0
22.8490,58256,582790548,1834,0,0,0
22.8593,58257,582800548,1828,0,0,0
22.8691,58258,582810548,1821,0,0,0
22.8790,58259,582820548,1835,0,0,0
22.8891,58260,582830548,1825,0,0,0
22.8991,58261,582840548,1831,0,0,0
22.9092,58262,582850548,1862,0,0,0
22.9194,58263,582860548,1923,0,0,0
22.9291,58264,582870549,1921,0,0,0
22.9391,58265,582880548,1961,0,0,0
22.9494,58266,582890549,1983,0,0,0
22.9591,58267,582900548,1941,0,0,0
22.9690,58268,582910549,1927,0,0,0
22.9791,58269,582920549,1870,0,0,0
22.9890,58270,582930548,1857,0,0,0
22.9991,58271,582940548,1830,0,0,0
23.0092,58272,582950548,1781,0,0,0
23.0192,58273,582960548,1782,0,0,0
23.0290,58274,582970548,1786,0,0,0
23.0391,58275,582980548,1776,0,0,0
23.0490,58276,582990548,1763,0,0,0
23.0591,58277,583000549,1803,0,0,0
23.0691,58278,583010549,1780,0,0,0
23.0791,58279,583020548,1919,0,0,0
23.0891,58280,583030548,2037,0,0,0
23.0992,58281,583040549,2555,0,0,0
23.1092,58282,583050548,2417,0,0,0
23.1191,58283,583060549,1845,0,0,0
23.1292,58284,583070548,1424,0,0,0
23.1391,58285,583080549,1429,0,0,0
23.1491,58286,583090548,1535,0,0,0
23.1590,58287,583100548,1717,0,0,0
23.1694,58288,583110548,1803,0,0,0
23.1791,58289,583120548,1806,0,0,0
23.1891,58290,583130548,1808,0,0,0
23.1990,58291,583140549,1829,0,0,0
23.2092,58292,583150548,1830,0,0,0
23.2201,58293,583160548,1851,0,0,0
23.2290,58294,583170548,1840,0,0,0
23.2391,58295,583180548,1862,0,0,0
23.2491,58296,583190548,1869,0,0,0
23.2591,58297,583200549,1872,0,0,0
23.2691,58298,583210549,1881,0,0,0
23.2792,58299,583220548,1894,0,0,0
23.2891,58300,583230548,1898,0,0,0
23.2990,58301,583240548,1906,0,0,0
23.3092,58302,583250548,1904,0,0,0
23.3191,58303,583260549,1931,0,0,0
23.3291,58304,583270548,1951,0,0,0
23.3392,58305,583280548,1955,0,0,0
23.3491,58306,583290549,1937,0,0,0
23.3591,58307,583300548,1974,0,0,0
23.3690,58308,583310549,1941,0,0,0
23.3790,58309,583320548,1954,0,0,0
23.3891,58310,583330548,1920,0,0,0
23.3992,58311,583340548,1905,0,0,0
23.4092,58312,583350548,1870,0,0,0
23.4191,58313,583360548,1859,0,0,0
23.4291,58314,583370549,1810,0,0,0
23.4393,58315,583380548,1808,0,0,0
23.4491,58316,583390548,1794,0,0,0
23.4593,58317,583400548,1810,0,0,0
23.4705,58318,583410548,1791,0,0,0
23.4790,58319,583420549,1799,0,0,0
23.4892,58320,583430549,1779,0,0,0
23.4992,58321,583440548,1810,0,0,0
23.5093,58322,583450548,1813,0,0,0
23.5192,58323,583460549,1817,0,0,0
23.5292,58324,583470548,1798,0,0,0
23.5391,58325,583480548,1835,0,0,0
23.5491,58326,583490549,1813,0,0,0
23.5590,58327,583500548,1825,0,0,0
23.5691,58328,583510548,1808,0,0,0
23.5791,58329,583520549,1829,0,0,0
23.5889,58330,583530548,1800,0,0,0
23.5993,58331,583540549,1829,0,0,0
23.6091,58332,583550549,1825,0,0,0
23.6190,58333,583560548,1822,0,0,0
23.6291,58334,583570548,1808,0,0,0
23.6391,58335,583580549,1817,0,0,0
23.6490,58336,583590548,1795,0,0,0
23.6590,58337,583600549,1810,0,0,0
23.6694,58338,583610548,1807,0,0,0
23.6791,58339,583620548,1809,0,0,0
23.6891,58340,583630548,1802,0,0,0
23.6992,58341,583640548,1808,0,0,0
23.7090,58342,583650548,1802,0,0,0
23.7190,58343,583660548,1817,0,0,0
23.7291,58344,583670549,1850,0,0,0
23.7390,58345,583680548,1925,0,0,0
23.7490,58346,583690548,1929,0,0,0
23.7591,58347,583700548,1977,0,0,0
23.7691,58348,583710549,1937,0,0,0
23.7792,58349,583720548,1919,0,0,0
23.7892,58350,583730548,1892,0,0,0
23.7992,58351,583740548,1862,0,0,0
23.8091,58352,583750549,1813,0,0,0
23.8200,58353,583760548,1793,0,0,0
23.8291,58354,583770548,1761,0,0,0
23.8390,58355,583780548,1760,0,0,0
23.8491,58356,583790548,1743,0,0,0
23.8591,58357,583800548,1765,0,0,0
23.8692,58358,583810548,1747,0,0,0
23.8792,58359,583820549,1754,0,0,0
23.8890,58360,583830548,1808,0,0,0
23.8992,58361,583840548,1942,0,0,0
23.9093,58362,583850548,2142,0,0,0
23.9190,58363,583860549,2640,0,0,0
23.9292,58364,583870549,2192,0,0,0
23.9392,58365,583880548,1589,0,0,0
23.9492,58366,583890549,1374,0,0,0
23.9591,58367,583900548,1469,0,0,0
23.9693,58368,583910548,1579,0,0,0
23.9794,58369,583920548,1761,0,0,0
23.9890,58370,583930548,1765,0,0,0
23.9991,58371,583940549,1799,0,0,0
24.0092,58372,583950548,1786,0,0,0
24.0192,58373,583960549,1815,0,0,0
24.0292,58374,583970548,1831,0,0,0
24.0393,58375,583980549,1840,0,0,0
24.0492,58376,583990548,1823,0,0,0
24.0593,58377,584000548,1856,0,0,0
24.0692,58378,584010548,1846,0,0,0
24.0791,58379,584020548,1870,0,0,0
24.0891,58380,584030548,1872,0,0,0
24.0991,58381,584040548,1872,0,0,0
24.1091,58382,584050548,1872,0,0,0
24.1194,58383,584060548,1904,0,0,0
24.1291,58384,584070548,1887,0,0,0
24.1396,58385,584080549,1920,0,0,0
24.1491,58386,584090548,1936,0,0,0
24.1591,58387,584100549,1949,0,0,0
24.1692,58388,584110549,1932,0,0,0
24.1792,58389,584120548,1952,0,0,0
24.1893,58390,584130548,1922,0,0,0
24.1992,58391,584140549,1922,0,0,0
24.2092,58392,584150548,1895,0,0,0
24.2191,58393,584160548,1886,0,0,0
24.2292,58394,584170548,1827,0,0,0
24.2392,58395,584180548,1814,0,0,0
24.2491,58396,584190548,1791,0,0,0
24.2592,58397,584200548,1792,0,0,0
24.2691,58398,584210548,1761,0,0,0
24.2791,58399,584220548,1775,0,0,0
24.2892,58400,584230548,1765,0,0,0
24.2993,58401,584240549,1794,0,0,0
24.3092,58402,584250548,1775,0,0,0
24.3192,58403,584260549,1786,0,0,0
24.3293,58404,584270548,1775,0,0,0
24.3392,58405,584280548,1799,0,0,0
24.3492,58406,584290548,1778,0,0,0
24.3592,58407,584300548,1808,0,0,0
24.3692,58408,584310548,1793,0,0,0
24.3790,58409,584320548,1815,0,0,0
24.3893,58410,584330548,1793,0,0,0
24.3993,58411,584340548,1811,0,0,0
24.4093,58412,584350549,1782,0,0,0
24.4222,58413,584360549,1815,0,0,0
24.4293,58414,584370548,1805,0,0,0
24.4391,58415,584380548,1815,0,0,0
24.4491,58416,584390548,1797,0,0,0
24.4591,58417,584400548,1815,0,0,0
24.4695,58418,584410548,1808,0,0,0
24.4803,58419,584420548,1811,0,0,0
24.4890,58420,584430548,1791,0,0,0
24.4991,58421,584440549,1818,0,0,0
24.5095,58422,584450548,1789,0,0,0
24.5193,58423,584460549,1809,0,0,0
24.5292,58424,584470548,1789,0,0,0
24.5390,58425,584480549,1823,0,0,0
24.5491,58426,584490548,1798,0,0,0
24.5589,58427,584500548,1819,0,0,0
24.5691,58428,584510548,1803,0,0,0
24.5791,58429,584520549,1837,0,0,0
24.5891,58430,584530548,1859,0,0,0
24.5992,58431,584540548,1921,0,0,0
24.6090,58432,584550549,1922,0,0,0
24.6192,58433,584560548,1987,0,0,0
24.6292,58434,584570549,1919,0,0,0
24.6390,58435,584580549,1925,0,0,0
24.6491,58436,584590548,1878,0,0,0
24.6591,58437,584600548,1854,0,0,0
24.6691,58438,584610548,1805,0,0,0
24.6792,58439,584620548,1789,0,0,0
24.6890,58440,584630548,1751,0,0,0
24.6991,58441,584640548,1766,0,0,0
24.7092,58442,584650548,1744,0,0,0
24.7198,58443,584660548,1766,0,0,0
24.7291,58444,584670548,1751,0,0,0
24.7392,58445,584680548,1785,0,0,0
24.7491,58446,584690548,1859,0,0,0
24.7592,58447,584700548,1954,0,0,0
24.7690,58448,584710548,2372,0,0,0
24.7791,58449,584720549,2557,0,0,0
24.7891,58450,584730548,2018,0,0,0
24.7990,58451,584740549,1487,0,0,0
24.8091,58452,584750548,1407,0,0,0
24.8191,58453,584760549,1519,0,0,0
24.8291,58454,584770548,1662,0,0,0
24.8391,58455,584780549,1766,0,0,0
24.8490,58456,584790549,1778,0,0,0
24.8592,58457,584800549,1807,0,0,0
24.8691,58458,584810548,1809,0,0,0
24.8791,58459,584820548,1834,0,0,0
24.8891,58460,584830548,1840,0,0,0
24.8991,58461,584840548,1853,0,0,0
24.9091,58462,584850548,1840,0,0,0
24.9191,58463,584860549,1860,0,0,0
24.9291,58464,584870549,1868,0,0,0
24.9391,58465,584880548,1895,0,0,0
24.9493,58466,584890549,1872,0,0,0
24.9591,58467,584900548,1905,0,0,0
24.9708,58468,584910548,1890,0,0,0
24.9791,58469,584920548,1926,0,0,0
24.9891,58470,584930548,1921,0,0,0
24.9991,58471,584940548,1953,0,0,0
25.0091,58472,584950549,1939,0,0,0
25.0190,58473,584960548,1968,0,0,0
25.0291,58474,584970548,1955,0,0,0
25.0390,58475,584980548,1973,0,0,0
25.0491,58476,584990548,1951,0,0,0
25.0591,58477,585000548,1951,0,0,0
25.0691,58478,585010548,1905,0,0,0
25.0790,58479,585020548,1894,0,0,0
25.0891,58480,585030548,1838,0,0,0
25.1000,58481,585040548,1825,0,0,0
25.1091,58482,585050548,1793,0,0,0
25.1192,58483,585060548,1799,0,0,0
25.1291,58484,585070548,1776,0,0,0
25.1390,58485,585080549,1783,0,0,0
25.1492,58486,585090548,1760,0,0,0
25.1591,58487,585100548,1782,0,0,0
25.1690,58488,585110548,1771,0,0,0
25.1791,58489,585120548,1782,0,0,0
25.1890,58490,585130548,1771,0,0,0
25.1992,58491,585140548,1791,0,0,0
25.2091,58492,585150548,1786,0,0,0
25.2191,58493,585160548,1808,0,0,0
25.2290,58494,585170549,1792,0,0,0
25.2392,58495,585180548,1808,0,0,0
25.2493,58496,585190548,1799,0,0,0
25.2590,58497,585200548,1814,0,0,0
25.2691,58498,585210548,1795,0,0,0
25.2791,58499,585220548,1799,0,0,0
25.2891,58500,585230548,1796,0,0,0
25.2993,58501,585240549,1809,0,0,0
25.3092,58502,585250548,1791,0,0,0
25.3191,58503,585260549,1801,0,0,0
25.3292,58504,585270549,1787,0,0,0
25.3390,58505,585280548,1799,0,0,0
25.3493,58506,585290548,1781,0,0,0
25.3592,58507,585300549,1797,0,0,0
25.3690,58508,585310548,1802,0,0,0
25.3795,58509,585320548,1791,0,0,0
25.3890,58510,585330548,1781,0,0,0
25.3990,58511,585340548,1797,0,0,0
25.4092,58512,585350549,1790,0,0,0
25.4192,58513,585360549,1807,0,0,0
25.4293,58514,585370548,1794,0,0,0
25.4391,58515,585380549,1821,0,0,0
25.4491,58516,585390548,1804,0,0,0
25.4592,58517,585400549,1808,0,0,0
25.4693,58518,585410548,1837,0,0,0
25.4791,58519,585420548,1905,0,0,0
25.4891,58520,585430548,1917,0,0,0
25.4993,58521,585440548,1962,0,0,0
25.5094,58522,585450548,1958,0,0,0
25.5192,58523,585460548,1925,0,0,0
25.5292,58524,585470548,1909,0,0,0
25.5394,58525,585480549,1872,0,0,0
25.5490,58526,585490549,1840,0,0,0
25.5591,58527,585500549,1805,0,0,0
25.5695,58528,585510548,1781,0,0,0
25.5790,58529,585520549,1774,0,0,0
25.5891,58530,585530549,1774,0,0,0
25.5994,58531,585540548,1776,0,0,0
25.6092,58532,585550548,1776,0,0,0
25.6190,58533,585560548,1781,0,0,0
25.6293,58534,585570548,1808,0,0,0
25.6391,58535,585580548,1921,0,0,0
25.6491,58536,585590549,2064,0,0,0
25.6591,58537,585600549,2669,0,0,0
25.6690,58538,585610548,2438,0,0,0
25.6790,58539,585620548,1715,0,0,0
25.6890,58540,585630548,1456,0,0,0
25.6991,58541,585640549,1501,0,0,0
25.7092,58542,585650548,1616,0,0,0
25.7205,58543,585660548,1761,0,0,0
25.7293,58544,585670548,1782,0,0,0
25.7391,58545,585680549,1801,0,0,0
25.7489,58546,585690548,1818,0,0,0
25.7592,58547,585700548,1830,0,0,0
25.7692,58548,585710548,1833,0,0,0
25.7790,58549,585720549,1851,0,0,0
25.7892,58550,585730548,1856,0,0,0
25.7993,58551,585740548,1855,0,0,0
25.8092,58552,585750548,1868,0,0,0
25.8191,58553,585760548,1876,0,0,0
25.8290,58554,585770548,1877,0,0,0
25.8393,58555,585780549,1901,0,0,0
25.8493,58556,585790549,1905,0,0,0
25.8592,58557,585800549,1924,0,0,0
25.8691,58558,585810548,1943,0,0,0
25.8791,58559,585820548,1941,0,0,0
25.8890,58560,585830548,1963,0,0,0
25.8991,58561,585840548,1989,0,0,0
25.9092,58562,585850548,1992,0,0,0
25.9192,58563,585860548,1994,0,0,0
25.9291,58564,585870548,1984,0,0,0
25.9390,58565,585880549,1983,0,0,0
25.9490,58566,585890548,1951,0,0,0
25.9591,58567,585900549,1920,0,0,0
25.9706,58568,585910549,1888,0,0,0
25.9793,58569,585920548,1856,0,0,0
25.9892,58570,585930548,1820,0,0,0
25.9992,58571,585940548,1799,0,0,0
26.0091,58572,585950548,1797,0,0,0
26.0190,58573,585960548,1801,0,0,0
26.0292,58574,585970548,1789,0,0,0
26.0391,58575,585980549,1805,0,0,0
26.0491,58576,585990548,1806,0,0,0
26.0592,58577,586000548,1801,0,0,0
26.0690,58578,586010548,1817,0,0,0
26.0791,58579,586020548,1805,0,0,0
26.0892,58580,586030548,1819,0,0,0
26.0990,58581,586040549,1827,0,0,0
26.1092,58582,586050548,1830,0,0,0
26.1192,58583,586060548,1826,0,0,0
26.1290,58584,586070548,1837,0,0,0
26.1390,58585,586080548,1854,0,0,0
26.1492,58586,586090548,1841,0,0,0
26.1592,58587,586100548,1847,0,0,0
26.1690,58588,586110548,1837,0,0,0
26.1791,58589,586120549,1838,0,0,0
26.1890,58590,586130548,1840,0,0,0
26.1991,58591,586140548,1830,0,0,0
26.2093,58592,586150548,1828,0,0,0
26.2190,58593,586160548,1829,0,0,0
26.2291,58594,586170548,1826,0,0,0
26.2390,58595,586180548,1830,0,0,0
26.2491,58596,586190548,1831,0,0,0
26.2591,58597,586200548,1840,0,0,0
26.2690,58598,586210548,1827,0,0,0
26.2794,58599,586220549,1819,0,0,0
26.2890,58600,586230548,1837,0,0,0
26.2991,58601,586240548,1841,0,0,0
26.3092,58602,586250548,1886,0,0,0
26.3192,58603,586260548,1926,0,0,0
26.3290,58604,586270548,1936,0,0,0
26.3391,58605,586280548,1995,0,0,0
26.3491,58606,586290548,1963,0,0,0
26.3592,58607,586300549,1937,0,0,0
26.3691,58608,586310548,1918,0,0,0
26.3790,58609,586320549,1873,0,0,0
26.3891,58610,586330549,1838,0,0,0
26.3994,58611,586340548,1806,0,0,0
26.4092,58612,586350548,1791,0,0,0
26.4189,58613,586360549,1782,0,0,0
26.4290,58614,586370548,1787,0,0,0
26.4391,58615,586380548,1769,0,0,0
26.4492,58616,586390548,1772,0,0,0
26.4592,58617,586400548,1786,0,0,0
26.4703,58618,586410548,1834,0,0,0
26.4792,58619,586420549,1899,0,0,0
26.4891,58620,586430548,2192,0,0,0
26.4991,58621,586440549,2672,0,0,0
26.5099,58622,586450548,2256,0,0,0
26.5193,58623,586460549,1686,0,0,0
26.5291,58624,586470549,1489,0,0,0
26.5393,58625,586480548,1520,0,0,0
26.5490,58626,586490548,1653,0,0,0
26.5591,58627,586500549,1773,0,0,0
26.5692,58628,586510548,1804,0,0,0
26.5791,58629,586520548,1814,0,0,0
26.5891,58630,586530548,1840,0,0,0
26.5992,58631,586540548,1852,0,0,0
26.6091,58632,586550548,1853,0,0,0
26.6190,58633,586560548,1867,0,0,0
26.6291,58634,586570549,1872,0,0,0
26.6392,58635,586580548,1875,0,0,0
26.6491,58636,586590548,1893,0,0,0
26.6591,58637,586600549,1890,0,0,0
26.6691,58638,586610548,1903,0,0,0
26.6790,58639,586620549,1906,0,0,0
26.6891,58640,586630548,1935,0,0,0
26.6991,58641,586640548,1926,0,0,0
26.7092,58642,586650548,1943,0,0,0
26.7190,58643,586660548,1947,0,0,0
26.7290,58644,586670548,1960,0,0,0
26.7398,58645,586680548,1958,0,0,0
26.7490,58646,586690549,1983,0,0,0
26.7591,58647,586700548,1967,0,0,0
26.7692,58648,586710548,1968,0,0,0
26.7790,58649,586720548,1965,0,0,0
26.7891,58650,586730549,1965,0,0,0
26.7991,58651,586740549,1906,0,0,0
26.8092,58652,586750548,1892,0,0,0
26.8190,58653,586760549,1841,0,0,0
26.8290,58654,586770548,1847,0,0,0
26.8391,58655,586780549,1825,0,0,0
26.8491,58656,586790548,1834,0,0,0
26.8591,58657,586800549,1808,0,0,0
26.8691,58658,586810548,1826,0,0,0
26.8792,58659,586820548,1808,0,0,0
26.8891,58660,586830548,1812,0,0,0
26.8995,58661,586840548,1822,0,0,0
26.9092,58662,586850548,1822,0,0,0
26.9191,58663,586860548,1827,0,0,0
26.9293,58664,586870548,1840,0,0,0
26.9391,58665,586880548,1829,0,0,0
26.9491,58666,586890548,1849,0,0,0
26.9591,58667,586900548,1833,0,0,0
26.9704,58668,586910548,1855,0,0,0
26.9792,58669,586920548,1856,0,0,0
26.9891,58670,586930549,1850,0,0,0
26.9990,58671,586940548,1837,0,0,0
27.0090,58672,586950548,1855,0,0,0
27.0190,58673,586960548,1834,0,0,0
27.0290,58674,586970548,1840,0,0,0
27.0391,58675,586980548,1846,0,0,0
27.0490,58676,586990549,1840,0,0,0
27.0592,58677,587000548,1830,0,0,0
27.0692,58678,587010548,1846,0,0,0
27.0790,58679,587020549,1830,0,0,0
27.0891,58680,587030548,1847,0,0,0
27.0990,58681,587040548,1844,0,0,0
27.1090,58682,587050548,1893,0,0,0
27.1192,58683,587060548,1921,0,0,0
27.1290,58684,587070548,1954,0,0,0
27.1389,58685,587080548,1994,0,0,0
27.1492,58686,587090548,1983,0,0,0
27.1591,58687,587100549,1935,0,0,0
27.1691,58688,587110548,1945,0,0,0
27.1790,58689,587120548,1883,0,0,0
27.1891,58690,587130548,1854,0,0,0
27.1990,58691,587140548,1790,0,0,0
27.2092,58692,587150548,1793,0,0,0
27.2205,58693,587160548,1777,0,0,0
27.2290,58694,587170548,1767,0,0,0
27.2393,58695,587180548,1768,0,0,0
27.2491,58696,587190548,1791,0,0,0
27.2591,58697,587200548,1776,0,0,0
27.2691,58698,587210548,1834,0,0,0
27.2791,58699,587220548,1911,0,0,0
27.2892,58700,587230548,2112,0,0,0
27.2991,58701,587240549,2624,0,0,0
27.3091,58702,587250548,2350,0,0,0
27.3190,58703,587260548,1744,0,0,0
27.3291,58704,587270549,1479,0,0,0
27.3391,58705,587280548,1461,0,0,0
27.3491,58706,587290549,1610,0,0,0
27.3592,58707,587300549,1732,0,0,0
27.3691,58708,587310548,1798,0,0,0
27.3791,58709,587320548,1808,0,0,0
27.3890,58710,587330549,1840,0,0,0
27.3990,58711,587340548,1824,0,0,0
27.4093,58712,587350548,1849,0,0,0
27.4191,58713,587360548,1844,0,0,0
27.4292,58714,587370549,1867,0,0,0
27.4391,58715,587380548,1856,0,0,0
27.4495,58716,587390548,1885,0,0,0
27.4591,58717,587400549,1856,0,0,0
27.4720,58718,587410548,1904,0,0,0
27.4792,58719,587420549,1886,0,0,0
27.4895,58720,587430548,1899,0,0,0
27.4992,58721,587440548,1903,0,0,0
27.5096,58722,587450548,1921,0,0,0
27.5195,58723,587460549,1936,0,0,0
27.5292,58724,587470548,1947,0,0,0
27.5390,58725,587480548,1954,0,0,0
27.5491,58726,587490548,1957,0,0,0
27.5590,58727,587500548,1942,0,0,0
27.5690,58728,587510548,1957,0,0,0
27.5790,58729,587520548,1936,0,0,0
27.5890,58730,587530549,1943,0,0,0
27.5991,58731,587540549,1902,0,0,0
27.6090,58732,587550548,1888,0,0,0
27.6190,58733,587560548,1842,0,0,0
27.6290,58734,587570548,1842,0,0,0
27.6390,58735,587580549,1803,0,0,0
27.6491,58736,587590548,1810,0,0,0
27.6590,58737,587600549,1801,0,0,0
27.6691,58738,587610548,1814,0,0,0
27.6790,58739,587620548,1808,0,0,0
27.6890,58740,587630548,1811,0,0,0
27.6992,58741,587640548,1803,0,0,0
27.7092,58742,587650549,1814,0,0,0
27.7206,58743,587660549,1806,0,0,0
27.7292,58744,587670548,1823,0,0,0
27.7390,58745,587680549,1814,0,0,0
27.7490,58746,587690548,1831,0,0,0
27.7590,58747,587700548,1822,0,0,0
27.7691,58748,587710548,1831,0,0,0
27.7790,58749,587720549,1802,0,0,0
27.7891,58750,587730549,1843,0,0,0
27.7990,58751,587740548,1814,0,0,0
27.8091,58752,587750548,1813,0,0,0
27.8192,58753,587760548,1797,0,0,0
27.8291,58754,587770548,1840,0,0,0
27.8389,58755,587780548,1817,0,0,0
27.8490,58756,587790548,1835,0,0,0
27.8595,58757,587800549,1797,0,0,0
27.8690,58758,587810549,1830,0,0,0
27.8792,58759,587820549,1818,0,0,0
27.8891,58760,587830548,1827,0,0,0
27.8992,58761,587840548,1878,0,0,0
27.9095,58762,587850549,1938,0,0,0
27.9191,58763,587860548,1941,0,0,0
27.9290,58764,587870549,2000,0,0,0
27.9391,58765,587880549,1950,0,0,0
27.9491,58766,587890548,1938,0,0,0
27.9590,58767,587900548,1895,0,0,0
27.9716,58768,587910548,1897,0,0,0
27.9790,58769,587920549,1813,0,0,0
27.9891,58770,587930548,1807,0,0,0
27.9990,58771,587940549,1760,0,0,0
28.0091,58772,587950548,1787,0,0,0
28.0189,58773,587960549,1776,0,0,0
28.0292,58774,587970548,1722,0,0,0
28.0390,58775,587980548,1778,0,0,0
28.0490,58776,587990548,1795,0,0,0
28.0593,58777,588000548,1838,0,0,0
28.0694,58778,588010548,1975,0,0,0
28.0790,58779,588020548,2284,0,0,0
28.0891,58780,588030548,2590,0,0,0
28.0990,58781,588040548,2122,0,0,0
28.1091,58782,588050548,1563,0,0,0
28.1192,58783,588060548,1391,0,0,0
28.1292,58784,588070548,1488,0,0,0
28.1390,58785,588080549,1626,0,0,0
28.1491,58786,588090548,1791,0,0,0
28.1590,58787,588100549,1793,0,0,0
28.1690,58788,588110548,1818,0,0,0
28.1791,58789,588120549,1808,0,0,0
28.1889,58790,588130548,1845,0,0,0
28.1991,58791,588140548,1849,0,0,0
28.2090,58792,588150548,1863,0,0,0
28.2191,58793,588160549,1854,0,0,0
28.2290,58794,588170548,1869,0,0,0
28.2391,58795,588180548,1871,0,0,0
28.2491,58796,588190548,1878,0,0,0
28.2590,58797,588200548,1872,0,0,0
28.2692,58798,588210548,1911,0,0,0
28.2790,58799,588220548,1904,0,0,0
28.2889,58800,588230548,1916,0,0,0
28.2991,58801,588240548,1914,0,0,0
28.3091,58802,588250548,1961,0,0,0
28.3191,58803,588260548,1921,0,0,0
28.3293,58804,588270548,1951,0,0,0
28.3390,58805,588280548,1961,0,0,0
28.3490,58806,588290548,1962,0,0,0
28.3592,58807,588300549,1923,0,0,0
28.3690,58808,588310548,1943,0,0,0
28.3792,58809,588320548,1907,0,0,0
28.3892,58810,588330549,1899,0,0,0
28.3993,58811,588340548,1846,0,0,0
28.4092,58812,588350548,1840,0,0,0
28.4190,58813,588360549,1807,0,0,0
28.4290,58814,588370548,1812,0,0,0
28.4391,58815,588380548,1788,0,0,0
28.4491,58816,588390548,1810,0,0,0
28.4591,58817,588400548,1808,0,0,0
28.4707,58818,588410548,1803,0,0,0
28.4792,58819,588420549,1799,0,0,0
28.4892,58820,588430548,1809,0,0,0
28.4991,58821,588440548,1786,0,0,0
28.5095,58822,588450549,1834,0,0,0
28.5191,58823,588460548,1803,0,0,0
28.5290,58824,588470548,1806,0,0,0
28.5391,58825,588480548,1815,0,0,0
28.5491,58826,588490548,1833,0,0,0
28.5593,58827,588500548,1798,0,0,0
28.5691,58828,588510548,1824,0,0,0
28.5790,58829,588520548,1808,0,0,0
28.5889,58830,588530548,1826,0,0,0
28.5990,58831,588540548,1811,0,0,0
28.6090,58832,588550548,1805,0,0,0
28.6191,58833,588560548,1786,0,0,0
28.6291,58834,588570548,1823,0,0,0
28.6390,58835,588580548,1805,0,0,0
28.6491,58836,588590548,1812,0,0,0
28.6592,58837,588600548,1808,0,0,0
28.6691,58838,588610548,1809,0,0,0
28.6790,58839,588620548,1830,0,0,0
28.6890,58840,588630548,1895,0,0,0
28.6991,58841,588640548,1917,0,0,0
28.7090,58842,588650548,1955,0,0,0
28.7191,58843,588660549,1962,0,0,0
28.7290,58844,588670548,1935,0,0,0
28.7390,58845,588680548,1904,0,0,0
28.7491,58846,588690548,1875,0,0,0
28.7591,58847,588700548,1827,0,0,0
28.7690,58848,588710548,1783,0,0,0
28.7790,58849,588720548,1759,0,0,0
28.7891,58850,588730548,1742,0,0,0
28.7989,58851,588740549,1742,0,0,0
28.8090,58852,588750549,1743,0,0,0
28.8189,58853,588760548,1741,0,0,0
28.8290,58854,588770548,1742,0,0,0
28.8390,58855,588780548,1751,0,0,0
28.8490,58856,588790549,1904,0,0,0
28.8590,58857,588800548,2011,0,0,0
28.8689,58858,588810548,2558,0,0,0
28.8791,58859,588820549,2358,0,0,0
28.8890,58860,588830548,1777,0,0,0
28.8990,58861,588840549,1378,0,0,0
28.9090,58862,588850549,1395,0,0,0
28.9190,58863,588860549,1533,0,0,0
28.9289,58864,588870548,1690,0,0,0
28.9391,58865,588880548,1747,0,0,0
28.9489,58866,588890548,1778,0,0,0
28.9590,58867,588900549,1774,0,0,0
28.9705,58868,588910549,1792,0,0,0
28.9799,58869,588920548,1818,0,0,0
28.9889,58870,588930548,1824,0,0,0
28.9991,58871,588940548,1826,0,0,0
29.0089,58872,588950548,1843,0,0,0
29.0189,58873,588960549,1840,0,0,0
29.0290,58874,588970549,1840,0,0,0
29.0391,58875,588980548,1863,0,0,0
29.0491,58876,588990548,1884,0,0,0
29.0592,58877,589000549,1874,0,0,0
29.0689,58878,589010548,1891,0,0,0
29.0791,58879,589020548,1904,0,0,0
29.0890,58880,589030548,1920,0,0,0
29.0991,58881,589040548,1920,0,0,0
29.1090,58882,589050548,1942,0,0,0
29.1191,58883,589060549,1937,0,0,0
29.1290,58884,589070548,1947,0,0,0
29.1389,58885,589080548,1939,0,0,0
29.1490,58886,589090549,1947,0,0,0
29.1590,58887,589100548,1905,0,0,0
29.1691,58888,589110548,1894,0,0,0
29.1790,58889,589120549,1857,0,0,0
29.1891,58890,589130548,1831,0,0,0
29.1992,58891,589140549,1781,0,0,0
29.2090,58892,589150548,1791,0,0,0
29.2194,58893,589160549,1778,0,0,0
29.2291,58894,589170548,1776,0,0,0
29.2392,58895,589180548,1775,0,0,0
29.2490,58896,589190548,1776,0,0,0
29.2589,58897,589200548,1781,0,0,0
29.2693,58898,589210548,1770,0,0,0
29.2789,58899,589220549,1771,0,0,0
29.2889,58900,589230549,1785,0,0,0
29.2990,58901,589240548,1791,0,0,0
29.3090,58902,589250548,1786,0,0,0
29.3191,58903,589260549,1802,0,0,0
29.3292,58904,589270548,1783,0,0,0
29.3389,58905,589280549,1807,0,0,0
29.3491,58906,589290548,1808,0,0,0
29.3591,58907,589300548,1803,0,0,0
29.3692,58908,589310548,1811,0,0,0
29.3790,58909,589320548,1787,0,0,0
29.3889,58910,589330548,1807,0,0,0
29.3991,58911,589340548,1791,0,0,0
29.4089,58912,589350548,1783,0,0,0
29.4189,58913,589360548,1793,0,0,0
29.4291,58914,589370548,1791,0,0,0
29.4389,58915,589380549,1795,0,0,0
29.4490,58916,589390548,1790,0,0,0
29.4589,58917,589400548,1789,0,0,0
29.4719,58918,589410548,1794,0,0,0
29.4790,58919,589420548,1789,0,0,0
29.4890,58920,589430548,1791,0,0,0
29.4990,58921,589440548,1804,0,0,0
29.5090,58922,589450549,1834,0,0,0
29.5189,58923,589460548,1877,0,0,0
29.5291,58924,589470548,1906,0,0,0
29.5390,58925,589480548,1949,0,0,0
29.5490,58926,589490548,1938,0,0,0
29.5591,58927,589500548,1893,0,0,0
29.5693,58928,589510548,1888,0,0,0
29.5790,58929,589520548,1840,0,0,0
29.5892,58930,589530548,1808,0,0,0
29.5990,58931,589540548,1771,0,0,0
29.6090,58932,589550548,1753,0,0,0
29.6191,58933,589560548,1742,0,0,0
29.6290,58934,589570548,1727,0,0,0
29.6389,58935,589580549,1722,0,0,0
29.6491,58936,589590548,1735,0,0,0
29.6590,58937,589600549,1744,0,0,0
29.6694,58938,589610548,1779,0,0,0
29.6790,58939,589620548,1905,0,0,0
29.6890,58940,589630548,2093,0,0,0
29.6989,58941,589640549,2612,0,0,0
29.7090,58942,589650548,2250,0,0,0
29.7194,58943,589660549,1611,0,0,0
29.7290,58944,589670548,1376,0,0,0
29.7390,58945,589680548,1440,0,0,0
29.7489,58946,589690549,1579,0,0,0
29.7590,58947,589700548,1729,0,0,0
29.7691,58948,589710548,1744,0,0,0
29.7789,58949,589720548,1775,0,0,0
29.7889,58950,589730548,1777,0,0,0
29.7990,58951,589740549,1808,0,0,0
29.8089,58952,589750548,1808,0,0,0
29.8189,58953,589760549,1815,0,0,0
29.8290,58954,589770548,1813,0,0,0
29.8390,58955,589780548,1832,0,0,0
29.8490,58956,589790548,1838,0,0,0
29.8589,58957,589800548,1840,0,0,0
29.8689,58958,589810549,1853,0,0,0
29.8792,58959,589820548,1875,0,0,0
29.8890,58960,589830548,1872,0,0,0
29.8990,58961,589840548,1894,0,0,0
29.9090,58962,589850549,1901,0,0,0
29.9191,58963,589860548,1917,0,0,0
29.9291,58964,589870549,1915,0,0,0
29.9389,58965,589880548,1942,0,0,0
29.9490,58966,589890549,1945,0,0,0
29.9590,58967,589900548,1946,0,0,0
29.9701,58968,589910549,1936,0,0,0
29.9791,58969,589920548,1938,0,0,0
29.9890,58970,589930548,1902,0,0,0
29.9989,58971,589940548,1872,0,0,0
30.0120,58972,589950548,1836,0,0,0
30.0190,58973,589960549,1805,0,0,0
30.0318,58974,589970549,1776,0,0,0
30.0389,58975,589980548,1776,0,0,0
30.0498,58976,589990549,1766,0,0,0
30.0613,58977,590000548,1779,0,0,0
30.0689,58978,590010548,1763,0,0,0
30.0789,58979,590020548,1776,0,0,0
30.0889,58980,590030548,1769,0,0,0
30.0989,58981,590040549,1776,0,0,0
30.1090,58982,590050549,1786,0,0,0
30.1190,58983,590060549,1798,0,0,0
30.1290,58984,590070549,1786,0,0,0
30.1390,58985,590080549,1811,0,0,0
30.1490,58986,590090549,1807,0,0,0
30.1605,58987,590100548,1808,0,0,0
30.1693,58988,590110548,1809,0,0,0
30.1798,58989,590120549,1808,0,0,0
30.1889,58990,590130548,1805,0,0,0
30.1989,58991,590140549,1815,0,0,0
30.2107,58992,590150548,1808,0,0,0
30.2202,58993,590160549,1807,0,0,0
30.2290,58994,590170548,1802,0,0,0
30.2389,58995,590180548,1817,0,0,0
30.2489,58996,590190549,1802,0,0,0
30.2589,58997,590200548,1817,0,0,0
30.2690,58998,590210549,1799,0,0,0
30.2789,58999,590220548,1801,0,0,0
30.2889,59000,590230549,1799,0,0,0
30.2990,59001,590240548,1814,0,0,0
30.3113,59002,590250548,1807,0,0,0
30.3239,59003,590260548,1809,0,0,0
30.3329,59004,590270548,1804,0,0,0
30.3399,59005,590280549,1811,0,0,0
30.3490,59006,590290548,1817,0,0,0
30.3608,59007,590300548,1853,0,0,0
30.3689,59008,590310548,1902,0,0,0
30.3790,59009,590320548,1936,0,0,0
30.3890,59010,590330548,1933,0,0,0
30.3989,59011,590340548,1974,0,0,0
30.4090,59012,590350548,1909,0,0,0
30.4189,59013,590360548,1914,0,0,0
30.4290,59014,590370548,1867,0,0,0
30.4390,59015,590380548,1853,0,0,0
30.4490,59016,590390549,1799,0,0,0
30.4589,59017,590400548,1792,0,0,0
30.4718,59018,590410549,1771,0,0,0
30.4867,59019,590420548,1759,0,0,0
30.4894,59020,590430548,1773,0,0,0
30.5017,59021,590440549,1777,0,0,0
30.5103,59022,590450549,1767,0,0,0
30.5189,59023,590460548,1797,0,0,0
30.5298,59024,590470548,1904,0,0,0
30.5444,59025,590480548,2017,0,0,0
30.5491,59026,590490548,2589,0,0,0
30.5591,59027,590500549,2502,0,0,0
30.5696,59028,590510548,1811,0,0,0
30.5790,59029,590520549,1468,0,0,0
30.5890,59030,590530548,1454,0,0,0
30.5998,59031,590540549,1589,0,0,0
30.6092,59032,590550548,1719,0,0,0
30.6190,59033,590560548,1794,0,0,0
30.6290,59034,590570549,1792,0,0,0
30.6390,59035,590580548,1822,0,0,0
30.6490,59036,590590548,1823,0,0,0
30.6595,59037,590600549,1861,0,0,0
30.6731,59038,590610548,1840,0,0,0
30.6810,59039,590620549,1867,0,0,0
30.6889,59040,590630549,1817,0,0,0
30.7006,59041,590640548,1872,0,0,0
30.7090,59042,590650549,1870,0,0,0
30.7190,59043,590660548,1890,0,0,0
30.7291,59044,590670548,1885,0,0,0
30.7390,59045,590680548,1919,0,0,0
30.7489,59046,590690548,1927,0,0,0
30.7590,59047,590700548,1937,0,0,0
30.7690,59048,590710548,1931,0,0,0
30.7791,59049,590720549,1973,0,0,0
30.7890,59050,590730548,1954,0,0,0
30.7992,59051,590740548,1986,0,0,0
30.8089,59052,590750548,1979,0,0,0
30.8193,59053,590760548,1986,0,0,0
30.8290,59054,590770548,1971,0,0,0
30.8389,59055,590780548,1957,0,0,0
30.8489,59056,590790548,1907,0,0,0
30.8589,59057,590800548,1891,0,0,0
30.8690,59058,590810549,1839,0,0,0
30.8791,59059,590820549,1835,0,0,0
30.8891,59060,590830548,1803,0,0,0
30.8991,59061,590840549,1814,0,0,0
30.9090,59062,590850549,1795,0,0,0
30.9190,59063,590860548,1808,0,0,0
30.9290,59064,590870548,1790,0,0,0
30.9389,59065,590880548,1809,0,0,0
30.9491,59066,590890548,1797,0,0,0
30.9590,59067,590900549,1820,0,0,0
30.9689,59068,590910549,1813,0,0,0
30.9789,59069,590920548,1840,0,0,0
30.9891,59070,590930548,1818,0,0,0
30.9989,59071,590940548,1841,0,0,0
31.0091,59072,590950548,1824,0,0,0
31.0191,59073,590960548,1854,0,0,0
31.0289,59074,590970548,1841,0,0,0
31.0389,59075,590980549,1858,0,0,0
31.0490,59076,590990548,1835,0,0,0
31.0590,59077,591000548,1851,0,0,0
31.0689,59078,591010548,1831,0,0,0
31.0790,59079,591020548,1853,0,0,0
31.0889,59080,591030548,1825,0,0,0
31.0990,59081,591040548,1859,0,0,0
31.1089,59082,591050548,1829,0,0,0
31.1189,59083,591060548,1841,0,0,0
31.1289,59084,591070548,1831,0,0,0
31.1390,59085,591080549,1847,0,0,0
31.1490,59086,591090548,1822,0,0,0
31.1590,59087,591100549,1853,0,0,0
31.1691,59088,591110548,1826,0,0,0
31.1791,59089,591120549,1842,0,0,0
31.1890,59090,591130548,1843,0,0,0
31.1989,59091,591140548,1895,0,0,0
31.2089,59092,591150549,1931,0,0,0
31.2200,59093,591160549,1958,0,0,0
31.2291,59094,591170548,1988,0,0,0
31.2390,59095,591180548,1984,0,0,0
31.2492,59096,591190548,1939,0,0,0
31.2591,59097,591200548,1923,0,0,0
31.2689,59098,591210548,1879,0,0,0
31.2789,59099,591220549,1860,0,0,0
31.2889,59100,591230548,1807,0,0,0
31.2989,59101,591240548,1805,0,0,0
31.3089,59102,591250549,1775,0,0,0
31.3190,59103,591260548,1795,0,0,0
31.3290,59104,591270548,1783,0,0,0
31.3389,59105,591280548,1787,0,0,0
31.3493,59106,591290548,1776,0,0,0
31.3590,59107,591300549,1869,0,0,0
31.3689,59108,591310548,1920,0,0,0
31.3791,59109,591320549,2241,0,0,0
31.3890,59110,591330549,2676,0,0,0
31.3990,59111,591340548,2224,0,0,0
31.4091,59112,591350548,1616,0,0,0
31.4190,59113,591360549,1465,0,0,0
31.4289,59114,591370549,1515,0,0,0
31.4390,59115,591380549,1673,0,0,0
31.4489,59116,591390549,1762,0,0,0
31.4590,59117,591400548,1818,0,0,0
31.4690,59118,591410548,1812,0,0,0
31.4789,59119,591420548,1843,0,0,0
31.4889,59120,591430549,1830,0,0,0
31.4990,59121,591440548,1866,0,0,0
31.5091,59122,591450548,1855,0,0,0
31.5191,59123,591460548,1872,0,0,0
31.5290,59124,591470548,1867,0,0,0
31.5390,59125,591480548,1894,0,0,0
31.5489,59126,591490548,1893,0,0,0
31.5591,59127,591500549,1906,0,0,0
31.5689,59128,591510548,1878,0,0,0
31.5790,59129,591520548,1921,0,0,0
31.5891,59130,591530549,1920,0,0,0
31.5989,59131,591540548,1951,0,0,0
31.6090,59132,591550548,1955,0,0,0
31.6192,59133,591560549,1972,0,0,0
31.6289,59134,591570548,1956,0,0,0
31.6389,59135,591580548,1978,0,0,0
31.6493,59136,591590548,1963,0,0,0
31.6590,59137,591600548,1983,0,0,0
31.6690,59138,591610548,1951,0,0,0
31.6789,59139,591620548,1943,0,0,0
31.6890,59140,591630548,1900,0,0,0
31.6989,59141,591640548,1887,0,0,0
31.7091,59142,591650548,1840,0,0,0
31.7217,59143,591660548,1849,0,0,0
31.7289,59144,591670548,1834,0,0,0
31.7390,59145,591680548,1827,0,0,0
31.7492,59146,591690549,1805,0,0,0
31.7589,59147,591700548,1843,0,0,0
31.7691,59148,591710548,1813,0,0,0
31.7790,59149,591720549,1829,0,0,0
31.7890,59150,591730548,1824,0,0,0
31.7989,59151,591740549,1847,0,0,0
31.8090,59152,591750548,1833,0,0,0
31.8191,59153,591760548,1857,0,0,0
31.8290,59154,591770549,1841,0,0,0
31.8389,59155,591780548,1867,0,0,0
31.8490,59156,591790548,1846,0,0,0
31.8590,59157,591800548,1854,0,0,0
31.8690,59158,591810548,1843,0,0,0
31.8790,59159,591820549,1870,0,0,0
31.8890,59160,591830548,1855,0,0,0
31.8989,59161,591840548,1862,0,0,0
31.9089,59162,591850548,1845,0,0,0
31.9190,59163,591860548,1849,0,0,0
31.9290,59164,591870549,1856,0,0,0
31.9390,59165,591880548,1857,0,0,0
31.9489,59166,591890548,1831,0,0,0
31.9589,59167,591900548,1857,0,0,0
31.9701,59168,591910548,1840,0,0,0
31.9804,59169,591920549,1842,0,0,0
31.9888,59170,591930548,1856,0,0,0
31.9989,59171,591940549,1898,0,0,0
32.0090,59172,591950548,1919,0,0,0
32.0189,59173,591960549,1979,0,0,0
32.0290,59174,591970548,1978,0,0,0
32.0389,59175,591980548,2017,0,0,0
32.0490,59176,591990548,1954,0,0,0
32.0589,59177,592000548,1968,0,0,0
32.0690,59178,592010548,1904,0,0,0
32.0790,59179,592020549,1879,0,0,0
32.0889,59180,592030548,1818,0,0,0
32.0991,59181,592040548,1829,0,0,0
32.1090,59182,592050548,1777,0,0,0
32.1190,59183,592060549,1802,0,0,0
32.1290,59184,592070549,1786,0,0,0
32.1390,59185,592080548,1799,0,0,0
32.1489,59186,592090548,1789,0,0,0
32.1590,59187,592100549,1807,0,0,0
32.1689,59188,592110548,1904,0,0,0
32.1790,59189,592120548,2042,0,0,0
32.1889,59190,592130548,2587,0,0,0
32.1990,59191,592140548,2445,0,0,0
32.2090,59192,592150548,1844,0,0,0
32.2190,59193,592160549,1446,0,0,0
32.2293,59194,592170548,1437,0,0,0
32.2391,59195,592180549,1571,0,0,0
32.2489,59196,592190548,1717,0,0,0
32.2590,59197,592200548,1805,0,0,0
32.2690,59198,592210548,1809,0,0,0
32.2791,59199,592220549,1840,0,0,0
32.2889,59200,592230548,1835,0,0,0
32.2989,59201,592240548,1851,0,0,0
32.3089,59202,592250548,1851,0,0,0
32.3193,59203,592260548,1872,0,0,0
32.3292,59204,592270548,1872,0,0,0
32.3390,59205,592280548,1881,0,0,0
32.3489,59206,592290548,1870,0,0,0
32.3590,59207,592300548,1917,0,0,0
32.3689,59208,592310548,1890,0,0,0
32.3790,59209,592320549,1919,0,0,0
32.3890,59210,592330548,1920,0,0,0
32.3989,59211,592340549,1939,0,0,0
32.4089,59212,592350548,1935,0,0,0
32.4190,59213,592360548,1967,0,0,0
32.4290,59214,592370549,1945,0,0,0
32.4390,59215,592380548,1965,0,0,0
32.4492,59216,592390548,1963,0,0,0
32.4589,59217,592400549,1968,0,0,0
32.4703,59218,592410548,1939,0,0,0
32.4792,59219,592420548,1936,0,0,0
32.4889,59220,592430549,1897,0,0,0
32.4989,59221,592440548,1879,0,0,0
32.5091,59222,592450548,1859,0,0,0
32.5191,59223,592460549,1833,0,0,0
32.5290,59224,592470548,1811,0,0,0
32.5391,59225,592480548,1808,0,0,0
32.5490,59226,592490548,1761,0,0,0
32.5590,59227,592500548,1791,0,0,0
32.5690,59228,592510548,1798,0,0,0
32.5789,59229,592520548,1801,0,0,0
32.5889,59230,592530548,1791,0,0,0
32.5989,59231,592540548,1799,0,0,0
32.6090,59232,592550548,1813,0,0,0
32.6191,59233,592560549,1803,0,0,0
32.6290,59234,592570549,1795,0,0,0
32.6389,59235,592580549,1811,0,0,0
32.6489,59236,592590548,1790,0,0,0
32.6589,59237,592600549,1808,0,0,0
32.6689,59238,592610548,1806,0,0,0
32.6790,59239,592620548,1797,0,0,0
32.6893,59240,592630548,1800,0,0,0
32.6990,59241,592640549,1808,0,0,0
32.7090,59242,592650548,1783,0,0,0
32.7197,59243,592660548,1808,0,0,0
32.7291,59244,592670548,1791,0,0,0
32.7390,59245,592680548,1779,0,0,0
32.7489,59246,592690549,1796,0,0,0
32.7589,59247,592700548,1799,0,0,0
32.7690,59248,592710548,1779,0,0,0
32.7789,59249,592720548,1849,0,0,0
32.7889,59250,592730548,1889,0,0,0
32.7990,59251,592740549,1909,0,0,0
32.8089,59252,592750548,1963,0,0,0
32.8192,59253,592760549,1931,0,0,0
32.8290,59254,592770548,1902,0,0,0
32.8390,59255,592780548,1889,0,0,0
32.8488,59256,592790548,1855,0,0,0
32.8588,59257,592800549,1801,0,0,0
32.8689,59258,592810548,1757,0,0,0
32.8790,59259,592820548,1739,0,0,0
32.8889,59260,592830548,1728,0,0,0
32.8990,59261,592840549,1728,0,0,0
32.9089,59262,592850548,1712,0,0,0
32.9190,59263,592860548,1732,0,0,0
32.9290,59264,592870548,1727,0,0,0
32.9390,59265,592880548,1779,0,0,0
32.9490,59266,592890548,1895,0,0,0
32.9589,59267,592900548,2147,0,0,0
32.9717,59268,592910549,2559,0,0,0
32.9790,59269,592920548,2173,0,0,0
32.9889,59270,592930548,1560,0,0,0
32.9989,59271,592940549,1360,0,0,0
33.0090,59272,592950549,1424,0,0,0
33.0190,59273,592960549,1569,0,0,0
33.0290,59274,592970548,1716,0,0,0
33.0389,59275,592980548,1739,0,0,0
33.0489,59276,592990548,1759,0,0,0
33.0589,59277,593000549,1775,0,0,0
33.0690,59278,593010548,1779,0,0,0
33.0789,59279,593020548,1797,0,0,0
33.0889,59280,593030548,1811,0,0,0
33.0988,59281,593040548,1814,0,0,0
33.1089,59282,593050549,1823,0,0,0
33.1191,59283,593060548,1835,0,0,0
33.1289,59284,593070548,1847,0,0,0
33.1391,59285,593080548,1850,0,0,0
33.1489,59286,593090548,1862,0,0,0
33.1589,59287,593100548,1879,0,0,0
33.1690,59288,593110548,1894,0,0,0
33.1791,59289,593120548,1906,0,0,0
33.1897,59290,593130548,1921,0,0,0
33.1989,59291,593140549,1938,0,0,0
33.2090,59292,593150548,1942,0,0,0
33.2201,59293,593160548,1950,0,0,0
33.2305,59294,593170548,1958,0,0,0
33.2389,59295,593180548,1932,0,0,0
33.2490,59296,593190548,1947,0,0,0
33.2590,59297,593200549,1915,0,0,0
33.2690,59298,593210549,1876,0,0,0
33.2789,59299,593220548,1846,0,0,0
33.2889,59300,593230548,1815,0,0,0
33.2992,59301,593240548,1793,0,0,0
33.3089,59302,593250548,1778,0,0,0
33.3191,59303,593260549,1762,0,0,0
33.3289,59304,593270548,1769,0,0,0
33.3390,59305,593280548,1769,0,0,0
33.3490,59306,593290548,1774,0,0,0
33.3589,59307,593300548,1781,0,0,0
33.3689,59308,593310548,1776,0,0,0
33.3790,59309,593320548,1789,0,0,0
33.3890,59310,593330548,1789,0,0,0
33.3991,59311,593340549,1801,0,0,0
33.4090,59312,593350548,1793,0,0,0
33.4190,59313,593360548,1801,0,0,0
33.4290,59314,593370548,1798,0,0,0
33.4390,59315,593380548,1809,0,0,0
33.4489,59316,593390548,1802,0,0,0
33.4589,59317,593400548,1808,0,0,0
33.4693,59318,593410549,1801,0,0,0
33.4789,59319,593420548,1792,0,0,0
33.4891,59320,593430548,1808,0,0,0
33.4990,59321,593440548,1798,0,0,0
33.5091,59322,593450548,1807,0,0,0
33.5190,59323,593460548,1795,0,0,0
33.5290,59324,593470548,1787,0,0,0
33.5389,59325,593480548,1790,0,0,0
33.5489,59326,593490548,1789,0,0,0
33.5589,59327,593500549,1794,0,0,0
33.5693,59328,593510549,1794,0,0,0
33.5791,59329,593520549,1791,0,0,0
33.5889,59330,593530548,1808,0,0,0
33.5989,59331,593540549,1857,0,0,0
33.6089,59332,593550548,1897,0,0,0
33.6191,59333,593560548,1918,0,0,0
33.6291,59334,593570548,1968,0,0,0
33.6390,59335,593580548,1911,0,0,0
33.6490,59336,593590548,1899,0,0,0
33.6589,59337,593600548,1863,0,0,0
33.6689,59338,593610549,1837,0,0,0
33.6791,59339,593620548,1802,0,0,0
33.6889,59340,593630549,1773,0,0,0
33.6989,59341,593640548,1741,0,0,0
33.7090,59342,593650548,1755,0,0,0
33.7219,59343,593660548,1735,0,0,0
33.7289,59344,593670548,1747,0,0,0
33.7389,59345,593680548,1741,0,0,0
33.7489,59346,593690548,1757,0,0,0
33.7588,59347,593700548,1857,0,0,0
33.7689,59348,593710548,1956,0,0,0
33.7789,59349,593720548,2421,0,0,0
33.7890,59350,593730549,2551,0,0,0
33.7991,59351,593740548,1972,0,0,0
33.8088,59352,593750549,1472,0,0,0
33.8189,59353,593760549,1398,0,0,0
33.8290,59354,593770548,1520,0,0,0
33.8389,59355,593780548,1668,0,0,0
33.8490,59356,593790548,1761,0,0,0
33.8589,59357,593800549,1770,0,0,0
33.8689,59358,593810549,1793,0,0,0
33.8793,59359,593820548,1793,0,0,0
33.8890,59360,593830548,1808,0,0,0
33.8989,59361,593840549,1818,0,0,0
33.9090,59362,593850548,1830,0,0,0
33.9190,59363,593860548,1835,0,0,0
33.9290,59364,593870549,1843,0,0,0
33.9390,59365,593880549,1845,0,0,0
33.9489,59366,593890548,1859,0,0,0
33.9589,59367,593900549,1842,0,0,0
33.9710,59368,593910548,1872,0,0,0
33.9802,59369,593920548,1877,0,0,0
33.9889,59370,593930548,1904,0,0,0
33.9991,59371,593940548,1911,0,0,0
34.0090,59372,593950548,1936,0,0,0
34.0189,59373,593960548,1945,0,0,0
34.0291,59374,593970548,1952,0,0,0
34.0391,59375,593980548,1945,0,0,0
34.0490,59376,593990549,1955,0,0,0
34.0590,59377,594000548,1947,0,0,0
34.0689,59378,594010548,1931,0,0,0
34.0789,59379,594020548,1893,0,0,0
34.0890,59380,594030549,1863,0,0,0
34.0991,59381,594040548,1811,0,0,0
34.1089,59382,594050548,1798,0,0,0
34.1190,59383,594060548,1767,0,0,0
34.1292,59384,594070548,1775,0,0,0
34.1389,59385,594080548,1751,0,0,0
34.1490,59386,594090549,1744,0,0,0
34.1588,59387,594100548,1744,0,0,0
34.1689,59388,594110549,1767,0,0,0
34.1790,59389,594120548,1750,0,0,0
34.1890,59390,594130548,1765,0,0,0
34.1990,59391,594140548,1763,0,0,0
34.2090,59392,594150548,1778,0,0,0
34.2202,59393,594160548,1777,0,0,0
34.2307,59394,594170549,1783,0,0,0
34.2390,59395,594180548,1777,0,0,0
34.2490,59396,594190548,1776,0,0,0
34.2590,59397,594200548,1785,0,0,0
34.2689,59398,594210548,1799,0,0,0
34.2789,59399,594220549,1787,0,0,0
34.2889,59400,594230548,1789,0,0,0
34.2989,59401,594240548,1776,0,0,0
34.3089,59402,594250548,1786,0,0,0
34.3190,59403,594260549,1776,0,0,0
34.3291,59404,594270548,1799,0,0,0
34.3390,59405,594280548,1788,0,0,0
34.3491,59406,594290548,1789,0,0,0
34.3590,59407,594300548,1776,0,0,0
34.3689,59408,594310549,1792,0,0,0
34.3792,59409,594320548,1783,0,0,0
34.3889,59410,594330548,1782,0,0,0
34.3988,59411,594340548,1777,0,0,0
34.4089,59412,594350548,1796,0,0,0
34.4190,59413,594360549,1776,0,0,0
34.4290,59414,594370548,1799,0,0,0
34.4391,59415,594380548,1829,0,0,0
34.4491,59416,594390548,1897,0,0,0
34.4589,59417,594400549,1898,0,0,0
34.4689,59418,594410548,1952,0,0,0
34.4789,59419,594420548,1905,0,0,0
34.4890,59420,594430548,1897,0,0,0
34.4990,59421,594440548,1863,0,0,0
34.5090,59422,594450548,1831,0,0,0
34.5193,59423,594460549,1806,0,0,0
34.5289,59424,594470548,1782,0,0,0
34.5392,59425,594480548,1744,0,0,0
34.5490,59426,594490548,1759,0,0,0
34.5589,59427,594500549,1744,0,0,0
34.5690,59428,594510549,1769,0,0,0
34.5789,59429,594520549,1749,0,0,0
34.5888,59430,594530549,1770,0,0,0
34.5991,59431,594540548,1846,0,0,0
34.6088,59432,594550548,1936,0,0,0
34.6192,59433,594560548,2317,0,0,0
34.6292,59434,594570549,2685,0,0,0
34.6389,59435,594580548,2125,0,0,0
34.6490,59436,594590548,1519,0,0,0
34.6589,59437,594600548,1426,0,0,0
34.6690,59438,594610548,1520,0,0,0
34.6791,59439,594620549,1649,0,0,0
34.6889,59440,594630548,1773,0,0,0
34.6990,59441,594640549,1775,0,0,0
34.7088,59442,594650548,1806,0,0,0
34.7234,59443,594660548,1809,0,0,0
34.7290,59444,594670548,1840,0,0,0
34.7388,59445,594680548,1833,0,0,0
34.7492,59446,594690548,1856,0,0,0
34.7589,59447,594700549,1853,0,0,0
34.7690,59448,594710549,1863,0,0,0
34.7791,59449,594720549,1853,0,0,0
34.7888,59450,594730548,1885,0,0,0
34.7990,59451,594740548,1879,0,0,0
34.8089,59452,594750549,1905,0,0,0
34.8189,59453,594760548,1904,0,0,0
34.8290,59454,594770548,1936,0,0,0
34.8391,59455,594780549,1937,0,0,0
34.8489,59456,594790549,1971,0,0,0
34.8591,59457,594800548,1970,0,0,0
34.8690,59458,594810548,1981,0,0,0
34.8790,59459,594820549,1979,0,0,0
34.8889,59460,594830548,1994,0,0,0
34.8990,59461,594840549,1977,0,0,0
34.9089,59462,594850548,1973,0,0,0
34.9189,59463,594860549,1936,0,0,0
34.9291,59464,594870549,1919,0,0,0
34.9390,59465,594880549,1866,0,0,0
34.9491,59466,594890548,1845,0,0,0
34.9590,59467,594900548,1816,0,0,0
34.9714,59468,594910548,1826,0,0,0
34.9791,59469,594920548,1805,0,0,0
34.9891,59470,594930548,1813,0,0,0
34.9990,59471,594940548,1803,0,0,0
35.0090,59472,594950548,1827,0,0,0
35.0192,59473,594960548,1808,0,0,0
35.0289,59474,594970548,1846,0,0,0
35.0389,59475,594980549,1834,0,0,0
35.0492,59476,594990548,1849,0,0,0
35.0590,59477,595000549,1833,0,0,0
35.0689,59478,595010548,1842,0,0,0
35.0789,59479,595020549,1838,0,0,0
35.0889,59480,595030549,1863,0,0,0
35.0989,59481,595040548,1840,0,0,0
35.1089,59482,595050548,1857,0,0,0
35.1189,59483,595060548,1851,0,0,0
35.1291,59484,595070548,1862,0,0,0
35.1389,59485,595080548,1833,0,0,0
35.1490,59486,595090548,1859,0,0,0
35.1589,59487,595100549,1840,0,0,0
35.1690,59488,595110548,1856,0,0,0
35.1790,59489,595120548,1840,0,0,0
35.1890,59490,595130548,1870,0,0,0
35.1990,59491,595140548,1841,0,0,0
35.2091,59492,595150549,1853,0,0,0
35.2190,59493,595160548,1841,0,0,0
35.2299,59494,595170548,1853,0,0,0
35.2389,59495,595180548,1841,0,0,0
35.2490,59496,595190548,1872,0,0,0
35.2588,59497,595200548,1871,0,0,0
35.2689,59498,595210548,1942,0,0,0
35.2791,59499,595220549,1957,0,0,0
35.2888,59500,595230548,2000,0,0,0
35.2989,59501,595240549,2017,0,0,0
35.3091,59502,595250548,1979,0,0,0
35.3190,59503,595260549,1961,0,0,0
35.3291,59504,595270548,1937,0,0,0
35.3390,59505,595280549,1883,0,0,0
35.3489,59506,595290548,1874,0,0,0
35.3589,59507,595300548,1826,0,0,0
35.3692,59508,595310548,1835,0,0,0
35.3789,59509,595320548,1815,0,0,0
35.3889,59510,595330548,1826,0,0,0
35.3992,59511,595340548,1802,0,0,0
35.4089,59512,595350549,1829,0,0,0
35.4190,59513,595360549,1827,0,0,0
35.4289,59514,595370549,1941,0,0,0
35.4390,59515,595380548,2009,0,0,0
35.4490,59516,595390548,2625,0,0,0
35.4593,59517,595400548,2549,0,0,0
35.4689,59518,595410548,1963,0,0,0
35.4794,59519,595420548,1527,0,0,0
35.4906,59520,595430549,1511,0,0,0
35.4989,59521,595440548,1597,0,0,0
35.5089,59522,595450549,1771,0,0,0
35.5192,59523,595460549,1808,0,0,0
35.5293,59524,595470549,1830,0,0,0
35.5389,59525,595480548,1845,0,0,0
35.5491,59526,595490548,1863,0,0,0
35.5588,59527,595500548,1867,0,0,0
35.5690,59528,595510548,1892,0,0,0
35.5790,59529,595520549,1882,0,0,0
35.5890,59530,595530548,1899,0,0,0
35.5989,59531,595540549,1878,0,0,0
35.6089,59532,595550549,1918,0,0,0
35.6190,59533,595560548,1921,0,0,0
35.6290,59534,595570548,1932,0,0,0
35.6392,59535,595580548,1921,0,0,0
35.6489,59536,595590549,1935,0,0,0
35.6588,59537,595600549,1941,0,0,0
35.6691,59538,595610548,1972,0,0,0
35.6789,59539,595620548,1955,0,0,0
35.6890,59540,595630548,2000,0,0,0
35.6989,59541,595640549,1990,0,0,0
35.7088,59542,595650548,2002,0,0,0
35.7197,59543,595660549,1991,0,0,0
35.7290,59544,595670548,2003,0,0,0
35.7391,59545,595680548,1952,0,0,0
35.7489,59546,595690548,1959,0,0,0
35.7589,59547,595700549,1913,0,0,0
35.7691,59548,595710548,1901,0,0,0
35.7790,59549,595720548,1850,0,0,0
35.7891,59550,595730549,1863,0,0,0
35.7989,59551,595740549,1839,0,0,0
35.8088,59552,595750548,1845,0,0,0
35.8190,59553,595760548,1836,0,0,0
35.8289,59554,595770548,1853,0,0,0
35.8388,59555,595780548,1840,0,0,0
35.8491,59556,595790548,1850,0,0,0
35.8588,59557,595800549,1839,0,0,0
35.8690,59558,595810548,1859,0,0,0
35.8791,59559,595820548,1849,0,0,0
35.8890,59560,595830548,1867,0,0,0
35.8989,59561,595840548,1841,0,0,0
35.9089,59562,595850548,1863,0,0,0
35.9190,59563,595860549,1847,0,0,0
35.9291,59564,595870549,1867,0,0,0
35.9389,59565,595880548,1860,0,0,0
35.9490,59566,595890548,1865,0,0,0
35.9588,59567,595900549,1858,0,0,0
35.9706,59568,595910548,1846,0,0,0
35.9790,59569,595920549,1830,0,0,0
35.9890,59570,595930548,1856,0,0,0
35.9992,59571,595940548,1842,0,0,0
36.0089,59572,595950548,1858,0,0,0
36.0189,59573,595960548,1840,0,0,0
36.0290,59574,595970548,1847,0,0,0
36.0390,59575,595980548,1820,0,0,0
36.0490,59576,595990549,1882,0,0,0
36.0590,59577,596000548,1915,0,0,0
36.0690,59578,596010549,1969,0,0,0
36.0790,59579,596020548,1969,0,0,0
36.0889,59580,596030548,2000,0,0,0
36.0990,59581,596040549,1923,0,0,0
36.1088,59582,596050548,1927,0,0,0
36.1190,59583,596060548,1878,0,0,0
36.1289,59584,596070548,1857,0,0,0
36.1389,59585,596080549,1802,0,0,0
36.1489,59586,596090548,1803,0,0,0
36.1588,59587,596100548,1776,0,0,0
36.1690,59588,596110548,1783,0,0,0
36.1790,59589,596120549,1769,0,0,0
36.1890,59590,596130549,1795,0,0,0
36.1989,59591,596140548,1782,0,0,0
36.2090,59592,596150548,1815,0,0,0
36.2189,59593,596160549,1909,0,0,0
36.2301,59594,596170548,2096,0,0,0
36.2390,59595,596180549,2623,0,0,0
36.2489,59596,596190548,2351,0,0,0
36.2589,59597,596200548,1753,0,0,0
36.2690,59598,596210548,1470,0,0,0
36.2789,59599,596220549,1453,0,0,0
36.2890,59600,596230549,1600,0,0,0
36.2992,59601,596240548,1725,0,0,0
36.3088,59602,596250549,1803,0,0,0
36.3190,59603,596260548,1789,0,0,0
36.3290,59604,596270548,1839,0,0,0
36.3389,59605,596280548,1818,0,0,0
36.3489,59606,596290548,1859,0,0,0
36.3590,59607,596300549,1845,0,0,0
36.3689,59608,596310548,1861,0,0,0
36.3789,59609,596320548,1850,0,0,0
36.3891,59610,596330548,1883,0,0,0
36.3992,59611,596340549,1861,0,0,0
36.4090,59612,596350548,1883,0,0,0
36.4190,59613,596360549,1875,0,0,0
36.4289,59614,596370549,1910,0,0,0
36.4390,59615,596380548,1894,0,0,0
36.4490,59616,596390549,1920,0,0,0
36.4590,59617,596400548,1927,0,0,0
36.4697,59618,596410548,1959,0,0,0
36.4788,59619,596420549,1929,0,0,0
36.4890,59620,596430548,1942,0,0,0
36.4991,59621,596440548,1935,0,0,0
36.5090,59622,596450549,1943,0,0,0
36.5191,59623,596460548,1915,0,0,0
36.5293,59624,596470548,1935,0,0,0
36.5391,59625,596480548,1877,0,0,0
36.5489,59626,596490548,1867,0,0,0
36.5590,59627,596500549,1817,0,0,0
36.5689,59628,596510548,1825,0,0,0
36.5789,59629,596520548,1786,0,0,0
36.5889,59630,596530548,1801,0,0,0
36.5989,59631,596540549,1779,0,0,0
36.6089,59632,596550549,1809,0,0,0
36.6190,59633,596560548,1790,0,0,0
36.6289,59634,596570548,1797,0,0,0
36.6390,59635,596580548,1788,0,0,0
36.6493,59636,596590548,1811,0,0,0
36.6590,59637,596600549,1794,0,0,0
36.6690,59638,596610548,1818,0,0,0
36.6790,59639,596620548,1801,0,0,0
36.6888,59640,596630548,1815,0,0,0
36.6990,59641,596640549,1803,0,0,0
36.7089,59642,596650549,1824,0,0,0
36.7208,59643,596660548,1804,0,0,0
36.7290,59644,596670549,1811,0,0,0
36.7389,59645,596680549,1806,0,0,0
36.7489,59646,596690549,1823,0,0,0
36.7588,59647,596700548,1801,0,0,0
36.7691,59648,596710548,1817,0,0,0
36.7789,59649,596720549,1792,0,0,0
36.7888,59650,596730549,1812,0,0,0
36.7990,59651,596740548,1798,0,0,0
36.8088,59652,596750548,1814,0,0,0
36.8189,59653,596760548,1814,0,0,0
36.8290,59654,596770549,1887,0,0,0
36.8390,59655,596780548,1902,0,0,0
36.8490,59656,596790548,1947,0,0,0
36.8590,59657,596800548,1968,0,0,0
36.8690,59658,596810548,1943,0,0,0
36.8788,59659,596820548,1909,0,0,0
36.8890,59660,596830549,1873,0,0,0
36.8989,59661,596840548,1837,0,0,0
36.9088,59662,596850548,1809,0,0,0
36.9191,59663,596860548,1746,0,0,0
36.9290,59664,596870548,1761,0,0,0
36.9389,59665,596880548,1731,0,0,0
36.9490,59666,596890549,1746,0,0,0
36.9588,59667,596900548,1727,0,0,0
36.9699,59668,596910548,1749,0,0,0
36.9789,59669,596920548,1742,0,0,0
36.9889,59670,596930548,1853,0,0,0
36.9991,59671,596940549,1927,0,0,0
37.0091,59672,596950548,2442,0,0,0
37.0189,59673,596960549,2496,0,0,0
37.0290,59674,596970548,1946,0,0,0
37.0390,59675,596980548,1456,0,0,0
37.0491,59676,596990548,1402,0,0,0
37.0590,59677,597000549,1488,0,0,0
37.0689,59678,597010548,1661,0,0,0
37.0789,59679,597020549,1722,0,0,0
37.0890,59680,597030548,1759,0,0,0
37.0989,59681,597040548,1763,0,0,0
37.1090,59682,597050548,1795,0,0,0
37.1189,59683,597060549,1797,0,0,0
37.1291,59684,597070548,1821,0,0,0
37.1390,59685,597080548,1808,0,0,0
37.1491,59686,597090548,1834,0,0,0
37.1591,59687,597100548,1823,0,0,0
37.1689,59688,597110548,1858,0,0,0
37.1791,59689,597120549,1849,0,0,0
37.1889,59690,597130548,1869,0,0,0
37.1990,59691,597140548,1874,0,0,0
37.2091,59692,597150548,1895,0,0,0
37.2189,59693,597160548,1902,0,0,0
37.2295,59694,597170548,1936,0,0,0
37.2394,59695,597180548,1922,0,0,0
37.2489,59696,597190549,1958,0,0,0
37.2592,59697,597200549,1951,0,0,0
37.2689,59698,597210549,1965,0,0,0
37.2790,59699,597220548,1952,0,0,0
37.2890,59700,597230548,1958,0,0,0
37.2988,59701,597240549,1933,0,0,0
37.3089,59702,597250548,1921,0,0,0
37.3192,59703,597260549,1856,0,0,0
37.3292,59704,597270548,1837,0,0,0
37.3390,59705,597280548,1801,0,0,0
37.3489,59706,597290548,1801,0,0,0
37.3592,59707,597300549,1777,0,0,0
37.3689,59708,597310548,1789,0,0,0
37.3789,59709,597320549,1773,0,0,0
37.3890,59710,597330549,1789,0,0,0
37.3988,59711,597340549,1774,0,0,0
37.4089,59712,597350548,1796,0,0,0
37.4190,59713,597360548,1784,0,0,0
37.4289,59714,597370548,1808,0,0,0
37.4389,59715,597380548,1801,0,0,0
37.4491,59716,597390548,1823,0,0,0
37.4590,59717,597400548,1815,0,0,0
37.4706,59718,597410548,1823,0,0,0
37.4789,59719,597420549,1805,0,0,0
37.4890,59720,597430548,1825,0,0,0
37.4991,59721,597440549,1812,0,0,0
37.5092,59722,597450548,1822,0,0,0
37.5190,59723,597460548,1808,0,0,0
37.5290,59724,597470548,1817,0,0,0
37.5389,59725,597480548,1798,0,0,0
37.5489,59726,597490548,1808,0,0,0
37.5589,59727,597500549,1793,0,0,0
37.5690,59728,597510548,1808,0,0,0
37.5788,59729,597520549,1792,0,0,0
37.5889,59730,597530548,1806,0,0,0
37.5990,59731,597540549,1779,0,0,0
37.6089,59732,597550548,1807,0,0,0
37.6188,59733,597560548,1798,0,0,0
37.6289,59734,597570548,1822,0,0,0
37.6391,59735,597580549,1871,0,0,0
37.6489,59736,597590548,1910,0,0,0
37.6590,59737,597600548,1927,0,0,0
37.6690,59738,597610549,1971,0,0,0
37.6789,59739,597620548,1894,0,0,0
37.6889,59740,597630548,1909,0,0,0
37.6990,59741,597640549,1846,0,0,0
37.7091,59742,597650549,1821,0,0,0
37.7213,59743,597660548,1791,0,0,0
37.7291,59744,597670548,1779,0,0,0
37.7389,59745,597680548,1746,0,0,0
37.7489,59746,597690548,1755,0,0,0
37.7590,59747,597700549,1744,0,0,0
37.7689,59748,597710548,1749,0,0,0
37.7791,59749,597720548,1735,0,0,0
37.7890,59750,597730549,1773,0,0,0
37.7991,59751,597740548,1860,0,0,0
37.8091,59752,597750548,1942,0,0,0
37.8189,59753,597760548,2489,0,0,0
37.8290,59754,597770548,2594,0,0,0
37.8388,59755,597780549,1917,0,0,0
37.8491,59756,597790549,1477,0,0,0
37.8589,59757,597800548,1427,0,0,0
37.8691,59758,597810548,1535,0,0,0
37.8791,59759,597820549,1689,0,0,0
37.8889,59760,597830548,1762,0,0,0
37.8990,59761,597840548,1771,0,0,0
37.9088,59762,597850548,1799,0,0,0
37.9189,59763,597860548,1795,0,0,0
37.9290,59764,597870548,1821,0,0,0
37.9391,59765,597880548,1813,0,0,0
37.9492,59766,597890548,1833,0,0,0
37.9591,59767,597900548,1828,0,0,0
37.9696,59768,597910549,1849,0,0,0
37.9790,59769,597920549,1842,0,0,0
37.9890,59770,597930549,1869,0,0,0
37.9989,59771,597940549,1866,0,0,0
38.0090,59772,597950549,1902,0,0,0
38.0189,59773,597960549,1903,0,0,0
38.0289,59774,597970548,1931,0,0,0
38.0391,59775,597980549,1927,0,0,0
38.0491,59776,597990549,1962,0,0,0
38.0590,59777,598000548,1973,0,0,0
38.0689,59778,598010548,1982,0,0,0
38.0790,59779,598020549,1973,0,0,0
38.0890,59780,598030548,1985,0,0,0
38.0990,59781,598040548,1981,0,0,0
38.1090,59782,598050548,1967,0,0,0
38.1190,59783,598060549,1932,0,0,0
38.1292,59784,598070548,1904,0,0,0
38.1389,59785,598080548,1850,0,0,0
38.1490,59786,598090548,1841,0,0,0
38.1588,59787,598100548,1810,0,0,0
38.1690,59788,598110549,1815,0,0,0
38.1790,59789,598120549,1794,0,0,0
38.1890,59790,598130549,1820,0,0,0
38.1990,59791,598140549,1790,0,0,0
38.2091,59792,598150549,1815,0,0,0
38.2226,59793,598160548,1799,0,0,0
38.2290,59794,598170548,1819,0,0,0
38.2389,59795,598180548,1810,0,0,0
38.2489,59796,598190549,1825,0,0,0
38.2589,59797,598200548,1823,0,0,0
38.2690,59798,598210548,1839,0,0,0
38.2791,59799,598220549,1821,0,0,0
38.2890,59800,598230548,1851,0,0,0
38.2990,59801,598240549,1835,0,0,0
38.3090,59802,598250549,1853,0,0,0
38.3190,59803,598260548,1850,0,0,0
38.3291,59804,598270549,1861,0,0,0
38.3389,59805,598280548,1837,0,0,0
38.3491,59806,598290548,1839,0,0,0
38.3590,59807,598300548,1830,0,0,0
38.3690,59808,598310548,1843,0,0,0
38.3790,59809,598320548,1823,0,0,0
38.3890,59810,598330548,1833,0,0,0
38.3991,59811,598340549,1817,0,0,0
38.4088,59812,598350548,1843,0,0,0
38.4190,59813,598360549,1828,0,0,0
38.4289,59814,598370548,1842,0,0,0
38.4390,59815,598380548,1841,0,0,0
38.4488,59816,598390548,1866,0,0,0
38.4589,59817,598400549,1875,0,0,0
38.4706,59818,598410549,1937,0,0,0
38.4788,59819,598420548,1947,0,0,0
38.4889,59820,598430548,1991,0,0,0
38.4990,59821,598440548,1970,0,0,0
38.5092,59822,598450548,1953,0,0,0
38.5189,59823,598460548,1925,0,0,0
38.5288,59824,598470549,1889,0,0,0
38.5391,59825,598480548,1861,0,0,0
38.5490,59826,598490548,1839,0,0,0
38.5588,59827,598500548,1803,0,0,0
38.5690,59828,598510548,1799,0,0,0
38.5788,59829,598520548,1785,0,0,0
38.5888,59830,598530549,1790,0,0,0
38.5988,59831,598540548,1783,0,0,0
38.6090,59832,598550548,1793,0,0,0
38.6188,59833,598560548,1808,0,0,0
38.6289,59834,598570548,1921,0,0,0
38.6390,59835,598580549,2062,0,0,0
38.6488,59836,598590548,2651,0,0,0
38.6589,59837,598600548,2435,0,0,0
38.6689,59838,598610548,1842,0,0,0
38.6788,59839,598620549,1499,0,0,0
38.6888,59840,598630548,1499,0,0,0
38.6989,59841,598640548,1600,0,0,0
38.7089,59842,598650548,1762,0,0,0
38.7199,59843,598660549,1794,0,0,0
38.7290,59844,598670548,1824,0,0,0
38.7390,59845,598680548,1834,0,0,0
38.7488,59846,598690548,1857,0,0,0
38.7590,59847,598700548,1859,0,0,0
38.7688,59848,598710549,1871,0,0,0
38.7789,59849,598720548,1874,0,0,0
38.7888,59850,598730548,1890,0,0,0
38.7989,59851,598740548,1886,0,0,0
38.8089,59852,598750548,1906,0,0,0
38.8190,59853,598760548,1917,0,0,0
38.8289,59854,598770548,1927,0,0,0
38.8389,59855,598780548,1922,0,0,0
38.8489,59856,598790548,1961,0,0,0
38.8589,59857,598800549,1949,0,0,0
38.8688,59858,598810548,1979,0,0,0
38.8788,59859,598820548,1981,0,0,0
38.8889,59860,598830549,1995,0,0,0
38.8989,59861,598840548,2007,0,0,0
38.9089,59862,598850549,2007,0,0,0
38.9190,59863,598860549,2000,0,0,0
38.9290,59864,598870548,1989,0,0,0
38.9389,59865,598880548,1966,0,0,0
38.9488,59866,598890549,1961,0,0,0
38.9594,59867,598900548,1904,0,0,0
38.9688,59868,598910548,1907,0,0,0
38.9791,59869,598920549,1860,0,0,0
38.9888,59870,598930549,1855,0,0,0
38.9989,59871,598940549,1845,0,0,0
39.0089,59872,598950548,1854,0,0,0
39.0189,59873,598960549,1838,0,0,0
39.0288,59874,598970548,1851,0,0,0
39.0389,59875,598980548,1841,0,0,0
39.0490,59876,598990548,1855,0,0,0
39.0589,59877,599000548,1851,0,0,0
39.0690,59878,599010548,1836,0,0,0
39.0790,59879,599020548,1846,0,0,0
39.0889,59880,599030549,1871,0,0,0
39.0989,59881,599040549,1867,0,0,0
39.1090,59882,599050548,1872,0,0,0
39.1190,59883,599060549,1854,0,0,0
39.1289,59884,599070549,1856,0,0,0
39.1390,59885,599080548,1855,0,0,0
39.1492,59886,599090549,1854,0,0,0
39.1590,59887,599100548,1843,0,0,0
39.1690,59888,599110548,1860,0,0,0
39.1789,59889,599120549,1847,0,0,0
39.1889,59890,599130548,1866,0,0,0
39.1988,59891,599140548,1842,0,0,0
39.2089,59892,599150548,1845,0,0,0
39.2197,59893,599160548,1851,0,0,0
39.2290,59894,599170548,1840,0,0,0
39.2390,59895,599180549,1823,0,0,0
39.2489,59896,599190548,1855,0,0,0
39.2591,59897,599200548,1880,0,0,0
39.2689,59898,599210548,1941,0,0,0
39.2790,59899,599220548,1942,0,0,0
39.2888,59900,599230548,2000,0,0,0
39.2988,59901,599240549,1965,0,0,0
39.3090,59902,599250548,1954,0,0,0
39.3190,59903,599260548,1907,0,0,0
39.3289,59904,599270548,1891,0,0,0
39.3388,59905,599280548,1833,0,0,0
39.3489,59906,599290548,1802,0,0,0
39.3591,59907,599300549,1791,0,0,0
39.3688,59908,599310548,1789,0,0,0
39.3792,59909,599320548,1773,0,0,0
39.3888,59910,599330548,1794,0,0,0
39.3990,59911,599340549,1781,0,0,0
39.4090,59912,599350548,1776,0,0,0
39.4189,59913,599360548,1837,0,0,0
39.4289,59914,599370548,1945,0,0,0
39.4389,59915,599380549,2151,0,0,0
39.4489,59916,599390548,2649,0,0,0
39.4589,59917,599400549,2261,0,0,0
39.4701,59918,599410548,1681,0,0,0
39.4789,59919,599420548,1431,0,0,0
39.4888,59920,599430548,1475,0,0,0
39.4990,59921,599440548,1626,0,0,0
39.5093,59922,599450548,1760,0,0,0
39.5190,59923,599460549,1775,0,0,0
39.5290,59924,599470548,1808,0,0,0
39.5390,59925,599480548,1792,0,0,0
39.5488,59926,599490548,1830,0,0,0
39.5593,59927,599500549,1822,0,0,0
39.5690,59928,599510548,1843,0,0,0
39.5788,59929,599520548,1836,0,0,0
39.5889,59930,599530548,1850,0,0,0
39.5988,59931,599540548,1846,0,0,0
39.6092,59932,599550548,1882,0,0,0
39.6190,59933,599560548,1867,0,0,0
39.6289,59934,599570548,1885,0,0,0
39.6388,59935,599580549,1890,0,0,0
39.6489,59936,599590548,1907,0,0,0
39.6589,59937,599600548,1905,0,0,0
39.6688,59938,599610549,1936,0,0,0
39.6792,59939,599620548,1927,0,0,0
39.6888,59940,599630548,1961,0,0,0
39.6989,59941,599640549,1936,0,0,0
39.7093,59942,599650548,1941,0,0,0
39.7196,59943,599660549,1942,0,0,0
39.7289,59944,599670548,1941,0,0,0
39.7388,59945,599680549,1905,0,0,0
39.7489,59946,599690549,1894,0,0,0
39.7590,59947,599700549,1872,0,0,0
39.7689,59948,599710548,1819,0,0,0
39.7789,59949,599720548,1795,0,0,0
39.7890,59950,599730548,1823,0,0,0
39.7992,59951,599740548,1788,0,0,0
39.8091,59952,599750548,1793,0,0,0
39.8188,59953,599760548,1791,0,0,0
39.8288,59954,599770548,1803,0,0,0
39.8390,59955,599780549,1790,0,0,0
39.8490,59956,599790548,1795,0,0,0
39.8588,59957,599800549,1799,0,0,0
39.8689,59958,599810548,1798,0,0,0
39.8789,59959,599820549,1810,0,0,0
39.8889,59960,599830548,1807,0,0,0
39.8989,59961,599840548,1796,0,0,0
39.9092,59962,599850548,1805,0,0,0
39.9190,59963,599860549,1808,0,0,0
39.9291,59964,599870548,1812,0,0,0
39.9389,59965,599880548,1808,0,0,0
39.9489,59966,599890549,1799,0,0,0
39.9592,59967,599900548,1791,0,0,0
39.9693,59968,599910548,1795,0,0,0
39.9799,59969,599920549,1795,0,0,0
39.9888,59970,599930548,1795,0,0,0
39.9991,59971,599940548,1789,0,0,0
40.0144,59972,599950548,1790,0,0,0
40.0206,59973,599960548,1786,0,0,0
40.0301,59974,599970549,1797,0,0,0
40.0409,59975,599980548,1793,0,0,0
40.0488,59976,599990549,1815,0,0,0
40.0698,59977,600000548,1873,0,0,0
40.0701,59978,600010548,1904,0,0,0
40.0795,59979,600020548,1931,0,0,0
40.0888,59980,600030548,1947,0,0,0
40.0992,59981,600040548,1895,0,0,0
40.1090,59982,600050548,1897,0,0,0
40.1194,59983,600060548,1844,0,0,0
40.1290,59984,600070549,1821,0,0,0
40.1389,59985,600080548,1777,0,0,0
40.1488,59986,600090548,1755,0,0,0
40.1590,59987,600100549,1739,0,0,0
40.1688,59988,600110548,1734,0,0,0
40.1790,59989,600120548,1732,0,0,0
40.1920,59990,600130548,1735,0,0,0
40.2049,59991,600140549,1739,0,0,0
40.2101,59992,600150548,1765,0,0,0
40.2227,59993,600160548,1870,0,0,0
40.2338,59994,600170548,1961,0,0,0
40.2436,59995,600180549,2449,0,0,0
40.2499,59996,600190548,2487,0,0,0
40.2613,59997,600200548,1887,0,0,0
40.2688,59998,600210548,1449,0,0,0
40.2788,59999,600220548,1399,0,0,0
40.2889,60000,600230548,1517,0,0,0
40.2989,60001,600240548,1695,0,0,0
40.3090,60002,600250548,1771,0,0,0
40.3189,60003,600260548,1771,0,0,0
40.3288,60004,600270548,1807,0,0,0
40.3388,60005,600280548,1811,0,0,0
40.3490,60006,600290548,1817,0,0,0
40.3636,60007,600300548,1821,0,0,0
40.3699,60008,600310548,1842,0,0,0
40.3836,60009,600320549,1854,0,0,0
40.3912,60010,600330548,1858,0,0,0
40.4027,60011,600340549,1855,0,0,0
40.4090,60012,600350548,1877,0,0,0
40.4231,60013,600360549,1888,0,0,0
40.4289,60014,600370548,1892,0,0,0
40.4389,60015,600380548,1894,0,0,0
40.4488,60016,600390548,1909,0,0,0
40.4589,60017,600400548,1937,0,0,0
40.4743,60018,600410548,1949,0,0,0
40.4791,60019,600420548,1950,0,0,0
40.4901,60020,600430548,1963,0,0,0
40.4990,60021,600440548,1968,0,0,0
40.5090,60022,600450548,1963,0,0,0
40.5188,60023,600460548,1952,0,0,0
40.5291,60024,600470549,1943,0,0,0
40.5390,60025,600480548,1910,0,0,0
40.5492,60026,600490549,1886,0,0,0
40.5618,60027,600500548,1845,0,0,0
40.5738,60028,600510548,1836,0,0,0
40.5822,60029,600520548,1808,0,0,0
40.5888,60030,600530548,1808,0,0,0
40.6004,60031,600540548,1791,0,0,0
40.6090,60032,600550548,1802,0,0,0
40.6189,60033,600560549,1794,0,0,0
40.6291,60034,600570548,1803,0,0,0
40.6389,60035,600580548,1805,0,0,0
40.6490,60036,600590548,1808,0,0,0
40.6590,60037,600600549,1795,0,0,0
40.6689,60038,600610548,1803,0,0,0
40.6790,60039,600620549,1820,0,0,0
40.6889,60040,600630548,1822,0,0,0
40.6989,60041,600640548,1835,0,0,0
40.7142,60042,600650548,1835,0,0,0
40.7229,60043,600660549,1823,0,0,0
40.7375,60044,600670548,1822,0,0,0
40.7443,60045,600680548,1823,0,0,0
40.7564,60046,600690549,1812,0,0,0
40.7605,60047,600700548,1807,0,0,0
40.7689,60048,600710548,1808,0,0,0
40.7800,60049,600720549,1804,0,0,0
40.7890,60050,600730548,1814,0,0,0
40.7988,60051,600740548,1809,0,0,0
40.8090,60052,600750548,1803,0,0,0
40.8189,60053,600760549,1798,0,0,0
40.8288,60054,600770548,1808,0,0,0
40.8389,60055,600780548,1808,0,0,0
40.8488,60056,600790548,1805,0,0,0
40.8590,60057,600800548,1811,0,0,0
40.8692,60058,600810548,1870,0,0,0
40.8789,60059,600820548,1905,0,0,0
40.8888,60060,600830549,1934,0,0,0
40.8988,60061,600840549,1962,0,0,0
40.9093,60062,600850549,1914,0,0,0
40.9189,60063,600860548,1903,0,0,0
40.9289,60064,600870548,1877,0,0,0
40.9389,60065,600880548,1839,0,0,0
40.9488,60066,600890548,1802,0,0,0
40.9589,60067,600900548,1775,0,0,0
40.9688,60068,600910549,1746,0,0,0
40.9797,60069,600920548,1744,0,0,0
40.9889,60070,600930548,1744,0,0,0
40.9988,60071,600940548,1740,0,0,0
41.0090,60072,600950549,1754,0,0,0
41.0190,60073,600960549,1748,0,0,0
41.0289,60074,600970548,1825,0,0,0
41.0388,60075,600980549,1914,0,0,0
41.0489,60076,600990548,2272,0,0,0
41.0592,60077,601000548,2644,0,0,0
41.0689,60078,601010548,2116,0,0,0
41.0789,60079,601020548,1510,0,0,0
41.0888,60080,601030548,1395,0,0,0
41.0988,60081,601040549,1487,0,0,0
41.1092,60082,601050548,1642,0,0,0
41.1187,60083,601060549,1732,0,0,0
41.1291,60084,601070549,1751,0,0,0
41.1389,60085,601080548,1772,0,0,0
41.1488,60086,601090548,1791,0,0,0
41.1590,60087,601100548,1808,0,0,0
41.1689,60088,601110548,1811,0,0,0
41.1790,60089,601120548,1825,0,0,0
41.1888,60090,601130548,1834,0,0,0
41.1990,60091,601140548,1834,0,0,0
41.2091,60092,601150549,1845,0,0,0
41.2188,60093,601160548,1846,0,0,0
41.2289,60094,601170548,1867,0,0,0
41.2388,60095,601180549,1870,0,0,0
41.2488,60096,601190549,1886,0,0,0
41.2590,60097,601200548,1901,0,0,0
41.2689,60098,601210548,1919,0,0,0
41.2791,60099,601220549,1936,0,0,0
41.2889,60100,601230548,1958,0,0,0
41.2988,60101,601240549,1961,0,0,0
41.3091,60102,601250549,1959,0,0,0
41.3189,60103,601260548,1959,0,0,0
41.3289,60104,601270548,1959,0,0,0
41.3388,60105,601280548,1947,0,0,0
41.3489,60106,601290548,1917,0,0,0
41.3589,60107,601300548,1873,0,0,0
41.3688,60108,601310548,1840,0,0,0
41.3792,60109,601320548,1808,0,0,0
41.3890,60110,601330548,1791,0,0,0
41.3989,60111,601340548,1780,0,0,0
41.4092,60112,601350548,1763,0,0,0
41.4188,60113,601360548,1776,0,0,0
41.4288,60114,601370548,1776,0,0,0
41.4389,60115,601380548,1778,0,0,0
41.4488,60116,601390548,1779,0,0,0
41.4590,60117,601400549,1777,0,0,0
41.4700,60118,601410548,1792,0,0,0
41.4788,60119,601420549,1796,0,0,0
41.4889,60120,601430548,1801,0,0,0
41.4989,60121,601440549,1810,0,0,0
41.5088,60122,601450548,1809,0,0,0
41.5188,60123,601460548,1783,0,0,0
41.5290,60124,601470548,1813,0,0,0
41.5391,60125,601480548,1812,0,0,0
41.5488,60126,601490548,1819,0,0,0
41.5593,60127,601500548,1816,0,0,0
41.5689,60128,601510548,1808,0,0,0
41.5789,60129,601520548,1811,0,0,0
41.5889,60130,601530549,1811,0,0,0
41.5989,60131,601540548,1808,0,0,0
41.6091,60132,601550548,1802,0,0,0
41.6190,60133,601560548,1805,0,0,0
41.6288,60134,601570548,1808,0,0,0
41.6388,60135,601580548,1804,0,0,0
41.6489,60136,601590548,1807,0,0,0
41.6590,60137,601600548,1812,0,0,0
41.6689,60138,601610548,1802,0,0,0
41.6789,60139,601620549,1811,0,0,0
41.6888,60140,601630548,1846,0,0,0
41.6988,60141,601640549,1901,0,0,0
41.7092,60142,601650548,1923,0,0,0
41.7207,60143,601660549,1952,0,0,0
41.7290,60144,601670549,1950,0,0,0
41.7388,60145,601680548,1920,0,0,0
41.7487,60146,601690548,1930,0,0,0
41.7590,60147,601700549,1851,0,0,0
41.7689,60148,601710548,1833,0,0,0
41.7788,60149,601720549,1807,0,0,0
41.7887,60150,601730549,1776,0,0,0
41.7988,60151,601740548,1759,0,0,0
41.8090,60152,601750548,1762,0,0,0
41.8187,60153,601760548,1765,0,0,0
41.8291,60154,601770548,1764,0,0,0
41.8387,60155,601780548,1764,0,0,0
41.8488,60156,601790549,1806,0,0,0
41.8588,60157,601800549,1886,0,0,0
41.8688,60158,601810548,1987,0,0,0
41.8789,60159,601820548,2608,0,0,0
41.8888,60160,601830548,2457,0,0,0
41.8988,60161,601840548,1829,0,0,0
41.9092,60162,601850548,1478,0,0,0
41.9189,60163,601860549,1468,0,0,0
41.9288,60164,601870548,1571,0,0,0
41.9389,60165,601880548,1727,0,0,0
41.9487,60166,601890548,1758,0,0,0
41.9589,60167,601900548,1794,0,0,0
41.9698,60168,601910548,1809,0,0,0
41.9798,60169,601920549,1815,0,0,0
41.9887,60170,601930548,1831,0,0,0
41.9989,60171,601940548,1840,0,0,0
42.0090,60172,601950548,1845,0,0,0
42.0189,60173,601960548,1853,0,0,0
42.0288,60174,601970549,1873,0,0,0
42.0388,60175,601980549,1874,0,0,0
42.0489,60176,601990549,1903,0,0,0
42.0591,60177,602000549,1903,0,0,0
42.0688,60178,602010548,1907,0,0,0
42.0792,60179,602020548,1914,0,0,0
42.0888,60180,602030548,1935,0,0,0
42.0988,60181,602040549,1949,0,0,0
42.1090,60182,602050548,1956,0,0,0
42.1190,60183,602060548,1961,0,0,0
42.1290,60184,602070548,1955,0,0,0
42.1389,60185,602080548,1981,0,0,0
42.1490,60186,602090548,1985,0,0,0
42.1591,60187,602100548,1980,0,0,0
42.1689,60188,602110548,1953,0,0,0
42.1788,60189,602120548,1907,0,0,0
42.1889,60190,602130549,1876,0,0,0
42.1989,60191,602140548,1861,0,0,0
42.2091,60192,602150548,1826,0,0,0
42.2189,60193,602160548,1809,0,0,0
42.2289,60194,602170548,1808,0,0,0
42.2388,60195,602180548,1799,0,0,0
42.2487,60196,602190548,1794,0,0,0
42.2593,60197,602200549,1791,0,0,0
42.2688,60198,602210548,1793,0,0,0
42.2789,60199,602220549,1801,0,0,0
42.2888,60200,602230548,1807,0,0,0
42.2988,60201,602240548,1808,0,0,0
42.3090,60202,602250548,1809,0,0,0
42.3188,60203,602260548,1818,0,0,0
42.3289,60204,602270549,1811,0,0,0
42.3388,60205,602280549,1836,0,0,0
42.3493,60206,602290548,1827,0,0,0
42.3592,60207,602300548,1835,0,0,0
42.3689,60208,602310548,1831,0,0,0
42.3790,60209,602320548,1821,0,0,0
42.3887,60210,602330548,1827,0,0,0
42.3988,60211,602340548,1828,0,0,0
42.4091,60212,602350549,1824,0,0,0
42.4188,60213,602360548,1819,0,0,0
42.4289,60214,602370549,1815,0,0,0
42.4389,60215,602380548,1833,0,0,0
42.4491,60216,602390548,1824,0,0,0
42.4592,60217,602400548,1811,0,0,0
42.4690,60218,602410548,1812,0,0,0
42.4787,60219,602420549,1822,0,0,0
42.4889,60220,602430548,1837,0,0,0
42.4989,60221,602440548,1897,0,0,0
42.5089,60222,602450549,1920,0,0,0
42.5194,60223,602460549,1943,0,0,0
42.5289,60224,602470548,1987,0,0,0
42.5389,60225,602480548,1945,0,0,0
42.5488,60226,602490549,1929,0,0,0
42.5592,60227,602500548,1877,0,0,0
42.5689,60228,602510549,1841,0,0,0
42.5788,60229,602520548,1807,0,0,0
42.5889,60230,602530549,1791,0,0,0
42.5991,60231,602540548,1789,0,0,0
42.6090,60232,602550548,1776,0,0,0
42.6189,60233,602560549,1772,0,0,0
42.6288,60234,602570548,1754,0,0,0
42.6389,60235,602580549,1787,0,0,0
42.6489,60236,602590548,1783,0,0,0
42.6589,60237,602600548,1872,0,0,0
42.6689,60238,602610548,1968,0,0,0
42.6795,60239,602620549,2479,0,0,0
42.6888,60240,602630548,2540,0,0,0
42.6992,60241,602640548,2000,0,0,0
42.7093,60242,602650548,1534,0,0,0
42.7193,60243,602660549,1441,0,0,0
42.7288,60244,602670548,1535,0,0,0
42.7390,60245,602680549,1693,0,0,0
42.7489,60246,602690548,1787,0,0,0
42.7592,60247,602700549,1809,0,0,0
42.7689,60248,602710549,1821,0,0,0
42.7788,60249,602720548,1847,0,0,0
42.7888,60250,602730548,1840,0,0,0
42.7991,60251,602740549,1853,0,0,0
42.8090,60252,602750548,1869,0,0,0
42.8188,60253,602760549,1872,0,0,0
42.8289,60254,602770549,1870,0,0,0
42.8387,60255,602780548,1890,0,0,0
42.8489,60256,602790548,1894,0,0,0
42.8592,60257,602800548,1906,0,0,0
42.8688,60258,602810548,1911,0,0,0
42.8788,60259,602820549,1919,0,0,0
42.8887,60260,602830548,1936,0,0,0
42.8992,60261,602840549,1950,0,0,0
42.9093,60262,602850548,1955,0,0,0
42.9188,60263,602860548,1963,0,0,0
42.9287,60264,602870548,1971,0,0,0
42.9390,60265,602880548,1974,0,0,0
42.9488,60266,602890548,1964,0,0,0
42.9592,60267,602900548,1968,0,0,0
42.9690,60268,602910548,1943,0,0,0
42.9788,60269,602920548,1921,0,0,0
42.9888,60270,602930549,1894,0,0,0
42.9988,60271,602940548,1875,0,0,0
43.0091,60272,602950548,1850,0,0,0
43.0188,60273,602960549,1823,0,0,0
43.0289,60274,602970548,1842,0,0,0
43.0388,60275,602980548,1827,0,0,0
43.0489,60276,602990548,1817,0,0,0
43.0591,60277,603000548,1827,0,0,0
43.0688,60278,603010548,1821,0,0,0
43.0789,60279,603020549,1825,0,0,0
43.0888,60280,603030548,1840,0,0,0
43.0988,60281,603040548,1834,0,0,0
43.1092,60282,603050548,1831,0,0,0
43.1190,60283,603060548,1851,0,0,0
43.1288,60284,603070548,1850,0,0,0
43.1389,60285,603080548,1850,0,0,0
43.1490,60286,603090548,1847,0,0,0
43.1593,60287,603100548,1856,0,0,0
43.1688,60288,603110548,1850,0,0,0
43.1791,60289,603120548,1856,0,0,0
43.1889,60290,603130548,1838,0,0,0
43.1989,60291,603140549,1850,0,0,0
43.2092,60292,603150549,1835,0,0,0
43.2188,60293,603160548,1839,0,0,0
43.2294,60294,603170549,1851,0,0,0
43.2389,60295,603180548,1842,0,0,0
43.2492,60296,603190548,1823,0,0,0
43.2593,60297,603200548,1863,0,0,0
43.2689,60298,603210549,1886,0,0,0
43.2789,60299,603220548,1941,0,0,0
43.2888,60300,603230549,1965,0,0,0
43.2989,60301,603240548,2032,0,0,0
43.3090,60302,603250548,1967,0,0,0
43.3189,60303,603260548,1930,0,0,0
43.3291,60304,603270549,1907,0,0,0
43.3388,60305,603280548,1863,0,0,0
43.3491,60306,603290548,1808,0,0,0
43.3594,60307,603300548,1797,0,0,0
43.3688,60308,603310549,1779,0,0,0
43.3789,60309,603320548,1790,0,0,0
43.3890,60310,603330549,1770,0,0,0
43.3989,60311,603340549,1780,0,0,0
43.4092,60312,603350548,1774,0,0,0
43.4192,60313,603360548,1770,0,0,0
43.4287,60314,603370549,1862,0,0,0
43.4388,60315,603380549,1999,0,0,0
43.4490,60316,603390548,2384,0,0,0
43.4590,60317,603400548,2559,0,0,0
43.4690,60318,603410548,2036,0,0,0
43.4810,60319,603420549,1535,0,0,0
43.4889,60320,603430548,1419,0,0,0
43.4988,60321,603440548,1517,0,0,0
43.5092,60322,603450549,1680,0,0,0
43.5190,60323,603460548,1776,0,0,0
43.5288,60324,603470548,1785,0,0,0
43.5389,60325,603480549,1827,0,0,0
43.5488,60326,603490548,1825,0,0,0
43.5592,60327,603500548,1837,0,0,0
43.5690,60328,603510548,1839,0,0,0
43.5788,60329,603520548,1851,0,0,0
43.5889,60330,603530548,1858,0,0,0
43.5988,60331,603540548,1871,0,0,0
43.6092,60332,603550548,1862,0,0,0
43.6188,60333,603560548,1904,0,0,0
43.6289,60334,603570548,1891,0,0,0
43.6388,60335,603580549,1904,0,0,0
43.6488,60336,603590548,1903,0,0,0
43.6590,60337,603600549,1923,0,0,0
43.6688,60338,603610548,1930,0,0,0
43.6789,60339,603620549,1957,0,0,0
43.6888,60340,603630549,1950,0,0,0
43.6990,60341,603640548,1963,0,0,0
43.7094,60342,603650548,1954,0,0,0
43.7188,60343,603660548,1945,0,0,0
43.7288,60344,603670548,1954,0,0,0
43.7387,60345,603680549,1942,0,0,0
43.7488,60346,603690548,1891,0,0,0
43.7591,60347,603700548,1888,0,0,0
43.7690,60348,603710548,1857,0,0,0
43.7788,60349,603720549,1829,0,0,0
43.7889,60350,603730548,1809,0,0,0
43.7990,60351,603740548,1805,0,0,0
43.8094,60352,603750548,1794,0,0,0
43.8188,60353,603760549,1805,0,0,0
43.8290,60354,603770549,1803,0,0,0
43.8387,60355,603780549,1797,0,0,0
43.8489,60356,603790548,1777,0,0,0
43.8591,60357,603800549,1808,0,0,0
43.8688,60358,603810549,1806,0,0,0
43.8789,60359,603820548,1808,0,0,0
43.8889,60360,603830548,1806,0,0,0
43.8990,60361,603840548,1825,0,0,0
43.9093,60362,603850548,1823,0,0,0
43.9188,60363,603860548,1828,0,0,0
43.9288,60364,603870548,1813,0,0,0
43.9387,60365,603880548,1829,0,0,0
43.9488,60366,603890548,1799,0,0,0
43.9592,60367,603900548,1817,0,0,0
43.9688,60368,603910548,1819,0,0,0
43.9788,60369,603920548,1816,0,0,0
43.9888,60370,603930548,1813,0,0,0
43.9989,60371,603940548,1812,0,0,0
44.0091,60372,603950548,1783,0,0,0
44.0189,60373,603960549,1824,0,0,0
44.0288,60374,603970548,1872,0,0,0
44.0387,60375,603980549,1902,0,0,0
44.0488,60376,603990548,1919,0,0,0
44.0591,60377,604000548,2000,0,0,0
44.0690,60378,604010548,1936,0,0,0
44.0790,60379,604020548,1930,0,0,0
44.0888,60380,604030548,1889,0,0,0
44.0989,60381,604040548,1854,0,0,0
44.1092,60382,604050548,1795,0,0,0
44.1188,60383,604060548,1775,0,0,0
44.1289,60384,604070548,1744,0,0,0
44.1388,60385,604080549,1739,0,0,0
44.1488,60386,604090548,1744,0,0,0
44.1592,60387,604100549,1750,0,0,0
44.1689,60388,604110548,1733,0,0,0
44.1788,60389,604120549,1744,0,0,0
44.1889,60390,604130548,1826,0,0,0
44.1989,60391,604140548,1938,0,0,0
44.2092,60392,604150548,2287,0,0,0
44.2188,60393,604160549,2597,0,0,0
44.2289,60394,604170548,2077,0,0,0
44.2387,60395,604180548,1520,0,0,0
44.2488,60396,604190548,1382,0,0,0
44.2591,60397,604200548,1488,0,0,0
44.2688,60398,604210549,1616,0,0,0
44.2791,60399,604220548,1753,0,0,0
44.2887,60400,604230549,1765,0,0,0
44.2989,60401,604240548,1791,0,0,0
44.3092,60402,604250549,1802,0,0,0
44.3188,60403,604260548,1817,0,0,0
44.3288,60404,604270548,1820,0,0,0
44.3389,60405,604280549,1838,0,0,0
44.3489,60406,604290548,1835,0,0,0
44.3591,60407,604300548,1843,0,0,0
44.3688,60408,604310548,1841,0,0,0
44.3789,60409,604320548,1861,0,0,0
44.3888,60410,604330548,1865,0,0,0
44.3993,60411,604340549,1884,0,0,0
44.4091,60412,604350548,1885,0,0,0
44.4187,60413,604360549,1918,0,0,0
44.4288,60414,604370548,1903,0,0,0
44.4387,60415,604380548,1936,0,0,0
44.4488,60416,604390548,1939,0,0,0
44.4590,60417,604400548,1951,0,0,0
44.4713,60418,604410549,1949,0,0,0
44.4788,60419,604420548,1941,0,0,0
44.4888,60420,604430548,1923,0,0,0
44.4988,60421,604440548,1915,0,0,0
44.5090,60422,604450548,1887,0,0,0
44.5188,60423,604460548,1857,0,0,0
44.5288,60424,604470548,1807,0,0,0
44.5389,60425,604480549,1803,0,0,0
44.5487,60426,604490549,1776,0,0,0
44.5593,60427,604500549,1766,0,0,0
44.5689,60428,604510548,1751,0,0,0
44.5789,60429,604520548,1769,0,0,0
44.5887,60430,604530549,1753,0,0,0
44.5989,60431,604540548,1763,0,0,0
44.6090,60432,604550548,1755,0,0,0
44.6188,60433,604560548,1765,0,0,0
44.6290,60434,604570548,1763,0,0,0
44.6387,60435,604580548,1778,0,0,0
44.6487,60436,604590548,1776,0,0,0
44.6595,60437,604600549,1793,0,0,0
44.6688,60438,604610548,1783,0,0,0
44.6790,60439,604620548,1798,0,0,0
44.6889,60440,604630548,1782,0,0,0
44.6987,60441,604640548,1802,0,0,0
44.7090,60442,604650548,1770,0,0,0
44.7210,60443,604660549,1791,0,0,0
44.7289,60444,604670548,1783,0,0,0
44.7389,60445,604680549,1785,0,0,0
44.7488,60446,604690549,1775,0,0,0
44.7591,60447,604700548,1789,0,0,0
44.7688,60448,604710549,1775,0,0,0
44.7788,60449,604720548,1785,0,0,0
44.7887,60450,604730548,1776,0,0,0
44.7988,60451,604740548,1783,0,0,0
44.8090,60452,604750548,1777,0,0,0
44.8188,60453,604760548,1790,0,0,0
44.8289,60454,604770548,1778,0,0,0
44.8388,60455,604780549,1850,0,0,0
44.8489,60456,604790548,1873,0,0,0
44.8591,60457,604800548,1909,0,0,0
44.8689,60458,604810549,1949,0,0,0
44.8788,60459,604820548,1919,0,0,0
44.8887,60460,604830549,1888,0,0,0
44.8988,60461,604840549,1873,0,0,0
44.9089,60462,604850548,1821,0,0,0
44.9189,60463,604860549,1794,0,0,0
44.9290,60464,604870549,1753,0,0,0
44.9388,60465,604880549,1744,0,0,0
44.9489,60466,604890548,1727,0,0,0
44.9593,60467,604900549,1744,0,0,0
44.9716,60468,604910548,1723,0,0,0
44.9792,60469,604920549,1735,0,0,0
44.9889,60470,604930549,1738,0,0,0
44.9987,60471,604940549,1828,0,0,0
45.0090,60472,604950548,1903,0,0,0
45.0189,60473,604960549,2242,0,0,0
45.0288,60474,604970548,2627,0,0,0
45.0389,60475,604980549,2157,0,0,0
45.0489,60476,604990548,1535,0,0,0
45.0591,60477,605000548,1407,0,0,0
45.0687,60478,605010548,1474,0,0,0
45.0789,60479,605020548,1642,0,0,0
45.0887,60480,605030549,1744,0,0,0
45.0989,60481,605040549,1776,0,0,0
45.1090,60482,605050548,1779,0,0,0
45.1189,60483,605060548,1807,0,0,0
45.1289,60484,605070548,1813,0,0,0
45.1388,60485,605080548,1829,0,0,0
45.1488,60486,605090549,1827,0,0,0
45.1591,60487,605100548,1845,0,0,0
45.1689,60488,605110548,1843,0,0,0
45.1789,60489,605120549,1877,0,0,0
45.1889,60490,605130548,1875,0,0,0
45.1988,60491,605140549,1893,0,0,0
45.2089,60492,605150548,1887,0,0,0
45.2202,60493,605160549,1911,0,0,0
45.2288,60494,605170548,1917,0,0,0
45.2389,60495,605180549,1942,0,0,0
45.2490,60496,605190549,1951,0,0,0
45.2592,60497,605200549,1970,0,0,0
45.2689,60498,605210548,1971,0,0,0
45.2788,60499,605220549,1993,0,0,0
45.2887,60500,605230548,1978,0,0,0
45.2988,60501,605240548,1991,0,0,0
45.3089,60502,605250548,1963,0,0,0
45.3189,60503,605260548,1951,0,0,0
45.3288,60504,605270548,1911,0,0,0
45.3389,60505,605280548,1873,0,0,0
45.3489,60506,605290548,1840,0,0,0
45.3592,60507,605300548,1833,0,0,0
45.3689,60508,605310549,1808,0,0,0
45.3787,60509,605320548,1813,0,0,0
45.3889,60510,605330549,1799,0,0,0
45.3992,60511,605340548,1814,0,0,0
45.4090,60512,605350548,1799,0,0,0
45.4190,60513,605360548,1810,0,0,0
45.4288,60514,605370548,1805,0,0,0
45.4389,60515,605380548,1819,0,0,0
45.4489,60516,605390548,1821,0,0,0
45.4590,60517,605400549,1837,0,0,0
45.4700,60518,605410548,1814,0,0,0
45.4789,60519,605420549,1843,0,0,0
45.4889,60520,605430548,1835,0,0,0
45.4988,60521,605440548,1846,0,0,0
45.5089,60522,605450548,1830,0,0,0
45.5187,60523,605460548,1843,0,0,0
45.5289,60524,605470548,1834,0,0,0
45.5389,60525,605480548,1854,0,0,0
45.5489,60526,605490548,1828,0,0,0
45.5592,60527,605500549,1835,0,0,0
45.5688,60528,605510549,1818,0,0,0
45.5788,60529,605520548,1839,0,0,0
45.5889,60530,605530548,1813,0,0,0
45.5988,60531,605540549,1824,0,0,0
45.6090,60532,605550548,1822,0,0,0
45.6188,60533,605560548,1845,0,0,0
45.6288,60534,605570548,1820,0,0,0
45.6388,60535,605580549,1828,0,0,0
45.6488,60536,605590548,1823,0,0,0
45.6591,60537,605600548,1839,0,0,0
45.6688,60538,605610548,1840,0,0,0
45.6788,60539,605620548,1895,0,0,0
45.6888,60540,605630548,1929,0,0,0
45.6988,60541,605640549,1955,0,0,0
45.7089,60542,605650549,1974,0,0,0
45.7205,60543,605660548,1953,0,0,0
45.7288,60544,605670548,1922,0,0,0
45.7389,60545,605680548,1904,0,0,0
45.7488,60546,605690548,1861,0,0,0
45.7590,60547,605700548,1856,0,0,0
45.7688,60548,605710548,1805,0,0,0
45.7789,60549,605720549,1797,0,0,0
45.7888,60550,605730548,1771,0,0,0
45.7988,60551,605740548,1785,0,0,0
45.8090,60552,605750549,1775,0,0,0
45.8189,60553,605760548,1799,0,0,0
45.8287,60554,605770549,1786,0,0,0
45.8388,60555,605780548,1874,0,0,0
45.8488,60556,605790549,1933,0,0,0
45.8594,60557,605800548,2315,0,0,0
45.8688,60558,605810548,2687,0,0,0
45.8789,60559,605820549,2187,0,0,0
45.8887,60560,605830548,1569,0,0,0
45.8989,60561,605840549,1479,0,0,0
45.9090,60562,605850548,1534,0,0,0
45.9188,60563,605860548,1694,0,0,0
45.9291,60564,605870548,1769,0,0,0
45.9389,60565,605880549,1808,0,0,0
45.9488,60566,605890548,1808,0,0,0
45.9594,60567,605900549,1830,0,0,0
45.9711,60568,605910548,1833,0,0,0
45.9788,60569,605920548,1850,0,0,0
45.9889,60570,605930548,1840,0,0,0
45.9989,60571,605940548,1873,0,0,0
46.0092,60572,605950548,1866,0,0,0
46.0188,60573,605960549,1894,0,0,0
46.0288,60574,605970549,1887,0,0,0
46.0388,60575,605980549,1913,0,0,0
46.0489,60576,605990548,1902,0,0,0
46.0591,60577,606000548,1936,0,0,0
46.0688,60578,606010548,1925,0,0,0
46.0789,60579,606020548,1957,0,0,0
46.0888,60580,606030548,1961,0,0,0
46.0988,60581,606040548,1989,0,0,0
46.1091,60582,606050548,1978,0,0,0
46.1189,60583,606060549,2001,0,0,0
46.1288,60584,606070549,1984,0,0,0
46.1389,60585,606080549,1991,0,0,0
46.1489,60586,606090548,1970,0,0,0
46.1593,60587,606100549,1963,0,0,0
46.1690,60588,606110549,1905,0,0,0
46.1789,60589,606120548,1883,0,0,0
46.1888,60590,606130548,1827,0,0,0
46.1989,60591,606140549,1841,0,0,0
46.2092,60592,606150548,1807,0,0,0
46.2187,60593,606160548,1818,0,0,0
46.2289,60594,606170548,1806,0,0,0
46.2388,60595,606180549,1824,0,0,0
46.2488,60596,606190548,1811,0,0,0
46.2589,60597,606200549,1825,0,0,0
46.2689,60598,606210548,1808,0,0,0
46.2789,60599,606220549,1827,0,0,0
46.2889,60600,606230548,1811,0,0,0
46.2988,60601,606240548,1837,0,0,0
46.3092,60602,606250548,1829,0,0,0
46.3189,60603,606260548,1863,0,0,0
46.3289,60604,606270548,1840,0,0,0
46.3387,60605,606280548,1865,0,0,0
46.3488,60606,606290548,1845,0,0,0
46.3590,60607,606300549,1843,0,0,0
46.3689,60608,606310548,1837,0,0,0
46.3790,60609,606320549,1852,0,0,0
46.3888,60610,606330548,1845,0,0,0
46.3990,60611,606340548,1849,0,0,0
46.4094,60612,606350548,1833,0,0,0
46.4189,60613,606360548,1841,0,0,0
46.4288,60614,606370548,1826,0,0,0
46.4387,60615,606380549,1840,0,0,0
46.4487,60616,606390548,1825,0,0,0
46.4591,60617,606400549,1856,0,0,0
46.4713,60618,606410548,1858,0,0,0
46.4789,60619,606420549,1922,0,0,0
46.4888,60620,606430549,1942,0,0,0
46.4988,60621,606440548,1995,0,0,0
46.5091,60622,606450549,1968,0,0,0
46.5189,60623,606460548,1951,0,0,0
46.5290,60624,606470549,1920,0,0,0
46.5388,60625,606480549,1878,0,0,0
46.5487,60626,606490549,1839,0,0,0
46.5593,60627,606500548,1821,0,0,0
46.5687,60628,606510549,1778,0,0,0
46.5787,60629,606520548,1776,0,0,0
46.5888,60630,606530548,1775,0,0,0
46.5987,60631,606540549,1785,0,0,0
46.6089,60632,606550548,1755,0,0,0
46.6188,60633,606560548,1785,0,0,0
46.6287,60634,606570548,1791,0,0,0
46.6386,60635,606580549,1887,0,0,0
46.6489,60636,606590548,1974,0,0,0
46.6593,60637,606600548,2559,0,0,0
46.6687,60638,606610548,2458,0,0,0
46.6788,60639,606620548,1930,0,0,0
46.6887,60640,606630548,1497,0,0,0
46.6987,60641,606640549,1454,0,0,0
46.7090,60642,606650548,1523,0,0,0
46.7211,60643,606660548,1721,0,0,0
46.7287,60644,606670549,1764,0,0,0
46.7388,60645,606680549,1791,0,0,0
46.7490,60646,606690548,1808,0,0,0
46.7593,60647,606700549,1825,0,0,0
46.7689,60648,606710549,1820,0,0,0
46.7788,60649,606720549,1855,0,0,0
46.7887,60650,606730549,1833,0,0,0
46.7988,60651,606740549,1867,0,0,0
46.8089,60652,606750548,1854,0,0,0
46.8188,60653,606760548,1879,0,0,0
46.8290,60654,606770548,1872,0,0,0
46.8388,60655,606780548,1886,0,0,0
46.8487,60656,606790548,1882,0,0,0
46.8592,60657,606800548,1918,0,0,0
46.8687,60658,606810549,1898,0,0,0
46.8787,60659,606820549,1942,0,0,0
46.8887,60660,606830549,1941,0,0,0
46.8988,60661,606840548,1957,0,0,0
46.9090,60662,606850548,1941,0,0,0
46.9189,60663,606860548,1954,0,0,0
46.9289,60664,606870548,1936,0,0,0
46.9388,60665,606880548,1954,0,0,0
46.9489,60666,606890549,1936,0,0,0
46.9592,60667,606900548,1915,0,0,0
46.9702,60668,606910549,1882,0,0,0
46.9787,60669,606920548,1879,0,0,0
46.9887,60670,606930548,1814,0,0,0
46.9987,60671,606940548,1840,0,0,0
47.0092,60672,606950548,1798,0,0,0
47.0189,60673,606960548,1810,0,0,0
47.0288,60674,606970549,1799,0,0,0
47.0389,60675,606980548,1834,0,0,0
47.0490,60676,606990548,1803,0,0,0
47.0592,60677,607000549,1829,0,0,0
47.0687,60678,607010549,1792,0,0,0
47.0788,60679,607020549,1840,0,0,0
47.0887,60680,607030548,1811,0,0,0
47.0989,60681,607040548,1827,0,0,0
47.1090,60682,607050548,1798,0,0,0
47.1189,60683,607060549,1819,0,0,0
47.1289,60684,607070548,1807,0,0,0
47.1388,60685,607080549,1839,0,0,0
47.1488,60686,607090548,1817,0,0,0
47.1594,60687,607100549,1807,0,0,0
47.1688,60688,607110548,1810,0,0,0
47.1788,60689,607120549,1829,0,0,0
47.1888,60690,607130548,1807,0,0,0
47.1987,60691,607140549,1853,0,0,0
47.2090,60692,607150548,1794,0,0,0
47.2205,60693,607160548,1834,0,0,0
47.2287,60694,607170548,1808,0,0,0
47.2388,60695,607180548,1829,0,0,0
47.2490,60696,607190549,1863,0,0,0
47.2591,60697,607200548,1919,0,0,0
47.2687,60698,607210548,1916,0,0,0
47.2787,60699,607220548,2010,0,0,0
47.2887,60700,607230548,1962,0,0,0
47.2988,60701,607240548,1946,0,0,0
47.3091,60702,607250548,1914,0,0,0
47.3188,60703,607260549,1872,0,0,0
47.3287,60704,607270548,1835,0,0,0
47.3387,60705,607280549,1809,0,0,0
47.3490,60706,607290548,1761,0,0,0
47.3593,60707,607300548,1775,0,0,0
47.3688,60708,607310548,1771,0,0,0
47.3787,60709,607320548,1776,0,0,0
47.3887,60710,607330548,1775,0,0,0
47.3988,60711,607340548,1789,0,0,0
47.4090,60712,607350548,1808,0,0,0
47.4189,60713,607360549,1974,0,0,0
47.4289,60714,607370548,2185,0,0,0
47.4387,60715,607380548,2630,0,0,0
47.4490,60716,607390549,2183,0,0,0
47.4592,60717,607400548,1677,0,0,0
47.4697,60718,607410548,1412,0,0,0
47.4789,60719,607420549,1487,0,0,0
47.4890,60720,607430548,1620,0,0,0
47.4991,60721,607440548,1775,0,0,0
47.5094,60722,607450548,1815,0,0,0
47.5189,60723,607460549,1827,0,0,0
47.5290,60724,607470549,1826,0,0,0
47.5387,60725,607480548,1857,0,0,0
47.5487,60726,607490548,1842,0,0,0
47.5590,60727,607500548,1867,0,0,0
47.5690,60728,607510548,1872,0,0,0
47.5788,60729,607520548,1883,0,0,0
47.5887,60730,607530548,1858,0,0,0
47.5992,60731,607540549,1883,0,0,0
47.6091,60732,607550548,1882,0,0,0
47.6187,60733,607560548,1903,0,0,0
47.6289,60734,607570548,1888,0,0,0
47.6387,60735,607580549,1915,0,0,0
47.6488,60736,607590549,1909,0,0,0
47.6590,60737,607600548,1939,0,0,0
47.6688,60738,607610548,1936,0,0,0
47.6789,60739,607620548,1948,0,0,0
47.6887,60740,607630548,1937,0,0,0
47.6990,60741,607640548,1948,0,0,0
47.7090,60742,607650548,1919,0,0,0
47.7199,60743,607660548,1946,0,0,0
47.7297,60744,607670548,1904,0,0,0
47.7389,60745,607680548,1902,0,0,0
47.7486,60746,607690548,1857,0,0,0
47.7591,60747,607700548,1842,0,0,0
47.7689,60748,607710548,1809,0,0,0
47.7788,60749,607720548,1814,0,0,0
47.7887,60750,607730548,1806,0,0,0
47.7988,60751,607740548,1810,0,0,0
47.8092,60752,607750549,1795,0,0,0
47.8187,60753,607760549,1815,0,0,0
47.8292,60754,607770548,1798,0,0,0
47.8388,60755,607780549,1819,0,0,0
47.8489,60756,607790548,1798,0,0,0
47.8594,60757,607800549,1818,0,0,0
47.8687,60758,607810548,1818,0,0,0
47.8787,60759,607820549,1808,0,0,0
47.8887,60760,607830548,1808,0,0,0
47.8987,60761,607840549,1831,0,0,0
47.9092,60762,607850548,1797,0,0,0
47.9189,60763,607860549,1819,0,0,0
47.9287,60764,607870549,1806,0,0,0
47.9387,60765,607880548,1818,0,0,0
47.9488,60766,607890548,1802,0,0,0
47.9593,60767,607900549,1822,0,0,0
47.9689,60768,607910548,1791,0,0,0
47.9787,60769,607920549,1825,0,0,0
47.9887,60770,607930548,1808,0,0,0
47.9992,60771,607940548,1823,0,0,0
48.0092,60772,607950548,1879,0,0,0
48.0187,60773,607960549,1919,0,0,0
48.0288,60774,607970548,1941,0,0,0
48.0388,60775,607980548,2000,0,0,0
48.0487,60776,607990548,1910,0,0,0
48.0592,60777,608000549,1931,0,0,0
48.0688,60778,608010548,1872,0,0,0
48.0789,60779,608020548,1835,0,0,0
48.0888,60780,608030548,1769,0,0,0
48.0988,60781,608040549,1775,0,0,0
48.1091,60782,608050548,1732,0,0,0
48.1187,60783,608060549,1746,0,0,0
48.1287,60784,608070548,1745,0,0,0
48.1391,60785,608080549,1741,0,0,0
48.1488,60786,608090549,1724,0,0,0
48.1588,60787,608100548,1761,0,0,0
48.1687,60788,608110548,1860,0,0,0
48.1788,60789,608120549,1975,0,0,0
48.1887,60790,608130549,2469,0,0,0
48.1989,60791,608140548,2448,0,0,0
48.2089,60792,608150548,1856,0,0,0
48.2188,60793,608160549,1428,0,0,0
48.2287,60794,608170549,1369,0,0,0
48.2389,60795,608180548,1514,0,0,0
48.2487,60796,608190548,1654,0,0,0
48.2588,60797,608200549,1771,0,0,0
48.2687,60798,608210548,1757,0,0,0
48.2787,60799,608220548,1791,0,0,0
48.2893,60800,608230549,1790,0,0,0
48.2988,60801,608240548,1808,0,0,0
48.3090,60802,608250548,1810,0,0,0
48.3189,60803,608260549,1829,0,0,0
48.3291,60804,608270548,1829,0,0,0
48.3387,60805,608280548,1847,0,0,0
48.3490,60806,608290549,1833,0,0,0
48.3589,60807,608300548,1861,0,0,0
48.3687,60808,608310548,1850,0,0,0
48.3788,60809,608320549,1882,0,0,0
48.3888,60810,608330548,1867,0,0,0
48.3987,60811,608340548,1899,0,0,0
48.4087,60812,608350549,1902,0,0,0
48.4190,60813,608360548,1937,0,0,0
48.4288,60814,608370549,1917,0,0,0
48.4387,60815,608380548,1942,0,0,0
48.4489,60816,608390549,1924,0,0,0
48.4591,60817,608400548,1942,0,0,0
48.4686,60818,608410548,1917,0,0,0
48.4790,60819,608420549,1919,0,0,0
48.4889,60820,608430548,1854,0,0,0
48.4987,60821,608440548,1826,0,0,0
48.5088,60822,608450548,1808,0,0,0
48.5188,60823,608460549,1794,0,0,0
48.5290,60824,608470548,1771,0,0,0
48.5388,60825,608480548,1776,0,0,0
48.5487,60826,608490548,1750,0,0,0
48.5592,60827,608500548,1766,0,0,0
48.5687,60828,608510548,1771,0,0,0
48.5787,60829,608520548,1776,0,0,0
48.5888,60830,608530548,1749,0,0,0
48.5988,60831,608540549,1782,0,0,0
48.6090,60832,608550548,1779,0,0,0
48.6187,60833,608560549,1795,0,0,0
48.6288,60834,608570548,1796,0,0,0
48.6388,60835,608580548,1805,0,0,0
48.6488,60836,608590548,1800,0,0,0
48.6591,60837,608600549,1813,0,0,0
48.6689,60838,608610548,1795,0,0,0
48.6790,60839,608620548,1825,0,0,0
48.6888,60840,608630548,1808,0,0,0
48.6989,60841,608640549,1814,0,0,0
48.7091,60842,608650548,1795,0,0,0
48.7196,60843,608660548,1831,0,0,0
48.7293,60844,608670548,1807,0,0,0
48.7387,60845,608680549,1803,0,0,0
48.7487,60846,608690548,1807,0,0,0
48.7593,60847,608700548,1814,0,0,0
48.7688,60848,608710548,1800,0,0,0
48.7788,60849,608720548,1810,0,0,0
48.7889,60850,608730548,1840,0,0,0
48.7988,60851,608740548,1905,0,0,0
48.8092,60852,608750548,1907,0,0,0
48.8186,60853,608760548,1979,0,0,0
48.8287,60854,608770548,1963,0,0,0
48.8389,60855,608780549,1935,0,0,0
48.8488,60856,608790549,1889,0,0,0
48.8590,60857,608800548,1871,0,0,0
48.8687,60858,608810548,1823,0,0,0
48.8790,60859,608820548,1792,0,0,0
48.8887,60860,608830548,1744,0,0,0
48.8990,60861,608840548,1748,0,0,0
48.9093,60862,608850548,1730,0,0,0
48.9187,60863,608860548,1747,0,0,0
48.9288,60864,608870548,1741,0,0,0
48.9387,60865,608880548,1749,0,0,0
48.9487,60866,608890549,1769,0,0,0
48.9591,60867,608900548,1917,0,0,0
48.9699,60868,608910548,2065,0,0,0
48.9788,60869,608920549,2623,0,0,0
48.9886,60870,608930548,2301,0,0,0
48.9988,60871,608940549,1676,0,0,0
49.0090,60872,608950548,1393,0,0,0
49.0189,60873,608960549,1447,0,0,0
49.0291,60874,608970548,1567,0,0,0
49.0387,60875,608980549,1726,0,0,0
49.0490,60876,608990548,1765,0,0,0
49.0594,60877,609000548,1777,0,0,0
49.0687,60878,609010548,1792,0,0,0
49.0788,60879,609020549,1815,0,0,0
49.0888,60880,609030548,1809,0,0,0
49.0987,60881,609040548,1833,0,0,0
49.1089,60882,609050548,1830,0,0,0
49.1187,60883,609060548,1846,0,0,0
49.1290,60884,609070549,1850,0,0,0
49.1387,60885,609080549,1855,0,0,0
49.1487,60886,609090548,1863,0,0,0
49.1590,60887,609100549,1882,0,0,0
49.1687,60888,609110549,1878,0,0,0
49.1789,60889,609120548,1902,0,0,0
49.1887,60890,609130548,1912,0,0,0
49.1988,60891,609140549,1930,0,0,0
49.2092,60892,609150548,1919,0,0,0
49.2211,60893,609160548,1940,0,0,0
49.2290,60894,609170548,1949,0,0,0
49.2388,60895,609180548,1947,0,0,0
49.2488,60896,609190549,1930,0,0,0
49.2592,60897,609200548,1930,0,0,0
49.2689,60898,609210548,1904,0,0,0
49.2789,60899,609220548,1872,0,0,0
49.2887,60900,609230548,1819,0,0,0
49.2988,60901,609240549,1795,0,0,0
49.3089,60902,609250548,1765,0,0,0
49.3187,60903,609260548,1775,0,0,0
49.3288,60904,609270548,1760,0,0,0
49.3387,60905,609280548,1770,0,0,0
49.3489,60906,609290548,1747,0,0,0
49.3591,60907,609300549,1770,0,0,0
49.3687,60908,609310549,1751,0,0,0
49.3787,60909,609320548,1772,0,0,0
49.3888,60910,609330548,1760,0,0,0
49.3987,60911,609340548,1776,0,0,0
49.4089,60912,609350548,1759,0,0,0
49.4190,60913,609360549,1781,0,0,0
49.4287,60914,609370549,1778,0,0,0
49.4386,60915,609380548,1795,0,0,0
49.4491,60916,609390548,1783,0,0,0
49.4592,60917,609400549,1791,0,0,0
49.4719,60918,609410548,1783,0,0,0
49.4789,60919,609420549,1798,0,0,0
49.4887,60920,609430548,1783,0,0,0
49.4987,60921,609440549,1781,0,0,0
49.5087,60922,609450549,1787,0,0,0
49.5193,60923,609460548,1801,0,0,0
49.5287,60924,609470548,1781,0,0,0
49.5388,60925,609480548,1789,0,0,0
49.5487,60926,609490548,1786,0,0,0
49.5589,60927,609500548,1798,0,0,0
49.5688,60928,609510548,1783,0,0,0
49.5787,60929,609520549,1794,0,0,0
49.5889,60930,609530548,1789,0,0,0
49.5989,60931,609540548,1791,0,0,0
49.6092,60932,609550548,1794,0,0,0
49.6188,60933,609560548,1811,0,0,0
49.6289,60934,609570548,1859,0,0,0
49.6386,60935,609580548,1893,0,0,0
49.6488,60936,609590548,1914,0,0,0
49.6592,60937,609600549,1945,0,0,0
49.6687,60938,609610548,1904,0,0,0
49.6790,60939,609620549,1904,0,0,0
49.6886,60940,609630549,1857,0,0,0
49.6991,60941,609640549,1834,0,0,0
49.7094,60942,609650548,1785,0,0,0
49.7187,60943,609660548,1761,0,0,0
49.7290,60944,609670548,1744,0,0,0
49.7392,60945,609680549,1745,0,0,0
49.7487,60946,609690548,1734,0,0,0
49.7591,60947,609700548,1741,0,0,0
49.7689,60948,609710548,1743,0,0,0
49.7787,60949,609720548,1755,0,0,0
49.7887,60950,609730548,1847,0,0,0
49.7992,60951,609740548,1917,0,0,0
49.8094,60952,609750548,2385,0,0,0
49.8187,60953,609760549,2634,0,0,0
49.8292,60954,609770548,2017,0,0,0
49.8389,60955,609780548,1485,0,0,0
49.8487,60956,609790548,1433,0,0,0
49.8588,60957,609800548,1525,0,0,0
49.8687,60958,609810549,1678,0,0,0
49.8787,60959,609820548,1760,0,0,0
49.8888,60960,609830549,1766,0,0,0
49.8987,60961,609840549,1785,0,0,0
49.9088,60962,609850548,1797,0,0,0
49.9188,60963,609860549,1810,0,0,0
49.9287,60964,609870548,1813,0,0,0
49.9388,60965,609880548,1833,0,0,0
49.9488,60966,609890548,1847,0,0,0
49.9588,60967,609900548,1841,0,0,0
49.9686,60968,609910549,1855,0,0,0
49.9803,60969,609920549,1861,0,0,0
49.9887,60970,609930548,1867,0,0,0
49.9988,60971,609940548,1884,0,0,0
50.0103,60972,609950548,1893,0,0,0
50.0206,60973,609960548,1909,0,0,0
50.0288,60974,609970548,1931,0,0,0
50.0424,60975,609980548,1941,0,0,0
50.0505,60976,609990548,1959,0,0,0
50.0593,60977,610000549,1968,0,0,0
50.0706,60978,610010549,1978,0,0,0
50.0787,60979,610020548,1968,0,0,0
50.0886,60980,610030548,1969,0,0,0
50.0989,60981,610040549,1942,0,0,0
50.1092,60982,610050548,1915,0,0,0
50.1187,60983,610060548,1886,0,0,0
50.1288,60984,610070548,1847,0,0,0
50.1386,60985,610080549,1815,0,0,0
50.1487,60986,610090549,1806,0,0,0
50.1590,60987,610100548,1791,0,0,0
50.1687,60988,610110548,1791,0,0,0
50.1791,60989,610120548,1787,0,0,0
50.1949,60990,610130548,1790,0,0,0
50.2015,60991,610140549,1789,0,0,0
50.2092,60992,610150548,1792,0,0,0
50.2208,60993,610160548,1797,0,0,0
50.2328,60994,610170548,1806,0,0,0
50.2386,60995,610180549,1802,0,0,0
50.2488,60996,610190548,1819,0,0,0
50.2590,60997,610200548,1823,0,0,0
50.2686,60998,610210548,1825,0,0,0
50.2787,60999,610220548,1823,0,0,0
50.2886,61000,610230548,1829,0,0,0
50.2986,61001,610240548,1825,0,0,0
50.3094,61002,610250548,1826,0,0,0
50.3187,61003,610260548,1822,0,0,0
50.3288,61004,610270548,1838,0,0,0
50.3406,61005,610280548,1824,0,0,0
50.3522,61006,610290548,1838,0,0,0
50.3625,61007,610300549,1827,0,0,0
50.3699,61008,610310548,1839,0,0,0
50.3818,61009,610320548,1833,0,0,0
50.3886,61010,610330548,1842,0,0,0
50.3990,61011,610340549,1833,0,0,0
50.4091,61012,610350548,1840,0,0,0
50.4187,61013,610360549,1829,0,0,0
50.4287,61014,610370548,1841,0,0,0
50.4387,61015,610380548,1840,0,0,0
50.4490,61016,610390548,1836,0,0,0
50.4591,61017,610400548,1875,0,0,0
50.4687,61018,610410549,1938,0,0,0
50.4790,61019,610420549,1964,0,0,0
50.4888,61020,610430548,1994,0,0,0
50.5023,61021,610440548,1984,0,0,0
50.5121,61022,610450548,1966,0,0,0
50.5214,61023,610460548,1941,0,0,0
50.5292,61024,610470548,1898,0,0,0
50.5436,61025,610480548,1870,0,0,0
50.5487,61026,610490549,1843,0,0,0
50.5591,61027,610500549,1815,0,0,0
50.5723,61028,610510548,1808,0,0,0
50.5787,61029,610520549,1783,0,0,0
50.5886,61030,610530548,1818,0,0,0
50.5988,61031,610540548,1799,0,0,0
50.6091,61032,610550548,1810,0,0,0
50.6190,61033,610560549,1831,0,0,0
50.6287,61034,610570549,1936,0,0,0
50.6387,61035,610580548,2070,0,0,0
50.6487,61036,610590548,2679,0,0,0
50.6589,61037,610600548,2446,0,0,0
50.6715,61038,610610548,1840,0,0,0
50.6793,61039,610620548,1519,0,0,0
50.6916,61040,610630548,1520,0,0,0
50.6987,61041,610640548,1617,0,0,0
50.7136,61042,610650549,1776,0,0,0
50.7194,61043,610660548,1808,0,0,0
50.7319,61044,610670548,1838,0,0,0
50.7387,61045,610680548,1847,0,0,0
50.7486,61046,610690548,1869,0,0,0
50.7589,61047,610700548,1869,0,0,0
50.7687,61048,610710548,1894,0,0,0
50.7787,61049,610720548,1881,0,0,0
50.7887,61050,610730549,1903,0,0,0
50.7987,61051,610740548,1904,0,0,0
50.8090,61052,610750548,1912,0,0,0
50.8188,61053,610760549,1906,0,0,0
50.8289,61054,610770548,1937,0,0,0
50.8387,61055,610780548,1931,0,0,0
50.8487,61056,610790548,1963,0,0,0
50.8590,61057,610800548,1959,0,0,0
50.8688,61058,610810548,1981,0,0,0
50.8788,61059,610820549,1990,0,0,0
50.8887,61060,610830549,1989,0,0,0
50.8991,61061,610840548,1995,0,0,0
50.9092,61062,610850548,1997,0,0,0
50.9187,61063,610860548,1996,0,0,0
50.9288,61064,610870548,1984,0,0,0
50.9388,61065,610880548,1966,0,0,0
50.9487,61066,610890548,1957,0,0,0
50.9590,61067,610900548,1897,0,0,0
50.9687,61068,610910548,1877,0,0,0
50.9788,61069,610920548,1840,0,0,0
50.9888,61070,610930548,1839,0,0,0
50.9989,61071,610940549,1835,0,0,0
51.0093,61072,610950548,1844,0,0,0
51.0187,61073,610960549,1818,0,0,0
51.0287,61074,610970548,1840,0,0,0
51.0386,61075,610980548,1823,0,0,0
51.0487,61076,610990548,1840,0,0,0
51.0590,61077,611000549,1838,0,0,0
51.0689,61078,611010548,1854,0,0,0
51.0789,61079,611020548,1840,0,0,0
51.0886,61080,611030548,1862,0,0,0
51.0987,61081,611040548,1841,0,0,0
51.1094,61082,611050548,1851,0,0,0
51.1187,61083,611060549,1858,0,0,0
51.1287,61084,611070548,1866,0,0,0
51.1387,61085,611080548,1840,0,0,0
51.1486,61086,611090548,1872,0,0,0
51.1589,61087,611100548,1842,0,0,0
51.1691,61088,611110549,1855,0,0,0
51.1788,61089,611120548,1840,0,0,0
51.1887,61090,611130548,1874,0,0,0
51.1987,61091,611140549,1846,0,0,0
51.2090,61092,611150548,1872,0,0,0
51.2194,61093,611160548,1842,0,0,0
51.2289,61094,611170548,1856,0,0,0
51.2387,61095,611180549,1841,0,0,0
51.2488,61096,611190548,1874,0,0,0
51.2591,61097,611200548,1873,0,0,0
51.2687,61098,611210549,1947,0,0,0
51.2789,61099,611220548,1949,0,0,0
51.2887,61100,611230548,2001,0,0,0
51.2990,61101,611240549,1998,0,0,0
51.3092,61102,611250548,1963,0,0,0
51.3187,61103,611260548,1951,0,0,0
51.3287,61104,611270549,1917,0,0,0
51.3387,61105,611280548,1857,0,0,0
51.3486,61106,611290549,1847,0,0,0
51.3592,61107,611300548,1808,0,0,0
51.3687,61108,611310548,1803,0,0,0
51.3791,61109,611320549,1790,0,0,0
51.3888,61110,611330548,1791,0,0,0
51.3990,61111,611340549,1779,0,0,0
51.4092,61112,611350548,1794,0,0,0
51.4187,61113,611360549,1797,0,0,0
51.4287,61114,611370548,1923,0,0,0
51.4387,61115,611380549,2009,0,0,0
51.4487,61116,611390548,2557,0,0,0
51.4589,61117,611400549,2487,0,0,0
51.4694,61118,611410548,1909,0,0,0
51.4789,61119,611420548,1494,0,0,0
51.4889,61120,611430548,1472,0,0,0
51.4987,61121,611440548,1535,0,0,0
51.5087,61122,611450548,1728,0,0,0
51.5190,61123,611460548,1785,0,0,0
51.5287,61124,611470548,1817,0,0,0
51.5387,61125,611480548,1815,0,0,0
51.5487,61126,611490548,1861,0,0,0
51.5590,61127,611500549,1840,0,0,0
51.5688,61128,611510548,1863,0,0,0
51.5787,61129,611520549,1862,0,0,0
51.5887,61130,611530548,1872,0,0,0
51.5987,61131,611540549,1859,0,0,0
51.6092,61132,611550548,1891,0,0,0
51.6188,61133,611560549,1869,0,0,0
51.6288,61134,611570548,1894,0,0,0
51.6386,61135,611580549,1887,0,0,0
51.6488,61136,611590548,1929,0,0,0
51.6590,61137,611600548,1911,0,0,0
51.6687,61138,611610548,1933,0,0,0
51.6789,61139,611620548,1946,0,0,0
51.6888,61140,611630548,1965,0,0,0
51.6989,61141,611640548,1942,0,0,0
51.7092,61142,611650548,1950,0,0,0
51.7201,61143,611660548,1935,0,0,0
51.7300,61144,611670548,1961,0,0,0
51.7386,61145,611680548,1919,0,0,0
51.7486,61146,611690548,1907,0,0,0
51.7589,61147,611700548,1863,0,0,0
51.7688,61148,611710548,1853,0,0,0
51.7789,61149,611720548,1824,0,0,0
51.7888,61150,611730548,1811,0,0,0
51.7990,61151,611740548,1777,0,0,0
51.8090,61152,611750549,1813,0,0,0
51.8187,61153,611760549,1793,0,0,0
51.8290,61154,611770548,1807,0,0,0
51.8386,61155,611780548,1795,0,0,0
51.8487,61156,611790548,1815,0,0,0
51.8588,61157,611800548,1778,0,0,0
51.8687,61158,611810548,1817,0,0,0
51.8788,61159,611820549,1804,0,0,0
51.8886,61160,611830548,1820,0,0,0
51.8989,61161,611840548,1819,0,0,0
51.9091,61162,611850548,1830,0,0,0
51.9188,61163,611860548,1810,0,0,0
51.9288,61164,611870548,1822,0,0,0
51.9388,61165,611880548,1805,0,0,0
51.9489,61166,611890548,1829,0,0,0
51.9592,61167,611900548,1797,0,0,0
51.9687,61168,611910549,1814,0,0,0
51.9792,61169,611920548,1806,0,0,0
51.9887,61170,611930548,1809,0,0,0
51.9990,61171,611940548,1788,0,0,0
52.0092,61172,611950549,1815,0,0,0
52.0186,61173,611960548,1798,0,0,0
52.0289,61174,611970548,1804,0,0,0
52.0387,61175,611980549,1782,0,0,0
52.0487,61176,611990548,1875,0,0,0
52.0588,61177,612000548,1895,0,0,0
52.0687,61178,612010549,1930,0,0,0
52.0790,61179,612020549,1968,0,0,0
52.0887,61180,612030549,1946,0,0,0
52.0988,61181,612040549,1901,0,0,0
52.1092,61182,612050548,1891,0,0,0
52.1188,61183,612060548,1823,0,0,0
52.1287,61184,612070548,1813,0,0,0
52.1387,61185,612080549,1762,0,0,0
52.1490,61186,612090548,1759,0,0,0
52.1591,61187,612100548,1731,0,0,0
52.1688,61188,612110548,1744,0,0,0
52.1788,61189,612120548,1729,0,0,0
52.1889,61190,612130548,1745,0,0,0
52.1987,61191,612140548,1728,0,0,0
52.2091,61192,612150548,1809,0,0,0
52.2199,61193,612160548,1891,0,0,0
52.2287,61194,612170548,2123,0,0,0
52.2387,61195,612180548,2609,0,0,0
52.2488,61196,612190548,2218,0,0,0
52.2591,61197,612200549,1616,0,0,0
52.2687,61198,612210549,1392,0,0,0
52.2789,61199,612220548,1421,0,0,0
52.2886,61200,612230548,1587,0,0,0
52.2987,61201,612240548,1701,0,0,0
52.3089,61202,612250548,1756,0,0,0
52.3187,61203,612260549,1750,0,0,0
52.3289,61204,612270548,1791,0,0,0
52.3388,61205,612280549,1786,0,0,0
52.3487,61206,612290548,1819,0,0,0
52.3591,61207,612300548,1809,0,0,0
52.3688,61208,612310548,1830,0,0,0
52.3788,61209,612320549,1819,0,0,0
52.3887,61210,612330548,1845,0,0,0
52.3987,61211,612340548,1831,0,0,0
52.4090,61212,612350548,1841,0,0,0
52.4190,61213,612360549,1854,0,0,0
52.4288,61214,612370548,1882,0,0,0
52.4388,61215,612380548,1869,0,0,0
52.4490,61216,612390548,1904,0,0,0
52.4591,61217,612400548,1907,0,0,0
52.4693,61218,612410548,1936,0,0,0
52.4788,61219,612420548,1929,0,0,0
52.4889,61220,612430548,1945,0,0,0
52.4987,61221,612440548,1927,0,0,0
52.5088,61222,612450548,1952,0,0,0
52.5188,61223,612460549,1915,0,0,0
52.5287,61224,612470549,1911,0,0,0
52.5388,61225,612480548,1862,0,0,0
52.5488,61226,612490548,1846,0,0,0
52.5592,61227,612500548,1808,0,0,0
52.5688,61228,612510548,1797,0,0,0
52.5787,61229,612520548,1789,0,0,0
52.5887,61230,612530548,1793,0,0,0
52.5988,61231,612540548,1767,0,0,0
52.6091,61232,612550548,1778,0,0,0
52.6188,61233,612560548,1766,0,0,0
52.6288,61234,612570548,1778,0,0,0
52.6387,61235,612580549,1762,0,0,0
52.6487,61236,612590548,1786,0,0,0
52.6589,61237,612600549,1788,0,0,0
52.6687,61238,612610548,1808,0,0,0
52.6790,61239,612620548,1806,0,0,0
52.6888,61240,612630548,1823,0,0,0
52.6987,61241,612640548,1810,0,0,0
52.7091,61242,612650548,1827,0,0,0
52.7188,61243,612660548,1808,0,0,0
52.7287,61244,612670548,1825,0,0,0
52.7386,61245,612680549,1808,0,0,0
52.7489,61246,612690549,1811,0,0,0
52.7592,61247,612700548,1790,0,0,0
52.7687,61248,612710548,1809,0,0,0
52.7789,61249,612720548,1795,0,0,0
52.7886,61250,612730548,1799,0,0,0
52.7987,61251,612740549,1772,0,0,0
52.8090,61252,612750548,1799,0,0,0
52.8187,61253,612760549,1787,0,0,0
52.8288,61254,612770548,1806,0,0,0
52.8387,61255,612780549,1791,0,0,0
52.8488,61256,612790548,1801,0,0,0
52.8590,61257,612800549,1796,0,0,0
52.8687,61258,612810548,1838,0,0,0
52.8788,61259,612820548,1878,0,0,0
52.8886,61260,612830548,1918,0,0,0
52.8987,61261,612840549,1935,0,0,0
52.9089,61262,612850548,1953,0,0,0
52.9188,61263,612860549,1903,0,0,0
52.9287,61264,612870548,1886,0,0,0
52.9387,61265,612880549,1831,0,0,0
52.9489,61266,612890548,1838,0,0,0
52.9594,61267,612900549,1778,0,0,0
52.9687,61268,612910548,1753,0,0,0
52.9787,61269,612920549,1744,0,0,0
52.9886,61270,612930549,1746,0,0,0
52.9986,61271,612940548,1740,0,0,0
53.0089,61272,612950548,1751,0,0,0
53.0188,61273,612960548,1748,0,0,0
53.0291,61274,612970548,1794,0,0,0
53.0387,61275,612980548,1888,0,0,0
53.0489,61276,612990548,2054,0,0,0
53.0590,61277,613000548,2625,0,0,0
53.0687,61278,613010548,2361,0,0,0
53.0787,61279,613020548,1671,0,0,0
53.0886,61280,613030548,1424,0,0,0
53.0986,61281,613040548,1450,0,0,0
53.1090,61282,613050548,1584,0,0,0
53.1188,61283,613060549,1719,0,0,0
53.1289,61284,613070548,1761,0,0,0
53.1387,61285,613080549,1771,0,0,0
53.1486,61286,613090548,1788,0,0,0
53.1592,61287,613100549,1790,0,0,0
53.1689,61288,613110549,1817,0,0,0
53.1787,61289,613120549,1822,0,0,0
53.1887,61290,613130548,1834,0,0,0
53.1986,61291,613140549,1840,0,0,0
53.2089,61292,613150548,1869,0,0,0
53.2198,61293,613160548,1860,0,0,0
53.2290,61294,613170548,1872,0,0,0
53.2388,61295,613180548,1877,0,0,0
53.2488,61296,613190548,1902,0,0,0
53.2587,61297,613200548,1914,0,0,0
53.2687,61298,613210548,1936,0,0,0
53.2787,61299,613220549,1932,0,0,0
53.2887,61300,613230548,1952,0,0,0
53.2986,61301,613240548,1965,0,0,0
53.3092,61302,613250549,1979,0,0,0
53.3186,61303,613260549,1968,0,0,0
53.3288,61304,613270548,1973,0,0,0
53.3388,61305,613280548,1961,0,0,0
53.3486,61306,613290548,1947,0,0,0
53.3591,61307,613300549,1904,0,0,0
53.3688,61308,613310549,1859,0,0,0
53.3789,61309,613320549,1840,0,0,0
53.3887,61310,613330548,1814,0,0,0
53.3989,61311,613340549,1799,0,0,0
53.4092,61312,613350548,1796,0,0,0
53.4187,61313,613360549,1790,0,0,0
53.4288,61314,613370549,1795,0,0,0
53.4386,61315,613380548,1797,0,0,0
53.4487,61316,613390548,1794,0,0,0
53.4589,61317,613400548,1809,0,0,0
53.4699,61318,613410548,1808,0,0,0
53.4786,61319,613420548,1808,0,0,0
53.4888,61320,613430548,1813,0,0,0
53.4987,61321,613440548,1818,0,0,0
53.5087,61322,613450548,1831,0,0,0
53.5190,61323,613460548,1839,0,0,0
53.5288,61324,613470549,1841,0,0,0
53.5387,61325,613480548,1838,0,0,0
53.5487,61326,613490548,1829,0,0,0
53.5590,61327,613500549,1831,0,0,0
53.5687,61328,613510548,1834,0,0,0
53.5787,61329,613520548,1827,0,0,0
53.5887,61330,613530548,1834,0,0,0
53.5987,61331,613540548,1835,0,0,0
53.6091,61332,613550548,1826,0,0,0
53.6186,61333,613560548,1827,0,0,0
53.6289,61334,613570548,1831,0,0,0
53.6388,61335,613580549,1836,0,0,0
53.6487,61336,613590548,1830,0,0,0
53.6588,61337,613600548,1831,0,0,0
53.6688,61338,613610548,1838,0,0,0
53.6787,61339,613620548,1847,0,0,0
53.6887,61340,613630548,1872,0,0,0
53.6990,61341,613640548,1927,0,0,0
53.7090,61342,613650548,1941,0,0,0
53.7208,61343,613660549,1987,0,0,0
53.7290,61344,613670548,1987,0,0,0
53.7389,61345,613680548,1953,0,0,0
53.7487,61346,613690549,1919,0,0,0
53.7589,61347,613700548,1888,0,0,0
53.7687,61348,613710548,1867,0,0,0
53.7787,61349,613720549,1826,0,0,0
53.7886,61350,613730548,1791,0,0,0
53.7989,61351,613740549,1787,0,0,0
53.8089,61352,613750548,1794,0,0,0
53.8188,61353,613760548,1797,0,0,0
53.8288,61354,613770548,1790,0,0,0
53.8386,61355,613780548,1791,0,0,0
53.8488,61356,613790548,1826,0,0,0
53.8589,61357,613800549,1927,0,0,0
53.8695,61358,613810548,2096,0,0,0
53.8790,61359,613820548,2687,0,0,0
53.8887,61360,613830549,2399,0,0,0
53.8989,61361,613840549,1759,0,0,0
53.9092,61362,613850548,1498,0,0,0
53.9187,61363,613860548,1520,0,0,0
53.9286,61364,613870548,1623,0,0,0
53.9388,61365,613880549,1767,0,0,0
53.9487,61366,613890548,1813,0,0,0
53.9589,61367,613900548,1817,0,0,0
53.9697,61368,613910548,1836,0,0,0
53.9792,61369,613920548,1855,0,0,0
53.9887,61370,613930549,1867,0,0,0
53.9989,61371,613940549,1875,0,0,0
54.0091,61372,613950548,1871,0,0,0
54.0187,61373,613960548,1877,0,0,0
54.0287,61374,613970549,1886,0,0,0
54.0387,61375,613980548,1898,0,0,0
54.0489,61376,613990548,1899,0,0,0
54.0592,61377,614000548,1936,0,0,0
54.0687,61378,614010549,1932,0,0,0
54.0788,61379,614020548,1952,0,0,0
54.0887,61380,614030548,1952,0,0,0
54.0987,61381,614040549,1973,0,0,0
54.1089,61382,614050548,1990,0,0,0
54.1189,61383,614060549,1998,0,0,0
54.1288,61384,614070548,2007,0,0,0
54.1387,61385,614080548,2007,0,0,0
54.1489,61386,614090548,2003,0,0,0
54.1591,61387,614100548,1998,0,0,0
54.1686,61388,614110549,1952,0,0,0
54.1787,61389,614120548,1931,0,0,0
54.1887,61390,614130548,1904,0,0,0
54.1986,61391,614140548,1871,0,0,0
54.2089,61392,614150548,1843,0,0,0
54.2194,61393,614160548,1847,0,0,0
54.2288,61394,614170549,1823,0,0,0
54.2387,61395,614180548,1835,0,0,0
54.2489,61396,614190548,1814,0,0,0
54.2589,61397,614200549,1833,0,0,0
54.2687,61398,614210548,1823,0,0,0
54.2787,61399,614220549,1840,0,0,0
54.2886,61400,614230548,1831,0,0,0
54.2988,61401,614240548,1847,0,0,0
54.3089,61402,614250548,1839,0,0,0
54.3188,61403,614260548,1847,0,0,0
54.3291,61404,614270549,1845,0,0,0
54.3387,61405,614280548,1872,0,0,0
54.3491,61406,614290548,1855,0,0,0
54.3592,61407,614300549,1863,0,0,0
54.3688,61408,614310548,1856,0,0,0
54.3787,61409,614320548,1872,0,0,0
54.3887,61410,614330548,1840,0,0,0
54.3988,61411,614340549,1867,0,0,0
54.4089,61412,614350548,1845,0,0,0
54.4188,61413,614360548,1851,0,0,0
54.4288,61414,614370549,1852,0,0,0
54.4387,61415,614380549,1860,0,0,0
54.4490,61416,614390549,1837,0,0,0
54.4591,61417,614400548,1856,0,0,0
54.4686,61418,614410549,1851,0,0,0
54.4787,61419,614420548,1857,0,0,0
54.4888,61420,614430548,1859,0,0,0
54.4989,61421,614440548,1923,0,0,0
54.5089,61422,614450548,1935,0,0,0
54.5187,61423,614460549,1971,0,0,0
54.5290,61424,614470548,2000,0,0,0
54.5393,61425,614480548,1962,0,0,0
54.5488,61426,614490548,1941,0,0,0
54.5592,61427,614500548,1933,0,0,0
54.5688,61428,614510548,1866,0,0,0
54.5786,61429,614520549,1851,0,0,0
54.5887,61430,614530549,1792,0,0,0
54.5987,61431,614540548,1791,0,0,0
54.6090,61432,614550548,1779,0,0,0
54.6187,61433,614560548,1802,0,0,0
54.6287,61434,614570548,1771,0,0,0
54.6386,61435,614580548,1794,0,0,0
54.6488,61436,614590548,1791,0,0,0
54.6588,61437,614600548,1858,0,0,0
54.6687,61438,614610548,1933,0,0,0
54.6787,61439,614620549,2282,0,0,0
54.6887,61440,614630548,2661,0,0,0
54.6988,61441,614640548,2192,0,0,0
54.7089,61442,614650549,1630,0,0,0
54.7201,61443,614660548,1459,0,0,0
54.7288,61444,614670548,1499,0,0,0
54.7388,61445,614680548,1646,0,0,0
54.7488,61446,614690548,1775,0,0,0
54.7589,61447,614700548,1808,0,0,0
54.7688,61448,614710549,1789,0,0,0
54.7788,61449,614720548,1843,0,0,0
54.7886,61450,614730548,1836,0,0,0
54.7987,61451,614740548,1860,0,0,0
54.8087,61452,614750548,1843,0,0,0
54.8187,61453,614760548,1856,0,0,0
54.8287,61454,614770548,1857,0,0,0
54.8386,61455,614780548,1883,0,0,0
54.8488,61456,614790549,1872,0,0,0
54.8589,61457,614800548,1908,0,0,0
54.8688,61458,614810548,1893,0,0,0
54.8786,61459,614820548,1921,0,0,0
54.8888,61460,614830548,1904,0,0,0
54.8989,61461,614840548,1943,0,0,0
54.9090,61462,614850548,1942,0,0,0
54.9187,61463,614860549,1966,0,0,0
54.9286,61464,614870548,1949,0,0,0
54.9387,61465,614880549,1973,0,0,0
54.9487,61466,614890548,1937,0,0,0
54.9592,61467,614900549,1965,0,0,0
54.9687,61468,614910548,1926,0,0,0
54.9788,61469,614920549,1936,0,0,0
54.9887,61470,614930548,1898,0,0,0
54.9988,61471,614940548,1883,0,0,0
55.0091,61472,614950548,1842,0,0,0
55.0188,61473,614960548,1832,0,0,0
55.0287,61474,614970548,1821,0,0,0
55.0388,61475,614980548,1825,0,0,0
55.0488,61476,614990548,1805,0,0,0
55.0591,61477,615000549,1835,0,0,0
55.0687,61478,615010548,1802,0,0,0
55.0788,61479,615020549,1823,0,0,0
55.0888,61480,615030549,1829,0,0,0
55.0988,61481,615040548,1841,0,0,0
55.1089,61482,615050548,1808,0,0,0
55.1186,61483,615060548,1850,0,0,0
55.1286,61484,615070549,1826,0,0,0
55.1388,61485,615080548,1843,0,0,0
55.1488,61486,615090549,1826,0,0,0
55.1589,61487,615100548,1855,0,0,0
55.1688,61488,615110549,1828,0,0,0
55.1786,61489,615120548,1838,0,0,0
55.1888,61490,615130549,1826,0,0,0
55.1988,61491,615140548,1829,0,0,0
55.2090,61492,615150549,1810,0,0,0
55.2191,61493,615160549,1824,0,0,0
55.2290,61494,615170548,1815,0,0,0
55.2386,61495,615180549,1827,0,0,0
55.2486,61496,615190548,1805,0,0,0
55.2589,61497,615200548,1838,0,0,0
55.2687,61498,615210548,1803,0,0,0
55.2786,61499,615220548,1838,0,0,0
55.2888,61500,615230548,1839,0,0,0
55.2989,61501,615240548,1907,0,0,0
55.3089,61502,615250548,1925,0,0,0
55.3189,61503,615260549,1962,0,0,0
55.3288,61504,615270548,1962,0,0,0
55.3387,61505,615280548,1936,0,0,0
55.3488,61506,615290548,1904,0,0,0
55.3589,61507,615300548,1877,0,0,0
55.3688,61508,615310548,1839,0,0,0
55.3787,61509,615320548,1808,0,0,0
55.3887,61510,615330549,1760,0,0,0
55.3986,61511,615340548,1767,0,0,0
55.4091,61512,615350548,1751,0,0,0
55.4188,61513,615360548,1758,0,0,0
55.4287,61514,615370549,1743,0,0,0
55.4387,61515,615380548,1761,0,0,0
55.4487,61516,615390548,1748,0,0,0
55.4588,61517,615400548,1879,0,0,0
55.4707,61518,615410548,1952,0,0,0
55.4788,61519,615420548,2448,0,0,0
55.4887,61520,615430548,2501,0,0,0
55.4987,61521,615440548,1968,0,0,0
55.5087,61522,615450548,1458,0,0,0
55.5187,61523,615460548,1401,0,0,0
55.5287,61524,615470548,1497,0,0,0
55.5389,61525,615480548,1668,0,0,0
55.5487,61526,615490548,1744,0,0,0
55.5590,61527,615500549,1776,0,0,0
55.5687,61528,615510548,1769,0,0,0
55.5791,61529,615520548,1808,0,0,0
55.5886,61530,615530548,1791,0,0,0
55.5986,61531,615540549,1819,0,0,0
55.6091,61532,615550548,1826,0,0,0
55.6187,61533,615560548,1837,0,0,0
55.6287,61534,615570548,1831,0,0,0
55.6386,61535,615580548,1842,0,0,0
55.6486,61536,615590548,1831,0,0,0
55.6589,61537,615600548,1859,0,0,0
55.6690,61538,615610548,1855,0,0,0
55.6790,61539,615620548,1883,0,0,0
55.6886,61540,615630548,1872,0,0,0
55.6990,61541,615640548,1905,0,0,0
55.7090,61542,615650548,1919,0,0,0
55.7191,61543,615660549,1949,0,0,0
55.7288,61544,615670549,1923,0,0,0
55.7386,61545,615680549,1943,0,0,0
55.7486,61546,615690548,1921,0,0,0
55.7590,61547,615700548,1922,0,0,0
55.7687,61548,615710548,1899,0,0,0
55.7789,61549,615720548,1890,0,0,0
55.7887,61550,615730549,1840,0,0,0
55.7987,61551,615740549,1829,0,0,0
55.8089,61552,615750548,1779,0,0,0
55.8187,61553,615760548,1790,0,0,0
55.8286,61554,615770548,1767,0,0,0
55.8386,61555,615780548,1774,0,0,0
55.8487,61556,615790548,1758,0,0,0
55.8588,61557,615800549,1776,0,0,0
55.8687,61558,615810548,1776,0,0,0
55.8791,61559,615820549,1792,0,0,0
55.8887,61560,615830549,1769,0,0,0
55.8986,61561,615840548,1796,0,0,0
55.9092,61562,615850548,1793,0,0,0
55.9187,61563,615860548,1808,0,0,0
55.9287,61564,615870548,1795,0,0,0
55.9386,61565,615880549,1813,0,0,0
55.9486,61566,615890548,1801,0,0,0
55.9588,61567,615900548,1820,0,0,0
55.9695,61568,615910548,1808,0,0,0
55.9790,61569,615920548,1808,0,0,0
55.9887,61570,615930548,1790,0,0,0
55.9986,61571,615940548,1808,0,0,0
56.0088,61572,615950548,1782,0,0,0
56.0186,61573,615960548,1799,0,0,0
56.0288,61574,615970548,1791,0,0,0
56.0386,61575,615980549,1796,0,0,0
56.0487,61576,615990548,1785,0,0,0
56.0588,61577,616000548,1798,0,0,0
56.0687,61578,616010548,1793,0,0,0
56.0786,61579,616020549,1799,0,0,0
56.0888,61580,616030548,1783,0,0,0
56.0987,61581,616040548,1810,0,0,0
56.1092,61582,616050548,1798,0,0,0
56.1191,61583,616060548,1837,0,0,0
56.1287,61584,616070548,1875,0,0,0
56.1386,61585,616080548,1905,0,0,0
56.1489,61586,616090548,1920,0,0,0
56.1591,61587,616100549,1957,0,0,0
56.1687,61588,616110548,1894,0,0,0
56.1790,61589,616120548,1904,0,0,0
56.1887,61590,616130548,1843,0,0,0
56.1986,61591,616140548,1819,0,0,0
56.2089,61592,616150548,1776,0,0,0
56.2188,61593,616160548,1763,0,0,0
56.2301,61594,616170548,1743,0,0,0
56.2389,61595,616180548,1747,0,0,0
56.2488,61596,616190548,1727,0,0,0
56.2593,61597,616200548,1743,0,0,0
56.2688,61598,616210549,1728,0,0,0
56.2787,61599,616220548,1755,0,0,0
56.2888,61600,616230549,1855,0,0,0
56.2988,61601,616240548,1953,0,0,0
56.3088,61602,616250549,2464,0,0,0
56.3186,61603,616260548,2559,0,0,0
56.3289,61604,616270548,1903,0,0,0
56.3387,61605,616280548,1456,0,0,0
56.3487,61606,616290548,1425,0,0,0
56.3593,61607,616300548,1534,0,0,0
56.3687,61608,616310548,1680,0,0,0
56.3787,61609,616320548,1763,0,0,0
56.3888,61610,616330548,1759,0,0,0
56.3987,61611,616340548,1791,0,0,0
56.4090,61612,616350548,1794,0,0,0
56.4187,61613,616360548,1812,0,0,0
56.4287,61614,616370548,1810,0,0,0
56.4387,61615,616380548,1831,0,0,0
56.4489,61616,616390548,1829,0,0,0
56.4589,61617,616400549,1853,0,0,0
56.4718,61618,616410548,1855,0,0,0
56.4789,61619,616420548,1871,0,0,0
56.4887,61620,616430548,1872,0,0,0
56.4988,61621,616440548,1885,0,0,0
56.5087,61622,616450548,1898,0,0,0
56.5190,61623,616460548,1907,0,0,0
56.5287,61624,616470548,1915,0,0,0
56.5387,61625,616480549,1951,0,0,0
56.5486,61626,616490548,1958,0,0,0
56.5592,61627,616500548,1971,0,0,0
56.5688,61628,616510548,1961,0,0,0
56.5786,61629,616520548,1968,0,0,0
56.5887,61630,616530548,1951,0,0,0
56.5987,61631,616540549,1937,0,0,0
56.6091,61632,616550548,1905,0,0,0
56.6188,61633,616560549,1886,0,0,0
56.6287,61634,616570548,1830,0,0,0
56.6386,61635,616580549,1809,0,0,0
56.6488,61636,616590549,1801,0,0,0
56.6587,61637,616600549,1792,0,0,0
56.6687,61638,616610548,1785,0,0,0
56.6789,61639,616620549,1789,0,0,0
56.6886,61640,616630548,1777,0,0,0
56.6987,61641,616640548,1778,0,0,0
56.7090,61642,616650549,1777,0,0,0
56.7208,61643,616660548,1793,0,0,0
56.7288,61644,616670549,1795,0,0,0
56.7387,61645,616680548,1808,0,0,0
56.7487,61646,616690548,1808,0,0,0
56.7588,61647,616700548,1821,0,0,0
56.7687,61648,616710548,1819,0,0,0
56.7788,61649,616720549,1827,0,0,0
56.7888,61650,616730549,1820,0,0,0
56.7988,61651,616740548,1818,0,0,0
56.8088,61652,616750548,1822,0,0,0
56.8186,61653,616760549,1830,0,0,0
56.8288,61654,616770549,1829,0,0,0
56.8386,61655,616780548,1826,0,0,0
56.8487,61656,616790548,1819,0,0,0
56.8592,61657,616800549,1826,0,0,0
56.8687,61658,616810548,1819,0,0,0
56.8788,61659,616820548,1823,0,0,0
56.8886,61660,616830549,1813,0,0,0
56.8986,61661,616840548,1815,0,0,0
56.9087,61662,616850549,1829,0,0,0
56.9190,61663,616860548,1829,0,0,0
56.9290,61664,616870548,1833,0,0,0
56.9387,61665,616880549,1831,0,0,0
56.9487,61666,616890548,1823,0,0,0
56.9592,61667,616900549,1835,0,0,0
56.9691,61668,616910548,1825,0,0,0
56.9789,61669,616920548,1827,0,0,0
56.9890,61670,616930548,1851,0,0,0
56.9987,61671,616940548,1900,0,0,0
57.0090,61672,616950548,1938,0,0,0
57.0187,61673,616960548,1951,0,0,0
57.0286,61674,616970548,1987,0,0,0
57.0388,61675,616980549,1936,0,0,0
57.0489,61676,616990548,1931,0,0,0
57.0588,61677,617000549,1887,0,0,0
57.0688,61678,617010548,1868,0,0,0
57.0787,61679,617020549,1830,0,0,0
57.0886,61680,617030549,1794,0,0,0
57.0986,61681,617040549,1774,0,0,0
57.1088,61682,617050548,1774,0,0,0
57.1187,61683,617060549,1776,0,0,0
57.1290,61684,617070549,1769,0,0,0
57.1391,61685,617080548,1773,0,0,0
57.1488,61686,617090548,1779,0,0,0
57.1589,61687,617100548,1867,0,0,0
57.1692,61688,617110548,1920,0,0,0
57.1788,61689,617120548,2375,0,0,0
57.1887,61690,617130548,2679,0,0,0
57.1988,61691,617140548,2083,0,0,0
57.2089,61692,617150548,1526,0,0,0
57.2196,61693,617160548,1451,0,0,0
57.2287,61694,617170549,1535,0,0,0
57.2388,61695,617180549,1683,0,0,0
57.2488,61696,617190548,1762,0,0,0
57.2589,61697,617200548,1779,0,0,0
57.2687,61698,617210548,1799,0,0,0
57.2789,61699,617220548,1808,0,0,0
57.2887,61700,617230548,1830,0,0,0
57.2988,61701,617240548,1834,0,0,0
57.3092,61702,617250548,1846,0,0,0
57.3187,61703,617260548,1859,0,0,0
57.3287,61704,617270548,1863,0,0,0
57.3388,61705,617280549,1871,0,0,0
57.3488,61706,617290548,1888,0,0,0
57.3589,61707,617300548,1895,0,0,0
57.3691,61708,617310548,1917,0,0,0
57.3788,61709,617320549,1915,0,0,0
57.3887,61710,617330549,1938,0,0,0
57.3989,61711,617340549,1965,0,0,0
57.4091,61712,617350548,1967,0,0,0
57.4187,61713,617360548,1987,0,0,0
57.4288,61714,617370548,2000,0,0,0
57.4386,61715,617380549,1997,0,0,0
57.4487,61716,617390548,2000,0,0,0
57.4589,61717,617400548,1994,0,0,0
57.4703,61718,617410548,1979,0,0,0
57.4799,61719,617420548,1957,0,0,0
57.4889,61720,617430549,1915,0,0,0
57.4987,61721,617440548,1858,0,0,0
57.5087,61722,617450548,1852,0,0,0
57.5186,61723,617460548,1827,0,0,0
57.5286,61724,617470548,1819,0,0,0
57.5386,61725,617480549,1809,0,0,0
57.5487,61726,617490548,1815,0,0,0
57.5588,61727,617500548,1813,0,0,0
57.5686,61728,617510548,1823,0,0,0
57.5787,61729,617520549,1828,0,0,0
57.5886,61730,617530548,1840,0,0,0
57.5988,61731,617540549,1821,0,0,0
57.6091,61732,617550548,1840,0,0,0
57.6187,61733,617560549,1826,0,0,0
57.6287,61734,617570548,1840,0,0,0
57.6387,61735,617580548,1835,0,0,0
57.6487,61736,617590548,1863,0,0,0
57.6589,61737,617600548,1859,0,0,0
57.6686,61738,617610548,1873,0,0,0
57.6787,61739,617620548,1859,0,0,0
57.6887,61740,617630548,1863,0,0,0
57.6988,61741,617640548,1839,0,0,0
57.7088,61742,617650548,1866,0,0,0
57.7206,61743,617660549,1846,0,0,0
57.7290,61744,617670548,1846,0,0,0
57.7387,61745,617680549,1840,0,0,0
57.7487,61746,617690548,1850,0,0,0
57.7589,61747,617700548,1840,0,0,0
57.7690,61748,617710548,1852,0,0,0
57.7786,61749,617720548,1827,0,0,0
57.7887,61750,617730548,1851,0,0,0
57.7988,61751,617740548,1842,0,0,0
57.8087,61752,617750548,1840,0,0,0
57.8187,61753,617760548,1835,0,0,0
57.8290,61754,617770548,1856,0,0,0
57.8388,61755,617780549,1883,0,0,0
57.8487,61756,617790548,1922,0,0,0
57.8589,61757,617800548,1945,0,0,0
57.8687,61758,617810548,2007,0,0,0
57.8793,61759,617820549,1968,0,0,0
57.8886,61760,617830548,1951,0,0,0
57.8989,61761,617840549,1926,0,0,0
57.9092,61762,617850549,1893,0,0,0
57.9187,61763,617860548,1847,0,0,0
57.9287,61764,617870548,1827,0,0,0
57.9387,61765,617880549,1785,0,0,0
57.9486,61766,617890548,1791,0,0,0
57.9591,61767,617900548,1779,0,0,0
57.9694,61768,617910548,1793,0,0,0
57.9801,61769,617920548,1776,0,0,0
57.9886,61770,617930548,1808,0,0,0
57.9987,61771,617940548,1819,0,0,0
58.0088,61772,617950548,1917,0,0,0
58.0186,61773,617960548,2064,0,0,0
58.0287,61774,617970548,2663,0,0,0
58.0387,61775,617980548,2396,0,0,0
58.0487,61776,617990549,1823,0,0,0
58.0588,61777,618000548,1495,0,0,0
58.0687,61778,618010548,1513,0,0,0
58.0789,61779,618020548,1599,0,0,0
58.0886,61780,618030548,1760,0,0,0
58.0987,61781,618040548,1781,0,0,0
58.1089,61782,618050549,1830,0,0,0
58.1188,61783,618060548,1809,0,0,0
58.1287,61784,618070549,1843,0,0,0
58.1387,61785,618080548,1845,0,0,0
58.1487,61786,618090549,1866,0,0,0
58.1589,61787,618100548,1857,0,0,0
58.1686,61788,618110548,1879,0,0,0
58.1788,61789,618120549,1867,0,0,0
58.1887,61790,618130548,1884,0,0,0
58.1987,61791,618140548,1895,0,0,0
58.2091,61792,618150548,1911,0,0,0
58.2187,61793,618160548,1901,0,0,0
58.2287,61794,618170548,1910,0,0,0
58.2386,61795,618180548,1919,0,0,0
58.2486,61796,618190548,1962,0,0,0
58.2588,61797,618200548,1941,0,0,0
58.2688,61798,618210548,1971,0,0,0
58.2787,61799,618220549,1957,0,0,0
58.2887,61800,618230549,1955,0,0,0
58.2993,61801,618240548,1953,0,0,0
58.3092,61802,618250548,1984,0,0,0
58.3187,61803,618260549,1935,0,0,0
58.3290,61804,618270548,1937,0,0,0
58.3388,61805,618280548,1872,0,0,0
58.3487,61806,618290548,1875,0,0,0
58.3590,61807,618300548,1839,0,0,0
58.3687,61808,618310548,1835,0,0,0
58.3789,61809,618320548,1795,0,0,0
58.3888,61810,618330548,1833,0,0,0
58.3987,61811,618340548,1824,0,0,0
58.4090,61812,618350548,1813,0,0,0
58.4188,61813,618360548,1811,0,0,0
58.4288,61814,618370548,1833,0,0,0
58.4387,61815,618380549,1818,0,0,0
58.4488,61816,618390548,1840,0,0,0
58.4587,61817,618400548,1824,0,0,0
58.4699,61818,618410549,1839,0,0,0
58.4791,61819,618420548,1833,0,0,0
58.4887,61820,618430548,1837,0,0,0
58.4987,61821,618440549,1821,0,0,0
58.5089,61822,618450548,1855,0,0,0
58.5190,61823,618460548,1809,0,0,0
58.5289,61824,618470548,1855,0,0,0
58.5391,61825,618480548,1817,0,0,0
58.5486,61826,618490548,1847,0,0,0
58.5589,61827,618500549,1823,0,0,0
58.5690,61828,618510548,1833,0,0,0
58.5788,61829,618520548,1827,0,0,0
58.5887,61830,618530548,1844,0,0,0
58.5987,61831,618540548,1825,0,0,0
58.6088,61832,618550548,1830,0,0,0
58.6187,61833,618560548,1842,0,0,0
58.6289,61834,618570548,1839,0,0,0
58.6387,61835,618580548,1823,0,0,0
58.6489,61836,618590549,1846,0,0,0
58.6591,61837,618600548,1840,0,0,0
58.6686,61838,618610548,1847,0,0,0
58.6787,61839,618620548,1898,0,0,0
58.6886,61840,618630548,1962,0,0,0
58.6988,61841,618640548,1951,0,0,0
58.7088,61842,618650548,2005,0,0,0
58.7209,61843,618660549,1947,0,0,0
58.7291,61844,618670548,1970,0,0,0
58.7386,61845,618680548,1910,0,0,0
58.7490,61846,618690548,1887,0,0,0
58.7590,61847,618700549,1827,0,0,0
58.7686,61848,618710548,1839,0,0,0
58.7787,61849,618720548,1798,0,0,0
58.7887,61850,618730548,1811,0,0,0
58.7991,61851,618740548,1790,0,0,0
58.8091,61852,618750548,1797,0,0,0
58.8187,61853,618760549,1794,0,0,0
58.8290,61854,618770548,1803,0,0,0
58.8386,61855,618780549,1872,0,0,0
58.8488,61856,618790549,1989,0,0,0
58.8588,61857,618800549,2375,0,0,0
58.8688,61858,618810549,2615,0,0,0
58.8787,61859,618820548,2039,0,0,0
58.8886,61860,618830548,1575,0,0,0
58.8986,61861,618840548,1416,0,0,0
58.9090,61862,618850549,1527,0,0,0
58.9187,61863,618860548,1665,0,0,0
58.9288,61864,618870548,1803,0,0,0
58.9387,61865,618880548,1791,0,0,0
58.9487,61866,618890548,1822,0,0,0
58.9589,61867,618900548,1819,0,0,0
58.9696,61868,618910548,1851,0,0,0
58.9789,61869,618920548,1837,0,0,0
58.9888,61870,618930548,1865,0,0,0
58.9986,61871,618940548,1858,0,0,0
59.0091,61872,618950548,1873,0,0,0
59.0187,61873,618960548,1886,0,0,0
59.0288,61874,618970548,1903,0,0,0
59.0387,61875,618980548,1881,0,0,0
59.0488,61876,618990548,1921,0,0,0
59.0588,61877,619000549,1919,0,0,0
59.0686,61878,619010548,1937,0,0,0
59.0788,61879,619020548,1923,0,0,0
59.0886,61880,619030548,1957,0,0,0
59.0989,61881,619040549,1945,0,0,0
59.1091,61882,619050548,1987,0,0,0
59.1187,61883,619060548,1967,0,0,0
59.1287,61884,619070548,1973,0,0,0
59.1387,61885,619080549,1956,0,0,0
59.1487,61886,619090548,1958,0,0,0
59.1587,61887,619100549,1911,0,0,0
59.1687,61888,619110548,1909,0,0,0
59.1787,61889,619120548,1856,0,0,0
59.1888,61890,619130548,1872,0,0,0
59.1987,61891,619140548,1823,0,0,0
59.2090,61892,619150549,1834,0,0,0
59.2188,61893,619160549,1815,0,0,0
59.2288,61894,619170549,1833,0,0,0
59.2388,61895,619180549,1805,0,0,0
59.2487,61896,619190548,1819,0,0,0
59.2588,61897,619200548,1813,0,0,0
59.2687,61898,619210549,1839,0,0,0
59.2788,61899,619220548,1809,0,0,0
59.2887,61900,619230548,1843,0,0,0
59.2986,61901,619240549,1826,0,0,0
59.3091,61902,619250548,1819,0,0,0
59.3187,61903,619260548,1815,0,0,0
59.3286,61904,619270548,1843,0,0,0
59.3387,61905,619280548,1833,0,0,0
59.3486,61906,619290548,1847,0,0,0
59.3589,61907,619300549,1824,0,0,0
59.3688,61908,619310548,1839,0,0,0
59.3787,61909,619320549,1819,0,0,0
59.3887,61910,619330548,1854,0,0,0
59.3988,61911,619340548,1830,0,0,0
59.4091,61912,619350548,1821,0,0,0
59.4187,61913,619360548,1817,0,0,0
59.4287,61914,619370549,1846,0,0,0
59.4388,61915,619380548,1829,0,0,0
59.4488,61916,619390548,1824,0,0,0
59.4587,61917,619400549,1808,0,0,0
59.4685,61918,619410549,1847,0,0,0
59.4788,61919,619420548,1808,0,0,0
59.4890,61920,619430548,1859,0,0,0
59.4990,61921,619440549,1905,0,0,0
59.5087,61922,619450548,1950,0,0,0
59.5188,61923,619460548,1965,0,0,0
59.5287,61924,619470548,1983,0,0,0
59.5387,61925,619480548,1909,0,0,0
59.5487,61926,619490548,1915,0,0,0
59.5589,61927,619500548,1866,0,0,0
59.5687,61928,619510548,1825,0,0,0
59.5787,61929,619520549,1799,0,0,0
59.5886,61930,619530548,1783,0,0,0
59.5987,61931,619540548,1756,0,0,0
59.6088,61932,619550548,1755,0,0,0
59.6187,61933,619560549,1759,0,0,0
59.6286,61934,619570548,1757,0,0,0
59.6387,61935,619580548,1759,0,0,0
59.6487,61936,619590548,1808,0,0,0
59.6588,61937,619600549,1917,0,0,0
59.6687,61938,619610548,2073,0,0,0
59.6789,61939,619620548,2559,0,0,0
59.6886,61940,619630548,2320,0,0,0
59.6988,61941,619640549,1704,0,0,0
59.7090,61942,619650548,1412,0,0,0
59.7204,61943,619660549,1417,0,0,0
59.7288,61944,619670548,1568,0,0,0
59.7386,61945,619680549,1719,0,0,0
59.7487,61946,619690548,1788,0,0,0
59.7590,61947,619700548,1785,0,0,0
59.7688,61948,619710549,1803,0,0,0
59.7790,61949,619720548,1799,0,0,0
59.7888,61950,619730549,1830,0,0,0
59.7988,61951,619740549,1837,0,0,0
59.8091,61952,619750548,1859,0,0,0
59.8186,61953,619760548,1847,0,0,0
59.8287,61954,619770548,1872,0,0,0
59.8386,61955,619780548,1852,0,0,0
59.8487,61956,619790548,1875,0,0,0
59.8590,61957,619800549,1879,0,0,0
59.8689,61958,619810549,1887,0,0,0
59.8788,61959,619820548,1904,0,0,0
59.8886,61960,619830548,1925,0,0,0
59.8991,61961,619840549,1930,0,0,0
59.9090,61962,619850549,1946,0,0,0
59.9186,61963,619860548,1941,0,0,0
59.9287,61964,619870548,1946,0,0,0
59.9386,61965,619880548,1936,0,0,0
59.9486,61966,619890548,1953,0,0,0
59.9589,61967,619900548,1921,0,0,0
59.9703,61968,619910548,1926,0,0,0
59.9790,61969,619920549,1870,0,0,0
59.9887,61970,619930548,1871,0,0,0
59.9987,61971,619940548,1830,0,0,0
60.0122,61972,619950548,1790,0,0,0
60.0195,61973,619960549,1772,0,0,0
60.0334,61974,619970548,1788,0,0,0
60.0414,61975,619980548,1777,0,0,0
60.0508,61976,619990548,1775,0,0,0
60.0589,61977,620000548,1773,0,0,0
60.0696,61978,620010549,1783,0,0,0
60.0788,61979,620020548,1767,0,0,0
60.0886,61980,620030549,1799,0,0,0
60.0986,61981,620040548,1794,0,0,0
60.1088,61982,620050549,1802,0,0,0
60.1186,61983,620060548,1807,0,0,0
60.1292,61984,620070548,1806,0,0,0
60.1386,61985,620080549,1800,0,0,0
60.1487,61986,620090548,1808,0,0,0
60.1592,61987,620100548,1804,0,0,0
60.1686,61988,620110548,1808,0,0,0
60.1809,61989,620120548,1806,0,0,0
60.1890,61990,620130548,1809,0,0,0
60.2034,61991,620140548,1808,0,0,0
60.2087,61992,620150549,1808,0,0,0
60.2197,61993,620160548,1805,0,0,0
60.2350,61994,620170548,1807,0,0,0
60.2397,61995,620180549,1807,0,0,0
60.2490,61996,620190548,1812,0,0,0
60.2591,61997,620200548,1807,0,0,0
60.2686,61998,620210548,1811,0,0,0
60.2789,61999,620220548,1808,0,0,0
60.2890,62000,620230548,1825,0,0,0
60.2986,62001,620240549,1809,0,0,0
60.3087,62002,620250548,1833,0,0,0
60.3187,62003,620260548,1898,0,0,0
60.3288,62004,620270548,1920,0,0,0
60.3438,62005,620280548,1941,0,0,0
60.3488,62006,620290549,1971,0,0,0
60.3600,62007,620300548,1914,0,0,0
60.3716,62008,620310548,1921,0,0,0
60.3788,62009,620320548,1877,0,0,0
60.3886,62010,620330548,1847,0,0,0
60.3985,62011,620340548,1805,0,0,0
60.4091,62012,620350549,1777,0,0,0
60.4186,62013,620360549,1757,0,0,0
60.4290,62014,620370548,1755,0,0,0
60.4385,62015,620380548,1762,0,0,0
60.4487,62016,620390548,1760,0,0,0
60.4591,62017,620400549,1760,0,0,0
60.4689,62018,620410548,1769,0,0,0
60.4789,62019,620420548,1872,0,0,0
60.4886,62020,620430548,1969,0,0,0
60.4988,62021,620440548,2397,0,0,0
60.5092,62022,620450549,2559,0,0,0
60.5233,62023,620460549,1986,0,0,0
60.5334,62024,620470548,1463,0,0,0
60.5386,62025,620480548,1398,0,0,0
60.5497,62026,620490548,1513,0,0,0
60.5612,62027,620500548,1674,0,0,0
60.5685,62028,620510548,1776,0,0,0
60.5815,62029,620520548,1788,0,0,0
60.5885,62030,620530548,1799,0,0,0
60.5986,62031,620540549,1818,0,0,0
60.6090,62032,620550549,1835,0,0,0
60.6187,62033,620560548,1843,0,0,0
60.6289,62034,620570549,1847,0,0,0
60.6385,62035,620580549,1858,0,0,0
60.6488,62036,620590548,1868,0,0,0
60.6591,62037,620600548,1873,0,0,0
60.6686,62038,620610548,1879,0,0,0
60.6786,62039,620620549,1893,0,0,0
60.6896,62040,620630548,1904,0,0,0
60.7025,62041,620640548,1925,0,0,0
60.7119,62042,620650548,1936,0,0,0
60.7195,62043,620660548,1952,0,0,0
60.7293,62044,620670548,1954,0,0,0
60.7439,62045,620680549,1975,0,0,0
60.7487,62046,620690549,1968,0,0,0
60.7596,62047,620700548,1973,0,0,0
60.7686,62048,620710549,1977,0,0,0
60.7786,62049,620720549,1964,0,0,0
60.7885,62050,620730549,1942,0,0,0
60.7988,62051,620740548,1926,0,0,0
60.8090,62052,620750548,1877,0,0,0
60.8185,62053,620760548,1842,0,0,0
60.8286,62054,620770548,1809,0,0,0
60.8385,62055,620780548,1802,0,0,0
60.8485,62056,620790548,1793,0,0,0
60.8587,62057,620800548,1777,0,0,0
60.8689,62058,620810548,1775,0,0,0
60.8787,62059,620820549,1783,0,0,0
60.8887,62060,620830548,1779,0,0,0
60.8989,62061,620840549,1778,0,0,0
60.9089,62062,620850548,1783,0,0,0
60.9186,62063,620860548,1791,0,0,0
60.9287,62064,620870548,1787,0,0,0
60.9386,62065,620880548,1795,0,0,0
60.9489,62066,620890548,1793,0,0,0
60.9589,62067,620900548,1806,0,0,0
60.9685,62068,620910548,1802,0,0,0
60.9788,62069,620920548,1833,0,0,0
60.9886,62070,620930548,1811,0,0,0
60.9985,62071,620940548,1815,0,0,0
61.0087,62072,620950548,1803,0,0,0
61.0186,62073,620960549,1815,0,0,0
61.0285,62074,620970548,1801,0,0,0
61.0387,62075,620980548,1804,0,0,0
61.0485,62076,620990548,1793,0,0,0
61.0588,62077,621000548,1801,0,0,0
61.0686,62078,621010548,1805,0,0,0
61.0787,62079,621020549,1808,0,0,0
61.0886,62080,621030548,1795,0,0,0
61.0985,62081,621040548,1808,0,0,0
61.1088,62082,621050549,1803,0,0,0
61.1188,62083,621060548,1825,0,0,0
61.1288,62084,621070549,1810,0,0,0
61.1386,62085,621080548,1811,0,0,0
61.1487,62086,621090548,1815,0,0,0
61.1589,62087,621100549,1818,0,0,0
61.1686,62088,621110548,1808,0,0,0
61.1787,62089,621120548,1820,0,0,0
61.1887,62090,621130548,1831,0,0,0
61.1986,62091,621140548,1887,0,0,0
61.2088,62092,621150548,1915,0,0,0
61.2190,62093,621160549,1947,0,0,0
61.2285,62094,621170548,2000,0,0,0
61.2387,62095,621180548,1925,0,0,0
61.2487,62096,621190548,1905,0,0,0
61.2590,62097,621200549,1877,0,0,0
61.2685,62098,621210549,1859,0,0,0
61.2787,62099,621220548,1819,0,0,0
61.2885,62100,621230548,1779,0,0,0
61.2988,62101,621240548,1775,0,0,0
61.3086,62102,621250548,1751,0,0,0
61.3185,62103,621260548,1773,0,0,0
61.3288,62104,621270549,1761,0,0,0
61.3385,62105,621280548,1774,0,0,0
61.3487,62106,621290548,1765,0,0,0
61.3590,62107,621300548,1872,0,0,0
61.3685,62108,621310549,1936,0,0,0
61.3788,62109,621320548,2416,0,0,0
61.3885,62110,621330548,2637,0,0,0
61.3985,62111,621340548,2031,0,0,0
61.4087,62112,621350549,1484,0,0,0
61.4186,62113,621360548,1455,0,0,0
61.4288,62114,621370548,1529,0,0,0
61.4386,62115,621380548,1701,0,0,0
61.4490,62116,621390548,1774,0,0,0
61.4592,62117,621400549,1793,0,0,0
61.4686,62118,621410548,1795,0,0,0
61.4785,62119,621420548,1827,0,0,0
61.4886,62120,621430548,1818,0,0,0
61.4988,62121,621440548,1841,0,0,0
61.5086,62122,621450548,1835,0,0,0
61.5191,62123,621460549,1859,0,0,0
61.5287,62124,621470549,1851,0,0,0
61.5386,62125,621480549,1872,0,0,0
61.5487,62126,621490548,1865,0,0,0
61.5587,62127,621500549,1890,0,0,0
61.5686,62128,621510548,1894,0,0,0
61.5787,62129,621520548,1920,0,0,0
61.5885,62130,621530548,1913,0,0,0
61.5989,62131,621540549,1951,0,0,0
61.6088,62132,621550549,1943,0,0,0
61.6186,62133,621560548,1981,0,0,0
61.6288,62134,621570548,1968,0,0,0
61.6386,62135,621580549,1982,0,0,0
61.6486,62136,621590549,1974,0,0,0
61.6586,62137,621600548,1975,0,0,0
61.6686,62138,621610548,1947,0,0,0
61.6787,62139,621620548,1929,0,0,0
61.6886,62140,621630548,1882,0,0,0
61.6986,62141,621640548,1846,0,0,0
61.7091,62142,621650548,1808,0,0,0
61.7198,62143,621660549,1799,0,0,0
61.7288,62144,621670548,1779,0,0,0
61.7386,62145,621680548,1786,0,0,0
61.7485,62146,621690548,1770,0,0,0
61.7591,62147,621700548,1789,0,0,0
61.7686,62148,621710548,1765,0,0,0
61.7788,62149,621720548,1783,0,0,0
61.7886,62150,621730549,1775,0,0,0
61.7985,62151,621740548,1791,0,0,0
61.8089,62152,621750548,1786,0,0,0
61.8186,62153,621760548,1799,0,0,0
61.8286,62154,621770549,1782,0,0,0
61.8385,62155,621780548,1811,0,0,0
61.8487,62156,621790548,1803,0,0,0
61.8588,62157,621800548,1829,0,0,0
61.8686,62158,621810548,1805,0,0,0
61.8789,62159,621820548,1814,0,0,0
61.8886,62160,621830548,1805,0,0,0
61.8989,62161,621840548,1815,0,0,0
61.9091,62162,621850549,1802,0,0,0
61.9186,62163,621860548,1808,0,0,0
61.9287,62164,621870548,1806,0,0,0
61.9386,62165,621880549,1818,0,0,0
61.9486,62166,621890548,1803,0,0,0
61.9589,62167,621900549,1807,0,0,0
61.9694,62168,621910549,1798,0,0,0
61.9788,62169,621920548,1808,0,0,0
61.9885,62170,621930548,1797,0,0,0
61.9988,62171,621940548,1810,0,0,0
62.0091,62172,621950548,1802,0,0,0
62.0186,62173,621960548,1813,0,0,0
62.0289,62174,621970548,1811,0,0,0
62.0385,62175,621980548,1815,0,0,0
62.0487,62176,621990548,1808,0,0,0
62.0587,62177,622000549,1835,0,0,0
62.0686,62178,622010549,1861,0,0,0
62.0790,62179,622020549,1920,0,0,0
62.0886,62180,622030548,1931,0,0,0
62.0989,62181,622040548,1983,0,0,0
62.1091,62182,622050548,1923,0,0,0
62.1186,62183,622060548,1942,0,0,0
62.1287,62184,622070548,1872,0,0,0
62.1386,62185,622080549,1872,0,0,0
62.1486,62186,622090548,1821,0,0,0
62.1590,62187,622100549,1790,0,0,0
62.1687,62188,622110549,1763,0,0,0
62.1789,62189,622120548,1793,0,0,0
62.1885,62190,622130548,1759,0,0,0
62.1987,62191,622140548,1781,0,0,0
62.2089,62192,622150548,1775,0,0,0
62.2188,62193,622160548,1797,0,0,0
62.2294,62194,622170548,1854,0,0,0
62.2385,62195,622180548,1939,0,0,0
62.2485,62196,622190548,2390,0,0,0
62.2589,62197,622200548,2647,0,0,0
62.2686,62198,622210548,2074,0,0,0
62.2789,62199,622220548,1572,0,0,0
62.2886,62200,622230548,1459,0,0,0
62.2988,62201,622240549,1554,0,0,0
62.3090,62202,622250548,1677,0,0,0
62.3185,62203,622260548,1786,0,0,0
62.3287,62204,622270549,1782,0,0,0
62.3386,62205,622280548,1817,0,0,0
62.3486,62206,622290549,1816,0,0,0
62.3588,62207,622300548,1862,0,0,0
62.3685,62208,622310548,1853,0,0,0
62.3785,62209,622320548,1872,0,0,0
62.3886,62210,622330548,1867,0,0,0
62.3988,62211,622340549,1895,0,0,0
62.4089,62212,622350549,1872,0,0,0
62.4186,62213,622360549,1890,0,0,0
62.4289,62214,622370548,1901,0,0,0
62.4385,62215,622380549,1920,0,0,0
62.4486,62216,622390549,1904,0,0,0
62.4588,62217,622400548,1944,0,0,0
62.4689,62218,622410549,1958,0,0,0
62.4797,62219,622420548,1977,0,0,0
62.4886,62220,622430548,1959,0,0,0
62.4985,62221,622440549,1986,0,0,0
62.5087,62222,622450549,1981,0,0,0
62.5186,62223,622460548,2000,0,0,0
62.5287,62224,622470548,1975,0,0,0
62.5386,62225,622480548,1974,0,0,0
62.5485,62226,622490548,1938,0,0,0
62.5589,62227,622500548,1918,0,0,0
62.5687,62228,622510548,1851,0,0,0
62.5786,62229,622520548,1871,0,0,0
62.5886,62230,622530549,1810,0,0,0
62.5986,62231,622540548,1817,0,0,0
62.6087,62232,622550548,1807,0,0,0
62.6187,62233,622560549,1821,0,0,0
62.6287,62234,622570548,1801,0,0,0
62.6386,62235,622580548,1829,0,0,0
62.6486,62236,622590548,1799,0,0,0
62.6588,62237,622600549,1822,0,0,0
62.6686,62238,622610548,1823,0,0,0
62.6787,62239,622620549,1835,0,0,0
62.6886,62240,622630548,1811,0,0,0
62.6989,62241,622640548,1844,0,0,0
62.7092,62242,622650548,1808,0,0,0
62.7186,62243,622660548,1853,0,0,0
62.7312,62244,622670548,1826,0,0,0
62.7387,62245,622680548,1857,0,0,0
62.7486,62246,622690549,1829,0,0,0
62.7590,62247,622700548,1846,0,0,0
62.7687,62248,622710548,1815,0,0,0
62.7785,62249,622720548,1844,0,0,0
62.7885,62250,622730548,1823,0,0,0
62.7986,62251,622740549,1843,0,0,0
62.8089,62252,622750549,1825,0,0,0
62.8186,62253,622760549,1847,0,0,0
62.8287,62254,622770548,1815,0,0,0
62.8386,62255,622780549,1845,0,0,0
62.8486,62256,622790549,1822,0,0,0
62.8587,62257,622800549,1846,0,0,0
62.8687,62258,622810548,1834,0,0,0
62.8787,62259,622820548,1825,0,0,0
62.8887,62260,622830548,1827,0,0,0
62.8985,62261,622840548,1870,0,0,0
62.9091,62262,622850548,1900,0,0,0
62.9187,62263,622860548,1951,0,0,0
62.9287,62264,622870548,1950,0,0,0
62.9386,62265,622880548,1991,0,0,0
62.9486,62266,622890548,1919,0,0,0
62.9587,62267,622900548,1937,0,0,0
62.9693,62268,622910548,1875,0,0,0
62.9788,62269,622920549,1855,0,0,0
62.9885,62270,622930549,1800,0,0,0
62.9987,62271,622940548,1798,0,0,0
63.0089,62272,622950549,1776,0,0,0
63.0186,62273,622960548,1793,0,0,0
63.0286,62274,622970548,1766,0,0,0
63.0385,62275,622980549,1776,0,0,0
63.0485,62276,622990548,1779,0,0,0
63.0587,62277,623000548,1802,0,0,0
63.0689,62278,623010548,1878,0,0,0
63.0788,62279,623020549,2010,0,0,0
63.0886,62280,623030549,2554,0,0,0
63.0990,62281,623040548,2468,0,0,0
63.1089,62282,623050548,1889,0,0,0
63.1185,62283,623060548,1501,0,0,0
63.1285,62284,623070548,1447,0,0,0
63.1385,62285,623080548,1571,0,0,0
63.1487,62286,623090548,1712,0,0,0
63.1587,62287,623100548,1805,0,0,0
63.1686,62288,623110548,1793,0,0,0
63.1788,62289,623120548,1823,0,0,0
63.1885,62290,623130548,1827,0,0,0
63.1986,62291,623140549,1849,0,0,0
63.2088,62292,623150548,1849,0,0,0
63.2194,62293,623160548,1872,0,0,0
63.2288,62294,623170548,1851,0,0,0
63.2385,62295,623180548,1872,0,0,0
63.2486,62296,623190548,1856,0,0,0
63.2588,62297,623200549,1898,0,0,0
63.2686,62298,623210549,1877,0,0,0
63.2786,62299,623220548,1904,0,0,0
63.2886,62300,623230548,1915,0,0,0
63.2986,62301,623240548,1922,0,0,0
63.3086,62302,623250548,1942,0,0,0
63.3187,62303,623260548,1955,0,0,0
63.3286,62304,623270548,1945,0,0,0
63.3386,62305,623280548,1974,0,0,0
63.3487,62306,623290548,1957,0,0,0
63.3587,62307,623300549,1974,0,0,0
63.3686,62308,623310548,1951,0,0,0
63.3786,62309,623320549,1935,0,0,0
63.3885,62310,623330549,1914,0,0,0
63.3986,62311,623340548,1891,0,0,0
63.4087,62312,623350548,1845,0,0,0
63.4185,62313,623360549,1849,0,0,0
63.4289,62314,623370548,1804,0,0,0
63.4387,62315,623380549,1825,0,0,0
63.4487,62316,623390548,1808,0,0,0
63.4589,62317,623400549,1821,0,0,0
63.4697,62318,623410548,1809,0,0,0
63.4786,62319,623420548,1818,0,0,0
63.4884,62320,623430548,1803,0,0,0
63.4987,62321,623440548,1829,0,0,0
63.5086,62322,623450548,1824,0,0,0
63.5187,62323,623460548,1835,0,0,0
63.5286,62324,623470548,1808,0,0,0
63.5385,62325,623480548,1831,0,0,0
63.5485,62326,623490548,1835,0,0,0
63.5588,62327,623500548,1820,0,0,0
63.5688,62328,623510548,1822,0,0,0
63.5786,62329,623520548,1852,0,0,0
63.5886,62330,623530548,1824,0,0,0
63.5988,62331,623540548,1814,0,0,0
63.6087,62332,623550548,1820,0,0,0
63.6186,62333,623560548,1840,0,0,0
63.6287,62334,623570549,1815,0,0,0
63.6385,62335,623580549,1837,0,0,0
63.6487,62336,623590548,1831,0,0,0
63.6586,62337,623600548,1819,0,0,0
63.6685,62338,623610548,1809,0,0,0
63.6789,62339,623620549,1830,0,0,0
63.6886,62340,623630548,1822,0,0,0
63.6986,62341,623640549,1827,0,0,0
63.7087,62342,623650548,1842,0,0,0
63.7207,62343,623660548,1919,0,0,0
63.7296,62344,623670549,1925,0,0,0
63.7385,62345,623680548,1972,0,0,0
63.7485,62346,623690548,1963,0,0,0
63.7588,62347,623700548,1921,0,0,0
63.7685,62348,623710548,1907,0,0,0
63.7786,62349,623720549,1873,0,0,0
63.7885,62350,623730548,1837,0,0,0
63.7986,62351,623740549,1796,0,0,0
63.8086,62352,623750548,1771,0,0,0
63.8185,62353,623760548,1776,0,0,0
63.8286,62354,623770548,1766,0,0,0
63.8385,62355,623780549,1773,0,0,0
63.8487,62356,623790548,1762,0,0,0
63.8588,62357,623800548,1773,0,0,0
63.8685,62358,623810549,1792,0,0,0
63.8787,62359,623820548,1930,0,0,0
63.8885,62360,623830549,2064,0,0,0
63.8986,62361,623840548,2591,0,0,0
63.9086,62362,623850548,2357,0,0,0
63.9186,62363,623860549,1769,0,0,0
63.9286,62364,623870548,1436,0,0,0
63.9386,62365,623880549,1438,0,0,0
63.9485,62366,623890548,1535,0,0,0
63.9589,62367,623900548,1707,0,0,0
63.9687,62368,623910548,1785,0,0,0
63.9784,62369,623920548,1797,0,0,0
63.9885,62370,623930548,1793,0,0,0
63.9985,62371,623940549,1837,0,0,0
64.0085,62372,623950548,1839,0,0,0
64.0187,62373,623960548,1840,0,0,0
64.0286,62374,623970548,1864,0,0,0
64.0386,62375,623980549,1851,0,0,0
64.0485,62376,623990548,1856,0,0,0
64.0589,62377,624000548,1865,0,0,0
64.0686,62378,624010548,1862,0,0,0
64.0786,62379,624020548,1894,0,0,0
64.0885,62380,624030548,1889,0,0,0
64.0986,62381,624040549,1894,0,0,0
64.1086,62382,624050548,1909,0,0,0
64.1187,62383,624060549,1921,0,0,0
64.1287,62384,624070548,1936,0,0,0
64.1386,62385,624080548,1955,0,0,0
64.1488,62386,624090548,1948,0,0,0
64.1586,62387,624100548,1946,0,0,0
64.1686,62388,624110548,1947,0,0,0
64.1786,62389,624120548,1942,0,0,0
64.1886,62390,624130548,1915,0,0,0
64.1986,62391,624140549,1889,0,0,0
64.2087,62392,624150548,1863,0,0,0
64.2202,62393,624160548,1821,0,0,0
64.2285,62394,624170548,1813,0,0,0
64.2386,62395,624180549,1781,0,0,0
64.2485,62396,624190549,1777,0,0,0
64.2587,62397,624200548,1765,0,0,0
64.2686,62398,624210548,1783,0,0,0
64.2786,62399,624220548,1778,0,0,0
64.2885,62400,624230548,1776,0,0,0
64.2986,62401,624240548,1791,0,0,0
64.3085,62402,624250548,1805,0,0,0
64.3188,62403,624260548,1793,0,0,0
64.3288,62404,624270548,1789,0,0,0
64.3386,62405,624280548,1808,0,0,0
64.3486,62406,624290548,1812,0,0,0
64.3589,62407,624300548,1799,0,0,0
64.3688,62408,624310548,1808,0,0,0
64.3787,62409,624320548,1805,0,0,0
64.3887,62410,624330548,1826,0,0,0
64.3986,62411,624340549,1818,0,0,0
64.4085,62412,624350548,1808,0,0,0
64.4187,62413,624360548,1796,0,0,0
64.4285,62414,624370549,1806,0,0,0
64.4386,62415,624380548,1808,0,0,0
64.4486,62416,624390548,1811,0,0,0
64.4587,62417,624400549,1793,0,0,0
64.4686,62418,624410548,1809,0,0,0
64.4789,62419,624420548,1805,0,0,0
64.4886,62420,624430548,1813,0,0,0
64.4990,62421,624440549,1808,0,0,0
64.5085,62422,624450548,1802,0,0,0
64.5187,62423,624460548,1809,0,0,0
64.5286,62424,624470548,1808,0,0,0
64.5388,62425,624480548,1825,0,0,0
64.5485,62426,624490548,1871,0,0,0
64.5587,62427,624500549,1914,0,0,0
64.5687,62428,624510549,1934,0,0,0
64.5786,62429,624520548,1974,0,0,0
64.5885,62430,624530548,1934,0,0,0
64.5986,62431,624540548,1919,0,0,0
64.6085,62432,624550548,1891,0,0,0
64.6185,62433,624560549,1843,0,0,0
64.6291,62434,624570549,1837,0,0,0
64.6384,62435,624580548,1786,0,0,0
64.6487,62436,624590548,1777,0,0,0
64.6587,62437,624600549,1757,0,0,0
64.6686,62438,624610548,1756,0,0,0
64.6786,62439,624620549,1747,0,0,0
64.6886,62440,624630548,1759,0,0,0
64.6986,62441,624640548,1758,0,0,0
64.7085,62442,624650548,1838,0,0,0
64.7192,62443,624660548,1933,0,0,0
64.7285,62444,624670548,2190,0,0,0
64.7385,62445,624680548,2624,0,0,0
64.7485,62446,624690548,2178,0,0,0
64.7589,62447,624700549,1571,0,0,0
64.7685,62448,624710548,1405,0,0,0
64.7787,62449,624720548,1474,0,0,0
64.7885,62450,624730548,1623,0,0,0
64.7985,62451,624740548,1742,0,0,0
64.8086,62452,624750548,1776,0,0,0
64.8185,62453,624760549,1778,0,0,0
64.8286,62454,624770548,1808,0,0,0
64.8386,62455,624780548,1815,0,0,0
64.8486,62456,624790548,1831,0,0,0
64.8587,62457,624800548,1822,0,0,0
64.8685,62458,624810548,1862,0,0,0
64.8785,62459,624820548,1851,0,0,0
64.8885,62460,624830549,1863,0,0,0
64.8986,62461,624840549,1859,0,0,0
64.9086,62462,624850548,1872,0,0,0
64.9186,62463,624860549,1872,0,0,0
64.9287,62464,624870548,1904,0,0,0
64.9385,62465,624880548,1904,0,0,0
64.9486,62466,624890548,1919,0,0,0
64.9590,62467,624900549,1927,0,0,0
64.9697,62468,624910549,1957,0,0,0
64.9789,62469,624920548,1952,0,0,0
64.9886,62470,624930549,1966,0,0,0
64.9985,62471,624940549,1941,0,0,0
65.0088,62472,624950549,1958,0,0,0
65.0187,62473,624960548,1936,0,0,0
65.0287,62474,624970548,1916,0,0,0
65.0385,62475,624980548,1874,0,0,0
65.0485,62476,624990549,1843,0,0,0
65.0586,62477,625000548,1805,0,0,0
65.0684,62478,625010549,1779,0,0,0
65.0786,62479,625020549,1754,0,0,0
65.0885,62480,625030549,1776,0,0,0
65.0984,62481,625040548,1761,0,0,0
65.1087,62482,625050548,1766,0,0,0
65.1184,62483,625060549,1756,0,0,0
65.1284,62484,625070548,1776,0,0,0
65.1385,62485,625080549,1756,0,0,0
65.1484,62486,625090549,1777,0,0,0
65.1587,62487,625100549,1776,0,0,0
65.1685,62488,625110548,1786,0,0,0
65.1789,62489,625120548,1774,0,0,0
65.1884,62490,625130548,1801,0,0,0
65.1985,62491,625140548,1789,0,0,0
65.2087,62492,625150549,1808,0,0,0
65.2194,62493,625160548,1781,0,0,0
65.2285,62494,625170549,1803,0,0,0
65.2385,62495,625180548,1791,0,0,0
65.2485,62496,625190548,1801,0,0,0
65.2585,62497,625200549,1786,0,0,0
65.2684,62498,625210548,1799,0,0,0
65.2786,62499,625220549,1799,0,0,0
65.2884,62500,625230548,1810,0,0,0
65.2986,62501,625240548,1776,0,0,0
65.3088,62502,625250548,1790,0,0,0
65.3186,62503,625260549,1774,0,0,0
65.3286,62504,625270548,1797,0,0,0
65.3386,62505,625280549,1786,0,0,0
65.3485,62506,625290549,1792,0,0,0
65.3586,62507,625300549,1790,0,0,0
65.3687,62508,625310548,1798,0,0,0
65.3786,62509,625320548,1776,0,0,0
65.3885,62510,625330549,1795,0,0,0
65.3988,62511,625340548,1789,0,0,0
65.4086,62512,625350548,1811,0,0,0
65.4186,62513,625360549,1817,0,0,0
65.4286,62514,625370548,1897,0,0,0
65.4385,62515,625380548,1904,0,0,0
65.4486,62516,625390548,1937,0,0,0
65.4586,62517,625400549,1941,0,0,0
65.4688,62518,625410548,1905,0,0,0
65.4797,62519,625420548,1897,0,0,0
65.4886,62520,625430548,1857,0,0,0
65.4986,62521,625440549,1819,0,0,0
65.5086,62522,625450548,1802,0,0,0
65.5186,62523,625460549,1760,0,0,0
65.5286,62524,625470548,1765,0,0,0
65.5384,62525,625480549,1745,0,0,0
65.5485,62526,625490548,1766,0,0,0
65.5585,62527,625500548,1744,0,0,0
65.5686,62528,625510548,1774,0,0,0
65.5786,62529,625520548,1775,0,0,0
65.5885,62530,625530549,1904,0,0,0
65.5985,62531,625540548,1969,0,0,0
65.6087,62532,625550548,2548,0,0,0
65.6184,62533,625560548,2531,0,0,0
65.6285,62534,625570548,1852,0,0,0
65.6386,62535,625580548,1439,0,0,0
65.6485,62536,625590548,1470,0,0,0
65.6586,62537,625600548,1559,0,0,0
65.6686,62538,625610548,1728,0,0,0
65.6784,62539,625620549,1769,0,0,0
65.6885,62540,625630548,1798,0,0,0
65.6987,62541,625640548,1792,0,0,0
65.7086,62542,625650549,1831,0,0,0
65.7186,62543,625660549,1819,0,0,0
65.7289,62544,625670548,1849,0,0,0
65.7386,62545,625680548,1841,0,0,0
65.7486,62546,625690548,1869,0,0,0
65.7586,62547,625700548,1857,0,0,0
65.7684,62548,625710549,1875,0,0,0
65.7785,62549,625720549,1871,0,0,0
65.7886,62550,625730548,1901,0,0,0
65.7986,62551,625740548,1890,0,0,0
65.8086,62552,625750548,1919,0,0,0
65.8186,62553,625760549,1915,0,0,0
65.8284,62554,625770548,1952,0,0,0
65.8385,62555,625780548,1947,0,0,0
65.8486,62556,625790548,1979,0,0,0
65.8585,62557,625800548,1970,0,0,0
65.8685,62558,625810548,1991,0,0,0
65.8784,62559,625820548,1973,0,0,0
65.8886,62560,625830548,1973,0,0,0
65.8985,62561,625840548,1938,0,0,0
65.9087,62562,625850548,1929,0,0,0
65.9185,62563,625860548,1847,0,0,0
65.9285,62564,625870549,1838,0,0,0
65.9386,62565,625880549,1801,0,0,0
65.9486,62566,625890548,1790,0,0,0
65.9588,62567,625900549,1762,0,0,0
65.9707,62568,625910548,1781,0,0,0
65.9788,62569,625920549,1759,0,0,0
65.9887,62570,625930548,1771,0,0,0
65.9984,62571,625940548,1751,0,0,0
66.0088,62572,625950548,1777,0,0,0
66.0184,62573,625960548,1766,0,0,0
66.0286,62574,625970548,1788,0,0,0
66.0385,62575,625980548,1775,0,0,0
66.0488,62576,625990548,1792,0,0,0
66.0585,62577,626000549,1787,0,0,0
66.0684,62578,626010548,1808,0,0,0
66.0785,62579,626020549,1794,0,0,0
66.0885,62580,626030549,1809,0,0,0
66.0985,62581,626040548,1799,0,0,0
66.1086,62582,626050548,1822,0,0,0
66.1188,62583,626060548,1805,0,0,0
66.1286,62584,626070548,1809,0,0,0
66.1385,62585,626080548,1797,0,0,0
66.1486,62586,626090548,1814,0,0,0
66.1587,62587,626100548,1792,0,0,0
66.1685,62588,626110548,1805,0,0,0
66.1784,62589,626120549,1794,0,0,0
66.1886,62590,626130548,1798,0,0,0
66.1985,62591,626140549,1792,0,0,0
66.2086,62592,626150549,1809,0,0,0
66.2186,62593,626160548,1793,0,0,0
66.2285,62594,626170548,1821,0,0,0
66.2386,62595,626180548,1795,0,0,0
66.2487,62596,626190548,1818,0,0,0
66.2588,62597,626200549,1802,0,0,0
66.2686,62598,626210548,1837,0,0,0
66.2785,62599,626220549,1805,0,0,0
66.2885,62600,626230548,1827,0,0,0
66.2986,62601,626240549,1809,0,0,0
66.3085,62602,626250548,1837,0,0,0
66.3187,62603,626260548,1833,0,0,0
66.3291,62604,626270548,1872,0,0,0
66.3386,62605,626280549,1906,0,0,0
66.3486,62606,626290548,1955,0,0,0
66.3585,62607,626300548,1951,0,0,0
66.3686,62608,626310548,1991,0,0,0
66.3785,62609,626320549,1929,0,0,0
66.3885,62610,626330549,1938,0,0,0
66.3985,62611,626340548,1882,0,0,0
66.4086,62612,626350548,1869,0,0,0
66.4186,62613,626360548,1810,0,0,0
66.4284,62614,626370548,1808,0,0,0
66.4388,62615,626380549,1776,0,0,0
66.4486,62616,626390548,1786,0,0,0
66.4586,62617,626400549,1775,0,0,0
66.4693,62618,626410548,1799,0,0,0
66.4785,62619,626420548,1787,0,0,0
66.4884,62620,626430548,1817,0,0,0
66.4987,62621,626440548,1907,0,0,0
66.5086,62622,626450548,2015,0,0,0
66.5193,62623,626460548,2590,0,0,0
66.5285,62624,626470548,2544,0,0,0
66.5385,62625,626480548,1869,0,0,0
66.5486,62626,626490548,1533,0,0,0
66.5586,62627,626500548,1499,0,0,0
66.5686,62628,626510548,1607,0,0,0
66.5786,62629,626520548,1735,0,0,0
66.5885,62630,626530548,1810,0,0,0
66.5984,62631,626540548,1807,0,0,0
66.6085,62632,626550548,1854,0,0,0
66.6187,62633,626560549,1841,0,0,0
66.6284,62634,626570549,1869,0,0,0
66.6384,62635,626580548,1862,0,0,0
66.6486,62636,626590548,1887,0,0,0
66.6586,62637,626600549,1866,0,0,0
66.6686,62638,626610548,1904,0,0,0
66.6785,62639,626620549,1885,0,0,0
66.6884,62640,626630548,1911,0,0,0
66.6984,62641,626640548,1911,0,0,0
66.7086,62642,626650548,1926,0,0,0
66.7195,62643,626660549,1935,0,0,0
66.7286,62644,626670548,1952,0,0,0
66.7385,62645,626680549,1947,0,0,0
66.7486,62646,626690548,1995,0,0,0
66.7586,62647,626700549,1984,0,0,0
66.7687,62648,626710549,2017,0,0,0
66.7785,62649,626720548,1984,0,0,0
66.7885,62650,626730548,2006,0,0,0
66.7986,62651,626740548,1989,0,0,0
66.8087,62652,626750549,1989,0,0,0
66.8185,62653,626760548,1936,0,0,0
66.8286,62654,626770548,1911,0,0,0
66.8384,62655,626780549,1875,0,0,0
66.8485,62656,626790548,1859,0,0,0
66.8586,62657,626800548,1815,0,0,0
66.8686,62658,626810548,1833,0,0,0
66.8785,62659,626820549,1798,0,0,0
66.8885,62660,626830549,1825,0,0,0
66.8984,62661,626840548,1805,0,0,0
66.9085,62662,626850548,1808,0,0,0
66.9187,62663,626860548,1822,0,0,0
66.9287,62664,626870548,1827,0,0,0
66.9386,62665,626880548,1822,0,0,0
66.9485,62666,626890548,1844,0,0,0
66.9587,62667,626900548,1839,0,0,0
66.9699,62668,626910548,1857,0,0,0
66.9789,62669,626920548,1826,0,0,0
66.9884,62670,626930548,1842,0,0,0
66.9984,62671,626940549,1842,0,0,0
67.0088,62672,626950548,1854,0,0,0
67.0185,62673,626960549,1843,0,0,0
67.0285,62674,626970548,1844,0,0,0
67.0385,62675,626980549,1827,0,0,0
67.0485,62676,626990549,1846,0,0,0
67.0585,62677,627000549,1834,0,0,0
67.0685,62678,627010548,1853,0,0,0
67.0785,62679,627020549,1840,0,0,0
67.0885,62680,627030548,1849,0,0,0
67.0989,62681,627040548,1826,0,0,0
67.1087,62682,627050549,1840,0,0,0
67.1186,62683,627060549,1825,0,0,0
67.1286,62684,627070549,1843,0,0,0
67.1384,62685,627080548,1837,0,0,0
67.1487,62686,627090548,1847,0,0,0
67.1592,62687,627100548,1841,0,0,0
67.1685,62688,627110549,1859,0,0,0
67.1786,62689,627120548,1841,0,0,0
67.1886,62690,627130548,1859,0,0,0
67.1984,62691,627140549,1853,0,0,0
67.2086,62692,627150549,1915,0,0,0
67.2214,62693,627160548,1941,0,0,0
67.2286,62694,627170548,1968,0,0,0
67.2385,62695,627180548,2007,0,0,0
67.2488,62696,627190548,1956,0,0,0
67.2588,62697,627200548,1962,0,0,0
67.2686,62698,627210548,1929,0,0,0
67.2787,62699,627220548,1870,0,0,0
67.2885,62700,627230548,1851,0,0,0
67.2985,62701,627240548,1811,0,0,0
67.3088,62702,627250548,1791,0,0,0
67.3185,62703,627260548,1791,0,0,0
67.3287,62704,627270548,1797,0,0,0
67.3386,62705,627280549,1778,0,0,0
67.3485,62706,627290548,1808,0,0,0
67.3586,62707,627300548,1797,0,0,0
67.3686,62708,627310548,1856,0,0,0
67.3784,62709,627320548,1926,0,0,0
67.3886,62710,627330548,2288,0,0,0
67.3986,62711,627340548,2666,0,0,0
67.4085,62712,627350548,2181,0,0,0
67.4187,62713,627360549,1626,0,0,0
67.4286,62714,627370548,1462,0,0,0
67.4385,62715,627380548,1525,0,0,0
67.4487,62716,627390549,1651,0,0,0
67.4585,62717,627400548,1781,0,0,0
67.4711,62718,627410548,1803,0,0,0
67.4785,62719,627420548,1810,0,0,0
67.4884,62720,627430548,1835,0,0,0
67.4986,62721,627440548,1840,0,0,0
67.5094,62722,627450548,1870,0,0,0
67.5190,62723,627460548,1869,0,0,0
67.5284,62724,627470548,1876,0,0,0
67.5386,62725,627480548,1874,0,0,0
67.5486,62726,627490548,1881,0,0,0
67.5587,62727,627500549,1883,0,0,0
67.5687,62728,627510549,1910,0,0,0
67.5785,62729,627520548,1915,0,0,0
67.5885,62730,627530548,1921,0,0,0
67.5985,62731,627540548,1918,0,0,0
67.6086,62732,627550549,1931,0,0,0
67.6185,62733,627560548,1951,0,0,0
67.6287,62734,627570549,1955,0,0,0
67.6385,62735,627580549,1958,0,0,0
67.6486,62736,627590549,1975,0,0,0
67.6586,62737,627600548,1965,0,0,0
67.6685,62738,627610548,1955,0,0,0
67.6785,62739,627620548,1942,0,0,0
67.6885,62740,627630548,1943,0,0,0
67.6984,62741,627640549,1904,0,0,0
67.7087,62742,627650548,1872,0,0,0
67.7200,62743,627660549,1845,0,0,0
67.7288,62744,627670548,1836,0,0,0
67.7386,62745,627680548,1820,0,0,0
67.7485,62746,627690548,1817,0,0,0
67.7587,62747,627700548,1806,0,0,0
67.7686,62748,627710549,1801,0,0,0
67.7785,62749,627720548,1809,0,0,0
67.7885,62750,627730549,1819,0,0,0
67.7985,62751,627740548,1827,0,0,0
67.8086,62752,627750548,1815,0,0,0
67.8186,62753,627760548,1808,0,0,0
67.8284,62754,627770548,1829,0,0,0
67.8386,62755,627780548,1826,0,0,0
67.8484,62756,627790549,1829,0,0,0
67.8586,62757,627800549,1822,0,0,0
67.8686,62758,627810548,1840,0,0,0
67.8785,62759,627820548,1843,0,0,0
67.8884,62760,627830548,1839,0,0,0
67.8985,62761,627840548,1837,0,0,0
67.9085,62762,627850548,1840,0,0,0
67.9186,62763,627860549,1840,0,0,0
67.9285,62764,627870548,1827,0,0,0
67.9385,62765,627880549,1839,0,0,0
67.9485,62766,627890548,1840,0,0,0
67.9587,62767,627900549,1827,0,0,0
67.9731,62768,627910548,1840,0,0,0
67.9788,62769,627920549,1838,0,0,0
67.9886,62770,627930548,1828,0,0,0
67.9985,62771,627940549,1835,0,0,0
68.0086,62772,627950548,1831,0,0,0
68.0185,62773,627960548,1830,0,0,0
68.0284,62774,627970548,1828,0,0,0
68.0386,62775,627980548,1842,0,0,0
68.0487,62776,627990548,1825,0,0,0
68.0586,62777,628000548,1855,0,0,0
68.0684,62778,628010548,1904,0,0,0
68.0784,62779,628020548,1915,0,0,0
68.0886,62780,628030548,1953,0,0,0
68.0985,62781,628040548,1983,0,0,0
68.1085,62782,628050548,1927,0,0,0
68.1186,62783,628060548,1925,0,0,0
68.1286,62784,628070548,1889,0,0,0
68.1385,62785,628080548,1863,0,0,0
68.1486,62786,628090548,1805,0,0,0
68.1587,62787,628100548,1792,0,0,0
68.1685,62788,628110549,1774,0,0,0
68.1786,62789,628120548,1761,0,0,0
68.1886,62790,628130548,1763,0,0,0
68.1986,62791,628140549,1759,0,0,0
68.2087,62792,628150549,1762,0,0,0
68.2185,62793,628160548,1779,0,0,0
68.2287,62794,628170548,1889,0,0,0
68.2385,62795,628180549,1969,0,0,0
68.2485,62796,628190548,2462,0,0,0
68.2585,62797,628200548,2507,0,0,0
68.2686,62798,628210548,1943,0,0,0
68.2786,62799,628220548,1484,0,0,0
68.2886,62800,628230548,1411,0,0,0
68.2989,62801,628240549,1522,0,0,0
68.3087,62802,628250549,1673,0,0,0
68.3185,62803,628260548,1766,0,0,0
68.3286,62804,628270548,1773,0,0,0
68.3385,62805,628280548,1808,0,0,0
68.3484,62806,628290548,1831,0,0,0
68.3587,62807,628300548,1814,0,0,0
68.3685,62808,628310548,1827,0,0,0
68.3785,62809,628320549,1856,0,0,0
68.3886,62810,628330548,1840,0,0,0
68.3987,62811,628340549,1859,0,0,0
68.4086,62812,628350549,1845,0,0,0
68.4185,62813,628360548,1868,0,0,0
68.4286,62814,628370549,1869,0,0,0
68.4384,62815,628380549,1883,0,0,0
68.4486,62816,628390548,1892,0,0,0
68.4586,62817,628400549,1904,0,0,0
68.4697,62818,628410548,1919,0,0,0
68.4786,62819,628420548,1924,0,0,0
68.4885,62820,628430549,1945,0,0,0
68.4988,62821,628440548,1961,0,0,0
68.5085,62822,628450549,1936,0,0,0
68.5189,62823,628460548,1950,0,0,0
68.5285,62824,628470548,1952,0,0,0
68.5386,62825,628480549,1931,0,0,0
68.5484,62826,628490548,1904,0,0,0
68.5585,62827,628500548,1874,0,0,0
68.5686,62828,628510548,1840,0,0,0
68.5785,62829,628520548,1825,0,0,0
68.5885,62830,628530549,1799,0,0,0
68.5988,62831,628540548,1796,0,0,0
68.6086,62832,628550548,1779,0,0,0
68.6185,62833,628560549,1799,0,0,0
68.6286,62834,628570548,1782,0,0,0
68.6385,62835,628580548,1781,0,0,0
68.6485,62836,628590549,1775,0,0,0
68.6585,62837,628600549,1794,0,0,0
68.6686,62838,628610549,1789,0,0,0
68.6784,62839,628620549,1795,0,0,0
68.6886,62840,628630549,1791,0,0,0
68.6988,62841,628640548,1818,0,0,0
68.7087,62842,628650548,1817,0,0,0
68.7199,62843,628660549,1809,0,0,0
68.7290,62844,628670548,1795,0,0,0
68.7385,62845,628680548,1804,0,0,0
68.7486,62846,628690549,1809,0,0,0
68.7586,62847,628700548,1811,0,0,0
68.7686,62848,628710549,1802,0,0,0
68.7785,62849,628720548,1809,0,0,0
68.7886,62850,628730548,1797,0,0,0
68.7984,62851,628740548,1818,0,0,0
68.8087,62852,628750549,1798,0,0,0
68.8185,62853,628760549,1803,0,0,0
68.8285,62854,628770549,1786,0,0,0
68.8385,62855,628780548,1809,0,0,0
68.8484,62856,628790548,1809,0,0,0
68.8587,62857,628800549,1809,0,0,0
68.8686,62858,628810548,1806,0,0,0
68.8784,62859,628820548,1814,0,0,0
68.8885,62860,628830548,1804,0,0,0
68.8987,62861,628840549,1815,0,0,0
68.9086,62862,628850548,1803,0,0,0
68.9184,62863,628860548,1811,0,0,0
68.9286,62864,628870548,1808,0,0,0
68.9384,62865,628880548,1856,0,0,0
68.9485,62866,628890548,1901,0,0,0
68.9586,62867,628900548,1922,0,0,0
68.9711,62868,628910548,1963,0,0,0
68.9789,62869,628920549,1970,0,0,0
68.9884,62870,628930548,1905,0,0,0
68.9984,62871,628940548,1919,0,0,0
69.0087,62872,628950548,1845,0,0,0
69.0185,62873,628960548,1828,0,0,0
69.0287,62874,628970548,1781,0,0,0
69.0386,62875,628980548,1783,0,0,0
69.0485,62876,628990549,1773,0,0,0
69.0585,62877,629000548,1777,0,0,0
69.0687,62878,629010548,1751,0,0,0
69.0787,62879,629020549,1770,0,0,0
69.0885,62880,629030548,1766,0,0,0
69.0986,62881,629040549,1823,0,0,0
69.1086,62882,629050548,1931,0,0,0
69.1185,62883,629060548,2123,0,0,0
69.1286,62884,629070548,2624,0,0,0
69.1385,62885,629080549,2273,0,0,0
69.1486,62886,629090548,1648,0,0,0
69.1586,62887,629100549,1423,0,0,0
69.1686,62888,629110548,1467,0,0,0
69.1786,62889,629120548,1581,0,0,0
69.1886,62890,629130548,1745,0,0,0
69.1987,62891,629140549,1802,0,0,0
69.2088,62892,629150548,1791,0,0,0
69.2214,62893,629160548,1826,0,0,0
69.2285,62894,629170549,1826,0,0,0
69.2384,62895,629180548,1863,0,0,0
69.2484,62896,629190548,1847,0,0,0
69.2586,62897,629200548,1849,0,0,0
69.2686,62898,629210548,1855,0,0,0
69.2785,62899,629220548,1891,0,0,0
69.2885,62900,629230548,1882,0,0,0
69.2985,62901,629240549,1906,0,0,0
69.3087,62902,629250548,1895,0,0,0
69.3185,62903,629260549,1923,0,0,0
69.3286,62904,629270549,1921,0,0,0
69.3384,62905,629280548,1948,0,0,0
69.3484,62906,629290548,1954,0,0,0
69.3588,62907,629300549,1985,0,0,0
69.3685,62908,629310548,1978,0,0,0
69.3785,62909,629320549,1991,0,0,0
69.3885,62910,629330548,1979,0,0,0
69.3987,62911,629340548,2000,0,0,0
69.4087,62912,629350549,1961,0,0,0
69.4185,62913,629360548,1953,0,0,0
69.4284,62914,629370548,1926,0,0,0
69.4384,62915,629380549,1883,0,0,0
69.4486,62916,629390548,1831,0,0,0
69.4586,62917,629400549,1815,0,0,0
69.4686,62918,629410548,1787,0,0,0
69.4786,62919,629420548,1808,0,0,0
69.4884,62920,629430548,1779,0,0,0
69.4985,62921,629440548,1797,0,0,0
69.5088,62922,629450549,1775,0,0,0
69.5187,62923,629460549,1787,0,0,0
69.5286,62924,629470548,1781,0,0,0
69.5385,62925,629480548,1808,0,0,0
69.5485,62926,629490548,1775,0,0,0
69.5586,62927,629500549,1803,0,0,0
69.5685,62928,629510549,1791,0,0,0
69.5786,62929,629520548,1807,0,0,0
69.5884,62930,629530548,1795,0,0,0
69.5984,62931,629540548,1822,0,0,0
69.6085,62932,629550549,1803,0,0,0
69.6184,62933,629560549,1820,0,0,0
69.6286,62934,629570548,1794,0,0,0
69.6386,62935,629580549,1819,0,0,0
69.6486,62936,629590548,1808,0,0,0
69.6587,62937,629600549,1814,0,0,0
69.6684,62938,629610548,1795,0,0,0
69.6785,62939,629620549,1812,0,0,0
69.6885,62940,629630548,1797,0,0,0
69.6985,62941,629640548,1814,0,0,0
69.7085,62942,629650548,1794,0,0,0
69.7205,62943,629660548,1812,0,0,0
69.7287,62944,629670548,1791,0,0,0
69.7386,62945,629680548,1808,0,0,0
69.7487,62946,629690548,1802,0,0,0
69.7587,62947,629700549,1821,0,0,0
69.7685,62948,629710548,1803,0,0,0
69.7786,62949,629720548,1810,0,0,0
69.7885,62950,629730548,1794,0,0,0
69.7986,62951,629740548,1808,0,0,0
69.8084,62952,629750549,1799,0,0,0
69.8184,62953,629760548,1811,0,0,0
69.8285,62954,629770548,1808,0,0,0
69.8387,62955,629780548,1856,0,0,0
69.8484,62956,629790548,1891,0,0,0
69.8587,62957,629800549,1925,0,0,0
69.8686,62958,629810548,1966,0,0,0
69.8785,62959,629820548,1943,0,0,0
69.8884,62960,629830548,1919,0,0,0
69.8985,62961,629840548,1914,0,0,0
69.9085,62962,629850549,1851,0,0,0
69.9187,62963,629860548,1836,0,0,0
69.9284,62964,629870548,1777,0,0,0
69.9386,62965,629880549,1776,0,0,0
69.9487,62966,629890548,1744,0,0,0
69.9585,62967,629900549,1763,0,0,0
69.9716,62968,629910549,1747,0,0,0
69.9786,62969,629920548,1773,0,0,0
69.9884,62970,629930548,1750,0,0,0
69.9984,62971,629940549,1826,0,0,0
70.0146,62972,629950548,1902,0,0,0
70.0184,62973,629960548,2167,0,0,0
70.0341,62974,629970548,2666,0,0,0
70.0438,62975,629980548,2267,0,0,0
70.0485,62976,629990549,1535,0,0,0
70.0588,62977,630000548,1428,0,0,0
70.0714,62978,630010549,1479,0,0,0
70.0785,62979,630020549,1641,0,0,0
70.0884,62980,630030548,1742,0,0,0
70.0985,62981,630040548,1779,0,0,0
70.1084,62982,630050548,1775,0,0,0
70.1188,62983,630060548,1808,0,0,0
70.1286,62984,630070548,1804,0,0,0
70.1385,62985,630080548,1830,0,0,0
70.1485,62986,630090548,1825,0,0,0
70.1585,62987,630100548,1839,0,0,0
70.1685,62988,630110548,1843,0,0,0
70.1785,62989,630120548,1869,0,0,0
70.1895,62990,630130548,1847,0,0,0
70.2047,62991,630140549,1875,0,0,0
70.2176,62992,630150548,1871,0,0,0
70.2198,62993,630160548,1903,0,0,0
70.2342,62994,630170548,1893,0,0,0
70.2497,62995,630180549,1934,0,0,0
70.2504,62996,630190548,1935,0,0,0
70.2587,62997,630200549,1968,0,0,0
70.2686,62998,630210548,1959,0,0,0
70.2784,62999,630220549,1988,0,0,0
70.2885,63000,630230548,1973,0,0,0
70.2985,63001,630240549,1986,0,0,0
70.3086,63002,630250549,1951,0,0,0
70.3186,63003,630260549,1936,0,0,0
70.3286,63004,630270548,1882,0,0,0
70.3385,63005,630280548,1861,0,0,0
70.3486,63006,630290549,1806,0,0,0
70.3585,63007,630300548,1804,0,0,0
70.3689,63008,630310548,1763,0,0,0
70.3862,63009,630320548,1776,0,0,0
70.3902,63010,630330549,1750,0,0,0
70.4032,63011,630340549,1773,0,0,0
70.4103,63012,630350549,1746,0,0,0
70.4202,63013,630360548,1769,0,0,0
70.4285,63014,630370548,1760,0,0,0
70.4416,63015,630380549,1781,0,0,0
70.4484,63016,630390549,1778,0,0,0
70.4589,63017,630400548,1790,0,0,0
70.4687,63018,630410548,1776,0,0,0
70.4784,63019,630420548,1795,0,0,0
70.4885,63020,630430548,1791,0,0,0
70.4992,63021,630440549,1806,0,0,0
70.5084,63022,630450549,1797,0,0,0
70.5187,63023,630460549,1815,0,0,0
70.5287,63024,630470549,1807,0,0,0
70.5387,63025,630480548,1819,0,0,0
70.5485,63026,630490549,1803,0,0,0
70.5586,63027,630500548,1811,0,0,0
70.5692,63028,630510549,1799,0,0,0
70.5801,63029,630520548,1811,0,0,0
70.5944,63030,630530548,1795,0,0,0
70.5984,63031,630540549,1809,0,0,0
70.6138,63032,630550548,1791,0,0,0
70.6184,63033,630560548,1808,0,0,0
70.6286,63034,630570548,1799,0,0,0
70.6387,63035,630580548,1809,0,0,0
70.6488,63036,630590549,1796,0,0,0
70.6586,63037,630600548,1811,0,0,0
70.6685,63038,630610548,1804,0,0,0
70.6784,63039,630620548,1817,0,0,0
70.6892,63040,630630548,1807,0,0,0
70.6986,63041,630640548,1819,0,0,0
70.7084,63042,630650548,1808,0,0,0
70.7196,63043,630660548,1815,0,0,0
70.7301,63044,630670548,1800,0,0,0
70.7387,63045,630680548,1842,0,0,0
70.7488,63046,630690548,1891,0,0,0
70.7631,63047,630700548,1936,0,0,0
70.7726,63048,630710548,1947,0,0,0
70.7785,63049,630720549,1968,0,0,0
70.7928,63050,630730548,1917,0,0,0
70.7984,63051,630740549,1935,0,0,0
70.8086,63052,630750548,1872,0,0,0
70.8185,63053,630760549,1863,0,0,0
70.8284,63054,630770548,1808,0,0,0
70.8385,63055,630780549,1791,0,0,0
70.8493,63056,630790548,1776,0,0,0
70.8588,63057,630800548,1783,0,0,0
70.8685,63058,630810549,1770,0,0,0
70.8785,63059,630820548,1787,0,0,0
70.8884,63060,630830548,1776,0,0,0
70.8988,63061,630840548,1835,0,0,0
70.9089,63062,630850548,1910,0,0,0
70.9186,63063,630860548,2073,0,0,0
70.9285,63064,630870548,2682,0,0,0
70.9384,63065,630880548,2505,0,0,0
70.9484,63066,630890549,1717,0,0,0
70.9585,63067,630900549,1488,0,0,0
70.9697,63068,630910548,1503,0,0,0
70.9791,63069,630920548,1634,0,0,0
70.9884,63070,630930548,1754,0,0,0
70.9984,63071,630940548,1806,0,0,0
71.0091,63072,630950548,1803,0,0,0
71.0185,63073,630960549,1838,0,0,0
71.0285,63074,630970549,1827,0,0,0
71.0384,63075,630980548,1857,0,0,0
71.0486,63076,630990548,1845,0,0,0
71.0587,63077,631000549,1875,0,0,0
71.0685,63078,631010548,1872,0,0,0
71.0785,63079,631020548,1893,0,0,0
71.0884,63080,631030549,1879,0,0,0
71.0984,63081,631040548,1907,0,0,0
71.1086,63082,631050548,1904,0,0,0
71.1185,63083,631060549,1928,0,0,0
71.1284,63084,631070548,1924,0,0,0
71.1385,63085,631080549,1967,0,0,0
71.1485,63086,631090549,1967,0,0,0
71.1587,63087,631100549,1990,0,0,0
71.1685,63088,631110549,1998,0,0,0
71.1786,63089,631120548,2019,0,0,0
71.1884,63090,631130548,2011,0,0,0
71.1987,63091,631140549,2023,0,0,0
71.2087,63092,631150548,2005,0,0,0
71.2188,63093,631160549,1983,0,0,0
71.2286,63094,631170549,1936,0,0,0
71.2384,63095,631180548,1911,0,0,0
71.2485,63096,631190549,1855,0,0,0
71.2586,63097,631200549,1835,0,0,0
71.2684,63098,631210548,1812,0,0,0
71.2786,63099,631220549,1818,0,0,0
71.2885,63100,631230548,1808,0,0,0
71.2985,63101,631240549,1810,0,0,0
71.3087,63102,631250548,1795,0,0,0
71.3187,63103,631260549,1807,0,0,0
71.3285,63104,631270548,1793,0,0,0
71.3385,63105,631280549,1813,0,0,0
71.3485,63106,631290548,1815,0,0,0
71.3584,63107,631300549,1826,0,0,0
71.3685,63108,631310548,1823,0,0,0
71.3784,63109,631320548,1829,0,0,0
71.3884,63110,631330549,1834,0,0,0
71.3985,63111,631340548,1851,0,0,0
71.4085,63112,631350549,1835,0,0,0
71.4184,63113,631360548,1847,0,0,0
71.4288,63114,631370548,1840,0,0,0
71.4384,63115,631380549,1849,0,0,0
71.4486,63116,631390548,1835,0,0,0
71.4586,63117,631400549,1835,0,0,0
71.4708,63118,631410549,1825,0,0,0
71.4785,63119,631420548,1827,0,0,0
71.4888,63120,631430549,1831,0,0,0
71.4986,63121,631440549,1843,0,0,0
71.5085,63122,631450549,1819,0,0,0
71.5189,63123,631460548,1837,0,0,0
71.5288,63124,631470549,1831,0,0,0
71.5385,63125,631480549,1840,0,0,0
71.5488,63126,631490548,1827,0,0,0
71.5586,63127,631500549,1843,0,0,0
71.5684,63128,631510548,1840,0,0,0
71.5784,63129,631520549,1849,0,0,0
71.5885,63130,631530549,1844,0,0,0
71.5983,63131,631540548,1859,0,0,0
71.6084,63132,631550549,1851,0,0,0
71.6184,63133,631560548,1861,0,0,0
71.6284,63134,631570548,1904,0,0,0
71.6385,63135,631580548,1942,0,0,0
71.6487,63136,631590548,1959,0,0,0
71.6585,63137,631600548,2003,0,0,0
71.6685,63138,631610548,1962,0,0,0
71.6784,63139,631620548,1956,0,0,0
71.6884,63140,631630548,1894,0,0,0
71.6985,63141,631640549,1872,0,0,0
71.7084,63142,631650548,1832,0,0,0
71.7189,63143,631660549,1824,0,0,0
71.7286,63144,631670548,1797,0,0,0
71.7384,63145,631680548,1799,0,0,0
71.7485,63146,631690549,1787,0,0,0
71.7588,63147,631700549,1808,0,0,0
71.7684,63148,631710549,1797,0,0,0
71.7784,63149,631720548,1810,0,0,0
71.7884,63150,631730548,1875,0,0,0
71.7985,63151,631740548,1979,0,0,0
71.8087,63152,631750548,2529,0,0,0
71.8185,63153,631760549,2619,0,0,0
71.8287,63154,631770548,1991,0,0,0
71.8385,63155,631780548,1575,0,0,0
71.8485,63156,631790548,1507,0,0,0
71.8584,63157,631800548,1586,0,0,0
71.8686,63158,631810549,1717,0,0,0
71.8785,63159,631820548,1796,0,0,0
71.8883,63160,631830548,1809,0,0,0
71.8986,63161,631840548,1841,0,0,0
71.9085,63162,631850548,1847,0,0,0
71.9185,63163,631860548,1857,0,0,0
71.9285,63164,631870548,1859,0,0,0
71.9383,63165,631880548,1872,0,0,0
71.9484,63166,631890549,1874,0,0,0
71.9585,63167,631900548,1895,0,0,0
71.9690,63168,631910548,1889,0,0,0
71.9791,63169,631920548,1906,0,0,0
71.9885,63170,631930548,1904,0,0,0
71.9985,63171,631940549,1927,0,0,0
72.0086,63172,631950548,1938,0,0,0
72.0185,63173,631960549,1959,0,0,0
72.0285,63174,631970548,1959,0,0,0
72.0384,63175,631980548,1981,0,0,0
72.0484,63176,631990548,1987,0,0,0
72.0584,63177,632000548,2011,0,0,0
72.0687,63178,632010548,2000,0,0,0
72.0786,63179,632020548,1998,0,0,0
72.0884,63180,632030548,2009,0,0,0
72.0988,63181,632040549,1997,0,0,0
72.1086,63182,632050548,1962,0,0,0
72.1184,63183,632060548,1904,0,0,0
72.1284,63184,632070549,1873,0,0,0
72.1384,63185,632080548,1876,0,0,0
72.1484,63186,632090548,1837,0,0,0
72.1585,63187,632100549,1824,0,0,0
72.1685,63188,632110548,1819,0,0,0
72.1785,63189,632120549,1830,0,0,0
72.1886,63190,632130549,1809,0,0,0
72.1986,63191,632140548,1823,0,0,0
72.2087,63192,632150548,1830,0,0,0
72.2226,63193,632160548,1840,0,0,0
72.2288,63194,632170548,1819,0,0,0
72.2384,63195,632180549,1840,0,0,0
72.2484,63196,632190548,1825,0,0,0
72.2586,63197,632200548,1853,0,0,0
72.2687,63198,632210548,1844,0,0,0
72.2786,63199,632220549,1834,0,0,0
72.2884,63200,632230548,1855,0,0,0
72.2985,63201,632240548,1837,0,0,0
72.3085,63202,632250548,1819,0,0,0
72.3185,63203,632260548,1840,0,0,0
72.3286,63204,632270548,1835,0,0,0
72.3384,63205,632280548,1838,0,0,0
72.3484,63206,632290548,1839,0,0,0
72.3585,63207,632300549,1839,0,0,0
72.3685,63208,632310548,1819,0,0,0
72.3784,63209,632320548,1825,0,0,0
72.3885,63210,632330548,1836,0,0,0
72.3985,63211,632340548,1840,0,0,0
72.4086,63212,632350548,1821,0,0,0
72.4185,63213,632360549,1830,0,0,0
72.4284,63214,632370548,1840,0,0,0
72.4384,63215,632380548,1829,0,0,0
72.4486,63216,632390548,1859,0,0,0
72.4587,63217,632400548,1888,0,0,0
72.4685,63218,632410549,1924,0,0,0
72.4802,63219,632420549,1942,0,0,0
72.4887,63220,632430549,1995,0,0,0
72.4984,63221,632440548,1974,0,0,0
72.5085,63222,632450548,1936,0,0,0
72.5186,63223,632460549,1919,0,0,0
72.5287,63224,632470548,1875,0,0,0
72.5385,63225,632480548,1859,0,0,0
72.5484,63226,632490548,1801,0,0,0
72.5585,63227,632500548,1806,0,0,0
72.5685,63228,632510548,1792,0,0,0
72.5786,63229,632520548,1790,0,0,0
72.5884,63230,632530548,1779,0,0,0
72.5985,63231,632540548,1804,0,0,0
72.6084,63232,632550549,1801,0,0,0
72.6184,63233,632560549,1839,0,0,0
72.6285,63234,632570548,1937,0,0,0
72.6384,63235,632580549,2221,0,0,0
72.6486,63236,632590548,2674,0,0,0
72.6586,63237,632600549,2256,0,0,0
72.6683,63238,632610548,1668,0,0,0
72.6785,63239,632620549,1483,0,0,0
72.6885,63240,632630548,1506,0,0,0
72.6984,63241,632640548,1645,0,0,0
72.7084,63242,632650548,1777,0,0,0
72.7186,63243,632660548,1811,0,0,0
72.7289,63244,632670548,1840,0,0,0
72.7384,63245,632680548,1840,0,0,0
72.7484,63246,632690548,1840,0,0,0
72.7584,63247,632700548,1853,0,0,0
72.7685,63248,632710548,1863,0,0,0
72.7785,63249,632720548,1875,0,0,0
72.7884,63250,632730549,1877,0,0,0
72.7984,63251,632740548,1872,0,0,0
72.8084,63252,632750548,1885,0,0,0
72.8185,63253,632760549,1901,0,0,0
72.8286,63254,632770548,1909,0,0,0
72.8385,63255,632780549,1904,0,0,0
72.8485,63256,632790549,1920,0,0,0
72.8584,63257,632800548,1925,0,0,0
72.8687,63258,632810548,1968,0,0,0
72.8785,63259,632820548,1954,0,0,0
72.8884,63260,632830548,1971,0,0,0
72.8987,63261,632840548,1959,0,0,0
72.9086,63262,632850548,1964,0,0,0
72.9185,63263,632860548,1941,0,0,0
72.9285,63264,632870548,1953,0,0,0
72.9384,63265,632880549,1934,0,0,0
72.9484,63266,632890549,1914,0,0,0
72.9585,63267,632900548,1872,0,0,0
72.9733,63268,632910548,1853,0,0,0
72.9793,63269,632920548,1837,0,0,0
72.9885,63270,632930548,1811,0,0,0
72.9985,63271,632940548,1829,0,0,0
73.0084,63272,632950548,1811,0,0,0
73.0185,63273,632960548,1810,0,0,0
73.0285,63274,632970548,1825,0,0,0
73.0384,63275,632980548,1808,0,0,0
73.0487,63276,632990548,1824,0,0,0
73.0586,63277,633000548,1841,0,0,0
73.0684,63278,633010549,1830,0,0,0
73.0784,63279,633020549,1834,0,0,0
73.0884,63280,633030548,1837,0,0,0
73.0984,63281,633040549,1838,0,0,0
73.1087,63282,633050548,1849,0,0,0
73.1187,63283,633060548,1841,0,0,0
73.1285,63284,633070548,1847,0,0,0
73.1385,63285,633080549,1840,0,0,0
73.1485,63286,633090548,1853,0,0,0
73.1586,63287,633100549,1840,0,0,0
73.1684,63288,633110548,1847,0,0,0
73.1785,63289,633120548,1841,0,0,0
73.1885,63290,633130548,1842,0,0,0
73.1987,63291,633140548,1826,0,0,0
73.2087,63292,633150549,1840,0,0,0
73.2186,63293,633160549,1827,0,0,0
73.2301,63294,633170548,1850,0,0,0
73.2385,63295,633180548,1837,0,0,0
73.2484,63296,633190548,1856,0,0,0
73.2587,63297,633200549,1840,0,0,0
73.2685,63298,633210548,1904,0,0,0
73.2787,63299,633220549,1935,0,0,0
73.2884,63300,633230549,1968,0,0,0
73.2984,63301,633240549,1998,0,0,0
73.3086,63302,633250548,1970,0,0,0
73.3184,63303,633260548,1947,0,0,0
73.3285,63304,633270548,1923,0,0,0
73.3384,63305,633280548,1886,0,0,0
73.3484,63306,633290548,1846,0,0,0
73.3586,63307,633300548,1796,0,0,0
73.3686,63308,633310548,1796,0,0,0
73.3784,63309,633320549,1776,0,0,0
73.3883,63310,633330549,1787,0,0,0
73.3987,63311,633340549,1783,0,0,0
73.4085,63312,633350548,1808,0,0,0
73.4183,63313,633360548,1785,0,0,0
73.4284,63314,633370548,1846,0,0,0
73.4384,63315,633380548,1978,0,0,0
73.4484,63316,633390548,2295,0,0,0
73.4585,63317,633400548,2598,0,0,0
73.4694,63318,633410548,2137,0,0,0
73.4784,63319,633420548,1570,0,0,0
73.4886,63320,633430548,1426,0,0,0
73.4985,63321,633440548,1488,0,0,0
73.5085,63322,633450548,1637,0,0,0
73.5188,63323,633460549,1776,0,0,0
73.5285,63324,633470548,1830,0,0,0
73.5383,63325,633480548,1817,0,0,0
73.5484,63326,633490549,1841,0,0,0
73.5584,63327,633500548,1840,0,0,0
73.5684,63328,633510548,1866,0,0,0
73.5787,63329,633520549,1856,0,0,0
73.5885,63330,633530548,1872,0,0,0
73.5984,63331,633540548,1886,0,0,0
73.6085,63332,633550548,1888,0,0,0
73.6185,63333,633560549,1893,0,0,0
73.6286,63334,633570549,1899,0,0,0
73.6385,63335,633580548,1891,0,0,0
73.6486,63336,633590549,1919,0,0,0
73.6585,63337,633600549,1919,0,0,0
73.6685,63338,633610548,1943,0,0,0
73.6785,63339,633620549,1952,0,0,0
73.6884,63340,633630548,1962,0,0,0
73.6985,63341,633640548,1963,0,0,0
73.7084,63342,633650549,1967,0,0,0
73.7191,63343,633660548,1959,0,0,0
73.7285,63344,633670548,1956,0,0,0
73.7385,63345,633680548,1934,0,0,0
73.7484,63346,633690548,1942,0,0,0
73.7586,63347,633700548,1891,0,0,0
73.7684,63348,633710548,1872,0,0,0
73.7784,63349,633720548,1837,0,0,0
73.7885,63350,633730548,1830,0,0,0
73.7984,63351,633740549,1815,0,0,0
73.8084,63352,633750548,1813,0,0,0
73.8185,63353,633760549,1802,0,0,0
73.8284,63354,633770548,1839,0,0,0
73.8385,63355,633780548,1806,0,0,0
73.8485,63356,633790548,1815,0,0,0
73.8585,63357,633800548,1827,0,0,0
73.8685,63358,633810549,1837,0,0,0
73.8784,63359,633820548,1831,0,0,0
73.8884,63360,633830548,1841,0,0,0
73.8986,63361,633840548,1829,0,0,0
73.9084,63362,633850549,1855,0,0,0
73.9184,63363,633860548,1831,0,0,0
73.9284,63364,633870549,1853,0,0,0
73.9385,63365,633880548,1829,0,0,0
73.9484,63366,633890548,1826,0,0,0
73.9585,63367,633900548,1849,0,0,0
73.9733,63368,633910548,1847,0,0,0
73.9786,63369,633920548,1815,0,0,0
73.9884,63370,633930548,1838,0,0,0
73.9985,63371,633940548,1837,0,0,0
74.0084,63372,633950548,1829,0,0,0
74.0185,63373,633960548,1818,0,0,0
74.0285,63374,633970548,1850,0,0,0
74.0386,63375,633980548,1818,0,0,0
74.0487,63376,633990548,1837,0,0,0
74.0586,63377,634000549,1841,0,0,0
74.0685,63378,634010548,1935,0,0,0
74.0784,63379,634020548,1931,0,0,0
74.0883,63380,634030548,1970,0,0,0
74.0985,63381,634040548,1957,0,0,0
74.1085,63382,634050548,1940,0,0,0
74.1184,63383,634060548,1909,0,0,0
74.1285,63384,634070548,1871,0,0,0
74.1386,63385,634080548,1814,0,0,0
74.1484,63386,634090548,1813,0,0,0
74.1584,63387,634100548,1748,0,0,0
74.1686,63388,634110548,1776,0,0,0
74.1783,63389,634120548,1744,0,0,0
74.1884,63390,634130548,1759,0,0,0
74.1985,63391,634140548,1744,0,0,0
74.2084,63392,634150548,1772,0,0,0
74.2197,63393,634160548,1776,0,0,0
74.2288,63394,634170549,1938,0,0,0
74.2385,63395,634180549,2110,0,0,0
74.2484,63396,634190548,2608,0,0,0
74.2584,63397,634200549,2227,0,0,0
74.2685,63398,634210549,1654,0,0,0
74.2785,63399,634220548,1347,0,0,0
74.2885,63400,634230548,1424,0,0,0
74.2986,63401,634240548,1535,0,0,0
74.3083,63402,634250548,1729,0,0,0
74.3186,63403,634260548,1750,0,0,0
74.3284,63404,634270548,1788,0,0,0
74.3385,63405,634280548,1791,0,0,0
74.3484,63406,634290548,1805,0,0,0
74.3585,63407,634300548,1814,0,0,0
74.3685,63408,634310548,1839,0,0,0
74.3784,63409,634320548,1831,0,0,0
74.3885,63410,634330548,1860,0,0,0
74.3985,63411,634340548,1842,0,0,0
74.4084,63412,634350548,1873,0,0,0
74.4184,63413,634360548,1858,0,0,0
74.4285,63414,634370548,1874,0,0,0
74.4383,63415,634380548,1872,0,0,0
74.4484,63416,634390548,1902,0,0,0
74.4584,63417,634400549,1911,0,0,0
74.4696,63418,634410549,1925,0,0,0
74.4789,63419,634420548,1933,0,0,0
74.4885,63420,634430548,1953,0,0,0
74.4984,63421,634440548,1942,0,0,0
74.5085,63422,634450548,1954,0,0,0
74.5188,63423,634460549,1927,0,0,0
74.5287,63424,634470548,1943,0,0,0
74.5385,63425,634480548,1915,0,0,0
74.5484,63426,634490548,1897,0,0,0
74.5586,63427,634500548,1840,0,0,0
74.5685,63428,634510549,1823,0,0,0
74.5785,63429,634520548,1790,0,0,0
74.5884,63430,634530548,1802,0,0,0
74.5984,63431,634540549,1776,0,0,0
74.6084,63432,634550548,1776,0,0,0
74.6185,63433,634560548,1767,0,0,0
74.6287,63434,634570549,1791,0,0,0
74.6385,63435,634580548,1767,0,0,0
74.6487,63436,634590548,1776,0,0,0
74.6588,63437,634600548,1780,0,0,0
74.6685,63438,634610548,1794,0,0,0
74.6784,63439,634620548,1776,0,0,0
74.6883,63440,634630548,1814,0,0,0
74.6985,63441,634640549,1796,0,0,0
74.7085,63442,634650549,1810,0,0,0
74.7190,63443,634660549,1791,0,0,0
74.7286,63444,634670548,1807,0,0,0
74.7385,63445,634680548,1803,0,0,0
74.7485,63446,634690548,1813,0,0,0
74.7586,63447,634700548,1795,0,0,0
74.7684,63448,634710548,1821,0,0,0
74.7786,63449,634720548,1787,0,0,0
74.7885,63450,634730548,1811,0,0,0
74.7985,63451,634740548,1791,0,0,0
74.8084,63452,634750548,1808,0,0,0
74.8185,63453,634760548,1792,0,0,0
74.8284,63454,634770548,1808,0,0,0
74.8385,63455,634780548,1781,0,0,0
74.8484,63456,634790548,1817,0,0,0
74.8583,63457,634800548,1794,0,0,0
74.8686,63458,634810548,1791,0,0,0
74.8786,63459,634820549,1803,0,0,0
74.8885,63460,634830548,1867,0,0,0
74.8986,63461,634840548,1905,0,0,0
74.9084,63462,634850548,1925,0,0,0
74.9185,63463,634860549,1959,0,0,0
74.9286,63464,634870549,1926,0,0,0
74.9385,63465,634880549,1882,0,0,0
74.9484,63466,634890548,1875,0,0,0
74.9590,63467,634900548,1825,0,0,0
74.9684,63468,634910548,1806,0,0,0
74.9784,63469,634920548,1751,0,0,0
74.9885,63470,634930549,1751,0,0,0
74.9984,63471,634940548,1733,0,0,0
75.0088,63472,634950549,1744,0,0,0
75.0185,63473,634960548,1742,0,0,0
75.0284,63474,634970548,1744,0,0,0
75.0386,63475,634980548,1750,0,0,0
75.0486,63476,634990548,1828,0,0,0
75.0584,63477,635000548,1921,0,0,0
75.0684,63478,635010548,2229,0,0,0
75.0784,63479,635020548,2593,0,0,0
75.0884,63480,635030548,2121,0,0,0
75.0984,63481,635040549,1497,0,0,0
75.1084,63482,635050548,1382,0,0,0
75.1185,63483,635060548,1450,0,0,0
75.1284,63484,635070549,1623,0,0,0
75.1386,63485,635080549,1729,0,0,0
75.1484,63486,635090548,1778,0,0,0
75.1584,63487,635100549,1776,0,0,0
75.1685,63488,635110548,1809,0,0,0
75.1784,63489,635120549,1803,0,0,0
75.1885,63490,635130548,1830,0,0,0
75.1986,63491,635140548,1813,0,0,0
75.2084,63492,635150549,1846,0,0,0
75.2186,63493,635160548,1840,0,0,0
75.2285,63494,635170548,1851,0,0,0
75.2384,63495,635180548,1859,0,0,0
75.2486,63496,635190548,1874,0,0,0
75.2586,63497,635200549,1872,0,0,0
75.2684,63498,635210548,1907,0,0,0
75.2784,63499,635220549,1900,0,0,0
75.2884,63500,635230548,1930,0,0,0
75.2985,63501,635240548,1924,0,0,0
75.3084,63502,635250549,1950,0,0,0
75.3186,63503,635260549,1944,0,0,0
75.3285,63504,635270548,1968,0,0,0
75.3385,63505,635280549,1953,0,0,0
75.3487,63506,635290549,1963,0,0,0
75.3583,63507,635300548,1945,0,0,0
75.3685,63508,635310548,1917,0,0,0
75.3786,63509,635320548,1866,0,0,0
75.3883,63510,635330549,1850,0,0,0
75.3984,63511,635340548,1803,0,0,0
75.4084,63512,635350549,1799,0,0,0
75.4187,63513,635360548,1781,0,0,0
75.4284,63514,635370549,1780,0,0,0
75.4388,63515,635380548,1758,0,0,0
75.4486,63516,635390548,1789,0,0,0
75.4585,63517,635400548,1771,0,0,0
75.4700,63518,635410548,1775,0,0,0
75.4783,63519,635420549,1773,0,0,0
75.4885,63520,635430548,1789,0,0,0
75.4986,63521,635440548,1771,0,0,0
75.5085,63522,635450549,1795,0,0,0
75.5191,63523,635460548,1791,0,0,0
75.5284,63524,635470548,1803,0,0,0
75.5383,63525,635480548,1794,0,0,0
75.5486,63526,635490549,1813,0,0,0
75.5588,63527,635500548,1793,0,0,0
75.5685,63528,635510549,1819,0,0,0
75.5785,63529,635520548,1804,0,0,0
75.5886,63530,635530548,1821,0,0,0
75.5988,63531,635540548,1799,0,0,0
75.6094,63532,635550548,1808,0,0,0
75.6184,63533,635560548,1806,0,0,0
75.6284,63534,635570548,1813,0,0,0
75.6385,63535,635580549,1796,0,0,0
75.6486,63536,635590549,1808,0,0,0
75.6584,63537,635600548,1808,0,0,0
75.6685,63538,635610548,1813,0,0,0
75.6785,63539,635620548,1799,0,0,0
75.6884,63540,635630548,1815,0,0,0
75.6985,63541,635640548,1799,0,0,0
75.7083,63542,635650549,1808,0,0,0
75.7227,63543,635660548,1803,0,0,0
75.7285,63544,635670548,1808,0,0,0
75.7384,63545,635680548,1799,0,0,0
75.7484,63546,635690549,1814,0,0,0
75.7583,63547,635700549,1815,0,0,0
75.7685,63548,635710548,1819,0,0,0
75.7784,63549,635720548,1845,0,0,0
75.7886,63550,635730548,1901,0,0,0
75.7984,63551,635740549,1915,0,0,0
75.8084,63552,635750548,1970,0,0,0
75.8186,63553,635760548,1939,0,0,0
75.8283,63554,635770548,1916,0,0,0
75.8383,63555,635780549,1888,0,0,0
75.8485,63556,635790548,1857,0,0,0
75.8584,63557,635800548,1819,0,0,0
75.8684,63558,635810548,1792,0,0,0
75.8784,63559,635820548,1773,0,0,0
75.8885,63560,635830549,1773,0,0,0
75.8987,63561,635840549,1750,0,0,0
75.9086,63562,635850548,1763,0,0,0
75.9185,63563,635860548,1769,0,0,0
75.9284,63564,635870548,1766,0,0,0
75.9384,63565,635880548,1829,0,0,0
75.9486,63566,635890549,1933,0,0,0
75.9584,63567,635900548,2132,0,0,0
75.9685,63568,635910548,2679,0,0,0
75.9789,63569,635920549,2301,0,0,0
75.9883,63570,635930549,1610,0,0,0
75.9987,63571,635940548,1425,0,0,0
76.0085,63572,635950548,1495,0,0,0
76.0184,63573,635960548,1634,0,0,0
76.0283,63574,635970548,1772,0,0,0
76.0384,63575,635980548,1790,0,0,0
76.0484,63576,635990548,1802,0,0,0
76.0584,63577,636000549,1819,0,0,0
76.0685,63578,636010548,1838,0,0,0
76.0786,63579,636020549,1840,0,0,0
76.0884,63580,636030549,1854,0,0,0
76.0984,63581,636040548,1859,0,0,0
76.1085,63582,636050548,1872,0,0,0
76.1184,63583,636060548,1876,0,0,0
76.1284,63584,636070548,1888,0,0,0
76.1384,63585,636080549,1899,0,0,0
76.1484,63586,636090548,1904,0,0,0
76.1589,63587,636100549,1911,0,0,0
76.1684,63588,636110548,1931,0,0,0
76.1786,63589,636120548,1943,0,0,0
76.1883,63590,636130548,1955,0,0,0
76.1985,63591,636140549,1968,0,0,0
76.2083,63592,636150548,1983,0,0,0
76.2184,63593,636160548,1987,0,0,0
76.2287,63594,636170548,1993,0,0,0
76.2386,63595,636180548,1990,0,0,0
76.2486,63596,636190549,1983,0,0,0
76.2587,63597,636200548,1950,0,0,0
76.2685,63598,636210548,1919,0,0,0
76.2785,63599,636220548,1869,0,0,0
76.2884,63600,636230548,1840,0,0,0
76.2983,63601,636240548,1808,0,0,0
76.3083,63602,636250548,1793,0,0,0
76.3185,63603,636260548,1782,0,0,0
76.3285,63604,636270548,1787,0,0,0
76.3384,63605,636280548,1795,0,0,0
76.3485,63606,636290548,1782,0,0,0
76.3586,63607,636300548,1787,0,0,0
76.3685,63608,636310548,1794,0,0,0
76.3784,63609,636320548,1794,0,0,0
76.3885,63610,636330548,1789,0,0,0
76.3986,63611,636340548,1797,0,0,0
76.4084,63612,636350548,1804,0,0,0
76.4184,63613,636360549,1809,0,0,0
76.4287,63614,636370548,1813,0,0,0
76.4385,63615,636380548,1822,0,0,0
76.4486,63616,636390548,1825,0,0,0
76.4583,63617,636400549,1824,0,0,0
76.4694,63618,636410548,1825,0,0,0
76.4788,63619,636420548,1826,0,0,0
76.4884,63620,636430548,1809,0,0,0
76.4984,63621,636440548,1808,0,0,0
76.5086,63622,636450548,1808,0,0,0
76.5186,63623,636460549,1811,0,0,0
76.5286,63624,636470548,1808,0,0,0
76.5384,63625,636480548,1809,0,0,0
76.5484,63626,636490548,1807,0,0,0
76.5584,63627,636500548,1808,0,0,0
76.5686,63628,636510548,1807,0,0,0
76.5784,63629,636520548,1819,0,0,0
76.5885,63630,636530548,1818,0,0,0
76.5986,63631,636540549,1825,0,0,0
76.6085,63632,636550548,1808,0,0,0
76.6184,63633,636560548,1824,0,0,0
76.6284,63634,636570549,1808,0,0,0
76.6384,63635,636580548,1813,0,0,0
76.6485,63636,636590549,1812,0,0,0
76.6585,63637,636600549,1814,0,0,0
76.6683,63638,636610548,1810,0,0,0
76.6784,63639,636620549,1837,0,0,0
76.6885,63640,636630548,1888,0,0,0
76.6984,63641,636640548,1919,0,0,0
76.7084,63642,636650548,1936,0,0,0
76.7227,63643,636660548,1985,0,0,0
76.7285,63644,636670548,1924,0,0,0
76.7385,63645,636680549,1929,0,0,0
76.7484,63646,636690548,1875,0,0,0
76.7583,63647,636700549,1851,0,0,0
76.7685,63648,636710548,1811,0,0,0
76.7785,63649,636720548,1797,0,0,0
76.7885,63650,636730548,1776,0,0,0
76.7984,63651,636740549,1780,0,0,0
76.8084,63652,636750549,1776,0,0,0
76.8183,63653,636760548,1786,0,0,0
76.8284,63654,636770548,1782,0,0,0
76.8384,63655,636780549,1792,0,0,0
76.8485,63656,636790548,1872,0,0,0
76.8584,63657,636800548,1946,0,0,0
76.8684,63658,636810548,2445,0,0,0
76.8784,63659,636820549,2672,0,0,0
76.8885,63660,636830548,2017,0,0,0
76.8987,63661,636840549,1518,0,0,0
76.9083,63662,636850548,1472,0,0,0
76.9185,63663,636860548,1563,0,0,0
76.9287,63664,636870548,1703,0,0,0
76.9384,63665,636880548,1787,0,0,0
76.9485,63666,636890548,1787,0,0,0
76.9585,63667,636900549,1825,0,0,0
76.9696,63668,636910548,1821,0,0,0
76.9786,63669,636920549,1841,0,0,0
76.9886,63670,636930549,1826,0,0,0
76.9983,63671,636940548,1849,0,0,0
77.0084,63672,636950548,1842,0,0,0
77.0183,63673,636960549,1870,0,0,0
77.0285,63674,636970548,1865,0,0,0
77.0383,63675,636980548,1874,0,0,0
77.0485,63676,636990548,1879,0,0,0
77.0584,63677,637000549,1898,0,0,0
77.0684,63678,637010548,1894,0,0,0
77.0784,63679,637020548,1931,0,0,0
77.0884,63680,637030548,1942,0,0,0
77.0985,63681,637040549,1968,0,0,0
77.1085,63682,637050548,1967,0,0,0
77.1183,63683,637060548,1994,0,0,0
77.1284,63684,637070549,1985,0,0,0
77.1383,63685,637080548,2002,0,0,0
77.1484,63686,637090548,1987,0,0,0
77.1584,63687,637100549,1983,0,0,0
77.1690,63688,637110548,1936,0,0,0
77.1784,63689,637120548,1924,0,0,0
77.1885,63690,637130548,1857,0,0,0
77.1985,63691,637140548,1841,0,0,0
77.2086,63692,637150549,1806,0,0,0
77.2185,63693,637160548,1812,0,0,0
77.2284,63694,637170548,1798,0,0,0
77.2383,63695,637180548,1790,0,0,0
77.2485,63696,637190548,1783,0,0,0
77.2584,63697,637200549,1803,0,0,0
77.2684,63698,637210549,1789,0,0,0
77.2784,63699,637220548,1810,0,0,0
77.2884,63700,637230548,1796,0,0,0
77.2984,63701,637240548,1822,0,0,0
77.3084,63702,637250548,1813,0,0,0
77.3184,63703,637260549,1833,0,0,0
77.3284,63704,637270548,1826,0,0,0
77.3383,63705,637280548,1840,0,0,0
77.3484,63706,637290548,1823,0,0,0
77.3584,63707,637300548,1849,0,0,0
77.3685,63708,637310548,1841,0,0,0
77.3783,63709,637320549,1856,0,0,0
77.3884,63710,637330549,1825,0,0,0
77.3985,63711,637340548,1845,0,0,0
77.4085,63712,637350548,1821,0,0,0
77.4184,63713,637360549,1843,0,0,0
77.4285,63714,637370548,1819,0,0,0
77.4383,63715,637380548,1843,0,0,0
77.4484,63716,637390548,1821,0,0,0
77.4584,63717,637400549,1830,0,0,0
77.4699,63718,637410548,1819,0,0,0
77.4786,63719,637420549,1840,0,0,0
77.4884,63720,637430548,1819,0,0,0
77.4985,63721,637440549,1827,0,0,0
77.5084,63722,637450548,1817,0,0,0
77.5187,63723,637460549,1829,0,0,0
77.5288,63724,637470548,1825,0,0,0
77.5384,63725,637480549,1830,0,0,0
77.5483,63726,637490548,1827,0,0,0
77.5587,63727,637500548,1859,0,0,0
77.5684,63728,637510549,1893,0,0,0
77.5783,63729,637520548,1937,0,0,0
77.5883,63730,637530549,1945,0,0,0
77.5983,63731,637540548,2001,0,0,0
77.6084,63732,637550548,1931,0,0,0
77.6183,63733,637560549,1941,0,0,0
77.6283,63734,637570548,1883,0,0,0
77.6385,63735,637580549,1873,0,0,0
77.6484,63736,637590549,1823,0,0,0
77.6585,63737,637600548,1824,0,0,0
77.6685,63738,637610548,1776,0,0,0
77.6784,63739,637620548,1812,0,0,0
77.6884,63740,637630549,1779,0,0,0
77.6985,63741,637640548,1793,0,0,0
77.7083,63742,637650549,1787,0,0,0
77.7193,63743,637660548,1807,0,0,0
77.7286,63744,637670548,1870,0,0,0
77.7384,63745,637680548,1968,0,0,0
77.7483,63746,637690548,2434,0,0,0
77.7585,63747,637700549,2641,0,0,0
77.7685,63748,637710548,2063,0,0,0
77.7783,63749,637720548,1574,0,0,0
77.7883,63750,637730548,1456,0,0,0
77.7984,63751,637740549,1563,0,0,0
77.8083,63752,637750548,1686,0,0,0
77.8183,63753,637760549,1788,0,0,0
77.8283,63754,637770549,1791,0,0,0
77.8384,63755,637780549,1822,0,0,0
77.8484,63756,637790548,1818,0,0,0
77.8585,63757,637800548,1846,0,0,0
77.8685,63758,637810548,1839,0,0,0
77.8785,63759,637820549,1866,0,0,0
77.8884,63760,637830548,1855,0,0,0
77.8985,63761,637840548,1872,0,0,0
77.9084,63762,637850548,1870,0,0,0
77.9183,63763,637860548,1895,0,0,0
77.9284,63764,637870549,1879,0,0,0
77.9384,63765,637880548,1913,0,0,0
77.9485,63766,637890548,1904,0,0,0
77.9586,63767,637900548,1925,0,0,0
77.9707,63768,637910548,1925,0,0,0
77.9785,63769,637920548,1961,0,0,0
77.9884,63770,637930548,1950,0,0,0
77.9985,63771,637940549,1981,0,0,0
78.0083,63772,637950548,1968,0,0,0
78.0183,63773,637960548,1984,0,0,0
78.0284,63774,637970548,1957,0,0,0
78.0383,63775,637980548,1949,0,0,0
78.0485,63776,637990549,1927,0,0,0
78.0586,63777,638000548,1914,0,0,0
78.0684,63778,638010548,1862,0,0,0
78.0784,63779,638020549,1855,0,0,0
78.0885,63780,638030548,1817,0,0,0
78.0985,63781,638040549,1827,0,0,0
78.1084,63782,638050548,1797,0,0,0
78.1184,63783,638060548,1817,0,0,0
78.1284,63784,638070548,1792,0,0,0
78.1385,63785,638080548,1812,0,0,0
78.1487,63786,638090548,1811,0,0,0
78.1586,63787,638100548,1827,0,0,0
78.1684,63788,638110548,1803,0,0,0
78.1786,63789,638120548,1830,0,0,0
78.1884,63790,638130549,1799,0,0,0
78.1987,63791,638140548,1835,0,0,0
78.2083,63792,638150548,1821,0,0,0
78.2200,63793,638160548,1839,0,0,0
78.2284,63794,638170548,1824,0,0,0
78.2383,63795,638180549,1840,0,0,0
78.2484,63796,638190548,1814,0,0,0
78.2584,63797,638200548,1862,0,0,0
78.2683,63798,638210548,1827,0,0,0
78.2785,63799,638220548,1840,0,0,0
78.2884,63800,638230548,1833,0,0,0
78.2985,63801,638240548,1846,0,0,0
78.3084,63802,638250548,1813,0,0,0
78.3186,63803,638260549,1831,0,0,0
78.3285,63804,638270548,1825,0,0,0
78.3383,63805,638280549,1829,0,0,0
78.3483,63806,638290548,1809,0,0,0
78.3583,63807,638300548,1839,0,0,0
78.3683,63808,638310548,1815,0,0,0
78.3784,63809,638320548,1833,0,0,0
78.3883,63810,638330548,1822,0,0,0
78.3984,63811,638340549,1841,0,0,0
78.4083,63812,638350548,1841,0,0,0
78.4186,63813,638360548,1910,0,0,0
78.4284,63814,638370548,1901,0,0,0
78.4383,63815,638380548,1936,0,0,0
78.4484,63816,638390548,1986,0,0,0
78.4583,63817,638400548,1951,0,0,0
78.4683,63818,638410548,1920,0,0,0
78.4783,63819,638420549,1919,0,0,0
78.4885,63820,638430548,1858,0,0,0
78.4985,63821,638440548,1833,0,0,0
78.5084,63822,638450549,1793,0,0,0
78.5187,63823,638460548,1793,0,0,0
78.5284,63824,638470548,1762,0,0,0
78.5384,63825,638480549,1773,0,0,0
78.5484,63826,638490548,1798,0,0,0
78.5583,63827,638500549,1796,0,0,0
78.5685,63828,638510548,1767,0,0,0
78.5785,63829,638520548,1851,0,0,0
78.5883,63830,638530548,1926,0,0,0
78.5985,63831,638540549,2262,0,0,0
78.6084,63832,638550548,2645,0,0,0
78.6185,63833,638560549,2162,0,0,0
78.6286,63834,638570548,1591,0,0,0
78.6383,63835,638580548,1449,0,0,0
78.6485,63836,638590548,1502,0,0,0
78.6586,63837,638600549,1657,0,0,0
78.6683,63838,638610548,1770,0,0,0
78.6784,63839,638620549,1788,0,0,0
78.6884,63840,638630548,1808,0,0,0
78.6984,63841,638640549,1856,0,0,0
78.7083,63842,638650549,1840,0,0,0
78.7186,63843,638660548,1861,0,0,0
78.7282,63844,638670548,1840,0,0,0
78.7385,63845,638680549,1858,0,0,0
78.7484,63846,638690548,1856,0,0,0
78.7583,63847,638700548,1872,0,0,0
78.7683,63848,638710548,1873,0,0,0
78.7785,63849,638720548,1891,0,0,0
78.7885,63850,638730548,1871,0,0,0
78.7983,63851,638740549,1906,0,0,0
78.8086,63852,638750548,1914,0,0,0
78.8184,63853,638760549,1928,0,0,0
78.8285,63854,638770548,1920,0,0,0
78.8384,63855,638780548,1936,0,0,0
78.8485,63856,638790548,1951,0,0,0
78.8583,63857,638800548,1959,0,0,0
78.8682,63858,638810548,1933,0,0,0
78.8784,63859,638820549,1947,0,0,0
78.8883,63860,638830548,1942,0,0,0
78.8984,63861,638840549,1922,0,0,0
78.9083,63862,638850548,1887,0,0,0
78.9185,63863,638860548,1872,0,0,0
78.9285,63864,638870549,1831,0,0,0
78.9384,63865,638880548,1814,0,0,0
78.9484,63866,638890548,1808,0,0,0
78.9585,63867,638900548,1805,0,0,0
78.9685,63868,638910549,1797,0,0,0
78.9786,63869,638920548,1803,0,0,0
78.9884,63870,638930548,1806,0,0,0
78.9984,63871,638940548,1821,0,0,0
79.0083,63872,638950548,1817,0,0,0
79.0184,63873,638960549,1827,0,0,0
79.0284,63874,638970548,1808,0,0,0
79.0384,63875,638980548,1839,0,0,0
79.0485,63876,638990548,1843,0,0,0
79.0583,63877,639000549,1840,0,0,0
79.0684,63878,639010548,1833,0,0,0
79.0784,63879,639020548,1847,0,0,0
79.0883,63880,639030549,1823,0,0,0
79.0984,63881,639040548,1849,0,0,0
79.1083,63882,639050548,1837,0,0,0
79.1184,63883,639060548,1840,0,0,0
79.1284,63884,639070549,1826,0,0,0
79.1384,63885,639080548,1830,0,0,0
79.1485,63886,639090548,1811,0,0,0
79.1589,63887,639100548,1818,0,0,0
79.1684,63888,639110548,1836,0,0,0
79.1784,63889,639120548,1821,0,0,0
79.1885,63890,639130548,1815,0,0,0
79.1986,63891,639140549,1816,0,0,0
79.2083,63892,639150548,1813,0,0,0
79.2220,63893,639160548,1824,0,0,0
79.2293,63894,639170549,1801,0,0,0
79.2383,63895,639180548,1822,0,0,0
79.2486,63896,639190548,1863,0,0,0
79.2584,63897,639200548,1925,0,0,0
79.2684,63898,639210548,1934,0,0,0
79.2784,63899,639220549,1975,0,0,0
79.2884,63900,639230548,1936,0,0,0
79.2984,63901,639240548,1920,0,0,0
79.3083,63902,639250548,1890,0,0,0
79.3184,63903,639260548,1841,0,0,0
79.3285,63904,639270548,1807,0,0,0
79.3383,63905,639280549,1794,0,0,0
79.3483,63906,639290548,1765,0,0,0
79.3587,63907,639300548,1766,0,0,0
79.3682,63908,639310549,1764,0,0,0
79.3784,63909,639320548,1755,0,0,0
79.3885,63910,639330548,1753,0,0,0
79.3986,63911,639340548,1750,0,0,0
79.4084,63912,639350548,1808,0,0,0
79.4186,63913,639360548,1925,0,0,0
79.4283,63914,639370548,2174,0,0,0
79.4383,63915,639380548,2624,0,0,0
79.4485,63916,639390549,2208,0,0,0
79.4583,63917,639400548,1621,0,0,0
79.4685,63918,639410549,1421,0,0,0
79.4785,63919,639420548,1473,0,0,0
79.4907,63920,639430548,1605,0,0,0
79.4986,63921,639440548,1738,0,0,0
79.5087,63922,639450548,1780,0,0,0
79.5188,63923,639460548,1797,0,0,0
79.5286,63924,639470548,1809,0,0,0
79.5384,63925,639480549,1826,0,0,0
79.5483,63926,639490549,1825,0,0,0
79.5587,63927,639500548,1826,0,0,0
79.5684,63928,639510549,1842,0,0,0
79.5784,63929,639520549,1857,0,0,0
79.5884,63930,639530549,1866,0,0,0
79.5985,63931,639540548,1875,0,0,0
79.6086,63932,639550549,1879,0,0,0
79.6185,63933,639560548,1879,0,0,0
79.6284,63934,639570548,1894,0,0,0
79.6384,63935,639580549,1895,0,0,0
79.6484,63936,639590548,1910,0,0,0
79.6583,63937,639600548,1929,0,0,0
79.6683,63938,639610548,1947,0,0,0
79.6783,63939,639620548,1951,0,0,0
79.6885,63940,639630548,1961,0,0,0
79.6985,63941,639640548,1947,0,0,0
79.7083,63942,639650548,1946,0,0,0
79.7197,63943,639660548,1943,0,0,0
79.7288,63944,639670549,1919,0,0,0
79.7383,63945,639680548,1878,0,0,0
79.7483,63946,639690548,1846,0,0,0
79.7585,63947,639700548,1808,0,0,0
79.7682,63948,639710548,1791,0,0,0
79.7784,63949,639720548,1779,0,0,0
79.7884,63950,639730549,1777,0,0,0
79.7984,63951,639740549,1771,0,0,0
79.8083,63952,639750548,1771,0,0,0
79.8185,63953,639760548,1775,0,0,0
79.8283,63954,639770548,1778,0,0,0
79.8383,63955,639780548,1774,0,0,0
79.8485,63956,639790548,1778,0,0,0
79.8583,63957,639800548,1779,0,0,0
79.8684,63958,639810548,1792,0,0,0
79.8784,63959,639820548,1791,0,0,0
79.8884,63960,639830548,1801,0,0,0
79.8983,63961,639840549,1791,0,0,0
79.9083,63962,639850549,1811,0,0,0
79.9184,63963,639860548,1799,0,0,0
79.9285,63964,639870548,1807,0,0,0
79.9384,63965,639880548,1794,0,0,0
79.9484,63966,639890548,1797,0,0,0
79.9584,63967,639900548,1798,0,0,0
79.9684,63968,639910548,1808,0,0,0
79.9783,63969,639920548,1802,0,0,0
79.9884,63970,639930548,1808,0,0,0
79.9984,63971,639940548,1785,0,0,0
80.0116,63972,639950548,1805,0,0,0
80.0183,63973,639960549,1795,0,0,0
80.0337,63974,639970548,1808,0,0,0
80.0393,63975,639980548,1799,0,0,0
80.0484,63976,639990548,1805,0,0,0
80.0617,63977,640000549,1792,0,0,0
80.0684,63978,640010549,1807,0,0,0
80.0788,63979,640020548,1792,0,0,0
80.0884,63980,640030548,1813,0,0,0
80.0983,63981,640040549,1803,0,0,0
80.1084,63982,640050548,1826,0,0,0
80.1185,63983,640060548,1863,0,0,0
80.1283,63984,640070548,1913,0,0,0
80.1383,63985,640080548,1911,0,0,0
80.1484,63986,640090548,1968,0,0,0
80.1584,63987,640100549,1915,0,0,0
80.1683,63988,640110549,1917,0,0,0
80.1815,63989,640120548,1869,0,0,0
80.1887,63990,640130548,1856,0,0,0
80.2050,63991,640140549,1812,0,0,0
80.2105,63992,640150548,1789,0,0,0
80.2183,63993,640160548,1760,0,0,0
80.2439,63994,640170548,1771,0,0,0
80.2440,63995,640180548,1754,0,0,0
80.2490,63996,640190548,1775,0,0,0
80.2586,63997,640200548,1764,0,0,0
80.2683,63998,640210548,1785,0,0,0
80.2784,63999,640220549,1835,0,0,0
80.2883,64000,640230548,1936,0,0,0
80.2998,64001,640240548,2365,0,0,0
80.3083,64002,640250548,2651,0,0,0
80.3183,64003,640260549,2043,0,0,0
80.3288,64004,640270549,1501,0,0,0
80.3383,64005,640280549,1419,0,0,0
80.3483,64006,640290549,1520,0,0,0
80.3583,64007,640300548,1660,0,0,0
80.3700,64008,640310548,1765,0,0,0
80.3787,64009,640320549,1763,0,0,0
80.3884,64010,640330548,1797,0,0,0
80.4000,64011,640340549,1786,0,0,0
80.4093,64012,640350548,1811,0,0,0
80.4245,64013,640360548,1808,0,0,0
80.4298,64014,640370548,1831,0,0,0
80.4386,64015,640380548,1827,0,0,0
80.4484,64016,640390548,1847,0,0,0
80.4583,64017,640400549,1838,0,0,0
80.4686,64018,640410549,1866,0,0,0
80.4783,64019,640420548,1855,0,0,0
80.4883,64020,640430548,1894,0,0,0
80.4989,64021,640440549,1887,0,0,0
80.5083,64022,640450548,1917,0,0,0
80.5184,64023,640460548,1915,0,0,0
80.5285,64024,640470548,1936,0,0,0
80.5384,64025,640480548,1940,0,0,0
80.5484,64026,640490548,1968,0,0,0
80.5584,64027,640500549,1963,0,0,0
80.5714,64028,640510549,1984,0,0,0
80.5783,64029,640520549,1958,0,0,0
80.5914,64030,640530548,1965,0,0,0
80.5997,64031,640540548,1915,0,0,0
80.6087,64032,640550548,1887,0,0,0
80.6191,64033,640560549,1839,0,0,0
80.6282,64034,640570549,1822,0,0,0
80.6383,64035,640580548,1778,0,0,0
80.6483,64036,640590548,1781,0,0,0
80.6583,64037,640600549,1759,0,0,0
80.6685,64038,640610549,1775,0,0,0
80.6785,64039,640620549,1766,0,0,0
80.6883,64040,640630548,1778,0,0,0
80.6983,64041,640640548,1763,0,0,0
80.7084,64042,640650548,1784,0,0,0
80.7203,64043,640660548,1776,0,0,0
80.7284,64044,640670548,1789,0,0,0
80.7425,64045,640680549,1783,0,0,0
80.7544,64046,640690548,1804,0,0,0
80.7599,64047,640700548,1793,0,0,0
80.7685,64048,640710548,1826,0,0,0
80.7815,64049,640720549,1795,0,0,0
80.7883,64050,640730548,1822,0,0,0
80.7983,64051,640740548,1808,0,0,0
80.8083,64052,640750548,1826,0,0,0
80.8185,64053,640760548,1805,0,0,0
80.8289,64054,640770548,1810,0,0,0
80.8383,64055,640780548,1791,0,0,0
80.8486,64056,640790548,1808,0,0,0
80.8584,64057,640800549,1794,0,0,0
80.8683,64058,640810548,1803,0,0,0
80.8782,64059,640820549,1789,0,0,0
80.8883,64060,640830549,1798,0,0,0
80.8983,64061,640840548,1785,0,0,0
80.9084,64062,640850548,1806,0,0,0
80.9184,64063,640860548,1787,0,0,0
80.9283,64064,640870548,1805,0,0,0
80.9383,64065,640880548,1786,0,0,0
80.9483,64066,640890548,1813,0,0,0
80.9583,64067,640900549,1791,0,0,0
80.9683,64068,640910548,1810,0,0,0
80.9782,64069,640920548,1799,0,0,0
80.9883,64070,640930548,1827,0,0,0
80.9983,64071,640940548,1856,0,0,0
81.0083,64072,640950548,1923,0,0,0
81.0185,64073,640960549,1917,0,0,0
81.0283,64074,640970548,1977,0,0,0
81.0384,64075,640980548,1927,0,0,0
81.0487,64076,640990548,1931,0,0,0
81.0584,64077,641000549,1875,0,0,0
81.0683,64078,641010548,1862,0,0,0
81.0783,64079,641020548,1819,0,0,0
81.0883,64080,641030548,1803,0,0,0
81.0983,64081,641040548,1771,0,0,0
81.1086,64082,641050548,1776,0,0,0
81.1184,64083,641060549,1764,0,0,0
81.1282,64084,641070548,1779,0,0,0
81.1384,64085,641080548,1759,0,0,0
81.1483,64086,641090548,1778,0,0,0
81.1585,64087,641100549,1841,0,0,0
81.1684,64088,641110548,1928,0,0,0
81.1783,64089,641120548,2320,0,0,0
81.1883,64090,641130548,2704,0,0,0
81.1983,64091,641140549,2122,0,0,0
81.2083,64092,641150549,1559,0,0,0
81.2184,64093,641160549,1447,0,0,0
81.2300,64094,641170549,1535,0,0,0
81.2406,64095,641180548,1668,0,0,0
81.2485,64096,641190548,1771,0,0,0
81.2584,64097,641200549,1766,0,0,0
81.2684,64098,641210548,1791,0,0,0
81.2784,64099,641220548,1803,0,0,0
81.2883,64100,641230548,1827,0,0,0
81.2983,64101,641240548,1827,0,0,0
81.3083,64102,641250548,1861,0,0,0
81.3186,64103,641260549,1840,0,0,0
81.3285,64104,641270548,1869,0,0,0
81.3382,64105,641280549,1854,0,0,0
81.3485,64106,641290549,1887,0,0,0
81.3583,64107,641300548,1872,0,0,0
81.3683,64108,641310548,1903,0,0,0
81.3786,64109,641320548,1897,0,0,0
81.3883,64110,641330548,1933,0,0,0
81.3983,64111,641340549,1933,0,0,0
81.4083,64112,641350548,1968,0,0,0
81.4184,64113,641360548,1979,0,0,0
81.4286,64114,641370548,2004,0,0,0
81.4383,64115,641380548,1989,0,0,0
81.4484,64116,641390548,2009,0,0,0
81.4586,64117,641400549,1997,0,0,0
81.4692,64118,641410548,1995,0,0,0
81.4788,64119,641420548,1953,0,0,0
81.4883,64120,641430548,1936,0,0,0
81.4984,64121,641440548,1872,0,0,0
81.5084,64122,641450548,1851,0,0,0
81.5188,64123,641460548,1822,0,0,0
81.5285,64124,641470548,1813,0,0,0
81.5384,64125,641480549,1797,0,0,0
81.5484,64126,641490548,1802,0,0,0
81.5584,64127,641500548,1785,0,0,0
81.5683,64128,641510548,1817,0,0,0
81.5783,64129,641520548,1791,0,0,0
81.5883,64130,641530548,1818,0,0,0
81.5984,64131,641540548,1795,0,0,0
81.6084,64132,641550548,1827,0,0,0
81.6183,64133,641560549,1813,0,0,0
81.6284,64134,641570548,1840,0,0,0
81.6383,64135,641580548,1831,0,0,0
81.6484,64136,641590548,1853,0,0,0
81.6584,64137,641600548,1835,0,0,0
81.6683,64138,641610548,1856,0,0,0
81.6783,64139,641620548,1845,0,0,0
81.6884,64140,641630548,1851,0,0,0
81.6984,64141,641640548,1840,0,0,0
81.7090,64142,641650548,1854,0,0,0
81.7184,64143,641660548,1839,0,0,0
81.7307,64144,641670548,1859,0,0,0
81.7383,64145,641680549,1834,0,0,0
81.7484,64146,641690549,1847,0,0,0
81.7585,64147,641700548,1833,0,0,0
81.7683,64148,641710548,1840,0,0,0
81.7784,64149,641720548,1836,0,0,0
81.7883,64150,641730548,1842,0,0,0
81.7983,64151,641740549,1831,0,0,0
81.8084,64152,641750549,1845,0,0,0
81.8182,64153,641760549,1841,0,0,0
81.8284,64154,641770549,1854,0,0,0
81.8384,64155,641780548,1831,0,0,0
81.8484,64156,641790548,1860,0,0,0
81.8584,64157,641800549,1904,0,0,0
81.8684,64158,641810548,1943,0,0,0
81.8784,64159,641820549,1952,0,0,0
81.8884,64160,641830548,2013,0,0,0
81.8984,64161,641840548,1953,0,0,0
81.9084,64162,641850548,1967,0,0,0
81.9185,64163,641860549,1918,0,0,0
81.9286,64164,641870548,1883,0,0,0
81.9384,64165,641880549,1842,0,0,0
81.9484,64166,641890549,1818,0,0,0
81.9585,64167,641900548,1801,0,0,0
81.9684,64168,641910549,1809,0,0,0
81.9814,64169,641920548,1796,0,0,0
81.9885,64170,641930549,1799,0,0,0
81.9984,64171,641940549,1787,0,0,0
82.0088,64172,641950549,1808,0,0,0
82.0184,64173,641960548,1855,0,0,0
82.0282,64174,641970548,1939,0,0,0
82.0383,64175,641980549,2303,0,0,0
82.0485,64176,641990548,2693,0,0,0
82.0583,64177,642000548,2176,0,0,0
82.0684,64178,642010548,1623,0,0,0
82.0788,64179,642020549,1467,0,0,0
82.0883,64180,642030548,1529,0,0,0
82.0986,64181,642040548,1657,0,0,0
82.1084,64182,642050548,1786,0,0,0
82.1183,64183,642060548,1799,0,0,0
82.1283,64184,642070548,1827,0,0,0
82.1386,64185,642080548,1818,0,0,0
82.1483,64186,642090549,1843,0,0,0
82.1584,64187,642100549,1847,0,0,0
82.1684,64188,642110548,1859,0,0,0
82.1785,64189,642120548,1856,0,0,0
82.1883,64190,642130548,1872,0,0,0
82.1985,64191,642140549,1861,0,0,0
82.2083,64192,642150548,1890,0,0,0
82.2188,64193,642160548,1889,0,0,0
82.2284,64194,642170548,1899,0,0,0
82.2384,64195,642180549,1911,0,0,0
82.2484,64196,642190549,1920,0,0,0
82.2584,64197,642200548,1938,0,0,0
82.2683,64198,642210548,1951,0,0,0
82.2783,64199,642220549,1957,0,0,0
82.2883,64200,642230548,1968,0,0,0
82.2984,64201,642240549,1968,0,0,0
82.3083,64202,642250549,1969,0,0,0
82.3185,64203,642260548,1967,0,0,0
82.3284,64204,642270549,1970,0,0,0
82.3383,64205,642280548,1939,0,0,0
82.3486,64206,642290549,1915,0,0,0
82.3583,64207,642300549,1887,0,0,0
82.3684,64208,642310548,1855,0,0,0
82.3785,64209,642320548,1828,0,0,0
82.3883,64210,642330548,1841,0,0,0
82.3984,64211,642340549,1809,0,0,0
82.4084,64212,642350548,1813,0,0,0
82.4183,64213,642360548,1815,0,0,0
82.4283,64214,642370548,1817,0,0,0
82.4385,64215,642380548,1814,0,0,0
82.4484,64216,642390548,1831,0,0,0
82.4584,64217,642400548,1822,0,0,0
82.4703,64218,642410548,1828,0,0,0
82.4784,64219,642420548,1821,0,0,0
82.4884,64220,642430548,1845,0,0,0
82.4982,64221,642440549,1822,0,0,0
82.5084,64222,642450548,1845,0,0,0
82.5184,64223,642460548,1831,0,0,0
82.5282,64224,642470548,1837,0,0,0
82.5383,64225,642480549,1831,0,0,0
82.5485,64226,642490548,1853,0,0,0
82.5587,64227,642500548,1837,0,0,0
82.5683,64228,642510548,1840,0,0,0
82.5784,64229,642520548,1840,0,0,0
82.5883,64230,642530548,1840,0,0,0
82.5982,64231,642540548,1834,0,0,0
82.6083,64232,642550549,1826,0,0,0
82.6183,64233,642560549,1830,0,0,0
82.6282,64234,642570548,1830,0,0,0
82.6383,64235,642580548,1823,0,0,0
82.6483,64236,642590548,1835,0,0,0
82.6583,64237,642600548,1837,0,0,0
82.6685,64238,642610549,1846,0,0,0
82.6783,64239,642620548,1840,0,0,0
82.6883,64240,642630548,1839,0,0,0
82.6984,64241,642640548,1887,0,0,0
82.7084,64242,642650548,1952,0,0,0
82.7183,64243,642660548,1951,0,0,0
82.7311,64244,642670548,2001,0,0,0
82.7383,64245,642680549,1954,0,0,0
82.7483,64246,642690548,1936,0,0,0
82.7585,64247,642700549,1895,0,0,0
82.7683,64248,642710548,1871,0,0,0
82.7783,64249,642720548,1855,0,0,0
82.7882,64250,642730548,1803,0,0,0
82.7983,64251,642740548,1785,0,0,0
82.8083,64252,642750548,1783,0,0,0
82.8186,64253,642760549,1783,0,0,0
82.8282,64254,642770549,1772,0,0,0
82.8383,64255,642780549,1780,0,0,0
82.8484,64256,642790549,1785,0,0,0
82.8583,64257,642800548,1837,0,0,0
82.8683,64258,642810548,1936,0,0,0
82.8783,64259,642820548,2299,0,0,0
82.8882,64260,642830548,2629,0,0,0
82.8982,64261,642840548,2138,0,0,0
82.9083,64262,642850548,1590,0,0,0
82.9184,64263,642860549,1451,0,0,0
82.9282,64264,642870548,1504,0,0,0
82.9382,64265,642880548,1638,0,0,0
82.9484,64266,642890548,1776,0,0,0
82.9584,64267,642900548,1809,0,0,0
82.9740,64268,642910548,1811,0,0,0
82.9794,64269,642920549,1825,0,0,0
82.9883,64270,642930549,1840,0,0,0
82.9983,64271,642940549,1855,0,0,0
83.0083,64272,642950549,1851,0,0,0
83.0182,64273,642960548,1872,0,0,0
83.0284,64274,642970548,1870,0,0,0
83.0383,64275,642980548,1861,0,0,0
83.0484,64276,642990549,1861,0,0,0
83.0582,64277,643000548,1896,0,0,0
83.0683,64278,643010548,1884,0,0,0
83.0783,64279,643020549,1901,0,0,0
83.0883,64280,643030549,1914,0,0,0
83.0986,64281,643040548,1920,0,0,0
83.1083,64282,643050548,1933,0,0,0
83.1183,64283,643060549,1935,0,0,0
83.1283,64284,643070548,1927,0,0,0
83.1384,64285,643080548,1936,0,0,0
83.1483,64286,643090549,1950,0,0,0
83.1583,64287,643100548,1947,0,0,0
83.1686,64288,643110549,1932,0,0,0
83.1783,64289,643120548,1907,0,0,0
83.1883,64290,643130548,1877,0,0,0
83.1985,64291,643140549,1866,0,0,0
83.2082,64292,643150548,1851,0,0,0
83.2214,64293,643160549,1823,0,0,0
83.2283,64294,643170549,1802,0,0,0
83.2383,64295,643180549,1818,0,0,0
83.2483,64296,643190549,1812,0,0,0
83.2587,64297,643200549,1817,0,0,0
83.2683,64298,643210549,1770,0,0,0
83.2782,64299,643220548,1803,0,0,0
83.2882,64300,643230548,1808,0,0,0
83.2983,64301,643240548,1834,0,0,0
83.3083,64302,643250548,1813,0,0,0
83.3183,64303,643260549,1834,0,0,0
83.3282,64304,643270548,1826,0,0,0
83.3384,64305,643280549,1814,0,0,0
83.3484,64306,643290549,1829,0,0,0
83.3582,64307,643300549,1837,0,0,0
83.3683,64308,643310549,1814,0,0,0
83.3786,64309,643320548,1813,0,0,0
83.3883,64310,643330548,1827,0,0,0
83.3983,64311,643340549,1829,0,0,0
83.4083,64312,643350548,1813,0,0,0
83.4183,64313,643360549,1817,0,0,0
83.4283,64314,643370548,1818,0,0,0
83.4384,64315,643380549,1823,0,0,0
83.4484,64316,643390548,1808,0,0,0
83.4582,64317,643400549,1827,0,0,0
83.4691,64318,643410549,1813,0,0,0
83.4783,64319,643420548,1822,0,0,0
83.4887,64320,643430548,1795,0,0,0
83.4984,64321,643440548,1840,0,0,0
83.5083,64322,643450548,1870,0,0,0
83.5184,64323,643460549,1919,0,0,0
83.5282,64324,643470548,1926,0,0,0
83.5383,64325,643480548,1964,0,0,0
83.5483,64326,643490548,1979,0,0,0
83.5583,64327,643500549,1920,0,0,0
83.5683,64328,643510548,1921,0,0,0
83.5785,64329,643520548,1877,0,0,0
83.5883,64330,643530549,1837,0,0,0
83.5983,64331,643540548,1805,0,0,0
83.6083,64332,643550548,1775,0,0,0
83.6182,64333,643560549,1776,0,0,0
83.6284,64334,643570548,1773,0,0,0
83.6384,64335,643580549,1776,0,0,0
83.6483,64336,643590549,1759,0,0,0
83.6582,64337,643600548,1775,0,0,0
83.6684,64338,643610549,1797,0,0,0
83.6785,64339,643620549,1939,0,0,0
83.6883,64340,643630548,2035,0,0,0
83.6985,64341,643640548,2586,0,0,0
83.7083,64342,643650549,2363,0,0,0
83.7184,64343,643660548,1785,0,0,0
83.7286,64344,643670548,1408,0,0,0
83.7383,64345,643680549,1424,0,0,0
83.7482,64346,643690549,1535,0,0,0
83.7585,64347,643700548,1715,0,0,0
83.7683,64348,643710549,1767,0,0,0
83.7782,64349,643720548,1801,0,0,0
83.7883,64350,643730548,1795,0,0,0
83.7983,64351,643740549,1838,0,0,0
83.8083,64352,643750548,1807,0,0,0
83.8185,64353,643760548,1837,0,0,0
83.8283,64354,643770548,1838,0,0,0
83.8383,64355,643780548,1842,0,0,0
83.8485,64356,643790548,1838,0,0,0
83.8582,64357,643800548,1857,0,0,0
83.8684,64358,643810548,1867,0,0,0
83.8786,64359,643820548,1873,0,0,0
83.8882,64360,643830548,1872,0,0,0
83.8983,64361,643840549,1911,0,0,0
83.9083,64362,643850548,1902,0,0,0
83.9184,64363,643860549,1925,0,0,0
83.9285,64364,643870548,1925,0,0,0
83.9384,64365,643880548,1952,0,0,0
83.9483,64366,643890549,1925,0,0,0
83.9583,64367,643900549,1945,0,0,0
83.9684,64368,643910548,1931,0,0,0
83.9784,64369,643920548,1951,0,0,0
83.9885,64370,643930548,1915,0,0,0
83.9984,64371,643940548,1911,0,0,0
84.0083,64372,643950548,1845,0,0,0
84.0184,64373,643960549,1837,0,0,0
84.0284,64374,643970548,1798,0,0,0
84.0383,64375,643980549,1795,0,0,0
84.0484,64376,643990548,1765,0,0,0
84.0583,64377,644000548,1780,0,0,0
84.0693,64378,644010548,1771,0,0,0
84.0783,64379,644020548,1789,0,0,0
84.0885,64380,644030548,1762,0,0,0
84.0985,64381,644040549,1793,0,0,0
84.1083,64382,644050549,1781,0,0,0
84.1184,64383,644060548,1806,0,0,0
84.1283,64384,644070549,1791,0,0,0
84.1382,64385,644080548,1825,0,0,0
84.1484,64386,644090548,1787,0,0,0
84.1583,64387,644100548,1808,0,0,0
84.1682,64388,644110548,1788,0,0,0
84.1784,64389,644120549,1813,0,0,0
84.1884,64390,644130549,1801,0,0,0
84.1984,64391,644140548,1799,0,0,0
84.2084,64392,644150548,1790,0,0,0
84.2197,64393,644160548,1808,0,0,0
84.2283,64394,644170548,1803,0,0,0
84.2384,64395,644180549,1822,0,0,0
84.2483,64396,644190548,1797,0,0,0
84.2584,64397,644200548,1810,0,0,0
84.2685,64398,644210548,1775,0,0,0
84.2783,64399,644220549,1808,0,0,0
84.2884,64400,644230549,1799,0,0,0
84.2985,64401,644240548,1814,0,0,0
84.3083,64402,644250548,1786,0,0,0
84.3184,64403,644260549,1827,0,0,0
84.3284,64404,644270549,1873,0,0,0
84.3384,64405,644280548,1919,0,0,0
84.3484,64406,644290548,1920,0,0,0
84.3583,64407,644300548,1973,0,0,0
84.3682,64408,644310548,1893,0,0,0
84.3785,64409,644320549,1914,0,0,0
84.3884,64410,644330548,1854,0,0,0
84.3982,64411,644340549,1846,0,0,0
84.4084,64412,644350548,1787,0,0,0
84.4184,64413,644360548,1770,0,0,0
84.4284,64414,644370548,1737,0,0,0
84.4384,64415,644380548,1757,0,0,0
84.4483,64416,644390549,1737,0,0,0
84.4583,64417,644400548,1755,0,0,0
84.4692,64418,644410548,1744,0,0,0
84.4783,64419,644420548,1776,0,0,0
84.4884,64420,644430548,1874,0,0,0
84.4984,64421,644440548,1978,0,0,0
84.5084,64422,644450548,2458,0,0,0
84.5185,64423,644460548,2518,0,0,0
84.5285,64424,644470548,1905,0,0,0
84.5383,64425,644480548,1465,0,0,0
84.5482,64426,644490548,1392,0,0,0
84.5583,64427,644500549,1519,0,0,0
84.5683,64428,644510548,1659,0,0,0
84.5782,64429,644520549,1776,0,0,0
84.5883,64430,644530549,1773,0,0,0
84.5982,64431,644540549,1802,0,0,0
84.6082,64432,644550548,1787,0,0,0
84.6184,64433,644560548,1819,0,0,0
84.6283,64434,644570548,1835,0,0,0
84.6383,64435,644580549,1850,0,0,0
84.6484,64436,644590548,1830,0,0,0
84.6583,64437,644600549,1854,0,0,0
84.6683,64438,644610549,1855,0,0,0
84.6783,64439,644620548,1882,0,0,0
84.6882,64440,644630548,1860,0,0,0
84.6983,64441,644640549,1902,0,0,0
84.7082,64442,644650548,1889,0,0,0
84.7184,64443,644660549,1915,0,0,0
84.7285,64444,644670549,1909,0,0,0
84.7384,64445,644680549,1946,0,0,0
84.7483,64446,644690549,1940,0,0,0
84.7585,64447,644700548,1967,0,0,0
84.7684,64448,644710548,1959,0,0,0
84.7783,64449,644720548,1982,0,0,0
84.7884,64450,644730548,1951,0,0,0
84.7984,64451,644740548,1939,0,0,0
84.8083,64452,644750548,1901,0,0,0
84.8183,64453,644760549,1898,0,0,0
84.8282,64454,644770548,1841,0,0,0
84.8382,64455,644780549,1826,0,0,0
84.8482,64456,644790548,1790,0,0,0
84.8584,64457,644800548,1795,0,0,0
84.8683,64458,644810548,1776,0,0,0
84.8784,64459,644820549,1803,0,0,0
84.8883,64460,644830548,1776,0,0,0
84.8983,64461,644840549,1791,0,0,0
84.9083,64462,644850548,1787,0,0,0
84.9184,64463,644860548,1807,0,0,0
84.9283,64464,644870548,1798,0,0,0
84.9384,64465,644880548,1815,0,0,0
84.9484,64466,644890548,1802,0,0,0
84.9583,64467,644900549,1814,0,0,0
84.9695,64468,644910548,1808,0,0,0
84.9788,64469,644920549,1834,0,0,0
84.9884,64470,644930548,1821,0,0,0
84.9986,64471,644940549,1835,0,0,0
85.0085,64472,644950548,1811,0,0,0
85.0183,64473,644960549,1835,0,0,0
85.0282,64474,644970548,1818,0,0,0
85.0382,64475,644980549,1834,0,0,0
85.0483,64476,644990549,1810,0,0,0
85.0584,64477,645000549,1819,0,0,0
85.0684,64478,645010549,1795,0,0,0
85.0784,64479,645020548,1813,0,0,0
85.0884,64480,645030549,1786,0,0,0
85.0985,64481,645040548,1808,0,0,0
85.1083,64482,645050548,1791,0,0,0
85.1183,64483,645060548,1809,0,0,0
85.1284,64484,645070548,1794,0,0,0
85.1382,64485,645080548,1815,0,0,0
85.1483,64486,645090548,1799,0,0,0
85.1582,64487,645100549,1810,0,0,0
85.1682,64488,645110548,1824,0,0,0
85.1783,64489,645120548,1904,0,0,0
85.1883,64490,645130548,1911,0,0,0
85.1984,64491,645140549,1961,0,0,0
85.2083,64492,645150548,1936,0,0,0
85.2195,64493,645160549,1918,0,0,0
85.2283,64494,645170548,1877,0,0,0
85.2382,64495,645180548,1853,0,0,0
85.2483,64496,645190549,1810,0,0,0
85.2582,64497,645200548,1791,0,0,0
85.2684,64498,645210549,1750,0,0,0
85.2785,64499,645220548,1755,0,0,0
85.2883,64500,645230548,1738,0,0,0
85.2982,64501,645240548,1748,0,0,0
85.3084,64502,645250548,1744,0,0,0
85.3183,64503,645260548,1766,0,0,0
85.3282,64504,645270548,1787,0,0,0
85.3384,64505,645280548,1916,0,0,0
85.3483,64506,645290548,2067,0,0,0
85.3583,64507,645300548,2653,0,0,0
85.3683,64508,645310549,2337,0,0,0
85.3782,64509,645320549,1665,0,0,0
85.3883,64510,645330549,1420,0,0,0
85.3983,64511,645340548,1482,0,0,0
85.4083,64512,645350548,1593,0,0,0
85.4185,64513,645360549,1743,0,0,0
85.4283,64514,645370549,1755,0,0,0
85.4384,64515,645380548,1792,0,0,0
85.4484,64516,645390548,1784,0,0,0
85.4584,64517,645400549,1810,0,0,0
85.4737,64518,645410548,1814,0,0,0
85.4782,64519,645420548,1839,0,0,0
85.4883,64520,645430548,1823,0,0,0
85.4983,64521,645440548,1845,0,0,0
85.5086,64522,645450548,1837,0,0,0
85.5186,64523,645460548,1858,0,0,0
85.5282,64524,645470548,1855,0,0,0
85.5382,64525,645480548,1879,0,0,0
85.5483,64526,645490548,1887,0,0,0
85.5582,64527,645500548,1893,0,0,0
85.5683,64528,645510548,1907,0,0,0
85.5782,64529,645520549,1930,0,0,0
85.5882,64530,645530548,1933,0,0,0
85.5983,64531,645540548,1956,0,0,0
85.6082,64532,645550548,1945,0,0,0
85.6183,64533,645560549,1966,0,0,0
85.6283,64534,645570548,1952,0,0,0
85.6383,64535,645580548,1954,0,0,0
85.6483,64536,645590548,1921,0,0,0
85.6582,64537,645600548,1909,0,0,0
85.6683,64538,645610548,1851,0,0,0
85.6785,64539,645620548,1836,0,0,0
85.6882,64540,645630549,1805,0,0,0
85.6982,64541,645640548,1793,0,0,0
85.7082,64542,645650548,1773,0,0,0
85.7216,64543,645660549,1790,0,0,0
85.7284,64544,645670548,1776,0,0,0
85.7383,64545,645680548,1789,0,0,0
85.7483,64546,645690548,1773,0,0,0
85.7582,64547,645700548,1792,0,0,0
85.7682,64548,645710549,1783,0,0,0
85.7783,64549,645720549,1802,0,0,0
85.7883,64550,645730549,1805,0,0,0
85.7983,64551,645740548,1815,0,0,0
85.8084,64552,645750548,1807,0,0,0
85.8182,64553,645760548,1827,0,0,0
85.8283,64554,645770548,1815,0,0,0
85.8382,64555,645780548,1839,0,0,0
85.8483,64556,645790548,1823,0,0,0
85.8582,64557,645800548,1840,0,0,0
85.8682,64558,645810549,1820,0,0,0
85.8783,64559,645820549,1831,0,0,0
85.8884,64560,645830548,1823,0,0,0
85.8983,64561,645840548,1829,0,0,0
85.9083,64562,645850548,1814,0,0,0
85.9184,64563,645860549,1822,0,0,0
85.9283,64564,645870549,1807,0,0,0
85.9382,64565,645880549,1831,0,0,0
85.9483,64566,645890548,1817,0,0,0
85.9583,64567,645900549,1821,0,0,0
85.9685,64568,645910548,1818,0,0,0
85.9783,64569,645920549,1840,0,0,0
85.9884,64570,645930549,1809,0,0,0
85.9984,64571,645940548,1821,0,0,0
86.0082,64572,645950548,1811,0,0,0
86.0183,64573,645960548,1834,0,0,0
86.0282,64574,645970548,1847,0,0,0
86.0382,64575,645980548,1909,0,0,0
86.0484,64576,645990548,1927,0,0,0
86.0582,64577,646000548,1957,0,0,0
86.0682,64578,646010548,1973,0,0,0
86.0784,64579,646020549,1936,0,0,0
86.0883,64580,646030549,1927,0,0,0
86.0983,64581,646040548,1879,0,0,0
86.1082,64582,646050549,1847,0,0,0
86.1183,64583,646060549,1839,0,0,0
86.1283,64584,646070548,1794,0,0,0
86.1383,64585,646080549,1790,0,0,0
86.1483,64586,646090549,1792,0,0,0
86.1582,64587,646100548,1793,0,0,0
86.1685,64588,646110548,1779,0,0,0
86.1783,64589,646120548,1799,0,0,0
86.1884,64590,646130548,1822,0,0,0
86.1984,64591,646140548,1915,0,0,0
86.2083,64592,646150548,2003,0,0,0
86.2193,64593,646160548,2612,0,0,0
86.2285,64594,646170548,2513,0,0,0
86.2383,64595,646180548,1904,0,0,0
86.2484,64596,646190548,1515,0,0,0
86.2582,64597,646200548,1506,0,0,0
86.2683,64598,646210548,1584,0,0,0
86.2785,64599,646220548,1743,0,0,0
86.2884,64600,646230548,1808,0,0,0
86.2982,64601,646240548,1824,0,0,0
86.3083,64602,646250548,1840,0,0,0
86.3183,64603,646260549,1856,0,0,0
86.3282,64604,646270548,1849,0,0,0
86.3383,64605,646280548,1866,0,0,0
86.3483,64606,646290548,1882,0,0,0
86.3582,64607,646300548,1881,0,0,0
86.3684,64608,646310548,1888,0,0,0
86.3783,64609,646320548,1904,0,0,0
86.3884,64610,646330549,1901,0,0,0
86.3983,64611,646340549,1926,0,0,0
86.4083,64612,646350548,1919,0,0,0
86.4183,64613,646360548,1925,0,0,0
86.4284,64614,646370548,1937,0,0,0
86.4382,64615,646380548,1971,0,0,0
86.4483,64616,646390548,1975,0,0,0
86.4583,64617,646400549,1981,0,0,0
86.4682,64618,646410548,2003,0,0,0
86.4787,64619,646420549,1990,0,0,0
86.4883,64620,646430548,1990,0,0,0
86.4984,64621,646440548,1985,0,0,0
86.5082,64622,646450548,1965,0,0,0
86.5186,64623,646460549,1947,0,0,0
86.5283,64624,646470548,1905,0,0,0
86.5382,64625,646480548,1873,0,0,0
86.5482,64626,646490548,1851,0,0,0
86.5582,64627,646500548,1833,0,0,0
86.5683,64628,646510548,1815,0,0,0
86.5784,64629,646520549,1830,0,0,0
86.5882,64630,646530548,1822,0,0,0
86.5982,64631,646540548,1812,0,0,0
86.6082,64632,646550548,1821,0,0,0
86.6182,64633,646560548,1823,0,0,0
86.6282,64634,646570549,1815,0,0,0
86.6383,64635,646580548,1827,0,0,0
86.6483,64636,646590548,1833,0,0,0
86.6582,64637,646600548,1838,0,0,0
86.6684,64638,646610548,1839,0,0,0
86.6783,64639,646620549,1840,0,0,0
86.6882,64640,646630548,1838,0,0,0
86.6983,64641,646640548,1843,0,0,0
86.7082,64642,646650548,1853,0,0,0
86.7186,64643,646660549,1855,0,0,0
86.7282,64644,646670548,1847,0,0,0
86.7384,64645,646680548,1839,0,0,0
86.7482,64646,646690548,1837,0,0,0
86.7585,64647,646700549,1827,0,0,0
86.7682,64648,646710548,1847,0,0,0
86.7784,64649,646720548,1834,0,0,0
86.7883,64650,646730548,1831,0,0,0
86.7984,64651,646740548,1831,0,0,0
86.8082,64652,646750548,1822,0,0,0
86.8183,64653,646760549,1819,0,0,0
86.8283,64654,646770549,1813,0,0,0
86.8383,64655,646780548,1819,0,0,0
86.8483,64656,646790548,1826,0,0,0
86.8583,64657,646800548,1856,0,0,0
86.8683,64658,646810548,1904,0,0,0
86.8782,64659,646820549,1917,0,0,0
86.8884,64660,646830549,1964,0,0,0
86.8984,64661,646840548,1952,0,0,0
86.9082,64662,646850548,1911,0,0,0
86.9184,64663,646860548,1905,0,0,0
86.9282,64664,646870549,1855,0,0,0
86.9382,64665,646880548,1822,0,0,0
86.9483,64666,646890548,1807,0,0,0
86.9581,64667,646900548,1758,0,0,0
86.9682,64668,646910549,1764,0,0,0
86.9799,64669,646920548,1748,0,0,0
86.9884,64670,646930548,1761,0,0,0
86.9983,64671,646940548,1767,0,0,0
87.0082,64672,646950549,1771,0,0,0
87.0182,64673,646960548,1791,0,0,0
87.0282,64674,646970548,1903,0,0,0
87.0383,64675,646980549,2091,0,0,0
87.0483,64676,646990548,2636,0,0,0
87.0581,64677,647000548,2298,0,0,0
87.0683,64678,647010548,1729,0,0,0
87.0783,64679,647020548,1460,0,0,0
87.0883,64680,647030548,1481,0,0,0
87.0982,64681,647040548,1602,0,0,0
87.1082,64682,647050549,1757,0,0,0
87.1183,64683,647060548,1787,0,0,0
87.1284,64684,647070549,1809,0,0,0
87.1383,64685,647080548,1826,0,0,0
87.1484,64686,647090548,1858,0,0,0
87.1584,64687,647100548,1840,0,0,0
87.1682,64688,647110548,1855,0,0,0
87.1783,64689,647120548,1857,0,0,0
87.1884,64690,647130548,1873,0,0,0
87.1983,64691,647140549,1869,0,0,0
87.2083,64692,647150548,1882,0,0,0
87.2188,64693,647160548,1898,0,0,0
87.2297,64694,647170549,1902,0,0,0
87.2384,64695,647180549,1895,0,0,0
87.2484,64696,647190549,1936,0,0,0
87.2582,64697,647200548,1922,0,0,0
87.2682,64698,647210548,1957,0,0,0
87.2783,64699,647220549,1968,0,0,0
87.2884,64700,647230548,1962,0,0,0
87.2984,64701,647240548,1987,0,0,0
87.3083,64702,647250548,1971,0,0,0
87.3183,64703,647260548,1969,0,0,0
87.3284,64704,647270548,1978,0,0,0
87.3384,64705,647280548,1938,0,0,0
87.3482,64706,647290548,1942,0,0,0
87.3583,64707,647300548,1889,0,0,0
87.3684,64708,647310548,1875,0,0,0
87.3783,64709,647320548,1853,0,0,0
87.3882,64710,647330548,1829,0,0,0
87.3983,64711,647340549,1823,0,0,0
87.4082,64712,647350548,1833,0,0,0
87.4183,64713,647360548,1815,0,0,0
87.4282,64714,647370548,1822,0,0,0
87.4382,64715,647380548,1813,0,0,0
87.4482,64716,647390548,1840,0,0,0
87.4582,64717,647400549,1809,0,0,0
87.4682,64718,647410549,1828,0,0,0
87.4783,64719,647420549,1826,0,0,0
87.4884,64720,647430549,1839,0,0,0
87.4988,64721,647440548,1826,0,0,0
87.5084,64722,647450548,1836,0,0,0
87.5188,64723,647460549,1851,0,0,0
87.5287,64724,647470548,1842,0,0,0
87.5383,64725,647480548,1827,0,0,0
87.5482,64726,647490548,1827,0,0,0
87.5582,64727,647500548,1839,0,0,0
87.5682,64728,647510548,1849,0,0,0
87.5783,64729,647520549,1824,0,0,0
87.5883,64730,647530548,1819,0,0,0
87.5983,64731,647540548,1820,0,0,0
87.6082,64732,647550548,1819,0,0,0
87.6183,64733,647560548,1788,0,0,0
87.6282,64734,647570548,1819,0,0,0
87.6383,64735,647580548,1797,0,0,0
87.6483,64736,647590548,1809,0,0,0
87.6582,64737,647600548,1808,0,0,0
87.6683,64738,647610549,1883,0,0,0
87.6783,64739,647620549,1873,0,0,0
87.6882,64740,647630548,1920,0,0,0
87.6984,64741,647640548,1936,0,0,0
87.7082,64742,647650548,1901,0,0,0
87.7222,64743,647660548,1868,0,0,0
87.7283,64744,647670548,1862,0,0,0
87.7382,64745,647680549,1818,0,0,0
87.7482,64746,647690548,1788,0,0,0
87.7583,64747,647700548,1744,0,0,0
87.7683,64748,647710548,1741,0,0,0
87.7784,64749,647720548,1699,0,0,0
87.7883,64750,647730548,1751,0,0,0
87.7981,64751,647740548,1723,0,0,0
87.8084,64752,647750548,1743,0,0,0
87.8182,64753,647760548,1738,0,0,0
87.8282,64754,647770548,1862,0,0,0
87.8383,64755,647780549,1961,0,0,0
87.8483,64756,647790548,2526,0,0,0
87.8582,64757,647800548,2455,0,0,0
87.8682,64758,647810548,1885,0,0,0
87.8782,64759,647820549,1477,0,0,0
87.8883,64760,647830548,1456,0,0,0
87.8983,64761,647840549,1562,0,0,0
87.9084,64762,647850548,1745,0,0,0
87.9183,64763,647860548,1836,0,0,0
87.9285,64764,647870548,1856,0,0,0
87.9382,64765,647880549,1866,0,0,0
87.9483,64766,647890548,1898,0,0,0
87.9582,64767,647900549,1904,0,0,0
87.9694,64768,647910549,1935,0,0,0
87.9782,64769,647920548,1920,0,0,0
87.9884,64770,647930548,1927,0,0,0
87.9985,64771,647940548,1903,0,0,0
88.0082,64772,647950548,1952,0,0,0
88.0183,64773,647960549,1920,0,0,0
88.0282,64774,647970549,1928,0,0,0
88.0382,64775,647980548,1915,0,0,0
88.0483,64776,647990549,1951,0,0,0
88.0581,64777,648000548,1936,0,0,0
88.0682,64778,648010548,1955,0,0,0
88.0783,64779,648020548,1953,0,0,0
88.0883,64780,648030548,1979,0,0,0
88.0982,64781,648040549,1951,0,0,0
88.1082,64782,648050548,1953,0,0,0
88.1183,64783,648060549,1968,0,0,0
88.1282,64784,648070548,1973,0,0,0
88.1383,64785,648080548,1946,0,0,0
88.1483,64786,648090548,1933,0,0,0
88.1583,64787,648100548,1893,0,0,0
88.1685,64788,648110548,1888,0,0,0
88.1782,64789,648120548,1863,0,0,0
88.1883,64790,648130548,1873,0,0,0
88.1984,64791,648140549,1831,0,0,0
88.2083,64792,648150548,1841,0,0,0
88.2183,64793,648160548,1840,0,0,0
88.2299,64794,648170548,1840,0,0,0
88.2382,64795,648180548,1854,0,0,0
88.2485,64796,648190548,1878,0,0,0
88.2583,64797,648200548,1855,0,0,0
88.2683,64798,648210548,1847,0,0,0
88.2783,64799,648220548,1872,0,0,0
88.2883,64800,648230549,1870,0,0,0
88.2982,64801,648240548,1856,0,0,0
88.3081,64802,648250549,1874,0,0,0
88.3183,64803,648260548,1857,0,0,0
88.3283,64804,648270548,1874,0,0,0
88.3382,64805,648280549,1861,0,0,0
88.3483,64806,648290549,1862,0,0,0
88.3582,64807,648300548,1872,0,0,0
88.3682,64808,648310548,1867,0,0,0
88.3782,64809,648320548,1861,0,0,0
88.3882,64810,648330548,1874,0,0,0
88.3985,64811,648340548,1857,0,0,0
88.4082,64812,648350549,1874,0,0,0
88.4183,64813,648360549,1891,0,0,0
88.4282,64814,648370548,1904,0,0,0
88.4383,64815,648380548,1911,0,0,0
88.4483,64816,648390548,1943,0,0,0
88.4582,64817,648400548,1947,0,0,0
88.4683,64818,648410548,2027,0,0,0
88.4795,64819,648420549,2047,0,0,0
88.4882,64820,648430548,2091,0,0,0
88.4984,64821,648440548,2091,0,0,0
88.5082,64822,648450548,2054,0,0,0
88.5187,64823,648460548,1999,0,0,0
88.5284,64824,648470548,1966,0,0,0
88.5383,64825,648480548,1905,0,0,0
88.5482,64826,648490549,1873,0,0,0
88.5581,64827,648500548,1802,0,0,0
88.5683,64828,648510548,1791,0,0,0
88.5783,64829,648520548,1762,0,0,0
88.5883,64830,648530548,1764,0,0,0
88.5984,64831,648540549,1719,0,0,0
88.6082,64832,648550548,1745,0,0,0
88.6182,64833,648560548,1757,0,0,0
88.6282,64834,648570549,1837,0,0,0
88.6383,64835,648580548,1922,0,0,0
88.6483,64836,648590549,2446,0,0,0
88.6582,64837,648600548,2402,0,0,0
88.6681,64838,648610548,1840,0,0,0
88.6783,64839,648620549,1369,0,0,0
88.6883,64840,648630548,1328,0,0,0
88.6982,64841,648640549,1445,0,0,0
88.7082,64842,648650548,1629,0,0,0
88.7216,64843,648660548,1702,0,0,0
88.7282,64844,648670548,1715,0,0,0
88.7381,64845,648680548,1723,0,0,0
88.7482,64846,648690548,1759,0,0,0
88.7582,64847,648700548,1747,0,0,0
88.7684,64848,648710548,1770,0,0,0
88.7783,64849,648720549,1770,0,0,0
88.7883,64850,648730549,1805,0,0,0
88.7983,64851,648740548,1789,0,0,0
88.8083,64852,648750548,1811,0,0,0
88.8182,64853,648760549,1797,0,0,0
88.8282,64854,648770549,1823,0,0,0
88.8383,64855,648780548,1808,0,0,0
88.8483,64856,648790548,1837,0,0,0
88.8583,64857,648800548,1827,0,0,0
88.8684,64858,648810548,1868,0,0,0
88.8782,64859,648820548,1859,0,0,0
88.8882,64860,648830548,1877,0,0,0
88.8983,64861,648840549,1878,0,0,0
88.9082,64862,648850549,1893,0,0,0
88.9183,64863,648860548,1866,0,0,0
88.9284,64864,648870548,1887,0,0,0
88.9382,64865,648880548,1870,0,0,0
88.9483,64866,648890548,1855,0,0,0
88.9581,64867,648900548,1798,0,0,0
88.9684,64868,648910548,1808,0,0,0
88.9782,64869,648920548,1759,0,0,0
88.9883,64870,648930548,1759,0,0,0
88.9984,64871,648940548,1744,0,0,0
89.0082,64872,648950548,1763,0,0,0
89.0182,64873,648960549,1759,0,0,0
89.0284,64874,648970548,1766,0,0,0
89.0384,64875,648980549,1745,0,0,0
89.0483,64876,648990548,1779,0,0,0
89.0582,64877,649000548,1753,0,0,0
89.0684,64878,649010548,1789,0,0,0
89.0783,64879,649020549,1774,0,0,0
89.0884,64880,649030548,1797,0,0,0
89.0985,64881,649040548,1781,0,0,0
89.1082,64882,649050549,1808,0,0,0
89.1182,64883,649060549,1795,0,0,0
89.1283,64884,649070548,1813,0,0,0
89.1381,64885,649080549,1801,0,0,0
89.1482,64886,649090548,1808,0,0,0
89.1583,64887,649100548,1797,0,0,0
89.1683,64888,649110549,1808,0,0,0
89.1782,64889,649120548,1791,0,0,0
89.1884,64890,649130548,1810,0,0,0
89.1982,64891,649140548,1791,0,0,0
89.2082,64892,649150548,1814,0,0,0
89.2191,64893,649160548,1792,0,0,0
89.2282,64894,649170548,1809,0,0,0
89.2383,64895,649180548,1794,0,0,0
89.2483,64896,649190548,1808,0,0,0
89.2581,64897,649200548,1808,0,0,0
89.2682,64898,649210548,1810,0,0,0
89.2783,64899,649220548,1812,0,0,0
89.2881,64900,649230548,1882,0,0,0
89.2982,64901,649240548,1904,0,0,0
89.3082,64902,649250549,1936,0,0,0
89.3182,64903,649260548,1960,0,0,0
89.3283,64904,649270548,1933,0,0,0
89.3383,64905,649280548,1898,0,0,0
89.3482,64906,649290548,1889,0,0,0
89.3582,64907,649300548,1837,0,0,0
89.3682,64908,649310548,1814,0,0,0
89.3783,64909,649320549,1771,0,0,0
89.3883,64910,649330549,1770,0,0,0
89.3983,64911,649340549,1749,0,0,0
89.4083,64912,649350549,1766,0,0,0
89.4182,64913,649360548,1744,0,0,0
89.4284,64914,649370548,1766,0,0,0
89.4382,64915,649380548,1757,0,0,0
89.4483,64916,649390548,1857,0,0,0
89.4582,64917,649400549,1936,0,0,0
89.4686,64918,649410548,2341,0,0,0
89.4792,64919,649420549,2617,0,0,0
89.4884,64920,649430548,2078,0,0,0
89.4987,64921,649440548,1490,0,0,0
89.5089,64922,649450548,1408,0,0,0
89.5185,64923,649460548,1492,0,0,0
89.5283,64924,649470548,1666,0,0,0
89.5384,64925,649480548,1744,0,0,0
89.5483,64926,649490548,1783,0,0,0
89.5582,64927,649500549,1783,0,0,0
89.5681,64928,649510549,1815,0,0,0
89.5788,64929,649520549,1810,0,0,0
89.5882,64930,649530548,1840,0,0,0
89.5982,64931,649540548,1823,0,0,0
89.6082,64932,649550548,1854,0,0,0
89.6181,64933,649560548,1847,0,0,0
89.6281,64934,649570548,1867,0,0,0
89.6382,64935,649580548,1858,0,0,0
89.6482,64936,649590548,1890,0,0,0
89.6582,64937,649600549,1882,0,0,0
89.6682,64938,649610549,1905,0,0,0
89.6781,64939,649620548,1918,0,0,0
89.6881,64940,649630548,1943,0,0,0
89.6983,64941,649640548,1936,0,0,0
89.7082,64942,649650548,1960,0,0,0
89.7191,64943,649660548,1955,0,0,0
89.7282,64944,649670548,1975,0,0,0
89.7382,64945,649680549,1968,0,0,0
89.7482,64946,649690549,1968,0,0,0
89.7582,64947,649700549,1942,0,0,0
89.7682,64948,649710548,1926,0,0,0
89.7784,64949,649720548,1878,0,0,0
89.7883,64950,649730548,1849,0,0,0
89.7982,64951,649740549,1807,0,0,0
89.8082,64952,649750548,1800,0,0,0
89.8183,64953,649760549,1778,0,0,0
89.8282,64954,649770548,1785,0,0,0
89.8383,64955,649780549,1774,0,0,0
89.8482,64956,649790548,1786,0,0,0
89.8582,64957,649800549,1772,0,0,0
89.8683,64958,649810548,1787,0,0,0
89.8782,64959,649820548,1776,0,0,0
89.8882,64960,649830548,1793,0,0,0
89.8982,64961,649840549,1787,0,0,0
89.9082,64962,649850548,1810,0,0,0
89.9182,64963,649860548,1807,0,0,0
89.9282,64964,649870548,1822,0,0,0
89.9382,64965,649880548,1812,0,0,0
89.9483,64966,649890548,1824,0,0,0
89.9583,64967,649900548,1822,0,0,0
89.9683,64968,649910548,1837,0,0,0
89.9799,64969,649920549,1823,0,0,0
89.9882,64970,649930549,1829,0,0,0
89.9982,64971,649940549,1829,0,0,0
90.0105,64972,649950549,1833,0,0,0
90.0182,64973,649960549,1825,0,0,0
90.0309,64974,649970549,1830,0,0,0
90.0390,64975,649980549,1818,0,0,0
90.0484,64976,649990549,1830,0,0,0
90.0588,64977,650000549,1808,0,0,0
90.0688,64978,650010549,1830,0,0,0
90.0785,64979,650020548,1819,0,0,0
90.0882,64980,650030548,1827,0,0,0
90.0982,64981,650040548,1815,0,0,0
90.1081,64982,650050548,1833,0,0,0
90.1182,64983,650060549,1843,0,0,0
90.1281,64984,650070548,1919,0,0,0
90.1382,64985,650080548,1930,0,0,0
90.1483,64986,650090549,1961,0,0,0
90.1581,64987,650100548,1968,0,0,0
90.1682,64988,650110548,1925,0,0,0
90.1827,64989,650120548,1917,0,0,0
90.1882,64990,650130548,1875,0,0,0
90.2013,64991,650140549,1847,0,0,0
90.2173,64992,650150548,1808,0,0,0
90.2195,64993,650160549,1787,0,0,0
90.2283,64994,650170549,1785,0,0,0
90.2406,64995,650180548,1771,0,0,0
90.2494,64996,650190548,1776,0,0,0
90.2581,64997,650200549,1776,0,0,0
90.2685,64998,650210549,1775,0,0,0
90.2783,64999,650220548,1808,0,0,0
90.2883,65000,650230548,1911,0,0,0
90.2983,65001,650240548,2019,0,0,0
90.3082,65002,650250548,2622,0,0,0
90.3184,65003,650260548,2477,0,0,0
90.3283,65004,650270548,1808,0,0,0
90.3383,65005,650280548,1468,0,0,0
90.3483,65006,650290548,1470,0,0,0
90.3582,65007,650300549,1585,0,0,0
90.3708,65008,650310548,1744,0,0,0
90.3805,65009,650320549,1787,0,0,0
90.4002,65010,650330548,1803,0,0,0
90.4062,65011,650340549,1823,0,0,0
90.4155,65012,650350549,1844,0,0,0
90.4184,65013,650360548,1854,0,0,0
90.4287,65014,650370548,1853,0,0,0
90.4403,65015,650380548,1855,0,0,0
90.4482,65016,650390548,1877,0,0,0
90.4582,65017,650400548,1897,0,0,0
90.4686,65018,650410548,1879,0,0,0
90.4783,65019,650420548,1885,0,0,0
90.4882,65020,650430548,1903,0,0,0
90.4984,65021,650440549,1903,0,0,0
90.5083,65022,650450549,1920,0,0,0
90.5184,65023,650460549,1927,0,0,0
90.5283,65024,650470548,1957,0,0,0
90.5384,65025,650480548,1969,0,0,0
90.5485,65026,650490548,1983,0,0,0
90.5582,65027,650500548,1979,0,0,0
90.5716,65028,650510548,1988,0,0,0
90.5781,65029,650520548,1993,0,0,0
90.5917,65030,650530549,1987,0,0,0
90.6005,65031,650540549,1968,0,0,0
90.6083,65032,650550548,1939,0,0,0
90.6223,65033,650560548,1905,0,0,0
90.6285,65034,650570548,1861,0,0,0
90.6382,65035,650580548,1840,0,0,0
90.6482,65036,650590548,1825,0,0,0
90.6583,65037,650600548,1811,0,0,0
90.6684,65038,650610548,1814,0,0,0
90.6783,65039,650620548,1821,0,0,0
90.6888,65040,650630548,1802,0,0,0
90.6981,65041,650640549,1799,0,0,0
90.7082,65042,650650549,1812,0,0,0
90.7186,65043,650660548,1821,0,0,0
90.7283,65044,650670548,1821,0,0,0
90.7437,65045,650680549,1818,0,0,0
90.7481,65046,650690548,1830,0,0,0
90.7605,65047,650700549,1841,0,0,0
90.7683,65048,650710549,1842,0,0,0
90.7782,65049,650720548,1853,0,0,0
90.7897,65050,650730548,1847,0,0,0
90.7989,65051,650740548,1844,0,0,0
90.8082,65052,650750548,1835,0,0,0
90.8182,65053,650760548,1845,0,0,0
90.8282,65054,650770548,1853,0,0,0
90.8382,65055,650780549,1829,0,0,0
90.8482,65056,650790548,1840,0,0,0
90.8582,65057,650800548,1834,0,0,0
90.8684,65058,650810548,1840,0,0,0
90.8783,65059,650820549,1834,0,0,0
90.8882,65060,650830548,1823,0,0,0
90.8984,65061,650840548,1840,0,0,0
90.9081,65062,650850548,1843,0,0,0
90.9181,65063,650860548,1833,0,0,0
90.9283,65064,650870548,1840,0,0,0
90.9382,65065,650880548,1848,0,0,0
90.9482,65066,650890548,1904,0,0,0
90.9584,65067,650900549,1937,0,0,0
90.9682,65068,650910549,1961,0,0,0
90.9794,65069,650920548,2006,0,0,0
90.9893,65070,650930548,1936,0,0,0
90.9982,65071,650940549,1930,0,0,0
91.0082,65072,650950548,1889,0,0,0
91.0182,65073,650960549,1859,0,0,0
91.0281,65074,650970548,1824,0,0,0
91.0382,65075,650980549,1804,0,0,0
91.0483,65076,650990549,1782,0,0,0
91.0581,65077,651000548,1776,0,0,0
91.0682,65078,651010548,1771,0,0,0
91.0783,65079,651020548,1797,0,0,0
91.0882,65080,651030549,1782,0,0,0
91.0982,65081,651040548,1781,0,0,0
91.1081,65082,651050548,1865,0,0,0
91.1181,65083,651060548,1952,0,0,0
91.1283,65084,651070548,2431,0,0,0
91.1383,65085,651080548,2596,0,0,0
91.1481,65086,651090548,2039,0,0,0
91.1581,65087,651100548,1535,0,0,0
91.1684,65088,651110548,1450,0,0,0
91.1782,65089,651120548,1535,0,0,0
91.1882,65090,651130548,1682,0,0,0
91.1983,65091,651140549,1783,0,0,0
91.2082,65092,651150549,1796,0,0,0
91.2219,65093,651160548,1820,0,0,0
91.2287,65094,651170548,1827,0,0,0
91.2382,65095,651180548,1840,0,0,0
91.2483,65096,651190548,1847,0,0,0
91.2584,65097,651200548,1843,0,0,0
91.2682,65098,651210548,1854,0,0,0
91.2782,65099,651220548,1872,0,0,0
91.2883,65100,651230548,1859,0,0,0
91.2982,65101,651240548,1875,0,0,0
91.3082,65102,651250549,1894,0,0,0
91.3183,65103,651260548,1904,0,0,0
91.3281,65104,651270548,1904,0,0,0
91.3382,65105,651280548,1935,0,0,0
91.3483,65106,651290549,1919,0,0,0
91.3582,65107,651300549,1949,0,0,0
91.3682,65108,651310548,1947,0,0,0
91.3782,65109,651320549,1959,0,0,0
91.3881,65110,651330548,1959,0,0,0
91.3982,65111,651340549,1957,0,0,0
91.4082,65112,651350549,1953,0,0,0
91.4183,65113,651360548,1949,0,0,0
91.4281,65114,651370548,1919,0,0,0
91.4382,65115,651380548,1907,0,0,0
91.4482,65116,651390548,1875,0,0,0
91.4582,65117,651400549,1857,0,0,0
91.4682,65118,651410548,1827,0,0,0
91.4810,65119,651420548,1817,0,0,0
91.4881,65120,651430549,1792,0,0,0
91.4985,65121,651440548,1824,0,0,0
91.5084,65122,651450548,1811,0,0,0
91.5182,65123,651460548,1817,0,0,0
91.5283,65124,651470548,1830,0,0,0
91.5381,65125,651480548,1839,0,0,0
91.5483,65126,651490548,1814,0,0,0
91.5582,65127,651500548,1847,0,0,0
91.5682,65128,651510548,1828,0,0,0
91.5784,65129,651520548,1837,0,0,0
91.5882,65130,651530548,1831,0,0,0
91.5982,65131,651540548,1840,0,0,0
91.6082,65132,651550548,1839,0,0,0
91.6182,65133,651560549,1857,0,0,0
91.6282,65134,651570549,1838,0,0,0
91.6382,65135,651580548,1840,0,0,0
91.6482,65136,651590548,1823,0,0,0
91.6583,65137,651600548,1845,0,0,0
91.6683,65138,651610549,1838,0,0,0
91.6782,65139,651620548,1840,0,0,0
91.6883,65140,651630548,1824,0,0,0
91.6982,65141,651640548,1829,0,0,0
91.7082,65142,651650548,1815,0,0,0
91.7182,65143,651660549,1834,0,0,0
91.7288,65144,651670549,1840,0,0,0
91.7381,65145,651680548,1904,0,0,0
91.7482,65146,651690548,1918,0,0,0
91.7581,65147,651700549,1961,0,0,0
91.7681,65148,651710548,1987,0,0,0
91.7782,65149,651720548,1963,0,0,0
91.7882,65150,651730548,1932,0,0,0
91.7983,65151,651740548,1904,0,0,0
91.8082,65152,651750549,1855,0,0,0
91.8182,65153,651760548,1843,0,0,0
91.8282,65154,651770548,1781,0,0,0
91.8382,65155,651780548,1759,0,0,0
91.8482,65156,651790548,1755,0,0,0
91.8582,65157,651800549,1771,0,0,0
91.8684,65158,651810548,1741,0,0,0
91.8784,65159,651820549,1779,0,0,0
91.8882,65160,651830548,1748,0,0,0
91.8981,65161,651840548,1839,0,0,0
91.9082,65162,651850548,1945,0,0,0
91.9182,65163,651860548,2224,0,0,0
91.9282,65164,651870548,2597,0,0,0
91.9381,65165,651880549,2173,0,0,0
91.9482,65166,651890549,1577,0,0,0
91.9582,65167,651900549,1410,0,0,0
91.9691,65168,651910549,1458,0,0,0
91.9782,65169,651920549,1627,0,0,0
91.9884,65170,651930549,1744,0,0,0
91.9983,65171,651940549,1776,0,0,0
92.0081,65172,651950549,1783,0,0,0
92.0182,65173,651960548,1817,0,0,0
92.0283,65174,651970548,1818,0,0,0
92.0381,65175,651980549,1840,0,0,0
92.0482,65176,651990549,1835,0,0,0
92.0582,65177,652000548,1844,0,0,0
92.0681,65178,652010548,1854,0,0,0
92.0783,65179,652020549,1862,0,0,0
92.0882,65180,652030548,1851,0,0,0
92.0982,65181,652040548,1879,0,0,0
92.1082,65182,652050548,1873,0,0,0
92.1181,65183,652060548,1889,0,0,0
92.1283,65184,652070548,1899,0,0,0
92.1383,65185,652080549,1917,0,0,0
92.1482,65186,652090548,1920,0,0,0
92.1581,65187,652100548,1933,0,0,0
92.1683,65188,652110548,1935,0,0,0
92.1781,65189,652120549,1947,0,0,0
92.1882,65190,652130549,1917,0,0,0
92.1985,65191,652140549,1959,0,0,0
92.2082,65192,652150548,1915,0,0,0
92.2197,65193,652160549,1923,0,0,0
92.2283,65194,652170548,1877,0,0,0
92.2381,65195,652180548,1855,0,0,0
92.2482,65196,652190548,1829,0,0,0
92.2582,65197,652200548,1823,0,0,0
92.2681,65198,652210548,1791,0,0,0
92.2784,65199,652220548,1794,0,0,0
92.2883,65200,652230548,1773,0,0,0
92.2983,65201,652240548,1808,0,0,0
92.3083,65202,652250548,1793,0,0,0
92.3183,65203,652260549,1787,0,0,0
92.3283,65204,652270548,1790,0,0,0
92.3381,65205,652280549,1815,0,0,0
92.3484,65206,652290548,1794,0,0,0
92.3581,65207,652300548,1811,0,0,0
92.3681,65208,652310548,1809,0,0,0
92.3784,65209,652320548,1824,0,0,0
92.3881,65210,652330548,1817,0,0,0
92.3981,65211,652340548,1833,0,0,0
92.4084,65212,652350548,1808,0,0,0
92.4183,65213,652360548,1830,0,0,0
92.4284,65214,652370548,1811,0,0,0
92.4382,65215,652380549,1830,0,0,0
92.4483,65216,652390549,1808,0,0,0
92.4582,65217,652400548,1826,0,0,0
92.4705,65218,652410548,1815,0,0,0
92.4788,65219,652420548,1823,0,0,0
92.4882,65220,652430548,1822,0,0,0
92.4987,65221,652440549,1825,0,0,0
92.5084,65222,652450548,1806,0,0,0
92.5186,65223,652460549,1838,0,0,0
92.5284,65224,652470549,1840,0,0,0
92.5383,65225,652480549,1921,0,0,0
92.5482,65226,652490548,1917,0,0,0
92.5581,65227,652500548,1973,0,0,0
92.5682,65228,652510548,1953,0,0,0
92.5782,65229,652520549,1943,0,0,0
92.5883,65230,652530549,1902,0,0,0
92.5982,65231,652540549,1869,0,0,0
92.6081,65232,652550549,1823,0,0,0
92.6182,65233,652560549,1795,0,0,0
92.6281,65234,652570549,1744,0,0,0
92.6382,65235,652580548,1755,0,0,0
92.6484,65236,652590548,1730,0,0,0
92.6581,65237,652600548,1744,0,0,0
92.6682,65238,652610548,1730,0,0,0
92.6785,65239,652620548,1749,0,0,0
92.6882,65240,652630548,1750,0,0,0
92.6982,65241,652640548,1904,0,0,0
92.7081,65242,652650549,2014,0,0,0
92.7182,65243,652660548,2559,0,0,0
92.7292,65244,652670548,2302,0,0,0
92.7382,65245,652680548,1727,0,0,0
92.7482,65246,652690549,1391,0,0,0
92.7582,65247,652700548,1419,0,0,0
92.7683,65248,652710548,1535,0,0,0
92.7782,65249,652720548,1710,0,0,0
92.7882,65250,652730548,1742,0,0,0
92.7982,65251,652740548,1776,0,0,0
92.8083,65252,652750548,1782,0,0,0
92.8181,65253,652760548,1815,0,0,0
92.8283,65254,652770548,1808,0,0,0
92.8381,65255,652780548,1840,0,0,0
92.8483,65256,652790548,1823,0,0,0
92.8583,65257,652800548,1851,0,0,0
92.8682,65258,652810548,1842,0,0,0
92.8784,65259,652820548,1871,0,0,0
92.8882,65260,652830548,1857,0,0,0
92.8982,65261,652840549,1879,0,0,0
92.9083,65262,652850548,1877,0,0,0
92.9183,65263,652860548,1907,0,0,0
92.9281,65264,652870549,1904,0,0,0
92.9382,65265,652880548,1937,0,0,0
92.9483,65266,652890548,1935,0,0,0
92.9581,65267,652900549,1963,0,0,0
92.9682,65268,652910548,1952,0,0,0
92.9783,65269,652920549,1965,0,0,0
92.9883,65270,652930549,1943,0,0,0
92.9982,65271,652940548,1954,0,0,0
93.0082,65272,652950548,1904,0,0,0
93.0181,65273,652960548,1903,0,0,0
93.0282,65274,652970548,1851,0,0,0
93.0382,65275,652980548,1838,0,0,0
93.0483,65276,652990548,1795,0,0,0
93.0584,65277,653000548,1796,0,0,0
93.0682,65278,653010548,1773,0,0,0
93.0781,65279,653020549,1783,0,0,0
93.0883,65280,653030549,1767,0,0,0
93.0982,65281,653040548,1782,0,0,0
93.1082,65282,653050548,1770,0,0,0
93.1181,65283,653060549,1798,0,0,0
93.1282,65284,653070549,1778,0,0,0
93.1382,65285,653080548,1802,0,0,0
93.1482,65286,653090548,1787,0,0,0
93.1581,65287,653100548,1805,0,0,0
93.1683,65288,653110548,1795,0,0,0
93.1784,65289,653120548,1813,0,0,0
93.1882,65290,653130548,1806,0,0,0
93.1983,65291,653140548,1826,0,0,0
93.2082,65292,653150548,1798,0,0,0
93.2181,65293,653160549,1814,0,0,0
93.2284,65294,653170548,1805,0,0,0
93.2403,65295,653180549,1823,0,0,0
93.2485,65296,653190548,1793,0,0,0
93.2581,65297,653200548,1804,0,0,0
93.2682,65298,653210548,1783,0,0,0
93.2783,65299,653220548,1806,0,0,0
93.2881,65300,653230548,1788,0,0,0
93.2982,65301,653240548,1795,0,0,0
93.3083,65302,653250548,1777,0,0,0
93.3181,65303,653260548,1807,0,0,0
93.3282,65304,653270548,1787,0,0,0
93.3383,65305,653280549,1808,0,0,0
93.3482,65306,653290549,1829,0,0,0
93.3582,65307,653300549,1897,0,0,0
93.3684,65308,653310548,1895,0,0,0
93.3783,65309,653320549,1957,0,0,0
93.3881,65310,653330549,1905,0,0,0
93.3984,65311,653340548,1905,0,0,0
93.4082,65312,653350548,1871,0,0,0
93.4182,65313,653360549,1845,0,0,0
93.4284,65314,653370548,1807,0,0,0
93.4383,65315,653380548,1782,0,0,0
93.4482,65316,653390548,1747,0,0,0
93.4582,65317,653400548,1764,0,0,0
93.4682,65318,653410548,1744,0,0,0
93.4792,65319,653420549,1762,0,0,0
93.4890,65320,653430548,1745,0,0,0
93.4986,65321,653440548,1755,0,0,0
93.5085,65322,653450548,1793,0,0,0
93.5184,65323,653460549,1915,0,0,0
93.5285,65324,653470549,2102,0,0,0
93.5381,65325,653480548,2654,0,0,0
93.5482,65326,653490548,2279,0,0,0
93.5581,65327,653500548,1627,0,0,0
93.5682,65328,653510548,1408,0,0,0
93.5781,65329,653520548,1472,0,0,0
93.5881,65330,653530548,1591,0,0,0
93.5982,65331,653540549,1751,0,0,0
93.6081,65332,653550548,1755,0,0,0
93.6181,65333,653560548,1787,0,0,0
93.6283,65334,653570548,1792,0,0,0
93.6381,65335,653580549,1822,0,0,0
93.6483,65336,653590549,1817,0,0,0
93.6581,65337,653600549,1835,0,0,0
93.6682,65338,653610548,1831,0,0,0
93.6781,65339,653620548,1858,0,0,0
93.6883,65340,653630548,1847,0,0,0
93.6984,65341,653640548,1872,0,0,0
93.7082,65342,653650548,1861,0,0,0
93.7183,65343,653660548,1897,0,0,0
93.7283,65344,653670548,1890,0,0,0
93.7381,65345,653680548,1911,0,0,0
93.7482,65346,653690548,1917,0,0,0
93.7581,65347,653700548,1942,0,0,0
93.7682,65348,653710549,1962,0,0,0
93.7782,65349,653720548,1981,0,0,0
93.7882,65350,653730548,1968,0,0,0
93.7983,65351,653740549,1974,0,0,0
93.8081,65352,653750548,1968,0,0,0
93.8182,65353,653760548,1968,0,0,0
93.8282,65354,653770549,1936,0,0,0
93.8381,65355,653780548,1909,0,0,0
93.8483,65356,653790548,1857,0,0,0
93.8582,65357,653800549,1839,0,0,0
93.8681,65358,653810549,1803,0,0,0
93.8783,65359,653820548,1799,0,0,0
93.8882,65360,653830548,1781,0,0,0
93.8983,65361,653840548,1804,0,0,0
93.9081,65362,653850548,1779,0,0,0
93.9182,65363,653860548,1790,0,0,0
93.9282,65364,653870549,1778,0,0,0
93.9382,65365,653880548,1798,0,0,0
93.9482,65366,653890548,1789,0,0,0
93.9581,65367,653900549,1807,0,0,0
93.9681,65368,653910549,1791,0,0,0
93.9809,65369,653920548,1809,0,0,0
93.9883,65370,653930548,1808,0,0,0
93.9982,65371,653940549,1824,0,0,0
94.0082,65372,653950548,1813,0,0,0
94.0182,65373,653960548,1840,0,0,0
94.0283,65374,653970548,1820,0,0,0
94.0381,65375,653980548,1824,0,0,0
94.0481,65376,653990548,1813,0,0,0
94.0582,65377,654000548,1828,0,0,0
94.0682,65378,654010548,1819,0,0,0
94.0781,65379,654020548,1825,0,0,0
94.0881,65380,654030548,1815,0,0,0
94.0981,65381,654040549,1830,0,0,0
94.1080,65382,654050548,1818,0,0,0
94.1184,65383,654060549,1838,0,0,0
94.1282,65384,654070548,1809,0,0,0
94.1381,65385,654080548,1832,0,0,0
94.1482,65386,654090548,1814,0,0,0
94.1581,65387,654100548,1826,0,0,0
94.1682,65388,654110548,1824,0,0,0
94.1784,65389,654120549,1841,0,0,0
94.1881,65390,654130548,1884,0,0,0
94.1981,65391,654140548,1901,0,0,0
94.2081,65392,654150548,1943,0,0,0
94.2181,65393,654160548,2000,0,0,0
94.2286,65394,654170548,1939,0,0,0
94.2384,65395,654180548,1936,0,0,0
94.2482,65396,654190548,1891,0,0,0
94.2581,65397,654200548,1865,0,0,0
94.2682,65398,654210548,1826,0,0,0
94.2782,65399,654220548,1803,0,0,0
94.2881,65400,654230548,1787,0,0,0
94.2984,65401,654240548,1787,0,0,0
94.3083,65402,654250549,1764,0,0,0
94.3182,65403,654260548,1784,0,0,0
94.3283,65404,654270548,1788,0,0,0
94.3382,65405,654280549,1799,0,0,0
94.3481,65406,654290549,1872,0,0,0
94.3582,65407,654300548,1947,0,0,0
94.3682,65408,654310548,2352,0,0,0
94.3782,65409,654320549,2722,0,0,0
94.3882,65410,654330548,2153,0,0,0
94.3981,65411,654340549,1578,0,0,0
94.4082,65412,654350548,1466,0,0,0
94.4183,65413,654360549,1535,0,0,0
94.4282,65414,654370549,1686,0,0,0
94.4381,65415,654380548,1781,0,0,0
94.4483,65416,654390548,1796,0,0,0
94.4581,65417,654400548,1822,0,0,0
94.4701,65418,654410548,1809,0,0,0
94.4784,65419,654420549,1846,0,0,0
94.4884,65420,654430548,1849,0,0,0
94.4982,65421,654440548,1857,0,0,0
94.5084,65422,654450548,1858,0,0,0
94.5184,65423,654460549,1872,0,0,0
94.5281,65424,654470548,1866,0,0,0
94.5384,65425,654480549,1888,0,0,0
94.5482,65426,654490548,1889,0,0,0
94.5584,65427,654500548,1911,0,0,0
94.5683,65428,654510548,1904,0,0,0
94.5781,65429,654520549,1930,0,0,0
94.5882,65430,654530549,1936,0,0,0
94.5983,65431,654540548,1963,0,0,0
94.6082,65432,654550548,1967,0,0,0
94.6182,65433,654560548,1995,0,0,0
94.6283,65434,654570548,1984,0,0,0
94.6381,65435,654580548,2005,0,0,0
94.6482,65436,654590548,1984,0,0,0
94.6584,65437,654600548,1982,0,0,0
94.6682,65438,654610548,1943,0,0,0
94.6782,65439,654620548,1925,0,0,0
94.6882,65440,654630548,1872,0,0,0
94.6983,65441,654640549,1852,0,0,0
94.7082,65442,654650548,1834,0,0,0
94.7183,65443,654660549,1819,0,0,0
94.7282,65444,654670548,1813,0,0,0
94.7381,65445,654680548,1823,0,0,0
94.7483,65446,654690548,1797,0,0,0
94.7580,65447,654700548,1817,0,0,0
94.7682,65448,654710548,1810,0,0,0
94.7782,65449,654720548,1825,0,0,0
94.7882,65450,654730548,1818,0,0,0
94.7982,65451,654740548,1840,0,0,0
94.8085,65452,654750548,1825,0,0,0
94.8182,65453,654760549,1842,0,0,0
94.8281,65454,654770549,1847,0,0,0
94.8382,65455,654780549,1863,0,0,0
94.8482,65456,654790549,1843,0,0,0
94.8583,65457,654800548,1858,0,0,0
94.8683,65458,654810548,1856,0,0,0
94.8781,65459,654820548,1858,0,0,0
94.8881,65460,654830548,1846,0,0,0
94.8984,65461,654840548,1858,0,0,0
94.9081,65462,654850548,1845,0,0,0
94.9182,65463,654860548,1851,0,0,0
94.9284,65464,654870548,1840,0,0,0
94.9382,65465,654880548,1847,0,0,0
94.9481,65466,654890548,1831,0,0,0
94.9582,65467,654900548,1831,0,0,0
94.9721,65468,654910548,1841,0,0,0
94.9788,65469,654920549,1841,0,0,0
94.9881,65470,654930549,1854,0,0,0
94.9983,65471,654940548,1904,0,0,0
95.0081,65472,654950548,1921,0,0,0
95.0183,65473,654960548,1968,0,0,0
95.0284,65474,654970548,2005,0,0,0
95.0381,65475,654980548,1949,0,0,0
95.0481,65476,654990548,1950,0,0,0
95.0581,65477,655000548,1904,0,0,0
95.0682,65478,655010549,1862,0,0,0
95.0781,65479,655020548,1840,0,0,0
95.0882,65480,655030548,1807,0,0,0
95.0981,65481,655040548,1790,0,0,0
95.1081,65482,655050548,1788,0,0,0
95.1182,65483,655060548,1781,0,0,0
95.1284,65484,655070549,1776,0,0,0
95.1381,65485,655080548,1777,0,0,0
95.1482,65486,655090548,1799,0,0,0
95.1583,65487,655100548,1894,0,0,0
95.1680,65488,655110548,1965,0,0,0
95.1781,65489,655120548,2467,0,0,0
95.1883,65490,655130548,2610,0,0,0
95.1984,65491,655140548,2086,0,0,0
95.2081,65492,655150548,1577,0,0,0
95.2235,65493,655160549,1461,0,0,0
95.2284,65494,655170549,1568,0,0,0
95.2381,65495,655180548,1705,0,0,0
95.2482,65496,655190548,1783,0,0,0
95.2582,65497,655200548,1825,0,0,0
95.2682,65498,655210548,1828,0,0,0
95.2782,65499,655220548,1836,0,0,0
95.2881,65500,655230548,1860,0,0,0
95.2982,65501,655240548,1862,0,0,0
95.3083,65502,655250548,1861,0,0,0
95.3182,65503,655260549,1875,0,0,0
95.3284,65504,655270548,1878,0,0,0
95.3382,65505,655280548,1890,0,0,0
95.3483,65506,655290548,1888,0,0,0
95.3581,65507,655300548,1905,0,0,0
95.3684,65508,655310548,1909,0,0,0
95.3782,65509,655320549,1922,0,0,0
95.3883,65510,655330548,1935,0,0,0
95.3982,65511,655340548,1937,0,0,0
95.4082,65512,655350548,1948,0,0,0
95.4184,65513,655360549,1955,0,0,0
95.4281,65514,655370549,1958,0,0,0
95.4383,65515,655380548,1968,0,0,0
95.4483,65516,655390549,1958,0,0,0
95.4581,65517,655400548,1959,0,0,0
95.4688,65518,655410549,1962,0,0,0
95.4780,65519,655420548,1936,0,0,0
95.4881,65520,655430549,1899,0,0,0
95.4983,65521,655440548,1879,0,0,0
95.5083,65522,655450548,1854,0,0,0
95.5185,65523,655460549,1847,0,0,0
95.5281,65524,655470548,1819,0,0,0
95.5383,65525,655480549,1827,0,0,0
95.5481,65526,655490548,1809,0,0,0
95.5581,65527,655500548,1831,0,0,0
95.5682,65528,655510548,1818,0,0,0
95.5784,65529,655520549,1839,0,0,0
95.5883,65530,655530548,1829,0,0,0
95.5982,65531,655540548,1840,0,0,0
95.6081,65532,655550548,1837,0,0,0
95.6182,65533,655560549,1842,0,0,0
95.6282,65534,655570548,1835,0,0,0
95.6381,65535,655580549,1857,0,0,0
95.6483,65536,655590548,1830,0,0,0
95.6581,65537,655600549,1849,0,0,0
95.6683,65538,655610549,1840,0,0,0
95.6781,65539,655620549,1837,0,0,0
95.6882,65540,655630548,1843,0,0,0
95.6984,65541,655640548,1834,0,0,0
95.7082,65542,655650548,1846,0,0,0
95.7182,65543,655660548,1829,0,0,0
95.7295,65544,655670548,1820,0,0,0
95.7383,65545,655680549,1834,0,0,0
95.7481,65546,655690548,1832,0,0,0
95.7582,65547,655700549,1814,0,0,0
95.7682,65548,655710549,1809,0,0,0
95.7783,65549,655720548,1841,0,0,0
95.7883,65550,655730548,1892,0,0,0
95.7984,65551,655740549,1917,0,0,0
95.8083,65552,655750548,1950,0,0,0
95.8181,65553,655760549,2006,0,0,0
95.8283,65554,655770548,1963,0,0,0
95.8383,65555,655780548,1945,0,0,0
95.8483,65556,655790549,1893,0,0,0
95.8581,65557,655800549,1861,0,0,0
95.8684,65558,655810548,1838,0,0,0
95.8783,65559,655820548,1789,0,0,0
95.8882,65560,655830548,1763,0,0,0
95.8983,65561,655840549,1753,0,0,0
95.9081,65562,655850548,1759,0,0,0
95.9182,65563,655860549,1760,0,0,0
95.9282,65564,655870548,1761,0,0,0
95.9382,65565,655880548,1758,0,0,0
95.9481,65566,655890548,1835,0,0,0
95.9582,65567,655900548,1935,0,0,0
95.9681,65568,655910548,2234,0,0,0
95.9791,65569,655920549,2615,0,0,0
95.9881,65570,655930549,2146,0,0,0
95.9983,65571,655940548,1607,0,0,0
96.0082,65572,655950548,1417,0,0,0
96.0181,65573,655960548,1483,0,0,0
96.0281,65574,655970548,1613,0,0,0
96.0382,65575,655980548,1753,0,0,0
96.0483,65576,655990548,1779,0,0,0
96.0582,65577,656000549,1791,0,0,0
96.0684,65578,656010548,1823,0,0,0
96.0783,65579,656020548,1830,0,0,0
96.0882,65580,656030549,1827,0,0,0
96.0984,65581,656040548,1839,0,0,0
96.1081,65582,656050548,1856,0,0,0
96.1181,65583,656060549,1855,0,0,0
96.1284,65584,656070549,1856,0,0,0
96.1381,65585,656080549,1871,0,0,0
96.1481,65586,656090549,1871,0,0,0
96.1582,65587,656100548,1882,0,0,0
96.1683,65588,656110548,1877,0,0,0
96.1783,65589,656120548,1905,0,0,0
96.1883,65590,656130549,1914,0,0,0
96.1983,65591,656140548,1931,0,0,0
96.2083,65592,656150548,1936,0,0,0
96.2184,65593,656160549,1929,0,0,0
96.2310,65594,656170548,1936,0,0,0
96.2385,65595,656180549,1930,0,0,0
96.2482,65596,656190548,1936,0,0,0
96.2582,65597,656200548,1923,0,0,0
96.2683,65598,656210548,1907,0,0,0
96.2782,65599,656220549,1886,0,0,0
96.2883,65600,656230548,1854,0,0,0
96.2981,65601,656240549,1824,0,0,0
96.3084,65602,656250548,1808,0,0,0
96.3181,65603,656260549,1808,0,0,0
96.3284,65604,656270548,1806,0,0,0
96.3382,65605,656280549,1791,0,0,0
96.3481,65606,656290548,1793,0,0,0
96.3581,65607,656300548,1790,0,0,0
96.3681,65608,656310548,1814,0,0,0
96.3782,65609,656320549,1810,0,0,0
96.3882,65610,656330549,1808,0,0,0
96.3982,65611,656340548,1815,0,0,0
96.4081,65612,656350548,1827,0,0,0
96.4181,65613,656360548,1820,0,0,0
96.4281,65614,656370548,1809,0,0,0
96.4382,65615,656380548,1840,0,0,0
96.4480,65616,656390548,1825,0,0,0
96.4581,65617,656400548,1831,0,0,0
96.4681,65618,656410548,1822,0,0,0
96.4780,65619,656420548,1819,0,0,0
96.4882,65620,656430548,1809,0,0,0
96.4986,65621,656440549,1821,0,0,0
96.5084,65622,656450548,1813,0,0,0
96.5184,65623,656460549,1805,0,0,0
96.5284,65624,656470548,1808,0,0,0
96.5381,65625,656480548,1802,0,0,0
96.5483,65626,656490548,1803,0,0,0
96.5581,65627,656500549,1818,0,0,0
96.5682,65628,656510548,1810,0,0,0
96.5781,65629,656520549,1823,0,0,0
96.5882,65630,656530548,1862,0,0,0
96.5981,65631,656540549,1907,0,0,0
96.6081,65632,656550549,1934,0,0,0
96.6180,65633,656560548,1985,0,0,0
96.6281,65634,656570548,1958,0,0,0
96.6382,65635,656580548,1923,0,0,0
96.6481,65636,656590548,1904,0,0,0
96.6581,65637,656600548,1856,0,0,0
96.6683,65638,656610548,1825,0,0,0
96.6782,65639,656620549,1776,0,0,0
96.6882,65640,656630548,1763,0,0,0
96.6982,65641,656640548,1758,0,0,0
96.7082,65642,656650548,1757,0,0,0
96.7181,65643,656660549,1743,0,0,0
96.7282,65644,656670548,1763,0,0,0
96.7383,65645,656680548,1759,0,0,0
96.7482,65646,656690548,1808,0,0,0
96.7583,65647,656700549,1919,0,0,0
96.7683,65648,656710548,2150,0,0,0
96.7783,65649,656720549,2628,0,0,0
96.7881,65650,656730549,2208,0,0,0
96.7982,65651,656740549,1611,0,0,0
96.8081,65652,656750549,1394,0,0,0
96.8182,65653,656760548,1456,0,0,0
96.8284,65654,656770548,1600,0,0,0
96.8380,65655,656780548,1744,0,0,0
96.8482,65656,656790548,1775,0,0,0
96.8581,65657,656800549,1778,0,0,0
96.8682,65658,656810548,1806,0,0,0
96.8780,65659,656820548,1819,0,0,0
96.8883,65660,656830548,1835,0,0,0
96.8982,65661,656840548,1834,0,0,0
96.9080,65662,656850548,1842,0,0,0
96.9182,65663,656860549,1850,0,0,0
96.9284,65664,656870548,1857,0,0,0
96.9380,65665,656880548,1863,0,0,0
96.9482,65666,656890548,1881,0,0,0
96.9583,65667,656900548,1872,0,0,0
96.9681,65668,656910548,1885,0,0,0
96.9782,65669,656920549,1904,0,0,0
96.9881,65670,656930548,1919,0,0,0
96.9981,65671,656940549,1923,0,0,0
97.0081,65672,656950548,1940,0,0,0
97.0182,65673,656960549,1951,0,0,0
97.0282,65674,656970549,1958,0,0,0
97.0380,65675,656980548,1956,0,0,0
97.0482,65676,656990548,1939,0,0,0
97.0581,65677,657000548,1934,0,0,0
97.0682,65678,657010548,1923,0,0,0
97.0782,65679,657020548,1872,0,0,0
97.0883,65680,657030548,1847,0,0,0
97.0980,65681,657040549,1805,0,0,0
97.1081,65682,657050548,1803,0,0,0
97.1183,65683,657060548,1778,0,0,0
97.1282,65684,657070548,1787,0,0,0
97.1382,65685,657080548,1775,0,0,0
97.1482,65686,657090548,1771,0,0,0
97.1581,65687,657100549,1774,0,0,0
97.1680,65688,657110549,1776,0,0,0
97.1782,65689,657120549,1777,0,0,0
97.1882,65690,657130548,1787,0,0,0
97.1983,65691,657140548,1794,0,0,0
97.2083,65692,657150548,1802,0,0,0
97.2194,65693,657160549,1803,0,0,0
97.2287,65694,657170548,1801,0,0,0
97.2382,65695,657180548,1792,0,0,0
97.2482,65696,657190548,1808,0,0,0
97.2581,65697,657200549,1793,0,0,0
97.2684,65698,657210548,1802,0,0,0
97.2782,65699,657220548,1807,0,0,0
97.2882,65700,657230548,1800,0,0,0
97.2982,65701,657240548,1805,0,0,0
97.3081,65702,657250548,1812,0,0,0
97.3182,65703,657260548,1789,0,0,0
97.3282,65704,657270548,1794,0,0,0
97.3381,65705,657280549,1786,0,0,0
97.3481,65706,657290548,1801,0,0,0
97.3582,65707,657300548,1804,0,0,0
97.3682,65708,657310548,1805,0,0,0
97.3784,65709,657320548,1791,0,0,0
97.3881,65710,657330549,1806,0,0,0
97.3982,65711,657340548,1808,0,0,0
97.4080,65712,657350548,1840,0,0,0
97.4182,65713,657360549,1885,0,0,0
97.4282,65714,657370549,1915,0,0,0
97.4382,65715,657380548,1943,0,0,0
97.4483,65716,657390549,1939,0,0,0
97.4582,65717,657400548,1900,0,0,0
97.4681,65718,657410548,1897,0,0,0
97.4791,65719,657420549,1832,0,0,0
97.4881,65720,657430548,1809,0,0,0
97.4983,65721,657440549,1766,0,0,0
97.5082,65722,657450549,1748,0,0,0
97.5183,65723,657460548,1734,0,0,0
97.5285,65724,657470548,1744,0,0,0
97.5382,65725,657480549,1724,0,0,0
97.5482,65726,657490548,1743,0,0,0
97.5581,65727,657500549,1740,0,0,0
97.5682,65728,657510548,1797,0,0,0
97.5782,65729,657520548,1894,0,0,0
97.5881,65730,657530548,2075,0,0,0
97.5982,65731,657540548,2627,0,0,0
97.6080,65732,657550549,2316,0,0,0
97.6181,65733,657560548,1657,0,0,0
97.6281,65734,657570548,1424,0,0,0
97.6381,65735,657580548,1453,0,0,0
97.6481,65736,657590548,1596,0,0,0
97.6581,65737,657600548,1728,0,0,0
97.6681,65738,657610548,1774,0,0,0
97.6782,65739,657620549,1774,0,0,0
97.6882,65740,657630548,1807,0,0,0
97.6981,65741,657640549,1807,0,0,0
97.7082,65742,657650548,1823,0,0,0
97.7182,65743,657660549,1830,0,0,0
97.7281,65744,657670548,1844,0,0,0
97.7380,65745,657680548,1841,0,0,0
97.7483,65746,657690548,1863,0,0,0
97.7580,65747,657700549,1860,0,0,0
97.7681,65748,657710548,1876,0,0,0
97.7781,65749,657720548,1875,0,0,0
97.7880,65750,657730548,1902,0,0,0
97.7981,65751,657740548,1904,0,0,0
97.8081,65752,657750548,1929,0,0,0
97.8180,65753,657760549,1926,0,0,0
97.8282,65754,657770548,1955,0,0,0
97.8381,65755,657780549,1955,0,0,0
97.8481,65756,657790548,1968,0,0,0
97.8583,65757,657800549,1963,0,0,0
97.8681,65758,657810548,1969,0,0,0
97.8781,65759,657820549,1941,0,0,0
97.8882,65760,657830548,1938,0,0,0
97.8982,65761,657840548,1907,0,0,0
97.9080,65762,657850548,1872,0,0,0
97.9181,65763,657860548,1833,0,0,0
97.9281,65764,657870548,1811,0,0,0
97.9382,65765,657880548,1791,0,0,0
97.9482,65766,657890548,1797,0,0,0
97.9583,65767,657900548,1796,0,0,0
97.9682,65768,657910548,1798,0,0,0
97.9797,65769,657920548,1791,0,0,0
97.9882,65770,657930548,1806,0,0,0
97.9984,65771,657940549,1794,0,0,0
98.0081,65772,657950548,1803,0,0,0
98.0182,65773,657960549,1807,0,0,0
98.0281,65774,657970548,1819,0,0,0
98.0381,65775,657980549,1810,0,0,0
98.0482,65776,657990548,1837,0,0,0
98.0581,65777,658000548,1822,0,0,0
98.0681,65778,658010549,1831,0,0,0
98.0781,65779,658020548,1837,0,0,0
98.0883,65780,658030548,1837,0,0,0
98.0982,65781,658040548,1823,0,0,0
98.1081,65782,658050548,1833,0,0,0
98.1183,65783,658060548,1815,0,0,0
98.1281,65784,658070549,1833,0,0,0
98.1381,65785,658080548,1824,0,0,0
98.1481,65786,658090548,1826,0,0,0
98.1581,65787,658100548,1810,0,0,0
98.1681,65788,658110548,1819,0,0,0
98.1783,65789,658120549,1811,0,0,0
98.1881,65790,658130548,1823,0,0,0
98.1982,65791,658140548,1808,0,0,0
98.2082,65792,658150549,1821,0,0,0
98.2181,65793,658160548,1818,0,0,0
98.2280,65794,658170548,1827,0,0,0
98.2381,65795,658180548,1825,0,0,0
98.2481,65796,658190548,1892,0,0,0
98.2581,65797,658200548,1925,0,0,0
98.2681,65798,658210548,1950,0,0,0
98.2783,65799,658220549,1981,0,0,0
98.2882,65800,658230548,1939,0,0,0
98.2983,65801,658240548,1937,0,0,0
98.3081,65802,658250548,1904,0,0,0
98.3180,65803,658260549,1860,0,0,0
98.3281,65804,658270548,1840,0,0,0
98.3381,65805,658280549,1798,0,0,0
98.3482,65806,658290548,1802,0,0,0
98.3582,65807,658300549,1777,0,0,0
98.3682,65808,658310548,1794,0,0,0
98.3781,65809,658320548,1785,0,0,0
98.3883,65810,658330548,1803,0,0,0
98.3981,65811,658340548,1783,0,0,0
98.4081,65812,658350548,1872,0,0,0
98.4182,65813,658360549,1921,0,0,0
98.4284,65814,658370548,2350,0,0,0
98.4383,65815,658380548,2683,0,0,0
98.4482,65816,658390548,2160,0,0,0
98.4580,65817,658400549,1584,0,0,0
98.4682,65818,658410549,1474,0,0,0
98.4782,65819,658420548,1527,0,0,0
98.4881,65820,658430548,1683,0,0,0
98.4983,65821,658440549,1783,0,0,0
98.5087,65822,658450548,1813,0,0,0
98.5181,65823,658460548,1815,0,0,0
98.5282,65824,658470548,1847,0,0,0
98.5384,65825,658480549,1847,0,0,0
98.5481,65826,658490548,1872,0,0,0
98.5581,65827,658500549,1870,0,0,0
98.5683,65828,658510548,1886,0,0,0
98.5781,65829,658520549,1882,0,0,0
98.5881,65830,658530548,1904,0,0,0
98.5981,65831,658540548,1887,0,0,0
98.6081,65832,658550548,1909,0,0,0
98.6182,65833,658560549,1907,0,0,0
98.6281,65834,658570548,1936,0,0,0
98.6381,65835,658580548,1930,0,0,0
98.6481,65836,658590548,1960,0,0,0
98.6581,65837,658600548,1968,0,0,0
98.6681,65838,658610548,1983,0,0,0
98.6783,65839,658620548,1984,0,0,0
98.6881,65840,658630549,2000,0,0,0
98.6981,65841,658640549,1984,0,0,0
98.7081,65842,658650548,1998,0,0,0
98.7183,65843,658660549,1977,0,0,0
98.7280,65844,658670548,1957,0,0,0
98.7382,65845,658680548,1921,0,0,0
98.7483,65846,658690548,1904,0,0,0
98.7581,65847,658700548,1865,0,0,0
98.7682,65848,658710548,1850,0,0,0
98.7781,65849,658720549,1813,0,0,0
98.7880,65850,658730548,1827,0,0,0
98.7982,65851,658740549,1819,0,0,0
98.8080,65852,658750548,1831,0,0,0
98.8182,65853,658760549,1823,0,0,0
98.8282,65854,658770549,1827,0,0,0
98.8382,65855,658780548,1815,0,0,0
98.8481,65856,658790548,1840,0,0,0
98.8580,65857,658800548,1828,0,0,0
98.8682,65858,658810548,1837,0,0,0
98.8784,65859,658820548,1840,0,0,0
98.8881,65860,658830548,1851,0,0,0
98.8982,65861,658840548,1840,0,0,0
98.9082,65862,658850548,1855,0,0,0
98.9181,65863,658860548,1834,0,0,0
98.9282,65864,658870548,1853,0,0,0
98.9382,65865,658880549,1835,0,0,0
98.9482,65866,658890548,1840,0,0,0
98.9581,65867,658900548,1831,0,0,0
98.9682,65868,658910548,1852,0,0,0
98.9782,65869,658920548,1819,0,0,0
98.9881,65870,658930548,1850,0,0,0
98.9982,65871,658940549,1821,0,0,0
99.0080,65872,658950548,1842,0,0,0
99.0182,65873,658960548,1824,0,0,0
99.0281,65874,658970548,1840,0,0,0
99.0382,65875,658980548,1827,0,0,0
99.0484,65876,658990548,1852,0,0,0
99.0580,65877,659000548,1898,0,0,0
99.0681,65878,659010548,1933,0,0,0
99.0782,65879,659020549,1936,0,0,0
99.0880,65880,659030548,1993,0,0,0
99.0981,65881,659040548,1953,0,0,0
99.1081,65882,659050548,1951,0,0,0
99.1180,65883,659060548,1879,0,0,0
99.1282,65884,659070548,1872,0,0,0
99.1382,65885,659080548,1820,0,0,0
99.1481,65886,659090548,1802,0,0,0
99.1581,65887,659100549,1765,0,0,0
99.1681,65888,659110548,1793,0,0,0
99.1780,65889,659120548,1771,0,0,0
99.1882,65890,659130549,1776,0,0,0
99.1981,65891,659140548,1790,0,0,0
99.2081,65892,659150549,1791,0,0,0
99.2181,65893,659160548,1845,0,0,0
99.2295,65894,659170548,1957,0,0,0
99.2381,65895,659180548,2353,0,0,0
99.2481,65896,659190548,2631,0,0,0
99.2581,65897,659200549,2103,0,0,0
99.2682,65898,659210548,1583,0,0,0
99.2783,65899,659220548,1438,0,0,0
99.2881,65900,659230548,1535,0,0,0
99.2982,65901,659240549,1663,0,0,0
99.3081,65902,659250548,1795,0,0,0
99.3182,65903,659260548,1787,0,0,0
99.3283,65904,659270548,1834,0,0,0
99.3381,65905,659280548,1816,0,0,0
99.3481,65906,659290548,1840,0,0,0
99.3581,65907,659300548,1831,0,0,0
99.3683,65908,659310548,1868,0,0,0
99.3782,65909,659320548,1852,0,0,0
99.3882,65910,659330548,1867,0,0,0
99.3983,65911,659340548,1843,0,0,0
99.4081,65912,659350548,1882,0,0,0
99.4181,65913,659360549,1858,0,0,0
99.4282,65914,659370548,1885,0,0,0
99.4380,65915,659380549,1899,0,0,0
99.4481,65916,659390548,1904,0,0,0
99.4582,65917,659400548,1907,0,0,0
99.4682,65918,659410548,1947,0,0,0
99.4784,65919,659420549,1927,0,0,0
99.4881,65920,659430548,1949,0,0,0
99.4982,65921,659440548,1933,0,0,0
99.5084,65922,659450548,1950,0,0,0
99.5183,65923,659460549,1919,0,0,0
99.5282,65924,659470548,1936,0,0,0
99.5382,65925,659480548,1893,0,0,0
99.5482,65926,659490548,1889,0,0,0
99.5580,65927,659500549,1857,0,0,0
99.5680,65928,659510549,1835,0,0,0
99.5782,65929,659520548,1802,0,0,0
99.5880,65930,659530548,1823,0,0,0
99.5981,65931,659540549,1802,0,0,0
99.6081,65932,659550548,1804,0,0,0
99.6181,65933,659560548,1783,0,0,0
99.6282,65934,659570548,1821,0,0,0
99.6381,65935,659580549,1789,0,0,0
99.6481,65936,659590548,1803,0,0,0
99.6582,65937,659600549,1808,0,0,0
99.6683,65938,659610548,1817,0,0,0
99.6780,65939,659620548,1810,0,0,0
99.6881,65940,659630548,1827,0,0,0
99.6985,65941,659640549,1805,0,0,0
99.7080,65942,659650548,1819,0,0,0
99.7184,65943,659660549,1834,0,0,0
99.7291,65944,659670549,1821,0,0,0
99.7381,65945,659680549,1811,0,0,0
99.7480,65946,659690548,1830,0,0,0
99.7581,65947,659700548,1809,0,0,0
99.7681,65948,659710548,1811,0,0,0
99.7781,65949,659720549,1810,0,0,0
99.7883,65950,659730549,1823,0,0,0
99.7981,65951,659740548,1803,0,0,0
99.8081,65952,659750548,1827,0,0,0
99.8182,65953,659760548,1809,0,0,0
99.8283,65954,659770549,1819,0,0,0
99.8381,65955,659780549,1801,0,0,0
99.8482,65956,659790549,1823,0,0,0
99.8582,65957,659800548,1837,0,0,0
99.8681,65958,659810548,1911,0,0,0
99.8782,65959,659820549,1913,0,0,0
99.8882,65960,659830549,1965,0,0,0
99.8981,65961,659840548,1968,0,0,0
99.9082,65962,659850548,1935,0,0,0
99.9182,65963,659860549,1915,0,0,0
99.9282,65964,659870548,1881,0,0,0
99.9380,65965,659880548,1822,0,0,0
99.9482,65966,659890548,1817,0,0,0
99.9581,65967,659900548,1761,0,0,0
99.9680,65968,659910548,1759,0,0,0
99.9781,65969,659920548,1748,0,0,0
99.9882,65970,659930548,1775,0,0,0
99.9982,65971,659940549,1754,0,0,0
100.0105,65972,659950548,1771,0,0,0
100.0180,65973,659960548,1770,0,0,0
100.0329,65974,659970548,1902,0,0,0
100.0423,65975,659980548,2000,0,0,0
100.0482,65976,659990549,2559,0,0,0
100.0639,65977,660000548,2416,0,0,0
100.0682,65978,660010548,1851,0,0,0
100.0782,65979,660020549,1451,0,0,0
100.0882,65980,660030549,1443,0,0,0
100.0980,65981,660040548,1531,0,0,0
100.1080,65982,660050548,1718,0,0,0
100.1181,65983,660060548,1773,0,0,0
100.1282,65984,660070548,1805,0,0,0
100.1380,65985,660080549,1811,0,0,0
100.1483,65986,660090548,1840,0,0,0
100.1581,65987,660100549,1829,0,0,0
100.1681,65988,660110548,1839,0,0,0
100.1781,65989,660120548,1847,0,0,0
100.1955,65990,660130548,1871,0,0,0
100.1980,65991,660140548,1845,0,0,0
100.2090,65992,660150549,1865,0,0,0
100.2223,65993,660160549,1867,0,0,0
100.2331,65994,660170548,1894,0,0,0
100.2381,65995,660180548,1879,0,0,0
100.2608,65996,660190548,1914,0,0,0
100.2612,65997,660200549,1906,0,0,0
100.2680,65998,660210548,1916,0,0,0
100.2780,65999,660220548,1936,0,0,0
100.2880,66000,660230548,1943,0,0,0
100.2983,66001,660240548,1943,0,0,0
100.3081,66002,660250549,1959,0,0,0
100.3191,66003,660260549,1936,0,0,0
100.3281,66004,660270548,1943,0,0,0
100.3381,66005,660280548,1905,0,0,0
100.3480,66006,660290548,1906,0,0,0
100.3581,66007,660300548,1872,0,0,0
100.3682,66008,660310548,1851,0,0,0
100.3781,66009,660320548,1813,0,0,0
100.3969,66010,660330548,1809,0,0,0
100.4030,66011,660340548,1794,0,0,0
100.4084,66012,660350548,1805,0,0,0
100.4182,66013,660360548,1803,0,0,0
100.4337,66014,660370549,1808,0,0,0
100.4380,66015,660380549,1806,0,0,0
100.4482,66016,660390549,1807,0,0,0
100.4580,66017,660400548,1789,0,0,0
100.4680,66018,660410548,1817,0,0,0
100.4816,66019,660420548,1808,0,0,0
100.4881,66020,660430548,1825,0,0,0
100.4982,66021,660440548,1808,0,0,0
100.5081,66022,660450548,1827,0,0,0
100.5182,66023,660460548,1808,0,0,0
100.5285,66024,660470548,1823,0,0,0
100.5384,66025,660480549,1802,0,0,0
100.5480,66026,660490548,1817,0,0,0
100.5581,66027,660500548,1811,0,0,0
100.5730,66028,660510548,1811,0,0,0
100.5780,66029,660520549,1798,0,0,0
100.5929,66030,660530549,1813,0,0,0
100.5999,66031,660540548,1803,0,0,0
100.6087,66032,660550548,1818,0,0,0
100.6233,66033,660560548,1794,0,0,0
100.6289,66034,660570548,1814,0,0,0
100.6381,66035,660580549,1795,0,0,0
100.6481,66036,660590549,1825,0,0,0
100.6582,66037,660600549,1814,0,0,0
100.6681,66038,660610548,1858,0,0,0
100.6790,66039,660620548,1882,0,0,0
100.6882,66040,660630548,1916,0,0,0
100.6980,66041,660640549,1943,0,0,0
100.7081,66042,660650548,2000,0,0,0
100.7180,66043,660660548,1911,0,0,0
100.7299,66044,660670549,1931,0,0,0
100.7380,66045,660680548,1859,0,0,0
100.7516,66046,660690548,1843,0,0,0
100.7581,66047,660700548,1792,0,0,0
100.7689,66048,660710548,1776,0,0,0
100.7821,66049,660720549,1759,0,0,0
100.7880,66050,660730549,1775,0,0,0
100.8010,66051,660740548,1739,0,0,0
100.8098,66052,660750548,1775,0,0,0
100.8180,66053,660760549,1760,0,0,0
100.8282,66054,660770548,1789,0,0,0
100.8380,66055,660780548,1898,0,0,0
100.8481,66056,660790548,2021,0,0,0
100.8582,66057,660800549,2549,0,0,0
100.8686,66058,660810549,2416,0,0,0
100.8781,66059,660820548,1822,0,0,0
100.8880,66060,660830548,1451,0,0,0
100.8980,66061,660840548,1429,0,0,0
100.9080,66062,660850548,1565,0,0,0
100.9182,66063,660860548,1701,0,0,0
100.9280,66064,660870549,1776,0,0,0
100.9381,66065,660880548,1785,0,0,0
100.9481,66066,660890548,1806,0,0,0
100.9580,66067,660900549,1808,0,0,0
100.9680,66068,660910548,1843,0,0,0
100.9795,66069,660920548,1829,0,0,0
100.9890,66070,660930548,1863,0,0,0
100.9980,66071,660940548,1843,0,0,0
101.0081,66072,660950548,1870,0,0,0
101.0180,66073,660960549,1849,0,0,0
101.0280,66074,660970548,1881,0,0,0
101.0382,66075,660980548,1875,0,0,0
101.0481,66076,660990548,1891,0,0,0
101.0580,66077,661000548,1895,0,0,0
101.0681,66078,661010548,1919,0,0,0
101.0781,66079,661020548,1914,0,0,0
101.0881,66080,661030548,1955,0,0,0
101.0981,66081,661040548,1942,0,0,0
101.1080,66082,661050548,1965,0,0,0
101.1180,66083,661060549,1957,0,0,0
101.1281,66084,661070548,1962,0,0,0
101.1380,66085,661080548,1942,0,0,0
101.1481,66086,661090548,1949,0,0,0
101.1583,66087,661100548,1894,0,0,0
101.1681,66088,661110549,1882,0,0,0
101.1782,66089,661120549,1840,0,0,0
101.1882,66090,661130548,1830,0,0,0
101.1980,66091,661140548,1794,0,0,0
101.2080,66092,661150548,1807,0,0,0
101.2180,66093,661160549,1795,0,0,0
101.2290,66094,661170549,1803,0,0,0
101.2381,66095,661180548,1781,0,0,0
101.2482,66096,661190548,1808,0,0,0
101.2581,66097,661200549,1789,0,0,0
101.2681,66098,661210548,1805,0,0,0
101.2783,66099,661220549,1795,0,0,0
101.2881,66100,661230549,1814,0,0,0
101.2981,66101,661240548,1807,0,0,0
101.3081,66102,661250548,1826,0,0,0
101.3180,66103,661260548,1811,0,0,0
101.3284,66104,661270548,1822,0,0,0
101.3383,66105,661280549,1806,0,0,0
101.3481,66106,661290548,1828,0,0,0
101.3582,66107,661300548,1817,0,0,0
101.3682,66108,661310548,1826,0,0,0
101.3781,66109,661320548,1808,0,0,0
101.3881,66110,661330548,1821,0,0,0
101.3982,66111,661340548,1804,0,0,0
101.4081,66112,661350548,1819,0,0,0
101.4181,66113,661360549,1798,0,0,0
101.4280,66114,661370548,1809,0,0,0
101.4380,66115,661380549,1793,0,0,0
101.4481,66116,661390548,1814,0,0,0
101.4580,66117,661400548,1802,0,0,0
101.4681,66118,661410548,1805,0,0,0
101.4781,66119,661420549,1793,0,0,0
101.4888,66120,661430549,1813,0,0,0
101.4982,66121,661440548,1836,0,0,0
101.5081,66122,661450548,1920,0,0,0
101.5184,66123,661460548,1910,0,0,0
101.5283,66124,661470548,1978,0,0,0
101.5381,66125,661480549,1919,0,0,0
101.5487,66126,661490548,1914,0,0,0
101.5582,66127,661500549,1879,0,0,0
101.5681,66128,661510549,1853,0,0,0
101.5781,66129,661520548,1810,0,0,0
101.5881,66130,661530548,1787,0,0,0
101.5980,66131,661540549,1743,0,0,0
101.6080,66132,661550549,1750,0,0,0
101.6181,66133,661560548,1732,0,0,0
101.6281,66134,661570548,1745,0,0,0
101.6380,66135,661580548,1735,0,0,0
101.6481,66136,661590548,1749,0,0,0
101.6581,66137,661600548,1792,0,0,0
101.6681,66138,661610548,1906,0,0,0
101.6782,66139,661620549,2125,0,0,0
101.6880,66140,661630549,2645,0,0,0
101.6982,66141,661640548,2210,0,0,0
101.7081,66142,661650549,1613,0,0,0
101.7187,66143,661660548,1406,0,0,0
101.7281,66144,661670548,1483,0,0,0
101.7380,66145,661680548,1591,0,0,0
101.7480,66146,661690549,1751,0,0,0
101.7580,66147,661700548,1755,0,0,0
101.7680,66148,661710548,1793,0,0,0
101.7781,66149,661720548,1784,0,0,0
101.7881,66150,661730549,1808,0,0,0
101.7981,66151,661740549,1808,0,0,0
101.8080,66152,661750549,1840,0,0,0
101.8180,66153,661760548,1827,0,0,0
101.8284,66154,661770548,1854,0,0,0
101.8381,66155,661780548,1846,0,0,0
101.8481,66156,661790548,1872,0,0,0
101.8582,66157,661800549,1856,0,0,0
101.8681,66158,661810549,1881,0,0,0
101.8780,66159,661820548,1873,0,0,0
101.8880,66160,661830548,1901,0,0,0
101.8980,66161,661840549,1890,0,0,0
101.9082,66162,661850548,1917,0,0,0
101.9181,66163,661860548,1930,0,0,0
101.9284,66164,661870548,1954,0,0,0
101.9381,66165,661880549,1933,0,0,0
101.9481,66166,661890548,1954,0,0,0
101.9580,66167,661900548,1938,0,0,0
101.9681,66168,661910548,1942,0,0,0
101.9793,66169,661920548,1893,0,0,0
101.9881,66170,661930548,1883,0,0,0
101.9982,66171,661940549,1849,0,0,0
102.0081,66172,661950548,1825,0,0,0
102.0180,66173,661960548,1790,0,0,0
102.0283,66174,661970548,1791,0,0,0
102.0380,66175,661980548,1771,0,0,0
102.0481,66176,661990549,1778,0,0,0
102.0585,66177,662000548,1761,0,0,0
102.0679,66178,662010548,1777,0,0,0
102.0780,66179,662020548,1776,0,0,0
102.0881,66180,662030548,1795,0,0,0
102.0980,66181,662040549,1776,0,0,0
102.1082,66182,662050549,1803,0,0,0
102.1181,66183,662060549,1788,0,0,0
102.1280,66184,662070549,1812,0,0,0
102.1379,66185,662080548,1795,0,0,0
102.1481,66186,662090548,1823,0,0,0
102.1583,66187,662100549,1808,0,0,0
102.1681,66188,662110549,1831,0,0,0
102.1781,66189,662120549,1820,0,0,0
102.1881,66190,662130549,1823,0,0,0
102.1981,66191,662140548,1815,0,0,0
102.2083,66192,662150548,1827,0,0,0
102.2180,66193,662160548,1811,0,0,0
102.2281,66194,662170549,1827,0,0,0
102.2384,66195,662180548,1808,0,0,0
102.2480,66196,662190549,1821,0,0,0
102.2581,66197,662200549,1812,0,0,0
102.2684,66198,662210548,1819,0,0,0
102.2784,66199,662220548,1796,0,0,0
102.2880,66200,662230548,1821,0,0,0
102.2985,66201,662240548,1808,0,0,0
102.3084,66202,662250548,1823,0,0,0
102.3181,66203,662260548,1804,0,0,0
102.3284,66204,662270548,1826,0,0,0
102.3380,66205,662280549,1841,0,0,0
102.3481,66206,662290549,1911,0,0,0
102.3580,66207,662300548,1923,0,0,0
102.3680,66208,662310548,1971,0,0,0
102.3782,66209,662320549,1958,0,0,0
102.3880,66210,662330548,1938,0,0,0
102.3980,66211,662340548,1912,0,0,0
102.4084,66212,662350548,1890,0,0,0
102.4181,66213,662360549,1847,0,0,0
102.4281,66214,662370548,1812,0,0,0
102.4380,66215,662380548,1787,0,0,0
102.4481,66216,662390548,1779,0,0,0
102.4583,66217,662400549,1771,0,0,0
102.4684,66218,662410549,1783,0,0,0
102.4782,66219,662420549,1763,0,0,0
102.4881,66220,662430548,1799,0,0,0
102.4983,66221,662440548,1812,0,0,0
102.5082,66222,662450548,1918,0,0,0
102.5181,66223,662460549,2043,0,0,0
102.5287,66224,662470548,2643,0,0,0
102.5381,66225,662480548,2413,0,0,0
102.5479,66226,662490548,1807,0,0,0
102.5583,66227,662500548,1485,0,0,0
102.5680,66228,662510548,1504,0,0,0
102.5782,66229,662520548,1591,0,0,0
102.5880,66230,662530548,1776,0,0,0
102.5981,66231,662540548,1797,0,0,0
102.6084,66232,662550549,1838,0,0,0
102.6182,66233,662560548,1820,0,0,0
102.6280,66234,662570549,1841,0,0,0
102.6380,66235,662580548,1859,0,0,0
102.6481,66236,662590548,1873,0,0,0
102.6580,66237,662600549,1857,0,0,0
102.6680,66238,662610548,1885,0,0,0
102.6782,66239,662620549,1872,0,0,0
102.6879,66240,662630549,1898,0,0,0
102.6980,66241,662640548,1895,0,0,0
102.7081,66242,662650549,1921,0,0,0
102.7180,66243,662660548,1914,0,0,0
102.7282,66244,662670549,1942,0,0,0
102.7381,66245,662680548,1927,0,0,0
102.7480,66246,662690548,1963,0,0,0
102.7580,66247,662700549,1967,0,0,0
102.7682,66248,662710548,1946,0,0,0
102.7780,66249,662720548,1978,0,0,0
102.7880,66250,662730548,1991,0,0,0
102.7981,66251,662740548,1971,0,0,0
102.8081,66252,662750548,1982,0,0,0
102.8180,66253,662760548,1957,0,0,0
102.8286,66254,662770548,1927,0,0,0
102.8380,66255,662780549,1889,0,0,0
102.8480,66256,662790549,1887,0,0,0
102.8581,66257,662800549,1827,0,0,0
102.8680,66258,662810549,1839,0,0,0
102.8781,66259,662820548,1806,0,0,0
102.8880,66260,662830548,1813,0,0,0
102.8980,66261,662840549,1808,0,0,0
102.9081,66262,662850549,1831,0,0,0
102.9180,66263,662860549,1791,0,0,0
102.9280,66264,662870548,1829,0,0,0
102.9380,66265,662880548,1811,0,0,0
102.9482,66266,662890548,1827,0,0,0
102.9580,66267,662900549,1829,0,0,0
102.9690,66268,662910548,1829,0,0,0
102.9793,66269,662920548,1818,0,0,0
102.9880,66270,662930548,1849,0,0,0
102.9980,66271,662940548,1828,0,0,0
103.0081,66272,662950548,1844,0,0,0
103.0179,66273,662960549,1833,0,0,0
103.0280,66274,662970549,1840,0,0,0
103.0381,66275,662980549,1829,0,0,0
103.0484,66276,662990549,1850,0,0,0
103.0580,66277,663000548,1818,0,0,0
103.0681,66278,663010548,1831,0,0,0
103.0782,66279,663020549,1827,0,0,0
103.0880,66280,663030548,1830,0,0,0
103.0981,66281,663040548,1839,0,0,0
103.1081,66282,663050548,1833,0,0,0
103.1180,66283,663060548,1805,0,0,0
103.1281,66284,663070548,1841,0,0,0
103.1380,66285,663080548,1833,0,0,0
103.1480,66286,663090548,1850,0,0,0
103.1581,66287,663100548,1885,0,0,0
103.1680,66288,663110548,1939,0,0,0
103.1783,66289,663120548,1935,0,0,0
103.1880,66290,663130548,1984,0,0,0
103.1980,66291,663140549,1954,0,0,0
103.2083,66292,663150548,1947,0,0,0
103.2180,66293,663160548,1898,0,0,0
103.2291,66294,663170548,1882,0,0,0
103.2381,66295,663180548,1830,0,0,0
103.2481,66296,663190549,1812,0,0,0
103.2581,66297,663200548,1776,0,0,0
103.2681,66298,663210548,1794,0,0,0
103.2780,66299,663220549,1770,0,0,0
103.2880,66300,663230548,1792,0,0,0
103.2982,66301,663240549,1787,0,0,0
103.3080,66302,663250549,1795,0,0,0
103.3181,66303,663260549,1830,0,0,0
103.3281,66304,663270548,1923,0,0,0
103.3380,66305,663280549,2199,0,0,0
103.3480,66306,663290548,2658,0,0,0
103.3581,66307,663300548,2195,0,0,0
103.3681,66308,663310548,1647,0,0,0
103.3781,66309,663320549,1434,0,0,0
103.3881,66310,663330548,1498,0,0,0
103.3980,66311,663340548,1629,0,0,0
103.4080,66312,663350548,1783,0,0,0
103.4181,66313,663360549,1797,0,0,0
103.4280,66314,663370549,1821,0,0,0
103.4381,66315,663380549,1821,0,0,0
103.4481,66316,663390549,1841,0,0,0
103.4581,66317,663400548,1838,0,0,0
103.4681,66318,663410548,1869,0,0,0
103.4815,66319,663420548,1855,0,0,0
103.4881,66320,663430548,1872,0,0,0
103.4985,66321,663440549,1870,0,0,0
103.5080,66322,663450548,1886,0,0,0
103.5181,66323,663460548,1873,0,0,0
103.5284,66324,663470548,1895,0,0,0
103.5381,66325,663480548,1902,0,0,0
103.5483,66326,663490549,1922,0,0,0
103.5581,66327,663500548,1901,0,0,0
103.5680,66328,663510548,1937,0,0,0
103.5781,66329,663520548,1936,0,0,0
103.5880,66330,663530548,1946,0,0,0
103.5980,66331,663540548,1943,0,0,0
103.6080,66332,663550548,1953,0,0,0
103.6180,66333,663560549,1939,0,0,0
103.6282,66334,663570548,1942,0,0,0
103.6380,66335,663580549,1921,0,0,0
103.6480,66336,663590548,1911,0,0,0
103.6580,66337,663600549,1871,0,0,0
103.6681,66338,663610549,1850,0,0,0
103.6783,66339,663620548,1823,0,0,0
103.6881,66340,663630548,1808,0,0,0
103.6981,66341,663640549,1794,0,0,0
103.7080,66342,663650548,1808,0,0,0
103.7180,66343,663660549,1791,0,0,0
103.7320,66344,663670549,1815,0,0,0
103.7380,66345,663680549,1816,0,0,0
103.7480,66346,663690548,1813,0,0,0
103.7582,66347,663700549,1822,0,0,0
103.7679,66348,663710549,1823,0,0,0
103.7781,66349,663720549,1815,0,0,0
103.7880,66350,663730549,1839,0,0,0
103.7980,66351,663740548,1819,0,0,0
103.8083,66352,663750548,1837,0,0,0
103.8180,66353,663760548,1824,0,0,0
103.8281,66354,663770548,1838,0,0,0
103.8380,66355,663780548,1825,0,0,0
103.8481,66356,663790548,1824,0,0,0
103.8580,66357,663800548,1815,0,0,0
103.8679,66358,663810548,1837,0,0,0
103.8782,66359,663820548,1820,0,0,0
103.8881,66360,663830548,1826,0,0,0
103.8981,66361,663840548,1821,0,0,0
103.9080,66362,663850548,1822,0,0,0
103.9181,66363,663860549,1808,0,0,0
103.9280,66364,663870548,1822,0,0,0
103.9381,66365,663880548,1811,0,0,0
103.9480,66366,663890548,1813,0,0,0
103.9581,66367,663900548,1827,0,0,0
103.9681,66368,663910549,1905,0,0,0
103.9781,66369,663920548,1917,0,0,0
103.9881,66370,663930548,1941,0,0,0
103.9981,66371,663940548,1968,0,0,0
104.0082,66372,663950548,1938,0,0,0
104.0180,66373,663960548,1911,0,0,0
104.0281,66374,663970548,1876,0,0,0
104.0381,66375,663980549,1840,0,0,0
104.0481,66376,663990549,1810,0,0,0
104.0581,66377,664000548,1776,0,0,0
104.0681,66378,664010548,1773,0,0,0
104.0780,66379,664020549,1759,0,0,0
104.0881,66380,664030548,1755,0,0,0
104.0981,66381,664040548,1756,0,0,0
104.1081,66382,664050549,1773,0,0,0
104.1181,66383,664060549,1760,0,0,0
104.1281,66384,664070548,1863,0,0,0
104.1382,66385,664080548,1945,0,0,0
104.1480,66386,664090548,2403,0,0,0
104.1581,66387,664100549,2553,0,0,0
104.1682,66388,664110549,2000,0,0,0
104.1783,66389,664120549,1493,0,0,0
104.1880,66390,664130549,1421,0,0,0
104.1982,66391,664140549,1489,0,0,0
104.2082,66392,664150548,1671,0,0,0
104.2181,66393,664160548,1761,0,0,0
104.2282,66394,664170549,1776,0,0,0
104.2381,66395,664180548,1781,0,0,0
104.2481,66396,664190549,1807,0,0,0
104.2582,66397,664200548,1817,0,0,0
104.2681,66398,664210548,1833,0,0,0
104.2782,66399,664220549,1831,0,0,0
104.2881,66400,664230548,1851,0,0,0
104.2981,66401,664240548,1841,0,0,0
104.3082,66402,664250548,1855,0,0,0
