pc_time_s,seq,t_us,ecg_adc,lo_plus,lo_minus,lead_off
0.0118,84544,845671546,2095,0,0,0
0.0198,84545,845681546,2111,0,0,0
0.0297,84546,845691546,2103,0,0,0
0.0394,84547,845701546,2108,0,0,0
0.0494,84548,845711546,2119,0,0,0
0.0597,84549,845721546,2129,0,0,0
0.0699,84550,845731546,2111,0,0,0
0.0814,84551,845741546,2106,0,0,0
0.0971,84552,845751546,2118,0,0,0
0.1001,84553,845761546,2127,0,0,0
0.1350,84554,845771546,2119,0,0,0
0.1360,84555,845781546,2126,0,0,0
0.1391,84556,845791546,2114,0,0,0
0.1411,84557,845801546,2118,0,0,0
0.1599,84558,845811546,2102,0,0,0
0.1608,84559,845821546,2101,0,0,0
0.1704,84560,845831546,2110,0,0,0
0.1823,84561,845841546,2121,0,0,0
0.2089,84562,845851546,2115,0,0,0
0.2098,84563,845861546,2118,0,0,0
0.2101,84564,845871546,2219,0,0,0
0.2230,84565,845881546,2358,0,0,0
0.2325,84566,845891546,2301,0,0,0
0.2424,84567,845901546,1938,0,0,0
0.2515,84568,845911546,1881,0,0,0
0.2607,84569,845921546,2066,0,0,0
0.2700,84570,845931546,2112,0,0,0
0.2868,84571,845941546,2123,0,0,0
0.2942,84572,845951546,2128,0,0,0
0.2998,84573,845961546,2136,0,0,0
0.3120,84574,845971546,2144,0,0,0
0.3262,84575,845981546,2151,0,0,0
0.3334,84576,845991546,2149,0,0,0
0.3452,84577,846001546,2141,0,0,0
0.3545,84578,846011546,2143,0,0,0
0.3634,84579,846021546,2154,0,0,0
0.3707,84580,846031546,2151,0,0,0
0.3797,84581,846041546,2150,0,0,0
0.3896,84582,846051546,2158,0,0,0
0.4083,84583,846061546,2166,0,0,0
0.4182,84584,846071546,2162,0,0,0
0.4275,84585,846081546,2160,0,0,0
0.4300,84586,846091546,2167,0,0,0
0.4649,84587,846101546,2183,0,0,0
0.4653,84588,846111546,2187,0,0,0
0.4781,84589,846121546,2187,0,0,0
0.4786,84590,846131546,2187,0,0,0
0.4801,84591,846141546,2176,0,0,0
0.5103,84592,846151546,2180,0,0,0
0.5157,84593,846161546,2161,0,0,0
0.5212,84594,846171546,2135,0,0,0
0.5222,84595,846181546,2129,0,0,0
0.5314,84596,846191546,2119,0,0,0
0.5480,84597,846201546,2105,0,0,0
0.5523,84598,846211546,2103,0,0,0
0.5627,84599,846221546,2095,0,0,0
0.5717,84600,846231546,2093,0,0,0
0.5794,84601,846241546,2100,0,0,0
0.5906,84602,846251546,2095,0,0,0
0.5997,84603,846261546,2095,0,0,0
0.6094,84604,846271546,2087,0,0,0
0.6209,84605,846281546,2101,0,0,0
0.6316,84606,846291546,2101,0,0,0
0.6396,84607,846301546,2107,0,0,0
0.6502,84608,846311546,2107,0,0,0
0.6598,84609,846321546,2112,0,0,0
0.6695,84610,846331546,2103,0,0,0
0.6794,84611,846341546,2114,0,0,0
0.6902,84612,846351546,2115,0,0,0
0.6998,84613,846361546,2115,0,0,0
0.7100,84614,846371546,2109,0,0,0
0.7207,84615,846381546,2113,0,0,0
0.7300,84616,846391546,2118,0,0,0
0.7398,84617,846401546,2116,0,0,0
0.7496,84618,846411546,2117,0,0,0
0.7598,84619,846421546,2119,0,0,0
0.7696,84620,846431546,2115,0,0,0
0.7797,84621,846441546,2121,0,0,0
0.8090,84622,846451546,2118,0,0,0
0.8097,84623,846461546,2121,0,0,0
0.8102,84624,846471546,2121,0,0,0
0.8303,84625,846481546,2119,0,0,0
0.8308,84626,846491546,2122,0,0,0
0.8395,84627,846501546,2117,0,0,0
0.8584,84628,846511546,2123,0,0,0
0.8632,84629,846521546,2127,0,0,0
0.8757,84630,846531546,2129,0,0,0
0.8820,84631,846541546,2131,0,0,0
0.8895,84632,846551546,2141,0,0,0
0.9074,84633,846561546,2145,0,0,0
0.9222,84634,846571546,2140,0,0,0
0.9225,84635,846581546,2133,0,0,0
0.9294,84636,846591546,2130,0,0,0
0.9396,84637,846601546,2126,0,0,0
0.9499,84638,846611546,2118,0,0,0
0.9594,84639,846621546,2117,0,0,0
0.9705,84640,846631546,2121,0,0,0
0.9876,84641,846641546,2128,0,0,0
0.9899,84642,846651546,2128,0,0,0
1.0005,84643,846661546,2125,0,0,0
1.0098,84644,846671546,2163,0,0,0
1.0198,84645,846681546,2299,0,0,0
1.0301,84646,846691546,2347,0,0,0
1.0409,84647,846701546,2111,0,0,0
1.0524,84648,846711546,1810,0,0,0
1.0598,84649,846721546,1979,0,0,0
1.0696,84650,846731546,2106,0,0,0
1.0795,84651,846741546,2110,0,0,0
1.0898,84652,846751546,2117,0,0,0
1.1010,84653,846761546,2123,0,0,0
1.1095,84654,846771546,2128,0,0,0
1.1206,84655,846781546,2129,0,0,0
1.1297,84656,846791546,2143,0,0,0
1.1401,84657,846801546,2160,0,0,0
1.1502,84658,846811546,2154,0,0,0
1.1596,84659,846821546,2151,0,0,0
1.1714,84660,846831546,2143,0,0,0
1.1818,84661,846841546,2149,0,0,0
1.1913,84662,846851546,2151,0,0,0
1.1996,84663,846861546,2139,0,0,0
1.2097,84664,846871546,2153,0,0,0
1.2246,84665,846881546,2154,0,0,0
1.2294,84666,846891546,2158,0,0,0
1.2396,84667,846901546,2171,0,0,0
1.2495,84668,846911546,2175,0,0,0
1.2613,84669,846921546,2167,0,0,0
1.2706,84670,846931546,2181,0,0,0
1.2804,84671,846941546,2174,0,0,0
1.2908,84672,846951546,2180,0,0,0
1.3042,84673,846961546,2178,0,0,0
1.3101,84674,846971546,2163,0,0,0
1.3246,84675,846981546,2144,0,0,0
1.3317,84676,846991546,2129,0,0,0
1.3906,84677,847001546,2116,0,0,0
1.3910,84678,847011546,2111,0,0,0
1.3915,84679,847021546,2096,0,0,0
1.3930,84680,847031546,2096,0,0,0
1.3937,84681,847041546,2093,0,0,0
1.3940,84682,847051546,2099,0,0,0
1.3995,84683,847061546,2094,0,0,0
1.4097,84684,847071546,2101,0,0,0
1.4205,84685,847081546,2106,0,0,0
1.4336,84686,847091546,2110,0,0,0
1.4402,84687,847101546,2111,0,0,0
1.4510,84688,847111546,2109,0,0,0
1.4605,84689,847121546,2113,0,0,0
1.4710,84690,847131546,2121,0,0,0
1.4803,84691,847141546,2125,0,0,0
1.4898,84692,847151546,2127,0,0,0
1.5026,84693,847161546,2128,0,0,0
1.5100,84694,847171546,2129,0,0,0
1.5199,84695,847181546,2128,0,0,0
1.5300,84696,847191546,2130,0,0,0
1.5395,84697,847201546,2128,0,0,0
1.5550,84698,847211546,2128,0,0,0
1.5599,84699,847221546,2126,0,0,0
1.5703,84700,847231546,2123,0,0,0
1.5803,84701,847241546,2117,0,0,0
1.5899,84702,847251546,2119,0,0,0
1.6064,84703,847261546,2119,0,0,0
1.6101,84704,847271546,2117,0,0,0
1.6200,84705,847281546,2113,0,0,0
1.6306,84706,847291546,2128,0,0,0
1.6401,84707,847301546,2119,0,0,0
1.6508,84708,847311546,2128,0,0,0
1.6600,84709,847321546,2118,0,0,0
1.6704,84710,847331546,2129,0,0,0
1.6795,84711,847341546,2128,0,0,0
1.6924,84712,847351546,2141,0,0,0
1.7005,84713,847361546,2141,0,0,0
1.7101,84714,847371546,2140,0,0,0
1.7233,84715,847381546,2128,0,0,0
1.7297,84716,847391546,2134,0,0,0
1.7398,84717,847401546,2123,0,0,0
1.7498,84718,847411546,2121,0,0,0
1.7594,84719,847421546,2112,0,0,0
1.7698,84720,847431546,2118,0,0,0
1.7801,84721,847441546,2121,0,0,0
1.7895,84722,847451546,2119,0,0,0
1.7998,84723,847461546,2118,0,0,0
1.8102,84724,847471546,2128,0,0,0
1.8194,84725,847481546,2163,0,0,0
1.8296,84726,847491546,2275,0,0,0
1.8394,84727,847501546,2336,0,0,0
1.8498,84728,847511546,2154,0,0,0
1.8598,84729,847521546,1855,0,0,0
1.8694,84730,847531546,1987,0,0,0
1.8796,84731,847541546,2112,0,0,0
1.8895,84732,847551546,2132,0,0,0
1.8998,84733,847561546,2141,0,0,0
1.9095,84734,847571546,2138,0,0,0
1.9223,84735,847581546,2143,0,0,0
1.9312,84736,847591546,2143,0,0,0
1.9399,84737,847601546,2145,0,0,0
1.9498,84738,847611546,2153,0,0,0
1.9595,84739,847621546,2154,0,0,0
1.9703,84740,847631546,2166,0,0,0
1.9796,84741,847641546,2155,0,0,0
1.9896,84742,847651546,2159,0,0,0
1.9997,84743,847661546,2151,0,0,0
2.0133,84744,847671546,2160,0,0,0
2.0195,84745,847681546,2161,0,0,0
2.0302,84746,847691546,2174,0,0,0
2.0396,84747,847701546,2162,0,0,0
2.0497,84748,847711546,2176,0,0,0
2.0597,84749,847721546,2180,0,0,0
2.0704,84750,847731546,2182,0,0,0
2.0811,84751,847741546,2190,0,0,0
2.0910,84752,847751546,2196,0,0,0
2.0997,84753,847761546,2191,0,0,0
2.1097,84754,847771546,2192,0,0,0
2.1213,84755,847781546,2177,0,0,0
2.1312,84756,847791546,2169,0,0,0
2.1397,84757,847801546,2153,0,0,0
2.1505,84758,847811546,2143,0,0,0
2.1599,84759,847821546,2128,0,0,0
2.1703,84760,847831546,2128,0,0,0
2.1806,84761,847841546,2128,0,0,0
2.1900,84762,847851546,2129,0,0,0
2.1998,84763,847861546,2128,0,0,0
2.2097,84764,847871546,2138,0,0,0
2.2199,84765,847881546,2128,0,0,0
2.2298,84766,847891546,2145,0,0,0
2.2398,84767,847901546,2142,0,0,0
2.2503,84768,847911546,2145,0,0,0
2.2601,84769,847921546,2153,0,0,0
2.2703,84770,847931546,2157,0,0,0
2.2807,84771,847941546,2154,0,0,0
2.2909,84772,847951546,2160,0,0,0
2.3001,84773,847961546,2158,0,0,0
2.3105,84774,847971546,2159,0,0,0
2.3194,84775,847981546,2156,0,0,0
2.3295,84776,847991546,2153,0,0,0
2.3405,84777,848001546,2147,0,0,0
2.3495,84778,848011546,2147,0,0,0
2.3595,84779,848021546,2152,0,0,0
2.3695,84780,848031546,2148,0,0,0
2.3795,84781,848041546,2142,0,0,0
2.3896,84782,848051546,2144,0,0,0
2.3994,84783,848061546,2131,0,0,0
2.4095,84784,848071546,2131,0,0,0
2.4197,84785,848081546,2128,0,0,0
2.4320,84786,848091546,2130,0,0,0
2.4399,84787,848101546,2126,0,0,0
2.4495,84788,848111546,2128,0,0,0
2.4596,84789,848121546,2125,0,0,0
2.4695,84790,848131546,2130,0,0,0
2.4796,84791,848141546,2119,0,0,0
2.4896,84792,848151546,2119,0,0,0
2.4998,84793,848161546,2111,0,0,0
2.5094,84794,848171546,2115,0,0,0
2.5198,84795,848181546,2109,0,0,0
2.5298,84796,848191546,2099,0,0,0
2.5400,84797,848201546,2095,0,0,0
2.5509,84798,848211546,2099,0,0,0
2.5597,84799,848221546,2096,0,0,0
2.5696,84800,848231546,2100,0,0,0
2.5804,84801,848241546,2096,0,0,0
2.5913,84802,848251546,2121,0,0,0
2.6010,84803,848261546,2210,0,0,0
2.6116,84804,848271546,2305,0,0,0
2.6197,84805,848281546,2234,0,0,0
2.6442,84806,848291546,1875,0,0,0
2.6461,84807,848301546,1836,0,0,0
2.6503,84808,848311546,2061,0,0,0
2.6676,84809,848321546,2096,0,0,0
2.6710,84810,848331546,2110,0,0,0
2.6806,84811,848341546,2108,0,0,0
2.6911,84812,848351546,2118,0,0,0
2.7019,84813,848361546,2123,0,0,0
2.7102,84814,848371546,2128,0,0,0
2.7206,84815,848381546,2126,0,0,0
2.7322,84816,848391546,2133,0,0,0
2.7415,84817,848401546,2128,0,0,0
2.7561,84818,848411546,2142,0,0,0
2.7625,84819,848421546,2129,0,0,0
2.7706,84820,848431546,2143,0,0,0
2.7810,84821,848441546,2139,0,0,0
2.7954,84822,848451546,2146,0,0,0
2.8000,84823,848461546,2149,0,0,0
2.8101,84824,848471546,2159,0,0,0
2.8205,84825,848481546,2162,0,0,0
2.8314,84826,848491546,2168,0,0,0
2.8419,84827,848501546,2175,0,0,0
2.8524,84828,848511546,2176,0,0,0
2.8823,84829,848521546,2180,0,0,0
2.8851,84830,848531546,2181,0,0,0
2.8869,84831,848541546,2166,0,0,0
2.8913,84832,848551546,2165,0,0,0
2.9009,84833,848561546,2138,0,0,0
2.9102,84834,848571546,2134,0,0,0
2.9201,84835,848581546,2111,0,0,0
2.9301,84836,848591546,2110,0,0,0
2.9409,84837,848601546,2095,0,0,0
2.9499,84838,848611546,2096,0,0,0
2.9600,84839,848621546,2085,0,0,0
2.9700,84840,848631546,2093,0,0,0
2.9799,84841,848641546,2087,0,0,0
2.9903,84842,848651546,2096,0,0,0
3.0010,84843,848661546,2099,0,0,0
3.0102,84844,848671546,2107,0,0,0
3.0201,84845,848681546,2101,0,0,0
3.0319,84846,848691546,2112,0,0,0
3.0416,84847,848701546,2112,0,0,0
3.0508,84848,848711546,2117,0,0,0
3.0604,84849,848721546,2116,0,0,0
3.0703,84850,848731546,2121,0,0,0
3.0797,84851,848741546,2119,0,0,0
3.0902,84852,848751546,2128,0,0,0
3.0998,84853,848761546,2115,0,0,0
3.1109,84854,848771546,2123,0,0,0
3.1211,84855,848781546,2126,0,0,0
3.1319,84856,848791546,2128,0,0,0
3.1416,84857,848801546,2115,0,0,0
3.1504,84858,848811546,2121,0,0,0
3.1606,84859,848821546,2118,0,0,0
3.1712,84860,848831546,2128,0,0,0
3.1813,84861,848841546,2118,0,0,0
3.1916,84862,848851546,2127,0,0,0
3.2015,84863,848861546,2126,0,0,0
3.2113,84864,848871546,2135,0,0,0
3.2197,84865,848881546,2129,0,0,0
3.2309,84866,848891546,2147,0,0,0
3.2476,84867,848901546,2135,0,0,0
3.2575,84868,848911546,2138,0,0,0
3.2603,84869,848921546,2132,0,0,0
3.2700,84870,848931546,2128,0,0,0
3.2803,84871,848941546,2125,0,0,0
3.2905,84872,848951546,2122,0,0,0
3.3002,84873,848961546,2125,0,0,0
3.3349,84874,848971546,2128,0,0,0
3.3364,84875,848981546,2125,0,0,0
3.3370,84876,848991546,2128,0,0,0
3.3408,84877,849001546,2139,0,0,0
3.3504,84878,849011546,2224,0,0,0
3.3601,84879,849021546,2342,0,0,0
3.3695,84880,849031546,2324,0,0,0
3.3799,84881,849041546,2000,0,0,0
3.3897,84882,849051546,1910,0,0,0
3.4013,84883,849061546,2089,0,0,0
3.4101,84884,849071546,2126,0,0,0
3.4221,84885,849081546,2131,0,0,0
3.4305,84886,849091546,2129,0,0,0
3.4408,84887,849101546,2135,0,0,0
3.4508,84888,849111546,2134,0,0,0
3.4617,84889,849121546,2135,0,0,0
3.4746,84890,849131546,2130,0,0,0
3.4944,84891,849141546,2137,0,0,0
3.4963,84892,849151546,2139,0,0,0
3.5000,84893,849161546,2135,0,0,0
3.5097,84894,849171546,2150,0,0,0
3.5200,84895,849181546,2144,0,0,0
3.5312,84896,849191546,2157,0,0,0
3.5402,84897,849201546,2151,0,0,0
3.5503,84898,849211546,2159,0,0,0
3.5635,84899,849221546,2160,0,0,0
3.5700,84900,849231546,2166,0,0,0
3.5816,84901,849241546,2167,0,0,0
3.5907,84902,849251546,2171,0,0,0
3.6006,84903,849261546,2175,0,0,0
3.6098,84904,849271546,2176,0,0,0
3.6195,84905,849281546,2182,0,0,0
3.6295,84906,849291546,2176,0,0,0
3.6406,84907,849301546,2162,0,0,0
3.6499,84908,849311546,2160,0,0,0
3.6600,84909,849321546,2134,0,0,0
3.6714,84910,849331546,2127,0,0,0
3.6796,84911,849341546,2114,0,0,0
3.6909,84912,849351546,2112,0,0,0
3.6999,84913,849361546,2104,0,0,0
3.7115,84914,849371546,2106,0,0,0
3.7235,84915,849381546,2103,0,0,0
3.7296,84916,849391546,2109,0,0,0
3.7401,84917,849401546,2105,0,0,0
3.7494,84918,849411546,2109,0,0,0
3.7604,84919,849421546,2110,0,0,0
3.7934,84920,849431546,2111,0,0,0
3.7948,84921,849441546,2113,0,0,0
3.7954,84922,849451546,2119,0,0,0
3.8008,84923,849461546,2122,0,0,0
3.8095,84924,849471546,2125,0,0,0
3.8205,84925,849481546,2127,0,0,0
3.8299,84926,849491546,2126,0,0,0
3.8399,84927,849501546,2123,0,0,0
3.8506,84928,849511546,2126,0,0,0
3.8609,84929,849521546,2123,0,0,0
3.8704,84930,849531546,2128,0,0,0
3.8803,84931,849541546,2128,0,0,0
3.8930,84932,849551546,2118,0,0,0
3.9006,84933,849561546,2127,0,0,0
3.9102,84934,849571546,2128,0,0,0
3.9196,84935,849581546,2128,0,0,0
3.9303,84936,849591546,2133,0,0,0
3.9402,84937,849601546,2137,0,0,0
3.9500,84938,849611546,2138,0,0,0
3.9613,84939,849621546,2133,0,0,0
3.9715,84940,849631546,2133,0,0,0
3.9799,84941,849641546,2123,0,0,0
3.9904,84942,849651546,2116,0,0,0
4.0004,84943,849661546,2119,0,0,0
4.0110,84944,849671546,2122,0,0,0
4.0200,84945,849681546,2119,0,0,0
4.0295,84946,849691546,2128,0,0,0
4.0401,84947,849701546,2125,0,0,0
4.0508,84948,849711546,2144,0,0,0
4.0617,84949,849721546,2232,0,0,0
4.0719,84950,849731546,2333,0,0,0
4.0807,84951,849741546,2240,0,0,0
4.0899,84952,849751546,1934,0,0,0
4.1004,84953,849761546,1935,0,0,0
4.1097,84954,849771546,2097,0,0,0
4.1200,84955,849781546,2125,0,0,0
4.1310,84956,849791546,2137,0,0,0
4.1408,84957,849801546,2133,0,0,0
4.1500,84958,849811546,2138,0,0,0
4.1609,84959,849821546,2141,0,0,0
4.1698,84960,849831546,2146,0,0,0
4.1810,84961,849841546,2140,0,0,0
4.1919,84962,849851546,2145,0,0,0
4.1999,84963,849861546,2147,0,0,0
4.2107,84964,849871546,2155,0,0,0
4.2200,84965,849881546,2147,0,0,0
4.2307,84966,849891546,2143,0,0,0
4.2407,84967,849901546,2153,0,0,0
4.2511,84968,849911546,2157,0,0,0
4.2625,84969,849921546,2160,0,0,0
4.2698,84970,849931546,2160,0,0,0
4.2815,84971,849941546,2162,0,0,0
4.2904,84972,849951546,2171,0,0,0
4.3010,84973,849961546,2174,0,0,0
4.3103,84974,849971546,2175,0,0,0
4.3200,84975,849981546,2175,0,0,0
4.3299,84976,849991546,2177,0,0,0
4.3407,84977,850001546,2175,0,0,0
4.3509,84978,850011546,2160,0,0,0
4.3615,84979,850021546,2149,0,0,0
4.3767,84980,850031546,2130,0,0,0
4.3822,84981,850041546,2124,0,0,0
4.3921,84982,850051546,2112,0,0,0
4.4000,84983,850061546,2096,0,0,0
4.4103,84984,850071546,2102,0,0,0
4.4209,84985,850081546,2096,0,0,0
4.4298,84986,850091546,2103,0,0,0
4.4404,84987,850101546,2096,0,0,0
4.4501,84988,850111546,2099,0,0,0
4.4615,84989,850121546,2099,0,0,0
4.4707,84990,850131546,2102,0,0,0
4.4808,84991,850141546,2109,0,0,0
4.4902,84992,850151546,2122,0,0,0
4.5000,84993,850161546,2115,0,0,0
4.5103,84994,850171546,2117,0,0,0
4.5197,84995,850181546,2123,0,0,0
4.5301,84996,850191546,2121,0,0,0
4.5403,84997,850201546,2125,0,0,0
4.5504,84998,850211546,2124,0,0,0
4.5604,84999,850221546,2116,0,0,0
4.5702,85000,850231546,2119,0,0,0
4.5807,85001,850241546,2124,0,0,0
4.5904,85002,850251546,2119,0,0,0
4.6006,85003,850261546,2132,0,0,0
4.6100,85004,850271546,2129,0,0,0
4.6203,85005,850281546,2144,0,0,0
4.6304,85006,850291546,2144,0,0,0
4.6406,85007,850301546,2128,0,0,0
4.6499,85008,850311546,2128,0,0,0
4.6613,85009,850321546,2117,0,0,0
4.6712,85010,850331546,2113,0,0,0
4.6828,85011,850341546,2113,0,0,0
4.6900,85012,850351546,2111,0,0,0
4.7007,85013,850361546,2118,0,0,0
4.7128,85014,850371546,2127,0,0,0
4.7209,85015,850381546,2124,0,0,0
4.7302,85016,850391546,2134,0,0,0
4.7413,85017,850401546,2226,0,0,0
4.7535,85018,850411546,2336,0,0,0
4.7602,85019,850421546,2259,0,0,0
4.7735,85020,850431546,1918,0,0,0
4.7799,85021,850441546,1904,0,0,0
4.7917,85022,850451546,2090,0,0,0
4.8061,85023,850461546,2123,0,0,0
4.8097,85024,850471546,2126,0,0,0
4.8220,85025,850481546,2134,0,0,0
4.8303,85026,850491546,2135,0,0,0
4.8396,85027,850501546,2142,0,0,0
4.8496,85028,850511546,2137,0,0,0
4.8611,85029,850521546,2142,0,0,0
4.8704,85030,850531546,2145,0,0,0
4.8816,85031,850541546,2148,0,0,0
4.8916,85032,850551546,2151,0,0,0
4.9006,85033,850561546,2144,0,0,0
4.9099,85034,850571546,2154,0,0,0
4.9213,85035,850581546,2146,0,0,0
4.9300,85036,850591546,2149,0,0,0
4.9405,85037,850601546,2159,0,0,0
4.9518,85038,850611546,2153,0,0,0
4.9604,85039,850621546,2173,0,0,0
4.9705,85040,850631546,2163,0,0,0
4.9826,85041,850641546,2174,0,0,0
4.9898,85042,850651546,2170,0,0,0
5.0010,85043,850661546,2178,0,0,0
5.0135,85044,850671546,2175,0,0,0
5.0203,85045,850681546,2166,0,0,0
5.0305,85046,850691546,2158,0,0,0
5.0424,85047,850701546,2149,0,0,0
5.0520,85048,850711546,2128,0,0,0
5.0599,85049,850721546,2122,0,0,0
5.0708,85050,850731546,2103,0,0,0
5.0829,85051,850741546,2100,0,0,0
5.0910,85052,850751546,2098,0,0,0
5.1010,85053,850761546,2101,0,0,0
5.1137,85054,850771546,2107,0,0,0
5.2525,85055,850781546,2103,0,0,0
5.2538,85056,850791546,2099,0,0,0
5.2552,85057,850801546,2106,0,0,0
5.2563,85058,850811546,2111,0,0,0
5.2572,85059,850821546,2113,0,0,0
5.2591,85060,850831546,2112,0,0,0
5.2629,85061,850841546,2122,0,0,0
5.2659,85062,850851546,2113,0,0,0
5.2695,85063,850861546,2123,0,0,0
5.2721,85064,850871546,2123,0,0,0
5.2756,85065,850881546,2127,0,0,0
5.2781,85066,850891546,2115,0,0,0
5.2787,85067,850901546,2123,0,0,0
5.2800,85068,850911546,2115,0,0,0
5.2811,85069,850921546,2126,0,0,0
5.2834,85070,850931546,2115,0,0,0
5.2991,85071,850941546,2122,0,0,0
5.3038,85072,850951546,2117,0,0,0
5.3049,85073,850961546,2133,0,0,0
5.3112,85074,850971546,2128,0,0,0
5.3208,85075,850981546,2135,0,0,0
5.3304,85076,850991546,2134,0,0,0
5.3419,85077,851001546,2132,0,0,0
5.3518,85078,851011546,2127,0,0,0
5.3606,85079,851021546,2130,0,0,0
5.3705,85080,851031546,2115,0,0,0
5.3805,85081,851041546,2112,0,0,0
5.3900,85082,851051546,2113,0,0,0
5.3995,85083,851061546,2108,0,0,0
5.4150,85084,851071546,2107,0,0,0
5.4204,85085,851081546,2118,0,0,0
5.4308,85086,851091546,2103,0,0,0
5.4409,85087,851101546,2143,0,0,0
5.4510,85088,851111546,2234,0,0,0
5.4609,85089,851121546,2323,0,0,0
5.4707,85090,851131546,2209,0,0,0
5.4815,85091,851141546,1914,0,0,0
5.4913,85092,851151546,1968,0,0,0
5.5006,85093,851161546,2109,0,0,0
5.5103,85094,851171546,2114,0,0,0
5.5208,85095,851181546,2119,0,0,0
5.5297,85096,851191546,2129,0,0,0
5.5411,85097,851201546,2131,0,0,0
5.5517,85098,851211546,2128,0,0,0
5.5615,85099,851221546,2137,0,0,0
5.5707,85100,851231546,2133,0,0,0
5.5802,85101,851241546,2143,0,0,0
5.5910,85102,851251546,2133,0,0,0
5.6003,85103,851261546,2138,0,0,0
5.6101,85104,851271546,2137,0,0,0
5.6197,85105,851281546,2144,0,0,0
5.6300,85106,851291546,2144,0,0,0
5.6399,85107,851301546,2147,0,0,0
5.6498,85108,851311546,2154,0,0,0
5.6600,85109,851321546,2159,0,0,0
5.6707,85110,851331546,2160,0,0,0
5.6812,85111,851341546,2171,0,0,0
5.6909,85112,851351546,2163,0,0,0
5.7001,85113,851361546,2171,0,0,0
5.7104,85114,851371546,2165,0,0,0
5.7206,85115,851381546,2175,0,0,0
5.7299,85116,851391546,2171,0,0,0
5.7396,85117,851401546,2163,0,0,0
5.7496,85118,851411546,2143,0,0,0
5.7598,85119,851421546,2131,0,0,0
5.7718,85120,851431546,2123,0,0,0
5.7801,85121,851441546,2111,0,0,0
5.7905,85122,851451546,2107,0,0,0
5.8009,85123,851461546,2111,0,0,0
5.8103,85124,851471546,2101,0,0,0
5.8199,85125,851481546,2112,0,0,0
5.8310,85126,851491546,2106,0,0,0
5.8401,85127,851501546,2112,0,0,0
5.8506,85128,851511546,2106,0,0,0
5.8623,85129,851521546,2123,0,0,0
5.8707,85130,851531546,2112,0,0,0
5.8816,85131,851541546,2128,0,0,0
5.8915,85132,851551546,2113,0,0,0
5.9003,85133,851561546,2126,0,0,0
5.9109,85134,851571546,2122,0,0,0
5.9198,85135,851581546,2128,0,0,0
5.9312,85136,851591546,2123,0,0,0
5.9412,85137,851601546,2129,0,0,0
5.9506,85138,851611546,2119,0,0,0
5.9599,85139,851621546,2128,0,0,0
5.9701,85140,851631546,2122,0,0,0
5.9806,85141,851641546,2128,0,0,0
5.9903,85142,851651546,2114,0,0,0
6.0058,85143,851661546,2125,0,0,0
6.0109,85144,851671546,2119,0,0,0
6.0209,85145,851681546,2128,0,0,0
6.0317,85146,851691546,2117,0,0,0
6.0415,85147,851701546,2128,0,0,0
6.0505,85148,851711546,2126,0,0,0
6.0604,85149,851721546,2129,0,0,0
6.0702,85150,851731546,2112,0,0,0
6.0813,85151,851741546,2114,0,0,0
6.0906,85152,851751546,2128,0,0,0
6.0996,85153,851761546,2146,0,0,0
6.1119,85154,851771546,2134,0,0,0
6.1227,85155,851781546,2134,0,0,0
6.1322,85156,851791546,2128,0,0,0
6.1427,85157,851801546,2128,0,0,0
6.1500,85158,851811546,2113,0,0,0
6.1615,85159,851821546,2125,0,0,0
6.1697,85160,851831546,2118,0,0,0
6.1802,85161,851841546,2125,0,0,0
6.1962,85162,851851546,2117,0,0,0
6.2018,85163,851861546,2130,0,0,0
6.2113,85164,851871546,2138,0,0,0
6.2219,85165,851881546,2228,0,0,0
6.2303,85166,851891546,2330,0,0,0
6.3054,85167,851901546,2275,0,0,0
6.3107,85168,851911546,1957,0,0,0
6.3119,85169,851921546,1931,0,0,0
6.3143,85170,851931546,2096,0,0,0
6.3148,85171,851941546,2128,0,0,0
6.3167,85172,851951546,2128,0,0,0
6.3172,85173,851961546,2138,0,0,0
6.3182,85174,851971546,2130,0,0,0
6.3207,85175,851981546,2143,0,0,0
6.3311,85176,851991546,2138,0,0,0
6.3422,85177,852001546,2145,0,0,0
6.3507,85178,852011546,2141,0,0,0
6.3626,85179,852021546,2143,0,0,0
6.3717,85180,852031546,2143,0,0,0
6.3805,85181,852041546,2148,0,0,0
6.3911,85182,852051546,2144,0,0,0
6.4047,85183,852061546,2147,0,0,0
6.4115,85184,852071546,2144,0,0,0
6.4201,85185,852081546,2154,0,0,0
6.4348,85186,852091546,2153,0,0,0
6.4404,85187,852101546,2160,0,0,0
6.4506,85188,852111546,2163,0,0,0
6.4604,85189,852121546,2171,0,0,0
6.4706,85190,852131546,2161,0,0,0
6.4816,85191,852141546,2174,0,0,0
6.4909,85192,852151546,2155,0,0,0
6.4997,85193,852161546,2171,0,0,0
6.5105,85194,852171546,2157,0,0,0
6.5204,85195,852181546,2147,0,0,0
6.5318,85196,852191546,2136,0,0,0
6.5414,85197,852201546,2127,0,0,0
6.5510,85198,852211546,2112,0,0,0
6.5670,85199,852221546,2111,0,0,0
6.5706,85200,852231546,2103,0,0,0
6.5812,85201,852241546,2102,0,0,0
6.5904,85202,852251546,2097,0,0,0
6.6012,85203,852261546,2107,0,0,0
6.6143,85204,852271546,2099,0,0,0
6.6203,85205,852281546,2112,0,0,0
6.6305,85206,852291546,2108,0,0,0
6.6404,85207,852301546,2118,0,0,0
6.6495,85208,852311546,2115,0,0,0
6.6610,85209,852321546,2118,0,0,0
6.6704,85210,852331546,2121,0,0,0
6.6804,85211,852341546,2123,0,0,0
6.6902,85212,852351546,2119,0,0,0
6.7044,85213,852361546,2124,0,0,0
6.7107,85214,852371546,2109,0,0,0
6.7207,85215,852381546,2123,0,0,0
6.7444,85216,852391546,2114,0,0,0
6.7563,85217,852401546,2128,0,0,0
6.7578,85218,852411546,2117,0,0,0
6.7629,85219,852421546,2122,0,0,0
6.7705,85220,852431546,2118,0,0,0
6.7826,85221,852441546,2118,0,0,0
6.7902,85222,852451546,2118,0,0,0
6.8005,85223,852461546,2114,0,0,0
6.8111,85224,852471546,2119,0,0,0
6.8203,85225,852481546,2117,0,0,0
6.8381,85226,852491546,2125,0,0,0
6.8395,85227,852501546,2127,0,0,0
6.8577,85228,852511546,2129,0,0,0
6.8600,85229,852521546,2134,0,0,0
6.8745,85230,852531546,2135,0,0,0
6.8846,85231,852541546,2135,0,0,0
6.8910,85232,852551546,2130,0,0,0
6.9040,85233,852561546,2129,0,0,0
6.9138,85234,852571546,2115,0,0,0
6.9201,85235,852581546,2113,0,0,0
6.9318,85236,852591546,2111,0,0,0
6.9406,85237,852601546,2117,0,0,0
6.9587,85238,852611546,2119,0,0,0
6.9608,85239,852621546,2128,0,0,0
6.9705,85240,852631546,2123,0,0,0
6.9799,85241,852641546,2139,0,0,0
6.9948,85242,852651546,2203,0,0,0
7.0043,85243,852661546,2327,0,0,0
7.0177,85244,852671546,2288,0,0,0
7.0226,85245,852681546,2000,0,0,0
7.0304,85246,852691546,1905,0,0,0
7.0424,85247,852701546,2085,0,0,0
7.0531,85248,852711546,2121,0,0,0
7.0602,85249,852721546,2125,0,0,0
7.0709,85250,852731546,2123,0,0,0
7.1722,85251,852741546,2131,0,0,0
7.1745,85252,852751546,2133,0,0,0
7.1757,85253,852761546,2130,0,0,0
7.1767,85254,852771546,2138,0,0,0
7.1777,85255,852781546,2139,0,0,0
7.1787,85256,852791546,2139,0,0,0
7.1797,85257,852801546,2147,0,0,0
7.1806,85258,852811546,2142,0,0,0
7.1816,85259,852821546,2146,0,0,0
7.1825,85260,852831546,2143,0,0,0
7.2059,85261,852841546,2143,0,0,0
7.2073,85262,852851546,2146,0,0,0
7.2086,85263,852861546,2145,0,0,0
7.2130,85264,852871546,2158,0,0,0
7.2203,85265,852881546,2160,0,0,0
7.2321,85266,852891546,2162,0,0,0
7.2610,85267,852901546,2161,0,0,0
7.2640,85268,852911546,2173,0,0,0
7.3456,85269,852921546,2175,0,0,0
7.4061,85270,852931546,2161,0,0,0
7.4073,85271,852941546,2159,0,0,0
7.4116,85272,852951546,2143,0,0,0
7.4142,85273,852961546,2128,0,0,0
7.4155,85274,852971546,2115,0,0,0
7.4160,85275,852981546,2108,0,0,0
7.4164,85276,852991546,2103,0,0,0
7.4389,85277,853001546,2105,0,0,0
7.4400,85278,853011546,2090,0,0,0
7.4538,85279,853021546,2097,0,0,0
7.4562,85280,853031546,2098,0,0,0
7.4579,85281,853041546,2109,0,0,0
7.4585,85282,853051546,2101,0,0,0
7.4604,85283,853061546,2107,0,0,0
7.5361,85284,853071546,2106,0,0,0
7.5388,85285,853081546,2113,0,0,0
7.5423,85286,853091546,2113,0,0,0
7.5431,85287,853101546,2115,0,0,0
7.5444,85288,853111546,2111,0,0,0
7.5455,85289,853121546,2119,0,0,0
7.5472,85290,853131546,2113,0,0,0
7.5493,85291,853141546,2112,0,0,0
7.5515,85292,853151546,2116,0,0,0
7.5531,85293,853161546,2110,0,0,0
7.5536,85294,853171546,2116,0,0,0
7.5539,85295,853181546,2115,0,0,0
7.5542,85296,853191546,2111,0,0,0
7.5546,85297,853201546,2114,0,0,0
7.5553,85298,853211546,2112,0,0,0
7.5613,85299,853221546,2117,0,0,0
7.5720,85300,853231546,2122,0,0,0
7.5805,85301,853241546,2123,0,0,0
7.5910,85302,853251546,2121,0,0,0
7.6077,85303,853261546,2117,0,0,0
7.6102,85304,853271546,2119,0,0,0
7.6285,85305,853281546,2112,0,0,0
7.6295,85306,853291546,2123,0,0,0
7.6415,85307,853301546,2127,0,0,0
7.6666,85308,853311546,2124,0,0,0
7.6683,85309,853321546,2133,0,0,0
7.6785,85310,853331546,2127,0,0,0
7.6804,85311,853341546,2126,0,0,0
7.7285,85312,853351546,2119,0,0,0
7.7305,85313,853361546,2114,0,0,0
7.7331,85314,853371546,2112,0,0,0
7.7357,85315,853381546,2112,0,0,0
7.7385,85316,853391546,2112,0,0,0
7.7420,85317,853401546,2112,0,0,0
7.7544,85318,853411546,2117,0,0,0
7.7603,85319,853421546,2109,0,0,0
7.8908,85320,853431546,2155,0,0,0
7.8919,85321,853441546,2256,0,0,0
7.8924,85322,853451546,2320,0,0,0
7.8937,85323,853461546,2173,0,0,0
7.8947,85324,853471546,1909,0,0,0
7.8956,85325,853481546,1999,0,0,0
7.8970,85326,853491546,2110,0,0,0
7.8982,85327,853501546,2109,0,0,0
7.9025,85328,853511546,2125,0,0,0
7.9165,85329,853521546,2121,0,0,0
7.9177,85330,853531546,2128,0,0,0
7.9186,85331,853541546,2126,0,0,0
7.9195,85332,853551546,2128,0,0,0
7.9203,85333,853561546,2128,0,0,0
7.9219,85334,853571546,2129,0,0,0
7.9239,85335,853581546,2128,0,0,0
7.9306,85336,853591546,2131,0,0,0
7.9413,85337,853601546,2125,0,0,0
7.9566,85338,853611546,2142,0,0,0
7.9602,85339,853621546,2135,0,0,0
7.9720,85340,853631546,2138,0,0,0
7.9826,85341,853641546,2135,0,0,0
7.9904,85342,853651546,2146,0,0,0
8.0009,85343,853661546,2149,0,0,0
8.0113,85344,853671546,2153,0,0,0
8.0208,85345,853681546,2148,0,0,0
8.0307,85346,853691546,2160,0,0,0
8.0399,85347,853701546,2159,0,0,0
8.0512,85348,853711546,2159,0,0,0
8.0617,85349,853721546,2153,0,0,0
8.0713,85350,853731546,2153,0,0,0
8.0818,85351,853741546,2117,0,0,0
8.0918,85352,853751546,2123,0,0,0
8.1053,85353,853761546,2105,0,0,0
8.1113,85354,853771546,2112,0,0,0
8.1227,85355,853781546,2097,0,0,0
8.1304,85356,853791546,2099,0,0,0
8.1429,85357,853801546,2095,0,0,0
8.1508,85358,853811546,2104,0,0,0
8.1611,85359,853821546,2096,0,0,0
8.1702,85360,853831546,2102,0,0,0
8.1837,85361,853841546,2102,0,0,0
8.1961,85362,853851546,2110,0,0,0
8.2020,85363,853861546,2109,0,0,0
8.2112,85364,853871546,2113,0,0,0
8.2217,85365,853881546,2112,0,0,0
8.2318,85366,853891546,2118,0,0,0
8.2422,85367,853901546,2111,0,0,0
8.2514,85368,853911546,2121,0,0,0
8.2610,85369,853921546,2111,0,0,0
8.2861,85370,853931546,2119,0,0,0
8.3089,85371,853941546,2112,0,0,0
8.3114,85372,853951546,2124,0,0,0
8.3222,85373,853961546,2111,0,0,0
8.3257,85374,853971546,2112,0,0,0
8.3295,85375,853981546,2102,0,0,0
8.3314,85376,853991546,2113,0,0,0
8.3419,85377,854001546,2111,0,0,0
8.3555,85378,854011546,2115,0,0,0
8.3612,85379,854021546,2103,0,0,0
8.3726,85380,854031546,2117,0,0,0
8.3849,85381,854041546,2115,0,0,0
8.3924,85382,854051546,2112,0,0,0
8.4023,85383,854061546,2112,0,0,0
8.4119,85384,854071546,2115,0,0,0
8.4207,85385,854081546,2111,0,0,0
8.4324,85386,854091546,2120,0,0,0
8.4426,85387,854101546,2113,0,0,0
8.4501,85388,854111546,2112,0,0,0
8.4641,85389,854121546,2117,0,0,0
8.4750,85390,854131546,2128,0,0,0
8.4824,85391,854141546,2123,0,0,0
8.4910,85392,854151546,2133,0,0,0
8.5015,85393,854161546,2129,0,0,0
8.5170,85394,854171546,2128,0,0,0
8.5218,85395,854181546,2123,0,0,0
8.5329,85396,854191546,2125,0,0,0
8.5416,85397,854201546,2110,0,0,0
8.5587,85398,854211546,2114,0,0,0
8.5604,85399,854221546,2110,0,0,0
8.5716,85400,854231546,2123,0,0,0
8.5816,85401,854241546,2113,0,0,0
8.5909,85402,854251546,2118,0,0,0
8.6034,85403,854261546,2108,0,0,0
8.6112,85404,854271546,2186,0,0,0
8.6205,85405,854281546,2295,0,0,0
8.6320,85406,854291546,2311,0,0,0
8.6404,85407,854301546,2038,0,0,0
8.6513,85408,854311546,1919,0,0,0
8.6603,85409,854321546,2064,0,0,0
8.6718,85410,854331546,2113,0,0,0
8.6814,85411,854341546,2121,0,0,0
8.6926,85412,854351546,2127,0,0,0
8.7016,85413,854361546,2124,0,0,0
8.7097,85414,854371546,2128,0,0,0
8.7204,85415,854381546,2128,0,0,0
8.7300,85416,854391546,2134,0,0,0
8.7426,85417,854401546,2128,0,0,0
8.7500,85418,854411546,2129,0,0,0
8.7621,85419,854421546,2131,0,0,0
8.7709,85420,854431546,2133,0,0,0
8.7817,85421,854441546,2128,0,0,0
8.7917,85422,854451546,2142,0,0,0
8.8004,85423,854461546,2130,0,0,0
8.8099,85424,854471546,2138,0,0,0
8.8205,85425,854481546,2135,0,0,0
8.8308,85426,854491546,2141,0,0,0
8.8409,85427,854501546,2141,0,0,0
8.8508,85428,854511546,2147,0,0,0
8.8622,85429,854521546,2147,0,0,0
8.8708,85430,854531546,2153,0,0,0
8.8821,85431,854541546,2150,0,0,0
8.8903,85432,854551546,2149,0,0,0
8.8999,85433,854561546,2145,0,0,0
8.9109,85434,854571546,2135,0,0,0
8.9199,85435,854581546,2125,0,0,0
8.9358,85436,854591546,2126,0,0,0
8.9408,85437,854601546,2107,0,0,0
8.9496,85438,854611546,2107,0,0,0
8.9613,85439,854621546,2097,0,0,0
8.9711,85440,854631546,2105,0,0,0
8.9806,85441,854641546,2096,0,0,0
8.9900,85442,854651546,2102,0,0,0
8.9997,85443,854661546,2097,0,0,0
9.0113,85444,854671546,2109,0,0,0
9.0202,85445,854681546,2101,0,0,0
9.0299,85446,854691546,2111,0,0,0
9.0406,85447,854701546,2104,0,0,0
9.0500,85448,854711546,2117,0,0,0
9.0602,85449,854721546,2112,0,0,0
9.0715,85450,854731546,2117,0,0,0
9.0801,85451,854741546,2108,0,0,0
9.0905,85452,854751546,2115,0,0,0
9.1012,85453,854761546,2111,0,0,0
9.1103,85454,854771546,2117,0,0,0
9.1208,85455,854781546,2102,0,0,0
9.1302,85456,854791546,2121,0,0,0
9.1407,85457,854801546,2107,0,0,0
9.1504,85458,854811546,2111,0,0,0
9.1638,85459,854821546,2109,0,0,0
9.1710,85460,854831546,2122,0,0,0
9.1807,85461,854841546,2104,0,0,0
9.1912,85462,854851546,2111,0,0,0
9.2003,85463,854861546,2103,0,0,0
9.2131,85464,854871546,2109,0,0,0
9.2208,85465,854881546,2108,0,0,0
9.2369,85466,854891546,2121,0,0,0
9.2405,85467,854901546,2114,0,0,0
9.2505,85468,854911546,2110,0,0,0
9.2610,85469,854921546,2114,0,0,0
9.2836,85470,854931546,2115,0,0,0
9.2854,85471,854941546,2110,0,0,0
9.2896,85472,854951546,2123,0,0,0
9.3009,85473,854961546,2118,0,0,0
9.3116,85474,854971546,2128,0,0,0
9.3258,85475,854981546,2127,0,0,0
9.3304,85476,854991546,2133,0,0,0
9.5147,85477,855001546,2118,0,0,0
9.5160,85478,855011546,2125,0,0,0
9.5168,85479,855021546,2115,0,0,0
9.5176,85480,855031546,2113,0,0,0
9.5190,85481,855041546,2109,0,0,0
9.5201,85482,855051546,2114,0,0,0
9.5208,85483,855061546,2112,0,0,0
9.5221,85484,855071546,2112,0,0,0
9.5230,85485,855081546,2112,0,0,0
9.5243,85486,855091546,2129,0,0,0
9.5257,85487,855101546,2192,0,0,0
9.5268,85488,855111546,2308,0,0,0
9.5282,85489,855121546,2284,0,0,0
9.5293,85490,855131546,2003,0,0,0
9.5309,85491,855141546,1929,0,0,0
9.5320,85492,855151546,2086,0,0,0
9.5338,85493,855161546,2106,0,0,0
9.5354,85494,855171546,2118,0,0,0
9.5364,85495,855181546,2116,0,0,0
9.5384,85496,855191546,2122,0,0,0
9.5817,85497,855201546,2123,0,0,0
9.5828,85498,855211546,2128,0,0,0
9.5837,85499,855221546,2128,0,0,0
9.5894,85500,855231546,2134,0,0,0
9.5901,85501,855241546,2130,0,0,0
9.5908,85502,855251546,2133,0,0,0
9.6035,85503,855261546,2130,0,0,0
9.6109,85504,855271546,2136,0,0,0
9.6209,85505,855281546,2133,0,0,0
9.6294,85506,855291546,2140,0,0,0
9.6399,85507,855301546,2142,0,0,0
9.6516,85508,855311546,2150,0,0,0
9.6600,85509,855321546,2141,0,0,0
9.6706,85510,855331546,2148,0,0,0
9.6827,85511,855341546,2150,0,0,0
9.6912,85512,855351546,2156,0,0,0
9.7031,85513,855361546,2150,0,0,0
9.7099,85514,855371546,2154,0,0,0
9.7200,85515,855381546,2151,0,0,0
9.7311,85516,855391546,2154,0,0,0
9.7437,85517,855401546,2140,0,0,0
9.7508,85518,855411546,2128,0,0,0
9.7639,85519,855421546,2115,0,0,0
9.7705,85520,855431546,2112,0,0,0
9.7805,85521,855441546,2096,0,0,0
9.7918,85522,855451546,2102,0,0,0
9.8035,85523,855461546,2103,0,0,0
9.8100,85524,855471546,2103,0,0,0
9.8252,85525,855481546,2096,0,0,0
9.8294,85526,855491546,2102,0,0,0
9.8478,85527,855501546,2097,0,0,0
9.8695,85528,855511546,2111,0,0,0
9.8705,85529,855521546,2112,0,0,0
9.8717,85530,855531546,2119,0,0,0
9.8812,85531,855541546,2123,0,0,0
9.8904,85532,855551546,2128,0,0,0
9.9007,85533,855561546,2128,0,0,0
9.9098,85534,855571546,2125,0,0,0
9.9194,85535,855581546,2123,0,0,0
9.9299,85536,855591546,2120,0,0,0
9.9397,85537,855601546,2115,0,0,0
9.9505,85538,855611546,2126,0,0,0
9.9612,85539,855621546,2122,0,0,0
9.9715,85540,855631546,2128,0,0,0
9.9800,85541,855641546,2123,0,0,0
9.9904,85542,855651546,2127,0,0,0
10.0017,85543,855661546,2128,0,0,0
10.0120,85544,855671546,2121,0,0,0
10.0215,85545,855681546,2127,0,0,0
10.0315,85546,855691546,2125,0,0,0
10.0426,85547,855701546,2126,0,0,0
10.0503,85548,855711546,2123,0,0,0
10.0620,85549,855721546,2121,0,0,0
10.0775,85550,855731546,2129,0,0,0
10.0927,85551,855741546,2128,0,0,0
10.0936,85552,855751546,2122,0,0,0
10.1064,85553,855761546,2126,0,0,0
10.1233,85554,855771546,2128,0,0,0
10.1238,85555,855781546,2128,0,0,0
10.1328,85556,855791546,2131,0,0,0
10.1636,85557,855801546,2133,0,0,0
10.1788,85558,855811546,2150,0,0,0
10.1796,85559,855821546,2139,0,0,0
10.1806,85560,855831546,2137,0,0,0
10.1871,85561,855841546,2131,0,0,0
10.1940,85562,855851546,2128,0,0,0
10.2042,85563,855861546,2115,0,0,0
10.2182,85564,855871546,2125,0,0,0
10.2266,85565,855881546,2118,0,0,0
10.2435,85566,855891546,2125,0,0,0
10.2566,85567,855901546,2124,0,0,0
10.2686,85568,855911546,2126,0,0,0
10.2740,85569,855921546,2142,0,0,0
10.2762,85570,855931546,2225,0,0,0
10.2809,85571,855941546,2320,0,0,0
10.2903,85572,855951546,2258,0,0,0
10.3137,85573,855961546,1968,0,0,0
10.3274,85574,855971546,1975,0,0,0
10.3306,85575,855981546,2110,0,0,0
10.3471,85576,855991546,2128,0,0,0
10.3566,85577,856001546,2128,0,0,0
10.3573,85578,856011546,2134,0,0,0
10.3637,85579,856021546,2128,0,0,0
10.3740,85580,856031546,2132,0,0,0
10.3872,85581,856041546,2129,0,0,0
10.4002,85582,856051546,2134,0,0,0
10.4136,85583,856061546,2130,0,0,0
10.4214,85584,856071546,2133,0,0,0
10.4221,85585,856081546,2144,0,0,0
10.4309,85586,856091546,2142,0,0,0
10.4653,85587,856101546,2139,0,0,0
10.4831,85588,856111546,2143,0,0,0
10.4942,85589,856121546,2142,0,0,0
10.5132,85590,856131546,2144,0,0,0
10.5261,85591,856141546,2148,0,0,0
10.5419,85592,856151546,2154,0,0,0
10.5546,85593,856161546,2155,0,0,0
10.5610,85594,856171546,2157,0,0,0
10.5673,85595,856181546,2161,0,0,0
10.5755,85596,856191546,2160,0,0,0
10.5814,85597,856201546,2158,0,0,0
10.5819,85598,856211546,2156,0,0,0
10.5830,85599,856221546,2151,0,0,0
10.5835,85600,856231546,2149,0,0,0
10.5840,85601,856241546,2134,0,0,0
10.5897,85602,856251546,2126,0,0,0
10.6089,85603,856261546,2116,0,0,0
10.6221,85604,856271546,2112,0,0,0
10.6384,85605,856281546,2111,0,0,0
10.6526,85606,856291546,2112,0,0,0
10.6644,85607,856301546,2111,0,0,0
10.6913,85608,856311546,2112,0,0,0
10.6977,85609,856321546,2109,0,0,0
10.7045,85610,856331546,2112,0,0,0
10.7100,85611,856341546,2113,0,0,0
10.7175,85612,856351546,2113,0,0,0
10.7227,85613,856361546,2111,0,0,0
10.7299,85614,856371546,2118,0,0,0
10.7400,85615,856381546,2121,0,0,0
10.7454,85616,856391546,2119,0,0,0
10.7460,85617,856401546,2126,0,0,0
10.7506,85618,856411546,2121,0,0,0
10.7686,85619,856421546,2126,0,0,0
10.7799,85620,856431546,2121,0,0,0
10.7846,85621,856441546,2124,0,0,0
10.8052,85622,856451546,2124,0,0,0
10.8110,85623,856461546,2115,0,0,0
10.8153,85624,856471546,2121,0,0,0
10.8252,85625,856481546,2119,0,0,0
10.8335,85626,856491546,2117,0,0,0
10.8500,85627,856501546,2128,0,0,0
10.8589,85628,856511546,2123,0,0,0
10.8596,85629,856521546,2128,0,0,0
10.8760,85630,856531546,2126,0,0,0
10.8870,85631,856541546,2125,0,0,0
10.8995,85632,856551546,2128,0,0,0
10.9067,85633,856561546,2128,0,0,0
10.9167,85634,856571546,2129,0,0,0
10.9278,85635,856581546,2130,0,0,0
10.9372,85636,856591546,2134,0,0,0
10.9450,85637,856601546,2145,0,0,0
10.9522,85638,856611546,2137,0,0,0
10.9606,85639,856621546,2130,0,0,0
10.9826,85640,856631546,2125,0,0,0
10.9979,85641,856641546,2123,0,0,0
11.0300,85642,856651546,2117,0,0,0
11.0457,85643,856661546,2123,0,0,0
11.0650,85644,856671546,2122,0,0,0
11.0948,85645,856681546,2128,0,0,0
11.1064,85646,856691546,2122,0,0,0
11.1147,85647,856701546,2126,0,0,0
11.1250,85648,856711546,2141,0,0,0
11.1336,85649,856721546,2243,0,0,0
11.1468,85650,856731546,2323,0,0,0
11.1552,85651,856741546,2224,0,0,0
11.1608,85652,856751546,1946,0,0,0
11.1612,85653,856761546,1989,0,0,0
11.1617,85654,856771546,2115,0,0,0
11.1632,85655,856781546,2128,0,0,0
11.1639,85656,856791546,2131,0,0,0
11.1667,85657,856801546,2128,0,0,0
11.1681,85658,856811546,2128,0,0,0
11.1688,85659,856821546,2133,0,0,0
11.1710,85660,856831546,2135,0,0,0
11.1917,85661,856841546,2138,0,0,0
11.1960,85662,856851546,2134,0,0,0
11.2117,85663,856861546,2139,0,0,0
11.2225,85664,856871546,2130,0,0,0
11.2235,85665,856881546,2146,0,0,0
11.2391,85666,856891546,2131,0,0,0
11.2505,85667,856901546,2147,0,0,0
11.2515,85668,856911546,2142,0,0,0
11.2712,85669,856921546,2146,0,0,0
11.2792,85670,856931546,2147,0,0,0
11.2802,85671,856941546,2155,0,0,0
11.3057,85672,856951546,2155,0,0,0
11.3129,85673,856961546,2160,0,0,0
11.3210,85674,856971546,2159,0,0,0
11.3283,85675,856981546,2173,0,0,0
11.3335,85676,856991546,2157,0,0,0
11.3436,85677,857001546,2160,0,0,0
11.3521,85678,857011546,2145,0,0,0
11.3644,85679,857021546,2144,0,0,0
11.3696,85680,857031546,2128,0,0,0
11.3903,85681,857041546,2123,0,0,0
11.4067,85682,857051546,2101,0,0,0
11.4188,85683,857061546,2109,0,0,0
11.4312,85684,857071546,2102,0,0,0
11.4438,85685,857081546,2103,0,0,0
11.4534,85686,857091546,2106,0,0,0
11.4751,85687,857101546,2110,0,0,0
11.4815,85688,857111546,2098,0,0,0
11.4878,85689,857121546,2113,0,0,0
11.4939,85690,857131546,2110,0,0,0
11.5052,85691,857141546,2119,0,0,0
11.5087,85692,857151546,2103,0,0,0
11.5130,85693,857161546,2115,0,0,0
11.5223,85694,857171546,2118,0,0,0
11.5289,85695,857181546,2125,0,0,0
11.5323,85696,857191546,2118,0,0,0
11.5400,85697,857201546,2128,0,0,0
11.5675,85698,857211546,2121,0,0,0
11.5683,85699,857221546,2127,0,0,0
11.5841,85700,857231546,2117,0,0,0
11.5961,85701,857241546,2125,0,0,0
11.6009,85702,857251546,2126,0,0,0
11.6119,85703,857261546,2124,0,0,0
11.6246,85704,857271546,2115,0,0,0
11.6266,85705,857281546,2122,0,0,0
11.6427,85706,857291546,2123,0,0,0
11.6529,85707,857301546,2119,0,0,0
11.6619,85708,857311546,2122,0,0,0
11.6678,85709,857321546,2117,0,0,0
11.7000,85710,857331546,2114,0,0,0
11.7252,85711,857341546,2118,0,0,0
11.7503,85712,857351546,2116,0,0,0
11.7670,85713,857361546,2129,0,0,0
11.7831,85714,857371546,2124,0,0,0
11.7913,85715,857381546,2129,0,0,0
11.8007,85716,857391546,2128,0,0,0
11.8111,85717,857401546,2129,0,0,0
11.8235,85718,857411546,2124,0,0,0
11.8243,85719,857421546,2125,0,0,0
11.8248,85720,857431546,2102,0,0,0
11.8253,85721,857441546,2103,0,0,0
11.8258,85722,857451546,2105,0,0,0
11.8263,85723,857461546,2113,0,0,0
11.8267,85724,857471546,2114,0,0,0
11.8272,85725,857481546,2118,0,0,0
11.8297,85726,857491546,2126,0,0,0
11.8757,85727,857501546,2193,0,0,0
11.8929,85728,857511546,2288,0,0,0
11.9125,85729,857521546,2293,0,0,0
11.9200,85730,857531546,2025,0,0,0
11.9404,85731,857541546,1931,0,0,0
11.9637,85732,857551546,2078,0,0,0
11.9860,85733,857561546,2117,0,0,0
12.0024,85734,857571546,2107,0,0,0
12.0139,85735,857581546,2124,0,0,0
12.0223,85736,857591546,2118,0,0,0
12.0307,85737,857601546,2127,0,0,0
12.0401,85738,857611546,2123,0,0,0
12.0504,85739,857621546,2131,0,0,0
12.0624,85740,857631546,2123,0,0,0
12.0632,85741,857641546,2128,0,0,0
12.0641,85742,857651546,2116,0,0,0
12.0654,85743,857661546,2135,0,0,0
12.0660,85744,857671546,2127,0,0,0
12.0691,85745,857681546,2131,0,0,0
12.0706,85746,857691546,2128,0,0,0
12.0719,85747,857701546,2134,0,0,0
12.0723,85748,857711546,2134,0,0,0
12.0727,85749,857721546,2145,0,0,0
12.0730,85750,857731546,2142,0,0,0
12.0798,85751,857741546,2154,0,0,0
12.0916,85752,857751546,2150,0,0,0
12.0997,85753,857761546,2158,0,0,0
12.1097,85754,857771546,2147,0,0,0
12.1214,85755,857781546,2154,0,0,0
12.1342,85756,857791546,2144,0,0,0
12.1401,85757,857801546,2138,0,0,0
12.1496,85758,857811546,2115,0,0,0
12.1602,85759,857821546,2113,0,0,0
12.1696,85760,857831546,2099,0,0,0
12.1799,85761,857841546,2106,0,0,0
12.1961,85762,857851546,2096,0,0,0
12.2442,85763,857861546,2093,0,0,0
12.2763,85764,857871546,2085,0,0,0
12.3144,85765,857881546,2098,0,0,0
12.3550,85766,857891546,2096,0,0,0
12.4093,85767,857901546,2103,0,0,0
12.4452,85768,857911546,2105,0,0,0
12.4463,85769,857921546,2107,0,0,0
12.4569,85770,857931546,2109,0,0,0
12.4709,85771,857941546,2112,0,0,0
12.4717,85772,857951546,2109,0,0,0
12.4724,85773,857961546,2118,0,0,0
12.4730,85774,857971546,2115,0,0,0
12.4735,85775,857981546,2119,0,0,0
12.4739,85776,857991546,2111,0,0,0
12.4744,85777,858001546,2117,0,0,0
12.4749,85778,858011546,2113,0,0,0
12.4882,85779,858021546,2118,0,0,0
12.4894,85780,858031546,2112,0,0,0
12.4905,85781,858041546,2110,0,0,0
12.4916,85782,858051546,2112,0,0,0
12.4927,85783,858061546,2116,0,0,0
12.4936,85784,858071546,2105,0,0,0
12.4944,85785,858081546,2115,0,0,0
12.4952,85786,858091546,2114,0,0,0
12.4962,85787,858101546,2123,0,0,0
12.4972,85788,858111546,2123,0,0,0
12.4979,85789,858121546,2131,0,0,0
12.4985,85790,858131546,2119,0,0,0
12.4990,85791,858141546,2127,0,0,0
12.4994,85792,858151546,2112,0,0,0
12.4999,85793,858161546,2113,0,0,0
12.5103,85794,858171546,2103,0,0,0
12.5200,85795,858181546,2116,0,0,0
12.5302,85796,858191546,2109,0,0,0
12.5400,85797,858201546,2115,0,0,0
12.5501,85798,858211546,2118,0,0,0
12.5602,85799,858221546,2131,0,0,0
12.5696,85800,858231546,2191,0,0,0
12.5800,85801,858241546,2295,0,0,0
12.5916,85802,858251546,2288,0,0,0
12.5998,85803,858261546,1993,0,0,0
12.6109,85804,858271546,1868,0,0,0
12.6206,85805,858281546,2064,0,0,0
12.6303,85806,858291546,2109,0,0,0
12.6402,85807,858301546,2125,0,0,0
12.6503,85808,858311546,2119,0,0,0
12.6604,85809,858321546,2125,0,0,0
12.6724,85810,858331546,2128,0,0,0
12.6804,85811,858341546,2130,0,0,0
12.6903,85812,858351546,2129,0,0,0
12.7004,85813,858361546,2141,0,0,0
12.7108,85814,858371546,2135,0,0,0
12.7199,85815,858381546,2134,0,0,0
12.7300,85816,858391546,2132,0,0,0
12.7405,85817,858401546,2142,0,0,0
12.7520,85818,858411546,2135,0,0,0
12.7605,85819,858421546,2142,0,0,0
12.7705,85820,858431546,2135,0,0,0
12.7810,85821,858441546,2145,0,0,0
12.7906,85822,858451546,2144,0,0,0
12.7996,85823,858461546,2151,0,0,0
12.8100,85824,858471546,2154,0,0,0
12.8201,85825,858481546,2160,0,0,0
12.8300,85826,858491546,2158,0,0,0
12.8404,85827,858501546,2160,0,0,0
12.8499,85828,858511546,2156,0,0,0
12.8605,85829,858521546,2158,0,0,0
12.8704,85830,858531546,2130,0,0,0
12.8804,85831,858541546,2125,0,0,0
12.8904,85832,858551546,2110,0,0,0
12.9008,85833,858561546,2099,0,0,0
12.9106,85834,858571546,2089,0,0,0
12.9206,85835,858581546,2093,0,0,0
12.9314,85836,858591546,2091,0,0,0
12.9404,85837,858601546,2093,0,0,0
12.9499,85838,858611546,2089,0,0,0
12.9596,85839,858621546,2096,0,0,0
12.9708,85840,858631546,2093,0,0,0
12.9808,85841,858641546,2101,0,0,0
12.9906,85842,858651546,2096,0,0,0
13.0003,85843,858661546,2103,0,0,0
13.0106,85844,858671546,2111,0,0,0
13.0201,85845,858681546,2108,0,0,0
13.0301,85846,858691546,2112,0,0,0
13.0401,85847,858701546,2112,0,0,0
13.0500,85848,858711546,2107,0,0,0
13.0601,85849,858721546,2112,0,0,0
13.0698,85850,858731546,2112,0,0,0
13.0796,85851,858741546,2113,0,0,0
13.0895,85852,858751546,2112,0,0,0
13.0999,85853,858761546,2115,0,0,0
13.1101,85854,858771546,2113,0,0,0
13.1198,85855,858781546,2118,0,0,0
13.1305,85856,858791546,2111,0,0,0
13.1441,85857,858801546,2114,0,0,0
13.1644,85858,858811546,2118,0,0,0
13.1656,85859,858821546,2126,0,0,0
13.1694,85860,858831546,2125,0,0,0
13.1812,85861,858841546,2128,0,0,0
13.1895,85862,858851546,2112,0,0,0
13.1998,85863,858861546,2119,0,0,0
13.2322,85864,858871546,2111,0,0,0
13.2592,85865,858881546,2112,0,0,0
13.2967,85866,858891546,2112,0,0,0
13.3329,85867,858901546,2112,0,0,0
13.3605,85868,858911546,2111,0,0,0
13.3992,85869,858921546,2125,0,0,0
13.4223,85870,858931546,2118,0,0,0
13.4452,85871,858941546,2146,0,0,0
13.4459,85872,858951546,2253,0,0,0
13.4467,85873,858961546,2343,0,0,0
13.4540,85874,858971546,2193,0,0,0
13.4666,85875,858981546,1858,0,0,0
13.4673,85876,858991546,1951,0,0,0
13.4680,85877,859001546,2101,0,0,0
13.4687,85878,859011546,2112,0,0,0
13.4752,85879,859021546,2121,0,0,0
13.4803,85880,859031546,2115,0,0,0
13.4815,85881,859041546,2126,0,0,0
13.4826,85882,859051546,2127,0,0,0
13.4837,85883,859061546,2128,0,0,0
13.4846,85884,859071546,2127,0,0,0
13.4855,85885,859081546,2128,0,0,0
13.4866,85886,859091546,2130,0,0,0
13.4878,85887,859101546,2132,0,0,0
13.4886,85888,859111546,2130,0,0,0
13.4898,85889,859121546,2141,0,0,0
13.4902,85890,859131546,2134,0,0,0
13.4906,85891,859141546,2132,0,0,0
13.4910,85892,859151546,2137,0,0,0
13.4999,85893,859161546,2147,0,0,0
13.5095,85894,859171546,2135,0,0,0
13.5202,85895,859181546,2150,0,0,0
13.5297,85896,859191546,2155,0,0,0
13.5395,85897,859201546,2160,0,0,0
13.5502,85898,859211546,2163,0,0,0
13.5601,85899,859221546,2159,0,0,0
13.5695,85900,859231546,2149,0,0,0
13.5802,85901,859241546,2150,0,0,0
13.5903,85902,859251546,2128,0,0,0
13.6000,85903,859261546,2117,0,0,0
13.6098,85904,859271546,2101,0,0,0
13.6198,85905,859281546,2096,0,0,0
13.6298,85906,859291546,2087,0,0,0
13.6414,85907,859301546,2082,0,0,0
13.6500,85908,859311546,2089,0,0,0
13.6603,85909,859321546,2090,0,0,0
13.6696,85910,859331546,2091,0,0,0
13.6795,85911,859341546,2096,0,0,0
13.6898,85912,859351546,2091,0,0,0
13.6999,85913,859361546,2096,0,0,0
13.7099,85914,859371546,2099,0,0,0
13.7195,85915,859381546,2096,0,0,0
13.7295,85916,859391546,2108,0,0,0
13.7405,85917,859401546,2111,0,0,0
13.7506,85918,859411546,2115,0,0,0
13.7605,85919,859421546,2101,0,0,0
13.7706,85920,859431546,2115,0,0,0
13.7804,85921,859441546,2110,0,0,0
13.7897,85922,859451546,2115,0,0,0
13.7996,85923,859461546,2111,0,0,0
13.8101,85924,859471546,2112,0,0,0
13.8201,85925,859481546,2112,0,0,0
13.8295,85926,859491546,2110,0,0,0
13.8399,85927,859501546,2110,0,0,0
13.8498,85928,859511546,2111,0,0,0
13.8601,85929,859521546,2110,0,0,0
13.8699,85930,859531546,2111,0,0,0
13.8801,85931,859541546,2107,0,0,0
13.8900,85932,859551546,2112,0,0,0
13.9018,85933,859561546,2108,0,0,0
13.9106,85934,859571546,2113,0,0,0
13.9196,85935,859581546,2112,0,0,0
13.9298,85936,859591546,2128,0,0,0
13.9396,85937,859601546,2115,0,0,0
13.9498,85938,859611546,2128,0,0,0
13.9603,85939,859621546,2119,0,0,0
13.9752,85940,859631546,2123,0,0,0
13.9801,85941,859641546,2117,0,0,0
13.9905,85942,859651546,2111,0,0,0
13.9998,85943,859661546,2099,0,0,0
14.0101,85944,859671546,2108,0,0,0
14.0202,85945,859681546,2101,0,0,0
14.0300,85946,859691546,2109,0,0,0
14.0838,85947,859701546,2112,0,0,0
14.1131,85948,859711546,2112,0,0,0
14.1289,85949,859721546,2160,0,0,0
14.1769,85950,859731546,2286,0,0,0
14.2198,85951,859741546,2331,0,0,0
14.2510,85952,859751546,2123,0,0,0
14.2749,85953,859761546,1878,0,0,0
14.2869,85954,859771546,2027,0,0,0
14.2912,85955,859781546,2101,0,0,0
14.3097,85956,859791546,2112,0,0,0
14.3133,85957,859801546,2112,0,0,0
14.3140,85958,859811546,2119,0,0,0
14.3147,85959,859821546,2115,0,0,0
14.3154,85960,859831546,2128,0,0,0
14.3162,85961,859841546,2119,0,0,0
14.3213,85962,859851546,2130,0,0,0
14.3249,85963,859861546,2128,0,0,0
14.3261,85964,859871546,2133,0,0,0
14.3273,85965,859881546,2128,0,0,0
14.3284,85966,859891546,2128,0,0,0
14.3294,85967,859901546,2128,0,0,0
14.3306,85968,859911546,2138,0,0,0
14.3313,85969,859921546,2132,0,0,0
14.3317,85970,859931546,2133,0,0,0
14.3322,85971,859941546,2141,0,0,0
14.3326,85972,859951546,2140,0,0,0
14.3330,85973,859961546,2145,0,0,0
14.3336,85974,859971546,2154,0,0,0
14.3344,85975,859981546,2147,0,0,0
14.3351,85976,859991546,2158,0,0,0
14.3398,85977,860001546,2150,0,0,0
14.3500,85978,860011546,2149,0,0,0
14.3599,85979,860021546,2133,0,0,0
14.3700,85980,860031546,2128,0,0,0
14.3799,85981,860041546,2118,0,0,0
14.3902,85982,860051546,2118,0,0,0
14.4001,85983,860061546,2097,0,0,0
14.4095,85984,860071546,2100,0,0,0
14.4212,85985,860081546,2094,0,0,0
14.4294,85986,860091546,2100,0,0,0
14.4398,85987,860101546,2098,0,0,0
14.4501,85988,860111546,2096,0,0,0
14.4600,85989,860121546,2096,0,0,0
14.4701,85990,860131546,2105,0,0,0
14.4802,85991,860141546,2102,0,0,0
14.4896,85992,860151546,2111,0,0,0
14.5004,85993,860161546,2108,0,0,0
14.5115,85994,860171546,2112,0,0,0
14.5200,85995,860181546,2112,0,0,0
14.5304,85996,860191546,2114,0,0,0
14.5398,85997,860201546,2099,0,0,0
14.5494,85998,860211546,2112,0,0,0
14.5601,85999,860221546,2107,0,0,0
14.5699,86000,860231546,2121,0,0,0
14.5802,86001,860241546,2112,0,0,0
14.5902,86002,860251546,2113,0,0,0
14.6001,86003,860261546,2111,0,0,0
14.6100,86004,860271546,2118,0,0,0
14.6203,86005,860281546,2109,0,0,0
14.6301,86006,860291546,2115,0,0,0
14.6399,86007,860301546,2107,0,0,0
14.6500,86008,860311546,2112,0,0,0
14.6595,86009,860321546,2115,0,0,0
14.6699,86010,860331546,2119,0,0,0
14.6794,86011,860341546,2113,0,0,0
14.6897,86012,860351546,2122,0,0,0
14.7000,86013,860361546,2122,0,0,0
14.7098,86014,860371546,2128,0,0,0
14.7200,86015,860381546,2118,0,0,0
14.7299,86016,860391546,2133,0,0,0
14.7401,86017,860401546,2116,0,0,0
14.7497,86018,860411546,2125,0,0,0
14.7599,86019,860421546,2111,0,0,0
14.7703,86020,860431546,2113,0,0,0
14.7800,86021,860441546,2113,0,0,0
14.7905,86022,860451546,2114,0,0,0
14.8002,86023,860461546,2112,0,0,0
14.8104,86024,860471546,2113,0,0,0
14.8204,86025,860481546,2112,0,0,0
14.8344,86026,860491546,2128,0,0,0
14.8549,86027,860501546,2197,0,0,0
14.8562,86028,860511546,2314,0,0,0
14.8598,86029,860521546,2258,0,0,0
14.8739,86030,860531546,1975,0,0,0
14.8809,86031,860541546,1936,0,0,0
14.8898,86032,860551546,2096,0,0,0
14.8998,86033,860561546,2108,0,0,0
14.9426,86034,860571546,2121,0,0,0
14.9788,86035,860581546,2112,0,0,0
15.0200,86036,860591546,2128,0,0,0
15.0489,86037,860601546,2120,0,0,0
15.1011,86038,860611546,2128,0,0,0
15.1512,86039,860621546,2123,0,0,0
15.1557,86040,860631546,2128,0,0,0
15.1564,86041,860641546,2128,0,0,0
15.1599,86042,860651546,2128,0,0,0
15.1718,86043,860661546,2124,0,0,0
15.1842,86044,860671546,2128,0,0,0
15.1848,86045,860681546,2122,0,0,0
15.1852,86046,860691546,2131,0,0,0
15.1857,86047,860701546,2132,0,0,0
15.1912,86048,860711546,2139,0,0,0
15.1945,86049,860721546,2130,0,0,0
15.1953,86050,860731546,2143,0,0,0
15.1960,86051,860741546,2137,0,0,0
15.1968,86052,860751546,2157,0,0,0
15.1976,86053,860761546,2137,0,0,0
15.1984,86054,860771546,2147,0,0,0
15.1991,86055,860781546,2145,0,0,0
15.1999,86056,860791546,2151,0,0,0
15.2006,86057,860801546,2130,0,0,0
15.2013,86058,860811546,2123,0,0,0
15.2020,86059,860821546,2107,0,0,0
15.2027,86060,860831546,2105,0,0,0
15.2034,86061,860841546,2089,0,0,0
15.2043,86062,860851546,2100,0,0,0
15.2047,86063,860861546,2093,0,0,0
15.2098,86064,860871546,2095,0,0,0
15.2200,86065,860881546,2094,0,0,0
15.2295,86066,860891546,2102,0,0,0
15.2394,86067,860901546,2095,0,0,0
15.2495,86068,860911546,2087,0,0,0
15.2596,86069,860921546,2099,0,0,0
15.2697,86070,860931546,2095,0,0,0
15.2796,86071,860941546,2094,0,0,0
15.2901,86072,860951546,2112,0,0,0
15.2995,86073,860961546,2111,0,0,0
15.3097,86074,860971546,2112,0,0,0
15.3203,86075,860981546,2111,0,0,0
15.3302,86076,860991546,2113,0,0,0
15.3406,86077,861001546,2109,0,0,0
15.3498,86078,861011546,2107,0,0,0
15.3595,86079,861021546,2112,0,0,0
15.3698,86080,861031546,2114,0,0,0
15.3797,86081,861041546,2098,0,0,0
15.3899,86082,861051546,2112,0,0,0
15.3998,86083,861061546,2108,0,0,0
15.4104,86084,861071546,2118,0,0,0
15.4207,86085,861081546,2111,0,0,0
15.4303,86086,861091546,2111,0,0,0
15.4396,86087,861101546,2106,0,0,0
15.4495,86088,861111546,2115,0,0,0
15.4596,86089,861121546,2119,0,0,0
15.4705,86090,861131546,2126,0,0,0
15.4795,86091,861141546,2126,0,0,0
15.4898,86092,861151546,2128,0,0,0
15.4999,86093,861161546,2122,0,0,0
15.5099,86094,861171546,2116,0,0,0
15.5201,86095,861181546,2103,0,0,0
15.5295,86096,861191546,2111,0,0,0
15.5399,86097,861201546,2102,0,0,0
15.5499,86098,861211546,2110,0,0,0
15.5598,86099,861221546,2104,0,0,0
15.5698,86100,861231546,2115,0,0,0
15.5800,86101,861241546,2103,0,0,0
15.5899,86102,861251546,2135,0,0,0
15.5996,86103,861261546,2195,0,0,0
15.6100,86104,861271546,2311,0,0,0
15.6198,86105,861281546,2262,0,0,0
15.6301,86106,861291546,1968,0,0,0
15.6456,86107,861301546,1935,0,0,0
15.6670,86108,861311546,2093,0,0,0
15.6673,86109,861321546,2106,0,0,0
15.6705,86110,861331546,2123,0,0,0
15.6828,86111,861341546,2112,0,0,0
15.6920,86112,861351546,2112,0,0,0
15.6998,86113,861361546,2113,0,0,0
15.7098,86114,861371546,2123,0,0,0
15.7528,86115,861381546,2112,0,0,0
15.7884,86116,861391546,2128,0,0,0
15.8194,86117,861401546,2127,0,0,0
15.8481,86118,861411546,2129,0,0,0
15.8763,86119,861421546,2128,0,0,0
15.9068,86120,861431546,2131,0,0,0
15.9360,86121,861441546,2141,0,0,0
15.9450,86122,861451546,2130,0,0,0
15.9457,86123,861461546,2133,0,0,0
15.9475,86124,861471546,2138,0,0,0
15.9541,86125,861481546,2126,0,0,0
15.9667,86126,861491546,2122,0,0,0
15.9671,86127,861501546,2135,0,0,0
15.9676,86128,861511546,2128,0,0,0
15.9680,86129,861521546,2143,0,0,0
15.9687,86130,861531546,2135,0,0,0
15.9694,86131,861541546,2143,0,0,0
15.9701,86132,861551546,2128,0,0,0
15.9779,86133,861561546,2128,0,0,0
15.9788,86134,861571546,2112,0,0,0
15.9799,86135,861581546,2094,0,0,0
15.9817,86136,861591546,2096,0,0,0
15.9825,86137,861601546,2096,0,0,0
15.9833,86138,861611546,2096,0,0,0
15.9841,86139,861621546,2092,0,0,0
15.9849,86140,861631546,2096,0,0,0
15.9859,86141,861641546,2095,0,0,0
15.9896,86142,861651546,2097,0,0,0
15.9997,86143,861661546,2081,0,0,0
16.0103,86144,861671546,2097,0,0,0
16.0201,86145,861681546,2095,0,0,0
16.0298,86146,861691546,2096,0,0,0
16.0398,86147,861701546,2096,0,0,0
16.0498,86148,861711546,2095,0,0,0
16.0598,86149,861721546,2090,0,0,0
16.0703,86150,861731546,2106,0,0,0
16.0798,86151,861741546,2105,0,0,0
16.0914,86152,861751546,2094,0,0,0
16.1003,86153,861761546,2096,0,0,0
16.1095,86154,861771546,2107,0,0,0
16.1202,86155,861781546,2106,0,0,0
16.1300,86156,861791546,2101,0,0,0
16.1406,86157,861801546,2107,0,0,0
16.1497,86158,861811546,2112,0,0,0
16.1600,86159,861821546,2112,0,0,0
16.1694,86160,861831546,2112,0,0,0
16.1808,86161,861841546,2112,0,0,0
16.1896,86162,861851546,2119,0,0,0
16.1998,86163,861861546,2117,0,0,0
16.2098,86164,861871546,2126,0,0,0
16.2199,86165,861881546,2128,0,0,0
16.2298,86166,861891546,2118,0,0,0
16.2395,86167,861901546,2117,0,0,0
16.2497,86168,861911546,2112,0,0,0
16.2599,86169,861921546,2105,0,0,0
16.2698,86170,861931546,2107,0,0,0
16.2803,86171,861941546,2101,0,0,0
16.2899,86172,861951546,2104,0,0,0
16.2998,86173,861961546,2109,0,0,0
16.3103,86174,861971546,2110,0,0,0
16.3198,86175,861981546,2115,0,0,0
16.3298,86176,861991546,2153,0,0,0
16.3400,86177,862001546,2254,0,0,0
16.3498,86178,862011546,2301,0,0,0
16.3599,86179,862021546,2091,0,0,0
16.3698,86180,862031546,1895,0,0,0
16.3801,86181,862041546,2032,0,0,0
16.3901,86182,862051546,2098,0,0,0
16.4003,86183,862061546,2110,0,0,0
16.4102,86184,862071546,2119,0,0,0
16.4204,86185,862081546,2101,0,0,0
16.4303,86186,862091546,2112,0,0,0
16.4401,86187,862101546,2127,0,0,0
16.4496,86188,862111546,2123,0,0,0
16.4602,86189,862121546,2122,0,0,0
16.4695,86190,862131546,2128,0,0,0
16.4798,86191,862141546,2123,0,0,0
16.4898,86192,862151546,2128,0,0,0
16.4998,86193,862161546,2127,0,0,0
16.5096,86194,862171546,2128,0,0,0
16.5204,86195,862181546,2130,0,0,0
16.5296,86196,862191546,2132,0,0,0
16.5399,86197,862201546,2129,0,0,0
16.5495,86198,862211546,2130,0,0,0
16.5595,86199,862221546,2138,0,0,0
16.5698,86200,862231546,2144,0,0,0
16.5800,86201,862241546,2154,0,0,0
16.5905,86202,862251546,2150,0,0,0
16.5997,86203,862261546,2151,0,0,0
16.6100,86204,862271546,2154,0,0,0
16.6203,86205,862281546,2145,0,0,0
16.6303,86206,862291546,2129,0,0,0
16.6404,86207,862301546,2119,0,0,0
16.6500,86208,862311546,2110,0,0,0
16.6604,86209,862321546,2098,0,0,0
16.6703,86210,862331546,2094,0,0,0
16.6805,86211,862341546,2090,0,0,0
16.6907,86212,862351546,2097,0,0,0
16.6999,86213,862361546,2090,0,0,0
16.7110,86214,862371546,2091,0,0,0
16.7200,86215,862381546,2090,0,0,0
16.7301,86216,862391546,2092,0,0,0
16.7404,86217,862401546,2102,0,0,0
16.7507,86218,862411546,2099,0,0,0
16.7600,86219,862421546,2101,0,0,0
16.7699,86220,862431546,2099,0,0,0
16.7801,86221,862441546,2107,0,0,0
16.7905,86222,862451546,2107,0,0,0
16.8000,86223,862461546,2109,0,0,0
16.8111,86224,862471546,2103,0,0,0
16.8199,86225,862481546,2111,0,0,0
16.8304,86226,862491546,2112,0,0,0
16.8401,86227,862501546,2109,0,0,0
16.8503,86228,862511546,2101,0,0,0
16.8600,86229,862521546,2115,0,0,0
16.8708,86230,862531546,2106,0,0,0
16.8803,86231,862541546,2112,0,0,0
16.8899,86232,862551546,2110,0,0,0
16.9002,86233,862561546,2112,0,0,0
16.9105,86234,862571546,2112,0,0,0
16.9203,86235,862581546,2116,0,0,0
16.9301,86236,862591546,2115,0,0,0
16.9404,86237,862601546,2123,0,0,0
16.9498,86238,862611546,2128,0,0,0
16.9598,86239,862621546,2119,0,0,0
16.9702,86240,862631546,2115,0,0,0
16.9804,86241,862641546,2111,0,0,0
16.9898,86242,862651546,2100,0,0,0
17.0000,86243,862661546,2107,0,0,0
17.0099,86244,862671546,2098,0,0,0
17.0198,86245,862681546,2110,0,0,0
17.0303,86246,862691546,2112,0,0,0
17.0397,86247,862701546,2119,0,0,0
17.0502,86248,862711546,2125,0,0,0
17.0605,86249,862721546,2185,0,0,0
17.0706,86250,862731546,2301,0,0,0
17.0811,86251,862741546,2287,0,0,0
17.0906,86252,862751546,1973,0,0,0
17.1009,86253,862761546,1871,0,0,0
17.1101,86254,862771546,2064,0,0,0
17.1199,86255,862781546,2117,0,0,0
17.1301,86256,862791546,2114,0,0,0
17.1401,86257,862801546,2121,0,0,0
17.1508,86258,862811546,2118,0,0,0
17.1604,86259,862821546,2127,0,0,0
17.1705,86260,862831546,2127,0,0,0
17.1808,86261,862841546,2128,0,0,0
17.1899,86262,862851546,2125,0,0,0
17.2001,86263,862861546,2131,0,0,0
17.2104,86264,862871546,2133,0,0,0
17.2198,86265,862881546,2128,0,0,0
17.2305,86266,862891546,2133,0,0,0
17.2400,86267,862901546,2141,0,0,0
17.2504,86268,862911546,2130,0,0,0
17.2613,86269,862921546,2145,0,0,0
17.2705,86270,862931546,2142,0,0,0
17.2811,86271,862941546,2148,0,0,0
17.2900,86272,862951546,2145,0,0,0
17.3005,86273,862961546,2160,0,0,0
17.3102,86274,862971546,2153,0,0,0
17.3207,86275,862981546,2158,0,0,0
17.3312,86276,862991546,2160,0,0,0
17.3400,86277,863001546,2159,0,0,0
17.3506,86278,863011546,2145,0,0,0
17.3603,86279,863021546,2133,0,0,0
17.3699,86280,863031546,2111,0,0,0
17.3804,86281,863041546,2087,0,0,0
17.3898,86282,863051546,2081,0,0,0
17.4000,86283,863061546,2092,0,0,0
17.4098,86284,863071546,2069,0,0,0
17.4199,86285,863081546,2071,0,0,0
17.4315,86286,863091546,2086,0,0,0
17.4405,86287,863101546,2093,0,0,0
17.4501,86288,863111546,2093,0,0,0
17.4599,86289,863121546,2094,0,0,0
17.4704,86290,863131546,2093,0,0,0
17.4803,86291,863141546,2103,0,0,0
17.4903,86292,863151546,2099,0,0,0
17.5004,86293,863161546,2111,0,0,0
17.5103,86294,863171546,2106,0,0,0
17.5206,86295,863181546,2109,0,0,0
17.5305,86296,863191546,2112,0,0,0
17.5404,86297,863201546,2111,0,0,0
17.5503,86298,863211546,2109,0,0,0
17.5617,86299,863221546,2112,0,0,0
17.5714,86300,863231546,2113,0,0,0
17.5803,86301,863241546,2112,0,0,0
17.5902,86302,863251546,2101,0,0,0
17.6006,86303,863261546,2119,0,0,0
17.6101,86304,863271546,2116,0,0,0
17.6201,86305,863281546,2123,0,0,0
17.6306,86306,863291546,2115,0,0,0
17.6399,86307,863301546,2123,0,0,0
17.6509,86308,863311546,2119,0,0,0
17.6614,86309,863321546,2122,0,0,0
17.6709,86310,863331546,2112,0,0,0
17.6805,86311,863341546,2108,0,0,0
17.6909,86312,863351546,2102,0,0,0
17.7000,86313,863361546,2112,0,0,0
17.7099,86314,863371546,2103,0,0,0
17.7203,86315,863381546,2117,0,0,0
17.7298,86316,863391546,2112,0,0,0
17.7398,86317,863401546,2130,0,0,0
17.7496,86318,863411546,2208,0,0,0
17.7596,86319,863421546,2338,0,0,0
17.7696,86320,863431546,2256,0,0,0
17.7795,86321,863441546,1915,0,0,0
17.7895,86322,863451546,1899,0,0,0
17.7994,86323,863461546,2093,0,0,0
17.8098,86324,863471546,2109,0,0,0
17.8208,86325,863481546,2123,0,0,0
17.8304,86326,863491546,2112,0,0,0
17.8401,86327,863501546,2126,0,0,0
17.8504,86328,863511546,2121,0,0,0
17.8608,86329,863521546,2128,0,0,0
17.8706,86330,863531546,2118,0,0,0
17.8814,86331,863541546,2129,0,0,0
17.8899,86332,863551546,2118,0,0,0
17.9000,86333,863561546,2133,0,0,0
17.9104,86334,863571546,2127,0,0,0
17.9199,86335,863581546,2128,0,0,0
17.9306,86336,863591546,2127,0,0,0
17.9402,86337,863601546,2141,0,0,0
17.9509,86338,863611546,2133,0,0,0
17.9608,86339,863621546,2144,0,0,0
17.9701,86340,863631546,2142,0,0,0
17.9806,86341,863641546,2149,0,0,0
17.9899,86342,863651546,2148,0,0,0
17.9998,86343,863661546,2160,0,0,0
18.0100,86344,863671546,2157,0,0,0
18.0198,86345,863681546,2160,0,0,0
18.0298,86346,863691546,2156,0,0,0
18.0401,86347,863701546,2144,0,0,0
18.0500,86348,863711546,2125,0,0,0
18.0603,86349,863721546,2119,0,0,0
18.0705,86350,863731546,2106,0,0,0
18.0805,86351,863741546,2103,0,0,0
18.0899,86352,863751546,2094,0,0,0
18.0998,86353,863761546,2091,0,0,0
18.1102,86354,863771546,2087,0,0,0
18.1198,86355,863781546,2083,0,0,0
18.1300,86356,863791546,2093,0,0,0
18.1413,86357,863801546,2086,0,0,0
18.1506,86358,863811546,2091,0,0,0
18.1609,86359,863821546,2098,0,0,0
18.1699,86360,863831546,2102,0,0,0
18.1804,86361,863841546,2107,0,0,0
18.1912,86362,863851546,2101,0,0,0
18.1999,86363,863861546,2107,0,0,0
18.2107,86364,863871546,2100,0,0,0
18.2203,86365,863881546,2109,0,0,0
18.2313,86366,863891546,2112,0,0,0
18.2403,86367,863901546,2105,0,0,0
18.2500,86368,863911546,2109,0,0,0
18.2600,86369,863921546,2106,0,0,0
18.2700,86370,863931546,2102,0,0,0
18.2803,86371,863941546,2108,0,0,0
18.2908,86372,863951546,2095,0,0,0
18.3001,86373,863961546,2093,0,0,0
18.3099,86374,863971546,2101,0,0,0
18.3202,86375,863981546,2100,0,0,0
18.3303,86376,863991546,2101,0,0,0
18.3408,86377,864001546,2091,0,0,0
18.3500,86378,864011546,2103,0,0,0
18.3607,86379,864021546,2114,0,0,0
18.3698,86380,864031546,2111,0,0,0
18.3798,86381,864041546,2115,0,0,0
18.3905,86382,864051546,2115,0,0,0
18.4001,86383,864061546,2121,0,0,0
18.4106,86384,864071546,2128,0,0,0
18.4200,86385,864081546,2125,0,0,0
18.4307,86386,864091546,2112,0,0,0
18.4411,86387,864101546,2113,0,0,0
18.4502,86388,864111546,2100,0,0,0
18.4603,86389,864121546,2109,0,0,0
18.4707,86390,864131546,2102,0,0,0
18.4814,86391,864141546,2110,0,0,0
18.4912,86392,864151546,2107,0,0,0
18.5001,86393,864161546,2114,0,0,0
18.5098,86394,864171546,2112,0,0,0
18.5202,86395,864181546,2160,0,0,0
18.5303,86396,864191546,2274,0,0,0
18.5398,86397,864201546,2341,0,0,0
18.5511,86398,864211546,2118,0,0,0
18.5605,86399,864221546,1894,0,0,0
18.5699,86400,864231546,2017,0,0,0
18.5801,86401,864241546,2106,0,0,0
18.5903,86402,864251546,2107,0,0,0
18.6006,86403,864261546,2114,0,0,0
18.6106,86404,864271546,2113,0,0,0
18.6207,86405,864281546,2114,0,0,0
18.6310,86406,864291546,2115,0,0,0
18.6401,86407,864301546,2121,0,0,0
18.6513,86408,864311546,2122,0,0,0
18.6600,86409,864321546,2122,0,0,0
18.6712,86410,864331546,2125,0,0,0
18.6806,86411,864341546,2126,0,0,0
18.6908,86412,864351546,2126,0,0,0
18.7002,86413,864361546,2123,0,0,0
18.7099,86414,864371546,2122,0,0,0
18.7204,86415,864381546,2132,0,0,0
18.7304,86416,864391546,2127,0,0,0
18.7402,86417,864401546,2132,0,0,0
18.7507,86418,864411546,2128,0,0,0
18.7608,86419,864421546,2138,0,0,0
18.7710,86420,864431546,2139,0,0,0
18.7807,86421,864441546,2150,0,0,0
18.7899,86422,864451546,2143,0,0,0
18.7998,86423,864461546,2146,0,0,0
18.8111,86424,864471546,2143,0,0,0
18.8198,86425,864481546,2131,0,0,0
18.8310,86426,864491546,2118,0,0,0
18.8399,86427,864501546,2114,0,0,0
18.8504,86428,864511546,2100,0,0,0
18.8601,86429,864521546,2099,0,0,0
18.8713,86430,864531546,2087,0,0,0
18.8813,86431,864541546,2091,0,0,0
18.8911,86432,864551546,2089,0,0,0
18.9003,86433,864561546,2096,0,0,0
18.9100,86434,864571546,2086,0,0,0
18.9203,86435,864581546,2096,0,0,0
18.9303,86436,864591546,2095,0,0,0
18.9398,86437,864601546,2104,0,0,0
18.9511,86438,864611546,2098,0,0,0
18.9608,86439,864621546,2101,0,0,0
18.9707,86440,864631546,2096,0,0,0
18.9802,86441,864641546,2109,0,0,0
18.9906,86442,864651546,2099,0,0,0
19.0007,86443,864661546,2103,0,0,0
19.0111,86444,864671546,2101,0,0,0
19.0209,86445,864681546,2102,0,0,0
19.0311,86446,864691546,2098,0,0,0
19.0399,86447,864701546,2106,0,0,0
19.0500,86448,864711546,2099,0,0,0
19.0601,86449,864721546,2109,0,0,0
19.0699,86450,864731546,2108,0,0,0
19.0803,86451,864741546,2113,0,0,0
19.0903,86452,864751546,2107,0,0,0
19.1002,86453,864761546,2112,0,0,0
19.1099,86454,864771546,2113,0,0,0
19.1200,86455,864781546,2114,0,0,0
19.1307,86456,864791546,2113,0,0,0
19.1407,86457,864801546,2110,0,0,0
19.1507,86458,864811546,2119,0,0,0
19.1610,86459,864821546,2123,0,0,0
19.1705,86460,864831546,2117,0,0,0
19.1801,86461,864841546,2131,0,0,0
19.1905,86462,864851546,2125,0,0,0
19.2011,86463,864861546,2119,0,0,0
19.2099,86464,864871546,2110,0,0,0
19.2206,86465,864881546,2111,0,0,0
19.2306,86466,864891546,2110,0,0,0
19.2402,86467,864901546,2106,0,0,0
19.2502,86468,864911546,2112,0,0,0
19.2605,86469,864921546,2110,0,0,0
19.2703,86470,864931546,2115,0,0,0
19.2806,86471,864941546,2111,0,0,0
19.2900,86472,864951546,2138,0,0,0
19.3001,86473,864961546,2233,0,0,0
19.3100,86474,864971546,2318,0,0,0
19.3216,86475,864981546,2190,0,0,0
19.3300,86476,864991546,1904,0,0,0
19.3403,86477,865001546,1984,0,0,0
19.3503,86478,865011546,2106,0,0,0
19.3602,86479,865021546,2112,0,0,0
19.3704,86480,865031546,2115,0,0,0
19.3809,86481,865041546,2117,0,0,0
19.3909,86482,865051546,2119,0,0,0
19.4000,86483,865061546,2117,0,0,0
19.4108,86484,865071546,2123,0,0,0
19.4206,86485,865081546,2126,0,0,0
19.4319,86486,865091546,2128,0,0,0
19.4404,86487,865101546,2127,0,0,0
19.4502,86488,865111546,2126,0,0,0
19.4598,86489,865121546,2125,0,0,0
19.4699,86490,865131546,2125,0,0,0
19.4799,86491,865141546,2128,0,0,0
19.4904,86492,865151546,2128,0,0,0
19.5000,86493,865161546,2112,0,0,0
19.5109,86494,865171546,2122,0,0,0
19.5198,86495,865181546,2117,0,0,0
19.5306,86496,865191546,2128,0,0,0
19.5399,86497,865201546,2144,0,0,0
19.5509,86498,865211546,2150,0,0,0
19.5606,86499,865221546,2143,0,0,0
19.5702,86500,865231546,2135,0,0,0
19.5807,86501,865241546,2128,0,0,0
19.5907,86502,865251546,2128,0,0,0
19.6005,86503,865261546,2123,0,0,0
19.6107,86504,865271546,2096,0,0,0
19.6209,86505,865281546,2082,0,0,0
19.6303,86506,865291546,2069,0,0,0
19.6399,86507,865301546,2093,0,0,0
19.6507,86508,865311546,2083,0,0,0
19.6605,86509,865321546,2079,0,0,0
19.6709,86510,865331546,2084,0,0,0
19.6801,86511,865341546,2064,0,0,0
19.6913,86512,865351546,2091,0,0,0
19.6999,86513,865361546,2071,0,0,0
19.7102,86514,865371546,2095,0,0,0
19.7198,86515,865381546,2098,0,0,0
19.7309,86516,865391546,2093,0,0,0
19.7417,86517,865401546,2102,0,0,0
19.7507,86518,865411546,2102,0,0,0
19.7600,86519,865421546,2100,0,0,0
19.7703,86520,865431546,2103,0,0,0
19.7803,86521,865441546,2099,0,0,0
19.7897,86522,865451546,2107,0,0,0
19.8001,86523,865461546,2103,0,0,0
19.8107,86524,865471546,2103,0,0,0
19.8204,86525,865481546,2099,0,0,0
19.8302,86526,865491546,2099,0,0,0
19.8405,86527,865501546,2110,0,0,0
19.8510,86528,865511546,2107,0,0,0
19.8606,86529,865521546,2103,0,0,0
19.8704,86530,865531546,2117,0,0,0
19.8811,86531,865541546,2112,0,0,0
19.8911,86532,865551546,2117,0,0,0
19.9012,86533,865561546,2113,0,0,0
19.9102,86534,865571546,2128,0,0,0
19.9199,86535,865581546,2119,0,0,0
19.9300,86536,865591546,2119,0,0,0
19.9399,86537,865601546,2109,0,0,0
19.9497,86538,865611546,2111,0,0,0
19.9596,86539,865621546,2095,0,0,0
19.9697,86540,865631546,2107,0,0,0
19.9799,86541,865641546,2106,0,0,0
19.9895,86542,865651546,2109,0,0,0
19.9998,86543,865661546,2107,0,0,0
20.0098,86544,865671546,2112,0,0,0
20.0196,86545,865681546,2151,0,0,0
20.0301,86546,865691546,2289,0,0,0
20.0399,86547,865701546,2310,0,0,0
20.0502,86548,865711546,2047,0,0,0
20.0596,86549,865721546,1839,0,0,0
20.0699,86550,865731546,2019,0,0,0
20.0798,86551,865741546,2103,0,0,0
20.0966,86552,865751546,2117,0,0,0
20.0996,86553,865761546,2112,0,0,0
20.1104,86554,865771546,2121,0,0,0
20.1226,86555,865781546,2121,0,0,0
20.1295,86556,865791546,2119,0,0,0
20.1395,86557,865801546,2118,0,0,0
20.1503,86558,865811546,2118,0,0,0
20.1597,86559,865821546,2117,0,0,0
20.1702,86560,865831546,2120,0,0,0
20.1804,86561,865841546,2121,0,0,0
20.1897,86562,865851546,2119,0,0,0
20.2008,86563,865861546,2125,0,0,0
20.2124,86564,865871546,2125,0,0,0
20.2276,86565,865881546,2124,0,0,0
20.2308,86566,865891546,2134,0,0,0
20.2402,86567,865901546,2128,0,0,0
20.2500,86568,865911546,2136,0,0,0
20.2603,86569,865921546,2139,0,0,0
20.2700,86570,865931546,2151,0,0,0
20.2801,86571,865941546,2144,0,0,0
20.2901,86572,865951546,2155,0,0,0
20.2996,86573,865961546,2145,0,0,0
20.3139,86574,865971546,2149,0,0,0
20.3208,86575,865981546,2123,0,0,0
20.3313,86576,865991546,2112,0,0,0
20.3396,86577,866001546,2096,0,0,0
20.3502,86578,866011546,2091,0,0,0
20.3599,86579,866021546,2076,0,0,0
20.3700,86580,866031546,2079,0,0,0
20.3796,86581,866041546,2066,0,0,0
20.3990,86582,866051546,2074,0,0,0
20.4002,86583,866061546,2075,0,0,0
20.4183,86584,866071546,2075,0,0,0
20.4203,86585,866081546,2079,0,0,0
20.4400,86586,866091546,2086,0,0,0
20.4407,86587,866101546,2093,0,0,0
20.4506,86588,866111546,2073,0,0,0
20.4599,86589,866121546,2093,0,0,0
20.4702,86590,866131546,2091,0,0,0
20.4799,86591,866141546,2081,0,0,0
20.4902,86592,866151546,2098,0,0,0
20.4997,86593,866161546,2080,0,0,0
20.5101,86594,866171546,2107,0,0,0
20.5210,86595,866181546,2081,0,0,0
20.5305,86596,866191546,2091,0,0,0
20.5403,86597,866201546,2107,0,0,0
20.5506,86598,866211546,2109,0,0,0
20.5603,86599,866221546,2107,0,0,0
20.5706,86600,866231546,2112,0,0,0
20.5807,86601,866241546,2105,0,0,0
20.5898,86602,866251546,2099,0,0,0
20.6004,86603,866261546,2094,0,0,0
20.6107,86604,866271546,2090,0,0,0
20.6208,86605,866281546,2091,0,0,0
20.6310,86606,866291546,2095,0,0,0
20.6400,86607,866301546,2096,0,0,0
20.6508,86608,866311546,2100,0,0,0
20.6611,86609,866321546,2098,0,0,0
20.6712,86610,866331546,2133,0,0,0
20.6801,86611,866341546,2238,0,0,0
20.6917,86612,866351546,2313,0,0,0
20.7006,86613,866361546,2114,0,0,0
20.7099,86614,866371546,1825,0,0,0
20.7205,86615,866381546,1936,0,0,0
20.7307,86616,866391546,2083,0,0,0
20.7409,86617,866401546,2096,0,0,0
20.7507,86618,866411546,2114,0,0,0
20.7603,86619,866421546,2107,0,0,0
20.7700,86620,866431546,2109,0,0,0
20.7804,86621,866441546,2106,0,0,0
20.7900,86622,866451546,2121,0,0,0
20.7998,86623,866461546,2121,0,0,0
20.8100,86624,866471546,2123,0,0,0
20.8209,86625,866481546,2118,0,0,0
20.8307,86626,866491546,2130,0,0,0
20.8404,86627,866501546,2123,0,0,0
20.8503,86628,866511546,2128,0,0,0
20.8604,86629,866521546,2128,0,0,0
20.8708,86630,866531546,2135,0,0,0
20.8801,86631,866541546,2128,0,0,0
20.8911,86632,866551546,2141,0,0,0
20.8999,86633,866561546,2137,0,0,0
20.9109,86634,866571546,2147,0,0,0
20.9201,86635,866581546,2145,0,0,0
20.9309,86636,866591546,2159,0,0,0
20.9403,86637,866601546,2153,0,0,0
20.9502,86638,866611546,2157,0,0,0
20.9598,86639,866621546,2139,0,0,0
20.9711,86640,866631546,2128,0,0,0
20.9804,86641,866641546,2105,0,0,0
20.9897,86642,866651546,2097,0,0,0
21.0001,86643,866661546,2078,0,0,0
21.0101,86644,866671546,2077,0,0,0
21.0205,86645,866681546,2075,0,0,0
21.0302,86646,866691546,2075,0,0,0
21.0400,86647,866701546,2075,0,0,0
21.0504,86648,866711546,2068,0,0,0
21.0600,86649,866721546,2069,0,0,0
21.0705,86650,866731546,2081,0,0,0
21.0812,86651,866741546,2079,0,0,0
21.0905,86652,866751546,2094,0,0,0
21.0999,86653,866761546,2090,0,0,0
21.1105,86654,866771546,2095,0,0,0
21.1215,86655,866781546,2095,0,0,0
21.1301,86656,866791546,2103,0,0,0
21.1400,86657,866801546,2099,0,0,0
21.1502,86658,866811546,2102,0,0,0
21.1603,86659,866821546,2099,0,0,0
21.1701,86660,866831546,2096,0,0,0
21.1801,86661,866841546,2100,0,0,0
21.1903,86662,866851546,2109,0,0,0
21.2006,86663,866861546,2107,0,0,0
21.2108,86664,866871546,2113,0,0,0
21.2202,86665,866881546,2119,0,0,0
21.2308,86666,866891546,2113,0,0,0
21.2405,86667,866901546,2101,0,0,0
21.2513,86668,866911546,2103,0,0,0
21.2602,86669,866921546,2090,0,0,0
21.2712,86670,866931546,2096,0,0,0
21.2817,86671,866941546,2094,0,0,0
21.2912,86672,866951546,2106,0,0,0
21.3004,86673,866961546,2096,0,0,0
21.3102,86674,866971546,2100,0,0,0
21.3221,86675,866981546,2107,0,0,0
21.3299,86676,866991546,2185,0,0,0
21.3399,86677,867001546,2305,0,0,0
21.3508,86678,867011546,2294,0,0,0
21.3613,86679,867021546,1936,0,0,0
21.3705,86680,867031546,1827,0,0,0
21.3801,86681,867041546,2027,0,0,0
21.3904,86682,867051546,2106,0,0,0
21.4001,86683,867061546,2112,0,0,0
21.4100,86684,867071546,2113,0,0,0
21.4200,86685,867081546,2115,0,0,0
21.4295,86686,867091546,2123,0,0,0
21.4399,86687,867101546,2121,0,0,0
21.4496,86688,867111546,2131,0,0,0
21.4601,86689,867121546,2123,0,0,0
21.4704,86690,867131546,2125,0,0,0
21.4800,86691,867141546,2125,0,0,0
21.4901,86692,867151546,2135,0,0,0
21.5000,86693,867161546,2128,0,0,0
21.5100,86694,867171546,2135,0,0,0
21.5198,86695,867181546,2134,0,0,0
21.5306,86696,867191546,2137,0,0,0
21.5402,86697,867201546,2134,0,0,0
21.5502,86698,867211546,2146,0,0,0
21.5602,86699,867221546,2147,0,0,0
21.5703,86700,867231546,2155,0,0,0
21.5817,86701,867241546,2160,0,0,0
21.5905,86702,867251546,2155,0,0,0
21.6008,86703,867261546,2151,0,0,0
21.6116,86704,867271546,2149,0,0,0
21.6200,86705,867281546,2131,0,0,0
21.6304,86706,867291546,2122,0,0,0
21.6399,86707,867301546,2101,0,0,0
21.6501,86708,867311546,2090,0,0,0
21.6598,86709,867321546,2081,0,0,0
21.6712,86710,867331546,2078,0,0,0
21.6809,86711,867341546,2077,0,0,0
21.6903,86712,867351546,2079,0,0,0
21.7003,86713,867361546,2075,0,0,0
21.7100,86714,867371546,2080,0,0,0
21.7199,86715,867381546,2076,0,0,0
21.7301,86716,867391546,2083,0,0,0
21.7407,86717,867401546,2078,0,0,0
21.7501,86718,867411546,2094,0,0,0
21.7599,86719,867421546,2090,0,0,0
21.7705,86720,867431546,2095,0,0,0
21.7798,86721,867441546,2095,0,0,0
21.7894,86722,867451546,2096,0,0,0
21.8004,86723,867461546,2091,0,0,0
21.8099,86724,867471546,2099,0,0,0
21.8198,86725,867481546,2097,0,0,0
21.8308,86726,867491546,2096,0,0,0
21.8405,86727,867501546,2096,0,0,0
21.8498,86728,867511546,2099,0,0,0
21.8613,86729,867521546,2096,0,0,0
21.8705,86730,867531546,2112,0,0,0
21.8814,86731,867541546,2103,0,0,0
21.8903,86732,867551546,2107,0,0,0
21.9000,86733,867561546,2112,0,0,0
21.9101,86734,867571546,2110,0,0,0
21.9200,86735,867581546,2101,0,0,0
21.9302,86736,867591546,2098,0,0,0
21.9398,86737,867601546,2095,0,0,0
21.9504,86738,867611546,2093,0,0,0
21.9603,86739,867621546,2091,0,0,0
21.9703,86740,867631546,2096,0,0,0
21.9810,86741,867641546,2097,0,0,0
21.9901,86742,867651546,2107,0,0,0
21.9999,86743,867661546,2111,0,0,0
22.0103,86744,867671546,2176,0,0,0
22.0205,86745,867681546,2293,0,0,0
22.0304,86746,867691546,2311,0,0,0
22.0398,86747,867701546,1990,0,0,0
22.0498,86748,867711546,1825,0,0,0
22.0605,86749,867721546,2013,0,0,0
22.0707,86750,867731546,2108,0,0,0
22.0802,86751,867741546,2112,0,0,0
22.0909,86752,867751546,2125,0,0,0
22.1004,86753,867761546,2118,0,0,0
22.1103,86754,867771546,2118,0,0,0
22.1198,86755,867781546,2119,0,0,0
22.1299,86756,867791546,2122,0,0,0
22.1396,86757,867801546,2123,0,0,0
22.1496,86758,867811546,2121,0,0,0
22.1600,86759,867821546,2127,0,0,0
22.1698,86760,867831546,2127,0,0,0
22.1798,86761,867841546,2128,0,0,0
22.1898,86762,867851546,2136,0,0,0
22.1997,86763,867861546,2128,0,0,0
22.2098,86764,867871546,2131,0,0,0
22.2199,86765,867881546,2134,0,0,0
22.2301,86766,867891546,2138,0,0,0
22.2408,86767,867901546,2135,0,0,0
22.2504,86768,867911546,2144,0,0,0
22.2604,86769,867921546,2143,0,0,0
22.2700,86770,867931546,2148,0,0,0
22.2813,86771,867941546,2147,0,0,0
22.2905,86772,867951546,2147,0,0,0
22.3000,86773,867961546,2138,0,0,0
22.3307,86776,867991546,2102,0,0,0
22.3406,86777,868001546,2086,0,0,0
22.3507,86778,868011546,2087,0,0,0
22.3604,86779,868021546,2083,0,0,0
22.3708,86780,868031546,2079,0,0,0
22.3813,86781,868041546,2081,0,0,0
22.3909,86782,868051546,2078,0,0,0
22.4008,86783,868061546,2086,0,0,0
22.4107,86784,868071546,2086,0,0,0
22.4210,86785,868081546,2086,0,0,0
22.4304,86786,868091546,2095,0,0,0
22.4404,86787,868101546,2097,0,0,0
22.4501,86788,868111546,2096,0,0,0
22.4598,86789,868121546,2101,0,0,0
22.4712,86790,868131546,2091,0,0,0
22.4806,86791,868141546,2096,0,0,0
22.4900,86792,868151546,2094,0,0,0
22.5001,86793,868161546,2095,0,0,0
22.5099,86794,868171546,2101,0,0,0
22.5200,86795,868181546,2098,0,0,0
22.5309,86796,868191546,2096,0,0,0
22.5399,86797,868201546,2101,0,0,0
22.5497,86798,868211546,2096,0,0,0
22.5606,86799,868221546,2096,0,0,0
22.5700,86800,868231546,2102,0,0,0
22.5809,86801,868241546,2101,0,0,0
22.5907,86802,868251546,2102,0,0,0
22.6009,86803,868261546,2103,0,0,0
22.6108,86804,868271546,2106,0,0,0
22.6204,86805,868281546,2108,0,0,0
22.6307,86806,868291546,2110,0,0,0
22.6409,86807,868301546,2110,0,0,0
22.6506,86808,868311546,2110,0,0,0
22.6599,86809,868321546,2114,0,0,0
22.6712,86810,868331546,2114,0,0,0
22.6809,86811,868341546,2112,0,0,0
22.6906,86812,868351546,2103,0,0,0
22.7001,86813,868361546,2112,0,0,0
22.7106,86814,868371546,2109,0,0,0
22.7205,86815,868381546,2097,0,0,0
22.7316,86816,868391546,2096,0,0,0
22.7407,86817,868401546,2102,0,0,0
22.7511,86818,868411546,2103,0,0,0
22.7601,86819,868421546,2105,0,0,0
22.7703,86820,868431546,2107,0,0,0
22.7804,86821,868441546,2121,0,0,0
22.7902,86822,868451546,2206,0,0,0
22.8003,86823,868461546,2325,0,0,0
22.8105,86824,868471546,2240,0,0,0
22.8212,86825,868481546,1887,0,0,0
22.8309,86826,868491546,1886,0,0,0
22.8408,86827,868501546,2080,0,0,0
22.8505,86828,868511546,2109,0,0,0
22.8607,86829,868521546,2117,0,0,0
22.8703,86830,868531546,2115,0,0,0
22.8810,86831,868541546,2116,0,0,0
22.8908,86832,868551546,2118,0,0,0
22.9000,86833,868561546,2118,0,0,0
22.9099,86834,868571546,2117,0,0,0
22.9202,86835,868581546,2125,0,0,0
22.9307,86836,868591546,2115,0,0,0
22.9405,86837,868601546,2128,0,0,0
22.9498,86838,868611546,2126,0,0,0
22.9606,86839,868621546,2128,0,0,0
22.9711,86840,868631546,2125,0,0,0
22.9805,86841,868641546,2129,0,0,0
22.9904,86842,868651546,2135,0,0,0
22.9997,86843,868661546,2133,0,0,0
23.0097,86844,868671546,2132,0,0,0
23.0208,86845,868681546,2135,0,0,0
23.0304,86846,868691546,2139,0,0,0
23.0412,86847,868701546,2148,0,0,0
23.0504,86848,868711546,2139,0,0,0
23.0597,86849,868721546,2145,0,0,0
23.0703,86850,868731546,2135,0,0,0
23.0812,86851,868741546,2129,0,0,0
23.0905,86852,868751546,2115,0,0,0
23.1004,86853,868761546,2111,0,0,0
23.1098,86854,868771546,2096,0,0,0
23.1198,86855,868781546,2097,0,0,0
23.1301,86856,868791546,2080,0,0,0
23.1402,86857,868801546,2082,0,0,0
23.1502,86858,868811546,2081,0,0,0
23.1600,86859,868821546,2087,0,0,0
23.1702,86860,868831546,2090,0,0,0
23.1811,86861,868841546,2090,0,0,0
23.1905,86862,868851546,2089,0,0,0
23.2001,86863,868861546,2105,0,0,0
23.2114,86864,868871546,2096,0,0,0
23.2200,86865,868881546,2098,0,0,0
23.2305,86866,868891546,2099,0,0,0
23.2413,86867,868901546,2108,0,0,0
23.2503,86868,868911546,2097,0,0,0
23.2609,86869,868921546,2108,0,0,0
23.2708,86870,868931546,2099,0,0,0
23.2809,86871,868941546,2099,0,0,0
23.2903,86872,868951546,2098,0,0,0
23.3001,86873,868961546,2099,0,0,0
23.3100,86874,868971546,2107,0,0,0
23.3197,86875,868981546,2112,0,0,0
23.3300,86876,868991546,2099,0,0,0
23.3402,86877,869001546,2109,0,0,0
23.3495,86878,869011546,2096,0,0,0
23.3602,86879,869021546,2101,0,0,0
23.3698,86880,869031546,2097,0,0,0
23.3804,86881,869041546,2109,0,0,0
23.3909,86882,869051546,2107,0,0,0
23.4007,86883,869061546,2103,0,0,0
23.4107,86884,869071546,2102,0,0,0
23.4199,86885,869081546,2106,0,0,0
23.4318,86886,869091546,2109,0,0,0
23.4403,86887,869101546,2118,0,0,0
23.4501,86888,869111546,2112,0,0,0
23.4608,86889,869121546,2119,0,0,0
23.4713,86890,869131546,2118,0,0,0
23.4810,86891,869141546,2115,0,0,0
23.4898,86892,869151546,2110,0,0,0
23.5007,86893,869161546,2112,0,0,0
23.5099,86894,869171546,2101,0,0,0
23.5198,86895,869181546,2106,0,0,0
23.5306,86896,869191546,2107,0,0,0
23.5412,86897,869201546,2102,0,0,0
23.5504,86898,869211546,2106,0,0,0
23.5604,86899,869221546,2106,0,0,0
23.5711,86900,869231546,2128,0,0,0
23.5803,86901,869241546,2230,0,0,0
23.5897,86902,869251546,2324,0,0,0
23.6006,86903,869261546,2191,0,0,0
23.6101,86904,869271546,1844,0,0,0
23.6212,86905,869281546,1933,0,0,0
23.6306,86906,869291546,2086,0,0,0
23.6416,86907,869301546,2117,0,0,0
23.6499,86908,869311546,2117,0,0,0
23.6603,86909,869321546,2127,0,0,0
23.6705,86910,869331546,2122,0,0,0
23.6812,86911,869341546,2128,0,0,0
23.6906,86912,869351546,2123,0,0,0
23.7000,86913,869361546,2131,0,0,0
23.7101,86914,869371546,2128,0,0,0
23.7201,86915,869381546,2131,0,0,0
23.7300,86916,869391546,2128,0,0,0
23.7405,86917,869401546,2133,0,0,0
23.7499,86918,869411546,2133,0,0,0
23.7601,86919,869421546,2131,0,0,0
23.7706,86920,869431546,2128,0,0,0
23.7806,86921,869441546,2147,0,0,0
23.7903,86922,869451546,2135,0,0,0
23.8000,86923,869461546,2148,0,0,0
23.8107,86924,869471546,2151,0,0,0
23.8201,86925,869481546,2157,0,0,0
23.8300,86926,869491546,2146,0,0,0
23.8410,86927,869501546,2158,0,0,0
23.8507,86928,869511546,2144,0,0,0
23.8600,86929,869521546,2158,0,0,0
23.8706,86930,869531546,2141,0,0,0
23.8809,86931,869541546,2129,0,0,0
23.8905,86932,869551546,2111,0,0,0
23.9003,86933,869561546,2106,0,0,0
23.9100,86934,869571546,2096,0,0,0
23.9209,86935,869581546,2095,0,0,0
23.9309,86936,869591546,2086,0,0,0
23.9397,86937,869601546,2087,0,0,0
23.9499,86938,869611546,2084,0,0,0
23.9600,86939,869621546,2095,0,0,0
23.9698,86940,869631546,2088,0,0,0
23.9799,86941,869641546,2096,0,0,0
23.9905,86942,869651546,2094,0,0,0
24.0005,86943,869661546,2103,0,0,0
24.0114,86944,869671546,2099,0,0,0
24.0207,86945,869681546,2106,0,0,0
24.0303,86946,869691546,2103,0,0,0
24.0418,86947,869701546,2109,0,0,0
24.0505,86948,869711546,2094,0,0,0
24.0598,86949,869721546,2110,0,0,0
24.0703,86950,869731546,2098,0,0,0
24.0812,86951,869741546,2110,0,0,0
24.0904,86952,869751546,2103,0,0,0
24.1000,86953,869761546,2108,0,0,0
24.1098,86954,869771546,2102,0,0,0
24.1211,86955,869781546,2105,0,0,0
24.1297,86956,869791546,2102,0,0,0
24.1399,86957,869801546,2111,0,0,0
24.1499,86958,869811546,2102,0,0,0
24.1599,86959,869821546,2110,0,0,0
24.1699,86960,869831546,2107,0,0,0
24.1800,86961,869841546,2109,0,0,0
24.1901,86962,869851546,2101,0,0,0
24.2011,86963,869861546,2110,0,0,0
24.2106,86964,869871546,2096,0,0,0
24.2215,86965,869881546,2109,0,0,0
24.2307,86966,869891546,2112,0,0,0
24.2409,86967,869901546,2112,0,0,0
24.2506,86968,869911546,2107,0,0,0
24.2607,86969,869921546,2109,0,0,0
24.2707,86970,869931546,2106,0,0,0
24.2808,86971,869941546,2117,0,0,0
24.2911,86972,869951546,2112,0,0,0
24.3002,86973,869961546,2117,0,0,0
24.3099,86974,869971546,2107,0,0,0
24.3202,86975,869981546,2130,0,0,0
24.3314,86976,869991546,2110,0,0,0
24.3405,86977,870001546,2119,0,0,0
24.3506,86978,870011546,2101,0,0,0
24.3603,86979,870021546,2107,0,0,0
24.3699,86980,870031546,2101,0,0,0
24.3801,86981,870041546,2111,0,0,0
24.3894,86982,870051546,2106,0,0,0
24.3995,86983,870061546,2107,0,0,0
24.4095,86984,870071546,2107,0,0,0
24.4194,86985,870081546,2126,0,0,0
24.4302,86986,870091546,2201,0,0,0
24.4395,86987,870101546,2320,0,0,0
24.4496,86988,870111546,2231,0,0,0
24.4600,86989,870121546,1888,0,0,0
24.4699,86990,870131546,1895,0,0,0
24.4803,86991,870141546,2090,0,0,0
24.4906,86992,870151546,2108,0,0,0
24.5004,86993,870161546,2119,0,0,0
24.5102,86994,870171546,2123,0,0,0
24.5198,86995,870181546,2122,0,0,0
24.5309,86996,870191546,2121,0,0,0
24.5410,86997,870201546,2123,0,0,0
24.5498,86998,870211546,2115,0,0,0
24.5597,86999,870221546,2128,0,0,0
24.5705,87000,870231546,2117,0,0,0
24.5809,87001,870241546,2129,0,0,0
24.5901,87002,870251546,2128,0,0,0
24.6001,87003,870261546,2130,0,0,0
24.6098,87004,870271546,2131,0,0,0
24.6197,87005,870281546,2134,0,0,0
24.6298,87006,870291546,2128,0,0,0
24.6398,87007,870301546,2130,0,0,0
24.6499,87008,870311546,2129,0,0,0
24.6598,87009,870321546,2143,0,0,0
24.6698,87010,870331546,2139,0,0,0
24.6798,87011,870341546,2150,0,0,0
24.6903,87012,870351546,2142,0,0,0
24.7007,87013,870361546,2146,0,0,0
24.7094,87014,870371546,2148,0,0,0
24.7202,87015,870381546,2139,0,0,0
24.7295,87016,870391546,2127,0,0,0
24.7398,87017,870401546,2111,0,0,0
24.7497,87018,870411546,2098,0,0,0
24.7607,87019,870421546,2096,0,0,0
24.7697,87020,870431546,2095,0,0,0
24.7799,87021,870441546,2087,0,0,0
24.7901,87022,870451546,2083,0,0,0
24.8009,87023,870461546,2087,0,0,0
24.8109,87024,870471546,2091,0,0,0
24.8199,87025,870481546,2095,0,0,0
24.8316,87026,870491546,2088,0,0,0
24.8397,87027,870501546,2096,0,0,0
24.8501,87028,870511546,2095,0,0,0
24.8602,87029,870521546,2085,0,0,0
24.8702,87030,870531546,2092,0,0,0
24.8811,87031,870541546,2085,0,0,0
24.8910,87032,870551546,2101,0,0,0
24.9001,87033,870561546,2092,0,0,0
24.9100,87034,870571546,2100,0,0,0
24.9196,87035,870581546,2090,0,0,0
24.9303,87036,870591546,2095,0,0,0
24.9402,87037,870601546,2105,0,0,0
24.9499,87038,870611546,2090,0,0,0
24.9601,87039,870621546,2100,0,0,0
24.9699,87040,870631546,2081,0,0,0
24.9802,87041,870641546,2086,0,0,0
24.9902,87042,870651546,2098,0,0,0
25.0001,87043,870661546,2095,0,0,0
25.0107,87044,870671546,2081,0,0,0
25.0208,87045,870681546,2099,0,0,0
25.0303,87046,870691546,2107,0,0,0
25.0399,87047,870701546,2094,0,0,0
25.0507,87048,870711546,2101,0,0,0
25.0597,87049,870721546,2096,0,0,0
25.0709,87050,870731546,2105,0,0,0
25.0800,87051,870741546,2107,0,0,0
25.0914,87052,870751546,2100,0,0,0
25.1000,87053,870761546,2101,0,0,0
25.1106,87054,870771546,2108,0,0,0
25.1200,87055,870781546,2117,0,0,0
25.1310,87056,870791546,2112,0,0,0
25.1398,87057,870801546,2121,0,0,0
25.1512,87058,870811546,2123,0,0,0
25.1611,87059,870821546,2118,0,0,0
25.1701,87060,870831546,2112,0,0,0
25.1799,87061,870841546,2109,0,0,0
25.1910,87062,870851546,2097,0,0,0
25.2009,87063,870861546,2096,0,0,0
25.2100,87064,870871546,2102,0,0,0
25.2210,87065,870881546,2108,0,0,0
25.2309,87066,870891546,2103,0,0,0
25.2403,87067,870901546,2110,0,0,0
25.2501,87068,870911546,2127,0,0,0
25.2599,87069,870921546,2212,0,0,0
25.2702,87070,870931546,2307,0,0,0
25.2801,87071,870941546,2219,0,0,0
25.2902,87072,870951546,1879,0,0,0
25.2998,87073,870961546,1902,0,0,0
25.3101,87074,870971546,2078,0,0,0
25.3202,87075,870981546,2106,0,0,0
25.3301,87076,870991546,2118,0,0,0
25.3405,87077,871001546,2123,0,0,0
25.3498,87078,871011546,2119,0,0,0
25.3608,87079,871021546,2123,0,0,0
25.3698,87080,871031546,2124,0,0,0
25.3800,87081,871041546,2126,0,0,0
25.3899,87082,871051546,2123,0,0,0
25.3998,87083,871061546,2126,0,0,0
25.4108,87084,871071546,2128,0,0,0
25.4210,87085,871081546,2128,0,0,0
25.4302,87086,871091546,2128,0,0,0
25.4405,87087,871101546,2130,0,0,0
25.4509,87088,871111546,2127,0,0,0
25.4599,87089,871121546,2130,0,0,0
25.4698,87090,871131546,2130,0,0,0
25.4814,87091,871141546,2139,0,0,0
25.4912,87092,871151546,2137,0,0,0
25.5003,87093,871161546,2146,0,0,0
25.5101,87094,871171546,2144,0,0,0
25.5201,87095,871181546,2143,0,0,0
25.5309,87096,871191546,2145,0,0,0
25.5412,87097,871201546,2140,0,0,0
25.5500,87098,871211546,2129,0,0,0
25.5609,87099,871221546,2119,0,0,0
25.5699,87100,871231546,2109,0,0,0
25.5809,87101,871241546,2098,0,0,0
25.5900,87102,871251546,2096,0,0,0
25.6007,87103,871261546,2091,0,0,0
25.6112,87104,871271546,2083,0,0,0
25.6205,87105,871281546,2080,0,0,0
25.6314,87106,871291546,2080,0,0,0
25.6400,87107,871301546,2089,0,0,0
25.6511,87108,871311546,2087,0,0,0
25.6606,87109,871321546,2091,0,0,0
25.6710,87110,871331546,2099,0,0,0
25.6806,87111,871341546,2101,0,0,0
25.6906,87112,871351546,2095,0,0,0
25.7010,87113,871361546,2099,0,0,0
25.7108,87114,871371546,2106,0,0,0
25.7205,87115,871381546,2103,0,0,0
25.7307,87116,871391546,2107,0,0,0
25.7408,87117,871401546,2102,0,0,0
25.7506,87118,871411546,2109,0,0,0
25.7600,87119,871421546,2110,0,0,0
25.7709,87120,871431546,2101,0,0,0
25.7804,87121,871441546,2103,0,0,0
25.7899,87122,871451546,2107,0,0,0
25.8007,87123,871461546,2102,0,0,0
25.8103,87124,871471546,2101,0,0,0
25.8200,87125,871481546,2101,0,0,0
25.8302,87126,871491546,2106,0,0,0
25.8401,87127,871501546,2099,0,0,0
25.8500,87128,871511546,2109,0,0,0
25.8598,87129,871521546,2097,0,0,0
25.8702,87130,871531546,2099,0,0,0
25.8802,87131,871541546,2103,0,0,0
25.8903,87132,871551546,2096,0,0,0
25.9004,87133,871561546,2107,0,0,0
25.9107,87134,871571546,2109,0,0,0
25.9203,87135,871581546,2113,0,0,0
25.9300,87136,871591546,2118,0,0,0
25.9403,87137,871601546,2115,0,0,0
25.9499,87138,871611546,2125,0,0,0
25.9598,87139,871621546,2116,0,0,0
25.9697,87140,871631546,2116,0,0,0
25.9797,87141,871641546,2101,0,0,0
25.9898,87142,871651546,2106,0,0,0
25.9996,87143,871661546,2096,0,0,0
26.0098,87144,871671546,2102,0,0,0
26.0196,87145,871681546,2107,0,0,0
26.0297,87146,871691546,2112,0,0,0
26.0399,87147,871701546,2101,0,0,0
26.0498,87148,871711546,2113,0,0,0
26.0598,87149,871721546,2185,0,0,0
26.0696,87150,871731546,2311,0,0,0
26.0800,87151,871741546,2258,0,0,0
26.0897,87152,871751546,1930,0,0,0
26.0995,87153,871761546,1863,0,0,0
26.1095,87154,871771546,2064,0,0,0
26.1195,87155,871781546,2112,0,0,0
26.1299,87156,871791546,2115,0,0,0
26.1395,87157,871801546,2127,0,0,0
26.1500,87158,871811546,2128,0,0,0
26.1601,87159,871821546,2128,0,0,0
26.1697,87160,871831546,2127,0,0,0
26.1798,87161,871841546,2131,0,0,0
26.1903,87162,871851546,2131,0,0,0
26.2001,87163,871861546,2133,0,0,0
26.2103,87164,871871546,2141,0,0,0
26.2196,87165,871881546,2130,0,0,0
26.2301,87166,871891546,2137,0,0,0
26.2396,87167,871901546,2139,0,0,0
26.2496,87168,871911546,2134,0,0,0
26.2603,87169,871921546,2137,0,0,0
26.2694,87170,871931546,2146,0,0,0
26.2801,87171,871941546,2143,0,0,0
26.2902,87172,871951546,2155,0,0,0
26.2995,87173,871961546,2149,0,0,0
26.3096,87174,871971546,2157,0,0,0
26.3194,87175,871981546,2161,0,0,0
26.3299,87176,871991546,2160,0,0,0
26.3399,87177,872001546,2151,0,0,0
26.3500,87178,872011546,2151,0,0,0
26.3598,87179,872021546,2128,0,0,0
26.3698,87180,872031546,2128,0,0,0
26.3799,87181,872041546,2106,0,0,0
26.3896,87182,872051546,2103,0,0,0
26.3995,87183,872061546,2093,0,0,0
26.4095,87184,872071546,2096,0,0,0
26.4199,87185,872081546,2094,0,0,0
26.4294,87186,872091546,2093,0,0,0
26.4396,87187,872101546,2086,0,0,0
26.4494,87188,872111546,2097,0,0,0
26.4596,87189,872121546,2096,0,0,0
26.4698,87190,872131546,2097,0,0,0
26.4806,87191,872141546,2107,0,0,0
26.4897,87192,872151546,2109,0,0,0
26.4997,87193,872161546,2100,0,0,0
26.5097,87194,872171546,2106,0,0,0
26.5195,87195,872181546,2107,0,0,0
26.5301,87196,872191546,2116,0,0,0
26.5400,87197,872201546,2107,0,0,0
26.5504,87198,872211546,2112,0,0,0
26.5600,87199,872221546,2105,0,0,0
26.5698,87200,872231546,2112,0,0,0
26.5796,87201,872241546,2103,0,0,0
26.5895,87202,872251546,2110,0,0,0
26.5999,87203,872261546,2111,0,0,0
26.6104,87204,872271546,2109,0,0,0
26.6195,87205,872281546,2102,0,0,0
26.6295,87206,872291546,2110,0,0,0
26.6398,87207,872301546,2107,0,0,0
26.6505,87208,872311546,2109,0,0,0
26.6604,87209,872321546,2112,0,0,0
26.6708,87210,872331546,2115,0,0,0
26.6814,87211,872341546,2109,0,0,0
26.6901,87212,872351546,2122,0,0,0
26.7001,87213,872361546,2118,0,0,0
26.7101,87214,872371546,2115,0,0,0
26.7202,87215,872381546,2123,0,0,0
26.7300,87216,872391546,2129,0,0,0
26.7399,87217,872401546,2115,0,0,0
26.7504,87218,872411546,2115,0,0,0
26.7598,87219,872421546,2111,0,0,0
26.7712,87220,872431546,2102,0,0,0
26.7800,87221,872441546,2099,0,0,0
26.7897,87222,872451546,2105,0,0,0
26.8008,87223,872461546,2109,0,0,0
26.8111,87224,872471546,2115,0,0,0
26.8206,87225,872481546,2113,0,0,0
26.8310,87226,872491546,2133,0,0,0
26.8402,87227,872501546,2238,0,0,0
26.8498,87228,872511546,2325,0,0,0
26.8607,87229,872521546,2162,0,0,0
26.8707,87230,872531546,1850,0,0,0
26.8800,87231,872541546,1931,0,0,0
26.8914,87232,872551546,2098,0,0,0
26.9003,87233,872561546,2125,0,0,0
26.9100,87234,872571546,2125,0,0,0
26.9200,87235,872581546,2128,0,0,0
26.9312,87236,872591546,2129,0,0,0
26.9399,87237,872601546,2128,0,0,0
26.9514,87238,872611546,2135,0,0,0
26.9612,87239,872621546,2130,0,0,0
26.9698,87240,872631546,2130,0,0,0
26.9803,87241,872641546,2131,0,0,0
26.9905,87242,872651546,2139,0,0,0
27.0006,87243,872661546,2128,0,0,0
27.0103,87244,872671546,2144,0,0,0
27.0202,87245,872681546,2139,0,0,0
27.0318,87246,872691546,2147,0,0,0
27.0407,87247,872701546,2134,0,0,0
27.0505,87248,872711546,2151,0,0,0
27.0598,87249,872721546,2139,0,0,0
27.0705,87250,872731546,2160,0,0,0
27.0803,87251,872741546,2155,0,0,0
27.0905,87252,872751546,2171,0,0,0
27.1003,87253,872761546,2158,0,0,0
27.1099,87254,872771546,2159,0,0,0
27.1206,87255,872781546,2144,0,0,0
27.1301,87256,872791546,2144,0,0,0
27.1401,87257,872801546,2119,0,0,0
27.1501,87258,872811546,2113,0,0,0
27.1604,87259,872821546,2105,0,0,0
27.1713,87260,872831546,2096,0,0,0
27.1805,87261,872841546,2090,0,0,0
27.1905,87262,872851546,2095,0,0,0
27.2005,87263,872861546,2086,0,0,0
27.2110,87264,872871546,2096,0,0,0
27.2207,87265,872881546,2094,0,0,0
27.2302,87266,872891546,2103,0,0,0
27.2405,87267,872901546,2099,0,0,0
27.2503,87268,872911546,2103,0,0,0
27.2602,87269,872921546,2096,0,0,0
27.2701,87270,872931546,2115,0,0,0
27.2810,87271,872941546,2112,0,0,0
27.2906,87272,872951546,2111,0,0,0
27.3001,87273,872961546,2113,0,0,0
27.3101,87274,872971546,2119,0,0,0
27.3199,87275,872981546,2107,0,0,0
27.3309,87276,872991546,2114,0,0,0
27.3411,87277,873001546,2102,0,0,0
27.3505,87278,873011546,2112,0,0,0
27.3605,87279,873021546,2103,0,0,0
27.3701,87280,873031546,2114,0,0,0
27.3804,87281,873041546,2109,0,0,0
27.3906,87282,873051546,2116,0,0,0
27.3999,87283,873061546,2100,0,0,0
27.4115,87284,873071546,2112,0,0,0
27.4204,87285,873081546,2117,0,0,0
27.4318,87286,873091546,2130,0,0,0
27.4407,87287,873101546,2123,0,0,0
27.4507,87288,873111546,2126,0,0,0
27.4605,87289,873121546,2128,0,0,0
27.4706,87290,873131546,2128,0,0,0
27.4813,87291,873141546,2122,0,0,0
27.4905,87292,873151546,2128,0,0,0
27.5003,87293,873161546,2110,0,0,0
27.5101,87294,873171546,2112,0,0,0
27.5200,87295,873181546,2109,0,0,0
27.5305,87296,873191546,2115,0,0,0
27.5407,87297,873201546,2122,0,0,0
27.5502,87298,873211546,2121,0,0,0
27.5603,87299,873221546,2119,0,0,0
27.5709,87300,873231546,2161,0,0,0
27.5806,87301,873241546,2256,0,0,0
27.5906,87302,873251546,2326,0,0,0
27.6007,87303,873261546,2111,0,0,0
27.6104,87304,873271546,1840,0,0,0
27.6206,87305,873281546,1979,0,0,0
27.6314,87306,873291546,2109,0,0,0
27.6407,87307,873301546,2126,0,0,0
27.6507,87308,873311546,2128,0,0,0
27.6609,87309,873321546,2128,0,0,0
27.6705,87310,873331546,2138,0,0,0
27.6806,87311,873341546,2131,0,0,0
27.6910,87312,873351546,2137,0,0,0
27.7003,87313,873361546,2135,0,0,0
27.7105,87314,873371546,2141,0,0,0
27.7211,87315,873381546,2140,0,0,0
27.7305,87316,873391546,2146,0,0,0
27.7410,87317,873401546,2135,0,0,0
27.7498,87318,873411546,2145,0,0,0
27.7600,87319,873421546,2129,0,0,0
27.7702,87320,873431546,2142,0,0,0
27.7805,87321,873441546,2147,0,0,0
27.7906,87322,873451546,2145,0,0,0
27.8003,87323,873461546,2143,0,0,0
27.8109,87324,873471546,2130,0,0,0
27.8202,87325,873481546,2151,0,0,0
27.8312,87326,873491546,2165,0,0,0
27.8415,87327,873501546,2161,0,0,0
27.8500,87328,873511546,2160,0,0,0
27.8604,87329,873521546,2145,0,0,0
27.8706,87330,873531546,2143,0,0,0
27.8805,87331,873541546,2124,0,0,0
27.8906,87332,873551546,2110,0,0,0
27.9003,87333,873561546,2099,0,0,0
27.9100,87334,873571546,2096,0,0,0
27.9198,87335,873581546,2096,0,0,0
27.9306,87336,873591546,2092,0,0,0
27.9398,87337,873601546,2089,0,0,0
27.9506,87338,873611546,2092,0,0,0
27.9598,87339,873621546,2094,0,0,0
27.9699,87340,873631546,2099,0,0,0
27.9812,87341,873641546,2098,0,0,0
27.9899,87342,873651546,2101,0,0,0
28.0001,87343,873661546,2102,0,0,0
28.0104,87344,873671546,2112,0,0,0
28.0203,87345,873681546,2111,0,0,0
28.0300,87346,873691546,2112,0,0,0
28.0403,87347,873701546,2111,0,0,0
28.0500,87348,873711546,2112,0,0,0
28.0600,87349,873721546,2104,0,0,0
28.0700,87350,873731546,2111,0,0,0
28.0804,87351,873741546,2112,0,0,0
28.0906,87352,873751546,2108,0,0,0
28.0995,87353,873761546,2100,0,0,0
28.1098,87354,873771546,2113,0,0,0
28.1194,87355,873781546,2112,0,0,0
28.1310,87356,873791546,2112,0,0,0
28.1404,87357,873801546,2112,0,0,0
28.1499,87358,873811546,2112,0,0,0
28.1606,87359,873821546,2110,0,0,0
28.1700,87360,873831546,2130,0,0,0
28.1807,87361,873841546,2129,0,0,0
28.1901,87362,873851546,2134,0,0,0
28.2005,87363,873861546,2133,0,0,0
28.2109,87364,873871546,2128,0,0,0
28.2201,87365,873881546,2128,0,0,0
28.2307,87366,873891546,2130,0,0,0
28.2400,87367,873901546,2117,0,0,0
28.2503,87368,873911546,2112,0,0,0
28.2609,87369,873921546,2122,0,0,0
28.2705,87370,873931546,2115,0,0,0
28.2813,87371,873941546,2117,0,0,0
28.2904,87372,873951546,2127,0,0,0
28.2998,87373,873961546,2121,0,0,0
28.3102,87374,873971546,2170,0,0,0
28.3198,87375,873981546,2282,0,0,0
28.3308,87376,873991546,2321,0,0,0
28.3407,87377,874001546,2065,0,0,0
28.3504,87378,874011546,1840,0,0,0
28.3598,87379,874021546,2015,0,0,0
28.3702,87380,874031546,2117,0,0,0
28.3804,87381,874041546,2131,0,0,0
28.3904,87382,874051546,2135,0,0,0
28.4006,87383,874061546,2135,0,0,0
28.4104,87384,874071546,2135,0,0,0
28.4207,87385,874081546,2141,0,0,0
28.4304,87386,874091546,2143,0,0,0
28.4398,87387,874101546,2144,0,0,0
28.4498,87388,874111546,2151,0,0,0
28.4605,87389,874121546,2147,0,0,0
28.4699,87390,874131546,2150,0,0,0
28.4803,87391,874141546,2145,0,0,0
28.4903,87392,874151546,2150,0,0,0
28.5009,87393,874161546,2160,0,0,0
28.5099,87394,874171546,2158,0,0,0
28.5198,87395,874181546,2146,0,0,0
28.5308,87396,874191546,2163,0,0,0
28.5400,87397,874201546,2163,0,0,0
28.5507,87398,874211546,2166,0,0,0
28.5600,87399,874221546,2165,0,0,0
28.5707,87400,874231546,2169,0,0,0
28.5805,87401,874241546,2168,0,0,0
28.5903,87402,874251546,2161,0,0,0
28.6004,87403,874261546,2160,0,0,0
28.6112,87404,874271546,2149,0,0,0
28.6207,87405,874281546,2133,0,0,0
28.6304,87406,874291546,2115,0,0,0
28.6410,87407,874301546,2115,0,0,0
28.6499,87408,874311546,2112,0,0,0
28.6600,87409,874321546,2107,0,0,0
28.6709,87410,874331546,2102,0,0,0
28.6803,87411,874341546,2102,0,0,0
28.6912,87412,874351546,2111,0,0,0
28.7004,87413,874361546,2112,0,0,0
28.7098,87414,874371546,2111,0,0,0
28.7201,87415,874381546,2112,0,0,0
28.7311,87416,874391546,2115,0,0,0
28.7410,87417,874401546,2124,0,0,0
28.7507,87418,874411546,2123,0,0,0
28.7610,87419,874421546,2124,0,0,0
28.7709,87420,874431546,2125,0,0,0
28.7803,87421,874441546,2123,0,0,0
28.7900,87422,874451546,2121,0,0,0
28.7998,87423,874461546,2123,0,0,0
28.8094,87424,874471546,2126,0,0,0
28.8197,87425,874481546,2126,0,0,0
28.8294,87426,874491546,2127,0,0,0
28.8394,87427,874501546,2125,0,0,0
28.8495,87428,874511546,2122,0,0,0
28.8596,87429,874521546,2125,0,0,0
28.8701,87430,874531546,2127,0,0,0
28.8805,87431,874541546,2123,0,0,0
28.8905,87432,874551546,2127,0,0,0
28.9005,87433,874561546,2125,0,0,0
28.9099,87434,874571546,2129,0,0,0
28.9199,87435,874581546,2128,0,0,0
28.9301,87436,874591546,2135,0,0,0
28.9408,87437,874601546,2142,0,0,0
28.9501,87438,874611546,2143,0,0,0
28.9599,87439,874621546,2144,0,0,0
28.9699,87440,874631546,2135,0,0,0
28.9806,87441,874641546,2127,0,0,0
28.9902,87442,874651546,2131,0,0,0
29.0008,87443,874661546,2123,0,0,0
29.0105,87444,874671546,2121,0,0,0
29.0210,87445,874681546,2128,0,0,0
29.0312,87446,874691546,2119,0,0,0
29.0401,87447,874701546,2127,0,0,0
29.0509,87448,874711546,2128,0,0,0
29.0610,87449,874721546,2147,0,0,0
29.0698,87450,874731546,2225,0,0,0
29.0802,87451,874741546,2321,0,0,0
29.0899,87452,874751546,2217,0,0,0
29.1005,87453,874761546,1923,0,0,0
29.1104,87454,874771546,1966,0,0,0
29.1200,87455,874781546,2112,0,0,0
29.1313,87456,874791546,2128,0,0,0
29.1403,87457,874801546,2138,0,0,0
29.1503,87458,874811546,2129,0,0,0
29.1602,87459,874821546,2138,0,0,0
29.1705,87460,874831546,2137,0,0,0
29.1801,87461,874841546,2138,0,0,0
29.1900,87462,874851546,2142,0,0,0
29.2001,87463,874861546,2144,0,0,0
29.2103,87464,874871546,2144,0,0,0
29.2204,87465,874881546,2150,0,0,0
29.2316,87466,874891546,2144,0,0,0
29.2406,87467,874901546,2149,0,0,0
29.2500,87468,874911546,2144,0,0,0
29.2607,87469,874921546,2148,0,0,0
29.2707,87470,874931546,2150,0,0,0
29.2804,87471,874941546,2151,0,0,0
29.2913,87472,874951546,2157,0,0,0
29.2997,87473,874961546,2153,0,0,0
29.3102,87474,874971546,2154,0,0,0
29.3201,87475,874981546,2160,0,0,0
29.3305,87476,874991546,2163,0,0,0
29.3409,87477,875001546,2159,0,0,0
29.3506,87478,875011546,2145,0,0,0
29.3598,87479,875021546,2146,0,0,0
29.3708,87480,875031546,2131,0,0,0
29.3809,87481,875041546,2123,0,0,0
29.3898,87482,875051546,2117,0,0,0
29.3999,87483,875061546,2108,0,0,0
29.4102,87484,875071546,2103,0,0,0
29.4210,87485,875081546,2108,0,0,0
29.4299,87486,875091546,2105,0,0,0
29.4400,87487,875101546,2103,0,0,0
29.4504,87488,875111546,2112,0,0,0
29.4611,87489,875121546,2117,0,0,0
29.4704,87490,875131546,2110,0,0,0
29.4803,87491,875141546,2119,0,0,0
29.4897,87492,875151546,2119,0,0,0
29.4999,87493,875161546,2122,0,0,0
29.5102,87494,875171546,2119,0,0,0
29.5201,87495,875181546,2127,0,0,0
29.5307,87496,875191546,2118,0,0,0
29.5405,87497,875201546,2128,0,0,0
29.5501,87498,875211546,2121,0,0,0
29.5602,87499,875221546,2128,0,0,0
29.5698,87500,875231546,2116,0,0,0
29.5802,87501,875241546,2128,0,0,0
29.5902,87502,875251546,2128,0,0,0
29.6006,87503,875261546,2128,0,0,0
29.6101,87504,875271546,2128,0,0,0
29.6199,87505,875281546,2139,0,0,0
29.6297,87506,875291546,2126,0,0,0
29.6405,87507,875301546,2127,0,0,0
29.6504,87508,875311546,2125,0,0,0
29.6611,87509,875321546,2121,0,0,0
29.6697,87510,875331546,2112,0,0,0
29.6805,87511,875341546,2112,0,0,0
29.6905,87512,875351546,2114,0,0,0
29.7012,87513,875361546,2113,0,0,0
29.7110,87514,875371546,2113,0,0,0
29.7208,87515,875381546,2116,0,0,0
29.7314,87516,875391546,2125,0,0,0
29.7414,87517,875401546,2192,0,0,0
29.7507,87518,875411546,2286,0,0,0
29.7604,87519,875421546,2237,0,0,0
29.7701,87520,875431546,1943,0,0,0
29.7803,87521,875441546,1903,0,0,0
29.7907,87522,875451546,2088,0,0,0
29.8000,87523,875461546,2128,0,0,0
29.8103,87524,875471546,2128,0,0,0
29.8210,87525,875481546,2128,0,0,0
29.8305,87526,875491546,2137,0,0,0
29.8414,87527,875501546,2141,0,0,0
29.8499,87528,875511546,2133,0,0,0
29.8604,87529,875521546,2141,0,0,0
29.8711,87530,875531546,2139,0,0,0
29.8803,87531,875541546,2154,0,0,0
29.8907,87532,875551546,2150,0,0,0
29.9002,87533,875561546,2157,0,0,0
29.9103,87534,875571546,2144,0,0,0
29.9199,87535,875581546,2150,0,0,0
29.9309,87536,875591546,2158,0,0,0
29.9411,87537,875601546,2160,0,0,0
29.9505,87538,875611546,2158,0,0,0
29.9612,87539,875621546,2171,0,0,0
29.9714,87540,875631546,2160,0,0,0
29.9803,87541,875641546,2165,0,0,0
29.9903,87542,875651546,2169,0,0,0
30.0006,87543,875661546,2175,0,0,0
30.0105,87544,875671546,2170,0,0,0
30.0201,87545,875681546,2171,0,0,0
30.0301,87546,875691546,2156,0,0,0
30.0403,87547,875701546,2142,0,0,0
30.0504,87548,875711546,2115,0,0,0
30.0599,87549,875721546,2113,0,0,0
30.0708,87550,875731546,2102,0,0,0
30.0804,87551,875741546,2105,0,0,0
30.0921,87552,875751546,2098,0,0,0
30.1007,87553,875761546,2107,0,0,0
30.1101,87554,875771546,2102,0,0,0
30.1199,87555,875781546,2109,0,0,0
30.1306,87556,875791546,2103,0,0,0
30.1408,87557,875801546,2116,0,0,0
30.1498,87558,875811546,2112,0,0,0
30.1613,87559,875821546,2130,0,0,0
30.1703,87560,875831546,2116,0,0,0
30.1806,87561,875841546,2125,0,0,0
30.1904,87562,875851546,2123,0,0,0
30.2010,87563,875861546,2130,0,0,0
30.2110,87564,875871546,2121,0,0,0
30.2205,87565,875881546,2128,0,0,0
30.2308,87566,875891546,2124,0,0,0
30.2409,87567,875901546,2139,0,0,0
30.2504,87568,875911546,2128,0,0,0
30.2609,87569,875921546,2138,0,0,0
30.2706,87570,875931546,2139,0,0,0
30.2810,87571,875941546,2133,0,0,0
30.2906,87572,875951546,2123,0,0,0
30.3002,87573,875961546,2128,0,0,0
30.3102,87574,875971546,2115,0,0,0
30.3200,87575,875981546,2111,0,0,0
30.3302,87576,875991546,2107,0,0,0
30.3408,87577,876001546,2122,0,0,0
30.3503,87578,876011546,2119,0,0,0
30.3610,87579,876021546,2127,0,0,0
30.3713,87580,876031546,2119,0,0,0
30.3810,87581,876041546,2177,0,0,0
30.3900,87582,876051546,2278,0,0,0
30.3998,87583,876061546,2289,0,0,0
30.4102,87584,876071546,2027,0,0,0
30.4211,87585,876081546,1837,0,0,0
30.4311,87586,876091546,2002,0,0,0
30.4403,87587,876101546,2125,0,0,0
30.4502,87588,876111546,2131,0,0,0
30.4598,87589,876121546,2139,0,0,0
30.4702,87590,876131546,2135,0,0,0
30.4800,87591,876141546,2143,0,0,0
30.4905,87592,876151546,2134,0,0,0
30.5003,87593,876161546,2145,0,0,0
30.5098,87594,876171546,2135,0,0,0
30.5199,87595,876181546,2149,0,0,0
30.5312,87596,876191546,2150,0,0,0
30.5408,87597,876201546,2154,0,0,0
30.5505,87598,876211546,2146,0,0,0
30.5600,87599,876221546,2153,0,0,0
30.5713,87600,876231546,2151,0,0,0
30.5802,87601,876241546,2159,0,0,0
30.5899,87602,876251546,2160,0,0,0
30.6002,87603,876261546,2162,0,0,0
30.6106,87604,876271546,2159,0,0,0
30.6200,87605,876281546,2173,0,0,0
30.6302,87606,876291546,2170,0,0,0
30.6401,87607,876301546,2176,0,0,0
30.6506,87608,876311546,2160,0,0,0
30.6606,87609,876321546,2172,0,0,0
30.6715,87610,876331546,2158,0,0,0
30.6801,87611,876341546,2137,0,0,0
30.6898,87612,876351546,2123,0,0,0
30.7014,87613,876361546,2103,0,0,0
30.7104,87614,876371546,2095,0,0,0
30.7201,87615,876381546,2096,0,0,0
30.7304,87616,876391546,2093,0,0,0
30.7406,87617,876401546,2096,0,0,0
30.7503,87618,876411546,2095,0,0,0
30.7601,87619,876421546,2098,0,0,0
30.7704,87620,876431546,2096,0,0,0
30.7801,87621,876441546,2105,0,0,0
30.7903,87622,876451546,2099,0,0,0
30.8003,87623,876461546,2116,0,0,0
30.8098,87624,876471546,2110,0,0,0
30.8200,87625,876481546,2121,0,0,0
30.8299,87626,876491546,2115,0,0,0
30.8400,87627,876501546,2117,0,0,0
30.8502,87628,876511546,2117,0,0,0
30.8604,87629,876521546,2128,0,0,0
30.8702,87630,876531546,2126,0,0,0
30.8808,87631,876541546,2129,0,0,0
30.8904,87632,876551546,2131,0,0,0
30.9007,87633,876561546,2128,0,0,0
30.9099,87634,876571546,2116,0,0,0
30.9197,87635,876581546,2121,0,0,0
30.9311,87636,876591546,2115,0,0,0
30.9405,87637,876601546,2112,0,0,0
30.9504,87638,876611546,2096,0,0,0
30.9605,87639,876621546,2111,0,0,0
30.9705,87640,876631546,2109,0,0,0
30.9806,87641,876641546,2117,0,0,0
30.9900,87642,876651546,2124,0,0,0
30.9995,87643,876661546,2162,0,0,0
31.0102,87644,876671546,2279,0,0,0
31.0198,87645,876681546,2336,0,0,0
31.0302,87646,876691546,2080,0,0,0
31.0399,87647,876701546,1798,0,0,0
31.0496,87648,876711546,1969,0,0,0
31.0602,87649,876721546,2112,0,0,0
31.0697,87650,876731546,2125,0,0,0
31.0798,87651,876741546,2131,0,0,0
31.0897,87652,876751546,2123,0,0,0
31.1005,87653,876761546,2137,0,0,0
31.1106,87654,876771546,2130,0,0,0
31.1201,87655,876781546,2139,0,0,0
31.1302,87656,876791546,2124,0,0,0
31.1406,87657,876801546,2137,0,0,0
31.1498,87658,876811546,2139,0,0,0
31.1598,87659,876821546,2147,0,0,0
31.1700,87660,876831546,2135,0,0,0
31.1800,87661,876841546,2150,0,0,0
31.1903,87662,876851546,2150,0,0,0
31.2003,87663,876861546,2157,0,0,0
31.2100,87664,876871546,2158,0,0,0
31.2202,87665,876881546,2158,0,0,0
31.2305,87666,876891546,2162,0,0,0
31.2405,87667,876901546,2173,0,0,0
31.2507,87668,876911546,2169,0,0,0
31.2603,87669,876921546,2172,0,0,0
31.2708,87670,876931546,2167,0,0,0
31.2806,87671,876941546,2167,0,0,0
31.2914,87672,876951546,2153,0,0,0
31.3008,87673,876961546,2141,0,0,0
31.3099,87674,876971546,2123,0,0,0
31.3202,87675,876981546,2103,0,0,0
31.3299,87676,876991546,2096,0,0,0
31.3398,87677,877001546,2090,0,0,0
31.3512,87678,877011546,2094,0,0,0
31.3609,87679,877021546,2098,0,0,0
31.3697,87680,877031546,2095,0,0,0
31.3807,87681,877041546,2099,0,0,0
31.3898,87682,877051546,2096,0,0,0
31.4006,87683,877061546,2096,0,0,0
31.4109,87684,877071546,2098,0,0,0
31.4198,87685,877081546,2108,0,0,0
31.4304,87686,877091546,2107,0,0,0
31.4407,87687,877101546,2115,0,0,0
31.4501,87688,877111546,2116,0,0,0
31.4601,87689,877121546,2121,0,0,0
31.4702,87690,877131546,2125,0,0,0
31.4798,87691,877141546,2130,0,0,0
31.4898,87692,877151546,2128,0,0,0
31.4994,87693,877161546,2135,0,0,0
31.5102,87694,877171546,2134,0,0,0
31.5196,87695,877181546,2126,0,0,0
31.5299,87696,877191546,2115,0,0,0
31.5396,87697,877201546,2113,0,0,0
31.5507,87698,877211546,2112,0,0,0
31.5604,87699,877221546,2112,0,0,0
31.5708,87700,877231546,2112,0,0,0
31.5803,87701,877241546,2113,0,0,0
31.5900,87702,877251546,2115,0,0,0
31.6005,87703,877261546,2127,0,0,0
31.6104,87704,877271546,2160,0,0,0
31.6209,87705,877281546,2274,0,0,0
31.6308,87706,877291546,2317,0,0,0
31.6403,87707,877301546,2101,0,0,0
31.6500,87708,877311546,1837,0,0,0
31.6601,87709,877321546,1998,0,0,0
31.6702,87710,877331546,2110,0,0,0
31.6801,87711,877341546,2119,0,0,0
31.6901,87712,877351546,2127,0,0,0
31.6999,87713,877361546,2131,0,0,0
31.7101,87714,877371546,2133,0,0,0
31.7197,87715,877381546,2135,0,0,0
31.7308,87716,877391546,2134,0,0,0
31.7405,87717,877401546,2137,0,0,0
31.7503,87718,877411546,2145,0,0,0
31.7602,87719,877421546,2147,0,0,0
31.7709,87720,877431546,2147,0,0,0
31.7810,87721,877441546,2149,0,0,0
31.7900,87722,877451546,2151,0,0,0
31.8007,87723,877461546,2153,0,0,0
31.8111,87724,877471546,2154,0,0,0
31.8203,87725,877481546,2160,0,0,0
31.8315,87726,877491546,2159,0,0,0
31.8403,87727,877501546,2160,0,0,0
31.8500,87728,877511546,2169,0,0,0
31.8607,87729,877521546,2178,0,0,0
31.8707,87730,877531546,2174,0,0,0
31.8807,87731,877541546,2175,0,0,0
31.8900,87732,877551546,2175,0,0,0
31.9009,87733,877561546,2162,0,0,0
31.9103,87734,877571546,2144,0,0,0
31.9200,87735,877581546,2133,0,0,0
31.9302,87736,877591546,2123,0,0,0
31.9403,87737,877601546,2112,0,0,0
31.9499,87738,877611546,2105,0,0,0
31.9597,87739,877621546,2106,0,0,0
31.9701,87740,877631546,2102,0,0,0
31.9803,87741,877641546,2111,0,0,0
31.9900,87742,877651546,2113,0,0,0
31.9997,87743,877661546,2112,0,0,0
32.0103,87744,877671546,2115,0,0,0
32.0202,87745,877681546,2117,0,0,0
32.0307,87746,877691546,2122,0,0,0
32.0398,87747,877701546,2123,0,0,0
32.0506,87748,877711546,2130,0,0,0
32.0601,87749,877721546,2128,0,0,0
32.0706,87750,877731546,2131,0,0,0
32.0806,87751,877741546,2129,0,0,0
32.0908,87752,877751546,2131,0,0,0
32.1002,87753,877761546,2127,0,0,0
32.1105,87754,877771546,2133,0,0,0
32.1198,87755,877781546,2128,0,0,0
32.1308,87756,877791546,2128,0,0,0
32.1413,87757,877801546,2125,0,0,0
32.1502,87758,877811546,2128,0,0,0
32.1617,87759,877821546,2128,0,0,0
32.1699,87760,877831546,2131,0,0,0
32.1801,87761,877841546,2128,0,0,0
32.1899,87762,877851546,2128,0,0,0
32.2002,87763,877861546,2128,0,0,0
32.2103,87764,877871546,2142,0,0,0
32.2203,87765,877881546,2142,0,0,0
32.2295,87766,877891546,2141,0,0,0
32.2396,87767,877901546,2143,0,0,0
32.2495,87768,877911546,2138,0,0,0
32.2605,87769,877921546,2137,0,0,0
32.2696,87770,877931546,2128,0,0,0
32.2798,87771,877941546,2119,0,0,0
32.2901,87772,877951546,2127,0,0,0
32.2995,87773,877961546,2128,0,0,0
32.3097,87774,877971546,2135,0,0,0
32.3198,87775,877981546,2142,0,0,0
32.3316,87776,877991546,2142,0,0,0
32.3504,87777,878001546,2144,0,0,0
32.3518,87778,878011546,2219,0,0,0
32.3645,87779,878021546,2317,0,0,0
32.3716,87780,878031546,2290,0,0,0
32.3798,87781,878041546,1998,0,0,0
32.3898,87782,878051546,1915,0,0,0
32.3997,87783,878061546,2094,0,0,0
32.4102,87784,878071546,2138,0,0,0
32.4204,87785,878081546,2138,0,0,0
32.4304,87786,878091546,2143,0,0,0
32.4410,87787,878101546,2145,0,0,0
32.4525,87788,878111546,2145,0,0,0
32.4701,87789,878121546,2145,0,0,0
32.4707,87790,878131546,2148,0,0,0
32.4872,87791,878141546,2144,0,0,0
32.4908,87792,878151546,2153,0,0,0
32.5003,87793,878161546,2143,0,0,0
32.5105,87794,878171546,2151,0,0,0
32.5202,87795,878181546,2151,0,0,0
32.5304,87796,878191546,2160,0,0,0
32.5397,87797,878201546,2149,0,0,0
32.5504,87798,878211546,2160,0,0,0
32.5604,87799,878221546,2160,0,0,0
32.5703,87800,878231546,2166,0,0,0
32.5847,87801,878241546,2166,0,0,0
32.5999,87802,878251546,2165,0,0,0
32.6008,87803,878261546,2171,0,0,0
32.6142,87804,878271546,2175,0,0,0
32.6197,87805,878281546,2174,0,0,0
32.6298,87806,878291546,2173,0,0,0
32.6398,87807,878301546,2160,0,0,0
32.6498,87808,878311546,2153,0,0,0
32.6599,87809,878321546,2139,0,0,0
32.6699,87810,878331546,2132,0,0,0
32.6794,87811,878341546,2122,0,0,0
32.6904,87812,878351546,2119,0,0,0
32.7037,87813,878361546,2118,0,0,0
32.7104,87814,878371546,2118,0,0,0
32.7195,87815,878381546,2122,0,0,0
32.7298,87816,878391546,2126,0,0,0
32.7402,87817,878401546,2118,0,0,0
32.7502,87818,878411546,2128,0,0,0
32.7599,87819,878421546,2122,0,0,0
32.7702,87820,878431546,2133,0,0,0
32.7795,87821,878441546,2126,0,0,0
32.7908,87822,878451546,2135,0,0,0
32.8055,87823,878461546,2128,0,0,0
32.8100,87824,878471546,2131,0,0,0
32.8218,87825,878481546,2130,0,0,0
32.8302,87826,878491546,2133,0,0,0
32.8395,87827,878501546,2135,0,0,0
32.8495,87828,878511546,2135,0,0,0
32.8595,87829,878521546,2131,0,0,0
32.8697,87830,878531546,2139,0,0,0
32.8798,87831,878541546,2133,0,0,0
32.8903,87832,878551546,2135,0,0,0
32.9006,87833,878561546,2130,0,0,0
32.9104,87834,878571546,2134,0,0,0
32.9206,87835,878581546,2129,0,0,0
32.9296,87836,878591546,2139,0,0,0
32.9397,87837,878601546,2128,0,0,0
32.9503,87838,878611546,2138,0,0,0
32.9596,87839,878621546,2140,0,0,0
32.9706,87840,878631546,2128,0,0,0
32.9806,87841,878641546,2128,0,0,0
32.9910,87842,878651546,2146,0,0,0
33.0005,87843,878661546,2122,0,0,0
33.0109,87844,878671546,2142,0,0,0
33.0204,87845,878681546,2138,0,0,0
33.0311,87846,878691546,2134,0,0,0
33.0402,87847,878701546,2128,0,0,0
33.0506,87848,878711546,2128,0,0,0
33.0609,87849,878721546,2131,0,0,0
33.0710,87850,878731546,2135,0,0,0
33.0806,87851,878741546,2140,0,0,0
33.0912,87852,878751546,2149,0,0,0
33.1000,87853,878761546,2189,0,0,0
33.1105,87854,878771546,2301,0,0,0
33.1205,87855,878781546,2315,0,0,0
33.1304,87856,878791546,2076,0,0,0
33.1408,87857,878801546,1875,0,0,0
33.1505,87858,878811546,2062,0,0,0
33.1608,87859,878821546,2134,0,0,0
33.1706,87860,878831546,2146,0,0,0
33.1819,87861,878841546,2142,0,0,0
33.1904,87862,878851546,2156,0,0,0
33.1999,87863,878861546,2154,0,0,0
33.2099,87864,878871546,2158,0,0,0
33.2197,87865,878881546,2160,0,0,0
33.2301,87866,878891546,2153,0,0,0
33.2400,87867,878901546,2154,0,0,0
33.2505,87868,878911546,2159,0,0,0
33.2603,87869,878921546,2160,0,0,0
33.2703,87870,878931546,2156,0,0,0
33.2798,87871,878941546,2158,0,0,0
33.2902,87872,878951546,2160,0,0,0
33.3003,87873,878961546,2160,0,0,0
33.3102,87874,878971546,2169,0,0,0
33.3208,87875,878981546,2167,0,0,0
33.3299,87876,878991546,2174,0,0,0
33.3413,87877,879001546,2174,0,0,0
33.3501,87878,879011546,2185,0,0,0
33.3600,87879,879021546,2177,0,0,0
33.3708,87880,879031546,2176,0,0,0
33.3803,87881,879041546,2173,0,0,0
33.3899,87882,879051546,2173,0,0,0
33.4001,87883,879061546,2160,0,0,0
33.4104,87884,879071546,2141,0,0,0
33.4203,87885,879081546,2130,0,0,0
33.4299,87886,879091546,2131,0,0,0
33.4406,87887,879101546,2119,0,0,0
33.4499,87888,879111546,2127,0,0,0
33.4597,87889,879121546,2123,0,0,0
33.4710,87890,879131546,2128,0,0,0
33.4806,87891,879141546,2126,0,0,0
33.4906,87892,879151546,2128,0,0,0
33.5004,87893,879161546,2125,0,0,0
33.5100,87894,879171546,2128,0,0,0
33.5205,87895,879181546,2129,0,0,0
33.5310,87896,879191546,2135,0,0,0
33.5409,87897,879201546,2131,0,0,0
33.5502,87898,879211546,2140,0,0,0
33.5612,87899,879221546,2133,0,0,0
33.5704,87900,879231546,2142,0,0,0
33.5803,87901,879241546,2135,0,0,0
33.5900,87902,879251546,2140,0,0,0
33.6003,87903,879261546,2130,0,0,0
33.6098,87904,879271546,2143,0,0,0
33.6196,87905,879281546,2134,0,0,0
33.6300,87906,879291546,2148,0,0,0
33.6400,87907,879301546,2142,0,0,0
33.6497,87908,879311546,2141,0,0,0
33.6602,87909,879321546,2141,0,0,0
33.6698,87910,879331546,2144,0,0,0
33.6798,87911,879341546,2137,0,0,0
33.6899,87912,879351546,2158,0,0,0
33.7001,87913,879361546,2154,0,0,0
33.7106,87914,879371546,2157,0,0,0
33.7211,87915,879381546,2157,0,0,0
33.7306,87916,879391546,2159,0,0,0
33.7406,87917,879401546,2146,0,0,0
33.7505,87918,879411546,2151,0,0,0
33.7603,87919,879421546,2135,0,0,0
33.7706,87920,879431546,2140,0,0,0
33.7806,87921,879441546,2131,0,0,0
33.7907,87922,879451546,2139,0,0,0
33.8007,87923,879461546,2139,0,0,0
33.8105,87924,879471546,2149,0,0,0
33.8208,87925,879481546,2142,0,0,0
33.8303,87926,879491546,2167,0,0,0
33.8409,87927,879501546,2255,0,0,0
33.8502,87928,879511546,2352,0,0,0
33.8601,87929,879521546,2243,0,0,0
33.8707,87930,879531546,1920,0,0,0
33.8815,87931,879541546,1940,0,0,0
33.8904,87932,879551546,2121,0,0,0
33.9013,87933,879561546,2141,0,0,0
33.9100,87934,879571546,2147,0,0,0
33.9202,87935,879581546,2142,0,0,0
33.9300,87936,879591546,2160,0,0,0
33.9408,87937,879601546,2157,0,0,0
33.9498,87938,879611546,2160,0,0,0
33.9614,87939,879621546,2159,0,0,0
33.9708,87940,879631546,2170,0,0,0
33.9804,87941,879641546,2160,0,0,0
33.9898,87942,879651546,2165,0,0,0
33.9999,87943,879661546,2159,0,0,0
34.0100,87944,879671546,2160,0,0,0
34.0203,87945,879681546,2160,0,0,0
34.0303,87946,879691546,2169,0,0,0
34.0398,87947,879701546,2166,0,0,0
34.0500,87948,879711546,2167,0,0,0
34.0601,87949,879721546,2164,0,0,0
34.0703,87950,879731546,2174,0,0,0
34.0800,87951,879741546,2175,0,0,0
34.0904,87952,879751546,2186,0,0,0
34.1001,87953,879761546,2187,0,0,0
34.1100,87954,879771546,2189,0,0,0
34.1201,87955,879781546,2175,0,0,0
34.1310,87956,879791546,2161,0,0,0
34.1409,87957,879801546,2153,0,0,0
34.1498,87958,879811546,2143,0,0,0
34.1602,87959,879821546,2133,0,0,0
34.1709,87960,879831546,2129,0,0,0
34.1804,87961,879841546,2127,0,0,0
34.1900,87962,879851546,2131,0,0,0
34.2009,87963,879861546,2128,0,0,0
34.2105,87964,879871546,2128,0,0,0
34.2215,87965,879881546,2128,0,0,0
34.2307,87966,879891546,2130,0,0,0
34.2401,87967,879901546,2128,0,0,0
34.2505,87968,879911546,2138,0,0,0
34.2610,87969,879921546,2131,0,0,0
34.2706,87970,879931546,2141,0,0,0
34.2814,87971,879941546,2134,0,0,0
34.2899,87972,879951546,2149,0,0,0
34.3004,87973,879961546,2141,0,0,0
34.3104,87974,879971546,2146,0,0,0
34.3200,87975,879981546,2135,0,0,0
34.3299,87976,879991546,2141,0,0,0
34.3405,87977,880001546,2135,0,0,0
34.3504,87978,880011546,2144,0,0,0
34.3610,87979,880021546,2135,0,0,0
34.3704,87980,880031546,2139,0,0,0
34.3808,87981,880041546,2134,0,0,0
34.3899,87982,880051546,2146,0,0,0
34.4011,87983,880061546,2140,0,0,0
34.4105,87984,880071546,2142,0,0,0
34.4197,87985,880081546,2131,0,0,0
34.4313,87986,880091546,2142,0,0,0
34.4405,87987,880101546,2141,0,0,0
34.4512,87988,880111546,2146,0,0,0
34.4600,87989,880121546,2141,0,0,0
34.4704,87990,880131546,2146,0,0,0
34.4804,87991,880141546,2133,0,0,0
34.4901,87992,880151546,2141,0,0,0
34.4999,87993,880161546,2141,0,0,0
34.5095,87994,880171546,2154,0,0,0
34.5200,87995,880181546,2153,0,0,0
34.5296,87996,880191546,2155,0,0,0
34.5397,87997,880201546,2157,0,0,0
34.5513,87998,880211546,2154,0,0,0
34.5601,87999,880221546,2151,0,0,0
34.5703,88000,880231546,2145,0,0,0
34.5804,88001,880241546,2141,0,0,0
34.5911,88002,880251546,2139,0,0,0
34.6008,88003,880261546,2131,0,0,0
34.6110,88004,880271546,2145,0,0,0
34.6202,88005,880281546,2141,0,0,0
34.6306,88006,880291546,2142,0,0,0
34.6406,88007,880301546,2147,0,0,0
34.6507,88008,880311546,2178,0,0,0
34.6601,88009,880321546,2279,0,0,0
34.6713,88010,880331546,2354,0,0,0
34.6806,88011,880341546,2193,0,0,0
34.6913,88012,880351546,1922,0,0,0
34.7010,88013,880361546,2027,0,0,0
34.7100,88014,880371546,2132,0,0,0
34.7199,88015,880381546,2147,0,0,0
34.7302,88016,880391546,2153,0,0,0
34.7404,88017,880401546,2146,0,0,0
34.7506,88018,880411546,2156,0,0,0
34.7599,88019,880421546,2157,0,0,0
34.7704,88020,880431546,2159,0,0,0
34.7801,88021,880441546,2158,0,0,0
34.7907,88022,880451546,2159,0,0,0
34.7998,88023,880461546,2158,0,0,0
34.8104,88024,880471546,2161,0,0,0
34.8204,88025,880481546,2161,0,0,0
34.8305,88026,880491546,2165,0,0,0
34.8403,88027,880501546,2161,0,0,0
34.8500,88028,880511546,2171,0,0,0
34.8605,88029,880521546,2174,0,0,0
34.8708,88030,880531546,2166,0,0,0
34.8803,88031,880541546,2171,0,0,0
34.8903,88032,880551546,2175,0,0,0
34.9009,88033,880561546,2176,0,0,0
34.9109,88034,880571546,2177,0,0,0
34.9198,88035,880581546,2170,0,0,0
34.9300,88036,880591546,2172,0,0,0
34.9410,88037,880601546,2170,0,0,0
34.9499,88038,880611546,2171,0,0,0
34.9602,88039,880621546,2155,0,0,0
34.9709,88040,880631546,2147,0,0,0
34.9804,88041,880641546,2135,0,0,0
34.9901,88042,880651546,2131,0,0,0
35.0002,88043,880661546,2128,0,0,0
35.0107,88044,880671546,2128,0,0,0
35.0207,88045,880681546,2125,0,0,0
35.0316,88046,880691546,2129,0,0,0
35.0399,88047,880701546,2129,0,0,0
35.0502,88048,880711546,2128,0,0,0
35.0597,88049,880721546,2135,0,0,0
35.0699,88050,880731546,2139,0,0,0
35.0804,88051,880741546,2132,0,0,0
35.0901,88052,880751546,2140,0,0,0
35.0998,88053,880761546,2142,0,0,0
35.1100,88054,880771546,2143,0,0,0
35.1196,88055,880781546,2143,0,0,0
35.1298,88056,880791546,2145,0,0,0
35.1408,88057,880801546,2139,0,0,0
35.1504,88058,880811546,2147,0,0,0
35.1599,88059,880821546,2138,0,0,0
35.1711,88060,880831546,2146,0,0,0
35.1806,88061,880841546,2143,0,0,0
35.1906,88062,880851546,2142,0,0,0
35.1999,88063,880861546,2135,0,0,0
35.2107,88064,880871546,2143,0,0,0
35.2205,88065,880881546,2140,0,0,0
35.2304,88066,880891546,2144,0,0,0
35.2407,88067,880901546,2142,0,0,0
35.2512,88068,880911546,2139,0,0,0
35.2599,88069,880921546,2135,0,0,0
35.2708,88070,880931546,2145,0,0,0
35.2814,88071,880941546,2141,0,0,0
35.2907,88072,880951546,2145,0,0,0
35.3013,88073,880961546,2145,0,0,0
35.3102,88074,880971546,2137,0,0,0
35.3200,88075,880981546,2147,0,0,0
35.3309,88076,880991546,2144,0,0,0
35.3404,88077,881001546,2145,0,0,0
35.3505,88078,881011546,2153,0,0,0
35.3601,88079,881021546,2158,0,0,0
35.3705,88080,881031546,2160,0,0,0
35.3800,88081,881041546,2162,0,0,0
35.3899,88082,881051546,2158,0,0,0
35.4011,88083,881061546,2155,0,0,0
35.4101,88084,881071546,2144,0,0,0
35.4199,88085,881081546,2148,0,0,0
35.4302,88086,881091546,2135,0,0,0
35.4397,88087,881101546,2141,0,0,0
35.4499,88088,881111546,2136,0,0,0
35.4594,88089,881121546,2144,0,0,0
35.4694,88090,881131546,2140,0,0,0
35.4802,88091,881141546,2139,0,0,0
35.4902,88092,881151546,2173,0,0,0
35.4994,88093,881161546,2294,0,0,0
35.5107,88094,881171546,2337,0,0,0
35.5212,88095,881181546,2141,0,0,0
35.5299,88096,881191546,1919,0,0,0
35.5400,88097,881201546,2058,0,0,0
35.5497,88098,881211546,2138,0,0,0
35.5601,88099,881221546,2151,0,0,0
35.5701,88100,881231546,2139,0,0,0
35.5808,88101,881241546,2152,0,0,0
35.5911,88102,881251546,2155,0,0,0
35.6019,88103,881261546,2158,0,0,0
35.6104,88104,881271546,2158,0,0,0
35.6203,88105,881281546,2160,0,0,0
35.6311,88106,881291546,2159,0,0,0
35.6400,88107,881301546,2160,0,0,0
35.6501,88108,881311546,2165,0,0,0
35.6605,88109,881321546,2160,0,0,0
35.6706,88110,881331546,2160,0,0,0
35.6802,88111,881341546,2174,0,0,0
35.6912,88112,881351546,2170,0,0,0
35.7008,88113,881361546,2172,0,0,0
35.7103,88114,881371546,2173,0,0,0
35.7199,88115,881381546,2176,0,0,0
35.7304,88116,881391546,2186,0,0,0
35.7410,88117,881401546,2191,0,0,0
35.7499,88118,881411546,2189,0,0,0
35.7610,88119,881421546,2187,0,0,0
35.7700,88120,881431546,2178,0,0,0
35.7803,88121,881441546,2169,0,0,0
35.7899,88122,881451546,2160,0,0,0
35.8001,88123,881461546,2159,0,0,0
35.8102,88124,881471546,2146,0,0,0
35.8206,88125,881481546,2139,0,0,0
35.8301,88126,881491546,2128,0,0,0
35.8399,88127,881501546,2130,0,0,0
35.8498,88128,881511546,2119,0,0,0
35.8601,88129,881521546,2123,0,0,0
35.8705,88130,881531546,2125,0,0,0
35.8803,88131,881541546,2129,0,0,0
35.8900,88132,881551546,2127,0,0,0
35.8999,88133,881561546,2133,0,0,0
35.9098,88134,881571546,2130,0,0,0
35.9202,88135,881581546,2139,0,0,0
35.9302,88136,881591546,2141,0,0,0
35.9404,88137,881601546,2142,0,0,0
35.9504,88138,881611546,2144,0,0,0
35.9601,88139,881621546,2149,0,0,0
35.9712,88140,881631546,2147,0,0,0
35.9799,88141,881641546,2151,0,0,0
35.9904,88142,881651546,2145,0,0,0
36.0003,88143,881661546,2146,0,0,0
36.0105,88144,881671546,2145,0,0,0
36.0204,88145,881681546,2147,0,0,0
36.0303,88146,881691546,2139,0,0,0
36.0413,88147,881701546,2147,0,0,0
36.0499,88148,881711546,2154,0,0,0
36.0598,88149,881721546,2155,0,0,0
36.0701,88150,881731546,2159,0,0,0
36.0804,88151,881741546,2161,0,0,0
36.0912,88152,881751546,2160,0,0,0
36.0999,88153,881761546,2161,0,0,0
36.1100,88154,881771546,2157,0,0,0
36.1207,88155,881781546,2161,0,0,0
36.1300,88156,881791546,2161,0,0,0
36.1401,88157,881801546,2173,0,0,0
36.1499,88158,881811546,2160,0,0,0
36.1601,88159,881821546,2169,0,0,0
36.1700,88160,881831546,2171,0,0,0
36.1798,88161,881841546,2167,0,0,0
36.1903,88162,881851546,2156,0,0,0
36.2001,88163,881861546,2157,0,0,0
36.2102,88164,881871546,2150,0,0,0
36.2210,88165,881881546,2157,0,0,0
36.2301,88166,881891546,2155,0,0,0
36.2400,88167,881901546,2159,0,0,0
36.2509,88168,881911546,2155,0,0,0
36.2609,88169,881921546,2160,0,0,0
36.2700,88170,881931546,2160,0,0,0
36.2808,88171,881941546,2223,0,0,0
36.2907,88172,881951546,2320,0,0,0
36.3012,88173,881961546,2326,0,0,0
36.3108,88174,881971546,2065,0,0,0
36.3200,88175,881981546,1906,0,0,0
36.3303,88176,881991546,2087,0,0,0
36.3412,88177,882001546,2160,0,0,0
36.3507,88178,882011546,2159,0,0,0
36.3612,88179,882021546,2174,0,0,0
36.3703,88180,882031546,2166,0,0,0
36.3807,88181,882041546,2177,0,0,0
36.3898,88182,882051546,2163,0,0,0
36.3998,88183,882061546,2183,0,0,0
36.4107,88184,882071546,2175,0,0,0
36.4200,88185,882081546,2186,0,0,0
36.4306,88186,882091546,2176,0,0,0
36.4401,88187,882101546,2179,0,0,0
36.4508,88188,882111546,2171,0,0,0
36.4600,88189,882121546,2177,0,0,0
36.4713,88190,882131546,2182,0,0,0
36.4811,88191,882141546,2177,0,0,0
36.4900,88192,882151546,2186,0,0,0
36.5011,88193,882161546,2192,0,0,0
36.5101,88194,882171546,2192,0,0,0
36.5198,88195,882181546,2192,0,0,0
36.5298,88196,882191546,2193,0,0,0
36.5408,88197,882201546,2199,0,0,0
36.5504,88198,882211546,2193,0,0,0
36.5603,88199,882221546,2189,0,0,0
36.5703,88200,882231546,2186,0,0,0
36.5804,88201,882241546,2181,0,0,0
36.5899,88202,882251546,2161,0,0,0
36.6007,88203,882261546,2144,0,0,0
36.6104,88204,882271546,2150,0,0,0
36.6200,88205,882281546,2146,0,0,0
36.6305,88206,882291546,2132,0,0,0
36.6410,88207,882301546,2142,0,0,0
36.6501,88208,882311546,2134,0,0,0
36.6607,88209,882321546,2143,0,0,0
36.6703,88210,882331546,2135,0,0,0
36.6812,88211,882341546,2139,0,0,0
36.6907,88212,882351546,2146,0,0,0
36.7000,88213,882361546,2150,0,0,0
36.7099,88214,882371546,2151,0,0,0
36.7200,88215,882381546,2158,0,0,0
36.7300,88216,882391546,2147,0,0,0
36.7400,88217,882401546,2151,0,0,0
36.7499,88218,882411546,2151,0,0,0
36.7601,88219,882421546,2159,0,0,0
36.7702,88220,882431546,2161,0,0,0
36.7803,88221,882441546,2163,0,0,0
36.7901,88222,882451546,2154,0,0,0
36.8004,88223,882461546,2160,0,0,0
36.8101,88224,882471546,2154,0,0,0
36.8205,88225,882481546,2160,0,0,0
36.8302,88226,882491546,2154,0,0,0
36.8398,88227,882501546,2159,0,0,0
36.8500,88228,882511546,2151,0,0,0
36.8600,88229,882521546,2160,0,0,0
36.8703,88230,882531546,2155,0,0,0
36.8806,88231,882541546,2155,0,0,0
36.8904,88232,882551546,2157,0,0,0
36.9007,88233,882561546,2161,0,0,0
36.9101,88234,882571546,2159,0,0,0
36.9198,88235,882581546,2161,0,0,0
36.9304,88236,882591546,2160,0,0,0
36.9400,88237,882601546,2174,0,0,0
36.9504,88238,882611546,2165,0,0,0
36.9598,88239,882621546,2178,0,0,0
36.9696,88240,882631546,2171,0,0,0
36.9804,88241,882641546,2170,0,0,0
36.9898,88242,882651546,2160,0,0,0
37.0008,88243,882661546,2161,0,0,0
37.0096,88244,882671546,2151,0,0,0
37.0202,88245,882681546,2154,0,0,0
37.0305,88246,882691546,2156,0,0,0
37.0410,88247,882701546,2163,0,0,0
37.0505,88248,882711546,2160,0,0,0
37.0600,88249,882721546,2167,0,0,0
37.0705,88250,882731546,2202,0,0,0
37.0811,88251,882741546,2315,0,0,0
37.0910,88252,882751546,2365,0,0,0
37.1000,88253,882761546,2176,0,0,0
37.1098,88254,882771546,1926,0,0,0
37.1199,88255,882781546,2064,0,0,0
37.1304,88256,882791546,2138,0,0,0
37.1408,88257,882801546,2163,0,0,0
37.1500,88258,882811546,2161,0,0,0
37.1600,88259,882821546,2173,0,0,0
37.1700,88260,882831546,2165,0,0,0
37.1802,88261,882841546,2174,0,0,0
37.1900,88262,882851546,2177,0,0,0
37.2008,88263,882861546,2177,0,0,0
37.2106,88264,882871546,2180,0,0,0
37.2215,88265,882881546,2188,0,0,0
37.2303,88266,882891546,2176,0,0,0
37.2402,88267,882901546,2181,0,0,0
37.2504,88268,882911546,2170,0,0,0
37.2599,88269,882921546,2187,0,0,0
37.2711,88270,882931546,2183,0,0,0
37.2806,88271,882941546,2187,0,0,0
37.2905,88272,882951546,2180,0,0,0
37.3004,88273,882961546,2190,0,0,0
37.3100,88274,882971546,2188,0,0,0
37.3201,88275,882981546,2195,0,0,0
37.3303,88276,882991546,2193,0,0,0
37.3399,88277,883001546,2199,0,0,0
37.3502,88278,883011546,2191,0,0,0
37.3603,88279,883021546,2167,0,0,0
37.3706,88280,883031546,2173,0,0,0
37.3804,88281,883041546,2167,0,0,0
37.3900,88282,883051546,2147,0,0,0
37.4008,88283,883061546,2144,0,0,0
37.4109,88284,883071546,2130,0,0,0
37.4205,88285,883081546,2129,0,0,0
37.4299,88286,883091546,2127,0,0,0
37.4406,88287,883101546,2138,0,0,0
37.4503,88288,883111546,2131,0,0,0
37.4613,88289,883121546,2133,0,0,0
37.4701,88290,883131546,2136,0,0,0
37.4806,88291,883141546,2146,0,0,0
37.4915,88292,883151546,2131,0,0,0
37.5005,88293,883161546,2156,0,0,0
37.5113,88294,883171546,2146,0,0,0
37.5198,88295,883181546,2153,0,0,0
37.5313,88296,883191546,2155,0,0,0
37.5411,88297,883201546,2160,0,0,0
37.5507,88298,883211546,2157,0,0,0
37.5599,88299,883221546,2159,0,0,0
37.5708,88300,883231546,2159,0,0,0
37.5806,88301,883241546,2161,0,0,0
37.5899,88302,883251546,2147,0,0,0
37.6006,88303,883261546,2160,0,0,0
37.6103,88304,883271546,2159,0,0,0
37.6205,88305,883281546,2155,0,0,0
37.6300,88306,883291546,2156,0,0,0
37.6405,88307,883301546,2159,0,0,0
37.6506,88308,883311546,2155,0,0,0
37.6601,88309,883321546,2159,0,0,0
37.6705,88310,883331546,2159,0,0,0
37.6797,88311,883341546,2162,0,0,0
37.6894,88312,883351546,2160,0,0,0
37.6995,88313,883361546,2160,0,0,0
37.7095,88314,883371546,2159,0,0,0
37.7194,88315,883381546,2170,0,0,0
37.7299,88316,883391546,2167,0,0,0
37.7399,88317,883401546,2165,0,0,0
37.7507,88318,883411546,2162,0,0,0
37.7600,88319,883421546,2165,0,0,0
37.7707,88320,883431546,2160,0,0,0
37.7803,88321,883441546,2160,0,0,0
37.7909,88322,883451546,2147,0,0,0
37.8001,88323,883461546,2149,0,0,0
37.8102,88324,883471546,2148,0,0,0
37.8199,88325,883481546,2148,0,0,0
37.8299,88326,883491546,2147,0,0,0
37.8401,88327,883501546,2155,0,0,0
37.8503,88328,883511546,2156,0,0,0
37.8609,88329,883521546,2182,0,0,0
37.8707,88330,883531546,2274,0,0,0
37.8805,88331,883541546,2347,0,0,0
37.8900,88332,883551546,2224,0,0,0
37.9002,88333,883561546,1962,0,0,0
37.9099,88334,883571546,2027,0,0,0
37.9198,88335,883581546,2142,0,0,0
37.9305,88336,883591546,2152,0,0,0
37.9408,88337,883601546,2155,0,0,0
37.9501,88338,883611546,2160,0,0,0
37.9601,88339,883621546,2160,0,0,0
37.9711,88340,883631546,2158,0,0,0
37.9802,88341,883641546,2160,0,0,0
37.9905,88342,883651546,2160,0,0,0
38.0009,88343,883661546,2167,0,0,0
38.0099,88344,883671546,2169,0,0,0
38.0203,88345,883681546,2167,0,0,0
38.0303,88346,883691546,2167,0,0,0
38.0399,88347,883701546,2169,0,0,0
38.0503,88348,883711546,2166,0,0,0
38.0602,88349,883721546,2170,0,0,0
38.0697,88350,883731546,2175,0,0,0
38.0805,88351,883741546,2171,0,0,0
38.0906,88352,883751546,2175,0,0,0
38.0998,88353,883761546,2187,0,0,0
38.1100,88354,883771546,2181,0,0,0
38.1198,88355,883781546,2190,0,0,0
38.1309,88356,883791546,2181,0,0,0
38.1397,88357,883801546,2190,0,0,0
38.1497,88358,883811546,2185,0,0,0
38.1599,88359,883821546,2178,0,0,0
38.1699,88360,883831546,2163,0,0,0
38.1800,88361,883841546,2159,0,0,0
38.1899,88362,883851546,2143,0,0,0
38.2000,88363,883861546,2142,0,0,0
38.2100,88364,883871546,2133,0,0,0
38.2213,88365,883881546,2130,0,0,0
38.2310,88366,883891546,2128,0,0,0
38.2399,88367,883901546,2132,0,0,0
38.2507,88368,883911546,2133,0,0,0
38.2601,88369,883921546,2139,0,0,0
38.2708,88370,883931546,2138,0,0,0
38.2799,88371,883941546,2144,0,0,0
38.2902,88372,883951546,2143,0,0,0
38.2999,88373,883961546,2154,0,0,0
38.3100,88374,883971546,2151,0,0,0
38.3198,88375,883981546,2155,0,0,0
38.3305,88376,883991546,2153,0,0,0
38.3398,88377,884001546,2151,0,0,0
38.3502,88378,884011546,2155,0,0,0
38.3604,88379,884021546,2156,0,0,0
38.3703,88380,884031546,2153,0,0,0
38.3804,88381,884041546,2151,0,0,0
38.3903,88382,884051546,2149,0,0,0
38.4003,88383,884061546,2150,0,0,0
38.4102,88384,884071546,2146,0,0,0
38.4199,88385,884081546,2160,0,0,0
38.4308,88386,884091546,2157,0,0,0
38.4408,88387,884101546,2160,0,0,0
38.4503,88388,884111546,2156,0,0,0
38.4610,88389,884121546,2170,0,0,0
38.4708,88390,884131546,2161,0,0,0
38.4814,88391,884141546,2162,0,0,0
38.4911,88392,884151546,2151,0,0,0
38.5003,88393,884161546,2155,0,0,0
38.5102,88394,884171546,2160,0,0,0
38.5200,88395,884181546,2160,0,0,0
38.5301,88396,884191546,2160,0,0,0
38.5398,88397,884201546,2170,0,0,0
38.5498,88398,884211546,2162,0,0,0
38.5600,88399,884221546,2167,0,0,0
38.5701,88400,884231546,2158,0,0,0
38.5801,88401,884241546,2149,0,0,0
38.5907,88402,884251546,2145,0,0,0
38.6005,88403,884261546,2150,0,0,0
38.6109,88404,884271546,2150,0,0,0
38.6197,88405,884281546,2154,0,0,0
38.6303,88406,884291546,2157,0,0,0
38.6402,88407,884301546,2161,0,0,0
38.6510,88408,884311546,2213,0,0,0
38.6598,88409,884321546,2326,0,0,0
38.6703,88410,884331546,2320,0,0,0
38.6802,88411,884341546,2061,0,0,0
38.6900,88412,884351546,1935,0,0,0
38.7002,88413,884361546,2098,0,0,0
38.7097,88414,884371546,2153,0,0,0
38.7199,88415,884381546,2160,0,0,0
38.7302,88416,884391546,2159,0,0,0
38.7406,88417,884401546,2160,0,0,0
38.7505,88418,884411546,2166,0,0,0
38.7605,88419,884421546,2151,0,0,0
38.7704,88420,884431546,2160,0,0,0
38.7804,88421,884441546,2162,0,0,0
38.7901,88422,884451546,2168,0,0,0
38.7998,88423,884461546,2166,0,0,0
38.8102,88424,884471546,2167,0,0,0
38.8200,88425,884481546,2175,0,0,0
38.8313,88426,884491546,2167,0,0,0
38.8407,88427,884501546,2167,0,0,0
38.8507,88428,884511546,2173,0,0,0
38.8610,88429,884521546,2175,0,0,0
38.8706,88430,884531546,2178,0,0,0
38.8803,88431,884541546,2186,0,0,0
38.8915,88432,884551546,2187,0,0,0
38.9001,88433,884561546,2186,0,0,0
38.9103,88434,884571546,2189,0,0,0
38.9202,88435,884581546,2189,0,0,0
38.9300,88436,884591546,2186,0,0,0
38.9405,88437,884601546,2187,0,0,0
38.9499,88438,884611546,2167,0,0,0
38.9599,88439,884621546,2155,0,0,0
38.9699,88440,884631546,2153,0,0,0
38.9800,88441,884641546,2139,0,0,0
38.9904,88442,884651546,2131,0,0,0
39.0002,88443,884661546,2133,0,0,0
39.0097,88444,884671546,2128,0,0,0
39.0215,88445,884681546,2122,0,0,0
39.0303,88446,884691546,2132,0,0,0
39.0405,88447,884701546,2131,0,0,0
39.0504,88448,884711546,2133,0,0,0
39.0602,88449,884721546,2139,0,0,0
39.0708,88450,884731546,2144,0,0,0
39.0802,88451,884741546,2147,0,0,0
39.0900,88452,884751546,2151,0,0,0
39.1009,88453,884761546,2145,0,0,0
39.1099,88454,884771546,2148,0,0,0
39.1198,88455,884781546,2147,0,0,0
39.1301,88456,884791546,2151,0,0,0
39.1398,88457,884801546,2147,0,0,0
39.1500,88458,884811546,2154,0,0,0
39.1601,88459,884821546,2150,0,0,0
39.1698,88460,884831546,2147,0,0,0
39.1804,88461,884841546,2149,0,0,0
39.1908,88462,884851546,2151,0,0,0
39.2001,88463,884861546,2135,0,0,0
39.2102,88464,884871546,2150,0,0,0
39.2204,88465,884881546,2147,0,0,0
39.2308,88466,884891546,2158,0,0,0
39.2405,88467,884901546,2154,0,0,0
39.2511,88468,884911546,2160,0,0,0
39.2606,88469,884921546,2151,0,0,0
39.2712,88470,884931546,2157,0,0,0
39.2813,88471,884941546,2160,0,0,0
39.2908,88472,884951546,2157,0,0,0
39.3003,88473,884961546,2161,0,0,0
39.3098,88474,884971546,2161,0,0,0
39.3212,88475,884981546,2158,0,0,0
39.3302,88476,884991546,2153,0,0,0
39.3406,88477,885001546,2141,0,0,0
39.3510,88478,885011546,2149,0,0,0
39.3605,88479,885021546,2143,0,0,0
39.3700,88480,885031546,2139,0,0,0
39.3803,88481,885041546,2149,0,0,0
39.3910,88482,885051546,2153,0,0,0
39.4006,88483,885061546,2149,0,0,0
39.4104,88484,885071546,2190,0,0,0
39.4207,88485,885081546,2288,0,0,0
39.4304,88486,885091546,2352,0,0,0
39.4417,88487,885101546,2162,0,0,0
39.4501,88488,885111546,1923,0,0,0
39.4600,88489,885121546,2041,0,0,0
39.4703,88490,885131546,2142,0,0,0
39.4800,88491,885141546,2153,0,0,0
39.4903,88492,885151546,2157,0,0,0
39.5001,88493,885161546,2150,0,0,0
39.5097,88494,885171546,2160,0,0,0
39.5206,88495,885181546,2152,0,0,0
39.5305,88496,885191546,2162,0,0,0
39.5405,88497,885201546,2160,0,0,0
39.5499,88498,885211546,2175,0,0,0
39.5605,88499,885221546,2159,0,0,0
39.5697,88500,885231546,2165,0,0,0
39.5800,88501,885241546,2159,0,0,0
39.5899,88502,885251546,2169,0,0,0
39.6006,88503,885261546,2167,0,0,0
39.6107,88504,885271546,2170,0,0,0
39.6199,88505,885281546,2169,0,0,0
39.6303,88506,885291546,2178,0,0,0
39.6409,88507,885301546,2177,0,0,0
39.6501,88508,885311546,2177,0,0,0
39.6601,88509,885321546,2181,0,0,0
39.6703,88510,885331546,2190,0,0,0
39.6816,88511,885341546,2188,0,0,0
39.6902,88512,885351546,2190,0,0,0
39.6998,88513,885361546,2177,0,0,0
39.7097,88514,885371546,2161,0,0,0
39.7201,88515,885381546,2154,0,0,0
39.7300,88516,885391546,2157,0,0,0
39.7401,88517,885401546,2135,0,0,0
39.7499,88518,885411546,2135,0,0,0
39.7600,88519,885421546,2130,0,0,0
39.7699,88520,885431546,2133,0,0,0
39.7804,88521,885441546,2125,0,0,0
39.7903,88522,885451546,2131,0,0,0
39.8000,88523,885461546,2128,0,0,0
39.8100,88524,885471546,2129,0,0,0
39.8204,88525,885481546,2131,0,0,0
39.8304,88526,885491546,2137,0,0,0
39.8399,88527,885501546,2133,0,0,0
39.8497,88528,885511546,2139,0,0,0
39.8597,88529,885521546,2139,0,0,0
39.8699,88530,885531546,2143,0,0,0
39.8796,88531,885541546,2150,0,0,0
39.8895,88532,885551546,2151,0,0,0
39.8994,88533,885561546,2157,0,0,0
39.9096,88534,885571546,2157,0,0,0
39.9201,88535,885581546,2150,0,0,0
39.9298,88536,885591546,2160,0,0,0
39.9402,88537,885601546,2155,0,0,0
39.9499,88538,885611546,2158,0,0,0
39.9604,88539,885621546,2153,0,0,0
39.9697,88540,885631546,2160,0,0,0
39.9803,88541,885641546,2159,0,0,0
39.9904,88542,885651546,2160,0,0,0
40.0008,88543,885661546,2159,0,0,0
40.0104,88544,885671546,2160,0,0,0
40.0200,88545,885681546,2158,0,0,0
40.0300,88546,885691546,2160,0,0,0
40.0399,88547,885701546,2158,0,0,0
40.0497,88548,885711546,2160,0,0,0
40.0601,88549,885721546,2157,0,0,0
40.0710,88550,885731546,2161,0,0,0
40.0798,88551,885741546,2171,0,0,0
40.0903,88552,885751546,2177,0,0,0
40.0998,88553,885761546,2167,0,0,0
40.1097,88554,885771546,2175,0,0,0
40.1198,88555,885781546,2163,0,0,0
40.1298,88556,885791546,2169,0,0,0
40.1397,88557,885801546,2159,0,0,0
40.1499,88558,885811546,2159,0,0,0
40.1595,88559,885821546,2155,0,0,0
40.1697,88560,885831546,2160,0,0,0
40.1803,88561,885841546,2160,0,0,0
40.1894,88562,885851546,2160,0,0,0
40.2003,88563,885861546,2160,0,0,0
40.2104,88564,885871546,2209,0,0,0
40.2199,88565,885881546,2310,0,0,0
40.2298,88566,885891546,2374,0,0,0
40.2401,88567,885901546,2169,0,0,0
40.2500,88568,885911546,1953,0,0,0
40.2594,88569,885921546,2069,0,0,0
40.2697,88570,885931546,2160,0,0,0
40.2799,88571,885941546,2162,0,0,0
40.2898,88572,885951546,2165,0,0,0
40.3000,88573,885961546,2160,0,0,0
40.3098,88574,885971546,2174,0,0,0
40.3196,88575,885981546,2162,0,0,0
40.3304,88576,885991546,2171,0,0,0
40.3396,88577,886001546,2173,0,0,0
40.3499,88578,886011546,2177,0,0,0
40.3594,88579,886021546,2173,0,0,0
40.3694,88580,886031546,2174,0,0,0
40.3796,88581,886041546,2174,0,0,0
40.3904,88582,886051546,2185,0,0,0
40.3995,88583,886061546,2174,0,0,0
40.4098,88584,886071546,2186,0,0,0
40.4202,88585,886081546,2181,0,0,0
40.4306,88586,886091546,2187,0,0,0
40.4397,88587,886101546,2192,0,0,0
40.4501,88588,886111546,2191,0,0,0
40.4605,88589,886121546,2189,0,0,0
40.4710,88590,886131546,2195,0,0,0
40.4813,88591,886141546,2191,0,0,0
40.4911,88592,886151546,2198,0,0,0
40.5003,88593,886161546,2179,0,0,0
40.5111,88594,886171546,2182,0,0,0
40.5206,88595,886181546,2166,0,0,0
40.5304,88596,886191546,2160,0,0,0
40.5400,88597,886201546,2148,0,0,0
40.5505,88598,886211546,2153,0,0,0
40.5608,88599,886221546,2135,0,0,0
40.5700,88600,886231546,2147,0,0,0
40.5807,88601,886241546,2133,0,0,0
