pc_time_s,seq,t_us,ecg_adc,lo_plus,lo_minus,lead_off
0.0079,89192,892150538,1744,0,0,0
0.0188,89193,892160539,1751,0,0,0
0.0280,89194,892170538,1763,0,0,0
0.0379,89195,892180539,1763,0,0,0
0.0481,89196,892190539,1777,0,0,0
0.0580,89197,892200539,1773,0,0,0
0.0679,89198,892210539,1777,0,0,0
0.0780,89199,892220538,1786,0,0,0
0.0881,89200,892230539,1798,0,0,0
0.0982,89201,892240538,1803,0,0,0
0.1082,89202,892250539,1807,0,0,0
0.1183,89203,892260539,1798,0,0,0
0.1282,89204,892270539,1817,0,0,0
0.1380,89205,892280538,1831,0,0,0
0.1484,89206,892290539,1850,0,0,0
0.1580,89207,892300539,1871,0,0,0
0.1694,89208,892310539,1883,0,0,0
0.1779,89209,892320538,1903,0,0,0
0.1884,89210,892330539,1921,0,0,0
0.1982,89211,892340539,1929,0,0,0
0.2081,89212,892350539,1941,0,0,0
0.2180,89213,892360538,1936,0,0,0
0.2281,89214,892370539,1926,0,0,0
0.2381,89215,892380539,1891,0,0,0
0.2481,89216,892390538,1867,0,0,0
0.2579,89217,892400538,1827,0,0,0
0.2681,89218,892410539,1808,0,0,0
0.2780,89219,892420539,1791,0,0,0
0.2882,89220,892430539,1779,0,0,0
0.2980,89221,892440538,1770,0,0,0
0.3087,89222,892450539,1778,0,0,0
0.3180,89223,892460539,1774,0,0,0
0.3280,89224,892470539,1776,0,0,0
0.3380,89225,892480539,1776,0,0,0
0.3481,89226,892490539,1774,0,0,0
0.3583,89227,892500538,1776,0,0,0
0.3681,89228,892510539,1790,0,0,0
0.3780,89229,892520538,1783,0,0,0
0.3882,89230,892530539,1803,0,0,0
0.3981,89231,892540539,1796,0,0,0
0.4082,89232,892550539,1807,0,0,0
0.4182,89233,892560539,1808,0,0,0
0.4279,89234,892570539,1809,0,0,0
0.4381,89235,892580539,1814,0,0,0
0.4482,89236,892590538,1811,0,0,0
0.4581,89237,892600538,1813,0,0,0
0.4680,89238,892610539,1828,0,0,0
0.4778,89239,892620539,1819,0,0,0
0.4879,89240,892630539,1814,0,0,0
0.4981,89241,892640538,1818,0,0,0
0.5080,89242,892650539,1825,0,0,0
0.5187,89243,892660539,1810,0,0,0
0.5280,89244,892670538,1827,0,0,0
0.5381,89245,892680539,1824,0,0,0
0.5481,89246,892690539,1830,0,0,0
0.5583,89247,892700538,1833,0,0,0
0.5680,89248,892710539,1835,0,0,0
0.5781,89249,892720539,1829,0,0,0
0.5884,89250,892730539,1830,0,0,0
0.5982,89251,892740538,1839,0,0,0
0.6086,89252,892750539,1851,0,0,0
0.6182,89253,892760538,1825,0,0,0
0.6281,89254,892770539,1836,0,0,0
0.6382,89255,892780539,1835,0,0,0
0.6482,89256,892790539,1844,0,0,0
0.6583,89257,892800539,1837,0,0,0
0.6687,89258,892810538,1849,0,0,0
0.6782,89259,892820539,1843,0,0,0
0.6880,89260,892830538,1853,0,0,0
0.6980,89261,892840539,1861,0,0,0
0.7079,89262,892850539,1858,0,0,0
0.7181,89263,892860538,1855,0,0,0
0.7282,89264,892870539,1862,0,0,0
0.7381,89265,892880539,1858,0,0,0
0.7484,89266,892890538,1869,0,0,0
0.7580,89267,892900539,1869,0,0,0
0.7680,89268,892910539,1871,0,0,0
0.7787,89269,892920539,1879,0,0,0
0.7879,89270,892930539,1893,0,0,0
0.7979,89271,892940538,1898,0,0,0
0.8082,89272,892950539,1919,0,0,0
0.8179,89273,892960538,1941,0,0,0
0.8281,89274,892970539,1945,0,0,0
0.8381,89275,892980539,1989,0,0,0
0.8481,89276,892990539,1986,0,0,0
0.8580,89277,893000539,1959,0,0,0
0.8681,89278,893010539,1890,0,0,0
0.8781,89279,893020538,1863,0,0,0
0.8880,89280,893030539,1872,0,0,0
0.8982,89281,893040539,1857,0,0,0
0.9082,89282,893050539,1841,0,0,0
0.9180,89283,893060538,1840,0,0,0
0.9281,89284,893070539,1843,0,0,0
0.9380,89285,893080539,1836,0,0,0
0.9481,89286,893090538,1591,0,0,0
0.9582,89287,893100538,1594,0,0,0
0.9682,89288,893110539,2337,0,0,0
0.9781,89289,893120539,3941,0,0,0
0.9880,89290,893130538,2461,0,0,0
0.9980,89291,893140538,1744,0,0,0
1.0080,89292,893150539,1733,0,0,0
1.0182,89293,893160539,1868,0,0,0
1.0284,89294,893170539,1779,0,0,0
1.0380,89295,893180538,1767,0,0,0
1.0480,89296,893190539,1780,0,0,0
1.0581,89297,893200539,1792,0,0,0
1.0681,89298,893210539,1787,0,0,0
1.0783,89299,893220539,1791,0,0,0
1.0881,89300,893230539,1830,0,0,0
1.0981,89301,893240539,1811,0,0,0
1.1081,89302,893250538,1830,0,0,0
1.1183,89303,893260538,1846,0,0,0
1.1281,89304,893270539,1817,0,0,0
1.1381,89305,893280539,1823,0,0,0
1.1481,89306,893290539,1840,0,0,0
1.1581,89307,893300538,1840,0,0,0
1.1683,89308,893310539,1850,0,0,0
1.1780,89309,893320539,1859,0,0,0
1.1881,89310,893330539,1859,0,0,0
1.1985,89311,893340539,1877,0,0,0
1.2083,89312,893350538,1918,0,0,0
1.2185,89313,893360539,1925,0,0,0
1.2280,89314,893370538,1937,0,0,0
1.2379,89315,893380539,1974,0,0,0
1.2484,89316,893390539,1967,0,0,0
1.2580,89317,893400538,1968,0,0,0
1.2684,89318,893410539,1971,0,0,0
1.2780,89319,893420539,1937,0,0,0
1.2883,89320,893430539,1895,0,0,0
1.2979,89321,893440539,1872,0,0,0
1.3080,89322,893450539,1839,0,0,0
1.3180,89323,893460539,1812,0,0,0
1.3278,89324,893470539,1802,0,0,0
1.3381,89325,893480538,1803,0,0,0
1.3480,89326,893490539,1776,0,0,0
1.3580,89327,893500539,1776,0,0,0
1.3679,89328,893510538,1776,0,0,0
1.3781,89329,893520539,1790,0,0,0
1.3880,89330,893530539,1798,0,0,0
1.3979,89331,893540539,1795,0,0,0
1.4080,89332,893550539,1796,0,0,0
1.4181,89333,893560539,1808,0,0,0
1.4279,89334,893570538,1804,0,0,0
1.4380,89335,893580538,1834,0,0,0
1.4482,89336,893590539,1820,0,0,0
1.4581,89337,893600539,1824,0,0,0
1.4680,89338,893610539,1837,0,0,0
1.4782,89339,893620539,1823,0,0,0
1.4880,89340,893630538,1834,0,0,0
1.4980,89341,893640538,1837,0,0,0
1.5080,89342,893650539,1826,0,0,0
1.5183,89343,893660538,1845,0,0,0
1.5280,89344,893670539,1846,0,0,0
1.5380,89345,893680539,1838,0,0,0
1.5481,89346,893690538,1847,0,0,0
1.5581,89347,893700539,1838,0,0,0
1.5680,89348,893710539,1825,0,0,0
1.5781,89349,893720538,1829,0,0,0
1.5881,89350,893730539,1837,0,0,0
1.5981,89351,893740539,1835,0,0,0
1.6081,89352,893750538,1833,0,0,0
1.6181,89353,893760539,1835,0,0,0
1.6279,89354,893770539,1824,0,0,0
1.6380,89355,893780539,1842,0,0,0
1.6480,89356,893790539,1821,0,0,0
1.6580,89357,893800539,1831,0,0,0
1.6681,89358,893810539,1840,0,0,0
1.6783,89359,893820539,1840,0,0,0
1.6880,89360,893830538,1835,0,0,0
1.6985,89361,893840539,1847,0,0,0
1.7083,89362,893850539,1840,0,0,0
1.7180,89363,893860539,1847,0,0,0
1.7279,89364,893870539,1845,0,0,0
1.7381,89365,893880538,1835,0,0,0
1.7482,89366,893890539,1845,0,0,0
1.7580,89367,893900539,1845,0,0,0
1.7683,89368,893910539,1843,0,0,0
1.7779,89369,893920538,1853,0,0,0
1.7881,89370,893930539,1859,0,0,0
1.7980,89371,893940539,1902,0,0,0
1.8079,89372,893950539,1910,0,0,0
1.8181,89373,893960539,1936,0,0,0
1.8280,89374,893970539,1981,0,0,0
1.8381,89375,893980539,1973,0,0,0
1.8481,89376,893990538,1926,0,0,0
1.8579,89377,894000539,1865,0,0,0
1.8680,89378,894010539,1829,0,0,0
1.8782,89379,894020538,1829,0,0,0
1.8881,89380,894030539,1817,0,0,0
1.8980,89381,894040538,1820,0,0,0
1.9080,89382,894050539,1805,0,0,0
1.9180,89383,894060539,1816,0,0,0
1.9279,89384,894070539,1810,0,0,0
1.9382,89385,894080538,1566,0,0,0
1.9481,89386,894090539,1587,0,0,0
1.9580,89387,894100538,2355,0,0,0
1.9682,89388,894110539,3813,0,0,0
1.9781,89389,894120539,2374,0,0,0
1.9879,89390,894130538,1805,0,0,0
1.9981,89391,894140539,1733,0,0,0
2.0083,89392,894150539,1808,0,0,0
2.0179,89393,894160539,1742,0,0,0
2.0292,89394,894170539,1729,0,0,0
2.0383,89395,894180539,1758,0,0,0
2.0481,89396,894190538,1749,0,0,0
2.0582,89397,894200538,1769,0,0,0
2.0682,89398,894210539,1764,0,0,0
2.0781,89399,894220539,1763,0,0,0
2.0882,89400,894230539,1772,0,0,0
2.0980,89401,894240539,1776,0,0,0
2.1081,89402,894250539,1775,0,0,0
2.1180,89403,894260538,1781,0,0,0
2.1283,89404,894270539,1780,0,0,0
2.1381,89405,894280538,1797,0,0,0
2.1485,89406,894290539,1790,0,0,0
2.1582,89407,894300538,1812,0,0,0
2.1683,89408,894310539,1810,0,0,0
2.1786,89409,894320539,1834,0,0,0
2.1884,89410,894330539,1843,0,0,0
2.1978,89411,894340539,1859,0,0,0
2.2081,89412,894350539,1867,0,0,0
2.2181,89413,894360539,1888,0,0,0
2.2280,89414,894370539,1904,0,0,0
2.2382,89415,894380539,1922,0,0,0
2.2484,89416,894390539,1915,0,0,0
2.2579,89417,894400539,1911,0,0,0
2.2690,89418,894410538,1886,0,0,0
2.2779,89419,894420539,1861,0,0,0
2.2879,89420,894430539,1824,0,0,0
2.2984,89421,894440538,1806,0,0,0
2.3087,89422,894450539,1775,0,0,0
2.3180,89423,894460539,1776,0,0,0
2.3287,89424,894470538,1769,0,0,0
2.3382,89425,894480539,1777,0,0,0
2.3481,89426,894490538,1771,0,0,0
2.3581,89427,894500539,1751,0,0,0
2.3681,89428,894510539,1757,0,0,0
2.3781,89429,894520539,1771,0,0,0
2.3880,89430,894530539,1776,0,0,0
2.3979,89431,894540539,1765,0,0,0
2.4082,89432,894550539,1766,0,0,0
2.4181,89433,894560539,1774,0,0,0
2.4281,89434,894570539,1775,0,0,0
2.4380,89435,894580539,1788,0,0,0
2.4481,89436,894590538,1791,0,0,0
2.4579,89437,894600539,1807,0,0,0
2.4681,89438,894610539,1798,0,0,0
2.4781,89439,894620539,1808,0,0,0
2.4879,89440,894630539,1797,0,0,0
2.4980,89441,894640539,1808,0,0,0
2.5082,89442,894650538,1802,0,0,0
2.5180,89443,894660539,1808,0,0,0
2.5283,89444,894670539,1804,0,0,0
2.5381,89445,894680539,1815,0,0,0
2.5480,89446,894690539,1806,0,0,0
2.5580,89447,894700538,1824,0,0,0
2.5680,89448,894710539,1806,0,0,0
2.5781,89449,894720539,1819,0,0,0
2.5884,89450,894730539,1821,0,0,0
2.5979,89451,894740539,1811,0,0,0
2.6081,89452,894750538,1815,0,0,0
2.6182,89453,894760539,1824,0,0,0
2.6279,89454,894770539,1823,0,0,0
2.6379,89455,894780538,1834,0,0,0
2.6483,89456,894790539,1826,0,0,0
2.6581,89457,894800538,1834,0,0,0
2.6681,89458,894810539,1823,0,0,0
2.6781,89459,894820538,1840,0,0,0
2.6881,89460,894830539,1838,0,0,0
2.6984,89461,894840539,1840,0,0,0
2.7081,89462,894850539,1839,0,0,0
2.7182,89463,894860538,1852,0,0,0
2.7284,89464,894870539,1840,0,0,0
2.7383,89465,894880539,1861,0,0,0
2.7486,89466,894890539,1837,0,0,0
2.7580,89467,894900539,1854,0,0,0
2.7687,89468,894910539,1858,0,0,0
2.7790,89469,894920539,1875,0,0,0
2.7886,89470,894930539,1902,0,0,0
2.7980,89471,894940539,1920,0,0,0
2.8080,89472,894950539,1952,0,0,0
2.8183,89473,894960539,1970,0,0,0
2.8283,89474,894970539,1942,0,0,0
2.8382,89475,894980539,1899,0,0,0
2.8480,89476,894990539,1837,0,0,0
2.8579,89477,895000539,1833,0,0,0
2.8683,89478,895010539,1817,0,0,0
2.8779,89479,895020539,1813,0,0,0
2.8880,89480,895030539,1803,0,0,0
2.8980,89481,895040539,1810,0,0,0
2.9079,89482,895050539,1798,0,0,0
2.9184,89483,895060538,1739,0,0,0
2.9281,89484,895070539,1473,0,0,0
2.9383,89485,895080539,1825,0,0,0
2.9483,89486,895090538,3108,0,0,0
2.9581,89487,895100538,3292,0,0,0
2.9681,89488,895110539,1970,0,0,0
2.9780,89489,895120539,1591,0,0,0
2.9882,89490,895130539,1795,0,0,0
2.9982,89491,895140539,1763,0,0,0
3.0088,89492,895150538,1712,0,0,0
3.0216,89493,895160538,1744,0,0,0
3.0282,89494,895170539,1745,0,0,0
3.0381,89495,895180539,1753,0,0,0
3.0480,89496,895190539,1755,0,0,0
3.0580,89497,895200538,1766,0,0,0
3.0678,89498,895210539,1765,0,0,0
3.0779,89499,895220539,1775,0,0,0
3.0879,89500,895230539,1775,0,0,0
3.0979,89501,895240539,1787,0,0,0
3.1080,89502,895250539,1787,0,0,0
3.1181,89503,895260539,1806,0,0,0
3.1280,89504,895270539,1801,0,0,0
3.1379,89505,895280539,1809,0,0,0
3.1481,89506,895290538,1811,0,0,0
3.1581,89507,895300538,1831,0,0,0
3.1681,89508,895310539,1841,0,0,0
3.1783,89509,895320538,1853,0,0,0
3.1880,89510,895330539,1879,0,0,0
3.1981,89511,895340539,1905,0,0,0
3.2083,89512,895350539,1910,0,0,0
3.2183,89513,895360539,1936,0,0,0
3.2284,89514,895370539,1942,0,0,0
3.2381,89515,895380539,1950,0,0,0
3.2484,89516,895390539,1924,0,0,0
3.2581,89517,895400539,1905,0,0,0
3.2680,89518,895410539,1862,0,0,0
3.2782,89519,895420539,1844,0,0,0
3.2880,89520,895430539,1815,0,0,0
3.2980,89521,895440539,1804,0,0,0
3.3079,89522,895450538,1782,0,0,0
3.3179,89523,895460539,1793,0,0,0
3.3279,89524,895470539,1793,0,0,0
3.3379,89525,895480538,1805,0,0,0
3.3479,89526,895490539,1781,0,0,0
3.3581,89527,895500539,1786,0,0,0
3.3679,89528,895510539,1777,0,0,0
3.3781,89529,895520539,1781,0,0,0
3.3884,89530,895530539,1785,0,0,0
3.3985,89531,895540539,1805,0,0,0
3.4082,89532,895550539,1791,0,0,0
3.4185,89533,895560539,1802,0,0,0
3.4282,89534,895570539,1797,0,0,0
3.4381,89535,895580538,1808,0,0,0
3.4485,89536,895590539,1810,0,0,0
3.4584,89537,895600539,1815,0,0,0
3.4682,89538,895610538,1808,0,0,0
3.4784,89539,895620539,1823,0,0,0
3.4881,89540,895630539,1814,0,0,0
3.4979,89541,895640538,1828,0,0,0
3.5080,89542,895650539,1825,0,0,0
3.5179,89543,895660538,1833,0,0,0
3.5279,89544,895670539,1833,0,0,0
3.5380,89545,895680539,1831,0,0,0
3.5479,89546,895690539,1829,0,0,0
3.5581,89547,895700539,1841,0,0,0
3.5681,89548,895710539,1836,0,0,0
3.5780,89549,895720539,1845,0,0,0
3.5879,89550,895730539,1830,0,0,0
3.5980,89551,895740539,1837,0,0,0
3.6081,89552,895750538,1840,0,0,0
3.6180,89553,895760539,1850,0,0,0
3.6280,89554,895770539,1841,0,0,0
3.6381,89555,895780539,1853,0,0,0
3.6481,89556,895790539,1840,0,0,0
3.6580,89557,895800539,1843,0,0,0
3.6680,89558,895810539,1851,0,0,0
3.6780,89559,895820539,1867,0,0,0
3.6881,89560,895830539,1849,0,0,0
3.6979,89561,895840539,1851,0,0,0
3.7078,89562,895850539,1856,0,0,0
3.7179,89563,895860539,1861,0,0,0
3.7278,89564,895870539,1857,0,0,0
3.7378,89565,895880539,1871,0,0,0
3.7479,89566,895890539,1872,0,0,0
3.7579,89567,895900539,1904,0,0,0
3.7679,89568,895910538,1926,0,0,0
3.7781,89569,895920539,1939,0,0,0
3.7878,89570,895930539,1981,0,0,0
3.7980,89571,895940538,1985,0,0,0
3.8082,89572,895950539,1949,0,0,0
3.8181,89573,895960538,1904,0,0,0
3.8280,89574,895970539,1856,0,0,0
3.8380,89575,895980538,1869,0,0,0
3.8479,89576,895990539,1875,0,0,0
3.8580,89577,896000539,1837,0,0,0
3.8680,89578,896010538,1829,0,0,0
3.8780,89579,896020539,1831,0,0,0
3.8879,89580,896030538,1831,0,0,0
3.8984,89581,896040539,1600,0,0,0
3.9080,89582,896050539,1562,0,0,0
3.9181,89583,896060538,2275,0,0,0
3.9281,89584,896070539,4007,0,0,0
3.9380,89585,896080539,2559,0,0,0
3.9480,89586,896090539,1722,0,0,0
3.9581,89587,896100539,1712,0,0,0
3.9680,89588,896110539,1836,0,0,0
3.9779,89589,896120539,1773,0,0,0
3.9880,89590,896130539,1766,0,0,0
3.9979,89591,896140539,1773,0,0,0
4.0079,89592,896150539,1773,0,0,0
4.0189,89593,896160539,1786,0,0,0
4.0290,89594,896170538,1785,0,0,0
4.0379,89595,896180538,1796,0,0,0
4.0482,89596,896190538,1791,0,0,0
4.0579,89597,896200539,1808,0,0,0
4.0679,89598,896210539,1796,0,0,0
4.0780,89599,896220539,1825,0,0,0
4.0882,89600,896230539,1819,0,0,0
4.0981,89601,896240539,1827,0,0,0
4.1081,89602,896250538,1813,0,0,0
4.1180,89603,896260539,1840,0,0,0
4.1280,89604,896270538,1831,0,0,0
4.1380,89605,896280539,1853,0,0,0
4.1479,89606,896290539,1869,0,0,0
4.1583,89607,896300538,1899,0,0,0
4.1680,89608,896310539,1904,0,0,0
4.1780,89609,896320539,1923,0,0,0
4.1880,89610,896330539,1957,0,0,0
4.1979,89611,896340538,1967,0,0,0
4.2079,89612,896350539,1968,0,0,0
4.2180,89613,896360539,1968,0,0,0
4.2280,89614,896370539,1925,0,0,0
4.2380,89615,896380538,1899,0,0,0
4.2481,89616,896390539,1862,0,0,0
4.2580,89617,896400538,1837,0,0,0
4.2680,89618,896410539,1810,0,0,0
4.2805,89619,896420539,1792,0,0,0
4.2879,89620,896430539,1776,0,0,0
4.2980,89621,896440539,1783,0,0,0
4.3081,89622,896450539,1779,0,0,0
4.3181,89623,896460539,1792,0,0,0
4.3279,89624,896470538,1796,0,0,0
4.3380,89625,896480539,1799,0,0,0
4.3479,89626,896490539,1794,0,0,0
4.3580,89627,896500539,1797,0,0,0
4.3681,89628,896510538,1803,0,0,0
4.3781,89629,896520539,1807,0,0,0
4.3880,89630,896530539,1802,0,0,0
4.3981,89631,896540538,1808,0,0,0
4.4080,89632,896550539,1809,0,0,0
4.4180,89633,896560539,1829,0,0,0
4.4281,89634,896570539,1827,0,0,0
4.4380,89635,896580539,1835,0,0,0
4.4480,89636,896590539,1840,0,0,0
4.4579,89637,896600539,1854,0,0,0
4.4679,89638,896610538,1840,0,0,0
4.4778,89639,896620538,1840,0,0,0
4.4879,89640,896630539,1844,0,0,0
4.4979,89641,896640538,1841,0,0,0
4.5083,89642,896650539,1839,0,0,0
4.5179,89643,896660538,1845,0,0,0
4.5283,89644,896670539,1839,0,0,0
4.5379,89645,896680539,1849,0,0,0
4.5480,89646,896690539,1845,0,0,0
4.5580,89647,896700538,1852,0,0,0
4.5679,89648,896710539,1855,0,0,0
4.5781,89649,896720539,1839,0,0,0
4.5879,89650,896730539,1843,0,0,0
4.5981,89651,896740539,1843,0,0,0
4.6080,89652,896750538,1847,0,0,0
4.6180,89653,896760539,1867,0,0,0
4.6280,89654,896770539,1870,0,0,0
4.6379,89655,896780539,1903,0,0,0
4.6478,89656,896790539,1902,0,0,0
4.6585,89657,896800539,1938,0,0,0
4.6681,89658,896810539,1979,0,0,0
4.6779,89659,896820538,1958,0,0,0
4.6880,89660,896830539,1904,0,0,0
4.6979,89661,896840538,1851,0,0,0
4.7083,89662,896850539,1834,0,0,0
4.7180,89663,896860539,1837,0,0,0
4.7281,89664,896870539,1819,0,0,0
4.7381,89665,896880539,1804,0,0,0
4.7480,89666,896890539,1794,0,0,0
4.7581,89667,896900538,1811,0,0,0
4.7680,89668,896910539,1776,0,0,0
4.7785,89669,896920539,1520,0,0,0
4.7879,89670,896930539,1739,0,0,0
4.7979,89671,896940539,2694,0,0,0
4.8079,89672,896950539,3376,0,0,0
4.8181,89673,896960539,2000,0,0,0
4.8287,89674,896970538,1799,0,0,0
4.8379,89675,896980539,1776,0,0,0
4.8482,89676,896990539,1837,0,0,0
4.8579,89677,897000539,1767,0,0,0
4.8679,89678,897010539,1776,0,0,0
4.8779,89679,897020539,1797,0,0,0
4.8880,89680,897030539,1781,0,0,0
4.8980,89681,897040538,1802,0,0,0
4.9081,89682,897050539,1794,0,0,0
4.9180,89683,897060539,1808,0,0,0
4.9280,89684,897070539,1808,0,0,0
4.9381,89685,897080539,1813,0,0,0
4.9480,89686,897090539,1819,0,0,0
4.9581,89687,897100538,1825,0,0,0
4.9679,89688,897110539,1826,0,0,0
4.9779,89689,897120539,1819,0,0,0
4.9879,89690,897130538,1840,0,0,0
4.9980,89691,897140538,1854,0,0,0
5.0079,89692,897150539,1851,0,0,0
5.0182,89693,897160539,1863,0,0,0
5.0280,89694,897170539,1887,0,0,0
5.0379,89695,897180538,1904,0,0,0
5.0479,89696,897190539,1920,0,0,0
5.0579,89697,897200539,1941,0,0,0
5.0680,89698,897210538,1951,0,0,0
5.0782,89699,897220539,1967,0,0,0
5.0879,89700,897230539,1961,0,0,0
5.0980,89701,897240539,1945,0,0,0
5.1080,89702,897250539,1921,0,0,0
5.1180,89703,897260539,1886,0,0,0
5.1280,89704,897270539,1840,0,0,0
5.1381,89705,897280538,1820,0,0,0
5.1481,89706,897290539,1808,0,0,0
5.1581,89707,897300539,1798,0,0,0
5.1679,89708,897310539,1794,0,0,0
5.1780,89709,897320538,1792,0,0,0
5.1880,89710,897330539,1794,0,0,0
5.1979,89711,897340539,1810,0,0,0
5.2081,89712,897350538,1804,0,0,0
5.2180,89713,897360539,1799,0,0,0
5.2279,89714,897370539,1806,0,0,0
5.2381,89715,897380538,1803,0,0,0
5.2481,89716,897390539,1819,0,0,0
5.2581,89717,897400539,1823,0,0,0
5.2680,89718,897410539,1815,0,0,0
5.2781,89719,897420539,1836,0,0,0
5.2880,89720,897430539,1827,0,0,0
5.2980,89721,897440539,1838,0,0,0
5.3082,89722,897450539,1853,0,0,0
5.3179,89723,897460539,1834,0,0,0
5.3281,89724,897470539,1842,0,0,0
5.3381,89725,897480538,1842,0,0,0
5.3481,89726,897490539,1840,0,0,0
5.3580,89727,897500539,1840,0,0,0
5.3678,89728,897510538,1841,0,0,0
5.3779,89729,897520539,1847,0,0,0
5.3882,89730,897530539,1831,0,0,0
5.3979,89731,897540539,1839,0,0,0
5.4079,89732,897550539,1840,0,0,0
5.4179,89733,897560538,1829,0,0,0
5.4279,89734,897570539,1823,0,0,0
5.4379,89735,897580539,1815,0,0,0
5.4479,89736,897590539,1824,0,0,0
5.4579,89737,897600539,1811,0,0,0
5.4679,89738,897610539,1813,0,0,0
5.4779,89739,897620539,1820,0,0,0
5.4879,89740,897630539,1853,0,0,0
5.4980,89741,897640539,1872,0,0,0
5.5079,89742,897650539,1889,0,0,0
5.5179,89743,897660539,1965,0,0,0
5.5283,89744,897670539,1971,0,0,0
5.5379,89745,897680539,1953,0,0,0
5.5480,89746,897690539,1872,0,0,0
5.5579,89747,897700538,1815,0,0,0
5.5680,89748,897710539,1808,0,0,0
5.5780,89749,897720539,1802,0,0,0
5.5880,89750,897730539,1781,0,0,0
5.5982,89751,897740538,1772,0,0,0
5.6081,89752,897750539,1769,0,0,0
5.6180,89753,897760539,1770,0,0,0
5.6281,89754,897770539,1681,0,0,0
5.6381,89755,897780539,1436,0,0,0
5.6480,89756,897790539,1825,0,0,0
5.6580,89757,897800539,3145,0,0,0
5.6679,89758,897810539,3169,0,0,0
5.6779,89759,897820539,1923,0,0,0
5.6880,89760,897830539,1586,0,0,0
5.6979,89761,897840539,1775,0,0,0
5.7080,89762,897850539,1735,0,0,0
5.7179,89763,897860538,1706,0,0,0
5.7280,89764,897870539,1712,0,0,0
5.7379,89765,897880539,1722,0,0,0
5.7479,89766,897890539,1738,0,0,0
5.7580,89767,897900539,1744,0,0,0
5.7679,89768,897910539,1750,0,0,0
5.7780,89769,897920539,1758,0,0,0
5.7882,89770,897930539,1771,0,0,0
5.7981,89771,897940538,1770,0,0,0
5.8080,89772,897950539,1783,0,0,0
5.8181,89773,897960538,1782,0,0,0
5.8280,89774,897970539,1779,0,0,0
5.8381,89775,897980539,1779,0,0,0
5.8480,89776,897990538,1795,0,0,0
5.8580,89777,898000539,1799,0,0,0
5.8681,89778,898010539,1808,0,0,0
5.8780,89779,898020539,1825,0,0,0
5.8880,89780,898030539,1846,0,0,0
5.8979,89781,898040538,1862,0,0,0
5.9079,89782,898050539,1899,0,0,0
5.9178,89783,898060539,1902,0,0,0
5.9280,89784,898070539,1920,0,0,0
5.9379,89785,898080539,1923,0,0,0
5.9479,89786,898090539,1926,0,0,0
5.9579,89787,898100539,1893,0,0,0
5.9678,89788,898110539,1887,0,0,0
5.9779,89789,898120539,1835,0,0,0
5.9879,89790,898130538,1809,0,0,0
5.9979,89791,898140539,1786,0,0,0
6.0079,89792,898150539,1777,0,0,0
6.0180,89793,898160538,1772,0,0,0
6.0279,89794,898170539,1769,0,0,0
6.0379,89795,898180539,1761,0,0,0
6.0481,89796,898190539,1778,0,0,0
6.0580,89797,898200539,1773,0,0,0
6.0680,89798,898210539,1779,0,0,0
6.0780,89799,898220538,1775,0,0,0
6.0881,89800,898230539,1775,0,0,0
6.0980,89801,898240539,1783,0,0,0
6.1080,89802,898250539,1804,0,0,0
6.1180,89803,898260539,1777,0,0,0
6.1280,89804,898270539,1794,0,0,0
6.1380,89805,898280538,1779,0,0,0
6.1479,89806,898290539,1796,0,0,0
6.1580,89807,898300539,1789,0,0,0
6.1679,89808,898310539,1799,0,0,0
6.1779,89809,898320539,1803,0,0,0
6.1880,89810,898330538,1811,0,0,0
6.1981,89811,898340538,1792,0,0,0
6.2079,89812,898350539,1821,0,0,0
6.2180,89813,898360539,1809,0,0,0
6.2280,89814,898370539,1813,0,0,0
6.2381,89815,898380539,1867,0,0,0
6.2480,89816,898390539,1814,0,0,0
6.2579,89817,898400539,1822,0,0,0
6.2679,89818,898410539,1825,0,0,0
6.2781,89819,898420539,1818,0,0,0
6.2879,89820,898430538,1825,0,0,0
6.2980,89821,898440538,1861,0,0,0
6.3080,89822,898450539,1831,0,0,0
6.3181,89823,898460539,1824,0,0,0
6.3279,89824,898470539,1840,0,0,0
6.3380,89825,898480539,1835,0,0,0
6.3479,89826,898490539,1850,0,0,0
6.3579,89827,898500539,1845,0,0,0
6.3680,89828,898510538,1854,0,0,0
6.3779,89829,898520539,1874,0,0,0
6.3880,89830,898530539,1888,0,0,0
6.3980,89831,898540539,1906,0,0,0
6.4080,89832,898550538,1958,0,0,0
6.4180,89833,898560538,1986,0,0,0
6.4280,89834,898570539,1993,0,0,0
6.4379,89835,898580539,1942,0,0,0
6.4479,89836,898590539,1873,0,0,0
6.4580,89837,898600538,1843,0,0,0
6.4679,89838,898610539,1840,0,0,0
6.4779,89839,898620539,1827,0,0,0
6.4878,89840,898630539,1808,0,0,0
6.4979,89841,898640539,1801,0,0,0
6.5079,89842,898650538,1807,0,0,0
6.5179,89843,898660539,1783,0,0,0
6.5284,89844,898670539,1554,0,0,0
6.5379,89845,898680539,1535,0,0,0
6.5480,89846,898690539,2291,0,0,0
6.5579,89847,898700539,3930,0,0,0
6.5680,89848,898710539,2468,0,0,0
6.5780,89849,898720539,1646,0,0,0
6.5880,89850,898730539,1708,0,0,0
6.5980,89851,898740539,1820,0,0,0
6.6081,89852,898750539,1737,0,0,0
6.6180,89853,898760538,1746,0,0,0
6.6280,89854,898770539,1767,0,0,0
6.6380,89855,898780539,1770,0,0,0
6.6480,89856,898790538,1791,0,0,0
6.6580,89857,898800539,1786,0,0,0
6.6681,89858,898810539,1791,0,0,0
6.6779,89859,898820539,1791,0,0,0
6.6880,89860,898830539,1795,0,0,0
6.6980,89861,898840539,1791,0,0,0
6.7080,89862,898850539,1819,0,0,0
6.7179,89863,898860539,1809,0,0,0
6.7280,89864,898870539,1819,0,0,0
6.7379,89865,898880538,1824,0,0,0
6.7479,89866,898890539,1844,0,0,0
6.7581,89867,898900539,1856,0,0,0
6.7689,89868,898910539,1872,0,0,0
6.7779,89869,898920538,1892,0,0,0
6.7884,89870,898930539,1918,0,0,0
6.7980,89871,898940539,1936,0,0,0
6.8079,89872,898950539,1967,0,0,0
6.8179,89873,898960539,1968,0,0,0
6.8279,89874,898970539,1991,0,0,0
6.8380,89875,898980539,1979,0,0,0
6.8480,89876,898990538,1968,0,0,0
6.8582,89877,899000538,1935,0,0,0
6.8681,89878,899010539,1903,0,0,0
6.8781,89879,899020539,1861,0,0,0
6.8882,89880,899030539,1840,0,0,0
6.8981,89881,899040539,1803,0,0,0
6.9081,89882,899050539,1791,0,0,0
6.9180,89883,899060538,1783,0,0,0
6.9280,89884,899070539,1789,0,0,0
6.9380,89885,899080539,1783,0,0,0
6.9480,89886,899090539,1803,0,0,0
6.9580,89887,899100538,1776,0,0,0
6.9680,89888,899110539,1790,0,0,0
6.9779,89889,899120538,1790,0,0,0
6.9880,89890,899130539,1812,0,0,0
6.9980,89891,899140539,1803,0,0,0
7.0080,89892,899150539,1802,0,0,0
7.0179,89893,899160539,1812,0,0,0
7.0280,89894,899170539,1815,0,0,0
7.0380,89895,899180539,1809,0,0,0
7.0480,89896,899190539,1818,0,0,0
7.0581,89897,899200539,1821,0,0,0
7.0680,89898,899210538,1835,0,0,0
7.0779,89899,899220539,1821,0,0,0
7.0879,89900,899230539,1833,0,0,0
7.0981,89901,899240538,1833,0,0,0
7.1081,89902,899250539,1843,0,0,0
7.1179,89903,899260539,1821,0,0,0
7.1280,89904,899270539,1837,0,0,0
7.1381,89905,899280539,1849,0,0,0
7.1481,89906,899290539,1855,0,0,0
7.1580,89907,899300538,1837,0,0,0
7.1680,89908,899310539,1841,0,0,0
7.1781,89909,899320539,1833,0,0,0
7.1879,89910,899330539,1857,0,0,0
7.1979,89911,899340539,1843,0,0,0
7.2079,89912,899350539,1855,0,0,0
7.2179,89913,899360539,1854,0,0,0
7.2279,89914,899370538,1869,0,0,0
7.2379,89915,899380538,1863,0,0,0
7.2478,89916,899390539,1879,0,0,0
7.2580,89917,899400538,1891,0,0,0
7.2680,89918,899410539,1913,0,0,0
7.2788,89919,899420539,1967,0,0,0
7.2880,89920,899430539,2019,0,0,0
7.2978,89921,899440538,1993,0,0,0
7.3079,89922,899450539,1942,0,0,0
7.3180,89923,899460539,1855,0,0,0
7.3280,89924,899470538,1838,0,0,0
7.3379,89925,899480539,1839,0,0,0
7.3480,89926,899490539,1841,0,0,0
7.3579,89927,899500538,1813,0,0,0
7.3679,89928,899510539,1818,0,0,0
7.3780,89929,899520539,1815,0,0,0
7.3879,89930,899530538,1807,0,0,0
7.3980,89931,899540539,1535,0,0,0
7.4079,89932,899550539,1618,0,0,0
7.4179,89933,899560539,2410,0,0,0
7.4281,89934,899570539,3788,0,0,0
7.4381,89935,899580539,2274,0,0,0
7.4481,89936,899590539,1819,0,0,0
7.4582,89937,899600538,1731,0,0,0
7.4683,89938,899610539,1827,0,0,0
7.4781,89939,899620539,1757,0,0,0
7.4880,89940,899630538,1766,0,0,0
7.4984,89941,899640539,1750,0,0,0
7.5080,89942,899650539,1776,0,0,0
7.5178,89943,899660538,1767,0,0,0
7.5280,89944,899670539,1803,0,0,0
7.5380,89945,899680538,1801,0,0,0
7.5480,89946,899690539,1789,0,0,0
7.5581,89947,899700539,1785,0,0,0
7.5682,89948,899710538,1819,0,0,0
7.5781,89949,899720539,1818,0,0,0
7.5882,89950,899730539,1824,0,0,0
7.5982,89951,899740539,1818,0,0,0
7.6081,89952,899750539,1838,0,0,0
7.6182,89953,899760538,1834,0,0,0
7.6281,89954,899770539,1855,0,0,0
7.6381,89955,899780539,1835,0,0,0
7.6483,89956,899790539,1857,0,0,0
7.6585,89957,899800538,1871,0,0,0
7.6680,89958,899810539,1907,0,0,0
7.6781,89959,899820538,1925,0,0,0
7.6884,89960,899830539,1925,0,0,0
7.6985,89961,899840538,1931,0,0,0
7.7086,89962,899850539,1958,0,0,0
7.7180,89963,899860538,1927,0,0,0
7.7281,89964,899870539,1913,0,0,0
7.7386,89965,899880539,1870,0,0,0
7.7486,89966,899890539,1847,0,0,0
7.7581,89967,899900539,1804,0,0,0
7.7680,89968,899910539,1801,0,0,0
7.7782,89969,899920539,1776,0,0,0
7.7880,89970,899930538,1776,0,0,0
7.7981,89971,899940539,1771,0,0,0
7.8080,89972,899950539,1779,0,0,0
7.8181,89973,899960539,1763,0,0,0
7.8279,89974,899970538,1783,0,0,0
7.8380,89975,899980539,1782,0,0,0
7.8480,89976,899990539,1789,0,0,0
7.8579,89977,900000539,1777,0,0,0
7.8679,89978,900010539,1798,0,0,0
7.8780,89979,900020539,1797,0,0,0
7.8879,89980,900030539,1813,0,0,0
7.8981,89981,900040539,1802,0,0,0
7.9081,89982,900050539,1823,0,0,0
7.9181,89983,900060539,1818,0,0,0
7.9282,89984,900070539,1820,0,0,0
7.9383,89985,900080539,1818,0,0,0
7.9482,89986,900090538,1826,0,0,0
7.9582,89987,900100539,1823,0,0,0
7.9687,89988,900110539,1835,0,0,0
7.9786,89989,900120539,1808,0,0,0
7.9886,89990,900130539,1838,0,0,0
7.9980,89991,900140538,1821,0,0,0
8.0084,89992,900150539,1824,0,0,0
8.0179,89993,900160539,1819,0,0,0
8.0283,89994,900170539,1827,0,0,0
8.0384,89995,900180538,1822,0,0,0
8.0480,89996,900190539,1825,0,0,0
8.0580,89997,900200539,1822,0,0,0
8.0680,89998,900210538,1820,0,0,0
8.0780,89999,900220539,1817,0,0,0
8.0880,90000,900230539,1838,0,0,0
8.0980,90001,900240539,1818,0,0,0
8.1080,90002,900250539,1822,0,0,0
8.1180,90003,900260538,1821,0,0,0
8.1279,90004,900270539,1835,0,0,0
8.1381,90005,900280539,1833,0,0,0
8.1482,90006,900290539,1841,0,0,0
8.1581,90007,900300539,1843,0,0,0
8.1681,90008,900310538,1875,0,0,0
8.1782,90009,900320538,1890,0,0,0
8.1881,90010,900330539,1929,0,0,0
8.1981,90011,900340539,1975,0,0,0
8.2085,90012,900350539,1997,0,0,0
8.2181,90013,900360538,1937,0,0,0
8.2284,90014,900370539,1868,0,0,0
8.2384,90015,900380539,1825,0,0,0
8.2480,90016,900390538,1820,0,0,0
8.2583,90017,900400539,1801,0,0,0
8.2685,90018,900410539,1807,0,0,0
8.2779,90019,900420539,1788,0,0,0
8.2879,90020,900430539,1799,0,0,0
8.2983,90021,900440539,1804,0,0,0
8.3080,90022,900450539,1728,0,0,0
8.3179,90023,900460539,1475,0,0,0
8.3279,90024,900470539,1855,0,0,0
8.3378,90025,900480538,3162,0,0,0
8.3479,90026,900490539,3220,0,0,0
8.3580,90027,900500538,1963,0,0,0
8.3680,90028,900510539,1625,0,0,0
8.3780,90029,900520539,1799,0,0,0
8.3879,90030,900530538,1776,0,0,0
8.3980,90031,900540539,1733,0,0,0
8.4081,90032,900550539,1744,0,0,0
8.4182,90033,900560539,1740,0,0,0
8.4281,90034,900570539,1762,0,0,0
8.4381,90035,900580539,1758,0,0,0
8.4482,90036,900590539,1772,0,0,0
8.4581,90037,900600539,1775,0,0,0
8.4681,90038,900610538,1782,0,0,0
8.4781,90039,900620539,1776,0,0,0
8.4886,90040,900630539,1790,0,0,0
8.4980,90041,900640539,1790,0,0,0
8.5081,90042,900650539,1807,0,0,0
8.5180,90043,900660538,1797,0,0,0
8.5289,90044,900670539,1817,0,0,0
8.5399,90045,900680539,1818,0,0,0
8.5481,90046,900690538,1840,0,0,0
8.5579,90047,900700539,1839,0,0,0
8.5681,90048,900710539,1870,0,0,0
8.5780,90049,900720538,1872,0,0,0
8.5880,90050,900730539,1905,0,0,0
8.5981,90051,900740539,1908,0,0,0
8.6080,90052,900750539,1927,0,0,0
8.6181,90053,900760539,1936,0,0,0
8.6283,90054,900770538,1934,0,0,0
8.6382,90055,900780538,1904,0,0,0
8.6486,90056,900790539,1879,0,0,0
8.6579,90057,900800539,1847,0,0,0
8.6692,90058,900810538,1821,0,0,0
8.6778,90059,900820539,1794,0,0,0
8.6884,90060,900830539,1787,0,0,0
8.6983,90061,900840538,1781,0,0,0
8.7085,90062,900850539,1783,0,0,0
8.7180,90063,900860538,1767,0,0,0
8.7281,90064,900870539,1779,0,0,0
8.7383,90065,900880539,1776,0,0,0
8.7484,90066,900890538,1779,0,0,0
8.7579,90067,900900539,1770,0,0,0
8.7689,90068,900910539,1781,0,0,0
8.7780,90069,900920539,1780,0,0,0
8.7879,90070,900930539,1779,0,0,0
8.7980,90071,900940539,1778,0,0,0
8.8080,90072,900950539,1788,0,0,0
8.8178,90073,900960539,1776,0,0,0
8.8279,90074,900970539,1791,0,0,0
8.8380,90075,900980539,1783,0,0,0
8.8481,90076,900990539,1793,0,0,0
8.8578,90077,901000539,1801,0,0,0
8.8679,90078,901010539,1821,0,0,0
8.8779,90079,901020539,1810,0,0,0
8.8885,90080,901030539,1831,0,0,0
8.8982,90081,901040539,1822,0,0,0
8.9081,90082,901050539,1814,0,0,0
8.9181,90083,901060539,1817,0,0,0
8.9282,90084,901070539,1823,0,0,0
8.9382,90085,901080539,1851,0,0,0
8.9482,90086,901090538,1831,0,0,0
8.9581,90087,901100539,1809,0,0,0
8.9683,90088,901110539,1838,0,0,0
8.9782,90089,901120539,1827,0,0,0
8.9881,90090,901130539,1830,0,0,0
8.9983,90091,901140538,1808,0,0,0
9.0083,90092,901150539,1851,0,0,0
9.0181,90093,901160539,1840,0,0,0
9.0280,90094,901170539,1840,0,0,0
9.0384,90095,901180539,1839,0,0,0
9.0484,90096,901190539,1842,0,0,0
9.0584,90097,901200538,1841,0,0,0
9.0678,90098,901210539,1851,0,0,0
9.0781,90099,901220539,1872,0,0,0
9.0879,90100,901230539,1856,0,0,0
9.0981,90101,901240539,1865,0,0,0
9.1079,90102,901250539,1859,0,0,0
9.1179,90103,901260539,1857,0,0,0
9.1279,90104,901270538,1861,0,0,0
9.1380,90105,901280539,1856,0,0,0
9.1479,90106,901290539,1859,0,0,0
9.1580,90107,901300539,1856,0,0,0
9.1680,90108,901310538,1867,0,0,0
9.1779,90109,901320539,1859,0,0,0
9.1881,90110,901330539,1874,0,0,0
9.1980,90111,901340539,1866,0,0,0
9.2081,90112,901350539,1872,0,0,0
9.2181,90113,901360539,1873,0,0,0
9.2282,90114,901370539,1885,0,0,0
9.2381,90115,901380539,1878,0,0,0
9.2485,90116,901390539,1883,0,0,0
9.2584,90117,901400538,1876,0,0,0
9.2680,90118,901410539,1873,0,0,0
9.2779,90119,901420539,1877,0,0,0
9.2879,90120,901430539,1906,0,0,0
9.2980,90121,901440538,1922,0,0,0
9.3080,90122,901450539,1933,0,0,0
9.3179,90123,901460539,1995,0,0,0
9.3279,90124,901470538,2019,0,0,0
9.3380,90125,901480538,2011,0,0,0
9.3479,90126,901490539,1959,0,0,0
9.3581,90127,901500539,1877,0,0,0
9.3681,90128,901510539,1866,0,0,0
9.3781,90129,901520538,1854,0,0,0
9.3882,90130,901530539,1853,0,0,0
9.3980,90131,901540539,1845,0,0,0
9.4081,90132,901550538,1843,0,0,0
9.4182,90133,901560539,1841,0,0,0
9.4281,90134,901570538,1755,0,0,0
9.4380,90135,901580539,1489,0,0,0
9.4482,90136,901590538,1821,0,0,0
9.4581,90137,901600539,3157,0,0,0
9.4679,90138,901610539,3282,0,0,0
9.4779,90139,901620538,1972,0,0,0
9.4879,90140,901630539,1606,0,0,0
9.4979,90141,901640539,1830,0,0,0
9.5081,90142,901650539,1783,0,0,0
9.5184,90143,901660539,1735,0,0,0
9.5278,90144,901670539,1759,0,0,0
9.5394,90145,901680539,1763,0,0,0
9.5479,90146,901690538,1785,0,0,0
9.5580,90147,901700539,1785,0,0,0
9.5680,90148,901710539,1789,0,0,0
9.5779,90149,901720539,1791,0,0,0
9.5880,90150,901730539,1801,0,0,0
9.5982,90151,901740539,1800,0,0,0
9.6081,90152,901750539,1809,0,0,0
9.6181,90153,901760539,1819,0,0,0
9.6283,90154,901770539,1819,0,0,0
9.6381,90155,901780539,1814,0,0,0
9.6482,90156,901790538,1836,0,0,0
9.6583,90157,901800538,1849,0,0,0
9.6683,90158,901810539,1871,0,0,0
9.6780,90159,901820539,1881,0,0,0
9.6880,90160,901830539,1893,0,0,0
9.6980,90161,901840539,1907,0,0,0
9.7082,90162,901850538,1946,0,0,0
9.7181,90163,901860538,1962,0,0,0
9.7281,90164,901870539,1971,0,0,0
9.7380,90165,901880539,1974,0,0,0
9.7484,90166,901890539,1959,0,0,0
9.7579,90167,901900539,1956,0,0,0
9.7685,90168,901910539,1936,0,0,0
9.7786,90169,901920539,1902,0,0,0
9.7879,90170,901930539,1847,0,0,0
9.7980,90171,901940539,1828,0,0,0
9.8080,90172,901950539,1820,0,0,0
9.8179,90173,901960539,1819,0,0,0
9.8278,90174,901970539,1806,0,0,0
9.8379,90175,901980539,1811,0,0,0
9.8479,90176,901990539,1819,0,0,0
9.8580,90177,902000539,1799,0,0,0
9.8679,90178,902010539,1808,0,0,0
9.8780,90179,902020539,1810,0,0,0
9.8881,90180,902030538,1815,0,0,0
9.8981,90181,902040539,1831,0,0,0
9.9081,90182,902050539,1818,0,0,0
9.9181,90183,902060539,1820,0,0,0
9.9282,90184,902070539,1830,0,0,0
9.9383,90185,902080539,1836,0,0,0
9.9482,90186,902090539,1839,0,0,0
9.9580,90187,902100538,1838,0,0,0
9.9683,90188,902110539,1826,0,0,0
9.9784,90189,902120539,1829,0,0,0
9.9884,90190,902130539,1840,0,0,0
9.9982,90191,902140538,1855,0,0,0
10.0080,90192,902150539,1851,0,0,0
10.0187,90193,902160539,1842,0,0,0
10.0292,90194,902170539,1840,0,0,0
10.0394,90195,902180538,1842,0,0,0
10.0480,90196,902190539,1857,0,0,0
10.0580,90197,902200538,1840,0,0,0
10.0679,90198,902210539,1826,0,0,0
10.0812,90199,902220539,1843,0,0,0
10.0880,90200,902230538,1843,0,0,0
10.0987,90201,902240539,1850,0,0,0
10.1080,90202,902250539,1849,0,0,0
10.1180,90203,902260539,1858,0,0,0
10.1281,90204,902270538,1853,0,0,0
10.1380,90205,902280539,1855,0,0,0
10.1483,90206,902290539,1853,0,0,0
10.1579,90207,902300539,1841,0,0,0
10.1680,90208,902310538,1853,0,0,0
10.1780,90209,902320539,1855,0,0,0
10.1880,90210,902330539,1845,0,0,0
10.1980,90211,902340539,1856,0,0,0
10.2126,90212,902350539,1875,0,0,0
10.2211,90213,902360539,1872,0,0,0
10.2333,90214,902370539,1870,0,0,0
10.2380,90215,902380539,1863,0,0,0
10.2525,90216,902390539,1881,0,0,0
10.2580,90217,902400539,1894,0,0,0
10.2682,90218,902410539,1885,0,0,0
10.2811,90219,902420539,1884,0,0,0
10.2879,90220,902430539,1890,0,0,0
10.2989,90221,902440539,1885,0,0,0
10.3080,90222,902450539,1886,0,0,0
10.3179,90223,902460539,1905,0,0,0
10.3281,90224,902470539,1886,0,0,0
10.3380,90225,902480538,1892,0,0,0
10.3480,90226,902490539,1883,0,0,0
10.3588,90227,902500539,1882,0,0,0
10.3709,90228,902510539,1895,0,0,0
10.3818,90229,902520539,1899,0,0,0
10.3880,90230,902530539,1888,0,0,0
10.3990,90231,902540539,1891,0,0,0
10.4080,90232,902550538,1920,0,0,0
10.4181,90233,902560539,1933,0,0,0
10.4281,90234,902570539,1950,0,0,0
10.4382,90235,902580538,2002,0,0,0
10.4481,90236,902590539,2032,0,0,0
10.4581,90237,902600539,2022,0,0,0
10.4682,90238,902610539,1983,0,0,0
10.4781,90239,902620539,1892,0,0,0
10.4881,90240,902630538,1869,0,0,0
10.4981,90241,902640539,1860,0,0,0
10.5080,90242,902650539,1840,0,0,0
10.5181,90243,902660539,1835,0,0,0
10.5281,90244,902670538,1825,0,0,0
10.5384,90245,902680539,1822,0,0,0
10.5488,90246,902690539,1706,0,0,0
10.5598,90247,902700538,1495,0,0,0
10.5708,90248,902710539,1925,0,0,0
10.5788,90249,902720539,3266,0,0,0
10.5880,90250,902730538,2969,0,0,0
10.6026,90251,902740539,1935,0,0,0
10.6079,90252,902750539,1733,0,0,0
10.6180,90253,902760538,1813,0,0,0
10.6281,90254,902770539,1785,0,0,0
10.6380,90255,902780539,1742,0,0,0
10.6480,90256,902790538,1767,0,0,0
10.6582,90257,902800538,1772,0,0,0
10.6680,90258,902810539,1779,0,0,0
10.6780,90259,902820538,1775,0,0,0
10.6880,90260,902830539,1777,0,0,0
10.6980,90261,902840539,1792,0,0,0
10.7087,90262,902850539,1778,0,0,0
10.7186,90263,902860538,1787,0,0,0
10.7279,90264,902870539,1796,0,0,0
10.7410,90265,902880539,1793,0,0,0
10.7490,90266,902890539,1794,0,0,0
10.7579,90267,902900538,1808,0,0,0
10.7751,90268,902910539,1798,0,0,0
10.7784,90269,902920539,1814,0,0,0
10.7888,90270,902930538,1818,0,0,0
10.7982,90271,902940538,1839,0,0,0
10.8085,90272,902950539,1847,0,0,0
10.8218,90273,902960539,1857,0,0,0
10.8281,90274,902970539,1879,0,0,0
10.8380,90275,902980539,1891,0,0,0
10.8479,90276,902990539,1903,0,0,0
10.8579,90277,903000539,1918,0,0,0
10.8681,90278,903010539,1917,0,0,0
10.8779,90279,903020539,1904,0,0,0
10.8880,90280,903030538,1872,0,0,0
10.8981,90281,903040539,1856,0,0,0
10.9080,90282,903050539,1824,0,0,0
10.9181,90283,903060539,1815,0,0,0
10.9281,90284,903070538,1791,0,0,0
10.9380,90285,903080539,1788,0,0,0
10.9481,90286,903090539,1776,0,0,0
10.9579,90287,903100539,1783,0,0,0
10.9681,90288,903110539,1782,0,0,0
10.9780,90289,903120539,1781,0,0,0
10.9881,90290,903130539,1787,0,0,0
10.9979,90291,903140539,1791,0,0,0
11.0081,90292,903150539,1789,0,0,0
11.0181,90293,903160539,1807,0,0,0
11.0280,90294,903170539,1807,0,0,0
11.0380,90295,903180539,1808,0,0,0
11.0481,90296,903190539,1805,0,0,0
11.0581,90297,903200539,1818,0,0,0
11.0681,90298,903210539,1811,0,0,0
11.0781,90299,903220539,1823,0,0,0
11.0881,90300,903230539,1821,0,0,0
11.0979,90301,903240539,1821,0,0,0
11.1080,90302,903250539,1811,0,0,0
11.1179,90303,903260539,1821,0,0,0
11.1280,90304,903270539,1808,0,0,0
11.1380,90305,903280539,1821,0,0,0
11.1480,90306,903290539,1823,0,0,0
11.1580,90307,903300538,1818,0,0,0
11.1681,90308,903310539,1822,0,0,0
11.1779,90309,903320539,1837,0,0,0
11.1881,90310,903330539,1825,0,0,0
11.1982,90311,903340538,1829,0,0,0
11.2081,90312,903350539,1835,0,0,0
11.2181,90313,903360539,1839,0,0,0
11.2282,90314,903370539,1837,0,0,0
11.2380,90315,903380538,1833,0,0,0
11.2481,90316,903390539,1835,0,0,0
11.2582,90317,903400539,1845,0,0,0
11.2680,90318,903410538,1842,0,0,0
11.2785,90319,903420539,1842,0,0,0
11.2882,90320,903430539,1845,0,0,0
11.2982,90321,903440538,1854,0,0,0
11.3081,90322,903450539,1843,0,0,0
11.3179,90323,903460539,1857,0,0,0
11.3279,90324,903470539,1855,0,0,0
11.3380,90325,903480538,1855,0,0,0
11.3479,90326,903490539,1846,0,0,0
11.3579,90327,903500539,1859,0,0,0
11.3680,90328,903510539,1850,0,0,0
11.3781,90329,903520539,1855,0,0,0
11.3880,90330,903530539,1860,0,0,0
11.3981,90331,903540539,1869,0,0,0
11.4081,90332,903550538,1859,0,0,0
11.4180,90333,903560539,1857,0,0,0
11.4280,90334,903570539,1853,0,0,0
11.4380,90335,903580539,1867,0,0,0
11.4480,90336,903590539,1851,0,0,0
11.4579,90337,903600539,1865,0,0,0
11.4681,90338,903610539,1857,0,0,0
11.4780,90339,903620538,1865,0,0,0
11.4880,90340,903630539,1857,0,0,0
11.4981,90341,903640539,1861,0,0,0
11.5079,90342,903650539,1859,0,0,0
11.5180,90343,903660539,1872,0,0,0
11.5297,90344,903670539,1878,0,0,0
11.5379,90345,903680539,1920,0,0,0
11.5480,90346,903690538,1922,0,0,0
11.5581,90347,903700538,1986,0,0,0
11.5679,90348,903710539,2007,0,0,0
11.5781,90349,903720539,2006,0,0,0
11.5879,90350,903730539,1959,0,0,0
11.5980,90351,903740539,1887,0,0,0
11.6080,90352,903750539,1853,0,0,0
11.6182,90353,903760539,1858,0,0,0
11.6280,90354,903770539,1838,0,0,0
11.6379,90355,903780538,1835,0,0,0
11.6483,90356,903790539,1823,0,0,0
11.6580,90357,903800539,1824,0,0,0
11.6680,90358,903810539,1605,0,0,0
11.6780,90359,903820538,1505,0,0,0
11.6879,90360,903830539,2160,0,0,0
11.6979,90361,903840538,3941,0,0,0
11.7080,90362,903850539,2642,0,0,0
11.7180,90363,903860539,1712,0,0,0
11.7280,90364,903870539,1701,0,0,0
11.7380,90365,903880539,1849,0,0,0
11.7481,90366,903890539,1749,0,0,0
11.7580,90367,903900539,1787,0,0,0
11.7680,90368,903910539,1761,0,0,0
11.7780,90369,903920539,1798,0,0,0
11.7879,90370,903930538,1783,0,0,0
11.7981,90371,903940538,1793,0,0,0
11.8079,90372,903950539,1788,0,0,0
11.8180,90373,903960539,1798,0,0,0
11.8280,90374,903970539,1788,0,0,0
11.8379,90375,903980539,1803,0,0,0
11.8479,90376,903990538,1808,0,0,0
11.8579,90377,904000539,1824,0,0,0
11.8680,90378,904010539,1819,0,0,0
11.8780,90379,904020538,1831,0,0,0
11.8879,90380,904030539,1827,0,0,0
11.8980,90381,904040538,1843,0,0,0
11.9079,90382,904050539,1859,0,0,0
11.9180,90383,904060539,1872,0,0,0
11.9280,90384,904070539,1882,0,0,0
11.9379,90385,904080538,1918,0,0,0
11.9481,90386,904090539,1920,0,0,0
11.9581,90387,904100538,1945,0,0,0
11.9680,90388,904110539,1953,0,0,0
11.9781,90389,904120539,1968,0,0,0
11.9880,90390,904130539,1929,0,0,0
11.9981,90391,904140539,1931,0,0,0
12.0080,90392,904150539,1891,0,0,0
12.0179,90393,904160539,1870,0,0,0
12.0285,90394,904170539,1835,0,0,0
12.0408,90395,904180539,1826,0,0,0
12.0479,90396,904190538,1807,0,0,0
12.0579,90397,904200539,1799,0,0,0
12.0680,90398,904210539,1803,0,0,0
12.0780,90399,904220539,1792,0,0,0
12.0887,90400,904230539,1792,0,0,0
12.0980,90401,904240539,1807,0,0,0
12.1080,90402,904250538,1806,0,0,0
12.1179,90403,904260539,1824,0,0,0
12.1280,90404,904270539,1827,0,0,0
12.1379,90405,904280539,1839,0,0,0
12.1480,90406,904290539,1823,0,0,0
12.1581,90407,904300539,1825,0,0,0
12.1680,90408,904310539,1819,0,0,0
12.1779,90409,904320538,1828,0,0,0
12.1880,90410,904330539,1822,0,0,0
12.1979,90411,904340539,1840,0,0,0
12.2080,90412,904350538,1835,0,0,0
12.2180,90413,904360539,1841,0,0,0
12.2280,90414,904370539,1840,0,0,0
12.2379,90415,904380539,1851,0,0,0
12.2481,90416,904390539,1837,0,0,0
12.2580,90417,904400539,1843,0,0,0
12.2695,90418,904410538,1840,0,0,0
12.2780,90419,904420538,1840,0,0,0
12.2880,90420,904430539,1840,0,0,0
12.2981,90421,904440538,1849,0,0,0
12.3081,90422,904450539,1840,0,0,0
12.3181,90423,904460539,1854,0,0,0
12.3279,90424,904470539,1847,0,0,0
12.3379,90425,904480538,1858,0,0,0
12.3479,90426,904490539,1856,0,0,0
12.3581,90427,904500538,1854,0,0,0
12.3680,90428,904510539,1846,0,0,0
12.3781,90429,904520539,1870,0,0,0
12.3880,90430,904530539,1855,0,0,0
12.3981,90431,904540538,1872,0,0,0
12.4081,90432,904550539,1865,0,0,0
12.4181,90433,904560539,1871,0,0,0
12.4280,90434,904570538,1863,0,0,0
12.4382,90435,904580539,1878,0,0,0
12.4482,90436,904590539,1872,0,0,0
12.4581,90437,904600538,1886,0,0,0
12.4679,90438,904610539,1879,0,0,0
12.4781,90439,904620539,1873,0,0,0
12.4879,90440,904630539,1863,0,0,0
12.4981,90441,904640538,1882,0,0,0
12.5079,90442,904650539,1879,0,0,0
12.5179,90443,904660539,1879,0,0,0
12.5280,90444,904670538,1871,0,0,0
12.5380,90445,904680539,1893,0,0,0
12.5503,90446,904690538,1890,0,0,0
12.5582,90447,904700539,1886,0,0,0
12.5679,90448,904710539,1888,0,0,0
12.5780,90449,904720539,1895,0,0,0
12.5880,90450,904730539,1875,0,0,0
12.5980,90451,904740538,1885,0,0,0
12.6079,90452,904750539,1872,0,0,0
12.6179,90453,904760539,1885,0,0,0
12.6281,90454,904770538,1867,0,0,0
12.6380,90455,904780539,1882,0,0,0
12.6479,90456,904790539,1898,0,0,0
12.6580,90457,904800538,1935,0,0,0
12.6679,90458,904810539,1926,0,0,0
12.6779,90459,904820539,2015,0,0,0
12.6879,90460,904830539,2022,0,0,0
12.6979,90461,904840539,2009,0,0,0
12.7080,90462,904850539,1931,0,0,0
12.7181,90463,904860538,1871,0,0,0
12.7280,90464,904870539,1855,0,0,0
12.7380,90465,904880539,1845,0,0,0
12.7481,90466,904890539,1840,0,0,0
12.7580,90467,904900538,1833,0,0,0
12.7679,90468,904910539,1835,0,0,0
12.7803,90469,904920539,1818,0,0,0
12.7880,90470,904930539,1554,0,0,0
12.7978,90471,904940539,1585,0,0,0
12.8080,90472,904950539,2320,0,0,0
12.8180,90473,904960539,3825,0,0,0
12.8282,90474,904970539,2373,0,0,0
12.8379,90475,904980539,1769,0,0,0
12.8479,90476,904990539,1733,0,0,0
12.8579,90477,905000539,1813,0,0,0
12.8681,90478,905010538,1731,0,0,0
12.8780,90479,905020539,1751,0,0,0
12.8880,90480,905030539,1749,0,0,0
12.8980,90481,905040539,1776,0,0,0
12.9081,90482,905050539,1766,0,0,0
12.9181,90483,905060538,1776,0,0,0
12.9281,90484,905070539,1776,0,0,0
12.9380,90485,905080538,1778,0,0,0
12.9480,90486,905090539,1785,0,0,0
12.9579,90487,905100539,1803,0,0,0
12.9679,90488,905110539,1798,0,0,0
12.9781,90489,905120539,1803,0,0,0
12.9880,90490,905130539,1804,0,0,0
12.9979,90491,905140539,1818,0,0,0
13.0081,90492,905150538,1808,0,0,0
13.0179,90493,905160539,1835,0,0,0
13.0279,90494,905170539,1842,0,0,0
13.0389,90495,905180539,1853,0,0,0
13.0480,90496,905190538,1860,0,0,0
13.0580,90497,905200539,1888,0,0,0
13.0681,90498,905210539,1903,0,0,0
13.0779,90499,905220539,1935,0,0,0
13.0879,90500,905230539,1942,0,0,0
13.0980,90501,905240538,1963,0,0,0
13.1080,90502,905250539,1936,0,0,0
13.1180,90503,905260538,1909,0,0,0
13.1280,90504,905270539,1904,0,0,0
13.1380,90505,905280538,1872,0,0,0
13.1480,90506,905290539,1817,0,0,0
13.1580,90507,905300539,1821,0,0,0
13.1680,90508,905310538,1799,0,0,0
13.1780,90509,905320539,1798,0,0,0
13.1883,90510,905330539,1778,0,0,0
13.1978,90511,905340539,1788,0,0,0
13.2080,90512,905350539,1775,0,0,0
13.2181,90513,905360539,1797,0,0,0
13.2281,90514,905370539,1779,0,0,0
13.2381,90515,905380539,1793,0,0,0
13.2482,90516,905390539,1777,0,0,0
13.2579,90517,905400539,1787,0,0,0
13.2680,90518,905410539,1789,0,0,0
13.2795,90519,905420538,1804,0,0,0
13.2879,90520,905430539,1806,0,0,0
13.2980,90521,905440539,1821,0,0,0
13.3081,90522,905450538,1811,0,0,0
13.3179,90523,905460539,1817,0,0,0
13.3280,90524,905470538,1811,0,0,0
13.3380,90525,905480539,1818,0,0,0
13.3479,90526,905490539,1805,0,0,0
13.3579,90527,905500539,1837,0,0,0
13.3680,90528,905510538,1803,0,0,0
13.3781,90529,905520539,1807,0,0,0
13.3880,90530,905530539,1810,0,0,0
13.3982,90531,905540539,1811,0,0,0
13.4081,90532,905550539,1802,0,0,0
13.4181,90533,905560539,1823,0,0,0
13.4283,90534,905570538,1823,0,0,0
13.4380,90535,905580539,1823,0,0,0
13.4482,90536,905590539,1808,0,0,0
13.4583,90537,905600538,1819,0,0,0
13.4686,90538,905610539,1823,0,0,0
13.4786,90539,905620539,1837,0,0,0
13.4885,90540,905630538,1809,0,0,0
13.4984,90541,905640539,1824,0,0,0
13.5084,90542,905650539,1813,0,0,0
13.5184,90543,905660539,1823,0,0,0
13.5287,90544,905670539,1813,0,0,0
13.5378,90545,905680539,1823,0,0,0
13.5479,90546,905690538,1813,0,0,0
13.5579,90547,905700538,1820,0,0,0
13.5690,90548,905710539,1815,0,0,0
13.5782,90549,905720538,1835,0,0,0
13.5880,90550,905730539,1834,0,0,0
13.5979,90551,905740539,1842,0,0,0
13.6080,90552,905750539,1823,0,0,0
13.6180,90553,905760538,1841,0,0,0
13.6281,90554,905770539,1835,0,0,0
13.6380,90555,905780539,1837,0,0,0
13.6480,90556,905790539,1830,0,0,0
13.6581,90557,905800539,1844,0,0,0
13.6680,90558,905810539,1839,0,0,0
13.6780,90559,905820539,1843,0,0,0
13.6881,90560,905830539,1838,0,0,0
13.6980,90561,905840539,1850,0,0,0
13.7081,90562,905850539,1849,0,0,0
13.7181,90563,905860538,1887,0,0,0
13.7278,90564,905870539,1901,0,0,0
13.7380,90565,905880539,1935,0,0,0
13.7480,90566,905890539,1999,0,0,0
13.7579,90567,905900538,2000,0,0,0
13.7680,90568,905910539,1975,0,0,0
13.7787,90569,905920539,1904,0,0,0
13.7880,90570,905930539,1845,0,0,0
13.7980,90571,905940539,1841,0,0,0
13.8080,90572,905950539,1825,0,0,0
13.8178,90573,905960538,1821,0,0,0
13.8279,90574,905970539,1804,0,0,0
13.8379,90575,905980538,1811,0,0,0
13.8481,90576,905990539,1790,0,0,0
13.8582,90577,906000539,1506,0,0,0
13.8680,90578,906010538,1631,0,0,0
13.8780,90579,906020538,2514,0,0,0
13.8879,90580,906030539,3813,0,0,0
13.8979,90581,906040539,2299,0,0,0
13.9079,90582,906050539,1664,0,0,0
13.9181,90583,906060539,1749,0,0,0
13.9282,90584,906070539,1811,0,0,0
13.9381,90585,906080538,1730,0,0,0
13.9481,90586,906090539,1730,0,0,0
13.9581,90587,906100538,1749,0,0,0
13.9681,90588,906110539,1746,0,0,0
13.9781,90589,906120539,1767,0,0,0
13.9883,90590,906130539,1757,0,0,0
13.9980,90591,906140539,1777,0,0,0
14.0082,90592,906150539,1771,0,0,0
14.0183,90593,906160539,1779,0,0,0
14.0279,90594,906170538,1788,0,0,0
14.0379,90595,906180539,1799,0,0,0
14.0480,90596,906190538,1791,0,0,0
14.0578,90597,906200539,1810,0,0,0
14.0680,90598,906210539,1811,0,0,0
14.0784,90599,906220539,1822,0,0,0
14.0882,90600,906230539,1827,0,0,0
14.0979,90601,906240539,1851,0,0,0
14.1079,90602,906250539,1859,0,0,0
14.1181,90603,906260538,1875,0,0,0
14.1286,90604,906270539,1885,0,0,0
14.1381,90605,906280539,1920,0,0,0
14.1486,90606,906290538,1920,0,0,0
14.1586,90607,906300539,1936,0,0,0
14.1688,90608,906310539,1934,0,0,0
14.1785,90609,906320539,1932,0,0,0
14.1885,90610,906330539,1904,0,0,0
14.1986,90611,906340539,1883,0,0,0
14.2084,90612,906350539,1840,0,0,0
14.2179,90613,906360538,1819,0,0,0
14.2280,90614,906370539,1795,0,0,0
14.2379,90615,906380539,1795,0,0,0
14.2478,90616,906390538,1793,0,0,0
14.2579,90617,906400539,1783,0,0,0
14.2679,90618,906410539,1776,0,0,0
14.2784,90619,906420538,1783,0,0,0
14.2880,90620,906430539,1778,0,0,0
14.2980,90621,906440539,1789,0,0,0
14.3079,90622,906450539,1789,0,0,0
14.3180,90623,906460539,1799,0,0,0
14.3281,90624,906470539,1799,0,0,0
14.3380,90625,906480538,1803,0,0,0
14.3481,90626,906490539,1808,0,0,0
14.3579,90627,906500539,1824,0,0,0
14.3679,90628,906510539,1810,0,0,0
14.3780,90629,906520539,1827,0,0,0
14.3880,90630,906530538,1817,0,0,0
14.3981,90631,906540539,1826,0,0,0
14.4082,90632,906550539,1811,0,0,0
14.4181,90633,906560539,1831,0,0,0
14.4282,90634,906570538,1825,0,0,0
14.4382,90635,906580539,1826,0,0,0
14.4482,90636,906590539,1813,0,0,0
14.4582,90637,906600538,1826,0,0,0
14.4686,90638,906610539,1824,0,0,0
14.4779,90639,906620539,1827,0,0,0
14.4884,90640,906630538,1820,0,0,0
14.4984,90641,906640539,1829,0,0,0
14.5083,90642,906650539,1820,0,0,0
14.5178,90643,906660538,1840,0,0,0
14.5283,90644,906670538,1838,0,0,0
14.5384,90645,906680539,1839,0,0,0
14.5481,90646,906690538,1835,0,0,0
14.5580,90647,906700538,1831,0,0,0
14.5679,90648,906710539,1831,0,0,0
14.5781,90649,906720538,1840,0,0,0
14.5879,90650,906730539,1825,0,0,0
14.5979,90651,906740539,1833,0,0,0
14.6079,90652,906750539,1839,0,0,0
14.6179,90653,906760539,1835,0,0,0
14.6280,90654,906770539,1840,0,0,0
14.6381,90655,906780539,1840,0,0,0
14.6479,90656,906790539,1839,0,0,0
14.6579,90657,906800538,1844,0,0,0
14.6682,90658,906810539,1848,0,0,0
14.6781,90659,906820539,1847,0,0,0
14.6881,90660,906830538,1851,0,0,0
14.6982,90661,906840539,1852,0,0,0
14.7080,90662,906850538,1842,0,0,0
14.7179,90663,906860539,1853,0,0,0
14.7282,90664,906870539,1865,0,0,0
14.7379,90665,906880539,1858,0,0,0
14.7480,90666,906890539,1856,0,0,0
14.7581,90667,906900539,1863,0,0,0
14.7682,90668,906910539,1863,0,0,0
14.7780,90669,906920539,1862,0,0,0
14.7879,90670,906930539,1858,0,0,0
14.7979,90671,906940539,1872,0,0,0
14.8079,90672,906950539,1872,0,0,0
14.8179,90673,906960539,1882,0,0,0
14.8280,90674,906970539,1898,0,0,0
14.8379,90675,906980538,1921,0,0,0
14.8480,90676,906990539,1927,0,0,0
14.8579,90677,907000538,1969,0,0,0
14.8679,90678,907010539,2007,0,0,0
14.8780,90679,907020539,2009,0,0,0
14.8879,90680,907030539,1983,0,0,0
14.8979,90681,907040539,1877,0,0,0
14.9079,90682,907050539,1855,0,0,0
14.9180,90683,907060539,1842,0,0,0
14.9280,90684,907070538,1826,0,0,0
14.9381,90685,907080539,1810,0,0,0
14.9480,90686,907090539,1815,0,0,0
14.9580,90687,907100538,1823,0,0,0
14.9680,90688,907110539,1694,0,0,0
14.9779,90689,907120539,1467,0,0,0
14.9879,90690,907130539,1888,0,0,0
14.9980,90691,907140538,3353,0,0,0
15.0079,90692,907150539,3127,0,0,0
15.0180,90693,907160539,1907,0,0,0
15.0293,90694,907170538,1628,0,0,0
15.0384,90695,907180539,1834,0,0,0
15.0479,90696,907190539,1787,0,0,0
15.0580,90697,907200539,1764,0,0,0
15.0679,90698,907210539,1776,0,0,0
15.0779,90699,907220538,1783,0,0,0
15.0879,90700,907230538,1794,0,0,0
15.0980,90701,907240539,1781,0,0,0
15.1080,90702,907250538,1787,0,0,0
15.1180,90703,907260538,1802,0,0,0
15.1280,90704,907270539,1800,0,0,0
15.1379,90705,907280539,1807,0,0,0
15.1480,90706,907290538,1799,0,0,0
15.1579,90707,907300539,1813,0,0,0
15.1681,90708,907310539,1819,0,0,0
15.1782,90709,907320539,1815,0,0,0
15.1881,90710,907330539,1826,0,0,0
15.1980,90711,907340539,1833,0,0,0
15.2081,90712,907350539,1841,0,0,0
15.2180,90713,907360539,1858,0,0,0
15.2280,90714,907370539,1872,0,0,0
15.2379,90715,907380539,1899,0,0,0
15.2480,90716,907390539,1923,0,0,0
15.2581,90717,907400538,1946,0,0,0
15.2680,90718,907410539,1944,0,0,0
15.2786,90719,907420539,1965,0,0,0
15.2880,90720,907430538,1959,0,0,0
15.2980,90721,907440538,1915,0,0,0
15.3079,90722,907450539,1876,0,0,0
15.3179,90723,907460539,1873,0,0,0
15.3279,90724,907470539,1851,0,0,0
15.3379,90725,907480538,1807,0,0,0
15.3480,90726,907490539,1789,0,0,0
15.3580,90727,907500539,1790,0,0,0
15.3680,90728,907510539,1785,0,0,0
15.3780,90729,907520539,1776,0,0,0
15.3879,90730,907530539,1795,0,0,0
15.3980,90731,907540539,1792,0,0,0
15.4081,90732,907550539,1777,0,0,0
15.4180,90733,907560538,1789,0,0,0
15.4280,90734,907570539,1789,0,0,0
15.4381,90735,907580538,1788,0,0,0
15.4480,90736,907590539,1798,0,0,0
15.4579,90737,907600539,1801,0,0,0
15.4679,90738,907610539,1811,0,0,0
15.4780,90739,907620539,1808,0,0,0
15.4879,90740,907630538,1818,0,0,0
15.4980,90741,907640539,1812,0,0,0
15.5079,90742,907650539,1823,0,0,0
15.5181,90743,907660539,1840,0,0,0
15.5304,90744,907670539,1828,0,0,0
15.5380,90745,907680539,1831,0,0,0
15.5479,90746,907690539,1840,0,0,0
15.5580,90747,907700539,1826,0,0,0
15.5681,90748,907710539,1826,0,0,0
15.5781,90749,907720538,1829,0,0,0
15.5879,90750,907730539,1814,0,0,0
15.5982,90751,907740539,1831,0,0,0
15.6080,90752,907750539,1822,0,0,0
15.6179,90753,907760539,1822,0,0,0
15.6280,90754,907770539,1840,0,0,0
15.6380,90755,907780539,1840,0,0,0
15.6479,90756,907790538,1826,0,0,0
15.6583,90757,907800538,1819,0,0,0
15.6679,90758,907810539,1827,0,0,0
15.6779,90759,907820539,1834,0,0,0
15.6880,90760,907830538,1849,0,0,0
15.6979,90761,907840539,1845,0,0,0
15.7081,90762,907850539,1853,0,0,0
15.7180,90763,907860538,1840,0,0,0
15.7279,90764,907870538,1837,0,0,0
15.7380,90765,907880539,1850,0,0,0
15.7480,90766,907890539,1837,0,0,0
15.7579,90767,907900539,1837,0,0,0
15.7680,90768,907910539,1845,0,0,0
15.7783,90769,907920539,1835,0,0,0
15.7879,90770,907930539,1854,0,0,0
15.7981,90771,907940539,1838,0,0,0
15.8080,90772,907950538,1823,0,0,0
15.8180,90773,907960539,1840,0,0,0
15.8279,90774,907970539,1853,0,0,0
15.8380,90775,907980539,1841,0,0,0
15.8479,90776,907990539,1846,0,0,0
15.8580,90777,908000539,1850,0,0,0
15.8679,90778,908010538,1851,0,0,0
15.8780,90779,908020539,1878,0,0,0
15.8880,90780,908030539,1895,0,0,0
15.8980,90781,908040539,1904,0,0,0
15.9079,90782,908050539,1954,0,0,0
15.9179,90783,908060539,2003,0,0,0
15.9280,90784,908070538,1999,0,0,0
15.9380,90785,908080539,1955,0,0,0
15.9480,90786,908090539,1872,0,0,0
15.9579,90787,908100539,1842,0,0,0
15.9680,90788,908110539,1839,0,0,0
15.9781,90789,908120539,1822,0,0,0
15.9880,90790,908130538,1831,0,0,0
15.9980,90791,908140539,1812,0,0,0
16.0081,90792,908150539,1809,0,0,0
16.0181,90793,908160538,1754,0,0,0
16.0279,90794,908170539,1488,0,0,0
16.0381,90795,908180539,1756,0,0,0
16.0480,90796,908190539,2855,0,0,0
16.0580,90797,908200538,3289,0,0,0
16.0681,90798,908210539,2004,0,0,0
16.0780,90799,908220539,1757,0,0,0
16.0879,90800,908230539,1767,0,0,0
16.0980,90801,908240538,1807,0,0,0
16.1079,90802,908250539,1733,0,0,0
16.1179,90803,908260538,1738,0,0,0
16.1281,90804,908270539,1762,0,0,0
16.1379,90805,908280538,1744,0,0,0
16.1479,90806,908290539,1758,0,0,0
16.1581,90807,908300538,1766,0,0,0
16.1680,90808,908310539,1776,0,0,0
16.1779,90809,908320538,1776,0,0,0
16.1880,90810,908330539,1776,0,0,0
16.1980,90811,908340538,1783,0,0,0
16.2079,90812,908350539,1794,0,0,0
16.2180,90813,908360538,1793,0,0,0
16.2280,90814,908370539,1811,0,0,0
16.2380,90815,908380538,1808,0,0,0
16.2480,90816,908390539,1819,0,0,0
16.2580,90817,908400539,1815,0,0,0
16.2682,90818,908410538,1831,0,0,0
16.2803,90819,908420539,1837,0,0,0
16.2879,90820,908430539,1857,0,0,0
16.2979,90821,908440539,1873,0,0,0
16.3081,90822,908450539,1903,0,0,0
16.3179,90823,908460538,1918,0,0,0
16.3279,90824,908470539,1923,0,0,0
16.3381,90825,908480539,1923,0,0,0
16.3480,90826,908490538,1921,0,0,0
16.3580,90827,908500539,1899,0,0,0
16.3680,90828,908510539,1872,0,0,0
16.3780,90829,908520539,1830,0,0,0
16.3880,90830,908530539,1810,0,0,0
16.3980,90831,908540539,1792,0,0,0
16.4080,90832,908550538,1789,0,0,0
16.4180,90833,908560539,1787,0,0,0
16.4280,90834,908570539,1791,0,0,0
16.4379,90835,908580538,1778,0,0,0
16.4480,90836,908590539,1791,0,0,0
16.4581,90837,908600539,1793,0,0,0
16.4680,90838,908610539,1800,0,0,0
16.4780,90839,908620538,1802,0,0,0
16.4880,90840,908630539,1805,0,0,0
16.4979,90841,908640539,1807,0,0,0
16.5079,90842,908650539,1822,0,0,0
16.5180,90843,908660538,1815,0,0,0
16.5280,90844,908670539,1823,0,0,0
16.5381,90845,908680538,1825,0,0,0
16.5481,90846,908690539,1840,0,0,0
16.5580,90847,908700539,1828,0,0,0
16.5681,90848,908710538,1830,0,0,0
16.5779,90849,908720539,1829,0,0,0
16.5879,90850,908730539,1842,0,0,0
16.5979,90851,908740539,1827,0,0,0
16.6080,90852,908750539,1835,0,0,0
16.6181,90853,908760539,1831,0,0,0
16.6279,90854,908770539,1838,0,0,0
16.6379,90855,908780538,1815,0,0,0
16.6479,90856,908790539,1835,0,0,0
16.6579,90857,908800539,1824,0,0,0
16.6682,90858,908810539,1818,0,0,0
16.6779,90859,908820539,1815,0,0,0
16.6879,90860,908830539,1825,0,0,0
16.6980,90861,908840539,1835,0,0,0
16.7080,90862,908850539,1846,0,0,0
16.7181,90863,908860539,1827,0,0,0
16.7280,90864,908870539,1834,0,0,0
16.7379,90865,908880539,1837,0,0,0
16.7479,90866,908890539,1836,0,0,0
16.7581,90867,908900539,1840,0,0,0
16.7679,90868,908910539,1843,0,0,0
16.7779,90869,908920538,1833,0,0,0
16.7880,90870,908930539,1844,0,0,0
16.7980,90871,908940539,1843,0,0,0
16.8080,90872,908950539,1843,0,0,0
16.8179,90873,908960538,1855,0,0,0
16.8280,90874,908970539,1858,0,0,0
16.8380,90875,908980539,1855,0,0,0
16.8480,90876,908990539,1869,0,0,0
16.8580,90877,909000538,1856,0,0,0
16.8680,90878,909010539,1860,0,0,0
16.8781,90879,909020539,1859,0,0,0
16.8879,90880,909030538,1854,0,0,0
16.8979,90881,909040539,1856,0,0,0
16.9080,90882,909050539,1871,0,0,0
16.9181,90883,909060538,1871,0,0,0
16.9280,90884,909070539,1898,0,0,0
16.9379,90885,909080539,1910,0,0,0
16.9479,90886,909090538,1933,0,0,0
16.9579,90887,909100538,1991,0,0,0
16.9680,90888,909110539,2011,0,0,0
16.9780,90889,909120539,1987,0,0,0
16.9879,90890,909130539,1926,0,0,0
16.9980,90891,909140539,1860,0,0,0
17.0079,90892,909150539,1840,0,0,0
17.0180,90893,909160539,1874,0,0,0
17.0283,90894,909170538,1825,0,0,0
17.0380,90895,909180538,1811,0,0,0
17.0480,90896,909190539,1801,0,0,0
17.0580,90897,909200538,1808,0,0,0
17.0679,90898,909210539,1578,0,0,0
17.0779,90899,909220539,1526,0,0,0
17.0880,90900,909230538,2224,0,0,0
17.0981,90901,909240539,3935,0,0,0
17.1079,90902,909250539,2559,0,0,0
17.1182,90903,909260539,1681,0,0,0
17.1279,90904,909270539,1712,0,0,0
17.1381,90905,909280539,1817,0,0,0
17.1479,90906,909290539,1738,0,0,0
17.1579,90907,909300539,1733,0,0,0
17.1680,90908,909310539,1745,0,0,0
17.1780,90909,909320538,1744,0,0,0
17.1879,90910,909330539,1766,0,0,0
17.1979,90911,909340539,1759,0,0,0
17.2080,90912,909350539,1779,0,0,0
17.2179,90913,909360538,1778,0,0,0
17.2282,90914,909370539,1789,0,0,0
17.2380,90915,909380538,1785,0,0,0
17.2479,90916,909390539,1801,0,0,0
17.2580,90917,909400539,1801,0,0,0
17.2681,90918,909410539,1815,0,0,0
17.2781,90919,909420538,1809,0,0,0
17.2884,90920,909430539,1823,0,0,0
17.2980,90921,909440539,1827,0,0,0
17.3079,90922,909450539,1853,0,0,0
17.3179,90923,909460539,1857,0,0,0
17.3281,90924,909470539,1889,0,0,0
17.3380,90925,909480538,1897,0,0,0
17.3479,90926,909490539,1936,0,0,0
17.3584,90927,909500539,1936,0,0,0
17.3680,90928,909510539,1950,0,0,0
17.3781,90929,909520539,1951,0,0,0
17.3880,90930,909530539,1941,0,0,0
17.3980,90931,909540539,1909,0,0,0
17.4080,90932,909550538,1890,0,0,0
17.4179,90933,909560539,1847,0,0,0
17.4282,90934,909570539,1835,0,0,0
17.4379,90935,909580538,1802,0,0,0
17.4479,90936,909590539,1794,0,0,0
17.4580,90937,909600538,1776,0,0,0
17.4680,90938,909610539,1791,0,0,0
17.4780,90939,909620538,1777,0,0,0
17.4880,90940,909630539,1793,0,0,0
17.4979,90941,909640538,1777,0,0,0
17.5079,90942,909650539,1793,0,0,0
17.5179,90943,909660539,1776,0,0,0
17.5279,90944,909670538,1798,0,0,0
17.5379,90945,909680539,1791,0,0,0
17.5480,90946,909690539,1808,0,0,0
17.5579,90947,909700539,1805,0,0,0
17.5680,90948,909710539,1813,0,0,0
17.5780,90949,909720539,1814,0,0,0
17.5880,90950,909730539,1819,0,0,0
17.5980,90951,909740539,1825,0,0,0
17.6079,90952,909750539,1829,0,0,0
17.6186,90953,909760539,1821,0,0,0
17.6291,90954,909770539,1825,0,0,0
17.6380,90955,909780539,1825,0,0,0
17.6479,90956,909790538,1842,0,0,0
17.6579,90957,909800539,1826,0,0,0
17.6679,90958,909810538,1837,0,0,0
17.6779,90959,909820539,1823,0,0,0
17.6880,90960,909830539,1839,0,0,0
17.6979,90961,909840538,1823,0,0,0
17.7079,90962,909850539,1837,0,0,0
17.7180,90963,909860539,1835,0,0,0
17.7279,90964,909870539,1830,0,0,0
17.7380,90965,909880539,1821,0,0,0
17.7480,90966,909890539,1824,0,0,0
17.7580,90967,909900539,1815,0,0,0
17.7679,90968,909910539,1833,0,0,0
17.7811,90969,909920539,1825,0,0,0
17.7879,90970,909930539,1828,0,0,0
17.7979,90971,909940539,1821,0,0,0
17.8080,90972,909950539,1847,0,0,0
17.8179,90973,909960539,1837,0,0,0
17.8279,90974,909970538,1845,0,0,0
17.8381,90975,909980539,1833,0,0,0
17.8479,90976,909990539,1837,0,0,0
17.8579,90977,910000539,1835,0,0,0
17.8681,90978,910010539,1839,0,0,0
17.8781,90979,910020538,1834,0,0,0
17.8880,90980,910030539,1840,0,0,0
17.8980,90981,910040539,1840,0,0,0
17.9079,90982,910050538,1839,0,0,0
17.9180,90983,910060539,1825,0,0,0
17.9280,90984,910070539,1845,0,0,0
17.9379,90985,910080539,1844,0,0,0
17.9480,90986,910090539,1856,0,0,0
17.9581,90987,910100539,1840,0,0,0
17.9681,90988,910110538,1854,0,0,0
17.9780,90989,910120539,1846,0,0,0
17.9881,90990,910130539,1861,0,0,0
17.9979,90991,910140539,1869,0,0,0
18.0083,90992,910150539,1886,0,0,0
18.0182,90993,910160539,1903,0,0,0
18.0279,90994,910170539,1919,0,0,0
18.0380,90995,910180538,1982,0,0,0
18.0482,90996,910190539,2017,0,0,0
18.0581,90997,910200539,1991,0,0,0
18.0685,90998,910210538,1920,0,0,0
18.0780,90999,910220539,1854,0,0,0
18.0882,91000,910230539,1838,0,0,0
18.0980,91001,910240539,1835,0,0,0
18.1079,91002,910250539,1825,0,0,0
18.1179,91003,910260538,1808,0,0,0
18.1284,91004,910270539,1810,0,0,0
18.1382,91005,910280539,1808,0,0,0
18.1479,91006,910290538,1569,0,0,0
18.1581,91007,910300539,1535,0,0,0
18.1679,91008,910310539,2265,0,0,0
18.1779,91009,910320539,3858,0,0,0
18.1879,91010,910330539,2483,0,0,0
18.1979,91011,910340538,1741,0,0,0
18.2080,91012,910350539,1712,0,0,0
18.2180,91013,910360539,1819,0,0,0
18.2280,91014,910370539,1754,0,0,0
18.2380,91015,910380539,1744,0,0,0
18.2480,91016,910390539,1776,0,0,0
18.2579,91017,910400538,1763,0,0,0
18.2679,91018,910410539,1769,0,0,0
18.2791,91019,910420539,1773,0,0,0
18.2879,91020,910430539,1776,0,0,0
18.2986,91021,910440538,1787,0,0,0
18.3081,91022,910450539,1795,0,0,0
18.3179,91023,910460538,1782,0,0,0
18.3278,91024,910470539,1806,0,0,0
18.3380,91025,910480538,1805,0,0,0
18.3479,91026,910490539,1821,0,0,0
18.3579,91027,910500539,1803,0,0,0
18.3681,91028,910510539,1815,0,0,0
18.3779,91029,910520539,1821,0,0,0
18.3879,91030,910530539,1828,0,0,0
18.3980,91031,910540539,1854,0,0,0
18.4079,91032,910550539,1869,0,0,0
18.4179,91033,910560538,1885,0,0,0
18.4280,91034,910570539,1909,0,0,0
18.4380,91035,910580539,1904,0,0,0
18.4480,91036,910590539,1947,0,0,0
18.4580,91037,910600538,1941,0,0,0
18.4679,91038,910610539,1939,0,0,0
18.4780,91039,910620539,1889,0,0,0
18.4879,91040,910630538,1872,0,0,0
18.4979,91041,910640539,1840,0,0,0
18.5080,91042,910650539,1808,0,0,0
18.5180,91043,910660539,1780,0,0,0
18.5280,91044,910670539,1787,0,0,0
18.5379,91045,910680539,1778,0,0,0
18.5480,91046,910690539,1778,0,0,0
18.5579,91047,910700538,1754,0,0,0
18.5681,91048,910710539,1759,0,0,0
18.5779,91049,910720539,1759,0,0,0
18.5879,91050,910730539,1778,0,0,0
18.5980,91051,910740539,1766,0,0,0
18.6079,91052,910750539,1787,0,0,0
18.6179,91053,910760539,1788,0,0,0
18.6279,91054,910770539,1799,0,0,0
18.6381,91055,910780539,1797,0,0,0
18.6480,91056,910790539,1791,0,0,0
18.6585,91057,910800539,1794,0,0,0
18.6679,91058,910810539,1831,0,0,0
18.6779,91059,910820539,1819,0,0,0
18.6879,91060,910830539,1827,0,0,0
18.6979,91061,910840539,1819,0,0,0
18.7079,91062,910850538,1831,0,0,0
18.7179,91063,910860539,1821,0,0,0
18.7279,91064,910870539,1832,0,0,0
18.7379,91065,910880539,1823,0,0,0
18.7480,91066,910890538,1825,0,0,0
18.7579,91067,910900539,1826,0,0,0
18.7680,91068,910910539,1841,0,0,0
18.7779,91069,910920538,1840,0,0,0
18.7879,91070,910930539,1840,0,0,0
18.7979,91071,910940539,1837,0,0,0
18.8079,91072,910950539,1840,0,0,0
18.8179,91073,910960538,1853,0,0,0
18.8279,91074,910970539,1856,0,0,0
18.8380,91075,910980538,1843,0,0,0
18.8482,91076,910990539,1843,0,0,0
18.8579,91077,911000538,1851,0,0,0
18.8679,91078,911010539,1844,0,0,0
18.8779,91079,911020539,1841,0,0,0
18.8879,91080,911030539,1853,0,0,0
18.8979,91081,911040539,1841,0,0,0
18.9080,91082,911050538,1845,0,0,0
18.9179,91083,911060539,1834,0,0,0
18.9279,91084,911070539,1850,0,0,0
18.9379,91085,911080539,1842,0,0,0
18.9479,91086,911090538,1853,0,0,0
18.9579,91087,911100538,1854,0,0,0
18.9679,91088,911110539,1862,0,0,0
18.9778,91089,911120539,1847,0,0,0
18.9879,91090,911130538,1865,0,0,0
18.9979,91091,911140539,1857,0,0,0
19.0079,91092,911150539,1872,0,0,0
19.0179,91093,911160539,1860,0,0,0
19.0301,91094,911170539,1872,0,0,0
19.0380,91095,911180539,1881,0,0,0
19.0479,91096,911190538,1904,0,0,0
19.0580,91097,911200539,1919,0,0,0
19.0681,91098,911210539,1934,0,0,0
19.0781,91099,911220538,2000,0,0,0
19.0879,91100,911230539,2004,0,0,0
19.0979,91101,911240538,1997,0,0,0
19.1079,91102,911250539,1909,0,0,0
19.1181,91103,911260539,1847,0,0,0
19.1279,91104,911270539,1840,0,0,0
19.1379,91105,911280539,1825,0,0,0
19.1482,91106,911290539,1832,0,0,0
19.1580,91107,911300539,1815,0,0,0
19.1680,91108,911310538,1810,0,0,0
19.1781,91109,911320539,1805,0,0,0
19.1880,91110,911330539,1587,0,0,0
19.1980,91111,911340539,1535,0,0,0
19.2080,91112,911350539,2225,0,0,0
19.2180,91113,911360538,3824,0,0,0
19.2280,91114,911370539,2545,0,0,0
19.2379,91115,911380538,1807,0,0,0
19.2480,91116,911390539,1710,0,0,0
19.2580,91117,911400539,1813,0,0,0
19.2679,91118,911410539,1749,0,0,0
19.2790,91119,911420539,1741,0,0,0
19.2880,91120,911430539,1754,0,0,0
19.2979,91121,911440539,1751,0,0,0
19.3079,91122,911450538,1761,0,0,0
19.3180,91123,911460539,1761,0,0,0
19.3283,91124,911470539,1773,0,0,0
19.3379,91125,911480539,1770,0,0,0
19.3480,91126,911490538,1780,0,0,0
19.3581,91127,911500539,1788,0,0,0
19.3679,91128,911510539,1802,0,0,0
19.3780,91129,911520539,1807,0,0,0
19.3880,91130,911530538,1808,0,0,0
19.3979,91131,911540539,1810,0,0,0
19.4079,91132,911550539,1825,0,0,0
19.4180,91133,911560539,1829,0,0,0
19.4280,91134,911570539,1844,0,0,0
19.4379,91135,911580539,1852,0,0,0
19.4480,91136,911590539,1873,0,0,0
19.4580,91137,911600538,1888,0,0,0
19.4680,91138,911610539,1899,0,0,0
19.4780,91139,911620539,1917,0,0,0
19.4879,91140,911630538,1927,0,0,0
19.4979,91141,911640538,1921,0,0,0
19.5081,91142,911650539,1919,0,0,0
19.5199,91143,911660539,1903,0,0,0
19.5279,91144,911670539,1879,0,0,0
19.5380,91145,911680539,1839,0,0,0
19.5480,91146,911690538,1813,0,0,0
19.5581,91147,911700539,1782,0,0,0
19.5679,91148,911710539,1777,0,0,0
19.5781,91149,911720538,1763,0,0,0
19.5879,91150,911730539,1771,0,0,0
19.5978,91151,911740538,1781,0,0,0
19.6083,91152,911750539,1776,0,0,0
19.6181,91153,911760539,1771,0,0,0
19.6280,91154,911770538,1778,0,0,0
19.6387,91155,911780539,1776,0,0,0
19.6481,91156,911790539,1792,0,0,0
19.6580,91157,911800539,1795,0,0,0
19.6680,91158,911810538,1791,0,0,0
19.6780,91159,911820538,1796,0,0,0
19.6880,91160,911830539,1809,0,0,0
19.6979,91161,911840538,1811,0,0,0
19.7080,91162,911850539,1809,0,0,0
19.7179,91163,911860539,1810,0,0,0
19.7280,91164,911870539,1813,0,0,0
19.7380,91165,911880539,1808,0,0,0
19.7479,91166,911890539,1808,0,0,0
19.7579,91167,911900539,1808,0,0,0
19.7680,91168,911910539,1809,0,0,0
19.7778,91169,911920539,1806,0,0,0
19.7879,91170,911930539,1815,0,0,0
19.7980,91171,911940539,1829,0,0,0
19.8079,91172,911950538,1818,0,0,0
19.8180,91173,911960539,1817,0,0,0
19.8279,91174,911970539,1815,0,0,0
19.8380,91175,911980539,1808,0,0,0
19.8481,91176,911990539,1817,0,0,0
19.8582,91177,912000539,1821,0,0,0
19.8679,91178,912010539,1819,0,0,0
19.8779,91179,912020538,1822,0,0,0
19.8883,91180,912030539,1822,0,0,0
19.8979,91181,912040538,1823,0,0,0
19.9080,91182,912050539,1815,0,0,0
19.9180,91183,912060539,1819,0,0,0
19.9279,91184,912070539,1830,0,0,0
19.9380,91185,912080538,1829,0,0,0
19.9480,91186,912090539,1833,0,0,0
19.9581,91187,912100539,1838,0,0,0
19.9679,91188,912110538,1836,0,0,0
19.9781,91189,912120539,1843,0,0,0
19.9879,91190,912130539,1840,0,0,0
19.9979,91191,912140539,1840,0,0,0
20.0108,91192,912150539,1842,0,0,0
20.0194,91193,912160539,1846,0,0,0
20.0327,91194,912170539,1845,0,0,0
20.0428,91195,912180539,1845,0,0,0
20.0499,91196,912190538,1853,0,0,0
20.0608,91197,912200539,1854,0,0,0
20.0706,91198,912210539,1852,0,0,0
20.0784,91199,912220538,1852,0,0,0
20.0881,91200,912230539,1872,0,0,0
20.0982,91201,912240539,1851,0,0,0
20.1080,91202,912250539,1852,0,0,0
20.1182,91203,912260539,1852,0,0,0
20.1280,91204,912270539,1854,0,0,0
20.1379,91205,912280539,1858,0,0,0
20.1479,91206,912290538,1882,0,0,0
20.1580,91207,912300539,1910,0,0,0
20.1680,91208,912310539,1921,0,0,0
20.1782,91209,912320539,1989,0,0,0
20.1894,91210,912330539,2000,0,0,0
20.1980,91211,912340539,1983,0,0,0
20.2112,91212,912350539,1919,0,0,0
20.2227,91213,912360539,1862,0,0,0
20.2280,91214,912370539,1845,0,0,0
20.2418,91215,912380539,1829,0,0,0
20.2481,91216,912390539,1822,0,0,0
20.2581,91217,912400539,1814,0,0,0
20.2680,91218,912410538,1822,0,0,0
20.2785,91219,912420539,1806,0,0,0
20.2884,91220,912430539,1535,0,0,0
20.2980,91221,912440538,1578,0,0,0
20.3080,91222,912450539,2367,0,0,0
20.3181,91223,912460539,3967,0,0,0
20.3282,91224,912470538,2433,0,0,0
20.3379,91225,912480539,1653,0,0,0
20.3509,91226,912490539,1741,0,0,0
20.3586,91227,912500539,1828,0,0,0
20.3689,91228,912510539,1741,0,0,0
20.3780,91229,912520539,1759,0,0,0
20.3924,91230,912530539,1757,0,0,0
20.3993,91231,912540538,1772,0,0,0
20.4081,91232,912550539,1775,0,0,0
20.4182,91233,912560539,1783,0,0,0
20.4281,91234,912570539,1794,0,0,0
20.4382,91235,912580539,1796,0,0,0
20.4481,91236,912590539,1791,0,0,0
20.4585,91237,912600539,1795,0,0,0
20.4681,91238,912610539,1811,0,0,0
20.4779,91239,912620539,1814,0,0,0
20.4882,91240,912630539,1826,0,0,0
20.4980,91241,912640538,1831,0,0,0
20.5081,91242,912650539,1841,0,0,0
20.5182,91243,912660538,1856,0,0,0
20.5312,91244,912670539,1853,0,0,0
20.5435,91245,912680538,1879,0,0,0
20.5488,91246,912690539,1889,0,0,0
20.5672,91247,912700538,1913,0,0,0
20.5880,91248,912710539,1932,0,0,0
20.5881,91249,912720538,1953,0,0,0
20.5907,91250,912730539,1967,0,0,0
20.5981,91251,912740539,1968,0,0,0
20.6138,91252,912750538,1970,0,0,0
20.6232,91253,912760539,1941,0,0,0
20.6282,91254,912770539,1904,0,0,0
20.6392,91255,912780538,1877,0,0,0
20.6479,91256,912790539,1842,0,0,0
20.6579,91257,912800539,1829,0,0,0
20.6680,91258,912810538,1808,0,0,0
20.6780,91259,912820539,1801,0,0,0
20.6881,91260,912830539,1792,0,0,0
20.6980,91261,912840539,1794,0,0,0
20.7079,91262,912850539,1803,0,0,0
20.7181,91263,912860539,1792,0,0,0
20.7280,91264,912870539,1792,0,0,0
20.7420,91265,912880538,1805,0,0,0
20.7480,91266,912890539,1795,0,0,0
20.7603,91267,912900539,1808,0,0,0
20.7712,91268,912910539,1803,0,0,0
20.7780,91269,912920539,1810,0,0,0
20.7946,91270,912930539,1811,0,0,0
20.8000,91271,912940539,1826,0,0,0
20.8082,91272,912950539,1820,0,0,0
20.8182,91273,912960539,1829,0,0,0
20.8280,91274,912970539,1834,0,0,0
20.8381,91275,912980539,1828,0,0,0
20.8490,91276,912990539,1824,0,0,0
20.8580,91277,913000538,1831,0,0,0
20.8680,91278,913010539,1839,0,0,0
20.8780,91279,913020539,1830,0,0,0
20.8881,91280,913030538,1835,0,0,0
20.8984,91281,913040539,1837,0,0,0
20.9080,91282,913050539,1841,0,0,0
20.9182,91283,913060539,1827,0,0,0
20.9280,91284,913070538,1836,0,0,0
20.9380,91285,913080539,1838,0,0,0
20.9480,91286,913090539,1835,0,0,0
20.9580,91287,913100538,1831,0,0,0
20.9682,91288,913110539,1840,0,0,0
20.9780,91289,913120539,1843,0,0,0
20.9880,91290,913130538,1840,0,0,0
20.9981,91291,913140539,1838,0,0,0
21.0080,91292,913150539,1835,0,0,0
21.0180,91293,913160539,1845,0,0,0
21.0278,91294,913170538,1857,0,0,0
21.0379,91295,913180539,1855,0,0,0
21.0481,91296,913190539,1843,0,0,0
21.0580,91297,913200539,1855,0,0,0
21.0680,91298,913210539,1845,0,0,0
21.0782,91299,913220539,1850,0,0,0
21.0879,91300,913230539,1851,0,0,0
21.0980,91301,913240538,1856,0,0,0
21.1081,91302,913250539,1857,0,0,0
21.1182,91303,913260539,1871,0,0,0
21.1279,91304,913270538,1856,0,0,0
21.1381,91305,913280538,1851,0,0,0
21.1481,91306,913290539,1855,0,0,0
21.1580,91307,913300538,1874,0,0,0
21.1680,91308,913310539,1860,0,0,0
21.1781,91309,913320539,1872,0,0,0
21.1881,91310,913330539,1878,0,0,0
21.1980,91311,913340539,1869,0,0,0
21.2079,91312,913350538,1867,0,0,0
21.2181,91313,913360539,1872,0,0,0
21.2280,91314,913370539,1870,0,0,0
21.2380,91315,913380539,1872,0,0,0
21.2480,91316,913390539,1876,0,0,0
21.2581,91317,913400538,1904,0,0,0
21.2694,91318,913410539,1904,0,0,0
21.2781,91319,913420539,1929,0,0,0
21.2880,91320,913430538,1982,0,0,0
21.2981,91321,913440539,2021,0,0,0
21.3085,91322,913450539,2007,0,0,0
21.3182,91323,913460538,1975,0,0,0
21.3282,91324,913470539,1875,0,0,0
21.3384,91325,913480538,1854,0,0,0
21.3480,91326,913490539,1852,0,0,0
21.3580,91327,913500539,1855,0,0,0
21.3680,91328,913510538,1834,0,0,0
21.3780,91329,913520538,1837,0,0,0
21.3880,91330,913530539,1826,0,0,0
21.3979,91331,913540538,1712,0,0,0
21.4079,91332,913550539,1488,0,0,0
21.4181,91333,913560539,1952,0,0,0
21.4279,91334,913570538,3353,0,0,0
21.4379,91335,913580539,2998,0,0,0
21.4481,91336,913590539,1902,0,0,0
21.4580,91337,913600539,1726,0,0,0
21.4681,91338,913610539,1823,0,0,0
21.4781,91339,913620539,1807,0,0,0
21.4879,91340,913630539,1754,0,0,0
21.4980,91341,913640539,1778,0,0,0
21.5081,91342,913650538,1776,0,0,0
21.5180,91343,913660539,1802,0,0,0
21.5284,91344,913670539,1799,0,0,0
21.5380,91345,913680539,1796,0,0,0
21.5479,91346,913690539,1809,0,0,0
21.5581,91347,913700538,1821,0,0,0
21.5683,91348,913710539,1819,0,0,0
21.5779,91349,913720539,1833,0,0,0
21.5884,91350,913730539,1819,0,0,0
21.5980,91351,913740538,1842,0,0,0
21.6079,91352,913750539,1835,0,0,0
21.6180,91353,913760539,1842,0,0,0
21.6280,91354,913770539,1845,0,0,0
21.6379,91355,913780539,1858,0,0,0
21.6480,91356,913790539,1866,0,0,0
21.6580,91357,913800539,1893,0,0,0
21.6680,91358,913810539,1911,0,0,0
21.6780,91359,913820538,1920,0,0,0
21.6881,91360,913830539,1936,0,0,0
21.6979,91361,913840539,1953,0,0,0
21.7080,91362,913850539,1952,0,0,0
21.7180,91363,913860539,1958,0,0,0
21.7279,91364,913870539,1933,0,0,0
21.7379,91365,913880539,1917,0,0,0
21.7480,91366,913890538,1877,0,0,0
21.7579,91367,913900538,1860,0,0,0
21.7680,91368,913910539,1825,0,0,0
21.7779,91369,913920538,1809,0,0,0
21.7879,91370,913930539,1804,0,0,0
21.7980,91371,913940538,1808,0,0,0
21.8081,91372,913950539,1797,0,0,0
21.8181,91373,913960539,1803,0,0,0
21.8283,91374,913970539,1778,0,0,0
21.8382,91375,913980539,1795,0,0,0
21.8480,91376,913990538,1799,0,0,0
21.8579,91377,914000539,1808,0,0,0
21.8686,91378,914010539,1789,0,0,0
21.8779,91379,914020538,1808,0,0,0
21.8880,91380,914030539,1803,0,0,0
21.8982,91381,914040539,1814,0,0,0
21.9079,91382,914050539,1811,0,0,0
21.9180,91383,914060539,1829,0,0,0
21.9280,91384,914070539,1822,0,0,0
21.9379,91385,914080539,1829,0,0,0
21.9479,91386,914090539,1821,0,0,0
21.9579,91387,914100538,1833,0,0,0
21.9681,91388,914110539,1822,0,0,0
21.9780,91389,914120539,1837,0,0,0
21.9889,91390,914130539,1813,0,0,0
21.9979,91391,914140538,1822,0,0,0
22.0079,91392,914150539,1825,0,0,0
22.0181,91393,914160539,1829,0,0,0
22.0289,91394,914170539,1815,0,0,0
22.0379,91395,914180539,1826,0,0,0
22.0479,91396,914190538,1825,0,0,0
22.0579,91397,914200538,1829,0,0,0
22.0680,91398,914210539,1815,0,0,0
22.0780,91399,914220539,1838,0,0,0
22.0879,91400,914230539,1823,0,0,0
22.0979,91401,914240539,1822,0,0,0
22.1079,91402,914250538,1811,0,0,0
22.1180,91403,914260539,1837,0,0,0
22.1279,91404,914270539,1824,0,0,0
22.1381,91405,914280539,1826,0,0,0
22.1479,91406,914290539,1823,0,0,0
22.1581,91407,914300538,1837,0,0,0
22.1681,91408,914310539,1827,0,0,0
22.1780,91409,914320539,1839,0,0,0
22.1879,91410,914330539,1835,0,0,0
22.1980,91411,914340539,1841,0,0,0
22.2079,91412,914350539,1833,0,0,0
22.2180,91413,914360538,1837,0,0,0
22.2279,91414,914370539,1835,0,0,0
22.2380,91415,914380538,1839,0,0,0
22.2479,91416,914390539,1825,0,0,0
22.2580,91417,914400539,1844,0,0,0
22.2680,91418,914410538,1833,0,0,0
22.2788,91419,914420539,1843,0,0,0
22.2880,91420,914430539,1840,0,0,0
22.2979,91421,914440538,1847,0,0,0
22.3079,91422,914450539,1838,0,0,0
22.3181,91423,914460539,1859,0,0,0
22.3280,91424,914470539,1845,0,0,0
22.3379,91425,914480538,1871,0,0,0
22.3479,91426,914490539,1878,0,0,0
22.3580,91427,914500538,1918,0,0,0
22.3683,91428,914510539,1918,0,0,0
22.3780,91429,914520539,2000,0,0,0
22.3882,91430,914530539,1995,0,0,0
22.3980,91431,914540539,1983,0,0,0
22.4080,91432,914550539,1897,0,0,0
22.4180,91433,914560539,1855,0,0,0
22.4280,91434,914570538,1837,0,0,0
22.4381,91435,914580539,1838,0,0,0
22.4480,91436,914590539,1813,0,0,0
22.4580,91437,914600539,1864,0,0,0
22.4681,91438,914610539,1808,0,0,0
22.4779,91439,914620539,1794,0,0,0
22.4880,91440,914630539,1503,0,0,0
22.4980,91441,914640538,1626,0,0,0
22.5080,91442,914650539,2495,0,0,0
22.5182,91443,914660539,3850,0,0,0
22.5279,91444,914670539,2302,0,0,0
22.5380,91445,914680539,1655,0,0,0
22.5479,91446,914690539,1750,0,0,0
22.5579,91447,914700539,1823,0,0,0
22.5680,91448,914710539,1722,0,0,0
22.5781,91449,914720539,1744,0,0,0
22.5879,91450,914730539,1735,0,0,0
22.5979,91451,914740538,1755,0,0,0
22.6080,91452,914750539,1747,0,0,0
22.6183,91453,914760538,1777,0,0,0
22.6282,91454,914770539,1771,0,0,0
22.6379,91455,914780539,1783,0,0,0
22.6481,91456,914790539,1787,0,0,0
22.6580,91457,914800539,1793,0,0,0
22.6680,91458,914810539,1793,0,0,0
22.6780,91459,914820539,1801,0,0,0
22.6879,91460,914830539,1795,0,0,0
22.6979,91461,914840538,1811,0,0,0
22.7079,91462,914850539,1799,0,0,0
22.7180,91463,914860539,1824,0,0,0
22.7281,91464,914870539,1831,0,0,0
22.7382,91465,914880539,1847,0,0,0
22.7481,91466,914890539,1854,0,0,0
22.7580,91467,914900539,1889,0,0,0
22.7682,91468,914910539,1903,0,0,0
22.7779,91469,914920539,1919,0,0,0
22.7882,91470,914930539,1920,0,0,0
22.7980,91471,914940538,1936,0,0,0
22.8080,91472,914950539,1903,0,0,0
22.8180,91473,914960539,1889,0,0,0
22.8282,91474,914970539,1859,0,0,0
22.8379,91475,914980538,1840,0,0,0
22.8479,91476,914990539,1799,0,0,0
22.8580,91477,915000539,1789,0,0,0
22.8684,91478,915010538,1776,0,0,0
22.8779,91479,915020539,1776,0,0,0
22.8882,91480,915030539,1771,0,0,0
22.8979,91481,915040539,1770,0,0,0
22.9080,91482,915050538,1767,0,0,0
22.9183,91483,915060539,1771,0,0,0
22.9281,91484,915070538,1770,0,0,0
22.9380,91485,915080539,1777,0,0,0
22.9483,91486,915090539,1775,0,0,0
22.9580,91487,915100539,1796,0,0,0
22.9682,91488,915110538,1786,0,0,0
22.9782,91489,915120539,1802,0,0,0
22.9881,91490,915130539,1805,0,0,0
22.9981,91491,915140539,1811,0,0,0
23.0081,91492,915150539,1811,0,0,0
23.0181,91493,915160539,1822,0,0,0
23.0279,91494,915170539,1813,0,0,0
23.0380,91495,915180539,1823,0,0,0
23.0481,91496,915190539,1819,0,0,0
23.0581,91497,915200539,1831,0,0,0
23.0680,91498,915210539,1821,0,0,0
23.0780,91499,915220538,1840,0,0,0
23.0879,91500,915230539,1830,0,0,0
23.0980,91501,915240538,1827,0,0,0
23.1079,91502,915250539,1821,0,0,0
23.1180,91503,915260538,1835,0,0,0
23.1279,91504,915270539,1819,0,0,0
23.1382,91505,915280539,1826,0,0,0
23.1481,91506,915290538,1823,0,0,0
23.1582,91507,915300538,1826,0,0,0
23.1681,91508,915310539,1819,0,0,0
23.1781,91509,915320539,1829,0,0,0
23.1882,91510,915330539,1831,0,0,0
23.1981,91511,915340539,1823,0,0,0
23.2080,91512,915350538,1824,0,0,0
23.2181,91513,915360539,1834,0,0,0
23.2280,91514,915370539,1831,0,0,0
23.2379,91515,915380539,1834,0,0,0
23.2480,91516,915390539,1839,0,0,0
23.2580,91517,915400538,1855,0,0,0
23.2678,91518,915410539,1841,0,0,0
23.2780,91519,915420539,1851,0,0,0
23.2878,91520,915430539,1846,0,0,0
23.2979,91521,915440539,1862,0,0,0
23.3081,91522,915450539,1849,0,0,0
23.3181,91523,915460539,1863,0,0,0
23.3278,91524,915470539,1855,0,0,0
23.3380,91525,915480539,1856,0,0,0
23.3479,91526,915490539,1860,0,0,0
23.3579,91527,915500538,1872,0,0,0
23.3680,91528,915510539,1857,0,0,0
23.3780,91529,915520539,1863,0,0,0
23.3879,91530,915530539,1865,0,0,0
23.3980,91531,915540538,1872,0,0,0
23.4081,91532,915550539,1865,0,0,0
23.4181,91533,915560538,1872,0,0,0
23.4282,91534,915570539,1864,0,0,0
23.4380,91535,915580539,1874,0,0,0
23.4483,91536,915590539,1868,0,0,0
23.4584,91537,915600539,1872,0,0,0
23.4682,91538,915610539,1877,0,0,0
23.4780,91539,915620539,1883,0,0,0
23.4880,91540,915630539,1890,0,0,0
23.4980,91541,915640539,1908,0,0,0
23.5080,91542,915650539,1921,0,0,0
23.5181,91543,915660539,1979,0,0,0
23.5290,91544,915670538,2004,0,0,0
23.5379,91545,915680538,2002,0,0,0
23.5480,91546,915690539,1962,0,0,0
23.5580,91547,915700539,1884,0,0,0
23.5681,91548,915710539,1849,0,0,0
23.5781,91549,915720538,1856,0,0,0
23.5879,91550,915730539,1836,0,0,0
23.5980,91551,915740539,1828,0,0,0
23.6080,91552,915750539,1822,0,0,0
23.6183,91553,915760539,1821,0,0,0
23.6280,91554,915770539,1680,0,0,0
23.6380,91555,915780539,1487,0,0,0
23.6482,91556,915790539,1926,0,0,0
23.6583,91557,915800539,3507,0,0,0
23.6683,91558,915810539,3006,0,0,0
23.6782,91559,915820539,1853,0,0,0
23.6886,91560,915830539,1638,0,0,0
23.6983,91561,915840539,1841,0,0,0
23.7085,91562,915850538,1776,0,0,0
23.7182,91563,915860539,1746,0,0,0
23.7285,91564,915870539,1745,0,0,0
23.7386,91565,915880539,1763,0,0,0
23.7481,91566,915890539,1751,0,0,0
23.7580,91567,915900538,1765,0,0,0
23.7682,91568,915910539,1776,0,0,0
23.7785,91569,915920539,1783,0,0,0
23.7886,91570,915930539,1774,0,0,0
23.7984,91571,915940539,1781,0,0,0
23.8091,91572,915950539,1786,0,0,0
23.8181,91573,915960538,1794,0,0,0
23.8283,91574,915970539,1794,0,0,0
23.8380,91575,915980539,1795,0,0,0
23.8481,91576,915990539,1805,0,0,0
23.8579,91577,916000538,1803,0,0,0
23.8681,91578,916010539,1807,0,0,0
23.8780,91579,916020538,1842,0,0,0
23.8880,91580,916030539,1855,0,0,0
23.8982,91581,916040539,1871,0,0,0
23.9080,91582,916050539,1885,0,0,0
23.9183,91583,916060538,1906,0,0,0
23.9285,91584,916070539,1919,0,0,0
23.9387,91585,916080539,1941,0,0,0
23.9482,91586,916090539,1946,0,0,0
23.9583,91587,916100539,1913,0,0,0
23.9683,91588,916110539,1878,0,0,0
23.9783,91589,916120539,1854,0,0,0
23.9882,91590,916130538,1821,0,0,0
23.9987,91591,916140539,1804,0,0,0
24.0085,91592,916150539,1781,0,0,0
24.0182,91593,916160539,1775,0,0,0
24.0283,91594,916170539,1761,0,0,0
24.0380,91595,916180539,1774,0,0,0
24.0484,91596,916190539,1776,0,0,0
24.0583,91597,916200538,1762,0,0,0
24.0678,91598,916210539,1770,0,0,0
24.0780,91599,916220539,1781,0,0,0
24.0882,91600,916230538,1775,0,0,0
24.0980,91601,916240539,1782,0,0,0
24.1080,91602,916250539,1776,0,0,0
24.1180,91603,916260539,1802,0,0,0
24.1280,91604,916270539,1801,0,0,0
24.1379,91605,916280539,1814,0,0,0
24.1482,91606,916290538,1808,0,0,0
24.1579,91607,916300539,1808,0,0,0
24.1682,91608,916310539,1813,0,0,0
24.1780,91609,916320539,1824,0,0,0
24.1880,91610,916330539,1829,0,0,0
24.1980,91611,916340539,1840,0,0,0
24.2079,91612,916350539,1835,0,0,0
24.2180,91613,916360539,1831,0,0,0
24.2278,91614,916370539,1826,0,0,0
24.2379,91615,916380539,1838,0,0,0
24.2479,91616,916390538,1838,0,0,0
24.2580,91617,916400539,1839,0,0,0
24.2679,91618,916410539,1817,0,0,0
24.2780,91619,916420538,1822,0,0,0
24.2879,91620,916430539,1839,0,0,0
24.2979,91621,916440538,1840,0,0,0
24.3079,91622,916450539,1831,0,0,0
24.3180,91623,916460539,1840,0,0,0
24.3281,91624,916470539,1840,0,0,0
24.3379,91625,916480538,1844,0,0,0
24.3480,91626,916490539,1841,0,0,0
24.3582,91627,916500539,1843,0,0,0
24.3681,91628,916510539,1851,0,0,0
24.3780,91629,916520539,1845,0,0,0
24.3881,91630,916530539,1842,0,0,0
24.3980,91631,916540539,1854,0,0,0
24.4080,91632,916550539,1837,0,0,0
24.4181,91633,916560539,1850,0,0,0
24.4280,91634,916570539,1857,0,0,0
24.4381,91635,916580539,1854,0,0,0
24.4481,91636,916590539,1855,0,0,0
24.4580,91637,916600538,1847,0,0,0
24.4681,91638,916610539,1855,0,0,0
24.4781,91639,916620539,1858,0,0,0
24.4879,91640,916630539,1868,0,0,0
24.4980,91641,916640539,1859,0,0,0
24.5081,91642,916650539,1851,0,0,0
24.5180,91643,916660539,1856,0,0,0
24.5279,91644,916670539,1869,0,0,0
24.5382,91645,916680539,1872,0,0,0
24.5480,91646,916690538,1871,0,0,0
24.5579,91647,916700539,1863,0,0,0
24.5681,91648,916710539,1854,0,0,0
24.5782,91649,916720539,1874,0,0,0
24.5879,91650,916730539,1903,0,0,0
24.5980,91651,916740538,1903,0,0,0
24.6079,91652,916750539,1911,0,0,0
24.6180,91653,916760538,1987,0,0,0
24.6280,91654,916770539,2016,0,0,0
24.6383,91655,916780539,2013,0,0,0
24.6480,91656,916790539,1937,0,0,0
24.6581,91657,916800538,1870,0,0,0
24.6680,91658,916810539,1856,0,0,0
24.6780,91659,916820539,1838,0,0,0
24.6880,91660,916830539,1825,0,0,0
24.6980,91661,916840539,1817,0,0,0
24.7080,91662,916850538,1808,0,0,0
24.7180,91663,916860538,1808,0,0,0
24.7281,91664,916870539,1648,0,0,0
24.7381,91665,916880539,1489,0,0,0
24.7480,91666,916890539,2062,0,0,0
24.7579,91667,916900539,3568,0,0,0
24.7689,91668,916910539,2736,0,0,0
24.7780,91669,916920538,1878,0,0,0
24.7879,91670,916930539,1728,0,0,0
24.7979,91671,916940538,1815,0,0,0
24.8080,91672,916950539,1777,0,0,0
24.8180,91673,916960539,1755,0,0,0
24.8279,91674,916970539,1765,0,0,0
24.8383,91675,916980539,1780,0,0,0
24.8480,91676,916990539,1786,0,0,0
24.8580,91677,917000538,1782,0,0,0
24.8681,91678,917010539,1781,0,0,0
24.8781,91679,917020539,1797,0,0,0
24.8881,91680,917030539,1799,0,0,0
24.8980,91681,917040538,1812,0,0,0
24.9080,91682,917050539,1825,0,0,0
24.9179,91683,917060539,1819,0,0,0
24.9281,91684,917070538,1811,0,0,0
24.9381,91685,917080539,1815,0,0,0
24.9481,91686,917090539,1829,0,0,0
24.9581,91687,917100539,1842,0,0,0
24.9680,91688,917110539,1853,0,0,0
24.9781,91689,917120539,1868,0,0,0
24.9881,91690,917130539,1871,0,0,0
24.9981,91691,917140539,1897,0,0,0
25.0081,91692,917150539,1913,0,0,0
25.0180,91693,917160538,1918,0,0,0
25.0294,91694,917170539,1937,0,0,0
25.0380,91695,917180538,1942,0,0,0
25.0480,91696,917190539,1936,0,0,0
25.0580,91697,917200538,1919,0,0,0
25.0681,91698,917210539,1893,0,0,0
25.0782,91699,917220539,1860,0,0,0
25.0880,91700,917230539,1831,0,0,0
25.0979,91701,917240538,1808,0,0,0
25.1079,91702,917250539,1783,0,0,0
25.1190,91703,917260539,1793,0,0,0
25.1287,91704,917270539,1791,0,0,0
25.1379,91705,917280539,1779,0,0,0
25.1480,91706,917290539,1781,0,0,0
25.1581,91707,917300539,1776,0,0,0
25.1679,91708,917310539,1789,0,0,0
25.1780,91709,917320539,1780,0,0,0
25.1880,91710,917330539,1795,0,0,0
25.1981,91711,917340538,1791,0,0,0
25.2081,91712,917350539,1798,0,0,0
25.2180,91713,917360539,1803,0,0,0
25.2280,91714,917370539,1817,0,0,0
25.2381,91715,917380539,1813,0,0,0
25.2480,91716,917390539,1810,0,0,0
25.2580,91717,917400539,1812,0,0,0
25.2680,91718,917410539,1827,0,0,0
25.2784,91719,917420539,1826,0,0,0
25.2882,91720,917430538,1831,0,0,0
25.2980,91721,917440539,1824,0,0,0
25.3080,91722,917450539,1827,0,0,0
25.3181,91723,917460538,1824,0,0,0
25.3281,91724,917470539,1836,0,0,0
25.3379,91725,917480539,1818,0,0,0
25.3480,91726,917490539,1831,0,0,0
25.3579,91727,917500539,1819,0,0,0
25.3681,91728,917510539,1833,0,0,0
25.3780,91729,917520539,1827,0,0,0
25.3880,91730,917530539,1837,0,0,0
25.3981,91731,917540539,1827,0,0,0
25.4084,91732,917550539,1839,0,0,0
25.4181,91733,917560539,1829,0,0,0
25.4281,91734,917570539,1846,0,0,0
25.4383,91735,917580538,1839,0,0,0
25.4482,91736,917590539,1855,0,0,0
25.4582,91737,917600539,1846,0,0,0
25.4682,91738,917610539,1851,0,0,0
25.4782,91739,917620539,1846,0,0,0
25.4881,91740,917630539,1855,0,0,0
25.4984,91741,917640538,1855,0,0,0
25.5082,91742,917650539,1863,0,0,0
25.5179,91743,917660539,1843,0,0,0
25.5286,91744,917670539,1861,0,0,0
25.5379,91745,917680538,1863,0,0,0
25.5480,91746,917690539,1860,0,0,0
25.5580,91747,917700538,1861,0,0,0
25.5680,91748,917710539,1872,0,0,0
25.5780,91749,917720538,1860,0,0,0
25.5879,91750,917730539,1857,0,0,0
25.5979,91751,917740538,1857,0,0,0
25.6080,91752,917750539,1859,0,0,0
25.6181,91753,917760539,1856,0,0,0
25.6281,91754,917770539,1867,0,0,0
25.6381,91755,917780538,1855,0,0,0
25.6481,91756,917790539,1867,0,0,0
25.6583,91757,917800539,1866,0,0,0
25.6680,91758,917810539,1879,0,0,0
25.6781,91759,917820539,1900,0,0,0
25.6886,91760,917830539,1920,0,0,0
25.6987,91761,917840539,1930,0,0,0
25.7082,91762,917850539,2000,0,0,0
25.7182,91763,917860538,2000,0,0,0
25.7287,91764,917870539,2002,0,0,0
25.7382,91765,917880539,1918,0,0,0
25.7481,91766,917890538,1865,0,0,0
25.7582,91767,917900538,1837,0,0,0
25.7682,91768,917910539,1839,0,0,0
25.7782,91769,917920539,1823,0,0,0
25.7883,91770,917930538,1830,0,0,0
25.7979,91771,917940538,1811,0,0,0
25.8080,91772,917950539,1808,0,0,0
25.8184,91773,917960538,1531,0,0,0
25.8283,91774,917970539,1582,0,0,0
25.8380,91775,917980539,2336,0,0,0
25.8482,91776,917990539,3959,0,0,0
25.8579,91777,918000539,2446,0,0,0
25.8680,91778,918010539,1669,0,0,0
25.8780,91779,918020539,1726,0,0,0
25.8886,91780,918030538,1829,0,0,0
25.8986,91781,918040539,1727,0,0,0
25.9083,91782,918050538,1739,0,0,0
25.9180,91783,918060539,1746,0,0,0
25.9281,91784,918070538,1761,0,0,0
25.9382,91785,918080539,1767,0,0,0
25.9482,91786,918090539,1783,0,0,0
25.9580,91787,918100539,1778,0,0,0
25.9680,91788,918110539,1792,0,0,0
25.9781,91789,918120538,1790,0,0,0
25.9880,91790,918130539,1803,0,0,0
25.9981,91791,918140538,1798,0,0,0
26.0082,91792,918150539,1808,0,0,0
26.0179,91793,918160539,1810,0,0,0
26.0289,91794,918170539,1819,0,0,0
26.0380,91795,918180539,1813,0,0,0
26.0480,91796,918190539,1840,0,0,0
26.0581,91797,918200539,1841,0,0,0
26.0679,91798,918210539,1861,0,0,0
26.0780,91799,918220539,1874,0,0,0
26.0879,91800,918230538,1904,0,0,0
26.0980,91801,918240539,1917,0,0,0
26.1079,91802,918250539,1942,0,0,0
26.1179,91803,918260539,1947,0,0,0
26.1280,91804,918270538,1957,0,0,0
26.1381,91805,918280539,1935,0,0,0
26.1481,91806,918290539,1925,0,0,0
26.1581,91807,918300539,1889,0,0,0
26.1681,91808,918310539,1863,0,0,0
26.1781,91809,918320539,1824,0,0,0
26.1883,91810,918330539,1810,0,0,0
26.1981,91811,918340539,1794,0,0,0
26.2081,91812,918350538,1797,0,0,0
26.2180,91813,918360538,1783,0,0,0
26.2280,91814,918370539,1792,0,0,0
26.2380,91815,918380539,1779,0,0,0
26.2481,91816,918390539,1799,0,0,0
26.2584,91817,918400538,1779,0,0,0
26.2682,91818,918410539,1806,0,0,0
26.2784,91819,918420539,1797,0,0,0
26.2880,91820,918430539,1805,0,0,0
26.2982,91821,918440539,1802,0,0,0
26.3083,91822,918450539,1812,0,0,0
26.3179,91823,918460539,1808,0,0,0
26.3281,91824,918470539,1818,0,0,0
26.3381,91825,918480539,1812,0,0,0
26.3479,91826,918490538,1826,0,0,0
26.3579,91827,918500539,1825,0,0,0
26.3684,91828,918510539,1835,0,0,0
26.3778,91829,918520539,1823,0,0,0
26.3882,91830,918530538,1837,0,0,0
26.3981,91831,918540539,1822,0,0,0
26.4080,91832,918550539,1840,0,0,0
26.4181,91833,918560539,1824,0,0,0
26.4280,91834,918570539,1840,0,0,0
26.4380,91835,918580538,1827,0,0,0
26.4479,91836,918590539,1837,0,0,0
26.4580,91837,918600539,1835,0,0,0
26.4680,91838,918610539,1835,0,0,0
26.4781,91839,918620539,1826,0,0,0
26.4881,91840,918630538,1836,0,0,0
26.4980,91841,918640539,1829,0,0,0
26.5082,91842,918650538,1842,0,0,0
26.5184,91843,918660539,1823,0,0,0
26.5295,91844,918670539,1840,0,0,0
26.5381,91845,918680538,1835,0,0,0
26.5481,91846,918690539,1846,0,0,0
26.5582,91847,918700539,1840,0,0,0
26.5683,91848,918710539,1850,0,0,0
26.5782,91849,918720539,1834,0,0,0
26.5880,91850,918730539,1845,0,0,0
26.5979,91851,918740539,1834,0,0,0
26.6081,91852,918750538,1843,0,0,0
26.6179,91853,918760539,1845,0,0,0
26.6279,91854,918770539,1855,0,0,0
26.6381,91855,918780539,1842,0,0,0
26.6479,91856,918790538,1863,0,0,0
26.6580,91857,918800538,1857,0,0,0
26.6682,91858,918810539,1860,0,0,0
26.6782,91859,918820539,1864,0,0,0
26.6884,91860,918830539,1872,0,0,0
26.6985,91861,918840539,1854,0,0,0
26.7083,91862,918850539,1866,0,0,0
26.7180,91863,918860539,1857,0,0,0
26.7287,91864,918870539,1871,0,0,0
26.7382,91865,918880539,1865,0,0,0
26.7481,91866,918890538,1863,0,0,0
26.7581,91867,918900538,1857,0,0,0
26.7679,91868,918910539,1867,0,0,0
26.7784,91869,918920539,1850,0,0,0
26.7882,91870,918930539,1872,0,0,0
26.7981,91871,918940539,1897,0,0,0
26.8080,91872,918950539,1911,0,0,0
26.8180,91873,918960539,1905,0,0,0
26.8282,91874,918970539,1987,0,0,0
26.8382,91875,918980539,2000,0,0,0
26.8482,91876,918990539,1994,0,0,0
26.8579,91877,919000539,1926,0,0,0
26.8680,91878,919010539,1857,0,0,0
26.8784,91879,919020538,1835,0,0,0
26.8883,91880,919030539,1845,0,0,0
26.8983,91881,919040538,1831,0,0,0
26.9082,91882,919050539,1827,0,0,0
26.9181,91883,919060539,1808,0,0,0
26.9283,91884,919070538,1817,0,0,0
26.9384,91885,919080539,1626,0,0,0
26.9483,91886,919090539,1522,0,0,0
26.9579,91887,919100539,2066,0,0,0
26.9680,91888,919110539,3781,0,0,0
26.9779,91889,919120539,2736,0,0,0
26.9880,91890,919130538,1777,0,0,0
26.9979,91891,919140539,1667,0,0,0
27.0081,91892,919150539,1832,0,0,0
27.0181,91893,919160539,1749,0,0,0
27.0304,91894,919170539,1750,0,0,0
27.0379,91895,919180539,1761,0,0,0
27.0479,91896,919190539,1777,0,0,0
27.0580,91897,919200539,1764,0,0,0
27.0680,91898,919210539,1776,0,0,0
27.0780,91899,919220538,1781,0,0,0
27.0880,91900,919230539,1798,0,0,0
27.0981,91901,919240539,1788,0,0,0
27.1082,91902,919250539,1801,0,0,0
27.1180,91903,919260539,1793,0,0,0
27.1280,91904,919270539,1813,0,0,0
27.1380,91905,919280539,1811,0,0,0
27.1480,91906,919290539,1830,0,0,0
27.1580,91907,919300539,1823,0,0,0
27.1680,91908,919310539,1831,0,0,0
27.1782,91909,919320539,1840,0,0,0
27.1882,91910,919330539,1872,0,0,0
27.1979,91911,919340539,1886,0,0,0
27.2079,91912,919350539,1900,0,0,0
27.2180,91913,919360539,1924,0,0,0
27.2284,91914,919370538,1934,0,0,0
27.2380,91915,919380539,1954,0,0,0
27.2480,91916,919390539,1965,0,0,0
27.2580,91917,919400539,1948,0,0,0
27.2679,91918,919410538,1931,0,0,0
27.2779,91919,919420539,1899,0,0,0
27.2878,91920,919430539,1867,0,0,0
27.2980,91921,919440538,1832,0,0,0
27.3080,91922,919450539,1808,0,0,0
27.3179,91923,919460539,1789,0,0,0
27.3280,91924,919470539,1793,0,0,0
27.3380,91925,919480538,1783,0,0,0
27.3480,91926,919490539,1776,0,0,0
27.3580,91927,919500538,1781,0,0,0
27.3680,91928,919510539,1804,0,0,0
27.3780,91929,919520539,1793,0,0,0
27.3879,91930,919530539,1781,0,0,0
27.3981,91931,919540539,1779,0,0,0
27.4081,91932,919550539,1808,0,0,0
27.4180,91933,919560539,1806,0,0,0
27.4282,91934,919570539,1814,0,0,0
27.4381,91935,919580539,1818,0,0,0
27.4482,91936,919590538,1838,0,0,0
27.4581,91937,919600539,1830,0,0,0
27.4680,91938,919610539,1830,0,0,0
27.4780,91939,919620539,1814,0,0,0
27.4880,91940,919630539,1835,0,0,0
27.4981,91941,919640538,1850,0,0,0
27.5082,91942,919650539,1855,0,0,0
27.5179,91943,919660539,1837,0,0,0
27.5281,91944,919670539,1830,0,0,0
27.5381,91945,919680538,1833,0,0,0
27.5482,91946,919690539,1847,0,0,0
27.5579,91947,919700538,1840,0,0,0
27.5679,91948,919710539,1848,0,0,0
27.5779,91949,919720538,1837,0,0,0
27.5879,91950,919730539,1856,0,0,0
27.5979,91951,919740538,1850,0,0,0
27.6081,91952,919750539,1856,0,0,0
27.6181,91953,919760538,1850,0,0,0
27.6287,91954,919770539,1846,0,0,0
27.6381,91955,919780538,1855,0,0,0
27.6486,91956,919790539,1855,0,0,0
27.6581,91957,919800539,1851,0,0,0
27.6681,91958,919810539,1858,0,0,0
27.6783,91959,919820539,1857,0,0,0
27.6883,91960,919830538,1867,0,0,0
27.6984,91961,919840538,1856,0,0,0
27.7082,91962,919850539,1862,0,0,0
27.7181,91963,919860539,1859,0,0,0
27.7282,91964,919870539,1862,0,0,0
27.7381,91965,919880539,1889,0,0,0
27.7481,91966,919890539,1883,0,0,0
27.7580,91967,919900538,1872,0,0,0
27.7679,91968,919910539,1862,0,0,0
27.7780,91969,919920539,1866,0,0,0
27.7880,91970,919930539,1879,0,0,0
27.7980,91971,919940538,1899,0,0,0
27.8080,91972,919950539,1869,0,0,0
27.8179,91973,919960539,1872,0,0,0
27.8281,91974,919970538,1872,0,0,0
27.8379,91975,919980539,1888,0,0,0
27.8479,91976,919990539,1889,0,0,0
27.8579,91977,920000538,1904,0,0,0
27.8680,91978,920010539,1911,0,0,0
27.8780,91979,920020539,1966,0,0,0
27.8879,91980,920030538,2025,0,0,0
27.8979,91981,920040539,2014,0,0,0
27.9079,91982,920050538,1969,0,0,0
27.9179,91983,920060538,1886,0,0,0
27.9279,91984,920070539,1867,0,0,0
27.9379,91985,920080539,1842,0,0,0
27.9479,91986,920090539,1843,0,0,0
27.9579,91987,920100539,1837,0,0,0
27.9680,91988,920110539,1818,0,0,0
27.9781,91989,920120539,1826,0,0,0
27.9881,91990,920130539,1782,0,0,0
27.9980,91991,920140538,1505,0,0,0
28.0080,91992,920150539,1741,0,0,0
28.0181,91993,920160539,2769,0,0,0
28.0281,91994,920170539,3495,0,0,0
28.0380,91995,920180539,2098,0,0,0
28.0481,91996,920190539,1783,0,0,0
28.0579,91997,920200539,1773,0,0,0
28.0680,91998,920210539,1821,0,0,0
28.0781,91999,920220539,1749,0,0,0
28.0879,92000,920230539,1753,0,0,0
28.0980,92001,920240539,1766,0,0,0
28.1081,92002,920250539,1759,0,0,0
28.1180,92003,920260539,1775,0,0,0
28.1279,92004,920270538,1791,0,0,0
28.1379,92005,920280539,1805,0,0,0
28.1480,92006,920290539,1799,0,0,0
28.1579,92007,920300539,1808,0,0,0
28.1682,92008,920310539,1815,0,0,0
28.1783,92009,920320539,1820,0,0,0
28.1881,92010,920330539,1820,0,0,0
28.1980,92011,920340539,1830,0,0,0
28.2082,92012,920350539,1835,0,0,0
28.2182,92013,920360539,1837,0,0,0
28.2283,92014,920370539,1840,0,0,0
28.2381,92015,920380539,1858,0,0,0
28.2483,92016,920390538,1862,0,0,0
28.2582,92017,920400539,1879,0,0,0
28.2681,92018,920410539,1904,0,0,0
28.2798,92019,920420539,1922,0,0,0
28.2886,92020,920430538,1936,0,0,0
28.2980,92021,920440539,1952,0,0,0
28.3081,92022,920450539,1949,0,0,0
28.3180,92023,920460538,1936,0,0,0
28.3283,92024,920470539,1904,0,0,0
28.3381,92025,920480538,1878,0,0,0
28.3479,92026,920490539,1844,0,0,0
28.3580,92027,920500538,1826,0,0,0
28.3683,92028,920510539,1796,0,0,0
28.3779,92029,920520538,1794,0,0,0
28.3879,92030,920530539,1787,0,0,0
28.3981,92031,920540539,1787,0,0,0
28.4080,92032,920550539,1791,0,0,0
28.4180,92033,920560539,1776,0,0,0
28.4281,92034,920570539,1783,0,0,0
28.4382,92035,920580538,1789,0,0,0
28.4482,92036,920590539,1779,0,0,0
28.4584,92037,920600538,1790,0,0,0
28.4681,92038,920610539,1805,0,0,0
28.4782,92039,920620539,1807,0,0,0
28.4884,92040,920630539,1803,0,0,0
28.4982,92041,920640539,1815,0,0,0
28.5083,92042,920650538,1808,0,0,0
28.5180,92043,920660539,1809,0,0,0
28.5280,92044,920670539,1809,0,0,0
28.5383,92045,920680539,1826,0,0,0
28.5480,92046,920690539,1809,0,0,0
28.5581,92047,920700538,1818,0,0,0
28.5680,92048,920710539,1821,0,0,0
28.5783,92049,920720539,1818,0,0,0
28.5881,92050,920730538,1818,0,0,0
28.5980,92051,920740539,1823,0,0,0
28.6081,92052,920750539,1809,0,0,0
28.6180,92053,920760539,1814,0,0,0
28.6280,92054,920770539,1808,0,0,0
28.6381,92055,920780539,1813,0,0,0
28.6481,92056,920790539,1807,0,0,0
28.6580,92057,920800539,1808,0,0,0
28.6680,92058,920810539,1803,0,0,0
28.6780,92059,920820539,1809,0,0,0
28.6881,92060,920830539,1810,0,0,0
28.6981,92061,920840539,1821,0,0,0
28.7081,92062,920850539,1825,0,0,0
28.7181,92063,920860539,1827,0,0,0
28.7283,92064,920870538,1827,0,0,0
28.7385,92065,920880539,1829,0,0,0
28.7483,92066,920890539,1825,0,0,0
28.7582,92067,920900538,1827,0,0,0
28.7679,92068,920910539,1834,0,0,0
28.7780,92069,920920538,1838,0,0,0
28.7880,92070,920930539,1829,0,0,0
28.7982,92071,920940538,1840,0,0,0
28.8080,92072,920950539,1839,0,0,0
28.8181,92073,920960539,1847,0,0,0
28.8280,92074,920970539,1834,0,0,0
28.8380,92075,920980539,1840,0,0,0
28.8480,92076,920990539,1839,0,0,0
28.8584,92077,921000539,1850,0,0,0
28.8682,92078,921010539,1842,0,0,0
28.8787,92079,921020539,1847,0,0,0
28.8882,92080,921030539,1840,0,0,0
28.8987,92081,921040539,1853,0,0,0
28.9082,92082,921050539,1854,0,0,0
28.9180,92083,921060538,1859,0,0,0
28.9284,92084,921070539,1863,0,0,0
28.9386,92085,921080539,1885,0,0,0
28.9483,92086,921090538,1904,0,0,0
28.9581,92087,921100539,1932,0,0,0
28.9680,92088,921110539,1953,0,0,0
28.9784,92089,921120539,1984,0,0,0
28.9885,92090,921130538,1954,0,0,0
28.9980,92091,921140539,1927,0,0,0
29.0081,92092,921150538,1872,0,0,0
29.0179,92093,921160539,1870,0,0,0
29.0283,92094,921170539,1838,0,0,0
29.0380,92095,921180539,1839,0,0,0
29.0482,92096,921190539,1831,0,0,0
29.0581,92097,921200538,1839,0,0,0
29.0679,92098,921210539,1826,0,0,0
29.0779,92099,921220539,1717,0,0,0
29.0879,92100,921230539,1507,0,0,0
29.0979,92101,921240538,1949,0,0,0
29.1079,92102,921250539,3456,0,0,0
29.1180,92103,921260539,3093,0,0,0
29.1280,92104,921270539,1904,0,0,0
29.1379,92105,921280539,1647,0,0,0
29.1480,92106,921290539,1850,0,0,0
29.1580,92107,921300539,1801,0,0,0
29.1681,92108,921310539,1758,0,0,0
29.1780,92109,921320539,1777,0,0,0
29.1880,92110,921330538,1778,0,0,0
29.1982,92111,921340539,1805,0,0,0
29.2081,92112,921350539,1799,0,0,0
29.2182,92113,921360538,1825,0,0,0
29.2281,92114,921370539,1807,0,0,0
29.2381,92115,921380539,1825,0,0,0
29.2486,92116,921390539,1827,0,0,0
29.2586,92117,921400539,1837,0,0,0
29.2680,92118,921410539,1841,0,0,0
29.2783,92119,921420539,1856,0,0,0
29.2885,92120,921430538,1856,0,0,0
29.2990,92121,921440539,1872,0,0,0
29.3083,92122,921450539,1872,0,0,0
29.3181,92123,921460538,1888,0,0,0
29.3280,92124,921470539,1897,0,0,0
29.3380,92125,921480539,1922,0,0,0
29.3479,92126,921490539,1927,0,0,0
29.3580,92127,921500538,1962,0,0,0
29.3680,92128,921510538,1968,0,0,0
29.3780,92129,921520538,1997,0,0,0
29.3880,92130,921530538,1983,0,0,0
29.3980,92131,921540539,1982,0,0,0
29.4082,92132,921550539,1958,0,0,0
29.4181,92133,921560539,1947,0,0,0
29.4282,92134,921570539,1888,0,0,0
29.4382,92135,921580539,1872,0,0,0
29.4483,92136,921590539,1840,0,0,0
29.4583,92137,921600539,1831,0,0,0
29.4681,92138,921610539,1825,0,0,0
29.4783,92139,921620538,1831,0,0,0
29.4882,92140,921630539,1824,0,0,0
29.4986,92141,921640538,1820,0,0,0
29.5081,92142,921650539,1810,0,0,0
29.5179,92143,921660539,1818,0,0,0
29.5287,92144,921670538,1818,0,0,0
29.5381,92145,921680539,1830,0,0,0
29.5481,92146,921690539,1824,0,0,0
29.5581,92147,921700539,1839,0,0,0
29.5680,92148,921710539,1833,0,0,0
29.5780,92149,921720538,1851,0,0,0
29.5879,92150,921730539,1840,0,0,0
29.5981,92151,921740539,1840,0,0,0
29.6081,92152,921750538,1836,0,0,0
29.6180,92153,921760539,1845,0,0,0
29.6281,92154,921770539,1831,0,0,0
29.6384,92155,921780539,1849,0,0,0
29.6487,92156,921790538,1844,0,0,0
29.6582,92157,921800539,1850,0,0,0
29.6681,92158,921810539,1841,0,0,0
29.6781,92159,921820538,1857,0,0,0
29.6882,92160,921830539,1842,0,0,0
29.6980,92161,921840539,1855,0,0,0
29.7080,92162,921850539,1843,0,0,0
29.7180,92163,921860538,1856,0,0,0
29.7282,92164,921870539,1845,0,0,0
29.7386,92165,921880539,1855,0,0,0
29.7481,92166,921890539,1850,0,0,0
29.7579,92167,921900538,1851,0,0,0
29.7690,92168,921910539,1844,0,0,0
29.7780,92169,921920539,1861,0,0,0
29.7880,92170,921930538,1844,0,0,0
29.7982,92171,921940539,1851,0,0,0
29.8081,92172,921950539,1843,0,0,0
29.8190,92173,921960538,1863,0,0,0
29.8282,92174,921970539,1849,0,0,0
29.8380,92175,921980539,1862,0,0,0
29.8481,92176,921990539,1851,0,0,0
29.8581,92177,922000539,1856,0,0,0
29.8680,92178,922010539,1845,0,0,0
29.8780,92179,922020539,1869,0,0,0
29.8882,92180,922030538,1863,0,0,0
29.8981,92181,922040539,1858,0,0,0
29.9080,92182,922050539,1846,0,0,0
29.9181,92183,922060539,1858,0,0,0
29.9281,92184,922070539,1846,0,0,0
29.9380,92185,922080539,1863,0,0,0
29.9481,92186,922090539,1867,0,0,0
29.9579,92187,922100539,1870,0,0,0
29.9678,92188,922110538,1843,0,0,0
29.9780,92189,922120539,1858,0,0,0
29.9883,92190,922130539,1870,0,0,0
29.9983,92191,922140538,1866,0,0,0
30.0113,92192,922150539,1846,0,0,0
30.0190,92193,922160539,1875,0,0,0
30.0294,92194,922170539,1882,0,0,0
30.0380,92195,922180538,1904,0,0,0
30.0483,92196,922190539,1921,0,0,0
30.0579,92197,922200539,1939,0,0,0
30.0691,92198,922210539,1977,0,0,0
30.0829,92199,922220539,1951,0,0,0
30.0878,92200,922230539,1915,0,0,0
30.0980,92201,922240539,1872,0,0,0
30.1079,92202,922250539,1841,0,0,0
30.1181,92203,922260539,1855,0,0,0
30.1279,92204,922270539,1828,0,0,0
30.1379,92205,922280539,1824,0,0,0
30.1479,92206,922290539,1825,0,0,0
30.1581,92207,922300539,1835,0,0,0
30.1680,92208,922310539,1786,0,0,0
30.1779,92209,922320539,1529,0,0,0
30.1895,92210,922330538,1670,0,0,0
30.1988,92211,922340539,2662,0,0,0
30.2111,92212,922350538,3691,0,0,0
30.2183,92213,922360539,2205,0,0,0
30.2307,92214,922370539,1670,0,0,0
30.2379,92215,922380539,1776,0,0,0
30.2479,92216,922390539,1803,0,0,0
30.2579,92217,922400539,1746,0,0,0
30.2679,92218,922410539,1756,0,0,0
30.2791,92219,922420539,1776,0,0,0
30.2880,92220,922430539,1776,0,0,0
30.2979,92221,922440539,1792,0,0,0
30.3081,92222,922450539,1787,0,0,0
30.3180,92223,922460538,1799,0,0,0
30.3279,92224,922470539,1798,0,0,0
30.3381,92225,922480538,1813,0,0,0
30.3481,92226,922490539,1791,0,0,0
30.3628,92227,922500539,1809,0,0,0
30.3709,92228,922510539,1808,0,0,0
30.3779,92229,922520538,1828,0,0,0
30.3926,92230,922530539,1819,0,0,0
30.3979,92231,922540539,1843,0,0,0
30.4079,92232,922550539,1840,0,0,0
30.4179,92233,922560538,1871,0,0,0
30.4279,92234,922570539,1877,0,0,0
30.4379,92235,922580539,1894,0,0,0
30.4480,92236,922590538,1910,0,0,0
30.4579,92237,922600539,1940,0,0,0
30.4679,92238,922610539,1934,0,0,0
30.4780,92239,922620539,1968,0,0,0
30.4879,92240,922630539,1967,0,0,0
30.4980,92241,922640539,1964,0,0,0
30.5081,92242,922650539,1909,0,0,0
30.5180,92243,922660539,1849,0,0,0
30.5303,92244,922670539,1841,0,0,0
30.5384,92245,922680538,1822,0,0,0
30.5491,92246,922690539,1793,0,0,0
30.5591,92247,922700539,1797,0,0,0
30.5679,92248,922710539,1771,0,0,0
30.5815,92249,922720539,1778,0,0,0
30.5882,92250,922730539,1782,0,0,0
30.5979,92251,922740539,1773,0,0,0
30.6078,92252,922750538,1797,0,0,0
30.6179,92253,922760538,1777,0,0,0
30.6280,92254,922770539,1776,0,0,0
30.6379,92255,922780539,1790,0,0,0
30.6479,92256,922790538,1793,0,0,0
30.6579,92257,922800539,1793,0,0,0
30.6679,92258,922810539,1803,0,0,0
30.6823,92259,922820538,1813,0,0,0
30.6883,92260,922830539,1801,0,0,0
30.7014,92261,922840538,1817,0,0,0
30.7118,92262,922850539,1806,0,0,0
30.7179,92263,922860539,1815,0,0,0
30.7337,92264,922870539,1815,0,0,0
30.7381,92265,922880538,1817,0,0,0
30.7486,92266,922890539,1825,0,0,0
30.7579,92267,922900538,1835,0,0,0
30.7680,92268,922910539,1808,0,0,0
30.7782,92269,922920539,1813,0,0,0
30.7881,92270,922930539,1846,0,0,0
30.7981,92271,922940539,1827,0,0,0
30.8081,92272,922950539,1820,0,0,0
30.8180,92273,922960539,1826,0,0,0
30.8281,92274,922970539,1830,0,0,0
30.8380,92275,922980539,1830,0,0,0
30.8479,92276,922990539,1818,0,0,0
30.8580,92277,923000538,1810,0,0,0
30.8679,92278,923010539,1818,0,0,0
30.8779,92279,923020539,1813,0,0,0
30.8881,92280,923030538,1812,0,0,0
30.8980,92281,923040539,1843,0,0,0
30.9079,92282,923050539,1815,0,0,0
30.9180,92283,923060539,1827,0,0,0
30.9279,92284,923070538,1843,0,0,0
30.9379,92285,923080539,1840,0,0,0
30.9481,92286,923090538,1827,0,0,0
30.9579,92287,923100539,1843,0,0,0
30.9679,92288,923110539,1838,0,0,0
30.9781,92289,923120539,1844,0,0,0
30.9879,92290,923130539,1838,0,0,0
30.9979,92291,923140538,1843,0,0,0
31.0080,92292,923150539,1843,0,0,0
31.0179,92293,923160539,1859,0,0,0
31.0280,92294,923170539,1840,0,0,0
31.0379,92295,923180538,1847,0,0,0
31.0479,92296,923190539,1849,0,0,0
31.0580,92297,923200539,1877,0,0,0
31.0681,92298,923210539,1904,0,0,0
31.0779,92299,923220539,1917,0,0,0
31.0879,92300,923230539,1966,0,0,0
31.0980,92301,923240539,1979,0,0,0
31.1079,92302,923250539,1934,0,0,0
31.1179,92303,923260539,1883,0,0,0
31.1279,92304,923270539,1839,0,0,0
31.1379,92305,923280538,1838,0,0,0
31.1479,92306,923290539,1815,0,0,0
31.1580,92307,923300539,1809,0,0,0
31.1679,92308,923310539,1815,0,0,0
31.1780,92309,923320539,1808,0,0,0
31.1880,92310,923330539,1805,0,0,0
31.1979,92311,923340538,1682,0,0,0
31.2079,92312,923350539,1486,0,0,0
31.2179,92313,923360539,1937,0,0,0
31.2279,92314,923370539,3345,0,0,0
31.2379,92315,923380539,2918,0,0,0
31.2480,92316,923390539,1915,0,0,0
31.2579,92317,923400539,1712,0,0,0
31.2679,92318,923410539,1781,0,0,0
31.2778,92319,923420539,1774,0,0,0
31.2879,92320,923430539,1743,0,0,0
31.2980,92321,923440539,1744,0,0,0
31.3079,92322,923450539,1750,0,0,0
31.3179,92323,923460538,1761,0,0,0
31.3279,92324,923470539,1765,0,0,0
31.3379,92325,923480539,1774,0,0,0
31.3479,92326,923490538,1776,0,0,0
31.3578,92327,923500539,1792,0,0,0
31.3680,92328,923510539,1776,0,0,0
31.3779,92329,923520538,1795,0,0,0
31.3879,92330,923530539,1798,0,0,0
31.3981,92331,923540538,1803,0,0,0
31.4078,92332,923550539,1810,0,0,0
31.4179,92333,923560539,1813,0,0,0
31.4280,92334,923570539,1819,0,0,0
31.4380,92335,923580539,1837,0,0,0
31.4481,92336,923590539,1851,0,0,0
31.4581,92337,923600539,1872,0,0,0
31.4679,92338,923610539,1892,0,0,0
31.4779,92339,923620539,1922,0,0,0
31.4879,92340,923630539,1936,0,0,0
31.4980,92341,923640539,1949,0,0,0
31.5079,92342,923650539,1953,0,0,0
31.5180,92343,923660539,1955,0,0,0
31.5287,92344,923670538,1924,0,0,0
31.5379,92345,923680539,1907,0,0,0
31.5480,92346,923690539,1873,0,0,0
31.5579,92347,923700539,1851,0,0,0
31.5678,92348,923710538,1824,0,0,0
31.5779,92349,923720538,1813,0,0,0
31.5879,92350,923730539,1813,0,0,0
31.5979,92351,923740538,1807,0,0,0
31.6079,92352,923750539,1793,0,0,0
31.6179,92353,923760539,1798,0,0,0
31.6280,92354,923770538,1803,0,0,0
31.6381,92355,923780539,1799,0,0,0
31.6480,92356,923790539,1805,0,0,0
31.6580,92357,923800539,1808,0,0,0
31.6680,92358,923810538,1811,0,0,0
31.6779,92359,923820538,1815,0,0,0
31.6880,92360,923830539,1819,0,0,0
31.6979,92361,923840539,1834,0,0,0
31.7078,92362,923850538,1829,0,0,0
31.7190,92363,923860538,1830,0,0,0
31.7280,92364,923870539,1843,0,0,0
31.7379,92365,923880539,1843,0,0,0
31.7479,92366,923890539,1847,0,0,0
31.7579,92367,923900539,1837,0,0,0
31.7680,92368,923910539,1840,0,0,0
31.7781,92369,923920539,1841,0,0,0
31.7879,92370,923930539,1844,0,0,0
31.7979,92371,923940539,1840,0,0,0
31.8081,92372,923950538,1838,0,0,0
31.8179,92373,923960539,1821,0,0,0
31.8280,92374,923970539,1830,0,0,0
31.8382,92375,923980539,1834,0,0,0
31.8480,92376,923990539,1829,0,0,0
31.8580,92377,924000539,1843,0,0,0
31.8679,92378,924010538,1840,0,0,0
31.8781,92379,924020538,1840,0,0,0
31.8881,92380,924030539,1840,0,0,0
31.8980,92381,924040539,1827,0,0,0
31.9080,92382,924050539,1840,0,0,0
31.9180,92383,924060539,1834,0,0,0
31.9280,92384,924070538,1840,0,0,0
31.9380,92385,924080539,1839,0,0,0
31.9480,92386,924090539,1846,0,0,0
31.9581,92387,924100539,1843,0,0,0
31.9679,92388,924110539,1848,0,0,0
31.9781,92389,924120538,1841,0,0,0
31.9880,92390,924130539,1841,0,0,0
31.9981,92391,924140539,1850,0,0,0
32.0082,92392,924150539,1851,0,0,0
32.0180,92393,924160539,1849,0,0,0
32.0288,92394,924170539,1851,0,0,0
32.0381,92395,924180539,1856,0,0,0
32.0481,92396,924190539,1852,0,0,0
32.0580,92397,924200539,1853,0,0,0
32.0680,92398,924210539,1855,0,0,0
32.0779,92399,924220539,1856,0,0,0
32.0880,92400,924230539,1846,0,0,0
32.0979,92401,924240539,1853,0,0,0
32.1079,92402,924250539,1856,0,0,0
32.1179,92403,924260539,1855,0,0,0
32.1280,92404,924270539,1871,0,0,0
32.1379,92405,924280539,1897,0,0,0
32.1480,92406,924290539,1929,0,0,0
32.1585,92407,924300539,1930,0,0,0
32.1679,92408,924310538,1983,0,0,0
32.1780,92409,924320538,1962,0,0,0
32.1881,92410,924330539,1934,0,0,0
32.1980,92411,924340538,1882,0,0,0
32.2081,92412,924350539,1855,0,0,0
32.2179,92413,924360538,1831,0,0,0
32.2279,92414,924370539,1829,0,0,0
32.2380,92415,924380538,1821,0,0,0
32.2479,92416,924390539,1819,0,0,0
32.2579,92417,924400539,1812,0,0,0
32.2679,92418,924410539,1817,0,0,0
32.2779,92419,924420538,1599,0,0,0
32.2888,92420,924430539,1535,0,0,0
32.2980,92421,924440539,2169,0,0,0
32.3079,92422,924450539,3893,0,0,0
32.3179,92423,924460539,2649,0,0,0
32.3283,92424,924470539,1721,0,0,0
32.3379,92425,924480539,1679,0,0,0
32.3480,92426,924490539,1836,0,0,0
32.3579,92427,924500538,1732,0,0,0
32.3680,92428,924510539,1741,0,0,0
32.3779,92429,924520539,1755,0,0,0
32.3880,92430,924530539,1759,0,0,0
32.3979,92431,924540538,1759,0,0,0
32.4080,92432,924550539,1776,0,0,0
32.4180,92433,924560539,1776,0,0,0
32.4280,92434,924570539,1785,0,0,0
32.4380,92435,924580539,1775,0,0,0
32.4480,92436,924590539,1795,0,0,0
32.4579,92437,924600539,1807,0,0,0
32.4679,92438,924610539,1809,0,0,0
32.4780,92439,924620539,1807,0,0,0
32.4879,92440,924630539,1822,0,0,0
32.4979,92441,924640538,1839,0,0,0
32.5080,92442,924650539,1847,0,0,0
32.5178,92443,924660539,1855,0,0,0
32.5283,92444,924670538,1865,0,0,0
32.5379,92445,924680539,1889,0,0,0
32.5482,92446,924690539,1916,0,0,0
32.5579,92447,924700538,1934,0,0,0
32.5679,92448,924710539,1935,0,0,0
32.5779,92449,924720539,1947,0,0,0
32.5879,92450,924730538,1958,0,0,0
32.5980,92451,924740539,1948,0,0,0
32.6080,92452,924750539,1921,0,0,0
32.6184,92453,924760539,1898,0,0,0
32.6280,92454,924770539,1866,0,0,0
32.6379,92455,924780539,1831,0,0,0
32.6480,92456,924790539,1819,0,0,0
32.6579,92457,924800539,1795,0,0,0
32.6680,92458,924810539,1795,0,0,0
32.6779,92459,924820539,1788,0,0,0
32.6880,92460,924830539,1802,0,0,0
32.6979,92461,924840539,1798,0,0,0
32.7079,92462,924850539,1798,0,0,0
32.7181,92463,924860538,1795,0,0,0
32.7279,92464,924870539,1805,0,0,0
32.7379,92465,924880539,1803,0,0,0
32.7481,92466,924890538,1817,0,0,0
32.7581,92467,924900539,1807,0,0,0
32.7680,92468,924910539,1823,0,0,0
32.7779,92469,924920539,1821,0,0,0
32.7881,92470,924930538,1834,0,0,0
32.7979,92471,924940539,1819,0,0,0
32.8080,92472,924950539,1838,0,0,0
32.8180,92473,924960539,1822,0,0,0
32.8279,92474,924970538,1833,0,0,0
32.8379,92475,924980539,1825,0,0,0
32.8479,92476,924990539,1842,0,0,0
32.8579,92477,925000539,1833,0,0,0
32.8679,92478,925010538,1840,0,0,0
32.8779,92479,925020538,1824,0,0,0
32.8879,92480,925030539,1837,0,0,0
32.8979,92481,925040539,1835,0,0,0
32.9079,92482,925050539,1838,0,0,0
32.9180,92483,925060539,1833,0,0,0
32.9280,92484,925070539,1843,0,0,0
32.9379,92485,925080539,1823,0,0,0
32.9480,92486,925090538,1840,0,0,0
32.9579,92487,925100539,1843,0,0,0
32.9679,92488,925110539,1835,0,0,0
32.9781,92489,925120539,1834,0,0,0
32.9880,92490,925130539,1850,0,0,0
32.9979,92491,925140538,1837,0,0,0
33.0081,92492,925150539,1843,0,0,0
33.0180,92493,925160538,1840,0,0,0
33.0294,92494,925170539,1849,0,0,0
33.0381,92495,925180538,1846,0,0,0
33.0479,92496,925190539,1859,0,0,0
33.0579,92497,925200539,1849,0,0,0
33.0680,92498,925210538,1868,0,0,0
33.0778,92499,925220538,1856,0,0,0
33.0878,92500,925230539,1859,0,0,0
33.0980,92501,925240538,1868,0,0,0
33.1078,92502,925250539,1872,0,0,0
33.1179,92503,925260538,1850,0,0,0
33.1279,92504,925270539,1855,0,0,0
33.1379,92505,925280539,1841,0,0,0
33.1479,92506,925290539,1864,0,0,0
33.1581,92507,925300538,1850,0,0,0
33.1680,92508,925310539,1865,0,0,0
33.1779,92509,925320539,1862,0,0,0
33.1881,92510,925330539,1843,0,0,0
33.1981,92511,925340539,1859,0,0,0
33.2079,92512,925350539,1862,0,0,0
33.2181,92513,925360539,1843,0,0,0
33.2279,92514,925370539,1876,0,0,0
33.2378,92515,925380539,1857,0,0,0
33.2479,92516,925390539,1872,0,0,0
33.2578,92517,925400538,1866,0,0,0
33.2679,92518,925410539,1878,0,0,0
33.2788,92519,925420539,1882,0,0,0
33.2878,92520,925430538,1920,0,0,0
33.2978,92521,925440539,1931,0,0,0
33.3080,92522,925450539,1965,0,0,0
33.3179,92523,925460539,1968,0,0,0
33.3279,92524,925470539,1955,0,0,0
33.3384,92525,925480539,1918,0,0,0
33.3479,92526,925490539,1869,0,0,0
33.3579,92527,925500538,1831,0,0,0
33.3680,92528,925510539,1839,0,0,0
33.3779,92529,925520538,1822,0,0,0
33.3879,92530,925530539,1818,0,0,0
33.3980,92531,925540539,1808,0,0,0
33.4079,92532,925550539,1811,0,0,0
33.4180,92533,925560538,1749,0,0,0
33.4281,92534,925570539,1477,0,0,0
33.4381,92535,925580538,1793,0,0,0
33.4481,92536,925590539,3081,0,0,0
33.4582,92537,925600539,3250,0,0,0
33.4679,92538,925610539,1997,0,0,0
33.4782,92539,925620539,1607,0,0,0
33.4884,92540,925630539,1791,0,0,0
33.4980,92541,925640539,1757,0,0,0
33.5080,92542,925650538,1727,0,0,0
33.5181,92543,925660538,1728,0,0,0
33.5279,92544,925670539,1744,0,0,0
33.5379,92545,925680538,1734,0,0,0
33.5478,92546,925690539,1756,0,0,0
33.5579,92547,925700538,1744,0,0,0
33.5679,92548,925710539,1765,0,0,0
33.5780,92549,925720539,1765,0,0,0
33.5878,92550,925730539,1774,0,0,0
33.5978,92551,925740538,1766,0,0,0
33.6079,92552,925750539,1785,0,0,0
33.6186,92553,925760539,1771,0,0,0
33.6278,92554,925770539,1811,0,0,0
33.6379,92555,925780538,1787,0,0,0
33.6479,92556,925790539,1808,0,0,0
33.6579,92557,925800539,1817,0,0,0
33.6681,92558,925810539,1857,0,0,0
33.6781,92559,925820539,1861,0,0,0
33.6881,92560,925830539,1879,0,0,0
33.6981,92561,925840539,1888,0,0,0
33.7081,92562,925850539,1926,0,0,0
33.7180,92563,925860538,1941,0,0,0
33.7280,92564,925870539,1968,0,0,0
33.7379,92565,925880539,1956,0,0,0
33.7479,92566,925890539,1922,0,0,0
33.7580,92567,925900538,1885,0,0,0
33.7680,92568,925910539,1878,0,0,0
33.7781,92569,925920538,1817,0,0,0
33.7883,92570,925930539,1796,0,0,0
33.7981,92571,925940539,1778,0,0,0
33.8080,92572,925950539,1778,0,0,0
33.8180,92573,925960538,1776,0,0,0
33.8281,92574,925970539,1793,0,0,0
33.8379,92575,925980539,1763,0,0,0
33.8481,92576,925990539,1763,0,0,0
33.8580,92577,926000539,1764,0,0,0
33.8679,92578,926010539,1790,0,0,0
33.8782,92579,926020538,1776,0,0,0
33.8883,92580,926030539,1779,0,0,0
33.8986,92581,926040539,1787,0,0,0
33.9081,92582,926050539,1793,0,0,0
33.9180,92583,926060539,1790,0,0,0
33.9282,92584,926070538,1808,0,0,0
33.9383,92585,926080538,1814,0,0,0
33.9478,92586,926090539,1835,0,0,0
33.9585,92587,926100539,1820,0,0,0
33.9680,92588,926110539,1830,0,0,0
33.9781,92589,926120539,1823,0,0,0
33.9883,92590,926130539,1837,0,0,0
33.9983,92591,926140538,1831,0,0,0
34.0080,92592,926150539,1835,0,0,0
34.0179,92593,926160539,1824,0,0,0
34.0290,92594,926170538,1827,0,0,0
34.0380,92595,926180539,1826,0,0,0
34.0483,92596,926190539,1839,0,0,0
34.0579,92597,926200539,1840,0,0,0
34.0678,92598,926210539,1851,0,0,0
34.0780,92599,926220538,1840,0,0,0
34.0879,92600,926230539,1830,0,0,0
34.0978,92601,926240539,1840,0,0,0
34.1079,92602,926250539,1861,0,0,0
34.1193,92603,926260539,1827,0,0,0
34.1280,92604,926270538,1855,0,0,0
34.1379,92605,926280539,1838,0,0,0
34.1479,92606,926290539,1856,0,0,0
34.1579,92607,926300538,1843,0,0,0
34.1679,92608,926310539,1851,0,0,0
34.1780,92609,926320539,1842,0,0,0
34.1881,92610,926330539,1851,0,0,0
34.1981,92611,926340539,1847,0,0,0
34.2081,92612,926350539,1851,0,0,0
34.2181,92613,926360539,1856,0,0,0
34.2282,92614,926370538,1850,0,0,0
34.2379,92615,926380539,1846,0,0,0
34.2485,92616,926390539,1859,0,0,0
34.2586,92617,926400539,1842,0,0,0
34.2680,92618,926410538,1856,0,0,0
34.2784,92619,926420539,1855,0,0,0
34.2881,92620,926430539,1857,0,0,0
34.2979,92621,926440538,1856,0,0,0
34.3079,92622,926450539,1865,0,0,0
34.3178,92623,926460539,1853,0,0,0
34.3279,92624,926470539,1858,0,0,0
34.3381,92625,926480539,1851,0,0,0
34.3478,92626,926490538,1861,0,0,0
34.3579,92627,926500539,1847,0,0,0
34.3680,92628,926510539,1865,0,0,0
34.3779,92629,926520539,1865,0,0,0
34.3879,92630,926530539,1869,0,0,0
34.3980,92631,926540539,1879,0,0,0
34.4081,92632,926550538,1904,0,0,0
34.4181,92633,926560538,1902,0,0,0
34.4282,92634,926570539,1945,0,0,0
34.4379,92635,926580539,1958,0,0,0
34.4483,92636,926590539,1942,0,0,0
34.4585,92637,926600539,1883,0,0,0
34.4681,92638,926610539,1847,0,0,0
34.4781,92639,926620539,1829,0,0,0
34.4880,92640,926630539,1831,0,0,0
34.4983,92641,926640538,1809,0,0,0
34.5084,92642,926650539,1808,0,0,0
34.5186,92643,926660539,1806,0,0,0
34.5288,92644,926670539,1821,0,0,0
34.5380,92645,926680539,1738,0,0,0
34.5479,92646,926690539,1481,0,0,0
34.5579,92647,926700539,1817,0,0,0
34.5679,92648,926710538,3088,0,0,0
34.5780,92649,926720539,3237,0,0,0
34.5879,92650,926730539,1987,0,0,0
34.5979,92651,926740539,1648,0,0,0
34.6078,92652,926750539,1794,0,0,0
34.6179,92653,926760539,1778,0,0,0
34.6280,92654,926770538,1736,0,0,0
34.6380,92655,926780539,1744,0,0,0
34.6478,92656,926790539,1753,0,0,0
34.6579,92657,926800539,1763,0,0,0
34.6680,92658,926810539,1780,0,0,0
34.6781,92659,926820538,1778,0,0,0
34.6881,92660,926830539,1791,0,0,0
34.6981,92661,926840539,1790,0,0,0
34.7082,92662,926850538,1799,0,0,0
34.7180,92663,926860538,1797,0,0,0
34.7279,92664,926870539,1802,0,0,0
34.7378,92665,926880539,1806,0,0,0
34.7481,92666,926890539,1823,0,0,0
34.7580,92667,926900539,1824,0,0,0
34.7681,92668,926910539,1834,0,0,0
34.7790,92669,926920539,1834,0,0,0
34.7885,92670,926930538,1845,0,0,0
34.7981,92671,926940539,1861,0,0,0
34.8081,92672,926950539,1889,0,0,0
34.8180,92673,926960539,1895,0,0,0
34.8280,92674,926970539,1922,0,0,0
34.8380,92675,926980539,1947,0,0,0
34.8481,92676,926990539,1947,0,0,0
34.8582,92677,927000539,1939,0,0,0
34.8680,92678,927010538,1934,0,0,0
34.8779,92679,927020539,1904,0,0,0
34.8880,92680,927030539,1879,0,0,0
34.8981,92681,927040538,1842,0,0,0
34.9080,92682,927050539,1814,0,0,0
34.9179,92683,927060539,1808,0,0,0
34.9281,92684,927070538,1788,0,0,0
34.9381,92685,927080539,1791,0,0,0
34.9482,92686,927090539,1792,0,0,0
34.9579,92687,927100539,1782,0,0,0
34.9679,92688,927110538,1782,0,0,0
34.9779,92689,927120538,1789,0,0,0
34.9879,92690,927130539,1792,0,0,0
34.9978,92691,927140539,1787,0,0,0
35.0079,92692,927150538,1792,0,0,0
35.0182,92693,927160539,1804,0,0,0
35.0278,92694,927170539,1817,0,0,0
35.0388,92695,927180539,1811,0,0,0
35.0479,92696,927190539,1823,0,0,0
35.0578,92697,927200538,1821,0,0,0
35.0679,92698,927210539,1831,0,0,0
35.0778,92699,927220539,1831,0,0,0
35.0879,92700,927230539,1834,0,0,0
35.0979,92701,927240538,1826,0,0,0
35.1079,92702,927250539,1840,0,0,0
35.1180,92703,927260538,1839,0,0,0
35.1280,92704,927270539,1849,0,0,0
35.1378,92705,927280539,1845,0,0,0
35.1481,92706,927290539,1838,0,0,0
35.1578,92707,927300539,1851,0,0,0
35.1680,92708,927310538,1875,0,0,0
35.1781,92709,927320539,1805,0,0,0
35.1881,92710,927330539,1817,0,0,0
35.1981,92711,927340539,1819,0,0,0
35.2081,92712,927350539,1819,0,0,0
35.2180,92713,927360539,1821,0,0,0
35.2283,92714,927370539,1836,0,0,0
35.2379,92715,927380538,1827,0,0,0
35.2479,92716,927390539,1836,0,0,0
35.2578,92717,927400538,1840,0,0,0
35.2678,92718,927410539,1842,0,0,0
35.2801,92719,927420539,1840,0,0,0
35.2878,92720,927430538,1839,0,0,0
35.2978,92721,927440539,1840,0,0,0
35.3078,92722,927450539,1840,0,0,0
35.3178,92723,927460539,1835,0,0,0
35.3279,92724,927470539,1838,0,0,0
35.3379,92725,927480539,1835,0,0,0
35.3479,92726,927490538,1831,0,0,0
35.3580,92727,927500538,1829,0,0,0
35.3680,92728,927510539,1831,0,0,0
35.3780,92729,927520539,1823,0,0,0
35.3879,92730,927530539,1829,0,0,0
35.3979,92731,927540538,1822,0,0,0
35.4078,92732,927550539,1819,0,0,0
35.4180,92733,927560539,1821,0,0,0
35.4278,92734,927570539,1825,0,0,0
35.4380,92735,927580538,1819,0,0,0
35.4480,92736,927590539,1827,0,0,0
35.4581,92737,927600539,1812,0,0,0
35.4679,92738,927610539,1815,0,0,0
35.4779,92739,927620538,1808,0,0,0
35.4878,92740,927630539,1821,0,0,0
35.4978,92741,927640539,1821,0,0,0
35.5078,92742,927650539,1827,0,0,0
35.5181,92743,927660538,1841,0,0,0
35.5278,92744,927670539,1843,0,0,0
35.5387,92745,927680538,1849,0,0,0
35.5479,92746,927690539,1840,0,0,0
35.5578,92747,927700539,1855,0,0,0
35.5688,92748,927710539,1885,0,0,0
35.5779,92749,927720538,1888,0,0,0
35.5879,92750,927730539,1906,0,0,0
35.5978,92751,927740539,1957,0,0,0
35.6079,92752,927750539,1933,0,0,0
35.6179,92753,927760539,1905,0,0,0
35.6281,92754,927770539,1849,0,0,0
35.6380,92755,927780539,1829,0,0,0
35.6481,92756,927790539,1809,0,0,0
35.6581,92757,927800539,1809,0,0,0
35.6681,92758,927810539,1803,0,0,0
35.6780,92759,927820538,1797,0,0,0
35.6880,92760,927830539,1802,0,0,0
35.6982,92761,927840539,1794,0,0,0
35.7081,92762,927850538,1507,0,0,0
35.7178,92763,927860538,1607,0,0,0
35.7279,92764,927870539,2485,0,0,0
35.7378,92765,927880539,3829,0,0,0
35.7478,92766,927890539,2286,0,0,0
35.7579,92767,927900539,1611,0,0,0
35.7685,92768,927910539,1740,0,0,0
35.7779,92769,927920539,1799,0,0,0
35.7882,92770,927930539,1735,0,0,0
35.7979,92771,927940538,1745,0,0,0
35.8079,92772,927950539,1750,0,0,0
35.8181,92773,927960538,1762,0,0,0
35.8282,92774,927970539,1762,0,0,0
35.8380,92775,927980539,1775,0,0,0
35.8482,92776,927990539,1778,0,0,0
35.8581,92777,928000539,1785,0,0,0
35.8681,92778,928010538,1795,0,0,0
35.8781,92779,928020539,1793,0,0,0
35.8880,92780,928030539,1792,0,0,0
35.8979,92781,928040538,1808,0,0,0
35.9079,92782,928050539,1811,0,0,0
35.9178,92783,928060539,1826,0,0,0
35.9283,92784,928070539,1831,0,0,0
35.9383,92785,928080539,1840,0,0,0
35.9479,92786,928090539,1846,0,0,0
35.9581,92787,928100538,1863,0,0,0
35.9679,92788,928110539,1881,0,0,0
35.9783,92789,928120538,1907,0,0,0
35.9883,92790,928130539,1931,0,0,0
35.9983,92791,928140539,1949,0,0,0
36.0081,92792,928150539,1958,0,0,0
36.0215,92793,928160539,1968,0,0,0
36.0279,92794,928170539,1953,0,0,0
36.0380,92795,928180539,1923,0,0,0
36.0478,92796,928190539,1888,0,0,0
36.0581,92797,928200539,1843,0,0,0
36.0684,92798,928210539,1823,0,0,0
36.0779,92799,928220538,1805,0,0,0
36.0879,92800,928230539,1783,0,0,0
36.0978,92801,928240538,1791,0,0,0
36.1079,92802,928250539,1786,0,0,0
36.1180,92803,928260539,1773,0,0,0
36.1281,92804,928270538,1776,0,0,0
36.1378,92805,928280539,1775,0,0,0
36.1481,92806,928290539,1777,0,0,0
36.1580,92807,928300539,1798,0,0,0
36.1680,92808,928310539,1785,0,0,0
36.1782,92809,928320539,1791,0,0,0
36.1881,92810,928330539,1791,0,0,0
36.1981,92811,928340539,1806,0,0,0
36.2082,92812,928350539,1806,0,0,0
36.2180,92813,928360539,1827,0,0,0
36.2281,92814,928370539,1818,0,0,0
36.2381,92815,928380538,1827,0,0,0
36.2481,92816,928390538,1815,0,0,0
36.2581,92817,928400539,1827,0,0,0
36.2685,92818,928410539,1829,0,0,0
36.2780,92819,928420538,1840,0,0,0
36.2881,92820,928430539,1835,0,0,0
36.2980,92821,928440539,1838,0,0,0
36.3081,92822,928450539,1840,0,0,0
36.3191,92823,928460539,1845,0,0,0
36.3279,92824,928470539,1834,0,0,0
36.3378,92825,928480538,1838,0,0,0
36.3478,92826,928490539,1846,0,0,0
36.3579,92827,928500539,1841,0,0,0
36.3679,92828,928510539,1835,0,0,0
36.3779,92829,928520539,1847,0,0,0
36.3879,92830,928530539,1835,0,0,0
36.3979,92831,928540539,1840,0,0,0
36.4080,92832,928550539,1842,0,0,0
36.4179,92833,928560539,1845,0,0,0
36.4278,92834,928570538,1845,0,0,0
36.4378,92835,928580539,1846,0,0,0
36.4480,92836,928590539,1827,0,0,0
36.4581,92837,928600539,1853,0,0,0
36.4680,92838,928610539,1838,0,0,0
36.4781,92839,928620538,1846,0,0,0
36.4881,92840,928630539,1834,0,0,0
36.4981,92841,928640539,1854,0,0,0
36.5082,92842,928650539,1855,0,0,0
36.5179,92843,928660539,1870,0,0,0
36.5287,92844,928670538,1843,0,0,0
36.5382,92845,928680539,1867,0,0,0
36.5480,92846,928690539,1856,0,0,0
36.5580,92847,928700539,1869,0,0,0
36.5686,92848,928710539,1852,0,0,0
36.5778,92849,928720539,1862,0,0,0
36.5880,92850,928730539,1870,0,0,0
36.5979,92851,928740539,1866,0,0,0
36.6078,92852,928750539,1867,0,0,0
36.6180,92853,928760539,1871,0,0,0
36.6282,92854,928770539,1865,0,0,0
36.6380,92855,928780539,1877,0,0,0
36.6480,92856,928790539,1875,0,0,0
36.6582,92857,928800538,1883,0,0,0
36.6681,92858,928810539,1879,0,0,0
36.6780,92859,928820539,1915,0,0,0
36.6884,92860,928830538,1920,0,0,0
36.6983,92861,928840538,1930,0,0,0
36.7083,92862,928850539,1986,0,0,0
36.7187,92863,928860539,1984,0,0,0
36.7283,92864,928870538,1951,0,0,0
36.7383,92865,928880539,1904,0,0,0
36.7478,92866,928890539,1881,0,0,0
36.7578,92867,928900539,1856,0,0,0
36.7685,92868,928910539,1827,0,0,0
36.7790,92869,928920539,1853,0,0,0
36.7879,92870,928930539,1826,0,0,0
36.7979,92871,928940539,1830,0,0,0
36.8080,92872,928950539,1831,0,0,0
36.8180,92873,928960539,1633,0,0,0
36.8280,92874,928970538,1535,0,0,0
36.8384,92875,928980538,2182,0,0,0
36.8483,92876,928990539,3759,0,0,0
36.8586,92877,929000539,2607,0,0,0
36.8681,92878,929010538,1845,0,0,0
36.8781,92879,929020539,1739,0,0,0
36.8886,92880,929030539,1840,0,0,0
36.8986,92881,929040539,1791,0,0,0
36.9086,92882,929050539,1759,0,0,0
36.9181,92883,929060539,1795,0,0,0
36.9284,92884,929070539,1786,0,0,0
36.9381,92885,929080538,1793,0,0,0
36.9480,92886,929090539,1791,0,0,0
36.9581,92887,929100539,1811,0,0,0
36.9680,92888,929110538,1819,0,0,0
36.9780,92889,929120539,1809,0,0,0
36.9884,92890,929130539,1811,0,0,0
36.9982,92891,929140539,1827,0,0,0
37.0082,92892,929150538,1823,0,0,0
37.0185,92893,929160539,1840,0,0,0
37.0279,92894,929170538,1834,0,0,0
37.0381,92895,929180539,1851,0,0,0
37.0484,92896,929190539,1857,0,0,0
37.0582,92897,929200539,1870,0,0,0
37.0679,92898,929210539,1861,0,0,0
37.0779,92899,929220538,1888,0,0,0
37.0878,92900,929230539,1899,0,0,0
37.0979,92901,929240538,1923,0,0,0
37.1080,92902,929250539,1940,0,0,0
37.1181,92903,929260538,1958,0,0,0
37.1279,92904,929270539,1965,0,0,0
37.1379,92905,929280539,1957,0,0,0
37.1479,92906,929290539,1920,0,0,0
37.1579,92907,929300539,1904,0,0,0
37.1681,92908,929310538,1845,0,0,0
37.1781,92909,929320539,1831,0,0,0
37.1881,92910,929330539,1794,0,0,0
37.1981,92911,929340538,1792,0,0,0
37.2081,92912,929350539,1776,0,0,0
37.2179,92913,929360539,1790,0,0,0
37.2286,92914,929370539,1779,0,0,0
37.2381,92915,929380539,1791,0,0,0
37.2480,92916,929390539,1775,0,0,0
37.2581,92917,929400539,1791,0,0,0
37.2689,92918,929410539,1789,0,0,0
37.2779,92919,929420539,1807,0,0,0
37.2888,92920,929430539,1781,0,0,0
37.2980,92921,929440538,1807,0,0,0
37.3079,92922,929450539,1805,0,0,0
37.3178,92923,929460539,1814,0,0,0
37.3278,92924,929470539,1819,0,0,0
37.3380,92925,929480538,1825,0,0,0
37.3480,92926,929490539,1814,0,0,0
37.3579,92927,929500539,1823,0,0,0
37.3679,92928,929510538,1823,0,0,0
37.3783,92929,929520539,1823,0,0,0
37.3879,92930,929530539,1809,0,0,0
37.3981,92931,929540539,1827,0,0,0
37.4082,92932,929550539,1824,0,0,0
37.4181,92933,929560539,1828,0,0,0
37.4279,92934,929570538,1815,0,0,0
37.4381,92935,929580539,1819,0,0,0
37.4481,92936,929590539,1822,0,0,0
37.4580,92937,929600539,1834,0,0,0
37.4681,92938,929610539,1823,0,0,0
37.4785,92939,929620538,1828,0,0,0
37.4884,92940,929630539,1823,0,0,0
37.4980,92941,929640539,1829,0,0,0
37.5083,92942,929650539,1825,0,0,0
37.5178,92943,929660539,1838,0,0,0
37.5289,92944,929670539,1822,0,0,0
37.5383,92945,929680538,1840,0,0,0
37.5478,92946,929690539,1819,0,0,0
37.5579,92947,929700538,1835,0,0,0
37.5679,92948,929710539,1841,0,0,0
37.5780,92949,929720538,1851,0,0,0
37.5880,92950,929730539,1840,0,0,0
37.5978,92951,929740539,1849,0,0,0
37.6078,92952,929750539,1851,0,0,0
37.6179,92953,929760538,1857,0,0,0
37.6280,92954,929770539,1844,0,0,0
37.6379,92955,929780539,1862,0,0,0
37.6480,92956,929790539,1850,0,0,0
37.6579,92957,929800538,1855,0,0,0
37.6681,92958,929810539,1841,0,0,0
37.6780,92959,929820539,1846,0,0,0
37.6879,92960,929830539,1842,0,0,0
37.6981,92961,929840539,1849,0,0,0
37.7080,92962,929850539,1849,0,0,0
37.7180,92963,929860539,1856,0,0,0
37.7279,92964,929870539,1857,0,0,0
37.7383,92965,929880538,1859,0,0,0
37.7484,92966,929890539,1849,0,0,0
37.7580,92967,929900539,1866,0,0,0
37.7679,92968,929910538,1861,0,0,0
37.7781,92969,929920539,1896,0,0,0
37.7892,92970,929930539,1909,0,0,0
37.7979,92971,929940539,1920,0,0,0
37.8079,92972,929950538,1970,0,0,0
37.8179,92973,929960539,1974,0,0,0
37.8283,92974,929970539,1941,0,0,0
37.8383,92975,929980539,1899,0,0,0
37.8479,92976,929990539,1843,0,0,0
37.8581,92977,930000538,1843,0,0,0
37.8683,92978,930010539,1823,0,0,0
37.8779,92979,930020539,1819,0,0,0
37.8880,92980,930030538,1808,0,0,0
37.8986,92981,930040539,1815,0,0,0
37.9086,92982,930050539,1795,0,0,0
37.9180,92983,930060538,1599,0,0,0
37.9286,92984,930070539,1535,0,0,0
37.9385,92985,930080539,2208,0,0,0
37.9484,92986,930090539,3923,0,0,0
37.9580,92987,930100538,2624,0,0,0
37.9680,92988,930110539,1706,0,0,0
37.9786,92989,930120538,1696,0,0,0
37.9884,92990,930130539,1834,0,0,0
37.9979,92991,930140538,1745,0,0,0
38.0084,92992,930150539,1731,0,0,0
38.0198,92993,930160539,1761,0,0,0
38.0280,92994,930170539,1758,0,0,0
38.0380,92995,930180538,1772,0,0,0
38.0479,92996,930190539,1765,0,0,0
38.0580,92997,930200539,1781,0,0,0
38.0678,92998,930210539,1783,0,0,0
38.0780,92999,930220539,1797,0,0,0
38.0879,93000,930230539,1791,0,0,0
38.0979,93001,930240539,1807,0,0,0
38.1078,93002,930250539,1807,0,0,0
38.1180,93003,930260538,1810,0,0,0
38.1279,93004,930270539,1815,0,0,0
38.1379,93005,930280538,1840,0,0,0
38.1481,93006,930290539,1839,0,0,0
38.1580,93007,930300538,1857,0,0,0
38.1681,93008,930310539,1869,0,0,0
38.1778,93009,930320539,1891,0,0,0
38.1880,93010,930330539,1898,0,0,0
38.1980,93011,930340538,1936,0,0,0
38.2080,93012,930350539,1938,0,0,0
38.2180,93013,930360538,1965,0,0,0
38.2281,93014,930370539,1964,0,0,0
38.2380,93015,930380539,1962,0,0,0
38.2480,93016,930390539,1930,0,0,0
38.2579,93017,930400538,1901,0,0,0
38.2679,93018,930410539,1866,0,0,0
38.2780,93019,930420539,1841,0,0,0
38.2883,93020,930430539,1817,0,0,0
38.2978,93021,930440538,1803,0,0,0
38.3079,93022,930450539,1790,0,0,0
38.3179,93023,930460539,1791,0,0,0
38.3279,93024,930470538,1787,0,0,0
38.3379,93025,930480539,1791,0,0,0
38.3479,93026,930490539,1789,0,0,0
38.3580,93027,930500538,1806,0,0,0
38.3678,93028,930510539,1792,0,0,0
38.3778,93029,930520539,1802,0,0,0
38.3881,93030,930530539,1791,0,0,0
38.3981,93031,930540538,1810,0,0,0
38.4083,93032,930550539,1798,0,0,0
38.4182,93033,930560539,1822,0,0,0
38.4282,93034,930570539,1819,0,0,0
38.4381,93035,930580539,1824,0,0,0
38.4483,93036,930590539,1820,0,0,0
38.4583,93037,930600539,1835,0,0,0
38.4681,93038,930610538,1824,0,0,0
38.4780,93039,930620539,1834,0,0,0
38.4883,93040,930630539,1839,0,0,0
38.4980,93041,930640538,1838,0,0,0
38.5079,93042,930650539,1830,0,0,0
38.5177,93043,930660538,1840,0,0,0
38.5279,93044,930670539,1835,0,0,0
38.5379,93045,930680539,1837,0,0,0
38.5479,93046,930690538,1827,0,0,0
38.5579,93047,930700539,1840,0,0,0
38.5678,93048,930710539,1838,0,0,0
38.5781,93049,930720538,1841,0,0,0
38.5879,93050,930730539,1834,0,0,0
38.5981,93051,930740538,1847,0,0,0
38.6080,93052,930750539,1833,0,0,0
38.6180,93053,930760539,1836,0,0,0
38.6279,93054,930770539,1829,0,0,0
38.6378,93055,930780538,1839,0,0,0
38.6480,93056,930790539,1836,0,0,0
38.6579,93057,930800539,1846,0,0,0
38.6679,93058,930810538,1837,0,0,0
38.6780,93059,930820539,1847,0,0,0
38.6881,93060,930830539,1840,0,0,0
38.6981,93061,930840539,1849,0,0,0
38.7081,93062,930850539,1843,0,0,0
38.7181,93063,930860538,1855,0,0,0
38.7281,93064,930870539,1841,0,0,0
38.7381,93065,930880539,1843,0,0,0
38.7481,93066,930890539,1837,0,0,0
38.7578,93067,930900539,1857,0,0,0
38.7686,93068,930910538,1856,0,0,0
38.7780,93069,930920539,1866,0,0,0
38.7878,93070,930930539,1835,0,0,0
38.7978,93071,930940539,1858,0,0,0
38.8080,93072,930950539,1843,0,0,0
38.8178,93073,930960539,1857,0,0,0
38.8280,93074,930970539,1861,0,0,0
38.8379,93075,930980539,1856,0,0,0
38.8481,93076,930990539,1866,0,0,0
38.8582,93077,931000538,1860,0,0,0
38.8682,93078,931010539,1861,0,0,0
38.8781,93079,931020538,1875,0,0,0
38.8881,93080,931030539,1888,0,0,0
38.8983,93081,931040539,1915,0,0,0
38.9085,93082,931050539,1916,0,0,0
38.9180,93083,931060539,1951,0,0,0
38.9285,93084,931070538,1979,0,0,0
38.9383,93085,931080538,1957,0,0,0
38.9479,93086,931090539,1909,0,0,0
38.9580,93087,931100539,1859,0,0,0
38.9679,93088,931110538,1841,0,0,0
38.9783,93089,931120539,1839,0,0,0
38.9884,93090,931130539,1825,0,0,0
38.9979,93091,931140539,1815,0,0,0
39.0082,93092,931150538,1821,0,0,0
39.0179,93093,931160539,1811,0,0,0
39.0283,93094,931170539,1733,0,0,0
39.0380,93095,931180539,1488,0,0,0
39.0480,93096,931190539,1872,0,0,0
39.0580,93097,931200539,3248,0,0,0
39.0681,93098,931210539,3167,0,0,0
39.0779,93099,931220539,1947,0,0,0
39.0880,93100,931230539,1658,0,0,0
39.0978,93101,931240539,1819,0,0,0
39.1081,93102,931250539,1782,0,0,0
39.1179,93103,931260539,1729,0,0,0
39.1280,93104,931270539,1754,0,0,0
39.1382,93105,931280538,1770,0,0,0
39.1479,93106,931290539,1781,0,0,0
39.1578,93107,931300539,1793,0,0,0
39.1680,93108,931310539,1783,0,0,0
39.1780,93109,931320538,1793,0,0,0
39.1882,93110,931330539,1803,0,0,0
39.1983,93111,931340539,1799,0,0,0
39.2082,93112,931350539,1811,0,0,0
39.2181,93113,931360538,1822,0,0,0
39.2281,93114,931370539,1808,0,0,0
39.2378,93115,931380539,1818,0,0,0
39.2483,93116,931390538,1828,0,0,0
39.2585,93117,931400539,1830,0,0,0
39.2684,93118,931410539,1847,0,0,0
39.2779,93119,931420538,1869,0,0,0
39.2883,93120,931430539,1893,0,0,0
39.2978,93121,931440539,1906,0,0,0
39.3080,93122,931450538,1916,0,0,0
39.3179,93123,931460538,1940,0,0,0
39.3278,93124,931470539,1957,0,0,0
39.3378,93125,931480539,1962,0,0,0
39.3478,93126,931490539,1968,0,0,0
39.3580,93127,931500539,1952,0,0,0
39.3678,93128,931510538,1917,0,0,0
39.3779,93129,931520538,1863,0,0,0
39.3881,93130,931530539,1826,0,0,0
39.3981,93131,931540539,1811,0,0,0
39.4082,93132,931550538,1799,0,0,0
39.4181,93133,931560539,1776,0,0,0
39.4282,93134,931570539,1766,0,0,0
39.4381,93135,931580538,1773,0,0,0
39.4486,93136,931590539,1769,0,0,0
39.4582,93137,931600539,1767,0,0,0
39.4680,93138,931610539,1761,0,0,0
39.4780,93139,931620539,1778,0,0,0
39.4880,93140,931630538,1772,0,0,0
39.4982,93141,931640538,1778,0,0,0
39.5078,93142,931650539,1779,0,0,0
39.5178,93143,931660539,1787,0,0,0
39.5279,93144,931670538,1797,0,0,0
39.5383,93145,931680539,1808,0,0,0
39.5483,93146,931690539,1808,0,0,0
39.5580,93147,931700539,1825,0,0,0
39.5691,93148,931710538,1815,0,0,0
39.5778,93149,931720539,1814,0,0,0
39.5879,93150,931730539,1820,0,0,0
39.5981,93151,931740539,1827,0,0,0
39.6079,93152,931750539,1833,0,0,0
39.6179,93153,931760539,1829,0,0,0
39.6279,93154,931770539,1822,0,0,0
39.6379,93155,931780539,1814,0,0,0
39.6480,93156,931790539,1831,0,0,0
39.6579,93157,931800539,1831,0,0,0
39.6679,93158,931810539,1827,0,0,0
39.6781,93159,931820539,1819,0,0,0
39.6881,93160,931830538,1825,0,0,0
39.6982,93161,931840539,1831,0,0,0
39.7082,93162,931850539,1826,0,0,0
39.7180,93163,931860539,1819,0,0,0
39.7281,93164,931870539,1826,0,0,0
39.7383,93165,931880539,1838,0,0,0
39.7480,93166,931890539,1821,0,0,0
39.7581,93167,931900538,1829,0,0,0
39.7681,93168,931910539,1833,0,0,0
39.7778,93169,931920539,1834,0,0,0
39.7882,93170,931930538,1840,0,0,0
39.7980,93171,931940538,1840,0,0,0
39.8079,93172,931950539,1829,0,0,0
39.8178,93173,931960539,1840,0,0,0
39.8280,93174,931970539,1845,0,0,0
39.8379,93175,931980538,1851,0,0,0
39.8480,93176,931990539,1857,0,0,0
39.8580,93177,932000538,1857,0,0,0
39.8679,93178,932010539,1866,0,0,0
39.8778,93179,932020539,1859,0,0,0
39.8881,93180,932030539,1853,0,0,0
39.8980,93181,932040539,1854,0,0,0
39.9081,93182,932050538,1861,0,0,0
39.9179,93183,932060538,1857,0,0,0
39.9280,93184,932070539,1859,0,0,0
39.9379,93185,932080539,1865,0,0,0
39.9480,93186,932090538,1871,0,0,0
39.9579,93187,932100539,1860,0,0,0
39.9679,93188,932110539,1873,0,0,0
39.9784,93189,932120538,1883,0,0,0
39.9883,93190,932130539,1907,0,0,0
39.9980,93191,932140539,1926,0,0,0
40.0128,93192,932150539,1953,0,0,0
40.0190,93193,932160539,1982,0,0,0
40.0294,93194,932170539,1967,0,0,0
40.0385,93195,932180539,1914,0,0,0
40.0480,93196,932190539,1861,0,0,0
40.0618,93197,932200539,1851,0,0,0
40.0691,93198,932210539,1842,0,0,0
40.0780,93199,932220539,1835,0,0,0
40.0882,93200,932230539,1838,0,0,0
40.0980,93201,932240539,1823,0,0,0
40.1080,93202,932250539,1827,0,0,0
40.1180,93203,932260539,1774,0,0,0
40.1279,93204,932270539,1501,0,0,0
40.1380,93205,932280539,1758,0,0,0
40.1479,93206,932290538,2832,0,0,0
40.1579,93207,932300538,3517,0,0,0
40.1702,93208,932310539,2123,0,0,0
40.1795,93209,932320539,1653,0,0,0
40.1918,93210,932330539,1793,0,0,0
40.2042,93211,932340539,1808,0,0,0
40.2079,93212,932350539,1737,0,0,0
40.2243,93213,932360538,1751,0,0,0
40.2278,93214,932370539,1769,0,0,0
40.2380,93215,932380539,1769,0,0,0
40.2479,93216,932390539,1776,0,0,0
40.2580,93217,932400539,1775,0,0,0
40.2681,93218,932410538,1787,0,0,0
40.2792,93219,932420538,1783,0,0,0
40.2879,93220,932430539,1797,0,0,0
40.2979,93221,932440539,1789,0,0,0
40.3080,93222,932450539,1806,0,0,0
40.3179,93223,932460539,1803,0,0,0
40.3327,93224,932470538,1810,0,0,0
40.3379,93225,932480538,1814,0,0,0
40.3480,93226,932490539,1824,0,0,0
40.3634,93227,932500539,1814,0,0,0
40.3711,93228,932510538,1837,0,0,0
40.3779,93229,932520539,1851,0,0,0
40.3952,93230,932530539,1873,0,0,0
40.3988,93231,932540539,1886,0,0,0
40.4079,93232,932550539,1914,0,0,0
40.4180,93233,932560539,1927,0,0,0
40.4280,93234,932570539,1924,0,0,0
40.4379,93235,932580538,1935,0,0,0
40.4481,93236,932590539,1915,0,0,0
40.4580,93237,932600539,1882,0,0,0
40.4680,93238,932610538,1869,0,0,0
40.4781,93239,932620539,1829,0,0,0
40.4879,93240,932630539,1808,0,0,0
40.4985,93241,932640538,1778,0,0,0
40.5086,93242,932650539,1767,0,0,0
40.5180,93243,932660539,1760,0,0,0
40.5323,93244,932670539,1771,0,0,0
40.5394,93245,932680539,1760,0,0,0
40.5511,93246,932690539,1770,0,0,0
40.5590,93247,932700539,1773,0,0,0
40.5680,93248,932710539,1776,0,0,0
40.5789,93249,932720539,1777,0,0,0
40.5880,93250,932730539,1790,0,0,0
40.5982,93251,932740539,1791,0,0,0
40.6081,93252,932750539,1792,0,0,0
40.6180,93253,932760538,1795,0,0,0
40.6281,93254,932770539,1812,0,0,0
40.6380,93255,932780539,1811,0,0,0
40.6478,93256,932790538,1814,0,0,0
40.6579,93257,932800539,1815,0,0,0
40.6680,93258,932810539,1825,0,0,0
40.6779,93259,932820538,1814,0,0,0
40.6881,93260,932830539,1829,0,0,0
40.6994,93261,932840539,1827,0,0,0
40.7079,93262,932850539,1840,0,0,0
40.7229,93263,932860539,1827,0,0,0
40.7279,93264,932870538,1840,0,0,0
40.7421,93265,932880539,1831,0,0,0
40.7480,93266,932890539,1840,0,0,0
40.7580,93267,932900539,1840,0,0,0
40.7678,93268,932910539,1839,0,0,0
40.7782,93269,932920539,1827,0,0,0
40.7879,93270,932930539,1834,0,0,0
40.7980,93271,932940538,1825,0,0,0
40.8080,93272,932950539,1840,0,0,0
40.8179,93273,932960539,1823,0,0,0
40.8278,93274,932970539,1835,0,0,0
40.8380,93275,932980539,1832,0,0,0
40.8479,93276,932990539,1844,0,0,0
40.8579,93277,933000539,1837,0,0,0
40.8680,93278,933010539,1845,0,0,0
40.8780,93279,933020539,1841,0,0,0
40.8881,93280,933030539,1853,0,0,0
40.8981,93281,933040538,1844,0,0,0
40.9080,93282,933050539,1855,0,0,0
40.9179,93283,933060539,1844,0,0,0
40.9281,93284,933070539,1863,0,0,0
40.9380,93285,933080539,1851,0,0,0
40.9479,93286,933090539,1859,0,0,0
40.9579,93287,933100539,1862,0,0,0
40.9680,93288,933110538,1867,0,0,0
40.9781,93289,933120539,1859,0,0,0
40.9882,93290,933130539,1871,0,0,0
40.9980,93291,933140538,1864,0,0,0
41.0081,93292,933150539,1869,0,0,0
41.0179,93293,933160539,1862,0,0,0
41.0279,93294,933170538,1871,0,0,0
41.0384,93295,933180539,1869,0,0,0
41.0481,93296,933190539,1881,0,0,0
41.0579,93297,933200539,1869,0,0,0
41.0680,93298,933210538,1887,0,0,0
41.0781,93299,933220539,1888,0,0,0
41.0880,93300,933230539,1887,0,0,0
41.0980,93301,933240538,1872,0,0,0
41.1080,93302,933250539,1887,0,0,0
41.1180,93303,933260539,1902,0,0,0
41.1280,93304,933270538,1927,0,0,0
41.1378,93305,933280538,1935,0,0,0
41.1479,93306,933290539,1986,0,0,0
41.1580,93307,933300539,1962,0,0,0
41.1680,93308,933310539,1943,0,0,0
41.1780,93309,933320539,1874,0,0,0
41.1879,93310,933330539,1851,0,0,0
41.1979,93311,933340539,1834,0,0,0
41.2082,93312,933350539,1840,0,0,0
41.2179,93313,933360539,1821,0,0,0
41.2281,93314,933370538,1825,0,0,0
41.2380,93315,933380539,1816,0,0,0
41.2479,93316,933390539,1826,0,0,0
41.2578,93317,933400539,1557,0,0,0
41.2680,93318,933410538,1594,0,0,0
41.2779,93319,933420539,2332,0,0,0
41.2887,93320,933430539,3965,0,0,0
41.2979,93321,933440539,2432,0,0,0
41.3079,93322,933450539,1663,0,0,0
41.3179,93323,933460539,1710,0,0,0
41.3279,93324,933470539,1829,0,0,0
41.3378,93325,933480538,1739,0,0,0
41.3479,93326,933490539,1759,0,0,0
41.3579,93327,933500539,1747,0,0,0
41.3679,93328,933510538,1771,0,0,0
41.3779,93329,933520539,1760,0,0,0
41.3881,93330,933530539,1766,0,0,0
41.3980,93331,933540539,1770,0,0,0
41.4079,93332,933550538,1786,0,0,0
41.4179,93333,933560539,1787,0,0,0
41.4281,93334,933570539,1799,0,0,0
41.4381,93335,933580538,1795,0,0,0
41.4482,93336,933590539,1809,0,0,0
41.4581,93337,933600539,1801,0,0,0
41.4679,93338,933610539,1824,0,0,0
41.4780,93339,933620539,1812,0,0,0
41.4879,93340,933630538,1814,0,0,0
41.4980,93341,933640539,1817,0,0,0
41.5081,93342,933650538,1859,0,0,0
41.5179,93343,933660538,1872,0,0,0
41.5279,93344,933670539,1899,0,0,0
41.5380,93345,933680539,1916,0,0,0
41.5479,93346,933690538,1938,0,0,0
41.5580,93347,933700539,1936,0,0,0
41.5681,93348,933710539,1938,0,0,0
41.5780,93349,933720539,1919,0,0,0
41.5879,93350,933730539,1911,0,0,0
41.5980,93351,933740538,1856,0,0,0
41.6079,93352,933750539,1844,0,0,0
41.6180,93353,933760539,1807,0,0,0
41.6280,93354,933770538,1801,0,0,0
41.6380,93355,933780539,1772,0,0,0
41.6481,93356,933790539,1776,0,0,0
41.6579,93357,933800539,1774,0,0,0
41.6679,93358,933810539,1776,0,0,0
41.6781,93359,933820539,1759,0,0,0
41.6879,93360,933830539,1775,0,0,0
41.6979,93361,933840538,1773,0,0,0
41.7079,93362,933850539,1776,0,0,0
41.7180,93363,933860539,1771,0,0,0
41.7281,93364,933870539,1803,0,0,0
41.7382,93365,933880539,1794,0,0,0
41.7481,93366,933890538,1798,0,0,0
41.7580,93367,933900538,1791,0,0,0
41.7680,93368,933910539,1808,0,0,0
41.7789,93369,933920539,1796,0,0,0
41.7879,93370,933930539,1823,0,0,0
41.7981,93371,933940539,1819,0,0,0
41.8080,93372,933950539,1830,0,0,0
41.8186,93373,933960539,1824,0,0,0
41.8279,93374,933970539,1850,0,0,0
41.8379,93375,933980539,1831,0,0,0
41.8478,93376,933990539,1846,0,0,0
41.8580,93377,934000539,1839,0,0,0
41.8681,93378,934010539,1845,0,0,0
41.8779,93379,934020538,1840,0,0,0
41.8879,93380,934030539,1848,0,0,0
41.8979,93381,934040538,1835,0,0,0
41.9079,93382,934050539,1841,0,0,0
41.9180,93383,934060539,1833,0,0,0
41.9280,93384,934070539,1847,0,0,0
41.9380,93385,934080538,1840,0,0,0
41.9481,93386,934090539,1855,0,0,0
41.9579,93387,934100539,1843,0,0,0
41.9679,93388,934110539,1840,0,0,0
41.9781,93389,934120538,1840,0,0,0
41.9880,93390,934130539,1858,0,0,0
41.9983,93391,934140539,1824,0,0,0
42.0079,93392,934150538,1846,0,0,0
42.0177,93393,934160539,1847,0,0,0
42.0280,93394,934170539,1862,0,0,0
42.0380,93395,934180539,1847,0,0,0
42.0479,93396,934190539,1859,0,0,0
42.0580,93397,934200539,1849,0,0,0
42.0678,93398,934210539,1867,0,0,0
42.0779,93399,934220538,1853,0,0,0
42.0879,93400,934230539,1865,0,0,0
42.0980,93401,934240539,1862,0,0,0
42.1078,93402,934250539,1872,0,0,0
42.1179,93403,934260538,1870,0,0,0
42.1280,93404,934270539,1869,0,0,0
42.1380,93405,934280538,1858,0,0,0
42.1480,93406,934290539,1874,0,0,0
42.1580,93407,934300539,1871,0,0,0
42.1680,93408,934310539,1873,0,0,0
42.1781,93409,934320538,1860,0,0,0
42.1880,93410,934330539,1871,0,0,0
42.1980,93411,934340539,1865,0,0,0
42.2080,93412,934350539,1875,0,0,0
42.2178,93413,934360538,1894,0,0,0
42.2280,93414,934370539,1930,0,0,0
42.2381,93415,934380538,1929,0,0,0
42.2480,93416,934390539,1967,0,0,0
42.2579,93417,934400539,1991,0,0,0
42.2679,93418,934410539,1968,0,0,0
42.2779,93419,934420539,1921,0,0,0
42.2882,93420,934430539,1877,0,0,0
42.2978,93421,934440539,1857,0,0,0
42.3080,93422,934450539,1846,0,0,0
42.3180,93423,934460539,1825,0,0,0
42.3280,93424,934470538,1829,0,0,0
42.3379,93425,934480539,1823,0,0,0
42.3479,93426,934490539,1827,0,0,0
42.3580,93427,934500538,1799,0,0,0
42.3679,93428,934510539,1517,0,0,0
42.3780,93429,934520539,1726,0,0,0
42.3879,93430,934530539,2752,0,0,0
42.3979,93431,934540539,3542,0,0,0
42.4079,93432,934550539,2139,0,0,0
42.4180,93433,934560538,1729,0,0,0
42.4279,93434,934570539,1782,0,0,0
42.4379,93435,934580538,1818,0,0,0
42.4480,93436,934590539,1747,0,0,0
42.4580,93437,934600539,1758,0,0,0
42.4679,93438,934610538,1776,0,0,0
42.4780,93439,934620539,1776,0,0,0
42.4879,93440,934630539,1779,0,0,0
42.4979,93441,934640538,1787,0,0,0
42.5080,93442,934650539,1804,0,0,0
42.5190,93443,934660539,1792,0,0,0
42.5279,93444,934670539,1814,0,0,0
42.5380,93445,934680539,1803,0,0,0
42.5480,93446,934690539,1810,0,0,0
42.5580,93447,934700539,1808,0,0,0
42.5680,93448,934710539,1821,0,0,0
42.5779,93449,934720539,1824,0,0,0
42.5878,93450,934730539,1838,0,0,0
42.5979,93451,934740539,1835,0,0,0
42.6078,93452,934750539,1847,0,0,0
42.6179,93453,934760538,1861,0,0,0
42.6280,93454,934770538,1871,0,0,0
42.6380,93455,934780539,1888,0,0,0
42.6479,93456,934790539,1911,0,0,0
42.6580,93457,934800539,1921,0,0,0
42.6679,93458,934810538,1942,0,0,0
42.6780,93459,934820539,1937,0,0,0
42.6881,93460,934830539,1937,0,0,0
42.6980,93461,934840539,1904,0,0,0
42.7080,93462,934850539,1879,0,0,0
42.7179,93463,934860539,1831,0,0,0
42.7280,93464,934870538,1808,0,0,0
42.7378,93465,934880539,1794,0,0,0
42.7480,93466,934890539,1791,0,0,0
42.7580,93467,934900539,1767,0,0,0
42.7678,93468,934910538,1776,0,0,0
42.7783,93469,934920539,1776,0,0,0
42.7879,93470,934930539,1777,0,0,0
42.7979,93471,934940539,1771,0,0,0
42.8078,93472,934950539,1781,0,0,0
42.8179,93473,934960539,1779,0,0,0
42.8281,93474,934970539,1779,0,0,0
42.8380,93475,934980538,1774,0,0,0
42.8479,93476,934990539,1806,0,0,0
42.8579,93477,935000539,1786,0,0,0
42.8680,93478,935010538,1802,0,0,0
42.8779,93479,935020539,1802,0,0,0
42.8881,93480,935030538,1808,0,0,0
42.8979,93481,935040538,1808,0,0,0
42.9079,93482,935050539,1815,0,0,0
42.9179,93483,935060539,1809,0,0,0
42.9280,93484,935070539,1823,0,0,0
42.9379,93485,935080539,1819,0,0,0
42.9480,93486,935090539,1819,0,0,0
42.9580,93487,935100539,1819,0,0,0
42.9679,93488,935110539,1818,0,0,0
42.9778,93489,935120538,1823,0,0,0
42.9881,93490,935130539,1823,0,0,0
42.9980,93491,935140539,1805,0,0,0
43.0078,93492,935150539,1819,0,0,0
43.0183,93493,935160538,1808,0,0,0
43.0280,93494,935170539,1821,0,0,0
43.0378,93495,935180539,1811,0,0,0
43.0481,93496,935190538,1809,0,0,0
43.0579,93497,935200539,1808,0,0,0
43.0680,93498,935210539,1815,0,0,0
43.0780,93499,935220539,1811,0,0,0
43.0879,93500,935230539,1829,0,0,0
43.0979,93501,935240539,1808,0,0,0
43.1080,93502,935250538,1819,0,0,0
43.1179,93503,935260539,1813,0,0,0
43.1279,93504,935270539,1821,0,0,0
43.1380,93505,935280538,1825,0,0,0
43.1481,93506,935290539,1826,0,0,0
43.1581,93507,935300538,1826,0,0,0
43.1681,93508,935310539,1838,0,0,0
43.1782,93509,935320538,1830,0,0,0
43.1882,93510,935330539,1836,0,0,0
43.1981,93511,935340539,1837,0,0,0
43.2082,93512,935350539,1845,0,0,0
43.2179,93513,935360539,1846,0,0,0
43.2279,93514,935370539,1855,0,0,0
43.2378,93515,935380539,1842,0,0,0
43.2480,93516,935390539,1856,0,0,0
43.2583,93517,935400538,1845,0,0,0
43.2678,93518,935410539,1855,0,0,0
43.2780,93519,935420539,1859,0,0,0
43.2879,93520,935430539,1855,0,0,0
43.2977,93521,935440539,1854,0,0,0
43.3078,93522,935450539,1855,0,0,0
43.3179,93523,935460538,1847,0,0,0
43.3279,93524,935470539,1856,0,0,0
43.3378,93525,935480539,1867,0,0,0
43.3480,93526,935490539,1904,0,0,0
43.3578,93527,935500538,1912,0,0,0
43.3679,93528,935510539,1931,0,0,0
43.3778,93529,935520538,1971,0,0,0
43.3878,93530,935530539,1959,0,0,0
43.3978,93531,935540539,1921,0,0,0
43.4079,93532,935550539,1872,0,0,0
43.4184,93533,935560539,1838,0,0,0
43.4279,93534,935570539,1835,0,0,0
43.4381,93535,935580539,1827,0,0,0
43.4481,93536,935590539,1815,0,0,0
43.4582,93537,935600539,1810,0,0,0
43.4682,93538,935610539,1824,0,0,0
43.4780,93539,935620539,1785,0,0,0
43.4881,93540,935630538,1505,0,0,0
43.4983,93541,935640538,1685,0,0,0
43.5085,93542,935650539,2717,0,0,0
43.5189,93543,935660539,3669,0,0,0
43.5284,93544,935670539,2177,0,0,0
43.5383,93545,935680539,1600,0,0,0
43.5483,93546,935690539,1792,0,0,0
43.5585,93547,935700539,1805,0,0,0
43.5678,93548,935710538,1744,0,0,0
43.5781,93549,935720539,1761,0,0,0
43.5880,93550,935730539,1773,0,0,0
43.5979,93551,935740538,1777,0,0,0
43.6079,93552,935750539,1778,0,0,0
43.6180,93553,935760539,1791,0,0,0
43.6281,93554,935770539,1795,0,0,0
43.6380,93555,935780538,1801,0,0,0
43.6478,93556,935790539,1801,0,0,0
43.6579,93557,935800539,1809,0,0,0
43.6681,93558,935810539,1814,0,0,0
43.6783,93559,935820539,1824,0,0,0
43.6880,93560,935830539,1816,0,0,0
43.6982,93561,935840539,1843,0,0,0
43.7082,93562,935850539,1840,0,0,0
43.7180,93563,935860539,1847,0,0,0
43.7285,93564,935870539,1868,0,0,0
43.7385,93565,935880539,1881,0,0,0
43.7485,93566,935890538,1905,0,0,0
43.7579,93567,935900539,1921,0,0,0
43.7679,93568,935910539,1951,0,0,0
43.7785,93569,935920539,1953,0,0,0
43.7878,93570,935930539,1968,0,0,0
43.7978,93571,935940539,1977,0,0,0
43.8079,93572,935950539,1966,0,0,0
43.8179,93573,935960539,1936,0,0,0
43.8280,93574,935970539,1901,0,0,0
43.8378,93575,935980539,1867,0,0,0
43.8478,93576,935990539,1840,0,0,0
43.8579,93577,936000538,1831,0,0,0
43.8679,93578,936010539,1808,0,0,0
43.8778,93579,936020539,1802,0,0,0
43.8882,93580,936030539,1791,0,0,0
43.8983,93581,936040539,1791,0,0,0
43.9082,93582,936050538,1798,0,0,0
43.9182,93583,936060538,1788,0,0,0
43.9283,93584,936070539,1793,0,0,0
43.9381,93585,936080539,1792,0,0,0
43.9483,93586,936090539,1805,0,0,0
43.9581,93587,936100539,1794,0,0,0
43.9679,93588,936110539,1841,0,0,0
43.9781,93589,936120539,1811,0,0,0
43.9883,93590,936130539,1808,0,0,0
43.9979,93591,936140538,1809,0,0,0
44.0082,93592,936150539,1815,0,0,0
44.0179,93593,936160539,1825,0,0,0
44.0279,93594,936170538,1838,0,0,0
44.0380,93595,936180538,1833,0,0,0
44.0484,93596,936190539,1827,0,0,0
44.0584,93597,936200539,1831,0,0,0
44.0686,93598,936210538,1835,0,0,0
44.0779,93599,936220538,1840,0,0,0
44.0878,93600,936230539,1830,0,0,0
44.0978,93601,936240539,1825,0,0,0
44.1078,93602,936250539,1827,0,0,0
44.1180,93603,936260539,1835,0,0,0
44.1279,93604,936270539,1824,0,0,0
44.1379,93605,936280539,1845,0,0,0
44.1481,93606,936290539,1846,0,0,0
44.1579,93607,936300538,1826,0,0,0
44.1681,93608,936310539,1834,0,0,0
44.1780,93609,936320539,1847,0,0,0
44.1881,93610,936330538,1842,0,0,0
44.1980,93611,936340539,1836,0,0,0
44.2081,93612,936350539,1839,0,0,0
44.2181,93613,936360539,1846,0,0,0
44.2281,93614,936370538,1847,0,0,0
44.2380,93615,936380539,1847,0,0,0
44.2483,93616,936390539,1844,0,0,0
44.2582,93617,936400539,1849,0,0,0
44.2680,93618,936410539,1843,0,0,0
44.2779,93619,936420538,1867,0,0,0
44.2880,93620,936430539,1857,0,0,0
44.2978,93621,936440539,1845,0,0,0
44.3080,93622,936450539,1841,0,0,0
44.3179,93623,936460539,1855,0,0,0
44.3281,93624,936470538,1851,0,0,0
44.3382,93625,936480539,1850,0,0,0
44.3479,93626,936490539,1850,0,0,0
44.3578,93627,936500538,1856,0,0,0
44.3679,93628,936510539,1859,0,0,0
44.3778,93629,936520538,1857,0,0,0
44.3880,93630,936530539,1858,0,0,0
44.3979,93631,936540539,1859,0,0,0
44.4078,93632,936550539,1861,0,0,0
44.4180,93633,936560539,1872,0,0,0
44.4282,93634,936570538,1856,0,0,0
44.4380,93635,936580539,1866,0,0,0
44.4481,93636,936590539,1855,0,0,0
44.4583,93637,936600539,1888,0,0,0
44.4680,93638,936610539,1917,0,0,0
44.4779,93639,936620539,1933,0,0,0
44.4883,93640,936630539,1937,0,0,0
44.4983,93641,936640539,1999,0,0,0
44.5083,93642,936650539,1969,0,0,0
44.5179,93643,936660539,1954,0,0,0
44.5282,93644,936670539,1879,0,0,0
44.5382,93645,936680539,1863,0,0,0
44.5480,93646,936690539,1845,0,0,0
44.5581,93647,936700538,1846,0,0,0
44.5680,93648,936710539,1835,0,0,0
44.5781,93649,936720539,1836,0,0,0
44.5880,93650,936730538,1821,0,0,0
44.5979,93651,936740539,1831,0,0,0
44.6079,93652,936750538,1555,0,0,0
44.6179,93653,936760539,1631,0,0,0
44.6280,93654,936770539,2439,0,0,0
44.6378,93655,936780539,3787,0,0,0
44.6480,93656,936790539,2304,0,0,0
44.6581,93657,936800539,1767,0,0,0
44.6679,93658,936810539,1744,0,0,0
44.6781,93659,936820539,1842,0,0,0
44.6881,93660,936830539,1742,0,0,0
44.6982,93661,936840539,1745,0,0,0
44.7082,93662,936850539,1751,0,0,0
44.7181,93663,936860539,1765,0,0,0
44.7283,93664,936870539,1762,0,0,0
44.7386,93665,936880539,1772,0,0,0
44.7479,93666,936890539,1779,0,0,0
44.7580,93667,936900538,1791,0,0,0
44.7686,93668,936910539,1783,0,0,0
44.7780,93669,936920539,1792,0,0,0
44.7884,93670,936930539,1803,0,0,0
44.7979,93671,936940539,1809,0,0,0
44.8079,93672,936950539,1792,0,0,0
44.8183,93673,936960538,1807,0,0,0
44.8279,93674,936970539,1814,0,0,0
44.8378,93675,936980539,1831,0,0,0
44.8482,93676,936990539,1840,0,0,0
44.8579,93677,937000538,1855,0,0,0
44.8680,93678,937010539,1863,0,0,0
44.8779,93679,937020539,1904,0,0,0
44.8879,93680,937030538,1911,0,0,0
44.8979,93681,937040538,1931,0,0,0
44.9080,93682,937050539,1938,0,0,0
44.9186,93683,937060538,1958,0,0,0
44.9285,93684,937070539,1930,0,0,0
44.9381,93685,937080538,1910,0,0,0
44.9482,93686,937090539,1877,0,0,0
44.9579,93687,937100538,1855,0,0,0
44.9678,93688,937110539,1819,0,0,0
44.9779,93689,937120539,1789,0,0,0
44.9879,93690,937130539,1775,0,0,0
44.9979,93691,937140538,1780,0,0,0
45.0079,93692,937150539,1766,0,0,0
45.0178,93693,937160539,1761,0,0,0
45.0280,93694,937170539,1754,0,0,0
45.0379,93695,937180538,1769,0,0,0
45.0479,93696,937190539,1763,0,0,0
45.0578,93697,937200539,1779,0,0,0
45.0678,93698,937210539,1777,0,0,0
45.0784,93699,937220539,1787,0,0,0
45.0879,93700,937230539,1786,0,0,0
45.0979,93701,937240538,1801,0,0,0
45.1079,93702,937250539,1806,0,0,0
45.1179,93703,937260539,1817,0,0,0
45.1279,93704,937270539,1794,0,0,0
45.1382,93705,937280538,1823,0,0,0
45.1480,93706,937290539,1813,0,0,0
45.1580,93707,937300538,1821,0,0,0
45.1681,93708,937310539,1819,0,0,0
45.1781,93709,937320538,1828,0,0,0
45.1880,93710,937330539,1810,0,0,0
45.1981,93711,937340538,1830,0,0,0
45.2081,93712,937350539,1823,0,0,0
45.2178,93713,937360539,1825,0,0,0
45.2280,93714,937370539,1818,0,0,0
45.2382,93715,937380539,1825,0,0,0
45.2479,93716,937390539,1810,0,0,0
45.2582,93717,937400539,1813,0,0,0
45.2678,93718,937410539,1807,0,0,0
45.2780,93719,937420539,1834,0,0,0
45.2879,93720,937430538,1811,0,0,0
45.2979,93721,937440539,1827,0,0,0
45.3080,93722,937450539,1820,0,0,0
45.3179,93723,937460539,1841,0,0,0
45.3282,93724,937470539,1839,0,0,0
45.3378,93725,937480539,1837,0,0,0
45.3480,93726,937490539,1835,0,0,0
45.3579,93727,937500539,1843,0,0,0
45.3679,93728,937510539,1835,0,0,0
45.3779,93729,937520539,1850,0,0,0
45.3879,93730,937530539,1837,0,0,0
45.3979,93731,937540539,1855,0,0,0
45.4080,93732,937550539,1837,0,0,0
45.4180,93733,937560538,1857,0,0,0
45.4281,93734,937570539,1842,0,0,0
45.4381,93735,937580539,1851,0,0,0
45.4479,93736,937590538,1843,0,0,0
45.4579,93737,937600539,1865,0,0,0
45.4681,93738,937610539,1852,0,0,0
45.4780,93739,937620539,1867,0,0,0
45.4880,93740,937630539,1859,0,0,0
45.4981,93741,937640539,1882,0,0,0
45.5081,93742,937650539,1861,0,0,0
45.5180,93743,937660538,1861,0,0,0
45.5280,93744,937670539,1868,0,0,0
45.5381,93745,937680539,1870,0,0,0
45.5481,93746,937690539,1872,0,0,0
45.5582,93747,937700539,1918,0,0,0
45.5680,93748,937710539,1927,0,0,0
45.5783,93749,937720539,1938,0,0,0
45.5881,93750,937730538,1984,0,0,0
45.5980,93751,937740539,1986,0,0,0
45.6079,93752,937750539,1927,0,0,0
45.6179,93753,937760539,1889,0,0,0
45.6279,93754,937770539,1849,0,0,0
45.6379,93755,937780539,1856,0,0,0
45.6479,93756,937790539,1826,0,0,0
45.6578,93757,937800539,1840,0,0,0
45.6680,93758,937810539,1815,0,0,0
45.6780,93759,937820539,1831,0,0,0
45.6881,93760,937830538,1810,0,0,0
45.6980,93761,937840539,1563,0,0,0
45.7081,93762,937850539,1602,0,0,0
45.7180,93763,937860539,2425,0,0,0
45.7280,93764,937870539,3907,0,0,0
45.7381,93765,937880539,2402,0,0,0
45.7481,93766,937890539,1673,0,0,0
45.7581,93767,937900538,1754,0,0,0
45.7680,93768,937910539,1829,0,0,0
45.7783,93769,937920538,1755,0,0,0
45.7880,93770,937930539,1751,0,0,0
45.7985,93771,937940539,1762,0,0,0
45.8080,93772,937950539,1769,0,0,0
45.8179,93773,937960538,1793,0,0,0
45.8280,93774,937970539,1783,0,0,0
45.8380,93775,937980539,1797,0,0,0
45.8480,93776,937990539,1802,0,0,0
45.8582,93777,938000538,1807,0,0,0
45.8679,93778,938010539,1797,0,0,0
45.8778,93779,938020539,1808,0,0,0
45.8879,93780,938030538,1815,0,0,0
45.8981,93781,938040539,1834,0,0,0
45.9080,93782,938050539,1821,0,0,0
45.9180,93783,938060538,1845,0,0,0
45.9279,93784,938070539,1847,0,0,0
45.9379,93785,938080539,1857,0,0,0
45.9480,93786,938090539,1868,0,0,0
45.9580,93787,938100539,1898,0,0,0
45.9678,93788,938110538,1909,0,0,0
45.9780,93789,938120538,1938,0,0,0
45.9879,93790,938130539,1942,0,0,0
45.9980,93791,938140539,1963,0,0,0
46.0079,93792,938150539,1965,0,0,0
46.0190,93793,938160539,1945,0,0,0
46.0278,93794,938170539,1919,0,0,0
46.0380,93795,938180538,1900,0,0,0
46.0479,93796,938190539,1856,0,0,0
46.0579,93797,938200539,1840,0,0,0
46.0680,93798,938210539,1808,0,0,0
46.0778,93799,938220539,1807,0,0,0
46.0878,93800,938230539,1786,0,0,0
46.0980,93801,938240539,1798,0,0,0
46.1079,93802,938250539,1785,0,0,0
46.1179,93803,938260539,1799,0,0,0
46.1279,93804,938270539,1791,0,0,0
46.1379,93805,938280538,1812,0,0,0
46.1479,93806,938290539,1795,0,0,0
46.1579,93807,938300538,1807,0,0,0
46.1678,93808,938310539,1807,0,0,0
46.1779,93809,938320539,1822,0,0,0
46.1880,93810,938330539,1814,0,0,0
46.1980,93811,938340539,1828,0,0,0
46.2080,93812,938350539,1828,0,0,0
46.2183,93813,938360538,1837,0,0,0
46.2279,93814,938370539,1835,0,0,0
46.2379,93815,938380538,1840,0,0,0
46.2479,93816,938390539,1840,0,0,0
46.2579,93817,938400539,1843,0,0,0
46.2680,93818,938410539,1839,0,0,0
46.2786,93819,938420538,1845,0,0,0
46.2877,93820,938430539,1847,0,0,0
46.2980,93821,938440539,1856,0,0,0
46.3079,93822,938450539,1840,0,0,0
46.3181,93823,938460539,1847,0,0,0
46.3279,93824,938470539,1854,0,0,0
46.3378,93825,938480538,1851,0,0,0
46.3478,93826,938490539,1843,0,0,0
46.3580,93827,938500539,1859,0,0,0
46.3678,93828,938510539,1855,0,0,0
46.3778,93829,938520539,1857,0,0,0
46.3880,93830,938530539,1855,0,0,0
46.3980,93831,938540539,1870,0,0,0
46.4080,93832,938550538,1850,0,0,0
46.4179,93833,938560539,1853,0,0,0
46.4279,93834,938570539,1846,0,0,0
46.4379,93835,938580539,1861,0,0,0
46.4480,93836,938590538,1856,0,0,0
46.4580,93837,938600539,1869,0,0,0
46.4679,93838,938610539,1867,0,0,0
46.4781,93839,938620538,1869,0,0,0
46.4878,93840,938630539,1873,0,0,0
46.4980,93841,938640539,1873,0,0,0
46.5082,93842,938650539,1871,0,0,0
46.5181,93843,938660538,1887,0,0,0
46.5279,93844,938670539,1872,0,0,0
46.5426,93845,938680539,1879,0,0,0
46.5478,93846,938690539,1874,0,0,0
46.5580,93847,938700539,1888,0,0,0
46.5678,93848,938710538,1874,0,0,0
46.5780,93849,938720539,1887,0,0,0
46.5879,93850,938730539,1872,0,0,0
46.5978,93851,938740539,1897,0,0,0
46.6080,93852,938750539,1892,0,0,0
46.6179,93853,938760539,1885,0,0,0
46.6278,93854,938770538,1882,0,0,0
46.6378,93855,938780539,1887,0,0,0
46.6480,93856,938790539,1882,0,0,0
46.6578,93857,938800538,1897,0,0,0
46.6679,93858,938810539,1889,0,0,0
46.6780,93859,938820539,1893,0,0,0
46.6880,93860,938830539,1893,0,0,0
46.6981,93861,938840538,1909,0,0,0
46.7082,93862,938850539,1927,0,0,0
46.7180,93863,938860539,1956,0,0,0
46.7280,93864,938870539,1970,0,0,0
46.7382,93865,938880539,2006,0,0,0
46.7483,93866,938890539,1975,0,0,0
46.7580,93867,938900539,1939,0,0,0
46.7681,93868,938910538,1890,0,0,0
46.7780,93869,938920539,1881,0,0,0
46.7881,93870,938930539,1865,0,0,0
46.7980,93871,938940538,1857,0,0,0
46.8083,93872,938950539,1840,0,0,0
46.8181,93873,938960539,1851,0,0,0
46.8281,93874,938970539,1841,0,0,0
46.8378,93875,938980538,1792,0,0,0
46.8479,93876,938990539,1513,0,0,0
46.8581,93877,939000538,1779,0,0,0
46.8679,93878,939010539,2942,0,0,0
46.8778,93879,939020539,3498,0,0,0
46.8879,93880,939030539,2096,0,0,0
46.8980,93881,939040538,1647,0,0,0
46.9081,93882,939050539,1814,0,0,0
46.9181,93883,939060539,1819,0,0,0
46.9280,93884,939070539,1755,0,0,0
46.9379,93885,939080539,1771,0,0,0
46.9480,93886,939090539,1787,0,0,0
46.9581,93887,939100539,1795,0,0,0
46.9680,93888,939110539,1775,0,0,0
46.9780,93889,939120539,1786,0,0,0
46.9879,93890,939130539,1795,0,0,0
46.9979,93891,939140538,1802,0,0,0
47.0079,93892,939150539,1802,0,0,0
47.0179,93893,939160539,1808,0,0,0
47.0286,93894,939170538,1809,0,0,0
47.0379,93895,939180539,1825,0,0,0
47.0478,93896,939190539,1824,0,0,0
47.0579,93897,939200539,1828,0,0,0
47.0679,93898,939210538,1835,0,0,0
47.0781,93899,939220538,1843,0,0,0
47.0879,93900,939230539,1858,0,0,0
47.0978,93901,939240538,1885,0,0,0
47.1078,93902,939250539,1891,0,0,0
47.1179,93903,939260538,1916,0,0,0
47.1279,93904,939270539,1936,0,0,0
47.1381,93905,939280538,1959,0,0,0
47.1480,93906,939290539,1960,0,0,0
47.1581,93907,939300539,1967,0,0,0
47.1681,93908,939310539,1947,0,0,0
47.1781,93909,939320539,1919,0,0,0
47.1881,93910,939330539,1883,0,0,0
47.1980,93911,939340538,1856,0,0,0
47.2081,93912,939350539,1827,0,0,0
47.2182,93913,939360539,1797,0,0,0
47.2286,93914,939370539,1783,0,0,0
47.2378,93915,939380539,1804,0,0,0
47.2480,93916,939390538,1789,0,0,0
47.2580,93917,939400538,1775,0,0,0
47.2678,93918,939410539,1779,0,0,0
47.2788,93919,939420539,1782,0,0,0
47.2879,93920,939430538,1778,0,0,0
47.2978,93921,939440539,1783,0,0,0
47.3080,93922,939450539,1794,0,0,0
47.3179,93923,939460539,1798,0,0,0
47.3279,93924,939470538,1808,0,0,0
47.3379,93925,939480538,1808,0,0,0
47.3478,93926,939490539,1811,0,0,0
47.3580,93927,939500539,1824,0,0,0
47.3679,93928,939510539,1815,0,0,0
47.3779,93929,939520539,1819,0,0,0
47.3879,93930,939530539,1825,0,0,0
47.3979,93931,939540539,1839,0,0,0
47.4081,93932,939550539,1828,0,0,0
47.4181,93933,939560539,1840,0,0,0
47.4281,93934,939570539,1830,0,0,0
47.4382,93935,939580539,1829,0,0,0
47.4480,93936,939590538,1829,0,0,0
47.4582,93937,939600539,1827,0,0,0
47.4681,93938,939610539,1839,0,0,0
47.4780,93939,939620539,1843,0,0,0
47.4883,93940,939630538,1840,0,0,0
47.4984,93941,939640539,1837,0,0,0
47.5081,93942,939650539,1834,0,0,0
47.5196,93943,939660539,1831,0,0,0
47.5281,93944,939670539,1814,0,0,0
47.5380,93945,939680539,1831,0,0,0
47.5479,93946,939690538,1840,0,0,0
47.5580,93947,939700539,1842,0,0,0
47.5678,93948,939710539,1850,0,0,0
47.5778,93949,939720539,1851,0,0,0
47.5878,93950,939730538,1856,0,0,0
47.5978,93951,939740539,1842,0,0,0
47.6080,93952,939750539,1825,0,0,0
47.6180,93953,939760539,1844,0,0,0
47.6281,93954,939770539,1841,0,0,0
47.6382,93955,939780539,1838,0,0,0
47.6481,93956,939790538,1850,0,0,0
47.6579,93957,939800538,1855,0,0,0
47.6679,93958,939810539,1870,0,0,0
47.6783,93959,939820539,1856,0,0,0
47.6882,93960,939830539,1845,0,0,0
47.6982,93961,939840539,1842,0,0,0
47.7083,93962,939850539,1862,0,0,0
47.7179,93963,939860539,1862,0,0,0
47.7281,93964,939870538,1846,0,0,0
47.7382,93965,939880539,1849,0,0,0
47.7479,93966,939890539,1868,0,0,0
47.7578,93967,939900539,1857,0,0,0
47.7680,93968,939910539,1872,0,0,0
47.7779,93969,939920538,1863,0,0,0
47.7881,93970,939930539,1872,0,0,0
47.7979,93971,939940539,1900,0,0,0
47.8080,93972,939950539,1924,0,0,0
47.8179,93973,939960539,1936,0,0,0
47.8279,93974,939970539,2000,0,0,0
47.8380,93975,939980539,1999,0,0,0
47.8480,93976,939990538,1977,0,0,0
47.8581,93977,940000539,1919,0,0,0
47.8678,93978,940010539,1878,0,0,0
47.8779,93979,940020539,1858,0,0,0
47.8881,93980,940030539,1858,0,0,0
47.8978,93981,940040539,1838,0,0,0
47.9079,93982,940050539,1842,0,0,0
47.9181,93983,940060539,1840,0,0,0
47.9279,93984,940070539,1834,0,0,0
47.9382,93985,940080538,1707,0,0,0
47.9480,93986,940090539,1519,0,0,0
47.9580,93987,940100539,1985,0,0,0
47.9681,93988,940110539,3446,0,0,0
47.9780,93989,940120539,2913,0,0,0
47.9879,93990,940130539,1926,0,0,0
47.9980,93991,940140538,1731,0,0,0
48.0079,93992,940150539,1831,0,0,0
48.0180,93993,940160539,1791,0,0,0
48.0279,93994,940170539,1751,0,0,0
48.0382,93995,940180538,1773,0,0,0
48.0479,93996,940190539,1775,0,0,0
48.0583,93997,940200538,1786,0,0,0
48.0679,93998,940210539,1794,0,0,0
48.0783,93999,940220539,1789,0,0,0
48.0879,94000,940230538,1795,0,0,0
48.0980,94001,940240539,1792,0,0,0
48.1079,94002,940250539,1793,0,0,0
48.1179,94003,940260538,1804,0,0,0
48.1278,94004,940270539,1809,0,0,0
48.1378,94005,940280538,1810,0,0,0
48.1479,94006,940290539,1827,0,0,0
48.1580,94007,940300538,1829,0,0,0
48.1681,94008,940310539,1847,0,0,0
48.1780,94009,940320539,1842,0,0,0
48.1881,94010,940330539,1858,0,0,0
48.1980,94011,940340539,1874,0,0,0
48.2082,94012,940350539,1891,0,0,0
48.2181,94013,940360539,1904,0,0,0
48.2285,94014,940370539,1927,0,0,0
48.2381,94015,940380538,1942,0,0,0
48.2485,94016,940390539,1959,0,0,0
48.2584,94017,940400539,1947,0,0,0
48.2679,94018,940410538,1935,0,0,0
48.2780,94019,940420538,1904,0,0,0
48.2879,94020,940430539,1873,0,0,0
48.2978,94021,940440539,1841,0,0,0
48.3079,94022,940450539,1823,0,0,0
48.3179,94023,940460538,1799,0,0,0
48.3283,94024,940470539,1792,0,0,0
48.3378,94025,940480539,1783,0,0,0
48.3479,94026,940490539,1782,0,0,0
48.3580,94027,940500539,1782,0,0,0
48.3678,94028,940510539,1790,0,0,0
48.3778,94029,940520538,1778,0,0,0
48.3881,94030,940530539,1791,0,0,0
48.3980,94031,940540539,1801,0,0,0
48.4081,94032,940550539,1807,0,0,0
48.4181,94033,940560538,1808,0,0,0
48.4281,94034,940570539,1823,0,0,0
48.4380,94035,940580539,1822,0,0,0
48.4486,94036,940590538,1837,0,0,0
48.4580,94037,940600539,1837,0,0,0
48.4680,94038,940610539,1849,0,0,0
48.4780,94039,940620538,1838,0,0,0
48.4880,94040,940630539,1845,0,0,0
48.4979,94041,940640538,1843,0,0,0
48.5081,94042,940650539,1846,0,0,0
48.5178,94043,940660538,1840,0,0,0
48.5289,94044,940670539,1854,0,0,0
48.5381,94045,940680539,1843,0,0,0
48.5479,94046,940690539,1847,0,0,0
48.5579,94047,940700539,1846,0,0,0
48.5680,94048,940710539,1843,0,0,0
48.5779,94049,940720539,1846,0,0,0
48.5878,94050,940730538,1850,0,0,0
48.5979,94051,940740539,1841,0,0,0
48.6078,94052,940750539,1852,0,0,0
48.6180,94053,940760539,1841,0,0,0
48.6279,94054,940770538,1851,0,0,0
48.6378,94055,940780539,1853,0,0,0
48.6478,94056,940790539,1857,0,0,0
48.6580,94057,940800539,1851,0,0,0
48.6680,94058,940810538,1861,0,0,0
48.6780,94059,940820538,1850,0,0,0
48.6882,94060,940830539,1861,0,0,0
48.6980,94061,940840539,1851,0,0,0
48.7082,94062,940850539,1847,0,0,0
48.7181,94063,940860538,1847,0,0,0
48.7285,94064,940870539,1867,0,0,0
48.7383,94065,940880539,1859,0,0,0
48.7481,94066,940890539,1869,0,0,0
48.7581,94067,940900538,1856,0,0,0
48.7677,94068,940910539,1866,0,0,0
48.7780,94069,940920539,1862,0,0,0
48.7877,94070,940930539,1867,0,0,0
48.7979,94071,940940539,1875,0,0,0
48.8081,94072,940950538,1872,0,0,0
48.8179,94073,940960538,1858,0,0,0
48.8280,94074,940970539,1865,0,0,0
48.8381,94075,940980538,1870,0,0,0
48.8479,94076,940990539,1872,0,0,0
48.8581,94077,941000539,1858,0,0,0
48.8680,94078,941010539,1866,0,0,0
48.8778,94079,941020538,1867,0,0,0
48.8879,94080,941030539,1881,0,0,0
48.8981,94081,941040539,1897,0,0,0
48.9079,94082,941050539,1922,0,0,0
48.9178,94083,941060539,1933,0,0,0
48.9281,94084,941070539,1991,0,0,0
48.9380,94085,941080539,1962,0,0,0
48.9479,94086,941090539,1932,0,0,0
48.9578,94087,941100538,1867,0,0,0
48.9678,94088,941110538,1849,0,0,0
48.9780,94089,941120538,1825,0,0,0
48.9881,94090,941130539,1835,0,0,0
48.9979,94091,941140539,1808,0,0,0
49.0081,94092,941150539,1813,0,0,0
49.0178,94093,941160538,1809,0,0,0
49.0289,94094,941170539,1778,0,0,0
49.0380,94095,941180539,1485,0,0,0
49.0483,94096,941190538,1670,0,0,0
49.0581,94097,941200538,2633,0,0,0
49.0688,94098,941210539,3726,0,0,0
49.0782,94099,941220539,2198,0,0,0
49.0881,94100,941230539,1616,0,0,0
49.0979,94101,941240539,1776,0,0,0
49.1081,94102,941250539,1806,0,0,0
49.1182,94103,941260539,1728,0,0,0
49.1280,94104,941270539,1744,0,0,0
49.1379,94105,941280539,1744,0,0,0
49.1479,94106,941290539,1759,0,0,0
49.1578,94107,941300538,1759,0,0,0
49.1681,94108,941310539,1787,0,0,0
49.1781,94109,941320539,1779,0,0,0
49.1880,94110,941330539,1791,0,0,0
49.1981,94111,941340539,1789,0,0,0
49.2081,94112,941350539,1803,0,0,0
49.2181,94113,941360539,1791,0,0,0
49.2282,94114,941370538,1809,0,0,0
49.2381,94115,941380538,1811,0,0,0
49.2480,94116,941390539,1835,0,0,0
49.2580,94117,941400539,1831,0,0,0
49.2678,94118,941410538,1871,0,0,0
49.2779,94119,941420538,1859,0,0,0
49.2879,94120,941430539,1891,0,0,0
49.2978,94121,941440539,1903,0,0,0
49.3079,94122,941450539,1915,0,0,0
49.3179,94123,941460538,1931,0,0,0
49.3278,94124,941470539,1966,0,0,0
49.3378,94125,941480539,1965,0,0,0
49.3479,94126,941490539,1970,0,0,0
49.3578,94127,941500538,1951,0,0,0
49.3680,94128,941510539,1938,0,0,0
49.3779,94129,941520539,1891,0,0,0
49.3882,94130,941530539,1872,0,0,0
49.3981,94131,941540539,1840,0,0,0
49.4083,94132,941550539,1818,0,0,0
49.4180,94133,941560538,1802,0,0,0
49.4282,94134,941570539,1805,0,0,0
49.4381,94135,941580539,1790,0,0,0
49.4483,94136,941590539,1767,0,0,0
49.4579,94137,941600539,1793,0,0,0
49.4680,94138,941610538,1797,0,0,0
49.4779,94139,941620538,1789,0,0,0
49.4880,94140,941630539,1806,0,0,0
49.4981,94141,941640539,1800,0,0,0
49.5079,94142,941650539,1806,0,0,0
49.5179,94143,941660539,1802,0,0,0
49.5281,94144,941670538,1810,0,0,0
49.5385,94145,941680538,1808,0,0,0
49.5478,94146,941690539,1825,0,0,0
49.5579,94147,941700539,1814,0,0,0
49.5679,94148,941710539,1825,0,0,0
49.5781,94149,941720539,1817,0,0,0
49.5878,94150,941730539,1836,0,0,0
49.5978,94151,941740539,1818,0,0,0
49.6080,94152,941750539,1831,0,0,0
49.6181,94153,941760538,1818,0,0,0
49.6279,94154,941770539,1841,0,0,0
49.6381,94155,941780539,1826,0,0,0
49.6480,94156,941790538,1828,0,0,0
49.6579,94157,941800539,1830,0,0,0
49.6680,94158,941810539,1837,0,0,0
49.6781,94159,941820539,1825,0,0,0
49.6881,94160,941830539,1845,0,0,0
49.6980,94161,941840539,1830,0,0,0
49.7081,94162,941850539,1841,0,0,0
49.7179,94163,941860538,1831,0,0,0
49.7280,94164,941870539,1840,0,0,0
49.7381,94165,941880539,1837,0,0,0
49.7482,94166,941890539,1847,0,0,0
49.7579,94167,941900539,1826,0,0,0
49.7679,94168,941910538,1831,0,0,0
49.7779,94169,941920539,1819,0,0,0
49.7880,94170,941930539,1841,0,0,0
49.7979,94171,941940539,1823,0,0,0
49.8079,94172,941950539,1827,0,0,0
49.8178,94173,941960539,1824,0,0,0
49.8278,94174,941970539,1842,0,0,0
49.8378,94175,941980539,1835,0,0,0
49.8479,94176,941990538,1843,0,0,0
49.8582,94177,942000539,1834,0,0,0
49.8679,94178,942010539,1844,0,0,0
49.8780,94179,942020538,1841,0,0,0
49.8879,94180,942030539,1839,0,0,0
49.8979,94181,942040538,1841,0,0,0
49.9081,94182,942050539,1859,0,0,0
49.9182,94183,942060539,1840,0,0,0
49.9282,94184,942070539,1855,0,0,0
49.9382,94185,942080538,1840,0,0,0
49.9483,94186,942090539,1854,0,0,0
49.9579,94187,942100538,1854,0,0,0
49.9678,94188,942110539,1857,0,0,0
49.9780,94189,942120539,1854,0,0,0
49.9881,94190,942130539,1879,0,0,0
49.9979,94191,942140539,1901,0,0,0
50.0107,94192,942150539,1914,0,0,0
50.0219,94193,942160539,1936,0,0,0
50.0283,94194,942170538,1990,0,0,0
50.0384,94195,942180539,1941,0,0,0
50.0482,94196,942190539,1934,0,0,0
50.0583,94197,942200539,1871,0,0,0
50.0693,94198,942210539,1842,0,0,0
50.0782,94199,942220539,1823,0,0,0
50.0879,94200,942230538,1826,0,0,0
50.0981,94201,942240539,1807,0,0,0
50.1081,94202,942250539,1808,0,0,0
50.1179,94203,942260538,1807,0,0,0
50.1279,94204,942270539,1786,0,0,0
50.1379,94205,942280539,1485,0,0,0
50.1479,94206,942290539,1659,0,0,0
50.1579,94207,942300539,2601,0,0,0
50.1680,94208,942310539,3719,0,0,0
50.1781,94209,942320539,2195,0,0,0
50.1879,94210,942330539,1665,0,0,0
50.2015,94211,942340539,1733,0,0,0
50.2114,94212,942350539,1801,0,0,0
50.2248,94213,942360539,1714,0,0,0
50.2279,94214,942370539,1728,0,0,0
50.2441,94215,942380539,1728,0,0,0
50.2479,94216,942390539,1755,0,0,0
50.2579,94217,942400539,1751,0,0,0
50.2679,94218,942410539,1766,0,0,0
50.2780,94219,942420539,1763,0,0,0
50.2882,94220,942430538,1777,0,0,0
50.2980,94221,942440538,1776,0,0,0
50.3079,94222,942450539,1779,0,0,0
50.3179,94223,942460538,1775,0,0,0
50.3281,94224,942470539,1789,0,0,0
50.3381,94225,942480538,1789,0,0,0
50.3479,94226,942490539,1807,0,0,0
50.3582,94227,942500538,1806,0,0,0
50.3680,94228,942510539,1826,0,0,0
50.3805,94229,942520538,1825,0,0,0
50.3924,94230,942530539,1856,0,0,0
50.4054,94231,942540538,1871,0,0,0
50.4079,94232,942550539,1902,0,0,0
50.4180,94233,942560539,1911,0,0,0
50.4279,94234,942570539,1931,0,0,0
50.4381,94235,942580539,1930,0,0,0
50.4480,94236,942590538,1953,0,0,0
50.4580,94237,942600539,1933,0,0,0
50.4679,94238,942610539,1904,0,0,0
50.4779,94239,942620539,1862,0,0,0
50.4879,94240,942630539,1845,0,0,0
50.4980,94241,942640538,1808,0,0,0
50.5079,94242,942650539,1786,0,0,0
50.5185,94243,942660539,1751,0,0,0
50.5284,94244,942670538,1755,0,0,0
50.5379,94245,942680539,1757,0,0,0
50.5483,94246,942690539,1775,0,0,0
50.5579,94247,942700539,1751,0,0,0
50.5692,94248,942710539,1759,0,0,0
50.5782,94249,942720539,1764,0,0,0
50.5878,94250,942730539,1777,0,0,0
50.6008,94251,942740539,1754,0,0,0
50.6079,94252,942750539,1770,0,0,0
50.6209,94253,942760539,1775,0,0,0
50.6280,94254,942770538,1791,0,0,0
50.6378,94255,942780538,1801,0,0,0
50.6478,94256,942790539,1803,0,0,0
50.6579,94257,942800539,1790,0,0,0
50.6681,94258,942810539,1798,0,0,0
50.6780,94259,942820539,1793,0,0,0
50.6880,94260,942830539,1827,0,0,0
50.6980,94261,942840538,1817,0,0,0
50.7080,94262,942850539,1817,0,0,0
50.7182,94263,942860539,1823,0,0,0
50.7281,94264,942870539,1822,0,0,0
50.7404,94265,942880539,1811,0,0,0
50.7480,94266,942890538,1828,0,0,0
50.7586,94267,942900539,1808,0,0,0
50.7680,94268,942910539,1814,0,0,0
50.7781,94269,942920539,1806,0,0,0
50.7884,94270,942930538,1797,0,0,0
50.7980,94271,942940539,1789,0,0,0
50.8079,94272,942950539,1804,0,0,0
50.8181,94273,942960538,1795,0,0,0
50.8280,94274,942970539,1809,0,0,0
50.8379,94275,942980539,1808,0,0,0
50.8483,94276,942990538,1808,0,0,0
50.8579,94277,943000539,1802,0,0,0
50.8680,94278,943010538,1809,0,0,0
50.8780,94279,943020538,1808,0,0,0
50.8879,94280,943030539,1817,0,0,0
50.8980,94281,943040539,1808,0,0,0
50.9078,94282,943050539,1807,0,0,0
50.9179,94283,943060538,1815,0,0,0
50.9280,94284,943070539,1810,0,0,0
50.9381,94285,943080539,1813,0,0,0
50.9480,94286,943090539,1818,0,0,0
50.9579,94287,943100538,1819,0,0,0
50.9681,94288,943110539,1825,0,0,0
50.9779,94289,943120539,1821,0,0,0
50.9880,94290,943130538,1829,0,0,0
50.9980,94291,943140538,1827,0,0,0
51.0080,94292,943150539,1831,0,0,0
51.0178,94293,943160538,1826,0,0,0
51.0279,94294,943170539,1840,0,0,0
51.0382,94295,943180538,1851,0,0,0
51.0479,94296,943190539,1879,0,0,0
51.0578,94297,943200539,1894,0,0,0
51.0679,94298,943210538,1925,0,0,0
51.0781,94299,943220539,1945,0,0,0
51.0878,94300,943230538,1937,0,0,0
51.0979,94301,943240539,1890,0,0,0
51.1082,94302,943250539,1836,0,0,0
51.1184,94303,943260539,1823,0,0,0
51.1281,94304,943270539,1825,0,0,0
51.1379,94305,943280538,1803,0,0,0
51.1480,94306,943290539,1808,0,0,0
51.1579,94307,943300539,1806,0,0,0
51.1679,94308,943310538,1808,0,0,0
51.1781,94309,943320539,1733,0,0,0
51.1880,94310,943330539,1493,0,0,0
51.1980,94311,943340539,1861,0,0,0
51.2080,94312,943350538,3166,0,0,0
51.2178,94313,943360539,3200,0,0,0
51.2279,94314,943370539,1987,0,0,0
51.2378,94315,943380538,1674,0,0,0
51.2479,94316,943390539,1809,0,0,0
51.2580,94317,943400539,1789,0,0,0
51.2679,94318,943410538,1757,0,0,0
51.2781,94319,943420538,1765,0,0,0
51.2878,94320,943430539,1773,0,0,0
51.2978,94321,943440539,1787,0,0,0
51.3080,94322,943450538,1795,0,0,0
51.3179,94323,943460539,1808,0,0,0
51.3281,94324,943470539,1817,0,0,0
51.3379,94325,943480539,1831,0,0,0
51.3480,94326,943490539,1830,0,0,0
51.3579,94327,943500538,1834,0,0,0
51.3680,94328,943510539,1839,0,0,0
51.3779,94329,943520539,1856,0,0,0
51.3878,94330,943530539,1850,0,0,0
51.3979,94331,943540539,1847,0,0,0
51.4079,94332,943550538,1855,0,0,0
51.4179,94333,943560538,1872,0,0,0
51.4280,94334,943570539,1887,0,0,0
51.4379,94335,943580539,1894,0,0,0
51.4479,94336,943590539,1921,0,0,0
51.4579,94337,943600539,1937,0,0,0
51.4679,94338,943610539,1950,0,0,0
51.4778,94339,943620539,1966,0,0,0
51.4880,94340,943630538,1982,0,0,0
51.4979,94341,943640539,1963,0,0,0
51.5079,94342,943650539,1954,0,0,0
51.5192,94343,943660539,1930,0,0,0
51.5289,94344,943670539,1902,0,0,0
51.5378,94345,943680539,1875,0,0,0
51.5480,94346,943690539,1842,0,0,0
51.5579,94347,943700538,1831,0,0,0
51.5681,94348,943710539,1822,0,0,0
51.5779,94349,943720539,1813,0,0,0
51.5879,94350,943730539,1808,0,0,0
51.5978,94351,943740539,1807,0,0,0
51.6080,94352,943750539,1807,0,0,0
51.6179,94353,943760539,1807,0,0,0
51.6278,94354,943770538,1806,0,0,0
51.6379,94355,943780539,1812,0,0,0
51.6478,94356,943790539,1808,0,0,0
51.6579,94357,943800539,1818,0,0,0
51.6679,94358,943810539,1824,0,0,0
51.6779,94359,943820539,1830,0,0,0
51.6878,94360,943830538,1823,0,0,0
51.6980,94361,943840538,1825,0,0,0
51.7079,94362,943850539,1828,0,0,0
51.7178,94363,943860539,1841,0,0,0
51.7280,94364,943870539,1840,0,0,0
51.7378,94365,943880539,1841,0,0,0
51.7479,94366,943890539,1840,0,0,0
51.7580,94367,943900538,1835,0,0,0
51.7678,94368,943910539,1834,0,0,0
51.7779,94369,943920539,1842,0,0,0
51.7880,94370,943930538,1840,0,0,0
51.7980,94371,943940538,1831,0,0,0
51.8079,94372,943950539,1835,0,0,0
51.8180,94373,943960539,1841,0,0,0
51.8279,94374,943970538,1840,0,0,0
51.8379,94375,943980538,1827,0,0,0
51.8480,94376,943990539,1840,0,0,0
51.8579,94377,944000539,1861,0,0,0
51.8679,94378,944010539,1829,0,0,0
51.8780,94379,944020539,1840,0,0,0
51.8880,94380,944030539,1840,0,0,0
51.8979,94381,944040539,1840,0,0,0
51.9079,94382,944050539,1842,0,0,0
51.9179,94383,944060539,1844,0,0,0
51.9279,94384,944070538,1840,0,0,0
51.9379,94385,944080539,1853,0,0,0
51.9480,94386,944090539,1856,0,0,0
51.9579,94387,944100538,1872,0,0,0
51.9679,94388,944110539,1854,0,0,0
51.9780,94389,944120538,1854,0,0,0
51.9879,94390,944130539,1870,0,0,0
51.9980,94391,944140539,1863,0,0,0
52.0081,94392,944150539,1863,0,0,0
52.0182,94393,944160539,1865,0,0,0
52.0280,94394,944170538,1862,0,0,0
52.0379,94395,944180539,1867,0,0,0
52.0480,94396,944190539,1863,0,0,0
52.0581,94397,944200538,1872,0,0,0
52.0679,94398,944210539,1859,0,0,0
52.0779,94399,944220539,1872,0,0,0
52.0879,94400,944230539,1889,0,0,0
52.0979,94401,944240539,1878,0,0,0
52.1078,94402,944250539,1871,0,0,0
52.1180,94403,944260539,1879,0,0,0
52.1280,94404,944270538,1872,0,0,0
52.1380,94405,944280539,1903,0,0,0
52.1481,94406,944290538,1925,0,0,0
52.1581,94407,944300539,1933,0,0,0
52.1680,94408,944310539,1957,0,0,0
52.1781,94409,944320539,1993,0,0,0
52.1880,94410,944330539,1967,0,0,0
52.1980,94411,944340539,1936,0,0,0
52.2082,94412,944350539,1872,0,0,0
52.2178,94413,944360538,1866,0,0,0
52.2279,94414,944370539,1843,0,0,0
52.2380,94415,944380539,1845,0,0,0
52.2479,94416,944390538,1824,0,0,0
52.2580,94417,944400538,1825,0,0,0
52.2681,94418,944410539,1808,0,0,0
52.2777,94419,944420539,1762,0,0,0
52.2878,94420,944430538,1481,0,0,0
52.2979,94421,944440539,1774,0,0,0
52.3080,94422,944450539,2966,0,0,0
52.3179,94423,944460539,3463,0,0,0
52.3278,94424,944470538,2069,0,0,0
52.3378,94425,944480539,1619,0,0,0
52.3479,94426,944490538,1818,0,0,0
52.3579,94427,944500539,1799,0,0,0
52.3683,94428,944510539,1746,0,0,0
52.3779,94429,944520539,1776,0,0,0
52.3880,94430,944530539,1774,0,0,0
52.3979,94431,944540538,1781,0,0,0
52.4079,94432,944550539,1786,0,0,0
52.4180,94433,944560539,1794,0,0,0
52.4280,94434,944570539,1794,0,0,0
52.4379,94435,944580538,1807,0,0,0
52.4479,94436,944590538,1791,0,0,0
52.4579,94437,944600539,1802,0,0,0
52.4679,94438,944610538,1795,0,0,0
52.4779,94439,944620538,1803,0,0,0
52.4881,94440,944630539,1810,0,0,0
52.4980,94441,944640539,1827,0,0,0
52.5079,94442,944650539,1828,0,0,0
52.5179,94443,944660539,1845,0,0,0
52.5279,94444,944670539,1856,0,0,0
52.5378,94445,944680538,1884,0,0,0
52.5478,94446,944690539,1885,0,0,0
52.5579,94447,944700538,1918,0,0,0
52.5678,94448,944710539,1922,0,0,0
52.5778,94449,944720539,1957,0,0,0
52.5878,94450,944730538,1946,0,0,0
52.5978,94451,944740539,1959,0,0,0
52.6079,94452,944750539,1938,0,0,0
52.6179,94453,944760539,1926,0,0,0
52.6279,94454,944770539,1872,0,0,0
52.6378,94455,944780539,1846,0,0,0
52.6479,94456,944790539,1815,0,0,0
52.6579,94457,944800539,1811,0,0,0
52.6679,94458,944810539,1793,0,0,0
52.6780,94459,944820539,1776,0,0,0
52.6881,94460,944830539,1777,0,0,0
52.6982,94461,944840539,1779,0,0,0
52.7080,94462,944850539,1769,0,0,0
52.7178,94463,944860539,1793,0,0,0
52.7282,94464,944870539,1767,0,0,0
52.7380,94465,944880538,1790,0,0,0
52.7480,94466,944890539,1787,0,0,0
52.7579,94467,944900539,1801,0,0,0
52.7679,94468,944910538,1796,0,0,0
52.7781,94469,944920539,1798,0,0,0
52.7880,94470,944930539,1792,0,0,0
52.7983,94471,944940538,1811,0,0,0
52.8081,94472,944950539,1809,0,0,0
52.8180,94473,944960539,1813,0,0,0
52.8279,94474,944970539,1811,0,0,0
52.8380,94475,944980539,1837,0,0,0
52.8479,94476,944990539,1842,0,0,0
52.8579,94477,945000539,1826,0,0,0
52.8679,94478,945010538,1810,0,0,0
52.8778,94479,945020539,1825,0,0,0
52.8880,94480,945030539,1810,0,0,0
52.8980,94481,945040539,1835,0,0,0
52.9078,94482,945050538,1806,0,0,0
52.9179,94483,945060539,1809,0,0,0
52.9281,94484,945070539,1825,0,0,0
52.9380,94485,945080539,1833,0,0,0
52.9480,94486,945090539,1815,0,0,0
52.9579,94487,945100539,1840,0,0,0
52.9679,94488,945110538,1834,0,0,0
52.9778,94489,945120538,1844,0,0,0
52.9881,94490,945130539,1822,0,0,0
52.9979,94491,945140539,1829,0,0,0
53.0079,94492,945150538,1820,0,0,0
53.0180,94493,945160539,1841,0,0,0
53.0284,94494,945170539,1839,0,0,0
53.0379,94495,945180539,1840,0,0,0
53.0479,94496,945190539,1835,0,0,0
53.0580,94497,945200539,1851,0,0,0
53.0682,94498,945210538,1845,0,0,0
53.0781,94499,945220539,1869,0,0,0
53.0878,94500,945230539,1840,0,0,0
53.0978,94501,945240539,1835,0,0,0
53.1080,94502,945250538,1827,0,0,0
53.1179,94503,945260538,1855,0,0,0
53.1280,94504,945270539,1843,0,0,0
53.1381,94505,945280538,1856,0,0,0
53.1480,94506,945290539,1855,0,0,0
53.1580,94507,945300539,1861,0,0,0
53.1680,94508,945310538,1843,0,0,0
53.1778,94509,945320539,1853,0,0,0
53.1879,94510,945330539,1841,0,0,0
53.1981,94511,945340539,1855,0,0,0
53.2080,94512,945350539,1850,0,0,0
53.2178,94513,945360539,1850,0,0,0
53.2280,94514,945370538,1842,0,0,0
53.2379,94515,945380538,1872,0,0,0
53.2480,94516,945390539,1881,0,0,0
53.2579,94517,945400539,1909,0,0,0
53.2677,94518,945410538,1926,0,0,0
53.2823,94519,945420539,1974,0,0,0
53.2878,94520,945430539,1957,0,0,0
53.2978,94521,945440538,1937,0,0,0
53.3079,94522,945450539,1865,0,0,0
53.3179,94523,945460539,1853,0,0,0
53.3279,94524,945470539,1840,0,0,0
53.3378,94525,945480539,1839,0,0,0
53.3479,94526,945490539,1819,0,0,0
53.3580,94527,945500539,1829,0,0,0
53.3679,94528,945510539,1816,0,0,0
53.3779,94529,945520539,1821,0,0,0
53.3880,94530,945530538,1553,0,0,0
53.3979,94531,945540539,1626,0,0,0
53.4078,94532,945550539,2448,0,0,0
53.4179,94533,945560539,3778,0,0,0
53.4282,94534,945570538,2285,0,0,0
53.4380,94535,945580539,1796,0,0,0
53.4480,94536,945590539,1739,0,0,0
53.4582,94537,945600539,1840,0,0,0
53.4680,94538,945610539,1762,0,0,0
53.4778,94539,945620538,1758,0,0,0
53.4880,94540,945630539,1773,0,0,0
53.4979,94541,945640539,1783,0,0,0
53.5079,94542,945650538,1786,0,0,0
53.5179,94543,945660538,1799,0,0,0
53.5278,94544,945670539,1792,0,0,0
53.5380,94545,945680539,1796,0,0,0
53.5480,94546,945690539,1797,0,0,0
53.5579,94547,945700539,1808,0,0,0
53.5679,94548,945710538,1799,0,0,0
53.5781,94549,945720538,1809,0,0,0
53.5878,94550,945730539,1808,0,0,0
53.5979,94551,945740539,1824,0,0,0
53.6084,94552,945750539,1823,0,0,0
53.6180,94553,945760538,1845,0,0,0
53.6281,94554,945770539,1845,0,0,0
53.6379,94555,945780538,1872,0,0,0
53.6478,94556,945790539,1889,0,0,0
53.6580,94557,945800539,1898,0,0,0
53.6680,94558,945810539,1917,0,0,0
53.6778,94559,945820539,1936,0,0,0
53.6879,94560,945830539,1949,0,0,0
53.6980,94561,945840539,1957,0,0,0
53.7079,94562,945850538,1936,0,0,0
53.7180,94563,945860538,1936,0,0,0
53.7280,94564,945870539,1887,0,0,0
53.7378,94565,945880539,1872,0,0,0
53.7479,94566,945890538,1825,0,0,0
53.7580,94567,945900539,1816,0,0,0
53.7678,94568,945910539,1792,0,0,0
53.7779,94569,945920538,1791,0,0,0
53.7880,94570,945930539,1777,0,0,0
53.7980,94571,945940539,1789,0,0,0
53.8080,94572,945950538,1778,0,0,0
53.8180,94573,945960539,1779,0,0,0
53.8280,94574,945970539,1777,0,0,0
53.8379,94575,945980539,1796,0,0,0
53.8479,94576,945990538,1783,0,0,0
53.8579,94577,946000539,1792,0,0,0
53.8679,94578,946010539,1795,0,0,0
53.8781,94579,946020538,1814,0,0,0
53.8878,94580,946030539,1810,0,0,0
53.8978,94581,946040539,1819,0,0,0
53.9080,94582,946050539,1820,0,0,0
53.9180,94583,946060539,1823,0,0,0
53.9278,94584,946070539,1830,0,0,0
53.9379,94585,946080539,1831,0,0,0
53.9481,94586,946090539,1819,0,0,0
53.9580,94587,946100539,1829,0,0,0
53.9681,94588,946110539,1833,0,0,0
53.9782,94589,946120539,1830,0,0,0
53.9882,94590,946130539,1815,0,0,0
53.9980,94591,946140538,1819,0,0,0
54.0082,94592,946150539,1817,0,0,0
54.0186,94593,946160539,1840,0,0,0
54.0284,94594,946170539,1820,0,0,0
54.0379,94595,946180538,1834,0,0,0
54.0479,94596,946190539,1825,0,0,0
54.0581,94597,946200539,1826,0,0,0
54.0680,94598,946210539,1821,0,0,0
54.0778,94599,946220539,1829,0,0,0
54.0879,94600,946230539,1839,0,0,0
54.0978,94601,946240539,1835,0,0,0
54.1079,94602,946250539,1829,0,0,0
54.1180,94603,946260539,1840,0,0,0
54.1280,94604,946270539,1831,0,0,0
54.1380,94605,946280538,1831,0,0,0
54.1481,94606,946290539,1825,0,0,0
54.1580,94607,946300539,1842,0,0,0
54.1681,94608,946310539,1838,0,0,0
54.1787,94609,946320539,1830,0,0,0
54.1882,94610,946330539,1824,0,0,0
54.1978,94611,946340538,1839,0,0,0
54.2080,94612,946350538,1840,0,0,0
54.2178,94613,946360538,1842,0,0,0
54.2280,94614,946370539,1826,0,0,0
54.2379,94615,946380539,1840,0,0,0
54.2480,94616,946390538,1839,0,0,0
54.2580,94617,946400539,1842,0,0,0
54.2678,94618,946410539,1846,0,0,0
54.2777,94619,946420539,1855,0,0,0
54.2884,94620,946430539,1841,0,0,0
54.2980,94621,946440539,1854,0,0,0
54.3078,94622,946450539,1853,0,0,0
54.3177,94623,946460538,1872,0,0,0
54.3280,94624,946470539,1900,0,0,0
54.3378,94625,946480538,1919,0,0,0
54.3478,94626,946490539,1958,0,0,0
54.3582,94627,946500539,1965,0,0,0
54.3680,94628,946510539,1941,0,0,0
54.3778,94629,946520539,1904,0,0,0
54.3878,94630,946530539,1852,0,0,0
54.3978,94631,946540538,1847,0,0,0
54.4078,94632,946550539,1836,0,0,0
54.4180,94633,946560538,1823,0,0,0
54.4278,94634,946570539,1815,0,0,0
54.4379,94635,946580539,1824,0,0,0
54.4481,94636,946590539,1810,0,0,0
54.4580,94637,946600538,1690,0,0,0
54.4680,94638,946610539,1493,0,0,0
54.4780,94639,946620538,1939,0,0,0
54.4881,94640,946630539,3472,0,0,0
54.4981,94641,946640539,3027,0,0,0
54.5086,94642,946650539,1900,0,0,0
54.5180,94643,946660539,1637,0,0,0
54.5279,94644,946670539,1837,0,0,0
54.5380,94645,946680538,1771,0,0,0
54.5479,94646,946690539,1739,0,0,0
54.5578,94647,946700539,1763,0,0,0
54.5678,94648,946710538,1762,0,0,0
54.5781,94649,946720538,1771,0,0,0
54.5881,94650,946730539,1776,0,0,0
54.5981,94651,946740539,1785,0,0,0
54.6078,94652,946750538,1793,0,0,0
54.6179,94653,946760539,1795,0,0,0
54.6280,94654,946770539,1806,0,0,0
54.6379,94655,946780539,1799,0,0,0
54.6480,94656,946790539,1803,0,0,0
54.6578,94657,946800539,1809,0,0,0
54.6679,94658,946810539,1808,0,0,0
54.6782,94659,946820538,1827,0,0,0
54.6886,94660,946830539,1828,0,0,0
54.6980,94661,946840539,1849,0,0,0
54.7086,94662,946850539,1860,0,0,0
54.7179,94663,946860538,1875,0,0,0
54.7283,94664,946870539,1895,0,0,0
54.7382,94665,946880539,1930,0,0,0
54.7482,94666,946890538,1936,0,0,0
54.7581,94667,946900539,1952,0,0,0
54.7678,94668,946910538,1951,0,0,0
54.7779,94669,946920539,1953,0,0,0
54.7878,94670,946930539,1929,0,0,0
54.7979,94671,946940538,1904,0,0,0
54.8080,94672,946950539,1868,0,0,0
54.8178,94673,946960539,1845,0,0,0
54.8281,94674,946970539,1787,0,0,0
54.8378,94675,946980539,1791,0,0,0
54.8478,94676,946990539,1795,0,0,0
54.8578,94677,947000539,1782,0,0,0
54.8679,94678,947010539,1770,0,0,0
54.8779,94679,947020538,1778,0,0,0
54.8880,94680,947030539,1789,0,0,0
54.8979,94681,947040539,1799,0,0,0
54.9080,94682,947050539,1790,0,0,0
54.9180,94683,947060539,1794,0,0,0
54.9284,94684,947070539,1805,0,0,0
54.9381,94685,947080538,1806,0,0,0
54.9485,94686,947090539,1797,0,0,0
54.9580,94687,947100539,1805,0,0,0
54.9680,94688,947110539,1809,0,0,0
54.9779,94689,947120539,1808,0,0,0
54.9880,94690,947130539,1815,0,0,0
54.9979,94691,947140539,1819,0,0,0
55.0079,94692,947150539,1821,0,0,0
55.0179,94693,947160539,1835,0,0,0
55.0279,94694,947170538,1824,0,0,0
55.0379,94695,947180539,1824,0,0,0
55.0481,94696,947190539,1830,0,0,0
55.0579,94697,947200539,1818,0,0,0
55.0677,94698,947210539,1827,0,0,0
55.0780,94699,947220538,1824,0,0,0
55.0878,94700,947230539,1828,0,0,0
55.0978,94701,947240539,1827,0,0,0
55.1080,94702,947250538,1817,0,0,0
55.1179,94703,947260539,1824,0,0,0
55.1279,94704,947270539,1833,0,0,0
55.1383,94705,947280539,1839,0,0,0
55.1482,94706,947290539,1835,0,0,0
55.1578,94707,947300539,1831,0,0,0
55.1682,94708,947310539,1828,0,0,0
55.1785,94709,947320538,1827,0,0,0
55.1881,94710,947330539,1840,0,0,0
55.1980,94711,947340539,1843,0,0,0
55.2085,94712,947350539,1834,0,0,0
55.2181,94713,947360539,1840,0,0,0
55.2286,94714,947370539,1849,0,0,0
55.2381,94715,947380539,1854,0,0,0
55.2478,94716,947390538,1846,0,0,0
55.2583,94717,947400539,1849,0,0,0
55.2680,94718,947410539,1854,0,0,0
55.2805,94719,947420538,1847,0,0,0
55.2879,94720,947430539,1851,0,0,0
55.2977,94721,947440539,1854,0,0,0
55.3081,94722,947450538,1858,0,0,0
55.3178,94723,947460538,1854,0,0,0
55.3278,94724,947470539,1856,0,0,0
55.3382,94725,947480539,1856,0,0,0
55.3478,94726,947490539,1859,0,0,0
55.3578,94727,947500539,1867,0,0,0
55.3679,94728,947510539,1874,0,0,0
55.3780,94729,947520539,1861,0,0,0
55.3881,94730,947530539,1866,0,0,0
55.3979,94731,947540539,1865,0,0,0
55.4078,94732,947550539,1869,0,0,0
55.4178,94733,947560539,1861,0,0,0
55.4280,94734,947570539,1868,0,0,0
55.4379,94735,947580539,1878,0,0,0
55.4480,94736,947590539,1901,0,0,0
55.4579,94737,947600539,1914,0,0,0
55.4679,94738,947610539,1923,0,0,0
55.4780,94739,947620539,1974,0,0,0
55.4880,94740,947630539,1967,0,0,0
55.4980,94741,947640539,1955,0,0,0
55.5082,94742,947650538,1903,0,0,0
55.5179,94743,947660539,1851,0,0,0
55.5287,94744,947670539,1837,0,0,0
55.5381,94745,947680539,1834,0,0,0
55.5479,94746,947690539,1826,0,0,0
55.5579,94747,947700538,1818,0,0,0
55.5680,94748,947710539,1824,0,0,0
55.5784,94749,947720539,1823,0,0,0
55.5878,94750,947730539,1648,0,0,0
55.5979,94751,947740539,1495,0,0,0
55.6078,94752,947750539,2052,0,0,0
55.6178,94753,947760539,3758,0,0,0
55.6279,94754,947770538,2809,0,0,0
55.6379,94755,947780538,1789,0,0,0
55.6479,94756,947790539,1659,0,0,0
55.6580,94757,947800539,1833,0,0,0
55.6679,94758,947810538,1761,0,0,0
55.6778,94759,947820539,1739,0,0,0
55.6881,94760,947830539,1766,0,0,0
55.6981,94761,947840539,1766,0,0,0
55.7079,94762,947850539,1775,0,0,0
55.7180,94763,947860538,1776,0,0,0
55.7282,94764,947870539,1779,0,0,0
55.7381,94765,947880539,1779,0,0,0
55.7482,94766,947890538,1803,0,0,0
55.7589,94767,947900539,1798,0,0,0
55.7677,94768,947910539,1801,0,0,0
55.7787,94769,947920539,1808,0,0,0
55.7878,94770,947930538,1823,0,0,0
55.7989,94771,947940538,1818,0,0,0
55.8080,94772,947950539,1824,0,0,0
55.8179,94773,947960538,1833,0,0,0
55.8281,94774,947970539,1842,0,0,0
55.8378,94775,947980539,1844,0,0,0
55.8479,94776,947990538,1877,0,0,0
55.8580,94777,948000539,1890,0,0,0
55.8679,94778,948010539,1933,0,0,0
55.8780,94779,948020539,1939,0,0,0
55.8882,94780,948030539,1962,0,0,0
55.8981,94781,948040539,1953,0,0,0
55.9081,94782,948050538,1936,0,0,0
55.9181,94783,948060539,1921,0,0,0
55.9279,94784,948070539,1907,0,0,0
55.9381,94785,948080539,1871,0,0,0
55.9480,94786,948090538,1832,0,0,0
55.9581,94787,948100539,1808,0,0,0
55.9679,94788,948110539,1799,0,0,0
55.9781,94789,948120539,1791,0,0,0
55.9883,94790,948130539,1776,0,0,0
55.9980,94791,948140538,1764,0,0,0
56.0081,94792,948150539,1783,0,0,0
56.0179,94793,948160539,1776,0,0,0
56.0280,94794,948170539,1798,0,0,0
56.0379,94795,948180538,1778,0,0,0
56.0480,94796,948190539,1787,0,0,0
56.0580,94797,948200539,1787,0,0,0
56.0680,94798,948210539,1795,0,0,0
56.0778,94799,948220539,1791,0,0,0
56.0881,94800,948230539,1808,0,0,0
56.0979,94801,948240538,1797,0,0,0
56.1078,94802,948250539,1802,0,0,0
56.1179,94803,948260539,1799,0,0,0
56.1279,94804,948270539,1808,0,0,0
56.1381,94805,948280539,1807,0,0,0
56.1479,94806,948290538,1822,0,0,0
56.1580,94807,948300539,1806,0,0,0
56.1680,94808,948310539,1818,0,0,0
56.1779,94809,948320539,1814,0,0,0
56.1883,94810,948330539,1823,0,0,0
56.1982,94811,948340538,1811,0,0,0
56.2082,94812,948350539,1815,0,0,0
56.2180,94813,948360539,1806,0,0,0
56.2281,94814,948370539,1811,0,0,0
56.2380,94815,948380539,1817,0,0,0
56.2482,94816,948390539,1834,0,0,0
56.2581,94817,948400538,1815,0,0,0
56.2679,94818,948410539,1830,0,0,0
56.2789,94819,948420539,1815,0,0,0
56.2880,94820,948430539,1823,0,0,0
56.2979,94821,948440538,1829,0,0,0
56.3078,94822,948450539,1839,0,0,0
56.3178,94823,948460538,1824,0,0,0
56.3279,94824,948470539,1847,0,0,0
56.3380,94825,948480539,1840,0,0,0
56.3481,94826,948490539,1840,0,0,0
56.3580,94827,948500538,1842,0,0,0
56.3678,94828,948510539,1840,0,0,0
56.3778,94829,948520539,1824,0,0,0
56.3879,94830,948530539,1854,0,0,0
56.3978,94831,948540538,1854,0,0,0
56.4079,94832,948550539,1857,0,0,0
56.4179,94833,948560539,1842,0,0,0
56.4280,94834,948570538,1840,0,0,0
56.4378,94835,948580539,1831,0,0,0
56.4480,94836,948590539,1840,0,0,0
56.4579,94837,948600539,1841,0,0,0
56.4679,94838,948610538,1849,0,0,0
56.4781,94839,948620539,1840,0,0,0
56.4881,94840,948630539,1840,0,0,0
56.4980,94841,948640539,1850,0,0,0
56.5082,94842,948650539,1873,0,0,0
56.5178,94843,948660538,1881,0,0,0
56.5280,94844,948670539,1914,0,0,0
56.5383,94845,948680538,1911,0,0,0
56.5480,94846,948690539,1993,0,0,0
56.5579,94847,948700538,1957,0,0,0
56.5678,94848,948710539,1939,0,0,0
56.5780,94849,948720538,1872,0,0,0
56.5880,94850,948730539,1856,0,0,0
56.5978,94851,948740539,1823,0,0,0
56.6079,94852,948750539,1825,0,0,0
56.6179,94853,948760539,1811,0,0,0
56.6279,94854,948770539,1811,0,0,0
56.6378,94855,948780539,1804,0,0,0
56.6478,94856,948790538,1820,0,0,0
56.6580,94857,948800539,1572,0,0,0
56.6680,94858,948810539,1581,0,0,0
56.6779,94859,948820539,2285,0,0,0
56.6880,94860,948830539,3831,0,0,0
56.6981,94861,948840539,2411,0,0,0
56.7080,94862,948850538,1821,0,0,0
56.7179,94863,948860539,1727,0,0,0
56.7282,94864,948870539,1839,0,0,0
56.7382,94865,948880538,1753,0,0,0
56.7482,94866,948890539,1754,0,0,0
56.7580,94867,948900539,1763,0,0,0
56.7680,94868,948910538,1777,0,0,0
56.7784,94869,948920539,1775,0,0,0
56.7887,94870,948930539,1791,0,0,0
56.7981,94871,948940539,1793,0,0,0
56.8081,94872,948950538,1808,0,0,0
56.8181,94873,948960538,1802,0,0,0
56.8286,94874,948970539,1815,0,0,0
56.8380,94875,948980539,1812,0,0,0
56.8483,94876,948990538,1825,0,0,0
56.8581,94877,949000539,1823,0,0,0
56.8679,94878,949010539,1840,0,0,0
56.8778,94879,949020539,1824,0,0,0
56.8878,94880,949030538,1833,0,0,0
56.8978,94881,949040538,1843,0,0,0
56.9079,94882,949050539,1863,0,0,0
56.9178,94883,949060538,1872,0,0,0
56.9282,94884,949070539,1904,0,0,0
56.9379,94885,949080539,1910,0,0,0
56.9480,94886,949090539,1933,0,0,0
56.9580,94887,949100539,1940,0,0,0
56.9679,94888,949110539,1948,0,0,0
56.9778,94889,949120539,1941,0,0,0
56.9878,94890,949130538,1927,0,0,0
56.9980,94891,949140538,1900,0,0,0
57.0079,94892,949150539,1867,0,0,0
57.0186,94893,949160539,1838,0,0,0
57.0280,94894,949170539,1817,0,0,0
57.0380,94895,949180539,1808,0,0,0
57.0480,94896,949190539,1803,0,0,0
57.0579,94897,949200538,1774,0,0,0
57.0679,94898,949210539,1808,0,0,0
57.0778,94899,949220539,1790,0,0,0
57.0879,94900,949230539,1804,0,0,0
57.0978,94901,949240538,1809,0,0,0
57.1079,94902,949250539,1801,0,0,0
57.1179,94903,949260538,1808,0,0,0
57.1279,94904,949270539,1805,0,0,0
57.1380,94905,949280539,1799,0,0,0
57.1479,94906,949290539,1813,0,0,0
57.1579,94907,949300539,1819,0,0,0
57.1679,94908,949310538,1827,0,0,0
57.1779,94909,949320539,1823,0,0,0
57.1879,94910,949330539,1835,0,0,0
57.1980,94911,949340539,1837,0,0,0
57.2079,94912,949350538,1835,0,0,0
57.2178,94913,949360538,1821,0,0,0
57.2280,94914,949370539,1829,0,0,0
57.2378,94915,949380539,1851,0,0,0
57.2477,94916,949390539,1830,0,0,0
57.2580,94917,949400539,1823,0,0,0
57.2680,94918,949410539,1821,0,0,0
57.2778,94919,949420538,1826,0,0,0
57.2878,94920,949430539,1827,0,0,0
57.2978,94921,949440538,1811,0,0,0
57.3079,94922,949450539,1817,0,0,0
57.3180,94923,949460539,1810,0,0,0
57.3278,94924,949470538,1817,0,0,0
57.3379,94925,949480539,1819,0,0,0
57.3481,94926,949490539,1827,0,0,0
57.3579,94927,949500538,1818,0,0,0
57.3679,94928,949510539,1830,0,0,0
57.3779,94929,949520539,1827,0,0,0
57.3878,94930,949530539,1823,0,0,0
57.3978,94931,949540538,1823,0,0,0
57.4079,94932,949550539,1840,0,0,0
57.4178,94933,949560538,1840,0,0,0
57.4280,94934,949570539,1829,0,0,0
57.4378,94935,949580538,1829,0,0,0
57.4478,94936,949590539,1850,0,0,0
57.4579,94937,949600539,1838,0,0,0
57.4679,94938,949610538,1840,0,0,0
57.4778,94939,949620539,1840,0,0,0
57.4879,94940,949630539,1854,0,0,0
57.4978,94941,949640539,1839,0,0,0
57.5078,94942,949650539,1840,0,0,0
57.5179,94943,949660539,1839,0,0,0
57.5283,94944,949670539,1855,0,0,0
57.5379,94945,949680539,1856,0,0,0
57.5479,94946,949690539,1854,0,0,0
57.5581,94947,949700538,1846,0,0,0
57.5680,94948,949710539,1862,0,0,0
57.5779,94949,949720539,1874,0,0,0
57.5878,94950,949730538,1889,0,0,0
57.5980,94951,949740538,1910,0,0,0
57.6080,94952,949750539,1927,0,0,0
57.6179,94953,949760539,1969,0,0,0
57.6278,94954,949770539,1949,0,0,0
57.6380,94955,949780538,1920,0,0,0
57.6479,94956,949790539,1871,0,0,0
57.6578,94957,949800539,1835,0,0,0
57.6678,94958,949810539,1835,0,0,0
57.6782,94959,949820538,1821,0,0,0
57.6877,94960,949830539,1821,0,0,0
57.6978,94961,949840538,1801,0,0,0
57.7080,94962,949850539,1811,0,0,0
57.7178,94963,949860538,1800,0,0,0
57.7279,94964,949870539,1535,0,0,0
57.7380,94965,949880539,1598,0,0,0
57.7480,94966,949890539,2375,0,0,0
57.7580,94967,949900539,3942,0,0,0
57.7679,94968,949910539,2439,0,0,0
57.7780,94969,949920539,1671,0,0,0
57.7878,94970,949930539,1722,0,0,0
57.7978,94971,949940538,1814,0,0,0
57.8079,94972,949950539,1730,0,0,0
57.8179,94973,949960538,1743,0,0,0
57.8279,94974,949970539,1753,0,0,0
57.8378,94975,949980539,1751,0,0,0
57.8478,94976,949990539,1767,0,0,0
57.8579,94977,950000538,1773,0,0,0
57.8679,94978,950010539,1787,0,0,0
57.8779,94979,950020539,1779,0,0,0
57.8878,94980,950030539,1797,0,0,0
57.8979,94981,950040539,1791,0,0,0
57.9079,94982,950050539,1796,0,0,0
57.9181,94983,950060539,1793,0,0,0
57.9279,94984,950070539,1812,0,0,0
57.9379,94985,950080539,1813,0,0,0
57.9480,94986,950090538,1822,0,0,0
57.9580,94987,950100539,1835,0,0,0
57.9679,94988,950110539,1846,0,0,0
57.9779,94989,950120538,1863,0,0,0
57.9878,94990,950130539,1886,0,0,0
57.9980,94991,950140539,1898,0,0,0
58.0079,94992,950150539,1911,0,0,0
58.0179,94993,950160539,1935,0,0,0
58.0277,94994,950170538,1945,0,0,0
58.0379,94995,950180539,1937,0,0,0
58.0479,94996,950190539,1943,0,0,0
58.0579,94997,950200539,1911,0,0,0
58.0679,94998,950210538,1878,0,0,0
58.0779,94999,950220539,1851,0,0,0
58.0879,95000,950230539,1822,0,0,0
58.0979,95001,950240539,1792,0,0,0
58.1079,95002,950250539,1777,0,0,0
58.1179,95003,950260538,1771,0,0,0
58.1280,95004,950270539,1776,0,0,0
58.1380,95005,950280539,1777,0,0,0
58.1479,95006,950290539,1779,0,0,0
58.1578,95007,950300539,1783,0,0,0
58.1679,95008,950310539,1776,0,0,0
58.1779,95009,950320539,1778,0,0,0
58.1878,95010,950330539,1790,0,0,0
58.1979,95011,950340539,1801,0,0,0
58.2080,95012,950350539,1806,0,0,0
58.2179,95013,950360539,1799,0,0,0
58.2278,95014,950370539,1808,0,0,0
58.2379,95015,950380538,1815,0,0,0
58.2478,95016,950390539,1808,0,0,0
58.2580,95017,950400538,1813,0,0,0
58.2679,95018,950410539,1824,0,0,0
58.2778,95019,950420539,1818,0,0,0
58.2878,95020,950430539,1827,0,0,0
58.2979,95021,950440539,1827,0,0,0
58.3079,95022,950450539,1839,0,0,0
58.3181,95023,950460539,1834,0,0,0
58.3280,95024,950470539,1823,0,0,0
58.3378,95025,950480538,1830,0,0,0
58.3478,95026,950490539,1830,0,0,0
58.3578,95027,950500538,1822,0,0,0
58.3680,95028,950510539,1822,0,0,0
58.3782,95029,950520539,1819,0,0,0
58.3880,95030,950530538,1828,0,0,0
58.3979,95031,950540538,1829,0,0,0
58.4080,95032,950550539,1826,0,0,0
58.4179,95033,950560539,1837,0,0,0
58.4279,95034,950570539,1825,0,0,0
58.4380,95035,950580539,1842,0,0,0
58.4480,95036,950590539,1841,0,0,0
58.4579,95037,950600539,1837,0,0,0
58.4680,95038,950610539,1836,0,0,0
58.4780,95039,950620539,1840,0,0,0
58.4878,95040,950630539,1840,0,0,0
58.4978,95041,950640539,1837,0,0,0
58.5078,95042,950650539,1843,0,0,0
58.5178,95043,950660539,1850,0,0,0
58.5279,95044,950670539,1852,0,0,0
58.5378,95045,950680538,1855,0,0,0
58.5479,95046,950690539,1857,0,0,0
58.5581,95047,950700539,1858,0,0,0
58.5678,95048,950710539,1854,0,0,0
58.5778,95049,950720539,1870,0,0,0
58.5882,95050,950730539,1859,0,0,0
58.5979,95051,950740539,1865,0,0,0
58.6078,95052,950750538,1858,0,0,0
58.6178,95053,950760539,1871,0,0,0
58.6283,95054,950770539,1875,0,0,0
58.6379,95055,950780539,1873,0,0,0
58.6480,95056,950790538,1865,0,0,0
58.6578,95057,950800538,1859,0,0,0
58.6681,95058,950810539,1861,0,0,0
58.6780,95059,950820539,1880,0,0,0
58.6880,95060,950830539,1883,0,0,0
58.6980,95061,950840539,1916,0,0,0
58.7080,95062,950850538,1920,0,0,0
58.7179,95063,950860538,1961,0,0,0
58.7279,95064,950870539,1975,0,0,0
58.7379,95065,950880539,1963,0,0,0
58.7480,95066,950890539,1936,0,0,0
58.7580,95067,950900538,1873,0,0,0
58.7684,95068,950910539,1830,0,0,0
58.7779,95069,950920539,1837,0,0,0
58.7881,95070,950930539,1823,0,0,0
58.7984,95071,950940539,1821,0,0,0
58.8079,95072,950950538,1817,0,0,0
58.8180,95073,950960538,1818,0,0,0
58.8279,95074,950970539,1776,0,0,0
58.8378,95075,950980538,1499,0,0,0
58.8480,95076,950990539,1717,0,0,0
58.8579,95077,951000539,2802,0,0,0
58.8678,95078,951010539,3582,0,0,0
58.8779,95079,951020539,2141,0,0,0
58.8879,95080,951030539,1630,0,0,0
58.8979,95081,951040539,1782,0,0,0
58.9084,95082,951050538,1807,0,0,0
58.9179,95083,951060539,1747,0,0,0
58.9280,95084,951070539,1757,0,0,0
58.9381,95085,951080539,1772,0,0,0
58.9479,95086,951090539,1771,0,0,0
58.9578,95087,951100538,1783,0,0,0
58.9680,95088,951110539,1787,0,0,0
58.9779,95089,951120539,1808,0,0,0
58.9880,95090,951130539,1792,0,0,0
58.9979,95091,951140539,1796,0,0,0
59.0080,95092,951150539,1789,0,0,0
59.0179,95093,951160538,1818,0,0,0
59.0291,95094,951170539,1818,0,0,0
59.0380,95095,951180538,1815,0,0,0
59.0480,95096,951190539,1819,0,0,0
59.0579,95097,951200538,1842,0,0,0
59.0678,95098,951210539,1851,0,0,0
59.0780,95099,951220538,1872,0,0,0
59.0881,95100,951230539,1872,0,0,0
59.0978,95101,951240539,1901,0,0,0
59.1078,95102,951250539,1919,0,0,0
59.1178,95103,951260538,1930,0,0,0
59.1279,95104,951270539,1942,0,0,0
59.1379,95105,951280539,1967,0,0,0
59.1479,95106,951290538,1961,0,0,0
59.1580,95107,951300539,1949,0,0,0
59.1680,95108,951310539,1925,0,0,0
59.1779,95109,951320538,1901,0,0,0
59.1879,95110,951330539,1857,0,0,0
59.1980,95111,951340539,1822,0,0,0
59.2080,95112,951350539,1791,0,0,0
59.2179,95113,951360539,1788,0,0,0
59.2280,95114,951370539,1789,0,0,0
59.2379,95115,951380539,1791,0,0,0
59.2479,95116,951390539,1776,0,0,0
59.2580,95117,951400538,1783,0,0,0
59.2679,95118,951410539,1782,0,0,0
59.2799,95119,951420539,1793,0,0,0
59.2880,95120,951430539,1778,0,0,0
59.2978,95121,951440538,1792,0,0,0
59.3077,95122,951450539,1791,0,0,0
59.3179,95123,951460539,1797,0,0,0
59.3280,95124,951470539,1796,0,0,0
59.3380,95125,951480539,1819,0,0,0
59.3480,95126,951490539,1813,0,0,0
59.3579,95127,951500539,1826,0,0,0
59.3679,95128,951510539,1808,0,0,0
59.3779,95129,951520538,1814,0,0,0
59.3878,95130,951530539,1806,0,0,0
59.3980,95131,951540539,1834,0,0,0
59.4080,95132,951550539,1834,0,0,0
59.4179,95133,951560539,1842,0,0,0
59.4279,95134,951570539,1833,0,0,0
59.4380,95135,951580539,1838,0,0,0
59.4479,95136,951590538,1836,0,0,0
59.4579,95137,951600539,1833,0,0,0
59.4679,95138,951610539,1827,0,0,0
59.4779,95139,951620539,1840,0,0,0
59.4879,95140,951630538,1837,0,0,0
59.4980,95141,951640538,1838,0,0,0
59.5079,95142,951650539,1840,0,0,0
59.5188,95143,951660539,1855,0,0,0
59.5278,95144,951670538,1831,0,0,0
59.5377,95145,951680539,1827,0,0,0
59.5478,95146,951690539,1824,0,0,0
59.5578,95147,951700539,1840,0,0,0
59.5680,95148,951710539,1844,0,0,0
59.5781,95149,951720538,1834,0,0,0
59.5880,95150,951730539,1841,0,0,0
59.5979,95151,951740539,1857,0,0,0
59.6079,95152,951750539,1871,0,0,0
59.6181,95153,951760538,1861,0,0,0
59.6281,95154,951770539,1839,0,0,0
59.6379,95155,951780539,1854,0,0,0
59.6478,95156,951790539,1846,0,0,0
59.6578,95157,951800538,1845,0,0,0
59.6681,95158,951810539,1840,0,0,0
59.6779,95159,951820538,1863,0,0,0
59.6880,95160,951830539,1853,0,0,0
59.6980,95161,951840539,1866,0,0,0
59.7079,95162,951850538,1843,0,0,0
59.7178,95163,951860539,1865,0,0,0
59.7278,95164,951870539,1843,0,0,0
59.7378,95165,951880538,1866,0,0,0
59.7478,95166,951890539,1870,0,0,0
59.7578,95167,951900538,1882,0,0,0
59.7677,95168,951910539,1914,0,0,0
59.7779,95169,951920539,1935,0,0,0
59.7877,95170,951930538,1963,0,0,0
59.7977,95171,951940539,1978,0,0,0
59.8078,95172,951950539,1943,0,0,0
59.8177,95173,951960539,1905,0,0,0
59.8279,95174,951970539,1856,0,0,0
59.8380,95175,951980538,1841,0,0,0
59.8480,95176,951990539,1840,0,0,0
59.8578,95177,952000539,1840,0,0,0
59.8678,95178,952010539,1825,0,0,0
59.8779,95179,952020538,1851,0,0,0
59.8879,95180,952030539,1831,0,0,0
59.8979,95181,952040538,1747,0,0,0
59.9079,95182,952050539,1487,0,0,0
59.9184,95183,952060538,1857,0,0,0
59.9279,95184,952070539,3047,0,0,0
59.9381,95185,952080539,3175,0,0,0
59.9479,95186,952090538,1983,0,0,0
59.9579,95187,952100539,1757,0,0,0
59.9679,95188,952110539,1790,0,0,0
59.9779,95189,952120539,1815,0,0,0
59.9880,95190,952130539,1743,0,0,0
59.9979,95191,952140539,1773,0,0,0
60.0085,95192,952150539,1763,0,0,0
60.0222,95193,952160538,1790,0,0,0
60.0289,95194,952170539,1781,0,0,0
60.0382,95195,952180539,1803,0,0,0
60.0482,95196,952190539,1789,0,0,0
60.0578,95197,952200538,1809,0,0,0
60.0678,95198,952210539,1815,0,0,0
60.0802,95199,952220539,1808,0,0,0
60.0879,95200,952230539,1779,0,0,0
60.0978,95201,952240539,1824,0,0,0
60.1078,95202,952250539,1842,0,0,0
60.1179,95203,952260539,1835,0,0,0
60.1278,95204,952270539,1833,0,0,0
60.1379,95205,952280538,1829,0,0,0
60.1477,95206,952290539,1840,0,0,0
60.1579,95207,952300539,1873,0,0,0
60.1679,95208,952310539,1881,0,0,0
60.1779,95209,952320539,1909,0,0,0
60.1924,95210,952330539,1911,0,0,0
60.1990,95211,952340539,1934,0,0,0
60.2099,95212,952350539,1937,0,0,0
60.2222,95213,952360538,1952,0,0,0
60.2279,95214,952370539,1931,0,0,0
60.2417,95215,952380538,1909,0,0,0
60.2483,95216,952390539,1874,0,0,0
60.2579,95217,952400538,1856,0,0,0
60.2680,95218,952410539,1820,0,0,0
60.2786,95219,952420539,1805,0,0,0
60.2878,95220,952430539,1791,0,0,0
60.2979,95221,952440539,1791,0,0,0
60.3081,95222,952450538,1776,0,0,0
60.3178,95223,952460539,1779,0,0,0
60.3278,95224,952470539,1764,0,0,0
60.3378,95225,952480539,1776,0,0,0
60.3507,95226,952490539,1771,0,0,0
60.3618,95227,952500539,1785,0,0,0
60.3698,95228,952510538,1777,0,0,0
60.3779,95229,952520538,1797,0,0,0
60.3918,95230,952530539,1789,0,0,0
60.3979,95231,952540539,1810,0,0,0
60.4079,95232,952550539,1799,0,0,0
60.4185,95233,952560539,1810,0,0,0
60.4279,95234,952570538,1813,0,0,0
60.4378,95235,952580539,1822,0,0,0
60.4478,95236,952590539,1811,0,0,0
60.4579,95237,952600539,1822,0,0,0
60.4678,95238,952610538,1808,0,0,0
60.4778,95239,952620539,1824,0,0,0
60.4879,95240,952630539,1819,0,0,0
60.4979,95241,952640538,1822,0,0,0
60.5079,95242,952650539,1808,0,0,0
60.5186,95243,952660538,1823,0,0,0
60.5278,95244,952670539,1810,0,0,0
60.5398,95245,952680539,1811,0,0,0
60.5491,95246,952690539,1808,0,0,0
60.5580,95247,952700538,1816,0,0,0
60.5678,95248,952710539,1807,0,0,0
60.5786,95249,952720539,1818,0,0,0
60.5884,95250,952730539,1808,0,0,0
60.5979,95251,952740539,1827,0,0,0
60.6079,95252,952750539,1810,0,0,0
60.6178,95253,952760539,1819,0,0,0
60.6289,95254,952770539,1822,0,0,0
60.6379,95255,952780539,1830,0,0,0
60.6480,95256,952790539,1813,0,0,0
60.6578,95257,952800539,1823,0,0,0
60.6679,95258,952810539,1811,0,0,0
60.6779,95259,952820539,1837,0,0,0
60.6884,95260,952830539,1828,0,0,0
60.7015,95261,952840539,1835,0,0,0
60.7089,95262,952850539,1825,0,0,0
60.7179,95263,952860538,1840,0,0,0
60.7347,95264,952870539,1837,0,0,0
60.7378,95265,952880538,1843,0,0,0
60.7478,95266,952890539,1842,0,0,0
60.7578,95267,952900539,1843,0,0,0
60.7679,95268,952910539,1839,0,0,0
60.7783,95269,952920539,1840,0,0,0
60.7878,95270,952930539,1840,0,0,0
60.7979,95271,952940539,1851,0,0,0
60.8080,95272,952950539,1840,0,0,0
60.8179,95273,952960539,1866,0,0,0
60.8280,95274,952970538,1874,0,0,0
60.8379,95275,952980539,1905,0,0,0
60.8479,95276,952990539,1914,0,0,0
60.8583,95277,953000538,1970,0,0,0
60.8678,95278,953010539,1951,0,0,0
60.8778,95279,953020539,1924,0,0,0
60.8879,95280,953030539,1857,0,0,0
60.8979,95281,953040539,1840,0,0,0
60.9079,95282,953050538,1810,0,0,0
60.9180,95283,953060539,1816,0,0,0
60.9279,95284,953070539,1811,0,0,0
60.9380,95285,953080538,1807,0,0,0
60.9481,95286,953090539,1807,0,0,0
60.9578,95287,953100539,1803,0,0,0
60.9679,95288,953110539,1535,0,0,0
60.9779,95289,953120538,1598,0,0,0
60.9880,95290,953130539,2366,0,0,0
60.9979,95291,953140539,3963,0,0,0
61.0080,95292,953150539,2431,0,0,0
61.0179,95293,953160539,1670,0,0,0
61.0279,95294,953170539,1728,0,0,0
61.0415,95295,953180539,1835,0,0,0
61.0490,95296,953190538,1741,0,0,0
61.0579,95297,953200539,1754,0,0,0
61.0681,95298,953210539,1767,0,0,0
61.0781,95299,953220539,1775,0,0,0
61.0880,95300,953230538,1778,0,0,0
61.0979,95301,953240539,1780,0,0,0
61.1079,95302,953250539,1786,0,0,0
61.1183,95303,953260539,1796,0,0,0
61.1279,95304,953270539,1791,0,0,0
61.1379,95305,953280538,1803,0,0,0
61.1479,95306,953290539,1801,0,0,0
61.1580,95307,953300539,1808,0,0,0
61.1679,95308,953310538,1808,0,0,0
61.1779,95309,953320539,1822,0,0,0
61.1880,95310,953330539,1829,0,0,0
61.1979,95311,953340539,1841,0,0,0
61.2079,95312,953350539,1851,0,0,0
61.2179,95313,953360538,1871,0,0,0
61.2279,95314,953370539,1882,0,0,0
61.2379,95315,953380539,1904,0,0,0
61.2480,95316,953390539,1919,0,0,0
61.2579,95317,953400538,1945,0,0,0
61.2678,95318,953410539,1946,0,0,0
61.2779,95319,953420539,1958,0,0,0
61.2884,95320,953430538,1939,0,0,0
61.2978,95321,953440539,1919,0,0,0
61.3081,95322,953450539,1893,0,0,0
61.3180,95323,953460539,1856,0,0,0
61.3281,95324,953470539,1817,0,0,0
61.3379,95325,953480539,1803,0,0,0
61.3479,95326,953490539,1790,0,0,0
61.3578,95327,953500539,1790,0,0,0
61.3679,95328,953510539,1779,0,0,0
61.3779,95329,953520539,1787,0,0,0
61.3879,95330,953530539,1776,0,0,0
61.3978,95331,953540538,1779,0,0,0
61.4078,95332,953550539,1793,0,0,0
61.4179,95333,953560538,1776,0,0,0
61.4280,95334,953570539,1787,0,0,0
61.4380,95335,953580539,1795,0,0,0
61.4480,95336,953590539,1797,0,0,0
61.4580,95337,953600539,1808,0,0,0
61.4678,95338,953610539,1808,0,0,0
61.4779,95339,953620539,1810,0,0,0
61.4879,95340,953630539,1815,0,0,0
61.4980,95341,953640539,1820,0,0,0
61.5079,95342,953650539,1815,0,0,0
61.5184,95343,953660538,1819,0,0,0
61.5293,95344,953670539,1824,0,0,0
61.5380,95345,953680539,1829,0,0,0
61.5481,95346,953690538,1835,0,0,0
61.5578,95347,953700539,1824,0,0,0
61.5680,95348,953710539,1835,0,0,0
61.5780,95349,953720538,1831,0,0,0
61.5879,95350,953730539,1840,0,0,0
61.5979,95351,953740539,1835,0,0,0
61.6080,95352,953750538,1840,0,0,0
61.6180,95353,953760539,1839,0,0,0
61.6278,95354,953770538,1846,0,0,0
61.6381,95355,953780539,1839,0,0,0
61.6479,95356,953790538,1831,0,0,0
61.6579,95357,953800539,1838,0,0,0
61.6678,95358,953810539,1845,0,0,0
61.6779,95359,953820539,1857,0,0,0
61.6881,95360,953830539,1839,0,0,0
61.6978,95361,953840539,1846,0,0,0
61.7080,95362,953850539,1847,0,0,0
61.7178,95363,953860538,1846,0,0,0
61.7279,95364,953870539,1850,0,0,0
61.7379,95365,953880538,1855,0,0,0
61.7479,95366,953890539,1853,0,0,0
61.7578,95367,953900539,1856,0,0,0
61.7679,95368,953910539,1861,0,0,0
61.7781,95369,953920538,1861,0,0,0
61.7879,95370,953930539,1868,0,0,0
61.7978,95371,953940539,1868,0,0,0
61.8079,95372,953950539,1865,0,0,0
61.8179,95373,953960539,1857,0,0,0
61.8281,95374,953970539,1861,0,0,0
61.8378,95375,953980539,1871,0,0,0
61.8480,95376,953990538,1875,0,0,0
61.8578,95377,954000539,1867,0,0,0
61.8680,95378,954010539,1865,0,0,0
61.8779,95379,954020538,1859,0,0,0
61.8878,95380,954030539,1872,0,0,0
61.8980,95381,954040539,1872,0,0,0
61.9079,95382,954050539,1883,0,0,0
61.9179,95383,954060539,1915,0,0,0
61.9279,95384,954070539,1920,0,0,0
61.9379,95385,954080539,1939,0,0,0
61.9480,95386,954090539,1982,0,0,0
61.9582,95387,954100539,1958,0,0,0
61.9680,95388,954110538,1931,0,0,0
61.9779,95389,954120539,1868,0,0,0
61.9880,95390,954130539,1859,0,0,0
61.9979,95391,954140538,1853,0,0,0
62.0080,95392,954150539,1835,0,0,0
62.0180,95393,954160538,1827,0,0,0
62.0300,95394,954170539,1815,0,0,0
62.0379,95395,954180539,1824,0,0,0
62.0480,95396,954190538,1794,0,0,0
62.0578,95397,954200538,1498,0,0,0
62.0679,95398,954210539,1716,0,0,0
62.0780,95399,954220539,2753,0,0,0
62.0881,95400,954230539,3617,0,0,0
62.0980,95401,954240539,2160,0,0,0
62.1080,95402,954250539,1659,0,0,0
62.1178,95403,954260539,1789,0,0,0
62.1278,95404,954270539,1818,0,0,0
62.1380,95405,954280539,1747,0,0,0
62.1480,95406,954290539,1759,0,0,0
62.1579,95407,954300539,1773,0,0,0
62.1679,95408,954310539,1779,0,0,0
62.1778,95409,954320539,1787,0,0,0
62.1879,95410,954330539,1805,0,0,0
62.1979,95411,954340539,1792,0,0,0
62.2079,95412,954350539,1792,0,0,0
62.2178,95413,954360538,1808,0,0,0
62.2281,95414,954370539,1822,0,0,0
62.2378,95415,954380539,1814,0,0,0
62.2479,95416,954390539,1819,0,0,0
62.2579,95417,954400539,1836,0,0,0
62.2678,95418,954410539,1839,0,0,0
62.2778,95419,954420539,1836,0,0,0
62.2878,95420,954430539,1861,0,0,0
62.2978,95421,954440538,1863,0,0,0
62.3079,95422,954450539,1888,0,0,0
62.3179,95423,954460539,1897,0,0,0
62.3278,95424,954470539,1936,0,0,0
62.3378,95425,954480539,1942,0,0,0
62.3478,95426,954490539,1962,0,0,0
62.3578,95427,954500539,1968,0,0,0
62.3678,95428,954510539,1973,0,0,0
62.3778,95429,954520539,1947,0,0,0
62.3878,95430,954530538,1939,0,0,0
62.3979,95431,954540539,1897,0,0,0
62.4079,95432,954550539,1855,0,0,0
62.4178,95433,954560538,1830,0,0,0
62.4279,95434,954570539,1811,0,0,0
62.4379,95435,954580539,1792,0,0,0
62.4477,95436,954590539,1807,0,0,0
62.4579,95437,954600538,1793,0,0,0
62.4678,95438,954610539,1798,0,0,0
62.4778,95439,954620539,1781,0,0,0
62.4879,95440,954630538,1772,0,0,0
62.4979,95441,954640539,1796,0,0,0
62.5079,95442,954650539,1801,0,0,0
62.5183,95443,954660539,1798,0,0,0
62.5282,95444,954670539,1799,0,0,0
62.5378,95445,954680539,1808,0,0,0
62.5479,95446,954690539,1825,0,0,0
62.5579,95447,954700539,1833,0,0,0
62.5679,95448,954710538,1837,0,0,0
62.5782,95449,954720539,1823,0,0,0
62.5878,95450,954730539,1836,0,0,0
62.5980,95451,954740538,1833,0,0,0
62.6080,95452,954750539,1855,0,0,0
62.6179,95453,954760539,1839,0,0,0
62.6279,95454,954770539,1847,0,0,0
62.6378,95455,954780538,1835,0,0,0
62.6480,95456,954790539,1840,0,0,0
62.6578,95457,954800539,1841,0,0,0
62.6680,95458,954810539,1845,0,0,0
62.6780,95459,954820539,1840,0,0,0
62.6880,95460,954830538,1855,0,0,0
62.6981,95461,954840539,1836,0,0,0
62.7080,95462,954850539,1849,0,0,0
62.7180,95463,954860539,1826,0,0,0
62.7280,95464,954870539,1840,0,0,0
62.7380,95465,954880539,1837,0,0,0
62.7480,95466,954890539,1842,0,0,0
62.7578,95467,954900539,1837,0,0,0
62.7678,95468,954910539,1847,0,0,0
62.7786,95469,954920539,1837,0,0,0
62.7878,95470,954930539,1842,0,0,0
62.7978,95471,954940539,1834,0,0,0
62.8078,95472,954950538,1858,0,0,0
62.8177,95473,954960538,1838,0,0,0
62.8279,95474,954970539,1841,0,0,0
62.8381,95475,954980539,1821,0,0,0
62.8478,95476,954990539,1842,0,0,0
62.8580,95477,955000539,1841,0,0,0
62.8680,95478,955010539,1840,0,0,0
62.8781,95479,955020538,1830,0,0,0
62.8879,95480,955030539,1847,0,0,0
62.8978,95481,955040539,1856,0,0,0
62.9078,95482,955050539,1863,0,0,0
62.9179,95483,955060538,1873,0,0,0
62.9279,95484,955070539,1902,0,0,0
62.9379,95485,955080539,1899,0,0,0
62.9479,95486,955090539,1936,0,0,0
62.9578,95487,955100538,1968,0,0,0
62.9679,95488,955110539,1965,0,0,0
62.9785,95489,955120539,1919,0,0,0
62.9880,95490,955130539,1862,0,0,0
62.9979,95491,955140538,1839,0,0,0
63.0080,95492,955150539,1840,0,0,0
63.0178,95493,955160539,1817,0,0,0
63.0288,95494,955170539,1821,0,0,0
63.0379,95495,955180539,1814,0,0,0
63.0479,95496,955190539,1821,0,0,0
63.0580,95497,955200539,1801,0,0,0
63.0680,95498,955210539,1535,0,0,0
63.0780,95499,955220539,1661,0,0,0
63.0880,95500,955230539,2515,0,0,0
63.0979,95501,955240538,3642,0,0,0
63.1078,95502,955250539,2203,0,0,0
63.1180,95503,955260538,1821,0,0,0
63.1280,95504,955270539,1774,0,0,0
63.1381,95505,955280539,1835,0,0,0
63.1480,95506,955290539,1767,0,0,0
63.1578,95507,955300538,1745,0,0,0
63.1679,95508,955310539,1774,0,0,0
63.1781,95509,955320538,1764,0,0,0
63.1879,95510,955330539,1791,0,0,0
63.1980,95511,955340538,1789,0,0,0
63.2081,95512,955350539,1805,0,0,0
63.2178,95513,955360539,1799,0,0,0
63.2279,95514,955370539,1796,0,0,0
63.2379,95515,955380539,1795,0,0,0
63.2480,95516,955390539,1804,0,0,0
63.2579,95517,955400538,1811,0,0,0
63.2680,95518,955410539,1823,0,0,0
63.2784,95519,955420539,1823,0,0,0
63.2880,95520,955430539,1841,0,0,0
63.2979,95521,955440539,1831,0,0,0
63.3079,95522,955450539,1857,0,0,0
63.3179,95523,955460539,1855,0,0,0
63.3281,95524,955470539,1887,0,0,0
63.3378,95525,955480539,1887,0,0,0
63.3478,95526,955490538,1918,0,0,0
63.3579,95527,955500538,1921,0,0,0
63.3679,95528,955510539,1955,0,0,0
63.3779,95529,955520539,1959,0,0,0
63.3878,95530,955530539,1947,0,0,0
63.3978,95531,955540539,1913,0,0,0
63.4079,95532,955550539,1886,0,0,0
63.4180,95533,955560538,1855,0,0,0
63.4279,95534,955570539,1840,0,0,0
63.4380,95535,955580539,1807,0,0,0
63.4481,95536,955590538,1808,0,0,0
63.4581,95537,955600539,1805,0,0,0
63.4678,95538,955610539,1808,0,0,0
63.4778,95539,955620539,1791,0,0,0
63.4878,95540,955630539,1809,0,0,0
63.4978,95541,955640539,1808,0,0,0
63.5079,95542,955650539,1798,0,0,0
63.5178,95543,955660539,1790,0,0,0
63.5289,95544,955670539,1809,0,0,0
63.5379,95545,955680538,1802,0,0,0
63.5478,95546,955690539,1810,0,0,0
63.5578,95547,955700539,1810,0,0,0
63.5679,95548,955710539,1811,0,0,0
63.5778,95549,955720538,1817,0,0,0
63.5879,95550,955730539,1839,0,0,0
63.5978,95551,955740539,1810,0,0,0
63.6078,95552,955750538,1840,0,0,0
63.6178,95553,955760538,1818,0,0,0
63.6278,95554,955770539,1827,0,0,0
63.6379,95555,955780539,1821,0,0,0
63.6479,95556,955790538,1831,0,0,0
63.6581,95557,955800539,1831,0,0,0
63.6681,95558,955810539,1838,0,0,0
63.6780,95559,955820539,1820,0,0,0
63.6882,95560,955830539,1831,0,0,0
63.6981,95561,955840539,1830,0,0,0
63.7079,95562,955850539,1840,0,0,0
63.7180,95563,955860539,1820,0,0,0
63.7282,95564,955870538,1840,0,0,0
63.7380,95565,955880539,1842,0,0,0
63.7480,95566,955890538,1837,0,0,0
63.7579,95567,955900538,1833,0,0,0
63.7678,95568,955910539,1839,0,0,0
63.7787,95569,955920539,1842,0,0,0
63.7879,95570,955930539,1851,0,0,0
63.7980,95571,955940538,1843,0,0,0
63.8080,95572,955950539,1847,0,0,0
63.8179,95573,955960539,1845,0,0,0
63.8280,95574,955970538,1845,0,0,0
63.8377,95575,955980539,1846,0,0,0
63.8478,95576,955990539,1851,0,0,0
63.8578,95577,956000539,1840,0,0,0
63.8678,95578,956010538,1854,0,0,0
63.8778,95579,956020539,1849,0,0,0
63.8878,95580,956030539,1839,0,0,0
63.8979,95581,956040538,1845,0,0,0
63.9078,95582,956050539,1836,0,0,0
63.9182,95583,956060538,1843,0,0,0
63.9286,95584,956070539,1862,0,0,0
63.9380,95585,956080539,1868,0,0,0
63.9481,95586,956090539,1904,0,0,0
63.9579,95587,956100539,1911,0,0,0
63.9680,95588,956110538,1970,0,0,0
63.9782,95589,956120539,1953,0,0,0
63.9880,95590,956130539,1921,0,0,0
63.9979,95591,956140538,1874,0,0,0
64.0082,95592,956150538,1836,0,0,0
64.0179,95593,956160539,1814,0,0,0
64.0284,95594,956170539,1808,0,0,0
64.0379,95595,956180539,1801,0,0,0
64.0481,95596,956190539,1803,0,0,0
64.0580,95597,956200539,1803,0,0,0
64.0678,95598,956210539,1802,0,0,0
64.0778,95599,956220539,1664,0,0,0
64.0879,95600,956230539,1488,0,0,0
64.0980,95601,956240538,1955,0,0,0
64.1078,95602,956250539,3504,0,0,0
64.1179,95603,956260538,2967,0,0,0
64.1280,95604,956270539,1878,0,0,0
64.1381,95605,956280539,1631,0,0,0
64.1481,95606,956290539,1807,0,0,0
64.1580,95607,956300539,1751,0,0,0
64.1680,95608,956310539,1719,0,0,0
64.1782,95609,956320539,1734,0,0,0
64.1880,95610,956330538,1759,0,0,0
64.1981,95611,956340538,1754,0,0,0
64.2082,95612,956350539,1766,0,0,0
64.2179,95613,956360539,1770,0,0,0
64.2281,95614,956370539,1766,0,0,0
64.2378,95615,956380539,1775,0,0,0
64.2483,95616,956390538,1779,0,0,0
64.2579,95617,956400539,1780,0,0,0
64.2678,95618,956410539,1791,0,0,0
64.2778,95619,956420539,1793,0,0,0
64.2879,95620,956430539,1808,0,0,0
64.2978,95621,956440539,1810,0,0,0
64.3079,95622,956450539,1813,0,0,0
64.3179,95623,956460539,1829,0,0,0
64.3278,95624,956470538,1846,0,0,0
64.3378,95625,956480539,1850,0,0,0
64.3479,95626,956490539,1877,0,0,0
64.3578,95627,956500538,1898,0,0,0
64.3679,95628,956510539,1909,0,0,0
64.3778,95629,956520539,1920,0,0,0
64.3879,95630,956530538,1936,0,0,0
64.3982,95631,956540539,1920,0,0,0
64.4080,95632,956550539,1911,0,0,0
64.4180,95633,956560538,1870,0,0,0
64.4281,95634,956570539,1849,0,0,0
64.4379,95635,956580539,1815,0,0,0
64.4481,95636,956590539,1798,0,0,0
64.4584,95637,956600539,1776,0,0,0
64.4677,95638,956610538,1776,0,0,0
64.4777,95639,956620539,1771,0,0,0
64.4880,95640,956630539,1773,0,0,0
64.4979,95641,956640539,1774,0,0,0
64.5080,95642,956650539,1774,0,0,0
64.5177,95643,956660538,1775,0,0,0
64.5279,95644,956670539,1770,0,0,0
64.5379,95645,956680539,1782,0,0,0
64.5479,95646,956690539,1790,0,0,0
64.5578,95647,956700538,1799,0,0,0
64.5678,95648,956710539,1798,0,0,0
64.5778,95649,956720539,1809,0,0,0
64.5878,95650,956730538,1810,0,0,0
64.5978,95651,956740539,1808,0,0,0
64.6080,95652,956750539,1813,0,0,0
64.6178,95653,956760538,1809,0,0,0
64.6278,95654,956770539,1824,0,0,0
64.6379,95655,956780539,1830,0,0,0
64.6480,95656,956790539,1822,0,0,0
64.6578,95657,956800539,1827,0,0,0
64.6678,95658,956810539,1825,0,0,0
64.6778,95659,956820539,1834,0,0,0
64.6878,95660,956830538,1840,0,0,0
64.6979,95661,956840539,1831,0,0,0
64.7078,95662,956850539,1826,0,0,0
64.7180,95663,956860539,1833,0,0,0
64.7281,95664,956870539,1833,0,0,0
64.7380,95665,956880539,1840,0,0,0
64.7480,95666,956890539,1835,0,0,0
64.7578,95667,956900539,1843,0,0,0
64.7678,95668,956910538,1830,0,0,0
64.7782,95669,956920539,1838,0,0,0
64.7880,95670,956930539,1845,0,0,0
64.7979,95671,956940539,1841,0,0,0
64.8079,95672,956950538,1839,0,0,0
64.8178,95673,956960539,1842,0,0,0
64.8278,95674,956970539,1838,0,0,0
64.8378,95675,956980539,1845,0,0,0
64.8480,95676,956990538,1846,0,0,0
64.8580,95677,957000539,1861,0,0,0
64.8678,95678,957010539,1858,0,0,0
64.8780,95679,957020538,1859,0,0,0
64.8880,95680,957030539,1859,0,0,0
64.8980,95681,957040538,1874,0,0,0
64.9083,95682,957050539,1868,0,0,0
64.9179,95683,957060539,1869,0,0,0
64.9282,95684,957070538,1872,0,0,0
64.9381,95685,957080539,1878,0,0,0
64.9478,95686,957090539,1877,0,0,0
64.9579,95687,957100539,1881,0,0,0
64.9679,95688,957110539,1879,0,0,0
64.9780,95689,957120539,1887,0,0,0
64.9878,95690,957130539,1876,0,0,0
64.9979,95691,957140539,1887,0,0,0
65.0078,95692,957150539,1888,0,0,0
65.0181,95693,957160538,1885,0,0,0
65.0281,95694,957170539,1886,0,0,0
65.0380,95695,957180538,1895,0,0,0
65.0480,95696,957190539,1903,0,0,0
65.0580,95697,957200538,1911,0,0,0
65.0680,95698,957210539,1945,0,0,0
65.0780,95699,957220539,1955,0,0,0
65.0879,95700,957230539,2001,0,0,0
65.0981,95701,957240538,1991,0,0,0
65.1083,95702,957250539,1968,0,0,0
65.1181,95703,957260539,1919,0,0,0
65.1282,95704,957270538,1872,0,0,0
65.1380,95705,957280538,1858,0,0,0
65.1482,95706,957290539,1857,0,0,0
65.1580,95707,957300539,1860,0,0,0
65.1680,95708,957310539,1836,0,0,0
65.1782,95709,957320538,1840,0,0,0
65.1881,95710,957330539,1840,0,0,0
65.1981,95711,957340539,1634,0,0,0
65.2084,95712,957350538,1554,0,0,0
65.2178,95713,957360539,2192,0,0,0
65.2283,95714,957370539,3930,0,0,0
65.2378,95715,957380538,2671,0,0,0
65.2479,95716,957390539,1742,0,0,0
65.2580,95717,957400538,1712,0,0,0
65.2682,95718,957410539,1847,0,0,0
65.2779,95719,957420539,1771,0,0,0
65.2879,95720,957430539,1767,0,0,0
65.2977,95721,957440538,1776,0,0,0
65.3077,95722,957450539,1767,0,0,0
65.3178,95723,957460539,1778,0,0,0
65.3279,95724,957470538,1782,0,0,0
65.3382,95725,957480538,1808,0,0,0
65.3478,95726,957490539,1779,0,0,0
65.3582,95727,957500539,1808,0,0,0
65.3679,95728,957510539,1797,0,0,0
65.3779,95729,957520538,1809,0,0,0
65.3881,95730,957530539,1809,0,0,0
65.3979,95731,957540539,1829,0,0,0
65.4078,95732,957550539,1792,0,0,0
65.4182,95733,957560538,1830,0,0,0
65.4278,95734,957570539,1838,0,0,0
65.4378,95735,957580539,1859,0,0,0
65.4479,95736,957590538,1861,0,0,0
65.4578,95737,957600538,1889,0,0,0
65.4678,95738,957610539,1902,0,0,0
65.4779,95739,957620539,1920,0,0,0
65.4879,95740,957630539,1931,0,0,0
65.4980,95741,957640539,1973,0,0,0
65.5080,95742,957650539,1975,0,0,0
65.5178,95743,957660539,1959,0,0,0
65.5279,95744,957670538,1931,0,0,0
65.5379,95745,957680538,1912,0,0,0
65.5479,95746,957690539,1872,0,0,0
65.5579,95747,957700539,1849,0,0,0
65.5679,95748,957710538,1803,0,0,0
65.5780,95749,957720538,1798,0,0,0
65.5881,95750,957730539,1791,0,0,0
65.5986,95751,957740538,1799,0,0,0
65.6079,95752,957750539,1789,0,0,0
65.6180,95753,957760538,1791,0,0,0
65.6282,95754,957770539,1790,0,0,0
65.6380,95755,957780538,1791,0,0,0
65.6479,95756,957790539,1793,0,0,0
65.6579,95757,957800538,1791,0,0,0
65.6679,95758,957810539,1795,0,0,0
65.6778,95759,957820539,1798,0,0,0
65.6879,95760,957830539,1802,0,0,0
65.6981,95761,957840538,1808,0,0,0
65.7081,95762,957850539,1805,0,0,0
65.7180,95763,957860538,1809,0,0,0
65.7280,95764,957870539,1808,0,0,0
65.7381,95765,957880539,1835,0,0,0
65.7481,95766,957890539,1822,0,0,0
65.7580,95767,957900539,1826,0,0,0
65.7680,95768,957910538,1813,0,0,0
65.7779,95769,957920538,1837,0,0,0
65.7880,95770,957930539,1827,0,0,0
65.7978,95771,957940539,1837,0,0,0
65.8083,95772,957950538,1838,0,0,0
65.8179,95773,957960538,1835,0,0,0
65.8279,95774,957970539,1838,0,0,0
65.8379,95775,957980538,1851,0,0,0
65.8489,95776,957990539,1831,0,0,0
65.8581,95777,958000539,1841,0,0,0
65.8679,95778,958010539,1839,0,0,0
65.8781,95779,958020539,1845,0,0,0
65.8879,95780,958030538,1842,0,0,0
65.8979,95781,958040539,1857,0,0,0
65.9078,95782,958050538,1837,0,0,0
65.9180,95783,958060539,1859,0,0,0
65.9282,95784,958070539,1836,0,0,0
65.9387,95785,958080539,1846,0,0,0
65.9482,95786,958090538,1853,0,0,0
65.9582,95787,958100538,1845,0,0,0
65.9681,95788,958110539,1844,0,0,0
65.9781,95789,958120539,1872,0,0,0
65.9881,95790,958130538,1861,0,0,0
65.9979,95791,958140539,1857,0,0,0
66.0080,95792,958150539,1855,0,0,0
66.0182,95793,958160539,1861,0,0,0
66.0278,95794,958170539,1846,0,0,0
66.0379,95795,958180539,1871,0,0,0
66.0479,95796,958190539,1870,0,0,0
66.0582,95797,958200538,1872,0,0,0
66.0681,95798,958210539,1879,0,0,0
66.0782,95799,958220539,1872,0,0,0
66.0882,95800,958230539,1865,0,0,0
66.0979,95801,958240538,1885,0,0,0
66.1080,95802,958250539,1873,0,0,0
66.1180,95803,958260539,1881,0,0,0
66.1279,95804,958270539,1882,0,0,0
66.1379,95805,958280539,1883,0,0,0
66.1480,95806,958290539,1907,0,0,0
66.1580,95807,958300539,1937,0,0,0
66.1679,95808,958310539,1927,0,0,0
66.1780,95809,958320539,2003,0,0,0
66.1880,95810,958330539,1973,0,0,0
66.1979,95811,958340539,1960,0,0,0
66.2081,95812,958350539,1882,0,0,0
66.2178,95813,958360539,1872,0,0,0
66.2283,95814,958370539,1855,0,0,0
66.2379,95815,958380538,1839,0,0,0
66.2483,95816,958390539,1827,0,0,0
66.2583,95817,958400538,1834,0,0,0
66.2680,95818,958410539,1818,0,0,0
66.2778,95819,958420539,1829,0,0,0
66.2880,95820,958430539,1626,0,0,0
66.2979,95821,958440538,1567,0,0,0
66.3080,95822,958450539,2194,0,0,0
66.3179,95823,958460539,3748,0,0,0
66.3280,95824,958470539,2523,0,0,0
66.3381,95825,958480539,1885,0,0,0
66.3478,95826,958490539,1746,0,0,0
66.3578,95827,958500538,1847,0,0,0
66.3678,95828,958510539,1777,0,0,0
66.3778,95829,958520539,1774,0,0,0
66.3879,95830,958530539,1789,0,0,0
66.3978,95831,958540539,1806,0,0,0
66.4079,95832,958550539,1792,0,0,0
66.4178,95833,958560539,1793,0,0,0
66.4279,95834,958570539,1805,0,0,0
66.4380,95835,958580539,1811,0,0,0
66.4480,95836,958590539,1807,0,0,0
66.4579,95837,958600539,1818,0,0,0
66.4679,95838,958610539,1811,0,0,0
66.4779,95839,958620538,1821,0,0,0
66.4880,95840,958630539,1817,0,0,0
66.4980,95841,958640539,1838,0,0,0
66.5080,95842,958650539,1840,0,0,0
66.5180,95843,958660539,1857,0,0,0
66.5280,95844,958670539,1851,0,0,0
66.5384,95845,958680539,1874,0,0,0
66.5480,95846,958690539,1883,0,0,0
66.5579,95847,958700538,1904,0,0,0
66.5679,95848,958710539,1920,0,0,0
66.5778,95849,958720539,1943,0,0,0
66.5881,95850,958730538,1947,0,0,0
66.5978,95851,958740538,1955,0,0,0
66.6078,95852,958750539,1945,0,0,0
66.6179,95853,958760539,1939,0,0,0
66.6279,95854,958770538,1906,0,0,0
66.6382,95855,958780539,1879,0,0,0
66.6482,95856,958790538,1835,0,0,0
66.6582,95857,958800538,1828,0,0,0
66.6682,95858,958810539,1799,0,0,0
66.6781,95859,958820539,1808,0,0,0
66.6881,95860,958830539,1792,0,0,0
66.6981,95861,958840538,1803,0,0,0
66.7085,95862,958850539,1794,0,0,0
66.7177,95863,958860539,1808,0,0,0
66.7279,95864,958870539,1786,0,0,0
66.7380,95865,958880538,1803,0,0,0
66.7480,95866,958890539,1802,0,0,0
66.7584,95867,958900538,1808,0,0,0
66.7677,95868,958910539,1807,0,0,0
66.7780,95869,958920539,1819,0,0,0
66.7881,95870,958930539,1819,0,0,0
66.7979,95871,958940538,1840,0,0,0
66.8080,95872,958950539,1830,0,0,0
66.8187,95873,958960539,1834,0,0,0
66.8280,95874,958970538,1823,0,0,0
66.8380,95875,958980539,1844,0,0,0
66.8480,95876,958990539,1834,0,0,0
66.8580,95877,959000538,1845,0,0,0
66.8678,95878,959010539,1835,0,0,0
66.8780,95879,959020539,1847,0,0,0
66.8878,95880,959030539,1839,0,0,0
66.8980,95881,959040539,1841,0,0,0
66.9079,95882,959050539,1837,0,0,0
66.9179,95883,959060539,1839,0,0,0
66.9280,95884,959070538,1829,0,0,0
66.9380,95885,959080538,1834,0,0,0
66.9480,95886,959090539,1824,0,0,0
66.9581,95887,959100539,1840,0,0,0
66.9679,95888,959110539,1838,0,0,0
66.9780,95889,959120539,1843,0,0,0
66.9882,95890,959130538,1840,0,0,0
66.9981,95891,959140539,1846,0,0,0
67.0079,95892,959150539,1842,0,0,0
67.0179,95893,959160538,1843,0,0,0
67.0294,95894,959170539,1844,0,0,0
67.0383,95895,959180538,1850,0,0,0
67.0478,95896,959190539,1840,0,0,0
67.0579,95897,959200539,1850,0,0,0
67.0680,95898,959210539,1853,0,0,0
67.0780,95899,959220539,1859,0,0,0
67.0880,95900,959230538,1847,0,0,0
67.0981,95901,959240538,1856,0,0,0
67.1079,95902,959250539,1857,0,0,0
67.1181,95903,959260539,1872,0,0,0
67.1281,95904,959270538,1852,0,0,0
67.1378,95905,959280538,1863,0,0,0
67.1479,95906,959290539,1863,0,0,0
67.1578,95907,959300538,1872,0,0,0
67.1679,95908,959310539,1863,0,0,0
67.1779,95909,959320539,1865,0,0,0
67.1879,95910,959330539,1863,0,0,0
67.1978,95911,959340538,1871,0,0,0
67.2080,95912,959350539,1865,0,0,0
67.2178,95913,959360538,1865,0,0,0
67.2279,95914,959370539,1877,0,0,0
67.2379,95915,959380539,1893,0,0,0
67.2480,95916,959390538,1915,0,0,0
67.2580,95917,959400539,1936,0,0,0
67.2678,95918,959410539,1951,0,0,0
67.2779,95919,959420538,1996,0,0,0
67.2884,95920,959430539,1965,0,0,0
67.2979,95921,959440539,1939,0,0,0
67.3081,95922,959450539,1887,0,0,0
67.3180,95923,959460538,1855,0,0,0
67.3279,95924,959470539,1839,0,0,0
67.3380,95925,959480538,1831,0,0,0
67.3478,95926,959490539,1825,0,0,0
67.3577,95927,959500538,1830,0,0,0
67.3679,95928,959510539,1825,0,0,0
67.3778,95929,959520538,1806,0,0,0
67.3878,95930,959530539,1522,0,0,0
67.3978,95931,959540538,1665,0,0,0
67.4078,95932,959550539,2595,0,0,0
67.4179,95933,959560538,3809,0,0,0
67.4280,95934,959570539,2275,0,0,0
67.4378,95935,959580539,1618,0,0,0
67.4479,95936,959590539,1765,0,0,0
67.4581,95937,959600538,1810,0,0,0
67.4678,95938,959610539,1744,0,0,0
67.4779,95939,959620539,1757,0,0,0
67.4881,95940,959630538,1753,0,0,0
67.4980,95941,959640538,1771,0,0,0
67.5080,95942,959650539,1766,0,0,0
67.5180,95943,959660538,1778,0,0,0
67.5279,95944,959670539,1782,0,0,0
67.5380,95945,959680538,1780,0,0,0
67.5480,95946,959690539,1787,0,0,0
67.5579,95947,959700539,1794,0,0,0
67.5680,95948,959710538,1799,0,0,0
67.5780,95949,959720539,1808,0,0,0
67.5881,95950,959730539,1808,0,0,0
67.5978,95951,959740539,1824,0,0,0
67.6078,95952,959750539,1824,0,0,0
67.6179,95953,959760539,1840,0,0,0
67.6279,95954,959770539,1857,0,0,0
67.6383,95955,959780539,1861,0,0,0
67.6479,95956,959790539,1888,0,0,0
67.6578,95957,959800538,1907,0,0,0
67.6681,95958,959810539,1916,0,0,0
67.6779,95959,959820539,1937,0,0,0
67.6878,95960,959830539,1949,0,0,0
67.6978,95961,959840539,1942,0,0,0
67.7078,95962,959850539,1940,0,0,0
67.7178,95963,959860538,1915,0,0,0
67.7279,95964,959870539,1874,0,0,0
67.7378,95965,959880538,1841,0,0,0
67.7478,95966,959890539,1826,0,0,0
67.7579,95967,959900539,1802,0,0,0
67.7678,95968,959910539,1801,0,0,0
67.7778,95969,959920538,1802,0,0,0
67.7878,95970,959930539,1781,0,0,0
67.7978,95971,959940539,1739,0,0,0
67.8078,95972,959950539,1784,0,0,0
67.8179,95973,959960538,1783,0,0,0
67.8278,95974,959970539,1779,0,0,0
67.8380,95975,959980539,1783,0,0,0
67.8481,95976,959990539,1783,0,0,0
67.8578,95977,960000539,1790,0,0,0
67.8678,95978,960010538,1801,0,0,0
67.8779,95979,960020538,1806,0,0,0
67.8878,95980,960030539,1800,0,0,0
67.8980,95981,960040539,1799,0,0,0
67.9079,95982,960050539,1810,0,0,0
67.9179,95983,960060539,1805,0,0,0
67.9279,95984,960070539,1809,0,0,0
67.9378,95985,960080539,1813,0,0,0
67.9479,95986,960090539,1823,0,0,0
67.9578,95987,960100538,1813,0,0,0
67.9679,95988,960110539,1813,0,0,0
67.9779,95989,960120539,1819,0,0,0
67.9879,95990,960130538,1828,0,0,0
67.9978,95991,960140539,1825,0,0,0
68.0081,95992,960150539,1823,0,0,0
68.0179,95993,960160539,1810,0,0,0
68.0293,95994,960170538,1810,0,0,0
68.0382,95995,960180539,1809,0,0,0
68.0478,95996,960190538,1819,0,0,0
68.0579,95997,960200538,1819,0,0,0
68.0679,95998,960210539,1810,0,0,0
68.0779,95999,960220539,1821,0,0,0
68.0878,96000,960230538,1854,0,0,0
68.0979,96001,960240539,1831,0,0,0
68.1079,96002,960250539,1843,0,0,0
68.1178,96003,960260538,1831,0,0,0
68.1278,96004,960270539,1825,0,0,0
68.1377,96005,960280538,1833,0,0,0
68.1479,96006,960290539,1825,0,0,0
68.1580,96007,960300539,1835,0,0,0
68.1679,96008,960310539,1853,0,0,0
68.1780,96009,960320539,1831,0,0,0
68.1881,96010,960330539,1840,0,0,0
68.1980,96011,960340539,1838,0,0,0
68.2080,96012,960350538,1845,0,0,0
68.2181,96013,960360538,1845,0,0,0
68.2280,96014,960370539,1853,0,0,0
68.2378,96015,960380539,1840,0,0,0
68.2480,96016,960390539,1855,0,0,0
68.2583,96017,960400539,1840,0,0,0
68.2679,96018,960410539,1841,0,0,0
68.2780,96019,960420538,1840,0,0,0
68.2880,96020,960430539,1855,0,0,0
68.2977,96021,960440539,1837,0,0,0
68.3079,96022,960450538,1856,0,0,0
68.3179,96023,960460539,1859,0,0,0
68.3280,96024,960470539,1861,0,0,0
68.3378,96025,960480538,1853,0,0,0
68.3478,96026,960490539,1856,0,0,0
68.3578,96027,960500539,1862,0,0,0
68.3679,96028,960510539,1887,0,0,0
68.3779,96029,960520539,1891,0,0,0
68.3879,96030,960530539,1921,0,0,0
68.3978,96031,960540538,1957,0,0,0
68.4079,96032,960550539,1955,0,0,0
68.4180,96033,960560538,1936,0,0,0
68.4281,96034,960570539,1899,0,0,0
68.4379,96035,960580538,1845,0,0,0
68.4480,96036,960590539,1850,0,0,0
68.4581,96037,960600538,1823,0,0,0
68.4680,96038,960610539,1822,0,0,0
68.4779,96039,960620539,1803,0,0,0
68.4881,96040,960630539,1826,0,0,0
68.4980,96041,960640538,1810,0,0,0
68.5079,96042,960650539,1659,0,0,0
68.5181,96043,960660539,1488,0,0,0
68.5284,96044,960670538,2029,0,0,0
68.5379,96045,960680538,3637,0,0,0
68.5481,96046,960690539,2790,0,0,0
68.5580,96047,960700539,1815,0,0,0
68.5679,96048,960710539,1675,0,0,0
68.5778,96049,960720539,1811,0,0,0
68.5878,96050,960730539,1749,0,0,0
68.5979,96051,960740538,1728,0,0,0
68.6080,96052,960750539,1745,0,0,0
68.6178,96053,960760539,1744,0,0,0
68.6281,96054,960770539,1750,0,0,0
68.6380,96055,960780538,1758,0,0,0
68.6479,96056,960790539,1775,0,0,0
68.6580,96057,960800539,1779,0,0,0
68.6680,96058,960810539,1805,0,0,0
68.6780,96059,960820539,1781,0,0,0
68.6880,96060,960830539,1784,0,0,0
68.6980,96061,960840539,1791,0,0,0
68.7080,96062,960850539,1794,0,0,0
68.7179,96063,960860539,1787,0,0,0
68.7279,96064,960870539,1807,0,0,0
68.7379,96065,960880539,1809,0,0,0
68.7479,96066,960890538,1833,0,0,0
68.7580,96067,960900539,1846,0,0,0
68.7678,96068,960910539,1869,0,0,0
68.7779,96069,960920539,1877,0,0,0
68.7880,96070,960930538,1921,0,0,0
68.7978,96071,960940539,1931,0,0,0
68.8078,96072,960950538,1947,0,0,0
68.8180,96073,960960539,1953,0,0,0
68.8279,96074,960970539,1952,0,0,0
68.8379,96075,960980539,1905,0,0,0
68.8479,96076,960990539,1890,0,0,0
68.8580,96077,961000538,1847,0,0,0
68.8678,96078,961010539,1828,0,0,0
68.8780,96079,961020539,1806,0,0,0
68.8879,96080,961030539,1805,0,0,0
68.8979,96081,961040538,1791,0,0,0
68.9080,96082,961050539,1783,0,0,0
68.9179,96083,961060538,1770,0,0,0
68.9278,96084,961070539,1788,0,0,0
68.9380,96085,961080539,1774,0,0,0
68.9479,96086,961090538,1770,0,0,0
68.9580,96087,961100539,1776,0,0,0
68.9679,96088,961110539,1802,0,0,0
68.9778,96089,961120539,1785,0,0,0
68.9881,96090,961130538,1805,0,0,0
68.9980,96091,961140539,1799,0,0,0
69.0078,96092,961150539,1807,0,0,0
69.0180,96093,961160538,1809,0,0,0
69.0294,96094,961170539,1815,0,0,0
69.0378,96095,961180538,1812,0,0,0
69.0479,96096,961190539,1844,0,0,0
69.0581,96097,961200539,1814,0,0,0
69.0679,96098,961210539,1840,0,0,0
69.0778,96099,961220538,1831,0,0,0
69.0885,96100,961230539,1856,0,0,0
69.0981,96101,961240539,1841,0,0,0
69.1084,96102,961250538,1844,0,0,0
69.1187,96103,961260539,1821,0,0,0
69.1278,96104,961270539,1835,0,0,0
69.1379,96105,961280539,1827,0,0,0
69.1480,96106,961290539,1833,0,0,0
69.1578,96107,961300538,1822,0,0,0
69.1678,96108,961310539,1824,0,0,0
69.1779,96109,961320539,1825,0,0,0
69.1879,96110,961330539,1850,0,0,0
69.1979,96111,961340539,1835,0,0,0
69.2079,96112,961350539,1847,0,0,0
69.2178,96113,961360538,1839,0,0,0
69.2279,96114,961370539,1843,0,0,0
69.2379,96115,961380539,1838,0,0,0
69.2478,96116,961390539,1851,0,0,0
69.2579,96117,961400539,1840,0,0,0
69.2688,96118,961410539,1856,0,0,0
69.2783,96119,961420539,1847,0,0,0
69.2879,96120,961430539,1861,0,0,0
69.2979,96121,961440539,1847,0,0,0
69.3079,96122,961450539,1861,0,0,0
69.3178,96123,961460538,1849,0,0,0
69.3278,96124,961470539,1869,0,0,0
69.3379,96125,961480539,1860,0,0,0
69.3479,96126,961490539,1875,0,0,0
69.3580,96127,961500538,1872,0,0,0
69.3679,96128,961510539,1877,0,0,0
69.3779,96129,961520539,1879,0,0,0
69.3879,96130,961530539,1878,0,0,0
69.3979,96131,961540539,1874,0,0,0
69.4079,96132,961550539,1883,0,0,0
69.4180,96133,961560538,1878,0,0,0
69.4280,96134,961570539,1885,0,0,0
69.4380,96135,961580539,1899,0,0,0
69.4487,96136,961590538,1925,0,0,0
69.4579,96137,961600539,1927,0,0,0
69.4679,96138,961610539,1942,0,0,0
69.4790,96139,961620539,1985,0,0,0
69.4879,96140,961630539,1975,0,0,0
69.4979,96141,961640538,1936,0,0,0
69.5079,96142,961650539,1881,0,0,0
69.5179,96143,961660538,1856,0,0,0
69.5282,96144,961670539,1851,0,0,0
69.5385,96145,961680538,1818,0,0,0
69.5479,96146,961690539,1824,0,0,0
69.5579,96147,961700539,1810,0,0,0
69.5678,96148,961710539,1825,0,0,0
69.5779,96149,961720539,1810,0,0,0
69.5880,96150,961730539,1609,0,0,0
69.5979,96151,961740538,1531,0,0,0
69.6079,96152,961750539,2193,0,0,0
69.6179,96153,961760539,3815,0,0,0
69.6279,96154,961770538,2559,0,0,0
69.6379,96155,961780539,1778,0,0,0
69.6479,96156,961790539,1695,0,0,0
69.6580,96157,961800539,1817,0,0,0
69.6679,96158,961810538,1763,0,0,0
69.6778,96159,961820539,1749,0,0,0
69.6879,96160,961830539,1761,0,0,0
69.6980,96161,961840539,1760,0,0,0
69.7084,96162,961850539,1776,0,0,0
69.7179,96163,961860538,1769,0,0,0
69.7278,96164,961870539,1803,0,0,0
69.7379,96165,961880539,1792,0,0,0
69.7478,96166,961890539,1805,0,0,0
69.7578,96167,961900539,1802,0,0,0
69.7679,96168,961910539,1825,0,0,0
69.7779,96169,961920539,1822,0,0,0
69.7879,96170,961930539,1827,0,0,0
69.7979,96171,961940539,1823,0,0,0
69.8078,96172,961950539,1827,0,0,0
69.8179,96173,961960538,1827,0,0,0
69.8279,96174,961970539,1851,0,0,0
69.8378,96175,961980538,1853,0,0,0
69.8479,96176,961990539,1874,0,0,0
69.8579,96177,962000538,1878,0,0,0
69.8679,96178,962010539,1889,0,0,0
69.8778,96179,962020538,1890,0,0,0
69.8879,96180,962030539,1919,0,0,0
69.8978,96181,962040539,1919,0,0,0
69.9079,96182,962050539,1914,0,0,0
69.9179,96183,962060539,1883,0,0,0
69.9279,96184,962070539,1861,0,0,0
69.9379,96185,962080539,1828,0,0,0
69.9480,96186,962090539,1791,0,0,0
69.9580,96187,962100538,1762,0,0,0
69.9680,96188,962110539,1749,0,0,0
69.9780,96189,962120539,1744,0,0,0
69.9879,96190,962130538,1755,0,0,0
69.9979,96191,962140538,1749,0,0,0
70.0106,96192,962150539,1743,0,0,0
70.0198,96193,962160538,1739,0,0,0
70.0290,96194,962170539,1738,0,0,0
70.0384,96195,962180539,1743,0,0,0
70.0478,96196,962190539,1743,0,0,0
70.0584,96197,962200539,1740,0,0,0
70.0682,96198,962210539,1761,0,0,0
70.0779,96199,962220539,1758,0,0,0
70.0878,96200,962230539,1751,0,0,0
70.0979,96201,962240538,1763,0,0,0
70.1078,96202,962250539,1775,0,0,0
70.1179,96203,962260539,1780,0,0,0
70.1279,96204,962270538,1778,0,0,0
70.1378,96205,962280539,1779,0,0,0
70.1478,96206,962290539,1797,0,0,0
70.1579,96207,962300539,1792,0,0,0
70.1678,96208,962310538,1801,0,0,0
70.1821,96209,962320538,1802,0,0,0
70.1879,96210,962330539,1798,0,0,0
70.1992,96211,962340539,1790,0,0,0
70.2078,96212,962350538,1807,0,0,0
70.2231,96213,962360539,1808,0,0,0
70.2285,96214,962370539,1808,0,0,0
70.2378,96215,962380539,1807,0,0,0
70.2478,96216,962390539,1808,0,0,0
70.2579,96217,962400538,1798,0,0,0
70.2682,96218,962410539,1811,0,0,0
70.2780,96219,962420539,1819,0,0,0
70.2879,96220,962430538,1829,0,0,0
70.2979,96221,962440539,1822,0,0,0
70.3080,96222,962450539,1833,0,0,0
70.3210,96223,962460538,1824,0,0,0
70.3304,96224,962470539,1836,0,0,0
70.3381,96225,962480539,1834,0,0,0
70.3479,96226,962490539,1842,0,0,0
70.3595,96227,962500539,1840,0,0,0
70.3678,96228,962510539,1840,0,0,0
70.3778,96229,962520539,1853,0,0,0
70.3878,96230,962530539,1857,0,0,0
70.3978,96231,962540539,1847,0,0,0
70.4080,96232,962550538,1855,0,0,0
70.4178,96233,962560539,1858,0,0,0
70.4279,96234,962570539,1872,0,0,0
70.4378,96235,962580538,1866,0,0,0
70.4478,96236,962590539,1874,0,0,0
70.4579,96237,962600539,1904,0,0,0
70.4679,96238,962610539,1922,0,0,0
70.4801,96239,962620538,1902,0,0,0
70.4880,96240,962630539,1985,0,0,0
70.5033,96241,962640539,1963,0,0,0
70.5078,96242,962650539,1947,0,0,0
70.5179,96243,962660538,1835,0,0,0
70.5278,96244,962670539,1851,0,0,0
70.5379,96245,962680539,1840,0,0,0
70.5479,96246,962690539,1825,0,0,0
70.5579,96247,962700539,1825,0,0,0
70.5679,96248,962710539,1819,0,0,0
70.5778,96249,962720539,1831,0,0,0
70.5880,96250,962730538,1814,0,0,0
70.5978,96251,962740539,1633,0,0,0
70.6078,96252,962750539,1535,0,0,0
70.6179,96253,962760539,2147,0,0,0
70.6310,96254,962770539,3815,0,0,0
70.6379,96255,962780539,2698,0,0,0
70.6509,96256,962790538,1778,0,0,0
70.6600,96257,962800539,1702,0,0,0
70.6688,96258,962810539,1840,0,0,0
70.6817,96259,962820538,1776,0,0,0
70.6880,96260,962830539,1761,0,0,0
70.6978,96261,962840539,1767,0,0,0
70.7080,96262,962850538,1789,0,0,0
70.7178,96263,962860539,1776,0,0,0
70.7278,96264,962870539,1791,0,0,0
70.7380,96265,962880539,1802,0,0,0
70.7479,96266,962890538,1803,0,0,0
70.7579,96267,962900538,1811,0,0,0
70.7678,96268,962910539,1824,0,0,0
70.7781,96269,962920538,1824,0,0,0
70.7916,96270,962930539,1824,0,0,0
70.7979,96271,962940539,1834,0,0,0
70.8079,96272,962950539,1818,0,0,0
70.8179,96273,962960539,1853,0,0,0
70.8279,96274,962970539,1849,0,0,0
70.8378,96275,962980539,1867,0,0,0
70.8478,96276,962990538,1879,0,0,0
70.8579,96277,963000538,1904,0,0,0
70.8678,96278,963010539,1919,0,0,0
70.8779,96279,963020539,1939,0,0,0
70.8880,96280,963030539,1960,0,0,0
70.8978,96281,963040539,1979,0,0,0
70.9079,96282,963050539,1979,0,0,0
70.9179,96283,963060539,1962,0,0,0
70.9278,96284,963070539,1939,0,0,0
70.9379,96285,963080538,1909,0,0,0
70.9480,96286,963090539,1872,0,0,0
70.9579,96287,963100538,1855,0,0,0
70.9680,96288,963110539,1819,0,0,0
70.9780,96289,963120538,1811,0,0,0
70.9878,96290,963130539,1806,0,0,0
70.9978,96291,963140538,1803,0,0,0
71.0079,96292,963150539,1797,0,0,0
71.0178,96293,963160539,1806,0,0,0
71.0291,96294,963170538,1790,0,0,0
71.0378,96295,963180538,1805,0,0,0
71.0478,96296,963190539,1807,0,0,0
71.0578,96297,963200538,1803,0,0,0
71.0680,96298,963210539,1809,0,0,0
71.0778,96299,963220539,1815,0,0,0
71.0881,96300,963230539,1825,0,0,0
71.0979,96301,963240539,1828,0,0,0
71.1078,96302,963250539,1827,0,0,0
71.1178,96303,963260539,1839,0,0,0
71.1279,96304,963270538,1835,0,0,0
71.1378,96305,963280539,1843,0,0,0
71.1478,96306,963290539,1833,0,0,0
71.1580,96307,963300539,1835,0,0,0
71.1679,96308,963310539,1840,0,0,0
71.1779,96309,963320539,1838,0,0,0
71.1879,96310,963330538,1819,0,0,0
71.1979,96311,963340538,1840,0,0,0
71.2078,96312,963350539,1838,0,0,0
71.2179,96313,963360539,1842,0,0,0
71.2278,96314,963370539,1826,0,0,0
71.2378,96315,963380539,1827,0,0,0
71.2479,96316,963390538,1825,0,0,0
71.2578,96317,963400539,1827,0,0,0
71.2678,96318,963410538,1834,0,0,0
71.2782,96319,963420539,1833,0,0,0
71.2879,96320,963430539,1817,0,0,0
71.2978,96321,963440539,1826,0,0,0
71.3079,96322,963450538,1833,0,0,0
71.3180,96323,963460538,1826,0,0,0
71.3278,96324,963470539,1821,0,0,0
71.3379,96325,963480539,1835,0,0,0
71.3478,96326,963490538,1837,0,0,0
71.3578,96327,963500539,1839,0,0,0
71.3682,96328,963510539,1838,0,0,0
71.3778,96329,963520538,1840,0,0,0
71.3880,96330,963530539,1820,0,0,0
71.3979,96331,963540539,1830,0,0,0
71.4078,96332,963550539,1830,0,0,0
71.4178,96333,963560539,1831,0,0,0
71.4278,96334,963570539,1837,0,0,0
71.4378,96335,963580539,1827,0,0,0
71.4478,96336,963590539,1824,0,0,0
71.4578,96337,963600538,1853,0,0,0
71.4678,96338,963610539,1836,0,0,0
71.4778,96339,963620539,1849,0,0,0
71.4879,96340,963630538,1823,0,0,0
71.4979,96341,963640539,1845,0,0,0
71.5078,96342,963650539,1844,0,0,0
71.5179,96343,963660539,1872,0,0,0
71.5278,96344,963670538,1872,0,0,0
71.5378,96345,963680538,1895,0,0,0
71.5479,96346,963690539,1899,0,0,0
71.5578,96347,963700538,1947,0,0,0
71.5679,96348,963710539,1954,0,0,0
71.5781,96349,963720539,1967,0,0,0
71.5878,96350,963730539,1918,0,0,0
71.5980,96351,963740539,1840,0,0,0
71.6079,96352,963750539,1825,0,0,0
71.6179,96353,963760538,1829,0,0,0
71.6278,96354,963770539,1817,0,0,0
71.6379,96355,963780539,1810,0,0,0
71.6479,96356,963790538,1801,0,0,0
71.6579,96357,963800539,1814,0,0,0
71.6679,96358,963810539,1731,0,0,0
71.6779,96359,963820539,1485,0,0,0
71.6879,96360,963830539,1822,0,0,0
71.6980,96361,963840539,2999,0,0,0
71.7078,96362,963850539,3200,0,0,0
71.7179,96363,963860539,1977,0,0,0
71.7280,96364,963870539,1694,0,0,0
71.7379,96365,963880539,1774,0,0,0
71.7478,96366,963890538,1775,0,0,0
71.7579,96367,963900539,1741,0,0,0
71.7680,96368,963910539,1743,0,0,0
71.7778,96369,963920539,1767,0,0,0
71.7880,96370,963930538,1758,0,0,0
71.7979,96371,963940539,1776,0,0,0
71.8078,96372,963950539,1775,0,0,0
71.8179,96373,963960539,1782,0,0,0
71.8278,96374,963970538,1791,0,0,0
71.8379,96375,963980539,1795,0,0,0
71.8483,96376,963990538,1796,0,0,0
71.8589,96377,964000539,1808,0,0,0
71.8679,96378,964010539,1803,0,0,0
71.8778,96379,964020538,1823,0,0,0
71.8878,96380,964030539,1839,0,0,0
71.8979,96381,964040539,1843,0,0,0
71.9079,96382,964050538,1844,0,0,0
71.9178,96383,964060539,1855,0,0,0
71.9280,96384,964070539,1863,0,0,0
71.9378,96385,964080539,1889,0,0,0
71.9478,96386,964090538,1903,0,0,0
71.9580,96387,964100538,1923,0,0,0
71.9678,96388,964110539,1936,0,0,0
71.9780,96389,964120539,1968,0,0,0
71.9879,96390,964130539,1959,0,0,0
71.9978,96391,964140539,1950,0,0,0
72.0079,96392,964150539,1894,0,0,0
72.0191,96393,964160539,1879,0,0,0
72.0279,96394,964170539,1846,0,0,0
72.0378,96395,964180539,1805,0,0,0
72.0478,96396,964190539,1794,0,0,0
72.0579,96397,964200539,1793,0,0,0
72.0679,96398,964210538,1795,0,0,0
72.0782,96399,964220538,1797,0,0,0
72.0879,96400,964230539,1778,0,0,0
72.0978,96401,964240538,1787,0,0,0
72.1079,96402,964250539,1782,0,0,0
72.1178,96403,964260539,1794,0,0,0
72.1278,96404,964270539,1797,0,0,0
72.1378,96405,964280539,1814,0,0,0
72.1478,96406,964290538,1794,0,0,0
72.1578,96407,964300539,1804,0,0,0
72.1682,96408,964310539,1807,0,0,0
72.1780,96409,964320539,1815,0,0,0
72.1880,96410,964330538,1803,0,0,0
72.1979,96411,964340538,1831,0,0,0
72.2079,96412,964350539,1822,0,0,0
72.2179,96413,964360539,1821,0,0,0
72.2280,96414,964370539,1807,0,0,0
72.2380,96415,964380539,1831,0,0,0
72.2478,96416,964390539,1822,0,0,0
72.2580,96417,964400538,1831,0,0,0
72.2678,96418,964410539,1826,0,0,0
72.2778,96419,964420539,1831,0,0,0
72.2920,96420,964430539,1816,0,0,0
72.2980,96421,964440538,1840,0,0,0
72.3080,96422,964450539,1827,0,0,0
72.3180,96423,964460538,1833,0,0,0
72.3279,96424,964470539,1834,0,0,0
72.3379,96425,964480539,1833,0,0,0
72.3479,96426,964490539,1829,0,0,0
72.3579,96427,964500539,1840,0,0,0
72.3679,96428,964510539,1840,0,0,0
72.3778,96429,964520539,1840,0,0,0
72.3879,96430,964530539,1838,0,0,0
72.3978,96431,964540539,1835,0,0,0
72.4078,96432,964550538,1824,0,0,0
72.4178,96433,964560538,1847,0,0,0
72.4279,96434,964570539,1840,0,0,0
72.4379,96435,964580538,1850,0,0,0
72.4478,96436,964590539,1844,0,0,0
72.4584,96437,964600539,1846,0,0,0
72.4680,96438,964610538,1847,0,0,0
72.4778,96439,964620539,1861,0,0,0
72.4879,96440,964630539,1845,0,0,0
72.4978,96441,964640538,1855,0,0,0
72.5078,96442,964650539,1861,0,0,0
72.5179,96443,964660539,1872,0,0,0
72.5301,96444,964670539,1887,0,0,0
72.5381,96445,964680539,1921,0,0,0
72.5480,96446,964690539,1927,0,0,0
72.5578,96447,964700538,1986,0,0,0
72.5678,96448,964710539,1963,0,0,0
72.5779,96449,964720539,1943,0,0,0
72.5879,96450,964730538,1885,0,0,0
72.5978,96451,964740539,1863,0,0,0
72.6083,96452,964750539,1835,0,0,0
72.6178,96453,964760538,1830,0,0,0
72.6279,96454,964770539,1826,0,0,0
72.6380,96455,964780538,1831,0,0,0
72.6479,96456,964790539,1813,0,0,0
72.6579,96457,964800539,1837,0,0,0
72.6679,96458,964810539,1674,0,0,0
72.6778,96459,964820539,1535,0,0,0
72.6880,96460,964830539,2057,0,0,0
72.6979,96461,964840539,3691,0,0,0
72.7080,96462,964850539,2869,0,0,0
72.7178,96463,964860538,1867,0,0,0
72.7279,96464,964870539,1701,0,0,0
72.7378,96465,964880539,1853,0,0,0
72.7478,96466,964890539,1782,0,0,0
72.7578,96467,964900539,1774,0,0,0
72.7678,96468,964910539,1782,0,0,0
72.7780,96469,964920538,1793,0,0,0
72.7880,96470,964930539,1795,0,0,0
72.7978,96471,964940539,1815,0,0,0
72.8078,96472,964950538,1814,0,0,0
72.8179,96473,964960539,1821,0,0,0
72.8279,96474,964970539,1819,0,0,0
72.8378,96475,964980538,1831,0,0,0
72.8478,96476,964990539,1825,0,0,0
72.8578,96477,965000538,1831,0,0,0
72.8679,96478,965010539,1831,0,0,0
72.8778,96479,965020538,1843,0,0,0
72.8878,96480,965030539,1844,0,0,0
72.8978,96481,965040539,1859,0,0,0
72.9079,96482,965050539,1857,0,0,0
72.9178,96483,965060539,1877,0,0,0
72.9278,96484,965070539,1882,0,0,0
72.9379,96485,965080539,1904,0,0,0
72.9478,96486,965090539,1916,0,0,0
72.9579,96487,965100539,1939,0,0,0
72.9678,96488,965110539,1953,0,0,0
72.9778,96489,965120539,1957,0,0,0
72.9878,96490,965130538,1945,0,0,0
72.9978,96491,965140538,1933,0,0,0
73.0078,96492,965150539,1887,0,0,0
73.0178,96493,965160539,1866,0,0,0
73.0305,96494,965170538,1837,0,0,0
73.0378,96495,965180538,1810,0,0,0
73.0478,96496,965190539,1798,0,0,0
73.0579,96497,965200539,1801,0,0,0
73.0678,96498,965210539,1804,0,0,0
73.0779,96499,965220539,1801,0,0,0
73.0879,96500,965230538,1789,0,0,0
73.0978,96501,965240539,1795,0,0,0
73.1081,96502,965250539,1792,0,0,0
73.1179,96503,965260538,1818,0,0,0
73.1278,96504,965270539,1799,0,0,0
73.1378,96505,965280538,1808,0,0,0
73.1479,96506,965290539,1808,0,0,0
73.1580,96507,965300538,1776,0,0,0
73.1679,96508,965310539,1818,0,0,0
73.1779,96509,965320539,1840,0,0,0
73.1880,96510,965330539,1808,0,0,0
73.1979,96511,965340538,1825,0,0,0
73.2079,96512,965350539,1829,0,0,0
73.2180,96513,965360539,1836,0,0,0
73.2278,96514,965370539,1828,0,0,0
73.2379,96515,965380539,1835,0,0,0
73.2479,96516,965390538,1838,0,0,0
73.2578,96517,965400539,1840,0,0,0
73.2678,96518,965410539,1826,0,0,0
73.2778,96519,965420539,1836,0,0,0
73.2877,96520,965430539,1839,0,0,0
73.2979,96521,965440539,1840,0,0,0
73.3079,96522,965450539,1831,0,0,0
73.3178,96523,965460539,1831,0,0,0
73.3277,96524,965470539,1836,0,0,0
73.3389,96525,965480539,1835,0,0,0
73.3478,96526,965490539,1837,0,0,0
73.3578,96527,965500539,1833,0,0,0
73.3678,96528,965510539,1839,0,0,0
73.3780,96529,965520539,1823,0,0,0
73.3878,96530,965530538,1840,0,0,0
73.3980,96531,965540539,1840,0,0,0
73.4078,96532,965550539,1843,0,0,0
73.4179,96533,965560538,1839,0,0,0
73.4280,96534,965570539,1840,0,0,0
73.4378,96535,965580539,1850,0,0,0
73.4477,96536,965590539,1850,0,0,0
73.4579,96537,965600539,1856,0,0,0
73.4678,96538,965610538,1845,0,0,0
73.4778,96539,965620539,1851,0,0,0
73.4879,96540,965630539,1855,0,0,0
73.4979,96541,965640539,1849,0,0,0
73.5080,96542,965650539,1845,0,0,0
73.5179,96543,965660538,1851,0,0,0
73.5279,96544,965670539,1855,0,0,0
73.5380,96545,965680539,1856,0,0,0
73.5478,96546,965690538,1844,0,0,0
73.5579,96547,965700539,1851,0,0,0
73.5678,96548,965710539,1859,0,0,0
73.5779,96549,965720539,1855,0,0,0
73.5878,96550,965730539,1847,0,0,0
73.5979,96551,965740539,1853,0,0,0
73.6079,96552,965750539,1851,0,0,0
73.6178,96553,965760539,1878,0,0,0
73.6279,96554,965770538,1905,0,0,0
73.6378,96555,965780538,1914,0,0,0
73.6477,96556,965790539,1953,0,0,0
73.6579,96557,965800539,1966,0,0,0
73.6678,96558,965810539,1937,0,0,0
73.6780,96559,965820538,1904,0,0,0
73.6880,96560,965830539,1847,0,0,0
73.6979,96561,965840538,1835,0,0,0
73.7079,96562,965850539,1833,0,0,0
73.7180,96563,965860539,1816,0,0,0
73.7280,96564,965870539,1822,0,0,0
73.7382,96565,965880538,1806,0,0,0
73.7481,96566,965890539,1808,0,0,0
73.7580,96567,965900538,1728,0,0,0
73.7680,96568,965910539,1488,0,0,0
73.7781,96569,965920539,1837,0,0,0
73.7881,96570,965930538,3177,0,0,0
73.7980,96571,965940538,3242,0,0,0
73.8081,96572,965950539,1963,0,0,0
73.8179,96573,965960539,1603,0,0,0
73.8281,96574,965970539,1815,0,0,0
73.8379,96575,965980539,1775,0,0,0
73.8478,96576,965990539,1736,0,0,0
73.8578,96577,966000538,1758,0,0,0
73.8679,96578,966010539,1758,0,0,0
73.8779,96579,966020538,1761,0,0,0
73.8879,96580,966030539,1773,0,0,0
73.8979,96581,966040539,1787,0,0,0
73.9079,96582,966050539,1782,0,0,0
73.9179,96583,966060539,1779,0,0,0
73.9281,96584,966070539,1793,0,0,0
73.9380,96585,966080539,1791,0,0,0
73.9480,96586,966090539,1791,0,0,0
73.9581,96587,966100539,1788,0,0,0
73.9678,96588,966110539,1799,0,0,0
73.9778,96589,966120538,1809,0,0,0
73.9879,96590,966130539,1823,0,0,0
73.9978,96591,966140539,1818,0,0,0
74.0079,96592,966150539,1836,0,0,0
74.0187,96593,966160538,1856,0,0,0
74.0278,96594,966170539,1873,0,0,0
74.0378,96595,966180539,1889,0,0,0
74.0480,96596,966190539,1920,0,0,0
74.0578,96597,966200539,1922,0,0,0
74.0678,96598,966210539,1939,0,0,0
74.0779,96599,966220538,1934,0,0,0
74.0879,96600,966230539,1909,0,0,0
74.0979,96601,966240538,1887,0,0,0
74.1080,96602,966250539,1856,0,0,0
74.1180,96603,966260539,1819,0,0,0
74.1279,96604,966270538,1795,0,0,0
74.1381,96605,966280539,1771,0,0,0
74.1481,96606,966290539,1781,0,0,0
74.1580,96607,966300539,1761,0,0,0
74.1679,96608,966310539,1769,0,0,0
74.1778,96609,966320538,1758,0,0,0
74.1878,96610,966330539,1773,0,0,0
74.1982,96611,966340539,1761,0,0,0
74.2078,96612,966350539,1764,0,0,0
74.2179,96613,966360539,1776,0,0,0
74.2280,96614,966370539,1775,0,0,0
74.2383,96615,966380539,1761,0,0,0
74.2477,96616,966390539,1786,0,0,0
74.2578,96617,966400539,1780,0,0,0
74.2678,96618,966410539,1794,0,0,0
74.2788,96619,966420539,1795,0,0,0
74.2878,96620,966430539,1807,0,0,0
74.2977,96621,966440538,1793,0,0,0
74.3079,96622,966450539,1805,0,0,0
74.3178,96623,966460538,1808,0,0,0
74.3279,96624,966470539,1815,0,0,0
74.3377,96625,966480539,1807,0,0,0
74.3478,96626,966490538,1819,0,0,0
74.3577,96627,966500539,1819,0,0,0
74.3677,96628,966510539,1820,0,0,0
74.3779,96629,966520538,1824,0,0,0
74.3878,96630,966530539,1826,0,0,0
74.3978,96631,966540539,1822,0,0,0
74.4081,96632,966550538,1821,0,0,0
74.4180,96633,966560538,1814,0,0,0
74.4280,96634,966570539,1815,0,0,0
74.4381,96635,966580538,1821,0,0,0
74.4479,96636,966590539,1823,0,0,0
74.4580,96637,966600539,1817,0,0,0
74.4680,96638,966610539,1809,0,0,0
74.4780,96639,966620539,1815,0,0,0
74.4881,96640,966630539,1823,0,0,0
74.4981,96641,966640539,1823,0,0,0
74.5080,96642,966650538,1839,0,0,0
74.5179,96643,966660539,1847,0,0,0
74.5291,96644,966670539,1839,0,0,0
74.5379,96645,966680539,1850,0,0,0
74.5480,96646,966690539,1850,0,0,0
74.5578,96647,966700539,1826,0,0,0
74.5677,96648,966710538,1837,0,0,0
74.5779,96649,966720539,1839,0,0,0
74.5878,96650,966730539,1859,0,0,0
74.5981,96651,966740539,1859,0,0,0
74.6079,96652,966750539,1846,0,0,0
74.6180,96653,966760539,1849,0,0,0
74.6279,96654,966770539,1856,0,0,0
74.6378,96655,966780539,1861,0,0,0
74.6478,96656,966790539,1872,0,0,0
74.6579,96657,966800539,1871,0,0,0
74.6678,96658,966810539,1868,0,0,0
74.6778,96659,966820539,1872,0,0,0
74.6880,96660,966830538,1881,0,0,0
74.6981,96661,966840539,1886,0,0,0
74.7081,96662,966850539,1880,0,0,0
74.7180,96663,966860538,1872,0,0,0
74.7280,96664,966870539,1906,0,0,0
74.7380,96665,966880538,1917,0,0,0
74.7479,96666,966890539,1941,0,0,0
74.7579,96667,966900539,1986,0,0,0
74.7679,96668,966910539,1987,0,0,0
74.7779,96669,966920539,1952,0,0,0
74.7879,96670,966930539,1904,0,0,0
74.7979,96671,966940538,1847,0,0,0
74.8081,96672,966950539,1845,0,0,0
74.8180,96673,966960539,1832,0,0,0
74.8279,96674,966970538,1845,0,0,0
74.8378,96675,966980539,1808,0,0,0
74.8478,96676,966990539,1825,0,0,0
74.8578,96677,967000539,1809,0,0,0
74.8678,96678,967010539,1689,0,0,0
74.8779,96679,967020539,1489,0,0,0
74.8878,96680,967030539,1983,0,0,0
74.8981,96681,967040539,3367,0,0,0
74.9082,96682,967050539,2880,0,0,0
74.9181,96683,967060539,1913,0,0,0
74.9281,96684,967070539,1754,0,0,0
74.9381,96685,967080539,1799,0,0,0
74.9481,96686,967090539,1792,0,0,0
74.9581,96687,967100539,1738,0,0,0
74.9681,96688,967110539,1754,0,0,0
74.9781,96689,967120538,1748,0,0,0
74.9878,96690,967130539,1775,0,0,0
74.9979,96691,967140538,1770,0,0,0
75.0078,96692,967150539,1785,0,0,0
75.0188,96693,967160538,1781,0,0,0
75.0279,96694,967170539,1805,0,0,0
75.0381,96695,967180538,1798,0,0,0
75.0478,96696,967190539,1795,0,0,0
75.0579,96697,967200538,1797,0,0,0
75.0678,96698,967210539,1802,0,0,0
75.0778,96699,967220538,1816,0,0,0
75.0881,96700,967230539,1824,0,0,0
75.0979,96701,967240539,1819,0,0,0
75.1081,96702,967250539,1835,0,0,0
75.1180,96703,967260539,1839,0,0,0
75.1280,96704,967270539,1851,0,0,0
75.1380,96705,967280539,1859,0,0,0
75.1481,96706,967290539,1885,0,0,0
75.1580,96707,967300539,1890,0,0,0
75.1679,96708,967310539,1929,0,0,0
75.1778,96709,967320539,1926,0,0,0
75.1878,96710,967330538,1925,0,0,0
75.1978,96711,967340539,1905,0,0,0
75.2078,96712,967350539,1905,0,0,0
75.2179,96713,967360538,1847,0,0,0
75.2279,96714,967370539,1818,0,0,0
75.2378,96715,967380539,1790,0,0,0
75.2479,96716,967390539,1776,0,0,0
75.2580,96717,967400538,1764,0,0,0
75.2678,96718,967410539,1772,0,0,0
75.2779,96719,967420539,1771,0,0,0
75.2880,96720,967430539,1772,0,0,0
75.2978,96721,967440539,1771,0,0,0
75.3079,96722,967450539,1773,0,0,0
75.3178,96723,967460538,1776,0,0,0
75.3278,96724,967470539,1786,0,0,0
75.3380,96725,967480538,1778,0,0,0
75.3480,96726,967490539,1801,0,0,0
75.3577,96727,967500539,1793,0,0,0
75.3681,96728,967510538,1808,0,0,0
75.3779,96729,967520539,1801,0,0,0
75.3877,96730,967530539,1818,0,0,0
75.3979,96731,967540538,1811,0,0,0
75.4078,96732,967550539,1818,0,0,0
75.4179,96733,967560538,1824,0,0,0
75.4279,96734,967570539,1847,0,0,0
75.4379,96735,967580539,1839,0,0,0
75.4480,96736,967590538,1840,0,0,0
75.4581,96737,967600539,1830,0,0,0
75.4680,96738,967610539,1836,0,0,0
75.4780,96739,967620538,1837,0,0,0
75.4880,96740,967630539,1828,0,0,0
75.4980,96741,967640539,1838,0,0,0
75.5081,96742,967650539,1843,0,0,0
75.5181,96743,967660539,1831,0,0,0
75.5297,96744,967670538,1845,0,0,0
75.5378,96745,967680539,1840,0,0,0
75.5479,96746,967690539,1847,0,0,0
75.5581,96747,967700538,1837,0,0,0
75.5690,96748,967710539,1846,0,0,0
75.5780,96749,967720539,1829,0,0,0
75.5880,96750,967730538,1840,0,0,0
75.5980,96751,967740539,1841,0,0,0
75.6078,96752,967750539,1851,0,0,0
75.6179,96753,967760539,1844,0,0,0
75.6279,96754,967770538,1851,0,0,0
75.6378,96755,967780539,1855,0,0,0
75.6477,96756,967790539,1850,0,0,0
75.6579,96757,967800539,1840,0,0,0
75.6680,96758,967810539,1850,0,0,0
75.6781,96759,967820539,1850,0,0,0
75.6881,96760,967830539,1857,0,0,0
75.6981,96761,967840538,1846,0,0,0
75.7081,96762,967850539,1856,0,0,0
75.7182,96763,967860539,1853,0,0,0
75.7280,96764,967870539,1861,0,0,0
75.7381,96765,967880538,1841,0,0,0
75.7485,96766,967890539,1855,0,0,0
75.7584,96767,967900538,1844,0,0,0
75.7679,96768,967910539,1851,0,0,0
75.7783,96769,967920539,1846,0,0,0
75.7878,96770,967930538,1853,0,0,0
75.7978,96771,967940539,1861,0,0,0
75.8078,96772,967950539,1862,0,0,0
75.8178,96773,967960539,1856,0,0,0
75.8278,96774,967970539,1889,0,0,0
75.8380,96775,967980539,1904,0,0,0
75.8478,96776,967990539,1929,0,0,0
75.8578,96777,968000539,1955,0,0,0
75.8678,96778,968010539,1973,0,0,0
75.8778,96779,968020539,1965,0,0,0
75.8878,96780,968030539,1911,0,0,0
75.8979,96781,968040539,1855,0,0,0
75.9079,96782,968050539,1856,0,0,0
75.9179,96783,968060539,1827,0,0,0
75.9280,96784,968070539,1825,0,0,0
75.9380,96785,968080539,1816,0,0,0
75.9480,96786,968090539,1819,0,0,0
75.9581,96787,968100539,1814,0,0,0
75.9679,96788,968110539,1721,0,0,0
75.9778,96789,968120539,1474,0,0,0
75.9879,96790,968130539,1888,0,0,0
75.9980,96791,968140538,3303,0,0,0
76.0077,96792,968150539,3153,0,0,0
76.0178,96793,968160539,1921,0,0,0
76.0282,96794,968170539,1611,0,0,0
76.0381,96795,968180539,1813,0,0,0
76.0480,96796,968190539,1775,0,0,0
76.0579,96797,968200539,1743,0,0,0
76.0680,96798,968210539,1751,0,0,0
76.0780,96799,968220538,1760,0,0,0
76.0879,96800,968230539,1773,0,0,0
76.0980,96801,968240539,1775,0,0,0
76.1079,96802,968250538,1795,0,0,0
76.1179,96803,968260539,1778,0,0,0
76.1280,96804,968270539,1805,0,0,0
76.1380,96805,968280539,1792,0,0,0
76.1480,96806,968290539,1790,0,0,0
76.1582,96807,968300539,1794,0,0,0
76.1679,96808,968310538,1807,0,0,0
76.1781,96809,968320538,1808,0,0,0
76.1880,96810,968330539,1808,0,0,0
76.1982,96811,968340539,1811,0,0,0
76.2079,96812,968350539,1841,0,0,0
76.2180,96813,968360539,1840,0,0,0
76.2279,96814,968370539,1858,0,0,0
76.2380,96815,968380539,1874,0,0,0
76.2479,96816,968390539,1904,0,0,0
76.2580,96817,968400539,1919,0,0,0
76.2677,96818,968410538,1930,0,0,0
76.2779,96819,968420539,1936,0,0,0
76.2878,96820,968430539,1936,0,0,0
76.2979,96821,968440538,1918,0,0,0
76.3079,96822,968450539,1885,0,0,0
76.3178,96823,968460539,1856,0,0,0
76.3282,96824,968470539,1814,0,0,0
76.3379,96825,968480539,1790,0,0,0
76.3478,96826,968490539,1787,0,0,0
76.3579,96827,968500539,1771,0,0,0
76.3679,96828,968510538,1772,0,0,0
76.3778,96829,968520538,1772,0,0,0
76.3878,96830,968530539,1776,0,0,0
76.3979,96831,968540539,1761,0,0,0
76.4078,96832,968550539,1769,0,0,0
76.4180,96833,968560539,1776,0,0,0
76.4279,96834,968570539,1783,0,0,0
76.4381,96835,968580539,1779,0,0,0
76.4479,96836,968590539,1794,0,0,0
76.4580,96837,968600538,1802,0,0,0
76.4679,96838,968610539,1818,0,0,0
76.4781,96839,968620539,1824,0,0,0
76.4879,96840,968630539,1810,0,0,0
76.4980,96841,968640538,1805,0,0,0
76.5081,96842,968650539,1801,0,0,0
76.5180,96843,968660539,1807,0,0,0
76.5298,96844,968670539,1825,0,0,0
76.5380,96845,968680539,1810,0,0,0
76.5480,96846,968690538,1828,0,0,0
76.5579,96847,968700539,1824,0,0,0
76.5679,96848,968710539,1821,0,0,0
76.5781,96849,968720539,1814,0,0,0
76.5880,96850,968730538,1829,0,0,0
76.5978,96851,968740539,1810,0,0,0
76.6079,96852,968750539,1811,0,0,0
76.6178,96853,968760539,1808,0,0,0
76.6278,96854,968770539,1819,0,0,0
76.6380,96855,968780538,1826,0,0,0
76.6479,96856,968790539,1821,0,0,0
76.6579,96857,968800539,1823,0,0,0
76.6680,96858,968810538,1833,0,0,0
76.6779,96859,968820539,1826,0,0,0
76.6879,96860,968830538,1830,0,0,0
76.6980,96861,968840539,1823,0,0,0
76.7079,96862,968850539,1833,0,0,0
76.7179,96863,968860538,1831,0,0,0
76.7280,96864,968870538,1823,0,0,0
76.7380,96865,968880539,1840,0,0,0
76.7479,96866,968890539,1846,0,0,0
76.7580,96867,968900539,1839,0,0,0
76.7679,96868,968910539,1851,0,0,0
76.7796,96869,968920539,1853,0,0,0
76.7879,96870,968930539,1857,0,0,0
76.7981,96871,968940538,1827,0,0,0
76.8079,96872,968950539,1851,0,0,0
76.8177,96873,968960538,1856,0,0,0
76.8279,96874,968970539,1855,0,0,0
76.8378,96875,968980539,1863,0,0,0
76.8477,96876,968990539,1874,0,0,0
76.8579,96877,969000538,1858,0,0,0
76.8678,96878,969010539,1878,0,0,0
76.8779,96879,969020538,1873,0,0,0
76.8879,96880,969030539,1870,0,0,0
76.8979,96881,969040538,1869,0,0,0
76.9079,96882,969050539,1867,0,0,0
76.9179,96883,969060539,1879,0,0,0
76.9279,96884,969070539,1872,0,0,0
76.9380,96885,969080539,1874,0,0,0
76.9481,96886,969090539,1899,0,0,0
76.9580,96887,969100539,1904,0,0,0
76.9680,96888,969110538,1933,0,0,0
76.9781,96889,969120539,1938,0,0,0
76.9879,96890,969130539,1971,0,0,0
76.9979,96891,969140539,1998,0,0,0
77.0080,96892,969150539,1970,0,0,0
77.0183,96893,969160538,1935,0,0,0
77.0279,96894,969170539,1875,0,0,0
77.0387,96895,969180538,1856,0,0,0
77.0478,96896,969190539,1856,0,0,0
77.0580,96897,969200539,1851,0,0,0
77.0678,96898,969210539,1831,0,0,0
77.0778,96899,969220538,1840,0,0,0
77.0879,96900,969230539,1844,0,0,0
77.0980,96901,969240538,1750,0,0,0
77.1079,96902,969250539,1522,0,0,0
77.1179,96903,969260539,1881,0,0,0
77.1279,96904,969270538,3142,0,0,0
77.1381,96905,969280538,3168,0,0,0
77.1479,96906,969290538,1987,0,0,0
77.1581,96907,969300539,1713,0,0,0
77.1680,96908,969310539,1811,0,0,0
77.1780,96909,969320539,1814,0,0,0
77.1880,96910,969330539,1765,0,0,0
77.1980,96911,969340538,1776,0,0,0
77.2079,96912,969350539,1779,0,0,0
77.2179,96913,969360539,1808,0,0,0
77.2278,96914,969370539,1799,0,0,0
77.2378,96915,969380539,1818,0,0,0
77.2478,96916,969390539,1813,0,0,0
77.2578,96917,969400538,1817,0,0,0
77.2677,96918,969410539,1840,0,0,0
77.2797,96919,969420539,1840,0,0,0
77.2878,96920,969430539,1821,0,0,0
77.2978,96921,969440539,1831,0,0,0
77.3080,96922,969450539,1836,0,0,0
77.3179,96923,969460539,1853,0,0,0
77.3278,96924,969470538,1842,0,0,0
77.3379,96925,969480539,1850,0,0,0
77.3477,96926,969490538,1872,0,0,0
77.3578,96927,969500539,1893,0,0,0
77.3679,96928,969510538,1888,0,0,0
77.3778,96929,969520538,1922,0,0,0
77.3878,96930,969530539,1936,0,0,0
77.3979,96931,969540539,1953,0,0,0
77.4078,96932,969550539,1955,0,0,0
77.4180,96933,969560539,1955,0,0,0
77.4281,96934,969570539,1936,0,0,0
77.4380,96935,969580538,1920,0,0,0
77.4480,96936,969590539,1895,0,0,0
77.4581,96937,969600538,1849,0,0,0
77.4680,96938,969610539,1809,0,0,0
77.4780,96939,969620538,1801,0,0,0
77.4880,96940,969630539,1787,0,0,0
77.4982,96941,969640538,1790,0,0,0
77.5079,96942,969650539,1787,0,0,0
77.5180,96943,969660539,1781,0,0,0
77.5285,96944,969670538,1777,0,0,0
77.5379,96945,969680538,1785,0,0,0
77.5481,96946,969690539,1777,0,0,0
77.5580,96947,969700539,1783,0,0,0
77.5677,96948,969710539,1781,0,0,0
77.5782,96949,969720539,1793,0,0,0
77.5878,96950,969730539,1795,0,0,0
77.5981,96951,969740539,1808,0,0,0
77.6081,96952,969750539,1794,0,0,0
77.6178,96953,969760539,1804,0,0,0
77.6278,96954,969770539,1810,0,0,0
77.6379,96955,969780539,1811,0,0,0
77.6478,96956,969790539,1805,0,0,0
77.6579,96957,969800539,1819,0,0,0
77.6680,96958,969810539,1822,0,0,0
77.6778,96959,969820539,1822,0,0,0
77.6878,96960,969830539,1808,0,0,0
77.6979,96961,969840539,1815,0,0,0
77.7079,96962,969850539,1807,0,0,0
77.7179,96963,969860539,1808,0,0,0
77.7279,96964,969870539,1807,0,0,0
77.7380,96965,969880538,1808,0,0,0
77.7481,96966,969890539,1815,0,0,0
77.7581,96967,969900539,1828,0,0,0
77.7680,96968,969910539,1811,0,0,0
77.7778,96969,969920538,1820,0,0,0
77.7883,96970,969930539,1823,0,0,0
77.7978,96971,969940539,1822,0,0,0
77.8079,96972,969950538,1818,0,0,0
77.8179,96973,969960538,1823,0,0,0
77.8281,96974,969970538,1822,0,0,0
77.8378,96975,969980538,1823,0,0,0
77.8479,96976,969990539,1821,0,0,0
77.8578,96977,970000539,1835,0,0,0
77.8679,96978,970010539,1836,0,0,0
77.8778,96979,970020539,1837,0,0,0
77.8880,96980,970030539,1825,0,0,0
77.8982,96981,970040539,1835,0,0,0
77.9080,96982,970050539,1827,0,0,0
77.9180,96983,970060539,1837,0,0,0
77.9281,96984,970070539,1843,0,0,0
77.9381,96985,970080538,1840,0,0,0
77.9481,96986,970090539,1829,0,0,0
77.9578,96987,970100539,1843,0,0,0
77.9678,96988,970110539,1840,0,0,0
77.9778,96989,970120539,1840,0,0,0
77.9880,96990,970130539,1843,0,0,0
77.9977,96991,970140538,1840,0,0,0
78.0078,96992,970150538,1839,0,0,0
78.0179,96993,970160539,1866,0,0,0
78.0291,96994,970170539,1884,0,0,0
78.0378,96995,970180539,1918,0,0,0
78.0479,96996,970190539,1923,0,0,0
78.0578,96997,970200538,1965,0,0,0
78.0678,96998,970210539,1937,0,0,0
78.0780,96999,970220539,1921,0,0,0
78.0879,97000,970230539,1847,0,0,0
78.0978,97001,970240539,1837,0,0,0
78.1079,97002,970250539,1825,0,0,0
78.1178,97003,970260539,1807,0,0,0
78.1278,97004,970270539,1795,0,0,0
78.1378,97005,970280538,1806,0,0,0
78.1480,97006,970290539,1797,0,0,0
78.1580,97007,970300539,1798,0,0,0
78.1679,97008,970310538,1535,0,0,0
78.1780,97009,970320539,1585,0,0,0
78.1882,97010,970330539,2305,0,0,0
78.1979,97011,970340539,3929,0,0,0
78.2078,97012,970350538,2469,0,0,0
78.2179,97013,970360538,1679,0,0,0
78.2279,97014,970370539,1714,0,0,0
78.2381,97015,970380539,1831,0,0,0
78.2478,97016,970390539,1725,0,0,0
78.2580,97017,970400539,1744,0,0,0
78.2679,97018,970410539,1747,0,0,0
78.2781,97019,970420539,1771,0,0,0
78.2890,97020,970430539,1774,0,0,0
78.2978,97021,970440539,1778,0,0,0
78.3078,97022,970450539,1778,0,0,0
78.3179,97023,970460538,1794,0,0,0
78.3278,97024,970470539,1798,0,0,0
78.3379,97025,970480539,1805,0,0,0
78.3479,97026,970490539,1806,0,0,0
78.3579,97027,970500539,1821,0,0,0
78.3680,97028,970510539,1819,0,0,0
78.3779,97029,970520538,1842,0,0,0
78.3879,97030,970530539,1831,0,0,0
78.3978,97031,970540538,1851,0,0,0
78.4079,97032,970550539,1858,0,0,0
78.4179,97033,970560538,1893,0,0,0
78.4277,97034,970570539,1877,0,0,0
78.4379,97035,970580538,1929,0,0,0
78.4480,97036,970590539,1919,0,0,0
78.4580,97037,970600539,1943,0,0,0
78.4679,97038,970610539,1961,0,0,0
78.4781,97039,970620539,1968,0,0,0
78.4882,97040,970630538,1949,0,0,0
78.4978,97041,970640539,1939,0,0,0
78.5079,97042,970650539,1895,0,0,0
78.5183,97043,970660539,1872,0,0,0
78.5279,97044,970670539,1845,0,0,0
78.5379,97045,970680539,1823,0,0,0
78.5478,97046,970690539,1799,0,0,0
78.5579,97047,970700538,1807,0,0,0
78.5678,97048,970710539,1792,0,0,0
78.5780,97049,970720539,1798,0,0,0
78.5878,97050,970730539,1791,0,0,0
78.5978,97051,970740538,1808,0,0,0
78.6078,97052,970750539,1791,0,0,0
78.6178,97053,970760539,1806,0,0,0
78.6281,97054,970770539,1797,0,0,0
78.6381,97055,970780538,1811,0,0,0
78.6481,97056,970790539,1797,0,0,0
78.6582,97057,970800538,1826,0,0,0
78.6681,97058,970810539,1807,0,0,0
78.6779,97059,970820539,1810,0,0,0
78.6882,97060,970830539,1807,0,0,0
78.6982,97061,970840538,1826,0,0,0
78.7080,97062,970850539,1823,0,0,0
78.7181,97063,970860539,1824,0,0,0
78.7281,97064,970870538,1818,0,0,0
78.7381,97065,970880538,1834,0,0,0
78.7483,97066,970890539,1819,0,0,0
78.7582,97067,970900539,1827,0,0,0
78.7680,97068,970910539,1826,0,0,0
78.7780,97069,970920539,1834,0,0,0
78.7878,97070,970930539,1811,0,0,0
78.7981,97071,970940538,1827,0,0,0
78.8079,97072,970950539,1811,0,0,0
78.8179,97073,970960539,1822,0,0,0
78.8281,97074,970970539,1814,0,0,0
78.8378,97075,970980539,1823,0,0,0
78.8480,97076,970990539,1819,0,0,0
78.8580,97077,971000539,1839,0,0,0
78.8678,97078,971010539,1822,0,0,0
78.8778,97079,971020538,1839,0,0,0
78.8880,97080,971030539,1827,0,0,0
78.8977,97081,971040539,1840,0,0,0
78.9079,97082,971050538,1842,0,0,0
78.9181,97083,971060539,1840,0,0,0
78.9280,97084,971070539,1839,0,0,0
78.9380,97085,971080539,1856,0,0,0
78.9480,97086,971090539,1855,0,0,0
78.9580,97087,971100538,1855,0,0,0
78.9679,97088,971110539,1839,0,0,0
78.9777,97089,971120539,1840,0,0,0
78.9880,97090,971130539,1841,0,0,0
78.9980,97091,971140538,1843,0,0,0
79.0082,97092,971150539,1844,0,0,0
79.0180,97093,971160539,1850,0,0,0
79.0282,97094,971170538,1845,0,0,0
79.0378,97095,971180539,1837,0,0,0
79.0478,97096,971190539,1827,0,0,0
79.0577,97097,971200539,1843,0,0,0
79.0680,97098,971210538,1851,0,0,0
79.0779,97099,971220539,1852,0,0,0
79.0879,97100,971230539,1835,0,0,0
79.0978,97101,971240539,1849,0,0,0
79.1078,97102,971250539,1851,0,0,0
79.1178,97103,971260539,1851,0,0,0
79.1281,97104,971270538,1831,0,0,0
79.1378,97105,971280539,1857,0,0,0
79.1479,97106,971290539,1868,0,0,0
79.1582,97107,971300538,1915,0,0,0
79.1681,97108,971310539,1906,0,0,0
79.1781,97109,971320539,1965,0,0,0
79.1882,97110,971330539,1943,0,0,0
79.1981,97111,971340539,1923,0,0,0
79.2080,97112,971350539,1867,0,0,0
79.2181,97113,971360539,1843,0,0,0
79.2279,97114,971370539,1833,0,0,0
79.2378,97115,971380539,1825,0,0,0
79.2479,97116,971390539,1797,0,0,0
79.2580,97117,971400539,1806,0,0,0
79.2677,97118,971410539,1808,0,0,0
79.2781,97119,971420539,1805,0,0,0
79.2878,97120,971430539,1568,0,0,0
79.2979,97121,971440538,1535,0,0,0
79.3080,97122,971450539,2231,0,0,0
79.3178,97123,971460539,3861,0,0,0
79.3277,97124,971470539,2496,0,0,0
79.3378,97125,971480538,1735,0,0,0
79.3478,97126,971490539,1690,0,0,0
79.3578,97127,971500538,1836,0,0,0
79.3678,97128,971510539,1747,0,0,0
79.3778,97129,971520538,1740,0,0,0
79.3879,97130,971530539,1760,0,0,0
79.3980,97131,971540539,1765,0,0,0
79.4081,97132,971550539,1753,0,0,0
79.4181,97133,971560538,1770,0,0,0
79.4281,97134,971570539,1798,0,0,0
79.4381,97135,971580538,1794,0,0,0
79.4480,97136,971590539,1783,0,0,0
79.4581,97137,971600539,1794,0,0,0
79.4682,97138,971610539,1787,0,0,0
79.4781,97139,971620539,1813,0,0,0
79.4880,97140,971630539,1813,0,0,0
79.4980,97141,971640539,1822,0,0,0
79.5080,97142,971650539,1809,0,0,0
79.5180,97143,971660539,1837,0,0,0
79.5278,97144,971670539,1849,0,0,0
79.5379,97145,971680539,1861,0,0,0
79.5482,97146,971690539,1891,0,0,0
79.5578,97147,971700538,1914,0,0,0
79.5679,97148,971710539,1929,0,0,0
79.5779,97149,971720539,1957,0,0,0
79.5877,97150,971730539,1963,0,0,0
79.5979,97151,971740539,1976,0,0,0
79.6078,97152,971750539,1969,0,0,0
79.6178,97153,971760539,1943,0,0,0
79.6279,97154,971770539,1903,0,0,0
79.6379,97155,971780538,1873,0,0,0
79.6477,97156,971790539,1850,0,0,0
79.6580,97157,971800538,1834,0,0,0
79.6681,97158,971810539,1811,0,0,0
79.6780,97159,971820539,1808,0,0,0
79.6880,97160,971830539,1808,0,0,0
79.6979,97161,971840538,1796,0,0,0
79.7080,97162,971850539,1779,0,0,0
79.7179,97163,971860539,1803,0,0,0
79.7282,97164,971870539,1787,0,0,0
79.7382,97165,971880538,1811,0,0,0
79.7481,97166,971890539,1805,0,0,0
79.7585,97167,971900539,1795,0,0,0
79.7681,97168,971910538,1818,0,0,0
79.7780,97169,971920539,1815,0,0,0
79.7880,97170,971930539,1802,0,0,0
79.7981,97171,971940538,1814,0,0,0
79.8079,97172,971950539,1833,0,0,0
79.8180,97173,971960539,1840,0,0,0
79.8282,97174,971970539,1831,0,0,0
79.8379,97175,971980539,1803,0,0,0
79.8480,97176,971990539,1832,0,0,0
79.8579,97177,972000538,1850,0,0,0
79.8678,97178,972010539,1830,0,0,0
79.8778,97179,972020538,1825,0,0,0
79.8880,97180,972030539,1825,0,0,0
79.8979,97181,972040538,1813,0,0,0
79.9078,97182,972050539,1820,0,0,0
79.9180,97183,972060538,1834,0,0,0
79.9278,97184,972070539,1834,0,0,0
79.9383,97185,972080539,1840,0,0,0
79.9483,97186,972090539,1831,0,0,0
79.9583,97187,972100539,1840,0,0,0
79.9680,97188,972110539,1834,0,0,0
79.9784,97189,972120539,1840,0,0,0
79.9883,97190,972130539,1840,0,0,0
79.9982,97191,972140539,1839,0,0,0
80.0104,97192,972150539,1826,0,0,0
80.0182,97193,972160538,1846,0,0,0
80.0294,97194,972170539,1838,0,0,0
80.0382,97195,972180539,1835,0,0,0
80.0480,97196,972190539,1843,0,0,0
80.0580,97197,972200538,1846,0,0,0
80.0683,97198,972210539,1842,0,0,0
80.0779,97199,972220539,1853,0,0,0
80.0879,97200,972230538,1838,0,0,0
80.0978,97201,972240539,1839,0,0,0
80.1079,97202,972250539,1846,0,0,0
80.1178,97203,972260539,1853,0,0,0
80.1278,97204,972270538,1847,0,0,0
80.1380,97205,972280538,1842,0,0,0
80.1481,97206,972290539,1855,0,0,0
80.1580,97207,972300538,1866,0,0,0
80.1712,97208,972310539,1882,0,0,0
80.1782,97209,972320539,1905,0,0,0
80.1906,97210,972330539,1913,0,0,0
80.2026,97211,972340538,1977,0,0,0
80.2079,97212,972350539,1958,0,0,0
80.2194,97213,972360539,1923,0,0,0
80.2283,97214,972370539,1872,0,0,0
80.2380,97215,972380539,1831,0,0,0
80.2479,97216,972390539,1826,0,0,0
80.2580,97217,972400539,1814,0,0,0
80.2679,97218,972410539,1804,0,0,0
80.2781,97219,972420539,1810,0,0,0
80.2906,97220,972430538,1804,0,0,0
80.2981,97221,972440539,1808,0,0,0
80.3080,97222,972450539,1643,0,0,0
80.3180,97223,972460538,1535,0,0,0
80.3279,97224,972470539,2127,0,0,0
80.3378,97225,972480538,3730,0,0,0
80.3478,97226,972490539,2714,0,0,0
80.3613,97227,972500539,1853,0,0,0
80.3699,97228,972510539,1707,0,0,0
80.3818,97229,972520538,1825,0,0,0
80.3879,97230,972530539,1771,0,0,0
80.4057,97231,972540539,1754,0,0,0
80.4079,97232,972550539,1770,0,0,0
80.4179,97233,972560538,1776,0,0,0
80.4278,97234,972570539,1778,0,0,0
80.4379,97235,972580539,1779,0,0,0
80.4480,97236,972590539,1801,0,0,0
80.4579,97237,972600538,1802,0,0,0
80.4680,97238,972610539,1808,0,0,0
80.4780,97239,972620538,1818,0,0,0
80.4879,97240,972630539,1823,0,0,0
80.4978,97241,972640539,1803,0,0,0
80.5101,97242,972650539,1824,0,0,0
80.5179,97243,972660539,1824,0,0,0
80.5336,97244,972670539,1843,0,0,0
80.5478,97245,972680538,1842,0,0,0
80.5481,97246,972690539,1856,0,0,0
80.5646,97247,972700538,1871,0,0,0
80.5683,97248,972710539,1885,0,0,0
80.5780,97249,972720539,1901,0,0,0
80.5881,97250,972730539,1921,0,0,0
80.5979,97251,972740538,1936,0,0,0
80.6079,97252,972750539,1955,0,0,0
80.6178,97253,972760538,1954,0,0,0
80.6278,97254,972770539,1952,0,0,0
80.6380,97255,972780539,1934,0,0,0
80.6480,97256,972790539,1907,0,0,0
80.6580,97257,972800538,1871,0,0,0
80.6680,97258,972810539,1843,0,0,0
80.6832,97259,972820538,1809,0,0,0
80.6893,97260,972830539,1810,0,0,0
80.7041,97261,972840539,1789,0,0,0
80.7079,97262,972850539,1790,0,0,0
80.7179,97263,972860539,1797,0,0,0
80.7277,97264,972870539,1781,0,0,0
80.7379,97265,972880539,1791,0,0,0
80.7479,97266,972890538,1792,0,0,0
80.7580,97267,972900538,1786,0,0,0
80.7678,97268,972910539,1791,0,0,0
80.7779,97269,972920538,1791,0,0,0
80.7887,97270,972930539,1800,0,0,0
80.7979,97271,972940539,1809,0,0,0
80.8079,97272,972950539,1822,0,0,0
80.8186,97273,972960538,1824,0,0,0
80.8278,97274,972970539,1818,0,0,0
80.8378,97275,972980538,1824,0,0,0
80.8480,97276,972990539,1836,0,0,0
80.8578,97277,973000539,1817,0,0,0
80.8677,97278,973010539,1818,0,0,0
80.8778,97279,973020538,1827,0,0,0
80.8879,97280,973030539,1826,0,0,0
80.8978,97281,973040539,1824,0,0,0
80.9078,97282,973050539,1830,0,0,0
80.9178,97283,973060539,1831,0,0,0
80.9279,97284,973070539,1833,0,0,0
80.9379,97285,973080539,1810,0,0,0
80.9478,97286,973090539,1827,0,0,0
80.9578,97287,973100539,1823,0,0,0
80.9680,97288,973110539,1825,0,0,0
80.9779,97289,973120539,1824,0,0,0
80.9879,97290,973130538,1830,0,0,0
80.9979,97291,973140538,1822,0,0,0
81.0078,97292,973150539,1833,0,0,0
81.0178,97293,973160538,1831,0,0,0
81.0279,97294,973170539,1827,0,0,0
81.0379,97295,973180539,1831,0,0,0
81.0479,97296,973190539,1835,0,0,0
81.0580,97297,973200539,1835,0,0,0
81.0679,97298,973210539,1839,0,0,0
81.0800,97299,973220539,1833,0,0,0
81.0884,97300,973230538,1840,0,0,0
81.0978,97301,973240539,1840,0,0,0
81.1082,97302,973250539,1850,0,0,0
81.1179,97303,973260539,1840,0,0,0
81.1278,97304,973270539,1847,0,0,0
81.1377,97305,973280539,1843,0,0,0
81.1478,97306,973290539,1843,0,0,0
81.1577,97307,973300538,1855,0,0,0
81.1677,97308,973310539,1855,0,0,0
81.1778,97309,973320539,1854,0,0,0
81.1878,97310,973330538,1866,0,0,0
81.1978,97311,973340539,1863,0,0,0
81.2078,97312,973350539,1872,0,0,0
81.2178,97313,973360539,1862,0,0,0
81.2277,97314,973370539,1889,0,0,0
81.2379,97315,973380538,1915,0,0,0
81.2478,97316,973390539,1937,0,0,0
81.2578,97317,973400538,1969,0,0,0
81.2678,97318,973410539,1981,0,0,0
81.2779,97319,973420539,1961,0,0,0
81.2908,97320,973430539,1919,0,0,0
81.2980,97321,973440538,1861,0,0,0
81.3079,97322,973450539,1855,0,0,0
81.3181,97323,973460538,1842,0,0,0
81.3278,97324,973470539,1837,0,0,0
81.3379,97325,973480538,1815,0,0,0
81.3479,97326,973490539,1835,0,0,0
81.3579,97327,973500539,1819,0,0,0
81.3679,97328,973510539,1725,0,0,0
81.3779,97329,973520539,1505,0,0,0
81.3878,97330,973530538,1903,0,0,0
81.3980,97331,973540538,3330,0,0,0
81.4078,97332,973550539,3169,0,0,0
81.4178,97333,973560539,1922,0,0,0
81.4279,97334,973570539,1631,0,0,0
81.4378,97335,973580539,1831,0,0,0
81.4479,97336,973590539,1786,0,0,0
81.4580,97337,973600539,1750,0,0,0
81.4679,97338,973610539,1776,0,0,0
81.4779,97339,973620539,1776,0,0,0
81.4880,97340,973630539,1792,0,0,0
81.4980,97341,973640538,1783,0,0,0
81.5079,97342,973650539,1796,0,0,0
81.5186,97343,973660539,1791,0,0,0
81.5278,97344,973670539,1806,0,0,0
81.5378,97345,973680538,1795,0,0,0
81.5480,97346,973690539,1814,0,0,0
81.5580,97347,973700539,1808,0,0,0
81.5678,97348,973710539,1808,0,0,0
81.5779,97349,973720539,1829,0,0,0
81.5879,97350,973730538,1822,0,0,0
81.5979,97351,973740539,1840,0,0,0
81.6079,97352,973750539,1853,0,0,0
81.6178,97353,973760539,1857,0,0,0
81.6280,97354,973770539,1903,0,0,0
81.6379,97355,973780538,1901,0,0,0
81.6478,97356,973790539,1921,0,0,0
81.6579,97357,973800539,1934,0,0,0
81.6680,97358,973810539,1951,0,0,0
81.6778,97359,973820538,1968,0,0,0
81.6879,97360,973830539,1965,0,0,0
81.6978,97361,973840539,1927,0,0,0
81.7078,97362,973850538,1914,0,0,0
81.7180,97363,973860538,1872,0,0,0
81.7280,97364,973870539,1826,0,0,0
81.7380,97365,973880539,1795,0,0,0
81.7481,97366,973890538,1797,0,0,0
81.7580,97367,973900539,1776,0,0,0
81.7680,97368,973910538,1761,0,0,0
81.7778,97369,973920539,1757,0,0,0
81.7880,97370,973930539,1775,0,0,0
81.7978,97371,973940539,1767,0,0,0
81.8079,97372,973950539,1778,0,0,0
81.8179,97373,973960538,1785,0,0,0
81.8281,97374,973970539,1797,0,0,0
81.8379,97375,973980538,1786,0,0,0
81.8479,97376,973990539,1799,0,0,0
81.8579,97377,974000539,1797,0,0,0
81.8679,97378,974010539,1826,0,0,0
81.8779,97379,974020539,1810,0,0,0
81.8878,97380,974030539,1835,0,0,0
81.8978,97381,974040539,1833,0,0,0
81.9078,97382,974050539,1837,0,0,0
81.9180,97383,974060538,1847,0,0,0
81.9279,97384,974070539,1856,0,0,0
81.9380,97385,974080539,1846,0,0,0
81.9480,97386,974090539,1845,0,0,0
81.9579,97387,974100539,1853,0,0,0
81.9679,97388,974110539,1851,0,0,0
81.9780,97389,974120538,1842,0,0,0
81.9878,97390,974130539,1863,0,0,0
81.9978,97391,974140538,1840,0,0,0
82.0080,97392,974150539,1851,0,0,0
82.0180,97393,974160539,1840,0,0,0
82.0277,97394,974170539,1847,0,0,0
82.0380,97395,974180539,1840,0,0,0
82.0480,97396,974190539,1827,0,0,0
82.0579,97397,974200538,1825,0,0,0
82.0678,97398,974210539,1847,0,0,0
82.0777,97399,974220538,1840,0,0,0
82.0878,97400,974230539,1852,0,0,0
82.0979,97401,974240538,1849,0,0,0
82.1079,97402,974250539,1847,0,0,0
82.1178,97403,974260539,1834,0,0,0
82.1279,97404,974270539,1851,0,0,0
82.1379,97405,974280539,1837,0,0,0
82.1480,97406,974290538,1847,0,0,0
82.1579,97407,974300539,1840,0,0,0
82.1679,97408,974310539,1842,0,0,0
82.1780,97409,974320538,1843,0,0,0
82.1880,97410,974330539,1862,0,0,0
82.1980,97411,974340539,1846,0,0,0
82.2078,97412,974350539,1849,0,0,0
82.2179,97413,974360538,1856,0,0,0
82.2279,97414,974370539,1857,0,0,0
82.2380,97415,974380538,1840,0,0,0
82.2478,97416,974390539,1849,0,0,0
82.2579,97417,974400539,1853,0,0,0
82.2679,97418,974410538,1875,0,0,0
82.2784,97419,974420539,1877,0,0,0
82.2878,97420,974430539,1895,0,0,0
82.2977,97421,974440539,1909,0,0,0
82.3079,97422,974450538,1974,0,0,0
82.3178,97423,974460538,1979,0,0,0
82.3279,97424,974470539,1977,0,0,0
82.3380,97425,974480539,1904,0,0,0
82.3482,97426,974490539,1859,0,0,0
82.3579,97427,974500538,1850,0,0,0
82.3679,97428,974510539,1840,0,0,0
82.3780,97429,974520539,1822,0,0,0
82.3878,97430,974530539,1824,0,0,0
82.3978,97431,974540538,1814,0,0,0
82.4079,97432,974550539,1827,0,0,0
82.4178,97433,974560538,1750,0,0,0
82.4278,97434,974570539,1493,0,0,0
82.4379,97435,974580539,1834,0,0,0
82.4478,97436,974590539,2994,0,0,0
82.4579,97437,974600538,3197,0,0,0
82.4679,97438,974610539,1999,0,0,0
82.4780,97439,974620539,1782,0,0,0
82.4879,97440,974630539,1792,0,0,0
82.4979,97441,974640538,1807,0,0,0
82.5079,97442,974650539,1744,0,0,0
82.5180,97443,974660539,1753,0,0,0
82.5280,97444,974670538,1776,0,0,0
82.5378,97445,974680539,1779,0,0,0
82.5479,97446,974690539,1793,0,0,0
82.5581,97447,974700538,1777,0,0,0
82.5678,97448,974710539,1806,0,0,0
82.5778,97449,974720539,1792,0,0,0
82.5880,97450,974730538,1815,0,0,0
82.5978,97451,974740539,1804,0,0,0
82.6079,97452,974750539,1808,0,0,0
82.6179,97453,974760539,1824,0,0,0
82.6278,97454,974770538,1838,0,0,0
82.6379,97455,974780539,1840,0,0,0
82.6478,97456,974790539,1840,0,0,0
82.6578,97457,974800539,1830,0,0,0
82.6678,97458,974810539,1859,0,0,0
82.6778,97459,974820538,1859,0,0,0
82.6878,97460,974830539,1883,0,0,0
82.6979,97461,974840539,1896,0,0,0
82.7082,97462,974850539,1927,0,0,0
82.7180,97463,974860538,1915,0,0,0
82.7279,97464,974870539,1946,0,0,0
82.7380,97465,974880539,1921,0,0,0
82.7480,97466,974890538,1917,0,0,0
82.7578,97467,974900539,1899,0,0,0
82.7678,97468,974910539,1881,0,0,0
82.7778,97469,974920539,1841,0,0,0
82.7888,97470,974930539,1819,0,0,0
82.7980,97471,974940538,1803,0,0,0
82.8079,97472,974950539,1789,0,0,0
82.8178,97473,974960539,1787,0,0,0
82.8279,97474,974970538,1788,0,0,0
82.8378,97475,974980538,1769,0,0,0
82.8478,97476,974990539,1787,0,0,0
82.8581,97477,975000539,1783,0,0,0
82.8678,97478,975010539,1787,0,0,0
82.8778,97479,975020539,1777,0,0,0
82.8878,97480,975030538,1792,0,0,0
82.8979,97481,975040539,1794,0,0,0
82.9079,97482,975050539,1810,0,0,0
82.9180,97483,975060538,1805,0,0,0
82.9278,97484,975070539,1823,0,0,0
82.9379,97485,975080539,1826,0,0,0
82.9479,97486,975090539,1833,0,0,0
82.9579,97487,975100539,1817,0,0,0
82.9679,97488,975110539,1835,0,0,0
82.9779,97489,975120539,1822,0,0,0
82.9879,97490,975130539,1825,0,0,0
82.9978,97491,975140539,1824,0,0,0
83.0079,97492,975150539,1827,0,0,0
83.0180,97493,975160539,1825,0,0,0
83.0278,97494,975170539,1824,0,0,0
83.0380,97495,975180538,1831,0,0,0
83.0478,97496,975190539,1821,0,0,0
83.0580,97497,975200539,1819,0,0,0
83.0680,97498,975210538,1821,0,0,0
83.0780,97499,975220539,1818,0,0,0
83.0879,97500,975230539,1819,0,0,0
83.0979,97501,975240538,1812,0,0,0
83.1081,97502,975250539,1821,0,0,0
83.1178,97503,975260538,1814,0,0,0
83.1278,97504,975270539,1805,0,0,0
83.1377,97505,975280539,1808,0,0,0
83.1478,97506,975290538,1821,0,0,0
83.1579,97507,975300539,1813,0,0,0
83.1678,97508,975310539,1821,0,0,0
83.1777,97509,975320538,1815,0,0,0
83.1881,97510,975330539,1822,0,0,0
83.1979,97511,975340539,1821,0,0,0
83.2080,97512,975350539,1834,0,0,0
83.2181,97513,975360538,1837,0,0,0
83.2279,97514,975370539,1839,0,0,0
83.2378,97515,975380538,1831,0,0,0
83.2479,97516,975390539,1844,0,0,0
83.2578,97517,975400539,1843,0,0,0
83.2678,97518,975410538,1846,0,0,0
83.2777,97519,975420539,1843,0,0,0
83.2878,97520,975430539,1855,0,0,0
83.2979,97521,975440539,1863,0,0,0
83.3078,97522,975450539,1869,0,0,0
83.3178,97523,975460539,1860,0,0,0
83.3281,97524,975470539,1859,0,0,0
83.3378,97525,975480538,1872,0,0,0
83.3478,97526,975490539,1903,0,0,0
83.3579,97527,975500539,1919,0,0,0
83.3679,97528,975510539,1934,0,0,0
83.3779,97529,975520539,1979,0,0,0
83.3879,97530,975530538,1973,0,0,0
83.3978,97531,975540539,1963,0,0,0
83.4078,97532,975550539,1914,0,0,0
83.4179,97533,975560539,1872,0,0,0
83.4279,97534,975570539,1854,0,0,0
83.4379,97535,975580538,1854,0,0,0
83.4478,97536,975590539,1834,0,0,0
83.4578,97537,975600539,1831,0,0,0
83.4678,97538,975610538,1838,0,0,0
83.4778,97539,975620539,1833,0,0,0
83.4877,97540,975630539,1658,0,0,0
83.4979,97541,975640539,1527,0,0,0
83.5078,97542,975650539,2079,0,0,0
83.5178,97543,975660538,3792,0,0,0
83.5277,97544,975670539,2833,0,0,0
83.5378,97545,975680539,1794,0,0,0
83.5478,97546,975690539,1680,0,0,0
83.5578,97547,975700538,1858,0,0,0
83.5680,97548,975710539,1767,0,0,0
83.5778,97549,975720539,1756,0,0,0
83.5878,97550,975730539,1779,0,0,0
83.5979,97551,975740539,1776,0,0,0
83.6080,97552,975750539,1794,0,0,0
83.6178,97553,975760538,1797,0,0,0
83.6278,97554,975770539,1805,0,0,0
83.6378,97555,975780538,1803,0,0,0
83.6479,97556,975790539,1809,0,0,0
83.6579,97557,975800538,1808,0,0,0
83.6680,97558,975810539,1823,0,0,0
83.6778,97559,975820539,1828,0,0,0
83.6879,97560,975830539,1840,0,0,0
83.6978,97561,975840539,1843,0,0,0
83.7077,97562,975850539,1845,0,0,0
83.7179,97563,975860538,1853,0,0,0
83.7278,97564,975870539,1863,0,0,0
83.7379,97565,975880539,1874,0,0,0
83.7480,97566,975890539,1895,0,0,0
83.7578,97567,975900539,1904,0,0,0
83.7678,97568,975910539,1927,0,0,0
83.7796,97569,975920539,1947,0,0,0
83.7877,97570,975930539,1958,0,0,0
83.7979,97571,975940539,1955,0,0,0
83.8079,97572,975950539,1954,0,0,0
83.8177,97573,975960539,1926,0,0,0
83.8278,97574,975970539,1903,0,0,0
83.8380,97575,975980539,1866,0,0,0
83.8478,97576,975990539,1834,0,0,0
83.8578,97577,976000539,1813,0,0,0
83.8679,97578,976010539,1801,0,0,0
83.8778,97579,976020539,1797,0,0,0
83.8878,97580,976030539,1802,0,0,0
83.8979,97581,976040539,1801,0,0,0
83.9079,97582,976050539,1799,0,0,0
83.9180,97583,976060539,1810,0,0,0
83.9278,97584,976070539,1792,0,0,0
83.9379,97585,976080538,1801,0,0,0
83.9480,97586,976090539,1803,0,0,0
83.9578,97587,976100538,1808,0,0,0
83.9678,97588,976110539,1811,0,0,0
83.9780,97589,976120538,1817,0,0,0
83.9878,97590,976130539,1819,0,0,0
83.9979,97591,976140539,1822,0,0,0
84.0079,97592,976150538,1829,0,0,0
84.0178,97593,976160538,1830,0,0,0
84.0305,97594,976170539,1829,0,0,0
84.0380,97595,976180539,1835,0,0,0
84.0479,97596,976190539,1838,0,0,0
84.0578,97597,976200538,1841,0,0,0
84.0678,97598,976210539,1835,0,0,0
84.0778,97599,976220538,1846,0,0,0
84.0878,97600,976230539,1843,0,0,0
84.0979,97601,976240539,1840,0,0,0
84.1081,97602,976250539,1831,0,0,0
84.1178,97603,976260538,1836,0,0,0
84.1279,97604,976270539,1796,0,0,0
84.1378,97605,976280538,1830,0,0,0
84.1478,97606,976290539,1826,0,0,0
84.1579,97607,976300539,1837,0,0,0
84.1678,97608,976310539,1829,0,0,0
84.1778,97609,976320538,1835,0,0,0
84.1879,97610,976330539,1825,0,0,0
84.1978,97611,976340539,1831,0,0,0
84.2078,97612,976350539,1840,0,0,0
84.2180,97613,976360538,1843,0,0,0
84.2281,97614,976370539,1854,0,0,0
84.2379,97615,976380539,1845,0,0,0
84.2480,97616,976390539,1855,0,0,0
84.2579,97617,976400539,1847,0,0,0
84.2682,97618,976410538,1840,0,0,0
84.2784,97619,976420539,1853,0,0,0
84.2879,97620,976430539,1860,0,0,0
84.2979,97621,976440539,1856,0,0,0
84.3080,97622,976450538,1855,0,0,0
84.3179,97623,976460539,1865,0,0,0
84.3278,97624,976470539,1863,0,0,0
84.3379,97625,976480539,1861,0,0,0
84.3478,97626,976490539,1863,0,0,0
84.3580,97627,976500539,1877,0,0,0
84.3679,97628,976510539,1854,0,0,0
84.3777,97629,976520539,1862,0,0,0
84.3878,97630,976530538,1852,0,0,0
84.3979,97631,976540539,1869,0,0,0
84.4078,97632,976550539,1861,0,0,0
84.4178,97633,976560539,1858,0,0,0
84.4278,97634,976570538,1863,0,0,0
84.4378,97635,976580539,1877,0,0,0
84.4478,97636,976590539,1882,0,0,0
84.4579,97637,976600539,1923,0,0,0
84.4678,97638,976610538,1936,0,0,0
84.4778,97639,976620539,1964,0,0,0
84.4880,97640,976630539,1979,0,0,0
84.4979,97641,976640538,1973,0,0,0
84.5078,97642,976650539,1910,0,0,0
84.5178,97643,976660539,1860,0,0,0
84.5278,97644,976670539,1845,0,0,0
84.5381,97645,976680538,1840,0,0,0
84.5478,97646,976690539,1818,0,0,0
84.5580,97647,976700539,1813,0,0,0
84.5678,97648,976710539,1813,0,0,0
84.5782,97649,976720538,1814,0,0,0
84.5878,97650,976730539,1733,0,0,0
84.5978,97651,976740539,1488,0,0,0
84.6078,97652,976750539,1834,0,0,0
84.6178,97653,976760539,3086,0,0,0
84.6278,97654,976770538,3162,0,0,0
84.6379,97655,976780538,1983,0,0,0
84.6479,97656,976790539,1691,0,0,0
84.6579,97657,976800538,1794,0,0,0
84.6679,97658,976810539,1776,0,0,0
84.6778,97659,976820539,1746,0,0,0
84.6880,97660,976830539,1761,0,0,0
84.6980,97661,976840538,1762,0,0,0
84.7080,97662,976850539,1773,0,0,0
84.7180,97663,976860538,1775,0,0,0
84.7281,97664,976870539,1780,0,0,0
84.7379,97665,976880538,1802,0,0,0
84.7480,97666,976890539,1791,0,0,0
84.7581,97667,976900539,1791,0,0,0
84.7680,97668,976910538,1802,0,0,0
84.7791,97669,976920539,1822,0,0,0
84.7881,97670,976930539,1805,0,0,0
84.7980,97671,976940539,1830,0,0,0
84.8080,97672,976950539,1840,0,0,0
84.8183,97673,976960538,1826,0,0,0
84.8280,97674,976970539,1847,0,0,0
84.8379,97675,976980538,1872,0,0,0
84.8481,97676,976990539,1871,0,0,0
84.8579,97677,977000539,1904,0,0,0
84.8680,97678,977010538,1935,0,0,0
84.8779,97679,977020539,1944,0,0,0
84.8878,97680,977030539,1945,0,0,0
84.8979,97681,977040538,1969,0,0,0
84.9078,97682,977050539,1968,0,0,0
84.9178,97683,977060539,1958,0,0,0
84.9278,97684,977070539,1907,0,0,0
84.9379,97685,977080538,1895,0,0,0
84.9478,97686,977090539,1851,0,0,0
84.9578,97687,977100539,1831,0,0,0
84.9679,97688,977110538,1823,0,0,0
84.9778,97689,977120539,1823,0,0,0
84.9878,97690,977130539,1808,0,0,0
84.9979,97691,977140538,1811,0,0,0
85.0077,97692,977150539,1808,0,0,0
85.0178,97693,977160539,1811,0,0,0
85.0280,97694,977170539,1803,0,0,0
85.0379,97695,977180539,1802,0,0,0
85.0478,97696,977190539,1799,0,0,0
85.0579,97697,977200539,1823,0,0,0
85.0679,97698,977210539,1811,0,0,0
85.0779,97699,977220538,1824,0,0,0
85.0878,97700,977230539,1812,0,0,0
85.0978,97701,977240538,1835,0,0,0
85.1079,97702,977250539,1813,0,0,0
85.1180,97703,977260539,1827,0,0,0
85.1278,97704,977270539,1825,0,0,0
85.1380,97705,977280539,1840,0,0,0
85.1479,97706,977290539,1842,0,0,0
85.1580,97707,977300539,1842,0,0,0
85.1678,97708,977310539,1831,0,0,0
85.1780,97709,977320538,1849,0,0,0
85.1879,97710,977330539,1841,0,0,0
85.1979,97711,977340539,1855,0,0,0
85.2078,97712,977350539,1831,0,0,0
85.2179,97713,977360539,1840,0,0,0
85.2279,97714,977370539,1825,0,0,0
85.2381,97715,977380539,1841,0,0,0
85.2479,97716,977390539,1828,0,0,0
85.2578,97717,977400539,1840,0,0,0
85.2678,97718,977410539,1831,0,0,0
85.2795,97719,977420538,1854,0,0,0
85.2878,97720,977430539,1831,0,0,0
85.2982,97721,977440538,1843,0,0,0
85.3078,97722,977450539,1842,0,0,0
85.3178,97723,977460539,1852,0,0,0
85.3279,97724,977470538,1842,0,0,0
85.3378,97725,977480539,1852,0,0,0
85.3479,97726,977490539,1837,0,0,0
85.3578,97727,977500539,1843,0,0,0
85.3680,97728,977510538,1837,0,0,0
85.3782,97729,977520539,1839,0,0,0
85.3879,97730,977530539,1840,0,0,0
85.3979,97731,977540538,1852,0,0,0
85.4079,97732,977550539,1843,0,0,0
85.4179,97733,977560539,1845,0,0,0
85.4279,97734,977570539,1841,0,0,0
85.4378,97735,977580538,1854,0,0,0
85.4480,97736,977590539,1845,0,0,0
85.4579,97737,977600539,1852,0,0,0
85.4678,97738,977610538,1856,0,0,0
85.4777,97739,977620538,1883,0,0,0
85.4878,97740,977630539,1904,0,0,0
85.4979,97741,977640539,1926,0,0,0
85.5080,97742,977650539,1955,0,0,0
85.5179,97743,977660539,1975,0,0,0
85.5286,97744,977670539,1953,0,0,0
85.5380,97745,977680538,1916,0,0,0
85.5479,97746,977690539,1845,0,0,0
85.5578,97747,977700539,1841,0,0,0
85.5678,97748,977710538,1827,0,0,0
85.5779,97749,977720539,1827,0,0,0
85.5880,97750,977730539,1809,0,0,0
85.5979,97751,977740539,1820,0,0,0
85.6080,97752,977750538,1805,0,0,0
85.6179,97753,977760539,1764,0,0,0
85.6293,97754,977770539,1501,0,0,0
85.6379,97755,977780538,1777,0,0,0
85.6478,97756,977790539,2921,0,0,0
85.6578,97757,977800539,3461,0,0,0
85.6679,97758,977810539,2089,0,0,0
85.6780,97759,977820539,1654,0,0,0
85.6878,97760,977830538,1806,0,0,0
85.6979,97761,977840539,1805,0,0,0
85.7079,97762,977850539,1744,0,0,0
85.7178,97763,977860539,1762,0,0,0
85.7279,97764,977870539,1771,0,0,0
85.7379,97765,977880539,1777,0,0,0
85.7479,97766,977890539,1776,0,0,0
85.7580,97767,977900538,1807,0,0,0
85.7678,97768,977910539,1791,0,0,0
85.7784,97769,977920539,1797,0,0,0
85.7878,97770,977930539,1801,0,0,0
85.7980,97771,977940538,1809,0,0,0
85.8080,97772,977950539,1815,0,0,0
85.8177,97773,977960539,1824,0,0,0
85.8279,97774,977970539,1821,0,0,0
85.8380,97775,977980539,1834,0,0,0
85.8479,97776,977990539,1845,0,0,0
85.8580,97777,978000539,1857,0,0,0
85.8680,97778,978010539,1869,0,0,0
85.8779,97779,978020539,1895,0,0,0
85.8879,97780,978030539,1899,0,0,0
85.8980,97781,978040539,1930,0,0,0
85.9080,97782,978050539,1939,0,0,0
85.9179,97783,978060539,1968,0,0,0
85.9279,97784,978070539,1968,0,0,0
85.9380,97785,978080539,1969,0,0,0
85.9481,97786,978090539,1942,0,0,0
85.9581,97787,978100539,1927,0,0,0
85.9679,97788,978110539,1887,0,0,0
85.9779,97789,978120539,1866,0,0,0
85.9881,97790,978130539,1833,0,0,0
85.9981,97791,978140538,1819,0,0,0
86.0079,97792,978150539,1792,0,0,0
86.0182,97793,978160538,1796,0,0,0
86.0277,97794,978170539,1801,0,0,0
86.0379,97795,978180539,1792,0,0,0
86.0479,97796,978190538,1789,0,0,0
86.0580,97797,978200539,1789,0,0,0
86.0680,97798,978210539,1791,0,0,0
86.0779,97799,978220539,1795,0,0,0
86.0881,97800,978230538,1802,0,0,0
86.0980,97801,978240539,1808,0,0,0
86.1080,97802,978250538,1805,0,0,0
86.1179,97803,978260539,1823,0,0,0
86.1295,97804,978270539,1808,0,0,0
86.1378,97805,978280539,1822,0,0,0
86.1479,97806,978290539,1821,0,0,0
86.1578,97807,978300539,1825,0,0,0
86.1679,97808,978310538,1827,0,0,0
86.1778,97809,978320539,1827,0,0,0
86.1879,97810,978330539,1829,0,0,0
86.1977,97811,978340538,1842,0,0,0
86.2077,97812,978350539,1824,0,0,0
86.2178,97813,978360538,1830,0,0,0
86.2279,97814,978370539,1820,0,0,0
86.2379,97815,978380539,1835,0,0,0
86.2479,97816,978390539,1825,0,0,0
86.2580,97817,978400538,1835,0,0,0
86.2678,97818,978410539,1829,0,0,0
86.2778,97819,978420538,1839,0,0,0
86.2878,97820,978430539,1828,0,0,0
86.2977,97821,978440539,1831,0,0,0
86.3079,97822,978450539,1831,0,0,0
86.3178,97823,978460539,1835,0,0,0
86.3278,97824,978470538,1839,0,0,0
86.3378,97825,978480539,1833,0,0,0
86.3477,97826,978490539,1835,0,0,0
86.3578,97827,978500538,1842,0,0,0
86.3680,97828,978510539,1843,0,0,0
86.3780,97829,978520539,1850,0,0,0
86.3880,97830,978530539,1849,0,0,0
86.3981,97831,978540539,1858,0,0,0
86.4080,97832,978550539,1856,0,0,0
86.4181,97833,978560539,1869,0,0,0
86.4280,97834,978570539,1860,0,0,0
86.4381,97835,978580539,1870,0,0,0
86.4480,97836,978590539,1855,0,0,0
86.4580,97837,978600538,1859,0,0,0
86.4681,97838,978610539,1856,0,0,0
86.4778,97839,978620538,1863,0,0,0
86.4877,97840,978630539,1856,0,0,0
86.4980,97841,978640539,1866,0,0,0
86.5079,97842,978650538,1871,0,0,0
86.5181,97843,978660538,1879,0,0,0
86.5279,97844,978670539,1865,0,0,0
86.5378,97845,978680539,1883,0,0,0
86.5481,97846,978690538,1895,0,0,0
86.5577,97847,978700539,1916,0,0,0
86.5679,97848,978710539,1936,0,0,0
86.5779,97849,978720539,2006,0,0,0
86.5878,97850,978730539,1963,0,0,0
86.5979,97851,978740539,1936,0,0,0
86.6079,97852,978750538,1877,0,0,0
86.6179,97853,978760539,1840,0,0,0
86.6278,97854,978770539,1827,0,0,0
86.6377,97855,978780539,1826,0,0,0
86.6479,97856,978790539,1819,0,0,0
86.6581,97857,978800539,1824,0,0,0
86.6680,97858,978810538,1819,0,0,0
86.6780,97859,978820539,1823,0,0,0
86.6881,97860,978830539,1554,0,0,0
86.6981,97861,978840539,1583,0,0,0
86.7081,97862,978850539,2320,0,0,0
86.7177,97863,978860538,3894,0,0,0
86.7280,97864,978870539,2448,0,0,0
86.7379,97865,978880539,1669,0,0,0
86.7479,97866,978890539,1722,0,0,0
86.7581,97867,978900539,1823,0,0,0
86.7679,97868,978910539,1739,0,0,0
86.7779,97869,978920539,1741,0,0,0
86.7881,97870,978930538,1751,0,0,0
86.7980,97871,978940539,1763,0,0,0
86.8078,97872,978950538,1766,0,0,0
86.8180,97873,978960539,1780,0,0,0
86.8281,97874,978970539,1779,0,0,0
86.8379,97875,978980539,1785,0,0,0
86.8477,97876,978990539,1762,0,0,0
86.8579,97877,979000539,1786,0,0,0
86.8679,97878,979010539,1807,0,0,0
86.8778,97879,979020539,1808,0,0,0
86.8879,97880,979030539,1786,0,0,0
86.8979,97881,979040539,1809,0,0,0
86.9080,97882,979050539,1821,0,0,0
86.9181,97883,979060538,1839,0,0,0
86.9281,97884,979070539,1840,0,0,0
86.9381,97885,979080539,1853,0,0,0
86.9483,97886,979090539,1870,0,0,0
86.9580,97887,979100539,1899,0,0,0
86.9680,97888,979110539,1917,0,0,0
86.9782,97889,979120539,1931,0,0,0
86.9890,97890,979130539,1947,0,0,0
86.9979,97891,979140539,1945,0,0,0
87.0077,97892,979150539,1934,0,0,0
87.0181,97893,979160539,1909,0,0,0
87.0282,97894,979170539,1882,0,0,0
87.0379,97895,979180539,1853,0,0,0
87.0479,97896,979190539,1815,0,0,0
87.0579,97897,979200539,1796,0,0,0
87.0678,97898,979210539,1777,0,0,0
87.0779,97899,979220539,1776,0,0,0
87.0878,97900,979230538,1776,0,0,0
87.0979,97901,979240538,1782,0,0,0
87.1080,97902,979250539,1776,0,0,0
87.1181,97903,979260539,1770,0,0,0
87.1286,97904,979270539,1776,0,0,0
87.1379,97905,979280538,1776,0,0,0
87.1478,97906,979290539,1776,0,0,0
87.1579,97907,979300539,1778,0,0,0
87.1679,97908,979310538,1782,0,0,0
87.1779,97909,979320538,1794,0,0,0
87.1878,97910,979330539,1797,0,0,0
87.1982,97911,979340539,1808,0,0,0
87.2079,97912,979350538,1825,0,0,0
87.2183,97913,979360539,1808,0,0,0
87.2281,97914,979370539,1802,0,0,0
87.2379,97915,979380539,1805,0,0,0
87.2478,97916,979390539,1803,0,0,0
87.2582,97917,979400539,1811,0,0,0
87.2677,97918,979410538,1810,0,0,0
87.2777,97919,979420539,1815,0,0,0
87.2879,97920,979430539,1823,0,0,0
87.2978,97921,979440539,1813,0,0,0
87.3079,97922,979450539,1811,0,0,0
87.3179,97923,979460538,1809,0,0,0
87.3279,97924,979470539,1815,0,0,0
87.3378,97925,979480539,1809,0,0,0
87.3481,97926,979490539,1815,0,0,0
87.3577,97927,979500539,1824,0,0,0
87.3677,97928,979510539,1829,0,0,0
87.3779,97929,979520539,1825,0,0,0
87.3880,97930,979530539,1826,0,0,0
87.3980,97931,979540539,1837,0,0,0
87.4080,97932,979550539,1830,0,0,0
87.4181,97933,979560539,1829,0,0,0
87.4281,97934,979570539,1839,0,0,0
87.4381,97935,979580539,1840,0,0,0
87.4480,97936,979590538,1840,0,0,0
87.4580,97937,979600539,1826,0,0,0
87.4682,97938,979610539,1842,0,0,0
87.4781,97939,979620539,1856,0,0,0
87.4879,97940,979630539,1887,0,0,0
87.4982,97941,979640539,1894,0,0,0
87.5081,97942,979650538,1930,0,0,0
87.5187,97943,979660539,1959,0,0,0
87.5283,97944,979670539,1946,0,0,0
87.5378,97945,979680539,1902,0,0,0
87.5479,97946,979690539,1840,0,0,0
87.5582,97947,979700539,1825,0,0,0
87.5680,97948,979710539,1808,0,0,0
87.5780,97949,979720539,1800,0,0,0
87.5880,97950,979730538,1808,0,0,0
87.5979,97951,979740539,1789,0,0,0
87.6081,97952,979750539,1793,0,0,0
87.6178,97953,979760539,1697,0,0,0
87.6279,97954,979770539,1451,0,0,0
87.6379,97955,979780539,1847,0,0,0
87.6478,97956,979790538,3159,0,0,0
87.6578,97957,979800539,3104,0,0,0
87.6681,97958,979810539,1935,0,0,0
87.6779,97959,979820539,1679,0,0,0
87.6878,97960,979830539,1751,0,0,0
87.6979,97961,979840539,1777,0,0,0
87.7079,97962,979850539,1726,0,0,0
87.7178,97963,979860539,1744,0,0,0
87.7278,97964,979870539,1754,0,0,0
87.7378,97965,979880539,1760,0,0,0
87.7477,97966,979890539,1777,0,0,0
87.7580,97967,979900539,1785,0,0,0
87.7679,97968,979910539,1786,0,0,0
87.7778,97969,979920539,1782,0,0,0
87.7885,97970,979930539,1798,0,0,0
87.7978,97971,979940538,1805,0,0,0
87.8079,97972,979950539,1797,0,0,0
87.8179,97973,979960539,1808,0,0,0
87.8277,97974,979970539,1805,0,0,0
87.8380,97975,979980539,1815,0,0,0
87.8478,97976,979990539,1833,0,0,0
87.8579,97977,980000539,1836,0,0,0
87.8678,97978,980010539,1871,0,0,0
87.8779,97979,980020539,1872,0,0,0
87.8879,97980,980030539,1888,0,0,0
87.8979,97981,980040539,1909,0,0,0
87.9079,97982,980050539,1929,0,0,0
87.9180,97983,980060539,1948,0,0,0
87.9281,97984,980070538,1959,0,0,0
87.9380,97985,980080538,1941,0,0,0
87.9478,97986,980090539,1923,0,0,0
87.9580,97987,980100539,1888,0,0,0
87.9678,97988,980110539,1872,0,0,0
87.9779,97989,980120538,1821,0,0,0
87.9879,97990,980130539,1798,0,0,0
87.9978,97991,980140538,1779,0,0,0
88.0078,97992,980150539,1781,0,0,0
88.0180,97993,980160539,1767,0,0,0
88.0279,97994,980170538,1776,0,0,0
88.0380,97995,980180539,1777,0,0,0
88.0479,97996,980190539,1782,0,0,0
88.0579,97997,980200539,1771,0,0,0
88.0679,97998,980210539,1776,0,0,0
88.0780,97999,980220538,1776,0,0,0
88.0878,98000,980230539,1785,0,0,0
88.0977,98001,980240539,1785,0,0,0
88.1079,98002,980250539,1801,0,0,0
88.1178,98003,980260539,1795,0,0,0
88.1279,98004,980270539,1806,0,0,0
88.1378,98005,980280539,1804,0,0,0
88.1478,98006,980290539,1819,0,0,0
88.1580,98007,980300539,1808,0,0,0
88.1678,98008,980310539,1815,0,0,0
88.1779,98009,980320539,1815,0,0,0
88.1880,98010,980330539,1819,0,0,0
88.1978,98011,980340538,1822,0,0,0
88.2079,98012,980350539,1823,0,0,0
88.2180,98013,980360539,1817,0,0,0
88.2279,98014,980370539,1815,0,0,0
88.2379,98015,980380539,1806,0,0,0
88.2479,98016,980390539,1819,0,0,0
88.2578,98017,980400539,1807,0,0,0
88.2691,98018,980410538,1815,0,0,0
88.2780,98019,980420539,1824,0,0,0
88.2878,98020,980430539,1827,0,0,0
88.2979,98021,980440539,1830,0,0,0
88.3078,98022,980450539,1853,0,0,0
88.3178,98023,980460539,1861,0,0,0
88.3279,98024,980470539,1881,0,0,0
88.3379,98025,980480539,1959,0,0,0
88.3479,98026,980490538,1978,0,0,0
88.3580,98027,980500539,1959,0,0,0
88.3680,98028,980510539,1894,0,0,0
88.3779,98029,980520538,1821,0,0,0
88.3879,98030,980530539,1804,0,0,0
88.3980,98031,980540539,1792,0,0,0
88.4080,98032,980550538,1792,0,0,0
88.4180,98033,980560539,1774,0,0,0
88.4279,98034,980570539,1778,0,0,0
88.4382,98035,980580539,1776,0,0,0
88.4479,98036,980590538,1722,0,0,0
88.4579,98037,980600539,1443,0,0,0
88.4678,98038,980610539,1727,0,0,0
88.4779,98039,980620539,2835,0,0,0
88.4879,98040,980630538,3455,0,0,0
88.4980,98041,980640539,2061,0,0,0
88.5078,98042,980650539,1615,0,0,0
88.5177,98043,980660539,1761,0,0,0
88.5278,98044,980670539,1802,0,0,0
88.5381,98045,980680539,1728,0,0,0
88.5484,98046,980690539,1744,0,0,0
88.5578,98047,980700539,1747,0,0,0
88.5678,98048,980710538,1775,0,0,0
88.5779,98049,980720539,1771,0,0,0
88.5878,98050,980730539,1790,0,0,0
88.5978,98051,980740538,1785,0,0,0
88.6079,98052,980750539,1801,0,0,0
88.6178,98053,980760538,1805,0,0,0
88.6281,98054,980770539,1811,0,0,0
88.6378,98055,980780539,1809,0,0,0
88.6478,98056,980790539,1821,0,0,0
88.6578,98057,980800539,1825,0,0,0
88.6678,98058,980810538,1840,0,0,0
88.6779,98059,980820539,1845,0,0,0
88.6881,98060,980830539,1864,0,0,0
88.6978,98061,980840539,1873,0,0,0
88.7078,98062,980850539,1905,0,0,0
88.7178,98063,980860539,1911,0,0,0
88.7279,98064,980870539,1947,0,0,0
88.7381,98065,980880538,1950,0,0,0
88.7481,98066,980890539,1968,0,0,0
88.7580,98067,980900539,1969,0,0,0
88.7678,98068,980910539,1973,0,0,0
88.7794,98069,980920539,1938,0,0,0
88.7883,98070,980930539,1920,0,0,0
88.7979,98071,980940539,1879,0,0,0
88.8079,98072,980950539,1858,0,0,0
88.8179,98073,980960538,1824,0,0,0
88.8280,98074,980970539,1819,0,0,0
88.8381,98075,980980539,1798,0,0,0
88.8478,98076,980990538,1808,0,0,0
88.8579,98077,981000539,1802,0,0,0
88.8679,98078,981010539,1817,0,0,0
88.8778,98079,981020538,1809,0,0,0
88.8880,98080,981030539,1808,0,0,0
88.8978,98081,981040538,1808,0,0,0
88.9079,98082,981050539,1820,0,0,0
88.9180,98083,981060539,1815,0,0,0
88.9278,98084,981070539,1821,0,0,0
88.9380,98085,981080538,1824,0,0,0
88.9478,98086,981090539,1837,0,0,0
88.9579,98087,981100539,1825,0,0,0
88.9679,98088,981110539,1836,0,0,0
88.9779,98089,981120539,1833,0,0,0
88.9880,98090,981130539,1837,0,0,0
88.9979,98091,981140539,1837,0,0,0
89.0078,98092,981150539,1843,0,0,0
89.0179,98093,981160539,1843,0,0,0
89.0278,98094,981170539,1847,0,0,0
89.0379,98095,981180538,1835,0,0,0
89.0487,98096,981190539,1847,0,0,0
89.0580,98097,981200539,1837,0,0,0
89.0678,98098,981210539,1843,0,0,0
89.0782,98099,981220539,1839,0,0,0
89.0878,98100,981230538,1854,0,0,0
89.0979,98101,981240539,1840,0,0,0
89.1080,98102,981250539,1843,0,0,0
89.1179,98103,981260539,1841,0,0,0
89.1281,98104,981270538,1846,0,0,0
89.1382,98105,981280539,1840,0,0,0
89.1478,98106,981290539,1850,0,0,0
89.1580,98107,981300538,1850,0,0,0
89.1681,98108,981310539,1856,0,0,0
89.1780,98109,981320538,1842,0,0,0
89.1882,98110,981330539,1857,0,0,0
89.1980,98111,981340538,1841,0,0,0
89.2079,98112,981350539,1855,0,0,0
89.2179,98113,981360538,1850,0,0,0
89.2279,98114,981370539,1866,0,0,0
89.2378,98115,981380538,1853,0,0,0
89.2483,98116,981390539,1858,0,0,0
89.2578,98117,981400539,1856,0,0,0
89.2684,98118,981410539,1867,0,0,0
89.2778,98119,981420538,1856,0,0,0
89.2879,98120,981430539,1867,0,0,0
89.2978,98121,981440539,1862,0,0,0
89.3078,98122,981450538,1872,0,0,0
89.3179,98123,981460539,1888,0,0,0
89.3279,98124,981470539,1917,0,0,0
89.3379,98125,981480539,1925,0,0,0
89.3479,98126,981490539,1984,0,0,0
89.3579,98127,981500539,2003,0,0,0
89.3679,98128,981510538,1994,0,0,0
89.3779,98129,981520539,1936,0,0,0
89.3879,98130,981530539,1872,0,0,0
89.3978,98131,981540538,1842,0,0,0
89.4080,98132,981550539,1835,0,0,0
89.4178,98133,981560539,1826,0,0,0
89.4279,98134,981570539,1823,0,0,0
89.4379,98135,981580539,1809,0,0,0
89.4478,98136,981590539,1823,0,0,0
89.4578,98137,981600539,1747,0,0,0
89.4678,98138,981610539,1473,0,0,0
89.4780,98139,981620539,1776,0,0,0
89.4880,98140,981630539,3005,0,0,0
89.4978,98141,981640539,3353,0,0,0
89.5080,98142,981650539,2016,0,0,0
89.5181,98143,981660538,1592,0,0,0
89.5278,98144,981670539,1814,0,0,0
89.5403,98145,981680538,1791,0,0,0
89.5479,98146,981690539,1746,0,0,0
89.5580,98147,981700539,1749,0,0,0
89.5678,98148,981710539,1770,0,0,0
89.5779,98149,981720539,1770,0,0,0
89.5879,98150,981730539,1782,0,0,0
89.5979,98151,981740539,1785,0,0,0
89.6079,98152,981750539,1798,0,0,0
89.6178,98153,981760539,1781,0,0,0
89.6280,98154,981770539,1802,0,0,0
89.6378,98155,981780539,1797,0,0,0
89.6478,98156,981790539,1801,0,0,0
89.6579,98157,981800538,1810,0,0,0
89.6680,98158,981810539,1818,0,0,0
89.6779,98159,981820539,1811,0,0,0
89.6878,98160,981830539,1818,0,0,0
89.6978,98161,981840538,1835,0,0,0
89.7079,98162,981850539,1858,0,0,0
89.7178,98163,981860539,1872,0,0,0
89.7281,98164,981870538,1895,0,0,0
89.7379,98165,981880538,1913,0,0,0
89.7478,98166,981890539,1944,0,0,0
89.7584,98167,981900539,1949,0,0,0
89.7691,98168,981910538,1968,0,0,0
89.7778,98169,981920539,1949,0,0,0
89.7879,98170,981930538,1943,0,0,0
89.7980,98171,981940539,1907,0,0,0
89.8079,98172,981950539,1872,0,0,0
89.8179,98173,981960539,1840,0,0,0
89.8279,98174,981970538,1799,0,0,0
89.8380,98175,981980539,1757,0,0,0
89.8481,98176,981990539,1767,0,0,0
89.8581,98177,982000539,1763,0,0,0
89.8678,98178,982010538,1775,0,0,0
89.8781,98179,982020539,1766,0,0,0
89.8878,98180,982030539,1782,0,0,0
89.8978,98181,982040539,1766,0,0,0
89.9081,98182,982050539,1783,0,0,0
89.9179,98183,982060539,1790,0,0,0
89.9279,98184,982070539,1785,0,0,0
89.9380,98185,982080538,1783,0,0,0
89.9479,98186,982090539,1794,0,0,0
89.9578,98187,982100539,1791,0,0,0
89.9677,98188,982110539,1803,0,0,0
89.9778,98189,982120539,1803,0,0,0
89.9878,98190,982130539,1807,0,0,0
89.9979,98191,982140539,1808,0,0,0
90.0085,98192,982150539,1807,0,0,0
90.0180,98193,982160539,1817,0,0,0
90.0293,98194,982170538,1827,0,0,0
90.0438,98195,982180539,1808,0,0,0
90.0484,98196,982190539,1837,0,0,0
90.0582,98197,982200538,1825,0,0,0
90.0696,98198,982210539,1817,0,0,0
90.0779,98199,982220539,1805,0,0,0
90.0879,98200,982230539,1818,0,0,0
90.0979,98201,982240539,1811,0,0,0
90.1079,98202,982250539,1837,0,0,0
90.1178,98203,982260539,1835,0,0,0
90.1280,98204,982270539,1831,0,0,0
90.1378,98205,982280539,1822,0,0,0
90.1480,98206,982290539,1828,0,0,0
90.1577,98207,982300539,1821,0,0,0
90.1677,98208,982310539,1837,0,0,0
90.1831,98209,982320539,1815,0,0,0
90.1881,98210,982330539,1816,0,0,0
90.2025,98211,982340539,1827,0,0,0
90.2105,98212,982350539,1856,0,0,0
90.2177,98213,982360539,1831,0,0,0
90.2330,98214,982370539,1842,0,0,0
90.2386,98215,982380539,1834,0,0,0
90.2497,98216,982390539,1841,0,0,0
90.2579,98217,982400539,1846,0,0,0
90.2692,98218,982410539,1855,0,0,0
90.2780,98219,982420539,1849,0,0,0
90.2889,98220,982430539,1862,0,0,0
90.2979,98221,982440539,1865,0,0,0
90.3079,98222,982450538,1857,0,0,0
90.3178,98223,982460539,1851,0,0,0
90.3280,98224,982470539,1868,0,0,0
90.3380,98225,982480539,1860,0,0,0
90.3523,98226,982490539,1858,0,0,0
90.3580,98227,982500539,1862,0,0,0
90.3701,98228,982510539,1855,0,0,0
90.3801,98229,982520538,1851,0,0,0
90.3882,98230,982530539,1862,0,0,0
90.4016,98231,982540539,1897,0,0,0
90.4078,98232,982550539,1919,0,0,0
90.4178,98233,982560539,1927,0,0,0
90.4278,98234,982570539,1979,0,0,0
90.4380,98235,982580539,1999,0,0,0
90.4478,98236,982590538,1996,0,0,0
90.4579,98237,982600539,1919,0,0,0
90.4679,98238,982610539,1855,0,0,0
90.4779,98239,982620539,1829,0,0,0
90.4879,98240,982630538,1838,0,0,0
90.4979,98241,982640539,1821,0,0,0
90.5122,98242,982650539,1812,0,0,0
90.5178,98243,982660538,1808,0,0,0
90.5390,98244,982670539,1803,0,0,0
90.5430,98245,982680539,1665,0,0,0
90.5494,98246,982690538,1488,0,0,0
90.5603,98247,982700539,1968,0,0,0
90.5679,98248,982710539,3457,0,0,0
90.5778,98249,982720539,2838,0,0,0
90.5878,98250,982730539,1871,0,0,0
90.5980,98251,982740539,1703,0,0,0
90.6081,98252,982750539,1805,0,0,0
90.6179,98253,982760539,1775,0,0,0
90.6278,98254,982770538,1740,0,0,0
90.6379,98255,982780539,1754,0,0,0
90.6478,98256,982790538,1756,0,0,0
90.6578,98257,982800538,1761,0,0,0
90.6678,98258,982810539,1781,0,0,0
90.6789,98259,982820538,1771,0,0,0
90.6922,98260,982830539,1783,0,0,0
90.7000,98261,982840539,1792,0,0,0
90.7079,98262,982850539,1787,0,0,0
90.7263,98263,982860538,1783,0,0,0
90.7278,98264,982870539,1806,0,0,0
90.7379,98265,982880539,1807,0,0,0
90.7479,98266,982890539,1809,0,0,0
90.7578,98267,982900538,1824,0,0,0
90.7678,98268,982910539,1838,0,0,0
90.7778,98269,982920539,1841,0,0,0
90.7878,98270,982930539,1848,0,0,0
90.7979,98271,982940539,1865,0,0,0
90.8079,98272,982950539,1879,0,0,0
90.8179,98273,982960539,1890,0,0,0
90.8278,98274,982970539,1904,0,0,0
90.8381,98275,982980538,1909,0,0,0
90.8480,98276,982990539,1927,0,0,0
90.8579,98277,983000538,1931,0,0,0
90.8682,98278,983010539,1917,0,0,0
90.8779,98279,983020539,1886,0,0,0
90.8879,98280,983030539,1867,0,0,0
90.8982,98281,983040538,1831,0,0,0
90.9080,98282,983050538,1808,0,0,0
90.9180,98283,983060539,1798,0,0,0
90.9280,98284,983070539,1779,0,0,0
90.9380,98285,983080539,1771,0,0,0
90.9478,98286,983090538,1776,0,0,0
90.9579,98287,983100539,1770,0,0,0
90.9678,98288,983110539,1772,0,0,0
90.9779,98289,983120538,1776,0,0,0
90.9879,98290,983130539,1771,0,0,0
90.9977,98291,983140538,1782,0,0,0
91.0078,98292,983150538,1785,0,0,0
91.0179,98293,983160539,1779,0,0,0
91.0281,98294,983170539,1795,0,0,0
91.0380,98295,983180538,1791,0,0,0
91.0480,98296,983190539,1808,0,0,0
91.0581,98297,983200538,1805,0,0,0
91.0679,98298,983210539,1819,0,0,0
91.0779,98299,983220539,1822,0,0,0
91.0883,98300,983230539,1811,0,0,0
91.0978,98301,983240539,1808,0,0,0
91.1080,98302,983250539,1823,0,0,0
91.1178,98303,983260539,1822,0,0,0
91.1280,98304,983270539,1824,0,0,0
91.1379,98305,983280539,1830,0,0,0
91.1479,98306,983290539,1826,0,0,0
91.1579,98307,983300539,1815,0,0,0
91.1679,98308,983310538,1822,0,0,0
91.1780,98309,983320538,1815,0,0,0
91.1879,98310,983330539,1830,0,0,0
91.1979,98311,983340539,1831,0,0,0
91.2078,98312,983350538,1825,0,0,0
91.2178,98313,983360539,1826,0,0,0
91.2280,98314,983370538,1833,0,0,0
91.2381,98315,983380538,1831,0,0,0
91.2478,98316,983390539,1827,0,0,0
91.2579,98317,983400539,1836,0,0,0
91.2692,98318,983410539,1835,0,0,0
91.2778,98319,983420539,1829,0,0,0
91.2880,98320,983430538,1833,0,0,0
91.2978,98321,983440538,1840,0,0,0
91.3077,98322,983450538,1834,0,0,0
91.3179,98323,983460538,1836,0,0,0
91.3279,98324,983470539,1840,0,0,0
91.3380,98325,983480539,1849,0,0,0
91.3478,98326,983490539,1841,0,0,0
91.3578,98327,983500539,1847,0,0,0
91.3678,98328,983510539,1849,0,0,0
91.3780,98329,983520539,1847,0,0,0
91.3881,98330,983530539,1849,0,0,0
91.3978,98331,983540539,1851,0,0,0
91.4079,98332,983550539,1853,0,0,0
91.4178,98333,983560539,1852,0,0,0
91.4279,98334,983570539,1851,0,0,0
91.4380,98335,983580539,1855,0,0,0
91.4479,98336,983590539,1856,0,0,0
91.4578,98337,983600539,1855,0,0,0
91.4678,98338,983610539,1855,0,0,0
91.4779,98339,983620538,1869,0,0,0
91.4880,98340,983630539,1859,0,0,0
91.4978,98341,983640539,1861,0,0,0
91.5078,98342,983650539,1861,0,0,0
91.5179,98343,983660538,1872,0,0,0
91.5278,98344,983670539,1863,0,0,0
91.5384,98345,983680538,1877,0,0,0
91.5479,98346,983690539,1905,0,0,0
91.5582,98347,983700539,1921,0,0,0
91.5679,98348,983710538,1977,0,0,0
91.5781,98349,983720539,2005,0,0,0
91.5878,98350,983730539,1986,0,0,0
91.5979,98351,983740539,1940,0,0,0
91.6078,98352,983750538,1857,0,0,0
91.6178,98353,983760539,1834,0,0,0
91.6277,98354,983770539,1834,0,0,0
91.6379,98355,983780538,1823,0,0,0
91.6478,98356,983790539,1810,0,0,0
91.6578,98357,983800538,1808,0,0,0
91.6678,98358,983810539,1805,0,0,0
91.6778,98359,983820539,1616,0,0,0
91.6878,98360,983830539,1520,0,0,0
91.6979,98361,983840539,2121,0,0,0
91.7078,98362,983850539,3834,0,0,0
91.7178,98363,983860538,2697,0,0,0
91.7278,98364,983870539,1711,0,0,0
91.7380,98365,983880538,1670,0,0,0
91.7479,98366,983890539,1828,0,0,0
91.7579,98367,983900539,1744,0,0,0
91.7688,98368,983910538,1738,0,0,0
91.7782,98369,983920539,1758,0,0,0
91.7885,98370,983930538,1763,0,0,0
91.7978,98371,983940539,1776,0,0,0
91.8079,98372,983950539,1776,0,0,0
91.8181,98373,983960538,1782,0,0,0
91.8281,98374,983970539,1789,0,0,0
91.8378,98375,983980539,1793,0,0,0
91.8481,98376,983990539,1798,0,0,0
91.8578,98377,984000539,1802,0,0,0
91.8678,98378,984010539,1807,0,0,0
91.8780,98379,984020538,1815,0,0,0
91.8878,98380,984030539,1817,0,0,0
91.8979,98381,984040539,1817,0,0,0
91.9079,98382,984050539,1837,0,0,0
91.9180,98383,984060539,1841,0,0,0
91.9279,98384,984070538,1857,0,0,0
91.9378,98385,984080539,1877,0,0,0
91.9479,98386,984090539,1893,0,0,0
91.9579,98387,984100539,1903,0,0,0
91.9679,98388,984110539,1914,0,0,0
91.9778,98389,984120539,1935,0,0,0
91.9880,98390,984130538,1919,0,0,0
91.9978,98391,984140539,1927,0,0,0
92.0079,98392,984150539,1901,0,0,0
92.0179,98393,984160539,1874,0,0,0
92.0279,98394,984170538,1841,0,0,0
92.0380,98395,984180539,1815,0,0,0
92.0480,98396,984190539,1777,0,0,0
92.0579,98397,984200538,1770,0,0,0
92.0681,98398,984210539,1762,0,0,0
92.0779,98399,984220539,1763,0,0,0
92.0879,98400,984230539,1757,0,0,0
92.0982,98401,984240538,1773,0,0,0
92.1081,98402,984250539,1776,0,0,0
92.1178,98403,984260539,1789,0,0,0
92.1278,98404,984270538,1776,0,0,0
92.1380,98405,984280538,1790,0,0,0
92.1478,98406,984290539,1805,0,0,0
92.1579,98407,984300538,1801,0,0,0
92.1680,98408,984310539,1797,0,0,0
92.1780,98409,984320539,1811,0,0,0
92.1880,98410,984330539,1815,0,0,0
92.1980,98411,984340539,1817,0,0,0
92.2078,98412,984350539,1826,0,0,0
92.2178,98413,984360538,1840,0,0,0
92.2280,98414,984370539,1837,0,0,0
92.2380,98415,984380539,1845,0,0,0
92.2480,98416,984390539,1856,0,0,0
92.2578,98417,984400539,1838,0,0,0
92.2678,98418,984410538,1827,0,0,0
92.2778,98419,984420539,1840,0,0,0
92.2877,98420,984430539,1833,0,0,0
92.2978,98421,984440539,1840,0,0,0
92.3079,98422,984450539,1837,0,0,0
92.3179,98423,984460538,1843,0,0,0
92.3278,98424,984470539,1838,0,0,0
92.3378,98425,984480539,1843,0,0,0
92.3478,98426,984490539,1835,0,0,0
92.3578,98427,984500538,1831,0,0,0
92.3679,98428,984510539,1839,0,0,0
92.3779,98429,984520538,1841,0,0,0
92.3879,98430,984530539,1827,0,0,0
92.3979,98431,984540539,1841,0,0,0
92.4081,98432,984550538,1839,0,0,0
92.4179,98433,984560539,1844,0,0,0
92.4279,98434,984570538,1828,0,0,0
92.4378,98435,984580539,1833,0,0,0
92.4478,98436,984590538,1827,0,0,0
92.4578,98437,984600538,1840,0,0,0
92.4678,98438,984610539,1840,0,0,0
92.4779,98439,984620539,1855,0,0,0
92.4877,98440,984630539,1856,0,0,0
92.4979,98441,984640539,1858,0,0,0
92.5078,98442,984650539,1851,0,0,0
92.5178,98443,984660538,1857,0,0,0
92.5279,98444,984670539,1857,0,0,0
92.5378,98445,984680539,1857,0,0,0
92.5477,98446,984690539,1856,0,0,0
92.5579,98447,984700539,1867,0,0,0
92.5678,98448,984710539,1861,0,0,0
92.5782,98449,984720539,1850,0,0,0
92.5879,98450,984730538,1859,0,0,0
92.5979,98451,984740539,1871,0,0,0
92.6078,98452,984750539,1871,0,0,0
92.6180,98453,984760538,1865,0,0,0
92.6278,98454,984770539,1867,0,0,0
92.6378,98455,984780539,1875,0,0,0
92.6480,98456,984790538,1872,0,0,0
92.6578,98457,984800538,1882,0,0,0
92.6679,98458,984810539,1875,0,0,0
92.6779,98459,984820539,1871,0,0,0
92.6878,98460,984830539,1886,0,0,0
92.6978,98461,984840539,1923,0,0,0
92.7079,98462,984850539,1927,0,0,0
92.7180,98463,984860538,2009,0,0,0
92.7278,98464,984870539,2011,0,0,0
92.7385,98465,984880538,2001,0,0,0
92.7478,98466,984890539,1908,0,0,0
92.7578,98467,984900539,1859,0,0,0
92.7679,98468,984910539,1850,0,0,0
92.7787,98469,984920539,1850,0,0,0
92.7879,98470,984930539,1827,0,0,0
92.7979,98471,984940539,1835,0,0,0
92.8079,98472,984950538,1827,0,0,0
92.8178,98473,984960539,1817,0,0,0
92.8280,98474,984970539,1597,0,0,0
92.8380,98475,984980538,1533,0,0,0
92.8480,98476,984990539,2205,0,0,0
92.8582,98477,985000539,3839,0,0,0
92.8679,98478,985010538,2538,0,0,0
92.8778,98479,985020539,1774,0,0,0
92.8882,98480,985030539,1711,0,0,0
92.8980,98481,985040538,1826,0,0,0
92.9080,98482,985050539,1744,0,0,0
92.9180,98483,985060539,1747,0,0,0
92.9280,98484,985070539,1757,0,0,0
92.9380,98485,985080539,1764,0,0,0
92.9480,98486,985090539,1764,0,0,0
92.9577,98487,985100539,1790,0,0,0
92.9678,98488,985110539,1803,0,0,0
92.9778,98489,985120538,1807,0,0,0
92.9881,98490,985130539,1801,0,0,0
92.9979,98491,985140539,1811,0,0,0
93.0080,98492,985150539,1795,0,0,0
93.0179,98493,985160538,1825,0,0,0
93.0282,98494,985170539,1808,0,0,0
93.0378,98495,985180539,1825,0,0,0
93.0478,98496,985190538,1838,0,0,0
93.0584,98497,985200538,1853,0,0,0
93.0679,98498,985210539,1855,0,0,0
93.0779,98499,985220539,1869,0,0,0
93.0880,98500,985230539,1889,0,0,0
93.0981,98501,985240539,1910,0,0,0
93.1077,98502,985250538,1918,0,0,0
93.1178,98503,985260539,1936,0,0,0
93.1277,98504,985270538,1959,0,0,0
93.1378,98505,985280539,1969,0,0,0
93.1478,98506,985290539,1937,0,0,0
93.1578,98507,985300539,1935,0,0,0
93.1679,98508,985310539,1899,0,0,0
93.1781,98509,985320538,1876,0,0,0
93.1878,98510,985330539,1834,0,0,0
93.1979,98511,985340538,1815,0,0,0
93.2082,98512,985350539,1802,0,0,0
93.2178,98513,985360539,1794,0,0,0
93.2279,98514,985370539,1774,0,0,0
93.2380,98515,985380538,1783,0,0,0
93.2478,98516,985390539,1775,0,0,0
93.2578,98517,985400539,1771,0,0,0
93.2679,98518,985410539,1764,0,0,0
93.2789,98519,985420539,1788,0,0,0
93.2878,98520,985430538,1791,0,0,0
93.2980,98521,985440539,1803,0,0,0
93.3078,98522,985450539,1793,0,0,0
93.3180,98523,985460539,1807,0,0,0
93.3278,98524,985470539,1805,0,0,0
93.3378,98525,985480539,1823,0,0,0
93.3479,98526,985490538,1821,0,0,0
93.3578,98527,985500538,1824,0,0,0
93.3677,98528,985510539,1811,0,0,0
93.3777,98529,985520539,1817,0,0,0
93.3879,98530,985530538,1818,0,0,0
93.3979,98531,985540538,1814,0,0,0
93.4079,98532,985550539,1811,0,0,0
93.4180,98533,985560538,1826,0,0,0
93.4280,98534,985570539,1805,0,0,0
93.4381,98535,985580539,1823,0,0,0
93.4479,98536,985590539,1819,0,0,0
93.4582,98537,985600538,1826,0,0,0
93.4679,98538,985610539,1823,0,0,0
93.4781,98539,985620538,1829,0,0,0
93.4879,98540,985630539,1827,0,0,0
93.4980,98541,985640538,1831,0,0,0
93.5078,98542,985650539,1827,0,0,0
93.5177,98543,985660539,1826,0,0,0
93.5281,98544,985670539,1819,0,0,0
93.5380,98545,985680539,1838,0,0,0
93.5480,98546,985690539,1828,0,0,0
93.5580,98547,985700539,1833,0,0,0
93.5678,98548,985710539,1823,0,0,0
93.5779,98549,985720539,1831,0,0,0
93.5879,98550,985730539,1830,0,0,0
93.5979,98551,985740539,1842,0,0,0
93.6078,98552,985750538,1838,0,0,0
93.6179,98553,985760539,1851,0,0,0
93.6281,98554,985770539,1830,0,0,0
93.6378,98555,985780538,1843,0,0,0
93.6479,98556,985790539,1839,0,0,0
93.6578,98557,985800539,1849,0,0,0
93.6678,98558,985810538,1839,0,0,0
93.6783,98559,985820538,1854,0,0,0
93.6882,98560,985830539,1861,0,0,0
93.6980,98561,985840539,1851,0,0,0
93.7082,98562,985850539,1840,0,0,0
93.7178,98563,985860538,1855,0,0,0
93.7278,98564,985870539,1845,0,0,0
93.7380,98565,985880538,1869,0,0,0
93.7479,98566,985890539,1872,0,0,0
93.7580,98567,985900538,1905,0,0,0
93.7680,98568,985910539,1908,0,0,0
93.7815,98569,985920539,1986,0,0,0
93.7879,98570,985930539,2000,0,0,0
93.7980,98571,985940539,1993,0,0,0
93.8078,98572,985950539,1931,0,0,0
93.8177,98573,985960538,1859,0,0,0
93.8279,98574,985970539,1840,0,0,0
93.8378,98575,985980539,1823,0,0,0
93.8479,98576,985990539,1815,0,0,0
93.8579,98577,986000538,1817,0,0,0
93.8678,98578,986010539,1808,0,0,0
93.8777,98579,986020539,1807,0,0,0
93.8878,98580,986030539,1683,0,0,0
93.8977,98581,986040538,1487,0,0,0
93.9079,98582,986050539,1933,0,0,0
93.9178,98583,986060539,3409,0,0,0
93.9278,98584,986070538,3018,0,0,0
93.9378,98585,986080539,1919,0,0,0
93.9478,98586,986090539,1669,0,0,0
93.9580,98587,986100539,1813,0,0,0
93.9679,98588,986110539,1759,0,0,0
93.9780,98589,986120538,1738,0,0,0
93.9880,98590,986130539,1747,0,0,0
93.9981,98591,986140538,1763,0,0,0
94.0080,98592,986150539,1767,0,0,0
94.0179,98593,986160539,1782,0,0,0
94.0280,98594,986170539,1783,0,0,0
94.0380,98595,986180539,1793,0,0,0
94.0479,98596,986190539,1793,0,0,0
94.0581,98597,986200538,1809,0,0,0
94.0679,98598,986210539,1794,0,0,0
94.0778,98599,986220539,1812,0,0,0
94.0878,98600,986230538,1808,0,0,0
94.0982,98601,986240539,1823,0,0,0
94.1077,98602,986250539,1829,0,0,0
94.1178,98603,986260539,1851,0,0,0
94.1280,98604,986270539,1824,0,0,0
94.1378,98605,986280538,1858,0,0,0
94.1481,98606,986290539,1871,0,0,0
94.1579,98607,986300539,1890,0,0,0
94.1679,98608,986310539,1903,0,0,0
94.1781,98609,986320539,1917,0,0,0
94.1882,98610,986330539,1926,0,0,0
94.1982,98611,986340538,1948,0,0,0
94.2081,98612,986350539,1921,0,0,0
94.2178,98613,986360539,1919,0,0,0
94.2279,98614,986370539,1871,0,0,0
94.2379,98615,986380538,1846,0,0,0
94.2482,98616,986390539,1814,0,0,0
94.2581,98617,986400538,1791,0,0,0
94.2678,98618,986410539,1770,0,0,0
94.2793,98619,986420539,1774,0,0,0
94.2879,98620,986430539,1767,0,0,0
94.2980,98621,986440539,1776,0,0,0
94.3079,98622,986450539,1771,0,0,0
94.3181,98623,986460539,1767,0,0,0
94.3279,98624,986470539,1767,0,0,0
94.3377,98625,986480538,1782,0,0,0
94.3479,98626,986490539,1778,0,0,0
94.3580,98627,986500539,1781,0,0,0
94.3680,98628,986510539,1782,0,0,0
94.3783,98629,986520538,1794,0,0,0
94.3878,98630,986530539,1792,0,0,0
94.3981,98631,986540539,1807,0,0,0
94.4078,98632,986550539,1805,0,0,0
94.4178,98633,986560539,1813,0,0,0
94.4280,98634,986570538,1813,0,0,0
94.4379,98635,986580539,1837,0,0,0
94.4481,98636,986590539,1820,0,0,0
94.4582,98637,986600539,1809,0,0,0
94.4678,98638,986610539,1822,0,0,0
94.4783,98639,986620538,1828,0,0,0
94.4878,98640,986630539,1818,0,0,0
94.4983,98641,986640539,1831,0,0,0
94.5084,98642,986650539,1817,0,0,0
94.5182,98643,986660539,1825,0,0,0
94.5278,98644,986670539,1819,0,0,0
94.5382,98645,986680539,1839,0,0,0
94.5478,98646,986690539,1830,0,0,0
94.5579,98647,986700538,1841,0,0,0
94.5678,98648,986710539,1820,0,0,0
94.5778,98649,986720539,1834,0,0,0
94.5878,98650,986730539,1827,0,0,0
94.5978,98651,986740539,1840,0,0,0
94.6078,98652,986750539,1831,0,0,0
