pc_time_s,seq,t_us,ecg_adc,lo_plus,lo_minus,lead_off
0.0132,81151,811740538,1831,0,0,0
0.0279,81152,811750539,1808,0,0,0
0.0332,81153,811760539,1557,0,0,0
0.0428,81154,811770539,1612,0,0,0
0.0528,81155,811780539,2400,0,0,0
0.0630,81156,811790539,3857,0,0,0
0.0728,81157,811800539,2352,0,0,0
0.0828,81158,811810539,1825,0,0,0
0.0927,81159,811820539,1761,0,0,0
0.1028,81160,811830539,1839,0,0,0
0.1128,81161,811840539,1762,0,0,0
0.1228,81162,811850539,1750,0,0,0
0.1328,81163,811860538,1755,0,0,0
0.1428,81164,811870538,1759,0,0,0
0.1528,81165,811880539,1766,0,0,0
0.1628,81166,811890539,1776,0,0,0
0.1727,81167,811900538,1783,0,0,0
0.1828,81168,811910539,1791,0,0,0
0.1928,81169,811920538,1788,0,0,0
0.2028,81170,811930539,1791,0,0,0
0.2128,81171,811940539,1790,0,0,0
0.2228,81172,811950539,1808,0,0,0
0.2327,81173,811960538,1808,0,0,0
0.2427,81174,811970539,1811,0,0,0
0.2529,81175,811980539,1826,0,0,0
0.2632,81176,811990538,1833,0,0,0
0.2734,81177,812000539,1825,0,0,0
0.2829,81178,812010539,1840,0,0,0
0.2929,81179,812020539,1867,0,0,0
0.3029,81180,812030539,1870,0,0,0
0.3128,81181,812040539,1891,0,0,0
0.3228,81182,812050538,1913,0,0,0
0.3327,81183,812060539,1920,0,0,0
0.3427,81184,812070539,1886,0,0,0
0.3528,81185,812080539,1936,0,0,0
0.3627,81186,812090538,1914,0,0,0
0.3729,81187,812100538,1893,0,0,0
0.3827,81188,812110539,1849,0,0,0
0.3927,81189,812120538,1813,0,0,0
0.4027,81190,812130539,1803,0,0,0
0.4128,81191,812140538,1783,0,0,0
0.4228,81192,812150539,1777,0,0,0
0.4329,81193,812160539,1767,0,0,0
0.4428,81194,812170539,1766,0,0,0
0.4649,81195,812180539,1767,0,0,0
0.4650,81196,812190539,1766,0,0,0
0.4727,81197,812200539,1776,0,0,0
0.4829,81198,812210539,1778,0,0,0
0.4928,81199,812220539,1776,0,0,0
0.5028,81200,812230539,1773,0,0,0
0.5128,81201,812240538,1776,0,0,0
0.5228,81202,812250539,1780,0,0,0
0.5331,81203,812260539,1789,0,0,0
0.5429,81204,812270539,1783,0,0,0
0.5528,81205,812280538,1793,0,0,0
0.5628,81206,812290539,1805,0,0,0
0.5728,81207,812300539,1799,0,0,0
0.5828,81208,812310539,1799,0,0,0
0.5929,81209,812320539,1803,0,0,0
0.6028,81210,812330539,1794,0,0,0
0.6127,81211,812340539,1791,0,0,0
0.6227,81212,812350538,1791,0,0,0
0.6327,81213,812360539,1791,0,0,0
0.6428,81214,812370539,1789,0,0,0
0.6527,81215,812380538,1790,0,0,0
0.6627,81216,812390539,1793,0,0,0
0.6729,81217,812400538,1808,0,0,0
0.6828,81218,812410539,1801,0,0,0
0.6927,81219,812420539,1801,0,0,0
0.7030,81220,812430539,1804,0,0,0
0.7129,81221,812440539,1808,0,0,0
0.7228,81222,812450539,1811,0,0,0
0.7329,81223,812460539,1808,0,0,0
0.7427,81224,812470539,1815,0,0,0
0.7528,81225,812480539,1811,0,0,0
0.7628,81226,812490539,1819,0,0,0
0.7727,81227,812500539,1819,0,0,0
0.7834,81228,812510539,1817,0,0,0
0.7928,81229,812520539,1827,0,0,0
0.8028,81230,812530539,1825,0,0,0
0.8129,81231,812540538,1827,0,0,0
0.8227,81232,812550539,1824,0,0,0
0.8328,81233,812560539,1827,0,0,0
0.8428,81234,812570539,1831,0,0,0
0.8529,81235,812580538,1826,0,0,0
0.8629,81236,812590539,1824,0,0,0
0.8727,81237,812600539,1831,0,0,0
0.8828,81238,812610539,1829,0,0,0
0.8928,81239,812620539,1827,0,0,0
0.9027,81240,812630539,1830,0,0,0
0.9128,81241,812640538,1839,0,0,0
0.9232,81242,812650539,1826,0,0,0
0.9327,81243,812660539,1831,0,0,0
0.9427,81244,812670538,1838,0,0,0
0.9528,81245,812680539,1840,0,0,0
0.9628,81246,812690539,1827,0,0,0
0.9730,81247,812700539,1842,0,0,0
0.9830,81248,812710539,1842,0,0,0
0.9929,81249,812720539,1847,0,0,0
1.0032,81250,812730539,1867,0,0,0
1.0128,81251,812740539,1891,0,0,0
1.0231,81252,812750539,1904,0,0,0
1.0334,81253,812760539,1978,0,0,0
1.0428,81254,812770539,1980,0,0,0
1.0529,81255,812780539,1973,0,0,0
1.0628,81256,812790538,1904,0,0,0
1.0728,81257,812800539,1840,0,0,0
1.0829,81258,812810539,1823,0,0,0
1.0927,81259,812820538,1818,0,0,0
1.1029,81260,812830539,1805,0,0,0
1.1128,81261,812840539,1803,0,0,0
1.1227,81262,812850538,1802,0,0,0
1.1329,81263,812860539,1781,0,0,0
1.1433,81264,812870539,1511,0,0,0
1.1527,81265,812880538,1611,0,0,0
1.1628,81266,812890539,2467,0,0,0
1.1728,81267,812900539,3921,0,0,0
1.1828,81268,812910539,2352,0,0,0
1.1928,81269,812920538,1632,0,0,0
1.2028,81270,812930539,1758,0,0,0
1.2127,81271,812940539,1808,0,0,0
1.2227,81272,812950539,1720,0,0,0
1.2327,81273,812960539,1742,0,0,0
1.2428,81274,812970539,1739,0,0,0
1.2528,81275,812980539,1744,0,0,0
1.2627,81276,812990539,1746,0,0,0
1.2728,81277,813000539,1767,0,0,0
1.2827,81278,813010539,1761,0,0,0
1.2928,81279,813020538,1776,0,0,0
1.3028,81280,813030539,1771,0,0,0
1.3129,81281,813040539,1786,0,0,0
1.3228,81282,813050539,1794,0,0,0
1.3327,81283,813060538,1803,0,0,0
1.3427,81284,813070539,1803,0,0,0
1.3528,81285,813080539,1811,0,0,0
1.3628,81286,813090539,1811,0,0,0
1.3727,81287,813100538,1834,0,0,0
1.3827,81288,813110539,1839,0,0,0
1.3928,81289,813120539,1857,0,0,0
1.4035,81290,813130539,1877,0,0,0
1.4127,81291,813140539,1898,0,0,0
1.4227,81292,813150539,1906,0,0,0
1.4337,81293,813160538,1925,0,0,0
1.4428,81294,813170539,1937,0,0,0
1.4529,81295,813180539,1943,0,0,0
1.4628,81296,813190539,1936,0,0,0
1.4729,81297,813200539,1923,0,0,0
1.4827,81298,813210539,1890,0,0,0
1.4929,81299,813220539,1866,0,0,0
1.5029,81300,813230539,1840,0,0,0
1.5127,81301,813240539,1810,0,0,0
1.5228,81302,813250539,1805,0,0,0
1.5329,81303,813260539,1798,0,0,0
1.5429,81304,813270539,1790,0,0,0
1.5529,81305,813280539,1795,0,0,0
1.5628,81306,813290539,1803,0,0,0
1.5728,81307,813300539,1791,0,0,0
1.5828,81308,813310539,1794,0,0,0
1.5928,81309,813320539,1804,0,0,0
1.6027,81310,813330538,1801,0,0,0
1.6127,81311,813340539,1805,0,0,0
1.6230,81312,813350539,1808,0,0,0
1.6327,81313,813360539,1812,0,0,0
1.6427,81314,813370539,1813,0,0,0
1.6532,81315,813380539,1814,0,0,0
1.6628,81316,813390539,1824,0,0,0
1.6729,81317,813400539,1826,0,0,0
1.6827,81318,813410539,1822,0,0,0
1.6928,81319,813420539,1828,0,0,0
1.7029,81320,813430539,1821,0,0,0
1.7127,81321,813440539,1833,0,0,0
1.7228,81322,813450539,1840,0,0,0
1.7329,81323,813460539,1836,0,0,0
1.7427,81324,813470539,1827,0,0,0
1.7529,81325,813480539,1829,0,0,0
1.7628,81326,813490539,1826,0,0,0
1.7727,81327,813500539,1837,0,0,0
1.7829,81328,813510539,1824,0,0,0
1.7928,81329,813520539,1823,0,0,0
1.8029,81330,813530538,1827,0,0,0
1.8128,81331,813540539,1834,0,0,0
1.8230,81332,813550539,1831,0,0,0
1.8327,81333,813560538,1831,0,0,0
1.8428,81334,813570539,1837,0,0,0
1.8529,81335,813580539,1840,0,0,0
1.8628,81336,813590539,1840,0,0,0
1.8731,81337,813600539,1847,0,0,0
1.8829,81338,813610539,1847,0,0,0
1.8929,81339,813620538,1844,0,0,0
1.9030,81340,813630539,1841,0,0,0
1.9128,81341,813640539,1840,0,0,0
1.9228,81342,813650538,1843,0,0,0
1.9327,81343,813660539,1851,0,0,0
1.9427,81344,813670538,1848,0,0,0
1.9529,81345,813680538,1853,0,0,0
1.9627,81346,813690539,1853,0,0,0
1.9809,81347,813700539,1861,0,0,0
1.9826,81348,813710539,1859,0,0,0
1.9930,81349,813720539,1873,0,0,0
2.0028,81350,813730539,1863,0,0,0
2.0128,81351,813740538,1861,0,0,0
2.0229,81352,813750539,1861,0,0,0
2.0327,81353,813760539,1866,0,0,0
2.0428,81354,813770539,1858,0,0,0
2.0529,81355,813780539,1862,0,0,0
2.0628,81356,813790539,1867,0,0,0
2.0728,81357,813800539,1871,0,0,0
2.0828,81358,813810539,1876,0,0,0
2.0929,81359,813820539,1869,0,0,0
2.1028,81360,813830539,1867,0,0,0
2.1128,81361,813840539,1866,0,0,0
2.1228,81362,813850538,1862,0,0,0
2.1328,81363,813860539,1872,0,0,0
2.1429,81364,813870539,1873,0,0,0
2.1529,81365,813880539,1899,0,0,0
2.1630,81366,813890539,1905,0,0,0
2.1728,81367,813900539,1954,0,0,0
2.1827,81368,813910539,2002,0,0,0
2.1935,81369,813920539,2011,0,0,0
2.2030,81370,813930539,1959,0,0,0
2.2126,81371,813940538,1879,0,0,0
2.2229,81372,813950539,1855,0,0,0
2.2327,81373,813960538,1849,0,0,0
2.2428,81374,813970539,1839,0,0,0
2.2529,81375,813980539,1829,0,0,0
2.2628,81376,813990538,1818,0,0,0
2.2728,81377,814000539,1811,0,0,0
2.2829,81378,814010539,1706,0,0,0
2.2928,81379,814020539,1477,0,0,0
2.3028,81380,814030539,1895,0,0,0
2.3127,81381,814040538,3381,0,0,0
2.3226,81382,814050539,3107,0,0,0
2.3328,81383,814060539,1914,0,0,0
2.3428,81384,814070538,1621,0,0,0
2.3528,81385,814080539,1810,0,0,0
2.3628,81386,814090539,1768,0,0,0
2.3728,81387,814100539,1739,0,0,0
2.3826,81388,814110539,1745,0,0,0
2.3926,81389,814120539,1762,0,0,0
2.4028,81390,814130539,1763,0,0,0
2.4128,81391,814140539,1772,0,0,0
2.4228,81392,814150539,1776,0,0,0
2.4328,81393,814160539,1793,0,0,0
2.4427,81394,814170539,1792,0,0,0
2.4528,81395,814180539,1781,0,0,0
2.4627,81396,814190539,1799,0,0,0
2.4726,81397,814200539,1802,0,0,0
2.4826,81398,814210538,1810,0,0,0
2.4926,81399,814220539,1823,0,0,0
2.5028,81400,814230539,1829,0,0,0
2.5128,81401,814240538,1853,0,0,0
2.5226,81402,814250539,1862,0,0,0
2.5327,81403,814260539,1863,0,0,0
2.5427,81404,814270538,1887,0,0,0
2.5529,81405,814280538,1893,0,0,0
2.5626,81406,814290539,1921,0,0,0
2.5728,81407,814300539,1936,0,0,0
2.5828,81408,814310539,1971,0,0,0
2.5927,81409,814320538,1974,0,0,0
2.6028,81410,814330539,1983,0,0,0
2.6127,81411,814340538,1974,0,0,0
2.6227,81412,814350539,1933,0,0,0
2.6327,81413,814360539,1917,0,0,0
2.6427,81414,814370539,1875,0,0,0
2.6528,81415,814380538,1850,0,0,0
2.6627,81416,814390539,1819,0,0,0
2.6727,81417,814400539,1813,0,0,0
2.6827,81418,814410538,1813,0,0,0
2.6932,81419,814420539,1815,0,0,0
2.7027,81420,814430539,1809,0,0,0
2.7127,81421,814440539,1828,0,0,0
2.7228,81422,814450539,1819,0,0,0
2.7327,81423,814460539,1811,0,0,0
2.7427,81424,814470539,1827,0,0,0
2.7530,81425,814480539,1820,0,0,0
2.7626,81426,814490539,1819,0,0,0
2.7726,81427,814500539,1843,0,0,0
2.7828,81428,814510539,1837,0,0,0
2.7927,81429,814520538,1835,0,0,0
2.8028,81430,814530539,1843,0,0,0
2.8127,81431,814540539,1819,0,0,0
2.8228,81432,814550539,1840,0,0,0
2.8327,81433,814560538,1849,0,0,0
2.8428,81434,814570539,1846,0,0,0
2.8528,81435,814580538,1857,0,0,0
2.8627,81436,814590539,1862,0,0,0
2.8729,81437,814600539,1851,0,0,0
2.8827,81438,814610539,1847,0,0,0
2.8927,81439,814620539,1853,0,0,0
2.9029,81440,814630539,1851,0,0,0
2.9127,81441,814640539,1853,0,0,0
2.9228,81442,814650539,1847,0,0,0
2.9328,81443,814660539,1840,0,0,0
2.9426,81444,814670539,1872,0,0,0
2.9535,81445,814680538,1850,0,0,0
2.9628,81446,814690539,1863,0,0,0
2.9727,81447,814700539,1856,0,0,0
2.9827,81448,814710539,1829,0,0,0
2.9927,81449,814720539,1845,0,0,0
3.0027,81450,814730539,1842,0,0,0
3.0127,81451,814740539,1845,0,0,0
3.0228,81452,814750539,1855,0,0,0
3.0326,81453,814760539,1848,0,0,0
3.0426,81454,814770539,1857,0,0,0
3.0528,81455,814780539,1855,0,0,0
3.0627,81456,814790539,1830,0,0,0
3.0728,81457,814800539,1847,0,0,0
3.0828,81458,814810538,1847,0,0,0
3.0927,81459,814820538,1857,0,0,0
3.1028,81460,814830539,1858,0,0,0
3.1130,81461,814840539,1858,0,0,0
3.1229,81462,814850539,1847,0,0,0
3.1328,81463,814860538,1853,0,0,0
3.1429,81464,814870539,1857,0,0,0
3.1529,81465,814880538,1851,0,0,0
3.1628,81466,814890539,1845,0,0,0
3.1729,81467,814900539,1851,0,0,0
3.1829,81468,814910539,1845,0,0,0
3.1929,81469,814920538,1854,0,0,0
3.2029,81470,814930539,1841,0,0,0
3.2130,81471,814940538,1861,0,0,0
3.2228,81472,814950539,1852,0,0,0
3.2330,81473,814960539,1856,0,0,0
3.2427,81474,814970539,1858,0,0,0
3.2540,81475,814980538,1872,0,0,0
3.2662,81476,814990539,1883,0,0,0
3.2727,81477,815000539,1913,0,0,0
3.2827,81478,815010538,1930,0,0,0
3.2928,81479,815020538,1993,0,0,0
3.3028,81480,815030539,2009,0,0,0
3.3127,81481,815040539,1983,0,0,0
3.3229,81482,815050539,1876,0,0,0
3.3326,81483,815060538,1838,0,0,0
3.3428,81484,815070539,1834,0,0,0
3.3529,81485,815080539,1823,0,0,0
3.3627,81486,815090538,1798,0,0,0
3.3727,81487,815100539,1807,0,0,0
3.3829,81488,815110539,1792,0,0,0
3.3929,81489,815120538,1781,0,0,0
3.4029,81490,815130539,1484,0,0,0
3.4128,81491,815140539,1652,0,0,0
3.4229,81492,815150538,2586,0,0,0
3.4329,81493,815160539,3639,0,0,0
3.4446,81494,815170539,2159,0,0,0
3.4529,81495,815180539,1776,0,0,0
3.4628,81496,815190539,1741,0,0,0
3.4728,81497,815200538,1809,0,0,0
3.4828,81498,815210539,1719,0,0,0
3.4927,81499,815220539,1724,0,0,0
3.5028,81500,815230539,1721,0,0,0
3.5128,81501,815240539,1737,0,0,0
3.5226,81502,815250538,1738,0,0,0
3.5328,81503,815260539,1743,0,0,0
3.5428,81504,815270539,1747,0,0,0
3.5527,81505,815280538,1775,0,0,0
3.5628,81506,815290539,1773,0,0,0
3.5727,81507,815300539,1783,0,0,0
3.5827,81508,815310539,1781,0,0,0
3.5929,81509,815320539,1791,0,0,0
3.6028,81510,815330539,1789,0,0,0
3.6129,81511,815340539,1803,0,0,0
3.6229,81512,815350539,1813,0,0,0
3.6328,81513,815360539,1811,0,0,0
3.6429,81514,815370539,1819,0,0,0
3.6527,81515,815380539,1843,0,0,0
3.6628,81516,815390538,1845,0,0,0
3.6728,81517,815400539,1869,0,0,0
3.6828,81518,815410539,1884,0,0,0
3.6927,81519,815420539,1904,0,0,0
3.7029,81520,815430539,1909,0,0,0
3.7130,81521,815440539,1916,0,0,0
3.7228,81522,815450538,1913,0,0,0
3.7327,81523,815460538,1898,0,0,0
3.7428,81524,815470539,1875,0,0,0
3.7528,81525,815480538,1854,0,0,0
3.7627,81526,815490539,1837,0,0,0
3.7728,81527,815500539,1803,0,0,0
3.7826,81528,815510539,1780,0,0,0
3.7927,81529,815520538,1792,0,0,0
3.8028,81530,815530539,1785,0,0,0
3.8128,81531,815540539,1774,0,0,0
3.8228,81532,815550539,1773,0,0,0
3.8328,81533,815560539,1780,0,0,0
3.8427,81534,815570539,1791,0,0,0
3.8528,81535,815580539,1799,0,0,0
3.8628,81536,815590539,1792,0,0,0
3.8728,81537,815600539,1796,0,0,0
3.8829,81538,815610539,1798,0,0,0
3.8927,81539,815620539,1808,0,0,0
3.9027,81540,815630539,1802,0,0,0
3.9128,81541,815640539,1807,0,0,0
3.9229,81542,815650539,1808,0,0,0
3.9327,81543,815660538,1828,0,0,0
3.9431,81544,815670539,1809,0,0,0
3.9529,81545,815680539,1811,0,0,0
3.9627,81546,815690539,1809,0,0,0
3.9726,81547,815700539,1814,0,0,0
3.9839,81548,815710539,1798,0,0,0
3.9928,81549,815720538,1811,0,0,0
4.0028,81550,815730539,1802,0,0,0
4.0127,81551,815740539,1808,0,0,0
4.0227,81552,815750539,1803,0,0,0
4.0326,81553,815760539,1809,0,0,0
4.0428,81554,815770539,1808,0,0,0
4.0528,81555,815780539,1810,0,0,0
4.0627,81556,815790539,1808,0,0,0
4.0728,81557,815800538,1811,0,0,0
4.0828,81558,815810539,1809,0,0,0
4.0928,81559,815820539,1819,0,0,0
4.1029,81560,815830538,1815,0,0,0
4.1130,81561,815840539,1822,0,0,0
4.1230,81562,815850539,1806,0,0,0
4.1334,81563,815860539,1813,0,0,0
4.1429,81564,815870539,1808,0,0,0
4.1533,81565,815880539,1814,0,0,0
4.1635,81566,815890539,1809,0,0,0
4.1727,81567,815900538,1821,0,0,0
4.1836,81568,815910539,1815,0,0,0
4.1927,81569,815920538,1826,0,0,0
4.2032,81570,815930539,1821,0,0,0
4.2155,81571,815940539,1827,0,0,0
4.2228,81572,815950539,1838,0,0,0
4.2328,81573,815960538,1833,0,0,0
4.2430,81574,815970539,1839,0,0,0
4.2528,81575,815980538,1844,0,0,0
4.2629,81576,815990539,1843,0,0,0
4.2727,81577,816000539,1846,0,0,0
4.2827,81578,816010539,1842,0,0,0
4.2927,81579,816020539,1842,0,0,0
4.3027,81580,816030539,1844,0,0,0
4.3127,81581,816040539,1856,0,0,0
4.3228,81582,816050538,1856,0,0,0
4.3328,81583,816060539,1863,0,0,0
4.3427,81584,816070539,1860,0,0,0
4.3528,81585,816080539,1863,0,0,0
4.3634,81586,816090539,1857,0,0,0
4.3729,81587,816100539,1878,0,0,0
4.3830,81588,816110538,1893,0,0,0
4.3931,81589,816120539,1924,0,0,0
4.4031,81590,816130539,1941,0,0,0
4.4127,81591,816140538,2008,0,0,0
4.4231,81592,816150539,2000,0,0,0
4.4328,81593,816160539,1981,0,0,0
4.4427,81594,816170539,1903,0,0,0
4.4533,81595,816180538,1859,0,0,0
4.4628,81596,816190539,1840,0,0,0
4.4726,81597,816200539,1840,0,0,0
4.4827,81598,816210539,1835,0,0,0
4.4926,81599,816220538,1815,0,0,0
4.5030,81600,816230539,1817,0,0,0
4.5127,81601,816240539,1761,0,0,0
4.5226,81602,816250539,1481,0,0,0
4.5329,81603,816260539,1763,0,0,0
4.5431,81604,816270538,2955,0,0,0
4.5529,81605,816280539,3503,0,0,0
4.5630,81606,816290539,2081,0,0,0
4.5730,81607,816300539,1602,0,0,0
4.5830,81608,816310539,1813,0,0,0
4.5931,81609,816320539,1780,0,0,0
4.6032,81610,816330538,1728,0,0,0
4.6130,81611,816340539,1749,0,0,0
4.6234,81612,816350539,1751,0,0,0
4.6334,81613,816360539,1760,0,0,0
4.6433,81614,816370539,1765,0,0,0
4.6526,81615,816380539,1781,0,0,0
4.6634,81616,816390539,1782,0,0,0
4.6731,81617,816400539,1780,0,0,0
4.6833,81618,816410539,1782,0,0,0
4.6956,81619,816420539,1792,0,0,0
4.7027,81620,816430539,1801,0,0,0
4.7127,81621,816440539,1813,0,0,0
4.7227,81622,816450538,1801,0,0,0
4.7328,81623,816460539,1829,0,0,0
4.7427,81624,816470539,1825,0,0,0
4.7529,81625,816480539,1835,0,0,0
4.7627,81626,816490539,1849,0,0,0
4.7727,81627,816500539,1872,0,0,0
4.7827,81628,816510539,1874,0,0,0
4.7926,81629,816520539,1904,0,0,0
4.8027,81630,816530539,1920,0,0,0
4.8128,81631,816540539,1937,0,0,0
4.8228,81632,816550539,1947,0,0,0
4.8329,81633,816560538,1953,0,0,0
4.8429,81634,816570539,1939,0,0,0
4.8532,81635,816580539,1918,0,0,0
4.8628,81636,816590539,1895,0,0,0
4.8731,81637,816600538,1862,0,0,0
4.8828,81638,816610539,1839,0,0,0
4.8928,81639,816620538,1815,0,0,0
4.9030,81640,816630539,1802,0,0,0
4.9129,81641,816640538,1801,0,0,0
4.9229,81642,816650539,1786,0,0,0
4.9330,81643,816660539,1793,0,0,0
4.9431,81644,816670538,1793,0,0,0
4.9530,81645,816680539,1791,0,0,0
4.9628,81646,816690538,1793,0,0,0
4.9726,81647,816700539,1810,0,0,0
4.9829,81648,816710539,1807,0,0,0
4.9931,81649,816720539,1807,0,0,0
5.0026,81650,816730539,1815,0,0,0
5.0126,81651,816740538,1811,0,0,0
5.0229,81652,816750539,1815,0,0,0
5.0326,81653,816760539,1825,0,0,0
5.0426,81654,816770538,1818,0,0,0
5.0529,81655,816780539,1825,0,0,0
5.0627,81656,816790539,1819,0,0,0
5.0728,81657,816800539,1817,0,0,0
5.0829,81658,816810538,1818,0,0,0
5.0929,81659,816820539,1830,0,0,0
5.1029,81660,816830539,1813,0,0,0
5.1131,81661,816840538,1830,0,0,0
5.1230,81662,816850539,1829,0,0,0
5.1327,81663,816860539,1828,0,0,0
5.1435,81664,816870539,1829,0,0,0
5.1531,81665,816880538,1846,0,0,0
5.1634,81666,816890539,1827,0,0,0
5.1729,81667,816900539,1840,0,0,0
5.1827,81668,816910538,1834,0,0,0
5.1928,81669,816920539,1840,0,0,0
5.2030,81670,816930539,1838,0,0,0
5.2127,81671,816940539,1839,0,0,0
5.2228,81672,816950539,1841,0,0,0
5.2327,81673,816960538,1850,0,0,0
5.2427,81674,816970539,1833,0,0,0
5.2527,81675,816980539,1851,0,0,0
5.2627,81676,816990539,1846,0,0,0
5.2727,81677,817000538,1846,0,0,0
5.2827,81678,817010539,1839,0,0,0
5.2928,81679,817020539,1849,0,0,0
5.3027,81680,817030539,1845,0,0,0
5.3128,81681,817040538,1855,0,0,0
5.3229,81682,817050539,1841,0,0,0
5.3329,81683,817060539,1850,0,0,0
5.3427,81684,817070538,1846,0,0,0
5.3527,81685,817080539,1846,0,0,0
5.3627,81686,817090539,1849,0,0,0
5.3728,81687,817100539,1856,0,0,0
5.3827,81688,817110538,1856,0,0,0
5.3927,81689,817120539,1856,0,0,0
5.4028,81690,817130539,1851,0,0,0
5.4129,81691,817140539,1855,0,0,0
5.4228,81692,817150539,1866,0,0,0
5.4329,81693,817160538,1873,0,0,0
5.4429,81694,817170539,1861,0,0,0
5.4528,81695,817180538,1865,0,0,0
5.4627,81696,817190539,1857,0,0,0
5.4729,81697,817200539,1870,0,0,0
5.4831,81698,817210539,1869,0,0,0
5.4929,81699,817220538,1871,0,0,0
5.5030,81700,817230539,1869,0,0,0
5.5127,81701,817240539,1904,0,0,0
5.5226,81702,817250539,1910,0,0,0
5.5329,81703,817260539,1934,0,0,0
5.5429,81704,817270539,2000,0,0,0
5.5528,81705,817280538,2014,0,0,0
5.5630,81706,817290539,2000,0,0,0
5.5729,81707,817300538,1925,0,0,0
5.5830,81708,817310539,1858,0,0,0
5.5931,81709,817320538,1851,0,0,0
5.6031,81710,817330539,1854,0,0,0
5.6128,81711,817340539,1829,0,0,0
5.6229,81712,817350539,1808,0,0,0
5.6332,81713,817360538,1835,0,0,0
5.6433,81714,817370539,1759,0,0,0
5.6527,81715,817380539,1525,0,0,0
5.6632,81716,817390539,1593,0,0,0
5.6732,81717,817400539,2416,0,0,0
5.6826,81718,817410539,3931,0,0,0
5.6927,81719,817420539,2389,0,0,0
5.7029,81720,817430539,1699,0,0,0
5.7126,81721,817440538,1746,0,0,0
5.7228,81722,817450539,1838,0,0,0
5.7329,81723,817460539,1759,0,0,0
5.7426,81724,817470539,1755,0,0,0
5.7527,81725,817480539,1773,0,0,0
5.7627,81726,817490539,1727,0,0,0
5.7726,81727,817500538,1795,0,0,0
5.7826,81728,817510539,1776,0,0,0
5.7928,81729,817520538,1799,0,0,0
5.8027,81730,817530539,1795,0,0,0
5.8127,81731,817540539,1821,0,0,0
5.8227,81732,817550539,1812,0,0,0
5.8327,81733,817560539,1819,0,0,0
5.8426,81734,817570539,1808,0,0,0
5.8529,81735,817580539,1824,0,0,0
5.8628,81736,817590539,1834,0,0,0
5.8729,81737,817600539,1839,0,0,0
5.8829,81738,817610539,1843,0,0,0
5.8927,81739,817620538,1872,0,0,0
5.9026,81740,817630539,1879,0,0,0
5.9127,81741,817640539,1898,0,0,0
5.9226,81742,817650539,1902,0,0,0
5.9327,81743,817660539,1923,0,0,0
5.9427,81744,817670538,1941,0,0,0
5.9532,81745,817680539,1962,0,0,0
5.9630,81746,817690539,1966,0,0,0
5.9728,81747,817700539,1972,0,0,0
5.9832,81748,817710538,1939,0,0,0
5.9931,81749,817720539,1903,0,0,0
6.0027,81750,817730539,1881,0,0,0
6.0127,81751,817740539,1859,0,0,0
6.0228,81752,817750539,1826,0,0,0
6.0328,81753,817760538,1798,0,0,0
6.0428,81754,817770539,1781,0,0,0
6.0527,81755,817780539,1790,0,0,0
6.0627,81756,817790539,1777,0,0,0
6.0728,81757,817800539,1779,0,0,0
6.0828,81758,817810539,1775,0,0,0
6.0929,81759,817820539,1779,0,0,0
6.1030,81760,817830539,1775,0,0,0
6.1134,81761,817840539,1799,0,0,0
6.1234,81762,817850539,1794,0,0,0
6.1330,81763,817860539,1789,0,0,0
6.1429,81764,817870539,1789,0,0,0
6.1530,81765,817880539,1794,0,0,0
6.1629,81766,817890538,1792,0,0,0
6.1730,81767,817900538,1813,0,0,0
6.1832,81768,817910539,1821,0,0,0
6.1929,81769,817920539,1825,0,0,0
6.2030,81770,817930539,1819,0,0,0
6.2127,81771,817940539,1824,0,0,0
6.2227,81772,817950539,1817,0,0,0
6.2330,81773,817960539,1835,0,0,0
6.2428,81774,817970539,1819,0,0,0
6.2526,81775,817980538,1823,0,0,0
6.2630,81776,817990539,1830,0,0,0
6.2727,81777,818000539,1831,0,0,0
6.2827,81778,818010539,1821,0,0,0
6.2927,81779,818020538,1835,0,0,0
6.3028,81780,818030539,1827,0,0,0
6.3127,81781,818040539,1831,0,0,0
6.3229,81782,818050538,1826,0,0,0
6.3327,81783,818060538,1825,0,0,0
6.3428,81784,818070539,1840,0,0,0
6.3528,81785,818080539,1837,0,0,0
6.3629,81786,818090539,1835,0,0,0
6.3728,81787,818100539,1856,0,0,0
6.3830,81788,818110538,1842,0,0,0
6.3929,81789,818120539,1853,0,0,0
6.4029,81790,818130539,1841,0,0,0
6.4143,81791,818140539,1843,0,0,0
6.4229,81792,818150538,1837,0,0,0
6.4331,81793,818160539,1842,0,0,0
6.4428,81794,818170539,1849,0,0,0
6.4526,81795,818180539,1869,0,0,0
6.4629,81796,818190539,1857,0,0,0
6.4728,81797,818200539,1873,0,0,0
6.4826,81798,818210538,1870,0,0,0
6.4929,81799,818220539,1865,0,0,0
6.5029,81800,818230539,1855,0,0,0
6.5128,81801,818240539,1872,0,0,0
6.5229,81802,818250539,1869,0,0,0
6.5329,81803,818260538,1874,0,0,0
6.5428,81804,818270539,1863,0,0,0
6.5534,81805,818280538,1876,0,0,0
6.5632,81806,818290539,1873,0,0,0
6.5730,81807,818300539,1885,0,0,0
6.5834,81808,818310538,1878,0,0,0
6.5935,81809,818320539,1909,0,0,0
6.6030,81810,818330539,1902,0,0,0
6.6129,81811,818340539,1905,0,0,0
6.6234,81812,818350539,1969,0,0,0
6.6327,81813,818360538,2012,0,0,0
6.6433,81814,818370539,1999,0,0,0
6.6527,81815,818380539,1961,0,0,0
6.6629,81816,818390538,1866,0,0,0
6.6732,81817,818400539,1842,0,0,0
6.6827,81818,818410539,1837,0,0,0
6.6929,81819,818420539,1831,0,0,0
6.7026,81820,818430539,1808,0,0,0
6.7127,81821,818440539,1810,0,0,0
6.7227,81822,818450538,1811,0,0,0
6.7327,81823,818460539,1743,0,0,0
6.7430,81824,818470539,1460,0,0,0
6.7526,81825,818480539,1827,0,0,0
6.7629,81826,818490539,3039,0,0,0
6.7728,81827,818500539,3237,0,0,0
6.7828,81828,818510539,2011,0,0,0
6.7930,81829,818520539,1753,0,0,0
6.8028,81830,818530539,1808,0,0,0
6.8127,81831,818540539,1806,0,0,0
6.8228,81832,818550539,1740,0,0,0
6.8329,81833,818560538,1751,0,0,0
6.8429,81834,818570539,1744,0,0,0
6.8528,81835,818580539,1751,0,0,0
6.8630,81836,818590538,1763,0,0,0
6.8730,81837,818600539,1776,0,0,0
6.8830,81838,818610539,1780,0,0,0
6.8927,81839,818620539,1792,0,0,0
6.9028,81840,818630539,1798,0,0,0
6.9128,81841,818640539,1807,0,0,0
6.9228,81842,818650539,1799,0,0,0
6.9329,81843,818660539,1819,0,0,0
6.9429,81844,818670539,1826,0,0,0
6.9531,81845,818680538,1842,0,0,0
6.9631,81846,818690539,1851,0,0,0
6.9728,81847,818700538,1843,0,0,0
6.9828,81848,818710539,1851,0,0,0
6.9928,81849,818720539,1877,0,0,0
7.0027,81850,818730539,1895,0,0,0
7.0128,81851,818740539,1920,0,0,0
7.0228,81852,818750539,1923,0,0,0
7.0328,81853,818760539,1938,0,0,0
7.0426,81854,818770539,1942,0,0,0
7.0528,81855,818780538,1968,0,0,0
7.0629,81856,818790539,1947,0,0,0
7.0729,81857,818800539,1927,0,0,0
7.0829,81858,818810539,1891,0,0,0
7.0929,81859,818820539,1861,0,0,0
7.1029,81860,818830539,1833,0,0,0
7.1129,81861,818840539,1826,0,0,0
7.1250,81862,818850539,1811,0,0,0
7.1328,81863,818860539,1808,0,0,0
7.1432,81864,818870538,1801,0,0,0
7.1528,81865,818880539,1802,0,0,0
7.1635,81866,818890539,1791,0,0,0
7.1728,81867,818900539,1810,0,0,0
7.1827,81868,818910538,1795,0,0,0
7.1927,81869,818920538,1802,0,0,0
7.2026,81870,818930539,1804,0,0,0
7.2127,81871,818940539,1801,0,0,0
7.2230,81872,818950539,1803,0,0,0
7.2331,81873,818960538,1821,0,0,0
7.2429,81874,818970539,1804,0,0,0
7.2545,81875,818980539,1819,0,0,0
7.2626,81876,818990539,1809,0,0,0
7.2728,81877,819000538,1813,0,0,0
7.2829,81878,819010539,1801,0,0,0
7.2926,81879,819020538,1808,0,0,0
7.3027,81880,819030539,1810,0,0,0
7.3128,81881,819040538,1822,0,0,0
7.3228,81882,819050539,1810,0,0,0
7.3331,81883,819060539,1813,0,0,0
7.3434,81884,819070538,1809,0,0,0
7.3528,81885,819080539,1808,0,0,0
7.3629,81886,819090538,1811,0,0,0
7.3729,81887,819100539,1811,0,0,0
7.3828,81888,819110539,1794,0,0,0
7.3930,81889,819120538,1805,0,0,0
7.4029,81890,819130539,1797,0,0,0
7.4129,81891,819140538,1821,0,0,0
7.4229,81892,819150539,1808,0,0,0
7.4331,81893,819160539,1812,0,0,0
7.4440,81894,819170539,1808,0,0,0
7.4529,81895,819180538,1814,0,0,0
7.4638,81896,819190539,1794,0,0,0
7.4728,81897,819200539,1813,0,0,0
7.4831,81898,819210539,1805,0,0,0
7.4930,81899,819220539,1808,0,0,0
7.5026,81900,819230539,1807,0,0,0
7.5127,81901,819240539,1815,0,0,0
7.5228,81902,819250539,1811,0,0,0
7.5330,81903,819260538,1826,0,0,0
7.5435,81904,819270539,1818,0,0,0
7.5529,81905,819280539,1831,0,0,0
7.5628,81906,819290539,1821,0,0,0
7.5729,81907,819300539,1834,0,0,0
7.5833,81908,819310538,1830,0,0,0
7.5928,81909,819320539,1839,0,0,0
7.6030,81910,819330539,1826,0,0,0
7.6128,81911,819340539,1839,0,0,0
7.6228,81912,819350538,1837,0,0,0
7.6329,81913,819360539,1840,0,0,0
7.6428,81914,819370538,1837,0,0,0
7.6526,81915,819380539,1851,0,0,0
7.6630,81916,819390539,1840,0,0,0
7.6728,81917,819400539,1844,0,0,0
7.6835,81918,819410539,1840,0,0,0
7.6939,81919,819420539,1858,0,0,0
7.7029,81920,819430538,1850,0,0,0
7.7130,81921,819440539,1885,0,0,0
7.7226,81922,819450539,1904,0,0,0
7.7330,81923,819460539,1922,0,0,0
7.7429,81924,819470539,1984,0,0,0
7.7531,81925,819480538,2004,0,0,0
7.7626,81926,819490539,1991,0,0,0
7.7729,81927,819500539,1941,0,0,0
7.7828,81928,819510538,1854,0,0,0
7.7926,81929,819520538,1850,0,0,0
7.8028,81930,819530539,1843,0,0,0
7.8126,81931,819540539,1838,0,0,0
7.8227,81932,819550539,1820,0,0,0
7.8328,81933,819560539,1834,0,0,0
7.8426,81934,819570539,1811,0,0,0
7.8528,81935,819580539,1602,0,0,0
7.8629,81936,819590539,1535,0,0,0
7.8728,81937,819600539,2227,0,0,0
7.8828,81938,819610539,4003,0,0,0
7.8928,81939,819620539,2642,0,0,0
7.9028,81940,819630539,1722,0,0,0
7.9128,81941,819640538,1735,0,0,0
7.9228,81942,819650539,1850,0,0,0
7.9330,81943,819660539,1757,0,0,0
7.9425,81944,819670539,1757,0,0,0
7.9527,81945,819680538,1778,0,0,0
7.9627,81946,819690539,1779,0,0,0
7.9726,81947,819700538,1807,0,0,0
7.9827,81948,819710539,1795,0,0,0
7.9927,81949,819720538,1819,0,0,0
8.0028,81950,819730539,1808,0,0,0
8.0127,81951,819740539,1809,0,0,0
8.0227,81952,819750539,1808,0,0,0
8.0326,81953,819760538,1829,0,0,0
8.0429,81954,819770539,1822,0,0,0
8.0527,81955,819780539,1840,0,0,0
8.0627,81956,819790538,1831,0,0,0
8.0728,81957,819800538,1847,0,0,0
8.0826,81958,819810539,1851,0,0,0
8.0928,81959,819820538,1869,0,0,0
8.1028,81960,819830539,1873,0,0,0
8.1129,81961,819840538,1904,0,0,0
8.1227,81962,819850539,1907,0,0,0
8.1326,81963,819860539,1920,0,0,0
8.1432,81964,819870539,1933,0,0,0
8.1527,81965,819880539,1959,0,0,0
8.1628,81966,819890538,1956,0,0,0
8.1728,81967,819900539,1965,0,0,0
8.1832,81968,819910539,1935,0,0,0
8.1927,81969,819920539,1922,0,0,0
8.2028,81970,819930539,1875,0,0,0
8.2146,81971,819940539,1856,0,0,0
8.2227,81972,819950539,1829,0,0,0
8.2330,81973,819960538,1830,0,0,0
8.2431,81974,819970539,1803,0,0,0
8.2528,81975,819980539,1815,0,0,0
8.2627,81976,819990539,1796,0,0,0
8.2727,81977,820000538,1807,0,0,0
8.2828,81978,820010539,1798,0,0,0
8.2927,81979,820020539,1808,0,0,0
8.3030,81980,820030539,1806,0,0,0
8.3128,81981,820040539,1813,0,0,0
8.3226,81982,820050539,1811,0,0,0
8.3328,81983,820060539,1828,0,0,0
8.3429,81984,820070538,1815,0,0,0
8.3526,81985,820080538,1827,0,0,0
8.3630,81986,820090539,1862,0,0,0
8.3729,81987,820100539,1830,0,0,0
8.3830,81988,820110539,1825,0,0,0
8.3936,81989,820120538,1845,0,0,0
8.4031,81990,820130539,1836,0,0,0
8.4131,81991,820140539,1840,0,0,0
8.4226,81992,820150539,1835,0,0,0
8.4326,81993,820160539,1841,0,0,0
8.4430,81994,820170539,1831,0,0,0
8.4527,81995,820180539,1846,0,0,0
8.4629,81996,820190539,1835,0,0,0
8.4728,81997,820200538,1845,0,0,0
8.4828,81998,820210539,1827,0,0,0
8.4929,81999,820220539,1840,0,0,0
8.5029,82000,820230539,1841,0,0,0
8.5135,82001,820240539,1850,0,0,0
8.5230,82002,820250539,1849,0,0,0
8.5334,82003,820260538,1850,0,0,0
8.5430,82004,820270539,1828,0,0,0
8.5528,82005,820280538,1847,0,0,0
8.5632,82006,820290539,1827,0,0,0
8.5728,82007,820300538,1847,0,0,0
8.5832,82008,820310539,1840,0,0,0
8.5926,82009,820320539,1851,0,0,0
8.6027,82010,820330539,1840,0,0,0
8.6130,82011,820340539,1856,0,0,0
8.6227,82012,820350538,1850,0,0,0
8.6333,82013,820360539,1872,0,0,0
8.6432,82014,820370539,1849,0,0,0
8.6525,82015,820380538,1854,0,0,0
8.6632,82016,820390539,1845,0,0,0
8.6732,82017,820400538,1853,0,0,0
8.6833,82018,820410539,1849,0,0,0
8.6928,82019,820420539,1856,0,0,0
8.7026,82020,820430539,1860,0,0,0
8.7133,82021,820440539,1871,0,0,0
8.7225,82022,820450539,1861,0,0,0
8.7327,82023,820460539,1870,0,0,0
8.7427,82024,820470539,1867,0,0,0
8.7527,82025,820480538,1882,0,0,0
8.7626,82026,820490539,1862,0,0,0
8.7726,82027,820500539,1872,0,0,0
8.7835,82028,820510539,1872,0,0,0
8.7926,82029,820520539,1869,0,0,0
8.8027,82030,820530539,1855,0,0,0
8.8128,82031,820540538,1869,0,0,0
8.8226,82032,820550539,1863,0,0,0
8.8327,82033,820560538,1882,0,0,0
8.8429,82034,820570539,1889,0,0,0
8.8527,82035,820580538,1925,0,0,0
8.8628,82036,820590539,1922,0,0,0
8.8729,82037,820600539,2000,0,0,0
8.8828,82038,820610538,2000,0,0,0
8.8928,82039,820620539,1999,0,0,0
8.9027,82040,820630539,1915,0,0,0
8.9128,82041,820640538,1867,0,0,0
8.9233,82042,820650539,1840,0,0,0
8.9327,82043,820660539,1843,0,0,0
8.9432,82044,820670539,1827,0,0,0
8.9528,82045,820680539,1821,0,0,0
8.9639,82046,820690538,1809,0,0,0
8.9726,82047,820700538,1807,0,0,0
8.9829,82048,820710539,1555,0,0,0
8.9929,82049,820720538,1527,0,0,0
9.0027,82050,820730539,2229,0,0,0
9.0126,82051,820740538,3903,0,0,0
9.0226,82052,820750539,2512,0,0,0
9.0328,82053,820760538,1757,0,0,0
9.0430,82054,820770539,1682,0,0,0
9.0527,82055,820780539,1817,0,0,0
9.0627,82056,820790539,1725,0,0,0
9.0729,82057,820800538,1734,0,0,0
9.0829,82058,820810539,1730,0,0,0
9.0926,82059,820820538,1750,0,0,0
9.1029,82060,820830539,1750,0,0,0
9.1129,82061,820840539,1776,0,0,0
9.1230,82062,820850539,1775,0,0,0
9.1329,82063,820860538,1796,0,0,0
9.1429,82064,820870539,1791,0,0,0
9.1530,82065,820880539,1795,0,0,0
9.1632,82066,820890539,1791,0,0,0
9.1729,82067,820900539,1805,0,0,0
9.1832,82068,820910538,1807,0,0,0
9.1929,82069,820920539,1825,0,0,0
9.2027,82070,820930539,1813,0,0,0
9.2133,82071,820940539,1839,0,0,0
9.2228,82072,820950539,1848,0,0,0
9.2330,82073,820960539,1872,0,0,0
9.2431,82074,820970539,1867,0,0,0
9.2526,82075,820980539,1904,0,0,0
9.2630,82076,820990538,1916,0,0,0
9.2727,82077,821000539,1951,0,0,0
9.2828,82078,821010539,1964,0,0,0
9.2926,82079,821020539,1978,0,0,0
9.3027,82080,821030539,1959,0,0,0
9.3129,82081,821040538,1938,0,0,0
9.3227,82082,821050539,1921,0,0,0
9.3330,82083,821060538,1915,0,0,0
9.3435,82084,821070539,1851,0,0,0
9.3529,82085,821080539,1837,0,0,0
9.3628,82086,821090538,1802,0,0,0
9.3730,82087,821100539,1814,0,0,0
9.3834,82088,821110539,1799,0,0,0
9.3931,82089,821120539,1799,0,0,0
9.4040,82090,821130539,1803,0,0,0
9.4151,82091,821140539,1815,0,0,0
9.4226,82092,821150539,1797,0,0,0
9.4326,82093,821160539,1801,0,0,0
9.4426,82094,821170539,1807,0,0,0
9.4528,82095,821180539,1808,0,0,0
9.4631,82096,821190539,1810,0,0,0
9.4730,82097,821200538,1827,0,0,0
9.4829,82098,821210539,1808,0,0,0
9.4929,82099,821220539,1840,0,0,0
9.5029,82100,821230539,1825,0,0,0
9.5129,82101,821240538,1834,0,0,0
9.5235,82102,821250539,1828,0,0,0
9.5327,82103,821260539,1821,0,0,0
9.5428,82104,821270538,1839,0,0,0
9.5528,82105,821280539,1840,0,0,0
9.5632,82106,821290539,1839,0,0,0
9.5727,82107,821300538,1850,0,0,0
9.5832,82108,821310539,1830,0,0,0
9.5933,82109,821320539,1829,0,0,0
9.6027,82110,821330539,1827,0,0,0
9.6128,82111,821340539,1840,0,0,0
9.6230,82112,821350539,1836,0,0,0
9.6326,82113,821360538,1851,0,0,0
9.6429,82114,821370539,1829,0,0,0
9.6526,82115,821380539,1828,0,0,0
9.6632,82116,821390539,1831,0,0,0
9.6734,82117,821400539,1839,0,0,0
9.6827,82118,821410539,1833,0,0,0
9.6929,82119,821420539,1840,0,0,0
9.7028,82120,821430539,1835,0,0,0
9.7127,82121,821440539,1840,0,0,0
9.7229,82122,821450539,1842,0,0,0
9.7330,82123,821460538,1840,0,0,0
9.7429,82124,821470539,1834,0,0,0
9.7540,82125,821480539,1836,0,0,0
9.7628,82126,821490538,1831,0,0,0
9.7728,82127,821500538,1846,0,0,0
9.7829,82128,821510539,1838,0,0,0
9.7926,82129,821520539,1841,0,0,0
9.8027,82130,821530539,1836,0,0,0
9.8128,82131,821540539,1858,0,0,0
9.8228,82132,821550539,1841,0,0,0
9.8327,82133,821560539,1859,0,0,0
9.8428,82134,821570539,1857,0,0,0
9.8526,82135,821580539,1854,0,0,0
9.8628,82136,821590539,1830,0,0,0
9.8728,82137,821600538,1856,0,0,0
9.8829,82138,821610539,1872,0,0,0
9.8929,82139,821620539,1888,0,0,0
9.9026,82140,821630539,1894,0,0,0
9.9127,82141,821640539,1930,0,0,0
9.9226,82142,821650539,1991,0,0,0
9.9327,82143,821660539,1999,0,0,0
9.9429,82144,821670539,1973,0,0,0
9.9526,82145,821680539,1891,0,0,0
9.9639,82146,821690538,1841,0,0,0
9.9726,82147,821700539,1839,0,0,0
9.9828,82148,821710539,1809,0,0,0
9.9928,82149,821720538,1807,0,0,0
10.0027,82150,821730539,1793,0,0,0
10.0165,82151,821740538,1794,0,0,0
10.0227,82152,821750539,1778,0,0,0
10.0342,82153,821760539,1531,0,0,0
10.0488,82154,821770539,1589,0,0,0
10.0527,82155,821780539,2396,0,0,0
10.0627,82156,821790539,3849,0,0,0
10.0755,82157,821800539,2353,0,0,0
10.0835,82158,821810539,1744,0,0,0
10.0927,82159,821820538,1715,0,0,0
10.1028,82160,821830539,1797,0,0,0
10.1127,82161,821840538,1727,0,0,0
10.1227,82162,821850539,1714,0,0,0
10.1338,82163,821860539,1745,0,0,0
10.1429,82164,821870539,1742,0,0,0
10.1527,82165,821880538,1763,0,0,0
10.1628,82166,821890539,1751,0,0,0
10.1728,82167,821900538,1771,0,0,0
10.1828,82168,821910539,1776,0,0,0
10.1950,82169,821920538,1789,0,0,0
10.2062,82170,821930539,1777,0,0,0
10.2157,82171,821940538,1797,0,0,0
10.2228,82172,821950539,1795,0,0,0
10.2395,82173,821960539,1819,0,0,0
10.2470,82174,821970539,1809,0,0,0
10.2576,82175,821980539,1840,0,0,0
10.2627,82176,821990538,1837,0,0,0
10.2752,82177,822000539,1858,0,0,0
10.2827,82178,822010539,1861,0,0,0
10.2927,82179,822020539,1877,0,0,0
10.3026,82180,822030539,1893,0,0,0
10.3127,82181,822040539,1924,0,0,0
10.3228,82182,822050538,1926,0,0,0
10.3326,82183,822060539,1937,0,0,0
10.3427,82184,822070539,1950,0,0,0
10.3526,82185,822080539,1940,0,0,0
10.3629,82186,822090539,1919,0,0,0
10.3727,82187,822100539,1891,0,0,0
10.3868,82188,822110539,1855,0,0,0
10.3931,82189,822120539,1834,0,0,0
10.4049,82190,822130539,1808,0,0,0
10.4169,82191,822140538,1791,0,0,0
10.4228,82192,822150539,1776,0,0,0
10.4332,82193,822160539,1787,0,0,0
10.4433,82194,822170538,1777,0,0,0
10.4527,82195,822180539,1778,0,0,0
10.4627,82196,822190538,1779,0,0,0
10.4727,82197,822200539,1789,0,0,0
10.4829,82198,822210539,1770,0,0,0
10.4929,82199,822220539,1789,0,0,0
10.5028,82200,822230539,1778,0,0,0
10.5129,82201,822240539,1792,0,0,0
10.5228,82202,822250539,1791,0,0,0
10.5331,82203,822260538,1801,0,0,0
10.5428,82204,822270539,1806,0,0,0
10.5555,82205,822280539,1805,0,0,0
10.5628,82206,822290538,1803,0,0,0
10.5732,82207,822300539,1808,0,0,0
10.5834,82208,822310539,1794,0,0,0
10.5928,82209,822320538,1807,0,0,0
10.6033,82210,822330539,1808,0,0,0
10.6135,82211,822340539,1812,0,0,0
10.6228,82212,822350539,1810,0,0,0
10.6329,82213,822360539,1817,0,0,0
10.6428,82214,822370539,1815,0,0,0
10.6526,82215,822380538,1825,0,0,0
10.6628,82216,822390539,1818,0,0,0
10.6726,82217,822400539,1818,0,0,0
10.6827,82218,822410539,1815,0,0,0
10.6957,82219,822420539,1815,0,0,0
10.7027,82220,822430539,1823,0,0,0
10.7126,82221,822440538,1819,0,0,0
10.7236,82222,822450539,1810,0,0,0
10.7326,82223,822460539,1821,0,0,0
10.7452,82224,822470538,1814,0,0,0
10.7570,82225,822480539,1827,0,0,0
10.7628,82226,822490539,1825,0,0,0
10.7726,82227,822500538,1829,0,0,0
10.7826,82228,822510539,1824,0,0,0
10.7926,82229,822520538,1827,0,0,0
10.8027,82230,822530539,1835,0,0,0
10.8126,82231,822540539,1842,0,0,0
10.8226,82232,822550538,1831,0,0,0
10.8326,82233,822560539,1830,0,0,0
10.8427,82234,822570539,1828,0,0,0
10.8535,82235,822580539,1843,0,0,0
10.8626,82236,822590539,1830,0,0,0
10.8727,82237,822600539,1840,0,0,0
10.8826,82238,822610539,1840,0,0,0
10.8927,82239,822620539,1845,0,0,0
10.9026,82240,822630538,1839,0,0,0
10.9127,82241,822640538,1841,0,0,0
10.9227,82242,822650539,1841,0,0,0
10.9327,82243,822660538,1844,0,0,0
10.9426,82244,822670539,1840,0,0,0
10.9527,82245,822680539,1853,0,0,0
10.9629,82246,822690539,1856,0,0,0
10.9731,82247,822700538,1881,0,0,0
10.9829,82248,822710539,1891,0,0,0
10.9928,82249,822720539,1915,0,0,0
11.0026,82250,822730538,1979,0,0,0
11.0126,82251,822740539,1975,0,0,0
11.0227,82252,822750538,1965,0,0,0
11.0327,82253,822760539,1906,0,0,0
11.0428,82254,822770539,1830,0,0,0
11.0528,82255,822780539,1815,0,0,0
11.0628,82256,822790539,1807,0,0,0
11.0728,82257,822800538,1792,0,0,0
11.0830,82258,822810539,1788,0,0,0
11.0927,82259,822820538,1777,0,0,0
11.1027,82260,822830539,1776,0,0,0
11.1128,82261,822840538,1520,0,0,0
11.1230,82262,822850539,1520,0,0,0
11.1329,82263,822860539,2256,0,0,0
11.1429,82264,822870539,3931,0,0,0
11.1527,82265,822880538,2491,0,0,0
11.1628,82266,822890539,1664,0,0,0
11.1730,82267,822900539,1692,0,0,0
11.1828,82268,822910538,1788,0,0,0
11.1927,82269,822920539,1703,0,0,0
11.2028,82270,822930539,1712,0,0,0
11.2127,82271,822940539,1718,0,0,0
11.2228,82272,822950539,1725,0,0,0
11.2330,82273,822960538,1735,0,0,0
11.2428,82274,822970539,1744,0,0,0
11.2527,82275,822980538,1745,0,0,0
11.2629,82276,822990539,1750,0,0,0
11.2727,82277,823000538,1763,0,0,0
11.2827,82278,823010539,1770,0,0,0
11.2927,82279,823020539,1765,0,0,0
11.3027,82280,823030538,1776,0,0,0
11.3127,82281,823040539,1789,0,0,0
11.3227,82282,823050539,1802,0,0,0
11.3327,82283,823060539,1808,0,0,0
11.3427,82284,823070539,1808,0,0,0
11.3528,82285,823080538,1829,0,0,0
11.3628,82286,823090539,1837,0,0,0
11.3726,82287,823100538,1851,0,0,0
11.3828,82288,823110539,1873,0,0,0
11.3927,82289,823120538,1887,0,0,0
11.4026,82290,823130539,1914,0,0,0
11.4128,82291,823140538,1930,0,0,0
11.4228,82292,823150539,1928,0,0,0
11.4327,82293,823160539,1925,0,0,0
11.4426,82294,823170539,1907,0,0,0
11.4553,82295,823180539,1889,0,0,0
11.4626,82296,823190538,1858,0,0,0
11.4727,82297,823200539,1829,0,0,0
11.4827,82298,823210539,1804,0,0,0
11.4927,82299,823220538,1791,0,0,0
11.5028,82300,823230539,1783,0,0,0
11.5127,82301,823240538,1782,0,0,0
11.5227,82302,823250539,1786,0,0,0
11.5328,82303,823260538,1786,0,0,0
11.5427,82304,823270539,1781,0,0,0
11.5528,82305,823280538,1791,0,0,0
11.5628,82306,823290539,1793,0,0,0
11.5727,82307,823300539,1799,0,0,0
11.5828,82308,823310539,1807,0,0,0
11.5927,82309,823320539,1814,0,0,0
11.6026,82310,823330538,1824,0,0,0
11.6129,82311,823340539,1818,0,0,0
11.6227,82312,823350539,1810,0,0,0
11.6328,82313,823360538,1819,0,0,0
11.6428,82314,823370539,1817,0,0,0
11.6553,82315,823380539,1822,0,0,0
11.6627,82316,823390539,1823,0,0,0
11.6728,82317,823400539,1822,0,0,0
11.6826,82318,823410539,1833,0,0,0
11.6931,82319,823420539,1819,0,0,0
11.7028,82320,823430539,1829,0,0,0
11.7130,82321,823440539,1821,0,0,0
11.7228,82322,823450539,1820,0,0,0
11.7411,82323,823460539,1829,0,0,0
11.7428,82324,823470539,1823,0,0,0
11.7528,82325,823480539,1824,0,0,0
11.7626,82326,823490539,1829,0,0,0
11.7726,82327,823500538,1824,0,0,0
11.7827,82328,823510539,1828,0,0,0
11.7927,82329,823520539,1838,0,0,0
11.8027,82330,823530538,1829,0,0,0
11.8127,82331,823540539,1831,0,0,0
11.8228,82332,823550539,1841,0,0,0
11.8327,82333,823560539,1836,0,0,0
11.8428,82334,823570539,1831,0,0,0
11.8528,82335,823580538,1840,0,0,0
11.8628,82336,823590539,1840,0,0,0
11.8727,82337,823600539,1845,0,0,0
11.8828,82338,823610539,1845,0,0,0
11.8928,82339,823620539,1842,0,0,0
11.9027,82340,823630539,1840,0,0,0
11.9129,82341,823640538,1846,0,0,0
11.9227,82342,823650539,1841,0,0,0
11.9327,82343,823660539,1851,0,0,0
11.9429,82344,823670539,1857,0,0,0
11.9527,82345,823680539,1856,0,0,0
11.9628,82346,823690539,1842,0,0,0
11.9728,82347,823700539,1855,0,0,0
11.9826,82348,823710539,1851,0,0,0
11.9926,82349,823720539,1847,0,0,0
12.0028,82350,823730539,1857,0,0,0
12.0127,82351,823740539,1843,0,0,0
12.0226,82352,823750539,1851,0,0,0
12.0328,82353,823760539,1849,0,0,0
12.0427,82354,823770539,1842,0,0,0
12.0527,82355,823780538,1862,0,0,0
12.0626,82356,823790539,1872,0,0,0
12.0727,82357,823800538,1868,0,0,0
12.0828,82358,823810539,1887,0,0,0
12.0929,82359,823820539,1919,0,0,0
12.1028,82360,823830538,1936,0,0,0
12.1129,82361,823840539,1977,0,0,0
12.1230,82362,823850538,1989,0,0,0
12.1327,82363,823860539,1957,0,0,0
12.1428,82364,823870539,1889,0,0,0
12.1529,82365,823880539,1856,0,0,0
12.1628,82366,823890539,1856,0,0,0
12.1732,82367,823900539,1850,0,0,0
12.1828,82368,823910538,1826,0,0,0
12.1955,82369,823920539,1816,0,0,0
12.2059,82370,823930539,1829,0,0,0
12.2129,82371,823940539,1786,0,0,0
12.2228,82372,823950539,1503,0,0,0
12.2328,82373,823960539,1727,0,0,0
12.2428,82374,823970539,2788,0,0,0
12.2527,82375,823980539,3517,0,0,0
12.2626,82376,823990538,2122,0,0,0
12.2729,82377,824000539,1705,0,0,0
12.2827,82378,824010539,1795,0,0,0
12.2927,82379,824020539,1809,0,0,0
12.3028,82380,824030539,1743,0,0,0
12.3127,82381,824040539,1746,0,0,0
12.3226,82382,824050538,1771,0,0,0
12.3327,82383,824060539,1777,0,0,0
12.3428,82384,824070539,1771,0,0,0
12.3527,82385,824080538,1776,0,0,0
12.3627,82386,824090539,1799,0,0,0
12.3727,82387,824100539,1799,0,0,0
12.3828,82388,824110539,1799,0,0,0
12.3927,82389,824120539,1808,0,0,0
12.4026,82390,824130539,1810,0,0,0
12.4127,82391,824140539,1813,0,0,0
12.4229,82392,824150539,1819,0,0,0
12.4327,82393,824160538,1819,0,0,0
12.4428,82394,824170539,1833,0,0,0
12.4526,82395,824180539,1856,0,0,0
12.4626,82396,824190539,1857,0,0,0
12.4727,82397,824200539,1870,0,0,0
12.4827,82398,824210539,1895,0,0,0
12.4927,82399,824220539,1922,0,0,0
12.5028,82400,824230539,1933,0,0,0
12.5127,82401,824240538,1936,0,0,0
12.5227,82402,824250539,1957,0,0,0
12.5327,82403,824260539,1957,0,0,0
12.5426,82404,824270539,1965,0,0,0
12.5526,82405,824280538,1931,0,0,0
12.5628,82406,824290539,1904,0,0,0
12.5727,82407,824300539,1866,0,0,0
12.5826,82408,824310539,1834,0,0,0
12.5928,82409,824320539,1818,0,0,0
12.6026,82410,824330538,1799,0,0,0
12.6127,82411,824340539,1785,0,0,0
12.6228,82412,824350539,1783,0,0,0
12.6327,82413,824360539,1793,0,0,0
12.6428,82414,824370538,1803,0,0,0
12.6528,82415,824380538,1782,0,0,0
12.6628,82416,824390539,1798,0,0,0
12.6727,82417,824400539,1806,0,0,0
12.6826,82418,824410539,1808,0,0,0
12.6927,82419,824420538,1814,0,0,0
12.7027,82420,824430539,1813,0,0,0
12.7127,82421,824440539,1809,0,0,0
12.7228,82422,824450538,1826,0,0,0
12.7329,82423,824460539,1830,0,0,0
12.7427,82424,824470539,1835,0,0,0
12.7527,82425,824480539,1820,0,0,0
12.7626,82426,824490539,1823,0,0,0
12.7727,82427,824500539,1827,0,0,0
12.7827,82428,824510539,1838,0,0,0
12.7928,82429,824520538,1840,0,0,0
12.8027,82430,824530539,1839,0,0,0
12.8126,82431,824540538,1831,0,0,0
12.8227,82432,824550539,1846,0,0,0
12.8328,82433,824560539,1837,0,0,0
12.8427,82434,824570539,1848,0,0,0
12.8528,82435,824580539,1840,0,0,0
12.8629,82436,824590539,1839,0,0,0
12.8727,82437,824600539,1840,0,0,0
12.8828,82438,824610539,1840,0,0,0
12.8930,82439,824620539,1822,0,0,0
12.9028,82440,824630538,1834,0,0,0
12.9129,82441,824640539,1840,0,0,0
12.9229,82442,824650539,1856,0,0,0
12.9330,82443,824660539,1837,0,0,0
12.9427,82444,824670538,1845,0,0,0
12.9528,82445,824680539,1856,0,0,0
12.9628,82446,824690539,1855,0,0,0
12.9727,82447,824700539,1842,0,0,0
12.9828,82448,824710539,1844,0,0,0
12.9927,82449,824720538,1843,0,0,0
13.0027,82450,824730539,1857,0,0,0
13.0127,82451,824740539,1849,0,0,0
13.0226,82452,824750538,1854,0,0,0
13.0326,82453,824760538,1856,0,0,0
13.0429,82454,824770539,1857,0,0,0
13.0527,82455,824780538,1841,0,0,0
13.0627,82456,824790539,1855,0,0,0
13.0727,82457,824800539,1872,0,0,0
13.0827,82458,824810539,1895,0,0,0
13.0927,82459,824820539,1904,0,0,0
13.1028,82460,824830539,1962,0,0,0
13.1127,82461,824840538,2001,0,0,0
13.1228,82462,824850539,2005,0,0,0
13.1329,82463,824860538,1968,0,0,0
13.1427,82464,824870539,1891,0,0,0
13.1526,82465,824880539,1846,0,0,0
13.1628,82466,824890539,1840,0,0,0
13.1727,82467,824900538,1831,0,0,0
13.1828,82468,824910539,1826,0,0,0
13.1927,82469,824920539,1814,0,0,0
13.2032,82470,824930539,1814,0,0,0
13.2126,82471,824940538,1803,0,0,0
13.2226,82472,824950539,1517,0,0,0
13.2327,82473,824960539,1669,0,0,0
13.2427,82474,824970539,2611,0,0,0
13.2527,82475,824980538,3761,0,0,0
13.2626,82476,824990539,2257,0,0,0
13.2727,82477,825000539,1713,0,0,0
13.2827,82478,825010539,1775,0,0,0
13.2927,82479,825020539,1820,0,0,0
13.3028,82480,825030539,1741,0,0,0
13.3129,82481,825040539,1744,0,0,0
13.3228,82482,825050539,1757,0,0,0
13.3328,82483,825060539,1758,0,0,0
13.3430,82484,825070539,1758,0,0,0
13.3527,82485,825080539,1759,0,0,0
13.3626,82486,825090539,1781,0,0,0
13.3727,82487,825100538,1779,0,0,0
13.3833,82488,825110539,1795,0,0,0
13.3928,82489,825120539,1783,0,0,0
13.4027,82490,825130539,1804,0,0,0
13.4127,82491,825140539,1808,0,0,0
13.4233,82492,825150538,1808,0,0,0
13.4334,82493,825160539,1813,0,0,0
13.4428,82494,825170539,1825,0,0,0
13.4527,82495,825180538,1830,0,0,0
13.4627,82496,825190539,1839,0,0,0
13.4726,82497,825200539,1834,0,0,0
13.4826,82498,825210539,1873,0,0,0
13.4932,82499,825220539,1878,0,0,0
13.5027,82500,825230539,1904,0,0,0
13.5126,82501,825240538,1902,0,0,0
13.5227,82502,825250539,1921,0,0,0
13.5327,82503,825260539,1921,0,0,0
13.5428,82504,825270539,1920,0,0,0
13.5528,82505,825280539,1885,0,0,0
13.5628,82506,825290538,1862,0,0,0
13.5728,82507,825300539,1825,0,0,0
13.5830,82508,825310539,1808,0,0,0
13.5928,82509,825320539,1780,0,0,0
13.6028,82510,825330538,1770,0,0,0
13.6129,82511,825340539,1729,0,0,0
13.6233,82512,825350539,1773,0,0,0
13.6326,82513,825360539,1763,0,0,0
13.6427,82514,825370539,1776,0,0,0
13.6526,82515,825380538,1769,0,0,0
13.6627,82516,825390539,1776,0,0,0
13.6728,82517,825400539,1767,0,0,0
13.6827,82518,825410538,1770,0,0,0
13.6926,82519,825420539,1770,0,0,0
13.7026,82520,825430538,1780,0,0,0
13.7125,82521,825440539,1770,0,0,0
13.7227,82522,825450539,1770,0,0,0
13.7330,82523,825460539,1771,0,0,0
13.7427,82524,825470538,1776,0,0,0
13.7526,82525,825480539,1775,0,0,0
13.7627,82526,825490539,1785,0,0,0
13.7728,82527,825500539,1782,0,0,0
13.7826,82528,825510539,1783,0,0,0
13.7942,82529,825520539,1780,0,0,0
13.8028,82530,825530538,1781,0,0,0
13.8126,82531,825540538,1778,0,0,0
13.8229,82532,825550539,1776,0,0,0
13.8328,82533,825560539,1782,0,0,0
13.8428,82534,825570539,1787,0,0,0
13.8528,82535,825580539,1785,0,0,0
13.8627,82536,825590538,1793,0,0,0
13.8727,82537,825600539,1781,0,0,0
13.8828,82538,825610539,1797,0,0,0
13.8928,82539,825620539,1799,0,0,0
13.9029,82540,825630539,1807,0,0,0
13.9129,82541,825640538,1798,0,0,0
13.9227,82542,825650539,1810,0,0,0
13.9328,82543,825660539,1805,0,0,0
13.9427,82544,825670538,1815,0,0,0
13.9526,82545,825680538,1806,0,0,0
13.9627,82546,825690539,1815,0,0,0
13.9726,82547,825700539,1814,0,0,0
13.9829,82548,825710538,1825,0,0,0
13.9929,82549,825720539,1808,0,0,0
14.0028,82550,825730539,1826,0,0,0
14.0127,82551,825740539,1834,0,0,0
14.0228,82552,825750539,1838,0,0,0
14.0326,82553,825760539,1821,0,0,0
14.0428,82554,825770539,1840,0,0,0
14.0528,82555,825780538,1840,0,0,0
14.0628,82556,825790539,1847,0,0,0
14.0730,82557,825800538,1840,0,0,0
14.0828,82558,825810538,1855,0,0,0
14.0927,82559,825820538,1843,0,0,0
14.1028,82560,825830539,1856,0,0,0
14.1129,82561,825840538,1840,0,0,0
14.1228,82562,825850539,1857,0,0,0
14.1327,82563,825860539,1840,0,0,0
14.1426,82564,825870539,1851,0,0,0
14.1527,82565,825880539,1849,0,0,0
14.1627,82566,825890539,1876,0,0,0
14.1727,82567,825900539,1903,0,0,0
14.1828,82568,825910539,1921,0,0,0
14.1927,82569,825920539,1968,0,0,0
14.2027,82570,825930539,1979,0,0,0
14.2127,82571,825940539,1941,0,0,0
14.2228,82572,825950538,1911,0,0,0
14.2326,82573,825960539,1845,0,0,0
14.2426,82574,825970539,1845,0,0,0
14.2527,82575,825980539,1831,0,0,0
14.2627,82576,825990538,1838,0,0,0
14.2728,82577,826000539,1817,0,0,0
14.2827,82578,826010539,1822,0,0,0
14.2926,82579,826020539,1815,0,0,0
14.3028,82580,826030538,1679,0,0,0
14.3128,82581,826040539,1491,0,0,0
14.3229,82582,826050539,2013,0,0,0
14.3326,82583,826060539,3689,0,0,0
14.3429,82584,826070539,2933,0,0,0
14.3529,82585,826080538,1811,0,0,0
14.3629,82586,826090539,1662,0,0,0
14.3729,82587,826100539,1835,0,0,0
14.3829,82588,826110538,1762,0,0,0
14.3933,82589,826120539,1741,0,0,0
14.4028,82590,826130539,1755,0,0,0
14.4126,82591,826140539,1760,0,0,0
14.4233,82592,826150538,1779,0,0,0
14.4332,82593,826160539,1774,0,0,0
14.4433,82594,826170539,1772,0,0,0
14.4526,82595,826180539,1777,0,0,0
14.4632,82596,826190539,1799,0,0,0
14.4728,82597,826200539,1794,0,0,0
14.4827,82598,826210539,1808,0,0,0
14.4927,82599,826220539,1802,0,0,0
14.5028,82600,826230539,1819,0,0,0
14.5127,82601,826240538,1815,0,0,0
14.5228,82602,826250539,1834,0,0,0
14.5327,82603,826260539,1840,0,0,0
14.5431,82604,826270539,1851,0,0,0
14.5527,82605,826280539,1851,0,0,0
14.5629,82606,826290539,1874,0,0,0
14.5727,82607,826300539,1889,0,0,0
14.5828,82608,826310539,1921,0,0,0
14.5928,82609,826320539,1933,0,0,0
14.6026,82610,826330539,1957,0,0,0
14.6129,82611,826340539,1962,0,0,0
14.6234,82612,826350539,1956,0,0,0
14.6333,82613,826360539,1934,0,0,0
14.6434,82614,826370539,1913,0,0,0
14.6527,82615,826380539,1874,0,0,0
14.6630,82616,826390539,1846,0,0,0
14.6734,82617,826400539,1812,0,0,0
14.6836,82618,826410539,1802,0,0,0
14.6942,82619,826420539,1798,0,0,0
14.7027,82620,826430539,1798,0,0,0
14.7127,82621,826440538,1797,0,0,0
14.7227,82622,826450539,1803,0,0,0
14.7327,82623,826460539,1793,0,0,0
14.7427,82624,826470539,1808,0,0,0
14.7526,82625,826480538,1795,0,0,0
14.7627,82626,826490539,1808,0,0,0
14.7727,82627,826500539,1799,0,0,0
14.7826,82628,826510539,1815,0,0,0
14.7927,82629,826520539,1808,0,0,0
14.8027,82630,826530539,1823,0,0,0
14.8128,82631,826540538,1809,0,0,0
14.8228,82632,826550539,1828,0,0,0
14.8328,82633,826560539,1818,0,0,0
14.8429,82634,826570539,1824,0,0,0
14.8526,82635,826580539,1826,0,0,0
14.8627,82636,826590539,1839,0,0,0
14.8727,82637,826600539,1823,0,0,0
14.8828,82638,826610539,1840,0,0,0
14.8927,82639,826620539,1836,0,0,0
14.9026,82640,826630539,1840,0,0,0
14.9132,82641,826640539,1830,0,0,0
14.9232,82642,826650539,1840,0,0,0
14.9327,82643,826660539,1830,0,0,0
14.9432,82644,826670539,1843,0,0,0
14.9527,82645,826680539,1836,0,0,0
14.9627,82646,826690539,1845,0,0,0
14.9730,82647,826700539,1838,0,0,0
14.9834,82648,826710539,1854,0,0,0
14.9930,82649,826720539,1843,0,0,0
15.0029,82650,826730539,1855,0,0,0
15.0128,82651,826740538,1840,0,0,0
15.0229,82652,826750539,1853,0,0,0
15.0329,82653,826760538,1850,0,0,0
15.0426,82654,826770539,1851,0,0,0
15.0527,82655,826780539,1840,0,0,0
15.0627,82656,826790539,1857,0,0,0
15.0727,82657,826800539,1845,0,0,0
15.0828,82658,826810539,1855,0,0,0
15.0930,82659,826820539,1845,0,0,0
15.1028,82660,826830539,1856,0,0,0
15.1130,82661,826840539,1850,0,0,0
15.1231,82662,826850539,1859,0,0,0
15.1328,82663,826860539,1857,0,0,0
15.1427,82664,826870538,1866,0,0,0
15.1528,82665,826880538,1849,0,0,0
15.1628,82666,826890539,1861,0,0,0
15.1727,82667,826900538,1861,0,0,0
15.1829,82668,826910539,1872,0,0,0
15.1927,82669,826920539,1872,0,0,0
15.2026,82670,826930538,1869,0,0,0
15.2126,82671,826940539,1863,0,0,0
15.2226,82672,826950539,1872,0,0,0
15.2326,82673,826960539,1867,0,0,0
15.2426,82674,826970538,1873,0,0,0
15.2536,82675,826980539,1863,0,0,0
15.2626,82676,826990539,1873,0,0,0
15.2727,82677,827000539,1871,0,0,0
15.2826,82678,827010539,1890,0,0,0
15.2926,82679,827020539,1909,0,0,0
15.3028,82680,827030539,1935,0,0,0
15.3128,82681,827040539,1957,0,0,0
15.3229,82682,827050539,1990,0,0,0
15.3329,82683,827060539,1953,0,0,0
15.3429,82684,827070538,1893,0,0,0
15.3527,82685,827080539,1844,0,0,0
15.3631,82686,827090539,1847,0,0,0
15.3729,82687,827100538,1825,0,0,0
15.3834,82688,827110539,1840,0,0,0
15.3936,82689,827120538,1835,0,0,0
15.4026,82690,827130539,1840,0,0,0
15.4132,82691,827140538,1835,0,0,0
15.4233,82692,827150539,1689,0,0,0
15.4326,82693,827160538,1505,0,0,0
15.4431,82694,827170539,2009,0,0,0
15.4527,82695,827180539,3583,0,0,0
15.4645,82696,827190538,2896,0,0,0
15.4726,82697,827200538,1865,0,0,0
15.4828,82698,827210539,1694,0,0,0
15.4927,82699,827220539,1829,0,0,0
15.5027,82700,827230539,1790,0,0,0
15.5127,82701,827240538,1763,0,0,0
15.5226,82702,827250539,1778,0,0,0
15.5328,82703,827260538,1778,0,0,0
15.5435,82704,827270539,1783,0,0,0
15.5529,82705,827280538,1778,0,0,0
15.5634,82706,827290539,1803,0,0,0
15.5731,82707,827300538,1809,0,0,0
15.5834,82708,827310539,1822,0,0,0
15.5930,82709,827320538,1808,0,0,0
15.6027,82710,827330539,1834,0,0,0
15.6129,82711,827340539,1830,0,0,0
15.6229,82712,827350538,1855,0,0,0
15.6333,82713,827360538,1849,0,0,0
15.6433,82714,827370539,1842,0,0,0
15.6527,82715,827380539,1860,0,0,0
15.6634,82716,827390538,1870,0,0,0
15.6729,82717,827400539,1883,0,0,0
15.6826,82718,827410539,1904,0,0,0
15.6933,82719,827420538,1937,0,0,0
15.7027,82720,827430539,1946,0,0,0
15.7127,82721,827440539,1969,0,0,0
15.7227,82722,827450539,1997,0,0,0
15.7327,82723,827460539,1998,0,0,0
15.7430,82724,827470539,1990,0,0,0
15.7528,82725,827480539,1976,0,0,0
15.7626,82726,827490539,1950,0,0,0
15.7726,82727,827500539,1903,0,0,0
15.7827,82728,827510539,1867,0,0,0
15.7926,82729,827520538,1843,0,0,0
15.8027,82730,827530539,1839,0,0,0
15.8127,82731,827540539,1815,0,0,0
15.8226,82732,827550539,1808,0,0,0
15.8327,82733,827560539,1802,0,0,0
15.8429,82734,827570538,1815,0,0,0
15.8527,82735,827580539,1805,0,0,0
15.8628,82736,827590539,1811,0,0,0
15.8729,82737,827600538,1808,0,0,0
15.8828,82738,827610539,1815,0,0,0
15.8927,82739,827620539,1808,0,0,0
15.9028,82740,827630539,1808,0,0,0
15.9129,82741,827640539,1811,0,0,0
15.9234,82742,827650539,1813,0,0,0
15.9328,82743,827660538,1821,0,0,0
15.9426,82744,827670539,1829,0,0,0
15.9526,82745,827680539,1830,0,0,0
15.9628,82746,827690539,1838,0,0,0
15.9727,82747,827700539,1827,0,0,0
15.9827,82748,827710539,1838,0,0,0
15.9929,82749,827720539,1840,0,0,0
16.0026,82750,827730539,1838,0,0,0
16.0126,82751,827740538,1842,0,0,0
16.0227,82752,827750539,1840,0,0,0
16.0325,82753,827760539,1837,0,0,0
16.0427,82754,827770539,1843,0,0,0
16.0529,82755,827780539,1840,0,0,0
16.0627,82756,827790539,1840,0,0,0
16.0727,82757,827800539,1835,0,0,0
16.0828,82758,827810538,1832,0,0,0
16.0929,82759,827820539,1837,0,0,0
16.1029,82760,827830539,1841,0,0,0
16.1130,82761,827840539,1834,0,0,0
16.1230,82762,827850539,1831,0,0,0
16.1331,82763,827860539,1816,0,0,0
16.1434,82764,827870539,1840,0,0,0
16.1527,82765,827880538,1825,0,0,0
16.1631,82766,827890539,1825,0,0,0
16.1729,82767,827900539,1833,0,0,0
16.1828,82768,827910539,1832,0,0,0
16.1931,82769,827920538,1841,0,0,0
16.2027,82770,827930539,1845,0,0,0
16.2129,82771,827940539,1839,0,0,0
16.2229,82772,827950539,1845,0,0,0
16.2333,82773,827960539,1839,0,0,0
16.2427,82774,827970538,1847,0,0,0
16.2542,82775,827980539,1843,0,0,0
16.2627,82776,827990539,1846,0,0,0
16.2727,82777,828000538,1850,0,0,0
16.2826,82778,828010539,1857,0,0,0
16.2926,82779,828020539,1835,0,0,0
16.3027,82780,828030539,1835,0,0,0
16.3132,82781,828040538,1839,0,0,0
16.3234,82782,828050539,1850,0,0,0
16.3329,82783,828060538,1854,0,0,0
16.3434,82784,828070539,1865,0,0,0
16.3527,82785,828080538,1890,0,0,0
16.3628,82786,828090539,1906,0,0,0
16.3729,82787,828100539,1937,0,0,0
16.3830,82788,828110539,1970,0,0,0
16.3930,82789,828120538,1936,0,0,0
16.4029,82790,828130539,1903,0,0,0
16.4127,82791,828140539,1841,0,0,0
16.4230,82792,828150538,1837,0,0,0
16.4328,82793,828160538,1818,0,0,0
16.4428,82794,828170539,1807,0,0,0
16.4526,82795,828180538,1797,0,0,0
16.4627,82796,828190539,1811,0,0,0
16.4727,82797,828200539,1809,0,0,0
16.4827,82798,828210539,1748,0,0,0
16.4931,82799,828220538,1488,0,0,0
16.5027,82800,828230539,1822,0,0,0
16.5128,82801,828240539,3033,0,0,0
16.5226,82802,828250538,3295,0,0,0
16.5326,82803,828260538,2034,0,0,0
16.5427,82804,828270539,1701,0,0,0
16.5528,82805,828280539,1798,0,0,0
16.5634,82806,828290539,1792,0,0,0
16.5733,82807,828300539,1739,0,0,0
16.5830,82808,828310539,1762,0,0,0
16.5931,82809,828320539,1757,0,0,0
16.6028,82810,828330538,1772,0,0,0
16.6130,82811,828340539,1779,0,0,0
16.6235,82812,828350539,1786,0,0,0
16.6327,82813,828360539,1788,0,0,0
16.6432,82814,828370539,1792,0,0,0
16.6527,82815,828380539,1792,0,0,0
16.6630,82816,828390539,1808,0,0,0
16.6732,82817,828400538,1807,0,0,0
16.6826,82818,828410539,1811,0,0,0
16.6930,82819,828420539,1821,0,0,0
16.7027,82820,828430538,1825,0,0,0
16.7126,82821,828440539,1822,0,0,0
16.7226,82822,828450539,1839,0,0,0
16.7329,82823,828460538,1857,0,0,0
16.7428,82824,828470539,1855,0,0,0
16.7527,82825,828480539,1875,0,0,0
16.7626,82826,828490538,1898,0,0,0
16.7726,82827,828500539,1914,0,0,0
16.7829,82828,828510538,1925,0,0,0
16.7926,82829,828520539,1936,0,0,0
16.8028,82830,828530539,1949,0,0,0
16.8126,82831,828540538,1920,0,0,0
16.8226,82832,828550539,1904,0,0,0
16.8327,82833,828560538,1873,0,0,0
16.8428,82834,828570539,1847,0,0,0
16.8528,82835,828580538,1815,0,0,0
16.8629,82836,828590539,1805,0,0,0
16.8728,82837,828600539,1781,0,0,0
16.8829,82838,828610538,1785,0,0,0
16.8928,82839,828620539,1787,0,0,0
16.9028,82840,828630539,1786,0,0,0
16.9131,82841,828640539,1787,0,0,0
16.9235,82842,828650538,1781,0,0,0
16.9329,82843,828660539,1776,0,0,0
16.9427,82844,828670539,1778,0,0,0
16.9550,82845,828680538,1783,0,0,0
16.9628,82846,828690539,1777,0,0,0
16.9726,82847,828700539,1789,0,0,0
16.9828,82848,828710539,1794,0,0,0
16.9931,82849,828720538,1795,0,0,0
17.0026,82850,828730539,1797,0,0,0
17.0126,82851,828740539,1804,0,0,0
17.0227,82852,828750538,1808,0,0,0
17.0327,82853,828760539,1810,0,0,0
17.0427,82854,828770538,1808,0,0,0
17.0526,82855,828780539,1807,0,0,0
17.0626,82856,828790539,1808,0,0,0
17.0727,82857,828800539,1813,0,0,0
17.0828,82858,828810538,1808,0,0,0
17.0927,82859,828820538,1807,0,0,0
17.1027,82860,828830539,1808,0,0,0
17.1128,82861,828840539,1810,0,0,0
17.1227,82862,828850539,1813,0,0,0
17.1328,82863,828860538,1814,0,0,0
17.1430,82864,828870539,1807,0,0,0
17.1529,82865,828880539,1809,0,0,0
17.1634,82866,828890539,1813,0,0,0
17.1727,82867,828900539,1818,0,0,0
17.1827,82868,828910538,1810,0,0,0
17.1937,82869,828920539,1812,0,0,0
17.2026,82870,828930539,1815,0,0,0
17.2127,82871,828940539,1819,0,0,0
17.2229,82872,828950538,1803,0,0,0
17.2329,82873,828960539,1813,0,0,0
17.2427,82874,828970539,1815,0,0,0
17.2528,82875,828980539,1826,0,0,0
17.2626,82876,828990539,1809,0,0,0
17.2726,82877,829000538,1827,0,0,0
17.2830,82878,829010539,1820,0,0,0
17.2929,82879,829020539,1830,0,0,0
17.3028,82880,829030539,1838,0,0,0
17.3130,82881,829040538,1836,0,0,0
17.3229,82882,829050539,1821,0,0,0
17.3326,82883,829060538,1837,0,0,0
17.3430,82884,829070539,1831,0,0,0
17.3528,82885,829080539,1840,0,0,0
17.3630,82886,829090538,1837,0,0,0
17.3728,82887,829100539,1840,0,0,0
17.3827,82888,829110539,1840,0,0,0
17.3927,82889,829120538,1849,0,0,0
17.4027,82890,829130539,1841,0,0,0
17.4126,82891,829140539,1850,0,0,0
17.4228,82892,829150539,1850,0,0,0
17.4328,82893,829160539,1866,0,0,0
17.4426,82894,829170538,1888,0,0,0
17.4526,82895,829180539,1907,0,0,0
17.4626,82896,829190539,1921,0,0,0
17.4728,82897,829200539,1963,0,0,0
17.4827,82898,829210539,1941,0,0,0
17.4929,82899,829220539,1906,0,0,0
17.5032,82900,829230539,1847,0,0,0
17.5127,82901,829240538,1827,0,0,0
17.5228,82902,829250539,1814,0,0,0
17.5328,82903,829260539,1808,0,0,0
17.5426,82904,829270539,1787,0,0,0
17.5527,82905,829280539,1792,0,0,0
17.5628,82906,829290539,1791,0,0,0
17.5727,82907,829300539,1771,0,0,0
17.5830,82908,829310539,1476,0,0,0
17.5929,82909,829320539,1648,0,0,0
17.6028,82910,829330539,2631,0,0,0
17.6129,82911,829340539,3695,0,0,0
17.6230,82912,829350538,2201,0,0,0
17.6330,82913,829360539,1593,0,0,0
17.6435,82914,829370538,1759,0,0,0
17.6527,82915,829380538,1784,0,0,0
17.6632,82916,829390539,1709,0,0,0
17.6730,82917,829400539,1735,0,0,0
17.6829,82918,829410539,1738,0,0,0
17.6931,82919,829420539,1750,0,0,0
17.7027,82920,829430539,1745,0,0,0
17.7157,82921,829440539,1762,0,0,0
17.7228,82922,829450539,1767,0,0,0
17.7329,82923,829460539,1774,0,0,0
17.7428,82924,829470539,1771,0,0,0
17.7526,82925,829480538,1778,0,0,0
17.7627,82926,829490539,1781,0,0,0
17.7728,82927,829500539,1799,0,0,0
17.7826,82928,829510539,1794,0,0,0
17.7926,82929,829520539,1808,0,0,0
17.8028,82930,829530538,1814,0,0,0
17.8129,82931,829540539,1829,0,0,0
17.8228,82932,829550539,1831,0,0,0
17.8329,82933,829560539,1847,0,0,0
17.8429,82934,829570539,1867,0,0,0
17.8528,82935,829580538,1890,0,0,0
17.8629,82936,829590539,1901,0,0,0
17.8730,82937,829600539,1923,0,0,0
17.8829,82938,829610539,1936,0,0,0
17.8927,82939,829620538,1950,0,0,0
17.9027,82940,829630539,1920,0,0,0
17.9132,82941,829640539,1904,0,0,0
17.9229,82942,829650539,1870,0,0,0
17.9332,82943,829660538,1840,0,0,0
17.9425,82944,829670539,1808,0,0,0
17.9528,82945,829680539,1803,0,0,0
17.9626,82946,829690539,1790,0,0,0
17.9728,82947,829700539,1783,0,0,0
17.9826,82948,829710539,1787,0,0,0
17.9927,82949,829720538,1782,0,0,0
18.0026,82950,829730539,1778,0,0,0
18.0126,82951,829740539,1777,0,0,0
18.0227,82952,829750539,1814,0,0,0
18.0327,82953,829760539,1808,0,0,0
18.0429,82954,829770539,1795,0,0,0
18.0529,82955,829780539,1812,0,0,0
18.0628,82956,829790539,1808,0,0,0
18.0728,82957,829800539,1833,0,0,0
18.0829,82958,829810539,1833,0,0,0
18.0927,82959,829820539,1834,0,0,0
18.1027,82960,829830539,1839,0,0,0
18.1130,82961,829840539,1844,0,0,0
18.1228,82962,829850538,1842,0,0,0
18.1330,82963,829860539,1855,0,0,0
18.1428,82964,829870539,1842,0,0,0
18.1527,82965,829880539,1862,0,0,0
18.1626,82966,829890539,1859,0,0,0
18.1728,82967,829900538,1872,0,0,0
18.1831,82968,829910539,1858,0,0,0
18.1935,82969,829920539,1870,0,0,0
18.2029,82970,829930538,1865,0,0,0
18.2127,82971,829940539,1873,0,0,0
18.2227,82972,829950539,1863,0,0,0
18.2331,82973,829960539,1875,0,0,0
18.2429,82974,829970538,1857,0,0,0
18.2529,82975,829980539,1873,0,0,0
18.2629,82976,829990539,1857,0,0,0
18.2728,82977,830000539,1870,0,0,0
18.2827,82978,830010538,1867,0,0,0
18.2926,82979,830020539,1872,0,0,0
18.3028,82980,830030539,1854,0,0,0
18.3127,82981,830040539,1872,0,0,0
18.3226,82982,830050539,1870,0,0,0
18.3328,82983,830060539,1872,0,0,0
18.3428,82984,830070538,1863,0,0,0
18.3529,82985,830080539,1871,0,0,0
18.3627,82986,830090539,1873,0,0,0
18.3727,82987,830100539,1887,0,0,0
18.3827,82988,830110538,1874,0,0,0
18.3927,82989,830120539,1889,0,0,0
18.4026,82990,830130539,1888,0,0,0
18.4128,82991,830140539,1879,0,0,0
18.4228,82992,830150538,1887,0,0,0
18.4327,82993,830160539,1899,0,0,0
18.4426,82994,830170538,1882,0,0,0
18.4526,82995,830180539,1894,0,0,0
18.4627,82996,830190539,1893,0,0,0
18.4727,82997,830200539,1903,0,0,0
18.4826,82998,830210539,1872,0,0,0
18.4925,82999,830220539,1897,0,0,0
18.5027,83000,830230538,1878,0,0,0
18.5126,83001,830240538,1887,0,0,0
18.5226,83002,830250539,1872,0,0,0
18.5327,83003,830260539,1890,0,0,0
18.5428,83004,830270539,1906,0,0,0
18.5527,83005,830280539,1936,0,0,0
18.5631,83006,830290538,1936,0,0,0
18.5734,83007,830300539,1993,0,0,0
18.5831,83008,830310539,1995,0,0,0
18.5931,83009,830320538,1974,0,0,0
18.6028,83010,830330539,1904,0,0,0
18.6128,83011,830340539,1872,0,0,0
18.6235,83012,830350539,1846,0,0,0
18.6333,83013,830360539,1843,0,0,0
18.6430,83014,830370539,1824,0,0,0
18.6526,83015,830380538,1833,0,0,0
18.6628,83016,830390539,1839,0,0,0
18.6729,83017,830400539,1831,0,0,0
18.6830,83018,830410538,1671,0,0,0
18.6928,83019,830420538,1521,0,0,0
18.7028,83020,830430539,2017,0,0,0
18.7126,83021,830440539,3581,0,0,0
18.7226,83022,830450539,2821,0,0,0
18.7326,83023,830460539,1875,0,0,0
18.7427,83024,830470538,1695,0,0,0
18.7528,83025,830480539,1821,0,0,0
18.7628,83026,830490539,1759,0,0,0
18.7728,83027,830500539,1743,0,0,0
18.7827,83028,830510539,1744,0,0,0
18.7926,83029,830520538,1774,0,0,0
18.8028,83030,830530539,1774,0,0,0
18.8127,83031,830540538,1781,0,0,0
18.8228,83032,830550539,1787,0,0,0
18.8330,83033,830560539,1794,0,0,0
18.8429,83034,830570538,1791,0,0,0
18.8527,83035,830580539,1799,0,0,0
18.8635,83036,830590539,1805,0,0,0
18.8734,83037,830600539,1799,0,0,0
18.8830,83038,830610539,1806,0,0,0
18.8929,83039,830620539,1823,0,0,0
18.9026,83040,830630539,1823,0,0,0
18.9126,83041,830640539,1839,0,0,0
18.9227,83042,830650539,1840,0,0,0
18.9326,83043,830660539,1854,0,0,0
18.9434,83044,830670539,1866,0,0,0
18.9526,83045,830680539,1898,0,0,0
18.9626,83046,830690539,1898,0,0,0
18.9727,83047,830700539,1923,0,0,0
18.9826,83048,830710539,1936,0,0,0
18.9926,83049,830720539,1963,0,0,0
19.0026,83050,830730539,1936,0,0,0
19.0126,83051,830740539,1936,0,0,0
19.0227,83052,830750539,1902,0,0,0
19.0327,83053,830760539,1889,0,0,0
19.0427,83054,830770539,1826,0,0,0
19.0526,83055,830780539,1809,0,0,0
19.0626,83056,830790539,1790,0,0,0
19.0728,83057,830800539,1782,0,0,0
19.0827,83058,830810539,1776,0,0,0
19.0927,83059,830820538,1783,0,0,0
19.1028,83060,830830539,1772,0,0,0
19.1128,83061,830840539,1781,0,0,0
19.1227,83062,830850539,1774,0,0,0
19.1329,83063,830860539,1781,0,0,0
19.1427,83064,830870539,1779,0,0,0
19.1529,83065,830880539,1776,0,0,0
19.1631,83066,830890539,1770,0,0,0
19.1729,83067,830900539,1795,0,0,0
19.1832,83068,830910538,1786,0,0,0
19.1926,83069,830920539,1804,0,0,0
19.2066,83070,830930539,1798,0,0,0
19.2145,83071,830940538,1797,0,0,0
19.2229,83072,830950539,1798,0,0,0
19.2327,83073,830960538,1822,0,0,0
19.2425,83074,830970539,1791,0,0,0
19.2526,83075,830980539,1805,0,0,0
19.2626,83076,830990539,1805,0,0,0
19.2726,83077,831000538,1808,0,0,0
19.2828,83078,831010539,1821,0,0,0
19.2926,83079,831020539,1817,0,0,0
19.3030,83080,831030539,1809,0,0,0
19.3126,83081,831040539,1822,0,0,0
19.3226,83082,831050539,1811,0,0,0
19.3327,83083,831060539,1824,0,0,0
19.3427,83084,831070539,1810,0,0,0
19.3526,83085,831080539,1823,0,0,0
19.3628,83086,831090539,1819,0,0,0
19.3729,83087,831100539,1819,0,0,0
19.3829,83088,831110539,1815,0,0,0
19.3928,83089,831120539,1821,0,0,0
19.4027,83090,831130539,1822,0,0,0
19.4126,83091,831140539,1838,0,0,0
19.4230,83092,831150539,1815,0,0,0
19.4327,83093,831160539,1825,0,0,0
19.4428,83094,831170539,1829,0,0,0
19.4526,83095,831180539,1835,0,0,0
19.4628,83096,831190539,1828,0,0,0
19.4727,83097,831200539,1833,0,0,0
19.4827,83098,831210538,1830,0,0,0
19.4927,83099,831220539,1841,0,0,0
19.5032,83100,831230539,1839,0,0,0
19.5126,83101,831240539,1837,0,0,0
19.5227,83102,831250538,1834,0,0,0
19.5327,83103,831260539,1836,0,0,0
19.5427,83104,831270539,1826,0,0,0
19.5529,83105,831280539,1853,0,0,0
19.5631,83106,831290539,1833,0,0,0
19.5730,83107,831300538,1840,0,0,0
19.5831,83108,831310539,1837,0,0,0
19.5931,83109,831320539,1850,0,0,0
19.6028,83110,831330538,1851,0,0,0
19.6130,83111,831340539,1892,0,0,0
19.6230,83112,831350539,1909,0,0,0
19.6330,83113,831360539,1919,0,0,0
19.6432,83114,831370539,1970,0,0,0
19.6526,83115,831380539,1966,0,0,0
19.6630,83116,831390539,1943,0,0,0
19.6730,83117,831400539,1891,0,0,0
19.6829,83118,831410538,1850,0,0,0
19.6926,83119,831420539,1842,0,0,0
19.7028,83120,831430539,1824,0,0,0
19.7127,83121,831440539,1825,0,0,0
19.7226,83122,831450539,1821,0,0,0
19.7330,83123,831460539,1822,0,0,0
19.7428,83124,831470539,1810,0,0,0
19.7526,83125,831480539,1594,0,0,0
19.7626,83126,831490539,1535,0,0,0
19.7726,83127,831500539,2217,0,0,0
19.7828,83128,831510539,3931,0,0,0
19.7927,83129,831520539,2625,0,0,0
19.8026,83130,831530539,1729,0,0,0
19.8128,83131,831540539,1687,0,0,0
19.8226,83132,831550539,1812,0,0,0
19.8330,83133,831560538,1740,0,0,0
19.8429,83134,831570539,1723,0,0,0
19.8528,83135,831580538,1747,0,0,0
19.8629,83136,831590539,1750,0,0,0
19.8730,83137,831600538,1769,0,0,0
19.8831,83138,831610539,1769,0,0,0
19.8927,83139,831620538,1774,0,0,0
19.9027,83140,831630539,1774,0,0,0
19.9128,83141,831640538,1776,0,0,0
19.9231,83142,831650539,1776,0,0,0
19.9329,83143,831660538,1778,0,0,0
19.9434,83144,831670539,1793,0,0,0
19.9526,83145,831680538,1802,0,0,0
19.9628,83146,831690539,1792,0,0,0
19.9728,83147,831700539,1801,0,0,0
19.9827,83148,831710538,1808,0,0,0
19.9928,83149,831720539,1835,0,0,0
20.0026,83150,831730539,1840,0,0,0
20.0130,83151,831740539,1859,0,0,0
20.0260,83152,831750538,1875,0,0,0
20.0328,83153,831760539,1900,0,0,0
20.0428,83154,831770539,1920,0,0,0
20.0539,83155,831780539,1938,0,0,0
20.0627,83156,831790539,1945,0,0,0
20.0727,83157,831800538,1936,0,0,0
20.0828,83158,831810539,1920,0,0,0
20.0927,83159,831820539,1887,0,0,0
20.1028,83160,831830539,1855,0,0,0
20.1127,83161,831840539,1822,0,0,0
20.1228,83162,831850539,1798,0,0,0
20.1328,83163,831860538,1803,0,0,0
20.1427,83164,831870539,1779,0,0,0
20.1527,83165,831880539,1783,0,0,0
20.1627,83166,831890539,1776,0,0,0
20.1729,83167,831900539,1790,0,0,0
20.1831,83168,831910538,1781,0,0,0
20.1932,83169,831920539,1792,0,0,0
20.2051,83170,831930539,1778,0,0,0
20.2163,83171,831940539,1791,0,0,0
20.2233,83172,831950539,1794,0,0,0
20.2328,83173,831960539,1798,0,0,0
20.2445,83174,831970539,1807,0,0,0
20.2529,83175,831980539,1813,0,0,0
20.2645,83176,831990538,1822,0,0,0
20.2728,83177,832000539,1821,0,0,0
20.2826,83178,832010538,1823,0,0,0
20.2928,83179,832020538,1819,0,0,0
20.3029,83180,832030539,1830,0,0,0
20.3127,83181,832040539,1824,0,0,0
20.3227,83182,832050539,1829,0,0,0
20.3327,83183,832060539,1835,0,0,0
20.3426,83184,832070539,1837,0,0,0
20.3527,83185,832080539,1839,0,0,0
20.3629,83186,832090538,1835,0,0,0
20.3728,83187,832100539,1833,0,0,0
20.3828,83188,832110539,1831,0,0,0
20.3953,83189,832120539,1842,0,0,0
20.4062,83190,832130539,1840,0,0,0
20.4154,83191,832140539,1839,0,0,0
20.4230,83192,832150538,1839,0,0,0
20.4342,83193,832160538,1839,0,0,0
20.4435,83194,832170539,1840,0,0,0
20.4527,83195,832180539,1840,0,0,0
20.4628,83196,832190539,1840,0,0,0
20.4728,83197,832200539,1846,0,0,0
20.4828,83198,832210538,1841,0,0,0
20.4936,83199,832220538,1842,0,0,0
20.5029,83200,832230539,1852,0,0,0
20.5128,83201,832240539,1858,0,0,0
20.5227,83202,832250539,1853,0,0,0
20.5327,83203,832260539,1857,0,0,0
20.5429,83204,832270539,1868,0,0,0
20.5551,83205,832280538,1871,0,0,0
20.5634,83206,832290539,1871,0,0,0
20.5752,83207,832300539,1865,0,0,0
20.5857,83208,832310539,1874,0,0,0
20.5935,83209,832320539,1867,0,0,0
20.6069,83210,832330539,1877,0,0,0
20.6127,83211,832340538,1877,0,0,0
20.6227,83212,832350539,1872,0,0,0
20.6327,83213,832360539,1871,0,0,0
20.6428,83214,832370539,1877,0,0,0
20.6526,83215,832380539,1872,0,0,0
20.6629,83216,832390539,1873,0,0,0
20.6728,83217,832400539,1872,0,0,0
20.6827,83218,832410539,1887,0,0,0
20.6929,83219,832420538,1910,0,0,0
20.7027,83220,832430539,1920,0,0,0
20.7126,83221,832440538,1936,0,0,0
20.7227,83222,832450539,1983,0,0,0
20.7351,83223,832460538,1963,0,0,0
20.7428,83224,832470539,1938,0,0,0
20.7564,83225,832480539,1883,0,0,0
20.7660,83226,832490538,1856,0,0,0
20.7732,83227,832500539,1839,0,0,0
20.7882,83228,832510539,1834,0,0,0
20.7933,83229,832520539,1818,0,0,0
20.8027,83230,832530539,1826,0,0,0
20.8129,83231,832540539,1821,0,0,0
20.8229,83232,832550539,1808,0,0,0
20.8329,83233,832560539,1527,0,0,0
20.8429,83234,832570539,1648,0,0,0
20.8527,83235,832580539,2531,0,0,0
20.8628,83236,832590539,3856,0,0,0
20.8729,83237,832600539,2320,0,0,0
20.8826,83238,832610539,1676,0,0,0
20.8928,83239,832620539,1751,0,0,0
20.9028,83240,832630539,1820,0,0,0
20.9128,83241,832640539,1744,0,0,0
20.9227,83242,832650539,1762,0,0,0
20.9330,83243,832660539,1771,0,0,0
20.9427,83244,832670539,1793,0,0,0
20.9526,83245,832680538,1801,0,0,0
20.9629,83246,832690539,1793,0,0,0
20.9729,83247,832700538,1795,0,0,0
20.9827,83248,832710539,1808,0,0,0
20.9927,83249,832720539,1803,0,0,0
21.0027,83250,832730539,1815,0,0,0
21.0127,83251,832740539,1808,0,0,0
21.0228,83252,832750539,1831,0,0,0
21.0326,83253,832760538,1831,0,0,0
21.0427,83254,832770539,1839,0,0,0
21.0526,83255,832780539,1831,0,0,0
21.0628,83256,832790539,1858,0,0,0
21.0729,83257,832800539,1863,0,0,0
21.0828,83258,832810539,1895,0,0,0
21.0928,83259,832820539,1915,0,0,0
21.1027,83260,832830539,1936,0,0,0
21.1129,83261,832840539,1949,0,0,0
21.1228,83262,832850539,1982,0,0,0
21.1327,83263,832860538,1984,0,0,0
21.1429,83264,832870539,1983,0,0,0
21.1526,83265,832880538,1983,0,0,0
21.1627,83266,832890539,1967,0,0,0
21.1728,83267,832900538,1923,0,0,0
21.1862,83268,832910539,1907,0,0,0
21.1932,83269,832920539,1854,0,0,0
21.2028,83270,832930539,1827,0,0,0
21.2127,83271,832940539,1805,0,0,0
21.2226,83272,832950539,1806,0,0,0
21.2328,83273,832960539,1805,0,0,0
21.2428,83274,832970538,1799,0,0,0
21.2527,83275,832980539,1799,0,0,0
21.2627,83276,832990539,1809,0,0,0
21.2726,83277,833000539,1790,0,0,0
21.2826,83278,833010538,1811,0,0,0
21.2926,83279,833020539,1806,0,0,0
21.3027,83280,833030538,1813,0,0,0
21.3126,83281,833040538,1819,0,0,0
21.3227,83282,833050539,1819,0,0,0
21.3326,83283,833060538,1814,0,0,0
21.3427,83284,833070539,1822,0,0,0
21.3527,83285,833080538,1814,0,0,0
21.3628,83286,833090539,1838,0,0,0
21.3729,83287,833100538,1830,0,0,0
21.3829,83288,833110539,1841,0,0,0
21.3928,83289,833120538,1839,0,0,0
21.4028,83290,833130539,1855,0,0,0
21.4128,83291,833140539,1842,0,0,0
21.4227,83292,833150539,1865,0,0,0
21.4327,83293,833160539,1840,0,0,0
21.4440,83294,833170539,1840,0,0,0
21.4529,83295,833180538,1830,0,0,0
21.4627,83296,833190539,1853,0,0,0
21.4727,83297,833200538,1840,0,0,0
21.4827,83298,833210539,1842,0,0,0
21.4927,83299,833220539,1835,0,0,0
21.5028,83300,833230539,1854,0,0,0
21.5127,83301,833240539,1853,0,0,0
21.5226,83302,833250539,1866,0,0,0
21.5327,83303,833260538,1854,0,0,0
21.5427,83304,833270539,1841,0,0,0
21.5526,83305,833280539,1843,0,0,0
21.5627,83306,833290539,1837,0,0,0
21.5727,83307,833300539,1836,0,0,0
21.5827,83308,833310539,1855,0,0,0
21.5928,83309,833320539,1846,0,0,0
21.6027,83310,833330539,1859,0,0,0
21.6126,83311,833340538,1854,0,0,0
21.6227,83312,833350539,1866,0,0,0
21.6327,83313,833360538,1840,0,0,0
21.6427,83314,833370539,1867,0,0,0
21.6527,83315,833380539,1860,0,0,0
21.6627,83316,833390538,1871,0,0,0
21.6728,83317,833400539,1863,0,0,0
21.6852,83318,833410539,1876,0,0,0
21.6925,83319,833420539,1885,0,0,0
21.7034,83320,833430539,1931,0,0,0
21.7126,83321,833440539,1921,0,0,0
21.7226,83322,833450539,1979,0,0,0
21.7327,83323,833460538,1973,0,0,0
21.7427,83324,833470539,1962,0,0,0
21.7528,83325,833480539,1899,0,0,0
21.7626,83326,833490539,1853,0,0,0
21.7726,83327,833500539,1856,0,0,0
21.7826,83328,833510538,1847,0,0,0
21.7926,83329,833520538,1829,0,0,0
21.8027,83330,833530539,1827,0,0,0
21.8127,83331,833540538,1813,0,0,0
21.8228,83332,833550539,1819,0,0,0
21.8327,83333,833560539,1642,0,0,0
21.8427,83334,833570539,1521,0,0,0
21.8526,83335,833580539,2095,0,0,0
21.8628,83336,833590539,3713,0,0,0
21.8727,83337,833600538,2737,0,0,0
21.8827,83338,833610539,1878,0,0,0
21.8927,83339,833620539,1715,0,0,0
21.9026,83340,833630539,1833,0,0,0
21.9127,83341,833640538,1764,0,0,0
21.9227,83342,833650539,1762,0,0,0
21.9338,83343,833660539,1757,0,0,0
21.9425,83344,833670539,1770,0,0,0
21.9526,83345,833680539,1765,0,0,0
21.9629,83346,833690539,1808,0,0,0
21.9732,83347,833700539,1788,0,0,0
21.9826,83348,833710539,1818,0,0,0
21.9928,83349,833720539,1776,0,0,0
22.0028,83350,833730539,1799,0,0,0
22.0126,83351,833740539,1795,0,0,0
22.0227,83352,833750539,1810,0,0,0
22.0327,83353,833760538,1804,0,0,0
22.0427,83354,833770539,1820,0,0,0
22.0527,83355,833780539,1813,0,0,0
22.0628,83356,833790539,1826,0,0,0
22.0728,83357,833800539,1822,0,0,0
22.0828,83358,833810539,1851,0,0,0
22.0927,83359,833820539,1847,0,0,0
22.1026,83360,833830539,1867,0,0,0
22.1128,83361,833840538,1886,0,0,0
22.1229,83362,833850539,1911,0,0,0
22.1327,83363,833860539,1914,0,0,0
22.1428,83364,833870539,1941,0,0,0
22.1526,83365,833880538,1929,0,0,0
22.1627,83366,833890539,1922,0,0,0
22.1728,83367,833900538,1887,0,0,0
22.1827,83368,833910539,1866,0,0,0
22.1926,83369,833920539,1829,0,0,0
22.2032,83370,833930538,1813,0,0,0
22.2128,83371,833940539,1777,0,0,0
22.2227,83372,833950539,1786,0,0,0
22.2326,83373,833960539,1774,0,0,0
22.2428,83374,833970539,1783,0,0,0
22.2526,83375,833980539,1776,0,0,0
22.2628,83376,833990538,1790,0,0,0
22.2726,83377,834000539,1787,0,0,0
22.2826,83378,834010539,1794,0,0,0
22.2927,83379,834020538,1793,0,0,0
22.3028,83380,834030539,1802,0,0,0
22.3127,83381,834040538,1807,0,0,0
22.3227,83382,834050539,1808,0,0,0
22.3327,83383,834060538,1795,0,0,0
22.3428,83384,834070539,1807,0,0,0
22.3527,83385,834080538,1805,0,0,0
22.3627,83386,834090539,1821,0,0,0
22.3727,83387,834100539,1812,0,0,0
22.3828,83388,834110539,1821,0,0,0
22.3928,83389,834120539,1808,0,0,0
22.4027,83390,834130539,1824,0,0,0
22.4127,83391,834140539,1814,0,0,0
22.4227,83392,834150539,1828,0,0,0
22.4325,83393,834160539,1815,0,0,0
22.4429,83394,834170539,1817,0,0,0
22.4526,83395,834180538,1807,0,0,0
22.4626,83396,834190539,1823,0,0,0
22.4727,83397,834200538,1811,0,0,0
22.4827,83398,834210539,1819,0,0,0
22.4927,83399,834220539,1813,0,0,0
22.5029,83400,834230539,1817,0,0,0
22.5127,83401,834240539,1814,0,0,0
22.5229,83402,834250539,1814,0,0,0
22.5328,83403,834260539,1817,0,0,0
22.5426,83404,834270539,1827,0,0,0
22.5527,83405,834280539,1823,0,0,0
22.5630,83406,834290538,1840,0,0,0
22.5727,83407,834300539,1827,0,0,0
22.5827,83408,834310538,1841,0,0,0
22.5929,83409,834320539,1821,0,0,0
22.6027,83410,834330539,1840,0,0,0
22.6126,83411,834340539,1834,0,0,0
22.6228,83412,834350538,1840,0,0,0
22.6328,83413,834360538,1845,0,0,0
22.6428,83414,834370538,1841,0,0,0
22.6527,83415,834380539,1838,0,0,0
22.6626,83416,834390539,1847,0,0,0
22.6726,83417,834400539,1846,0,0,0
22.6827,83418,834410538,1865,0,0,0
22.6927,83419,834420539,1843,0,0,0
22.7026,83420,834430539,1871,0,0,0
22.7126,83421,834440539,1872,0,0,0
22.7228,83422,834450539,1911,0,0,0
22.7327,83423,834460538,1915,0,0,0
22.7429,83424,834470539,1968,0,0,0
22.7527,83425,834480538,1965,0,0,0
22.7626,83426,834490539,1958,0,0,0
22.7727,83427,834500538,1915,0,0,0
22.7826,83428,834510539,1869,0,0,0
22.7926,83429,834520539,1846,0,0,0
22.8029,83430,834530539,1850,0,0,0
22.8127,83431,834540539,1840,0,0,0
22.8227,83432,834550539,1835,0,0,0
22.8328,83433,834560539,1822,0,0,0
22.8428,83434,834570539,1833,0,0,0
22.8527,83435,834580538,1721,0,0,0
22.8629,83436,834590539,1501,0,0,0
22.8727,83437,834600539,1900,0,0,0
22.8827,83438,834610538,3344,0,0,0
22.8928,83439,834620539,3165,0,0,0
22.9026,83440,834630539,1955,0,0,0
22.9126,83441,834640539,1633,0,0,0
22.9227,83442,834650538,1838,0,0,0
22.9326,83443,834660539,1782,0,0,0
22.9427,83444,834670539,1754,0,0,0
22.9526,83445,834680538,1766,0,0,0
22.9627,83446,834690539,1776,0,0,0
22.9727,83447,834700539,1782,0,0,0
22.9834,83448,834710539,1802,0,0,0
22.9927,83449,834720539,1779,0,0,0
23.0027,83450,834730539,1801,0,0,0
23.0125,83451,834740538,1805,0,0,0
23.0226,83452,834750539,1808,0,0,0
23.0326,83453,834760539,1811,0,0,0
23.0428,83454,834770538,1814,0,0,0
23.0527,83455,834780538,1829,0,0,0
23.0628,83456,834790539,1837,0,0,0
23.0728,83457,834800539,1833,0,0,0
23.0827,83458,834810538,1848,0,0,0
23.0926,83459,834820539,1853,0,0,0
23.1027,83460,834830538,1873,0,0,0
23.1127,83461,834840539,1882,0,0,0
23.1227,83462,834850539,1917,0,0,0
23.1328,83463,834860539,1920,0,0,0
23.1427,83464,834870539,1941,0,0,0
23.1526,83465,834880539,1949,0,0,0
23.1628,83466,834890539,1968,0,0,0
23.1728,83467,834900539,1965,0,0,0
23.1828,83468,834910539,1951,0,0,0
23.1933,83469,834920539,1917,0,0,0
23.2026,83470,834930539,1886,0,0,0
23.2127,83471,834940538,1849,0,0,0
23.2230,83472,834950539,1823,0,0,0
23.2326,83473,834960538,1815,0,0,0
23.2426,83474,834970539,1796,0,0,0
23.2526,83475,834980539,1791,0,0,0
23.2628,83476,834990539,1799,0,0,0
23.2727,83477,835000539,1791,0,0,0
23.2826,83478,835010538,1799,0,0,0
23.2926,83479,835020538,1801,0,0,0
23.3037,83480,835030539,1806,0,0,0
23.3127,83481,835040539,1807,0,0,0
23.3227,83482,835050538,1818,0,0,0
23.3326,83483,835060539,1812,0,0,0
23.3428,83484,835070539,1828,0,0,0
23.3526,83485,835080539,1837,0,0,0
23.3627,83486,835090538,1834,0,0,0
23.3728,83487,835100539,1837,0,0,0
23.3826,83488,835110539,1840,0,0,0
23.3930,83489,835120539,1839,0,0,0
23.4029,83490,835130539,1840,0,0,0
23.4128,83491,835140539,1844,0,0,0
23.4228,83492,835150538,1840,0,0,0
23.4327,83493,835160539,1855,0,0,0
23.4428,83494,835170539,1839,0,0,0
23.4528,83495,835180539,1847,0,0,0
23.4647,83496,835190539,1846,0,0,0
23.4727,83497,835200538,1849,0,0,0
23.4830,83498,835210539,1836,0,0,0
23.4927,83499,835220539,1837,0,0,0
23.5027,83500,835230538,1833,0,0,0
23.5127,83501,835240539,1835,0,0,0
23.5227,83502,835250539,1846,0,0,0
23.5327,83503,835260539,1847,0,0,0
23.5428,83504,835270538,1847,0,0,0
23.5528,83505,835280539,1854,0,0,0
23.5628,83506,835290539,1847,0,0,0
23.5729,83507,835300539,1843,0,0,0
23.5827,83508,835310538,1854,0,0,0
23.5929,83509,835320539,1854,0,0,0
23.6029,83510,835330538,1858,0,0,0
23.6127,83511,835340539,1859,0,0,0
23.6229,83512,835350539,1858,0,0,0
23.6330,83513,835360538,1866,0,0,0
23.6428,83514,835370539,1860,0,0,0
23.6526,83515,835380538,1858,0,0,0
23.6630,83516,835390539,1858,0,0,0
23.6729,83517,835400538,1875,0,0,0
23.6827,83518,835410539,1871,0,0,0
23.6930,83519,835420539,1872,0,0,0
23.7026,83520,835430538,1872,0,0,0
23.7127,83521,835440539,1879,0,0,0
23.7228,83522,835450539,1877,0,0,0
23.7327,83523,835460539,1883,0,0,0
23.7426,83524,835470539,1893,0,0,0
23.7528,83525,835480538,1887,0,0,0
23.7627,83526,835490539,1895,0,0,0
23.7727,83527,835500539,1904,0,0,0
23.7827,83528,835510538,1904,0,0,0
23.7927,83529,835520539,1927,0,0,0
23.8027,83530,835530539,1957,0,0,0
23.8127,83531,835540539,1959,0,0,0
23.8228,83532,835550538,2000,0,0,0
23.8327,83533,835560539,2014,0,0,0
23.8429,83534,835570539,1990,0,0,0
23.8527,83535,835580539,1925,0,0,0
23.8626,83536,835590539,1894,0,0,0
23.8727,83537,835600539,1894,0,0,0
23.8827,83538,835610539,1872,0,0,0
23.8927,83539,835620539,1861,0,0,0
23.9027,83540,835630539,1870,0,0,0
23.9128,83541,835640539,1872,0,0,0
23.9226,83542,835650539,1873,0,0,0
23.9329,83543,835660539,1735,0,0,0
23.9427,83544,835670538,1555,0,0,0
23.9526,83545,835680539,2033,0,0,0
23.9628,83546,835690539,3627,0,0,0
23.9727,83547,835700538,2951,0,0,0
23.9826,83548,835710539,1935,0,0,0
23.9927,83549,835720539,1744,0,0,0
24.0032,83550,835730538,1870,0,0,0
24.0126,83551,835740539,1839,0,0,0
24.0227,83552,835750538,1807,0,0,0
24.0326,83553,835760539,1792,0,0,0
24.0427,83554,835770538,1806,0,0,0
24.0527,83555,835780539,1819,0,0,0
24.0627,83556,835790539,1821,0,0,0
24.0727,83557,835800539,1834,0,0,0
24.0828,83558,835810539,1825,0,0,0
24.0926,83559,835820538,1831,0,0,0
24.1027,83560,835830539,1834,0,0,0
24.1129,83561,835840539,1825,0,0,0
24.1228,83562,835850539,1827,0,0,0
24.1326,83563,835860538,1843,0,0,0
24.1429,83564,835870539,1831,0,0,0
24.1526,83565,835880538,1846,0,0,0
24.1628,83566,835890539,1861,0,0,0
24.1728,83567,835900539,1871,0,0,0
24.1826,83568,835910539,1872,0,0,0
24.1926,83569,835920538,1894,0,0,0
24.2026,83570,835930539,1902,0,0,0
24.2130,83571,835940538,1915,0,0,0
24.2228,83572,835950539,1938,0,0,0
24.2329,83573,835960538,1988,0,0,0
24.2427,83574,835970539,1978,0,0,0
24.2531,83575,835980538,1967,0,0,0
24.2626,83576,835990539,1936,0,0,0
24.2727,83577,836000538,1923,0,0,0
24.2829,83578,836010539,1891,0,0,0
24.2926,83579,836020539,1872,0,0,0
24.3027,83580,836030539,1840,0,0,0
24.3125,83581,836040538,1808,0,0,0
24.3230,83582,836050539,1806,0,0,0
24.3329,83583,836060538,1804,0,0,0
24.3428,83584,836070539,1794,0,0,0
24.3528,83585,836080538,1790,0,0,0
24.3630,83586,836090539,1788,0,0,0
24.3729,83587,836100538,1808,0,0,0
24.3829,83588,836110539,1791,0,0,0
24.3929,83589,836120538,1774,0,0,0
24.4027,83590,836130539,1810,0,0,0
24.4131,83591,836140539,1808,0,0,0
24.4227,83592,836150539,1808,0,0,0
24.4333,83593,836160539,1830,0,0,0
24.4426,83594,836170539,1822,0,0,0
24.4526,83595,836180538,1828,0,0,0
24.4629,83596,836190539,1825,0,0,0
24.4726,83597,836200538,1841,0,0,0
24.4827,83598,836210539,1837,0,0,0
24.4927,83599,836220538,1835,0,0,0
24.5027,83600,836230539,1808,0,0,0
24.5130,83601,836240539,1837,0,0,0
24.5227,83602,836250539,1827,0,0,0
24.5327,83603,836260538,1835,0,0,0
24.5426,83604,836270539,1827,0,0,0
24.5529,83605,836280539,1818,0,0,0
24.5627,83606,836290539,1818,0,0,0
24.5728,83607,836300539,1839,0,0,0
24.5829,83608,836310539,1818,0,0,0
24.5928,83609,836320538,1823,0,0,0
24.6026,83610,836330539,1818,0,0,0
24.6134,83611,836340538,1834,0,0,0
24.6227,83612,836350539,1819,0,0,0
24.6328,83613,836360539,1835,0,0,0
24.6428,83614,836370539,1821,0,0,0
24.6525,83615,836380538,1826,0,0,0
24.6633,83616,836390539,1827,0,0,0
24.6728,83617,836400539,1837,0,0,0
24.6828,83618,836410539,1821,0,0,0
24.6927,83619,836420538,1840,0,0,0
24.7027,83620,836430539,1830,0,0,0
24.7126,83621,836440538,1829,0,0,0
24.7226,83622,836450539,1819,0,0,0
24.7328,83623,836460538,1819,0,0,0
24.7427,83624,836470539,1813,0,0,0
24.7526,83625,836480539,1833,0,0,0
24.7626,83626,836490539,1825,0,0,0
24.7726,83627,836500539,1833,0,0,0
24.7826,83628,836510538,1840,0,0,0
24.7927,83629,836520539,1873,0,0,0
24.8028,83630,836530539,1883,0,0,0
24.8127,83631,836540538,1901,0,0,0
24.8230,83632,836550539,1939,0,0,0
24.8329,83633,836560539,1936,0,0,0
24.8429,83634,836570539,1902,0,0,0
24.8529,83635,836580539,1849,0,0,0
24.8629,83636,836590539,1811,0,0,0
24.8729,83637,836600538,1808,0,0,0
24.8828,83638,836610539,1791,0,0,0
24.8929,83639,836620539,1793,0,0,0
24.9027,83640,836630539,1787,0,0,0
24.9126,83641,836640539,1799,0,0,0
24.9226,83642,836650539,1784,0,0,0
24.9326,83643,836660539,1579,0,0,0
24.9428,83644,836670539,1530,0,0,0
24.9525,83645,836680539,2214,0,0,0
24.9626,83646,836690539,3855,0,0,0
24.9727,83647,836700539,2559,0,0,0
24.9828,83648,836710539,1769,0,0,0
24.9927,83649,836720539,1696,0,0,0
25.0026,83650,836730538,1807,0,0,0
25.0126,83651,836740539,1739,0,0,0
25.0227,83652,836750539,1729,0,0,0
25.0329,83653,836760539,1745,0,0,0
25.0426,83654,836770538,1744,0,0,0
25.0526,83655,836780539,1751,0,0,0
25.0627,83656,836790539,1757,0,0,0
25.0726,83657,836800539,1776,0,0,0
25.0828,83658,836810539,1773,0,0,0
25.0929,83659,836820538,1786,0,0,0
25.1027,83660,836830539,1783,0,0,0
25.1128,83661,836840539,1798,0,0,0
25.1228,83662,836850539,1795,0,0,0
25.1328,83663,836860538,1808,0,0,0
25.1428,83664,836870539,1806,0,0,0
25.1530,83665,836880539,1814,0,0,0
25.1629,83666,836890539,1822,0,0,0
25.1727,83667,836900538,1838,0,0,0
25.1828,83668,836910539,1840,0,0,0
25.1939,83669,836920539,1860,0,0,0
25.2033,83670,836930539,1878,0,0,0
25.2126,83671,836940539,1890,0,0,0
25.2227,83672,836950539,1904,0,0,0
25.2326,83673,836960539,1921,0,0,0
25.2427,83674,836970539,1914,0,0,0
25.2526,83675,836980539,1929,0,0,0
25.2626,83676,836990539,1890,0,0,0
25.2729,83677,837000539,1872,0,0,0
25.2827,83678,837010539,1835,0,0,0
25.2926,83679,837020538,1817,0,0,0
25.3028,83680,837030539,1783,0,0,0
25.3128,83681,837040539,1787,0,0,0
25.3229,83682,837050539,1776,0,0,0
25.3329,83683,837060539,1782,0,0,0
25.3429,83684,837070539,1773,0,0,0
25.3529,83685,837080539,1786,0,0,0
25.3630,83686,837090539,1774,0,0,0
25.3730,83687,837100539,1787,0,0,0
25.3830,83688,837110539,1772,0,0,0
25.3929,83689,837120538,1787,0,0,0
25.4026,83690,837130538,1779,0,0,0
25.4128,83691,837140539,1804,0,0,0
25.4228,83692,837150539,1793,0,0,0
25.4328,83693,837160539,1813,0,0,0
25.4435,83694,837170539,1804,0,0,0
25.4547,83695,837180539,1821,0,0,0
25.4627,83696,837190539,1807,0,0,0
25.4728,83697,837200539,1823,0,0,0
25.4826,83698,837210539,1814,0,0,0
25.4926,83699,837220539,1827,0,0,0
25.5027,83700,837230539,1817,0,0,0
25.5129,83701,837240539,1823,0,0,0
25.5226,83702,837250539,1821,0,0,0
25.5328,83703,837260539,1824,0,0,0
25.5426,83704,837270539,1823,0,0,0
25.5527,83705,837280538,1835,0,0,0
25.5628,83706,837290539,1814,0,0,0
25.5728,83707,837300539,1829,0,0,0
25.5828,83708,837310538,1813,0,0,0
25.5928,83709,837320539,1827,0,0,0
25.6028,83710,837330538,1821,0,0,0
25.6127,83711,837340538,1840,0,0,0
25.6226,83712,837350539,1834,0,0,0
25.6328,83713,837360538,1845,0,0,0
25.6428,83714,837370539,1837,0,0,0
25.6526,83715,837380538,1847,0,0,0
25.6632,83716,837390539,1851,0,0,0
25.6728,83717,837400538,1836,0,0,0
25.6826,83718,837410539,1840,0,0,0
25.6926,83719,837420539,1851,0,0,0
25.7025,83720,837430538,1844,0,0,0
25.7125,83721,837440539,1858,0,0,0
25.7227,83722,837450539,1850,0,0,0
25.7328,83723,837460539,1863,0,0,0
25.7427,83724,837470539,1857,0,0,0
25.7526,83725,837480538,1867,0,0,0
25.7626,83726,837490539,1862,0,0,0
25.7726,83727,837500539,1874,0,0,0
25.7826,83728,837510538,1867,0,0,0
25.7929,83729,837520538,1873,0,0,0
25.8027,83730,837530539,1861,0,0,0
25.8128,83731,837540538,1872,0,0,0
25.8228,83732,837550539,1861,0,0,0
25.8327,83733,837560539,1870,0,0,0
25.8431,83734,837570539,1868,0,0,0
25.8527,83735,837580539,1883,0,0,0
25.8629,83736,837590539,1895,0,0,0
25.8733,83737,837600539,1926,0,0,0
25.8830,83738,837610538,1923,0,0,0
25.8931,83739,837620539,1961,0,0,0
25.9027,83740,837630539,1969,0,0,0
25.9127,83741,837640539,1957,0,0,0
25.9229,83742,837650539,1916,0,0,0
25.9327,83743,837660538,1861,0,0,0
25.9428,83744,837670539,1835,0,0,0
25.9528,83745,837680539,1841,0,0,0
25.9628,83746,837690539,1822,0,0,0
25.9729,83747,837700539,1826,0,0,0
25.9827,83748,837710539,1824,0,0,0
25.9929,83749,837720539,1827,0,0,0
26.0027,83750,837730539,1729,0,0,0
26.0127,83751,837740539,1494,0,0,0
26.0226,83752,837750539,1831,0,0,0
26.0326,83753,837760538,3177,0,0,0
26.0427,83754,837770539,3277,0,0,0
26.0528,83755,837780539,2000,0,0,0
26.0627,83756,837790538,1607,0,0,0
26.0727,83757,837800539,1826,0,0,0
26.0830,83758,837810539,1783,0,0,0
26.0928,83759,837820538,1755,0,0,0
26.1028,83760,837830539,1760,0,0,0
26.1129,83761,837840539,1770,0,0,0
26.1229,83762,837850539,1769,0,0,0
26.1328,83763,837860538,1790,0,0,0
26.1430,83764,837870539,1781,0,0,0
26.1527,83765,837880539,1799,0,0,0
26.1629,83766,837890539,1793,0,0,0
26.1725,83767,837900538,1807,0,0,0
26.1826,83768,837910539,1805,0,0,0
26.1927,83769,837920538,1819,0,0,0
26.2026,83770,837930538,1809,0,0,0
26.2129,83771,837940539,1822,0,0,0
26.2229,83772,837950539,1822,0,0,0
26.2326,83773,837960539,1839,0,0,0
26.2426,83774,837970538,1840,0,0,0
26.2527,83775,837980538,1854,0,0,0
26.2627,83776,837990539,1870,0,0,0
26.2727,83777,838000539,1891,0,0,0
26.2827,83778,838010539,1904,0,0,0
26.2926,83779,838020539,1935,0,0,0
26.3027,83780,838030539,1940,0,0,0
26.3131,83781,838040539,1966,0,0,0
26.3231,83782,838050539,1953,0,0,0
26.3328,83783,838060538,1947,0,0,0
26.3432,83784,838070539,1905,0,0,0
26.3528,83785,838080539,1887,0,0,0
26.3628,83786,838090539,1840,0,0,0
26.3731,83787,838100539,1819,0,0,0
26.3831,83788,838110538,1795,0,0,0
26.3933,83789,838120539,1777,0,0,0
26.4029,83790,838130539,1785,0,0,0
26.4126,83791,838140539,1786,0,0,0
26.4228,83792,838150539,1773,0,0,0
26.4329,83793,838160538,1781,0,0,0
26.4427,83794,838170539,1776,0,0,0
26.4528,83795,838180538,1781,0,0,0
26.4627,83796,838190539,1777,0,0,0
26.4730,83797,838200538,1798,0,0,0
26.4827,83798,838210539,1791,0,0,0
26.4928,83799,838220539,1796,0,0,0
26.5026,83800,838230538,1781,0,0,0
26.5128,83801,838240539,1795,0,0,0
26.5226,83802,838250539,1792,0,0,0
26.5327,83803,838260539,1801,0,0,0
26.5427,83804,838270538,1803,0,0,0
26.5530,83805,838280538,1799,0,0,0
26.5631,83806,838290539,1801,0,0,0
26.5733,83807,838300539,1822,0,0,0
26.5831,83808,838310539,1811,0,0,0
26.5929,83809,838320539,1829,0,0,0
26.6028,83810,838330539,1820,0,0,0
26.6130,83811,838340538,1815,0,0,0
26.6231,83812,838350539,1808,0,0,0
26.6330,83813,838360539,1822,0,0,0
26.6428,83814,838370539,1821,0,0,0
26.6526,83815,838380539,1829,0,0,0
26.6627,83816,838390538,1819,0,0,0
26.6726,83817,838400539,1833,0,0,0
26.6828,83818,838410539,1823,0,0,0
26.6968,83819,838420539,1827,0,0,0
26.7028,83820,838430539,1830,0,0,0
26.7127,83821,838440539,1831,0,0,0
26.7232,83822,838450538,1821,0,0,0
26.7327,83823,838460539,1830,0,0,0
26.7426,83824,838470539,1824,0,0,0
26.7526,83825,838480539,1833,0,0,0
26.7628,83826,838490539,1823,0,0,0
26.7728,83827,838500539,1827,0,0,0
26.7826,83828,838510538,1850,0,0,0
26.7925,83829,838520539,1839,0,0,0
26.8026,83830,838530539,1827,0,0,0
26.8127,83831,838540538,1835,0,0,0
26.8226,83832,838550539,1839,0,0,0
26.8327,83833,838560539,1843,0,0,0
26.8426,83834,838570539,1850,0,0,0
26.8527,83835,838580539,1856,0,0,0
26.8627,83836,838590539,1853,0,0,0
26.8727,83837,838600538,1863,0,0,0
26.8828,83838,838610539,1863,0,0,0
26.8929,83839,838620538,1853,0,0,0
26.9028,83840,838630539,1860,0,0,0
26.9128,83841,838640539,1859,0,0,0
26.9230,83842,838650539,1867,0,0,0
26.9330,83843,838660539,1863,0,0,0
26.9442,83844,838670539,1872,0,0,0
26.9525,83845,838680539,1893,0,0,0
26.9632,83846,838690539,1909,0,0,0
26.9737,83847,838700538,1923,0,0,0
26.9826,83848,838710539,1936,0,0,0
26.9926,83849,838720539,1978,0,0,0
27.0026,83850,838730539,1975,0,0,0
27.0126,83851,838740539,1968,0,0,0
27.0226,83852,838750538,1904,0,0,0
27.0326,83853,838760539,1856,0,0,0
27.0426,83854,838770539,1856,0,0,0
27.0527,83855,838780539,1862,0,0,0
27.0627,83856,838790539,1842,0,0,0
27.0729,83857,838800539,1840,0,0,0
27.0828,83858,838810539,1847,0,0,0
27.0928,83859,838820539,1837,0,0,0
27.1028,83860,838830538,1684,0,0,0
27.1128,83861,838840539,1515,0,0,0
27.1230,83862,838850539,2022,0,0,0
27.1329,83863,838860539,3598,0,0,0
27.1429,83864,838870539,2855,0,0,0
27.1527,83865,838880539,1872,0,0,0
27.1633,83866,838890539,1702,0,0,0
27.1728,83867,838900539,1835,0,0,0
27.1825,83868,838910539,1794,0,0,0
27.1934,83869,838920539,1762,0,0,0
27.2048,83870,838930539,1776,0,0,0
27.2127,83871,838940539,1774,0,0,0
27.2229,83872,838950539,1776,0,0,0
27.2331,83873,838960539,1798,0,0,0
27.2427,83874,838970539,1808,0,0,0
27.2526,83875,838980538,1808,0,0,0
27.2626,83876,838990539,1807,0,0,0
27.2726,83877,839000538,1813,0,0,0
27.2826,83878,839010539,1833,0,0,0
27.2927,83879,839020539,1830,0,0,0
27.3028,83880,839030538,1824,0,0,0
27.3125,83881,839040539,1833,0,0,0
27.3229,83882,839050539,1839,0,0,0
27.3331,83883,839060538,1845,0,0,0
27.3430,83884,839070539,1861,0,0,0
27.3527,83885,839080538,1872,0,0,0
27.3631,83886,839090539,1898,0,0,0
27.3729,83887,839100539,1909,0,0,0
27.3830,83888,839110539,1923,0,0,0
27.3931,83889,839120539,1925,0,0,0
27.4028,83890,839130539,1957,0,0,0
27.4128,83891,839140538,1967,0,0,0
27.4227,83892,839150539,1957,0,0,0
27.4326,83893,839160539,1943,0,0,0
27.4428,83894,839170538,1934,0,0,0
27.4527,83895,839180539,1894,0,0,0
27.4626,83896,839190539,1871,0,0,0
27.4727,83897,839200539,1827,0,0,0
27.4826,83898,839210539,1826,0,0,0
27.4926,83899,839220538,1805,0,0,0
27.5026,83900,839230539,1820,0,0,0
27.5126,83901,839240539,1795,0,0,0
27.5227,83902,839250539,1791,0,0,0
27.5326,83903,839260538,1795,0,0,0
27.5429,83904,839270539,1789,0,0,0
27.5526,83905,839280539,1796,0,0,0
27.5628,83906,839290538,1809,0,0,0
27.5728,83907,839300539,1783,0,0,0
27.5826,83908,839310539,1808,0,0,0
27.5929,83909,839320539,1792,0,0,0
27.6028,83910,839330539,1813,0,0,0
27.6127,83911,839340538,1816,0,0,0
27.6234,83912,839350539,1819,0,0,0
27.6329,83913,839360539,1808,0,0,0
27.6430,83914,839370539,1815,0,0,0
27.6529,83915,839380539,1819,0,0,0
27.6627,83916,839390539,1840,0,0,0
27.6728,83917,839400538,1807,0,0,0
27.6827,83918,839410539,1821,0,0,0
27.6928,83919,839420539,1819,0,0,0
27.7028,83920,839430539,1823,0,0,0
27.7127,83921,839440539,1809,0,0,0
27.7227,83922,839450539,1813,0,0,0
27.7331,83923,839460539,1819,0,0,0
27.7427,83924,839470539,1825,0,0,0
27.7529,83925,839480538,1811,0,0,0
27.7628,83926,839490539,1823,0,0,0
27.7727,83927,839500539,1815,0,0,0
27.7826,83928,839510538,1824,0,0,0
27.7927,83929,839520539,1825,0,0,0
27.8027,83930,839530539,1835,0,0,0
27.8128,83931,839540539,1834,0,0,0
27.8230,83932,839550538,1841,0,0,0
27.8329,83933,839560538,1838,0,0,0
27.8429,83934,839570539,1840,0,0,0
27.8528,83935,839580539,1843,0,0,0
27.8629,83936,839590539,1845,0,0,0
27.8729,83937,839600539,1840,0,0,0
27.8831,83938,839610538,1847,0,0,0
27.8929,83939,839620539,1842,0,0,0
27.9026,83940,839630539,1849,0,0,0
27.9128,83941,839640539,1840,0,0,0
27.9226,83942,839650538,1853,0,0,0
27.9327,83943,839660539,1840,0,0,0
27.9436,83944,839670539,1853,0,0,0
27.9528,83945,839680539,1846,0,0,0
27.9627,83946,839690538,1849,0,0,0
27.9728,83947,839700538,1839,0,0,0
27.9827,83948,839710539,1842,0,0,0
27.9928,83949,839720538,1846,0,0,0
28.0026,83950,839730539,1863,0,0,0
28.0126,83951,839740538,1886,0,0,0
28.0226,83952,839750539,1904,0,0,0
28.0327,83953,839760539,1932,0,0,0
28.0428,83954,839770539,1969,0,0,0
28.0528,83955,839780539,1938,0,0,0
28.0628,83956,839790539,1905,0,0,0
28.0729,83957,839800538,1849,0,0,0
28.0830,83958,839810539,1835,0,0,0
28.0928,83959,839820538,1823,0,0,0
28.1028,83960,839830539,1811,0,0,0
28.1129,83961,839840539,1794,0,0,0
28.1228,83962,839850539,1805,0,0,0
28.1328,83963,839860539,1803,0,0,0
28.1430,83964,839870539,1799,0,0,0
28.1528,83965,839880539,1525,0,0,0
28.1629,83966,839890539,1599,0,0,0
28.1729,83967,839900539,2405,0,0,0
28.1828,83968,839910538,3883,0,0,0
28.1928,83969,839920539,2365,0,0,0
28.2028,83970,839930539,1710,0,0,0
28.2128,83971,839940539,1726,0,0,0
28.2227,83972,839950539,1823,0,0,0
28.2327,83973,839960538,1735,0,0,0
28.2427,83974,839970539,1744,0,0,0
28.2532,83975,839980538,1747,0,0,0
28.2627,83976,839990539,1762,0,0,0
28.2727,83977,840000539,1770,0,0,0
28.2826,83978,840010539,1782,0,0,0
28.2927,83979,840020538,1768,0,0,0
28.3026,83980,840030539,1782,0,0,0
28.3127,83981,840040539,1792,0,0,0
28.3228,83982,840050539,1788,0,0,0
28.3327,83983,840060539,1777,0,0,0
28.3429,83984,840070539,1807,0,0,0
28.3527,83985,840080538,1799,0,0,0
28.3627,83986,840090539,1803,0,0,0
28.3741,83987,840100539,1808,0,0,0
28.3828,83988,840110539,1824,0,0,0
28.3928,83989,840120539,1821,0,0,0
28.4027,83990,840130539,1843,0,0,0
28.4128,83991,840140538,1854,0,0,0
28.4226,83992,840150539,1872,0,0,0
28.4331,83993,840160539,1882,0,0,0
28.4457,83994,840170539,1915,0,0,0
28.4527,83995,840180539,1909,0,0,0
28.4627,83996,840190539,1929,0,0,0
28.4727,83997,840200538,1917,0,0,0
28.4829,83998,840210539,1900,0,0,0
28.4929,83999,840220539,1861,0,0,0
28.5026,84000,840230539,1840,0,0,0
28.5126,84001,840240539,1803,0,0,0
28.5229,84002,840250539,1794,0,0,0
28.5327,84003,840260538,1775,0,0,0
28.5427,84004,840270539,1769,0,0,0
28.5527,84005,840280539,1771,0,0,0
28.5627,84006,840290538,1767,0,0,0
28.5728,84007,840300539,1767,0,0,0
28.5827,84008,840310539,1772,0,0,0
28.5929,84009,840320538,1767,0,0,0
28.6026,84010,840330539,1776,0,0,0
28.6128,84011,840340539,1773,0,0,0
28.6228,84012,840350539,1775,0,0,0
28.6329,84013,840360538,1777,0,0,0
28.6429,84014,840370539,1797,0,0,0
28.6527,84015,840380539,1789,0,0,0
28.6629,84016,840390539,1792,0,0,0
28.6728,84017,840400539,1789,0,0,0
28.6828,84018,840410539,1796,0,0,0
28.6926,84019,840420539,1794,0,0,0
28.7025,84020,840430538,1811,0,0,0
28.7127,84021,840440539,1798,0,0,0
28.7226,84022,840450539,1813,0,0,0
28.7327,84023,840460539,1811,0,0,0
28.7429,84024,840470539,1822,0,0,0
28.7528,84025,840480539,1811,0,0,0
28.7629,84026,840490539,1820,0,0,0
28.7726,84027,840500539,1810,0,0,0
28.7826,84028,840510539,1827,0,0,0
28.7928,84029,840520539,1815,0,0,0
28.8027,84030,840530538,1830,0,0,0
28.8127,84031,840540539,1811,0,0,0
28.8228,84032,840550538,1829,0,0,0
28.8329,84033,840560539,1821,0,0,0
28.8430,84034,840570539,1831,0,0,0
28.8528,84035,840580539,1829,0,0,0
28.8629,84036,840590538,1839,0,0,0
28.8729,84037,840600538,1829,0,0,0
28.8831,84038,840610539,1835,0,0,0
28.8930,84039,840620539,1835,0,0,0
28.9028,84040,840630538,1845,0,0,0
28.9130,84041,840640538,1837,0,0,0
28.9233,84042,840650539,1841,0,0,0
28.9349,84043,840660539,1824,0,0,0
28.9427,84044,840670539,1841,0,0,0
28.9525,84045,840680539,1829,0,0,0
28.9627,84046,840690538,1845,0,0,0
28.9729,84047,840700539,1840,0,0,0
28.9826,84048,840710539,1855,0,0,0
28.9926,84049,840720539,1841,0,0,0
29.0025,84050,840730539,1856,0,0,0
29.0127,84051,840740538,1842,0,0,0
29.0227,84052,840750539,1863,0,0,0
29.0326,84053,840760538,1849,0,0,0
29.0427,84054,840770539,1867,0,0,0
29.0527,84055,840780539,1859,0,0,0
29.0629,84056,840790538,1872,0,0,0
29.0729,84057,840800539,1854,0,0,0
29.0830,84058,840810539,1878,0,0,0
29.0930,84059,840820538,1893,0,0,0
29.1026,84060,840830539,1925,0,0,0
29.1135,84061,840840538,1919,0,0,0
29.1230,84062,840850539,1972,0,0,0
29.1329,84063,840860539,1959,0,0,0
29.1430,84064,840870538,1942,0,0,0
29.1527,84065,840880539,1887,0,0,0
29.1632,84066,840890539,1858,0,0,0
29.1729,84067,840900539,1830,0,0,0
29.1826,84068,840910539,1830,0,0,0
29.1946,84069,840920539,1808,0,0,0
29.2028,84070,840930539,1823,0,0,0
29.2127,84071,840940539,1815,0,0,0
29.2226,84072,840950538,1806,0,0,0
29.2329,84073,840960538,1606,0,0,0
29.2428,84074,840970539,1505,0,0,0
29.2530,84075,840980539,2082,0,0,0
29.2626,84076,840990539,3861,0,0,0
29.2726,84077,841000539,2727,0,0,0
29.2826,84078,841010539,1744,0,0,0
29.2927,84079,841020539,1655,0,0,0
29.3027,84080,841030539,1829,0,0,0
29.3127,84081,841040538,1738,0,0,0
29.3226,84082,841050539,1741,0,0,0
29.3328,84083,841060539,1747,0,0,0
29.3428,84084,841070539,1766,0,0,0
29.3529,84085,841080539,1763,0,0,0
29.3628,84086,841090539,1783,0,0,0
29.3727,84087,841100538,1776,0,0,0
29.3829,84088,841110539,1783,0,0,0
29.3930,84089,841120539,1776,0,0,0
29.4028,84090,841130539,1791,0,0,0
29.4129,84091,841140538,1781,0,0,0
29.4229,84092,841150539,1801,0,0,0
29.4326,84093,841160539,1807,0,0,0
29.4451,84094,841170539,1810,0,0,0
29.4526,84095,841180539,1805,0,0,0
29.4628,84096,841190539,1833,0,0,0
29.4728,84097,841200539,1835,0,0,0
29.4826,84098,841210539,1862,0,0,0
29.4926,84099,841220539,1872,0,0,0
29.5029,84100,841230539,1901,0,0,0
29.5128,84101,841240539,1904,0,0,0
29.5227,84102,841250539,1925,0,0,0
29.5326,84103,841260539,1940,0,0,0
29.5427,84104,841270539,1952,0,0,0
29.5526,84105,841280539,1939,0,0,0
29.5626,84106,841290538,1931,0,0,0
29.5726,84107,841300539,1891,0,0,0
29.5828,84108,841310539,1870,0,0,0
29.5928,84109,841320539,1838,0,0,0
29.6027,84110,841330539,1811,0,0,0
29.6127,84111,841340538,1789,0,0,0
29.6228,84112,841350539,1783,0,0,0
29.6328,84113,841360539,1778,0,0,0
29.6428,84114,841370538,1795,0,0,0
29.6527,84115,841380539,1776,0,0,0
29.6627,84116,841390539,1776,0,0,0
29.6726,84117,841400539,1786,0,0,0
29.6829,84118,841410539,1788,0,0,0
29.6927,84119,841420539,1798,0,0,0
29.7026,84120,841430539,1805,0,0,0
29.7128,84121,841440539,1793,0,0,0
29.7228,84122,841450539,1808,0,0,0
29.7327,84123,841460539,1807,0,0,0
29.7428,84124,841470539,1815,0,0,0
29.7527,84125,841480539,1817,0,0,0
29.7627,84126,841490539,1824,0,0,0
29.7726,84127,841500539,1813,0,0,0
29.7826,84128,841510539,1834,0,0,0
29.7926,84129,841520539,1824,0,0,0
29.8027,84130,841530539,1842,0,0,0
29.8125,84131,841540538,1838,0,0,0
29.8228,84132,841550539,1840,0,0,0
29.8328,84133,841560539,1840,0,0,0
29.8428,84134,841570539,1855,0,0,0
29.8527,84135,841580538,1837,0,0,0
29.8628,84136,841590539,1842,0,0,0
29.8727,84137,841600539,1831,0,0,0
29.8827,84138,841610538,1843,0,0,0
29.8928,84139,841620539,1845,0,0,0
29.9027,84140,841630539,1841,0,0,0
29.9127,84141,841640539,1840,0,0,0
29.9226,84142,841650539,1849,0,0,0
29.9326,84143,841660538,1840,0,0,0
29.9433,84144,841670539,1843,0,0,0
29.9526,84145,841680539,1843,0,0,0
29.9626,84146,841690538,1864,0,0,0
29.9725,84147,841700539,1855,0,0,0
29.9827,84148,841710539,1872,0,0,0
29.9927,84149,841720539,1858,0,0,0
30.0027,84150,841730539,1871,0,0,0
30.0137,84151,841740539,1861,0,0,0
30.0230,84152,841750539,1876,0,0,0
30.0353,84153,841760539,1879,0,0,0
30.0483,84154,841770538,1877,0,0,0
30.0571,84155,841780538,1859,0,0,0
30.0626,84156,841790539,1909,0,0,0
30.0812,84157,841800539,1863,0,0,0
30.0856,84158,841810539,1879,0,0,0
30.0927,84159,841820539,1879,0,0,0
30.1026,84160,841830539,1897,0,0,0
30.1127,84161,841840539,1909,0,0,0
30.1227,84162,841850539,1904,0,0,0
30.1333,84163,841860539,1885,0,0,0
30.1426,84164,841870539,1889,0,0,0
30.1526,84165,841880539,1893,0,0,0
30.1627,84166,841890539,1903,0,0,0
30.1727,84167,841900538,1899,0,0,0
30.1854,84168,841910539,1904,0,0,0
30.1960,84169,841920539,1903,0,0,0
30.2075,84170,841930539,1941,0,0,0
30.2168,84171,841940539,1961,0,0,0
30.2227,84172,841950539,1998,0,0,0
30.2385,84173,841960539,2007,0,0,0
30.2426,84174,841970539,2011,0,0,0
30.2527,84175,841980539,1958,0,0,0
30.2626,84176,841990539,1914,0,0,0
30.2727,84177,842000538,1865,0,0,0
30.2827,84178,842010539,1869,0,0,0
30.2927,84179,842020539,1862,0,0,0
30.3026,84180,842030539,1856,0,0,0
30.3127,84181,842040538,1865,0,0,0
30.3226,84182,842050539,1870,0,0,0
30.3342,84183,842060539,1802,0,0,0
30.3427,84184,842070539,1523,0,0,0
30.3563,84185,842080539,1792,0,0,0
30.3627,84186,842090538,2914,0,0,0
30.3726,84187,842100538,3408,0,0,0
30.3833,84188,842110539,2103,0,0,0
30.3928,84189,842120539,1773,0,0,0
30.4026,84190,842130539,1841,0,0,0
30.4128,84191,842140539,1846,0,0,0
30.4228,84192,842150539,1776,0,0,0
30.4326,84193,842160538,1783,0,0,0
30.4459,84194,842170539,1808,0,0,0
30.4526,84195,842180539,1797,0,0,0
30.4626,84196,842190539,1827,0,0,0
30.4727,84197,842200539,1833,0,0,0
30.4826,84198,842210539,1840,0,0,0
30.4962,84199,842220539,1826,0,0,0
30.5031,84200,842230539,1840,0,0,0
30.5143,84201,842240539,1842,0,0,0
30.5237,84202,842250539,1845,0,0,0
30.5326,84203,842260539,1855,0,0,0
30.5427,84204,842270538,1873,0,0,0
30.5528,84205,842280539,1853,0,0,0
30.5626,84206,842290539,1872,0,0,0
30.5726,84207,842300539,1867,0,0,0
30.5827,84208,842310539,1883,0,0,0
30.5928,84209,842320538,1893,0,0,0
30.6026,84210,842330539,1915,0,0,0
30.6126,84211,842340539,1937,0,0,0
30.6229,84212,842350539,1970,0,0,0
30.6360,84213,842360539,1954,0,0,0
30.6463,84214,842370539,1989,0,0,0
30.6546,84215,842380539,1984,0,0,0
30.6626,84216,842390539,1981,0,0,0
30.6752,84217,842400539,1959,0,0,0
30.6827,84218,842410539,1918,0,0,0
30.6926,84219,842420539,1896,0,0,0
30.7053,84220,842430539,1861,0,0,0
30.7126,84221,842440538,1835,0,0,0
30.7227,84222,842450539,1831,0,0,0
30.7327,84223,842460538,1809,0,0,0
30.7426,84224,842470539,1808,0,0,0
30.7525,84225,842480539,1798,0,0,0
30.7629,84226,842490538,1801,0,0,0
30.7726,84227,842500539,1793,0,0,0
30.7826,84228,842510539,1803,0,0,0
30.7927,84229,842520539,1794,0,0,0
30.8026,84230,842530539,1786,0,0,0
30.8127,84231,842540539,1806,0,0,0
30.8228,84232,842550539,1801,0,0,0
30.8326,84233,842560538,1798,0,0,0
30.8428,84234,842570539,1814,0,0,0
30.8527,84235,842580538,1808,0,0,0
30.8628,84236,842590539,1818,0,0,0
30.8727,84237,842600539,1821,0,0,0
30.8827,84238,842610539,1828,0,0,0
30.8926,84239,842620538,1833,0,0,0
30.9027,84240,842630539,1841,0,0,0
30.9128,84241,842640539,1827,0,0,0
30.9226,84242,842650538,1829,0,0,0
30.9327,84243,842660539,1808,0,0,0
30.9427,84244,842670539,1823,0,0,0
30.9526,84245,842680539,1821,0,0,0
30.9627,84246,842690538,1822,0,0,0
30.9733,84247,842700539,1818,0,0,0
30.9827,84248,842710539,1823,0,0,0
30.9927,84249,842720538,1827,0,0,0
31.0027,84250,842730539,1810,0,0,0
31.0126,84251,842740539,1818,0,0,0
31.0226,84252,842750539,1821,0,0,0
31.0327,84253,842760538,1808,0,0,0
31.0426,84254,842770539,1808,0,0,0
31.0526,84255,842780539,1792,0,0,0
31.0627,84256,842790539,1799,0,0,0
31.0729,84257,842800539,1787,0,0,0
31.0826,84258,842810539,1792,0,0,0
31.0927,84259,842820539,1794,0,0,0
31.1027,84260,842830539,1782,0,0,0
31.1126,84261,842840538,1779,0,0,0
31.1228,84262,842850539,1793,0,0,0
31.1327,84263,842860538,1779,0,0,0
31.1426,84264,842870539,1792,0,0,0
31.1527,84265,842880539,1799,0,0,0
31.1627,84266,842890538,1797,0,0,0
31.1726,84267,842900539,1808,0,0,0
31.1827,84268,842910539,1806,0,0,0
31.1928,84269,842920538,1801,0,0,0
31.2026,84270,842930539,1811,0,0,0
31.2127,84271,842940539,1810,0,0,0
31.2227,84272,842950539,1814,0,0,0
31.2327,84273,842960539,1826,0,0,0
31.2428,84274,842970539,1857,0,0,0
31.2526,84275,842980539,1877,0,0,0
31.2626,84276,842990538,1895,0,0,0
31.2727,84277,843000539,1936,0,0,0
31.2826,84278,843010539,1947,0,0,0
31.2927,84279,843020538,1917,0,0,0
31.3027,84280,843030539,1883,0,0,0
31.3126,84281,843040539,1839,0,0,0
31.3226,84282,843050539,1818,0,0,0
31.3327,84283,843060538,1808,0,0,0
31.3427,84284,843070539,1810,0,0,0
31.3527,84285,843080539,1801,0,0,0
31.3627,84286,843090539,1799,0,0,0
31.3727,84287,843100539,1793,0,0,0
31.3827,84288,843110539,1670,0,0,0
31.3928,84289,843120539,1472,0,0,0
31.4027,84290,843130539,1968,0,0,0
31.4126,84291,843140538,3508,0,0,0
31.4227,84292,843150539,2911,0,0,0
31.4325,84293,843160539,1856,0,0,0
31.4429,84294,843170539,1650,0,0,0
31.4527,84295,843180539,1801,0,0,0
31.4626,84296,843190539,1746,0,0,0
31.4729,84297,843200538,1717,0,0,0
31.4826,84298,843210539,1729,0,0,0
31.4926,84299,843220538,1732,0,0,0
31.5031,84300,843230539,1750,0,0,0
31.5128,84301,843240538,1750,0,0,0
31.5226,84302,843250539,1755,0,0,0
31.5326,84303,843260539,1775,0,0,0
31.5429,84304,843270539,1774,0,0,0
31.5527,84305,843280539,1766,0,0,0
31.5627,84306,843290539,1779,0,0,0
31.5727,84307,843300539,1790,0,0,0
31.5827,84308,843310538,1783,0,0,0
31.5926,84309,843320539,1788,0,0,0
31.6027,84310,843330538,1797,0,0,0
31.6126,84311,843340539,1808,0,0,0
31.6226,84312,843350539,1813,0,0,0
31.6327,84313,843360539,1807,0,0,0
31.6427,84314,843370539,1819,0,0,0
31.6526,84315,843380538,1841,0,0,0
31.6627,84316,843390539,1872,0,0,0
31.6726,84317,843400538,1885,0,0,0
31.6827,84318,843410539,1902,0,0,0
31.6927,84319,843420539,1906,0,0,0
31.7027,84320,843430538,1915,0,0,0
31.7127,84321,843440538,1897,0,0,0
31.7227,84322,843450539,1865,0,0,0
31.7327,84323,843460539,1843,0,0,0
31.7429,84324,843470539,1814,0,0,0
31.7527,84325,843480539,1779,0,0,0
31.7626,84326,843490539,1770,0,0,0
31.7730,84327,843500539,1755,0,0,0
31.7827,84328,843510539,1762,0,0,0
31.7929,84329,843520539,1767,0,0,0
31.8030,84330,843530539,1767,0,0,0
31.8127,84331,843540539,1775,0,0,0
31.8228,84332,843550539,1775,0,0,0
31.8327,84333,843560539,1781,0,0,0
31.8427,84334,843570539,1791,0,0,0
31.8526,84335,843580538,1789,0,0,0
31.8626,84336,843590539,1802,0,0,0
31.8727,84337,843600539,1808,0,0,0
31.8827,84338,843610539,1808,0,0,0
31.8926,84339,843620538,1808,0,0,0
31.9028,84340,843630539,1807,0,0,0
31.9127,84341,843640538,1814,0,0,0
31.9226,84342,843650539,1815,0,0,0
31.9328,84343,843660539,1823,0,0,0
31.9426,84344,843670539,1837,0,0,0
31.9525,84345,843680539,1824,0,0,0
31.9627,84346,843690539,1823,0,0,0
31.9727,84347,843700538,1829,0,0,0
31.9826,84348,843710539,1839,0,0,0
31.9927,84349,843720538,1820,0,0,0
32.0027,84350,843730539,1812,0,0,0
32.0126,84351,843740538,1825,0,0,0
32.0227,84352,843750539,1831,0,0,0
32.0326,84353,843760539,1825,0,0,0
32.0426,84354,843770539,1831,0,0,0
32.0527,84355,843780539,1831,0,0,0
32.0627,84356,843790539,1833,0,0,0
32.0726,84357,843800539,1827,0,0,0
32.0827,84358,843810539,1825,0,0,0
32.0927,84359,843820539,1835,0,0,0
32.1027,84360,843830539,1830,0,0,0
32.1127,84361,843840538,1827,0,0,0
32.1227,84362,843850539,1839,0,0,0
32.1326,84363,843860539,1836,0,0,0
32.1428,84364,843870538,1835,0,0,0
32.1526,84365,843880539,1840,0,0,0
32.1626,84366,843890539,1843,0,0,0
32.1727,84367,843900539,1845,0,0,0
32.1834,84368,843910539,1851,0,0,0
32.1927,84369,843920539,1841,0,0,0
32.2028,84370,843930538,1840,0,0,0
32.2127,84371,843940539,1842,0,0,0
32.2226,84372,843950539,1845,0,0,0
32.2330,84373,843960539,1841,0,0,0
32.2430,84374,843970538,1850,0,0,0
32.2526,84375,843980539,1862,0,0,0
32.2626,84376,843990539,1858,0,0,0
32.2726,84377,844000538,1857,0,0,0
32.2826,84378,844010539,1865,0,0,0
32.2926,84379,844020539,1879,0,0,0
32.3026,84380,844030539,1904,0,0,0
32.3127,84381,844040539,1918,0,0,0
32.3226,84382,844050539,1939,0,0,0
32.3326,84383,844060539,1959,0,0,0
32.3428,84384,844070538,1945,0,0,0
32.3526,84385,844080539,1905,0,0,0
32.3626,84386,844090539,1853,0,0,0
32.3727,84387,844100539,1826,0,0,0
32.3826,84388,844110538,1828,0,0,0
32.3926,84389,844120539,1828,0,0,0
32.4027,84390,844130539,1814,0,0,0
32.4126,84391,844140539,1818,0,0,0
32.4227,84392,844150539,1814,0,0,0
32.4326,84393,844160539,1739,0,0,0
32.4425,84394,844170539,1485,0,0,0
32.4526,84395,844180539,1829,0,0,0
32.4627,84396,844190539,3158,0,0,0
32.4726,84397,844200539,3265,0,0,0
32.4828,84398,844210539,1977,0,0,0
32.4928,84399,844220538,1615,0,0,0
32.5026,84400,844230539,1814,0,0,0
32.5132,84401,844240538,1813,0,0,0
32.5227,84402,844250539,1744,0,0,0
32.5327,84403,844260539,1751,0,0,0
32.5426,84404,844270539,1745,0,0,0
32.5528,84405,844280538,1769,0,0,0
32.5630,84406,844290539,1769,0,0,0
32.5726,84407,844300539,1767,0,0,0
32.5828,84408,844310539,1786,0,0,0
32.5926,84409,844320539,1796,0,0,0
32.6027,84410,844330539,1797,0,0,0
32.6127,84411,844340539,1795,0,0,0
32.6227,84412,844350539,1797,0,0,0
32.6327,84413,844360539,1808,0,0,0
32.6426,84414,844370538,1795,0,0,0
32.6525,84415,844380539,1803,0,0,0
32.6626,84416,844390539,1821,0,0,0
32.6725,84417,844400539,1821,0,0,0
32.6826,84418,844410539,1840,0,0,0
32.6926,84419,844420539,1843,0,0,0
32.7034,84420,844430539,1877,0,0,0
32.7126,84421,844440539,1907,0,0,0
32.7228,84422,844450538,1922,0,0,0
32.7329,84423,844460539,1931,0,0,0
32.7428,84424,844470539,1939,0,0,0
32.7526,84425,844480538,1947,0,0,0
32.7626,84426,844490539,1924,0,0,0
32.7726,84427,844500539,1886,0,0,0
32.7826,84428,844510538,1858,0,0,0
32.7927,84429,844520539,1839,0,0,0
32.8026,84430,844530539,1823,0,0,0
32.8127,84431,844540539,1806,0,0,0
32.8226,84432,844550539,1775,0,0,0
32.8328,84433,844560538,1793,0,0,0
32.8427,84434,844570539,1789,0,0,0
32.8526,84435,844580539,1794,0,0,0
32.8627,84436,844590539,1791,0,0,0
32.8727,84437,844600539,1804,0,0,0
32.8826,84438,844610539,1785,0,0,0
32.8928,84439,844620538,1791,0,0,0
32.9027,84440,844630539,1801,0,0,0
32.9127,84441,844640539,1821,0,0,0
32.9226,84442,844650539,1823,0,0,0
32.9326,84443,844660538,1827,0,0,0
32.9453,84444,844670539,1797,0,0,0
32.9527,84445,844680539,1828,0,0,0
32.9627,84446,844690539,1825,0,0,0
32.9729,84447,844700539,1838,0,0,0
32.9826,84448,844710539,1850,0,0,0
32.9927,84449,844720539,1841,0,0,0
33.0026,84450,844730539,1841,0,0,0
33.0127,84451,844740539,1856,0,0,0
33.0227,84452,844750538,1857,0,0,0
33.0327,84453,844760539,1842,0,0,0
33.0427,84454,844770539,1841,0,0,0
33.0526,84455,844780539,1853,0,0,0
33.0626,84456,844790539,1863,0,0,0
33.0727,84457,844800538,1851,0,0,0
33.0826,84458,844810539,1835,0,0,0
33.0925,84459,844820539,1856,0,0,0
33.1026,84460,844830539,1866,0,0,0
33.1126,84461,844840539,1856,0,0,0
33.1227,84462,844850539,1845,0,0,0
33.1329,84463,844860539,1852,0,0,0
33.1427,84464,844870539,1872,0,0,0
33.1527,84465,844880539,1867,0,0,0
33.1627,84466,844890539,1849,0,0,0
33.1727,84467,844900539,1859,0,0,0
33.1826,84468,844910539,1866,0,0,0
33.1927,84469,844920539,1877,0,0,0
33.2027,84470,844930539,1886,0,0,0
33.2127,84471,844940538,1884,0,0,0
33.2227,84472,844950539,1871,0,0,0
33.2328,84473,844960539,1873,0,0,0
33.2428,84474,844970539,1879,0,0,0
33.2527,84475,844980539,1883,0,0,0
33.2626,84476,844990539,1900,0,0,0
33.2726,84477,845000539,1905,0,0,0
33.2826,84478,845010539,1895,0,0,0
33.2927,84479,845020539,1901,0,0,0
33.3027,84480,845030539,1899,0,0,0
33.3126,84481,845040539,1926,0,0,0
33.3227,84482,845050539,1889,0,0,0
33.3326,84483,845060539,1890,0,0,0
33.3427,84484,845070539,1901,0,0,0
33.3526,84485,845080539,1919,0,0,0
33.3626,84486,845090539,1943,0,0,0
33.3727,84487,845100539,1945,0,0,0
33.3827,84488,845110539,1982,0,0,0
33.3927,84489,845120538,2017,0,0,0
33.4026,84490,845130539,1981,0,0,0
33.4127,84491,845140539,1949,0,0,0
33.4228,84492,845150539,1885,0,0,0
33.4327,84493,845160539,1881,0,0,0
33.4426,84494,845170539,1858,0,0,0
33.4527,84495,845180539,1866,0,0,0
33.4626,84496,845190539,1831,0,0,0
33.4727,84497,845200539,1833,0,0,0
33.4828,84498,845210539,1835,0,0,0
33.4926,84499,845220539,1776,0,0,0
33.5029,84500,845230539,1520,0,0,0
33.5127,84501,845240539,1853,0,0,0
33.5227,84502,845250539,3015,0,0,0
33.5330,84503,845260539,3239,0,0,0
33.5426,84504,845270538,1995,0,0,0
33.5527,84505,845280539,1771,0,0,0
33.5632,84506,845290539,1809,0,0,0
33.5728,84507,845300539,1822,0,0,0
33.5826,84508,845310538,1764,0,0,0
33.5928,84509,845320539,1778,0,0,0
33.6028,84510,845330539,1783,0,0,0
33.6127,84511,845340539,1793,0,0,0
33.6227,84512,845350538,1799,0,0,0
33.6328,84513,845360539,1801,0,0,0
33.6428,84514,845370539,1797,0,0,0
33.6529,84515,845380539,1808,0,0,0
33.6630,84516,845390539,1798,0,0,0
33.6727,84517,845400539,1806,0,0,0
33.6830,84518,845410539,1805,0,0,0
33.6960,84519,845420539,1822,0,0,0
33.7026,84520,845430538,1814,0,0,0
33.7126,84521,845440538,1827,0,0,0
33.7227,84522,845450539,1823,0,0,0
33.7329,84523,845460538,1838,0,0,0
33.7428,84524,845470539,1842,0,0,0
33.7528,84525,845480539,1835,0,0,0
33.7626,84526,845490539,1842,0,0,0
33.7726,84527,845500538,1888,0,0,0
33.7826,84528,845510539,1897,0,0,0
33.7928,84529,845520539,1891,0,0,0
33.8027,84530,845530539,1909,0,0,0
33.8129,84531,845540539,1923,0,0,0
33.8229,84532,845550538,1903,0,0,0
33.8334,84533,845560539,1872,0,0,0
33.8427,84534,845570539,1840,0,0,0
33.8528,84535,845580539,1805,0,0,0
33.8630,84536,845590539,1771,0,0,0
33.8730,84537,845600539,1769,0,0,0
33.8830,84538,845610539,1747,0,0,0
33.8929,84539,845620539,1753,0,0,0
33.9028,84540,845630538,1743,0,0,0
33.9128,84541,845640539,1744,0,0,0
33.9226,84542,845650539,1739,0,0,0
33.9327,84543,845660539,1757,0,0,0
33.9438,84544,845670539,1745,0,0,0
33.9526,84545,845680539,1751,0,0,0
33.9627,84546,845690539,1756,0,0,0
33.9728,84547,845700539,1771,0,0,0
33.9827,84548,845710539,1782,0,0,0
33.9926,84549,845720538,1783,0,0,0
34.0027,84550,845730539,1776,0,0,0
34.0131,84551,845740539,1783,0,0,0
34.0226,84552,845750539,1782,0,0,0
34.0326,84553,845760538,1808,0,0,0
34.0428,84554,845770539,1791,0,0,0
34.0527,84555,845780538,1802,0,0,0
34.0627,84556,845790539,1788,0,0,0
34.0726,84557,845800539,1795,0,0,0
34.0826,84558,845810538,1792,0,0,0
34.0928,84559,845820538,1801,0,0,0
34.1029,84560,845830539,1797,0,0,0
34.1129,84561,845840539,1795,0,0,0
34.1229,84562,845850539,1792,0,0,0
34.1330,84563,845860538,1799,0,0,0
34.1426,84564,845870539,1802,0,0,0
34.1525,84565,845880539,1805,0,0,0
34.1626,84566,845890539,1798,0,0,0
34.1728,84567,845900539,1795,0,0,0
34.1827,84568,845910539,1794,0,0,0
34.1928,84569,845920538,1791,0,0,0
34.2025,84570,845930539,1785,0,0,0
34.2127,84571,845940539,1799,0,0,0
34.2226,84572,845950539,1797,0,0,0
34.2327,84573,845960539,1797,0,0,0
34.2427,84574,845970539,1805,0,0,0
34.2525,84575,845980539,1804,0,0,0
34.2628,84576,845990538,1808,0,0,0
34.2726,84577,846000538,1810,0,0,0
34.2827,84578,846010539,1810,0,0,0
34.2927,84579,846020539,1809,0,0,0
34.3028,84580,846030539,1813,0,0,0
34.3126,84581,846040538,1808,0,0,0
34.3226,84582,846050539,1807,0,0,0
34.3326,84583,846060539,1821,0,0,0
34.3428,84584,846070539,1824,0,0,0
34.3528,84585,846080538,1829,0,0,0
34.3628,84586,846090539,1830,0,0,0
34.3729,84587,846100539,1835,0,0,0
34.3828,84588,846110539,1831,0,0,0
34.3929,84589,846120539,1855,0,0,0
34.4030,84590,846130539,1873,0,0,0
34.4130,84591,846140538,1893,0,0,0
34.4230,84592,846150539,1931,0,0,0
34.4334,84593,846160539,1943,0,0,0
34.4427,84594,846170539,1915,0,0,0
34.4531,84595,846180539,1887,0,0,0
34.4629,84596,846190539,1835,0,0,0
34.4727,84597,846200539,1819,0,0,0
34.4829,84598,846210539,1799,0,0,0
34.4928,84599,846220539,1798,0,0,0
34.5026,84600,846230539,1791,0,0,0
34.5129,84601,846240539,1797,0,0,0
34.5227,84602,846250539,1778,0,0,0
34.5326,84603,846260539,1745,0,0,0
34.5426,84604,846270539,1465,0,0,0
34.5528,84605,846280539,1731,0,0,0
34.5627,84606,846290539,2873,0,0,0
34.5729,84607,846300539,3487,0,0,0
34.5829,84608,846310538,2064,0,0,0
34.5929,84609,846320538,1586,0,0,0
34.6028,84610,846330539,1779,0,0,0
34.6130,84611,846340539,1779,0,0,0
34.6229,84612,846350538,1722,0,0,0
34.6330,84613,846360539,1757,0,0,0
34.6431,84614,846370538,1754,0,0,0
34.6526,84615,846380539,1770,0,0,0
34.6626,84616,846390539,1767,0,0,0
34.6728,84617,846400539,1785,0,0,0
34.6832,84618,846410538,1791,0,0,0
34.6927,84619,846420539,1791,0,0,0
34.7027,84620,846430539,1791,0,0,0
34.7126,84621,846440538,1803,0,0,0
34.7235,84622,846450539,1801,0,0,0
34.7328,84623,846460539,1813,0,0,0
34.7427,84624,846470539,1821,0,0,0
34.7525,84625,846480539,1834,0,0,0
34.7626,84626,846490539,1833,0,0,0
34.7726,84627,846500539,1841,0,0,0
34.7826,84628,846510538,1845,0,0,0
34.7926,84629,846520538,1871,0,0,0
34.8026,84630,846530539,1877,0,0,0
34.8127,84631,846540538,1905,0,0,0
34.8228,84632,846550539,1921,0,0,0
34.8328,84633,846560539,1941,0,0,0
34.8429,84634,846570538,1951,0,0,0
34.8529,84635,846580539,1953,0,0,0
34.8628,84636,846590539,1930,0,0,0
34.8728,84637,846600538,1922,0,0,0
34.8831,84638,846610539,1885,0,0,0
34.8928,84639,846620538,1857,0,0,0
34.9027,84640,846630539,1825,0,0,0
34.9126,84641,846640539,1808,0,0,0
34.9228,84642,846650539,1778,0,0,0
34.9333,84643,846660538,1791,0,0,0
34.9430,84644,846670539,1779,0,0,0
34.9525,84645,846680539,1791,0,0,0
34.9627,84646,846690539,1790,0,0,0
34.9727,84647,846700538,1799,0,0,0
34.9833,84648,846710539,1802,0,0,0
34.9925,84649,846720539,1807,0,0,0
35.0025,84650,846730539,1799,0,0,0
35.0127,84651,846740538,1827,0,0,0
35.0226,84652,846750539,1808,0,0,0
35.0326,84653,846760539,1802,0,0,0
35.0427,84654,846770538,1808,0,0,0
35.0526,84655,846780539,1814,0,0,0
35.0626,84656,846790539,1815,0,0,0
35.0727,84657,846800539,1826,0,0,0
35.0826,84658,846810539,1845,0,0,0
35.0926,84659,846820539,1849,0,0,0
35.1027,84660,846830539,1830,0,0,0
35.1128,84661,846840539,1839,0,0,0
35.1228,84662,846850539,1846,0,0,0
35.1328,84663,846860538,1862,0,0,0
35.1428,84664,846870539,1835,0,0,0
35.1528,84665,846880539,1853,0,0,0
35.1627,84666,846890539,1854,0,0,0
35.1728,84667,846900539,1866,0,0,0
35.1827,84668,846910539,1861,0,0,0
35.1927,84669,846920539,1852,0,0,0
35.2027,84670,846930539,1840,0,0,0
35.2130,84671,846940538,1859,0,0,0
35.2226,84672,846950539,1842,0,0,0
35.2330,84673,846960539,1852,0,0,0
35.2427,84674,846970539,1856,0,0,0
35.2527,84675,846980539,1862,0,0,0
35.2626,84676,846990539,1842,0,0,0
35.2725,84677,847000539,1849,0,0,0
35.2826,84678,847010539,1856,0,0,0
35.2927,84679,847020539,1862,0,0,0
35.3026,84680,847030538,1852,0,0,0
35.3129,84681,847040538,1858,0,0,0
35.3230,84682,847050539,1871,0,0,0
35.3329,84683,847060539,1872,0,0,0
35.3429,84684,847070539,1870,0,0,0
35.3530,84685,847080539,1873,0,0,0
35.3630,84686,847090538,1878,0,0,0
35.3728,84687,847100539,1875,0,0,0
35.3830,84688,847110539,1878,0,0,0
35.3930,84689,847120539,1895,0,0,0
35.4027,84690,847130539,1872,0,0,0
35.4128,84691,847140539,1889,0,0,0
35.4227,84692,847150539,1890,0,0,0
35.4327,84693,847160538,1898,0,0,0
35.4426,84694,847170539,1894,0,0,0
35.4525,84695,847180539,1902,0,0,0
35.4628,84696,847190539,1891,0,0,0
35.4727,84697,847200539,1897,0,0,0
35.4827,84698,847210539,1898,0,0,0
35.4927,84699,847220539,1925,0,0,0
35.5026,84700,847230539,1927,0,0,0
35.5126,84701,847240539,1965,0,0,0
35.5228,84702,847250539,2001,0,0,0
35.5325,84703,847260539,1984,0,0,0
35.5426,84704,847270539,1946,0,0,0
35.5527,84705,847280539,1899,0,0,0
35.5626,84706,847290539,1855,0,0,0
35.5727,84707,847300539,1853,0,0,0
35.5830,84708,847310539,1823,0,0,0
35.5929,84709,847320539,1841,0,0,0
35.6029,84710,847330539,1838,0,0,0
35.6126,84711,847340539,1833,0,0,0
35.6229,84712,847350538,1805,0,0,0
35.6330,84713,847360538,1535,0,0,0
35.6430,84714,847370539,1670,0,0,0
35.6529,84715,847380538,2559,0,0,0
35.6626,84716,847390539,3709,0,0,0
35.6729,84717,847400539,2221,0,0,0
35.6842,84718,847410539,1776,0,0,0
35.6928,84719,847420538,1802,0,0,0
35.7027,84720,847430539,1835,0,0,0
35.7127,84721,847440539,1761,0,0,0
35.7228,84722,847450539,1765,0,0,0
35.7327,84723,847460539,1778,0,0,0
35.7425,84724,847470539,1771,0,0,0
35.7526,84725,847480539,1805,0,0,0
35.7626,84726,847490539,1793,0,0,0
35.7726,84727,847500538,1790,0,0,0
35.7829,84728,847510539,1810,0,0,0
35.7930,84729,847520539,1808,0,0,0
35.8028,84730,847530539,1796,0,0,0
35.8132,84731,847540538,1805,0,0,0
35.8228,84732,847550539,1807,0,0,0
35.8330,84733,847560539,1818,0,0,0
35.8430,84734,847570539,1825,0,0,0
35.8528,84735,847580538,1826,0,0,0
35.8627,84736,847590539,1824,0,0,0
35.8727,84737,847600539,1853,0,0,0
35.8829,84738,847610538,1855,0,0,0
35.8928,84739,847620538,1886,0,0,0
35.9028,84740,847630539,1891,0,0,0
35.9128,84741,847640538,1923,0,0,0
35.9231,84742,847650539,1926,0,0,0
35.9328,84743,847660539,1939,0,0,0
35.9427,84744,847670539,1945,0,0,0
35.9527,84745,847680539,1950,0,0,0
35.9628,84746,847690538,1914,0,0,0
35.9730,84747,847700539,1885,0,0,0
35.9828,84748,847710539,1851,0,0,0
35.9928,84749,847720539,1824,0,0,0
36.0027,84750,847730539,1790,0,0,0
36.0126,84751,847740539,1776,0,0,0
36.0227,84752,847750539,1760,0,0,0
36.0327,84753,847760539,1767,0,0,0
36.0428,84754,847770539,1763,0,0,0
36.0527,84755,847780538,1761,0,0,0
36.0626,84756,847790539,1770,0,0,0
36.0728,84757,847800539,1775,0,0,0
36.0826,84758,847810539,1755,0,0,0
36.0928,84759,847820539,1769,0,0,0
36.1028,84760,847830539,1761,0,0,0
36.1128,84761,847840538,1787,0,0,0
36.1228,84762,847850539,1789,0,0,0
36.1329,84763,847860538,1803,0,0,0
36.1428,84764,847870539,1792,0,0,0
36.1530,84765,847880539,1807,0,0,0
36.1630,84766,847890538,1803,0,0,0
36.1729,84767,847900538,1808,0,0,0
36.1828,84768,847910539,1799,0,0,0
36.1930,84769,847920539,1809,0,0,0
36.2031,84770,847930538,1808,0,0,0
36.2128,84771,847940539,1819,0,0,0
36.2230,84772,847950539,1803,0,0,0
36.2328,84773,847960539,1797,0,0,0
36.2426,84774,847970538,1795,0,0,0
36.2526,84775,847980539,1804,0,0,0
36.2626,84776,847990539,1798,0,0,0
36.2727,84777,848000538,1817,0,0,0
36.2826,84778,848010539,1818,0,0,0
36.2928,84779,848020539,1808,0,0,0
36.3028,84780,848030538,1795,0,0,0
36.3128,84781,848040539,1808,0,0,0
36.3228,84782,848050538,1808,0,0,0
36.3327,84783,848060539,1815,0,0,0
36.3428,84784,848070539,1802,0,0,0
36.3529,84785,848080539,1819,0,0,0
36.3628,84786,848090539,1815,0,0,0
36.3728,84787,848100539,1826,0,0,0
36.3828,84788,848110539,1812,0,0,0
36.3928,84789,848120539,1823,0,0,0
36.4026,84790,848130539,1819,0,0,0
36.4128,84791,848140538,1825,0,0,0
36.4231,84792,848150539,1814,0,0,0
36.4328,84793,848160539,1830,0,0,0
36.4428,84794,848170539,1825,0,0,0
36.4534,84795,848180539,1823,0,0,0
36.4625,84796,848190538,1810,0,0,0
36.4727,84797,848200539,1824,0,0,0
36.4826,84798,848210539,1828,0,0,0
36.4927,84799,848220539,1836,0,0,0
36.5027,84800,848230539,1813,0,0,0
36.5126,84801,848240539,1831,0,0,0
36.5225,84802,848250539,1825,0,0,0
36.5327,84803,848260539,1852,0,0,0
36.5427,84804,848270538,1872,0,0,0
36.5527,84805,848280539,1901,0,0,0
36.5627,84806,848290539,1915,0,0,0
36.5727,84807,848300538,1947,0,0,0
36.5825,84808,848310539,1923,0,0,0
36.5927,84809,848320538,1903,0,0,0
36.6028,84810,848330539,1828,0,0,0
36.6128,84811,848340538,1825,0,0,0
36.6229,84812,848350539,1808,0,0,0
36.6328,84813,848360539,1806,0,0,0
36.6428,84814,848370539,1786,0,0,0
36.6528,84815,848380539,1791,0,0,0
36.6627,84816,848390539,1782,0,0,0
36.6728,84817,848400539,1757,0,0,0
36.6836,84818,848410539,1471,0,0,0
36.6938,84819,848420539,1711,0,0,0
36.7027,84820,848430539,2784,0,0,0
36.7129,84821,848440539,3510,0,0,0
36.7228,84822,848450538,2115,0,0,0
36.7330,84823,848460538,1603,0,0,0
36.7433,84824,848470539,1776,0,0,0
36.7528,84825,848480538,1779,0,0,0
36.7628,84826,848490539,1707,0,0,0
36.7728,84827,848500538,1732,0,0,0
36.7827,84828,848510539,1728,0,0,0
36.7932,84829,848520539,1744,0,0,0
36.8030,84830,848530539,1745,0,0,0
36.8129,84831,848540538,1759,0,0,0
36.8229,84832,848550539,1755,0,0,0
36.8330,84833,848560539,1767,0,0,0
36.8428,84834,848570539,1763,0,0,0
36.8528,84835,848580538,1779,0,0,0
36.8628,84836,848590539,1783,0,0,0
36.8726,84837,848600539,1791,0,0,0
36.8828,84838,848610539,1788,0,0,0
36.8928,84839,848620538,1794,0,0,0
36.9026,84840,848630539,1804,0,0,0
36.9128,84841,848640538,1825,0,0,0
36.9229,84842,848650539,1822,0,0,0
36.9327,84843,848660539,1855,0,0,0
36.9442,84844,848670539,1863,0,0,0
36.9526,84845,848680539,1884,0,0,0
36.9628,84846,848690539,1899,0,0,0
36.9726,84847,848700539,1929,0,0,0
36.9828,84848,848710539,1924,0,0,0
36.9927,84849,848720538,1939,0,0,0
37.0026,84850,848730539,1911,0,0,0
37.0125,84851,848740539,1897,0,0,0
37.0226,84852,848750538,1857,0,0,0
37.0327,84853,848760538,1830,0,0,0
37.0426,84854,848770539,1809,0,0,0
37.0527,84855,848780539,1795,0,0,0
37.0627,84856,848790539,1775,0,0,0
37.0726,84857,848800538,1779,0,0,0
37.0828,84858,848810539,1769,0,0,0
37.0928,84859,848820539,1789,0,0,0
37.1028,84860,848830539,1774,0,0,0
37.1128,84861,848840539,1783,0,0,0
37.1229,84862,848850538,1774,0,0,0
37.1328,84863,848860539,1796,0,0,0
37.1426,84864,848870539,1787,0,0,0
37.1527,84865,848880539,1802,0,0,0
37.1628,84866,848890538,1792,0,0,0
37.1732,84867,848900539,1799,0,0,0
37.1830,84868,848910538,1798,0,0,0
37.1930,84869,848920539,1809,0,0,0
37.2026,84870,848930539,1807,0,0,0
37.2127,84871,848940538,1810,0,0,0
37.2227,84872,848950539,1808,0,0,0
37.2328,84873,848960538,1826,0,0,0
37.2428,84874,848970539,1811,0,0,0
37.2528,84875,848980539,1825,0,0,0
37.2628,84876,848990539,1811,0,0,0
37.2726,84877,849000539,1823,0,0,0
37.2826,84878,849010539,1821,0,0,0
37.2926,84879,849020539,1824,0,0,0
37.3028,84880,849030539,1836,0,0,0
37.3128,84881,849040539,1825,0,0,0
37.3226,84882,849050539,1824,0,0,0
37.3328,84883,849060539,1840,0,0,0
37.3428,84884,849070539,1827,0,0,0
37.3527,84885,849080539,1842,0,0,0
37.3628,84886,849090539,1840,0,0,0
37.3728,84887,849100538,1855,0,0,0
37.3828,84888,849110539,1840,0,0,0
37.3930,84889,849120539,1847,0,0,0
37.4028,84890,849130539,1845,0,0,0
37.4128,84891,849140539,1853,0,0,0
37.4227,84892,849150538,1855,0,0,0
37.4342,84893,849160539,1860,0,0,0
37.4427,84894,849170539,1853,0,0,0
37.4530,84895,849180539,1864,0,0,0
37.4628,84896,849190539,1858,0,0,0
37.4729,84897,849200538,1869,0,0,0
37.4827,84898,849210539,1863,0,0,0
37.4926,84899,849220539,1872,0,0,0
37.5028,84900,849230539,1867,0,0,0
37.5128,84901,849240539,1878,0,0,0
37.5228,84902,849250539,1867,0,0,0
37.5328,84903,849260539,1875,0,0,0
37.5428,84904,849270538,1872,0,0,0
37.5526,84905,849280539,1895,0,0,0
37.5627,84906,849290539,1877,0,0,0
37.5728,84907,849300538,1878,0,0,0
37.5828,84908,849310539,1874,0,0,0
37.5928,84909,849320539,1899,0,0,0
37.6029,84910,849330539,1888,0,0,0
37.6128,84911,849340538,1886,0,0,0
37.6227,84912,849350539,1888,0,0,0
37.6329,84913,849360539,1904,0,0,0
37.6428,84914,849370539,1906,0,0,0
37.6528,84915,849380539,1929,0,0,0
37.6628,84916,849390539,1952,0,0,0
37.6727,84917,849400539,1968,0,0,0
37.6828,84918,849410538,2018,0,0,0
37.6927,84919,849420538,2018,0,0,0
37.7028,84920,849430539,1987,0,0,0
37.7127,84921,849440539,1944,0,0,0
37.7227,84922,849450539,1895,0,0,0
37.7333,84923,849460539,1883,0,0,0
37.7426,84924,849470539,1865,0,0,0
37.7527,84925,849480538,1871,0,0,0
37.7626,84926,849490539,1863,0,0,0
37.7726,84927,849500539,1866,0,0,0
37.7826,84928,849510538,1844,0,0,0
37.7926,84929,849520539,1697,0,0,0
37.8026,84930,849530539,1535,0,0,0
37.8129,84931,849540539,2088,0,0,0
37.8230,84932,849550538,3830,0,0,0
37.8328,84933,849560539,2851,0,0,0
37.8431,84934,849570539,1808,0,0,0
37.8528,84935,849580539,1701,0,0,0
37.8628,84936,849590539,1861,0,0,0
37.8729,84937,849600539,1791,0,0,0
37.8830,84938,849610539,1771,0,0,0
37.8928,84939,849620539,1808,0,0,0
37.9029,84940,849630539,1795,0,0,0
37.9128,84941,849640538,1808,0,0,0
37.9228,84942,849650539,1805,0,0,0
37.9326,84943,849660538,1838,0,0,0
37.9428,84944,849670539,1809,0,0,0
37.9527,84945,849680539,1829,0,0,0
37.9632,84946,849690538,1831,0,0,0
37.9728,84947,849700538,1840,0,0,0
37.9826,84948,849710539,1830,0,0,0
37.9927,84949,849720539,1841,0,0,0
38.0026,84950,849730539,1840,0,0,0
38.0127,84951,849740539,1866,0,0,0
38.0226,84952,849750538,1870,0,0,0
38.0326,84953,849760539,1887,0,0,0
38.0426,84954,849770539,1903,0,0,0
38.0527,84955,849780538,1920,0,0,0
38.0626,84956,849790539,1931,0,0,0
38.0727,84957,849800538,1962,0,0,0
38.0827,84958,849810539,1971,0,0,0
38.0929,84959,849820538,2014,0,0,0
38.1029,84960,849830539,2000,0,0,0
38.1129,84961,849840539,2000,0,0,0
38.1229,84962,849850538,1983,0,0,0
38.1329,84963,849860539,1959,0,0,0
38.1429,84964,849870539,1903,0,0,0
38.1528,84965,849880538,1869,0,0,0
38.1628,84966,849890539,1847,0,0,0
38.1729,84967,849900539,1842,0,0,0
38.1825,84968,849910539,1826,0,0,0
38.1927,84969,849920538,1831,0,0,0
38.2026,84970,849930539,1798,0,0,0
38.2134,84971,849940539,1808,0,0,0
38.2228,84972,849950539,1823,0,0,0
38.2330,84973,849960539,1794,0,0,0
38.2429,84974,849970538,1794,0,0,0
38.2528,84975,849980539,1814,0,0,0
38.2625,84976,849990539,1835,0,0,0
38.2726,84977,850000539,1829,0,0,0
38.2826,84978,850010538,1814,0,0,0
38.2928,84979,850020539,1830,0,0,0
38.3027,84980,850030539,1840,0,0,0
38.3126,84981,850040538,1861,0,0,0
38.3227,84982,850050539,1840,0,0,0
38.3330,84983,850060539,1845,0,0,0
38.3428,84984,850070538,1851,0,0,0
38.3529,84985,850080538,1851,0,0,0
38.3630,84986,850090539,1856,0,0,0
38.3728,84987,850100539,1872,0,0,0
38.3825,84988,850110539,1823,0,0,0
38.3928,84989,850120539,1850,0,0,0
38.4026,84990,850130539,1840,0,0,0
38.4128,84991,850140538,1858,0,0,0
38.4227,84992,850150539,1873,0,0,0
38.4325,84993,850160538,1859,0,0,0
38.4433,84994,850170539,1856,0,0,0
38.4526,84995,850180538,1863,0,0,0
38.4627,84996,850190539,1849,0,0,0
38.4728,84997,850200539,1853,0,0,0
38.4827,84998,850210538,1849,0,0,0
38.4926,84999,850220539,1854,0,0,0
38.5027,85000,850230538,1847,0,0,0
38.5125,85001,850240539,1877,0,0,0
38.5228,85002,850250539,1850,0,0,0
38.5327,85003,850260538,1870,0,0,0
38.5427,85004,850270539,1866,0,0,0
38.5527,85005,850280539,1870,0,0,0
38.5627,85006,850290539,1872,0,0,0
38.5727,85007,850300539,1882,0,0,0
38.5827,85008,850310539,1874,0,0,0
38.5927,85009,850320539,1903,0,0,0
38.6029,85010,850330539,1873,0,0,0
38.6131,85011,850340539,1854,0,0,0
38.6229,85012,850350539,1861,0,0,0
38.6332,85013,850360539,1898,0,0,0
38.6426,85014,850370538,1874,0,0,0
38.6527,85015,850380539,1886,0,0,0
38.6628,85016,850390539,1905,0,0,0
38.6732,85017,850400539,1917,0,0,0
38.6827,85018,850410538,1899,0,0,0
38.6926,85019,850420538,1894,0,0,0
38.7026,85020,850430539,1865,0,0,0
38.7126,85021,850440539,1886,0,0,0
38.7229,85022,850450538,1904,0,0,0
38.7325,85023,850460538,1943,0,0,0
38.7426,85024,850470539,1941,0,0,0
38.7527,85025,850480539,1980,0,0,0
38.7626,85026,850490538,2022,0,0,0
38.7727,85027,850500538,2022,0,0,0
38.7827,85028,850510539,1968,0,0,0
38.7929,85029,850520539,1893,0,0,0
38.8028,85030,850530539,1877,0,0,0
38.8131,85031,850540538,1878,0,0,0
38.8226,85032,850550539,1852,0,0,0
38.8330,85033,850560539,1847,0,0,0
38.8430,85034,850570539,1830,0,0,0
38.8528,85035,850580539,1833,0,0,0
38.8631,85036,850590539,1805,0,0,0
38.8729,85037,850600538,1506,0,0,0
38.8828,85038,850610539,1713,0,0,0
38.8927,85039,850620538,2704,0,0,0
38.9026,85040,850630539,3485,0,0,0
38.9128,85041,850640539,2112,0,0,0
38.9232,85042,850650539,1840,0,0,0
38.9326,85043,850660538,1795,0,0,0
38.9430,85044,850670539,1831,0,0,0
38.9526,85045,850680539,1765,0,0,0
38.9627,85046,850690538,1754,0,0,0
38.9728,85047,850700539,1776,0,0,0
38.9826,85048,850710539,1789,0,0,0
38.9927,85049,850720539,1792,0,0,0
39.0026,85050,850730539,1776,0,0,0
39.0128,85051,850740539,1807,0,0,0
39.0228,85052,850750539,1808,0,0,0
39.0327,85053,850760538,1818,0,0,0
39.0427,85054,850770539,1787,0,0,0
39.0528,85055,850780539,1803,0,0,0
39.0626,85056,850790538,1783,0,0,0
39.0728,85057,850800539,1799,0,0,0
39.0829,85058,850810539,1799,0,0,0
39.0929,85059,850820538,1817,0,0,0
39.1029,85060,850830539,1830,0,0,0
39.1128,85061,850840539,1856,0,0,0
39.1227,85062,850850538,1858,0,0,0
39.1326,85063,850860539,1878,0,0,0
39.1426,85064,850870539,1902,0,0,0
39.1526,85065,850880538,1927,0,0,0
39.1627,85066,850890539,1929,0,0,0
39.1725,85067,850900539,1936,0,0,0
39.1829,85068,850910539,1946,0,0,0
39.1930,85069,850920539,1946,0,0,0
39.2025,85070,850930539,1911,0,0,0
39.2127,85071,850940539,1904,0,0,0
39.2228,85072,850950538,1862,0,0,0
39.2327,85073,850960539,1840,0,0,0
39.2429,85074,850970539,1811,0,0,0
39.2527,85075,850980538,1807,0,0,0
39.2627,85076,850990539,1795,0,0,0
39.2726,85077,851000539,1793,0,0,0
39.2827,85078,851010539,1789,0,0,0
39.2927,85079,851020538,1791,0,0,0
39.3027,85080,851030539,1790,0,0,0
39.3128,85081,851040539,1806,0,0,0
39.3227,85082,851050539,1775,0,0,0
39.3330,85083,851060538,1803,0,0,0
39.3429,85084,851070539,1806,0,0,0
39.3526,85085,851080539,1808,0,0,0
39.3631,85086,851090538,1797,0,0,0
39.3729,85087,851100539,1809,0,0,0
39.3827,85088,851110539,1796,0,0,0
39.3929,85089,851120539,1808,0,0,0
39.4027,85090,851130539,1807,0,0,0
39.4126,85091,851140539,1808,0,0,0
39.4228,85092,851150539,1793,0,0,0
39.4325,85093,851160539,1807,0,0,0
39.4469,85094,851170539,1791,0,0,0
39.4527,85095,851180539,1810,0,0,0
39.4626,85096,851190539,1805,0,0,0
39.4728,85097,851200538,1808,0,0,0
39.4826,85098,851210539,1793,0,0,0
39.4926,85099,851220539,1819,0,0,0
39.5026,85100,851230539,1811,0,0,0
39.5127,85101,851240539,1821,0,0,0
39.5227,85102,851250539,1799,0,0,0
39.5328,85103,851260538,1814,0,0,0
39.5427,85104,851270539,1803,0,0,0
39.5526,85105,851280539,1811,0,0,0
39.5626,85106,851290539,1801,0,0,0
39.5729,85107,851300539,1808,0,0,0
39.5828,85108,851310539,1808,0,0,0
39.5928,85109,851320538,1813,0,0,0
39.6028,85110,851330539,1808,0,0,0
39.6128,85111,851340539,1815,0,0,0
39.6228,85112,851350539,1808,0,0,0
39.6327,85113,851360538,1811,0,0,0
39.6426,85114,851370539,1811,0,0,0
39.6525,85115,851380539,1823,0,0,0
39.6627,85116,851390538,1795,0,0,0
39.6726,85117,851400539,1814,0,0,0
39.6827,85118,851410539,1811,0,0,0
39.6930,85119,851420538,1823,0,0,0
39.7027,85120,851430539,1807,0,0,0
39.7147,85121,851440539,1820,0,0,0
39.7227,85122,851450539,1824,0,0,0
39.7327,85123,851460539,1837,0,0,0
39.7429,85124,851470538,1808,0,0,0
39.7526,85125,851480538,1821,0,0,0
39.7625,85126,851490539,1793,0,0,0
39.7726,85127,851500538,1825,0,0,0
39.7827,85128,851510539,1854,0,0,0
39.7927,85129,851520539,1887,0,0,0
39.8028,85130,851530539,1885,0,0,0
39.8128,85131,851540539,1936,0,0,0
39.8228,85132,851550539,1934,0,0,0
39.8328,85133,851560539,1930,0,0,0
39.8429,85134,851570539,1871,0,0,0
39.8528,85135,851580538,1843,0,0,0
39.8628,85136,851590539,1821,0,0,0
39.8730,85137,851600539,1814,0,0,0
39.8831,85138,851610538,1799,0,0,0
39.8930,85139,851620539,1808,0,0,0
39.9028,85140,851630538,1790,0,0,0
39.9127,85141,851640539,1806,0,0,0
39.9227,85142,851650539,1637,0,0,0
39.9330,85143,851660539,1490,0,0,0
39.9426,85144,851670539,2015,0,0,0
39.9527,85145,851680539,3705,0,0,0
39.9628,85146,851690539,2846,0,0,0
39.9728,85147,851700539,1807,0,0,0
39.9827,85148,851710538,1645,0,0,0
39.9926,85149,851720539,1830,0,0,0
40.0027,85150,851730539,1743,0,0,0
40.0147,85151,851740539,1736,0,0,0
40.0233,85152,851750538,1746,0,0,0
40.0325,85153,851760539,1764,0,0,0
40.0439,85154,851770539,1758,0,0,0
40.0551,85155,851780539,1776,0,0,0
40.0625,85156,851790539,1782,0,0,0
40.0726,85157,851800539,1795,0,0,0
40.0828,85158,851810539,1795,0,0,0
40.0927,85159,851820539,1814,0,0,0
40.1027,85160,851830539,1803,0,0,0
40.1128,85161,851840539,1824,0,0,0
40.1227,85162,851850539,1811,0,0,0
40.1326,85163,851860539,1833,0,0,0
40.1427,85164,851870539,1840,0,0,0
40.1526,85165,851880538,1856,0,0,0
40.1627,85166,851890539,1843,0,0,0
40.1729,85167,851900539,1872,0,0,0
40.1828,85168,851910539,1872,0,0,0
40.1932,85169,851920539,1907,0,0,0
40.2065,85170,851930539,1915,0,0,0
40.2142,85171,851940538,1942,0,0,0
40.2226,85172,851950539,1942,0,0,0
40.2333,85173,851960539,1966,0,0,0
40.2436,85174,851970539,1956,0,0,0
40.2525,85175,851980539,1936,0,0,0
40.2627,85176,851990538,1892,0,0,0
40.2726,85177,852000539,1879,0,0,0
40.2827,85178,852010539,1837,0,0,0
40.2927,85179,852020538,1819,0,0,0
40.3027,85180,852030539,1801,0,0,0
40.3126,85181,852040539,1801,0,0,0
40.3228,85182,852050538,1796,0,0,0
40.3388,85183,852060539,1799,0,0,0
40.3437,85184,852070539,1795,0,0,0
40.3548,85185,852080538,1808,0,0,0
40.3665,85186,852090538,1794,0,0,0
40.3728,85187,852100539,1808,0,0,0
40.3867,85188,852110539,1797,0,0,0
40.3926,85189,852120539,1826,0,0,0
40.4026,85190,852130539,1814,0,0,0
40.4127,85191,852140538,1817,0,0,0
40.4228,85192,852150539,1824,0,0,0
40.4331,85193,852160538,1834,0,0,0
40.4445,85194,852170539,1826,0,0,0
40.4534,85195,852180539,1840,0,0,0
40.4627,85196,852190539,1829,0,0,0
40.4728,85197,852200539,1840,0,0,0
40.4826,85198,852210539,1840,0,0,0
40.4964,85199,852220539,1851,0,0,0
40.5047,85200,852230538,1846,0,0,0
40.5146,85201,852240539,1853,0,0,0
40.5292,85202,852250539,1841,0,0,0
40.5336,85203,852260538,1854,0,0,0
40.5427,85204,852270539,1837,0,0,0
40.5561,85205,852280539,1843,0,0,0
40.5630,85206,852290539,1839,0,0,0
40.5726,85207,852300538,1849,0,0,0
40.5827,85208,852310539,1840,0,0,0
40.5928,85209,852320539,1850,0,0,0
40.6026,85210,852330539,1844,0,0,0
40.6127,85211,852340539,1851,0,0,0
40.6226,85212,852350539,1846,0,0,0
40.6327,85213,852360538,1862,0,0,0
40.6428,85214,852370539,1841,0,0,0
40.6527,85215,852380539,1856,0,0,0
40.6667,85216,852390538,1858,0,0,0
40.6728,85217,852400539,1857,0,0,0
40.6850,85218,852410539,1856,0,0,0
40.6944,85219,852420539,1839,0,0,0
40.7054,85220,852430539,1858,0,0,0
40.7135,85221,852440539,1877,0,0,0
40.7227,85222,852450539,1868,0,0,0
40.7328,85223,852460539,1872,0,0,0
40.7428,85224,852470539,1857,0,0,0
40.7526,85225,852480538,1872,0,0,0
40.7626,85226,852490539,1872,0,0,0
40.7732,85227,852500539,1877,0,0,0
40.7826,85228,852510539,1872,0,0,0
40.7926,85229,852520539,1877,0,0,0
40.8026,85230,852530539,1872,0,0,0
40.8126,85231,852540538,1879,0,0,0
40.8227,85232,852550538,1872,0,0,0
40.8326,85233,852560539,1873,0,0,0
40.8426,85234,852570539,1879,0,0,0
40.8529,85235,852580539,1878,0,0,0
40.8628,85236,852590539,1875,0,0,0
40.8727,85237,852600539,1910,0,0,0
40.8827,85238,852610539,1924,0,0,0
40.8926,85239,852620539,1959,0,0,0
40.9026,85240,852630538,1981,0,0,0
40.9127,85241,852640539,1995,0,0,0
40.9228,85242,852650539,1963,0,0,0
40.9328,85243,852660538,1929,0,0,0
40.9428,85244,852670539,1871,0,0,0
40.9528,85245,852680539,1871,0,0,0
40.9627,85246,852690539,1853,0,0,0
40.9728,85247,852700539,1839,0,0,0
40.9827,85248,852710539,1827,0,0,0
40.9927,85249,852720539,1841,0,0,0
41.0026,85250,852730539,1819,0,0,0
41.0126,85251,852740539,1750,0,0,0
41.0225,85252,852750538,1491,0,0,0
41.0326,85253,852760539,1871,0,0,0
41.0426,85254,852770539,3267,0,0,0
41.0527,85255,852780539,3247,0,0,0
41.0626,85256,852790539,1978,0,0,0
41.0727,85257,852800539,1643,0,0,0
41.0827,85258,852810539,1842,0,0,0
41.0929,85259,852820539,1807,0,0,0
41.1028,85260,852830538,1759,0,0,0
41.1128,85261,852840539,1765,0,0,0
41.1228,85262,852850539,1775,0,0,0
41.1328,85263,852860539,1775,0,0,0
41.1427,85264,852870538,1783,0,0,0
41.1527,85265,852880539,1809,0,0,0
41.1627,85266,852890539,1780,0,0,0
41.1727,85267,852900539,1807,0,0,0
41.1827,85268,852910538,1795,0,0,0
41.1926,85269,852920538,1818,0,0,0
41.2025,85270,852930539,1799,0,0,0
41.2126,85271,852940539,1812,0,0,0
41.2228,85272,852950538,1813,0,0,0
41.2328,85273,852960539,1829,0,0,0
41.2429,85274,852970539,1831,0,0,0
41.2526,85275,852980539,1843,0,0,0
41.2626,85276,852990539,1855,0,0,0
41.2728,85277,853000539,1872,0,0,0
41.2827,85278,853010539,1888,0,0,0
41.2927,85279,853020539,1915,0,0,0
41.3028,85280,853030539,1933,0,0,0
41.3127,85281,853040539,1969,0,0,0
41.3227,85282,853050539,1952,0,0,0
41.3327,85283,853060539,1953,0,0,0
41.3427,85284,853070539,1941,0,0,0
41.3527,85285,853080539,1915,0,0,0
41.3628,85286,853090538,1877,0,0,0
41.3727,85287,853100539,1856,0,0,0
41.3827,85288,853110539,1822,0,0,0
41.3927,85289,853120539,1820,0,0,0
41.4026,85290,853130538,1804,0,0,0
41.4127,85291,853140538,1808,0,0,0
41.4227,85292,853150539,1797,0,0,0
41.4327,85293,853160539,1797,0,0,0
41.4426,85294,853170539,1794,0,0,0
41.4536,85295,853180538,1794,0,0,0
41.4626,85296,853190539,1788,0,0,0
41.4727,85297,853200539,1793,0,0,0
41.4828,85298,853210539,1793,0,0,0
41.4927,85299,853220538,1808,0,0,0
41.5033,85300,853230539,1799,0,0,0
41.5128,85301,853240539,1813,0,0,0
41.5227,85302,853250538,1824,0,0,0
41.5327,85303,853260539,1819,0,0,0
41.5427,85304,853270538,1801,0,0,0
41.5526,85305,853280539,1814,0,0,0
41.5626,85306,853290538,1813,0,0,0
41.5726,85307,853300538,1830,0,0,0
41.5827,85308,853310539,1840,0,0,0
41.5927,85309,853320539,1823,0,0,0
41.6026,85310,853330538,1805,0,0,0
41.6126,85311,853340539,1823,0,0,0
41.6227,85312,853350539,1816,0,0,0
41.6326,85313,853360539,1829,0,0,0
41.6426,85314,853370539,1823,0,0,0
41.6527,85315,853380539,1813,0,0,0
41.6625,85316,853390539,1822,0,0,0
41.6726,85317,853400538,1827,0,0,0
41.6839,85318,853410539,1818,0,0,0
41.6927,85319,853420539,1831,0,0,0
41.7037,85320,853430539,1821,0,0,0
41.7130,85321,853440538,1820,0,0,0
41.7227,85322,853450539,1835,0,0,0
41.7327,85323,853460538,1856,0,0,0
41.7427,85324,853470539,1824,0,0,0
41.7528,85325,853480539,1831,0,0,0
41.7627,85326,853490539,1829,0,0,0
41.7727,85327,853500539,1847,0,0,0
41.7826,85328,853510539,1843,0,0,0
41.7926,85329,853520539,1862,0,0,0
41.8028,85330,853530539,1854,0,0,0
41.8126,85331,853540538,1872,0,0,0
41.8227,85332,853550539,1856,0,0,0
41.8327,85333,853560539,1834,0,0,0
41.8426,85334,853570538,1840,0,0,0
41.8526,85335,853580539,1862,0,0,0
41.8627,85336,853590539,1872,0,0,0
41.8726,85337,853600538,1866,0,0,0
41.8827,85338,853610539,1846,0,0,0
41.8926,85339,853620538,1867,0,0,0
41.9025,85340,853630539,1851,0,0,0
41.9127,85341,853640538,1857,0,0,0
41.9226,85342,853650539,1883,0,0,0
41.9326,85343,853660538,1872,0,0,0
41.9426,85344,853670539,1868,0,0,0
41.9526,85345,853680539,1904,0,0,0
41.9627,85346,853690538,1914,0,0,0
41.9726,85347,853700539,1933,0,0,0
41.9827,85348,853710539,1975,0,0,0
41.9929,85349,853720538,1984,0,0,0
42.0026,85350,853730539,1940,0,0,0
42.0126,85351,853740538,1884,0,0,0
42.0226,85352,853750539,1858,0,0,0
42.0326,85353,853760538,1844,0,0,0
42.0427,85354,853770539,1822,0,0,0
42.0528,85355,853780539,1837,0,0,0
42.0626,85356,853790538,1809,0,0,0
42.0726,85357,853800539,1811,0,0,0
42.0827,85358,853810539,1822,0,0,0
42.0927,85359,853820539,1535,0,0,0
42.1027,85360,853830539,1585,0,0,0
42.1128,85361,853840538,2345,0,0,0
42.1228,85362,853850539,3738,0,0,0
42.1327,85363,853860538,2343,0,0,0
42.1429,85364,853870539,1825,0,0,0
42.1527,85365,853880539,1750,0,0,0
42.1627,85366,853890539,1858,0,0,0
42.1729,85367,853900539,1767,0,0,0
42.1827,85368,853910539,1728,0,0,0
42.1935,85369,853920539,1775,0,0,0
42.2029,85370,853930539,1767,0,0,0
42.2127,85371,853940539,1776,0,0,0
42.2228,85372,853950538,1787,0,0,0
42.2329,85373,853960539,1790,0,0,0
42.2428,85374,853970539,1782,0,0,0
42.2526,85375,853980539,1789,0,0,0
42.2628,85376,853990538,1795,0,0,0
42.2728,85377,854000539,1799,0,0,0
42.2827,85378,854010539,1802,0,0,0
42.2926,85379,854020539,1821,0,0,0
42.3026,85380,854030538,1795,0,0,0
42.3126,85381,854040539,1815,0,0,0
42.3227,85382,854050539,1817,0,0,0
42.3329,85383,854060538,1821,0,0,0
42.3429,85384,854070539,1823,0,0,0
42.3528,85385,854080538,1858,0,0,0
42.3626,85386,854090539,1882,0,0,0
42.3727,85387,854100539,1905,0,0,0
42.3828,85388,854110539,1906,0,0,0
42.3927,85389,854120539,1932,0,0,0
42.4027,85390,854130539,1924,0,0,0
42.4128,85391,854140539,1939,0,0,0
42.4228,85392,854150538,1923,0,0,0
42.4345,85393,854160539,1894,0,0,0
42.4428,85394,854170539,1847,0,0,0
42.4527,85395,854180539,1812,0,0,0
42.4628,85396,854190539,1801,0,0,0
42.4727,85397,854200538,1795,0,0,0
42.4827,85398,854210539,1767,0,0,0
42.4928,85399,854220539,1775,0,0,0
42.5026,85400,854230539,1776,0,0,0
42.5126,85401,854240539,1775,0,0,0
42.5227,85402,854250539,1758,0,0,0
42.5327,85403,854260539,1773,0,0,0
42.5427,85404,854270539,1758,0,0,0
42.5528,85405,854280539,1791,0,0,0
42.5626,85406,854290538,1775,0,0,0
42.5727,85407,854300538,1786,0,0,0
42.5828,85408,854310539,1786,0,0,0
42.5927,85409,854320539,1797,0,0,0
42.6027,85410,854330538,1804,0,0,0
42.6128,85411,854340539,1808,0,0,0
42.6228,85412,854350539,1819,0,0,0
42.6328,85413,854360539,1821,0,0,0
42.6426,85414,854370539,1811,0,0,0
42.6530,85415,854380539,1819,0,0,0
42.6628,85416,854390539,1814,0,0,0
42.6727,85417,854400538,1819,0,0,0
42.6827,85418,854410539,1815,0,0,0
42.6926,85419,854420538,1824,0,0,0
42.7027,85420,854430539,1817,0,0,0
42.7133,85421,854440539,1812,0,0,0
42.7227,85422,854450539,1813,0,0,0
42.7328,85423,854460539,1825,0,0,0
42.7429,85424,854470539,1814,0,0,0
42.7528,85425,854480539,1828,0,0,0
42.7626,85426,854490538,1827,0,0,0
42.7727,85427,854500539,1829,0,0,0
42.7827,85428,854510539,1829,0,0,0
42.7927,85429,854520538,1840,0,0,0
42.8026,85430,854530539,1829,0,0,0
42.8127,85431,854540539,1840,0,0,0
42.8227,85432,854550538,1825,0,0,0
42.8328,85433,854560539,1827,0,0,0
42.8428,85434,854570539,1837,0,0,0
42.8527,85435,854580539,1830,0,0,0
42.8629,85436,854590539,1829,0,0,0
42.8728,85437,854600538,1837,0,0,0
42.8827,85438,854610539,1827,0,0,0
42.8927,85439,854620539,1837,0,0,0
42.9027,85440,854630539,1840,0,0,0
42.9127,85441,854640538,1847,0,0,0
42.9228,85442,854650539,1837,0,0,0
42.9325,85443,854660539,1845,0,0,0
42.9434,85444,854670539,1843,0,0,0
42.9526,85445,854680539,1855,0,0,0
42.9629,85446,854690539,1849,0,0,0
42.9728,85447,854700539,1851,0,0,0
42.9826,85448,854710539,1851,0,0,0
42.9926,85449,854720539,1858,0,0,0
43.0028,85450,854730539,1866,0,0,0
43.0127,85451,854740539,1909,0,0,0
43.0228,85452,854750538,1913,0,0,0
43.0325,85453,854760539,1941,0,0,0
43.0427,85454,854770539,1978,0,0,0
43.0528,85455,854780538,1951,0,0,0
43.0626,85456,854790539,1927,0,0,0
43.0727,85457,854800538,1872,0,0,0
43.0827,85458,854810539,1840,0,0,0
43.0926,85459,854820539,1843,0,0,0
43.1027,85460,854830539,1835,0,0,0
43.1126,85461,854840539,1834,0,0,0
43.1226,85462,854850538,1821,0,0,0
43.1327,85463,854860539,1813,0,0,0
43.1426,85464,854870539,1778,0,0,0
43.1526,85465,854880538,1509,0,0,0
43.1628,85466,854890539,1742,0,0,0
43.1726,85467,854900539,2800,0,0,0
43.1850,85468,854910538,3610,0,0,0
43.1929,85469,854920539,2166,0,0,0
43.2035,85470,854930539,1634,0,0,0
43.2127,85471,854940539,1801,0,0,0
43.2228,85472,854950539,1803,0,0,0
43.2328,85473,854960538,1746,0,0,0
43.2428,85474,854970539,1758,0,0,0
43.2527,85475,854980538,1763,0,0,0
43.2626,85476,854990539,1757,0,0,0
43.2726,85477,855000539,1774,0,0,0
43.2828,85478,855010538,1769,0,0,0
43.2926,85479,855020539,1783,0,0,0
43.3026,85480,855030539,1779,0,0,0
43.3128,85481,855040538,1798,0,0,0
43.3227,85482,855050539,1791,0,0,0
43.3329,85483,855060539,1802,0,0,0
43.3427,85484,855070539,1803,0,0,0
43.3527,85485,855080539,1819,0,0,0
43.3629,85486,855090538,1817,0,0,0
43.3728,85487,855100539,1823,0,0,0
43.3828,85488,855110538,1840,0,0,0
43.3926,85489,855120538,1823,0,0,0
43.4027,85490,855130539,1861,0,0,0
43.4129,85491,855140539,1879,0,0,0
43.4228,85492,855150538,1887,0,0,0
43.4327,85493,855160539,1919,0,0,0
43.4427,85494,855170539,1933,0,0,0
43.4527,85495,855180539,1948,0,0,0
43.4627,85496,855190538,1955,0,0,0
43.4728,85497,855200538,1937,0,0,0
43.4829,85498,855210539,1920,0,0,0
43.4929,85499,855220539,1883,0,0,0
43.5027,85500,855230538,1847,0,0,0
43.5129,85501,855240539,1828,0,0,0
43.5228,85502,855250538,1807,0,0,0
43.5327,85503,855260538,1802,0,0,0
43.5426,85504,855270538,1791,0,0,0
43.5526,85505,855280538,1791,0,0,0
43.5626,85506,855290539,1791,0,0,0
43.5729,85507,855300539,1807,0,0,0
43.5829,85508,855310538,1790,0,0,0
43.5927,85509,855320539,1795,0,0,0
43.6028,85510,855330539,1801,0,0,0
43.6128,85511,855340539,1807,0,0,0
43.6228,85512,855350538,1803,0,0,0
43.6329,85513,855360538,1811,0,0,0
43.6428,85514,855370539,1810,0,0,0
43.6526,85515,855380539,1808,0,0,0
43.6626,85516,855390539,1807,0,0,0
43.6727,85517,855400538,1814,0,0,0
43.6828,85518,855410539,1841,0,0,0
43.6927,85519,855420539,1822,0,0,0
43.7026,85520,855430539,1830,0,0,0
43.7127,85521,855440539,1817,0,0,0
43.7227,85522,855450538,1824,0,0,0
43.7329,85523,855460539,1830,0,0,0
43.7427,85524,855470539,1827,0,0,0
43.7526,85525,855480538,1840,0,0,0
43.7627,85526,855490539,1811,0,0,0
43.7729,85527,855500539,1830,0,0,0
43.7830,85528,855510539,1839,0,0,0
43.7926,85529,855520538,1825,0,0,0
43.8028,85530,855530539,1843,0,0,0
43.8132,85531,855540539,1839,0,0,0
43.8229,85532,855550539,1828,0,0,0
43.8333,85533,855560539,1833,0,0,0
43.8428,85534,855570538,1840,0,0,0
43.8529,85535,855580539,1825,0,0,0
43.8627,85536,855590539,1835,0,0,0
43.8734,85537,855600538,1826,0,0,0
43.8827,85538,855610539,1815,0,0,0
43.8927,85539,855620539,1827,0,0,0
43.9026,85540,855630539,1834,0,0,0
43.9128,85541,855640539,1837,0,0,0
43.9231,85542,855650539,1838,0,0,0
43.9332,85543,855660538,1834,0,0,0
43.9426,85544,855670539,1841,0,0,0
43.9527,85545,855680538,1830,0,0,0
43.9627,85546,855690539,1830,0,0,0
43.9742,85547,855700539,1836,0,0,0
43.9827,85548,855710538,1837,0,0,0
43.9927,85549,855720539,1840,0,0,0
44.0026,85550,855730539,1841,0,0,0
44.0144,85551,855740539,1840,0,0,0
44.0227,85552,855750539,1843,0,0,0
44.0326,85553,855760539,1842,0,0,0
44.0428,85554,855770538,1852,0,0,0
44.0526,85555,855780539,1849,0,0,0
44.0626,85556,855790539,1847,0,0,0
44.0726,85557,855800539,1855,0,0,0
44.0827,85558,855810539,1869,0,0,0
44.0926,85559,855820538,1872,0,0,0
44.1026,85560,855830539,1908,0,0,0
44.1127,85561,855840539,1918,0,0,0
44.1227,85562,855850538,1937,0,0,0
44.1328,85563,855860538,1969,0,0,0
44.1429,85564,855870539,1949,0,0,0
44.1529,85565,855880539,1924,0,0,0
44.1627,85566,855890539,1856,0,0,0
44.1726,85567,855900539,1847,0,0,0
44.1826,85568,855910539,1833,0,0,0
44.1926,85569,855920539,1815,0,0,0
44.2028,85570,855930539,1810,0,0,0
44.2127,85571,855940539,1809,0,0,0
44.2227,85572,855950539,1807,0,0,0
44.2331,85573,855960539,1770,0,0,0
44.2429,85574,855970539,1483,0,0,0
44.2528,85575,855980539,1709,0,0,0
44.2629,85576,855990539,2819,0,0,0
44.2726,85577,856000539,3521,0,0,0
44.2826,85578,856010539,2097,0,0,0
44.2926,85579,856020539,1590,0,0,0
44.3027,85580,856030539,1776,0,0,0
44.3128,85581,856040539,1786,0,0,0
44.3229,85582,856050538,1712,0,0,0
44.3326,85583,856060539,1740,0,0,0
44.3429,85584,856070538,1762,0,0,0
44.3527,85585,856080539,1758,0,0,0
44.3627,85586,856090539,1757,0,0,0
44.3730,85587,856100539,1765,0,0,0
44.3833,85588,856110539,1774,0,0,0
44.3928,85589,856120539,1776,0,0,0
44.4028,85590,856130538,1782,0,0,0
44.4129,85591,856140538,1779,0,0,0
44.4228,85592,856150539,1791,0,0,0
44.4327,85593,856160539,1798,0,0,0
44.4428,85594,856170539,1808,0,0,0
44.4536,85595,856180539,1808,0,0,0
44.4626,85596,856190539,1839,0,0,0
44.4729,85597,856200539,1845,0,0,0
44.4828,85598,856210539,1840,0,0,0
44.4926,85599,856220539,1875,0,0,0
44.5026,85600,856230538,1891,0,0,0
44.5126,85601,856240539,1911,0,0,0
44.5226,85602,856250539,1934,0,0,0
44.5328,85603,856260539,1943,0,0,0
44.5426,85604,856270538,1963,0,0,0
44.5526,85605,856280538,1971,0,0,0
44.5628,85606,856290539,1925,0,0,0
44.5729,85607,856300538,1905,0,0,0
44.5828,85608,856310539,1882,0,0,0
44.5928,85609,856320538,1841,0,0,0
44.6029,85610,856330539,1821,0,0,0
44.6129,85611,856340539,1813,0,0,0
44.6228,85612,856350539,1785,0,0,0
44.6331,85613,856360538,1776,0,0,0
44.6429,85614,856370539,1776,0,0,0
44.6528,85615,856380539,1787,0,0,0
44.6629,85616,856390539,1789,0,0,0
44.6726,85617,856400538,1783,0,0,0
44.6827,85618,856410539,1790,0,0,0
44.6940,85619,856420539,1791,0,0,0
44.7029,85620,856430539,1790,0,0,0
44.7127,85621,856440539,1795,0,0,0
44.7227,85622,856450538,1808,0,0,0
44.7327,85623,856460539,1805,0,0,0
44.7429,85624,856470539,1813,0,0,0
44.7527,85625,856480538,1821,0,0,0
44.7627,85626,856490539,1824,0,0,0
44.7728,85627,856500539,1824,0,0,0
44.7829,85628,856510539,1829,0,0,0
44.7928,85629,856520539,1842,0,0,0
44.8028,85630,856530538,1837,0,0,0
44.8134,85631,856540539,1824,0,0,0
44.8229,85632,856550539,1841,0,0,0
44.8328,85633,856560539,1843,0,0,0
44.8431,85634,856570539,1840,0,0,0
44.8526,85635,856580539,1847,0,0,0
44.8630,85636,856590539,1843,0,0,0
44.8727,85637,856600539,1843,0,0,0
44.8827,85638,856610539,1846,0,0,0
44.8931,85639,856620539,1835,0,0,0
44.9025,85640,856630538,1840,0,0,0
44.9127,85641,856640539,1840,0,0,0
44.9227,85642,856650539,1856,0,0,0
44.9364,85643,856660538,1854,0,0,0
44.9429,85644,856670539,1859,0,0,0
44.9526,85645,856680539,1847,0,0,0
44.9626,85646,856690538,1846,0,0,0
44.9727,85647,856700539,1847,0,0,0
44.9826,85648,856710539,1850,0,0,0
44.9929,85649,856720539,1854,0,0,0
45.0027,85650,856730539,1862,0,0,0
45.0129,85651,856740539,1867,0,0,0
45.0227,85652,856750539,1853,0,0,0
45.0328,85653,856760538,1857,0,0,0
45.0426,85654,856770539,1866,0,0,0
45.0528,85655,856780539,1861,0,0,0
45.0627,85656,856790538,1863,0,0,0
45.0726,85657,856800539,1859,0,0,0
45.0829,85658,856810539,1862,0,0,0
45.0929,85659,856820539,1855,0,0,0
45.1028,85660,856830539,1850,0,0,0
45.1130,85661,856840538,1843,0,0,0
45.1229,85662,856850539,1862,0,0,0
45.1328,85663,856860539,1865,0,0,0
45.1429,85664,856870539,1866,0,0,0
45.1526,85665,856880539,1882,0,0,0
45.1627,85666,856890538,1894,0,0,0
45.1728,85667,856900539,1900,0,0,0
45.1826,85668,856910539,1975,0,0,0
45.1928,85669,856920538,1966,0,0,0
45.2034,85670,856930539,1933,0,0,0
45.2129,85671,856940538,1881,0,0,0
45.2228,85672,856950539,1840,0,0,0
45.2327,85673,856960538,1826,0,0,0
45.2425,85674,856970539,1829,0,0,0
45.2526,85675,856980539,1807,0,0,0
45.2626,85676,856990538,1808,0,0,0
45.2727,85677,857000539,1814,0,0,0
45.2826,85678,857010539,1814,0,0,0
45.2926,85679,857020539,1666,0,0,0
45.3026,85680,857030539,1486,0,0,0
45.3128,85681,857040538,1975,0,0,0
45.3228,85682,857050539,3451,0,0,0
45.3327,85683,857060539,2864,0,0,0
45.3429,85684,857070539,1907,0,0,0
45.3528,85685,857080538,1741,0,0,0
45.3628,85686,857090539,1808,0,0,0
45.3729,85687,857100539,1786,0,0,0
45.3829,85688,857110538,1742,0,0,0
45.3929,85689,857120539,1747,0,0,0
45.4026,85690,857130539,1760,0,0,0
45.4127,85691,857140539,1773,0,0,0
45.4228,85692,857150538,1785,0,0,0
45.4327,85693,857160539,1773,0,0,0
45.4427,85694,857170539,1787,0,0,0
45.4526,85695,857180539,1791,0,0,0
45.4627,85696,857190539,1795,0,0,0
45.4728,85697,857200538,1793,0,0,0
45.4827,85698,857210539,1805,0,0,0
45.4929,85699,857220538,1806,0,0,0
45.5026,85700,857230539,1815,0,0,0
45.5126,85701,857240539,1818,0,0,0
45.5225,85702,857250539,1826,0,0,0
45.5325,85703,857260538,1827,0,0,0
45.5426,85704,857270539,1850,0,0,0
45.5526,85705,857280538,1852,0,0,0
45.5626,85706,857290539,1859,0,0,0
45.5726,85707,857300538,1881,0,0,0
45.5826,85708,857310539,1900,0,0,0
45.5926,85709,857320539,1908,0,0,0
45.6028,85710,857330539,1932,0,0,0
45.6127,85711,857340539,1920,0,0,0
45.6228,85712,857350539,1909,0,0,0
45.6329,85713,857360538,1886,0,0,0
45.6428,85714,857370539,1866,0,0,0
45.6528,85715,857380539,1831,0,0,0
45.6628,85716,857390538,1805,0,0,0
45.6730,85717,857400539,1779,0,0,0
45.6839,85718,857410539,1785,0,0,0
45.6928,85719,857420539,1781,0,0,0
45.7027,85720,857430539,1777,0,0,0
45.7126,85721,857440538,1777,0,0,0
45.7231,85722,857450539,1776,0,0,0
45.7333,85723,857460539,1781,0,0,0
45.7426,85724,857470539,1776,0,0,0
45.7525,85725,857480538,1783,0,0,0
45.7625,85726,857490539,1781,0,0,0
45.7728,85727,857500539,1798,0,0,0
45.7830,85728,857510538,1802,0,0,0
45.7933,85729,857520539,1797,0,0,0
45.8028,85730,857530539,1795,0,0,0
45.8130,85731,857540539,1805,0,0,0
45.8226,85732,857550539,1809,0,0,0
45.8329,85733,857560538,1808,0,0,0
45.8430,85734,857570539,1807,0,0,0
45.8528,85735,857580538,1809,0,0,0
45.8630,85736,857590539,1798,0,0,0
45.8727,85737,857600538,1798,0,0,0
45.8827,85738,857610539,1808,0,0,0
45.8927,85739,857620539,1806,0,0,0
45.9025,85740,857630539,1808,0,0,0
45.9127,85741,857640539,1811,0,0,0
45.9231,85742,857650539,1806,0,0,0
45.9328,85743,857660538,1809,0,0,0
45.9432,85744,857670539,1805,0,0,0
45.9527,85745,857680538,1806,0,0,0
45.9627,85746,857690539,1806,0,0,0
45.9728,85747,857700539,1803,0,0,0
45.9829,85748,857710539,1814,0,0,0
45.9928,85749,857720539,1814,0,0,0
46.0025,85750,857730538,1818,0,0,0
46.0126,85751,857740539,1815,0,0,0
46.0226,85752,857750539,1825,0,0,0
46.0326,85753,857760538,1815,0,0,0
46.0426,85754,857770539,1827,0,0,0
46.0527,85755,857780539,1815,0,0,0
46.0626,85756,857790539,1826,0,0,0
46.0727,85757,857800539,1839,0,0,0
46.0828,85758,857810538,1830,0,0,0
46.0925,85759,857820539,1838,0,0,0
46.1026,85760,857830538,1849,0,0,0
46.1129,85761,857840539,1840,0,0,0
46.1228,85762,857850539,1839,0,0,0
46.1328,85763,857860538,1829,0,0,0
46.1429,85764,857870539,1845,0,0,0
46.1528,85765,857880539,1842,0,0,0
46.1629,85766,857890539,1854,0,0,0
46.1728,85767,857900539,1856,0,0,0
46.1827,85768,857910539,1854,0,0,0
46.1932,85769,857920538,1854,0,0,0
46.2027,85770,857930539,1863,0,0,0
46.2127,85771,857940539,1869,0,0,0
46.2226,85772,857950538,1904,0,0,0
46.2328,85773,857960538,1907,0,0,0
46.2426,85774,857970539,1925,0,0,0
46.2526,85775,857980538,1971,0,0,0
46.2626,85776,857990539,1966,0,0,0
46.2726,85777,858000538,1950,0,0,0
46.2827,85778,858010539,1897,0,0,0
46.2926,85779,858020538,1856,0,0,0
46.3026,85780,858030539,1847,0,0,0
46.3126,85781,858040538,1837,0,0,0
46.3228,85782,858050539,1834,0,0,0
46.3327,85783,858060539,1834,0,0,0
46.3426,85784,858070539,1821,0,0,0
46.3527,85785,858080539,1821,0,0,0
46.3628,85786,858090539,1557,0,0,0
46.3728,85787,858100538,1573,0,0,0
46.3826,85788,858110539,2322,0,0,0
46.3925,85789,858120538,3954,0,0,0
46.4027,85790,858130539,2476,0,0,0
46.4128,85791,858140538,1669,0,0,0
46.4230,85792,858150539,1727,0,0,0
46.4330,85793,858160538,1819,0,0,0
46.4427,85794,858170539,1739,0,0,0
46.4525,85795,858180539,1744,0,0,0
46.4626,85796,858190539,1766,0,0,0
46.4728,85797,858200539,1751,0,0,0
46.4827,85798,858210539,1770,0,0,0
46.4926,85799,858220539,1776,0,0,0
46.5027,85800,858230539,1787,0,0,0
46.5127,85801,858240538,1787,0,0,0
46.5226,85802,858250539,1777,0,0,0
46.5327,85803,858260539,1792,0,0,0
46.5427,85804,858270538,1805,0,0,0
46.5528,85805,858280539,1796,0,0,0
46.5629,85806,858290538,1814,0,0,0
46.5730,85807,858300538,1808,0,0,0
46.5828,85808,858310539,1823,0,0,0
46.5930,85809,858320538,1834,0,0,0
46.6028,85810,858330539,1840,0,0,0
46.6129,85811,858340539,1851,0,0,0
46.6226,85812,858350539,1877,0,0,0
46.6328,85813,858360538,1889,0,0,0
46.6429,85814,858370538,1919,0,0,0
46.6527,85815,858380539,1931,0,0,0
46.6627,85816,858390539,1941,0,0,0
46.6726,85817,858400539,1946,0,0,0
46.6826,85818,858410538,1942,0,0,0
46.6929,85819,858420539,1910,0,0,0
46.7026,85820,858430539,1879,0,0,0
46.7128,85821,858440539,1843,0,0,0
46.7228,85822,858450539,1825,0,0,0
46.7330,85823,858460538,1803,0,0,0
46.7429,85824,858470539,1791,0,0,0
46.7528,85825,858480538,1782,0,0,0
46.7628,85826,858490539,1776,0,0,0
46.7730,85827,858500539,1773,0,0,0
46.7828,85828,858510539,1773,0,0,0
46.7929,85829,858520539,1774,0,0,0
46.8028,85830,858530539,1778,0,0,0
46.8128,85831,858540539,1776,0,0,0
46.8225,85832,858550539,1777,0,0,0
46.8329,85833,858560538,1789,0,0,0
46.8428,85834,858570539,1803,0,0,0
46.8526,85835,858580539,1801,0,0,0
46.8627,85836,858590539,1802,0,0,0
46.8729,85837,858600539,1808,0,0,0
46.8828,85838,858610539,1807,0,0,0
46.8929,85839,858620539,1811,0,0,0
46.9025,85840,858630538,1822,0,0,0
46.9128,85841,858640538,1828,0,0,0
46.9228,85842,858650539,1819,0,0,0
46.9327,85843,858660539,1823,0,0,0
46.9427,85844,858670539,1830,0,0,0
46.9526,85845,858680539,1830,0,0,0
46.9626,85846,858690539,1827,0,0,0
46.9728,85847,858700538,1822,0,0,0
46.9827,85848,858710539,1821,0,0,0
46.9927,85849,858720539,1817,0,0,0
47.0026,85850,858730539,1827,0,0,0
47.0126,85851,858740539,1820,0,0,0
47.0226,85852,858750539,1823,0,0,0
47.0326,85853,858760539,1827,0,0,0
47.0429,85854,858770539,1826,0,0,0
47.0525,85855,858780539,1819,0,0,0
47.0626,85856,858790539,1823,0,0,0
47.0728,85857,858800538,1827,0,0,0
47.0828,85858,858810539,1840,0,0,0
47.0929,85859,858820538,1824,0,0,0
47.1028,85860,858830539,1829,0,0,0
47.1128,85861,858840539,1820,0,0,0
47.1230,85862,858850539,1828,0,0,0
47.1329,85863,858860539,1838,0,0,0
47.1427,85864,858870539,1853,0,0,0
47.1528,85865,858880538,1841,0,0,0
47.1627,85866,858890539,1835,0,0,0
47.1730,85867,858900538,1835,0,0,0
47.1834,85868,858910539,1856,0,0,0
47.1929,85869,858920539,1845,0,0,0
47.2026,85870,858930539,1841,0,0,0
47.2128,85871,858940538,1851,0,0,0
47.2230,85872,858950539,1849,0,0,0
47.2328,85873,858960539,1856,0,0,0
47.2426,85874,858970539,1865,0,0,0
47.2527,85875,858980539,1849,0,0,0
47.2626,85876,858990539,1872,0,0,0
47.2728,85877,859000539,1863,0,0,0
47.2829,85878,859010539,1862,0,0,0
47.2926,85879,859020539,1872,0,0,0
47.3029,85880,859030538,1886,0,0,0
47.3130,85881,859040539,1878,0,0,0
47.3227,85882,859050539,1879,0,0,0
47.3330,85883,859060539,1889,0,0,0
47.3430,85884,859070539,1904,0,0,0
47.3526,85885,859080538,1914,0,0,0
47.3626,85886,859090539,1937,0,0,0
47.3726,85887,859100539,1977,0,0,0
47.3826,85888,859110539,1992,0,0,0
47.3928,85889,859120538,1963,0,0,0
47.4026,85890,859130539,1935,0,0,0
47.4128,85891,859140538,1874,0,0,0
47.4225,85892,859150539,1873,0,0,0
47.4327,85893,859160538,1861,0,0,0
47.4426,85894,859170539,1857,0,0,0
47.4526,85895,859180539,1855,0,0,0
47.4629,85896,859190539,1843,0,0,0
47.4728,85897,859200539,1827,0,0,0
47.4827,85898,859210539,1776,0,0,0
47.4927,85899,859220538,1511,0,0,0
47.5025,85900,859230539,1867,0,0,0
47.5126,85901,859240539,3150,0,0,0
47.5228,85902,859250539,3235,0,0,0
47.5326,85903,859260538,2012,0,0,0
47.5426,85904,859270539,1707,0,0,0
47.5529,85905,859280539,1829,0,0,0
47.5628,85906,859290539,1826,0,0,0
47.5727,85907,859300539,1758,0,0,0
47.5829,85908,859310539,1791,0,0,0
47.5928,85909,859320538,1798,0,0,0
47.6028,85910,859330539,1810,0,0,0
47.6131,85911,859340539,1813,0,0,0
47.6229,85912,859350539,1818,0,0,0
47.6330,85913,859360539,1823,0,0,0
47.6429,85914,859370539,1838,0,0,0
47.6527,85915,859380539,1837,0,0,0
47.6627,85916,859390538,1837,0,0,0
47.6727,85917,859400539,1839,0,0,0
47.6825,85918,859410539,1854,0,0,0
47.6926,85919,859420539,1838,0,0,0
47.7031,85920,859430539,1858,0,0,0
47.7127,85921,859440539,1855,0,0,0
47.7228,85922,859450539,1863,0,0,0
47.7327,85923,859460539,1886,0,0,0
47.7428,85924,859470539,1895,0,0,0
47.7528,85925,859480539,1907,0,0,0
47.7629,85926,859490539,1936,0,0,0
47.7728,85927,859500539,1947,0,0,0
47.7827,85928,859510538,1974,0,0,0
47.7928,85929,859520539,1995,0,0,0
47.8028,85930,859530539,1990,0,0,0
47.8129,85931,859540539,1966,0,0,0
47.8227,85932,859550539,1942,0,0,0
47.8328,85933,859560539,1901,0,0,0
47.8428,85934,859570539,1872,0,0,0
47.8527,85935,859580539,1819,0,0,0
47.8628,85936,859590539,1809,0,0,0
47.8728,85937,859600539,1802,0,0,0
47.8828,85938,859610539,1808,0,0,0
47.8928,85939,859620539,1796,0,0,0
47.9025,85940,859630539,1799,0,0,0
47.9129,85941,859640538,1783,0,0,0
47.9229,85942,859650539,1799,0,0,0
47.9329,85943,859660539,1783,0,0,0
47.9431,85944,859670539,1787,0,0,0
47.9526,85945,859680538,1791,0,0,0
47.9626,85946,859690539,1801,0,0,0
47.9727,85947,859700539,1802,0,0,0
47.9826,85948,859710539,1807,0,0,0
47.9926,85949,859720539,1808,0,0,0
48.0028,85950,859730538,1810,0,0,0
48.0126,85951,859740539,1817,0,0,0
48.0227,85952,859750539,1835,0,0,0
48.0327,85953,859760538,1834,0,0,0
48.0426,85954,859770539,1829,0,0,0
48.0526,85955,859780539,1814,0,0,0
48.0627,85956,859790539,1831,0,0,0
48.0728,85957,859800539,1827,0,0,0
48.0828,85958,859810539,1833,0,0,0
48.0930,85959,859820539,1826,0,0,0
48.1028,85960,859830539,1833,0,0,0
48.1128,85961,859840538,1826,0,0,0
48.1229,85962,859850539,1825,0,0,0
48.1327,85963,859860538,1814,0,0,0
48.1428,85964,859870539,1835,0,0,0
48.1529,85965,859880539,1829,0,0,0
48.1629,85966,859890538,1841,0,0,0
48.1730,85967,859900539,1821,0,0,0
48.1852,85968,859910539,1827,0,0,0
48.1929,85969,859920539,1830,0,0,0
48.2027,85970,859930539,1835,0,0,0
48.2126,85971,859940539,1829,0,0,0
48.2225,85972,859950538,1835,0,0,0
48.2326,85973,859960539,1825,0,0,0
48.2427,85974,859970538,1824,0,0,0
48.2549,85975,859980539,1827,0,0,0
48.2627,85976,859990539,1838,0,0,0
48.2727,85977,860000539,1831,0,0,0
48.2826,85978,860010539,1841,0,0,0
48.2927,85979,860020538,1829,0,0,0
48.3026,85980,860030539,1842,0,0,0
48.3126,85981,860040539,1849,0,0,0
48.3227,85982,860050539,1840,0,0,0
48.3326,85983,860060538,1826,0,0,0
48.3427,85984,860070539,1838,0,0,0
48.3528,85985,860080539,1844,0,0,0
48.3626,85986,860090539,1846,0,0,0
48.3726,85987,860100538,1840,0,0,0
48.3827,85988,860110539,1861,0,0,0
48.3926,85989,860120538,1861,0,0,0
48.4026,85990,860130539,1904,0,0,0
48.4125,85991,860140539,1911,0,0,0
48.4226,85992,860150539,1936,0,0,0
48.4348,85993,860160539,1951,0,0,0
48.4427,85994,860170539,1951,0,0,0
48.4527,85995,860180539,1888,0,0,0
48.4629,85996,860190539,1843,0,0,0
48.4728,85997,860200539,1821,0,0,0
48.4827,85998,860210538,1820,0,0,0
48.4928,85999,860220539,1808,0,0,0
48.5026,86000,860230539,1808,0,0,0
48.5127,86001,860240539,1798,0,0,0
48.5226,86002,860250539,1811,0,0,0
48.5326,86003,860260539,1751,0,0,0
48.5426,86004,860270538,1501,0,0,0
48.5528,86005,860280539,1776,0,0,0
48.5626,86006,860290539,2961,0,0,0
48.5726,86007,860300538,3403,0,0,0
48.5826,86008,860310539,2067,0,0,0
48.5926,86009,860320539,1632,0,0,0
48.6026,86010,860330539,1803,0,0,0
48.6126,86011,860340539,1776,0,0,0
48.6227,86012,860350538,1739,0,0,0
48.6325,86013,860360539,1744,0,0,0
48.6428,86014,860370539,1751,0,0,0
48.6526,86015,860380538,1757,0,0,0
48.6627,86016,860390539,1776,0,0,0
48.6726,86017,860400539,1770,0,0,0
48.6825,86018,860410539,1776,0,0,0
48.6926,86019,860420538,1773,0,0,0
48.7026,86020,860430539,1792,0,0,0
48.7132,86021,860440539,1776,0,0,0
48.7240,86022,860450538,1791,0,0,0
48.7326,86023,860460539,1786,0,0,0
48.7426,86024,860470539,1805,0,0,0
48.7526,86025,860480539,1808,0,0,0
48.7626,86026,860490539,1819,0,0,0
48.7727,86027,860500538,1823,0,0,0
48.7828,86028,860510539,1850,0,0,0
48.7928,86029,860520538,1855,0,0,0
48.8027,86030,860530538,1887,0,0,0
48.8126,86031,860540539,1887,0,0,0
48.8226,86032,860550539,1910,0,0,0
48.8326,86033,860560538,1919,0,0,0
48.8425,86034,860570539,1936,0,0,0
48.8527,86035,860580539,1958,0,0,0
48.8626,86036,860590538,1923,0,0,0
48.8727,86037,860600539,1887,0,0,0
48.8827,86038,860610538,1867,0,0,0
48.8926,86039,860620539,1825,0,0,0
48.9026,86040,860630539,1805,0,0,0
48.9127,86041,860640539,1777,0,0,0
48.9226,86042,860650539,1789,0,0,0
48.9327,86043,860660539,1770,0,0,0
48.9432,86044,860670539,1775,0,0,0
48.9526,86045,860680539,1777,0,0,0
48.9627,86046,860690538,1777,0,0,0
48.9726,86047,860700539,1777,0,0,0
48.9827,86048,860710539,1780,0,0,0
48.9928,86049,860720539,1794,0,0,0
49.0027,86050,860730539,1791,0,0,0
49.0130,86051,860740539,1783,0,0,0
49.0228,86052,860750539,1793,0,0,0
49.0326,86053,860760538,1798,0,0,0
49.0426,86054,860770539,1806,0,0,0
49.0527,86055,860780539,1798,0,0,0
49.0626,86056,860790538,1808,0,0,0
49.0725,86057,860800539,1807,0,0,0
49.0827,86058,860810539,1823,0,0,0
49.0926,86059,860820539,1810,0,0,0
49.1026,86060,860830538,1819,0,0,0
49.1127,86061,860840539,1819,0,0,0
49.1226,86062,860850539,1828,0,0,0
49.1326,86063,860860539,1815,0,0,0
49.1427,86064,860870539,1830,0,0,0
49.1526,86065,860880538,1821,0,0,0
49.1627,86066,860890539,1826,0,0,0
49.1727,86067,860900539,1827,0,0,0
49.1826,86068,860910539,1831,0,0,0
49.1929,86069,860920538,1828,0,0,0
49.2027,86070,860930538,1831,0,0,0
49.2126,86071,860940539,1829,0,0,0
49.2229,86072,860950539,1838,0,0,0
49.2328,86073,860960539,1833,0,0,0
49.2427,86074,860970539,1842,0,0,0
49.2526,86075,860980539,1840,0,0,0
49.2626,86076,860990539,1847,0,0,0
49.2726,86077,861000539,1841,0,0,0
49.2826,86078,861010539,1854,0,0,0
49.2926,86079,861020538,1839,0,0,0
49.3028,86080,861030539,1852,0,0,0
49.3126,86081,861040539,1856,0,0,0
49.3228,86082,861050539,1866,0,0,0
49.3327,86083,861060538,1855,0,0,0
49.3425,86084,861070539,1867,0,0,0
49.3527,86085,861080539,1873,0,0,0
49.3626,86086,861090539,1885,0,0,0
49.3726,86087,861100539,1881,0,0,0
49.3827,86088,861110539,1885,0,0,0
49.3926,86089,861120539,1862,0,0,0
49.4026,86090,861130539,1875,0,0,0
49.4128,86091,861140538,1871,0,0,0
49.4226,86092,861150539,1872,0,0,0
49.4327,86093,861160538,1869,0,0,0
49.4427,86094,861170539,1874,0,0,0
49.4526,86095,861180539,1872,0,0,0
49.4628,86096,861190538,1874,0,0,0
49.4727,86097,861200539,1872,0,0,0
49.4827,86098,861210539,1874,0,0,0
49.4928,86099,861220538,1881,0,0,0
49.5026,86100,861230539,1906,0,0,0
49.5126,86101,861240539,1922,0,0,0
49.5226,86102,861250539,1935,0,0,0
49.5326,86103,861260538,1954,0,0,0
49.5426,86104,861270539,1999,0,0,0
49.5527,86105,861280539,1968,0,0,0
49.5627,86106,861290539,1931,0,0,0
49.5726,86107,861300539,1890,0,0,0
49.5826,86108,861310539,1874,0,0,0
49.5928,86109,861320539,1846,0,0,0
49.6027,86110,861330539,1840,0,0,0
49.6127,86111,861340539,1827,0,0,0
49.6227,86112,861350538,1835,0,0,0
49.6328,86113,861360539,1833,0,0,0
49.6428,86114,861370539,1770,0,0,0
49.6528,86115,861380539,1491,0,0,0
49.6627,86116,861390539,1792,0,0,0
49.6726,86117,861400539,2992,0,0,0
49.6826,86118,861410539,3395,0,0,0
49.6925,86119,861420538,2064,0,0,0
49.7025,86120,861430539,1656,0,0,0
49.7127,86121,861440539,1796,0,0,0
49.7226,86122,861450538,1805,0,0,0
49.7327,86123,861460539,1739,0,0,0
49.7432,86124,861470539,1762,0,0,0
49.7530,86125,861480539,1769,0,0,0
49.7626,86126,861490539,1790,0,0,0
49.7726,86127,861500539,1791,0,0,0
49.7827,86128,861510538,1800,0,0,0
49.7928,86129,861520539,1794,0,0,0
49.8026,86130,861530539,1809,0,0,0
49.8126,86131,861540539,1811,0,0,0
49.8227,86132,861550539,1821,0,0,0
49.8326,86133,861560538,1818,0,0,0
49.8426,86134,861570539,1829,0,0,0
49.8526,86135,861580538,1840,0,0,0
49.8626,86136,861590539,1852,0,0,0
49.8727,86137,861600539,1849,0,0,0
49.8825,86138,861610539,1876,0,0,0
49.8926,86139,861620538,1867,0,0,0
49.9027,86140,861630539,1895,0,0,0
49.9126,86141,861640539,1905,0,0,0
49.9226,86142,861650539,1938,0,0,0
49.9334,86143,861660539,1948,0,0,0
49.9426,86144,861670538,1967,0,0,0
49.9527,86145,861680539,1979,0,0,0
49.9627,86146,861690539,1995,0,0,0
49.9728,86147,861700539,1973,0,0,0
49.9826,86148,861710539,1951,0,0,0
49.9927,86149,861720539,1887,0,0,0
50.0026,86150,861730539,1871,0,0,0
50.0150,86151,861740539,1822,0,0,0
50.0226,86152,861750538,1821,0,0,0
50.0365,86153,861760539,1806,0,0,0
50.0493,86154,861770539,1815,0,0,0
50.0526,86155,861780538,1799,0,0,0
50.0682,86156,861790539,1802,0,0,0
50.0726,86157,861800539,1793,0,0,0
50.0831,86158,861810538,1804,0,0,0
50.0927,86159,861820539,1806,0,0,0
50.1026,86160,861830539,1807,0,0,0
50.1127,86161,861840539,1803,0,0,0
50.1225,86162,861850539,1819,0,0,0
50.1328,86163,861860539,1818,0,0,0
50.1426,86164,861870539,1837,0,0,0
50.1526,86165,861880539,1821,0,0,0
50.1626,86166,861890539,1831,0,0,0
50.1727,86167,861900539,1824,0,0,0
50.1826,86168,861910539,1827,0,0,0
50.1928,86169,861920538,1827,0,0,0
50.2026,86170,861930539,1843,0,0,0
50.2153,86171,861940539,1835,0,0,0
50.2226,86172,861950538,1851,0,0,0
50.2337,86173,861960539,1835,0,0,0
50.2439,86174,861970539,1840,0,0,0
50.2530,86175,861980539,1830,0,0,0
50.2632,86176,861990539,1840,0,0,0
50.2729,86177,862000539,1833,0,0,0
50.2828,86178,862010539,1858,0,0,0
50.2930,86179,862020539,1837,0,0,0
50.3027,86180,862030538,1849,0,0,0
50.3127,86181,862040538,1840,0,0,0
50.3227,86182,862050539,1862,0,0,0
50.3326,86183,862060538,1841,0,0,0
50.3426,86184,862070539,1846,0,0,0
50.3528,86185,862080539,1835,0,0,0
50.3626,86186,862090539,1858,0,0,0
50.3726,86187,862100538,1843,0,0,0
50.3826,86188,862110539,1856,0,0,0
50.3928,86189,862120538,1845,0,0,0
50.4027,86190,862130539,1845,0,0,0
50.4126,86191,862140539,1840,0,0,0
50.4263,86192,862150539,1855,0,0,0
50.4329,86193,862160539,1847,0,0,0
50.4444,86194,862170539,1856,0,0,0
50.4525,86195,862180538,1835,0,0,0
50.4626,86196,862190539,1861,0,0,0
50.4728,86197,862200539,1846,0,0,0
50.4830,86198,862210539,1862,0,0,0
50.4926,86199,862220538,1841,0,0,0
50.5027,86200,862230539,1838,0,0,0
50.5128,86201,862240539,1845,0,0,0
50.5226,86202,862250539,1843,0,0,0
50.5329,86203,862260538,1833,0,0,0
50.5480,86204,862270539,1854,0,0,0
50.5526,86205,862280539,1841,0,0,0
50.5669,86206,862290539,1845,0,0,0
50.5725,86207,862300539,1850,0,0,0
50.5924,86208,862310538,1888,0,0,0
50.5926,86209,862320539,1890,0,0,0
50.6026,86210,862330539,1910,0,0,0
50.6126,86211,862340538,1965,0,0,0
50.6227,86212,862350539,1959,0,0,0
50.6327,86213,862360539,1936,0,0,0
50.6426,86214,862370539,1883,0,0,0
50.6528,86215,862380539,1821,0,0,0
50.6627,86216,862390539,1822,0,0,0
50.6726,86217,862400539,1827,0,0,0
50.6827,86218,862410539,1807,0,0,0
50.6928,86219,862420538,1793,0,0,0
50.7031,86220,862430539,1808,0,0,0
50.7201,86221,862440538,1795,0,0,0
50.7327,86222,862450539,1642,0,0,0
50.7328,86223,862460539,1491,0,0,0
50.7445,86224,862470539,2063,0,0,0
50.7532,86225,862480539,3648,0,0,0
50.7696,86226,862490539,2745,0,0,0
50.7731,86227,862500539,1839,0,0,0
50.7833,86228,862510539,1690,0,0,0
50.7926,86229,862520538,1795,0,0,0
50.8027,86230,862530539,1751,0,0,0
50.8134,86231,862540538,1727,0,0,0
50.8226,86232,862550539,1755,0,0,0
50.8326,86233,862560539,1744,0,0,0
50.8427,86234,862570539,1747,0,0,0
50.8526,86235,862580539,1755,0,0,0
50.8626,86236,862590538,1775,0,0,0
50.8727,86237,862600538,1769,0,0,0
50.8827,86238,862610539,1782,0,0,0
50.8926,86239,862620539,1790,0,0,0
50.9026,86240,862630539,1793,0,0,0
50.9128,86241,862640538,1798,0,0,0
50.9226,86242,862650539,1811,0,0,0
50.9328,86243,862660539,1808,0,0,0
50.9436,86244,862670539,1826,0,0,0
50.9539,86245,862680539,1831,0,0,0
50.9627,86246,862690539,1850,0,0,0
50.9726,86247,862700538,1840,0,0,0
50.9827,86248,862710539,1872,0,0,0
50.9929,86249,862720539,1887,0,0,0
51.0026,86250,862730539,1919,0,0,0
51.0126,86251,862740539,1919,0,0,0
51.0227,86252,862750539,1950,0,0,0
51.0326,86253,862760539,1938,0,0,0
51.0428,86254,862770539,1938,0,0,0
51.0527,86255,862780538,1920,0,0,0
51.0626,86256,862790539,1891,0,0,0
51.0726,86257,862800539,1843,0,0,0
51.0829,86258,862810538,1831,0,0,0
51.0925,86259,862820539,1794,0,0,0
51.1026,86260,862830539,1795,0,0,0
51.1126,86261,862840538,1776,0,0,0
51.1227,86262,862850539,1780,0,0,0
51.1326,86263,862860539,1774,0,0,0
51.1428,86264,862870539,1789,0,0,0
51.1525,86265,862880538,1776,0,0,0
51.1626,86266,862890539,1790,0,0,0
51.1727,86267,862900539,1776,0,0,0
51.1826,86268,862910538,1779,0,0,0
51.1926,86269,862920539,1774,0,0,0
51.2027,86270,862930539,1787,0,0,0
51.2126,86271,862940539,1777,0,0,0
51.2226,86272,862950539,1788,0,0,0
51.2327,86273,862960539,1785,0,0,0
51.2427,86274,862970539,1797,0,0,0
51.2526,86275,862980538,1799,0,0,0
51.2626,86276,862990539,1813,0,0,0
51.2726,86277,863000539,1801,0,0,0
51.2826,86278,863010539,1807,0,0,0
51.2927,86279,863020539,1795,0,0,0
51.3026,86280,863030539,1803,0,0,0
51.3126,86281,863040538,1803,0,0,0
51.3227,86282,863050539,1808,0,0,0
51.3326,86283,863060539,1803,0,0,0
51.3426,86284,863070538,1813,0,0,0
51.3526,86285,863080539,1808,0,0,0
51.3626,86286,863090538,1815,0,0,0
51.3726,86287,863100539,1805,0,0,0
51.3827,86288,863110539,1812,0,0,0
51.3927,86289,863120539,1807,0,0,0
51.4027,86290,863130538,1814,0,0,0
51.4127,86291,863140539,1803,0,0,0
51.4226,86292,863150539,1808,0,0,0
51.4326,86293,863160539,1810,0,0,0
51.4427,86294,863170539,1822,0,0,0
51.4527,86295,863180539,1818,0,0,0
51.4626,86296,863190538,1829,0,0,0
51.4728,86297,863200539,1811,0,0,0
51.4826,86298,863210539,1829,0,0,0
51.4925,86299,863220539,1834,0,0,0
51.5026,86300,863230538,1835,0,0,0
51.5126,86301,863240539,1834,0,0,0
51.5226,86302,863250539,1840,0,0,0
51.5328,86303,863260538,1829,0,0,0
51.5425,86304,863270539,1845,0,0,0
51.5526,86305,863280539,1825,0,0,0
51.5626,86306,863290538,1840,0,0,0
51.5726,86307,863300539,1838,0,0,0
51.5827,86308,863310539,1842,0,0,0
51.5926,86309,863320538,1841,0,0,0
51.6026,86310,863330539,1858,0,0,0
51.6126,86311,863340539,1838,0,0,0
51.6226,86312,863350538,1859,0,0,0
51.6326,86313,863360539,1840,0,0,0
51.6427,86314,863370538,1867,0,0,0
51.6526,86315,863380539,1858,0,0,0
51.6627,86316,863390539,1856,0,0,0
51.6727,86317,863400539,1850,0,0,0
51.6827,86318,863410539,1855,0,0,0
51.6927,86319,863420539,1849,0,0,0
51.7026,86320,863430539,1863,0,0,0
51.7127,86321,863440539,1856,0,0,0
51.7227,86322,863450539,1876,0,0,0
51.7326,86323,863460539,1890,0,0,0
51.7429,86324,863470538,1920,0,0,0
51.7528,86325,863480538,1928,0,0,0
51.7628,86326,863490539,1975,0,0,0
51.7726,86327,863500539,1953,0,0,0
51.7826,86328,863510539,1949,0,0,0
51.7927,86329,863520538,1879,0,0,0
51.8026,86330,863530539,1867,0,0,0
51.8126,86331,863540538,1836,0,0,0
51.8227,86332,863550539,1849,0,0,0
51.8326,86333,863560539,1827,0,0,0
51.8427,86334,863570539,1841,0,0,0
51.8526,86335,863580539,1834,0,0,0
51.8626,86336,863590538,1827,0,0,0
51.8726,86337,863600539,1595,0,0,0
51.8827,86338,863610539,1567,0,0,0
51.8926,86339,863620539,2228,0,0,0
51.9026,86340,863630538,3973,0,0,0
51.9126,86341,863640538,2585,0,0,0
51.9225,86342,863650539,1706,0,0,0
51.9326,86343,863660538,1706,0,0,0
51.9426,86344,863670538,1842,0,0,0
51.9525,86345,863680539,1751,0,0,0
51.9626,86346,863690539,1761,0,0,0
51.9729,86347,863700539,1769,0,0,0
51.9826,86348,863710539,1780,0,0,0
51.9926,86349,863720539,1775,0,0,0
52.0027,86350,863730538,1786,0,0,0
52.0126,86351,863740538,1789,0,0,0
52.0226,86352,863750539,1803,0,0,0
52.0327,86353,863760538,1788,0,0,0
52.0426,86354,863770539,1802,0,0,0
52.0526,86355,863780538,1799,0,0,0
52.0627,86356,863790539,1815,0,0,0
52.0726,86357,863800539,1818,0,0,0
52.0825,86358,863810539,1835,0,0,0
52.0926,86359,863820539,1833,0,0,0
52.1026,86360,863830538,1847,0,0,0
52.1126,86361,863840539,1853,0,0,0
52.1227,86362,863850539,1873,0,0,0
52.1326,86363,863860539,1881,0,0,0
52.1426,86364,863870538,1921,0,0,0
52.1526,86365,863880539,1930,0,0,0
52.1626,86366,863890538,1962,0,0,0
52.1726,86367,863900539,1965,0,0,0
52.1825,86368,863910539,1982,0,0,0
52.1929,86369,863920539,1943,0,0,0
52.2028,86370,863930539,1936,0,0,0
52.2125,86371,863940539,1900,0,0,0
52.2226,86372,863950539,1871,0,0,0
52.2327,86373,863960539,1833,0,0,0
52.2426,86374,863970538,1824,0,0,0
52.2527,86375,863980539,1795,0,0,0
52.2627,86376,863990539,1803,0,0,0
52.2726,86377,864000539,1787,0,0,0
52.2827,86378,864010539,1793,0,0,0
52.2928,86379,864020539,1788,0,0,0
52.3027,86380,864030539,1806,0,0,0
52.3126,86381,864040539,1786,0,0,0
52.3226,86382,864050539,1802,0,0,0
52.3326,86383,864060539,1786,0,0,0
52.3426,86384,864070539,1807,0,0,0
52.3526,86385,864080539,1802,0,0,0
52.3626,86386,864090538,1807,0,0,0
52.3726,86387,864100538,1802,0,0,0
52.3826,86388,864110539,1804,0,0,0
52.3926,86389,864120539,1806,0,0,0
52.4026,86390,864130539,1819,0,0,0
52.4127,86391,864140539,1813,0,0,0
52.4226,86392,864150539,1822,0,0,0
52.4325,86393,864160539,1808,0,0,0
52.4435,86394,864170539,1826,0,0,0
52.4525,86395,864180539,1825,0,0,0
52.4625,86396,864190539,1830,0,0,0
52.4727,86397,864200538,1822,0,0,0
52.4826,86398,864210539,1817,0,0,0
52.4928,86399,864220539,1808,0,0,0
52.5027,86400,864230539,1825,0,0,0
52.5125,86401,864240538,1824,0,0,0
52.5226,86402,864250539,1831,0,0,0
52.5326,86403,864260539,1808,0,0,0
52.5426,86404,864270538,1826,0,0,0
52.5526,86405,864280538,1809,0,0,0
52.5626,86406,864290539,1823,0,0,0
52.5726,86407,864300538,1818,0,0,0
52.5826,86408,864310539,1820,0,0,0
52.5926,86409,864320539,1798,0,0,0
52.6026,86410,864330538,1825,0,0,0
52.6126,86411,864340539,1821,0,0,0
52.6227,86412,864350539,1838,0,0,0
52.6327,86413,864360539,1823,0,0,0
52.6427,86414,864370539,1831,0,0,0
52.6527,86415,864380538,1813,0,0,0
52.6626,86416,864390539,1841,0,0,0
52.6726,86417,864400539,1835,0,0,0
52.6826,86418,864410538,1843,0,0,0
52.6929,86419,864420539,1830,0,0,0
52.7026,86420,864430539,1827,0,0,0
52.7130,86421,864440538,1837,0,0,0
52.7227,86422,864450539,1851,0,0,0
52.7326,86423,864460539,1827,0,0,0
52.7428,86424,864470538,1851,0,0,0
52.7527,86425,864480539,1845,0,0,0
52.7626,86426,864490538,1845,0,0,0
52.7727,86427,864500539,1833,0,0,0
52.7827,86428,864510539,1851,0,0,0
52.7926,86429,864520539,1849,0,0,0
52.8028,86430,864530539,1853,0,0,0
52.8126,86431,864540538,1842,0,0,0
52.8227,86432,864550539,1841,0,0,0
52.8326,86433,864560538,1859,0,0,0
52.8427,86434,864570539,1871,0,0,0
52.8526,86435,864580538,1859,0,0,0
52.8627,86436,864590539,1862,0,0,0
52.8727,86437,864600539,1854,0,0,0
52.8827,86438,864610539,1889,0,0,0
52.8926,86439,864620539,1904,0,0,0
52.9026,86440,864630539,1915,0,0,0
52.9129,86441,864640539,1909,0,0,0
52.9226,86442,864650538,1975,0,0,0
52.9326,86443,864660539,1966,0,0,0
52.9426,86444,864670539,1940,0,0,0
52.9545,86445,864680539,1889,0,0,0
52.9626,86446,864690539,1865,0,0,0
52.9726,86447,864700539,1853,0,0,0
52.9826,86448,864710539,1855,0,0,0
52.9926,86449,864720538,1830,0,0,0
53.0027,86450,864730539,1837,0,0,0
53.0125,86451,864740539,1823,0,0,0
53.0226,86452,864750539,1843,0,0,0
53.0327,86453,864760538,1648,0,0,0
53.0427,86454,864770539,1555,0,0,0
53.0526,86455,864780539,2143,0,0,0
53.0627,86456,864790539,3806,0,0,0
53.0726,86457,864800538,2678,0,0,0
53.0827,86458,864810539,1842,0,0,0
53.0928,86459,864820538,1727,0,0,0
53.1027,86460,864830539,1840,0,0,0
53.1128,86461,864840539,1776,0,0,0
53.1228,86462,864850539,1761,0,0,0
53.1327,86463,864860539,1766,0,0,0
53.1426,86464,864870539,1793,0,0,0
53.1527,86465,864880539,1786,0,0,0
53.1627,86466,864890539,1809,0,0,0
53.1727,86467,864900538,1791,0,0,0
53.1827,86468,864910539,1808,0,0,0
53.1939,86469,864920538,1822,0,0,0
53.2028,86470,864930539,1840,0,0,0
53.2126,86471,864940539,1833,0,0,0
53.2227,86472,864950539,1827,0,0,0
53.2327,86473,864960538,1825,0,0,0
53.2429,86474,864970539,1842,0,0,0
53.2525,86475,864980539,1834,0,0,0
53.2626,86476,864990539,1852,0,0,0
53.2728,86477,865000539,1840,0,0,0
53.2826,86478,865010539,1861,0,0,0
53.2925,86479,865020539,1872,0,0,0
53.3027,86480,865030539,1902,0,0,0
53.3126,86481,865040538,1914,0,0,0
53.3227,86482,865050539,1951,0,0,0
53.3327,86483,865060539,1953,0,0,0
53.3428,86484,865070539,1971,0,0,0
53.3528,86485,865080539,1954,0,0,0
53.3628,86486,865090538,1941,0,0,0
53.3727,86487,865100539,1894,0,0,0
53.3827,86488,865110539,1860,0,0,0
53.3929,86489,865120539,1834,0,0,0
53.4028,86490,865130539,1809,0,0,0
53.4129,86491,865140538,1778,0,0,0
53.4227,86492,865150539,1785,0,0,0
53.4328,86493,865160539,1776,0,0,0
53.4432,86494,865170539,1785,0,0,0
53.4527,86495,865180539,1763,0,0,0
53.4628,86496,865190539,1765,0,0,0
53.4728,86497,865200539,1773,0,0,0
53.4827,86498,865210538,1777,0,0,0
53.4929,86499,865220539,1773,0,0,0
53.5027,86500,865230539,1778,0,0,0
53.5126,86501,865240539,1787,0,0,0
53.5226,86502,865250539,1791,0,0,0
53.5342,86503,865260539,1796,0,0,0
53.5429,86504,865270539,1806,0,0,0
53.5526,86505,865280539,1793,0,0,0
53.5627,86506,865290538,1810,0,0,0
53.5728,86507,865300539,1809,0,0,0
53.5828,86508,865310539,1815,0,0,0
53.5928,86509,865320539,1814,0,0,0
53.6029,86510,865330539,1818,0,0,0
53.6127,86511,865340539,1805,0,0,0
53.6228,86512,865350539,1821,0,0,0
53.6332,86513,865360539,1811,0,0,0
53.6427,86514,865370538,1807,0,0,0
53.6528,86515,865380539,1805,0,0,0
53.6628,86516,865390539,1814,0,0,0
53.6728,86517,865400539,1804,0,0,0
53.6827,86518,865410539,1808,0,0,0
53.6970,86519,865420538,1815,0,0,0
53.7026,86520,865430539,1814,0,0,0
53.7127,86521,865440539,1803,0,0,0
53.7227,86522,865450539,1809,0,0,0
53.7327,86523,865460538,1813,0,0,0
53.7426,86524,865470539,1815,0,0,0
53.7529,86525,865480539,1808,0,0,0
53.7626,86526,865490539,1815,0,0,0
53.7726,86527,865500539,1812,0,0,0
53.7828,86528,865510539,1821,0,0,0
53.7927,86529,865520539,1818,0,0,0
53.8027,86530,865530539,1827,0,0,0
53.8128,86531,865540539,1819,0,0,0
53.8227,86532,865550539,1836,0,0,0
53.8326,86533,865560539,1829,0,0,0
53.8428,86534,865570539,1836,0,0,0
53.8526,86535,865580539,1840,0,0,0
53.8626,86536,865590539,1838,0,0,0
53.8726,86537,865600539,1831,0,0,0
53.8827,86538,865610538,1838,0,0,0
53.8926,86539,865620538,1837,0,0,0
53.9027,86540,865630539,1840,0,0,0
53.9127,86541,865640539,1842,0,0,0
53.9228,86542,865650539,1851,0,0,0
53.9329,86543,865660539,1842,0,0,0
53.9427,86544,865670539,1849,0,0,0
53.9530,86545,865680539,1840,0,0,0
53.9625,86546,865690538,1854,0,0,0
53.9728,86547,865700539,1843,0,0,0
53.9828,86548,865710539,1865,0,0,0
53.9929,86549,865720539,1884,0,0,0
54.0026,86550,865730539,1917,0,0,0
54.0126,86551,865740539,1913,0,0,0
54.0226,86552,865750539,1970,0,0,0
54.0327,86553,865760538,1945,0,0,0
54.0426,86554,865770539,1915,0,0,0
54.0525,86555,865780539,1857,0,0,0
54.0626,86556,865790539,1840,0,0,0
54.0727,86557,865800539,1825,0,0,0
54.0826,86558,865810539,1823,0,0,0
54.0926,86559,865820539,1817,0,0,0
54.1027,86560,865830538,1808,0,0,0
54.1126,86561,865840538,1811,0,0,0
54.1226,86562,865850539,1798,0,0,0
54.1326,86563,865860539,1511,0,0,0
54.1426,86564,865870539,1669,0,0,0
54.1527,86565,865880539,2614,0,0,0
54.1630,86566,865890539,3780,0,0,0
54.1727,86567,865900539,2253,0,0,0
54.1826,86568,865910538,1625,0,0,0
54.1928,86569,865920538,1780,0,0,0
54.2027,86570,865930539,1818,0,0,0
54.2127,86571,865940539,1758,0,0,0
54.2227,86572,865950539,1767,0,0,0
54.2326,86573,865960539,1771,0,0,0
54.2426,86574,865970539,1776,0,0,0
54.2526,86575,865980539,1783,0,0,0
54.2627,86576,865990539,1798,0,0,0
54.2727,86577,866000539,1791,0,0,0
54.2829,86578,866010539,1815,0,0,0
54.2926,86579,866020539,1813,0,0,0
54.3027,86580,866030538,1820,0,0,0
54.3127,86581,866040539,1815,0,0,0
54.3227,86582,866050538,1827,0,0,0
54.3327,86583,866060538,1839,0,0,0
54.3428,86584,866070539,1848,0,0,0
54.3528,86585,866080539,1845,0,0,0
54.3628,86586,866090538,1856,0,0,0
54.3727,86587,866100538,1862,0,0,0
54.3829,86588,866110539,1888,0,0,0
54.3928,86589,866120539,1904,0,0,0
54.4027,86590,866130538,1925,0,0,0
54.4129,86591,866140539,1942,0,0,0
54.4228,86592,866150539,1968,0,0,0
54.4331,86593,866160539,1974,0,0,0
54.4427,86594,866170538,1973,0,0,0
54.4527,86595,866180539,1959,0,0,0
54.4627,86596,866190539,1933,0,0,0
54.4728,86597,866200539,1897,0,0,0
54.4828,86598,866210538,1861,0,0,0
54.4930,86599,866220538,1833,0,0,0
54.5027,86600,866230539,1813,0,0,0
54.5127,86601,866240539,1783,0,0,0
54.5226,86602,866250539,1791,0,0,0
54.5326,86603,866260538,1785,0,0,0
54.5427,86604,866270539,1791,0,0,0
54.5530,86605,866280539,1783,0,0,0
54.5628,86606,866290539,1782,0,0,0
54.5728,86607,866300539,1789,0,0,0
54.5829,86608,866310538,1788,0,0,0
54.5928,86609,866320539,1783,0,0,0
54.6027,86610,866330539,1793,0,0,0
54.6130,86611,866340539,1805,0,0,0
54.6230,86612,866350538,1808,0,0,0
54.6329,86613,866360539,1808,0,0,0
54.6429,86614,866370539,1805,0,0,0
54.6527,86615,866380538,1809,0,0,0
54.6627,86616,866390539,1840,0,0,0
54.6741,86617,866400539,1826,0,0,0
54.6848,86618,866410539,1838,0,0,0
54.6934,86619,866420538,1821,0,0,0
54.7028,86620,866430539,1833,0,0,0
54.7126,86621,866440539,1830,0,0,0
54.7229,86622,866450538,1840,0,0,0
54.7326,86623,866460539,1842,0,0,0
54.7428,86624,866470539,1822,0,0,0
54.7526,86625,866480538,1818,0,0,0
54.7627,86626,866490539,1820,0,0,0
54.7725,86627,866500538,1808,0,0,0
54.7826,86628,866510539,1823,0,0,0
54.7929,86629,866520538,1830,0,0,0
54.8030,86630,866530539,1831,0,0,0
54.8127,86631,866540539,1828,0,0,0
54.8229,86632,866550539,1843,0,0,0
54.8331,86633,866560539,1830,0,0,0
54.8429,86634,866570539,1822,0,0,0
54.8529,86635,866580538,1846,0,0,0
54.8630,86636,866590539,1841,0,0,0
54.8729,86637,866600539,1841,0,0,0
54.8826,86638,866610539,1853,0,0,0
54.8927,86639,866620539,1853,0,0,0
54.9027,86640,866630538,1859,0,0,0
54.9128,86641,866640538,1843,0,0,0
54.9227,86642,866650539,1863,0,0,0
54.9328,86643,866660538,1867,0,0,0
54.9425,86644,866670539,1865,0,0,0
54.9533,86645,866680539,1859,0,0,0
54.9628,86646,866690539,1874,0,0,0
54.9725,86647,866700539,1882,0,0,0
54.9827,86648,866710539,1879,0,0,0
54.9926,86649,866720539,1872,0,0,0
55.0026,86650,866730539,1879,0,0,0
55.0125,86651,866740538,1872,0,0,0
55.0226,86652,866750539,1882,0,0,0
55.0326,86653,866760539,1883,0,0,0
55.0425,86654,866770539,1899,0,0,0
55.0526,86655,866780539,1894,0,0,0
55.0626,86656,866790538,1887,0,0,0
55.0725,86657,866800538,1889,0,0,0
55.0827,86658,866810539,1894,0,0,0
55.0928,86659,866820539,1901,0,0,0
55.1028,86660,866830538,1899,0,0,0
55.1129,86661,866840539,1909,0,0,0
55.1228,86662,866850539,1907,0,0,0
55.1327,86663,866860539,1922,0,0,0
55.1430,86664,866870539,1936,0,0,0
55.1527,86665,866880539,1947,0,0,0
55.1629,86666,866890538,1943,0,0,0
55.1726,86667,866900538,2010,0,0,0
55.1828,86668,866910539,2000,0,0,0
55.1952,86669,866920538,1967,0,0,0
55.2026,86670,866930539,1904,0,0,0
55.2127,86671,866940539,1877,0,0,0
55.2235,86672,866950539,1879,0,0,0
55.2326,86673,866960538,1875,0,0,0
55.2426,86674,866970539,1867,0,0,0
55.2528,86675,866980539,1849,0,0,0
55.2626,86676,866990539,1852,0,0,0
55.2726,86677,867000539,1841,0,0,0
55.2826,86678,867010539,1575,0,0,0
55.2926,86679,867020539,1654,0,0,0
55.3027,86680,867030538,2515,0,0,0
55.3127,86681,867040539,3833,0,0,0
55.3227,86682,867050539,2293,0,0,0
55.3326,86683,867060538,1744,0,0,0
55.3430,86684,867070539,1770,0,0,0
55.3528,86685,867080539,1850,0,0,0
55.3629,86686,867090538,1782,0,0,0
55.3729,86687,867100539,1765,0,0,0
55.3826,86688,867110539,1781,0,0,0
55.3930,86689,867120539,1788,0,0,0
55.4027,86690,867130538,1799,0,0,0
55.4128,86691,867140538,1795,0,0,0
55.4229,86692,867150539,1809,0,0,0
55.4327,86693,867160538,1813,0,0,0
55.4426,86694,867170539,1819,0,0,0
55.4526,86695,867180539,1808,0,0,0
55.4630,86696,867190539,1803,0,0,0
55.4726,86697,867200539,1810,0,0,0
55.4829,86698,867210539,1827,0,0,0
55.4928,86699,867220539,1810,0,0,0
55.5026,86700,867230539,1827,0,0,0
55.5126,86701,867240539,1840,0,0,0
55.5226,86702,867250539,1840,0,0,0
55.5325,86703,867260539,1858,0,0,0
55.5426,86704,867270539,1883,0,0,0
55.5526,86705,867280539,1908,0,0,0
55.5629,86706,867290539,1933,0,0,0
55.5731,86707,867300539,1950,0,0,0
55.5831,86708,867310538,1969,0,0,0
55.5931,86709,867320538,1981,0,0,0
55.6029,86710,867330539,1951,0,0,0
55.6131,86711,867340538,1922,0,0,0
55.6230,86712,867350539,1891,0,0,0
55.6328,86713,867360539,1860,0,0,0
55.6431,86714,867370538,1833,0,0,0
55.6526,86715,867380539,1801,0,0,0
55.6628,86716,867390539,1794,0,0,0
55.6729,86717,867400539,1779,0,0,0
55.6825,86718,867410539,1779,0,0,0
55.6934,86719,867420538,1776,0,0,0
55.7026,86720,867430539,1777,0,0,0
55.7127,86721,867440539,1776,0,0,0
55.7227,86722,867450538,1778,0,0,0
55.7325,86723,867460539,1775,0,0,0
55.7427,86724,867470539,1787,0,0,0
55.7528,86725,867480539,1787,0,0,0
55.7626,86726,867490539,1787,0,0,0
55.7726,86727,867500539,1791,0,0,0
55.7828,86728,867510539,1794,0,0,0
55.7927,86729,867520538,1797,0,0,0
55.8029,86730,867530539,1803,0,0,0
55.8131,86731,867540539,1810,0,0,0
55.8231,86732,867550539,1808,0,0,0
55.8330,86733,867560539,1820,0,0,0
55.8429,86734,867570539,1822,0,0,0
55.8529,86735,867580539,1825,0,0,0
55.8629,86736,867590539,1821,0,0,0
55.8731,86737,867600538,1814,0,0,0
55.8830,86738,867610539,1814,0,0,0
55.8927,86739,867620538,1811,0,0,0
55.9027,86740,867630539,1817,0,0,0
55.9130,86741,867640538,1799,0,0,0
55.9229,86742,867650539,1805,0,0,0
55.9327,86743,867660538,1809,0,0,0
55.9427,86744,867670539,1807,0,0,0
55.9526,86745,867680539,1814,0,0,0
55.9627,86746,867690539,1815,0,0,0
55.9727,86747,867700539,1822,0,0,0
55.9827,86748,867710538,1819,0,0,0
55.9926,86749,867720539,1811,0,0,0
56.0027,86750,867730539,1814,0,0,0
56.0127,86751,867740539,1815,0,0,0
56.0227,86752,867750539,1810,0,0,0
56.0326,86753,867760538,1824,0,0,0
56.0427,86754,867770539,1819,0,0,0
56.0526,86755,867780539,1830,0,0,0
56.0628,86756,867790539,1829,0,0,0
56.0731,86757,867800539,1827,0,0,0
56.0828,86758,867810539,1826,0,0,0
56.0928,86759,867820538,1835,0,0,0
56.1029,86760,867830539,1840,0,0,0
56.1127,86761,867840539,1831,0,0,0
56.1228,86762,867850539,1836,0,0,0
56.1328,86763,867860538,1838,0,0,0
56.1429,86764,867870539,1840,0,0,0
56.1528,86765,867880539,1840,0,0,0
56.1627,86766,867890538,1842,0,0,0
56.1728,86767,867900538,1847,0,0,0
56.1827,86768,867910539,1840,0,0,0
56.1930,86769,867920539,1840,0,0,0
56.2029,86770,867930538,1842,0,0,0
56.2128,86771,867940539,1853,0,0,0
56.2228,86772,867950539,1856,0,0,0
56.2330,86773,867960538,1875,0,0,0
56.2429,86774,867970539,1906,0,0,0
56.2528,86775,867980539,1915,0,0,0
56.2630,86776,867990539,1946,0,0,0
56.2728,86777,868000538,1971,0,0,0
56.2828,86778,868010539,1946,0,0,0
56.2928,86779,868020539,1898,0,0,0
56.3026,86780,868030538,1844,0,0,0
56.3126,86781,868040538,1833,0,0,0
56.3225,86782,868050539,1819,0,0,0
56.3328,86783,868060539,1814,0,0,0
56.3430,86784,868070539,1812,0,0,0
56.3529,86785,868080539,1814,0,0,0
56.3629,86786,868090538,1811,0,0,0
56.3730,86787,868100539,1690,0,0,0
56.3831,86788,868110539,1493,0,0,0
56.3929,86789,868120539,1936,0,0,0
56.4029,86790,868130539,3469,0,0,0
56.4127,86791,868140538,3019,0,0,0
56.4232,86792,868150539,1873,0,0,0
56.4328,86793,868160538,1632,0,0,0
56.4427,86794,868170539,1824,0,0,0
56.4527,86795,868180539,1755,0,0,0
56.4627,86796,868190538,1743,0,0,0
56.4728,86797,868200539,1758,0,0,0
56.4829,86798,868210539,1765,0,0,0
56.4929,86799,868220539,1774,0,0,0
56.5026,86800,868230539,1779,0,0,0
56.5126,86801,868240539,1782,0,0,0
56.5227,86802,868250539,1791,0,0,0
56.5326,86803,868260539,1805,0,0,0
56.5427,86804,868270538,1804,0,0,0
56.5526,86805,868280539,1808,0,0,0
56.5629,86806,868290539,1812,0,0,0
56.5729,86807,868300538,1822,0,0,0
56.5831,86808,868310539,1827,0,0,0
56.5932,86809,868320539,1841,0,0,0
56.6029,86810,868330539,1842,0,0,0
56.6129,86811,868340538,1856,0,0,0
56.6231,86812,868350539,1872,0,0,0
56.6331,86813,868360539,1881,0,0,0
56.6428,86814,868370538,1905,0,0,0
56.6526,86815,868380539,1933,0,0,0
56.6630,86816,868390539,1938,0,0,0
56.6730,86817,868400539,1958,0,0,0
56.6831,86818,868410539,1968,0,0,0
56.6927,86819,868420538,1972,0,0,0
56.7028,86820,868430539,1948,0,0,0
56.7126,86821,868440539,1912,0,0,0
56.7231,86822,868450539,1885,0,0,0
56.7329,86823,868460539,1852,0,0,0
56.7430,86824,868470539,1810,0,0,0
56.7526,86825,868480539,1808,0,0,0
56.7625,86826,868490538,1799,0,0,0
56.7727,86827,868500538,1794,0,0,0
56.7827,86828,868510539,1785,0,0,0
56.7927,86829,868520539,1793,0,0,0
56.8028,86830,868530538,1794,0,0,0
56.8128,86831,868540539,1797,0,0,0
56.8228,86832,868550539,1802,0,0,0
56.8328,86833,868560539,1798,0,0,0
56.8429,86834,868570539,1804,0,0,0
56.8528,86835,868580539,1809,0,0,0
56.8630,86836,868590539,1803,0,0,0
56.8730,86837,868600538,1807,0,0,0
56.8832,86838,868610539,1809,0,0,0
56.8927,86839,868620539,1821,0,0,0
56.9028,86840,868630538,1815,0,0,0
56.9129,86841,868640539,1831,0,0,0
56.9228,86842,868650539,1833,0,0,0
56.9328,86843,868660539,1835,0,0,0
56.9427,86844,868670539,1828,0,0,0
56.9528,86845,868680538,1829,0,0,0
56.9625,86846,868690539,1825,0,0,0
56.9729,86847,868700539,1841,0,0,0
56.9828,86848,868710539,1818,0,0,0
56.9927,86849,868720539,1824,0,0,0
57.0029,86850,868730539,1815,0,0,0
57.0127,86851,868740538,1821,0,0,0
57.0226,86852,868750539,1823,0,0,0
57.0329,86853,868760539,1834,0,0,0
57.0426,86854,868770539,1837,0,0,0
57.0527,86855,868780539,1839,0,0,0
57.0627,86856,868790539,1831,0,0,0
57.0725,86857,868800538,1834,0,0,0
57.0828,86858,868810539,1840,0,0,0
57.0930,86859,868820539,1840,0,0,0
57.1029,86860,868830538,1847,0,0,0
57.1129,86861,868840538,1847,0,0,0
57.1228,86862,868850539,1845,0,0,0
57.1329,86863,868860539,1846,0,0,0
57.1431,86864,868870538,1845,0,0,0
57.1529,86865,868880539,1847,0,0,0
57.1630,86866,868890539,1840,0,0,0
57.1729,86867,868900539,1844,0,0,0
57.1832,86868,868910539,1865,0,0,0
57.1927,86869,868920539,1862,0,0,0
57.2027,86870,868930538,1884,0,0,0
57.2127,86871,868940538,1872,0,0,0
57.2228,86872,868950539,1857,0,0,0
57.2327,86873,868960538,1872,0,0,0
57.2426,86874,868970539,1872,0,0,0
57.2525,86875,868980539,1883,0,0,0
57.2625,86876,868990539,1872,0,0,0
57.2726,86877,869000538,1873,0,0,0
57.2826,86878,869010539,1879,0,0,0
57.2928,86879,869020539,1891,0,0,0
57.3029,86880,869030539,1879,0,0,0
57.3128,86881,869040539,1893,0,0,0
57.3228,86882,869050539,1898,0,0,0
57.3328,86883,869060539,1903,0,0,0
57.3427,86884,869070539,1887,0,0,0
57.3527,86885,869080539,1899,0,0,0
57.3629,86886,869090539,1910,0,0,0
57.3729,86887,869100539,1936,0,0,0
57.3828,86888,869110538,1931,0,0,0
57.3929,86889,869120539,1994,0,0,0
57.4027,86890,869130539,2000,0,0,0
57.4127,86891,869140538,1963,0,0,0
57.4229,86892,869150539,1917,0,0,0
57.4327,86893,869160538,1887,0,0,0
57.4442,86894,869170539,1862,0,0,0
57.4527,86895,869180539,1872,0,0,0
57.4626,86896,869190538,1837,0,0,0
57.4726,86897,869200539,1845,0,0,0
57.4828,86898,869210539,1831,0,0,0
57.4926,86899,869220539,1841,0,0,0
57.5027,86900,869230539,1686,0,0,0
57.5127,86901,869240539,1520,0,0,0
57.5226,86902,869250538,2023,0,0,0
57.5325,86903,869260538,3631,0,0,0
57.5427,86904,869270539,2859,0,0,0
57.5526,86905,869280539,1879,0,0,0
57.5626,86906,869290538,1693,0,0,0
57.5728,86907,869300539,1846,0,0,0
57.5828,86908,869310539,1791,0,0,0
57.5931,86909,869320539,1775,0,0,0
57.6027,86910,869330539,1771,0,0,0
57.6126,86911,869340538,1781,0,0,0
57.6226,86912,869350539,1790,0,0,0
57.6327,86913,869360539,1811,0,0,0
57.6427,86914,869370538,1809,0,0,0
57.6527,86915,869380539,1810,0,0,0
57.6630,86916,869390539,1818,0,0,0
57.6728,86917,869400538,1841,0,0,0
57.6831,86918,869410539,1827,0,0,0
57.6943,86919,869420539,1823,0,0,0
57.7030,86920,869430539,1820,0,0,0
57.7126,86921,869440539,1841,0,0,0
57.7230,86922,869450539,1840,0,0,0
57.7327,86923,869460538,1847,0,0,0
57.7426,86924,869470539,1864,0,0,0
57.7527,86925,869480538,1881,0,0,0
57.7627,86926,869490539,1904,0,0,0
57.7728,86927,869500539,1926,0,0,0
57.7826,86928,869510538,1936,0,0,0
57.7926,86929,869520538,1955,0,0,0
57.8030,86930,869530539,1971,0,0,0
57.8130,86931,869540539,1981,0,0,0
57.8231,86932,869550538,1970,0,0,0
57.8331,86933,869560539,1965,0,0,0
57.8428,86934,869570538,1926,0,0,0
57.8525,86935,869580539,1903,0,0,0
57.8628,86936,869590539,1869,0,0,0
57.8727,86937,869600539,1838,0,0,0
57.8825,86938,869610539,1813,0,0,0
57.8927,86939,869620539,1824,0,0,0
57.9027,86940,869630538,1805,0,0,0
57.9127,86941,869640538,1811,0,0,0
57.9227,86942,869650539,1798,0,0,0
57.9329,86943,869660539,1813,0,0,0
57.9442,86944,869670539,1802,0,0,0
57.9526,86945,869680539,1819,0,0,0
57.9628,86946,869690538,1803,0,0,0
57.9729,86947,869700538,1811,0,0,0
57.9828,86948,869710539,1807,0,0,0
57.9927,86949,869720539,1819,0,0,0
58.0027,86950,869730539,1822,0,0,0
58.0127,86951,869740539,1823,0,0,0
58.0227,86952,869750539,1818,0,0,0
58.0326,86953,869760539,1834,0,0,0
58.0426,86954,869770539,1824,0,0,0
58.0530,86955,869780539,1828,0,0,0
58.0628,86956,869790539,1831,0,0,0
58.0727,86957,869800538,1827,0,0,0
58.0832,86958,869810539,1824,0,0,0
58.0929,86959,869820539,1835,0,0,0
58.1029,86960,869830539,1814,0,0,0
58.1132,86961,869840538,1817,0,0,0
58.1231,86962,869850539,1809,0,0,0
58.1328,86963,869860539,1822,0,0,0
58.1431,86964,869870539,1811,0,0,0
58.1526,86965,869880538,1827,0,0,0
58.1630,86966,869890539,1824,0,0,0
58.1726,86967,869900539,1824,0,0,0
58.1829,86968,869910538,1813,0,0,0
58.1945,86969,869920539,1823,0,0,0
58.2029,86970,869930539,1813,0,0,0
58.2126,86971,869940539,1810,0,0,0
58.2230,86972,869950538,1810,0,0,0
58.2330,86973,869960539,1814,0,0,0
58.2429,86974,869970538,1813,0,0,0
58.2527,86975,869980539,1824,0,0,0
58.2627,86976,869990539,1819,0,0,0
58.2726,86977,870000539,1829,0,0,0
58.2827,86978,870010539,1830,0,0,0
58.2926,86979,870020539,1835,0,0,0
58.3026,86980,870030538,1827,0,0,0
58.3126,86981,870040538,1831,0,0,0
58.3227,86982,870050539,1825,0,0,0
58.3327,86983,870060538,1840,0,0,0
58.3428,86984,870070539,1829,0,0,0
58.3529,86985,870080538,1841,0,0,0
58.3628,86986,870090539,1843,0,0,0
58.3727,86987,870100538,1853,0,0,0
58.3826,86988,870110539,1854,0,0,0
58.3928,86989,870120538,1847,0,0,0
58.4028,86990,870130539,1852,0,0,0
58.4127,86991,870140539,1859,0,0,0
58.4229,86992,870150538,1861,0,0,0
58.4331,86993,870160539,1872,0,0,0
58.4426,86994,870170539,1856,0,0,0
58.4536,86995,870180539,1873,0,0,0
58.4626,86996,870190539,1901,0,0,0
58.4728,86997,870200538,1923,0,0,0
58.4827,86998,870210539,1931,0,0,0
58.4926,86999,870220539,1990,0,0,0
58.5026,87000,870230538,1971,0,0,0
58.5128,87001,870240538,1959,0,0,0
58.5228,87002,870250539,1899,0,0,0
58.5326,87003,870260539,1873,0,0,0
58.5427,87004,870270539,1856,0,0,0
58.5528,87005,870280539,1847,0,0,0
58.5633,87006,870290539,1829,0,0,0
58.5727,87007,870300539,1831,0,0,0
58.5830,87008,870310539,1829,0,0,0
58.5931,87009,870320539,1834,0,0,0
58.6029,87010,870330539,1675,0,0,0
58.6129,87011,870340538,1524,0,0,0
58.6229,87012,870350539,2001,0,0,0
58.6327,87013,870360538,3660,0,0,0
58.6426,87014,870370539,2899,0,0,0
58.6527,87015,870380539,1858,0,0,0
58.6628,87016,870390539,1658,0,0,0
58.6728,87017,870400539,1843,0,0,0
58.6828,87018,870410539,1762,0,0,0
58.6926,87019,870420539,1744,0,0,0
58.7027,87020,870430539,1761,0,0,0
58.7125,87021,870440539,1775,0,0,0
58.7225,87022,870450539,1779,0,0,0
58.7329,87023,870460539,1795,0,0,0
58.7429,87024,870470539,1791,0,0,0
58.7526,87025,870480538,1799,0,0,0
58.7626,87026,870490539,1792,0,0,0
58.7726,87027,870500539,1809,0,0,0
58.7827,87028,870510539,1808,0,0,0
58.7926,87029,870520539,1819,0,0,0
58.8026,87030,870530539,1815,0,0,0
58.8126,87031,870540539,1837,0,0,0
58.8226,87032,870550539,1818,0,0,0
58.8328,87033,870560538,1839,0,0,0
58.8429,87034,870570539,1847,0,0,0
58.8527,87035,870580539,1856,0,0,0
58.8628,87036,870590539,1876,0,0,0
58.8728,87037,870600539,1918,0,0,0
58.8828,87038,870610539,1918,0,0,0
58.8926,87039,870620539,1951,0,0,0
58.9026,87040,870630538,1956,0,0,0
58.9126,87041,870640538,1975,0,0,0
58.9226,87042,870650539,1962,0,0,0
58.9327,87043,870660538,1951,0,0,0
58.9431,87044,870670539,1914,0,0,0
58.9528,87045,870680539,1903,0,0,0
58.9627,87046,870690538,1847,0,0,0
58.9728,87047,870700539,1840,0,0,0
58.9828,87048,870710539,1814,0,0,0
58.9928,87049,870720539,1821,0,0,0
59.0027,87050,870730539,1805,0,0,0
59.0127,87051,870740538,1807,0,0,0
59.0227,87052,870750539,1801,0,0,0
59.0326,87053,870760539,1808,0,0,0
59.0427,87054,870770539,1807,0,0,0
59.0526,87055,870780539,1817,0,0,0
59.0625,87056,870790538,1815,0,0,0
59.0727,87057,870800538,1829,0,0,0
59.0828,87058,870810539,1807,0,0,0
59.0928,87059,870820538,1830,0,0,0
59.1028,87060,870830539,1831,0,0,0
59.1128,87061,870840538,1843,0,0,0
59.1230,87062,870850539,1825,0,0,0
59.1328,87063,870860539,1839,0,0,0
59.1427,87064,870870539,1839,0,0,0
59.1528,87065,870880539,1840,0,0,0
59.1631,87066,870890539,1837,0,0,0
59.1725,87067,870900539,1843,0,0,0
59.1830,87068,870910539,1843,0,0,0
59.1927,87069,870920538,1859,0,0,0
59.2029,87070,870930539,1842,0,0,0
59.2126,87071,870940539,1843,0,0,0
59.2229,87072,870950539,1840,0,0,0
59.2328,87073,870960538,1845,0,0,0
59.2428,87074,870970539,1841,0,0,0
59.2525,87075,870980539,1852,0,0,0
59.2629,87076,870990539,1838,0,0,0
59.2725,87077,871000538,1861,0,0,0
59.2826,87078,871010539,1847,0,0,0
59.2926,87079,871020539,1867,0,0,0
59.3026,87080,871030538,1845,0,0,0
59.3128,87081,871040539,1856,0,0,0
59.3227,87082,871050539,1832,0,0,0
59.3327,87083,871060539,1851,0,0,0
59.3432,87084,871070539,1840,0,0,0
59.3529,87085,871080539,1851,0,0,0
59.3626,87086,871090539,1847,0,0,0
59.3732,87087,871100539,1845,0,0,0
59.3826,87088,871110539,1854,0,0,0
59.3926,87089,871120538,1859,0,0,0
59.4029,87090,871130539,1865,0,0,0
59.4126,87091,871140539,1856,0,0,0
59.4227,87092,871150539,1858,0,0,0
59.4338,87093,871160539,1859,0,0,0
59.4429,87094,871170539,1869,0,0,0
59.4526,87095,871180538,1869,0,0,0
59.4626,87096,871190539,1855,0,0,0
59.4727,87097,871200539,1867,0,0,0
59.4825,87098,871210539,1843,0,0,0
59.4930,87099,871220538,1861,0,0,0
59.5027,87100,871230539,1847,0,0,0
59.5126,87101,871240539,1872,0,0,0
59.5226,87102,871250539,1857,0,0,0
59.5326,87103,871260539,1870,0,0,0
59.5427,87104,871270538,1851,0,0,0
59.5529,87105,871280538,1856,0,0,0
59.5628,87106,871290539,1851,0,0,0
59.5728,87107,871300539,1875,0,0,0
59.5827,87108,871310539,1861,0,0,0
59.5928,87109,871320539,1879,0,0,0
59.6028,87110,871330539,1884,0,0,0
59.6129,87111,871340539,1903,0,0,0
59.6229,87112,871350538,1903,0,0,0
59.6328,87113,871360539,1942,0,0,0
59.6428,87114,871370538,1962,0,0,0
59.6527,87115,871380539,1955,0,0,0
59.6629,87116,871390539,1903,0,0,0
59.6728,87117,871400539,1851,0,0,0
59.6832,87118,871410539,1833,0,0,0
59.6926,87119,871420539,1840,0,0,0
59.7026,87120,871430538,1813,0,0,0
59.7124,87121,871440539,1822,0,0,0
59.7228,87122,871450539,1808,0,0,0
59.7325,87123,871460539,1833,0,0,0
59.7425,87124,871470539,1755,0,0,0
59.7526,87125,871480539,1488,0,0,0
59.7626,87126,871490538,1729,0,0,0
59.7725,87127,871500538,2883,0,0,0
59.7826,87128,871510539,3418,0,0,0
59.7925,87129,871520539,2081,0,0,0
59.8027,87130,871530539,1663,0,0,0
59.8127,87131,871540539,1791,0,0,0
59.8226,87132,871550539,1793,0,0,0
59.8328,87133,871560539,1747,0,0,0
59.8428,87134,871570538,1765,0,0,0
59.8525,87135,871580539,1778,0,0,0
59.8625,87136,871590539,1760,0,0,0
59.8727,87137,871600539,1786,0,0,0
59.8828,87138,871610539,1776,0,0,0
59.8928,87139,871620539,1792,0,0,0
59.9027,87140,871630539,1791,0,0,0
59.9127,87141,871640538,1799,0,0,0
59.9225,87142,871650539,1808,0,0,0
59.9327,87143,871660539,1831,0,0,0
59.9441,87144,871670539,1821,0,0,0
59.9526,87145,871680538,1824,0,0,0
59.9626,87146,871690539,1827,0,0,0
59.9726,87147,871700538,1825,0,0,0
59.9826,87148,871710539,1821,0,0,0
59.9927,87149,871720539,1877,0,0,0
60.0025,87150,871730538,1869,0,0,0
60.0127,87151,871740539,1898,0,0,0
60.0227,87152,871750539,1914,0,0,0
60.0330,87153,871760539,1936,0,0,0
60.0426,87154,871770539,1956,0,0,0
60.0525,87155,871780539,1967,0,0,0
60.0626,87156,871790539,1946,0,0,0
60.0726,87157,871800539,1958,0,0,0
60.0827,87158,871810538,1915,0,0,0
60.0926,87159,871820538,1887,0,0,0
60.1026,87160,871830539,1842,0,0,0
60.1126,87161,871840539,1817,0,0,0
60.1226,87162,871850539,1791,0,0,0
60.1326,87163,871860539,1776,0,0,0
60.1430,87164,871870539,1769,0,0,0
60.1528,87165,871880538,1779,0,0,0
60.1627,87166,871890539,1776,0,0,0
60.1785,87167,871900538,1776,0,0,0
60.1847,87168,871910539,1775,0,0,0
60.2024,87169,871920539,1795,0,0,0
60.2061,87170,871930539,1767,0,0,0
60.2190,87171,871940538,1782,0,0,0
60.2228,87172,871950539,1779,0,0,0
60.2335,87173,871960539,1797,0,0,0
60.2461,87174,871970539,1797,0,0,0
60.2526,87175,871980538,1808,0,0,0
60.2628,87176,871990539,1813,0,0,0
60.2727,87177,872000539,1824,0,0,0
60.2827,87178,872010539,1817,0,0,0
60.2928,87179,872020539,1818,0,0,0
60.3026,87180,872030539,1813,0,0,0
60.3128,87181,872040539,1840,0,0,0
60.3228,87182,872050538,1811,0,0,0
60.3326,87183,872060538,1819,0,0,0
60.3426,87184,872070539,1808,0,0,0
60.3527,87185,872080538,1826,0,0,0
60.3627,87186,872090539,1823,0,0,0
60.3796,87187,872100538,1829,0,0,0
60.3826,87188,872110539,1823,0,0,0
60.3939,87189,872120539,1831,0,0,0
60.4054,87190,872130539,1817,0,0,0
60.4125,87191,872140539,1831,0,0,0
60.4247,87192,872150539,1835,0,0,0
60.4327,87193,872160539,1840,0,0,0
60.4425,87194,872170538,1835,0,0,0
60.4534,87195,872180539,1837,0,0,0
60.4626,87196,872190539,1829,0,0,0
60.4726,87197,872200538,1840,0,0,0
60.4828,87198,872210539,1829,0,0,0
60.4926,87199,872220539,1837,0,0,0
60.5026,87200,872230538,1835,0,0,0
60.5127,87201,872240538,1840,0,0,0
60.5225,87202,872250539,1847,0,0,0
60.5326,87203,872260539,1850,0,0,0
60.5431,87204,872270539,1838,0,0,0
60.5567,87205,872280539,1847,0,0,0
60.5647,87206,872290539,1847,0,0,0
60.5749,87207,872300539,1840,0,0,0
60.5826,87208,872310538,1839,0,0,0
60.5928,87209,872320539,1854,0,0,0
60.6030,87210,872330539,1841,0,0,0
60.6127,87211,872340539,1840,0,0,0
60.6228,87212,872350539,1840,0,0,0
60.6327,87213,872360539,1853,0,0,0
60.6432,87214,872370539,1835,0,0,0
60.6528,87215,872380539,1845,0,0,0
60.6627,87216,872390539,1841,0,0,0
60.6727,87217,872400538,1851,0,0,0
60.6827,87218,872410539,1842,0,0,0
60.6926,87219,872420538,1873,0,0,0
60.7065,87220,872430539,1899,0,0,0
60.7128,87221,872440539,1902,0,0,0
60.7236,87222,872450539,1917,0,0,0
60.7331,87223,872460539,1972,0,0,0
60.7426,87224,872470538,1937,0,0,0
60.7609,87225,872480539,1901,0,0,0
60.7628,87226,872490539,1839,0,0,0
60.7735,87227,872500539,1837,0,0,0
60.7826,87228,872510539,1819,0,0,0
60.7927,87229,872520538,1814,0,0,0
60.8026,87230,872530539,1797,0,0,0
60.8127,87231,872540539,1802,0,0,0
60.8232,87232,872550539,1790,0,0,0
60.8328,87233,872560539,1758,0,0,0
60.8426,87234,872570539,1472,0,0,0
60.8528,87235,872580539,1721,0,0,0
60.8628,87236,872590538,2827,0,0,0
60.8727,87237,872600539,3511,0,0,0
60.8825,87238,872610539,2112,0,0,0
60.8926,87239,872620539,1616,0,0,0
60.9025,87240,872630538,1769,0,0,0
60.9127,87241,872640539,1776,0,0,0
60.9225,87242,872650539,1717,0,0,0
60.9325,87243,872660539,1742,0,0,0
60.9440,87244,872670539,1744,0,0,0
60.9525,87245,872680539,1759,0,0,0
60.9625,87246,872690539,1754,0,0,0
60.9726,87247,872700539,1762,0,0,0
60.9825,87248,872710538,1767,0,0,0
60.9926,87249,872720539,1781,0,0,0
61.0026,87250,872730539,1781,0,0,0
61.0126,87251,872740539,1792,0,0,0
61.0227,87252,872750539,1789,0,0,0
61.0327,87253,872760539,1799,0,0,0
61.0426,87254,872770539,1798,0,0,0
61.0526,87255,872780538,1818,0,0,0
61.0626,87256,872790539,1817,0,0,0
61.0725,87257,872800539,1835,0,0,0
61.0826,87258,872810539,1831,0,0,0
61.0926,87259,872820538,1861,0,0,0
61.1025,87260,872830539,1872,0,0,0
61.1126,87261,872840538,1910,0,0,0
61.1227,87262,872850539,1916,0,0,0
61.1326,87263,872860539,1931,0,0,0
61.1426,87264,872870538,1932,0,0,0
61.1528,87265,872880538,1942,0,0,0
61.1626,87266,872890539,1926,0,0,0
61.1727,87267,872900539,1905,0,0,0
61.1827,87268,872910539,1871,0,0,0
61.1935,87269,872920539,1850,0,0,0
61.2027,87270,872930538,1812,0,0,0
61.2129,87271,872940538,1792,0,0,0
61.2226,87272,872950539,1783,0,0,0
61.2327,87273,872960539,1783,0,0,0
61.2429,87274,872970539,1780,0,0,0
61.2525,87275,872980539,1786,0,0,0
61.2626,87276,872990539,1776,0,0,0
61.2727,87277,873000539,1791,0,0,0
61.2826,87278,873010538,1791,0,0,0
61.2926,87279,873020538,1793,0,0,0
61.3026,87280,873030539,1787,0,0,0
61.3126,87281,873040539,1808,0,0,0
61.3226,87282,873050538,1804,0,0,0
61.3327,87283,873060539,1808,0,0,0
61.3427,87284,873070539,1798,0,0,0
61.3527,87285,873080539,1823,0,0,0
61.3628,87286,873090539,1806,0,0,0
61.3727,87287,873100538,1810,0,0,0
61.3827,87288,873110539,1808,0,0,0
61.3928,87289,873120539,1813,0,0,0
61.4026,87290,873130539,1819,0,0,0
61.4126,87291,873140539,1831,0,0,0
61.4227,87292,873150539,1822,0,0,0
61.4326,87293,873160539,1823,0,0,0
61.4426,87294,873170539,1817,0,0,0
61.4551,87295,873180539,1813,0,0,0
61.4626,87296,873190539,1811,0,0,0
61.4728,87297,873200539,1822,0,0,0
61.4829,87298,873210539,1818,0,0,0
61.4928,87299,873220539,1815,0,0,0
61.5027,87300,873230539,1808,0,0,0
61.5129,87301,873240538,1823,0,0,0
61.5226,87302,873250539,1817,0,0,0
61.5326,87303,873260539,1830,0,0,0
61.5426,87304,873270538,1825,0,0,0
61.5526,87305,873280539,1835,0,0,0
61.5626,87306,873290539,1834,0,0,0
61.5727,87307,873300539,1825,0,0,0
61.5826,87308,873310539,1823,0,0,0
61.5926,87309,873320538,1834,0,0,0
61.6026,87310,873330539,1830,0,0,0
61.6126,87311,873340539,1835,0,0,0
61.6226,87312,873350539,1831,0,0,0
61.6326,87313,873360539,1845,0,0,0
61.6425,87314,873370539,1838,0,0,0
61.6528,87315,873380539,1855,0,0,0
61.6627,87316,873390538,1845,0,0,0
61.6725,87317,873400538,1856,0,0,0
61.6825,87318,873410539,1854,0,0,0
61.6927,87319,873420539,1865,0,0,0
61.7026,87320,873430539,1855,0,0,0
61.7134,87321,873440538,1854,0,0,0
61.7228,87322,873450539,1852,0,0,0
61.7328,87323,873460539,1851,0,0,0
61.7428,87324,873470538,1858,0,0,0
61.7532,87325,873480538,1862,0,0,0
61.7626,87326,873490539,1856,0,0,0
61.7726,87327,873500539,1869,0,0,0
61.7826,87328,873510539,1866,0,0,0
61.7927,87329,873520539,1873,0,0,0
61.8026,87330,873530538,1876,0,0,0
61.8125,87331,873540539,1875,0,0,0
61.8227,87332,873550539,1872,0,0,0
61.8327,87333,873560538,1872,0,0,0
61.8426,87334,873570539,1871,0,0,0
61.8527,87335,873580539,1881,0,0,0
61.8626,87336,873590538,1897,0,0,0
61.8725,87337,873600539,1924,0,0,0
61.8827,87338,873610539,1921,0,0,0
61.8926,87339,873620539,1971,0,0,0
61.9025,87340,873630538,1959,0,0,0
61.9126,87341,873640538,1941,0,0,0
61.9229,87342,873650539,1899,0,0,0
61.9326,87343,873660539,1863,0,0,0
61.9426,87344,873670539,1840,0,0,0
61.9555,87345,873680539,1830,0,0,0
61.9626,87346,873690539,1838,0,0,0
61.9726,87347,873700539,1833,0,0,0
61.9828,87348,873710539,1839,0,0,0
61.9927,87349,873720539,1822,0,0,0
62.0025,87350,873730539,1587,0,0,0
62.0126,87351,873740539,1566,0,0,0
62.0226,87352,873750539,2263,0,0,0
62.0326,87353,873760539,3987,0,0,0
62.0426,87354,873770539,2544,0,0,0
62.0525,87355,873780538,1730,0,0,0
62.0626,87356,873790539,1713,0,0,0
62.0726,87357,873800539,1840,0,0,0
62.0826,87358,873810539,1759,0,0,0
62.0926,87359,873820538,1772,0,0,0
62.1027,87360,873830539,1772,0,0,0
62.1126,87361,873840539,1782,0,0,0
62.1228,87362,873850539,1790,0,0,0
62.1329,87363,873860539,1797,0,0,0
62.1427,87364,873870539,1795,0,0,0
62.1527,87365,873880539,1802,0,0,0
62.1628,87366,873890538,1803,0,0,0
62.1726,87367,873900539,1819,0,0,0
62.1836,87368,873910539,1808,0,0,0
62.1931,87369,873920539,1823,0,0,0
62.2026,87370,873930539,1820,0,0,0
62.2127,87371,873940538,1827,0,0,0
62.2228,87372,873950539,1841,0,0,0
62.2326,87373,873960539,1846,0,0,0
62.2427,87374,873970539,1856,0,0,0
62.2527,87375,873980538,1861,0,0,0
62.2626,87376,873990539,1875,0,0,0
62.2728,87377,874000538,1904,0,0,0
62.2825,87378,874010539,1922,0,0,0
62.2925,87379,874020539,1938,0,0,0
62.3028,87380,874030539,1954,0,0,0
62.3127,87381,874040538,1959,0,0,0
62.3228,87382,874050539,1950,0,0,0
62.3328,87383,874060538,1935,0,0,0
62.3427,87384,874070539,1909,0,0,0
62.3527,87385,874080538,1865,0,0,0
62.3628,87386,874090539,1810,0,0,0
62.3726,87387,874100538,1793,0,0,0
62.3827,87388,874110539,1778,0,0,0
62.3928,87389,874120539,1772,0,0,0
62.4028,87390,874130539,1771,0,0,0
62.4129,87391,874140539,1773,0,0,0
62.4228,87392,874150539,1770,0,0,0
62.4327,87393,874160539,1776,0,0,0
62.4452,87394,874170539,1762,0,0,0
62.4526,87395,874180539,1782,0,0,0
62.4626,87396,874190539,1776,0,0,0
62.4731,87397,874200538,1795,0,0,0
62.4825,87398,874210539,1795,0,0,0
62.4927,87399,874220539,1777,0,0,0
62.5029,87400,874230539,1795,0,0,0
62.5126,87401,874240538,1803,0,0,0
62.5225,87402,874250539,1806,0,0,0
62.5327,87403,874260539,1808,0,0,0
62.5425,87404,874270539,1808,0,0,0
62.5527,87405,874280538,1818,0,0,0
62.5626,87406,874290539,1809,0,0,0
62.5725,87407,874300539,1819,0,0,0
62.5826,87408,874310539,1808,0,0,0
62.5927,87409,874320539,1811,0,0,0
62.6026,87410,874330539,1813,0,0,0
62.6127,87411,874340538,1811,0,0,0
62.6228,87412,874350539,1778,0,0,0
62.6327,87413,874360539,1819,0,0,0
62.6426,87414,874370539,1815,0,0,0
62.6526,87415,874380538,1812,0,0,0
62.6626,87416,874390539,1810,0,0,0
62.6731,87417,874400538,1808,0,0,0
62.6826,87418,874410539,1853,0,0,0
62.6926,87419,874420539,1808,0,0,0
62.7025,87420,874430539,1818,0,0,0
62.7128,87421,874440539,1827,0,0,0
62.7226,87422,874450539,1826,0,0,0
62.7325,87423,874460538,1827,0,0,0
62.7426,87424,874470539,1828,0,0,0
62.7526,87425,874480539,1831,0,0,0
62.7626,87426,874490539,1799,0,0,0
62.7726,87427,874500539,1840,0,0,0
62.7826,87428,874510539,1837,0,0,0
62.7927,87429,874520538,1840,0,0,0
62.8026,87430,874530539,1838,0,0,0
62.8126,87431,874540539,1838,0,0,0
62.8226,87432,874550539,1840,0,0,0
62.8326,87433,874560538,1841,0,0,0
62.8426,87434,874570539,1835,0,0,0
62.8527,87435,874580539,1842,0,0,0
62.8627,87436,874590539,1857,0,0,0
62.8727,87437,874600539,1835,0,0,0
62.8828,87438,874610539,1843,0,0,0
62.8927,87439,874620538,1839,0,0,0
62.9026,87440,874630539,1847,0,0,0
62.9128,87441,874640539,1840,0,0,0
62.9227,87442,874650539,1841,0,0,0
62.9327,87443,874660538,1843,0,0,0
62.9427,87444,874670539,1851,0,0,0
62.9526,87445,874680539,1841,0,0,0
62.9626,87446,874690539,1851,0,0,0
62.9727,87447,874700539,1847,0,0,0
62.9828,87448,874710538,1861,0,0,0
62.9926,87449,874720539,1883,0,0,0
63.0026,87450,874730539,1917,0,0,0
63.0126,87451,874740538,1915,0,0,0
63.0225,87452,874750539,1965,0,0,0
63.0327,87453,874760539,1949,0,0,0
63.0426,87454,874770539,1933,0,0,0
63.0526,87455,874780539,1873,0,0,0
63.0627,87456,874790539,1846,0,0,0
63.0726,87457,874800539,1831,0,0,0
63.0826,87458,874810539,1825,0,0,0
63.0927,87459,874820538,1813,0,0,0
63.1026,87460,874830539,1825,0,0,0
63.1126,87461,874840538,1811,0,0,0
63.1227,87462,874850539,1810,0,0,0
63.1326,87463,874860539,1616,0,0,0
63.1426,87464,874870539,1535,0,0,0
63.1526,87465,874880539,2143,0,0,0
63.1627,87466,874890538,3879,0,0,0
63.1726,87467,874900539,2661,0,0,0
63.1827,87468,874910539,1747,0,0,0
63.1926,87469,874920539,1679,0,0,0
63.2027,87470,874930538,1827,0,0,0
63.2128,87471,874940539,1753,0,0,0
63.2227,87472,874950539,1755,0,0,0
63.2328,87473,874960539,1761,0,0,0
63.2429,87474,874970539,1759,0,0,0
63.2527,87475,874980539,1767,0,0,0
63.2626,87476,874990539,1770,0,0,0
63.2726,87477,875000538,1777,0,0,0
63.2827,87478,875010539,1787,0,0,0
63.2926,87479,875020538,1781,0,0,0
63.3026,87480,875030539,1792,0,0,0
63.3127,87481,875040539,1789,0,0,0
63.3227,87482,875050539,1798,0,0,0
63.3328,87483,875060539,1795,0,0,0
63.3428,87484,875070539,1817,0,0,0
63.3526,87485,875080539,1816,0,0,0
63.3628,87486,875090539,1822,0,0,0
63.3727,87487,875100538,1831,0,0,0
63.3826,87488,875110539,1847,0,0,0
63.3928,87489,875120538,1860,0,0,0
63.4027,87490,875130539,1877,0,0,0
63.4126,87491,875140538,1890,0,0,0
63.4227,87492,875150539,1922,0,0,0
63.4325,87493,875160539,1922,0,0,0
63.4426,87494,875170538,1936,0,0,0
63.4526,87495,875180539,1927,0,0,0
63.4626,87496,875190539,1922,0,0,0
63.4726,87497,875200538,1886,0,0,0
63.4828,87498,875210539,1856,0,0,0
63.4927,87499,875220538,1829,0,0,0
63.5026,87500,875230539,1808,0,0,0
63.5126,87501,875240539,1787,0,0,0
63.5226,87502,875250539,1790,0,0,0
63.5326,87503,875260538,1776,0,0,0
63.5427,87504,875270539,1779,0,0,0
63.5526,87505,875280538,1767,0,0,0
63.5627,87506,875290539,1783,0,0,0
63.5727,87507,875300538,1765,0,0,0
63.5826,87508,875310539,1782,0,0,0
63.5926,87509,875320539,1767,0,0,0
63.6028,87510,875330538,1789,0,0,0
63.6126,87511,875340539,1788,0,0,0
63.6226,87512,875350539,1799,0,0,0
63.6328,87513,875360539,1803,0,0,0
63.6426,87514,875370539,1815,0,0,0
63.6526,87515,875380539,1792,0,0,0
63.6627,87516,875390538,1793,0,0,0
63.6726,87517,875400538,1795,0,0,0
63.6826,87518,875410539,1807,0,0,0
63.6933,87519,875420539,1801,0,0,0
63.7025,87520,875430539,1814,0,0,0
63.7126,87521,875440539,1811,0,0,0
63.7228,87522,875450539,1823,0,0,0
63.7326,87523,875460539,1812,0,0,0
63.7426,87524,875470538,1830,0,0,0
63.7527,87525,875480538,1823,0,0,0
63.7633,87526,875490539,1808,0,0,0
63.7726,87527,875500539,1812,0,0,0
63.7827,87528,875510539,1830,0,0,0
63.7926,87529,875520538,1824,0,0,0
63.8026,87530,875530539,1828,0,0,0
63.8127,87531,875540538,1809,0,0,0
63.8226,87532,875550539,1824,0,0,0
63.8325,87533,875560539,1820,0,0,0
63.8427,87534,875570538,1839,0,0,0
63.8527,87535,875580539,1843,0,0,0
63.8627,87536,875590539,1840,0,0,0
63.8727,87537,875600538,1829,0,0,0
63.8826,87538,875610539,1835,0,0,0
63.8926,87539,875620539,1840,0,0,0
63.9027,87540,875630539,1843,0,0,0
63.9125,87541,875640539,1841,0,0,0
63.9227,87542,875650539,1857,0,0,0
63.9326,87543,875660538,1839,0,0,0
63.9425,87544,875670539,1840,0,0,0
63.9526,87545,875680539,1831,0,0,0
63.9628,87546,875690538,1838,0,0,0
63.9727,87547,875700539,1845,0,0,0
63.9826,87548,875710539,1859,0,0,0
63.9928,87549,875720539,1850,0,0,0
64.0027,87550,875730538,1847,0,0,0
64.0126,87551,875740539,1849,0,0,0
64.0226,87552,875750539,1872,0,0,0
64.0325,87553,875760539,1861,0,0,0
64.0426,87554,875770539,1859,0,0,0
64.0530,87555,875780538,1840,0,0,0
64.0628,87556,875790539,1853,0,0,0
64.0728,87557,875800539,1851,0,0,0
64.0828,87558,875810539,1865,0,0,0
64.0927,87559,875820539,1859,0,0,0
64.1027,87560,875830539,1861,0,0,0
64.1128,87561,875840539,1863,0,0,0
64.1229,87562,875850539,1878,0,0,0
64.1328,87563,875860539,1891,0,0,0
64.1431,87564,875870539,1920,0,0,0
64.1528,87565,875880539,1920,0,0,0
64.1630,87566,875890539,1989,0,0,0
64.1725,87567,875900539,1974,0,0,0
64.1830,87568,875910539,1955,0,0,0
64.1928,87569,875920539,1888,0,0,0
64.2028,87570,875930539,1862,0,0,0
64.2127,87571,875940539,1846,0,0,0
64.2226,87572,875950539,1850,0,0,0
64.2327,87573,875960539,1834,0,0,0
64.2428,87574,875970539,1835,0,0,0
64.2527,87575,875980539,1829,0,0,0
64.2626,87576,875990538,1829,0,0,0
64.2726,87577,876000539,1607,0,0,0
64.2826,87578,876010538,1562,0,0,0
64.2926,87579,876020539,2222,0,0,0
64.3025,87580,876030539,3882,0,0,0
64.3127,87581,876040539,2559,0,0,0
64.3226,87582,876050539,1823,0,0,0
64.3326,87583,876060538,1732,0,0,0
64.3426,87584,876070539,1855,0,0,0
64.3526,87585,876080539,1779,0,0,0
64.3627,87586,876090539,1781,0,0,0
64.3727,87587,876100539,1776,0,0,0
64.3827,87588,876110539,1806,0,0,0
64.3926,87589,876120539,1805,0,0,0
64.4027,87590,876130539,1813,0,0,0
64.4126,87591,876140539,1811,0,0,0
64.4227,87592,876150538,1826,0,0,0
64.4329,87593,876160539,1827,0,0,0
64.4427,87594,876170539,1840,0,0,0
64.4530,87595,876180539,1831,0,0,0
64.4625,87596,876190539,1840,0,0,0
64.4725,87597,876200539,1840,0,0,0
64.4827,87598,876210539,1856,0,0,0
64.4928,87599,876220539,1861,0,0,0
64.5026,87600,876230539,1872,0,0,0
64.5125,87601,876240539,1869,0,0,0
64.5226,87602,876250539,1889,0,0,0
64.5325,87603,876260538,1887,0,0,0
64.5427,87604,876270539,1915,0,0,0
64.5526,87605,876280539,1931,0,0,0
64.5627,87606,876290538,1962,0,0,0
64.5732,87607,876300539,1953,0,0,0
64.5831,87608,876310539,1968,0,0,0
64.5932,87609,876320539,1958,0,0,0
64.6029,87610,876330538,1957,0,0,0
64.6128,87611,876340539,1906,0,0,0
64.6231,87612,876350539,1886,0,0,0
64.6328,87613,876360539,1858,0,0,0
64.6432,87614,876370538,1836,0,0,0
64.6525,87615,876380538,1794,0,0,0
64.6630,87616,876390539,1790,0,0,0
64.6730,87617,876400539,1789,0,0,0
64.6856,87618,876410539,1791,0,0,0
64.6925,87619,876420539,1777,0,0,0
64.7026,87620,876430539,1776,0,0,0
64.7125,87621,876440539,1762,0,0,0
64.7227,87622,876450538,1778,0,0,0
64.7327,87623,876460538,1776,0,0,0
64.7427,87624,876470539,1775,0,0,0
64.7525,87625,876480538,1776,0,0,0
64.7625,87626,876490539,1782,0,0,0
64.7726,87627,876500538,1771,0,0,0
64.7826,87628,876510539,1783,0,0,0
64.7927,87629,876520538,1781,0,0,0
64.8030,87630,876530539,1794,0,0,0
64.8127,87631,876540539,1781,0,0,0
64.8229,87632,876550539,1793,0,0,0
64.8332,87633,876560538,1790,0,0,0
64.8428,87634,876570539,1787,0,0,0
64.8529,87635,876580539,1779,0,0,0
64.8627,87636,876590538,1794,0,0,0
64.8728,87637,876600539,1791,0,0,0
64.8828,87638,876610539,1799,0,0,0
64.8926,87639,876620538,1785,0,0,0
64.9026,87640,876630539,1794,0,0,0
64.9127,87641,876640539,1787,0,0,0
64.9229,87642,876650538,1814,0,0,0
64.9326,87643,876660539,1778,0,0,0
64.9449,87644,876670539,1798,0,0,0
64.9524,87645,876680539,1797,0,0,0
64.9625,87646,876690539,1808,0,0,0
64.9725,87647,876700539,1796,0,0,0
64.9825,87648,876710538,1818,0,0,0
64.9925,87649,876720539,1817,0,0,0
65.0026,87650,876730539,1824,0,0,0
65.0126,87651,876740538,1815,0,0,0
65.0226,87652,876750539,1825,0,0,0
65.0326,87653,876760539,1825,0,0,0
65.0427,87654,876770538,1833,0,0,0
65.0529,87655,876780539,1827,0,0,0
65.0626,87656,876790539,1841,0,0,0
65.0727,87657,876800539,1838,0,0,0
65.0827,87658,876810539,1843,0,0,0
65.0926,87659,876820539,1840,0,0,0
65.1025,87660,876830539,1854,0,0,0
65.1125,87661,876840538,1843,0,0,0
65.1227,87662,876850539,1857,0,0,0
65.1326,87663,876860538,1856,0,0,0
65.1426,87664,876870539,1861,0,0,0
65.1527,87665,876880539,1855,0,0,0
65.1625,87666,876890538,1867,0,0,0
65.1726,87667,876900539,1856,0,0,0
65.1839,87668,876910539,1871,0,0,0
65.1928,87669,876920539,1878,0,0,0
65.2027,87670,876930538,1870,0,0,0
65.2129,87671,876940539,1869,0,0,0
65.2226,87672,876950539,1875,0,0,0
65.2326,87673,876960539,1878,0,0,0
65.2428,87674,876970539,1904,0,0,0
65.2526,87675,876980539,1919,0,0,0
65.2625,87676,876990539,1943,0,0,0
65.2727,87677,877000539,1972,0,0,0
65.2827,87678,877010539,1987,0,0,0
65.2926,87679,877020539,1959,0,0,0
65.3027,87680,877030539,1916,0,0,0
65.3127,87681,877040539,1865,0,0,0
65.3226,87682,877050539,1867,0,0,0
65.3327,87683,877060539,1846,0,0,0
65.3426,87684,877070539,1849,0,0,0
65.3527,87685,877080539,1840,0,0,0
65.3626,87686,877090539,1845,0,0,0
65.3726,87687,877100539,1839,0,0,0
65.3827,87688,877110539,1649,0,0,0
65.3928,87689,877120539,1533,0,0,0
65.4028,87690,877130539,2131,0,0,0
65.4130,87691,877140538,3856,0,0,0
65.4225,87692,877150539,2775,0,0,0
65.4325,87693,877160539,1780,0,0,0
65.4426,87694,877170539,1694,0,0,0
65.4525,87695,877180539,1847,0,0,0
65.4626,87696,877190538,1776,0,0,0
65.4729,87697,877200538,1765,0,0,0
65.4826,87698,877210539,1779,0,0,0
65.4926,87699,877220539,1783,0,0,0
65.5026,87700,877230538,1791,0,0,0
65.5126,87701,877240539,1786,0,0,0
65.5227,87702,877250539,1800,0,0,0
65.5326,87703,877260539,1793,0,0,0
65.5426,87704,877270538,1809,0,0,0
65.5528,87705,877280539,1795,0,0,0
65.5629,87706,877290539,1808,0,0,0
65.5728,87707,877300538,1808,0,0,0
65.5828,87708,877310539,1823,0,0,0
65.5929,87709,877320538,1822,0,0,0
65.6027,87710,877330539,1835,0,0,0
65.6125,87711,877340539,1834,0,0,0
65.6227,87712,877350539,1850,0,0,0
65.6330,87713,877360538,1853,0,0,0
65.6430,87714,877370539,1872,0,0,0
65.6527,87715,877380538,1898,0,0,0
65.6630,87716,877390539,1917,0,0,0
65.6730,87717,877400538,1922,0,0,0
65.6826,87718,877410539,1949,0,0,0
65.6928,87719,877420539,1952,0,0,0
65.7026,87720,877430539,1949,0,0,0
65.7126,87721,877440539,1919,0,0,0
65.7225,87722,877450538,1905,0,0,0
65.7326,87723,877460539,1872,0,0,0
65.7426,87724,877470539,1846,0,0,0
65.7525,87725,877480539,1811,0,0,0
65.7627,87726,877490539,1796,0,0,0
65.7728,87727,877500538,1781,0,0,0
65.7826,87728,877510539,1791,0,0,0
65.7926,87729,877520539,1788,0,0,0
65.8029,87730,877530539,1785,0,0,0
65.8129,87731,877540539,1776,0,0,0
65.8229,87732,877550539,1791,0,0,0
65.8332,87733,877560539,1779,0,0,0
65.8429,87734,877570538,1802,0,0,0
65.8527,87735,877580539,1791,0,0,0
65.8632,87736,877590539,1791,0,0,0
65.8732,87737,877600539,1791,0,0,0
65.8830,87738,877610539,1794,0,0,0
65.8927,87739,877620539,1798,0,0,0
65.9026,87740,877630539,1819,0,0,0
65.9129,87741,877640539,1799,0,0,0
65.9229,87742,877650538,1811,0,0,0
65.9326,87743,877660539,1822,0,0,0
65.9432,87744,877670539,1840,0,0,0
65.9527,87745,877680538,1826,0,0,0
65.9628,87746,877690539,1836,0,0,0
65.9728,87747,877700539,1824,0,0,0
65.9827,87748,877710538,1840,0,0,0
65.9928,87749,877720539,1827,0,0,0
66.0027,87750,877730539,1835,0,0,0
66.0127,87751,877740539,1827,0,0,0
66.0225,87752,877750539,1838,0,0,0
66.0326,87753,877760538,1840,0,0,0
66.0428,87754,877770539,1847,0,0,0
66.0526,87755,877780539,1840,0,0,0
66.0626,87756,877790539,1841,0,0,0
66.0727,87757,877800539,1840,0,0,0
66.0827,87758,877810538,1840,0,0,0
66.0927,87759,877820538,1840,0,0,0
66.1028,87760,877830539,1845,0,0,0
66.1128,87761,877840539,1850,0,0,0
66.1229,87762,877850538,1850,0,0,0
66.1329,87763,877860539,1849,0,0,0
66.1427,87764,877870539,1847,0,0,0
66.1527,87765,877880539,1852,0,0,0
66.1629,87766,877890538,1862,0,0,0
66.1727,87767,877900539,1854,0,0,0
66.1825,87768,877910539,1851,0,0,0
66.1929,87769,877920539,1847,0,0,0
66.2024,87770,877930538,1866,0,0,0
66.2128,87771,877940538,1867,0,0,0
66.2229,87772,877950539,1872,0,0,0
66.2327,87773,877960539,1856,0,0,0
66.2427,87774,877970539,1863,0,0,0
66.2528,87775,877980539,1859,0,0,0
66.2627,87776,877990538,1857,0,0,0
66.2725,87777,878000538,1859,0,0,0
66.2825,87778,878010539,1859,0,0,0
66.2926,87779,878020539,1855,0,0,0
66.3026,87780,878030538,1861,0,0,0
66.3126,87781,878040539,1858,0,0,0
66.3226,87782,878050539,1863,0,0,0
66.3327,87783,878060538,1867,0,0,0
66.3428,87784,878070539,1900,0,0,0
66.3527,87785,878080539,1920,0,0,0
66.3627,87786,878090538,1921,0,0,0
66.3728,87787,878100539,1973,0,0,0
66.3828,87788,878110539,1971,0,0,0
66.3928,87789,878120539,1936,0,0,0
66.4029,87790,878130539,1902,0,0,0
66.4129,87791,878140539,1845,0,0,0
66.4230,87792,878150538,1841,0,0,0
66.4332,87793,878160539,1833,0,0,0
66.4432,87794,878170539,1825,0,0,0
66.4526,87795,878180539,1826,0,0,0
66.4627,87796,878190539,1814,0,0,0
66.4730,87797,878200539,1813,0,0,0
66.4826,87798,878210538,1563,0,0,0
66.4927,87799,878220539,1577,0,0,0
66.5026,87800,878230539,2315,0,0,0
66.5126,87801,878240538,3920,0,0,0
66.5226,87802,878250539,2465,0,0,0
66.5325,87803,878260538,1708,0,0,0
66.5426,87804,878270539,1728,0,0,0
66.5527,87805,878280539,1821,0,0,0
66.5626,87806,878290539,1744,0,0,0
66.5727,87807,878300539,1750,0,0,0
66.5827,87808,878310539,1772,0,0,0
66.5926,87809,878320538,1766,0,0,0
66.6026,87810,878330539,1777,0,0,0
66.6126,87811,878340539,1777,0,0,0
66.6225,87812,878350539,1791,0,0,0
66.6325,87813,878360539,1796,0,0,0
66.6426,87814,878370539,1810,0,0,0
66.6528,87815,878380538,1806,0,0,0
66.6628,87816,878390539,1795,0,0,0
66.6731,87817,878400539,1808,0,0,0
66.6826,87818,878410538,1805,0,0,0
66.6925,87819,878420539,1813,0,0,0
66.7027,87820,878430539,1830,0,0,0
66.7128,87821,878440539,1846,0,0,0
66.7228,87822,878450539,1863,0,0,0
66.7327,87823,878460539,1861,0,0,0
66.7426,87824,878470539,1872,0,0,0
66.7527,87825,878480538,1908,0,0,0
66.7626,87826,878490539,1931,0,0,0
66.7726,87827,878500539,1938,0,0,0
66.7827,87828,878510539,1947,0,0,0
66.7930,87829,878520538,1951,0,0,0
66.8030,87830,878530539,1958,0,0,0
66.8128,87831,878540539,1931,0,0,0
66.8230,87832,878550539,1904,0,0,0
66.8327,87833,878560538,1881,0,0,0
66.8431,87834,878570539,1841,0,0,0
66.8527,87835,878580539,1821,0,0,0
66.8629,87836,878590538,1808,0,0,0
66.8729,87837,878600539,1790,0,0,0
66.8827,87838,878610539,1786,0,0,0
66.8929,87839,878620538,1787,0,0,0
66.9028,87840,878630539,1794,0,0,0
66.9125,87841,878640539,1781,0,0,0
66.9230,87842,878650539,1789,0,0,0
66.9338,87843,878660539,1799,0,0,0
66.9425,87844,878670539,1793,0,0,0
66.9526,87845,878680539,1797,0,0,0
66.9628,87846,878690539,1815,0,0,0
66.9728,87847,878700539,1802,0,0,0
66.9826,87848,878710539,1811,0,0,0
66.9926,87849,878720539,1819,0,0,0
67.0026,87850,878730538,1812,0,0,0
67.0125,87851,878740539,1822,0,0,0
67.0226,87852,878750539,1814,0,0,0
67.0325,87853,878760539,1824,0,0,0
67.0426,87854,878770539,1827,0,0,0
67.0527,87855,878780539,1833,0,0,0
67.0630,87856,878790539,1831,0,0,0
67.0726,87857,878800539,1832,0,0,0
67.0828,87858,878810539,1839,0,0,0
67.0927,87859,878820539,1826,0,0,0
67.1028,87860,878830538,1822,0,0,0
67.1128,87861,878840539,1834,0,0,0
67.1229,87862,878850538,1836,0,0,0
67.1327,87863,878860539,1828,0,0,0
67.1431,87864,878870539,1825,0,0,0
67.1528,87865,878880539,1840,0,0,0
67.1629,87866,878890539,1841,0,0,0
67.1729,87867,878900539,1838,0,0,0
67.1827,87868,878910539,1837,0,0,0
67.1933,87869,878920539,1837,0,0,0
67.2029,87870,878930539,1837,0,0,0
67.2127,87871,878940538,1840,0,0,0
67.2228,87872,878950539,1839,0,0,0
67.2327,87873,878960539,1829,0,0,0
67.2429,87874,878970538,1840,0,0,0
67.2526,87875,878980538,1850,0,0,0
67.2629,87876,878990539,1843,0,0,0
67.2726,87877,879000538,1853,0,0,0
67.2827,87878,879010539,1865,0,0,0
67.2927,87879,879020538,1863,0,0,0
67.3026,87880,879030539,1861,0,0,0
67.3125,87881,879040539,1871,0,0,0
67.3227,87882,879050539,1872,0,0,0
67.3327,87883,879060538,1872,0,0,0
67.3427,87884,879070539,1878,0,0,0
67.3528,87885,879080539,1895,0,0,0
67.3627,87886,879090538,1917,0,0,0
67.3727,87887,879100539,1922,0,0,0
67.3825,87888,879110539,1987,0,0,0
67.3930,87889,879120538,2029,0,0,0
67.4027,87890,879130539,2011,0,0,0
67.4126,87891,879140538,1935,0,0,0
67.4229,87892,879150539,1859,0,0,0
67.4329,87893,879160539,1859,0,0,0
67.4427,87894,879170538,1840,0,0,0
67.4525,87895,879180539,1843,0,0,0
67.4625,87896,879190539,1813,0,0,0
67.4731,87897,879200539,1807,0,0,0
67.4825,87898,879210539,1808,0,0,0
67.4925,87899,879220538,1695,0,0,0
67.5026,87900,879230539,1463,0,0,0
67.5126,87901,879240539,1923,0,0,0
67.5225,87902,879250539,3323,0,0,0
67.5327,87903,879260539,3007,0,0,0
67.5426,87904,879270539,1915,0,0,0
67.5528,87905,879280538,1727,0,0,0
67.5629,87906,879290539,1809,0,0,0
67.5728,87907,879300538,1788,0,0,0
67.5828,87908,879310539,1731,0,0,0
67.5933,87909,879320539,1745,0,0,0
67.6029,87910,879330539,1757,0,0,0
67.6131,87911,879340539,1774,0,0,0
67.6232,87912,879350538,1774,0,0,0
67.6331,87913,879360539,1775,0,0,0
67.6429,87914,879370539,1776,0,0,0
67.6527,87915,879380539,1783,0,0,0
67.6625,87916,879390539,1799,0,0,0
67.6730,87917,879400538,1808,0,0,0
67.6825,87918,879410539,1806,0,0,0
67.6926,87919,879420539,1805,0,0,0
67.7042,87920,879430539,1813,0,0,0
67.7125,87921,879440539,1836,0,0,0
67.7228,87922,879450539,1814,0,0,0
67.7325,87923,879460538,1847,0,0,0
67.7425,87924,879470539,1840,0,0,0
67.7525,87925,879480539,1871,0,0,0
67.7625,87926,879490539,1879,0,0,0
67.7727,87927,879500539,1903,0,0,0
67.7827,87928,879510538,1912,0,0,0
67.7926,87929,879520539,1936,0,0,0
67.8025,87930,879530539,1941,0,0,0
67.8126,87931,879540539,1943,0,0,0
67.8228,87932,879550538,1931,0,0,0
67.8326,87933,879560539,1904,0,0,0
67.8429,87934,879570539,1869,0,0,0
67.8527,87935,879580538,1847,0,0,0
67.8627,87936,879590539,1813,0,0,0
67.8729,87937,879600539,1795,0,0,0
67.8827,87938,879610539,1792,0,0,0
67.8926,87939,879620539,1790,0,0,0
67.9027,87940,879630538,1778,0,0,0
67.9127,87941,879640539,1780,0,0,0
67.9229,87942,879650539,1775,0,0,0
67.9327,87943,879660539,1789,0,0,0
67.9425,87944,879670538,1780,0,0,0
67.9526,87945,879680538,1783,0,0,0
67.9626,87946,879690539,1787,0,0,0
67.9726,87947,879700538,1795,0,0,0
67.9828,87948,879710539,1796,0,0,0
67.9926,87949,879720539,1814,0,0,0
68.0025,87950,879730539,1813,0,0,0
68.0125,87951,879740539,1808,0,0,0
68.0228,87952,879750538,1803,0,0,0
68.0327,87953,879760539,1808,0,0,0
68.0428,87954,879770539,1861,0,0,0
68.0530,87955,879780539,1821,0,0,0
68.0625,87956,879790539,1814,0,0,0
68.0727,87957,879800539,1806,0,0,0
68.0828,87958,879810539,1807,0,0,0
68.0927,87959,879820539,1808,0,0,0
68.1028,87960,879830538,1801,0,0,0
68.1130,87961,879840539,1808,0,0,0
68.1228,87962,879850539,1802,0,0,0
68.1328,87963,879860539,1812,0,0,0
68.1429,87964,879870538,1807,0,0,0
68.1529,87965,879880539,1817,0,0,0
68.1631,87966,879890539,1811,0,0,0
68.1727,87967,879900539,1811,0,0,0
68.1829,87968,879910538,1816,0,0,0
68.1931,87969,879920539,1817,0,0,0
68.2028,87970,879930538,1810,0,0,0
68.2128,87971,879940538,1815,0,0,0
68.2225,87972,879950539,1808,0,0,0
68.2325,87973,879960538,1822,0,0,0
68.2428,87974,879970539,1811,0,0,0
68.2525,87975,879980539,1831,0,0,0
68.2626,87976,879990539,1824,0,0,0
68.2725,87977,880000538,1823,0,0,0
68.2826,87978,880010539,1826,0,0,0
68.2927,87979,880020538,1825,0,0,0
68.3025,87980,880030539,1823,0,0,0
68.3127,87981,880040538,1840,0,0,0
68.3226,87982,880050539,1835,0,0,0
68.3325,87983,880060538,1831,0,0,0
68.3428,87984,880070539,1831,0,0,0
68.3527,87985,880080539,1835,0,0,0
68.3627,87986,880090538,1838,0,0,0
68.3730,87987,880100538,1869,0,0,0
68.3829,87988,880110539,1894,0,0,0
68.3929,87989,880120539,1900,0,0,0
68.4028,87990,880130539,1967,0,0,0
68.4126,87991,880140538,1994,0,0,0
68.4227,87992,880150539,1974,0,0,0
68.4327,87993,880160539,1922,0,0,0
68.4474,87994,880170539,1855,0,0,0
68.4529,87995,880180539,1832,0,0,0
68.4628,87996,880190539,1818,0,0,0
68.4729,87997,880200539,1814,0,0,0
68.4825,87998,880210539,1808,0,0,0
68.4929,87999,880220539,1809,0,0,0
68.5028,88000,880230538,1797,0,0,0
68.5127,88001,880240539,1648,0,0,0
68.5226,88002,880250539,1479,0,0,0
68.5325,88003,880260539,1983,0,0,0
68.5425,88004,880270539,3628,0,0,0
68.5526,88005,880280539,2915,0,0,0
68.5627,88006,880290539,1813,0,0,0
68.5725,88007,880300538,1630,0,0,0
68.5826,88008,880310539,1808,0,0,0
68.5927,88009,880320539,1743,0,0,0
68.6028,88010,880330539,1711,0,0,0
68.6125,88011,880340539,1732,0,0,0
68.6227,88012,880350539,1740,0,0,0
68.6328,88013,880360538,1750,0,0,0
68.6429,88014,880370539,1751,0,0,0
68.6527,88015,880380539,1767,0,0,0
68.6630,88016,880390538,1776,0,0,0
68.6731,88017,880400538,1781,0,0,0
68.6829,88018,880410539,1776,0,0,0
68.6927,88019,880420539,1791,0,0,0
68.7034,88020,880430539,1787,0,0,0
68.7125,88021,880440538,1808,0,0,0
68.7225,88022,880450539,1808,0,0,0
68.7327,88023,880460538,1811,0,0,0
68.7426,88024,880470539,1815,0,0,0
68.7526,88025,880480538,1840,0,0,0
68.7630,88026,880490539,1847,0,0,0
68.7725,88027,880500539,1874,0,0,0
68.7826,88028,880510538,1883,0,0,0
68.7927,88029,880520538,1918,0,0,0
68.8025,88030,880530539,1921,0,0,0
68.8126,88031,880540539,1943,0,0,0
68.8227,88032,880550539,1937,0,0,0
68.8326,88033,880560539,1941,0,0,0
68.8428,88034,880570539,1926,0,0,0
68.8528,88035,880580539,1897,0,0,0
68.8628,88036,880590539,1866,0,0,0
68.8728,88037,880600539,1849,0,0,0
68.8827,88038,880610539,1813,0,0,0
68.8928,88039,880620539,1799,0,0,0
68.9029,88040,880630538,1786,0,0,0
68.9129,88041,880640539,1787,0,0,0
68.9229,88042,880650538,1785,0,0,0
68.9325,88043,880660539,1791,0,0,0
68.9435,88044,880670539,1791,0,0,0
68.9527,88045,880680539,1791,0,0,0
68.9626,88046,880690539,1781,0,0,0
68.9727,88047,880700538,1799,0,0,0
68.9829,88048,880710539,1791,0,0,0
68.9929,88049,880720539,1802,0,0,0
69.0027,88050,880730539,1805,0,0,0
69.0126,88051,880740539,1813,0,0,0
69.0226,88052,880750539,1807,0,0,0
69.0326,88053,880760539,1819,0,0,0
69.0425,88054,880770539,1809,0,0,0
69.0527,88055,880780539,1827,0,0,0
69.0632,88056,880790539,1821,0,0,0
69.0726,88057,880800539,1832,0,0,0
69.0832,88058,880810539,1822,0,0,0
69.0932,88059,880820539,1827,0,0,0
69.1029,88060,880830539,1822,0,0,0
69.1130,88061,880840539,1835,0,0,0
69.1228,88062,880850539,1819,0,0,0
69.1327,88063,880860539,1831,0,0,0
69.1431,88064,880870539,1824,0,0,0
69.1528,88065,880880539,1830,0,0,0
69.1631,88066,880890539,1828,0,0,0
69.1726,88067,880900539,1835,0,0,0
69.1830,88068,880910538,1839,0,0,0
69.1930,88069,880920539,1839,0,0,0
69.2026,88070,880930539,1831,0,0,0
69.2127,88071,880940538,1840,0,0,0
69.2226,88072,880950539,1834,0,0,0
69.2328,88073,880960539,1849,0,0,0
69.2428,88074,880970539,1837,0,0,0
69.2526,88075,880980539,1840,0,0,0
69.2625,88076,880990538,1841,0,0,0
69.2725,88077,881000539,1853,0,0,0
69.2826,88078,881010539,1854,0,0,0
69.2926,88079,881020539,1872,0,0,0
69.3027,88080,881030539,1856,0,0,0
69.3126,88081,881040539,1872,0,0,0
69.3226,88082,881050539,1857,0,0,0
69.3327,88083,881060538,1863,0,0,0
69.3429,88084,881070539,1862,0,0,0
69.3528,88085,881080539,1869,0,0,0
69.3628,88086,881090538,1872,0,0,0
69.3729,88087,881100538,1861,0,0,0
69.3828,88088,881110539,1871,0,0,0
69.3927,88089,881120539,1868,0,0,0
69.4030,88090,881130539,1872,0,0,0
69.4128,88091,881140538,1873,0,0,0
69.4228,88092,881150539,1872,0,0,0
69.4327,88093,881160539,1887,0,0,0
69.4425,88094,881170539,1877,0,0,0
69.4527,88095,881180538,1883,0,0,0
69.4625,88096,881190539,1881,0,0,0
69.4728,88097,881200539,1911,0,0,0
69.4828,88098,881210538,1921,0,0,0
69.4926,88099,881220539,1941,0,0,0
69.5029,88100,881230539,2002,0,0,0
69.5125,88101,881240539,2025,0,0,0
69.5226,88102,881250539,1999,0,0,0
69.5325,88103,881260539,1947,0,0,0
69.5427,88104,881270539,1883,0,0,0
69.5528,88105,881280538,1867,0,0,0
69.5626,88106,881290539,1856,0,0,0
69.5728,88107,881300539,1867,0,0,0
69.5829,88108,881310539,1846,0,0,0
69.5926,88109,881320539,1844,0,0,0
69.6028,88110,881330539,1822,0,0,0
69.6129,88111,881340539,1634,0,0,0
69.6229,88112,881350538,1519,0,0,0
69.6329,88113,881360539,2143,0,0,0
69.6429,88114,881370539,3906,0,0,0
69.6528,88115,881380539,2726,0,0,0
69.6630,88116,881390539,1774,0,0,0
69.6727,88117,881400539,1697,0,0,0
69.6827,88118,881410538,1843,0,0,0
69.6926,88119,881420539,1774,0,0,0
69.7026,88120,881430539,1750,0,0,0
69.7125,88121,881440539,1782,0,0,0
69.7228,88122,881450539,1774,0,0,0
69.7328,88123,881460539,1782,0,0,0
69.7425,88124,881470539,1785,0,0,0
69.7527,88125,881480539,1801,0,0,0
69.7626,88126,881490538,1805,0,0,0
69.7725,88127,881500539,1821,0,0,0
69.7826,88128,881510539,1805,0,0,0
69.7926,88129,881520539,1824,0,0,0
69.8027,88130,881530539,1813,0,0,0
69.8129,88131,881540539,1823,0,0,0
69.8229,88132,881550539,1835,0,0,0
69.8328,88133,881560539,1837,0,0,0
69.8429,88134,881570539,1843,0,0,0
69.8527,88135,881580539,1861,0,0,0
69.8628,88136,881590539,1877,0,0,0
69.8731,88137,881600538,1877,0,0,0
69.8828,88138,881610539,1913,0,0,0
69.8928,88139,881620539,1936,0,0,0
69.9028,88140,881630538,1942,0,0,0
69.9131,88141,881640539,1969,0,0,0
69.9226,88142,881650539,1978,0,0,0
69.9325,88143,881660539,1988,0,0,0
69.9431,88144,881670539,1936,0,0,0
69.9528,88145,881680539,1914,0,0,0
69.9625,88146,881690538,1870,0,0,0
69.9727,88147,881700539,1840,0,0,0
69.9828,88148,881710539,1826,0,0,0
69.9926,88149,881720538,1810,0,0,0
70.0029,88150,881730539,1793,0,0,0
70.0128,88151,881740539,1797,0,0,0
70.0225,88152,881750538,1793,0,0,0
70.0352,88153,881760539,1798,0,0,0
70.0451,88154,881770539,1793,0,0,0
70.0525,88155,881780538,1796,0,0,0
70.0666,88156,881790539,1799,0,0,0
70.0727,88157,881800539,1813,0,0,0
70.0827,88158,881810539,1803,0,0,0
70.0926,88159,881820538,1828,0,0,0
70.1026,88160,881830539,1810,0,0,0
70.1127,88161,881840539,1817,0,0,0
70.1226,88162,881850539,1827,0,0,0
70.1327,88163,881860539,1849,0,0,0
70.1428,88164,881870539,1845,0,0,0
70.1532,88165,881880539,1841,0,0,0
70.1627,88166,881890539,1841,0,0,0
70.1768,88167,881900539,1841,0,0,0
70.1826,88168,881910539,1841,0,0,0
70.1939,88169,881920538,1842,0,0,0
70.2029,88170,881930539,1840,0,0,0
70.2132,88171,881940539,1850,0,0,0
70.2226,88172,881950538,1842,0,0,0
70.2343,88173,881960538,1851,0,0,0
70.2440,88174,881970539,1841,0,0,0
70.2524,88175,881980538,1847,0,0,0
70.2628,88176,881990539,1840,0,0,0
70.2727,88177,882000539,1851,0,0,0
70.2826,88178,882010539,1833,0,0,0
70.2927,88179,882020538,1819,0,0,0
70.3030,88180,882030539,1845,0,0,0
70.3126,88181,882040538,1854,0,0,0
70.3226,88182,882050539,1829,0,0,0
70.3325,88183,882060539,1826,0,0,0
70.3425,88184,882070538,1835,0,0,0
70.3561,88185,882080539,1846,0,0,0
70.3625,88186,882090539,1833,0,0,0
70.3796,88187,882100538,1846,0,0,0
70.3825,88188,882110539,1841,0,0,0
70.3926,88189,882120539,1843,0,0,0
70.4029,88190,882130539,1815,0,0,0
70.4133,88191,882140538,1832,0,0,0
70.4227,88192,882150539,1845,0,0,0
70.4328,88193,882160539,1853,0,0,0
70.4428,88194,882170539,1840,0,0,0
70.4536,88195,882180539,1845,0,0,0
70.4627,88196,882190539,1855,0,0,0
70.4727,88197,882200539,1853,0,0,0
70.4827,88198,882210538,1857,0,0,0
70.4927,88199,882220539,1857,0,0,0
70.5027,88200,882230539,1857,0,0,0
70.5129,88201,882240539,1862,0,0,0
70.5227,88202,882250538,1845,0,0,0
70.5371,88203,882260539,1858,0,0,0
70.5432,88204,882270539,1866,0,0,0
70.5573,88205,882280539,1876,0,0,0
70.5692,88206,882290539,1900,0,0,0
70.5726,88207,882300539,1904,0,0,0
70.5831,88208,882310538,1952,0,0,0
70.5944,88209,882320539,2012,0,0,0
70.6026,88210,882330539,1999,0,0,0
70.6125,88211,882340539,1969,0,0,0
70.6227,88212,882350538,1883,0,0,0
70.6326,88213,882360539,1852,0,0,0
70.6426,88214,882370539,1840,0,0,0
70.6528,88215,882380539,1822,0,0,0
70.6627,88216,882390539,1815,0,0,0
70.6727,88217,882400539,1810,0,0,0
70.6827,88218,882410539,1805,0,0,0
70.6988,88219,882420539,1744,0,0,0
70.7043,88220,882430539,1486,0,0,0
70.7181,88221,882440539,1781,0,0,0
70.7258,88222,882450539,2917,0,0,0
70.7327,88223,882460539,3314,0,0,0
70.7471,88224,882470538,2031,0,0,0
70.7526,88225,882480538,1737,0,0,0
70.7625,88226,882490539,1775,0,0,0
70.7728,88227,882500538,1794,0,0,0
70.7827,88228,882510539,1727,0,0,0
70.7925,88229,882520539,1735,0,0,0
70.8043,88230,882530539,1749,0,0,0
70.8129,88231,882540538,1753,0,0,0
70.8228,88232,882550539,1767,0,0,0
70.8326,88233,882560539,1776,0,0,0
70.8426,88234,882570538,1776,0,0,0
70.8527,88235,882580539,1779,0,0,0
70.8628,88236,882590538,1778,0,0,0
70.8727,88237,882600539,1791,0,0,0
70.8826,88238,882610539,1801,0,0,0
70.8926,88239,882620539,1807,0,0,0
70.9027,88240,882630539,1819,0,0,0
70.9127,88241,882640538,1815,0,0,0
70.9229,88242,882650539,1819,0,0,0
70.9327,88243,882660539,1840,0,0,0
70.9474,88244,882670539,1842,0,0,0
70.9527,88245,882680539,1854,0,0,0
70.9626,88246,882690539,1868,0,0,0
70.9727,88247,882700539,1886,0,0,0
70.9828,88248,882710538,1900,0,0,0
70.9928,88249,882720539,1920,0,0,0
71.0025,88250,882730539,1932,0,0,0
71.0127,88251,882740539,1927,0,0,0
71.0227,88252,882750539,1909,0,0,0
71.0326,88253,882760538,1889,0,0,0
71.0427,88254,882770539,1872,0,0,0
71.0525,88255,882780538,1840,0,0,0
71.0625,88256,882790539,1819,0,0,0
71.0727,88257,882800538,1799,0,0,0
71.0826,88258,882810539,1792,0,0,0
71.0927,88259,882820539,1789,0,0,0
71.1027,88260,882830539,1791,0,0,0
71.1126,88261,882840538,1791,0,0,0
71.1227,88262,882850539,1776,0,0,0
71.1327,88263,882860538,1785,0,0,0
71.1426,88264,882870539,1782,0,0,0
71.1527,88265,882880539,1777,0,0,0
71.1628,88266,882890539,1795,0,0,0
71.1728,88267,882900539,1790,0,0,0
71.1847,88268,882910539,1791,0,0,0
71.1928,88269,882920539,1808,0,0,0
71.2025,88270,882930538,1787,0,0,0
71.2127,88271,882940539,1795,0,0,0
71.2227,88272,882950539,1807,0,0,0
71.2326,88273,882960539,1807,0,0,0
71.2426,88274,882970539,1808,0,0,0
71.2528,88275,882980539,1808,0,0,0
71.2626,88276,882990538,1808,0,0,0
71.2726,88277,883000539,1811,0,0,0
71.2826,88278,883010538,1820,0,0,0
71.2926,88279,883020539,1808,0,0,0
71.3026,88280,883030539,1814,0,0,0
71.3128,88281,883040538,1830,0,0,0
71.3227,88282,883050539,1809,0,0,0
71.3326,88283,883060539,1815,0,0,0
71.3427,88284,883070539,1814,0,0,0
71.3527,88285,883080539,1822,0,0,0
71.3627,88286,883090539,1813,0,0,0
71.3727,88287,883100538,1823,0,0,0
71.3827,88288,883110539,1815,0,0,0
71.3927,88289,883120539,1814,0,0,0
71.4026,88290,883130539,1822,0,0,0
71.4126,88291,883140539,1811,0,0,0
71.4227,88292,883150539,1824,0,0,0
71.4328,88293,883160538,1830,0,0,0
71.4466,88294,883170539,1814,0,0,0
71.4536,88295,883180539,1830,0,0,0
71.4626,88296,883190539,1835,0,0,0
71.4728,88297,883200539,1828,0,0,0
71.4827,88298,883210539,1831,0,0,0
71.4926,88299,883220538,1835,0,0,0
71.5025,88300,883230539,1834,0,0,0
71.5126,88301,883240539,1840,0,0,0
71.5225,88302,883250539,1855,0,0,0
71.5326,88303,883260539,1852,0,0,0
71.5426,88304,883270538,1856,0,0,0
71.5526,88305,883280539,1857,0,0,0
71.5626,88306,883290538,1858,0,0,0
71.5726,88307,883300539,1845,0,0,0
71.5826,88308,883310539,1855,0,0,0
71.5928,88309,883320539,1849,0,0,0
71.6027,88310,883330538,1854,0,0,0
71.6127,88311,883340539,1851,0,0,0
71.6225,88312,883350539,1855,0,0,0
71.6325,88313,883360539,1856,0,0,0
71.6426,88314,883370539,1860,0,0,0
71.6529,88315,883380539,1856,0,0,0
71.6626,88316,883390539,1870,0,0,0
71.6726,88317,883400539,1881,0,0,0
71.6826,88318,883410539,1906,0,0,0
71.6926,88319,883420539,1915,0,0,0
71.7025,88320,883430539,1981,0,0,0
71.7125,88321,883440538,1989,0,0,0
71.7229,88322,883450539,1979,0,0,0
71.7326,88323,883460539,1919,0,0,0
71.7426,88324,883470538,1853,0,0,0
71.7526,88325,883480539,1840,0,0,0
71.7625,88326,883490539,1841,0,0,0
71.7726,88327,883500539,1808,0,0,0
71.7826,88328,883510539,1808,0,0,0
71.7925,88329,883520539,1806,0,0,0
71.8027,88330,883530539,1793,0,0,0
71.8126,88331,883540539,1559,0,0,0
71.8226,88332,883550539,1535,0,0,0
71.8327,88333,883560539,2235,0,0,0
71.8426,88334,883570538,3995,0,0,0
71.8526,88335,883580539,2535,0,0,0
71.8627,88336,883590539,1679,0,0,0
71.8726,88337,883600539,1701,0,0,0
71.8827,88338,883610538,1831,0,0,0
71.8926,88339,883620539,1728,0,0,0
71.9026,88340,883630539,1743,0,0,0
71.9127,88341,883640539,1754,0,0,0
71.9227,88342,883650539,1766,0,0,0
71.9326,88343,883660539,1775,0,0,0
71.9426,88344,883670539,1776,0,0,0
71.9527,88345,883680538,1781,0,0,0
71.9626,88346,883690539,1797,0,0,0
71.9725,88347,883700538,1793,0,0,0
71.9826,88348,883710539,1794,0,0,0
71.9926,88349,883720539,1797,0,0,0
72.0027,88350,883730539,1808,0,0,0
72.0126,88351,883740539,1812,0,0,0
72.0227,88352,883750539,1825,0,0,0
72.0326,88353,883760539,1825,0,0,0
72.0426,88354,883770539,1841,0,0,0
72.0525,88355,883780539,1841,0,0,0
72.0626,88356,883790539,1863,0,0,0
72.0726,88357,883800539,1874,0,0,0
72.0826,88358,883810539,1897,0,0,0
72.0927,88359,883820539,1913,0,0,0
72.1026,88360,883830539,1936,0,0,0
72.1126,88361,883840539,1939,0,0,0
72.1228,88362,883850539,1962,0,0,0
72.1326,88363,883860539,1942,0,0,0
72.1426,88364,883870539,1930,0,0,0
72.1524,88365,883880539,1901,0,0,0
72.1625,88366,883890538,1869,0,0,0
72.1726,88367,883900539,1823,0,0,0
72.1826,88368,883910539,1808,0,0,0
72.1926,88369,883920538,1793,0,0,0
72.2027,88370,883930539,1795,0,0,0
72.2127,88371,883940538,1792,0,0,0
72.2228,88372,883950539,1791,0,0,0
72.2327,88373,883960538,1783,0,0,0
72.2429,88374,883970539,1788,0,0,0
72.2525,88375,883980539,1786,0,0,0
72.2625,88376,883990539,1792,0,0,0
72.2727,88377,884000539,1796,0,0,0
72.2827,88378,884010539,1794,0,0,0
72.2926,88379,884020538,1801,0,0,0
72.3026,88380,884030539,1809,0,0,0
72.3127,88381,884040538,1805,0,0,0
72.3226,88382,884050539,1806,0,0,0
72.3327,88383,884060539,1812,0,0,0
72.3427,88384,884070539,1813,0,0,0
72.3528,88385,884080539,1810,0,0,0
72.3627,88386,884090538,1825,0,0,0
72.3726,88387,884100539,1821,0,0,0
72.3827,88388,884110539,1840,0,0,0
72.3926,88389,884120538,1825,0,0,0
72.4026,88390,884130539,1831,0,0,0
72.4127,88391,884140538,1835,0,0,0
72.4227,88392,884150539,1830,0,0,0
72.4327,88393,884160539,1839,0,0,0
72.4428,88394,884170538,1839,0,0,0
72.4526,88395,884180539,1822,0,0,0
72.4627,88396,884190538,1830,0,0,0
72.4729,88397,884200539,1823,0,0,0
72.4826,88398,884210539,1831,0,0,0
72.4926,88399,884220539,1827,0,0,0
72.5026,88400,884230538,1840,0,0,0
72.5126,88401,884240539,1823,0,0,0
72.5226,88402,884250538,1840,0,0,0
72.5327,88403,884260538,1837,0,0,0
72.5426,88404,884270539,1839,0,0,0
72.5526,88405,884280539,1837,0,0,0
72.5627,88406,884290539,1840,0,0,0
72.5726,88407,884300539,1834,0,0,0
72.5826,88408,884310539,1845,0,0,0
72.5927,88409,884320539,1850,0,0,0
72.6027,88410,884330538,1857,0,0,0
72.6126,88411,884340538,1861,0,0,0
72.6227,88412,884350539,1872,0,0,0
72.6327,88413,884360539,1859,0,0,0
72.6426,88414,884370538,1866,0,0,0
72.6526,88415,884380538,1865,0,0,0
72.6626,88416,884390539,1872,0,0,0
72.6726,88417,884400538,1858,0,0,0
72.6827,88418,884410539,1869,0,0,0
72.6926,88419,884420539,1854,0,0,0
72.7025,88420,884430538,1872,0,0,0
72.7127,88421,884440539,1877,0,0,0
72.7228,88422,884450539,1879,0,0,0
72.7330,88423,884460539,1872,0,0,0
72.7428,88424,884470539,1891,0,0,0
72.7526,88425,884480539,1883,0,0,0
72.7627,88426,884490539,1890,0,0,0
72.7726,88427,884500538,1887,0,0,0
72.7826,88428,884510539,1903,0,0,0
72.7926,88429,884520539,1889,0,0,0
72.8027,88430,884530538,1897,0,0,0
72.8126,88431,884540539,1911,0,0,0
72.8226,88432,884550539,1939,0,0,0
72.8327,88433,884560538,1973,0,0,0
72.8426,88434,884570539,2023,0,0,0
72.8525,88435,884580539,1985,0,0,0
72.8627,88436,884590539,1955,0,0,0
72.8726,88437,884600539,1888,0,0,0
72.8827,88438,884610539,1872,0,0,0
72.8928,88439,884620538,1863,0,0,0
72.9027,88440,884630539,1862,0,0,0
72.9127,88441,884640538,1830,0,0,0
72.9228,88442,884650539,1843,0,0,0
72.9327,88443,884660538,1839,0,0,0
72.9429,88444,884670539,1723,0,0,0
72.9527,88445,884680539,1495,0,0,0
72.9628,88446,884690539,1952,0,0,0
72.9727,88447,884700538,3422,0,0,0
72.9827,88448,884710539,3001,0,0,0
72.9929,88449,884720539,1911,0,0,0
73.0026,88450,884730538,1691,0,0,0
73.0126,88451,884740538,1836,0,0,0
73.0225,88452,884750539,1803,0,0,0
73.0327,88453,884760538,1758,0,0,0
73.0425,88454,884770539,1789,0,0,0
73.0526,88455,884780539,1787,0,0,0
73.0627,88456,884790538,1805,0,0,0
73.0726,88457,884800539,1811,0,0,0
73.0827,88458,884810538,1803,0,0,0
73.0927,88459,884820539,1807,0,0,0
73.1028,88460,884830539,1829,0,0,0
73.1128,88461,884840538,1827,0,0,0
73.1227,88462,884850539,1842,0,0,0
73.1329,88463,884860539,1829,0,0,0
73.1429,88464,884870538,1837,0,0,0
73.1526,88465,884880539,1850,0,0,0
73.1630,88466,884890539,1859,0,0,0
73.1725,88467,884900539,1827,0,0,0
73.1829,88468,884910538,1876,0,0,0
73.1927,88469,884920539,1878,0,0,0
73.2026,88470,884930539,1907,0,0,0
73.2127,88471,884940539,1910,0,0,0
73.2227,88472,884950539,1938,0,0,0
73.2326,88473,884960538,1955,0,0,0
73.2428,88474,884970539,1979,0,0,0
73.2526,88475,884980539,1988,0,0,0
73.2626,88476,884990538,1984,0,0,0
73.2730,88477,885000539,1961,0,0,0
73.2825,88478,885010539,1936,0,0,0
73.2926,88479,885020539,1904,0,0,0
73.3025,88480,885030539,1863,0,0,0
73.3126,88481,885040539,1826,0,0,0
73.3228,88482,885050539,1817,0,0,0
73.3326,88483,885060539,1805,0,0,0
73.3426,88484,885070538,1804,0,0,0
73.3526,88485,885080539,1782,0,0,0
73.3628,88486,885090539,1808,0,0,0
73.3725,88487,885100539,1792,0,0,0
73.3826,88488,885110539,1808,0,0,0
73.3931,88489,885120539,1793,0,0,0
73.4027,88490,885130539,1793,0,0,0
73.4128,88491,885140538,1793,0,0,0
73.4226,88492,885150539,1798,0,0,0
73.4330,88493,885160539,1795,0,0,0
73.4434,88494,885170539,1778,0,0,0
73.4526,88495,885180539,1794,0,0,0
73.4625,88496,885190539,1780,0,0,0
73.4726,88497,885200539,1810,0,0,0
73.4828,88498,885210539,1829,0,0,0
73.4926,88499,885220538,1829,0,0,0
73.5025,88500,885230539,1827,0,0,0
73.5126,88501,885240538,1840,0,0,0
73.5225,88502,885250539,1837,0,0,0
73.5327,88503,885260538,1829,0,0,0
73.5426,88504,885270539,1840,0,0,0
73.5525,88505,885280539,1826,0,0,0
73.5625,88506,885290539,1837,0,0,0
73.5728,88507,885300538,1834,0,0,0
73.5828,88508,885310539,1850,0,0,0
73.5925,88509,885320539,1841,0,0,0
73.6030,88510,885330539,1856,0,0,0
73.6132,88511,885340539,1839,0,0,0
73.6232,88512,885350539,1857,0,0,0
73.6331,88513,885360539,1843,0,0,0
73.6432,88514,885370539,1845,0,0,0
73.6527,88515,885380539,1849,0,0,0
73.6627,88516,885390539,1855,0,0,0
73.6728,88517,885400539,1841,0,0,0
73.6831,88518,885410538,1861,0,0,0
73.6925,88519,885420539,1861,0,0,0
73.7027,88520,885430539,1860,0,0,0
73.7125,88521,885440538,1854,0,0,0
73.7227,88522,885450539,1857,0,0,0
73.7327,88523,885460538,1867,0,0,0
73.7428,88524,885470539,1856,0,0,0
73.7526,88525,885480539,1856,0,0,0
73.7625,88526,885490539,1857,0,0,0
73.7726,88527,885500539,1862,0,0,0
73.7827,88528,885510538,1875,0,0,0
73.7925,88529,885520539,1867,0,0,0
73.8026,88530,885530539,1869,0,0,0
73.8125,88531,885540539,1851,0,0,0
73.8232,88532,885550539,1865,0,0,0
73.8327,88533,885560539,1873,0,0,0
73.8428,88534,885570539,1873,0,0,0
73.8527,88535,885580538,1865,0,0,0
73.8628,88536,885590539,1887,0,0,0
73.8728,88537,885600538,1904,0,0,0
73.8828,88538,885610539,1936,0,0,0
73.8927,88539,885620539,1943,0,0,0
73.9031,88540,885630538,1999,0,0,0
73.9129,88541,885640539,1984,0,0,0
73.9229,88542,885650539,1964,0,0,0
73.9327,88543,885660539,1902,0,0,0
73.9427,88544,885670539,1857,0,0,0
73.9528,88545,885680538,1844,0,0,0
73.9627,88546,885690539,1839,0,0,0
73.9727,88547,885700538,1826,0,0,0
73.9828,88548,885710539,1825,0,0,0
73.9927,88549,885720538,1824,0,0,0
74.0026,88550,885730539,1826,0,0,0
74.0126,88551,885740539,1630,0,0,0
74.0228,88552,885750539,1535,0,0,0
74.0331,88553,885760539,2137,0,0,0
74.0432,88554,885770539,3846,0,0,0
74.0530,88555,885780538,2704,0,0,0
74.0632,88556,885790539,1808,0,0,0
74.0729,88557,885800539,1681,0,0,0
74.0830,88558,885810539,1838,0,0,0
74.0929,88559,885820539,1750,0,0,0
74.1029,88560,885830539,1751,0,0,0
74.1129,88561,885840539,1765,0,0,0
74.1232,88562,885850539,1767,0,0,0
74.1326,88563,885860539,1766,0,0,0
74.1427,88564,885870539,1783,0,0,0
74.1528,88565,885880538,1781,0,0,0
74.1630,88566,885890539,1787,0,0,0
74.1731,88567,885900539,1783,0,0,0
74.1830,88568,885910539,1789,0,0,0
74.1925,88569,885920539,1798,0,0,0
74.2027,88570,885930538,1808,0,0,0
74.2126,88571,885940539,1809,0,0,0
74.2229,88572,885950539,1824,0,0,0
74.2326,88573,885960539,1819,0,0,0
74.2428,88574,885970539,1836,0,0,0
74.2526,88575,885980539,1839,0,0,0
74.2625,88576,885990539,1846,0,0,0
74.2725,88577,886000539,1872,0,0,0
74.2825,88578,886010539,1894,0,0,0
74.2928,88579,886020538,1906,0,0,0
74.3026,88580,886030539,1929,0,0,0
74.3126,88581,886040539,1936,0,0,0
74.3227,88582,886050539,1957,0,0,0
74.3325,88583,886060539,1937,0,0,0
74.3425,88584,886070539,1931,0,0,0
74.3526,88585,886080539,1902,0,0,0
74.3625,88586,886090539,1878,0,0,0
74.3727,88587,886100539,1849,0,0,0
74.3829,88588,886110539,1823,0,0,0
74.3928,88589,886120538,1807,0,0,0
74.4028,88590,886130539,1803,0,0,0
74.4127,88591,886140539,1793,0,0,0
74.4228,88592,886150539,1803,0,0,0
74.4338,88593,886160539,1798,0,0,0
74.4426,88594,886170539,1799,0,0,0
74.4525,88595,886180539,1795,0,0,0
74.4625,88596,886190539,1799,0,0,0
74.4727,88597,886200539,1796,0,0,0
74.4825,88598,886210539,1811,0,0,0
74.4925,88599,886220538,1813,0,0,0
74.5026,88600,886230539,1815,0,0,0
74.5125,88601,886240539,1821,0,0,0
74.5225,88602,886250539,1825,0,0,0
74.5328,88603,886260539,1826,0,0,0
74.5428,88604,886270539,1827,0,0,0
74.5527,88605,886280539,1820,0,0,0
74.5628,88606,886290539,1837,0,0,0
74.5732,88607,886300539,1819,0,0,0
74.5832,88608,886310539,1817,0,0,0
74.5930,88609,886320539,1824,0,0,0
74.6029,88610,886330539,1837,0,0,0
74.6125,88611,886340539,1831,0,0,0
74.6228,88612,886350539,1834,0,0,0
74.6328,88613,886360539,1839,0,0,0
74.6430,88614,886370539,1835,0,0,0
74.6527,88615,886380539,1829,0,0,0
74.6629,88616,886390539,1837,0,0,0
74.6731,88617,886400539,1836,0,0,0
74.6827,88618,886410539,1833,0,0,0
74.6926,88619,886420539,1839,0,0,0
74.7026,88620,886430539,1840,0,0,0
74.7126,88621,886440538,1851,0,0,0
74.7228,88622,886450539,1836,0,0,0
74.7328,88623,886460538,1841,0,0,0
74.7426,88624,886470539,1847,0,0,0
74.7525,88625,886480539,1837,0,0,0
74.7628,88626,886490538,1843,0,0,0
74.7725,88627,886500539,1851,0,0,0
74.7826,88628,886510539,1857,0,0,0
74.7927,88629,886520539,1862,0,0,0
74.8027,88630,886530539,1859,0,0,0
74.8126,88631,886540539,1859,0,0,0
74.8230,88632,886550539,1860,0,0,0
74.8328,88633,886560539,1868,0,0,0
74.8429,88634,886570538,1873,0,0,0
74.8528,88635,886580538,1859,0,0,0
74.8627,88636,886590539,1859,0,0,0
74.8726,88637,886600539,1865,0,0,0
74.8827,88638,886610539,1869,0,0,0
74.8925,88639,886620539,1866,0,0,0
74.9027,88640,886630539,1872,0,0,0
74.9125,88641,886640539,1872,0,0,0
74.9226,88642,886650539,1871,0,0,0
74.9325,88643,886660539,1879,0,0,0
74.9470,88644,886670539,1882,0,0,0
74.9527,88645,886680539,1883,0,0,0
74.9626,88646,886690539,1911,0,0,0
74.9730,88647,886700539,1926,0,0,0
74.9827,88648,886710539,1949,0,0,0
74.9927,88649,886720539,1985,0,0,0
75.0028,88650,886730539,1963,0,0,0
75.0128,88651,886740539,1924,0,0,0
75.0226,88652,886750539,1872,0,0,0
75.0328,88653,886760539,1859,0,0,0
75.0426,88654,886770539,1855,0,0,0
75.0527,88655,886780539,1838,0,0,0
75.0627,88656,886790539,1831,0,0,0
75.0727,88657,886800538,1825,0,0,0
75.0826,88658,886810539,1823,0,0,0
75.0927,88659,886820538,1751,0,0,0
75.1027,88660,886830539,1493,0,0,0
75.1129,88661,886840539,1838,0,0,0
75.1225,88662,886850539,3190,0,0,0
75.1326,88663,886860539,3271,0,0,0
75.1427,88664,886870539,1987,0,0,0
75.1526,88665,886880539,1626,0,0,0
75.1627,88666,886890539,1836,0,0,0
75.1726,88667,886900538,1788,0,0,0
75.1826,88668,886910539,1751,0,0,0
75.1927,88669,886920539,1780,0,0,0
75.2027,88670,886930539,1777,0,0,0
75.2126,88671,886940538,1785,0,0,0
75.2229,88672,886950539,1795,0,0,0
75.2327,88673,886960539,1807,0,0,0
75.2427,88674,886970539,1797,0,0,0
75.2527,88675,886980538,1803,0,0,0
75.2625,88676,886990539,1806,0,0,0
75.2726,88677,887000539,1819,0,0,0
75.2827,88678,887010539,1827,0,0,0
75.2935,88679,887020538,1833,0,0,0
75.3027,88680,887030539,1828,0,0,0
75.3128,88681,887040538,1840,0,0,0
75.3227,88682,887050539,1851,0,0,0
75.3327,88683,887060539,1854,0,0,0
75.3429,88684,887070539,1863,0,0,0
75.3527,88685,887080539,1894,0,0,0
75.3629,88686,887090538,1915,0,0,0
75.3729,88687,887100539,1921,0,0,0
75.3827,88688,887110539,1949,0,0,0
75.3926,88689,887120539,1970,0,0,0
75.4028,88690,887130539,1978,0,0,0
75.4126,88691,887140539,1979,0,0,0
75.4228,88692,887150539,1966,0,0,0
75.4327,88693,887160539,1935,0,0,0
75.4426,88694,887170539,1904,0,0,0
75.4538,88695,887180539,1865,0,0,0
75.4627,88696,887190539,1840,0,0,0
75.4726,88697,887200539,1829,0,0,0
75.4825,88698,887210539,1806,0,0,0
75.4925,88699,887220539,1795,0,0,0
75.5026,88700,887230538,1790,0,0,0
75.5126,88701,887240539,1797,0,0,0
75.5226,88702,887250539,1792,0,0,0
75.5331,88703,887260539,1797,0,0,0
75.5426,88704,887270538,1797,0,0,0
75.5526,88705,887280539,1805,0,0,0
75.5626,88706,887290538,1805,0,0,0
75.5725,88707,887300539,1809,0,0,0
75.5827,88708,887310539,1812,0,0,0
75.5927,88709,887320539,1823,0,0,0
75.6026,88710,887330539,1829,0,0,0
75.6125,88711,887340539,1840,0,0,0
75.6227,88712,887350539,1828,0,0,0
75.6327,88713,887360539,1833,0,0,0
75.6428,88714,887370539,1837,0,0,0
75.6525,88715,887380539,1839,0,0,0
75.6625,88716,887390539,1830,0,0,0
75.6726,88717,887400539,1837,0,0,0
75.6832,88718,887410539,1845,0,0,0
75.6926,88719,887420538,1845,0,0,0
75.7027,88720,887430539,1845,0,0,0
75.7125,88721,887440539,1844,0,0,0
75.7226,88722,887450539,1840,0,0,0
75.7328,88723,887460538,1854,0,0,0
75.7427,88724,887470539,1831,0,0,0
75.7526,88725,887480539,1835,0,0,0
75.7626,88726,887490539,1848,0,0,0
75.7726,88727,887500539,1855,0,0,0
75.7828,88728,887510538,1847,0,0,0
75.7926,88729,887520539,1849,0,0,0
75.8026,88730,887530539,1857,0,0,0
75.8127,88731,887540539,1867,0,0,0
75.8228,88732,887550538,1855,0,0,0
75.8326,88733,887560539,1856,0,0,0
75.8429,88734,887570539,1840,0,0,0
75.8526,88735,887580539,1830,0,0,0
75.8626,88736,887590539,1851,0,0,0
75.8726,88737,887600538,1859,0,0,0
75.8827,88738,887610539,1839,0,0,0
75.8926,88739,887620539,1859,0,0,0
75.9026,88740,887630539,1860,0,0,0
75.9128,88741,887640538,1886,0,0,0
75.9227,88742,887650539,1858,0,0,0
75.9326,88743,887660539,1856,0,0,0
75.9451,88744,887670539,1841,0,0,0
75.9527,88745,887680539,1863,0,0,0
75.9626,88746,887690539,1842,0,0,0
75.9730,88747,887700538,1861,0,0,0
75.9826,88748,887710539,1857,0,0,0
75.9925,88749,887720539,1855,0,0,0
76.0026,88750,887730539,1843,0,0,0
76.0125,88751,887740538,1857,0,0,0
76.0227,88752,887750539,1871,0,0,0
76.0327,88753,887760538,1905,0,0,0
76.0430,88754,887770539,1904,0,0,0
76.0525,88755,887780539,1939,0,0,0
76.0626,88756,887790538,1975,0,0,0
76.0726,88757,887800538,1953,0,0,0
76.0826,88758,887810539,1892,0,0,0
76.0927,88759,887820539,1847,0,0,0
76.1027,88760,887830539,1847,0,0,0
76.1126,88761,887840538,1823,0,0,0
76.1227,88762,887850539,1813,0,0,0
76.1326,88763,887860539,1819,0,0,0
76.1428,88764,887870538,1803,0,0,0
76.1526,88765,887880538,1808,0,0,0
76.1626,88766,887890539,1712,0,0,0
76.1730,88767,887900538,1479,0,0,0
76.1826,88768,887910539,1853,0,0,0
76.1930,88769,887920539,3137,0,0,0
76.2026,88770,887930538,3081,0,0,0
76.2125,88771,887940539,1957,0,0,0
76.2226,88772,887950539,1719,0,0,0
76.2327,88773,887960539,1796,0,0,0
76.2428,88774,887970538,1776,0,0,0
76.2526,88775,887980539,1739,0,0,0
76.2627,88776,887990539,1744,0,0,0
76.2727,88777,888000539,1758,0,0,0
76.2827,88778,888010539,1761,0,0,0
76.2925,88779,888020539,1762,0,0,0
76.3027,88780,888030539,1770,0,0,0
76.3126,88781,888040539,1776,0,0,0
76.3225,88782,888050539,1783,0,0,0
76.3326,88783,888060539,1802,0,0,0
76.3426,88784,888070538,1776,0,0,0
76.3526,88785,888080539,1793,0,0,0
76.3627,88786,888090539,1790,0,0,0
76.3726,88787,888100538,1814,0,0,0
76.3825,88788,888110539,1819,0,0,0
76.3930,88789,888120539,1839,0,0,0
76.4026,88790,888130538,1837,0,0,0
76.4127,88791,888140539,1851,0,0,0
76.4228,88792,888150539,1867,0,0,0
76.4325,88793,888160539,1871,0,0,0
76.4426,88794,888170539,1889,0,0,0
76.4529,88795,888180538,1915,0,0,0
76.4631,88796,888190539,1918,0,0,0
76.4727,88797,888200539,1939,0,0,0
76.4829,88798,888210539,1931,0,0,0
76.4925,88799,888220539,1918,0,0,0
76.5025,88800,888230538,1902,0,0,0
76.5126,88801,888240539,1881,0,0,0
76.5225,88802,888250539,1843,0,0,0
76.5327,88803,888260539,1803,0,0,0
76.5426,88804,888270539,1769,0,0,0
76.5525,88805,888280539,1777,0,0,0
76.5626,88806,888290539,1776,0,0,0
76.5726,88807,888300539,1778,0,0,0
76.5826,88808,888310539,1766,0,0,0
76.5926,88809,888320539,1774,0,0,0
76.6027,88810,888330538,1764,0,0,0
76.6126,88811,888340538,1770,0,0,0
76.6226,88812,888350539,1759,0,0,0
76.6327,88813,888360539,1770,0,0,0
76.6426,88814,888370539,1779,0,0,0
76.6526,88815,888380539,1787,0,0,0
76.6627,88816,888390539,1773,0,0,0
76.6726,88817,888400539,1790,0,0,0
76.6826,88818,888410539,1791,0,0,0
76.6929,88819,888420539,1783,0,0,0
76.7025,88820,888430539,1786,0,0,0
76.7124,88821,888440539,1808,0,0,0
76.7226,88822,888450539,1794,0,0,0
76.7327,88823,888460538,1808,0,0,0
76.7426,88824,888470539,1810,0,0,0
76.7526,88825,888480539,1802,0,0,0
76.7625,88826,888490539,1808,0,0,0
76.7725,88827,888500539,1815,0,0,0
76.7826,88828,888510538,1808,0,0,0
76.7927,88829,888520539,1819,0,0,0
76.8025,88830,888530539,1812,0,0,0
76.8127,88831,888540539,1818,0,0,0
