pc_time_s,seq,t_us,ecg_adc,lo_plus,lo_minus,lead_off
0.0120,34394,344170544,1840,0,0,0
0.0211,34395,344180544,1845,0,0,0
0.0312,34396,344190544,1843,0,0,0
0.0410,34397,344200544,1853,0,0,0
0.0510,34398,344210544,1846,0,0,0
0.0612,34399,344220544,1847,0,0,0
0.0711,34400,344230544,1841,0,0,0
0.0809,34401,344240544,1847,0,0,0
0.0911,34402,344250544,1842,0,0,0
0.1010,34403,344260544,1847,0,0,0
0.1111,34404,344270544,1841,0,0,0
0.1211,34405,344280544,1854,0,0,0
0.1310,34406,344290544,1856,0,0,0
0.1410,34407,344300544,1889,0,0,0
0.1512,34408,344310544,1947,0,0,0
0.1610,34409,344320544,1974,0,0,0
0.1710,34410,344330544,1998,0,0,0
0.1811,34411,344340544,1921,0,0,0
0.1910,34412,344350544,1874,0,0,0
0.2010,34413,344360544,1844,0,0,0
0.2112,34414,344370544,1835,0,0,0
0.2210,34415,344380544,1824,0,0,0
0.2310,34416,344390544,1815,0,0,0
0.2410,34417,344400544,1807,0,0,0
0.2509,34418,344410544,1809,0,0,0
0.2610,34419,344420544,1793,0,0,0
0.2710,34420,344430544,1705,0,0,0
0.2811,34421,344440544,1904,0,0,0
0.2913,34422,344450544,2506,0,0,0
0.3010,34423,344460544,3399,0,0,0
0.3111,34424,344470544,2499,0,0,0
0.3212,34425,344480544,1654,0,0,0
0.3311,34426,344490544,1430,0,0,0
0.3410,34427,344500544,1587,0,0,0
0.3510,34428,344510544,1749,0,0,0
0.3610,34429,344520544,1750,0,0,0
0.3713,34430,344530544,1769,0,0,0
0.3811,34431,344540544,1786,0,0,0
0.3910,34432,344550544,1797,0,0,0
0.4012,34433,344560544,1801,0,0,0
0.4110,34434,344570544,1809,0,0,0
0.4214,34435,344580544,1823,0,0,0
0.4310,34436,344590544,1840,0,0,0
0.4413,34437,344600544,1858,0,0,0
0.4510,34438,344610544,1871,0,0,0
0.4610,34439,344620544,1879,0,0,0
0.4710,34440,344630544,1905,0,0,0
0.4810,34441,344640544,1931,0,0,0
0.4914,34442,344650544,1958,0,0,0
0.5011,34443,344660544,1991,0,0,0
0.5111,34444,344670544,2002,0,0,0
0.5211,34445,344680544,2006,0,0,0
0.5314,34446,344690544,2000,0,0,0
0.5412,34447,344700544,1968,0,0,0
0.5510,34448,344710544,1909,0,0,0
0.5611,34449,344720544,1853,0,0,0
0.5710,34450,344730544,1814,0,0,0
0.5811,34451,344740544,1772,0,0,0
0.5913,34452,344750544,1747,0,0,0
0.6010,34453,344760544,1743,0,0,0
0.6109,34454,344770544,1741,0,0,0
0.6211,34455,344780544,1744,0,0,0
0.6310,34456,344790544,1744,0,0,0
0.6410,34457,344800544,1747,0,0,0
0.6514,34458,344810544,1746,0,0,0
0.6619,34459,344820544,1763,0,0,0
0.6710,34460,344830544,1774,0,0,0
0.6810,34461,344840544,1766,0,0,0
0.6910,34462,344850544,1782,0,0,0
0.7010,34463,344860544,1785,0,0,0
0.7110,34464,344870544,1791,0,0,0
0.7210,34465,344880544,1786,0,0,0
0.7311,34466,344890544,1798,0,0,0
0.7411,34467,344900544,1807,0,0,0
0.7511,34468,344910544,1807,0,0,0
0.7612,34469,344920544,1805,0,0,0
0.7710,34470,344930544,1808,0,0,0
0.7812,34471,344940544,1805,0,0,0
0.7911,34472,344950544,1813,0,0,0
0.8012,34473,344960544,1808,0,0,0
0.8111,34474,344970544,1821,0,0,0
0.8210,34475,344980544,1815,0,0,0
0.8313,34476,344990544,1813,0,0,0
0.8411,34477,345000544,1822,0,0,0
0.8511,34478,345010544,1823,0,0,0
0.8612,34479,345020544,1822,0,0,0
0.8712,34480,345030544,1823,0,0,0
0.8812,34481,345040544,1821,0,0,0
0.8913,34482,345050544,1829,0,0,0
0.9010,34483,345060544,1827,0,0,0
0.9112,34484,345070544,1837,0,0,0
0.9211,34485,345080544,1835,0,0,0
0.9310,34486,345090544,1831,0,0,0
0.9416,34487,345100544,1830,0,0,0
0.9510,34488,345110544,1834,0,0,0
0.9615,34489,345120544,1839,0,0,0
0.9711,34490,345130544,1836,0,0,0
0.9813,34491,345140544,1827,0,0,0
0.9912,34492,345150544,1835,0,0,0
1.0015,34493,345160544,1838,0,0,0
1.0116,34494,345170544,1839,0,0,0
1.0212,34495,345180544,1829,0,0,0
1.0316,34496,345190544,1840,0,0,0
1.0411,34497,345200544,1845,0,0,0
1.0511,34498,345210544,1845,0,0,0
1.0611,34499,345220544,1840,0,0,0
1.0710,34500,345230544,1867,0,0,0
1.0810,34501,345240544,1886,0,0,0
1.0911,34502,345250544,1917,0,0,0
1.1010,34503,345260544,1942,0,0,0
1.1110,34504,345270544,2000,0,0,0
1.1209,34505,345280544,1949,0,0,0
1.1312,34506,345290544,1882,0,0,0
1.1411,34507,345300544,1871,0,0,0
1.1520,34508,345310544,1866,0,0,0
1.1611,34509,345320544,1843,0,0,0
1.1711,34510,345330544,1846,0,0,0
1.1811,34511,345340544,1826,0,0,0
1.1910,34512,345350544,1837,0,0,0
1.2011,34513,345360544,1819,0,0,0
1.2112,34514,345370544,1749,0,0,0
1.2210,34515,345380544,1838,0,0,0
1.2312,34516,345390544,2395,0,0,0
1.2412,34517,345400544,3252,0,0,0
1.2512,34518,345410544,2939,0,0,0
1.2611,34519,345420544,1801,0,0,0
1.2710,34520,345430544,1527,0,0,0
1.2811,34521,345440544,1497,0,0,0
1.2911,34522,345450544,1712,0,0,0
1.3013,34523,345460544,1765,0,0,0
1.3111,34524,345470544,1782,0,0,0
1.3214,34525,345480544,1791,0,0,0
1.3310,34526,345490544,1813,0,0,0
1.3412,34527,345500544,1810,0,0,0
1.3510,34528,345510544,1837,0,0,0
1.3610,34529,345520544,1840,0,0,0
1.3716,34530,345530544,1861,0,0,0
1.3809,34531,345540544,1866,0,0,0
1.3911,34532,345550544,1889,0,0,0
1.4011,34533,345560544,1902,0,0,0
1.4120,34534,345570544,1919,0,0,0
1.4216,34535,345580544,1937,0,0,0
1.4311,34536,345590544,1973,0,0,0
1.4412,34537,345600544,1999,0,0,0
1.4512,34538,345610544,2023,0,0,0
1.4613,34539,345620544,2011,0,0,0
1.4712,34540,345630544,2019,0,0,0
1.4811,34541,345640544,1989,0,0,0
1.4911,34542,345650544,1955,0,0,0
1.5010,34543,345660544,1898,0,0,0
1.5111,34544,345670544,1838,0,0,0
1.5215,34545,345680544,1786,0,0,0
1.5311,34546,345690544,1774,0,0,0
1.5410,34547,345700544,1755,0,0,0
1.5513,34548,345710544,1751,0,0,0
1.5617,34549,345720544,1745,0,0,0
1.5714,34550,345730544,1761,0,0,0
1.5815,34551,345740544,1760,0,0,0
1.5912,34552,345750544,1763,0,0,0
1.6014,34553,345760544,1763,0,0,0
1.6111,34554,345770544,1775,0,0,0
1.6211,34555,345780544,1773,0,0,0
1.6311,34556,345790544,1790,0,0,0
1.6412,34557,345800544,1790,0,0,0
1.6510,34558,345810544,1805,0,0,0
1.6610,34559,345820544,1799,0,0,0
1.6712,34560,345830544,1808,0,0,0
1.6810,34561,345840544,1813,0,0,0
1.6910,34562,345850544,1811,0,0,0
1.7011,34563,345860544,1808,0,0,0
1.7111,34564,345870544,1821,0,0,0
1.7211,34565,345880544,1818,0,0,0
1.7312,34566,345890544,1822,0,0,0
1.7410,34567,345900544,1819,0,0,0
1.7512,34568,345910544,1825,0,0,0
1.7612,34569,345920544,1824,0,0,0
1.7711,34570,345930544,1837,0,0,0
1.7812,34571,345940544,1825,0,0,0
1.7914,34572,345950544,1836,0,0,0
1.8012,34573,345960544,1823,0,0,0
1.8112,34574,345970544,1835,0,0,0
1.8209,34575,345980544,1831,0,0,0
1.8316,34576,345990544,1840,0,0,0
1.8412,34577,346000544,1835,0,0,0
1.8511,34578,346010544,1844,0,0,0
1.8610,34579,346020544,1836,0,0,0
1.8712,34580,346030544,1840,0,0,0
1.8812,34581,346040544,1833,0,0,0
1.8910,34582,346050544,1845,0,0,0
1.9009,34583,346060544,1836,0,0,0
1.9116,34584,346070544,1846,0,0,0
1.9216,34585,346080544,1840,0,0,0
1.9311,34586,346090544,1845,0,0,0
1.9415,34587,346100544,1843,0,0,0
1.9511,34588,346110544,1841,0,0,0
1.9612,34589,346120544,1845,0,0,0
1.9711,34590,346130544,1895,0,0,0
1.9815,34591,346140544,1923,0,0,0
1.9910,34592,346150544,1975,0,0,0
2.0011,34593,346160544,1982,0,0,0
2.0111,34594,346170544,1917,0,0,0
2.0213,34595,346180544,1853,0,0,0
2.0311,34596,346190544,1839,0,0,0
2.0410,34597,346200544,1818,0,0,0
2.0510,34598,346210544,1821,0,0,0
2.0611,34599,346220544,1805,0,0,0
2.0710,34600,346230544,1807,0,0,0
2.0811,34601,346240544,1794,0,0,0
2.0913,34602,346250544,1788,0,0,0
2.1011,34603,346260544,1694,0,0,0
2.1111,34604,346270544,1968,0,0,0
2.1210,34605,346280544,2594,0,0,0
2.1312,34606,346290544,3467,0,0,0
2.1412,34607,346300544,2428,0,0,0
2.1519,34608,346310544,1654,0,0,0
2.1611,34609,346320544,1408,0,0,0
2.1711,34610,346330544,1581,0,0,0
2.1811,34611,346340544,1726,0,0,0
2.1914,34612,346350544,1744,0,0,0
2.2010,34613,346360544,1757,0,0,0
2.2111,34614,346370544,1789,0,0,0
2.2214,34615,346380544,1794,0,0,0
2.2311,34616,346390544,1813,0,0,0
2.2410,34617,346400544,1815,0,0,0
2.2510,34618,346410544,1839,0,0,0
2.2610,34619,346420544,1839,0,0,0
2.2712,34620,346430544,1863,0,0,0
2.2810,34621,346440544,1872,0,0,0
2.2911,34622,346450544,1901,0,0,0
2.3014,34623,346460544,1904,0,0,0
2.3110,34624,346470544,1942,0,0,0
2.3213,34625,346480544,1963,0,0,0
2.3312,34626,346490544,1999,0,0,0
2.3412,34627,346500544,2005,0,0,0
2.3511,34628,346510544,2019,0,0,0
2.3612,34629,346520544,2000,0,0,0
2.3710,34630,346530544,1969,0,0,0
2.3811,34631,346540544,1911,0,0,0
2.3913,34632,346550544,1856,0,0,0
2.4011,34633,346560544,1791,0,0,0
2.4113,34634,346570544,1759,0,0,0
2.4222,34635,346580544,1729,0,0,0
2.4311,34636,346590544,1731,0,0,0
2.4410,34637,346600544,1713,0,0,0
2.4511,34638,346610544,1727,0,0,0
2.4613,34639,346620544,1722,0,0,0
2.4710,34640,346630544,1744,0,0,0
2.4812,34641,346640544,1737,0,0,0
2.4913,34642,346650544,1750,0,0,0
2.5011,34643,346660544,1758,0,0,0
2.5110,34644,346670544,1771,0,0,0
2.5211,34645,346680544,1765,0,0,0
2.5312,34646,346690544,1776,0,0,0
2.5412,34647,346700544,1776,0,0,0
2.5512,34648,346710544,1786,0,0,0
2.5610,34649,346720544,1779,0,0,0
2.5713,34650,346730544,1793,0,0,0
2.5810,34651,346740544,1779,0,0,0
2.5911,34652,346750544,1790,0,0,0
2.6013,34653,346760544,1778,0,0,0
2.6112,34654,346770544,1790,0,0,0
2.6212,34655,346780544,1789,0,0,0
2.6312,34656,346790544,1794,0,0,0
2.6412,34657,346800544,1792,0,0,0
2.6526,34658,346810544,1803,0,0,0
2.6613,34659,346820544,1794,0,0,0
2.6719,34660,346830544,1807,0,0,0
2.6812,34661,346840544,1807,0,0,0
2.6913,34662,346850544,1809,0,0,0
2.7012,34663,346860544,1806,0,0,0
2.7110,34664,346870544,1819,0,0,0
2.7212,34665,346880544,1808,0,0,0
2.7311,34666,346890544,1819,0,0,0
2.7411,34667,346900544,1822,0,0,0
2.7511,34668,346910544,1833,0,0,0
2.7610,34669,346920544,1829,0,0,0
2.7709,34670,346930544,1833,0,0,0
2.7811,34671,346940544,1826,0,0,0
2.7909,34672,346950544,1831,0,0,0
2.8009,34673,346960544,1826,0,0,0
2.8111,34674,346970544,1840,0,0,0
2.8210,34675,346980544,1838,0,0,0
2.8310,34676,346990544,1843,0,0,0
2.8412,34677,347000544,1834,0,0,0
2.8510,34678,347010544,1840,0,0,0
2.8611,34679,347020544,1840,0,0,0
2.8713,34680,347030544,1843,0,0,0
2.8811,34681,347040544,1863,0,0,0
2.8912,34682,347050544,1909,0,0,0
2.9013,34683,347060544,1946,0,0,0
2.9117,34684,347070544,1998,0,0,0
2.9212,34685,347080544,1959,0,0,0
2.9313,34686,347090544,1886,0,0,0
2.9413,34687,347100544,1856,0,0,0
2.9514,34688,347110544,1839,0,0,0
2.9613,34689,347120544,1819,0,0,0
2.9713,34690,347130544,1818,0,0,0
2.9811,34691,347140544,1808,0,0,0
2.9911,34692,347150544,1811,0,0,0
3.0010,34693,347160544,1786,0,0,0
3.0113,34694,347170544,1751,0,0,0
3.0212,34695,347180544,1735,0,0,0
3.0310,34696,347190544,2194,0,0,0
3.0411,34697,347200544,2960,0,0,0
3.0512,34698,347210544,3277,0,0,0
3.0611,34699,347220544,1929,0,0,0
3.0712,34700,347230544,1527,0,0,0
3.0813,34701,347240544,1469,0,0,0
3.0911,34702,347250544,1691,0,0,0
3.1013,34703,347260544,1739,0,0,0
3.1113,34704,347270544,1751,0,0,0
3.1212,34705,347280544,1770,0,0,0
3.1312,34706,347290544,1787,0,0,0
3.1413,34707,347300544,1792,0,0,0
3.1511,34708,347310544,1815,0,0,0
3.1610,34709,347320544,1818,0,0,0
3.1712,34710,347330544,1839,0,0,0
3.1812,34711,347340544,1843,0,0,0
3.1912,34712,347350544,1865,0,0,0
3.2012,34713,347360544,1873,0,0,0
3.2113,34714,347370544,1904,0,0,0
3.2212,34715,347380544,1919,0,0,0
3.2312,34716,347390544,1954,0,0,0
3.2411,34717,347400544,1975,0,0,0
3.2513,34718,347410544,2000,0,0,0
3.2611,34719,347420544,2000,0,0,0
3.2710,34720,347430544,2004,0,0,0
3.2812,34721,347440544,1984,0,0,0
3.2931,34722,347450544,1951,0,0,0
3.3016,34723,347460544,1889,0,0,0
3.3110,34724,347470544,1838,0,0,0
3.3213,34725,347480544,1779,0,0,0
3.3310,34726,347490544,1759,0,0,0
3.3412,34727,347500544,1746,0,0,0
3.3513,34728,347510544,1746,0,0,0
3.3612,34729,347520544,1741,0,0,0
3.3710,34730,347530544,1741,0,0,0
3.3814,34731,347540544,1742,0,0,0
3.3911,34732,347550544,1755,0,0,0
3.4011,34733,347560544,1755,0,0,0
3.4111,34734,347570544,1764,0,0,0
3.4212,34735,347580544,1763,0,0,0
3.4314,34736,347590544,1782,0,0,0
3.4412,34737,347600544,1776,0,0,0
3.4511,34738,347610544,1791,0,0,0
3.4610,34739,347620544,1789,0,0,0
3.4711,34740,347630544,1786,0,0,0
3.4810,34741,347640544,1793,0,0,0
3.4911,34742,347650544,1803,0,0,0
3.5012,34743,347660544,1791,0,0,0
3.5111,34744,347670544,1806,0,0,0
3.5212,34745,347680544,1801,0,0,0
3.5312,34746,347690544,1808,0,0,0
3.5412,34747,347700544,1805,0,0,0
3.5516,34748,347710544,1811,0,0,0
3.5619,34749,347720544,1810,0,0,0
3.5712,34750,347730544,1811,0,0,0
3.5828,34751,347740544,1815,0,0,0
3.5957,34752,347750544,1826,0,0,0
3.6056,34753,347760544,1814,0,0,0
3.6110,34754,347770544,1815,0,0,0
3.6213,34755,347780544,1813,0,0,0
3.6311,34756,347790544,1815,0,0,0
3.6411,34757,347800544,1815,0,0,0
3.6512,34758,347810544,1821,0,0,0
3.6620,34759,347820544,1817,0,0,0
3.6710,34760,347830544,1826,0,0,0
3.6810,34761,347840544,1827,0,0,0
3.6912,34762,347850544,1821,0,0,0
3.7010,34763,347860544,1826,0,0,0
3.7111,34764,347870544,1829,0,0,0
3.7211,34765,347880544,1824,0,0,0
3.7310,34766,347890544,1839,0,0,0
3.7413,34767,347900544,1829,0,0,0
3.7512,34768,347910544,1838,0,0,0
3.7612,34769,347920544,1840,0,0,0
3.7712,34770,347930544,1847,0,0,0
3.7811,34771,347940544,1840,0,0,0
3.7913,34772,347950544,1849,0,0,0
3.8010,34773,347960544,1847,0,0,0
3.8111,34774,347970544,1872,0,0,0
3.8211,34775,347980544,1919,0,0,0
3.8312,34776,347990544,1967,0,0,0
3.8410,34777,348000544,1999,0,0,0
3.8512,34778,348010544,1936,0,0,0
3.8610,34779,348020544,1873,0,0,0
3.8711,34780,348030544,1851,0,0,0
3.8811,34781,348040544,1831,0,0,0
3.8910,34782,348050544,1825,0,0,0
3.9009,34783,348060544,1810,0,0,0
3.9146,34784,348070544,1806,0,0,0
3.9213,34785,348080544,1795,0,0,0
3.9348,34786,348090544,1787,0,0,0
3.9440,34787,348100544,1703,0,0,0
3.9522,34788,348110544,1874,0,0,0
3.9611,34789,348120544,2456,0,0,0
3.9711,34790,348130544,3376,0,0,0
3.9811,34791,348140544,2637,0,0,0
3.9914,34792,348150544,1685,0,0,0
4.0013,34793,348160544,1455,0,0,0
4.0112,34794,348170544,1573,0,0,0
4.0214,34795,348180544,1731,0,0,0
4.0310,34796,348190544,1743,0,0,0
4.0410,34797,348200544,1754,0,0,0
4.0512,34798,348210544,1771,0,0,0
4.0613,34799,348220544,1783,0,0,0
4.0713,34800,348230544,1803,0,0,0
4.0812,34801,348240544,1806,0,0,0
4.0921,34802,348250544,1823,0,0,0
4.1024,34803,348260544,1835,0,0,0
4.1121,34804,348270544,1857,0,0,0
4.1253,34805,348280544,1865,0,0,0
4.1323,34806,348290544,1889,0,0,0
4.1414,34807,348300544,1903,0,0,0
4.1511,34808,348310544,1935,0,0,0
4.1611,34809,348320544,1949,0,0,0
4.1712,34810,348330544,1982,0,0,0
4.1810,34811,348340544,1987,0,0,0
4.1913,34812,348350544,2007,0,0,0
4.2013,34813,348360544,1998,0,0,0
4.2112,34814,348370544,1965,0,0,0
4.2213,34815,348380544,1904,0,0,0
4.2312,34816,348390544,1857,0,0,0
4.2413,34817,348400544,1808,0,0,0
4.2512,34818,348410544,1776,0,0,0
4.2613,34819,348420544,1744,0,0,0
4.2711,34820,348430544,1734,0,0,0
4.2810,34821,348440544,1721,0,0,0
4.2913,34822,348450544,1733,0,0,0
4.3013,34823,348460544,1738,0,0,0
4.3111,34824,348470544,1744,0,0,0
4.3211,34825,348480544,1757,0,0,0
4.3312,34826,348490544,1751,0,0,0
4.3412,34827,348500544,1747,0,0,0
4.3512,34828,348510544,1771,0,0,0
4.3613,34829,348520544,1771,0,0,0
4.3713,34830,348530544,1764,0,0,0
4.3813,34831,348540544,1774,0,0,0
4.3911,34832,348550544,1787,0,0,0
4.4012,34833,348560544,1777,0,0,0
4.4114,34834,348570544,1807,0,0,0
4.4217,34835,348580544,1797,0,0,0
4.4315,34836,348590544,1788,0,0,0
4.4411,34837,348600544,1781,0,0,0
4.4511,34838,348610544,1803,0,0,0
4.4616,34839,348620544,1809,0,0,0
4.4716,34840,348630544,1813,0,0,0
4.4814,34841,348640544,1793,0,0,0
4.4914,34842,348650544,1808,0,0,0
4.5011,34843,348660544,1819,0,0,0
4.5110,34844,348670544,1850,0,0,0
4.5211,34845,348680544,1801,0,0,0
4.5312,34846,348690544,1808,0,0,0
4.5411,34847,348700544,1824,0,0,0
4.5512,34848,348710544,1839,0,0,0
4.5610,34849,348720544,1831,0,0,0
4.5711,34850,348730544,1835,0,0,0
4.5812,34851,348740544,1857,0,0,0
4.5910,34852,348750544,1844,0,0,0
4.6012,34853,348760544,1825,0,0,0
4.6111,34854,348770544,1835,0,0,0
4.6211,34855,348780544,1837,0,0,0
4.6310,34856,348790544,1847,0,0,0
4.6412,34857,348800544,1847,0,0,0
4.6513,34858,348810544,1841,0,0,0
4.6611,34859,348820544,1831,0,0,0
4.6712,34860,348830544,1840,0,0,0
4.6811,34861,348840544,1842,0,0,0
4.6911,34862,348850544,1846,0,0,0
4.7011,34863,348860544,1852,0,0,0
4.7112,34864,348870544,1890,0,0,0
4.7211,34865,348880544,1919,0,0,0
4.7311,34866,348890544,1979,0,0,0
4.7410,34867,348900544,2010,0,0,0
4.7510,34868,348910544,1930,0,0,0
4.7611,34869,348920544,1885,0,0,0
4.7710,34870,348930544,1867,0,0,0
4.7810,34871,348940544,1842,0,0,0
4.7910,34872,348950544,1853,0,0,0
4.8010,34873,348960544,1842,0,0,0
4.8110,34874,348970544,1834,0,0,0
4.8212,34875,348980544,1827,0,0,0
4.8311,34876,348990544,1810,0,0,0
4.8411,34877,349000544,1728,0,0,0
4.8513,34878,349010544,1967,0,0,0
4.8612,34879,349020544,2585,0,0,0
4.8710,34880,349030544,3451,0,0,0
4.8810,34881,349040544,2512,0,0,0
4.8911,34882,349050544,1718,0,0,0
4.9011,34883,349060544,1472,0,0,0
4.9110,34884,349070544,1568,0,0,0
4.9209,34885,349080544,1751,0,0,0
4.9311,34886,349090544,1776,0,0,0
4.9410,34887,349100544,1779,0,0,0
4.9512,34888,349110544,1808,0,0,0
4.9610,34889,349120544,1811,0,0,0
4.9710,34890,349130544,1830,0,0,0
4.9810,34891,349140544,1840,0,0,0
4.9910,34892,349150544,1851,0,0,0
5.0011,34893,349160544,1857,0,0,0
5.0111,34894,349170544,1862,0,0,0
5.0211,34895,349180544,1886,0,0,0
5.0315,34896,349190544,1903,0,0,0
5.0411,34897,349200544,1924,0,0,0
5.0512,34898,349210544,1939,0,0,0
5.0611,34899,349220544,1970,0,0,0
5.0711,34900,349230544,2000,0,0,0
5.0811,34901,349240544,2011,0,0,0
5.0911,34902,349250544,2016,0,0,0
5.1010,34903,349260544,2006,0,0,0
5.1112,34904,349270544,1975,0,0,0
5.1210,34905,349280544,1919,0,0,0
5.1312,34906,349290544,1870,0,0,0
5.1412,34907,349300544,1819,0,0,0
5.1511,34908,349310544,1781,0,0,0
5.1625,34909,349320544,1761,0,0,0
5.1712,34910,349330544,1747,0,0,0
5.1811,34911,349340544,1757,0,0,0
5.1911,34912,349350544,1749,0,0,0
5.2010,34913,349360544,1763,0,0,0
5.2110,34914,349370544,1759,0,0,0
5.2212,34915,349380544,1760,0,0,0
5.2310,34916,349390544,1762,0,0,0
5.2410,34917,349400544,1772,0,0,0
5.2511,34918,349410544,1773,0,0,0
5.2611,34919,349420544,1773,0,0,0
5.2712,34920,349430544,1776,0,0,0
5.2811,34921,349440544,1789,0,0,0
5.2911,34922,349450544,1789,0,0,0
5.3012,34923,349460544,1791,0,0,0
5.3112,34924,349470544,1794,0,0,0
5.3210,34925,349480544,1807,0,0,0
5.3309,34926,349490544,1803,0,0,0
5.3410,34927,349500544,1813,0,0,0
5.3510,34928,349510544,1811,0,0,0
5.3610,34929,349520544,1813,0,0,0
5.3710,34930,349530544,1813,0,0,0
5.3811,34931,349540544,1817,0,0,0
5.3910,34932,349550544,1809,0,0,0
5.4010,34933,349560544,1811,0,0,0
5.4109,34934,349570544,1815,0,0,0
5.4209,34935,349580544,1829,0,0,0
5.4313,34936,349590544,1830,0,0,0
5.4412,34937,349600544,1833,0,0,0
5.4511,34938,349610544,1831,0,0,0
5.4610,34939,349620544,1829,0,0,0
5.4710,34940,349630544,1835,0,0,0
5.4810,34941,349640544,1830,0,0,0
5.4912,34942,349650544,1827,0,0,0
5.5009,34943,349660544,1839,0,0,0
5.5111,34944,349670544,1835,0,0,0
5.5213,34945,349680544,1829,0,0,0
5.5317,34946,349690544,1840,0,0,0
5.5411,34947,349700544,1872,0,0,0
5.5511,34948,349710544,1904,0,0,0
5.5611,34949,349720544,1941,0,0,0
5.5712,34950,349730544,1995,0,0,0
5.5812,34951,349740544,1937,0,0,0
5.5910,34952,349750544,1873,0,0,0
5.6015,34953,349760544,1847,0,0,0
5.6111,34954,349770544,1823,0,0,0
5.6217,34955,349780544,1815,0,0,0
5.6310,34956,349790544,1804,0,0,0
5.6412,34957,349800544,1805,0,0,0
5.6516,34958,349810544,1802,0,0,0
5.6611,34959,349820544,1798,0,0,0
5.6710,34960,349830544,1712,0,0,0
5.6811,34961,349840544,1836,0,0,0
5.6910,34962,349850544,2380,0,0,0
5.7011,34963,349860544,3251,0,0,0
5.7111,34964,349870544,2897,0,0,0
5.7212,34965,349880544,1779,0,0,0
5.7311,34966,349890544,1493,0,0,0
5.7410,34967,349900544,1462,0,0,0
5.7511,34968,349910544,1701,0,0,0
5.7611,34969,349920544,1759,0,0,0
5.7712,34970,349930544,1750,0,0,0
5.7810,34971,349940544,1777,0,0,0
5.7911,34972,349950544,1792,0,0,0
5.8011,34973,349960544,1805,0,0,0
5.8110,34974,349970544,1814,0,0,0
5.8213,34975,349980544,1826,0,0,0
5.8311,34976,349990544,1843,0,0,0
5.8410,34977,350000544,1866,0,0,0
5.8513,34978,350010544,1872,0,0,0
5.8609,34979,350020544,1891,0,0,0
5.8711,34980,350030544,1904,0,0,0
5.8810,34981,350040544,1931,0,0,0
5.8910,34982,350050544,1955,0,0,0
5.9011,34983,350060544,1995,0,0,0
5.9111,34984,350070544,2002,0,0,0
5.9223,34985,350080544,2015,0,0,0
5.9312,34986,350090544,1994,0,0,0
5.9413,34987,350100544,1978,0,0,0
5.9512,34988,350110544,1925,0,0,0
5.9611,34989,350120544,1872,0,0,0
5.9712,34990,350130544,1812,0,0,0
5.9810,34991,350140544,1776,0,0,0
5.9910,34992,350150544,1746,0,0,0
6.0010,34993,350160544,1744,0,0,0
6.0110,34994,350170544,1744,0,0,0
6.0211,34995,350180544,1744,0,0,0
6.0312,34996,350190544,1746,0,0,0
6.0410,34997,350200544,1755,0,0,0
6.0511,34998,350210544,1758,0,0,0
6.0612,34999,350220544,1765,0,0,0
6.0711,35000,350230544,1773,0,0,0
6.0812,35001,350240544,1780,0,0,0
6.0914,35002,350250544,1775,0,0,0
6.1010,35003,350260544,1794,0,0,0
6.1110,35004,350270544,1794,0,0,0
6.1212,35005,350280544,1810,0,0,0
6.1309,35006,350290544,1807,0,0,0
6.1411,35007,350300544,1817,0,0,0
6.1511,35008,350310544,1808,0,0,0
6.1610,35009,350320544,1824,0,0,0
6.1711,35010,350330544,1817,0,0,0
6.1812,35011,350340544,1825,0,0,0
6.1912,35012,350350544,1822,0,0,0
6.2013,35013,350360544,1829,0,0,0
6.2111,35014,350370544,1823,0,0,0
6.2211,35015,350380544,1831,0,0,0
6.2311,35016,350390544,1829,0,0,0
6.2411,35017,350400544,1840,0,0,0
6.2511,35018,350410544,1830,0,0,0
6.2611,35019,350420544,1839,0,0,0
6.2712,35020,350430544,1833,0,0,0
6.2810,35021,350440544,1842,0,0,0
6.2911,35022,350450544,1844,0,0,0
6.3012,35023,350460544,1856,0,0,0
6.3111,35024,350470544,1848,0,0,0
6.3211,35025,350480544,1853,0,0,0
6.3314,35026,350490544,1843,0,0,0
6.3412,35027,350500544,1879,0,0,0
6.3511,35028,350510544,1919,0,0,0
6.3613,35029,350520544,1955,0,0,0
6.3710,35030,350530544,2007,0,0,0
6.3816,35031,350540544,1987,0,0,0
6.3913,35032,350550544,1904,0,0,0
6.4011,35033,350560544,1888,0,0,0
6.4118,35034,350570544,1850,0,0,0
6.4210,35035,350580544,1844,0,0,0
6.4313,35036,350590544,1825,0,0,0
6.4410,35037,350600544,1819,0,0,0
6.4512,35038,350610544,1821,0,0,0
6.4612,35039,350620544,1819,0,0,0
6.4710,35040,350630544,1773,0,0,0
6.4811,35041,350640544,1755,0,0,0
6.4910,35042,350650544,2163,0,0,0
6.5012,35043,350660544,2920,0,0,0
6.5111,35044,350670544,3356,0,0,0
6.5211,35045,350680544,2017,0,0,0
6.5310,35046,350690544,1566,0,0,0
6.5411,35047,350700544,1470,0,0,0
6.5511,35048,350710544,1689,0,0,0
6.5612,35049,350720544,1774,0,0,0
6.5712,35050,350730544,1771,0,0,0
6.5810,35051,350740544,1803,0,0,0
6.5912,35052,350750544,1814,0,0,0
6.6011,35053,350760544,1833,0,0,0
6.6113,35054,350770544,1837,0,0,0
6.6211,35055,350780544,1849,0,0,0
6.6313,35056,350790544,1847,0,0,0
6.6412,35057,350800544,1870,0,0,0
6.6510,35058,350810544,1874,0,0,0
6.6614,35059,350820544,1902,0,0,0
6.6712,35060,350830544,1910,0,0,0
6.6810,35061,350840544,1939,0,0,0
6.6912,35062,350850544,1957,0,0,0
6.7010,35063,350860544,1999,0,0,0
6.7111,35064,350870544,2010,0,0,0
6.7211,35065,350880544,2029,0,0,0
6.7310,35066,350890544,2017,0,0,0
6.7411,35067,350900544,1997,0,0,0
6.7511,35068,350910544,1941,0,0,0
6.7610,35069,350920544,1895,0,0,0
6.7709,35070,350930544,1822,0,0,0
6.7810,35071,350940544,1783,0,0,0
6.7910,35072,350950544,1750,0,0,0
6.8011,35073,350960544,1745,0,0,0
6.8111,35074,350970544,1739,0,0,0
6.8211,35075,350980544,1742,0,0,0
6.8310,35076,350990544,1727,0,0,0
6.8411,35077,351000544,1744,0,0,0
6.8510,35078,351010544,1744,0,0,0
6.8611,35079,351020544,1757,0,0,0
6.8714,35080,351030544,1751,0,0,0
6.8809,35081,351040544,1775,0,0,0
6.8910,35082,351050544,1773,0,0,0
6.9013,35083,351060544,1778,0,0,0
6.9111,35084,351070544,1778,0,0,0
6.9211,35085,351080544,1782,0,0,0
6.9311,35086,351090544,1785,0,0,0
6.9411,35087,351100544,1798,0,0,0
6.9512,35088,351110544,1789,0,0,0
6.9612,35089,351120544,1806,0,0,0
6.9711,35090,351130544,1791,0,0,0
6.9812,35091,351140544,1806,0,0,0
6.9910,35092,351150544,1797,0,0,0
7.0010,35093,351160544,1807,0,0,0
7.0113,35094,351170544,1808,0,0,0
7.0212,35095,351180544,1825,0,0,0
7.0310,35096,351190544,1808,0,0,0
7.0410,35097,351200544,1813,0,0,0
7.0511,35098,351210544,1808,0,0,0
7.0612,35099,351220544,1823,0,0,0
7.0711,35100,351230544,1813,0,0,0
7.0815,35101,351240544,1827,0,0,0
7.0913,35102,351250544,1820,0,0,0
7.1013,35103,351260544,1834,0,0,0
7.1114,35104,351270544,1827,0,0,0
7.1211,35105,351280544,1837,0,0,0
7.1311,35106,351290544,1826,0,0,0
7.1410,35107,351300544,1851,0,0,0
7.1510,35108,351310544,1883,0,0,0
7.1612,35109,351320544,1934,0,0,0
7.1714,35110,351330544,1971,0,0,0
7.1813,35111,351340544,1975,0,0,0
7.1912,35112,351350544,1879,0,0,0
7.2013,35113,351360544,1856,0,0,0
7.2110,35114,351370544,1822,0,0,0
7.2213,35115,351380544,1824,0,0,0
7.2314,35116,351390544,1802,0,0,0
7.2411,35117,351400544,1797,0,0,0
7.2512,35118,351410544,1780,0,0,0
7.2614,35119,351420544,1794,0,0,0
7.2710,35120,351430544,1761,0,0,0
7.2810,35121,351440544,1690,0,0,0
7.2910,35122,351450544,1953,0,0,0
7.3010,35123,351460544,2602,0,0,0
7.3110,35124,351470544,3422,0,0,0
7.3210,35125,351480544,2334,0,0,0
7.3311,35126,351490544,1615,0,0,0
7.3412,35127,351500544,1423,0,0,0
7.3511,35128,351510544,1600,0,0,0
7.3612,35129,351520544,1742,0,0,0
7.3711,35130,351530544,1733,0,0,0
7.3812,35131,351540544,1751,0,0,0
7.3910,35132,351550544,1763,0,0,0
7.4010,35133,351560544,1784,0,0,0
7.4110,35134,351570544,1790,0,0,0
7.4210,35135,351580544,1813,0,0,0
7.4310,35136,351590544,1818,0,0,0
7.4411,35137,351600544,1843,0,0,0
7.4511,35138,351610544,1840,0,0,0
7.4614,35139,351620544,1874,0,0,0
7.4711,35140,351630544,1876,0,0,0
7.4810,35141,351640544,1906,0,0,0
7.4910,35142,351650544,1933,0,0,0
7.5011,35143,351660544,1967,0,0,0
7.5111,35144,351670544,1982,0,0,0
7.5210,35145,351680544,2009,0,0,0
7.5313,35146,351690544,1999,0,0,0
7.5412,35147,351700544,1988,0,0,0
7.5511,35148,351710544,1942,0,0,0
7.5615,35149,351720544,1899,0,0,0
7.5710,35150,351730544,1834,0,0,0
7.5812,35151,351740544,1795,0,0,0
7.5912,35152,351750544,1757,0,0,0
7.6012,35153,351760544,1742,0,0,0
7.6109,35154,351770544,1728,0,0,0
7.6216,35155,351780544,1743,0,0,0
7.6310,35156,351790544,1725,0,0,0
7.6412,35157,351800544,1737,0,0,0
7.6515,35158,351810544,1738,0,0,0
7.6610,35159,351820544,1743,0,0,0
7.6709,35160,351830544,1755,0,0,0
7.6812,35161,351840544,1775,0,0,0
7.6909,35162,351850544,1765,0,0,0
7.7011,35163,351860544,1776,0,0,0
7.7110,35164,351870544,1785,0,0,0
7.7210,35165,351880544,1794,0,0,0
7.7310,35166,351890544,1779,0,0,0
7.7410,35167,351900544,1791,0,0,0
7.7510,35168,351910544,1795,0,0,0
7.7611,35169,351920544,1801,0,0,0
7.7711,35170,351930544,1802,0,0,0
7.7809,35171,351940544,1809,0,0,0
7.7911,35172,351950544,1807,0,0,0
7.8013,35173,351960544,1815,0,0,0
7.8112,35174,351970544,1814,0,0,0
7.8210,35175,351980544,1826,0,0,0
7.8311,35176,351990544,1810,0,0,0
7.8412,35177,352000544,1815,0,0,0
7.8512,35178,352010544,1819,0,0,0
7.8612,35179,352020544,1824,0,0,0
7.8711,35180,352030544,1808,0,0,0
7.8809,35181,352040544,1813,0,0,0
7.8914,35182,352050544,1819,0,0,0
7.9016,35183,352060544,1820,0,0,0
7.9111,35184,352070544,1821,0,0,0
7.9211,35185,352080544,1823,0,0,0
7.9313,35186,352090544,1824,0,0,0
7.9413,35187,352100544,1834,0,0,0
7.9514,35188,352110544,1830,0,0,0
7.9610,35189,352120544,1864,0,0,0
7.9710,35190,352130544,1916,0,0,0
7.9811,35191,352140544,1949,0,0,0
7.9910,35192,352150544,1982,0,0,0
8.0010,35193,352160544,1931,0,0,0
8.0111,35194,352170544,1857,0,0,0
8.0211,35195,352180544,1835,0,0,0
8.0311,35196,352190544,1812,0,0,0
8.0413,35197,352200544,1821,0,0,0
8.0513,35198,352210544,1799,0,0,0
8.0613,35199,352220544,1808,0,0,0
8.0712,35200,352230544,1795,0,0,0
8.0811,35201,352240544,1797,0,0,0
8.0910,35202,352250544,1709,0,0,0
8.1011,35203,352260544,1861,0,0,0
8.1111,35204,352270544,2406,0,0,0
8.1210,35205,352280544,3290,0,0,0
8.1315,35206,352290544,2756,0,0,0
8.1412,35207,352300544,1752,0,0,0
8.1511,35208,352310544,1473,0,0,0
8.1612,35209,352320544,1488,0,0,0
8.1713,35210,352330544,1712,0,0,0
8.1811,35211,352340544,1757,0,0,0
8.1912,35212,352350544,1767,0,0,0
8.2014,35213,352360544,1786,0,0,0
8.2112,35214,352370544,1789,0,0,0
8.2211,35215,352380544,1834,0,0,0
8.2310,35216,352390544,1820,0,0,0
8.2410,35217,352400544,1843,0,0,0
8.2511,35218,352410544,1842,0,0,0
8.2611,35219,352420544,1855,0,0,0
8.2712,35220,352430544,1872,0,0,0
8.2810,35221,352440544,1895,0,0,0
8.2911,35222,352450544,1889,0,0,0
8.3013,35223,352460544,1934,0,0,0
8.3111,35224,352470544,1951,0,0,0
8.3212,35225,352480544,1985,0,0,0
8.3311,35226,352490544,1999,0,0,0
8.3418,35227,352500544,2005,0,0,0
8.3510,35228,352510544,1985,0,0,0
8.3611,35229,352520544,1957,0,0,0
8.3714,35230,352530544,1905,0,0,0
8.3812,35231,352540544,1856,0,0,0
8.3912,35232,352550544,1793,0,0,0
8.4013,35233,352560544,1773,0,0,0
8.4111,35234,352570544,1746,0,0,0
8.4215,35235,352580544,1746,0,0,0
8.4311,35236,352590544,1739,0,0,0
8.4411,35237,352600544,1749,0,0,0
8.4510,35238,352610544,1744,0,0,0
8.4611,35239,352620544,1767,0,0,0
8.4710,35240,352630544,1774,0,0,0
8.4812,35241,352640544,1783,0,0,0
8.4910,35242,352650544,1777,0,0,0
8.5010,35243,352660544,1794,0,0,0
8.5111,35244,352670544,1791,0,0,0
8.5210,35245,352680544,1807,0,0,0
8.5310,35246,352690544,1803,0,0,0
8.5412,35247,352700544,1808,0,0,0
8.5510,35248,352710544,1819,0,0,0
8.5609,35249,352720544,1825,0,0,0
8.5712,35250,352730544,1814,0,0,0
8.5814,35251,352740544,1835,0,0,0
8.5912,35252,352750544,1826,0,0,0
8.6013,35253,352760544,1830,0,0,0
8.6112,35254,352770544,1835,0,0,0
8.6212,35255,352780544,1842,0,0,0
8.6312,35256,352790544,1835,0,0,0
8.6411,35257,352800544,1840,0,0,0
8.6516,35258,352810544,1835,0,0,0
8.6619,35259,352820544,1845,0,0,0
8.6711,35260,352830544,1837,0,0,0
8.6816,35261,352840544,1845,0,0,0
8.6911,35262,352850544,1840,0,0,0
8.7013,35263,352860544,1846,0,0,0
8.7111,35264,352870544,1838,0,0,0
8.7213,35265,352880544,1852,0,0,0
8.7311,35266,352890544,1847,0,0,0
8.7411,35267,352900544,1856,0,0,0
8.7547,35268,352910544,1810,0,0,0
8.7609,35269,352920544,1855,0,0,0
8.7713,35270,352930544,1873,0,0,0
8.7811,35271,352940544,1888,0,0,0
8.7910,35272,352950544,1900,0,0,0
8.8010,35273,352960544,1968,0,0,0
8.8111,35274,352970544,1989,0,0,0
8.8210,35275,352980544,1936,0,0,0
8.8312,35276,352990544,1874,0,0,0
8.8410,35277,353000544,1857,0,0,0
8.8510,35278,353010544,1827,0,0,0
8.8610,35279,353020544,1823,0,0,0
8.8712,35280,353030544,1803,0,0,0
8.8811,35281,353040544,1808,0,0,0
8.8913,35282,353050544,1805,0,0,0
8.9012,35283,353060544,1794,0,0,0
8.9131,35284,353070544,1710,0,0,0
8.9211,35285,353080544,1865,0,0,0
8.9310,35286,353090544,2416,0,0,0
8.9409,35287,353100544,3310,0,0,0
8.9509,35288,353110544,2767,0,0,0
8.9610,35289,353120544,1727,0,0,0
8.9710,35290,353130544,1429,0,0,0
8.9811,35291,353140544,1515,0,0,0
8.9911,35292,353150544,1715,0,0,0
9.0013,35293,353160544,1745,0,0,0
9.0111,35294,353170544,1748,0,0,0
9.0210,35295,353180544,1779,0,0,0
9.0310,35296,353190544,1787,0,0,0
9.0410,35297,353200544,1807,0,0,0
9.0510,35298,353210544,1809,0,0,0
9.0609,35299,353220544,1831,0,0,0
9.0710,35300,353230544,1837,0,0,0
9.0811,35301,353240544,1856,0,0,0
9.0911,35302,353250544,1867,0,0,0
9.1011,35303,353260544,1890,0,0,0
9.1111,35304,353270544,1900,0,0,0
9.1211,35305,353280544,1927,0,0,0
9.1311,35306,353290544,1952,0,0,0
9.1412,35307,353300544,1983,0,0,0
9.1512,35308,353310544,1999,0,0,0
9.1610,35309,353320544,2010,0,0,0
9.1710,35310,353330544,1986,0,0,0
9.1810,35311,353340544,1967,0,0,0
9.1911,35312,353350544,1906,0,0,0
9.2010,35313,353360544,1859,0,0,0
9.2110,35314,353370544,1797,0,0,0
9.2210,35315,353380544,1776,0,0,0
9.2310,35316,353390544,1743,0,0,0
9.2411,35317,353400544,1744,0,0,0
9.2510,35318,353410544,1738,0,0,0
9.2612,35319,353420544,1740,0,0,0
9.2709,35320,353430544,1740,0,0,0
9.2810,35321,353440544,1757,0,0,0
9.2912,35322,353450544,1746,0,0,0
9.3013,35323,353460544,1755,0,0,0
9.3111,35324,353470544,1761,0,0,0
9.3214,35325,353480544,1775,0,0,0
9.3312,35326,353490544,1772,0,0,0
9.3411,35327,353500544,1780,0,0,0
9.3528,35328,353510544,1776,0,0,0
9.3615,35329,353520544,1795,0,0,0
9.3711,35330,353530544,1787,0,0,0
9.3810,35331,353540544,1799,0,0,0
9.3910,35332,353550544,1792,0,0,0
9.4012,35333,353560544,1798,0,0,0
9.4114,35334,353570544,1789,0,0,0
9.4223,35335,353580544,1805,0,0,0
9.4311,35336,353590544,1804,0,0,0
9.4413,35337,353600544,1813,0,0,0
9.4512,35338,353610544,1813,0,0,0
9.4611,35339,353620544,1823,0,0,0
9.4710,35340,353630544,1821,0,0,0
9.4810,35341,353640544,1825,0,0,0
9.4910,35342,353650544,1823,0,0,0
9.5011,35343,353660544,1831,0,0,0
9.5110,35344,353670544,1820,0,0,0
9.5211,35345,353680544,1829,0,0,0
9.5310,35346,353690544,1814,0,0,0
9.5410,35347,353700544,1827,0,0,0
9.5511,35348,353710544,1821,0,0,0
9.5611,35349,353720544,1837,0,0,0
9.5711,35350,353730544,1822,0,0,0
9.5811,35351,353740544,1833,0,0,0
9.5911,35352,353750544,1827,0,0,0
9.6012,35353,353760544,1830,0,0,0
9.6112,35354,353770544,1833,0,0,0
9.6213,35355,353780544,1841,0,0,0
9.6310,35356,353790544,1837,0,0,0
9.6411,35357,353800544,1839,0,0,0
9.6512,35358,353810544,1835,0,0,0
9.6610,35359,353820544,1835,0,0,0
9.6711,35360,353830544,1828,0,0,0
9.6813,35361,353840544,1832,0,0,0
9.6912,35362,353850544,1826,0,0,0
9.7010,35363,353860544,1833,0,0,0
9.7112,35364,353870544,1825,0,0,0
9.7213,35365,353880544,1840,0,0,0
9.7309,35366,353890544,1837,0,0,0
9.7411,35367,353900544,1847,0,0,0
9.7519,35368,353910544,1867,0,0,0
9.7611,35369,353920544,1931,0,0,0
9.7713,35370,353930544,1934,0,0,0
9.7810,35371,353940544,1968,0,0,0
9.7910,35372,353950544,1887,0,0,0
9.8010,35373,353960544,1856,0,0,0
9.8110,35374,353970544,1829,0,0,0
9.8210,35375,353980544,1823,0,0,0
9.8311,35376,353990544,1806,0,0,0
9.8411,35377,354000544,1805,0,0,0
9.8510,35378,354010544,1802,0,0,0
9.8610,35379,354020544,1805,0,0,0
9.8710,35380,354030544,1775,0,0,0
9.8811,35381,354040544,1693,0,0,0
9.8912,35382,354050544,1938,0,0,0
9.9012,35383,354060544,2581,0,0,0
9.9109,35384,354070544,3404,0,0,0
9.9212,35385,354080544,2369,0,0,0
9.9314,35386,354090544,1602,0,0,0
9.9412,35387,354100544,1424,0,0,0
9.9512,35388,354110544,1610,0,0,0
9.9611,35389,354120544,1735,0,0,0
9.9711,35390,354130544,1734,0,0,0
9.9810,35391,354140544,1751,0,0,0
9.9910,35392,354150544,1766,0,0,0
10.0012,35393,354160544,1776,0,0,0
10.0171,35394,354170544,1791,0,0,0
10.0215,35395,354180544,1809,0,0,0
10.0349,35396,354190544,1825,0,0,0
10.0468,35397,354200544,1834,0,0,0
10.0517,35398,354210544,1848,0,0,0
10.0649,35399,354220544,1866,0,0,0
10.0712,35400,354230544,1872,0,0,0
10.0812,35401,354240544,1905,0,0,0
10.0911,35402,354250544,1919,0,0,0
10.1011,35403,354260544,1952,0,0,0
10.1110,35404,354270544,1974,0,0,0
10.1211,35405,354280544,1994,0,0,0
10.1312,35406,354290544,1983,0,0,0
10.1412,35407,354300544,1979,0,0,0
10.1511,35408,354310544,1936,0,0,0
10.1612,35409,354320544,1894,0,0,0
10.1741,35410,354330544,1835,0,0,0
10.1811,35411,354340544,1793,0,0,0
10.1911,35412,354350544,1751,0,0,0
10.2030,35413,354360544,1745,0,0,0
10.2143,35414,354370544,1726,0,0,0
10.2229,35415,354380544,1735,0,0,0
10.2310,35416,354390544,1729,0,0,0
10.2472,35417,354400544,1739,0,0,0
10.2510,35418,354410544,1744,0,0,0
10.2612,35419,354420544,1749,0,0,0
10.2710,35420,354430544,1746,0,0,0
10.2810,35421,354440544,1764,0,0,0
10.2910,35422,354450544,1772,0,0,0
10.3010,35423,354460544,1776,0,0,0
10.3111,35424,354470544,1776,0,0,0
10.3210,35425,354480544,1787,0,0,0
10.3311,35426,354490544,1787,0,0,0
10.3413,35427,354500544,1791,0,0,0
10.3511,35428,354510544,1792,0,0,0
10.3628,35429,354520544,1802,0,0,0
10.3713,35430,354530544,1790,0,0,0
10.3853,35431,354540544,1794,0,0,0
10.3985,35432,354550544,1801,0,0,0
10.4010,35433,354560544,1793,0,0,0
10.4111,35434,354570544,1793,0,0,0
10.4266,35435,354580544,1802,0,0,0
10.4331,35436,354590544,1806,0,0,0
10.4410,35437,354600544,1808,0,0,0
10.4514,35438,354610544,1803,0,0,0
10.4610,35439,354620544,1813,0,0,0
10.4711,35440,354630544,1802,0,0,0
10.4810,35441,354640544,1810,0,0,0
10.4910,35442,354650544,1814,0,0,0
10.5010,35443,354660544,1812,0,0,0
10.5111,35444,354670544,1808,0,0,0
10.5210,35445,354680544,1815,0,0,0
10.5310,35446,354690544,1811,0,0,0
10.5412,35447,354700544,1821,0,0,0
10.5530,35448,354710544,1811,0,0,0
10.5610,35449,354720544,1818,0,0,0
10.5774,35450,354730544,1822,0,0,0
10.5820,35451,354740544,1821,0,0,0
10.5920,35452,354750544,1819,0,0,0
10.6030,35453,354760544,1826,0,0,0
10.6110,35454,354770544,1823,0,0,0
10.6210,35455,354780544,1827,0,0,0
10.6311,35456,354790544,1829,0,0,0
10.6410,35457,354800544,1840,0,0,0
10.6510,35458,354810544,1831,0,0,0
10.6619,35459,354820544,1837,0,0,0
10.6711,35460,354830544,1831,0,0,0
10.6811,35461,354840544,1839,0,0,0
10.6910,35462,354850544,1821,0,0,0
10.7011,35463,354860544,1840,0,0,0
10.7110,35464,354870544,1841,0,0,0
10.7222,35465,354880544,1846,0,0,0
10.7328,35466,354890544,1851,0,0,0
10.7411,35467,354900544,1859,0,0,0
10.7553,35468,354910544,1872,0,0,0
10.7667,35469,354920544,1918,0,0,0
10.7715,35470,354930544,1919,0,0,0
10.7811,35471,354940544,1939,0,0,0
10.7940,35472,354950544,1886,0,0,0
10.8010,35473,354960544,1855,0,0,0
10.8112,35474,354970544,1840,0,0,0
10.8209,35475,354980544,1841,0,0,0
10.8310,35476,354990544,1828,0,0,0
10.8421,35477,355000544,1837,0,0,0
10.8511,35478,355010544,1836,0,0,0
10.8611,35479,355020544,1831,0,0,0
10.8711,35480,355030544,1776,0,0,0
10.8812,35481,355040544,1785,0,0,0
10.8910,35482,355050544,2235,0,0,0
10.9009,35483,355060544,3027,0,0,0
10.9110,35484,355070544,3213,0,0,0
10.9210,35485,355080544,1920,0,0,0
10.9312,35486,355090544,1569,0,0,0
10.9411,35487,355100544,1489,0,0,0
10.9516,35488,355110544,1697,0,0,0
10.9611,35489,355120544,1779,0,0,0
10.9711,35490,355130544,1765,0,0,0
10.9812,35491,355140544,1790,0,0,0
10.9911,35492,355150544,1808,0,0,0
11.0013,35493,355160544,1821,0,0,0
11.0112,35494,355170544,1822,0,0,0
11.0210,35495,355180544,1844,0,0,0
11.0310,35496,355190544,1843,0,0,0
11.0410,35497,355200544,1856,0,0,0
11.0511,35498,355210544,1872,0,0,0
11.0610,35499,355220544,1888,0,0,0
11.0710,35500,355230544,1904,0,0,0
11.0811,35501,355240544,1934,0,0,0
11.0909,35502,355250544,1947,0,0,0
11.1011,35503,355260544,1975,0,0,0
11.1111,35504,355270544,2000,0,0,0
11.1211,35505,355280544,2009,0,0,0
11.1309,35506,355290544,2001,0,0,0
11.1412,35507,355300544,1996,0,0,0
11.1511,35508,355310544,1945,0,0,0
11.1620,35509,355320544,1891,0,0,0
11.1713,35510,355330544,1831,0,0,0
11.1811,35511,355340544,1791,0,0,0
11.1912,35512,355350544,1757,0,0,0
11.2011,35513,355360544,1738,0,0,0
11.2111,35514,355370544,1734,0,0,0
11.2210,35515,355380544,1738,0,0,0
11.2311,35516,355390544,1730,0,0,0
11.2411,35517,355400544,1738,0,0,0
11.2510,35518,355410544,1744,0,0,0
11.2609,35519,355420544,1744,0,0,0
11.2710,35520,355430544,1755,0,0,0
11.2810,35521,355440544,1758,0,0,0
11.2910,35522,355450544,1776,0,0,0
11.3011,35523,355460544,1776,0,0,0
11.3110,35524,355470544,1791,0,0,0
11.3211,35525,355480544,1792,0,0,0
11.3310,35526,355490544,1799,0,0,0
11.3410,35527,355500544,1803,0,0,0
11.3511,35528,355510544,1802,0,0,0
11.3612,35529,355520544,1805,0,0,0
11.3711,35530,355530544,1840,0,0,0
11.3811,35531,355540544,1797,0,0,0
11.3910,35532,355550544,1806,0,0,0
11.4012,35533,355560544,1808,0,0,0
11.4111,35534,355570544,1808,0,0,0
11.4236,35535,355580544,1809,0,0,0
11.4310,35536,355590544,1819,0,0,0
11.4410,35537,355600544,1815,0,0,0
11.4512,35538,355610544,1822,0,0,0
11.4613,35539,355620544,1824,0,0,0
11.4711,35540,355630544,1825,0,0,0
11.4809,35541,355640544,1836,0,0,0
11.4912,35542,355650544,1825,0,0,0
11.5012,35543,355660544,1831,0,0,0
11.5110,35544,355670544,1830,0,0,0
11.5210,35545,355680544,1825,0,0,0
11.5310,35546,355690544,1822,0,0,0
11.5410,35547,355700544,1838,0,0,0
11.5512,35548,355710544,1843,0,0,0
11.5610,35549,355720544,1840,0,0,0
11.5711,35550,355730544,1840,0,0,0
11.5811,35551,355740544,1840,0,0,0
11.5909,35552,355750544,1835,0,0,0
11.6020,35553,355760544,1838,0,0,0
11.6110,35554,355770544,1842,0,0,0
11.6210,35555,355780544,1841,0,0,0
11.6310,35556,355790544,1845,0,0,0
11.6411,35557,355800544,1840,0,0,0
11.6510,35558,355810544,1845,0,0,0
11.6622,35559,355820544,1842,0,0,0
11.6711,35560,355830544,1851,0,0,0
11.6811,35561,355840544,1847,0,0,0
11.6912,35562,355850544,1840,0,0,0
11.7011,35563,355860544,1856,0,0,0
11.7112,35564,355870544,1873,0,0,0
11.7210,35565,355880544,1893,0,0,0
11.7310,35566,355890544,1925,0,0,0
11.7411,35567,355900544,1929,0,0,0
11.7511,35568,355910544,1925,0,0,0
11.7610,35569,355920544,1885,0,0,0
11.7710,35570,355930544,1854,0,0,0
11.7810,35571,355940544,1849,0,0,0
11.7911,35572,355950544,1842,0,0,0
11.8012,35573,355960544,1843,0,0,0
11.8110,35574,355970544,1841,0,0,0
11.8212,35575,355980544,1848,0,0,0
11.8311,35576,355990544,1831,0,0,0
11.8411,35577,356000544,1758,0,0,0
11.8514,35578,356010544,2026,0,0,0
11.8611,35579,356020544,2677,0,0,0
11.8710,35580,356030544,3470,0,0,0
11.8810,35581,356040544,2407,0,0,0
11.8910,35582,356050544,1695,0,0,0
11.9011,35583,356060544,1437,0,0,0
11.9112,35584,356070544,1600,0,0,0
11.9210,35585,356080544,1776,0,0,0
11.9310,35586,356090544,1776,0,0,0
11.9413,35587,356100544,1791,0,0,0
11.9511,35588,356110544,1812,0,0,0
11.9611,35589,356120544,1823,0,0,0
11.9712,35590,356130544,1831,0,0,0
11.9810,35591,356140544,1838,0,0,0
11.9910,35592,356150544,1854,0,0,0
12.0012,35593,356160544,1865,0,0,0
12.0112,35594,356170544,1869,0,0,0
12.0212,35595,356180544,1877,0,0,0
12.0311,35596,356190544,1902,0,0,0
12.0411,35597,356200544,1920,0,0,0
12.0511,35598,356210544,1945,0,0,0
12.0612,35599,356220544,1965,0,0,0
12.0710,35600,356230544,1986,0,0,0
12.0811,35601,356240544,2006,0,0,0
12.0911,35602,356250544,2018,0,0,0
12.1012,35603,356260544,1998,0,0,0
12.1113,35604,356270544,1967,0,0,0
12.1212,35605,356280544,1910,0,0,0
12.1310,35606,356290544,1872,0,0,0
12.1411,35607,356300544,1806,0,0,0
12.1511,35608,356310544,1779,0,0,0
12.1611,35609,356320544,1767,0,0,0
12.1709,35610,356330544,1754,0,0,0
12.1818,35611,356340544,1751,0,0,0
12.1910,35612,356350544,1763,0,0,0
12.2011,35613,356360544,1757,0,0,0
12.2112,35614,356370544,1769,0,0,0
12.2210,35615,356380544,1771,0,0,0
12.2309,35616,356390544,1767,0,0,0
12.2413,35617,356400544,1774,0,0,0
12.2511,35618,356410544,1782,0,0,0
12.2610,35619,356420544,1785,0,0,0
12.2713,35620,356430544,1797,0,0,0
12.2810,35621,356440544,1795,0,0,0
12.2910,35622,356450544,1804,0,0,0
12.3011,35623,356460544,1806,0,0,0
12.3110,35624,356470544,1809,0,0,0
12.3210,35625,356480544,1807,0,0,0
12.3311,35626,356490544,1808,0,0,0
12.3409,35627,356500544,1814,0,0,0
12.3511,35628,356510544,1809,0,0,0
12.3610,35629,356520544,1809,0,0,0
12.3710,35630,356530544,1825,0,0,0
12.3810,35631,356540544,1821,0,0,0
12.3911,35632,356550544,1827,0,0,0
12.4011,35633,356560544,1829,0,0,0
12.4109,35634,356570544,1826,0,0,0
12.4231,35635,356580544,1819,0,0,0
12.4311,35636,356590544,1829,0,0,0
12.4410,35637,356600544,1814,0,0,0
12.4512,35638,356610544,1815,0,0,0
12.4610,35639,356620544,1809,0,0,0
12.4710,35640,356630544,1817,0,0,0
12.4810,35641,356640544,1814,0,0,0
12.4909,35642,356650544,1817,0,0,0
12.5012,35643,356660544,1813,0,0,0
12.5110,35644,356670544,1824,0,0,0
12.5210,35645,356680544,1822,0,0,0
12.5310,35646,356690544,1833,0,0,0
12.5411,35647,356700544,1830,0,0,0
12.5511,35648,356710544,1835,0,0,0
12.5610,35649,356720544,1829,0,0,0
12.5711,35650,356730544,1837,0,0,0
12.5810,35651,356740544,1823,0,0,0
12.5910,35652,356750544,1824,0,0,0
12.6011,35653,356760544,1823,0,0,0
12.6110,35654,356770544,1829,0,0,0
12.6210,35655,356780544,1823,0,0,0
12.6311,35656,356790544,1840,0,0,0
12.6410,35657,356800544,1853,0,0,0
12.6511,35658,356810544,1893,0,0,0
12.6623,35659,356820544,1904,0,0,0
12.6710,35660,356830544,1926,0,0,0
12.6810,35661,356840544,1915,0,0,0
12.6912,35662,356850544,1858,0,0,0
12.7011,35663,356860544,1840,0,0,0
12.7110,35664,356870544,1830,0,0,0
12.7211,35665,356880544,1819,0,0,0
12.7310,35666,356890544,1818,0,0,0
12.7410,35667,356900544,1808,0,0,0
12.7514,35668,356910544,1815,0,0,0
12.7610,35669,356920544,1798,0,0,0
12.7709,35670,356930544,1729,0,0,0
12.7810,35671,356940544,1862,0,0,0
12.7913,35672,356950544,2420,0,0,0
12.8011,35673,356960544,3284,0,0,0
12.8113,35674,356970544,2817,0,0,0
12.8214,35675,356980544,1713,0,0,0
12.8311,35676,356990544,1431,0,0,0
12.8411,35677,357000544,1526,0,0,0
12.8511,35678,357010544,1729,0,0,0
12.8610,35679,357020544,1744,0,0,0
12.8711,35680,357030544,1756,0,0,0
12.8811,35681,357040544,1774,0,0,0
12.8910,35682,357050544,1792,0,0,0
12.9011,35683,357060544,1797,0,0,0
12.9110,35684,357070544,1811,0,0,0
12.9210,35685,357080544,1808,0,0,0
12.9312,35686,357090544,1837,0,0,0
12.9410,35687,357100544,1845,0,0,0
12.9522,35688,357110544,1862,0,0,0
12.9610,35689,357120544,1883,0,0,0
12.9710,35690,357130544,1908,0,0,0
12.9810,35691,357140544,1930,0,0,0
12.9912,35692,357150544,1962,0,0,0
13.0011,35693,357160544,1979,0,0,0
13.0110,35694,357170544,2014,0,0,0
13.0210,35695,357180544,2009,0,0,0
13.0310,35696,357190544,2013,0,0,0
13.0410,35697,357200544,1979,0,0,0
13.0512,35698,357210544,1933,0,0,0
13.0611,35699,357220544,1871,0,0,0
13.0710,35700,357230544,1819,0,0,0
13.0811,35701,357240544,1765,0,0,0
13.0911,35702,357250544,1743,0,0,0
13.1011,35703,357260544,1729,0,0,0
13.1111,35704,357270544,1742,0,0,0
13.1209,35705,357280544,1730,0,0,0
13.1311,35706,357290544,1735,0,0,0
13.1411,35707,357300544,1734,0,0,0
13.1511,35708,357310544,1744,0,0,0
13.1628,35709,357320544,1750,0,0,0
13.1711,35710,357330544,1762,0,0,0
13.1810,35711,357340544,1765,0,0,0
13.1911,35712,357350544,1775,0,0,0
13.2011,35713,357360544,1778,0,0,0
13.2110,35714,357370544,1781,0,0,0
13.2210,35715,357380544,1782,0,0,0
13.2311,35716,357390544,1803,0,0,0
13.2410,35717,357400544,1798,0,0,0
13.2510,35718,357410544,1811,0,0,0
13.2610,35719,357420544,1802,0,0,0
13.2710,35720,357430544,1809,0,0,0
13.2810,35721,357440544,1803,0,0,0
13.2911,35722,357450544,1808,0,0,0
13.3010,35723,357460544,1801,0,0,0
13.3115,35724,357470544,1809,0,0,0
13.3212,35725,357480544,1806,0,0,0
13.3310,35726,357490544,1827,0,0,0
13.3409,35727,357500544,1811,0,0,0
13.3513,35728,357510544,1825,0,0,0
13.3610,35729,357520544,1818,0,0,0
13.3711,35730,357530544,1831,0,0,0
13.3811,35731,357540544,1824,0,0,0
13.3911,35732,357550544,1832,0,0,0
13.4011,35733,357560544,1834,0,0,0
13.4122,35734,357570544,1840,0,0,0
13.4210,35735,357580544,1825,0,0,0
13.4310,35736,357590544,1843,0,0,0
13.4409,35737,357600544,1831,0,0,0
13.4512,35738,357610544,1838,0,0,0
13.4611,35739,357620544,1831,0,0,0
13.4711,35740,357630544,1840,0,0,0
13.4809,35741,357640544,1830,0,0,0
13.4910,35742,357650544,1841,0,0,0
13.5010,35743,357660544,1836,0,0,0
13.5110,35744,357670544,1847,0,0,0
13.5209,35745,357680544,1839,0,0,0
13.5310,35746,357690544,1850,0,0,0
13.5410,35747,357700544,1841,0,0,0
13.5512,35748,357710544,1853,0,0,0
13.5612,35749,357720544,1843,0,0,0
13.5711,35750,357730544,1872,0,0,0
13.5811,35751,357740544,1904,0,0,0
13.5909,35752,357750544,1951,0,0,0
13.6011,35753,357760544,1997,0,0,0
13.6111,35754,357770544,1981,0,0,0
13.6211,35755,357780544,1886,0,0,0
13.6309,35756,357790544,1883,0,0,0
13.6411,35757,357800544,1834,0,0,0
13.6518,35758,357810544,1835,0,0,0
13.6610,35759,357820544,1828,0,0,0
13.6711,35760,357830544,1823,0,0,0
13.6809,35761,357840544,1808,0,0,0
13.6911,35762,357850544,1813,0,0,0
13.7013,35763,357860544,1744,0,0,0
13.7111,35764,357870544,1776,0,0,0
13.7209,35765,357880544,2240,0,0,0
13.7310,35766,357890544,3018,0,0,0
13.7410,35767,357900544,3200,0,0,0
13.7511,35768,357910544,1904,0,0,0
13.7610,35769,357920544,1511,0,0,0
13.7709,35770,357930544,1480,0,0,0
13.7810,35771,357940544,1694,0,0,0
13.7910,35772,357950544,1757,0,0,0
13.8010,35773,357960544,1760,0,0,0
13.8110,35774,357970544,1786,0,0,0
13.8210,35775,357980544,1790,0,0,0
13.8311,35776,357990544,1813,0,0,0
13.8410,35777,358000544,1810,0,0,0
13.8510,35778,358010544,1842,0,0,0
13.8609,35779,358020544,1840,0,0,0
13.8712,35780,358030544,1846,0,0,0
13.8810,35781,358040544,1865,0,0,0
13.8910,35782,358050544,1890,0,0,0
13.9012,35783,358060544,1899,0,0,0
13.9128,35784,358070544,1935,0,0,0
13.9211,35785,358080544,1948,0,0,0
13.9316,35786,358090544,1983,0,0,0
13.9411,35787,358100544,2000,0,0,0
13.9511,35788,358110544,2018,0,0,0
13.9611,35789,358120544,2015,0,0,0
13.9711,35790,358130544,2000,0,0,0
13.9811,35791,358140544,1946,0,0,0
13.9909,35792,358150544,1891,0,0,0
14.0010,35793,358160544,1827,0,0,0
14.0114,35794,358170544,1793,0,0,0
14.0211,35795,358180544,1755,0,0,0
14.0310,35796,358190544,1741,0,0,0
14.0411,35797,358200544,1718,0,0,0
14.0511,35798,358210544,1735,0,0,0
14.0610,35799,358220544,1731,0,0,0
14.0710,35800,358230544,1741,0,0,0
14.0809,35801,358240544,1738,0,0,0
14.0910,35802,358250544,1750,0,0,0
14.1011,35803,358260544,1751,0,0,0
14.1112,35804,358270544,1769,0,0,0
14.1211,35805,358280544,1762,0,0,0
14.1312,35806,358290544,1777,0,0,0
14.1411,35807,358300544,1789,0,0,0
14.1512,35808,358310544,1796,0,0,0
14.1610,35809,358320544,1803,0,0,0
14.1710,35810,358330544,1809,0,0,0
14.1810,35811,358340544,1809,0,0,0
14.1911,35812,358350544,1820,0,0,0
14.2013,35813,358360544,1813,0,0,0
14.2110,35814,358370544,1809,0,0,0
14.2210,35815,358380544,1806,0,0,0
14.2310,35816,358390544,1823,0,0,0
14.2410,35817,358400544,1813,0,0,0
14.2511,35818,358410544,1824,0,0,0
14.2610,35819,358420544,1814,0,0,0
14.2710,35820,358430544,1825,0,0,0
14.2810,35821,358440544,1814,0,0,0
14.2912,35822,358450544,1837,0,0,0
14.3011,35823,358460544,1824,0,0,0
14.3112,35824,358470544,1824,0,0,0
14.3210,35825,358480544,1827,0,0,0
14.3312,35826,358490544,1833,0,0,0
14.3410,35827,358500544,1828,0,0,0
14.3510,35828,358510544,1839,0,0,0
14.3612,35829,358520544,1829,0,0,0
14.3711,35830,358530544,1839,0,0,0
14.3810,35831,358540544,1830,0,0,0
14.3912,35832,358550544,1840,0,0,0
14.4010,35833,358560544,1828,0,0,0
14.4110,35834,358570544,1845,0,0,0
14.4209,35835,358580544,1826,0,0,0
14.4310,35836,358590544,1835,0,0,0
14.4410,35837,358600544,1831,0,0,0
14.4510,35838,358610544,1841,0,0,0
14.4610,35839,358620544,1837,0,0,0
14.4712,35840,358630544,1857,0,0,0
14.4810,35841,358640544,1897,0,0,0
14.4910,35842,358650544,1931,0,0,0
14.5012,35843,358660544,1973,0,0,0
14.5111,35844,358670544,1987,0,0,0
14.5210,35845,358680544,1899,0,0,0
14.5310,35846,358690544,1855,0,0,0
14.5409,35847,358700544,1830,0,0,0
14.5511,35848,358710544,1840,0,0,0
14.5611,35849,358720544,1826,0,0,0
14.5710,35850,358730544,1823,0,0,0
14.5811,35851,358740544,1810,0,0,0
14.5911,35852,358750544,1814,0,0,0
14.6010,35853,358760544,1765,0,0,0
14.6111,35854,358770544,1760,0,0,0
14.6209,35855,358780544,2169,0,0,0
14.6310,35856,358790544,2915,0,0,0
14.6411,35857,358800544,3344,0,0,0
14.6511,35858,358810544,2041,0,0,0
14.6612,35859,358820544,1585,0,0,0
14.6710,35860,358830544,1419,0,0,0
14.6811,35861,358840544,1629,0,0,0
14.6911,35862,358850544,1758,0,0,0
14.7011,35863,358860544,1753,0,0,0
14.7110,35864,358870544,1787,0,0,0
14.7210,35865,358880544,1795,0,0,0
14.7309,35866,358890544,1821,0,0,0
14.7412,35867,358900544,1813,0,0,0
14.7510,35868,358910544,1831,0,0,0
14.7610,35869,358920544,1838,0,0,0
14.7710,35870,358930544,1869,0,0,0
14.7811,35871,358940544,1870,0,0,0
14.7911,35872,358950544,1890,0,0,0
14.8011,35873,358960544,1904,0,0,0
14.8111,35874,358970544,1935,0,0,0
14.8211,35875,358980544,1945,0,0,0
14.8311,35876,358990544,1994,0,0,0
14.8412,35877,359000544,1999,0,0,0
14.8511,35878,359010544,2029,0,0,0
14.8610,35879,359020544,2021,0,0,0
14.8710,35880,359030544,2014,0,0,0
14.8810,35881,359040544,1953,0,0,0
14.8926,35882,359050544,1905,0,0,0
14.9022,35883,359060544,1841,0,0,0
14.9133,35884,359070544,1788,0,0,0
14.9210,35885,359080544,1754,0,0,0
14.9310,35886,359090544,1754,0,0,0
14.9410,35887,359100544,1739,0,0,0
14.9512,35888,359110544,1743,0,0,0
14.9609,35889,359120544,1743,0,0,0
14.9709,35890,359130544,1756,0,0,0
14.9810,35891,359140544,1750,0,0,0
14.9912,35892,359150544,1773,0,0,0
15.0010,35893,359160544,1757,0,0,0
15.0112,35894,359170544,1776,0,0,0
15.0210,35895,359180544,1776,0,0,0
15.0312,35896,359190544,1790,0,0,0
15.0411,35897,359200544,1781,0,0,0
15.0511,35898,359210544,1803,0,0,0
15.0610,35899,359220544,1794,0,0,0
15.0709,35900,359230544,1797,0,0,0
15.0810,35901,359240544,1803,0,0,0
15.0909,35902,359250544,1811,0,0,0
15.1009,35903,359260544,1807,0,0,0
15.1109,35904,359270544,1813,0,0,0
15.1209,35905,359280544,1808,0,0,0
15.1310,35906,359290544,1814,0,0,0
15.1409,35907,359300544,1822,0,0,0
15.1522,35908,359310544,1840,0,0,0
15.1609,35909,359320544,1836,0,0,0
15.1710,35910,359330544,1837,0,0,0
15.1811,35911,359340544,1836,0,0,0
15.1911,35912,359350544,1842,0,0,0
15.2010,35913,359360544,1837,0,0,0
15.2111,35914,359370544,1851,0,0,0
15.2210,35915,359380544,1837,0,0,0
15.2309,35916,359390544,1845,0,0,0
15.2410,35917,359400544,1840,0,0,0
15.2513,35918,359410544,1847,0,0,0
15.2609,35919,359420544,1843,0,0,0
15.2710,35920,359430544,1859,0,0,0
15.2812,35921,359440544,1853,0,0,0
15.2911,35922,359450544,1860,0,0,0
15.3010,35923,359460544,1845,0,0,0
15.3111,35924,359470544,1855,0,0,0
15.3211,35925,359480544,1846,0,0,0
15.3309,35926,359490544,1857,0,0,0
15.3410,35927,359500544,1861,0,0,0
15.3510,35928,359510544,1872,0,0,0
15.3611,35929,359520544,1899,0,0,0
15.3713,35930,359530544,1942,0,0,0
15.3810,35931,359540544,1966,0,0,0
15.3911,35932,359550544,2009,0,0,0
15.4011,35933,359560544,1934,0,0,0
15.4110,35934,359570544,1892,0,0,0
15.4210,35935,359580544,1862,0,0,0
15.4310,35936,359590544,1847,0,0,0
15.4412,35937,359600544,1838,0,0,0
15.4511,35938,359610544,1827,0,0,0
15.4610,35939,359620544,1810,0,0,0
15.4711,35940,359630544,1809,0,0,0
15.4810,35941,359640544,1785,0,0,0
15.4913,35942,359650544,1707,0,0,0
15.5010,35943,359660544,1917,0,0,0
15.5109,35944,359670544,2531,0,0,0
15.5210,35945,359680544,3411,0,0,0
15.5310,35946,359690544,2538,0,0,0
15.5412,35947,359700544,1647,0,0,0
15.5511,35948,359710544,1401,0,0,0
15.5609,35949,359720544,1535,0,0,0
15.5710,35950,359730544,1727,0,0,0
15.5812,35951,359740544,1728,0,0,0
15.5911,35952,359750544,1749,0,0,0
15.6010,35953,359760544,1767,0,0,0
15.6110,35954,359770544,1776,0,0,0
15.6210,35955,359780544,1776,0,0,0
15.6311,35956,359790544,1802,0,0,0
15.6410,35957,359800544,1809,0,0,0
15.6509,35958,359810544,1829,0,0,0
15.6611,35959,359820544,1833,0,0,0
15.6710,35960,359830544,1851,0,0,0
15.6811,35961,359840544,1863,0,0,0
15.6910,35962,359850544,1891,0,0,0
15.7010,35963,359860544,1904,0,0,0
15.7110,35964,359870544,1943,0,0,0
15.7210,35965,359880544,1963,0,0,0
15.7310,35966,359890544,1991,0,0,0
15.7410,35967,359900544,1987,0,0,0
15.7512,35968,359910544,1984,0,0,0
15.7610,35969,359920544,1946,0,0,0
15.7711,35970,359930544,1900,0,0,0
15.7812,35971,359940544,1833,0,0,0
15.7911,35972,359950544,1789,0,0,0
15.8011,35973,359960544,1745,0,0,0
15.8110,35974,359970544,1728,0,0,0
15.8209,35975,359980544,1709,0,0,0
15.8309,35976,359990544,1714,0,0,0
15.8410,35977,360000544,1713,0,0,0
15.8510,35978,360010544,1718,0,0,0
15.8610,35979,360020544,1718,0,0,0
15.8721,35980,360030544,1728,0,0,0
15.8811,35981,360040544,1734,0,0,0
15.8910,35982,360050544,1750,0,0,0
15.9010,35983,360060544,1750,0,0,0
15.9109,35984,360070544,1757,0,0,0
15.9210,35985,360080544,1763,0,0,0
15.9311,35986,360090544,1778,0,0,0
15.9411,35987,360100544,1776,0,0,0
15.9511,35988,360110544,1789,0,0,0
15.9609,35989,360120544,1781,0,0,0
15.9710,35990,360130544,1791,0,0,0
15.9809,35991,360140544,1779,0,0,0
15.9911,35992,360150544,1804,0,0,0
16.0012,35993,360160544,1794,0,0,0
16.0111,35994,360170544,1807,0,0,0
16.0210,35995,360180544,1798,0,0,0
16.0310,35996,360190544,1806,0,0,0
16.0410,35997,360200544,1799,0,0,0
16.0511,35998,360210544,1813,0,0,0
16.0610,35999,360220544,1804,0,0,0
16.0711,36000,360230544,1811,0,0,0
16.0811,36001,360240544,1804,0,0,0
16.0910,36002,360250544,1815,0,0,0
16.1010,36003,360260544,1811,0,0,0
16.1111,36004,360270544,1822,0,0,0
16.1210,36005,360280544,1811,0,0,0
16.1310,36006,360290544,1817,0,0,0
16.1412,36007,360300544,1809,0,0,0
16.1511,36008,360310544,1823,0,0,0
16.1611,36009,360320544,1811,0,0,0
16.1725,36010,360330544,1820,0,0,0
16.1819,36011,360340544,1809,0,0,0
16.1911,36012,360350544,1818,0,0,0
16.2011,36013,360360544,1822,0,0,0
16.2113,36014,360370544,1825,0,0,0
16.2211,36015,360380544,1829,0,0,0
16.2311,36016,360390544,1830,0,0,0
16.2410,36017,360400544,1829,0,0,0
16.2511,36018,360410544,1842,0,0,0
16.2610,36019,360420544,1835,0,0,0
16.2711,36020,360430544,1840,0,0,0
16.2812,36021,360440544,1830,0,0,0
16.2912,36022,360450544,1837,0,0,0
16.3010,36023,360460544,1838,0,0,0
16.3113,36024,360470544,1840,0,0,0
16.3210,36025,360480544,1834,0,0,0
16.3310,36026,360490544,1853,0,0,0
16.3410,36027,360500544,1883,0,0,0
16.3512,36028,360510544,1939,0,0,0
16.3612,36029,360520544,1968,0,0,0
16.3714,36030,360530544,1980,0,0,0
16.3812,36031,360540544,1903,0,0,0
16.3911,36032,360550544,1873,0,0,0
16.4012,36033,360560544,1842,0,0,0
16.4111,36034,360570544,1838,0,0,0
16.4213,36035,360580544,1822,0,0,0
16.4311,36036,360590544,1817,0,0,0
16.4415,36037,360600544,1804,0,0,0
16.4511,36038,360610544,1806,0,0,0
16.4614,36039,360620544,1776,0,0,0
16.4711,36040,360630544,1713,0,0,0
16.4810,36041,360640544,2010,0,0,0
16.4912,36042,360650544,2688,0,0,0
16.5010,36043,360660544,3476,0,0,0
16.5110,36044,360670544,2285,0,0,0
16.5211,36045,360680544,1606,0,0,0
16.5310,36046,360690544,1443,0,0,0
16.5410,36047,360700544,1643,0,0,0
16.5512,36048,360710544,1749,0,0,0
16.5612,36049,360720544,1758,0,0,0
16.5711,36050,360730544,1774,0,0,0
16.5812,36051,360740544,1761,0,0,0
16.5911,36052,360750544,1803,0,0,0
16.6011,36053,360760544,1807,0,0,0
16.6112,36054,360770544,1829,0,0,0
16.6215,36055,360780544,1835,0,0,0
16.6311,36056,360790544,1856,0,0,0
16.6415,36057,360800544,1866,0,0,0
16.6513,36058,360810544,1878,0,0,0
16.6610,36059,360820544,1894,0,0,0
16.6712,36060,360830544,1918,0,0,0
16.6809,36061,360840544,1943,0,0,0
16.6913,36062,360850544,1970,0,0,0
16.7011,36063,360860544,1995,0,0,0
16.7110,36064,360870544,2016,0,0,0
16.7212,36065,360880544,2014,0,0,0
16.7309,36066,360890544,2002,0,0,0
16.7410,36067,360900544,1965,0,0,0
16.7512,36068,360910544,1927,0,0,0
16.7609,36069,360920544,1863,0,0,0
16.7709,36070,360930544,1811,0,0,0
16.7812,36071,360940544,1771,0,0,0
16.7911,36072,360950544,1754,0,0,0
16.8010,36073,360960544,1744,0,0,0
16.8112,36074,360970544,1744,0,0,0
16.8211,36075,360980544,1739,0,0,0
16.8309,36076,360990544,1744,0,0,0
16.8413,36077,361000544,1746,0,0,0
16.8511,36078,361010544,1760,0,0,0
16.8613,36079,361020544,1763,0,0,0
16.8713,36080,361030544,1769,0,0,0
16.8813,36081,361040544,1774,0,0,0
16.8913,36082,361050544,1753,0,0,0
16.9019,36083,361060544,1770,0,0,0
16.9115,36084,361070544,1796,0,0,0
16.9212,36085,361080544,1802,0,0,0
16.9311,36086,361090544,1807,0,0,0
16.9409,36087,361100544,1800,0,0,0
16.9510,36088,361110544,1801,0,0,0
16.9612,36089,361120544,1804,0,0,0
16.9710,36090,361130544,1804,0,0,0
16.9809,36091,361140544,1806,0,0,0
16.9910,36092,361150544,1797,0,0,0
17.0010,36093,361160544,1805,0,0,0
17.0111,36094,361170544,1810,0,0,0
17.0211,36095,361180544,1809,0,0,0
17.0310,36096,361190544,1808,0,0,0
17.0411,36097,361200544,1802,0,0,0
17.0512,36098,361210544,1805,0,0,0
17.0611,36099,361220544,1808,0,0,0
17.0711,36100,361230544,1811,0,0,0
17.0810,36101,361240544,1809,0,0,0
17.0912,36102,361250544,1814,0,0,0
17.1010,36103,361260544,1810,0,0,0
17.1111,36104,361270544,1814,0,0,0
17.1209,36105,361280544,1815,0,0,0
17.1312,36106,361290544,1821,0,0,0
17.1411,36107,361300544,1821,0,0,0
17.1526,36108,361310544,1820,0,0,0
17.1611,36109,361320544,1829,0,0,0
17.1713,36110,361330544,1824,0,0,0
17.1812,36111,361340544,1828,0,0,0
17.1911,36112,361350544,1828,0,0,0
17.2013,36113,361360544,1825,0,0,0
17.2112,36114,361370544,1834,0,0,0
17.2211,36115,361380544,1830,0,0,0
17.2310,36116,361390544,1833,0,0,0
17.2410,36117,361400544,1826,0,0,0
17.2516,36118,361410544,1835,0,0,0
17.2611,36119,361420544,1833,0,0,0
17.2710,36120,361430544,1834,0,0,0
17.2810,36121,361440544,1835,0,0,0
17.2911,36122,361450544,1835,0,0,0
17.3011,36123,361460544,1835,0,0,0
17.3111,36124,361470544,1837,0,0,0
17.3214,36125,361480544,1840,0,0,0
17.3311,36126,361490544,1863,0,0,0
17.3412,36127,361500544,1898,0,0,0
17.3512,36128,361510544,1913,0,0,0
17.3613,36129,361520544,1947,0,0,0
17.3714,36130,361530544,1926,0,0,0
17.3813,36131,361540544,1871,0,0,0
17.3912,36132,361550544,1844,0,0,0
17.4011,36133,361560544,1840,0,0,0
17.4121,36134,361570544,1839,0,0,0
17.4218,36135,361580544,1821,0,0,0
17.4313,36136,361590544,1823,0,0,0
17.4412,36137,361600544,1819,0,0,0
17.4512,36138,361610544,1819,0,0,0
17.4612,36139,361620544,1735,0,0,0
17.4710,36140,361630544,1823,0,0,0
17.4811,36141,361640544,2359,0,0,0
17.4909,36142,361650544,3207,0,0,0
17.5011,36143,361660544,2961,0,0,0
17.5110,36144,361670544,1792,0,0,0
17.5209,36145,361680544,1514,0,0,0
17.5310,36146,361690544,1516,0,0,0
17.5411,36147,361700544,1715,0,0,0
17.5510,36148,361710544,1759,0,0,0
17.5612,36149,361720544,1773,0,0,0
17.5712,36150,361730544,1789,0,0,0
17.5810,36151,361740544,1807,0,0,0
17.5910,36152,361750544,1818,0,0,0
17.6010,36153,361760544,1829,0,0,0
17.6111,36154,361770544,1834,0,0,0
17.6210,36155,361780544,1843,0,0,0
17.6310,36156,361790544,1856,0,0,0
17.6412,36157,361800544,1872,0,0,0
17.6511,36158,361810544,1895,0,0,0
17.6611,36159,361820544,1904,0,0,0
17.6711,36160,361830544,1936,0,0,0
17.6811,36161,361840544,1968,0,0,0
17.6913,36162,361850544,1991,0,0,0
17.7013,36163,361860544,2000,0,0,0
17.7113,36164,361870544,2012,0,0,0
17.7210,36165,361880544,2013,0,0,0
17.7313,36166,361890544,1998,0,0,0
17.7411,36167,361900544,1948,0,0,0
17.7510,36168,361910544,1887,0,0,0
17.7610,36169,361920544,1829,0,0,0
17.7710,36170,361930544,1782,0,0,0
17.7809,36171,361940544,1765,0,0,0
17.7910,36172,361950544,1749,0,0,0
17.8011,36173,361960544,1743,0,0,0
17.8109,36174,361970544,1742,0,0,0
17.8209,36175,361980544,1744,0,0,0
17.8311,36176,361990544,1746,0,0,0
17.8413,36177,362000544,1759,0,0,0
17.8511,36178,362010544,1761,0,0,0
17.8612,36179,362020544,1776,0,0,0
17.8711,36180,362030544,1781,0,0,0
17.8810,36181,362040544,1782,0,0,0
17.8912,36182,362050544,1787,0,0,0
17.9010,36183,362060544,1805,0,0,0
17.9110,36184,362070544,1808,0,0,0
17.9217,36185,362080544,1810,0,0,0
17.9310,36186,362090544,1810,0,0,0
17.9410,36187,362100544,1820,0,0,0
17.9513,36188,362110544,1815,0,0,0
17.9610,36189,362120544,1817,0,0,0
17.9710,36190,362130544,1822,0,0,0
17.9811,36191,362140544,1813,0,0,0
17.9911,36192,362150544,1830,0,0,0
18.0011,36193,362160544,1831,0,0,0
18.0110,36194,362170544,1829,0,0,0
18.0214,36195,362180544,1829,0,0,0
18.0311,36196,362190544,1827,0,0,0
18.0411,36197,362200544,1843,0,0,0
18.0510,36198,362210544,1844,0,0,0
18.0610,36199,362220544,1840,0,0,0
18.0710,36200,362230544,1838,0,0,0
18.0810,36201,362240544,1840,0,0,0
18.0910,36202,362250544,1845,0,0,0
18.1012,36203,362260544,1855,0,0,0
18.1111,36204,362270544,1843,0,0,0
18.1212,36205,362280544,1843,0,0,0
18.1312,36206,362290544,1851,0,0,0
18.1412,36207,362300544,1861,0,0,0
18.1510,36208,362310544,1847,0,0,0
18.1636,36209,362320544,1863,0,0,0
18.1712,36210,362330544,1854,0,0,0
18.1811,36211,362340544,1872,0,0,0
18.1911,36212,362350544,1857,0,0,0
18.2010,36213,362360544,1867,0,0,0
18.2110,36214,362370544,1873,0,0,0
18.2211,36215,362380544,1871,0,0,0
18.2313,36216,362390544,1872,0,0,0
18.2410,36217,362400544,1874,0,0,0
18.2510,36218,362410544,1867,0,0,0
18.2610,36219,362420544,1873,0,0,0
18.2710,36220,362430544,1892,0,0,0
18.2810,36221,362440544,1940,0,0,0
18.2910,36222,362450544,1957,0,0,0
18.3010,36223,362460544,2013,0,0,0
18.3111,36224,362470544,1965,0,0,0
18.3210,36225,362480544,1913,0,0,0
18.3311,36226,362490544,1872,0,0,0
18.3412,36227,362500544,1858,0,0,0
18.3510,36228,362510544,1852,0,0,0
18.3611,36229,362520544,1842,0,0,0
18.3713,36230,362530544,1835,0,0,0
18.3811,36231,362540544,1847,0,0,0
18.3911,36232,362550544,1829,0,0,0
18.4009,36233,362560544,1765,0,0,0
18.4111,36234,362570544,1840,0,0,0
18.4211,36235,362580544,2357,0,0,0
18.4310,36236,362590544,3187,0,0,0
18.4417,36237,362600544,3047,0,0,0
18.4510,36238,362610544,1850,0,0,0
18.4615,36239,362620544,1535,0,0,0
18.4711,36240,362630544,1459,0,0,0
18.4809,36241,362640544,1710,0,0,0
18.4910,36242,362650544,1763,0,0,0
18.5011,36243,362660544,1776,0,0,0
18.5110,36244,362670544,1787,0,0,0
18.5210,36245,362680544,1809,0,0,0
18.5311,36246,362690544,1812,0,0,0
18.5409,36247,362700544,1841,0,0,0
18.5512,36248,362710544,1835,0,0,0
18.5612,36249,362720544,1857,0,0,0
18.5716,36250,362730544,1859,0,0,0
18.5812,36251,362740544,1875,0,0,0
18.5912,36252,362750544,1885,0,0,0
18.6012,36253,362760544,1909,0,0,0
18.6112,36254,362770544,1923,0,0,0
18.6213,36255,362780544,1962,0,0,0
18.6313,36256,362790544,1974,0,0,0
18.6412,36257,362800544,2006,0,0,0
18.6511,36258,362810544,2000,0,0,0
18.6610,36259,362820544,2009,0,0,0
18.6715,36260,362830544,1988,0,0,0
18.6811,36261,362840544,1949,0,0,0
18.6913,36262,362850544,1882,0,0,0
18.7012,36263,362860544,1841,0,0,0
18.7110,36264,362870544,1795,0,0,0
18.7210,36265,362880544,1777,0,0,0
18.7312,36266,362890544,1750,0,0,0
18.7410,36267,362900544,1753,0,0,0
18.7509,36268,362910544,1750,0,0,0
18.7611,36269,362920544,1762,0,0,0
18.7710,36270,362930544,1759,0,0,0
18.7810,36271,362940544,1765,0,0,0
18.7912,36272,362950544,1767,0,0,0
18.8010,36273,362960544,1775,0,0,0
18.8110,36274,362970544,1776,0,0,0
18.8211,36275,362980544,1787,0,0,0
18.8311,36276,362990544,1790,0,0,0
18.8411,36277,363000544,1796,0,0,0
18.8511,36278,363010544,1795,0,0,0
18.8612,36279,363020544,1806,0,0,0
18.8712,36280,363030544,1803,0,0,0
18.8810,36281,363040544,1805,0,0,0
18.8914,36282,363050544,1798,0,0,0
18.9010,36283,363060544,1810,0,0,0
18.9147,36284,363070544,1807,0,0,0
18.9212,36285,363080544,1811,0,0,0
18.9311,36286,363090544,1803,0,0,0
18.9413,36287,363100544,1811,0,0,0
18.9510,36288,363110544,1808,0,0,0
18.9611,36289,363120544,1819,0,0,0
18.9712,36290,363130544,1808,0,0,0
18.9812,36291,363140544,1821,0,0,0
18.9911,36292,363150544,1811,0,0,0
19.0010,36293,363160544,1822,0,0,0
19.0109,36294,363170544,1821,0,0,0
19.0210,36295,363180544,1828,0,0,0
19.0311,36296,363190544,1819,0,0,0
19.0411,36297,363200544,1835,0,0,0
19.0510,36298,363210544,1822,0,0,0
19.0612,36299,363220544,1837,0,0,0
19.0710,36300,363230544,1826,0,0,0
19.0810,36301,363240544,1833,0,0,0
19.0911,36302,363250544,1828,0,0,0
19.1009,36303,363260544,1833,0,0,0
19.1111,36304,363270544,1824,0,0,0
19.1213,36305,363280544,1840,0,0,0
19.1312,36306,363290544,1829,0,0,0
19.1411,36307,363300544,1840,0,0,0
19.1511,36308,363310544,1823,0,0,0
19.1637,36309,363320544,1837,0,0,0
19.1710,36310,363330544,1827,0,0,0
19.1811,36311,363340544,1833,0,0,0
19.1911,36312,363350544,1841,0,0,0
19.2010,36313,363360544,1893,0,0,0
19.2114,36314,363370544,1935,0,0,0
19.2211,36315,363380544,1982,0,0,0
19.2312,36316,363390544,1955,0,0,0
19.2415,36317,363400544,1876,0,0,0
19.2511,36318,363410544,1845,0,0,0
19.2612,36319,363420544,1826,0,0,0
19.2711,36320,363430544,1809,0,0,0
19.2812,36321,363440544,1810,0,0,0
19.2910,36322,363450544,1794,0,0,0
19.3012,36323,363460544,1808,0,0,0
19.3111,36324,363470544,1792,0,0,0
19.3210,36325,363480544,1759,0,0,0
19.3311,36326,363490544,1726,0,0,0
19.3410,36327,363500544,2143,0,0,0
19.3512,36328,363510544,2896,0,0,0
19.3612,36329,363520544,3360,0,0,0
19.3712,36330,363530544,1984,0,0,0
19.3814,36331,363540544,1535,0,0,0
19.3912,36332,363550544,1446,0,0,0
19.4010,36333,363560544,1680,0,0,0
19.4117,36334,363570544,1729,0,0,0
19.4213,36335,363580544,1744,0,0,0
19.4310,36336,363590544,1756,0,0,0
19.4412,36337,363600544,1785,0,0,0
19.4512,36338,363610544,1790,0,0,0
19.4611,36339,363620544,1813,0,0,0
19.4713,36340,363630544,1809,0,0,0
19.4811,36341,363640544,1837,0,0,0
19.4912,36342,363650544,1840,0,0,0
19.5011,36343,363660544,1869,0,0,0
19.5110,36344,363670544,1873,0,0,0
19.5209,36345,363680544,1902,0,0,0
19.5309,36346,363690544,1919,0,0,0
19.5410,36347,363700544,1949,0,0,0
19.5510,36348,363710544,1970,0,0,0
19.5611,36349,363720544,2011,0,0,0
19.5710,36350,363730544,2015,0,0,0
19.5811,36351,363740544,2026,0,0,0
19.5910,36352,363750544,1997,0,0,0
19.6009,36353,363760544,1965,0,0,0
19.6111,36354,363770544,1902,0,0,0
19.6209,36355,363780544,1849,0,0,0
19.6310,36356,363790544,1792,0,0,0
19.6411,36357,363800544,1763,0,0,0
19.6511,36358,363810544,1733,0,0,0
19.6611,36359,363820544,1741,0,0,0
19.6709,36360,363830544,1725,0,0,0
19.6810,36361,363840544,1731,0,0,0
19.6913,36362,363850544,1731,0,0,0
19.7011,36363,363860544,1743,0,0,0
19.7111,36364,363870544,1742,0,0,0
19.7212,36365,363880544,1750,0,0,0
19.7312,36366,363890544,1750,0,0,0
19.7409,36367,363900544,1763,0,0,0
19.7522,36368,363910544,1774,0,0,0
19.7612,36369,363920544,1776,0,0,0
19.7710,36370,363930544,1776,0,0,0
19.7810,36371,363940544,1793,0,0,0
19.7910,36372,363950544,1789,0,0,0
19.8009,36373,363960544,1799,0,0,0
19.8111,36374,363970544,1795,0,0,0
19.8212,36375,363980544,1805,0,0,0
19.8311,36376,363990544,1790,0,0,0
19.8412,36377,364000544,1799,0,0,0
19.8510,36378,364010544,1805,0,0,0
19.8614,36379,364020544,1811,0,0,0
19.8712,36380,364030544,1808,0,0,0
19.8813,36381,364040544,1815,0,0,0
19.8911,36382,364050544,1808,0,0,0
19.9013,36383,364060544,1823,0,0,0
19.9111,36384,364070544,1807,0,0,0
19.9223,36385,364080544,1823,0,0,0
19.9313,36386,364090544,1808,0,0,0
19.9412,36387,364100544,1824,0,0,0
19.9510,36388,364110544,1818,0,0,0
19.9609,36389,364120544,1823,0,0,0
19.9710,36390,364130544,1821,0,0,0
19.9810,36391,364140544,1829,0,0,0
19.9910,36392,364150544,1824,0,0,0
20.0009,36393,364160544,1834,0,0,0
20.0132,36394,364170544,1823,0,0,0
20.0210,36395,364180544,1838,0,0,0
20.0355,36396,364190544,1828,0,0,0
20.0422,36397,364200544,1840,0,0,0
20.0511,36398,364210544,1837,0,0,0
20.0638,36399,364220544,1841,0,0,0
20.0709,36400,364230544,1836,0,0,0
20.0812,36401,364240544,1843,0,0,0
20.0910,36402,364250544,1839,0,0,0
20.1011,36403,364260544,1842,0,0,0
20.1111,36404,364270544,1839,0,0,0
20.1210,36405,364280544,1857,0,0,0
20.1310,36406,364290544,1879,0,0,0
20.1412,36407,364300544,1941,0,0,0
20.1510,36408,364310544,1966,0,0,0
20.1625,36409,364320544,1986,0,0,0
20.1712,36410,364330544,1891,0,0,0
20.1810,36411,364340544,1869,0,0,0
20.1925,36412,364350544,1836,0,0,0
20.2010,36413,364360544,1837,0,0,0
20.2110,36414,364370544,1811,0,0,0
20.2214,36415,364380544,1814,0,0,0
20.2311,36416,364390544,1803,0,0,0
20.2439,36417,364400544,1805,0,0,0
20.2514,36418,364410544,1769,0,0,0
20.2610,36419,364420544,1699,0,0,0
20.2710,36420,364430544,1979,0,0,0
20.2810,36421,364440544,2650,0,0,0
20.2911,36422,364450544,3473,0,0,0
20.3010,36423,364460544,2295,0,0,0
20.3112,36424,364470544,1612,0,0,0
20.3212,36425,364480544,1443,0,0,0
20.3310,36426,364490544,1616,0,0,0
20.3411,36427,364500544,1744,0,0,0
20.3517,36428,364510544,1742,0,0,0
20.3612,36429,364520544,1775,0,0,0
20.3763,36430,364530544,1779,0,0,0
20.3831,36431,364540544,1802,0,0,0
20.3917,36432,364550544,1795,0,0,0
20.4029,36433,364560544,1822,0,0,0
20.4110,36434,364570544,1829,0,0,0
20.4215,36435,364580544,1843,0,0,0
20.4312,36436,364590544,1845,0,0,0
20.4410,36437,364600544,1875,0,0,0
20.4511,36438,364610544,1886,0,0,0
20.4623,36439,364620544,1917,0,0,0
20.4710,36440,364630544,1930,0,0,0
20.4812,36441,364640544,1957,0,0,0
20.4913,36442,364650544,1975,0,0,0
20.5011,36443,364660544,2000,0,0,0
20.5109,36444,364670544,2001,0,0,0
20.5212,36445,364680544,2000,0,0,0
20.5339,36446,364690544,1959,0,0,0
20.5418,36447,364700544,1917,0,0,0
20.5537,36448,364710544,1854,0,0,0
20.5633,36449,364720544,1808,0,0,0
20.5714,36450,364730544,1777,0,0,0
20.5812,36451,364740544,1760,0,0,0
20.5910,36452,364750544,1738,0,0,0
20.6010,36453,364760544,1753,0,0,0
20.6111,36454,364770544,1744,0,0,0
20.6210,36455,364780544,1747,0,0,0
20.6310,36456,364790544,1744,0,0,0
20.6412,36457,364800544,1759,0,0,0
20.6510,36458,364810544,1751,0,0,0
20.6611,36459,364820544,1774,0,0,0
20.6725,36460,364830544,1770,0,0,0
20.6811,36461,364840544,1776,0,0,0
20.6947,36462,364850544,1780,0,0,0
20.7053,36463,364860544,1797,0,0,0
20.7177,36464,364870544,1796,0,0,0
20.7209,36465,364880544,1809,0,0,0
20.7316,36466,364890544,1805,0,0,0
20.7423,36467,364900544,1807,0,0,0
20.7509,36468,364910544,1804,0,0,0
20.7610,36469,364920544,1811,0,0,0
20.7710,36470,364930544,1807,0,0,0
20.7810,36471,364940544,1813,0,0,0
20.7912,36472,364950544,1808,0,0,0
20.8010,36473,364960544,1819,0,0,0
20.8112,36474,364970544,1818,0,0,0
20.8212,36475,364980544,1823,0,0,0
20.8311,36476,364990544,1819,0,0,0
20.8411,36477,365000544,1832,0,0,0
20.8512,36478,365010544,1823,0,0,0
20.8610,36479,365020544,1827,0,0,0
20.8710,36480,365030544,1823,0,0,0
20.8811,36481,365040544,1826,0,0,0
20.8910,36482,365050544,1827,0,0,0
20.9009,36483,365060544,1840,0,0,0
20.9130,36484,365070544,1825,0,0,0
20.9210,36485,365080544,1824,0,0,0
20.9311,36486,365090544,1829,0,0,0
20.9412,36487,365100544,1840,0,0,0
20.9512,36488,365110544,1835,0,0,0
20.9612,36489,365120544,1830,0,0,0
20.9712,36490,365130544,1825,0,0,0
20.9810,36491,365140544,1840,0,0,0
20.9910,36492,365150544,1837,0,0,0
21.0012,36493,365160544,1840,0,0,0
21.0110,36494,365170544,1829,0,0,0
21.0210,36495,365180544,1829,0,0,0
21.0311,36496,365190544,1828,0,0,0
21.0411,36497,365200544,1856,0,0,0
21.0511,36498,365210544,1898,0,0,0
21.0612,36499,365220544,1947,0,0,0
21.0710,36500,365230544,1989,0,0,0
21.0810,36501,365240544,1947,0,0,0
21.0911,36502,365250544,1869,0,0,0
21.1009,36503,365260544,1840,0,0,0
21.1109,36504,365270544,1810,0,0,0
21.1210,36505,365280544,1819,0,0,0
21.1309,36506,365290544,1807,0,0,0
21.1411,36507,365300544,1802,0,0,0
21.1512,36508,365310544,1808,0,0,0
21.1612,36509,365320544,1797,0,0,0
21.1713,36510,365330544,1727,0,0,0
21.1812,36511,365340544,1808,0,0,0
21.1911,36512,365350544,2334,0,0,0
21.2010,36513,365360544,3187,0,0,0
21.2110,36514,365370544,2963,0,0,0
21.2210,36515,365380544,1808,0,0,0
21.2310,36516,365390544,1503,0,0,0
21.2410,36517,365400544,1474,0,0,0
21.2511,36518,365410544,1694,0,0,0
21.2610,36519,365420544,1750,0,0,0
21.2711,36520,365430544,1763,0,0,0
21.2812,36521,365440544,1785,0,0,0
21.2909,36522,365450544,1791,0,0,0
21.3010,36523,365460544,1813,0,0,0
21.3112,36524,365470544,1827,0,0,0
21.3210,36525,365480544,1831,0,0,0
21.3311,36526,365490544,1837,0,0,0
21.3412,36527,365500544,1855,0,0,0
21.3511,36528,365510544,1859,0,0,0
21.3612,36529,365520544,1886,0,0,0
21.3710,36530,365530544,1895,0,0,0
21.3812,36531,365540544,1926,0,0,0
21.3911,36532,365550544,1941,0,0,0
21.4011,36533,365560544,1978,0,0,0
21.4120,36534,365570544,2000,0,0,0
21.4211,36535,365580544,2015,0,0,0
21.4313,36536,365590544,2006,0,0,0
21.4410,36537,365600544,1991,0,0,0
21.4510,36538,365610544,1943,0,0,0
21.4609,36539,365620544,1887,0,0,0
21.4711,36540,365630544,1833,0,0,0
21.4811,36541,365640544,1781,0,0,0
21.4911,36542,365650544,1761,0,0,0
21.5010,36543,365660544,1745,0,0,0
21.5111,36544,365670544,1741,0,0,0
21.5210,36545,365680544,1744,0,0,0
21.5309,36546,365690544,1743,0,0,0
21.5410,36547,365700544,1750,0,0,0
21.5511,36548,365710544,1749,0,0,0
21.5611,36549,365720544,1760,0,0,0
21.5714,36550,365730544,1763,0,0,0
21.5810,36551,365740544,1773,0,0,0
21.5911,36552,365750544,1779,0,0,0
21.6010,36553,365760544,1787,0,0,0
21.6111,36554,365770544,1788,0,0,0
21.6211,36555,365780544,1803,0,0,0
21.6311,36556,365790544,1795,0,0,0
21.6412,36557,365800544,1807,0,0,0
21.6519,36558,365810544,1808,0,0,0
21.6610,36559,365820544,1813,0,0,0
21.6712,36560,365830544,1815,0,0,0
21.6811,36561,365840544,1819,0,0,0
21.6910,36562,365850544,1824,0,0,0
21.7011,36563,365860544,1826,0,0,0
21.7110,36564,365870544,1823,0,0,0
21.7211,36565,365880544,1825,0,0,0
21.7312,36566,365890544,1830,0,0,0
21.7411,36567,365900544,1840,0,0,0
21.7510,36568,365910544,1839,0,0,0
21.7610,36569,365920544,1840,0,0,0
21.7709,36570,365930544,1840,0,0,0
21.7810,36571,365940544,1841,0,0,0
21.7911,36572,365950544,1839,0,0,0
21.8010,36573,365960544,1843,0,0,0
21.8110,36574,365970544,1840,0,0,0
21.8211,36575,365980544,1840,0,0,0
21.8311,36576,365990544,1840,0,0,0
21.8410,36577,366000544,1840,0,0,0
21.8511,36578,366010544,1839,0,0,0
21.8611,36579,366020544,1833,0,0,0
21.8713,36580,366030544,1841,0,0,0
21.8809,36581,366040544,1839,0,0,0
21.8912,36582,366050544,1854,0,0,0
21.9015,36583,366060544,1886,0,0,0
21.9110,36584,366070544,1936,0,0,0
21.9210,36585,366080544,1972,0,0,0
21.9311,36586,366090544,1991,0,0,0
21.9412,36587,366100544,1914,0,0,0
21.9511,36588,366110544,1873,0,0,0
21.9609,36589,366120544,1853,0,0,0
21.9711,36590,366130544,1833,0,0,0
21.9811,36591,366140544,1819,0,0,0
21.9910,36592,366150544,1810,0,0,0
22.0009,36593,366160544,1811,0,0,0
22.0110,36594,366170544,1811,0,0,0
22.0210,36595,366180544,1781,0,0,0
22.0312,36596,366190544,1703,0,0,0
22.0412,36597,366200544,1983,0,0,0
22.0511,36598,366210544,2641,0,0,0
22.0612,36599,366220544,3504,0,0,0
22.0711,36600,366230544,2366,0,0,0
22.0811,36601,366240544,1635,0,0,0
22.0911,36602,366250544,1430,0,0,0
22.1009,36603,366260544,1616,0,0,0
22.1109,36604,366270544,1751,0,0,0
22.1215,36605,366280544,1749,0,0,0
22.1311,36606,366290544,1775,0,0,0
22.1411,36607,366300544,1783,0,0,0
22.1511,36608,366310544,1799,0,0,0
22.1612,36609,366320544,1810,0,0,0
22.1712,36610,366330544,1817,0,0,0
22.1815,36611,366340544,1839,0,0,0
22.1910,36612,366350544,1845,0,0,0
22.2009,36613,366360544,1861,0,0,0
22.2112,36614,366370544,1879,0,0,0
22.2210,36615,366380544,1891,0,0,0
22.2309,36616,366390544,1920,0,0,0
22.2411,36617,366400544,1945,0,0,0
22.2510,36618,366410544,1969,0,0,0
22.2610,36619,366420544,1991,0,0,0
22.2712,36620,366430544,2011,0,0,0
22.2810,36621,366440544,2011,0,0,0
22.2910,36622,366450544,1997,0,0,0
22.3010,36623,366460544,1956,0,0,0
22.3110,36624,366470544,1904,0,0,0
22.3211,36625,366480544,1840,0,0,0
22.3312,36626,366490544,1801,0,0,0
22.3411,36627,366500544,1755,0,0,0
22.3509,36628,366510544,1738,0,0,0
22.3610,36629,366520544,1724,0,0,0
22.3711,36630,366530544,1726,0,0,0
22.3813,36631,366540544,1727,0,0,0
22.3910,36632,366550544,1729,0,0,0
22.4010,36633,366560544,1741,0,0,0
22.4111,36634,366570544,1745,0,0,0
22.4215,36635,366580544,1750,0,0,0
22.4310,36636,366590544,1763,0,0,0
22.4410,36637,366600544,1759,0,0,0
22.4510,36638,366610544,1774,0,0,0
22.4609,36639,366620544,1777,0,0,0
22.4710,36640,366630544,1779,0,0,0
22.4812,36641,366640544,1791,0,0,0
22.4910,36642,366650544,1797,0,0,0
22.5010,36643,366660544,1791,0,0,0
22.5110,36644,366670544,1803,0,0,0
22.5209,36645,366680544,1808,0,0,0
22.5310,36646,366690544,1811,0,0,0
22.5412,36647,366700544,1810,0,0,0
22.5512,36648,366710544,1815,0,0,0
22.5609,36649,366720544,1809,0,0,0
22.5711,36650,366730544,1808,0,0,0
22.5810,36651,366740544,1809,0,0,0
22.5911,36652,366750544,1809,0,0,0
22.6010,36653,366760544,1808,0,0,0
22.6111,36654,366770544,1814,0,0,0
22.6211,36655,366780544,1815,0,0,0
22.6311,36656,366790544,1822,0,0,0
22.6410,36657,366800544,1815,0,0,0
22.6510,36658,366810544,1820,0,0,0
22.6620,36659,366820544,1819,0,0,0
22.6711,36660,366830544,1828,0,0,0
22.6810,36661,366840544,1822,0,0,0
22.6912,36662,366850544,1831,0,0,0
22.7011,36663,366860544,1831,0,0,0
22.7111,36664,366870544,1838,0,0,0
22.7211,36665,366880544,1831,0,0,0
22.7309,36666,366890544,1837,0,0,0
22.7410,36667,366900544,1834,0,0,0
22.7511,36668,366910544,1853,0,0,0
22.7609,36669,366920544,1887,0,0,0
22.7710,36670,366930544,1935,0,0,0
22.7812,36671,366940544,1969,0,0,0
22.7910,36672,366950544,1981,0,0,0
22.8011,36673,366960544,1887,0,0,0
22.8112,36674,366970544,1860,0,0,0
22.8211,36675,366980544,1825,0,0,0
22.8311,36676,366990544,1831,0,0,0
22.8413,36677,367000544,1812,0,0,0
22.8510,36678,367010544,1809,0,0,0
22.8611,36679,367020544,1807,0,0,0
22.8710,36680,367030544,1808,0,0,0
22.8809,36681,367040544,1770,0,0,0
22.8914,36682,367050544,1712,0,0,0
22.9011,36683,367060544,2064,0,0,0
22.9110,36684,367070544,2793,0,0,0
22.9209,36685,367080544,3424,0,0,0
22.9312,36686,367090544,2128,0,0,0
22.9410,36687,367100544,1591,0,0,0
22.9509,36688,367110544,1447,0,0,0
22.9613,36689,367120544,1648,0,0,0
22.9709,36690,367130544,1754,0,0,0
22.9811,36691,367140544,1745,0,0,0
22.9910,36692,367150544,1774,0,0,0
23.0011,36693,367160544,1782,0,0,0
23.0109,36694,367170544,1805,0,0,0
23.0210,36695,367180544,1806,0,0,0
23.0310,36696,367190544,1829,0,0,0
23.0411,36697,367200544,1831,0,0,0
23.0510,36698,367210544,1856,0,0,0
23.0610,36699,367220544,1867,0,0,0
23.0710,36700,367230544,1885,0,0,0
23.0811,36701,367240544,1897,0,0,0
23.0910,36702,367250544,1927,0,0,0
23.1010,36703,367260544,1945,0,0,0
23.1110,36704,367270544,1975,0,0,0
23.1210,36705,367280544,1997,0,0,0
23.1312,36706,367290544,2015,0,0,0
23.1411,36707,367300544,2005,0,0,0
23.1510,36708,367310544,2006,0,0,0
23.1635,36709,367320544,1958,0,0,0
23.1710,36710,367330544,1920,0,0,0
23.1809,36711,367340544,1857,0,0,0
23.1911,36712,367350544,1810,0,0,0
23.2010,36713,367360544,1767,0,0,0
23.2110,36714,367370544,1762,0,0,0
23.2212,36715,367380544,1744,0,0,0
23.2309,36716,367390544,1750,0,0,0
23.2412,36717,367400544,1744,0,0,0
23.2513,36718,367410544,1755,0,0,0
23.2611,36719,367420544,1755,0,0,0
23.2710,36720,367430544,1765,0,0,0
23.2811,36721,367440544,1762,0,0,0
23.2909,36722,367450544,1777,0,0,0
23.3010,36723,367460544,1775,0,0,0
23.3112,36724,367470544,1796,0,0,0
23.3209,36725,367480544,1785,0,0,0
23.3310,36726,367490544,1793,0,0,0
23.3411,36727,367500544,1797,0,0,0
23.3510,36728,367510544,1808,0,0,0
23.3610,36729,367520544,1792,0,0,0
23.3712,36730,367530544,1805,0,0,0
23.3810,36731,367540544,1799,0,0,0
23.3910,36732,367550544,1808,0,0,0
23.4012,36733,367560544,1805,0,0,0
23.4110,36734,367570544,1811,0,0,0
23.4211,36735,367580544,1805,0,0,0
23.4313,36736,367590544,1813,0,0,0
23.4412,36737,367600544,1808,0,0,0
23.4511,36738,367610544,1810,0,0,0
23.4613,36739,367620544,1810,0,0,0
23.4711,36740,367630544,1819,0,0,0
23.4810,36741,367640544,1808,0,0,0
23.4912,36742,367650544,1822,0,0,0
23.5010,36743,367660544,1808,0,0,0
23.5111,36744,367670544,1822,0,0,0
23.5212,36745,367680544,1810,0,0,0
23.5311,36746,367690544,1827,0,0,0
23.5410,36747,367700544,1814,0,0,0
23.5510,36748,367710544,1825,0,0,0
23.5610,36749,367720544,1815,0,0,0
23.5710,36750,367730544,1825,0,0,0
23.5811,36751,367740544,1827,0,0,0
23.5910,36752,367750544,1828,0,0,0
23.6011,36753,367760544,1822,0,0,0
23.6112,36754,367770544,1855,0,0,0
23.6210,36755,367780544,1883,0,0,0
23.6310,36756,367790544,1933,0,0,0
23.6411,36757,367800544,1981,0,0,0
23.6511,36758,367810544,1949,0,0,0
23.6612,36759,367820544,1859,0,0,0
23.6744,36760,367830544,1843,0,0,0
23.6811,36761,367840544,1821,0,0,0
23.6910,36762,367850544,1822,0,0,0
23.7012,36763,367860544,1806,0,0,0
23.7111,36764,367870544,1809,0,0,0
23.7209,36765,367880544,1796,0,0,0
23.7310,36766,367890544,1789,0,0,0
23.7411,36767,367900544,1721,0,0,0
23.7510,36768,367910544,1766,0,0,0
23.7610,36769,367920544,2251,0,0,0
23.7711,36770,367930544,3107,0,0,0
23.7812,36771,367940544,3024,0,0,0
23.7911,36772,367950544,1821,0,0,0
23.8010,36773,367960544,1517,0,0,0
23.8111,36774,367970544,1491,0,0,0
23.8210,36775,367980544,1693,0,0,0
23.8311,36776,367990544,1746,0,0,0
23.8411,36777,368000544,1746,0,0,0
23.8513,36778,368010544,1779,0,0,0
23.8610,36779,368020544,1776,0,0,0
23.8710,36780,368030544,1797,0,0,0
23.8812,36781,368040544,1808,0,0,0
23.8912,36782,368050544,1825,0,0,0
23.9009,36783,368060544,1829,0,0,0
23.9110,36784,368070544,1854,0,0,0
23.9210,36785,368080544,1855,0,0,0
23.9310,36786,368090544,1885,0,0,0
23.9410,36787,368100544,1889,0,0,0
23.9522,36788,368110544,1925,0,0,0
23.9609,36789,368120544,1936,0,0,0
23.9712,36790,368130544,1971,0,0,0
23.9809,36791,368140544,1988,0,0,0
23.9911,36792,368150544,2011,0,0,0
24.0010,36793,368160544,2000,0,0,0
24.0110,36794,368170544,1978,0,0,0
24.0210,36795,368180544,1936,0,0,0
24.0310,36796,368190544,1892,0,0,0
24.0410,36797,368200544,1829,0,0,0
24.0509,36798,368210544,1790,0,0,0
24.0609,36799,368220544,1755,0,0,0
24.0709,36800,368230544,1749,0,0,0
24.0809,36801,368240544,1744,0,0,0
24.0909,36802,368250544,1747,0,0,0
24.1009,36803,368260544,1744,0,0,0
24.1110,36804,368270544,1753,0,0,0
24.1210,36805,368280544,1754,0,0,0
24.1309,36806,368290544,1774,0,0,0
24.1411,36807,368300544,1771,0,0,0
24.1509,36808,368310544,1770,0,0,0
24.1621,36809,368320544,1772,0,0,0
24.1711,36810,368330544,1798,0,0,0
24.1811,36811,368340544,1791,0,0,0
24.1911,36812,368350544,1802,0,0,0
24.2010,36813,368360544,1794,0,0,0
24.2110,36814,368370544,1813,0,0,0
24.2210,36815,368380544,1802,0,0,0
24.2311,36816,368390544,1808,0,0,0
24.2411,36817,368400544,1807,0,0,0
24.2509,36818,368410544,1814,0,0,0
24.2610,36819,368420544,1804,0,0,0
24.2710,36820,368430544,1824,0,0,0
24.2810,36821,368440544,1825,0,0,0
24.2911,36822,368450544,1827,0,0,0
24.3010,36823,368460544,1815,0,0,0
24.3110,36824,368470544,1824,0,0,0
24.3210,36825,368480544,1823,0,0,0
24.3310,36826,368490544,1826,0,0,0
24.3410,36827,368500544,1817,0,0,0
24.3510,36828,368510544,1829,0,0,0
24.3612,36829,368520544,1808,0,0,0
24.3712,36830,368530544,1831,0,0,0
24.3810,36831,368540544,1819,0,0,0
24.3910,36832,368550544,1833,0,0,0
24.4010,36833,368560544,1819,0,0,0
24.4140,36834,368570544,1838,0,0,0
24.4210,36835,368580544,1829,0,0,0
24.4309,36836,368590544,1841,0,0,0
24.4411,36837,368600544,1834,0,0,0
24.4509,36838,368610544,1859,0,0,0
24.4610,36839,368620544,1894,0,0,0
24.4709,36840,368630544,1950,0,0,0
24.4810,36841,368640544,1989,0,0,0
24.4910,36842,368650544,1959,0,0,0
24.5010,36843,368660544,1872,0,0,0
24.5111,36844,368670544,1851,0,0,0
24.5211,36845,368680544,1822,0,0,0
24.5309,36846,368690544,1828,0,0,0
24.5411,36847,368700544,1819,0,0,0
24.5512,36848,368710544,1809,0,0,0
24.5610,36849,368720544,1804,0,0,0
24.5712,36850,368730544,1809,0,0,0
24.5811,36851,368740544,1744,0,0,0
24.5910,36852,368750544,1780,0,0,0
24.6011,36853,368760544,2252,0,0,0
24.6110,36854,368770544,3056,0,0,0
24.6211,36855,368780544,3114,0,0,0
24.6312,36856,368790544,1873,0,0,0
24.6411,36857,368800544,1557,0,0,0
24.6511,36858,368810544,1462,0,0,0
24.6660,36859,368820544,1680,0,0,0
24.6711,36860,368830544,1762,0,0,0
24.6811,36861,368840544,1771,0,0,0
24.6913,36862,368850544,1798,0,0,0
24.7009,36863,368860544,1794,0,0,0
24.7110,36864,368870544,1807,0,0,0
24.7211,36865,368880544,1813,0,0,0
24.7311,36866,368890544,1840,0,0,0
24.7411,36867,368900544,1840,0,0,0
24.7511,36868,368910544,1853,0,0,0
24.7610,36869,368920544,1867,0,0,0
24.7710,36870,368930544,1891,0,0,0
24.7810,36871,368940544,1902,0,0,0
24.7911,36872,368950544,1927,0,0,0
24.8010,36873,368960544,1946,0,0,0
24.8111,36874,368970544,1983,0,0,0
24.8210,36875,368980544,1997,0,0,0
24.8311,36876,368990544,2029,0,0,0
24.8410,36877,369000544,1996,0,0,0
24.8509,36878,369010544,1987,0,0,0
24.8610,36879,369020544,1935,0,0,0
24.8710,36880,369030544,1883,0,0,0
24.8810,36881,369040544,1829,0,0,0
24.8912,36882,369050544,1798,0,0,0
24.9010,36883,369060544,1773,0,0,0
24.9112,36884,369070544,1771,0,0,0
24.9211,36885,369080544,1759,0,0,0
24.9314,36886,369090544,1766,0,0,0
24.9413,36887,369100544,1766,0,0,0
24.9512,36888,369110544,1771,0,0,0
24.9612,36889,369120544,1775,0,0,0
24.9710,36890,369130544,1785,0,0,0
24.9811,36891,369140544,1777,0,0,0
24.9911,36892,369150544,1794,0,0,0
25.0011,36893,369160544,1791,0,0,0
25.0114,36894,369170544,1796,0,0,0
25.0211,36895,369180544,1789,0,0,0
25.0312,36896,369190544,1811,0,0,0
25.0412,36897,369200544,1808,0,0,0
25.0511,36898,369210544,1808,0,0,0
25.0611,36899,369220544,1802,0,0,0
25.0713,36900,369230544,1811,0,0,0
25.0812,36901,369240544,1814,0,0,0
25.0911,36902,369250544,1821,0,0,0
25.1012,36903,369260544,1815,0,0,0
25.1111,36904,369270544,1837,0,0,0
25.1211,36905,369280544,1829,0,0,0
25.1311,36906,369290544,1824,0,0,0
25.1411,36907,369300544,1830,0,0,0
25.1513,36908,369310544,1834,0,0,0
25.1611,36909,369320544,1831,0,0,0
25.1709,36910,369330544,1834,0,0,0
25.1809,36911,369340544,1831,0,0,0
25.1928,36912,369350544,1836,0,0,0
25.2011,36913,369360544,1834,0,0,0
25.2111,36914,369370544,1842,0,0,0
25.2213,36915,369380544,1834,0,0,0
25.2312,36916,369390544,1845,0,0,0
25.2409,36917,369400544,1840,0,0,0
25.2511,36918,369410544,1868,0,0,0
25.2610,36919,369420544,1913,0,0,0
25.2711,36920,369430544,1942,0,0,0
25.2810,36921,369440544,1993,0,0,0
25.2910,36922,369450544,1958,0,0,0
25.3010,36923,369460544,1863,0,0,0
25.3111,36924,369470544,1843,0,0,0
25.3211,36925,369480544,1814,0,0,0
25.3313,36926,369490544,1815,0,0,0
25.3411,36927,369500544,1801,0,0,0
25.3511,36928,369510544,1803,0,0,0
25.3611,36929,369520544,1789,0,0,0
25.3711,36930,369530544,1783,0,0,0
25.3814,36931,369540544,1721,0,0,0
25.3910,36932,369550544,1781,0,0,0
25.4010,36933,369560544,2288,0,0,0
25.4110,36934,369570544,3120,0,0,0
25.4210,36935,369580544,3054,0,0,0
25.4312,36936,369590544,1819,0,0,0
25.4410,36937,369600544,1498,0,0,0
25.4511,36938,369610544,1475,0,0,0
25.4610,36939,369620544,1697,0,0,0
25.4710,36940,369630544,1744,0,0,0
25.4814,36941,369640544,1761,0,0,0
25.4909,36942,369650544,1777,0,0,0
25.5009,36943,369660544,1787,0,0,0
25.5111,36944,369670544,1805,0,0,0
25.5210,36945,369680544,1815,0,0,0
25.5310,36946,369690544,1831,0,0,0
25.5411,36947,369700544,1840,0,0,0
25.5510,36948,369710544,1855,0,0,0
25.5611,36949,369720544,1872,0,0,0
25.5712,36950,369730544,1889,0,0,0
25.5810,36951,369740544,1907,0,0,0
25.5911,36952,369750544,1936,0,0,0
25.6011,36953,369760544,1965,0,0,0
25.6111,36954,369770544,1997,0,0,0
25.6211,36955,369780544,2015,0,0,0
25.6311,36956,369790544,2027,0,0,0
25.6411,36957,369800544,2015,0,0,0
25.6509,36958,369810544,1990,0,0,0
25.6622,36959,369820544,1939,0,0,0
25.6711,36960,369830544,1893,0,0,0
25.6809,36961,369840544,1836,0,0,0
25.6912,36962,369850544,1791,0,0,0
25.7011,36963,369860544,1767,0,0,0
25.7112,36964,369870544,1759,0,0,0
25.7214,36965,369880544,1749,0,0,0
25.7312,36966,369890544,1755,0,0,0
25.7410,36967,369900544,1759,0,0,0
25.7511,36968,369910544,1765,0,0,0
25.7612,36969,369920544,1773,0,0,0
25.7710,36970,369930544,1774,0,0,0
25.7811,36971,369940544,1778,0,0,0
25.7910,36972,369950544,1783,0,0,0
25.8010,36973,369960544,1791,0,0,0
25.8110,36974,369970544,1797,0,0,0
25.8210,36975,369980544,1803,0,0,0
25.8310,36976,369990544,1808,0,0,0
25.8410,36977,370000544,1814,0,0,0
25.8509,36978,370010544,1817,0,0,0
25.8610,36979,370020544,1820,0,0,0
25.8710,36980,370030544,1814,0,0,0
25.8812,36981,370040544,1815,0,0,0
25.8913,36982,370050544,1815,0,0,0
25.9011,36983,370060544,1822,0,0,0
25.9111,36984,370070544,1826,0,0,0
25.9211,36985,370080544,1824,0,0,0
25.9313,36986,370090544,1835,0,0,0
25.9410,36987,370100544,1837,0,0,0
25.9510,36988,370110544,1841,0,0,0
25.9613,36989,370120544,1841,0,0,0
25.9712,36990,370130544,1840,0,0,0
25.9813,36991,370140544,1843,0,0,0
25.9911,36992,370150544,1840,0,0,0
26.0010,36993,370160544,1841,0,0,0
26.0111,36994,370170544,1852,0,0,0
26.0212,36995,370180544,1850,0,0,0
26.0310,36996,370190544,1857,0,0,0
26.0409,36997,370200544,1869,0,0,0
26.0510,36998,370210544,1882,0,0,0
26.0610,36999,370220544,1931,0,0,0
26.0710,37000,370230544,1968,0,0,0
26.0810,37001,370240544,2018,0,0,0
26.0909,37002,370250544,1989,0,0,0
26.1010,37003,370260544,1906,0,0,0
26.1111,37004,370270544,1874,0,0,0
26.1209,37005,370280544,1855,0,0,0
26.1310,37006,370290544,1842,0,0,0
26.1412,37007,370300544,1821,0,0,0
26.1510,37008,370310544,1815,0,0,0
26.1626,37009,370320544,1814,0,0,0
26.1712,37010,370330544,1811,0,0,0
26.1810,37011,370340544,1771,0,0,0
26.1910,37012,370350544,1743,0,0,0
26.2011,37013,370360544,2162,0,0,0
26.2112,37014,370370544,2922,0,0,0
26.2212,37015,370380544,3315,0,0,0
26.2311,37016,370390544,1969,0,0,0
26.2410,37017,370400544,1561,0,0,0
26.2510,37018,370410544,1471,0,0,0
26.2612,37019,370420544,1699,0,0,0
26.2710,37020,370430544,1770,0,0,0
26.2809,37021,370440544,1776,0,0,0
26.2911,37022,370450544,1785,0,0,0
26.3011,37023,370460544,1808,0,0,0
26.3108,37024,370470544,1823,0,0,0
26.3211,37025,370480544,1827,0,0,0
26.3311,37026,370490544,1835,0,0,0
26.3410,37027,370500544,1855,0,0,0
26.3510,37028,370510544,1860,0,0,0
26.3610,37029,370520544,1884,0,0,0
26.3712,37030,370530544,1888,0,0,0
26.3812,37031,370540544,1910,0,0,0
26.3910,37032,370550544,1936,0,0,0
26.4013,37033,370560544,1966,0,0,0
26.4112,37034,370570544,1984,0,0,0
26.4210,37035,370580544,2015,0,0,0
26.4311,37036,370590544,2025,0,0,0
26.4413,37037,370600544,2032,0,0,0
26.4511,37038,370610544,1997,0,0,0
26.4609,37039,370620544,1965,0,0,0
26.4711,37040,370630544,1902,0,0,0
26.4811,37041,370640544,1853,0,0,0
26.4910,37042,370650544,1805,0,0,0
26.5010,37043,370660544,1785,0,0,0
26.5110,37044,370670544,1770,0,0,0
26.5210,37045,370680544,1768,0,0,0
26.5311,37046,370690544,1766,0,0,0
26.5411,37047,370700544,1776,0,0,0
26.5511,37048,370710544,1769,0,0,0
26.5611,37049,370720544,1778,0,0,0
26.5711,37050,370730544,1776,0,0,0
26.5810,37051,370740544,1786,0,0,0
26.5910,37052,370750544,1795,0,0,0
26.6009,37053,370760544,1794,0,0,0
26.6111,37054,370770544,1795,0,0,0
26.6213,37055,370780544,1808,0,0,0
26.6310,37056,370790544,1794,0,0,0
26.6411,37057,370800544,1821,0,0,0
26.6510,37058,370810544,1809,0,0,0
26.6615,37059,370820544,1815,0,0,0
26.6720,37060,370830544,1814,0,0,0
26.6810,37061,370840544,1813,0,0,0
26.6912,37062,370850544,1808,0,0,0
26.7011,37063,370860544,1815,0,0,0
26.7109,37064,370870544,1809,0,0,0
26.7211,37065,370880544,1826,0,0,0
26.7309,37066,370890544,1823,0,0,0
26.7410,37067,370900544,1821,0,0,0
26.7511,37068,370910544,1818,0,0,0
26.7612,37069,370920544,1830,0,0,0
26.7710,37070,370930544,1817,0,0,0
26.7810,37071,370940544,1825,0,0,0
26.7910,37072,370950544,1806,0,0,0
26.8010,37073,370960544,1825,0,0,0
26.8112,37074,370970544,1826,0,0,0
26.8211,37075,370980544,1831,0,0,0
26.8312,37076,370990544,1809,0,0,0
26.8413,37077,371000544,1829,0,0,0
26.8513,37078,371010544,1841,0,0,0
26.8609,37079,371020544,1887,0,0,0
26.8711,37080,371030544,1915,0,0,0
26.8810,37081,371040544,1968,0,0,0
26.8910,37082,371050544,1943,0,0,0
26.9010,37083,371060544,1873,0,0,0
26.9132,37084,371070544,1840,0,0,0
26.9209,37085,371080544,1827,0,0,0
26.9312,37086,371090544,1803,0,0,0
26.9412,37087,371100544,1795,0,0,0
26.9509,37088,371110544,1782,0,0,0
26.9609,37089,371120544,1779,0,0,0
26.9709,37090,371130544,1781,0,0,0
26.9810,37091,371140544,1755,0,0,0
26.9911,37092,371150544,1696,0,0,0
27.0011,37093,371160544,2084,0,0,0
27.0110,37094,371170544,2794,0,0,0
27.0212,37095,371180544,3328,0,0,0
27.0310,37096,371190544,2073,0,0,0
27.0412,37097,371200544,1585,0,0,0
27.0512,37098,371210544,1398,0,0,0
27.0611,37099,371220544,1607,0,0,0
27.0710,37100,371230544,1731,0,0,0
27.0811,37101,371240544,1739,0,0,0
27.0917,37102,371250544,1739,0,0,0
27.1011,37103,371260544,1776,0,0,0
27.1114,37104,371270544,1786,0,0,0
27.1213,37105,371280544,1798,0,0,0
27.1311,37106,371290544,1810,0,0,0
27.1414,37107,371300544,1830,0,0,0
27.1510,37108,371310544,1828,0,0,0
27.1609,37109,371320544,1858,0,0,0
27.1711,37110,371330544,1862,0,0,0
27.1814,37111,371340544,1884,0,0,0
27.1910,37112,371350544,1897,0,0,0
27.2010,37113,371360544,1933,0,0,0
27.2109,37114,371370544,1959,0,0,0
27.2210,37115,371380544,1983,0,0,0
27.2310,37116,371390544,1981,0,0,0
27.2410,37117,371400544,2000,0,0,0
27.2510,37118,371410544,1965,0,0,0
27.2610,37119,371420544,1922,0,0,0
27.2710,37120,371430544,1859,0,0,0
27.2812,37121,371440544,1817,0,0,0
27.2914,37122,371450544,1771,0,0,0
27.3012,37123,371460544,1744,0,0,0
27.3112,37124,371470544,1729,0,0,0
27.3213,37125,371480544,1733,0,0,0
27.3311,37126,371490544,1709,0,0,0
27.3410,37127,371500544,1734,0,0,0
27.3512,37128,371510544,1728,0,0,0
27.3611,37129,371520544,1742,0,0,0
27.3710,37130,371530544,1745,0,0,0
27.3812,37131,371540544,1753,0,0,0
27.3912,37132,371550544,1759,0,0,0
27.4011,37133,371560544,1767,0,0,0
27.4112,37134,371570544,1766,0,0,0
27.4210,37135,371580544,1782,0,0,0
27.4310,37136,371590544,1778,0,0,0
27.4411,37137,371600544,1802,0,0,0
27.4511,37138,371610544,1786,0,0,0
27.4611,37139,371620544,1803,0,0,0
27.4711,37140,371630544,1799,0,0,0
27.4810,37141,371640544,1809,0,0,0
27.4910,37142,371650544,1808,0,0,0
27.5010,37143,371660544,1813,0,0,0
27.5110,37144,371670544,1789,0,0,0
27.5210,37145,371680544,1821,0,0,0
27.5310,37146,371690544,1802,0,0,0
27.5410,37147,371700544,1809,0,0,0
27.5510,37148,371710544,1814,0,0,0
27.5610,37149,371720544,1819,0,0,0
27.5712,37150,371730544,1807,0,0,0
27.5810,37151,371740544,1812,0,0,0
27.5910,37152,371750544,1810,0,0,0
27.6009,37153,371760544,1821,0,0,0
27.6110,37154,371770544,1811,0,0,0
27.6210,37155,371780544,1821,0,0,0
27.6309,37156,371790544,1786,0,0,0
27.6411,37157,371800544,1823,0,0,0
27.6509,37158,371810544,1810,0,0,0
27.6610,37159,371820544,1830,0,0,0
27.6725,37160,371830544,1846,0,0,0
27.6810,37161,371840544,1893,0,0,0
27.6910,37162,371850544,1929,0,0,0
27.7009,37163,371860544,1986,0,0,0
27.7111,37164,371870544,1968,0,0,0
27.7209,37165,371880544,1893,0,0,0
27.7310,37166,371890544,1855,0,0,0
27.7410,37167,371900544,1840,0,0,0
27.7509,37168,371910544,1823,0,0,0
27.7611,37169,371920544,1823,0,0,0
27.7711,37170,371930544,1805,0,0,0
27.7811,37171,371940544,1808,0,0,0
27.7911,37172,371950544,1805,0,0,0
27.8011,37173,371960544,1759,0,0,0
27.8110,37174,371970544,1732,0,0,0
27.8210,37175,371980544,2125,0,0,0
27.8309,37176,371990544,2821,0,0,0
27.8412,37177,372000544,3359,0,0,0
27.8509,37178,372010544,2083,0,0,0
27.8611,37179,372020544,1589,0,0,0
27.8710,37180,372030544,1401,0,0,0
27.8813,37181,372040544,1637,0,0,0
27.8909,37182,372050544,1746,0,0,0
27.9010,37183,372060544,1755,0,0,0
27.9111,37184,372070544,1767,0,0,0
27.9210,37185,372080544,1783,0,0,0
27.9311,37186,372090544,1791,0,0,0
27.9413,37187,372100544,1813,0,0,0
27.9513,37188,372110544,1822,0,0,0
27.9611,37189,372120544,1840,0,0,0
27.9710,37190,372130544,1835,0,0,0
27.9810,37191,372140544,1861,0,0,0
27.9912,37192,372150544,1869,0,0,0
28.0010,37193,372160544,1894,0,0,0
28.0111,37194,372170544,1907,0,0,0
28.0211,37195,372180544,1936,0,0,0
28.0310,37196,372190544,1965,0,0,0
28.0410,37197,372200544,1994,0,0,0
28.0511,37198,372210544,1997,0,0,0
28.0611,37199,372220544,1998,0,0,0
28.0710,37200,372230544,1970,0,0,0
28.0811,37201,372240544,1934,0,0,0
28.0911,37202,372250544,1867,0,0,0
28.1011,37203,372260544,1818,0,0,0
28.1115,37204,372270544,1771,0,0,0
28.1211,37205,372280544,1745,0,0,0
28.1311,37206,372290544,1719,0,0,0
28.1410,37207,372300544,1726,0,0,0
28.1511,37208,372310544,1723,0,0,0
28.1625,37209,372320544,1727,0,0,0
28.1712,37210,372330544,1728,0,0,0
28.1812,37211,372340544,1744,0,0,0
28.1911,37212,372350544,1739,0,0,0
28.2010,37213,372360544,1759,0,0,0
28.2112,37214,372370544,1759,0,0,0
28.2212,37215,372380544,1761,0,0,0
28.2311,37216,372390544,1764,0,0,0
28.2413,37217,372400544,1776,0,0,0
28.2511,37218,372410544,1776,0,0,0
28.2611,37219,372420544,1786,0,0,0
28.2712,37220,372430544,1779,0,0,0
28.2811,37221,372440544,1786,0,0,0
28.2909,37222,372450544,1785,0,0,0
28.3011,37223,372460544,1803,0,0,0
28.3112,37224,372470544,1792,0,0,0
28.3215,37225,372480544,1799,0,0,0
28.3313,37226,372490544,1803,0,0,0
28.3412,37227,372500544,1806,0,0,0
28.3510,37228,372510544,1805,0,0,0
28.3617,37229,372520544,1809,0,0,0
28.3714,37230,372530544,1807,0,0,0
28.3810,37231,372540544,1821,0,0,0
28.3910,37232,372550544,1821,0,0,0
28.4021,37233,372560544,1818,0,0,0
28.4112,37234,372570544,1819,0,0,0
28.4212,37235,372580544,1829,0,0,0
28.4310,37236,372590544,1818,0,0,0
28.4410,37237,372600544,1830,0,0,0
28.4510,37238,372610544,1827,0,0,0
28.4617,37239,372620544,1829,0,0,0
28.4711,37240,372630544,1823,0,0,0
28.4812,37241,372640544,1828,0,0,0
28.4911,37242,372650544,1826,0,0,0
28.5011,37243,372660544,1835,0,0,0
28.5111,37244,372670544,1833,0,0,0
28.5209,37245,372680544,1840,0,0,0
28.5310,37246,372690544,1836,0,0,0
28.5411,37247,372700544,1840,0,0,0
28.5509,37248,372710544,1841,0,0,0
28.5612,37249,372720544,1842,0,0,0
28.5709,37250,372730544,1837,0,0,0
28.5811,37251,372740544,1841,0,0,0
28.5911,37252,372750544,1840,0,0,0
28.6011,37253,372760544,1846,0,0,0
28.6111,37254,372770544,1841,0,0,0
28.6212,37255,372780544,1852,0,0,0
28.6313,37256,372790544,1847,0,0,0
28.6413,37257,372800544,1856,0,0,0
28.6516,37258,372810544,1856,0,0,0
28.6618,37259,372820544,1883,0,0,0
28.6711,37260,372830544,1911,0,0,0
28.6811,37261,372840544,1936,0,0,0
28.6914,37262,372850544,1952,0,0,0
28.7011,37263,372860544,1929,0,0,0
28.7111,37264,372870544,1872,0,0,0
28.7212,37265,372880544,1856,0,0,0
28.7311,37266,372890544,1837,0,0,0
28.7410,37267,372900544,1835,0,0,0
28.7510,37268,372910544,1819,0,0,0
28.7610,37269,372920544,1824,0,0,0
28.7709,37270,372930544,1829,0,0,0
28.7809,37271,372940544,1822,0,0,0
28.7910,37272,372950544,1776,0,0,0
28.8011,37273,372960544,1764,0,0,0
28.8113,37274,372970544,2192,0,0,0
28.8211,37275,372980544,2947,0,0,0
28.8311,37276,372990544,3270,0,0,0
28.8411,37277,373000544,1945,0,0,0
28.8511,37278,373010544,1519,0,0,0
28.8610,37279,373020544,1495,0,0,0
28.8711,37280,373030544,1717,0,0,0
28.8809,37281,373040544,1767,0,0,0
28.8911,37282,373050544,1775,0,0,0
28.9010,37283,373060544,1793,0,0,0
28.9109,37284,373070544,1808,0,0,0
28.9211,37285,373080544,1819,0,0,0
28.9310,37286,373090544,1830,0,0,0
28.9411,37287,373100544,1840,0,0,0
28.9522,37288,373110544,1852,0,0,0
28.9611,37289,373120544,1863,0,0,0
28.9712,37290,373130544,1877,0,0,0
28.9811,37291,373140544,1885,0,0,0
28.9911,37292,373150544,1906,0,0,0
29.0010,37293,373160544,1927,0,0,0
29.0112,37294,373170544,1955,0,0,0
29.0210,37295,373180544,1985,0,0,0
29.0309,37296,373190544,2000,0,0,0
29.0410,37297,373200544,2007,0,0,0
29.0509,37298,373210544,2003,0,0,0
29.0609,37299,373220544,1983,0,0,0
29.0712,37300,373230544,1954,0,0,0
29.0810,37301,373240544,1890,0,0,0
29.0910,37302,373250544,1838,0,0,0
29.1011,37303,373260544,1790,0,0,0
29.1111,37304,373270544,1759,0,0,0
29.1210,37305,373280544,1743,0,0,0
29.1312,37306,373290544,1744,0,0,0
29.1409,37307,373300544,1744,0,0,0
29.1509,37308,373310544,1751,0,0,0
29.1611,37309,373320544,1744,0,0,0
29.1711,37310,373330544,1747,0,0,0
29.1811,37311,373340544,1749,0,0,0
29.1912,37312,373350544,1763,0,0,0
29.2011,37313,373360544,1767,0,0,0
29.2112,37314,373370544,1781,0,0,0
29.2212,37315,373380544,1791,0,0,0
29.2310,37316,373390544,1803,0,0,0
29.2413,37317,373400544,1799,0,0,0
29.2509,37318,373410544,1795,0,0,0
29.2610,37319,373420544,1797,0,0,0
29.2710,37320,373430544,1803,0,0,0
29.2810,37321,373440544,1801,0,0,0
29.2909,37322,373450544,1810,0,0,0
29.3010,37323,373460544,1802,0,0,0
29.3112,37324,373470544,1808,0,0,0
29.3211,37325,373480544,1806,0,0,0
29.3311,37326,373490544,1809,0,0,0
29.3413,37327,373500544,1808,0,0,0
29.3511,37328,373510544,1816,0,0,0
29.3611,37329,373520544,1809,0,0,0
29.3712,37330,373530544,1817,0,0,0
29.3811,37331,373540544,1813,0,0,0
29.3913,37332,373550544,1823,0,0,0
29.4012,37333,373560544,1815,0,0,0
29.4113,37334,373570544,1826,0,0,0
29.4229,37335,373580544,1822,0,0,0
29.4312,37336,373590544,1827,0,0,0
29.4411,37337,373600544,1823,0,0,0
29.4510,37338,373610544,1831,0,0,0
29.4611,37339,373620544,1824,0,0,0
29.4709,37340,373630544,1830,0,0,0
29.4810,37341,373640544,1822,0,0,0
29.4910,37342,373650544,1834,0,0,0
29.5010,37343,373660544,1830,0,0,0
29.5110,37344,373670544,1837,0,0,0
29.5212,37345,373680544,1838,0,0,0
29.5311,37346,373690544,1840,0,0,0
29.5409,37347,373700544,1835,0,0,0
29.5512,37348,373710544,1837,0,0,0
29.5612,37349,373720544,1830,0,0,0
29.5712,37350,373730544,1840,0,0,0
29.5811,37351,373740544,1837,0,0,0
29.5908,37352,373750544,1837,0,0,0
29.6008,37353,373760544,1835,0,0,0
29.6110,37354,373770544,1846,0,0,0
29.6211,37355,373780544,1840,0,0,0
29.6309,37356,373790544,1841,0,0,0
29.6411,37357,373800544,1839,0,0,0
29.6510,37358,373810544,1851,0,0,0
29.6611,37359,373820544,1846,0,0,0
29.6724,37360,373830544,1844,0,0,0
29.6812,37361,373840544,1843,0,0,0
29.6911,37362,373850544,1847,0,0,0
29.7009,37363,373860544,1846,0,0,0
29.7110,37364,373870544,1851,0,0,0
29.7210,37365,373880544,1839,0,0,0
29.7310,37366,373890544,1857,0,0,0
29.7410,37367,373900544,1867,0,0,0
29.7510,37368,373910544,1890,0,0,0
29.7610,37369,373920544,1913,0,0,0
29.7709,37370,373930544,1915,0,0,0
29.7810,37371,373940544,1920,0,0,0
29.7912,37372,373950544,1879,0,0,0
29.8010,37373,373960544,1841,0,0,0
29.8112,37374,373970544,1844,0,0,0
29.8211,37375,373980544,1830,0,0,0
29.8311,37376,373990544,1826,0,0,0
29.8412,37377,374000544,1822,0,0,0
29.8511,37378,374010544,1827,0,0,0
29.8611,37379,374020544,1814,0,0,0
29.8710,37380,374030544,1776,0,0,0
29.8812,37381,374040544,1749,0,0,0
29.8911,37382,374050544,2181,0,0,0
29.9009,37383,374060544,2922,0,0,0
29.9110,37384,374070544,3275,0,0,0
29.9219,37385,374080544,1951,0,0,0
29.9311,37386,374090544,1535,0,0,0
29.9412,37387,374100544,1482,0,0,0
29.9510,37388,374110544,1710,0,0,0
29.9610,37389,374120544,1763,0,0,0
29.9713,37390,374130544,1776,0,0,0
29.9811,37391,374140544,1783,0,0,0
29.9911,37392,374150544,1802,0,0,0
30.0012,37393,374160544,1818,0,0,0
30.0174,37394,374170544,1819,0,0,0
30.0214,37395,374180544,1819,0,0,0
30.0341,37396,374190544,1850,0,0,0
30.0412,37397,374200544,1853,0,0,0
30.0510,37398,374210544,1868,0,0,0
30.0614,37399,374220544,1869,0,0,0
30.0712,37400,374230544,1899,0,0,0
30.0810,37401,374240544,1913,0,0,0
30.0911,37402,374250544,1940,0,0,0
30.1010,37403,374260544,1962,0,0,0
30.1110,37404,374270544,1989,0,0,0
30.1211,37405,374280544,1995,0,0,0
30.1310,37406,374290544,2011,0,0,0
30.1411,37407,374300544,1973,0,0,0
30.1510,37408,374310544,1943,0,0,0
30.1656,37409,374320544,1892,0,0,0
30.1738,37410,374330544,1843,0,0,0
30.1811,37411,374340544,1791,0,0,0
30.2000,37412,374350544,1764,0,0,0
30.2017,37413,374360544,1735,0,0,0
30.2109,37414,374370544,1744,0,0,0
30.2218,37415,374380544,1729,0,0,0
30.2311,37416,374390544,1739,0,0,0
30.2411,37417,374400544,1727,0,0,0
30.2511,37418,374410544,1746,0,0,0
30.2612,37419,374420544,1744,0,0,0
30.2710,37420,374430544,1754,0,0,0
30.2810,37421,374440544,1757,0,0,0
30.2911,37422,374450544,1770,0,0,0
30.3010,37423,374460544,1765,0,0,0
30.3110,37424,374470544,1779,0,0,0
30.3210,37425,374480544,1767,0,0,0
30.3311,37426,374490544,1779,0,0,0
30.3410,37427,374500544,1783,0,0,0
30.3511,37428,374510544,1789,0,0,0
30.3627,37429,374520544,1782,0,0,0
30.3762,37430,374530544,1791,0,0,0
30.3829,37431,374540544,1794,0,0,0
30.3910,37432,374550544,1793,0,0,0
30.4010,37433,374560544,1792,0,0,0
30.4118,37434,374570544,1810,0,0,0
30.4224,37435,374580544,1797,0,0,0
30.4311,37436,374590544,1814,0,0,0
30.4411,37437,374600544,1802,0,0,0
30.4511,37438,374610544,1822,0,0,0
30.4613,37439,374620544,1808,0,0,0
30.4718,37440,374630544,1811,0,0,0
30.4810,37441,374640544,1812,0,0,0
30.4910,37442,374650544,1825,0,0,0
30.5011,37443,374660544,1808,0,0,0
30.5110,37444,374670544,1824,0,0,0
30.5211,37445,374680544,1819,0,0,0
30.5319,37446,374690544,1831,0,0,0
30.5435,37447,374700544,1815,0,0,0
30.5540,37448,374710544,1825,0,0,0
30.5616,37449,374720544,1828,0,0,0
30.5712,37450,374730544,1831,0,0,0
30.5810,37451,374740544,1823,0,0,0
30.5910,37452,374750544,1838,0,0,0
30.6011,37453,374760544,1835,0,0,0
30.6112,37454,374770544,1837,0,0,0
30.6215,37455,374780544,1829,0,0,0
30.6310,37456,374790544,1851,0,0,0
30.6412,37457,374800544,1840,0,0,0
30.6510,37458,374810544,1834,0,0,0
30.6612,37459,374820544,1839,0,0,0
30.6729,37460,374830544,1842,0,0,0
30.6812,37461,374840544,1838,0,0,0
30.6957,37462,374850544,1842,0,0,0
30.7073,37463,374860544,1840,0,0,0
30.7130,37464,374870544,1847,0,0,0
30.7231,37465,374880544,1838,0,0,0
30.7317,37466,374890544,1841,0,0,0
30.7447,37467,374900544,1838,0,0,0
30.7509,37468,374910544,1847,0,0,0
30.7617,37469,374920544,1839,0,0,0
30.7709,37470,374930544,1847,0,0,0
30.7810,37471,374940544,1849,0,0,0
30.7911,37472,374950544,1862,0,0,0
30.8010,37473,374960544,1870,0,0,0
30.8110,37474,374970544,1904,0,0,0
30.8210,37475,374980544,1904,0,0,0
30.8310,37476,374990544,1931,0,0,0
30.8410,37477,375000544,1922,0,0,0
30.8512,37478,375010544,1871,0,0,0
30.8611,37479,375020544,1840,0,0,0
30.8711,37480,375030544,1847,0,0,0
30.8810,37481,375040544,1838,0,0,0
30.8909,37482,375050544,1837,0,0,0
30.9010,37483,375060544,1831,0,0,0
30.9116,37484,375070544,1842,0,0,0
30.9225,37485,375080544,1830,0,0,0
30.9310,37486,375090544,1763,0,0,0
30.9412,37487,375100544,1857,0,0,0
30.9511,37488,375110544,2419,0,0,0
30.9610,37489,375120544,3277,0,0,0
30.9712,37490,375130544,2896,0,0,0
30.9811,37491,375140544,1785,0,0,0
30.9910,37492,375150544,1514,0,0,0
31.0012,37493,375160544,1507,0,0,0
31.0110,37494,375170544,1739,0,0,0
31.0211,37495,375180544,1780,0,0,0
31.0311,37496,375190544,1790,0,0,0
31.0410,37497,375200544,1795,0,0,0
31.0511,37498,375210544,1813,0,0,0
31.0612,37499,375220544,1819,0,0,0
31.0710,37500,375230544,1840,0,0,0
31.0811,37501,375240544,1827,0,0,0
31.0911,37502,375250544,1862,0,0,0
31.1010,37503,375260544,1871,0,0,0
31.1110,37504,375270544,1877,0,0,0
31.1212,37505,375280544,1883,0,0,0
31.1311,37506,375290544,1911,0,0,0
31.1411,37507,375300544,1924,0,0,0
31.1510,37508,375310544,1953,0,0,0
31.1611,37509,375320544,1969,0,0,0
31.1738,37510,375330544,2011,0,0,0
31.1813,37511,375340544,2007,0,0,0
31.1911,37512,375350544,2001,0,0,0
31.2009,37513,375360544,1979,0,0,0
31.2113,37514,375370544,1936,0,0,0
31.2210,37515,375380544,1876,0,0,0
31.2311,37516,375390544,1824,0,0,0
31.2414,37517,375400544,1773,0,0,0
31.2509,37518,375410544,1755,0,0,0
31.2610,37519,375420544,1744,0,0,0
31.2710,37520,375430544,1744,0,0,0
31.2809,37521,375440544,1741,0,0,0
31.2910,37522,375450544,1748,0,0,0
31.3010,37523,375460544,1746,0,0,0
31.3111,37524,375470544,1757,0,0,0
31.3211,37525,375480544,1755,0,0,0
31.3310,37526,375490544,1770,0,0,0
31.3410,37527,375500544,1761,0,0,0
31.3510,37528,375510544,1779,0,0,0
31.3610,37529,375520544,1779,0,0,0
31.3709,37530,375530544,1793,0,0,0
31.3810,37531,375540544,1795,0,0,0
31.3911,37532,375550544,1806,0,0,0
31.4010,37533,375560544,1803,0,0,0
31.4137,37534,375570544,1811,0,0,0
31.4210,37535,375580544,1808,0,0,0
31.4310,37536,375590544,1808,0,0,0
31.4410,37537,375600544,1808,0,0,0
31.4512,37538,375610544,1814,0,0,0
31.4609,37539,375620544,1819,0,0,0
31.4710,37540,375630544,1829,0,0,0
31.4810,37541,375640544,1821,0,0,0
31.4910,37542,375650544,1813,0,0,0
31.5010,37543,375660544,1817,0,0,0
31.5110,37544,375670544,1823,0,0,0
31.5209,37545,375680544,1821,0,0,0
31.5309,37546,375690544,1823,0,0,0
31.5410,37547,375700544,1821,0,0,0
31.5510,37548,375710544,1821,0,0,0
31.5609,37549,375720544,1824,0,0,0
31.5711,37550,375730544,1830,0,0,0
31.5810,37551,375740544,1820,0,0,0
31.5909,37552,375750544,1834,0,0,0
31.6010,37553,375760544,1838,0,0,0
31.6110,37554,375770544,1835,0,0,0
31.6209,37555,375780544,1835,0,0,0
31.6310,37556,375790544,1841,0,0,0
31.6410,37557,375800544,1839,0,0,0
31.6510,37558,375810544,1843,0,0,0
31.6610,37559,375820544,1843,0,0,0
31.6718,37560,375830544,1841,0,0,0
31.6810,37561,375840544,1843,0,0,0
31.6911,37562,375850544,1849,0,0,0
31.7010,37563,375860544,1841,0,0,0
31.7110,37564,375870544,1845,0,0,0
31.7210,37565,375880544,1844,0,0,0
31.7309,37566,375890544,1845,0,0,0
31.7410,37567,375900544,1851,0,0,0
31.7511,37568,375910544,1849,0,0,0
31.7611,37569,375920544,1855,0,0,0
31.7710,37570,375930544,1852,0,0,0
31.7810,37571,375940544,1858,0,0,0
31.7910,37572,375950544,1856,0,0,0
31.8010,37573,375960544,1854,0,0,0
31.8111,37574,375970544,1863,0,0,0
31.8210,37575,375980544,1877,0,0,0
31.8309,37576,375990544,1904,0,0,0
31.8410,37577,376000544,1929,0,0,0
31.8509,37578,376010544,1930,0,0,0
31.8610,37579,376020544,1949,0,0,0
31.8710,37580,376030544,1890,0,0,0
31.8810,37581,376040544,1859,0,0,0
31.8909,37582,376050544,1851,0,0,0
31.9010,37583,376060544,1845,0,0,0
31.9130,37584,376070544,1838,0,0,0
31.9214,37585,376080544,1839,0,0,0
31.9312,37586,376090544,1840,0,0,0
31.9411,37587,376100544,1840,0,0,0
31.9509,37588,376110544,1765,0,0,0
31.9610,37589,376120544,1808,0,0,0
31.9709,37590,376130544,2303,0,0,0
31.9809,37591,376140544,3146,0,0,0
31.9910,37592,376150544,3161,0,0,0
32.0010,37593,376160544,1871,0,0,0
32.0110,37594,376170544,1520,0,0,0
32.0212,37595,376180544,1516,0,0,0
32.0310,37596,376190544,1730,0,0,0
32.0410,37597,376200544,1773,0,0,0
32.0511,37598,376210544,1776,0,0,0
32.0611,37599,376220544,1803,0,0,0
32.0712,37600,376230544,1809,0,0,0
32.0811,37601,376240544,1822,0,0,0
32.0910,37602,376250544,1831,0,0,0
32.1011,37603,376260544,1851,0,0,0
32.1111,37604,376270544,1855,0,0,0
32.1211,37605,376280544,1866,0,0,0
32.1311,37606,376290544,1881,0,0,0
32.1410,37607,376300544,1901,0,0,0
32.1511,37608,376310544,1919,0,0,0
32.1622,37609,376320544,1939,0,0,0
32.1710,37610,376330544,1968,0,0,0
32.1810,37611,376340544,1997,0,0,0
32.1913,37612,376350544,2019,0,0,0
32.2009,37613,376360544,2033,0,0,0
32.2109,37614,376370544,2031,0,0,0
32.2210,37615,376380544,2015,0,0,0
32.2310,37616,376390544,1968,0,0,0
32.2409,37617,376400544,1917,0,0,0
32.2510,37618,376410544,1856,0,0,0
32.2609,37619,376420544,1808,0,0,0
32.2710,37620,376430544,1774,0,0,0
32.2812,37621,376440544,1762,0,0,0
32.2911,37622,376450544,1750,0,0,0
32.3012,37623,376460544,1750,0,0,0
32.3111,37624,376470544,1746,0,0,0
32.3210,37625,376480544,1754,0,0,0
32.3310,37626,376490544,1755,0,0,0
32.3410,37627,376500544,1756,0,0,0
32.3510,37628,376510544,1765,0,0,0
32.3612,37629,376520544,1776,0,0,0
32.3710,37630,376530544,1781,0,0,0
32.3810,37631,376540544,1791,0,0,0
32.3911,37632,376550544,1789,0,0,0
32.4010,37633,376560544,1799,0,0,0
32.4110,37634,376570544,1803,0,0,0
32.4212,37635,376580544,1808,0,0,0
32.4310,37636,376590544,1805,0,0,0
32.4409,37637,376600544,1818,0,0,0
32.4511,37638,376610544,1818,0,0,0
32.4611,37639,376620544,1818,0,0,0
32.4710,37640,376630544,1818,0,0,0
32.4810,37641,376640544,1822,0,0,0
32.4909,37642,376650544,1818,0,0,0
32.5009,37643,376660544,1829,0,0,0
32.5111,37644,376670544,1822,0,0,0
32.5210,37645,376680544,1834,0,0,0
32.5310,37646,376690544,1819,0,0,0
32.5410,37647,376700544,1822,0,0,0
32.5510,37648,376710544,1813,0,0,0
32.5609,37649,376720544,1827,0,0,0
32.5710,37650,376730544,1827,0,0,0
32.5810,37651,376740544,1830,0,0,0
32.5910,37652,376750544,1821,0,0,0
32.6010,37653,376760544,1830,0,0,0
32.6110,37654,376770544,1825,0,0,0
32.6210,37655,376780544,1837,0,0,0
32.6311,37656,376790544,1821,0,0,0
32.6411,37657,376800544,1824,0,0,0
32.6510,37658,376810544,1823,0,0,0
32.6611,37659,376820544,1840,0,0,0
32.6711,37660,376830544,1834,0,0,0
32.6811,37661,376840544,1842,0,0,0
32.6912,37662,376850544,1834,0,0,0
32.7010,37663,376860544,1842,0,0,0
32.7110,37664,376870544,1835,0,0,0
32.7210,37665,376880544,1841,0,0,0
32.7310,37666,376890544,1842,0,0,0
32.7412,37667,376900544,1843,0,0,0
32.7513,37668,376910544,1838,0,0,0
32.7610,37669,376920544,1845,0,0,0
32.7712,37670,376930544,1840,0,0,0
32.7810,37671,376940544,1851,0,0,0
32.7910,37672,376950544,1841,0,0,0
32.8010,37673,376960544,1851,0,0,0
32.8111,37674,376970544,1843,0,0,0
32.8211,37675,376980544,1849,0,0,0
32.8310,37676,376990544,1845,0,0,0
32.8411,37677,377000544,1854,0,0,0
32.8510,37678,377010544,1849,0,0,0
32.8610,37679,377020544,1859,0,0,0
32.8710,37680,377030544,1847,0,0,0
32.8811,37681,377040544,1861,0,0,0
32.8909,37682,377050544,1868,0,0,0
32.9011,37683,377060544,1893,0,0,0
32.9119,37684,377070544,1917,0,0,0
32.9209,37685,377080544,1918,0,0,0
32.9310,37686,377090544,1936,0,0,0
32.9411,37687,377100544,1885,0,0,0
32.9510,37688,377110544,1845,0,0,0
32.9610,37689,377120544,1845,0,0,0
32.9709,37690,377130544,1829,0,0,0
32.9811,37691,377140544,1840,0,0,0
32.9910,37692,377150544,1823,0,0,0
33.0010,37693,377160544,1828,0,0,0
33.0111,37694,377170544,1795,0,0,0
33.0211,37695,377180544,1757,0,0,0
33.0310,37696,377190544,1825,0,0,0
33.0410,37697,377200544,2375,0,0,0
33.0511,37698,377210544,3255,0,0,0
33.0613,37699,377220544,2967,0,0,0
33.0709,37700,377230544,1770,0,0,0
33.0810,37701,377240544,1506,0,0,0
33.0910,37702,377250544,1535,0,0,0
33.1012,37703,377260544,1744,0,0,0
33.1111,37704,377270544,1745,0,0,0
33.1212,37705,377280544,1774,0,0,0
33.1310,37706,377290544,1789,0,0,0
33.1410,37707,377300544,1799,0,0,0
33.1510,37708,377310544,1803,0,0,0
33.1612,37709,377320544,1828,0,0,0
33.1711,37710,377330544,1821,0,0,0
33.1812,37711,377340544,1840,0,0,0
33.1911,37712,377350544,1841,0,0,0
33.2010,37713,377360544,1859,0,0,0
33.2111,37714,377370544,1870,0,0,0
33.2209,37715,377380544,1906,0,0,0
33.2310,37716,377390544,1919,0,0,0
33.2410,37717,377400544,1947,0,0,0
33.2511,37718,377410544,1974,0,0,0
33.2611,37719,377420544,2007,0,0,0
33.2712,37720,377430544,2010,0,0,0
33.2811,37721,377440544,2014,0,0,0
33.2911,37722,377450544,1991,0,0,0
33.3010,37723,377460544,1967,0,0,0
33.3110,37724,377470544,1895,0,0,0
33.3211,37725,377480544,1850,0,0,0
33.3310,37726,377490544,1782,0,0,0
33.3410,37727,377500544,1765,0,0,0
33.3509,37728,377510544,1739,0,0,0
33.3610,37729,377520544,1736,0,0,0
33.3709,37730,377530544,1729,0,0,0
33.3809,37731,377540544,1744,0,0,0
33.3911,37732,377550544,1737,0,0,0
33.4010,37733,377560544,1744,0,0,0
33.4110,37734,377570544,1742,0,0,0
33.4227,37735,377580544,1755,0,0,0
33.4311,37736,377590544,1746,0,0,0
33.4411,37737,377600544,1758,0,0,0
33.4510,37738,377610544,1762,0,0,0
33.4611,37739,377620544,1771,0,0,0
33.4711,37740,377630544,1770,0,0,0
33.4812,37741,377640544,1776,0,0,0
33.4909,37742,377650544,1773,0,0,0
33.5009,37743,377660544,1777,0,0,0
33.5111,37744,377670544,1777,0,0,0
33.5211,37745,377680544,1788,0,0,0
33.5311,37746,377690544,1776,0,0,0
33.5412,37747,377700544,1792,0,0,0
33.5510,37748,377710544,1791,0,0,0
33.5612,37749,377720544,1805,0,0,0
33.5710,37750,377730544,1798,0,0,0
33.5810,37751,377740544,1805,0,0,0
33.5910,37752,377750544,1801,0,0,0
33.6011,37753,377760544,1812,0,0,0
33.6109,37754,377770544,1808,0,0,0
33.6210,37755,377780544,1821,0,0,0
33.6309,37756,377790544,1808,0,0,0
33.6409,37757,377800544,1814,0,0,0
33.6509,37758,377810544,1815,0,0,0
33.6609,37759,377820544,1826,0,0,0
33.6711,37760,377830544,1824,0,0,0
33.6812,37761,377840544,1829,0,0,0
33.6911,37762,377850544,1828,0,0,0
33.7009,37763,377860544,1830,0,0,0
33.7110,37764,377870544,1816,0,0,0
33.7211,37765,377880544,1835,0,0,0
33.7309,37766,377890544,1824,0,0,0
33.7411,37767,377900544,1831,0,0,0
33.7510,37768,377910544,1818,0,0,0
33.7609,37769,377920544,1836,0,0,0
33.7710,37770,377930544,1824,0,0,0
33.7810,37771,377940544,1822,0,0,0
33.7911,37772,377950544,1827,0,0,0
33.8010,37773,377960544,1835,0,0,0
33.8111,37774,377970544,1822,0,0,0
33.8212,37775,377980544,1822,0,0,0
33.8311,37776,377990544,1823,0,0,0
33.8411,37777,378000544,1830,0,0,0
33.8511,37778,378010544,1822,0,0,0
33.8610,37779,378020544,1834,0,0,0
33.8709,37780,378030544,1827,0,0,0
33.8811,37781,378040544,1840,0,0,0
33.8909,37782,378050544,1826,0,0,0
33.9011,37783,378060544,1835,0,0,0
33.9132,37784,378070544,1840,0,0,0
33.9211,37785,378080544,1859,0,0,0
33.9310,37786,378090544,1879,0,0,0
33.9411,37787,378100544,1921,0,0,0
33.9510,37788,378110544,1933,0,0,0
33.9609,37789,378120544,1944,0,0,0
33.9712,37790,378130544,1872,0,0,0
33.9811,37791,378140544,1851,0,0,0
33.9912,37792,378150544,1840,0,0,0
34.0011,37793,378160544,1837,0,0,0
34.0109,37794,378170544,1827,0,0,0
34.0211,37795,378180544,1823,0,0,0
34.0310,37796,378190544,1819,0,0,0
34.0410,37797,378200544,1819,0,0,0
34.0509,37798,378210544,1746,0,0,0
34.0610,37799,378220544,1793,0,0,0
34.0711,37800,378230544,2283,0,0,0
34.0809,37801,378240544,3125,0,0,0
34.0910,37802,378250544,3108,0,0,0
34.1009,37803,378260544,1855,0,0,0
34.1109,37804,378270544,1531,0,0,0
34.1210,37805,378280544,1489,0,0,0
34.1310,37806,378290544,1697,0,0,0
34.1411,37807,378300544,1754,0,0,0
34.1510,37808,378310544,1757,0,0,0
34.1612,37809,378320544,1781,0,0,0
34.1710,37810,378330544,1786,0,0,0
34.1811,37811,378340544,1799,0,0,0
34.1911,37812,378350544,1808,0,0,0
34.2010,37813,378360544,1821,0,0,0
34.2110,37814,378370544,1827,0,0,0
34.2210,37815,378380544,1845,0,0,0
34.2311,37816,378390544,1840,0,0,0
34.2410,37817,378400544,1863,0,0,0
34.2510,37818,378410544,1879,0,0,0
34.2612,37819,378420544,1909,0,0,0
34.2709,37820,378430544,1935,0,0,0
34.2809,37821,378440544,1969,0,0,0
34.2910,37822,378450544,1991,0,0,0
34.3009,37823,378460544,2023,0,0,0
34.3111,37824,378470544,2010,0,0,0
34.3210,37825,378480544,1991,0,0,0
34.3310,37826,378490544,1949,0,0,0
34.3412,37827,378500544,1903,0,0,0
34.3511,37828,378510544,1841,0,0,0
34.3611,37829,378520544,1794,0,0,0
34.3711,37830,378530544,1746,0,0,0
34.3811,37831,378540544,1744,0,0,0
34.3910,37832,378550544,1727,0,0,0
34.4010,37833,378560544,1727,0,0,0
34.4109,37834,378570544,1728,0,0,0
34.4210,37835,378580544,1737,0,0,0
34.4309,37836,378590544,1741,0,0,0
34.4411,37837,378600544,1747,0,0,0
34.4511,37838,378610544,1747,0,0,0
34.4610,37839,378620544,1756,0,0,0
34.4714,37840,378630544,1761,0,0,0
34.4809,37841,378640544,1767,0,0,0
34.4910,37842,378650544,1775,0,0,0
34.5010,37843,378660544,1782,0,0,0
34.5110,37844,378670544,1786,0,0,0
34.5211,37845,378680544,1789,0,0,0
34.5310,37846,378690544,1776,0,0,0
34.5410,37847,378700544,1788,0,0,0
34.5510,37848,378710544,1792,0,0,0
34.5609,37849,378720544,1802,0,0,0
34.5710,37850,378730544,1802,0,0,0
34.5810,37851,378740544,1808,0,0,0
34.5911,37852,378750544,1807,0,0,0
34.6009,37853,378760544,1814,0,0,0
34.6110,37854,378770544,1810,0,0,0
34.6210,37855,378780544,1814,0,0,0
34.6311,37856,378790544,1813,0,0,0
34.6411,37857,378800544,1815,0,0,0
34.6511,37858,378810544,1823,0,0,0
34.6610,37859,378820544,1827,0,0,0
34.6709,37860,378830544,1830,0,0,0
34.6809,37861,378840544,1829,0,0,0
34.6911,37862,378850544,1823,0,0,0
34.7011,37863,378860544,1834,0,0,0
34.7111,37864,378870544,1836,0,0,0
34.7209,37865,378880544,1827,0,0,0
34.7310,37866,378890544,1824,0,0,0
34.7410,37867,378900544,1839,0,0,0
34.7511,37868,378910544,1826,0,0,0
34.7611,37869,378920544,1828,0,0,0
34.7709,37870,378930544,1829,0,0,0
34.7809,37871,378940544,1831,0,0,0
34.7911,37872,378950544,1840,0,0,0
34.8011,37873,378960544,1840,0,0,0
34.8110,37874,378970544,1845,0,0,0
34.8210,37875,378980544,1842,0,0,0
34.8310,37876,378990544,1842,0,0,0
34.8410,37877,379000544,1855,0,0,0
34.8511,37878,379010544,1851,0,0,0
34.8609,37879,379020544,1859,0,0,0
34.8709,37880,379030544,1904,0,0,0
34.8809,37881,379040544,1936,0,0,0
34.8909,37882,379050544,1994,0,0,0
34.9009,37883,379060544,1968,0,0,0
34.9111,37884,379070544,1881,0,0,0
34.9211,37885,379080544,1855,0,0,0
34.9311,37886,379090544,1831,0,0,0
34.9410,37887,379100544,1824,0,0,0
34.9509,37888,379110544,1817,0,0,0
34.9611,37889,379120544,1799,0,0,0
34.9710,37890,379130544,1801,0,0,0
34.9811,37891,379140544,1802,0,0,0
34.9911,37892,379150544,1739,0,0,0
35.0009,37893,379160544,1774,0,0,0
35.0109,37894,379170544,2256,0,0,0
35.0216,37895,379180544,3055,0,0,0
35.0310,37896,379190544,3206,0,0,0
35.0409,37897,379200544,1923,0,0,0
35.0510,37898,379210544,1575,0,0,0
35.0609,37899,379220544,1427,0,0,0
35.0710,37900,379230544,1658,0,0,0
35.0809,37901,379240544,1744,0,0,0
35.0909,37902,379250544,1760,0,0,0
35.1010,37903,379260544,1778,0,0,0
35.1109,37904,379270544,1797,0,0,0
35.1210,37905,379280544,1808,0,0,0
35.1311,37906,379290544,1819,0,0,0
35.1410,37907,379300544,1834,0,0,0
35.1509,37908,379310544,1850,0,0,0
35.1610,37909,379320544,1856,0,0,0
35.1714,37910,379330544,1871,0,0,0
35.1810,37911,379340544,1882,0,0,0
35.1910,37912,379350544,1897,0,0,0
35.2009,37913,379360544,1915,0,0,0
35.2109,37914,379370544,1942,0,0,0
35.2210,37915,379380544,1975,0,0,0
35.2310,37916,379390544,2000,0,0,0
35.2410,37917,379400544,2019,0,0,0
35.2509,37918,379410544,2021,0,0,0
35.2609,37919,379420544,2001,0,0,0
35.2709,37920,379430544,1968,0,0,0
35.2810,37921,379440544,1910,0,0,0
35.2910,37922,379450544,1856,0,0,0
35.3010,37923,379460544,1791,0,0,0
35.3109,37924,379470544,1765,0,0,0
35.3211,37925,379480544,1744,0,0,0
35.3310,37926,379490544,1745,0,0,0
35.3411,37927,379500544,1744,0,0,0
35.3510,37928,379510544,1751,0,0,0
35.3610,37929,379520544,1755,0,0,0
35.3712,37930,379530544,1757,0,0,0
35.3811,37931,379540544,1746,0,0,0
35.3910,37932,379550544,1774,0,0,0
35.4011,37933,379560544,1773,0,0,0
35.4111,37934,379570544,1791,0,0,0
35.4221,37935,379580544,1781,0,0,0
35.4310,37936,379590544,1797,0,0,0
35.4412,37937,379600544,1806,0,0,0
35.4510,37938,379610544,1808,0,0,0
35.4612,37939,379620544,1808,0,0,0
35.4711,37940,379630544,1821,0,0,0
35.4810,37941,379640544,1812,0,0,0
35.4911,37942,379650544,1808,0,0,0
35.5011,37943,379660544,1815,0,0,0
35.5110,37944,379670544,1825,0,0,0
35.5213,37945,379680544,1833,0,0,0
35.5309,37946,379690544,1827,0,0,0
35.5411,37947,379700544,1830,0,0,0
35.5509,37948,379710544,1841,0,0,0
35.5609,37949,379720544,1841,0,0,0
35.5709,37950,379730544,1847,0,0,0
35.5809,37951,379740544,1833,0,0,0
35.5911,37952,379750544,1856,0,0,0
35.6010,37953,379760544,1838,0,0,0
35.6111,37954,379770544,1840,0,0,0
35.6212,37955,379780544,1841,0,0,0
35.6310,37956,379790544,1846,0,0,0
35.6409,37957,379800544,1841,0,0,0
35.6510,37958,379810544,1853,0,0,0
35.6611,37959,379820544,1841,0,0,0
35.6724,37960,379830544,1859,0,0,0
35.6810,37961,379840544,1847,0,0,0
35.6912,37962,379850544,1866,0,0,0
35.7010,37963,379860544,1862,0,0,0
35.7110,37964,379870544,1901,0,0,0
35.7210,37965,379880544,1905,0,0,0
35.7310,37966,379890544,1936,0,0,0
35.7410,37967,379900544,1993,0,0,0
35.7510,37968,379910544,1983,0,0,0
35.7610,37969,379920544,1893,0,0,0
35.7709,37970,379930544,1872,0,0,0
35.7809,37971,379940544,1835,0,0,0
35.7911,37972,379950544,1834,0,0,0
35.8009,37973,379960544,1811,0,0,0
35.8109,37974,379970544,1814,0,0,0
35.8211,37975,379980544,1803,0,0,0
35.8309,37976,379990544,1811,0,0,0
35.8409,37977,380000544,1747,0,0,0
35.8510,37978,380010544,1743,0,0,0
35.8609,37979,380020544,2164,0,0,0
35.8709,37980,380030544,2902,0,0,0
35.8811,37981,380040544,3344,0,0,0
35.8909,37982,380050544,2025,0,0,0
35.9010,37983,380060544,1559,0,0,0
35.9110,37984,380070544,1415,0,0,0
35.9210,37985,380080544,1641,0,0,0
35.9309,37986,380090544,1747,0,0,0
35.9409,37987,380100544,1743,0,0,0
35.9509,37988,380110544,1776,0,0,0
35.9611,37989,380120544,1785,0,0,0
35.9710,37990,380130544,1809,0,0,0
35.9811,37991,380140544,1815,0,0,0
35.9912,37992,380150544,1826,0,0,0
36.0010,37993,380160544,1825,0,0,0
36.0109,37994,380170544,1845,0,0,0
36.0209,37995,380180544,1853,0,0,0
36.0309,37996,380190544,1878,0,0,0
36.0408,37997,380200544,1889,0,0,0
36.0510,37998,380210544,1919,0,0,0
36.0610,37999,380220544,1934,0,0,0
36.0711,38000,380230544,1978,0,0,0
36.0810,38001,380240544,2000,0,0,0
36.0909,38002,380250544,2015,0,0,0
36.1010,38003,380260544,2002,0,0,0
36.1111,38004,380270544,2009,0,0,0
36.1210,38005,380280544,1965,0,0,0
36.1309,38006,380290544,1926,0,0,0
36.1409,38007,380300544,1846,0,0,0
36.1509,38008,380310544,1808,0,0,0
36.1610,38009,380320544,1761,0,0,0
36.1711,38010,380330544,1757,0,0,0
36.1810,38011,380340544,1744,0,0,0
36.1909,38012,380350544,1744,0,0,0
36.2010,38013,380360544,1745,0,0,0
36.2114,38014,380370544,1751,0,0,0
36.2209,38015,380380544,1751,0,0,0
36.2311,38016,380390544,1761,0,0,0
36.2410,38017,380400544,1760,0,0,0
36.2510,38018,380410544,1776,0,0,0
36.2610,38019,380420544,1776,0,0,0
36.2711,38020,380430544,1794,0,0,0
36.2811,38021,380440544,1781,0,0,0
36.2911,38022,380450544,1803,0,0,0
36.3009,38023,380460544,1793,0,0,0
36.3110,38024,380470544,1809,0,0,0
36.3210,38025,380480544,1803,0,0,0
36.3311,38026,380490544,1811,0,0,0
36.3409,38027,380500544,1807,0,0,0
36.3527,38028,380510544,1817,0,0,0
36.3611,38029,380520544,1810,0,0,0
36.3710,38030,380530544,1822,0,0,0
36.3809,38031,380540544,1817,0,0,0
36.3909,38032,380550544,1839,0,0,0
36.4010,38033,380560544,1821,0,0,0
36.4127,38034,380570544,1835,0,0,0
36.4209,38035,380580544,1823,0,0,0
36.4311,38036,380590544,1827,0,0,0
36.4409,38037,380600544,1817,0,0,0
36.4510,38038,380610544,1830,0,0,0
36.4611,38039,380620544,1819,0,0,0
36.4712,38040,380630544,1827,0,0,0
36.4812,38041,380640544,1829,0,0,0
36.4909,38042,380650544,1837,0,0,0
36.5010,38043,380660544,1823,0,0,0
36.5110,38044,380670544,1831,0,0,0
36.5212,38045,380680544,1825,0,0,0
36.5310,38046,380690544,1840,0,0,0
36.5410,38047,380700544,1834,0,0,0
36.5511,38048,380710544,1843,0,0,0
36.5611,38049,380720544,1834,0,0,0
36.5711,38050,380730544,1850,0,0,0
36.5810,38051,380740544,1881,0,0,0
36.5909,38052,380750544,1932,0,0,0
36.6010,38053,380760544,1962,0,0,0
36.6110,38054,380770544,1985,0,0,0
36.6211,38055,380780544,1897,0,0,0
36.6311,38056,380790544,1863,0,0,0
36.6411,38057,380800544,1831,0,0,0
36.6510,38058,380810544,1833,0,0,0
36.6611,38059,380820544,1813,0,0,0
36.6713,38060,380830544,1814,0,0,0
36.6810,38061,380840544,1808,0,0,0
36.6911,38062,380850544,1818,0,0,0
36.7010,38063,380860544,1776,0,0,0
36.7112,38064,380870544,1717,0,0,0
36.7209,38065,380880544,2064,0,0,0
36.7310,38066,380890544,2772,0,0,0
36.7410,38067,380900544,3454,0,0,0
36.7509,38068,380910544,2169,0,0,0
36.7610,38069,380920544,1584,0,0,0
36.7710,38070,380930544,1439,0,0,0
36.7810,38071,380940544,1651,0,0,0
36.7912,38072,380950544,1755,0,0,0
36.8011,38073,380960544,1749,0,0,0
36.8111,38074,380970544,1776,0,0,0
36.8210,38075,380980544,1785,0,0,0
36.8311,38076,380990544,1802,0,0,0
36.8411,38077,381000544,1808,0,0,0
36.8510,38078,381010544,1830,0,0,0
36.8610,38079,381020544,1825,0,0,0
36.8711,38080,381030544,1845,0,0,0
36.8809,38081,381040544,1862,0,0,0
36.8909,38082,381050544,1877,0,0,0
36.9013,38083,381060544,1888,0,0,0
36.9118,38084,381070544,1919,0,0,0
36.9210,38085,381080544,1936,0,0,0
36.9310,38086,381090544,1970,0,0,0
36.9411,38087,381100544,1986,0,0,0
36.9510,38088,381110544,2017,0,0,0
36.9609,38089,381120544,2012,0,0,0
36.9710,38090,381130544,2006,0,0,0
36.9811,38091,381140544,1967,0,0,0
36.9909,38092,381150544,1907,0,0,0
37.0009,38093,381160544,1853,0,0,0
37.0111,38094,381170544,1804,0,0,0
37.0211,38095,381180544,1767,0,0,0
37.0310,38096,381190544,1757,0,0,0
37.0411,38097,381200544,1743,0,0,0
37.0511,38098,381210544,1750,0,0,0
37.0615,38099,381220544,1735,0,0,0
37.0711,38100,381230544,1750,0,0,0
37.0813,38101,381240544,1745,0,0,0
37.0909,38102,381250544,1760,0,0,0
37.1011,38103,381260544,1761,0,0,0
37.1126,38104,381270544,1776,0,0,0
37.1209,38105,381280544,1779,0,0,0
37.1311,38106,381290544,1793,0,0,0
37.1409,38107,381300544,1785,0,0,0
37.1509,38108,381310544,1801,0,0,0
37.1611,38109,381320544,1799,0,0,0
37.1717,38110,381330544,1801,0,0,0
37.1810,38111,381340544,1799,0,0,0
37.1911,38112,381350544,1806,0,0,0
37.2009,38113,381360544,1803,0,0,0
37.2110,38114,381370544,1812,0,0,0
37.2213,38115,381380544,1814,0,0,0
37.2313,38116,381390544,1814,0,0,0
37.2409,38117,381400544,1810,0,0,0
37.2510,38118,381410544,1818,0,0,0
37.2611,38119,381420544,1811,0,0,0
37.2710,38120,381430544,1823,0,0,0
37.2811,38121,381440544,1820,0,0,0
37.2912,38122,381450544,1827,0,0,0
37.3011,38123,381460544,1824,0,0,0
37.3111,38124,381470544,1831,0,0,0
37.3211,38125,381480544,1827,0,0,0
37.3311,38126,381490544,1834,0,0,0
37.3410,38127,381500544,1818,0,0,0
37.3514,38128,381510544,1835,0,0,0
37.3611,38129,381520544,1825,0,0,0
37.3711,38130,381530544,1839,0,0,0
37.3809,38131,381540544,1825,0,0,0
37.3911,38132,381550544,1827,0,0,0
37.4010,38133,381560544,1823,0,0,0
37.4111,38134,381570544,1827,0,0,0
37.4210,38135,381580544,1833,0,0,0
37.4308,38136,381590544,1842,0,0,0
37.4411,38137,381600544,1840,0,0,0
37.4512,38138,381610544,1840,0,0,0
37.4611,38139,381620544,1843,0,0,0
37.4711,38140,381630544,1854,0,0,0
37.4812,38141,381640544,1847,0,0,0
37.4914,38142,381650544,1888,0,0,0
37.5010,38143,381660544,1936,0,0,0
37.5109,38144,381670544,1973,0,0,0
37.5209,38145,381680544,1988,0,0,0
37.5309,38146,381690544,1904,0,0,0
37.5409,38147,381700544,1863,0,0,0
37.5511,38148,381710544,1847,0,0,0
37.5611,38149,381720544,1831,0,0,0
37.5715,38150,381730544,1823,0,0,0
37.5811,38151,381740544,1802,0,0,0
37.5910,38152,381750544,1801,0,0,0
37.6010,38153,381760544,1799,0,0,0
37.6109,38154,381770544,1772,0,0,0
37.6211,38155,381780544,1710,0,0,0
37.6310,38156,381790544,2064,0,0,0
37.6412,38157,381800544,2774,0,0,0
37.6511,38158,381810544,3419,0,0,0
37.6613,38159,381820544,2117,0,0,0
37.6710,38160,381830544,1583,0,0,0
37.6811,38161,381840544,1418,0,0,0
37.6909,38162,381850544,1623,0,0,0
37.7010,38163,381860544,1730,0,0,0
37.7108,38164,381870544,1744,0,0,0
37.7213,38165,381880544,1758,0,0,0
37.7309,38166,381890544,1781,0,0,0
37.7420,38167,381900544,1792,0,0,0
37.7509,38168,381910544,1807,0,0,0
37.7609,38169,381920544,1815,0,0,0
37.7709,38170,381930544,1826,0,0,0
37.7809,38171,381940544,1842,0,0,0
37.7909,38172,381950544,1851,0,0,0
37.8009,38173,381960544,1855,0,0,0
37.8110,38174,381970544,1872,0,0,0
37.8209,38175,381980544,1900,0,0,0
37.8311,38176,381990544,1934,0,0,0
37.8412,38177,382000544,1951,0,0,0
37.8511,38178,382010544,1985,0,0,0
37.8611,38179,382020544,2001,0,0,0
37.8711,38180,382030544,2013,0,0,0
37.8810,38181,382040544,1995,0,0,0
37.8909,38182,382050544,1959,0,0,0
37.9010,38183,382060544,1916,0,0,0
37.9116,38184,382070544,1857,0,0,0
37.9212,38185,382080544,1801,0,0,0
37.9313,38186,382090544,1765,0,0,0
37.9412,38187,382100544,1744,0,0,0
37.9510,38188,382110544,1741,0,0,0
37.9612,38189,382120544,1743,0,0,0
37.9712,38190,382130544,1731,0,0,0
37.9812,38191,382140544,1738,0,0,0
37.9910,38192,382150544,1754,0,0,0
38.0010,38193,382160544,1773,0,0,0
38.0109,38194,382170544,1742,0,0,0
38.0214,38195,382180544,1762,0,0,0
38.0309,38196,382190544,1756,0,0,0
38.0410,38197,382200544,1771,0,0,0
38.0510,38198,382210544,1776,0,0,0
38.0609,38199,382220544,1794,0,0,0
38.0711,38200,382230544,1789,0,0,0
38.0810,38201,382240544,1793,0,0,0
38.0909,38202,382250544,1799,0,0,0
38.1010,38203,382260544,1807,0,0,0
38.1111,38204,382270544,1805,0,0,0
38.1210,38205,382280544,1810,0,0,0
38.1310,38206,382290544,1808,0,0,0
38.1412,38207,382300544,1809,0,0,0
38.1510,38208,382310544,1806,0,0,0
38.1614,38209,382320544,1814,0,0,0
38.1710,38210,382330544,1819,0,0,0
38.1810,38211,382340544,1818,0,0,0
38.1911,38212,382350544,1815,0,0,0
38.2011,38213,382360544,1819,0,0,0
38.2110,38214,382370544,1815,0,0,0
38.2211,38215,382380544,1824,0,0,0
38.2311,38216,382390544,1821,0,0,0
38.2414,38217,382400544,1822,0,0,0
38.2512,38218,382410544,1831,0,0,0
38.2616,38219,382420544,1834,0,0,0
38.2711,38220,382430544,1833,0,0,0
38.2811,38221,382440544,1830,0,0,0
38.2910,38222,382450544,1831,0,0,0
38.3010,38223,382460544,1840,0,0,0
38.3110,38224,382470544,1838,0,0,0
38.3211,38225,382480544,1837,0,0,0
38.3311,38226,382490544,1839,0,0,0
38.3410,38227,382500544,1842,0,0,0
38.3513,38228,382510544,1840,0,0,0
38.3612,38229,382520544,1845,0,0,0
38.3712,38230,382530544,1850,0,0,0
38.3815,38231,382540544,1879,0,0,0
38.3910,38232,382550544,1920,0,0,0
38.4010,38233,382560544,1969,0,0,0
38.4111,38234,382570544,1988,0,0,0
38.4209,38235,382580544,1919,0,0,0
38.4310,38236,382590544,1873,0,0,0
38.4414,38237,382600544,1854,0,0,0
38.4511,38238,382610544,1838,0,0,0
38.4614,38239,382620544,1838,0,0,0
38.4710,38240,382630544,1826,0,0,0
38.4809,38241,382640544,1825,0,0,0
38.4910,38242,382650544,1810,0,0,0
38.5010,38243,382660544,1805,0,0,0
38.5110,38244,382670544,1712,0,0,0
38.5211,38245,382680544,1972,0,0,0
38.5309,38246,382690544,2609,0,0,0
38.5409,38247,382700544,3455,0,0,0
38.5510,38248,382710544,2470,0,0,0
38.5609,38249,382720544,1671,0,0,0
38.5709,38250,382730544,1410,0,0,0
38.5810,38251,382740544,1553,0,0,0
38.5911,38252,382750544,1742,0,0,0
38.6011,38253,382760544,1761,0,0,0
38.6112,38254,382770544,1776,0,0,0
38.6211,38255,382780544,1802,0,0,0
38.6310,38256,382790544,1807,0,0,0
38.6413,38257,382800544,1821,0,0,0
38.6512,38258,382810544,1827,0,0,0
38.6620,38259,382820544,1842,0,0,0
38.6713,38260,382830544,1855,0,0,0
38.6812,38261,382840544,1874,0,0,0
38.6910,38262,382850544,1882,0,0,0
38.7010,38263,382860544,1901,0,0,0
38.7111,38264,382870544,1903,0,0,0
38.7210,38265,382880544,1935,0,0,0
38.7311,38266,382890544,1963,0,0,0
38.7411,38267,382900544,1997,0,0,0
38.7510,38268,382910544,2002,0,0,0
38.7611,38269,382920544,2011,0,0,0
38.7710,38270,382930544,1989,0,0,0
38.7809,38271,382940544,1974,0,0,0
38.7910,38272,382950544,1919,0,0,0
38.8009,38273,382960544,1870,0,0,0
38.8110,38274,382970544,1814,0,0,0
38.8211,38275,382980544,1783,0,0,0
38.8311,38276,382990544,1750,0,0,0
38.8412,38277,383000544,1749,0,0,0
38.8512,38278,383010544,1747,0,0,0
38.8611,38279,383020544,1752,0,0,0
38.8711,38280,383030544,1744,0,0,0
38.8811,38281,383040544,1761,0,0,0
38.8916,38282,383050544,1759,0,0,0
38.9024,38283,383060544,1773,0,0,0
38.9111,38284,383070544,1776,0,0,0
38.9211,38285,383080544,1786,0,0,0
38.9311,38286,383090544,1779,0,0,0
38.9413,38287,383100544,1791,0,0,0
38.9511,38288,383110544,1787,0,0,0
38.9612,38289,383120544,1807,0,0,0
38.9710,38290,383130544,1799,0,0,0
38.9810,38291,383140544,1806,0,0,0
38.9912,38292,383150544,1802,0,0,0
39.0009,38293,383160544,1808,0,0,0
39.0109,38294,383170544,1805,0,0,0
39.0209,38295,383180544,1811,0,0,0
39.0310,38296,383190544,1804,0,0,0
39.0410,38297,383200544,1806,0,0,0
39.0509,38298,383210544,1806,0,0,0
39.0611,38299,383220544,1809,0,0,0
39.0717,38300,383230544,1808,0,0,0
39.0812,38301,383240544,1821,0,0,0
39.0914,38302,383250544,1810,0,0,0
39.1010,38303,383260544,1823,0,0,0
39.1111,38304,383270544,1819,0,0,0
39.1213,38305,383280544,1826,0,0,0
39.1309,38306,383290544,1825,0,0,0
39.1410,38307,383300544,1838,0,0,0
39.1513,38308,383310544,1827,0,0,0
39.1615,38309,383320544,1846,0,0,0
39.1710,38310,383330544,1837,0,0,0
39.1812,38311,383340544,1845,0,0,0
39.1910,38312,383350544,1837,0,0,0
39.2011,38313,383360544,1843,0,0,0
39.2111,38314,383370544,1838,0,0,0
39.2212,38315,383380544,1851,0,0,0
39.2312,38316,383390544,1845,0,0,0
39.2412,38317,383400544,1853,0,0,0
39.2511,38318,383410544,1846,0,0,0
39.2612,38319,383420544,1856,0,0,0
39.2710,38320,383430544,1847,0,0,0
39.2810,38321,383440544,1858,0,0,0
39.2908,38322,383450544,1874,0,0,0
39.3012,38323,383460544,1937,0,0,0
39.3110,38324,383470544,1959,0,0,0
39.3211,38325,383480544,2000,0,0,0
39.3311,38326,383490544,1922,0,0,0
39.3410,38327,383500544,1878,0,0,0
39.3512,38328,383510544,1857,0,0,0
39.3611,38329,383520544,1847,0,0,0
39.3710,38330,383530544,1834,0,0,0
39.3810,38331,383540544,1830,0,0,0
39.3910,38332,383550544,1815,0,0,0
39.4013,38333,383560544,1822,0,0,0
39.4111,38334,383570544,1789,0,0,0
39.4213,38335,383580544,1714,0,0,0
39.4309,38336,383590544,1968,0,0,0
39.4410,38337,383600544,2628,0,0,0
39.4509,38338,383610544,3489,0,0,0
39.4610,38339,383620544,2427,0,0,0
39.4709,38340,383630544,1630,0,0,0
39.4811,38341,383640544,1426,0,0,0
39.4909,38342,383650544,1600,0,0,0
39.5009,38343,383660544,1744,0,0,0
39.5110,38344,383670544,1744,0,0,0
39.5209,38345,383680544,1777,0,0,0
39.5310,38346,383690544,1777,0,0,0
39.5411,38347,383700544,1807,0,0,0
39.5510,38348,383710544,1805,0,0,0
39.5610,38349,383720544,1826,0,0,0
39.5710,38350,383730544,1819,0,0,0
39.5810,38351,383740544,1840,0,0,0
39.5911,38352,383750544,1855,0,0,0
39.6009,38353,383760544,1881,0,0,0
39.6110,38354,383770544,1885,0,0,0
39.6210,38355,383780544,1919,0,0,0
39.6312,38356,383790544,1926,0,0,0
39.6412,38357,383800544,1968,0,0,0
39.6512,38358,383810544,1987,0,0,0
39.6609,38359,383820544,2013,0,0,0
39.6716,38360,383830544,2012,0,0,0
39.6810,38361,383840544,2002,0,0,0
39.6909,38362,383850544,1971,0,0,0
39.7009,38363,383860544,1934,0,0,0
39.7108,38364,383870544,1863,0,0,0
39.7210,38365,383880544,1818,0,0,0
39.7308,38366,383890544,1770,0,0,0
39.7410,38367,383900544,1759,0,0,0
39.7510,38368,383910544,1733,0,0,0
39.7609,38369,383920544,1741,0,0,0
39.7709,38370,383930544,1738,0,0,0
39.7809,38371,383940544,1744,0,0,0
39.7909,38372,383950544,1744,0,0,0
39.8009,38373,383960544,1750,0,0,0
39.8109,38374,383970544,1745,0,0,0
39.8211,38375,383980544,1763,0,0,0
39.8309,38376,383990544,1759,0,0,0
39.8411,38377,384000544,1776,0,0,0
39.8514,38378,384010544,1776,0,0,0
39.8613,38379,384020544,1791,0,0,0
39.8712,38380,384030544,1781,0,0,0
39.8811,38381,384040544,1789,0,0,0
39.8912,38382,384050544,1785,0,0,0
39.9011,38383,384060544,1802,0,0,0
39.9141,38384,384070544,1794,0,0,0
39.9212,38385,384080544,1805,0,0,0
39.9313,38386,384090544,1792,0,0,0
39.9413,38387,384100544,1798,0,0,0
39.9510,38388,384110544,1795,0,0,0
39.9611,38389,384120544,1806,0,0,0
39.9711,38390,384130544,1803,0,0,0
39.9812,38391,384140544,1808,0,0,0
39.9913,38392,384150544,1808,0,0,0
40.0011,38393,384160544,1817,0,0,0
40.0126,38394,384170544,1806,0,0,0
40.0211,38395,384180544,1815,0,0,0
40.0311,38396,384190544,1814,0,0,0
40.0411,38397,384200544,1823,0,0,0
40.0511,38398,384210544,1815,0,0,0
40.0627,38399,384220544,1824,0,0,0
40.0710,38400,384230544,1823,0,0,0
40.0811,38401,384240544,1829,0,0,0
40.0911,38402,384250544,1821,0,0,0
40.1011,38403,384260544,1833,0,0,0
40.1122,38404,384270544,1827,0,0,0
40.1214,38405,384280544,1835,0,0,0
40.1311,38406,384290544,1824,0,0,0
40.1412,38407,384300544,1840,0,0,0
40.1510,38408,384310544,1839,0,0,0
40.1665,38409,384320544,1840,0,0,0
40.1743,38410,384330544,1834,0,0,0
40.1810,38411,384340544,1846,0,0,0
40.1959,38412,384350544,1840,0,0,0
40.2059,38413,384360544,1853,0,0,0
40.2111,38414,384370544,1845,0,0,0
40.2261,38415,384380544,1852,0,0,0
40.2317,38416,384390544,1849,0,0,0
40.2411,38417,384400544,1850,0,0,0
40.2511,38418,384410544,1858,0,0,0
40.2611,38419,384420544,1898,0,0,0
40.2710,38420,384430544,1946,0,0,0
40.2812,38421,384440544,1968,0,0,0
40.2910,38422,384450544,1971,0,0,0
40.3010,38423,384460544,1895,0,0,0
40.3110,38424,384470544,1862,0,0,0
40.3210,38425,384480544,1840,0,0,0
40.3309,38426,384490544,1827,0,0,0
40.3410,38427,384500544,1839,0,0,0
40.3528,38428,384510544,1818,0,0,0
40.3610,38429,384520544,1822,0,0,0
40.3768,38430,384530544,1815,0,0,0
40.3837,38431,384540544,1775,0,0,0
40.3910,38432,384550544,1740,0,0,0
40.4061,38433,384560544,2137,0,0,0
40.4109,38434,384570544,2887,0,0,0
40.4214,38435,384580544,3395,0,0,0
40.4309,38436,384590544,2023,0,0,0
40.4411,38437,384600544,1579,0,0,0
40.4510,38438,384610544,1475,0,0,0
40.4611,38439,384620544,1689,0,0,0
40.4712,38440,384630544,1753,0,0,0
40.4813,38441,384640544,1757,0,0,0
40.4910,38442,384650544,1777,0,0,0
40.5009,38443,384660544,1795,0,0,0
40.5111,38444,384670544,1795,0,0,0
40.5214,38445,384680544,1816,0,0,0
40.5320,38446,384690544,1826,0,0,0
40.5410,38447,384700544,1850,0,0,0
40.5509,38448,384710544,1859,0,0,0
40.5622,38449,384720544,1869,0,0,0
40.5710,38450,384730544,1873,0,0,0
40.5875,38451,384740544,1904,0,0,0
40.5909,38452,384750544,1919,0,0,0
40.6018,38453,384760544,1949,0,0,0
40.6110,38454,384770544,1968,0,0,0
40.6211,38455,384780544,2000,0,0,0
40.6310,38456,384790544,2004,0,0,0
40.6409,38457,384800544,2016,0,0,0
40.6509,38458,384810544,1995,0,0,0
40.6636,38459,384820544,1967,0,0,0
40.6709,38460,384830544,1919,0,0,0
40.6809,38461,384840544,1872,0,0,0
40.6936,38462,384850544,1807,0,0,0
40.7014,38463,384860544,1781,0,0,0
40.7159,38464,384870544,1761,0,0,0
40.7210,38465,384880544,1755,0,0,0
40.7358,38466,384890544,1744,0,0,0
40.7411,38467,384900544,1755,0,0,0
40.7510,38468,384910544,1750,0,0,0
40.7610,38469,384920544,1761,0,0,0
40.7710,38470,384930544,1758,0,0,0
40.7812,38471,384940544,1774,0,0,0
40.7920,38472,384950544,1776,0,0,0
40.8010,38473,384960544,1782,0,0,0
40.8111,38474,384970544,1777,0,0,0
40.8211,38475,384980544,1790,0,0,0
40.8311,38476,384990544,1792,0,0,0
40.8412,38477,385000544,1801,0,0,0
40.8509,38478,385010544,1797,0,0,0
40.8611,38479,385020544,1803,0,0,0
40.8711,38480,385030544,1793,0,0,0
40.8811,38481,385040544,1802,0,0,0
40.8910,38482,385050544,1797,0,0,0
40.9011,38483,385060544,1804,0,0,0
40.9111,38484,385070544,1804,0,0,0
40.9232,38485,385080544,1809,0,0,0
40.9310,38486,385090544,1808,0,0,0
40.9412,38487,385100544,1818,0,0,0
40.9511,38488,385110544,1814,0,0,0
40.9610,38489,385120544,1819,0,0,0
40.9710,38490,385130544,1813,0,0,0
40.9810,38491,385140544,1817,0,0,0
40.9911,38492,385150544,1824,0,0,0
41.0010,38493,385160544,1821,0,0,0
41.0109,38494,385170544,1811,0,0,0
41.0210,38495,385180544,1811,0,0,0
41.0309,38496,385190544,1813,0,0,0
41.0410,38497,385200544,1824,0,0,0
41.0510,38498,385210544,1824,0,0,0
41.0610,38499,385220544,1826,0,0,0
41.0710,38500,385230544,1808,0,0,0
41.0810,38501,385240544,1819,0,0,0
41.0910,38502,385250544,1815,0,0,0
41.1012,38503,385260544,1818,0,0,0
41.1109,38504,385270544,1809,0,0,0
41.1210,38505,385280544,1819,0,0,0
41.1309,38506,385290544,1821,0,0,0
41.1410,38507,385300544,1824,0,0,0
41.1510,38508,385310544,1825,0,0,0
41.1615,38509,385320544,1830,0,0,0
41.1723,38510,385330544,1837,0,0,0
41.1809,38511,385340544,1840,0,0,0
41.1910,38512,385350544,1839,0,0,0
41.2010,38513,385360544,1846,0,0,0
41.2111,38514,385370544,1845,0,0,0
41.2209,38515,385380544,1856,0,0,0
41.2310,38516,385390544,1873,0,0,0
41.2410,38517,385400544,1931,0,0,0
41.2510,38518,385410544,1961,0,0,0
41.2610,38519,385420544,1996,0,0,0
41.2709,38520,385430544,1925,0,0,0
41.2809,38521,385440544,1872,0,0,0
41.2910,38522,385450544,1846,0,0,0
41.3012,38523,385460544,1838,0,0,0
41.3110,38524,385470544,1826,0,0,0
41.3211,38525,385480544,1815,0,0,0
41.3311,38526,385490544,1815,0,0,0
41.3410,38527,385500544,1815,0,0,0
41.3509,38528,385510544,1795,0,0,0
41.3611,38529,385520544,1712,0,0,0
41.3710,38530,385530544,1936,0,0,0
41.3810,38531,385540544,2551,0,0,0
41.3910,38532,385550544,3450,0,0,0
41.4011,38533,385560544,2471,0,0,0
41.4121,38534,385570544,1655,0,0,0
41.4211,38535,385580544,1431,0,0,0
41.4309,38536,385590544,1562,0,0,0
41.4410,38537,385600544,1740,0,0,0
41.4510,38538,385610544,1735,0,0,0
41.4611,38539,385620544,1747,0,0,0
41.4710,38540,385630544,1775,0,0,0
41.4810,38541,385640544,1783,0,0,0
41.4909,38542,385650544,1802,0,0,0
41.5009,38543,385660544,1810,0,0,0
41.5110,38544,385670544,1833,0,0,0
41.5209,38545,385680544,1840,0,0,0
41.5309,38546,385690544,1855,0,0,0
41.5410,38547,385700544,1867,0,0,0
41.5509,38548,385710544,1879,0,0,0
41.5609,38549,385720544,1904,0,0,0
41.5710,38550,385730544,1927,0,0,0
41.5810,38551,385740544,1956,0,0,0
41.5910,38552,385750544,1970,0,0,0
41.6010,38553,385760544,2003,0,0,0
41.6109,38554,385770544,2003,0,0,0
41.6210,38555,385780544,2000,0,0,0
41.6310,38556,385790544,1977,0,0,0
41.6411,38557,385800544,1935,0,0,0
41.6509,38558,385810544,1872,0,0,0
41.6636,38559,385820544,1824,0,0,0
41.6710,38560,385830544,1787,0,0,0
41.6814,38561,385840544,1770,0,0,0
41.6910,38562,385850544,1753,0,0,0
41.7009,38563,385860544,1744,0,0,0
41.7110,38564,385870544,1749,0,0,0
41.7210,38565,385880544,1755,0,0,0
41.7310,38566,385890544,1765,0,0,0
41.7410,38567,385900544,1773,0,0,0
41.7510,38568,385910544,1778,0,0,0
41.7610,38569,385920544,1777,0,0,0
41.7709,38570,385930544,1799,0,0,0
41.7812,38571,385940544,1798,0,0,0
41.7910,38572,385950544,1807,0,0,0
41.8010,38573,385960544,1807,0,0,0
41.8111,38574,385970544,1804,0,0,0
41.8211,38575,385980544,1808,0,0,0
41.8309,38576,385990544,1810,0,0,0
41.8410,38577,386000544,1815,0,0,0
41.8510,38578,386010544,1808,0,0,0
41.8610,38579,386020544,1811,0,0,0
41.8711,38580,386030544,1822,0,0,0
41.8809,38581,386040544,1808,0,0,0
41.8910,38582,386050544,1818,0,0,0
41.9009,38583,386060544,1826,0,0,0
41.9150,38584,386070544,1828,0,0,0
41.9220,38585,386080544,1822,0,0,0
41.9310,38586,386090544,1827,0,0,0
41.9411,38587,386100544,1822,0,0,0
41.9511,38588,386110544,1826,0,0,0
41.9610,38589,386120544,1829,0,0,0
41.9710,38590,386130544,1829,0,0,0
41.9810,38591,386140544,1834,0,0,0
41.9909,38592,386150544,1823,0,0,0
42.0009,38593,386160544,1830,0,0,0
42.0111,38594,386170544,1841,0,0,0
42.0211,38595,386180544,1827,0,0,0
42.0310,38596,386190544,1828,0,0,0
42.0411,38597,386200544,1825,0,0,0
42.0510,38598,386210544,1830,0,0,0
42.0609,38599,386220544,1829,0,0,0
42.0710,38600,386230544,1829,0,0,0
42.0810,38601,386240544,1827,0,0,0
42.0910,38602,386250544,1826,0,0,0
42.1010,38603,386260544,1827,0,0,0
42.1110,38604,386270544,1827,0,0,0
42.1211,38605,386280544,1825,0,0,0
42.1311,38606,386290544,1843,0,0,0
42.1411,38607,386300544,1840,0,0,0
42.1510,38608,386310544,1845,0,0,0
42.1631,38609,386320544,1863,0,0,0
42.1712,38610,386330544,1904,0,0,0
42.1811,38611,386340544,1936,0,0,0
42.1911,38612,386350544,1991,0,0,0
42.2009,38613,386360544,1966,0,0,0
42.2111,38614,386370544,1887,0,0,0
42.2212,38615,386380544,1858,0,0,0
42.2310,38616,386390544,1838,0,0,0
42.2410,38617,386400544,1833,0,0,0
42.2509,38618,386410544,1826,0,0,0
42.2609,38619,386420544,1811,0,0,0
42.2711,38620,386430544,1808,0,0,0
42.2809,38621,386440544,1805,0,0,0
42.2910,38622,386450544,1744,0,0,0
42.3011,38623,386460544,1756,0,0,0
42.3110,38624,386470544,2209,0,0,0
42.3211,38625,386480544,2991,0,0,0
42.3311,38626,386490544,3291,0,0,0
42.3410,38627,386500544,1965,0,0,0
42.3510,38628,386510544,1583,0,0,0
42.3611,38629,386520544,1423,0,0,0
42.3711,38630,386530544,1651,0,0,0
42.3810,38631,386540544,1743,0,0,0
42.3910,38632,386550544,1754,0,0,0
42.4009,38633,386560544,1775,0,0,0
42.4110,38634,386570544,1793,0,0,0
42.4231,38635,386580544,1808,0,0,0
42.4309,38636,386590544,1826,0,0,0
42.4410,38637,386600544,1829,0,0,0
42.4511,38638,386610544,1845,0,0,0
42.4610,38639,386620544,1851,0,0,0
42.4710,38640,386630544,1872,0,0,0
42.4810,38641,386640544,1879,0,0,0
42.4909,38642,386650544,1902,0,0,0
42.5010,38643,386660544,1919,0,0,0
42.5111,38644,386670544,1946,0,0,0
42.5209,38645,386680544,1964,0,0,0
42.5310,38646,386690544,2000,0,0,0
42.5410,38647,386700544,2001,0,0,0
42.5509,38648,386710544,2009,0,0,0
42.5610,38649,386720544,1994,0,0,0
42.5710,38650,386730544,1966,0,0,0
42.5810,38651,386740544,1906,0,0,0
42.5909,38652,386750544,1853,0,0,0
42.6010,38653,386760544,1810,0,0,0
42.6110,38654,386770544,1778,0,0,0
42.6210,38655,386780544,1762,0,0,0
42.6309,38656,386790544,1762,0,0,0
42.6409,38657,386800544,1753,0,0,0
42.6510,38658,386810544,1766,0,0,0
42.6609,38659,386820544,1763,0,0,0
42.6710,38660,386830544,1766,0,0,0
42.6814,38661,386840544,1776,0,0,0
42.6911,38662,386850544,1786,0,0,0
42.7011,38663,386860544,1778,0,0,0
42.7110,38664,386870544,1789,0,0,0
42.7209,38665,386880544,1789,0,0,0
42.7309,38666,386890544,1805,0,0,0
42.7411,38667,386900544,1798,0,0,0
42.7510,38668,386910544,1801,0,0,0
42.7609,38669,386920544,1802,0,0,0
42.7709,38670,386930544,1811,0,0,0
42.7809,38671,386940544,1806,0,0,0
42.7910,38672,386950544,1814,0,0,0
42.8010,38673,386960544,1809,0,0,0
42.8110,38674,386970544,1825,0,0,0
42.8211,38675,386980544,1823,0,0,0
42.8310,38676,386990544,1829,0,0,0
42.8412,38677,387000544,1818,0,0,0
42.8511,38678,387010544,1828,0,0,0
42.8610,38679,387020544,1819,0,0,0
42.8710,38680,387030544,1826,0,0,0
42.8810,38681,387040544,1815,0,0,0
42.8910,38682,387050544,1820,0,0,0
42.9012,38683,387060544,1815,0,0,0
42.9124,38684,387070544,1826,0,0,0
42.9211,38685,387080544,1815,0,0,0
42.9309,38686,387090544,1825,0,0,0
42.9410,38687,387100544,1818,0,0,0
42.9509,38688,387110544,1824,0,0,0
42.9611,38689,387120544,1820,0,0,0
42.9710,38690,387130544,1834,0,0,0
42.9809,38691,387140544,1823,0,0,0
42.9909,38692,387150544,1827,0,0,0
43.0011,38693,387160544,1827,0,0,0
43.0110,38694,387170544,1840,0,0,0
43.0209,38695,387180544,1825,0,0,0
43.0309,38696,387190544,1837,0,0,0
43.0410,38697,387200544,1830,0,0,0
43.0510,38698,387210544,1841,0,0,0
43.0610,38699,387220544,1839,0,0,0
43.0710,38700,387230544,1849,0,0,0
43.0810,38701,387240544,1854,0,0,0
43.0909,38702,387250544,1875,0,0,0
43.1009,38703,387260544,1927,0,0,0
43.1110,38704,387270544,1968,0,0,0
43.1210,38705,387280544,1979,0,0,0
43.1310,38706,387290544,1909,0,0,0
43.1411,38707,387300544,1865,0,0,0
43.1510,38708,387310544,1842,0,0,0
43.1610,38709,387320544,1822,0,0,0
43.1721,38710,387330544,1824,0,0,0
43.1839,38711,387340544,1808,0,0,0
43.1934,38712,387350544,1823,0,0,0
43.2012,38713,387360544,1808,0,0,0
43.2110,38714,387370544,1786,0,0,0
43.2210,38715,387380544,1690,0,0,0
43.2309,38716,387390544,1955,0,0,0
43.2411,38717,387400544,2603,0,0,0
43.2510,38718,387410544,3493,0,0,0
43.2610,38719,387420544,2383,0,0,0
43.2710,38720,387430544,1627,0,0,0
43.2810,38721,387440544,1429,0,0,0
43.2911,38722,387450544,1625,0,0,0
43.3009,38723,387460544,1743,0,0,0
43.3111,38724,387470544,1750,0,0,0
43.3212,38725,387480544,1765,0,0,0
43.3311,38726,387490544,1792,0,0,0
43.3411,38727,387500544,1789,0,0,0
43.3509,38728,387510544,1808,0,0,0
43.3611,38729,387520544,1806,0,0,0
43.3711,38730,387530544,1822,0,0,0
43.3811,38731,387540544,1830,0,0,0
43.3910,38732,387550544,1859,0,0,0
43.4011,38733,387560544,1871,0,0,0
43.4109,38734,387570544,1898,0,0,0
43.4209,38735,387580544,1906,0,0,0
43.4310,38736,387590544,1937,0,0,0
43.4411,38737,387600544,1959,0,0,0
43.4509,38738,387610544,1997,0,0,0
43.4609,38739,387620544,2004,0,0,0
43.4709,38740,387630544,2015,0,0,0
43.4811,38741,387640544,1968,0,0,0
43.4909,38742,387650544,1978,0,0,0
43.5010,38743,387660544,1917,0,0,0
43.5110,38744,387670544,1872,0,0,0
43.5209,38745,387680544,1810,0,0,0
43.5309,38746,387690544,1776,0,0,0
43.5409,38747,387700544,1753,0,0,0
43.5510,38748,387710544,1753,0,0,0
43.5610,38749,387720544,1740,0,0,0
43.5710,38750,387730544,1750,0,0,0
43.5808,38751,387740544,1739,0,0,0
43.5910,38752,387750544,1753,0,0,0
43.6010,38753,387760544,1749,0,0,0
43.6108,38754,387770544,1759,0,0,0
43.6210,38755,387780544,1755,0,0,0
43.6310,38756,387790544,1775,0,0,0
43.6410,38757,387800544,1775,0,0,0
43.6510,38758,387810544,1788,0,0,0
43.6615,38759,387820544,1777,0,0,0
43.6709,38760,387830544,1815,0,0,0
43.6809,38761,387840544,1789,0,0,0
43.6912,38762,387850544,1789,0,0,0
43.7009,38763,387860544,1795,0,0,0
43.7109,38764,387870544,1806,0,0,0
43.7210,38765,387880544,1794,0,0,0
43.7310,38766,387890544,1797,0,0,0
43.7409,38767,387900544,1802,0,0,0
43.7511,38768,387910544,1813,0,0,0
43.7610,38769,387920544,1805,0,0,0
43.7710,38770,387930544,1822,0,0,0
43.7812,38771,387940544,1805,0,0,0
43.7910,38772,387950544,1819,0,0,0
43.8010,38773,387960544,1812,0,0,0
43.8109,38774,387970544,1824,0,0,0
43.8210,38775,387980544,1820,0,0,0
43.8309,38776,387990544,1833,0,0,0
43.8411,38777,388000544,1818,0,0,0
43.8509,38778,388010544,1831,0,0,0
43.8609,38779,388020544,1830,0,0,0
43.8710,38780,388030544,1842,0,0,0
43.8808,38781,388040544,1834,0,0,0
43.8910,38782,388050544,1840,0,0,0
43.9011,38783,388060544,1839,0,0,0
43.9118,38784,388070544,1843,0,0,0
43.9209,38785,388080544,1840,0,0,0
43.9312,38786,388090544,1847,0,0,0
43.9412,38787,388100544,1840,0,0,0
43.9510,38788,388110544,1845,0,0,0
43.9612,38789,388120544,1836,0,0,0
43.9711,38790,388130544,1853,0,0,0
43.9811,38791,388140544,1837,0,0,0
43.9910,38792,388150544,1840,0,0,0
44.0010,38793,388160544,1845,0,0,0
44.0111,38794,388170544,1884,0,0,0
44.0211,38795,388180544,1935,0,0,0
44.0309,38796,388190544,1979,0,0,0
44.0409,38797,388200544,1987,0,0,0
44.0510,38798,388210544,1921,0,0,0
44.0609,38799,388220544,1862,0,0,0
44.0709,38800,388230544,1843,0,0,0
44.0810,38801,388240544,1828,0,0,0
44.0911,38802,388250544,1833,0,0,0
44.1010,38803,388260544,1812,0,0,0
44.1110,38804,388270544,1808,0,0,0
44.1211,38805,388280544,1808,0,0,0
44.1311,38806,388290544,1793,0,0,0
44.1410,38807,388300544,1699,0,0,0
44.1511,38808,388310544,1982,0,0,0
44.1624,38809,388320544,2634,0,0,0
44.1710,38810,388330544,3507,0,0,0
44.1810,38811,388340544,2337,0,0,0
44.1910,38812,388350544,1643,0,0,0
44.2010,38813,388360544,1438,0,0,0
44.2111,38814,388370544,1616,0,0,0
44.2209,38815,388380544,1733,0,0,0
44.2310,38816,388390544,1744,0,0,0
44.2409,38817,388400544,1762,0,0,0
44.2511,38818,388410544,1776,0,0,0
44.2611,38819,388420544,1779,0,0,0
44.2709,38820,388430544,1802,0,0,0
44.2812,38821,388440544,1801,0,0,0
44.2912,38822,388450544,1823,0,0,0
44.3011,38823,388460544,1830,0,0,0
44.3112,38824,388470544,1846,0,0,0
44.3211,38825,388480544,1851,0,0,0
44.3310,38826,388490544,1877,0,0,0
44.3411,38827,388500544,1890,0,0,0
44.3509,38828,388510544,1920,0,0,0
44.3610,38829,388520544,1938,0,0,0
44.3710,38830,388530544,1971,0,0,0
44.3810,38831,388540544,1983,0,0,0
44.3910,38832,388550544,1995,0,0,0
44.4008,38833,388560544,1975,0,0,0
44.4109,38834,388570544,1962,0,0,0
44.4209,38835,388580544,1901,0,0,0
44.4314,38836,388590544,1869,0,0,0
44.4410,38837,388600544,1806,0,0,0
44.4510,38838,388610544,1775,0,0,0
44.4612,38839,388620544,1743,0,0,0
44.4709,38840,388630544,1741,0,0,0
44.4810,38841,388640544,1728,0,0,0
44.4910,38842,388650544,1737,0,0,0
44.5010,38843,388660544,1727,0,0,0
44.5109,38844,388670544,1729,0,0,0
44.5210,38845,388680544,1739,0,0,0
44.5310,38846,388690544,1755,0,0,0
44.5410,38847,388700544,1761,0,0,0
44.5510,38848,388710544,1769,0,0,0
44.5611,38849,388720544,1767,0,0,0
44.5711,38850,388730544,1788,0,0,0
44.5812,38851,388740544,1781,0,0,0
44.5911,38852,388750544,1787,0,0,0
44.6010,38853,388760544,1786,0,0,0
44.6111,38854,388770544,1807,0,0,0
44.6210,38855,388780544,1801,0,0,0
44.6310,38856,388790544,1807,0,0,0
44.6410,38857,388800544,1806,0,0,0
44.6517,38858,388810544,1808,0,0,0
44.6610,38859,388820544,1807,0,0,0
44.6715,38860,388830544,1814,0,0,0
44.6809,38861,388840544,1810,0,0,0
44.6909,38862,388850544,1831,0,0,0
44.7010,38863,388860544,1810,0,0,0
44.7110,38864,388870544,1821,0,0,0
44.7209,38865,388880544,1808,0,0,0
44.7309,38866,388890544,1817,0,0,0
44.7410,38867,388900544,1814,0,0,0
44.7510,38868,388910544,1829,0,0,0
44.7610,38869,388920544,1824,0,0,0
44.7709,38870,388930544,1827,0,0,0
44.7809,38871,388940544,1818,0,0,0
44.7910,38872,388950544,1838,0,0,0
44.8011,38873,388960544,1836,0,0,0
44.8109,38874,388970544,1845,0,0,0
44.8210,38875,388980544,1835,0,0,0
44.8309,38876,388990544,1847,0,0,0
44.8410,38877,389000544,1839,0,0,0
44.8510,38878,389010544,1847,0,0,0
44.8609,38879,389020544,1841,0,0,0
44.8710,38880,389030544,1847,0,0,0
44.8811,38881,389040544,1854,0,0,0
44.8911,38882,389050544,1887,0,0,0
44.9011,38883,389060544,1926,0,0,0
44.9110,38884,389070544,1977,0,0,0
44.9211,38885,389080544,1986,0,0,0
44.9310,38886,389090544,1915,0,0,0
44.9411,38887,389100544,1867,0,0,0
44.9509,38888,389110544,1840,0,0,0
44.9609,38889,389120544,1824,0,0,0
44.9712,38890,389130544,1822,0,0,0
44.9811,38891,389140544,1813,0,0,0
44.9910,38892,389150544,1810,0,0,0
45.0013,38893,389160544,1802,0,0,0
45.0110,38894,389170544,1789,0,0,0
45.0210,38895,389180544,1699,0,0,0
45.0310,38896,389190544,1975,0,0,0
45.0409,38897,389200544,2645,0,0,0
45.0509,38898,389210544,3459,0,0,0
45.0615,38899,389220544,2351,0,0,0
45.0712,38900,389230544,1661,0,0,0
45.0810,38901,389240544,1437,0,0,0
45.0916,38902,389250544,1584,0,0,0
45.1009,38903,389260544,1734,0,0,0
45.1110,38904,389270544,1745,0,0,0
45.1211,38905,389280544,1763,0,0,0
45.1314,38906,389290544,1799,0,0,0
45.1413,38907,389300544,1794,0,0,0
45.1511,38908,389310544,1808,0,0,0
45.1622,38909,389320544,1825,0,0,0
45.1712,38910,389330544,1843,0,0,0
45.1811,38911,389340544,1843,0,0,0
45.1910,38912,389350544,1866,0,0,0
45.2010,38913,389360544,1879,0,0,0
45.2110,38914,389370544,1898,0,0,0
45.2211,38915,389380544,1904,0,0,0
45.2310,38916,389390544,1941,0,0,0
45.2410,38917,389400544,1964,0,0,0
45.2510,38918,389410544,1983,0,0,0
45.2614,38919,389420544,1998,0,0,0
45.2714,38920,389430544,2006,0,0,0
45.2810,38921,389440544,1993,0,0,0
45.2911,38922,389450544,1979,0,0,0
45.3011,38923,389460544,1916,0,0,0
45.3111,38924,389470544,1868,0,0,0
45.3210,38925,389480544,1822,0,0,0
45.3312,38926,389490544,1792,0,0,0
45.3410,38927,389500544,1770,0,0,0
45.3510,38928,389510544,1759,0,0,0
45.3612,38929,389520544,1751,0,0,0
45.3710,38930,389530544,1761,0,0,0
45.3811,38931,389540544,1746,0,0,0
45.3911,38932,389550544,1761,0,0,0
45.4009,38933,389560544,1757,0,0,0
45.4110,38934,389570544,1774,0,0,0
45.4210,38935,389580544,1775,0,0,0
45.4311,38936,389590544,1783,0,0,0
45.4409,38937,389600544,1777,0,0,0
45.4510,38938,389610544,1792,0,0,0
45.4609,38939,389620544,1793,0,0,0
45.4709,38940,389630544,1803,0,0,0
45.4809,38941,389640544,1802,0,0,0
45.4910,38942,389650544,1813,0,0,0
45.5011,38943,389660544,1815,0,0,0
45.5111,38944,389670544,1813,0,0,0
45.5210,38945,389680544,1805,0,0,0
45.5311,38946,389690544,1810,0,0,0
45.5411,38947,389700544,1820,0,0,0
45.5510,38948,389710544,1825,0,0,0
45.5611,38949,389720544,1821,0,0,0
45.5711,38950,389730544,1827,0,0,0
45.5811,38951,389740544,1826,0,0,0
45.5910,38952,389750544,1835,0,0,0
45.6011,38953,389760544,1823,0,0,0
45.6111,38954,389770544,1841,0,0,0
45.6211,38955,389780544,1829,0,0,0
45.6311,38956,389790544,1835,0,0,0
45.6413,38957,389800544,1829,0,0,0
45.6509,38958,389810544,1840,0,0,0
45.6612,38959,389820544,1831,0,0,0
45.6710,38960,389830544,1839,0,0,0
45.6813,38961,389840544,1835,0,0,0
45.6910,38962,389850544,1840,0,0,0
45.7010,38963,389860544,1840,0,0,0
45.7112,38964,389870544,1843,0,0,0
45.7213,38965,389880544,1840,0,0,0
45.7314,38966,389890544,1883,0,0,0
45.7410,38967,389900544,1911,0,0,0
45.7511,38968,389910544,1955,0,0,0
45.7610,38969,389920544,1998,0,0,0
45.7711,38970,389930544,1952,0,0,0
45.7810,38971,389940544,1882,0,0,0
45.7913,38972,389950544,1860,0,0,0
45.8009,38973,389960544,1842,0,0,0
45.8110,38974,389970544,1834,0,0,0
45.8209,38975,389980544,1826,0,0,0
45.8311,38976,389990544,1822,0,0,0
45.8410,38977,390000544,1814,0,0,0
45.8511,38978,390010544,1805,0,0,0
45.8612,38979,390020544,1725,0,0,0
45.8710,38980,390030544,1834,0,0,0
45.8808,38981,390040544,2375,0,0,0
45.8911,38982,390050544,3248,0,0,0
45.9009,38983,390060544,2928,0,0,0
45.9110,38984,390070544,1806,0,0,0
45.9230,38985,390080544,1505,0,0,0
45.9312,38986,390090544,1477,0,0,0
45.9410,38987,390100544,1709,0,0,0
45.9513,38988,390110544,1758,0,0,0
45.9609,38989,390120544,1758,0,0,0
45.9712,38990,390130544,1779,0,0,0
45.9810,38991,390140544,1788,0,0,0
45.9911,38992,390150544,1814,0,0,0
46.0009,38993,390160544,1815,0,0,0
46.0110,38994,390170544,1840,0,0,0
46.0209,38995,390180544,1839,0,0,0
46.0309,38996,390190544,1845,0,0,0
46.0411,38997,390200544,1859,0,0,0
46.0510,38998,390210544,1877,0,0,0
46.0611,38999,390220544,1896,0,0,0
46.0711,39000,390230544,1914,0,0,0
46.0811,39001,390240544,1936,0,0,0
46.0910,39002,390250544,1968,0,0,0
46.1011,39003,390260544,1999,0,0,0
46.1114,39004,390270544,2002,0,0,0
46.1212,39005,390280544,1987,0,0,0
46.1311,39006,390290544,1983,0,0,0
46.1411,39007,390300544,1931,0,0,0
46.1511,39008,390310544,1875,0,0,0
46.1610,39009,390320544,1822,0,0,0
46.1709,39010,390330544,1783,0,0,0
46.1811,39011,390340544,1762,0,0,0
46.1910,39012,390350544,1755,0,0,0
46.2010,39013,390360544,1729,0,0,0
46.2110,39014,390370544,1747,0,0,0
46.2211,39015,390380544,1744,0,0,0
46.2309,39016,390390544,1758,0,0,0
46.2410,39017,390400544,1757,0,0,0
46.2510,39018,390410544,1764,0,0,0
46.2612,39019,390420544,1762,0,0,0
46.2710,39020,390430544,1770,0,0,0
46.2812,39021,390440544,1776,0,0,0
46.2913,39022,390450544,1783,0,0,0
46.3011,39023,390460544,1778,0,0,0
46.3110,39024,390470544,1802,0,0,0
46.3210,39025,390480544,1797,0,0,0
46.3311,39026,390490544,1798,0,0,0
46.3409,39027,390500544,1807,0,0,0
46.3509,39028,390510544,1806,0,0,0
46.3611,39029,390520544,1804,0,0,0
46.3711,39030,390530544,1810,0,0,0
46.3810,39031,390540544,1810,0,0,0
46.3911,39032,390550544,1820,0,0,0
46.4010,39033,390560544,1815,0,0,0
46.4109,39034,390570544,1824,0,0,0
46.4211,39035,390580544,1825,0,0,0
46.4309,39036,390590544,1836,0,0,0
46.4410,39037,390600544,1831,0,0,0
46.4509,39038,390610544,1838,0,0,0
46.4611,39039,390620544,1835,0,0,0
46.4709,39040,390630544,1835,0,0,0
46.4810,39041,390640544,1833,0,0,0
46.4909,39042,390650544,1837,0,0,0
46.5010,39043,390660544,1825,0,0,0
46.5110,39044,390670544,1832,0,0,0
46.5209,39045,390680544,1830,0,0,0
46.5310,39046,390690544,1830,0,0,0
46.5411,39047,390700544,1826,0,0,0
46.5510,39048,390710544,1827,0,0,0
46.5610,39049,390720544,1825,0,0,0
46.5712,39050,390730544,1843,0,0,0
46.5811,39051,390740544,1875,0,0,0
46.5911,39052,390750544,1925,0,0,0
46.6010,39053,390760544,1957,0,0,0
46.6110,39054,390770544,1973,0,0,0
46.6208,39055,390780544,1895,0,0,0
46.6311,39056,390790544,1853,0,0,0
46.6409,39057,390800544,1831,0,0,0
46.6509,39058,390810544,1814,0,0,0
46.6622,39059,390820544,1798,0,0,0
46.6709,39060,390830544,1793,0,0,0
46.6809,39061,390840544,1796,0,0,0
46.6912,39062,390850544,1795,0,0,0
46.7011,39063,390860544,1767,0,0,0
46.7113,39064,390870544,1683,0,0,0
46.7210,39065,390880544,1941,0,0,0
46.7309,39066,390890544,2591,0,0,0
46.7409,39067,390900544,3461,0,0,0
46.7512,39068,390910544,2385,0,0,0
46.7610,39069,390920544,1626,0,0,0
46.7709,39070,390930544,1412,0,0,0
46.7810,39071,390940544,1585,0,0,0
46.7910,39072,390950544,1729,0,0,0
46.8011,39073,390960544,1738,0,0,0
46.8112,39074,390970544,1760,0,0,0
46.8209,39075,390980544,1775,0,0,0
46.8313,39076,390990544,1786,0,0,0
46.8412,39077,391000544,1799,0,0,0
46.8510,39078,391010544,1809,0,0,0
46.8613,39079,391020544,1827,0,0,0
46.8711,39080,391030544,1840,0,0,0
46.8811,39081,391040544,1853,0,0,0
46.8909,39082,391050544,1861,0,0,0
46.9010,39083,391060544,1873,0,0,0
46.9113,39084,391070544,1906,0,0,0
46.9213,39085,391080544,1923,0,0,0
46.9310,39086,391090544,1952,0,0,0
46.9413,39087,391100544,1974,0,0,0
46.9510,39088,391110544,1989,0,0,0
46.9610,39089,391120544,1991,0,0,0
46.9710,39090,391130544,1984,0,0,0
46.9809,39091,391140544,1951,0,0,0
46.9910,39092,391150544,1904,0,0,0
47.0011,39093,391160544,1847,0,0,0
47.0110,39094,391170544,1798,0,0,0
47.0209,39095,391180544,1766,0,0,0
47.0310,39096,391190544,1743,0,0,0
47.0409,39097,391200544,1744,0,0,0
47.0509,39098,391210544,1743,0,0,0
47.0609,39099,391220544,1743,0,0,0
47.0709,39100,391230544,1744,0,0,0
47.0810,39101,391240544,1750,0,0,0
47.0909,39102,391250544,1753,0,0,0
47.1009,39103,391260544,1760,0,0,0
47.1110,39104,391270544,1764,0,0,0
47.1211,39105,391280544,1773,0,0,0
47.1312,39106,391290544,1783,0,0,0
47.1412,39107,391300544,1786,0,0,0
47.1510,39108,391310544,1789,0,0,0
47.1610,39109,391320544,1797,0,0,0
47.1712,39110,391330544,1803,0,0,0
47.1810,39111,391340544,1805,0,0,0
47.1911,39112,391350544,1807,0,0,0
47.2012,39113,391360544,1805,0,0,0
47.2109,39114,391370544,1809,0,0,0
47.2209,39115,391380544,1813,0,0,0
47.2310,39116,391390544,1810,0,0,0
47.2411,39117,391400544,1813,0,0,0
47.2511,39118,391410544,1817,0,0,0
47.2612,39119,391420544,1815,0,0,0
47.2710,39120,391430544,1821,0,0,0
47.2811,39121,391440544,1827,0,0,0
47.2911,39122,391450544,1828,0,0,0
47.3010,39123,391460544,1829,0,0,0
47.3111,39124,391470544,1839,0,0,0
47.3211,39125,391480544,1835,0,0,0
47.3311,39126,391490544,1837,0,0,0
47.3410,39127,391500544,1841,0,0,0
47.3512,39128,391510544,1847,0,0,0
47.3611,39129,391520544,1850,0,0,0
47.3711,39130,391530544,1846,0,0,0
47.3811,39131,391540544,1845,0,0,0
47.3910,39132,391550544,1840,0,0,0
47.4010,39133,391560544,1848,0,0,0
47.4111,39134,391570544,1843,0,0,0
47.4215,39135,391580544,1849,0,0,0
47.4311,39136,391590544,1853,0,0,0
47.4411,39137,391600544,1882,0,0,0
47.4510,39138,391610544,1938,0,0,0
47.4612,39139,391620544,1971,0,0,0
47.4714,39140,391630544,1993,0,0,0
47.4811,39141,391640544,1919,0,0,0
47.4912,39142,391650544,1861,0,0,0
47.5011,39143,391660544,1839,0,0,0
47.5109,39144,391670544,1829,0,0,0
47.5210,39145,391680544,1815,0,0,0
47.5310,39146,391690544,1799,0,0,0
47.5409,39147,391700544,1808,0,0,0
47.5512,39148,391710544,1801,0,0,0
47.5609,39149,391720544,1790,0,0,0
47.5709,39150,391730544,1695,0,0,0
47.5811,39151,391740544,1910,0,0,0
47.5911,39152,391750544,2526,0,0,0
47.6010,39153,391760544,3435,0,0,0
47.6110,39154,391770544,2475,0,0,0
47.6210,39155,391780544,1655,0,0,0
47.6310,39156,391790544,1427,0,0,0
47.6411,39157,391800544,1584,0,0,0
47.6510,39158,391810544,1728,0,0,0
47.6610,39159,391820544,1737,0,0,0
47.6715,39160,391830544,1751,0,0,0
47.6809,39161,391840544,1774,0,0,0
47.6912,39162,391850544,1774,0,0,0
47.7011,39163,391860544,1786,0,0,0
47.7112,39164,391870544,1801,0,0,0
47.7210,39165,391880544,1815,0,0,0
47.7311,39166,391890544,1822,0,0,0
47.7409,39167,391900544,1843,0,0,0
47.7509,39168,391910544,1855,0,0,0
47.7609,39169,391920544,1872,0,0,0
47.7709,39170,391930544,1882,0,0,0
47.7811,39171,391940544,1908,0,0,0
47.7911,39172,391950544,1937,0,0,0
47.8010,39173,391960544,1950,0,0,0
47.8111,39174,391970544,1970,0,0,0
47.8211,39175,391980544,1988,0,0,0
47.8311,39176,391990544,1968,0,0,0
47.8412,39177,392000544,1950,0,0,0
47.8512,39178,392010544,1897,0,0,0
47.8611,39179,392020544,1844,0,0,0
47.8710,39180,392030544,1796,0,0,0
47.8811,39181,392040544,1761,0,0,0
47.8913,39182,392050544,1740,0,0,0
47.9009,39183,392060544,1741,0,0,0
47.9116,39184,392070544,1732,0,0,0
47.9211,39185,392080544,1735,0,0,0
47.9311,39186,392090544,1729,0,0,0
47.9411,39187,392100544,1754,0,0,0
47.9510,39188,392110544,1748,0,0,0
47.9610,39189,392120544,1755,0,0,0
47.9713,39190,392130544,1757,0,0,0
47.9811,39191,392140544,1767,0,0,0
47.9911,39192,392150544,1776,0,0,0
48.0010,39193,392160544,1780,0,0,0
48.0109,39194,392170544,1786,0,0,0
48.0209,39195,392180544,1793,0,0,0
48.0310,39196,392190544,1793,0,0,0
48.0410,39197,392200544,1794,0,0,0
48.0510,39198,392210544,1790,0,0,0
48.0611,39199,392220544,1799,0,0,0
48.0710,39200,392230544,1803,0,0,0
48.0810,39201,392240544,1805,0,0,0
48.0911,39202,392250544,1803,0,0,0
48.1011,39203,392260544,1805,0,0,0
48.1111,39204,392270544,1808,0,0,0
48.1212,39205,392280544,1818,0,0,0
48.1313,39206,392290544,1815,0,0,0
48.1409,39207,392300544,1821,0,0,0
48.1512,39208,392310544,1821,0,0,0
48.1636,39209,392320544,1823,0,0,0
48.1712,39210,392330544,1819,0,0,0
48.1813,39211,392340544,1825,0,0,0
48.1911,39212,392350544,1817,0,0,0
48.2009,39213,392360544,1833,0,0,0
48.2118,39214,392370544,1823,0,0,0
48.2209,39215,392380544,1829,0,0,0
48.2310,39216,392390544,1829,0,0,0
48.2410,39217,392400544,1837,0,0,0
48.2510,39218,392410544,1825,0,0,0
48.2613,39219,392420544,1840,0,0,0
48.2711,39220,392430544,1860,0,0,0
48.2813,39221,392440544,1904,0,0,0
48.2911,39222,392450544,1938,0,0,0
48.3014,39223,392460544,1993,0,0,0
48.3110,39224,392470544,1957,0,0,0
48.3209,39225,392480544,1876,0,0,0
48.3312,39226,392490544,1841,0,0,0
48.3412,39227,392500544,1837,0,0,0
48.3510,39228,392510544,1823,0,0,0
48.3612,39229,392520544,1804,0,0,0
48.3710,39230,392530544,1799,0,0,0
48.3810,39231,392540544,1805,0,0,0
48.3912,39232,392550544,1795,0,0,0
48.4009,39233,392560544,1747,0,0,0
48.4110,39234,392570544,1765,0,0,0
48.4265,39235,392580544,2265,0,0,0
48.4309,39236,392590544,3088,0,0,0
48.4410,39237,392600544,3071,0,0,0
48.4511,39238,392610544,1843,0,0,0
48.4611,39239,392620544,1535,0,0,0
48.4711,39240,392630544,1451,0,0,0
48.4809,39241,392640544,1680,0,0,0
48.4910,39242,392650544,1747,0,0,0
48.5010,39243,392660544,1747,0,0,0
48.5110,39244,392670544,1776,0,0,0
48.5209,39245,392680544,1796,0,0,0
48.5310,39246,392690544,1800,0,0,0
48.5409,39247,392700544,1809,0,0,0
48.5510,39248,392710544,1825,0,0,0
48.5612,39249,392720544,1847,0,0,0
48.5711,39250,392730544,1844,0,0,0
48.5811,39251,392740544,1866,0,0,0
48.5911,39252,392750544,1877,0,0,0
48.6010,39253,392760544,1902,0,0,0
48.6113,39254,392770544,1918,0,0,0
48.6213,39255,392780544,1949,0,0,0
48.6310,39256,392790544,1974,0,0,0
48.6410,39257,392800544,1997,0,0,0
48.6509,39258,392810544,1998,0,0,0
48.6611,39259,392820544,2006,0,0,0
48.6711,39260,392830544,1982,0,0,0
48.6813,39261,392840544,1935,0,0,0
48.6914,39262,392850544,1895,0,0,0
48.7010,39263,392860544,1846,0,0,0
48.7111,39264,392870544,1789,0,0,0
48.7214,39265,392880544,1776,0,0,0
48.7310,39266,392890544,1755,0,0,0
48.7414,39267,392900544,1763,0,0,0
48.7513,39268,392910544,1759,0,0,0
48.7610,39269,392920544,1766,0,0,0
48.7713,39270,392930544,1763,0,0,0
48.7809,39271,392940544,1782,0,0,0
48.7909,39272,392950544,1777,0,0,0
48.8010,39273,392960544,1785,0,0,0
48.8109,39274,392970544,1785,0,0,0
48.8210,39275,392980544,1802,0,0,0
48.8312,39276,392990544,1795,0,0,0
48.8409,39277,393000544,1808,0,0,0
48.8510,39278,393010544,1805,0,0,0
48.8610,39279,393020544,1813,0,0,0
48.8711,39280,393030544,1808,0,0,0
48.8810,39281,393040544,1815,0,0,0
48.8911,39282,393050544,1813,0,0,0
48.9017,39283,393060544,1833,0,0,0
48.9110,39284,393070544,1818,0,0,0
48.9209,39285,393080544,1833,0,0,0
48.9312,39286,393090544,1827,0,0,0
48.9412,39287,393100544,1837,0,0,0
48.9512,39288,393110544,1838,0,0,0
48.9611,39289,393120544,1840,0,0,0
48.9710,39290,393130544,1838,0,0,0
48.9811,39291,393140544,1840,0,0,0
48.9911,39292,393150544,1798,0,0,0
49.0010,39293,393160544,1847,0,0,0
49.0109,39294,393170544,1843,0,0,0
49.0210,39295,393180544,1846,0,0,0
49.0310,39296,393190544,1840,0,0,0
49.0409,39297,393200544,1845,0,0,0
49.0513,39298,393210544,1844,0,0,0
49.0614,39299,393220544,1858,0,0,0
49.0710,39300,393230544,1875,0,0,0
49.0814,39301,393240544,1927,0,0,0
49.0911,39302,393250544,1963,0,0,0
49.1011,39303,393260544,1999,0,0,0
49.1110,39304,393270544,1931,0,0,0
49.1214,39305,393280544,1874,0,0,0
49.1315,39306,393290544,1824,0,0,0
49.1414,39307,393300544,1826,0,0,0
49.1513,39308,393310544,1808,0,0,0
49.1614,39309,393320544,1808,0,0,0
49.1710,39310,393330544,1793,0,0,0
49.1814,39311,393340544,1793,0,0,0
49.1909,39312,393350544,1770,0,0,0
49.2011,39313,393360544,1695,0,0,0
49.2110,39314,393370544,1859,0,0,0
49.2209,39315,393380544,2453,0,0,0
49.2309,39316,393390544,3335,0,0,0
49.2410,39317,393400544,2675,0,0,0
49.2509,39318,393410544,1695,0,0,0
49.2611,39319,393420544,1439,0,0,0
49.2713,39320,393430544,1505,0,0,0
49.2809,39321,393440544,1714,0,0,0
49.2913,39322,393450544,1715,0,0,0
49.3009,39323,393460544,1743,0,0,0
49.3109,39324,393470544,1754,0,0,0
49.3214,39325,393480544,1783,0,0,0
49.3310,39326,393490544,1791,0,0,0
49.3411,39327,393500544,1809,0,0,0
49.3511,39328,393510544,1810,0,0,0
49.3611,39329,393520544,1837,0,0,0
49.3712,39330,393530544,1840,0,0,0
49.3813,39331,393540544,1863,0,0,0
49.3912,39332,393550544,1872,0,0,0
49.4011,39333,393560544,1892,0,0,0
49.4114,39334,393570544,1905,0,0,0
49.4240,39335,393580544,1951,0,0,0
49.4312,39336,393590544,1968,0,0,0
49.4411,39337,393600544,1994,0,0,0
49.4512,39338,393610544,1989,0,0,0
49.4611,39339,393620544,1991,0,0,0
49.4712,39340,393630544,1955,0,0,0
49.4810,39341,393640544,1927,0,0,0
49.4909,39342,393650544,1861,0,0,0
49.5010,39343,393660544,1817,0,0,0
49.5110,39344,393670544,1777,0,0,0
49.5210,39345,393680544,1767,0,0,0
49.5311,39346,393690544,1750,0,0,0
49.5411,39347,393700544,1756,0,0,0
49.5511,39348,393710544,1759,0,0,0
49.5611,39349,393720544,1761,0,0,0
49.5711,39350,393730544,1754,0,0,0
49.5811,39351,393740544,1776,0,0,0
49.5911,39352,393750544,1771,0,0,0
49.6009,39353,393760544,1790,0,0,0
49.6108,39354,393770544,1779,0,0,0
49.6210,39355,393780544,1788,0,0,0
49.6310,39356,393790544,1782,0,0,0
49.6410,39357,393800544,1797,0,0,0
49.6509,39358,393810544,1793,0,0,0
49.6611,39359,393820544,1807,0,0,0
49.6715,39360,393830544,1794,0,0,0
49.6810,39361,393840544,1810,0,0,0
49.6914,39362,393850544,1805,0,0,0
49.7011,39363,393860544,1808,0,0,0
49.7111,39364,393870544,1793,0,0,0
49.7213,39365,393880544,1814,0,0,0
49.7310,39366,393890544,1810,0,0,0
49.7411,39367,393900544,1814,0,0,0
49.7510,39368,393910544,1807,0,0,0
49.7611,39369,393920544,1822,0,0,0
49.7710,39370,393930544,1809,0,0,0
49.7809,39371,393940544,1819,0,0,0
49.7911,39372,393950544,1809,0,0,0
49.8009,39373,393960544,1813,0,0,0
49.8109,39374,393970544,1808,0,0,0
49.8210,39375,393980544,1826,0,0,0
49.8311,39376,393990544,1810,0,0,0
49.8412,39377,394000544,1824,0,0,0
49.8511,39378,394010544,1836,0,0,0
49.8613,39379,394020544,1872,0,0,0
49.8709,39380,394030544,1911,0,0,0
49.8811,39381,394040544,1959,0,0,0
49.8910,39382,394050544,1958,0,0,0
49.9010,39383,394060544,1878,0,0,0
49.9110,39384,394070544,1845,0,0,0
49.9209,39385,394080544,1835,0,0,0
49.9310,39386,394090544,1811,0,0,0
49.9409,39387,394100544,1808,0,0,0
49.9512,39388,394110544,1791,0,0,0
49.9612,39389,394120544,1799,0,0,0
49.9710,39390,394130544,1789,0,0,0
49.9810,39391,394140544,1776,0,0,0
49.9912,39392,394150544,1683,0,0,0
50.0010,39393,394160544,2000,0,0,0
50.0110,39394,394170544,2694,0,0,0
50.0212,39395,394180544,3462,0,0,0
50.0347,39396,394190544,2242,0,0,0
50.0426,39397,394200544,1599,0,0,0
50.0526,39398,394210544,1412,0,0,0
50.0609,39399,394220544,1625,0,0,0
50.0722,39400,394230544,1731,0,0,0
50.0821,39401,394240544,1743,0,0,0
50.0910,39402,394250544,1751,0,0,0
50.1010,39403,394260544,1778,0,0,0
50.1111,39404,394270544,1782,0,0,0
50.1214,39405,394280544,1806,0,0,0
50.1312,39406,394290544,1810,0,0,0
50.1411,39407,394300544,1827,0,0,0
50.1511,39408,394310544,1830,0,0,0
50.1621,39409,394320544,1859,0,0,0
50.1713,39410,394330544,1859,0,0,0
50.1854,39411,394340544,1887,0,0,0
50.1932,39412,394350544,1903,0,0,0
50.2089,39413,394360544,1937,0,0,0
50.2132,39414,394370544,1954,0,0,0
50.2217,39415,394380544,1989,0,0,0
50.2319,39416,394390544,1996,0,0,0
50.2413,39417,394400544,1998,0,0,0
50.2542,39418,394410544,1984,0,0,0
50.2615,39419,394420544,1959,0,0,0
50.2711,39420,394430544,1904,0,0,0
50.2811,39421,394440544,1858,0,0,0
50.2910,39422,394450544,1805,0,0,0
50.3010,39423,394460544,1779,0,0,0
50.3112,39424,394470544,1758,0,0,0
50.3212,39425,394480544,1761,0,0,0
50.3312,39426,394490544,1750,0,0,0
50.3415,39427,394500544,1756,0,0,0
50.3513,39428,394510544,1755,0,0,0
50.3655,39429,394520544,1775,0,0,0
50.3711,39430,394530544,1773,0,0,0
50.3843,39431,394540544,1781,0,0,0
50.3930,39432,394550544,1787,0,0,0
50.4010,39433,394560544,1803,0,0,0
50.4114,39434,394570544,1795,0,0,0
50.4226,39435,394580544,1806,0,0,0
50.4310,39436,394590544,1806,0,0,0
50.4411,39437,394600544,1811,0,0,0
50.4511,39438,394610544,1808,0,0,0
50.4610,39439,394620544,1819,0,0,0
50.4711,39440,394630544,1808,0,0,0
50.4812,39441,394640544,1821,0,0,0
50.4911,39442,394650544,1811,0,0,0
50.5011,39443,394660544,1821,0,0,0
50.5112,39444,394670544,1818,0,0,0
50.5210,39445,394680544,1823,0,0,0
50.5310,39446,394690544,1815,0,0,0
50.5429,39447,394700544,1823,0,0,0
50.5534,39448,394710544,1816,0,0,0
50.5663,39449,394720544,1831,0,0,0
50.5710,39450,394730544,1831,0,0,0
50.5834,39451,394740544,1831,0,0,0
50.5909,39452,394750544,1818,0,0,0
50.6010,39453,394760544,1841,0,0,0
50.6111,39454,394770544,1839,0,0,0
50.6210,39455,394780544,1847,0,0,0
50.6313,39456,394790544,1837,0,0,0
50.6410,39457,394800544,1845,0,0,0
50.6510,39458,394810544,1839,0,0,0
50.6610,39459,394820544,1842,0,0,0
50.6716,39460,394830544,1834,0,0,0
50.6809,39461,394840544,1870,0,0,0
50.6912,39462,394850544,1904,0,0,0
50.7010,39463,394860544,1950,0,0,0
50.7137,39464,394870544,1987,0,0,0
50.7252,39465,394880544,1967,0,0,0
50.7330,39466,394890544,1869,0,0,0
50.7410,39467,394900544,1856,0,0,0
50.7544,39468,394910544,1837,0,0,0
50.7611,39469,394920544,1828,0,0,0
50.7710,39470,394930544,1808,0,0,0
50.7809,39471,394940544,1811,0,0,0
50.7910,39472,394950544,1808,0,0,0
50.8010,39473,394960544,1810,0,0,0
50.8110,39474,394970544,1743,0,0,0
50.8210,39475,394980544,1754,0,0,0
50.8310,39476,394990544,2211,0,0,0
50.8410,39477,395000544,3014,0,0,0
50.8509,39478,395010544,3162,0,0,0
50.8610,39479,395020544,1903,0,0,0
50.8711,39480,395030544,1557,0,0,0
50.8813,39481,395040544,1490,0,0,0
50.8912,39482,395050544,1702,0,0,0
50.9011,39483,395060544,1767,0,0,0
50.9113,39484,395070544,1776,0,0,0
50.9234,39485,395080544,1795,0,0,0
50.9311,39486,395090544,1795,0,0,0
50.9411,39487,395100544,1812,0,0,0
50.9510,39488,395110544,1825,0,0,0
50.9614,39489,395120544,1840,0,0,0
50.9709,39490,395130544,1843,0,0,0
50.9810,39491,395140544,1869,0,0,0
50.9911,39492,395150544,1870,0,0,0
51.0010,39493,395160544,1888,0,0,0
51.0110,39494,395170544,1899,0,0,0
51.0212,39495,395180544,1931,0,0,0
51.0311,39496,395190544,1947,0,0,0
51.0411,39497,395200544,1992,0,0,0
51.0511,39498,395210544,2000,0,0,0
51.0610,39499,395220544,2012,0,0,0
51.0710,39500,395230544,2000,0,0,0
51.0811,39501,395240544,1997,0,0,0
51.0911,39502,395250544,1943,0,0,0
51.1011,39503,395260544,1901,0,0,0
51.1111,39504,395270544,1844,0,0,0
51.1211,39505,395280544,1802,0,0,0
51.1310,39506,395290544,1778,0,0,0
51.1412,39507,395300544,1771,0,0,0
51.1510,39508,395310544,1769,0,0,0
51.1615,39509,395320544,1765,0,0,0
51.1711,39510,395330544,1765,0,0,0
51.1811,39511,395340544,1763,0,0,0
51.1911,39512,395350544,1774,0,0,0
51.2009,39513,395360544,1791,0,0,0
51.2110,39514,395370544,1782,0,0,0
51.2211,39515,395380544,1791,0,0,0
51.2310,39516,395390544,1781,0,0,0
51.2415,39517,395400544,1807,0,0,0
51.2511,39518,395410544,1803,0,0,0
51.2610,39519,395420544,1815,0,0,0
51.2710,39520,395430544,1808,0,0,0
51.2810,39521,395440544,1819,0,0,0
51.2910,39522,395450544,1809,0,0,0
51.3011,39523,395460544,1823,0,0,0
51.3110,39524,395470544,1815,0,0,0
51.3210,39525,395480544,1826,0,0,0
51.3310,39526,395490544,1810,0,0,0
51.3411,39527,395500544,1812,0,0,0
51.3510,39528,395510544,1820,0,0,0
51.3610,39529,395520544,1824,0,0,0
51.3710,39530,395530544,1817,0,0,0
51.3810,39531,395540544,1831,0,0,0
51.3911,39532,395550544,1822,0,0,0
51.4012,39533,395560544,1835,0,0,0
51.4114,39534,395570544,1814,0,0,0
51.4210,39535,395580544,1824,0,0,0
51.4312,39536,395590544,1819,0,0,0
51.4410,39537,395600544,1857,0,0,0
51.4510,39538,395610544,1829,0,0,0
51.4611,39539,395620544,1831,0,0,0
51.4709,39540,395630544,1826,0,0,0
51.4809,39541,395640544,1840,0,0,0
51.4911,39542,395650544,1840,0,0,0
51.5010,39543,395660544,1858,0,0,0
51.5110,39544,395670544,1893,0,0,0
51.5211,39545,395680544,1943,0,0,0
51.5309,39546,395690544,1979,0,0,0
51.5410,39547,395700544,1955,0,0,0
51.5511,39548,395710544,1859,0,0,0
51.5610,39549,395720544,1855,0,0,0
51.5710,39550,395730544,1819,0,0,0
51.5810,39551,395740544,1819,0,0,0
51.5909,39552,395750544,1805,0,0,0
51.6010,39553,395760544,1813,0,0,0
51.6110,39554,395770544,1806,0,0,0
51.6210,39555,395780544,1811,0,0,0
51.6310,39556,395790544,1735,0,0,0
51.6411,39557,395800544,1795,0,0,0
51.6509,39558,395810544,2309,0,0,0
51.6619,39559,395820544,3167,0,0,0
51.6710,39560,395830544,2987,0,0,0
51.6812,39561,395840544,1825,0,0,0
51.6910,39562,395850544,1520,0,0,0
51.7011,39563,395860544,1458,0,0,0
51.7111,39564,395870544,1680,0,0,0
51.7210,39565,395880544,1745,0,0,0
51.7311,39566,395890544,1750,0,0,0
51.7410,39567,395900544,1777,0,0,0
51.7510,39568,395910544,1787,0,0,0
51.7610,39569,395920544,1803,0,0,0
51.7710,39570,395930544,1790,0,0,0
51.7810,39571,395940544,1829,0,0,0
51.7910,39572,395950544,1835,0,0,0
51.8012,39573,395960544,1854,0,0,0
51.8112,39574,395970544,1857,0,0,0
51.8211,39575,395980544,1892,0,0,0
51.8309,39576,395990544,1888,0,0,0
51.8410,39577,396000544,1910,0,0,0
51.8511,39578,396010544,1938,0,0,0
51.8611,39579,396020544,1967,0,0,0
51.8710,39580,396030544,1986,0,0,0
51.8811,39581,396040544,1996,0,0,0
51.8911,39582,396050544,1984,0,0,0
51.9011,39583,396060544,1968,0,0,0
51.9121,39584,396070544,1922,0,0,0
51.9210,39585,396080544,1875,0,0,0
51.9322,39586,396090544,1835,0,0,0
51.9411,39587,396100544,1795,0,0,0
51.9511,39588,396110544,1769,0,0,0
51.9611,39589,396120544,1750,0,0,0
51.9711,39590,396130544,1756,0,0,0
51.9811,39591,396140544,1754,0,0,0
51.9910,39592,396150544,1763,0,0,0
52.0011,39593,396160544,1783,0,0,0
52.0109,39594,396170544,1759,0,0,0
52.0210,39595,396180544,1776,0,0,0
52.0311,39596,396190544,1776,0,0,0
52.0410,39597,396200544,1786,0,0,0
52.0511,39598,396210544,1785,0,0,0
52.0611,39599,396220544,1797,0,0,0
52.0710,39600,396230544,1799,0,0,0
52.0812,39601,396240544,1808,0,0,0
52.0911,39602,396250544,1795,0,0,0
52.1011,39603,396260544,1808,0,0,0
52.1117,39604,396270544,1811,0,0,0
52.1210,39605,396280544,1815,0,0,0
52.1311,39606,396290544,1808,0,0,0
52.1412,39607,396300544,1824,0,0,0
52.1510,39608,396310544,1820,0,0,0
52.1614,39609,396320544,1825,0,0,0
52.1712,39610,396330544,1810,0,0,0
52.1810,39611,396340544,1831,0,0,0
52.1910,39612,396350544,1835,0,0,0
52.2010,39613,396360544,1825,0,0,0
52.2111,39614,396370544,1819,0,0,0
52.2211,39615,396380544,1833,0,0,0
52.2311,39616,396390544,1819,0,0,0
52.2411,39617,396400544,1825,0,0,0
52.2513,39618,396410544,1811,0,0,0
52.2610,39619,396420544,1817,0,0,0
52.2710,39620,396430544,1825,0,0,0
52.2811,39621,396440544,1815,0,0,0
52.2910,39622,396450544,1834,0,0,0
52.3010,39623,396460544,1886,0,0,0
52.3111,39624,396470544,1922,0,0,0
52.3210,39625,396480544,1981,0,0,0
52.3310,39626,396490544,1939,0,0,0
52.3411,39627,396500544,1878,0,0,0
52.3510,39628,396510544,1845,0,0,0
52.3609,39629,396520544,1833,0,0,0
52.3714,39630,396530544,1825,0,0,0
52.3810,39631,396540544,1809,0,0,0
52.3910,39632,396550544,1803,0,0,0
52.4011,39633,396560544,1811,0,0,0
52.4124,39634,396570544,1799,0,0,0
52.4209,39635,396580544,1747,0,0,0
52.4313,39636,396590544,1771,0,0,0
52.4411,39637,396600544,2231,0,0,0
52.4511,39638,396610544,3009,0,0,0
52.4610,39639,396620544,3201,0,0,0
52.4711,39640,396630544,1924,0,0,0
52.4810,39641,396640544,1577,0,0,0
52.4910,39642,396650544,1415,0,0,0
52.5010,39643,396660544,1659,0,0,0
52.5110,39644,396670544,1767,0,0,0
52.5210,39645,396680544,1753,0,0,0
52.5311,39646,396690544,1786,0,0,0
52.5410,39647,396700544,1811,0,0,0
52.5511,39648,396710544,1810,0,0,0
52.5610,39649,396720544,1830,0,0,0
52.5711,39650,396730544,1839,0,0,0
52.5809,39651,396740544,1850,0,0,0
52.5911,39652,396750544,1862,0,0,0
52.6010,39653,396760544,1872,0,0,0
52.6111,39654,396770544,1879,0,0,0
52.6212,39655,396780544,1907,0,0,0
52.6311,39656,396790544,1923,0,0,0
52.6412,39657,396800544,1955,0,0,0
52.6512,39658,396810544,1971,0,0,0
52.6610,39659,396820544,2002,0,0,0
52.6709,39660,396830544,2003,0,0,0
52.6810,39661,396840544,1991,0,0,0
52.6911,39662,396850544,1968,0,0,0
52.7011,39663,396860544,1922,0,0,0
52.7113,39664,396870544,1869,0,0,0
52.7211,39665,396880544,1828,0,0,0
52.7311,39666,396890544,1787,0,0,0
52.7410,39667,396900544,1770,0,0,0
52.7510,39668,396910544,1755,0,0,0
52.7610,39669,396920544,1755,0,0,0
52.7711,39670,396930544,1760,0,0,0
52.7809,39671,396940544,1763,0,0,0
52.7911,39672,396950544,1766,0,0,0
52.8010,39673,396960544,1771,0,0,0
52.8109,39674,396970544,1779,0,0,0
52.8211,39675,396980544,1781,0,0,0
52.8309,39676,396990544,1778,0,0,0
52.8410,39677,397000544,1788,0,0,0
52.8511,39678,397010544,1781,0,0,0
52.8612,39679,397020544,1798,0,0,0
52.8709,39680,397030544,1793,0,0,0
52.8811,39681,397040544,1796,0,0,0
52.8911,39682,397050544,1803,0,0,0
52.9012,39683,397060544,1799,0,0,0
52.9111,39684,397070544,1799,0,0,0
52.9211,39685,397080544,1805,0,0,0
52.9313,39686,397090544,1808,0,0,0
52.9411,39687,397100544,1811,0,0,0
52.9510,39688,397110544,1813,0,0,0
52.9612,39689,397120544,1815,0,0,0
52.9711,39690,397130544,1806,0,0,0
52.9810,39691,397140544,1814,0,0,0
52.9911,39692,397150544,1816,0,0,0
53.0010,39693,397160544,1819,0,0,0
53.0109,39694,397170544,1820,0,0,0
53.0210,39695,397180544,1823,0,0,0
53.0312,39696,397190544,1818,0,0,0
53.0412,39697,397200544,1809,0,0,0
53.0511,39698,397210544,1815,0,0,0
53.0612,39699,397220544,1823,0,0,0
53.0711,39700,397230544,1859,0,0,0
53.0814,39701,397240544,1893,0,0,0
53.0912,39702,397250544,1939,0,0,0
53.1011,39703,397260544,1943,0,0,0
53.1110,39704,397270544,1869,0,0,0
53.1211,39705,397280544,1839,0,0,0
53.1310,39706,397290544,1807,0,0,0
53.1410,39707,397300544,1791,0,0,0
53.1511,39708,397310544,1779,0,0,0
53.1617,39709,397320544,1773,0,0,0
53.1718,39710,397330544,1763,0,0,0
53.1811,39711,397340544,1763,0,0,0
53.1910,39712,397350544,1729,0,0,0
53.2012,39713,397360544,1657,0,0,0
53.2111,39714,397370544,1954,0,0,0
53.2210,39715,397380544,2611,0,0,0
53.2311,39716,397390544,3415,0,0,0
53.2411,39717,397400544,2292,0,0,0
53.2510,39718,397410544,1571,0,0,0
53.2610,39719,397420544,1379,0,0,0
53.2711,39720,397430544,1583,0,0,0
53.2810,39721,397440544,1711,0,0,0
53.2912,39722,397450544,1717,0,0,0
53.3012,39723,397460544,1733,0,0,0
53.3110,39724,397470544,1760,0,0,0
53.3210,39725,397480544,1776,0,0,0
53.3312,39726,397490544,1781,0,0,0
53.3412,39727,397500544,1790,0,0,0
53.3510,39728,397510544,1805,0,0,0
53.3614,39729,397520544,1815,0,0,0
53.3711,39730,397530544,1841,0,0,0
53.3812,39731,397540544,1859,0,0,0
53.3913,39732,397550544,1879,0,0,0
53.4011,39733,397560544,1904,0,0,0
53.4110,39734,397570544,1929,0,0,0
53.4216,39735,397580544,1954,0,0,0
53.4310,39736,397590544,1975,0,0,0
53.4413,39737,397600544,1997,0,0,0
53.4513,39738,397610544,2000,0,0,0
53.4612,39739,397620544,1980,0,0,0
53.4710,39740,397630544,1948,0,0,0
53.4810,39741,397640544,1891,0,0,0
53.4909,39742,397650544,1833,0,0,0
53.5009,39743,397660544,1791,0,0,0
53.5111,39744,397670544,1759,0,0,0
53.5209,39745,397680544,1749,0,0,0
53.5310,39746,397690544,1745,0,0,0
53.5411,39747,397700544,1739,0,0,0
53.5510,39748,397710544,1747,0,0,0
53.5610,39749,397720544,1754,0,0,0
53.5712,39750,397730544,1751,0,0,0
53.5810,39751,397740544,1751,0,0,0
53.5911,39752,397750544,1766,0,0,0
53.6013,39753,397760544,1775,0,0,0
53.6112,39754,397770544,1779,0,0,0
53.6213,39755,397780544,1792,0,0,0
53.6313,39756,397790544,1793,0,0,0
53.6409,39757,397800544,1803,0,0,0
53.6511,39758,397810544,1808,0,0,0
53.6611,39759,397820544,1814,0,0,0
53.6710,39760,397830544,1808,0,0,0
53.6810,39761,397840544,1807,0,0,0
53.6910,39762,397850544,1808,0,0,0
53.7010,39763,397860544,1802,0,0,0
53.7110,39764,397870544,1804,0,0,0
53.7211,39765,397880544,1807,0,0,0
53.7310,39766,397890544,1810,0,0,0
53.7411,39767,397900544,1807,0,0,0
53.7510,39768,397910544,1811,0,0,0
53.7609,39769,397920544,1809,0,0,0
53.7713,39770,397930544,1810,0,0,0
53.7812,39771,397940544,1808,0,0,0
53.7909,39772,397950544,1817,0,0,0
53.8009,39773,397960544,1819,0,0,0
53.8109,39774,397970544,1815,0,0,0
53.8209,39775,397980544,1810,0,0,0
53.8311,39776,397990544,1826,0,0,0
53.8409,39777,398000544,1827,0,0,0
53.8509,39778,398010544,1843,0,0,0
53.8611,39779,398020544,1871,0,0,0
53.8711,39780,398030544,1923,0,0,0
53.8812,39781,398040544,1961,0,0,0
53.8911,39782,398050544,1987,0,0,0
53.9013,39783,398060544,1904,0,0,0
53.9110,39784,398070544,1856,0,0,0
53.9209,39785,398080544,1830,0,0,0
53.9310,39786,398090544,1818,0,0,0
53.9409,39787,398100544,1808,0,0,0
53.9511,39788,398110544,1806,0,0,0
53.9612,39789,398120544,1801,0,0,0
53.9709,39790,398130544,1797,0,0,0
53.9811,39791,398140544,1776,0,0,0
53.9911,39792,398150544,1703,0,0,0
54.0010,39793,398160544,1918,0,0,0
54.0111,39794,398170544,2526,0,0,0
54.0212,39795,398180544,3418,0,0,0
54.0311,39796,398190544,2505,0,0,0
54.0412,39797,398200544,1627,0,0,0
54.0512,39798,398210544,1427,0,0,0
54.0609,39799,398220544,1596,0,0,0
54.0710,39800,398230544,1738,0,0,0
54.0812,39801,398240544,1743,0,0,0
54.0911,39802,398250544,1763,0,0,0
54.1016,39803,398260544,1785,0,0,0
54.1109,39804,398270544,1789,0,0,0
54.1210,39805,398280544,1803,0,0,0
54.1313,39806,398290544,1815,0,0,0
54.1413,39807,398300544,1825,0,0,0
54.1516,39808,398310544,1840,0,0,0
54.1627,39809,398320544,1849,0,0,0
54.1708,39810,398330544,1871,0,0,0
54.1812,39811,398340544,1890,0,0,0
54.1913,39812,398350544,1910,0,0,0
54.2011,39813,398360544,1934,0,0,0
54.2109,39814,398370544,1957,0,0,0
54.2210,39815,398380544,1968,0,0,0
54.2309,39816,398390544,1991,0,0,0
54.2410,39817,398400544,2000,0,0,0
54.2510,39818,398410544,1991,0,0,0
54.2609,39819,398420544,1948,0,0,0
54.2710,39820,398430544,1901,0,0,0
54.2809,39821,398440544,1840,0,0,0
54.2912,39822,398450544,1805,0,0,0
54.3013,39823,398460544,1769,0,0,0
54.3111,39824,398470544,1758,0,0,0
54.3212,39825,398480544,1743,0,0,0
54.3311,39826,398490544,1743,0,0,0
54.3408,39827,398500544,1744,0,0,0
54.3509,39828,398510544,1759,0,0,0
54.3613,39829,398520544,1755,0,0,0
54.3709,39830,398530544,1759,0,0,0
54.3810,39831,398540544,1759,0,0,0
54.3909,39832,398550544,1776,0,0,0
54.4010,39833,398560544,1777,0,0,0
54.4109,39834,398570544,1794,0,0,0
54.4209,39835,398580544,1784,0,0,0
54.4309,39836,398590544,1788,0,0,0
54.4413,39837,398600544,1787,0,0,0
54.4509,39838,398610544,1805,0,0,0
54.4610,39839,398620544,1797,0,0,0
54.4711,39840,398630544,1802,0,0,0
54.4809,39841,398640544,1798,0,0,0
54.4909,39842,398650544,1813,0,0,0
54.5010,39843,398660544,1808,0,0,0
54.5111,39844,398670544,1831,0,0,0
54.5211,39845,398680544,1813,0,0,0
54.5311,39846,398690544,1820,0,0,0
54.5409,39847,398700544,1818,0,0,0
54.5510,39848,398710544,1827,0,0,0
54.5610,39849,398720544,1825,0,0,0
54.5710,39850,398730544,1824,0,0,0
54.5810,39851,398740544,1833,0,0,0
54.5910,39852,398750544,1829,0,0,0
54.6010,39853,398760544,1824,0,0,0
54.6109,39854,398770544,1831,0,0,0
54.6211,39855,398780544,1835,0,0,0
54.6310,39856,398790544,1840,0,0,0
54.6411,39857,398800544,1841,0,0,0
54.6522,39858,398810544,1831,0,0,0
54.6610,39859,398820544,1837,0,0,0
54.6709,39860,398830544,1850,0,0,0
54.6811,39861,398840544,1856,0,0,0
54.6911,39862,398850544,1904,0,0,0
54.7009,39863,398860544,1935,0,0,0
54.7111,39864,398870544,1990,0,0,0
54.7209,39865,398880544,1965,0,0,0
54.7310,39866,398890544,1890,0,0,0
54.7409,39867,398900544,1841,0,0,0
54.7509,39868,398910544,1834,0,0,0
54.7612,39869,398920544,1815,0,0,0
54.7713,39870,398930544,1809,0,0,0
54.7811,39871,398940544,1799,0,0,0
54.7911,39872,398950544,1807,0,0,0
54.8012,39873,398960544,1792,0,0,0
54.8111,39874,398970544,1751,0,0,0
54.8211,39875,398980544,1712,0,0,0
54.8313,39876,398990544,2118,0,0,0
54.8410,39877,399000544,2842,0,0,0
54.8510,39878,399010544,3329,0,0,0
54.8611,39879,399020544,2027,0,0,0
54.8711,39880,399030544,1579,0,0,0
54.8809,39881,399040544,1424,0,0,0
54.8915,39882,399050544,1654,0,0,0
54.9009,39883,399060544,1755,0,0,0
54.9133,39884,399070544,1758,0,0,0
54.9212,39885,399080544,1767,0,0,0
54.9309,39886,399090544,1796,0,0,0
54.9409,39887,399100544,1801,0,0,0
54.9510,39888,399110544,1821,0,0,0
54.9609,39889,399120544,1832,0,0,0
54.9709,39890,399130544,1849,0,0,0
54.9810,39891,399140544,1851,0,0,0
54.9909,39892,399150544,1867,0,0,0
55.0010,39893,399160544,1881,0,0,0
55.0109,39894,399170544,1914,0,0,0
55.0211,39895,399180544,1920,0,0,0
55.0309,39896,399190544,1955,0,0,0
55.0410,39897,399200544,1969,0,0,0
55.0510,39898,399210544,2000,0,0,0
55.0612,39899,399220544,2000,0,0,0
55.0711,39900,399230544,2015,0,0,0
55.0812,39901,399240544,1990,0,0,0
55.0910,39902,399250544,1955,0,0,0
55.1012,39903,399260544,1889,0,0,0
55.1111,39904,399270544,1853,0,0,0
55.1211,39905,399280544,1792,0,0,0
55.1310,39906,399290544,1783,0,0,0
55.1409,39907,399300544,1759,0,0,0
55.1510,39908,399310544,1765,0,0,0
55.1642,39909,399320544,1757,0,0,0
55.1712,39910,399330544,1766,0,0,0
55.1810,39911,399340544,1767,0,0,0
55.1911,39912,399350544,1776,0,0,0
55.2014,39913,399360544,1783,0,0,0
55.2109,39914,399370544,1788,0,0,0
55.2213,39915,399380544,1782,0,0,0
55.2312,39916,399390544,1804,0,0,0
55.2410,39917,399400544,1791,0,0,0
55.2511,39918,399410544,1807,0,0,0
55.2609,39919,399420544,1805,0,0,0
55.2709,39920,399430544,1814,0,0,0
55.2810,39921,399440544,1820,0,0,0
55.2910,39922,399450544,1831,0,0,0
55.3013,39923,399460544,1819,0,0,0
55.3111,39924,399470544,1825,0,0,0
55.3211,39925,399480544,1826,0,0,0
55.3311,39926,399490544,1840,0,0,0
55.3412,39927,399500544,1826,0,0,0
55.3510,39928,399510544,1833,0,0,0
55.3611,39929,399520544,1833,0,0,0
55.3712,39930,399530544,1840,0,0,0
55.3811,39931,399540544,1827,0,0,0
55.3911,39932,399550544,1840,0,0,0
55.4012,39933,399560544,1833,0,0,0
55.4110,39934,399570544,1840,0,0,0
55.4217,39935,399580544,1839,0,0,0
55.4311,39936,399590544,1843,0,0,0
55.4412,39937,399600544,1840,0,0,0
55.4511,39938,399610544,1855,0,0,0
55.4610,39939,399620544,1843,0,0,0
55.4709,39940,399630544,1854,0,0,0
55.4812,39941,399640544,1855,0,0,0
55.4910,39942,399650544,1859,0,0,0
55.5009,39943,399660544,1841,0,0,0
55.5110,39944,399670544,1872,0,0,0
55.5210,39945,399680544,1913,0,0,0
55.5311,39946,399690544,1947,0,0,0
55.5409,39947,399700544,1994,0,0,0
55.5510,39948,399710544,1975,0,0,0
55.5609,39949,399720544,1900,0,0,0
55.5711,39950,399730544,1872,0,0,0
55.5812,39951,399740544,1843,0,0,0
55.5912,39952,399750544,1841,0,0,0
55.6011,39953,399760544,1819,0,0,0
55.6112,39954,399770544,1823,0,0,0
55.6211,39955,399780544,1812,0,0,0
55.6312,39956,399790544,1812,0,0,0
55.6412,39957,399800544,1757,0,0,0
55.6509,39958,399810544,1753,0,0,0
55.6611,39959,399820544,2160,0,0,0
55.6710,39960,399830544,2903,0,0,0
55.6812,39961,399840544,3310,0,0,0
55.6911,39962,399850544,2031,0,0,0
55.7010,39963,399860544,1594,0,0,0
55.7109,39964,399870544,1429,0,0,0
55.7210,39965,399880544,1648,0,0,0
55.7310,39966,399890544,1767,0,0,0
55.7409,39967,399900544,1762,0,0,0
55.7511,39968,399910544,1794,0,0,0
55.7612,39969,399920544,1806,0,0,0
55.7714,39970,399930544,1815,0,0,0
55.7811,39971,399940544,1819,0,0,0
55.7912,39972,399950544,1843,0,0,0
55.8010,39973,399960544,1840,0,0,0
55.8109,39974,399970544,1865,0,0,0
55.8212,39975,399980544,1871,0,0,0
55.8309,39976,399990544,1892,0,0,0
55.8411,39977,400000544,1904,0,0,0
55.8509,39978,400010544,1926,0,0,0
55.8611,39979,400020544,1938,0,0,0
55.8710,39980,400030544,1971,0,0,0
55.8809,39981,400040544,1979,0,0,0
55.8910,39982,400050544,1999,0,0,0
55.9015,39983,400060544,1987,0,0,0
55.9117,39984,400070544,1973,0,0,0
55.9210,39985,400080544,1935,0,0,0
55.9314,39986,400090544,1889,0,0,0
55.9410,39987,400100544,1827,0,0,0
55.9511,39988,400110544,1795,0,0,0
55.9610,39989,400120544,1762,0,0,0
55.9710,39990,400130544,1760,0,0,0
55.9810,39991,400140544,1753,0,0,0
55.9912,39992,400150544,1763,0,0,0
56.0009,39993,400160544,1753,0,0,0
56.0109,39994,400170544,1772,0,0,0
56.0209,39995,400180544,1766,0,0,0
56.0309,39996,400190544,1776,0,0,0
56.0409,39997,400200544,1776,0,0,0
56.0512,39998,400210544,1791,0,0,0
56.0609,39999,400220544,1791,0,0,0
56.0709,40000,400230544,1799,0,0,0
56.0810,40001,400240544,1792,0,0,0
56.0910,40002,400250544,1806,0,0,0
56.1010,40003,400260544,1795,0,0,0
56.1111,40004,400270544,1814,0,0,0
56.1210,40005,400280544,1802,0,0,0
56.1311,40006,400290544,1808,0,0,0
56.1412,40007,400300544,1798,0,0,0
56.1509,40008,400310544,1806,0,0,0
56.1608,40009,400320544,1791,0,0,0
56.1711,40010,400330544,1808,0,0,0
56.1809,40011,400340544,1794,0,0,0
56.1911,40012,400350544,1801,0,0,0
56.2009,40013,400360544,1798,0,0,0
56.2109,40014,400370544,1803,0,0,0
56.2212,40015,400380544,1803,0,0,0
56.2311,40016,400390544,1808,0,0,0
56.2411,40017,400400544,1808,0,0,0
56.2509,40018,400410544,1817,0,0,0
56.2610,40019,400420544,1805,0,0,0
56.2710,40020,400430544,1819,0,0,0
56.2812,40021,400440544,1810,0,0,0
56.2912,40022,400450544,1819,0,0,0
56.3010,40023,400460544,1818,0,0,0
56.3112,40024,400470544,1833,0,0,0
56.3212,40025,400480544,1819,0,0,0
56.3312,40026,400490544,1831,0,0,0
56.3413,40027,400500544,1821,0,0,0
56.3511,40028,400510544,1836,0,0,0
56.3613,40029,400520544,1825,0,0,0
56.3709,40030,400530544,1835,0,0,0
56.3811,40031,400540544,1822,0,0,0
56.3912,40032,400550544,1835,0,0,0
56.4010,40033,400560544,1835,0,0,0
56.4111,40034,400570544,1867,0,0,0
56.4212,40035,400580544,1919,0,0,0
56.4312,40036,400590544,1949,0,0,0
56.4411,40037,400600544,1977,0,0,0
56.4512,40038,400610544,1905,0,0,0
56.4612,40039,400620544,1845,0,0,0
56.4708,40040,400630544,1837,0,0,0
56.4810,40041,400640544,1809,0,0,0
56.4909,40042,400650544,1818,0,0,0
56.5009,40043,400660544,1798,0,0,0
56.5110,40044,400670544,1806,0,0,0
56.5209,40045,400680544,1795,0,0,0
56.5311,40046,400690544,1782,0,0,0
56.5411,40047,400700544,1691,0,0,0
56.5511,40048,400710544,1901,0,0,0
56.5612,40049,400720544,2498,0,0,0
56.5713,40050,400730544,3398,0,0,0
56.5810,40051,400740544,2549,0,0,0
56.5911,40052,400750544,1635,0,0,0
56.6013,40053,400760544,1411,0,0,0
56.6111,40054,400770544,1599,0,0,0
56.6213,40055,400780544,1735,0,0,0
56.6308,40056,400790544,1744,0,0,0
56.6412,40057,400800544,1756,0,0,0
56.6510,40058,400810544,1787,0,0,0
56.6614,40059,400820544,1785,0,0,0
56.6709,40060,400830544,1808,0,0,0
56.6809,40061,400840544,1808,0,0,0
56.6910,40062,400850544,1831,0,0,0
56.7010,40063,400860544,1837,0,0,0
56.7109,40064,400870544,1862,0,0,0
56.7210,40065,400880544,1872,0,0,0
56.7310,40066,400890544,1894,0,0,0
56.7409,40067,400900544,1916,0,0,0
56.7509,40068,400910544,1937,0,0,0
56.7610,40069,400920544,1962,0,0,0
56.7710,40070,400930544,1998,0,0,0
56.7812,40071,400940544,1999,0,0,0
56.7911,40072,400950544,2013,0,0,0
56.8012,40073,400960544,1990,0,0,0
56.8111,40074,400970544,1959,0,0,0
56.8215,40075,400980544,1910,0,0,0
56.8310,40076,400990544,1866,0,0,0
56.8411,40077,401000544,1808,0,0,0
56.8511,40078,401010544,1772,0,0,0
56.8611,40079,401020544,1748,0,0,0
56.8709,40080,401030544,1745,0,0,0
56.8810,40081,401040544,1735,0,0,0
56.8909,40082,401050544,1743,0,0,0
56.9012,40083,401060544,1742,0,0,0
56.9112,40084,401070544,1748,0,0,0
56.9210,40085,401080544,1755,0,0,0
56.9310,40086,401090544,1753,0,0,0
56.9409,40087,401100544,1759,0,0,0
56.9509,40088,401110544,1776,0,0,0
56.9609,40089,401120544,1779,0,0,0
56.9710,40090,401130544,1789,0,0,0
56.9810,40091,401140544,1789,0,0,0
56.9909,40092,401150544,1791,0,0,0
57.0010,40093,401160544,1782,0,0,0
57.0112,40094,401170544,1795,0,0,0
57.0209,40095,401180544,1793,0,0,0
57.0312,40096,401190544,1798,0,0,0
57.0411,40097,401200544,1792,0,0,0
57.0509,40098,401210544,1797,0,0,0
57.0615,40099,401220544,1794,0,0,0
57.0708,40100,401230544,1799,0,0,0
57.0810,40101,401240544,1808,0,0,0
57.0912,40102,401250544,1808,0,0,0
57.1009,40103,401260544,1810,0,0,0
57.1110,40104,401270544,1815,0,0,0
57.1211,40105,401280544,1811,0,0,0
57.1311,40106,401290544,1825,0,0,0
57.1408,40107,401300544,1819,0,0,0
57.1509,40108,401310544,1801,0,0,0
57.1619,40109,401320544,1818,0,0,0
57.1712,40110,401330544,1830,0,0,0
57.1811,40111,401340544,1822,0,0,0
57.1910,40112,401350544,1831,0,0,0
57.2009,40113,401360544,1825,0,0,0
57.2110,40114,401370544,1829,0,0,0
57.2212,40115,401380544,1827,0,0,0
57.2312,40116,401390544,1831,0,0,0
57.2409,40117,401400544,1830,0,0,0
57.2509,40118,401410544,1835,0,0,0
57.2610,40119,401420544,1837,0,0,0
57.2709,40120,401430544,1839,0,0,0
57.2811,40121,401440544,1834,0,0,0
57.2909,40122,401450544,1841,0,0,0
57.3009,40123,401460544,1845,0,0,0
57.3109,40124,401470544,1849,0,0,0
57.3210,40125,401480544,1841,0,0,0
57.3310,40126,401490544,1847,0,0,0
57.3411,40127,401500544,1846,0,0,0
57.3510,40128,401510544,1850,0,0,0
57.3611,40129,401520544,1840,0,0,0
57.3710,40130,401530544,1847,0,0,0
57.3811,40131,401540544,1847,0,0,0
57.3910,40132,401550544,1856,0,0,0
57.4009,40133,401560544,1869,0,0,0
57.4117,40134,401570544,1903,0,0,0
57.4209,40135,401580544,1937,0,0,0
57.4310,40136,401590544,1953,0,0,0
57.4409,40137,401600544,1962,0,0,0
57.4510,40138,401610544,1901,0,0,0
57.4610,40139,401620544,1872,0,0,0
57.4709,40140,401630544,1851,0,0,0
57.4809,40141,401640544,1843,0,0,0
57.4909,40142,401650544,1840,0,0,0
57.5010,40143,401660544,1831,0,0,0
57.5110,40144,401670544,1838,0,0,0
57.5211,40145,401680544,1835,0,0,0
57.5312,40146,401690544,1795,0,0,0
57.5411,40147,401700544,1745,0,0,0
57.5510,40148,401710544,2122,0,0,0
57.5612,40149,401720544,2833,0,0,0
57.5712,40150,401730544,3414,0,0,0
57.5810,40151,401740544,2093,0,0,0
57.5912,40152,401750544,1587,0,0,0
57.6010,40153,401760544,1484,0,0,0
57.6112,40154,401770544,1705,0,0,0
57.6211,40155,401780544,1774,0,0,0
57.6309,40156,401790544,1783,0,0,0
57.6412,40157,401800544,1797,0,0,0
57.6510,40158,401810544,1807,0,0,0
57.6612,40159,401820544,1803,0,0,0
57.6725,40160,401830544,1831,0,0,0
57.6816,40161,401840544,1839,0,0,0
57.6908,40162,401850544,1852,0,0,0
57.7011,40163,401860544,1856,0,0,0
57.7116,40164,401870544,1865,0,0,0
57.7209,40165,401880544,1873,0,0,0
57.7310,40166,401890544,1904,0,0,0
57.7410,40167,401900544,1909,0,0,0
57.7512,40168,401910544,1938,0,0,0
57.7610,40169,401920544,1965,0,0,0
57.7709,40170,401930544,1990,0,0,0
57.7809,40171,401940544,1993,0,0,0
57.7911,40172,401950544,2003,0,0,0
57.8011,40173,401960544,1990,0,0,0
57.8110,40174,401970544,1950,0,0,0
57.8212,40175,401980544,1900,0,0,0
57.8311,40176,401990544,1851,0,0,0
57.8411,40177,402000544,1799,0,0,0
57.8512,40178,402010544,1771,0,0,0
57.8610,40179,402020544,1744,0,0,0
57.8710,40180,402030544,1744,0,0,0
57.8809,40181,402040544,1744,0,0,0
57.8914,40182,402050544,1744,0,0,0
57.9009,40183,402060544,1755,0,0,0
57.9110,40184,402070544,1755,0,0,0
57.9209,40185,402080544,1763,0,0,0
57.9310,40186,402090544,1770,0,0,0
57.9410,40187,402100544,1778,0,0,0
57.9509,40188,402110544,1787,0,0,0
57.9612,40189,402120544,1791,0,0,0
57.9709,40190,402130544,1801,0,0,0
57.9809,40191,402140544,1790,0,0,0
57.9909,40192,402150544,1808,0,0,0
58.0011,40193,402160544,1803,0,0,0
58.0109,40194,402170544,1804,0,0,0
58.0209,40195,402180544,1795,0,0,0
58.0310,40196,402190544,1808,0,0,0
58.0412,40197,402200544,1808,0,0,0
58.0512,40198,402210544,1808,0,0,0
58.0613,40199,402220544,1808,0,0,0
58.0711,40200,402230544,1809,0,0,0
58.0813,40201,402240544,1802,0,0,0
58.0912,40202,402250544,1810,0,0,0
58.1010,40203,402260544,1811,0,0,0
58.1113,40204,402270544,1814,0,0,0
58.1210,40205,402280544,1818,0,0,0
58.1309,40206,402290544,1825,0,0,0
58.1410,40207,402300544,1826,0,0,0
58.1509,40208,402310544,1831,0,0,0
58.1615,40209,402320544,1833,0,0,0
58.1714,40210,402330544,1829,0,0,0
58.1808,40211,402340544,1835,0,0,0
58.1910,40212,402350544,1832,0,0,0
58.2011,40213,402360544,1835,0,0,0
58.2111,40214,402370544,1835,0,0,0
58.2208,40215,402380544,1840,0,0,0
58.2310,40216,402390544,1841,0,0,0
58.2409,40217,402400544,1840,0,0,0
58.2510,40218,402410544,1830,0,0,0
58.2611,40219,402420544,1841,0,0,0
58.2709,40220,402430544,1842,0,0,0
58.2809,40221,402440544,1843,0,0,0
58.2910,40222,402450544,1842,0,0,0
58.3011,40223,402460544,1840,0,0,0
58.3110,40224,402470544,1845,0,0,0
58.3212,40225,402480544,1845,0,0,0
58.3311,40226,402490544,1859,0,0,0
58.3411,40227,402500544,1852,0,0,0
58.3511,40228,402510544,1859,0,0,0
58.3609,40229,402520544,1881,0,0,0
58.3710,40230,402530544,1910,0,0,0
58.3811,40231,402540544,1935,0,0,0
58.3910,40232,402550544,1952,0,0,0
58.4009,40233,402560544,1887,0,0,0
58.4113,40234,402570544,1847,0,0,0
58.4218,40235,402580544,1849,0,0,0
58.4311,40236,402590544,1840,0,0,0
58.4410,40237,402600544,1840,0,0,0
58.4509,40238,402610544,1838,0,0,0
58.4611,40239,402620544,1840,0,0,0
58.4710,40240,402630544,1829,0,0,0
58.4809,40241,402640544,1773,0,0,0
58.4911,40242,402650544,1777,0,0,0
58.5011,40243,402660544,2206,0,0,0
58.5109,40244,402670544,2973,0,0,0
58.5209,40245,402680544,3280,0,0,0
58.5310,40246,402690544,1981,0,0,0
58.5409,40247,402700544,1590,0,0,0
58.5511,40248,402710544,1429,0,0,0
58.5613,40249,402720544,1659,0,0,0
58.5711,40250,402730544,1761,0,0,0
58.5810,40251,402740544,1766,0,0,0
58.5912,40252,402750544,1782,0,0,0
58.6010,40253,402760544,1805,0,0,0
58.6110,40254,402770544,1813,0,0,0
58.6212,40255,402780544,1821,0,0,0
58.6311,40256,402790544,1827,0,0,0
58.6410,40257,402800544,1840,0,0,0
58.6512,40258,402810544,1851,0,0,0
58.6610,40259,402820544,1867,0,0,0
58.6711,40260,402830544,1872,0,0,0
58.6809,40261,402840544,1904,0,0,0
58.6912,40262,402850544,1917,0,0,0
58.7012,40263,402860544,1937,0,0,0
58.7111,40264,402870544,1969,0,0,0
58.7209,40265,402880544,2000,0,0,0
58.7309,40266,402890544,2002,0,0,0
58.7411,40267,402900544,2007,0,0,0
58.7509,40268,402910544,2000,0,0,0
58.7610,40269,402920544,1959,0,0,0
58.7710,40270,402930544,1906,0,0,0
58.7810,40271,402940544,1843,0,0,0
58.7911,40272,402950544,1795,0,0,0
58.8013,40273,402960544,1765,0,0,0
58.8113,40274,402970544,1756,0,0,0
58.8212,40275,402980544,1751,0,0,0
58.8312,40276,402990544,1747,0,0,0
58.8412,40277,403000544,1763,0,0,0
58.8510,40278,403010544,1765,0,0,0
58.8611,40279,403020544,1775,0,0,0
58.8711,40280,403030544,1770,0,0,0
58.8809,40281,403040544,1779,0,0,0
58.8915,40282,403050544,1782,0,0,0
58.9012,40283,403060544,1805,0,0,0
58.9111,40284,403070544,1795,0,0,0
58.9211,40285,403080544,1808,0,0,0
58.9309,40286,403090544,1807,0,0,0
58.9408,40287,403100544,1823,0,0,0
58.9510,40288,403110544,1819,0,0,0
58.9611,40289,403120544,1839,0,0,0
58.9709,40290,403130544,1835,0,0,0
58.9811,40291,403140544,1842,0,0,0
58.9909,40292,403150544,1834,0,0,0
59.0009,40293,403160544,1840,0,0,0
59.0109,40294,403170544,1833,0,0,0
59.0209,40295,403180544,1840,0,0,0
59.0311,40296,403190544,1833,0,0,0
59.0410,40297,403200544,1841,0,0,0
59.0509,40298,403210544,1840,0,0,0
59.0610,40299,403220544,1845,0,0,0
59.0710,40300,403230544,1843,0,0,0
59.0809,40301,403240544,1856,0,0,0
59.0912,40302,403250544,1850,0,0,0
59.1011,40303,403260544,1852,0,0,0
59.1110,40304,403270544,1846,0,0,0
59.1211,40305,403280544,1849,0,0,0
59.1311,40306,403290544,1840,0,0,0
59.1409,40307,403300544,1853,0,0,0
59.1510,40308,403310544,1847,0,0,0
59.1611,40309,403320544,1862,0,0,0
59.1709,40310,403330544,1855,0,0,0
59.1815,40311,403340544,1855,0,0,0
59.1911,40312,403350544,1851,0,0,0
59.2010,40313,403360544,1859,0,0,0
59.2113,40314,403370544,1848,0,0,0
59.2210,40315,403380544,1857,0,0,0
59.2309,40316,403390544,1850,0,0,0
59.2410,40317,403400544,1853,0,0,0
59.2511,40318,403410544,1844,0,0,0
59.2610,40319,403420544,1857,0,0,0
59.2709,40320,403430544,1854,0,0,0
59.2810,40321,403440544,1891,0,0,0
59.2909,40322,403450544,1934,0,0,0
59.3009,40323,403460544,1967,0,0,0
59.3108,40324,403470544,1987,0,0,0
59.3210,40325,403480544,1922,0,0,0
59.3309,40326,403490544,1871,0,0,0
59.3410,40327,403500544,1855,0,0,0
59.3510,40328,403510544,1827,0,0,0
59.3610,40329,403520544,1831,0,0,0
59.3712,40330,403530544,1812,0,0,0
59.3811,40331,403540544,1822,0,0,0
59.3911,40332,403550544,1809,0,0,0
59.4011,40333,403560544,1798,0,0,0
59.4123,40334,403570544,1706,0,0,0
59.4210,40335,403580544,1914,0,0,0
59.4309,40336,403590544,2514,0,0,0
59.4413,40337,403600544,3426,0,0,0
59.4511,40338,403610544,2601,0,0,0
59.4610,40339,403620544,1664,0,0,0
59.4710,40340,403630544,1403,0,0,0
59.4809,40341,403640544,1557,0,0,0
59.4910,40342,403650544,1723,0,0,0
59.5010,40343,403660544,1739,0,0,0
59.5123,40344,403670544,1744,0,0,0
59.5210,40345,403680544,1767,0,0,0
59.5309,40346,403690544,1772,0,0,0
59.5409,40347,403700544,1795,0,0,0
59.5510,40348,403710544,1786,0,0,0
59.5609,40349,403720544,1807,0,0,0
59.5710,40350,403730544,1808,0,0,0
59.5812,40351,403740544,1830,0,0,0
59.5910,40352,403750544,1838,0,0,0
59.6012,40353,403760544,1863,0,0,0
59.6117,40354,403770544,1875,0,0,0
59.6209,40355,403780544,1907,0,0,0
59.6310,40356,403790544,1931,0,0,0
59.6411,40357,403800544,1967,0,0,0
59.6512,40358,403810544,1982,0,0,0
59.6614,40359,403820544,1994,0,0,0
59.6710,40360,403830544,1974,0,0,0
59.6811,40361,403840544,1951,0,0,0
59.6912,40362,403850544,1902,0,0,0
59.7012,40363,403860544,1853,0,0,0
59.7110,40364,403870544,1789,0,0,0
59.7209,40365,403880544,1758,0,0,0
59.7310,40366,403890544,1730,0,0,0
59.7411,40367,403900544,1729,0,0,0
59.7510,40368,403910544,1714,0,0,0
59.7613,40369,403920544,1726,0,0,0
59.7711,40370,403930544,1682,0,0,0
59.7810,40371,403940544,1738,0,0,0
59.7910,40372,403950544,1731,0,0,0
59.8011,40373,403960544,1750,0,0,0
59.8111,40374,403970544,1745,0,0,0
59.8212,40375,403980544,1759,0,0,0
59.8310,40376,403990544,1762,0,0,0
59.8410,40377,404000544,1778,0,0,0
59.8511,40378,404010544,1777,0,0,0
59.8610,40379,404020544,1783,0,0,0
59.8710,40380,404030544,1787,0,0,0
59.8810,40381,404040544,1803,0,0,0
59.8911,40382,404050544,1791,0,0,0
59.9018,40383,404060544,1808,0,0,0
59.9109,40384,404070544,1794,0,0,0
59.9210,40385,404080544,1803,0,0,0
59.9311,40386,404090544,1794,0,0,0
59.9412,40387,404100544,1808,0,0,0
59.9509,40388,404110544,1802,0,0,0
59.9612,40389,404120544,1814,0,0,0
59.9710,40390,404130544,1808,0,0,0
59.9811,40391,404140544,1819,0,0,0
59.9909,40392,404150544,1805,0,0,0
60.0008,40393,404160544,1815,0,0,0
60.0161,40394,404170544,1808,0,0,0
60.0209,40395,404180544,1819,0,0,0
60.0334,40396,404190544,1812,0,0,0
60.0458,40397,404200544,1826,0,0,0
60.0522,40398,404210544,1819,0,0,0
60.0661,40399,404220544,1829,0,0,0
60.0709,40400,404230544,1811,0,0,0
60.0810,40401,404240544,1814,0,0,0
60.0910,40402,404250544,1809,0,0,0
60.1011,40403,404260544,1831,0,0,0
60.1111,40404,404270544,1808,0,0,0
60.1211,40405,404280544,1815,0,0,0
60.1311,40406,404290544,1819,0,0,0
60.1410,40407,404300544,1829,0,0,0
60.1511,40408,404310544,1819,0,0,0
60.1612,40409,404320544,1823,0,0,0
60.1766,40410,404330544,1821,0,0,0
60.1854,40411,404340544,1836,0,0,0
60.1910,40412,404350544,1825,0,0,0
60.2089,40413,404360544,1835,0,0,0
60.2183,40414,404370544,1827,0,0,0
60.2209,40415,404380544,1865,0,0,0
60.2381,40416,404390544,1903,0,0,0
60.2439,40417,404400544,1946,0,0,0
60.2509,40418,404410544,1983,0,0,0
60.2625,40419,404420544,1949,0,0,0
60.2709,40420,404430544,1857,0,0,0
60.2809,40421,404440544,1850,0,0,0
60.2909,40422,404450544,1823,0,0,0
60.3009,40423,404460544,1819,0,0,0
60.3111,40424,404470544,1806,0,0,0
60.3211,40425,404480544,1795,0,0,0
60.3311,40426,404490544,1787,0,0,0
60.3413,40427,404500544,1794,0,0,0
60.3510,40428,404510544,1728,0,0,0
60.3613,40429,404520544,1760,0,0,0
60.3747,40430,404530544,2227,0,0,0
60.3851,40431,404540544,3052,0,0,0
60.3913,40432,404550544,3141,0,0,0
60.4060,40433,404560544,1845,0,0,0
60.4112,40434,404570544,1487,0,0,0
60.4212,40435,404580544,1493,0,0,0
60.4311,40436,404590544,1705,0,0,0
60.4410,40437,404600544,1744,0,0,0
60.4510,40438,404610544,1747,0,0,0
60.4612,40439,404620544,1772,0,0,0
60.4719,40440,404630544,1790,0,0,0
60.4811,40441,404640544,1805,0,0,0
60.4912,40442,404650544,1808,0,0,0
60.5010,40443,404660544,1838,0,0,0
60.5112,40444,404670544,1846,0,0,0
60.5210,40445,404680544,1863,0,0,0
60.5316,40446,404690544,1871,0,0,0
60.5430,40447,404700544,1899,0,0,0
60.5527,40448,404710544,1902,0,0,0
60.5610,40449,404720544,1937,0,0,0
60.5776,40450,404730544,1959,0,0,0
60.5808,40451,404740544,1991,0,0,0
60.5909,40452,404750544,2005,0,0,0
60.6009,40453,404760544,2029,0,0,0
60.6111,40454,404770544,2015,0,0,0
60.6210,40455,404780544,2003,0,0,0
60.6312,40456,404790544,1959,0,0,0
60.6412,40457,404800544,1917,0,0,0
60.6511,40458,404810544,1851,0,0,0
60.6611,40459,404820544,1815,0,0,0
60.6726,40460,404830544,1781,0,0,0
60.6827,40461,404840544,1769,0,0,0
60.6913,40462,404850544,1751,0,0,0
60.7043,40463,404860544,1759,0,0,0
60.7127,40464,404870544,1750,0,0,0
60.7227,40465,404880544,1763,0,0,0
60.7312,40466,404890544,1757,0,0,0
60.7409,40467,404900544,1767,0,0,0
60.7509,40468,404910544,1773,0,0,0
60.7609,40469,404920544,1797,0,0,0
60.7709,40470,404930544,1787,0,0,0
60.7809,40471,404940544,1798,0,0,0
60.7914,40472,404950544,1793,0,0,0
60.8009,40473,404960544,1808,0,0,0
60.8109,40474,404970544,1795,0,0,0
60.8209,40475,404980544,1812,0,0,0
60.8310,40476,404990544,1797,0,0,0
60.8410,40477,405000544,1810,0,0,0
60.8511,40478,405010544,1809,0,0,0
60.8609,40479,405020544,1813,0,0,0
60.8710,40480,405030544,1807,0,0,0
60.8813,40481,405040544,1818,0,0,0
60.8910,40482,405050544,1809,0,0,0
60.9010,40483,405060544,1815,0,0,0
60.9129,40484,405070544,1810,0,0,0
60.9209,40485,405080544,1821,0,0,0
60.9310,40486,405090544,1808,0,0,0
60.9411,40487,405100544,1824,0,0,0
60.9510,40488,405110544,1818,0,0,0
60.9611,40489,405120544,1815,0,0,0
60.9710,40490,405130544,1818,0,0,0
60.9810,40491,405140544,1825,0,0,0
60.9910,40492,405150544,1819,0,0,0
61.0009,40493,405160544,1827,0,0,0
61.0109,40494,405170544,1823,0,0,0
61.0210,40495,405180544,1826,0,0,0
61.0310,40496,405190544,1824,0,0,0
61.0410,40497,405200544,1835,0,0,0
61.0510,40498,405210544,1824,0,0,0
61.0610,40499,405220544,1835,0,0,0
61.0709,40500,405230544,1827,0,0,0
61.0811,40501,405240544,1827,0,0,0
61.0910,40502,405250544,1826,0,0,0
61.1011,40503,405260544,1840,0,0,0
61.1110,40504,405270544,1826,0,0,0
61.1209,40505,405280544,1840,0,0,0
61.1310,40506,405290544,1859,0,0,0
61.1411,40507,405300544,1902,0,0,0
61.1509,40508,405310544,1939,0,0,0
61.1629,40509,405320544,1988,0,0,0
61.1721,40510,405330544,1919,0,0,0
61.1810,40511,405340544,1870,0,0,0
61.1910,40512,405350544,1841,0,0,0
61.2011,40513,405360544,1823,0,0,0
61.2110,40514,405370544,1817,0,0,0
61.2210,40515,405380544,1808,0,0,0
61.2310,40516,405390544,1791,0,0,0
61.2409,40517,405400544,1806,0,0,0
61.2509,40518,405410544,1787,0,0,0
61.2610,40519,405420544,1705,0,0,0
61.2710,40520,405430544,1840,0,0,0
61.2809,40521,405440544,2416,0,0,0
61.2910,40522,405450544,3305,0,0,0
61.3010,40523,405460544,2737,0,0,0
61.3110,40524,405470544,1701,0,0,0
61.3210,40525,405480544,1461,0,0,0
61.3310,40526,405490544,1501,0,0,0
61.3409,40527,405500544,1710,0,0,0
61.3511,40528,405510544,1738,0,0,0
61.3609,40529,405520544,1751,0,0,0
61.3709,40530,405530544,1762,0,0,0
61.3811,40531,405540544,1788,0,0,0
61.3910,40532,405550544,1793,0,0,0
61.4010,40533,405560544,1824,0,0,0
61.4116,40534,405570544,1839,0,0,0
61.4209,40535,405580544,1852,0,0,0
61.4309,40536,405590544,1860,0,0,0
61.4411,40537,405600544,1891,0,0,0
61.4510,40538,405610544,1887,0,0,0
61.4612,40539,405620544,1905,0,0,0
61.4711,40540,405630544,1936,0,0,0
61.4810,40541,405640544,1967,0,0,0
61.4910,40542,405650544,1979,0,0,0
61.5011,40543,405660544,2006,0,0,0
61.5109,40544,405670544,2003,0,0,0
61.5209,40545,405680544,2000,0,0,0
61.5310,40546,405690544,1988,0,0,0
61.5410,40547,405700544,1946,0,0,0
61.5509,40548,405710544,1889,0,0,0
61.5610,40549,405720544,1837,0,0,0
61.5711,40550,405730544,1788,0,0,0
61.5809,40551,405740544,1763,0,0,0
61.5911,40552,405750544,1750,0,0,0
61.6010,40553,405760544,1746,0,0,0
61.6110,40554,405770544,1745,0,0,0
61.6209,40555,405780544,1752,0,0,0
61.6309,40556,405790544,1758,0,0,0
61.6411,40557,405800544,1771,0,0,0
61.6511,40558,405810544,1767,0,0,0
61.6624,40559,405820544,1772,0,0,0
61.6710,40560,405830544,1775,0,0,0
61.6809,40561,405840544,1794,0,0,0
61.6909,40562,405850544,1789,0,0,0
61.7009,40563,405860544,1792,0,0,0
61.7111,40564,405870544,1805,0,0,0
61.7209,40565,405880544,1811,0,0,0
61.7310,40566,405890544,1821,0,0,0
61.7408,40567,405900544,1815,0,0,0
61.7513,40568,405910544,1815,0,0,0
61.7610,40569,405920544,1819,0,0,0
61.7709,40570,405930544,1817,0,0,0
61.7808,40571,405940544,1815,0,0,0
61.7910,40572,405950544,1822,0,0,0
61.8010,40573,405960544,1831,0,0,0
61.8110,40574,405970544,1824,0,0,0
61.8209,40575,405980544,1829,0,0,0
61.8310,40576,405990544,1825,0,0,0
61.8411,40577,406000544,1840,0,0,0
61.8511,40578,406010544,1831,0,0,0
61.8610,40579,406020544,1834,0,0,0
61.8710,40580,406030544,1837,0,0,0
61.8811,40581,406040544,1839,0,0,0
61.8912,40582,406050544,1834,0,0,0
61.9012,40583,406060544,1838,0,0,0
61.9112,40584,406070544,1838,0,0,0
61.9210,40585,406080544,1849,0,0,0
61.9310,40586,406090544,1846,0,0,0
61.9409,40587,406100544,1840,0,0,0
61.9508,40588,406110544,1843,0,0,0
61.9611,40589,406120544,1854,0,0,0
61.9710,40590,406130544,1879,0,0,0
61.9810,40591,406140544,1917,0,0,0
61.9910,40592,406150544,1950,0,0,0
62.0010,40593,406160544,2012,0,0,0
62.0109,40594,406170544,1967,0,0,0
62.0213,40595,406180544,1891,0,0,0
62.0309,40596,406190544,1862,0,0,0
62.0409,40597,406200544,1843,0,0,0
62.0511,40598,406210544,1839,0,0,0
62.0609,40599,406220544,1825,0,0,0
62.0709,40600,406230544,1815,0,0,0
62.0811,40601,406240544,1817,0,0,0
62.0909,40602,406250544,1808,0,0,0
62.1008,40603,406260544,1744,0,0,0
62.1110,40604,406270544,1788,0,0,0
62.1209,40605,406280544,2295,0,0,0
62.1309,40606,406290544,3103,0,0,0
62.1409,40607,406300544,3121,0,0,0
62.1510,40608,406310544,1873,0,0,0
62.1610,40609,406320544,1535,0,0,0
62.1713,40610,406330544,1445,0,0,0
62.1809,40611,406340544,1674,0,0,0
62.1910,40612,406350544,1754,0,0,0
62.2010,40613,406360544,1770,0,0,0
62.2110,40614,406370544,1779,0,0,0
62.2212,40615,406380544,1792,0,0,0
62.2309,40616,406390544,1808,0,0,0
62.2410,40617,406400544,1821,0,0,0
62.2510,40618,406410544,1839,0,0,0
62.2609,40619,406420544,1846,0,0,0
62.2709,40620,406430544,1853,0,0,0
62.2810,40621,406440544,1869,0,0,0
62.2909,40622,406450544,1891,0,0,0
62.3009,40623,406460544,1899,0,0,0
62.3110,40624,406470544,1931,0,0,0
62.3211,40625,406480544,1958,0,0,0
62.3311,40626,406490544,1981,0,0,0
62.3412,40627,406500544,2000,0,0,0
62.3509,40628,406510544,2014,0,0,0
62.3611,40629,406520544,2002,0,0,0
62.3711,40630,406530544,1997,0,0,0
62.3811,40631,406540544,1950,0,0,0
62.3909,40632,406550544,1901,0,0,0
62.4009,40633,406560544,1841,0,0,0
62.4109,40634,406570544,1807,0,0,0
62.4209,40635,406580544,1773,0,0,0
62.4311,40636,406590544,1757,0,0,0
62.4410,40637,406600544,1747,0,0,0
62.4510,40638,406610544,1763,0,0,0
62.4609,40639,406620544,1759,0,0,0
62.4710,40640,406630544,1773,0,0,0
62.4809,40641,406640544,1776,0,0,0
62.4910,40642,406650544,1776,0,0,0
62.5009,40643,406660544,1781,0,0,0
62.5109,40644,406670544,1787,0,0,0
62.5211,40645,406680544,1790,0,0,0
62.5309,40646,406690544,1808,0,0,0
62.5410,40647,406700544,1797,0,0,0
62.5511,40648,406710544,1807,0,0,0
62.5611,40649,406720544,1808,0,0,0
62.5711,40650,406730544,1815,0,0,0
62.5809,40651,406740544,1816,0,0,0
62.5909,40652,406750544,1823,0,0,0
62.6011,40653,406760544,1819,0,0,0
62.6110,40654,406770544,1817,0,0,0
62.6210,40655,406780544,1818,0,0,0
62.6309,40656,406790544,1829,0,0,0
62.6411,40657,406800544,1827,0,0,0
62.6510,40658,406810544,1821,0,0,0
62.6613,40659,406820544,1820,0,0,0
62.6709,40660,406830544,1829,0,0,0
62.6810,40661,406840544,1827,0,0,0
62.6910,40662,406850544,1825,0,0,0
62.7010,40663,406860544,1831,0,0,0
62.7109,40664,406870544,1838,0,0,0
62.7209,40665,406880544,1825,0,0,0
62.7309,40666,406890544,1839,0,0,0
62.7409,40667,406900544,1831,0,0,0
62.7509,40668,406910544,1840,0,0,0
62.7610,40669,406920544,1830,0,0,0
62.7709,40670,406930544,1852,0,0,0
62.7809,40671,406940544,1883,0,0,0
62.7911,40672,406950544,1929,0,0,0
62.8009,40673,406960544,1967,0,0,0
62.8110,40674,406970544,1989,0,0,0
62.8210,40675,406980544,1905,0,0,0
62.8309,40676,406990544,1872,0,0,0
62.8409,40677,407000544,1831,0,0,0
62.8512,40678,407010544,1829,0,0,0
62.8608,40679,407020544,1817,0,0,0
62.8709,40680,407030544,1801,0,0,0
62.8809,40681,407040544,1794,0,0,0
62.8909,40682,407050544,1799,0,0,0
62.9010,40683,407060544,1767,0,0,0
62.9110,40684,407070544,1690,0,0,0
62.9237,40685,407080544,1966,0,0,0
62.9309,40686,407090544,2627,0,0,0
62.9410,40687,407100544,3472,0,0,0
62.9510,40688,407110544,2395,0,0,0
62.9608,40689,407120544,1618,0,0,0
62.9710,40690,407130544,1395,0,0,0
62.9809,40691,407140544,1566,0,0,0
62.9909,40692,407150544,1739,0,0,0
63.0011,40693,407160544,1728,0,0,0
63.0110,40694,407170544,1760,0,0,0
63.0209,40695,407180544,1777,0,0,0
63.0309,40696,407190544,1783,0,0,0
63.0410,40697,407200544,1795,0,0,0
63.0510,40698,407210544,1815,0,0,0
63.0612,40699,407220544,1827,0,0,0
63.0710,40700,407230544,1846,0,0,0
63.0810,40701,407240544,1850,0,0,0
63.0913,40702,407250544,1872,0,0,0
63.1010,40703,407260544,1887,0,0,0
63.1109,40704,407270544,1905,0,0,0
63.1212,40705,407280544,1926,0,0,0
63.1310,40706,407290544,1962,0,0,0
63.1409,40707,407300544,1977,0,0,0
63.1510,40708,407310544,1995,0,0,0
63.1616,40709,407320544,2000,0,0,0
63.1709,40710,407330544,1995,0,0,0
63.1810,40711,407340544,1948,0,0,0
63.1909,40712,407350544,1905,0,0,0
63.2010,40713,407360544,1850,0,0,0
63.2120,40714,407370544,1809,0,0,0
63.2208,40715,407380544,1766,0,0,0
63.2309,40716,407390544,1756,0,0,0
63.2410,40717,407400544,1735,0,0,0
63.2509,40718,407410544,1744,0,0,0
63.2613,40719,407420544,1734,0,0,0
63.2713,40720,407430544,1747,0,0,0
63.2811,40721,407440544,1731,0,0,0
63.2909,40722,407450544,1745,0,0,0
63.3013,40723,407460544,1744,0,0,0
63.3110,40724,407470544,1764,0,0,0
63.3211,40725,407480544,1759,0,0,0
63.3312,40726,407490544,1769,0,0,0
63.3411,40727,407500544,1775,0,0,0
63.3510,40728,407510544,1785,0,0,0
63.3611,40729,407520544,1777,0,0,0
63.3712,40730,407530544,1791,0,0,0
63.3811,40731,407540544,1783,0,0,0
63.3912,40732,407550544,1794,0,0,0
63.4012,40733,407560544,1788,0,0,0
63.4110,40734,407570544,1805,0,0,0
63.4223,40735,407580544,1794,0,0,0
63.4310,40736,407590544,1808,0,0,0
63.4409,40737,407600544,1805,0,0,0
63.4509,40738,407610544,1809,0,0,0
63.4612,40739,407620544,1808,0,0,0
63.4712,40740,407630544,1823,0,0,0
63.4812,40741,407640544,1813,0,0,0
63.4910,40742,407650544,1821,0,0,0
63.5008,40743,407660544,1811,0,0,0
63.5110,40744,407670544,1824,0,0,0
63.5209,40745,407680544,1819,0,0,0
63.5309,40746,407690544,1818,0,0,0
63.5410,40747,407700544,1811,0,0,0
63.5509,40748,407710544,1831,0,0,0
63.5612,40749,407720544,1822,0,0,0
63.5718,40750,407730544,1829,0,0,0
63.5815,40751,407740544,1820,0,0,0
63.5911,40752,407750544,1827,0,0,0
63.6012,40753,407760544,1819,0,0,0
63.6111,40754,407770544,1854,0,0,0
63.6212,40755,407780544,1893,0,0,0
63.6311,40756,407790544,1938,0,0,0
63.6419,40757,407800544,1983,0,0,0
63.6512,40758,407810544,1951,0,0,0
63.6611,40759,407820544,1860,0,0,0
63.6712,40760,407830544,1852,0,0,0
63.6809,40761,407840544,1821,0,0,0
63.6911,40762,407850544,1815,0,0,0
63.7011,40763,407860544,1803,0,0,0
63.7110,40764,407870544,1807,0,0,0
63.7211,40765,407880544,1798,0,0,0
63.7309,40766,407890544,1808,0,0,0
63.7409,40767,407900544,1731,0,0,0
63.7510,40768,407910544,1783,0,0,0
63.7609,40769,407920544,2269,0,0,0
63.7711,40770,407930544,3113,0,0,0
63.7811,40771,407940544,3137,0,0,0
63.7910,40772,407950544,1840,0,0,0
63.8012,40773,407960544,1473,0,0,0
63.8110,40774,407970544,1504,0,0,0
63.8212,40775,407980544,1702,0,0,0
63.8310,40776,407990544,1742,0,0,0
63.8411,40777,408000544,1744,0,0,0
63.8510,40778,408010544,1773,0,0,0
63.8611,40779,408020544,1781,0,0,0
63.8710,40780,408030544,1799,0,0,0
63.8810,40781,408040544,1803,0,0,0
63.8909,40782,408050544,1822,0,0,0
63.9012,40783,408060544,1831,0,0,0
63.9110,40784,408070544,1851,0,0,0
63.9229,40785,408080544,1858,0,0,0
63.9312,40786,408090544,1879,0,0,0
63.9412,40787,408100544,1887,0,0,0
63.9511,40788,408110544,1918,0,0,0
63.9612,40789,408120544,1937,0,0,0
63.9711,40790,408130544,1969,0,0,0
63.9811,40791,408140544,1980,0,0,0
63.9911,40792,408150544,1997,0,0,0
64.0009,40793,408160544,1988,0,0,0
64.0109,40794,408170544,1969,0,0,0
64.0210,40795,408180544,1923,0,0,0
64.0311,40796,408190544,1881,0,0,0
64.0410,40797,408200544,1822,0,0,0
64.0511,40798,408210544,1782,0,0,0
64.0611,40799,408220544,1751,0,0,0
64.0710,40800,408230544,1742,0,0,0
64.0809,40801,408240544,1730,0,0,0
64.0910,40802,408250544,1742,0,0,0
64.1009,40803,408260544,1738,0,0,0
64.1109,40804,408270544,1750,0,0,0
64.1209,40805,408280544,1744,0,0,0
64.1311,40806,408290544,1763,0,0,0
64.1411,40807,408300544,1759,0,0,0
64.1509,40808,408310544,1775,0,0,0
64.1609,40809,408320544,1772,0,0,0
64.1710,40810,408330544,1775,0,0,0
64.1809,40811,408340544,1776,0,0,0
64.1914,40812,408350544,1786,0,0,0
64.2010,40813,408360544,1777,0,0,0
64.2109,40814,408370544,1789,0,0,0
64.2209,40815,408380544,1786,0,0,0
64.2309,40816,408390544,1802,0,0,0
64.2410,40817,408400544,1787,0,0,0
64.2509,40818,408410544,1803,0,0,0
64.2609,40819,408420544,1793,0,0,0
64.2709,40820,408430544,1799,0,0,0
64.2809,40821,408440544,1794,0,0,0
64.2911,40822,408450544,1803,0,0,0
64.3008,40823,408460544,1802,0,0,0
64.3110,40824,408470544,1815,0,0,0
64.3211,40825,408480544,1810,0,0,0
64.3310,40826,408490544,1818,0,0,0
64.3411,40827,408500544,1816,0,0,0
64.3510,40828,408510544,1821,0,0,0
64.3610,40829,408520544,1813,0,0,0
64.3711,40830,408530544,1830,0,0,0
64.3811,40831,408540544,1821,0,0,0
64.3912,40832,408550544,1837,0,0,0
64.4010,40833,408560544,1829,0,0,0
64.4113,40834,408570544,1840,0,0,0
64.4239,40835,408580544,1836,0,0,0
64.4314,40836,408590544,1840,0,0,0
64.4409,40837,408600544,1833,0,0,0
64.4511,40838,408610544,1841,0,0,0
64.4611,40839,408620544,1840,0,0,0
64.4710,40840,408630544,1841,0,0,0
64.4809,40841,408640544,1847,0,0,0
64.4910,40842,408650544,1898,0,0,0
64.5009,40843,408660544,1936,0,0,0
64.5109,40844,408670544,1981,0,0,0
64.5211,40845,408680544,1964,0,0,0
64.5313,40846,408690544,1874,0,0,0
64.5410,40847,408700544,1851,0,0,0
64.5511,40848,408710544,1840,0,0,0
64.5612,40849,408720544,1821,0,0,0
64.5713,40850,408730544,1811,0,0,0
64.5811,40851,408740544,1794,0,0,0
64.5910,40852,408750544,1808,0,0,0
64.6010,40853,408760544,1797,0,0,0
64.6111,40854,408770544,1741,0,0,0
64.6210,40855,408780544,1729,0,0,0
64.6309,40856,408790544,2160,0,0,0
64.6409,40857,408800544,2941,0,0,0
64.6508,40858,408810544,3220,0,0,0
64.6611,40859,408820544,1906,0,0,0
64.6710,40860,408830544,1531,0,0,0
64.6810,40861,408840544,1456,0,0,0
64.6917,40862,408850544,1674,0,0,0
64.7008,40863,408860544,1727,0,0,0
64.7111,40864,408870544,1731,0,0,0
64.7211,40865,408880544,1757,0,0,0
64.7310,40866,408890544,1776,0,0,0
64.7410,40867,408900544,1780,0,0,0
64.7510,40868,408910544,1802,0,0,0
64.7609,40869,408920544,1810,0,0,0
64.7708,40870,408930544,1830,0,0,0
64.7808,40871,408940544,1833,0,0,0
64.7910,40872,408950544,1856,0,0,0
64.8009,40873,408960544,1872,0,0,0
64.8108,40874,408970544,1894,0,0,0
64.8210,40875,408980544,1904,0,0,0
64.8310,40876,408990544,1937,0,0,0
64.8410,40877,409000544,1967,0,0,0
64.8510,40878,409010544,1987,0,0,0
64.8612,40879,409020544,1984,0,0,0
64.8708,40880,409030544,1994,0,0,0
64.8808,40881,409040544,1971,0,0,0
64.8909,40882,409050544,1947,0,0,0
64.9009,40883,409060544,1889,0,0,0
64.9109,40884,409070544,1840,0,0,0
64.9212,40885,409080544,1796,0,0,0
64.9309,40886,409090544,1776,0,0,0
64.9410,40887,409100544,1755,0,0,0
64.9510,40888,409110544,1757,0,0,0
64.9609,40889,409120544,1751,0,0,0
64.9711,40890,409130544,1765,0,0,0
64.9810,40891,409140544,1757,0,0,0
64.9909,40892,409150544,1763,0,0,0
65.0008,40893,409160544,1771,0,0,0
65.0113,40894,409170544,1781,0,0,0
65.0210,40895,409180544,1785,0,0,0
65.0309,40896,409190544,1791,0,0,0
65.0410,40897,409200544,1795,0,0,0
65.0509,40898,409210544,1797,0,0,0
65.0610,40899,409220544,1798,0,0,0
65.0710,40900,409230544,1808,0,0,0
65.0810,40901,409240544,1803,0,0,0
65.0910,40902,409250544,1808,0,0,0
65.1010,40903,409260544,1807,0,0,0
65.1109,40904,409270544,1817,0,0,0
65.1210,40905,409280544,1824,0,0,0
65.1309,40906,409290544,1814,0,0,0
65.1410,40907,409300544,1818,0,0,0
65.1509,40908,409310544,1825,0,0,0
65.1609,40909,409320544,1818,0,0,0
65.1709,40910,409330544,1799,0,0,0
65.1810,40911,409340544,1822,0,0,0
65.1911,40912,409350544,1812,0,0,0
65.2010,40913,409360544,1824,0,0,0
65.2108,40914,409370544,1837,0,0,0
65.2210,40915,409380544,1827,0,0,0
65.2309,40916,409390544,1834,0,0,0
65.2409,40917,409400544,1834,0,0,0
65.2510,40918,409410544,1840,0,0,0
65.2609,40919,409420544,1831,0,0,0
65.2710,40920,409430544,1840,0,0,0
65.2810,40921,409440544,1839,0,0,0
65.2910,40922,409450544,1846,0,0,0
65.3011,40923,409460544,1841,0,0,0
65.3111,40924,409470544,1847,0,0,0
65.3209,40925,409480544,1855,0,0,0
65.3311,40926,409490544,1869,0,0,0
65.3414,40927,409500544,1923,0,0,0
65.3509,40928,409510544,1964,0,0,0
65.3610,40929,409520544,1997,0,0,0
65.3711,40930,409530544,1936,0,0,0
65.3809,40931,409540544,1875,0,0,0
65.3909,40932,409550544,1853,0,0,0
65.4009,40933,409560544,1845,0,0,0
65.4110,40934,409570544,1837,0,0,0
65.4208,40935,409580544,1815,0,0,0
65.4311,40936,409590544,1818,0,0,0
65.4410,40937,409600544,1818,0,0,0
65.4509,40938,409610544,1798,0,0,0
65.4612,40939,409620544,1719,0,0,0
65.4712,40940,409630544,1890,0,0,0
65.4809,40941,409640544,2487,0,0,0
65.4911,40942,409650544,3366,0,0,0
65.5010,40943,409660544,2650,0,0,0
65.5109,40944,409670544,1715,0,0,0
65.5209,40945,409680544,1455,0,0,0
65.5309,40946,409690544,1505,0,0,0
65.5409,40947,409700544,1728,0,0,0
65.5511,40948,409710544,1744,0,0,0
65.5610,40949,409720544,1753,0,0,0
65.5710,40950,409730544,1776,0,0,0
65.5810,40951,409740544,1791,0,0,0
65.5910,40952,409750544,1803,0,0,0
65.6011,40953,409760544,1813,0,0,0
65.6110,40954,409770544,1815,0,0,0
65.6208,40955,409780544,1840,0,0,0
65.6309,40956,409790544,1851,0,0,0
65.6410,40957,409800544,1863,0,0,0
65.6509,40958,409810544,1878,0,0,0
65.6610,40959,409820544,1892,0,0,0
65.6709,40960,409830544,1913,0,0,0
65.6809,40961,409840544,1931,0,0,0
65.6909,40962,409850544,1968,0,0,0
65.7008,40963,409860544,1985,0,0,0
65.7109,40964,409870544,2000,0,0,0
65.7210,40965,409880544,1995,0,0,0
65.7309,40966,409890544,1968,0,0,0
65.7408,40967,409900544,1925,0,0,0
65.7510,40968,409910544,1866,0,0,0
65.7611,40969,409920544,1822,0,0,0
65.7708,40970,409930544,1783,0,0,0
65.7809,40971,409940544,1765,0,0,0
65.7909,40972,409950544,1755,0,0,0
65.8010,40973,409960544,1759,0,0,0
65.8110,40974,409970544,1756,0,0,0
65.8209,40975,409980544,1774,0,0,0
65.8309,40976,409990544,1771,0,0,0
65.8411,40977,410000544,1777,0,0,0
65.8511,40978,410010544,1782,0,0,0
65.8610,40979,410020544,1793,0,0,0
65.8711,40980,410030544,1795,0,0,0
65.8809,40981,410040544,1803,0,0,0
65.8911,40982,410050544,1802,0,0,0
65.9012,40983,410060544,1809,0,0,0
65.9113,40984,410070544,1808,0,0,0
65.9217,40985,410080544,1815,0,0,0
65.9311,40986,410090544,1817,0,0,0
65.9409,40987,410100544,1818,0,0,0
65.9510,40988,410110544,1824,0,0,0
65.9609,40989,410120544,1825,0,0,0
65.9709,40990,410130544,1824,0,0,0
65.9810,40991,410140544,1823,0,0,0
65.9910,40992,410150544,1824,0,0,0
66.0008,40993,410160544,1829,0,0,0
66.0110,40994,410170544,1817,0,0,0
66.0217,40995,410180544,1837,0,0,0
66.0311,40996,410190544,1829,0,0,0
66.0410,40997,410200544,1840,0,0,0
66.0512,40998,410210544,1831,0,0,0
66.0612,40999,410220544,1839,0,0,0
66.0712,41000,410230544,1843,0,0,0
66.0812,41001,410240544,1843,0,0,0
66.0912,41002,410250544,1834,0,0,0
66.1011,41003,410260544,1840,0,0,0
66.1111,41004,410270544,1835,0,0,0
66.1209,41005,410280544,1840,0,0,0
66.1316,41006,410290544,1858,0,0,0
66.1410,41007,410300544,1910,0,0,0
66.1510,41008,410310544,1943,0,0,0
66.1650,41009,410320544,2005,0,0,0
66.1711,41010,410330544,1958,0,0,0
66.1812,41011,410340544,1879,0,0,0
66.1910,41012,410350544,1847,0,0,0
66.2012,41013,410360544,1825,0,0,0
66.2109,41014,410370544,1815,0,0,0
66.2212,41015,410380544,1808,0,0,0
66.2311,41016,410390544,1799,0,0,0
66.2409,41017,410400544,1805,0,0,0
66.2510,41018,410410544,1781,0,0,0
66.2608,41019,410420544,1726,0,0,0
66.2709,41020,410430544,1775,0,0,0
66.2809,41021,410440544,2286,0,0,0
66.2909,41022,410450544,3119,0,0,0
66.3009,41023,410460544,3055,0,0,0
66.3110,41024,410470544,1821,0,0,0
66.3208,41025,410480544,1489,0,0,0
66.3310,41026,410490544,1456,0,0,0
66.3410,41027,410500544,1685,0,0,0
66.3510,41028,410510544,1725,0,0,0
66.3611,41029,410520544,1744,0,0,0
66.3712,41030,410530544,1761,0,0,0
66.3811,41031,410540544,1781,0,0,0
66.3908,41032,410550544,1789,0,0,0
66.4012,41033,410560544,1794,0,0,0
66.4119,41034,410570544,1807,0,0,0
66.4212,41035,410580544,1826,0,0,0
66.4309,41036,410590544,1836,0,0,0
66.4412,41037,410600544,1855,0,0,0
66.4509,41038,410610544,1857,0,0,0
66.4619,41039,410620544,1890,0,0,0
66.4709,41040,410630544,1906,0,0,0
66.4810,41041,410640544,1943,0,0,0
66.4910,41042,410650544,1957,0,0,0
66.5010,41043,410660544,1991,0,0,0
66.5111,41044,410670544,2000,0,0,0
66.5211,41045,410680544,1997,0,0,0
66.5312,41046,410690544,1966,0,0,0
66.5415,41047,410700544,1931,0,0,0
66.5511,41048,410710544,1869,0,0,0
66.5610,41049,410720544,1830,0,0,0
66.5710,41050,410730544,1778,0,0,0
66.5812,41051,410740544,1758,0,0,0
66.5911,41052,410750544,1738,0,0,0
66.6011,41053,410760544,1744,0,0,0
66.6111,41054,410770544,1731,0,0,0
66.6211,41055,410780544,1745,0,0,0
66.6312,41056,410790544,1744,0,0,0
66.6411,41057,410800544,1755,0,0,0
66.6511,41058,410810544,1749,0,0,0
66.6618,41059,410820544,1764,0,0,0
66.6709,41060,410830544,1768,0,0,0
66.6813,41061,410840544,1779,0,0,0
66.6912,41062,410850544,1776,0,0,0
66.7009,41063,410860544,1785,0,0,0
66.7109,41064,410870544,1782,0,0,0
66.7210,41065,410880544,1794,0,0,0
66.7309,41066,410890544,1784,0,0,0
66.7409,41067,410900544,1799,0,0,0
66.7509,41068,410910544,1791,0,0,0
66.7609,41069,410920544,1801,0,0,0
66.7708,41070,410930544,1796,0,0,0
66.7809,41071,410940544,1808,0,0,0
66.7910,41072,410950544,1793,0,0,0
66.8010,41073,410960544,1808,0,0,0
66.8109,41074,410970544,1806,0,0,0
66.8209,41075,410980544,1815,0,0,0
66.8310,41076,410990544,1815,0,0,0
66.8411,41077,411000544,1826,0,0,0
66.8512,41078,411010544,1827,0,0,0
66.8610,41079,411020544,1831,0,0,0
66.8710,41080,411030544,1828,0,0,0
66.8810,41081,411040544,1838,0,0,0
66.8908,41082,411050544,1830,0,0,0
66.9011,41083,411060544,1841,0,0,0
66.9112,41084,411070544,1845,0,0,0
66.9214,41085,411080544,1898,0,0,0
66.9308,41086,411090544,1931,0,0,0
66.9410,41087,411100544,1985,0,0,0
66.9510,41088,411110544,1979,0,0,0
66.9610,41089,411120544,1911,0,0,0
66.9709,41090,411130544,1862,0,0,0
66.9809,41091,411140544,1841,0,0,0
66.9910,41092,411150544,1820,0,0,0
67.0009,41093,411160544,1811,0,0,0
67.0109,41094,411170544,1794,0,0,0
67.0211,41095,411180544,1808,0,0,0
67.0310,41096,411190544,1796,0,0,0
67.0411,41097,411200544,1779,0,0,0
67.0511,41098,411210544,1690,0,0,0
67.0611,41099,411220544,2002,0,0,0
67.0712,41100,411230544,2661,0,0,0
67.0809,41101,411240544,3465,0,0,0
67.0910,41102,411250544,2256,0,0,0
67.1013,41103,411260544,1606,0,0,0
67.1110,41104,411270544,1428,0,0,0
67.1212,41105,411280544,1638,0,0,0
67.1312,41106,411290544,1744,0,0,0
67.1411,41107,411300544,1745,0,0,0
67.1511,41108,411310544,1761,0,0,0
67.1610,41109,411320544,1791,0,0,0
67.1712,41110,411330544,1791,0,0,0
67.1810,41111,411340544,1822,0,0,0
67.1914,41112,411350544,1814,0,0,0
67.2010,41113,411360544,1839,0,0,0
67.2110,41114,411370544,1840,0,0,0
67.2211,41115,411380544,1859,0,0,0
67.2312,41116,411390544,1872,0,0,0
67.2409,41117,411400544,1893,0,0,0
67.2510,41118,411410544,1904,0,0,0
67.2609,41119,411420544,1936,0,0,0
67.2715,41120,411430544,1955,0,0,0
67.2809,41121,411440544,1984,0,0,0
67.2914,41122,411450544,1991,0,0,0
67.3012,41123,411460544,2000,0,0,0
67.3109,41124,411470544,1977,0,0,0
67.3209,41125,411480544,1945,0,0,0
67.3310,41126,411490544,1882,0,0,0
67.3411,41127,411500544,1833,0,0,0
67.3508,41128,411510544,1782,0,0,0
67.3610,41129,411520544,1759,0,0,0
67.3712,41130,411530544,1731,0,0,0
67.3812,41131,411540544,1725,0,0,0
67.3909,41132,411550544,1715,0,0,0
67.4011,41133,411560544,1728,0,0,0
67.4110,41134,411570544,1719,0,0,0
67.4209,41135,411580544,1739,0,0,0
67.4311,41136,411590544,1734,0,0,0
67.4409,41137,411600544,1755,0,0,0
67.4517,41138,411610544,1754,0,0,0
67.4610,41139,411620544,1773,0,0,0
67.4711,41140,411630544,1767,0,0,0
67.4810,41141,411640544,1777,0,0,0
67.4910,41142,411650544,1776,0,0,0
67.5010,41143,411660544,1792,0,0,0
67.5111,41144,411670544,1783,0,0,0
67.5209,41145,411680544,1765,0,0,0
67.5310,41146,411690544,1789,0,0,0
67.5410,41147,411700544,1799,0,0,0
67.5510,41148,411710544,1791,0,0,0
67.5610,41149,411720544,1789,0,0,0
67.5711,41150,411730544,1796,0,0,0
67.5811,41151,411740544,1808,0,0,0
67.5910,41152,411750544,1810,0,0,0
67.6011,41153,411760544,1815,0,0,0
67.6109,41154,411770544,1810,0,0,0
67.6211,41155,411780544,1813,0,0,0
67.6311,41156,411790544,1811,0,0,0
67.6409,41157,411800544,1811,0,0,0
67.6510,41158,411810544,1829,0,0,0
67.6610,41159,411820544,1808,0,0,0
67.6709,41160,411830544,1823,0,0,0
67.6810,41161,411840544,1829,0,0,0
67.6913,41162,411850544,1827,0,0,0
67.7009,41163,411860544,1843,0,0,0
67.7109,41164,411870544,1859,0,0,0
67.7211,41165,411880544,1904,0,0,0
67.7312,41166,411890544,1936,0,0,0
67.7411,41167,411900544,1989,0,0,0
67.7510,41168,411910544,1944,0,0,0
67.7610,41169,411920544,1872,0,0,0
67.7710,41170,411930544,1838,0,0,0
67.7810,41171,411940544,1833,0,0,0
67.7911,41172,411950544,1821,0,0,0
67.8008,41173,411960544,1808,0,0,0
67.8109,41174,411970544,1798,0,0,0
67.8210,41175,411980544,1813,0,0,0
67.8310,41176,411990544,1792,0,0,0
67.8408,41177,412000544,1728,0,0,0
67.8511,41178,412010544,1791,0,0,0
67.8611,41179,412020544,2304,0,0,0
67.8711,41180,412030544,3106,0,0,0
67.8810,41181,412040544,2990,0,0,0
67.8911,41182,412050544,1804,0,0,0
67.9012,41183,412060544,1520,0,0,0
67.9110,41184,412070544,1483,0,0,0
67.9209,41185,412080544,1692,0,0,0
67.9311,41186,412090544,1741,0,0,0
67.9410,41187,412100544,1767,0,0,0
67.9511,41188,412110544,1770,0,0,0
67.9611,41189,412120544,1801,0,0,0
67.9709,41190,412130544,1808,0,0,0
67.9810,41191,412140544,1831,0,0,0
67.9911,41192,412150544,1830,0,0,0
68.0010,41193,412160544,1847,0,0,0
68.0116,41194,412170544,1865,0,0,0
68.0211,41195,412180544,1874,0,0,0
68.0310,41196,412190544,1879,0,0,0
68.0414,41197,412200544,1911,0,0,0
68.0510,41198,412210544,1925,0,0,0
68.0610,41199,412220544,1963,0,0,0
68.0716,41200,412230544,1985,0,0,0
68.0810,41201,412240544,2006,0,0,0
68.0914,41202,412250544,2003,0,0,0
68.1011,41203,412260544,2007,0,0,0
68.1109,41204,412270544,1982,0,0,0
68.1210,41205,412280544,1936,0,0,0
68.1316,41206,412290544,1876,0,0,0
68.1409,41207,412300544,1820,0,0,0
68.1511,41208,412310544,1784,0,0,0
68.1610,41209,412320544,1779,0,0,0
68.1709,41210,412330544,1767,0,0,0
68.1809,41211,412340544,1767,0,0,0
68.1911,41212,412350544,1759,0,0,0
68.2011,41213,412360544,1776,0,0,0
68.2109,41214,412370544,1790,0,0,0
68.2210,41215,412380544,1791,0,0,0
68.2311,41216,412390544,1788,0,0,0
68.2409,41217,412400544,1799,0,0,0
68.2510,41218,412410544,1790,0,0,0
68.2609,41219,412420544,1813,0,0,0
68.2717,41220,412430544,1798,0,0,0
68.2811,41221,412440544,1818,0,0,0
68.2909,41222,412450544,1810,0,0,0
68.3010,41223,412460544,1821,0,0,0
68.3111,41224,412470544,1829,0,0,0
68.3211,41225,412480544,1834,0,0,0
68.3311,41226,412490544,1825,0,0,0
68.3413,41227,412500544,1829,0,0,0
68.3509,41228,412510544,1825,0,0,0
68.3611,41229,412520544,1831,0,0,0
68.3710,41230,412530544,1839,0,0,0
68.3809,41231,412540544,1847,0,0,0
68.3909,41232,412550544,1825,0,0,0
68.4011,41233,412560544,1840,0,0,0
68.4110,41234,412570544,1839,0,0,0
68.4209,41235,412580544,1851,0,0,0
68.4309,41236,412590544,1837,0,0,0
68.4409,41237,412600544,1840,0,0,0
68.4510,41238,412610544,1850,0,0,0
68.4609,41239,412620544,1837,0,0,0
68.4710,41240,412630544,1834,0,0,0
68.4809,41241,412640544,1839,0,0,0
68.4910,41242,412650544,1837,0,0,0
68.5009,41243,412660544,1873,0,0,0
68.5111,41244,412670544,1906,0,0,0
68.5216,41245,412680544,1932,0,0,0
68.5311,41246,412690544,1991,0,0,0
68.5412,41247,412700544,1942,0,0,0
68.5510,41248,412710544,1873,0,0,0
68.5610,41249,412720544,1842,0,0,0
68.5712,41250,412730544,1819,0,0,0
68.5809,41251,412740544,1822,0,0,0
68.5910,41252,412750544,1806,0,0,0
68.6011,41253,412760544,1794,0,0,0
68.6111,41254,412770544,1803,0,0,0
68.6211,41255,412780544,1797,0,0,0
68.6310,41256,412790544,1723,0,0,0
68.6410,41257,412800544,1808,0,0,0
68.6510,41258,412810544,2318,0,0,0
68.6611,41259,412820544,3131,0,0,0
68.6711,41260,412830544,3007,0,0,0
68.6811,41261,412840544,1834,0,0,0
68.6910,41262,412850544,1510,0,0,0
68.7010,41263,412860544,1440,0,0,0
68.7110,41264,412870544,1679,0,0,0
68.7209,41265,412880544,1751,0,0,0
68.7309,41266,412890544,1745,0,0,0
68.7410,41267,412900544,1777,0,0,0
68.7511,41268,412910544,1802,0,0,0
68.7610,41269,412920544,1814,0,0,0
68.7709,41270,412930544,1819,0,0,0
68.7809,41271,412940544,1825,0,0,0
68.7909,41272,412950544,1843,0,0,0
68.8011,41273,412960544,1855,0,0,0
68.8112,41274,412970544,1850,0,0,0
68.8209,41275,412980544,1875,0,0,0
68.8311,41276,412990544,1879,0,0,0
68.8411,41277,413000544,1907,0,0,0
68.8510,41278,413010544,1936,0,0,0
68.8609,41279,413020544,1968,0,0,0
68.8711,41280,413030544,1983,0,0,0
68.8809,41281,413040544,1994,0,0,0
68.8916,41282,413050544,1985,0,0,0
68.9010,41283,413060544,1965,0,0,0
68.9114,41284,413070544,1919,0,0,0
68.9210,41285,413080544,1873,0,0,0
68.9314,41286,413090544,1818,0,0,0
68.9410,41287,413100544,1776,0,0,0
68.9509,41288,413110544,1763,0,0,0
68.9609,41289,413120544,1758,0,0,0
68.9710,41290,413130544,1747,0,0,0
68.9809,41291,413140544,1759,0,0,0
68.9909,41292,413150544,1770,0,0,0
69.0009,41293,413160544,1761,0,0,0
69.0110,41294,413170544,1770,0,0,0
69.0213,41295,413180544,1779,0,0,0
69.0310,41296,413190544,1789,0,0,0
69.0415,41297,413200544,1793,0,0,0
69.0510,41298,413210544,1803,0,0,0
69.0612,41299,413220544,1807,0,0,0
69.0710,41300,413230544,1808,0,0,0
69.0811,41301,413240544,1808,0,0,0
69.0912,41302,413250544,1811,0,0,0
69.1011,41303,413260544,1818,0,0,0
69.1112,41304,413270544,1823,0,0,0
69.1212,41305,413280544,1821,0,0,0
69.1310,41306,413290544,1823,0,0,0
69.1412,41307,413300544,1822,0,0,0
69.1511,41308,413310544,1823,0,0,0
69.1612,41309,413320544,1834,0,0,0
69.1736,41310,413330544,1837,0,0,0
69.1810,41311,413340544,1836,0,0,0
69.1910,41312,413350544,1835,0,0,0
69.2012,41313,413360544,1839,0,0,0
69.2111,41314,413370544,1835,0,0,0
69.2211,41315,413380544,1820,0,0,0
69.2310,41316,413390544,1837,0,0,0
69.2412,41317,413400544,1841,0,0,0
69.2509,41318,413410544,1842,0,0,0
69.2610,41319,413420544,1841,0,0,0
69.2712,41320,413430544,1841,0,0,0
69.2810,41321,413440544,1847,0,0,0
69.2910,41322,413450544,1851,0,0,0
69.3008,41323,413460544,1851,0,0,0
69.3111,41324,413470544,1874,0,0,0
69.3212,41325,413480544,1922,0,0,0
69.3311,41326,413490544,1957,0,0,0
69.3410,41327,413500544,1990,0,0,0
69.3513,41328,413510544,1931,0,0,0
69.3611,41329,413520544,1868,0,0,0
69.3711,41330,413530544,1840,0,0,0
69.3812,41331,413540544,1823,0,0,0
69.3911,41332,413550544,1808,0,0,0
69.4010,41333,413560544,1798,0,0,0
69.4121,41334,413570544,1801,0,0,0
69.4211,41335,413580544,1798,0,0,0
69.4309,41336,413590544,1786,0,0,0
69.4411,41337,413600544,1703,0,0,0
69.4510,41338,413610544,1873,0,0,0
69.4609,41339,413620544,2442,0,0,0
69.4710,41340,413630544,3323,0,0,0
69.4810,41341,413640544,2668,0,0,0
69.4909,41342,413650544,1678,0,0,0
69.5010,41343,413660544,1407,0,0,0
69.5110,41344,413670544,1535,0,0,0
69.5211,41345,413680544,1719,0,0,0
69.5310,41346,413690544,1744,0,0,0
69.5409,41347,413700544,1760,0,0,0
69.5510,41348,413710544,1774,0,0,0
69.5610,41349,413720544,1787,0,0,0
69.5712,41350,413730544,1808,0,0,0
69.5811,41351,413740544,1808,0,0,0
69.5911,41352,413750544,1823,0,0,0
69.6010,41353,413760544,1839,0,0,0
69.6111,41354,413770544,1855,0,0,0
69.6211,41355,413780544,1862,0,0,0
69.6310,41356,413790544,1883,0,0,0
69.6410,41357,413800544,1893,0,0,0
69.6513,41358,413810544,1931,0,0,0
69.6609,41359,413820544,1949,0,0,0
69.6710,41360,413830544,1973,0,0,0
69.6812,41361,413840544,1991,0,0,0
69.6918,41362,413850544,1995,0,0,0
69.7010,41363,413860544,1975,0,0,0
69.7110,41364,413870544,1945,0,0,0
69.7210,41365,413880544,1895,0,0,0
69.7312,41366,413890544,1835,0,0,0
69.7427,41367,413900544,1782,0,0,0
69.7509,41368,413910544,1749,0,0,0
69.7608,41369,413920544,1723,0,0,0
69.7708,41370,413930544,1715,0,0,0
69.7808,41371,413940544,1715,0,0,0
69.7909,41372,413950544,1723,0,0,0
69.8010,41373,413960544,1726,0,0,0
69.8109,41374,413970544,1743,0,0,0
69.8209,41375,413980544,1739,0,0,0
69.8310,41376,413990544,1755,0,0,0
69.8410,41377,414000544,1750,0,0,0
69.8511,41378,414010544,1763,0,0,0
69.8612,41379,414020544,1776,0,0,0
69.8710,41380,414030544,1783,0,0,0
69.8811,41381,414040544,1782,0,0,0
69.8909,41382,414050544,1797,0,0,0
69.9012,41383,414060544,1791,0,0,0
69.9109,41384,414070544,1802,0,0,0
69.9210,41385,414080544,1797,0,0,0
69.9310,41386,414090544,1802,0,0,0
69.9412,41387,414100544,1799,0,0,0
69.9510,41388,414110544,1807,0,0,0
69.9609,41389,414120544,1801,0,0,0
69.9709,41390,414130544,1809,0,0,0
69.9810,41391,414140544,1802,0,0,0
69.9909,41392,414150544,1811,0,0,0
70.0009,41393,414160544,1808,0,0,0
70.0157,41394,414170544,1809,0,0,0
70.0211,41395,414180544,1808,0,0,0
70.0337,41396,414190544,1808,0,0,0
70.0411,41397,414200544,1794,0,0,0
70.0601,41398,414210544,1805,0,0,0
70.0610,41399,414220544,1795,0,0,0
70.0711,41400,414230544,1811,0,0,0
70.0810,41401,414240544,1805,0,0,0
70.0911,41402,414250544,1812,0,0,0
70.1009,41403,414260544,1808,0,0,0
70.1110,41404,414270544,1815,0,0,0
70.1211,41405,414280544,1813,0,0,0
70.1312,41406,414290544,1825,0,0,0
70.1411,41407,414300544,1823,0,0,0
70.1509,41408,414310544,1822,0,0,0
70.1612,41409,414320544,1821,0,0,0
70.1746,41410,414330544,1823,0,0,0
70.1858,41411,414340544,1822,0,0,0
70.1911,41412,414350544,1827,0,0,0
70.2054,41413,414360544,1819,0,0,0
70.2126,41414,414370544,1840,0,0,0
70.2209,41415,414380544,1843,0,0,0
70.2376,41416,414390544,1911,0,0,0
70.2433,41417,414400544,1938,0,0,0
70.2524,41418,414410544,1974,0,0,0
70.2608,41419,414420544,1902,0,0,0
70.2709,41420,414430544,1857,0,0,0
70.2810,41421,414440544,1825,0,0,0
70.2909,41422,414450544,1815,0,0,0
70.3009,41423,414460544,1803,0,0,0
70.3109,41424,414470544,1798,0,0,0
70.3209,41425,414480544,1793,0,0,0
70.3309,41426,414490544,1808,0,0,0
70.3410,41427,414500544,1776,0,0,0
70.3509,41428,414510544,1695,0,0,0
70.3609,41429,414520544,1877,0,0,0
70.3745,41430,414530544,2469,0,0,0
70.3862,41431,414540544,3330,0,0,0
70.3909,41432,414550544,2621,0,0,0
70.4072,41433,414560544,1648,0,0,0
70.4141,41434,414570544,1419,0,0,0
70.4244,41435,414580544,1571,0,0,0
70.4310,41436,414590544,1733,0,0,0
70.4410,41437,414600544,1728,0,0,0
70.4509,41438,414610544,1770,0,0,0
70.4611,41439,414620544,1770,0,0,0
70.4710,41440,414630544,1787,0,0,0
70.4810,41441,414640544,1797,0,0,0
70.4912,41442,414650544,1818,0,0,0
70.5008,41443,414660544,1815,0,0,0
70.5110,41444,414670544,1846,0,0,0
70.5212,41445,414680544,1857,0,0,0
70.5310,41446,414690544,1872,0,0,0
70.5410,41447,414700544,1898,0,0,0
70.5510,41448,414710544,1920,0,0,0
70.5621,41449,414720544,1933,0,0,0
70.5762,41450,414730544,1969,0,0,0
70.5878,41451,414740544,1999,0,0,0
70.5909,41452,414750544,2010,0,0,0
70.6039,41453,414760544,2010,0,0,0
70.6109,41454,414770544,2003,0,0,0
70.6210,41455,414780544,1998,0,0,0
70.6311,41456,414790544,1967,0,0,0
70.6410,41457,414800544,1852,0,0,0
70.6510,41458,414810544,1805,0,0,0
70.6652,41459,414820544,1779,0,0,0
70.6719,41460,414830544,1781,0,0,0
70.6810,41461,414840544,1776,0,0,0
70.6911,41462,414850544,1810,0,0,0
70.7011,41463,414860544,1751,0,0,0
70.7108,41464,414870544,1740,0,0,0
70.7258,41465,414880544,1766,0,0,0
70.7357,41466,414890544,1776,0,0,0
70.7454,41467,414900544,1786,0,0,0
70.7517,41468,414910544,1813,0,0,0
70.7609,41469,414920544,1809,0,0,0
70.7744,41470,414930544,1830,0,0,0
70.7808,41471,414940544,1817,0,0,0
70.7909,41472,414950544,1829,0,0,0
70.8009,41473,414960544,1826,0,0,0
70.8109,41474,414970544,1829,0,0,0
70.8209,41475,414980544,1809,0,0,0
70.8327,41476,414990544,1813,0,0,0
70.8408,41477,415000544,1814,0,0,0
70.8509,41478,415010544,1840,0,0,0
70.8610,41479,415020544,1809,0,0,0
70.8709,41480,415030544,1815,0,0,0
70.8809,41481,415040544,1809,0,0,0
70.8910,41482,415050544,1845,0,0,0
70.9020,41483,415060544,1821,0,0,0
70.9109,41484,415070544,1819,0,0,0
70.9244,41485,415080544,1823,0,0,0
70.9309,41486,415090544,1866,0,0,0
70.9409,41487,415100544,1803,0,0,0
70.9511,41488,415110544,1824,0,0,0
70.9609,41489,415120544,1810,0,0,0
70.9710,41490,415130544,1819,0,0,0
70.9811,41491,415140544,1830,0,0,0
70.9910,41492,415150544,1846,0,0,0
71.0009,41493,415160544,1846,0,0,0
71.0110,41494,415170544,1871,0,0,0
71.0209,41495,415180544,1867,0,0,0
71.0309,41496,415190544,1873,0,0,0
71.0411,41497,415200544,1872,0,0,0
71.0510,41498,415210544,1873,0,0,0
71.0610,41499,415220544,1874,0,0,0
71.0711,41500,415230544,1888,0,0,0
71.0812,41501,415240544,1882,0,0,0
71.0909,41502,415250544,1893,0,0,0
71.1009,41503,415260544,1902,0,0,0
71.1108,41504,415270544,1872,0,0,0
71.1210,41505,415280544,1872,0,0,0
71.1311,41506,415290544,1897,0,0,0
71.1411,41507,415300544,1887,0,0,0
71.1509,41508,415310544,1879,0,0,0
71.1611,41509,415320544,1876,0,0,0
71.1750,41510,415330544,1883,0,0,0
71.1809,41511,415340544,1872,0,0,0
71.1910,41512,415350544,1892,0,0,0
71.2010,41513,415360544,1884,0,0,0
71.2111,41514,415370544,1905,0,0,0
71.2210,41515,415380544,1936,0,0,0
71.2310,41516,415390544,1955,0,0,0
71.2409,41517,415400544,1968,0,0,0
71.2509,41518,415410544,1952,0,0,0
71.2608,41519,415420544,1887,0,0,0
71.2709,41520,415430544,1871,0,0,0
71.2810,41521,415440544,1845,0,0,0
71.2910,41522,415450544,1850,0,0,0
71.3010,41523,415460544,1838,0,0,0
71.3111,41524,415470544,1846,0,0,0
71.3209,41525,415480544,1841,0,0,0
71.3309,41526,415490544,1842,0,0,0
71.3409,41527,415500544,1751,0,0,0
71.3511,41528,415510544,1908,0,0,0
71.3611,41529,415520544,2427,0,0,0
71.3711,41530,415530544,3303,0,0,0
71.3810,41531,415540544,2722,0,0,0
71.3909,41532,415550544,1723,0,0,0
71.4011,41533,415560544,1470,0,0,0
71.4112,41534,415570544,1574,0,0,0
71.4217,41535,415580544,1738,0,0,0
71.4309,41536,415590544,1759,0,0,0
71.4410,41537,415600544,1765,0,0,0
71.4510,41538,415610544,1788,0,0,0
71.4613,41539,415620544,1783,0,0,0
71.4711,41540,415630544,1805,0,0,0
71.4812,41541,415640544,1808,0,0,0
71.4912,41542,415650544,1822,0,0,0
71.5011,41543,415660544,1827,0,0,0
71.5110,41544,415670544,1847,0,0,0
71.5210,41545,415680544,1855,0,0,0
71.5310,41546,415690544,1873,0,0,0
71.5410,41547,415700544,1898,0,0,0
71.5510,41548,415710544,1927,0,0,0
71.5609,41549,415720544,1905,0,0,0
71.5709,41550,415730544,1954,0,0,0
71.5811,41551,415740544,1968,0,0,0
71.5909,41552,415750544,1991,0,0,0
71.6008,41553,415760544,1984,0,0,0
71.6110,41554,415770544,1954,0,0,0
71.6210,41555,415780544,1903,0,0,0
71.6311,41556,415790544,1858,0,0,0
71.6411,41557,415800544,1803,0,0,0
71.6509,41558,415810544,1759,0,0,0
71.6615,41559,415820544,1733,0,0,0
71.6710,41560,415830544,1727,0,0,0
71.6811,41561,415840544,1728,0,0,0
71.6911,41562,415850544,1734,0,0,0
71.7011,41563,415860544,1727,0,0,0
71.7112,41564,415870544,1735,0,0,0
71.7208,41565,415880544,1739,0,0,0
71.7309,41566,415890544,1746,0,0,0
71.7409,41567,415900544,1744,0,0,0
71.7509,41568,415910544,1769,0,0,0
71.7610,41569,415920544,1776,0,0,0
71.7709,41570,415930544,1779,0,0,0
71.7809,41571,415940544,1777,0,0,0
71.7909,41572,415950544,1787,0,0,0
71.8009,41573,415960544,1793,0,0,0
71.8109,41574,415970544,1808,0,0,0
71.8211,41575,415980544,1802,0,0,0
71.8310,41576,415990544,1808,0,0,0
71.8410,41577,416000544,1808,0,0,0
71.8510,41578,416010544,1808,0,0,0
71.8609,41579,416020544,1808,0,0,0
71.8709,41580,416030544,1813,0,0,0
71.8810,41581,416040544,1798,0,0,0
71.8910,41582,416050544,1802,0,0,0
71.9010,41583,416060544,1821,0,0,0
71.9110,41584,416070544,1827,0,0,0
71.9210,41585,416080544,1816,0,0,0
71.9309,41586,416090544,1819,0,0,0
71.9408,41587,416100544,1822,0,0,0
71.9509,41588,416110544,1831,0,0,0
71.9610,41589,416120544,1811,0,0,0
71.9709,41590,416130544,1833,0,0,0
71.9810,41591,416140544,1821,0,0,0
71.9910,41592,416150544,1815,0,0,0
72.0009,41593,416160544,1809,0,0,0
72.0109,41594,416170544,1822,0,0,0
72.0209,41595,416180544,1815,0,0,0
72.0308,41596,416190544,1819,0,0,0
72.0410,41597,416200544,1808,0,0,0
72.0509,41598,416210544,1817,0,0,0
72.0609,41599,416220544,1811,0,0,0
72.0709,41600,416230544,1824,0,0,0
72.0808,41601,416240544,1814,0,0,0
72.0910,41602,416250544,1822,0,0,0
72.1010,41603,416260544,1806,0,0,0
72.1109,41604,416270544,1822,0,0,0
72.1213,41605,416280544,1815,0,0,0
72.1310,41606,416290544,1834,0,0,0
72.1409,41607,416300544,1815,0,0,0
72.1511,41608,416310544,1838,0,0,0
72.1617,41609,416320544,1859,0,0,0
72.1711,41610,416330544,1904,0,0,0
72.1812,41611,416340544,1907,0,0,0
72.1909,41612,416350544,1930,0,0,0
72.2011,41613,416360544,1863,0,0,0
72.2110,41614,416370544,1837,0,0,0
72.2211,41615,416380544,1823,0,0,0
72.2310,41616,416390544,1815,0,0,0
72.2411,41617,416400544,1807,0,0,0
72.2509,41618,416410544,1806,0,0,0
72.2610,41619,416420544,1805,0,0,0
72.2710,41620,416430544,1801,0,0,0
72.2809,41621,416440544,1742,0,0,0
72.2909,41622,416450544,1744,0,0,0
72.3010,41623,416460544,2175,0,0,0
72.3110,41624,416470544,2941,0,0,0
72.3209,41625,416480544,3194,0,0,0
72.3311,41626,416490544,1935,0,0,0
72.3411,41627,416500544,1535,0,0,0
72.3509,41628,416510544,1419,0,0,0
72.3611,41629,416520544,1635,0,0,0
72.3710,41630,416530544,1741,0,0,0
72.3810,41631,416540544,1735,0,0,0
72.3910,41632,416550544,1754,0,0,0
72.4010,41633,416560544,1783,0,0,0
72.4111,41634,416570544,1788,0,0,0
72.4209,41635,416580544,1797,0,0,0
72.4310,41636,416590544,1810,0,0,0
72.4412,41637,416600544,1820,0,0,0
72.4510,41638,416610544,1838,0,0,0
72.4609,41639,416620544,1846,0,0,0
72.4709,41640,416630544,1857,0,0,0
72.4809,41641,416640544,1870,0,0,0
72.4909,41642,416650544,1904,0,0,0
72.5010,41643,416660544,1919,0,0,0
72.5109,41644,416670544,1963,0,0,0
72.5208,41645,416680544,1969,0,0,0
72.5309,41646,416690544,1993,0,0,0
72.5410,41647,416700544,1987,0,0,0
72.5509,41648,416710544,1981,0,0,0
72.5609,41649,416720544,1932,0,0,0
72.5709,41650,416730544,1883,0,0,0
72.5809,41651,416740544,1821,0,0,0
72.5910,41652,416750544,1794,0,0,0
72.6010,41653,416760544,1753,0,0,0
72.6109,41654,416770544,1735,0,0,0
72.6210,41655,416780544,1744,0,0,0
72.6309,41656,416790544,1758,0,0,0
72.6410,41657,416800544,1744,0,0,0
72.6511,41658,416810544,1745,0,0,0
72.6609,41659,416820544,1757,0,0,0
72.6708,41660,416830544,1761,0,0,0
72.6812,41661,416840544,1751,0,0,0
72.6918,41662,416850544,1775,0,0,0
72.7010,41663,416860544,1776,0,0,0
72.7110,41664,416870544,1776,0,0,0
72.7211,41665,416880544,1791,0,0,0
72.7310,41666,416890544,1799,0,0,0
72.7411,41667,416900544,1797,0,0,0
72.7510,41668,416910544,1791,0,0,0
72.7609,41669,416920544,1797,0,0,0
72.7709,41670,416930544,1808,0,0,0
72.7810,41671,416940544,1808,0,0,0
72.7911,41672,416950544,1807,0,0,0
72.8009,41673,416960544,1826,0,0,0
72.8110,41674,416970544,1822,0,0,0
72.8210,41675,416980544,1824,0,0,0
72.8310,41676,416990544,1821,0,0,0
72.8410,41677,417000544,1823,0,0,0
72.8510,41678,417010544,1831,0,0,0
72.8611,41679,417020544,1824,0,0,0
72.8710,41680,417030544,1839,0,0,0
72.8809,41681,417040544,1835,0,0,0
72.8911,41682,417050544,1838,0,0,0
72.9009,41683,417060544,1834,0,0,0
72.9109,41684,417070544,1842,0,0,0
72.9210,41685,417080544,1844,0,0,0
72.9309,41686,417090544,1845,0,0,0
72.9409,41687,417100544,1853,0,0,0
72.9509,41688,417110544,1841,0,0,0
72.9608,41689,417120544,1840,0,0,0
72.9711,41690,417130544,1850,0,0,0
72.9811,41691,417140544,1855,0,0,0
72.9920,41692,417150544,1851,0,0,0
73.0008,41693,417160544,1885,0,0,0
73.0109,41694,417170544,1869,0,0,0
73.0209,41695,417180544,1913,0,0,0
73.0309,41696,417190544,1926,0,0,0
73.0410,41697,417200544,1995,0,0,0
73.0509,41698,417210544,2000,0,0,0
73.0609,41699,417220544,1915,0,0,0
73.0710,41700,417230544,1881,0,0,0
73.0810,41701,417240544,1847,0,0,0
73.0910,41702,417250544,1847,0,0,0
73.1010,41703,417260544,1826,0,0,0
73.1111,41704,417270544,1819,0,0,0
73.1209,41705,417280544,1815,0,0,0
73.1310,41706,417290544,1822,0,0,0
73.1409,41707,417300544,1776,0,0,0
73.1509,41708,417310544,1725,0,0,0
73.1610,41709,417320544,2032,0,0,0
73.1709,41710,417330544,2694,0,0,0
73.1815,41711,417340544,3450,0,0,0
73.1910,41712,417350544,2320,0,0,0
73.2011,41713,417360544,1642,0,0,0
73.2109,41714,417370544,1414,0,0,0
73.2214,41715,417380544,1587,0,0,0
73.2309,41716,417390544,1748,0,0,0
73.2409,41717,417400544,1751,0,0,0
73.2509,41718,417410544,1779,0,0,0
73.2610,41719,417420544,1803,0,0,0
73.2709,41720,417430544,1808,0,0,0
73.2808,41721,417440544,1815,0,0,0
73.2911,41722,417450544,1839,0,0,0
73.3010,41723,417460544,1845,0,0,0
73.3109,41724,417470544,1859,0,0,0
73.3210,41725,417480544,1874,0,0,0
73.3311,41726,417490544,1887,0,0,0
73.3410,41727,417500544,1904,0,0,0
73.3511,41728,417510544,1931,0,0,0
73.3612,41729,417520544,1950,0,0,0
73.3711,41730,417530544,1980,0,0,0
73.3809,41731,417540544,2000,0,0,0
73.3912,41732,417550544,2018,0,0,0
73.4010,41733,417560544,2020,0,0,0
73.4110,41734,417570544,2007,0,0,0
73.4256,41735,417580544,1970,0,0,0
73.4309,41736,417590544,1915,0,0,0
73.4411,41737,417600544,1857,0,0,0
73.4510,41738,417610544,1808,0,0,0
73.4611,41739,417620544,1776,0,0,0
73.4710,41740,417630544,1761,0,0,0
73.4810,41741,417640544,1756,0,0,0
73.4908,41742,417650544,1762,0,0,0
73.5009,41743,417660544,1755,0,0,0
73.5108,41744,417670544,1753,0,0,0
73.5209,41745,417680544,1750,0,0,0
73.5310,41746,417690544,1767,0,0,0
73.5411,41747,417700544,1777,0,0,0
73.5510,41748,417710544,1776,0,0,0
73.5613,41749,417720544,1778,0,0,0
73.5713,41750,417730544,1782,0,0,0
73.5812,41751,417740544,1792,0,0,0
73.5910,41752,417750544,1808,0,0,0
73.6010,41753,417760544,1809,0,0,0
73.6109,41754,417770544,1808,0,0,0
73.6210,41755,417780544,1808,0,0,0
73.6309,41756,417790544,1814,0,0,0
73.6409,41757,417800544,1805,0,0,0
73.6510,41758,417810544,1809,0,0,0
73.6611,41759,417820544,1815,0,0,0
73.6709,41760,417830544,1817,0,0,0
73.6811,41761,417840544,1815,0,0,0
73.6909,41762,417850544,1815,0,0,0
73.7010,41763,417860544,1817,0,0,0
73.7109,41764,417870544,1821,0,0,0
73.7210,41765,417880544,1819,0,0,0
73.7309,41766,417890544,1813,0,0,0
73.7410,41767,417900544,1818,0,0,0
73.7509,41768,417910544,1814,0,0,0
73.7608,41769,417920544,1821,0,0,0
73.7709,41770,417930544,1827,0,0,0
73.7810,41771,417940544,1825,0,0,0
73.7909,41772,417950544,1826,0,0,0
73.8011,41773,417960544,1823,0,0,0
73.8110,41774,417970544,1827,0,0,0
73.8210,41775,417980544,1828,0,0,0
73.8312,41776,417990544,1821,0,0,0
73.8411,41777,418000544,1831,0,0,0
73.8511,41778,418010544,1879,0,0,0
73.8611,41779,418020544,1906,0,0,0
73.8709,41780,418030544,1962,0,0,0
73.8810,41781,418040544,1957,0,0,0
73.8917,41782,418050544,1878,0,0,0
73.9010,41783,418060544,1845,0,0,0
73.9110,41784,418070544,1805,0,0,0
73.9229,41785,418080544,1793,0,0,0
73.9309,41786,418090544,1777,0,0,0
73.9409,41787,418100544,1766,0,0,0
73.9510,41788,418110544,1763,0,0,0
73.9610,41789,418120544,1770,0,0,0
73.9713,41790,418130544,1728,0,0,0
73.9811,41791,418140544,1678,0,0,0
73.9909,41792,418150544,2020,0,0,0
74.0012,41793,418160544,2723,0,0,0
74.0110,41794,418170544,3397,0,0,0
74.0209,41795,418180544,2123,0,0,0
74.0309,41796,418190544,1520,0,0,0
74.0411,41797,418200544,1387,0,0,0
74.0509,41798,418210544,1616,0,0,0
74.0609,41799,418220544,1712,0,0,0
74.0710,41800,418230544,1712,0,0,0
74.0809,41801,418240544,1742,0,0,0
74.0911,41802,418250544,1765,0,0,0
74.1012,41803,418260544,1776,0,0,0
74.1111,41804,418270544,1787,0,0,0
74.1210,41805,418280544,1791,0,0,0
74.1311,41806,418290544,1808,0,0,0
74.1410,41807,418300544,1833,0,0,0
74.1509,41808,418310544,1840,0,0,0
74.1617,41809,418320544,1859,0,0,0
74.1710,41810,418330544,1881,0,0,0
74.1810,41811,418340544,1907,0,0,0
74.1910,41812,418350544,1936,0,0,0
74.2010,41813,418360544,1959,0,0,0
74.2109,41814,418370544,1982,0,0,0
74.2211,41815,418380544,2001,0,0,0
74.2309,41816,418390544,2007,0,0,0
74.2409,41817,418400544,1991,0,0,0
74.2511,41818,418410544,1951,0,0,0
74.2609,41819,418420544,1895,0,0,0
74.2710,41820,418430544,1840,0,0,0
74.2811,41821,418440544,1793,0,0,0
74.2911,41822,418450544,1760,0,0,0
74.3010,41823,418460544,1752,0,0,0
74.3113,41824,418470544,1743,0,0,0
74.3211,41825,418480544,1741,0,0,0
74.3308,41826,418490544,1735,0,0,0
74.3411,41827,418500544,1744,0,0,0
74.3510,41828,418510544,1740,0,0,0
74.3611,41829,418520544,1746,0,0,0
74.3711,41830,418530544,1755,0,0,0
74.3810,41831,418540544,1769,0,0,0
74.3912,41832,418550544,1775,0,0,0
74.4013,41833,418560544,1783,0,0,0
74.4121,41834,418570544,1781,0,0,0
74.4210,41835,418580544,1798,0,0,0
74.4311,41836,418590544,1803,0,0,0
74.4410,41837,418600544,1801,0,0,0
74.4511,41838,418610544,1803,0,0,0
74.4614,41839,418620544,1806,0,0,0
74.4712,41840,418630544,1808,0,0,0
74.4810,41841,418640544,1803,0,0,0
74.4912,41842,418650544,1802,0,0,0
74.5010,41843,418660544,1808,0,0,0
74.5109,41844,418670544,1813,0,0,0
74.5209,41845,418680544,1817,0,0,0
74.5309,41846,418690544,1808,0,0,0
74.5409,41847,418700544,1817,0,0,0
74.5511,41848,418710544,1815,0,0,0
74.5609,41849,418720544,1821,0,0,0
74.5711,41850,418730544,1821,0,0,0
74.5811,41851,418740544,1823,0,0,0
74.5910,41852,418750544,1826,0,0,0
74.6011,41853,418760544,1821,0,0,0
74.6113,41854,418770544,1825,0,0,0
74.6212,41855,418780544,1831,0,0,0
74.6310,41856,418790544,1829,0,0,0
74.6409,41857,418800544,1838,0,0,0
74.6509,41858,418810544,1834,0,0,0
74.6610,41859,418820544,1841,0,0,0
74.6708,41860,418830544,1838,0,0,0
74.6810,41861,418840544,1842,0,0,0
74.6910,41862,418850544,1839,0,0,0
74.7009,41863,418860544,1843,0,0,0
74.7111,41864,418870544,1845,0,0,0
74.7211,41865,418880544,1851,0,0,0
74.7310,41866,418890544,1844,0,0,0
74.7411,41867,418900544,1870,0,0,0
74.7510,41868,418910544,1897,0,0,0
74.7610,41869,418920544,1951,0,0,0
74.7710,41870,418930544,1983,0,0,0
74.7809,41871,418940544,1989,0,0,0
74.7909,41872,418950544,1892,0,0,0
74.8011,41873,418960544,1867,0,0,0
74.8111,41874,418970544,1834,0,0,0
74.8209,41875,418980544,1831,0,0,0
74.8311,41876,418990544,1818,0,0,0
74.8410,41877,419000544,1808,0,0,0
74.8510,41878,419010544,1808,0,0,0
74.8610,41879,419020544,1819,0,0,0
74.8709,41880,419030544,1777,0,0,0
74.8809,41881,419040544,1724,0,0,0
74.8914,41882,419050544,2063,0,0,0
74.9009,41883,419060544,2754,0,0,0
74.9109,41884,419070544,3459,0,0,0
74.9213,41885,419080544,2175,0,0,0
74.9308,41886,419090544,1584,0,0,0
74.9409,41887,419100544,1459,0,0,0
74.9511,41888,419110544,1668,0,0,0
74.9608,41889,419120544,1767,0,0,0
74.9710,41890,419130544,1757,0,0,0
74.9810,41891,419140544,1777,0,0,0
74.9909,41892,419150544,1797,0,0,0
75.0010,41893,419160544,1811,0,0,0
75.0109,41894,419170544,1813,0,0,0
75.0208,41895,419180544,1825,0,0,0
75.0309,41896,419190544,1827,0,0,0
75.0410,41897,419200544,1861,0,0,0
75.0510,41898,419210544,1869,0,0,0
75.0612,41899,419220544,1879,0,0,0
75.0711,41900,419230544,1893,0,0,0
75.0809,41901,419240544,1917,0,0,0
75.0910,41902,419250544,1936,0,0,0
75.1009,41903,419260544,1979,0,0,0
75.1108,41904,419270544,2002,0,0,0
75.1210,41905,419280544,2014,0,0,0
75.1311,41906,419290544,2003,0,0,0
75.1410,41907,419300544,1994,0,0,0
75.1510,41908,419310544,1957,0,0,0
75.1623,41909,419320544,1904,0,0,0
75.1710,41910,419330544,1851,0,0,0
75.1812,41911,419340544,1808,0,0,0
75.1909,41912,419350544,1782,0,0,0
75.2010,41913,419360544,1760,0,0,0
75.2109,41914,419370544,1744,0,0,0
75.2209,41915,419380544,1758,0,0,0
75.2309,41916,419390544,1747,0,0,0
75.2410,41917,419400544,1761,0,0,0
75.2509,41918,419410544,1761,0,0,0
75.2610,41919,419420544,1770,0,0,0
75.2709,41920,419430544,1776,0,0,0
75.2809,41921,419440544,1786,0,0,0
75.2911,41922,419450544,1777,0,0,0
75.3013,41923,419460544,1805,0,0,0
75.3110,41924,419470544,1806,0,0,0
75.3210,41925,419480544,1802,0,0,0
75.3312,41926,419490544,1805,0,0,0
75.3411,41927,419500544,1819,0,0,0
75.3511,41928,419510544,1815,0,0,0
75.3612,41929,419520544,1822,0,0,0
75.3711,41930,419530544,1807,0,0,0
75.3810,41931,419540544,1819,0,0,0
75.3912,41932,419550544,1808,0,0,0
75.4010,41933,419560544,1823,0,0,0
75.4110,41934,419570544,1819,0,0,0
75.4213,41935,419580544,1831,0,0,0
75.4310,41936,419590544,1825,0,0,0
75.4410,41937,419600544,1824,0,0,0
75.4509,41938,419610544,1811,0,0,0
75.4610,41939,419620544,1825,0,0,0
75.4711,41940,419630544,1825,0,0,0
75.4811,41941,419640544,1827,0,0,0
75.4910,41942,419650544,1833,0,0,0
75.5009,41943,419660544,1835,0,0,0
75.5111,41944,419670544,1824,0,0,0
75.5211,41945,419680544,1829,0,0,0
75.5309,41946,419690544,1821,0,0,0
75.5412,41947,419700544,1821,0,0,0
75.5509,41948,419710544,1824,0,0,0
75.5611,41949,419720544,1835,0,0,0
75.5711,41950,419730544,1837,0,0,0
75.5811,41951,419740544,1829,0,0,0
75.5909,41952,419750544,1823,0,0,0
75.6013,41953,419760544,1829,0,0,0
75.6109,41954,419770544,1827,0,0,0
75.6209,41955,419780544,1839,0,0,0
75.6311,41956,419790544,1846,0,0,0
75.6409,41957,419800544,1861,0,0,0
75.6509,41958,419810544,1845,0,0,0
75.6614,41959,419820544,1842,0,0,0
75.6710,41960,419830544,1861,0,0,0
75.6810,41961,419840544,1904,0,0,0
75.6912,41962,419850544,1936,0,0,0
75.7010,41963,419860544,1983,0,0,0
75.7109,41964,419870544,1984,0,0,0
75.7209,41965,419880544,1921,0,0,0
75.7310,41966,419890544,1877,0,0,0
75.7409,41967,419900544,1851,0,0,0
75.7510,41968,419910544,1835,0,0,0
75.7609,41969,419920544,1839,0,0,0
75.7709,41970,419930544,1823,0,0,0
75.7810,41971,419940544,1827,0,0,0
75.7909,41972,419950544,1813,0,0,0
75.8010,41973,419960544,1796,0,0,0
75.8110,41974,419970544,1724,0,0,0
75.8209,41975,419980544,2017,0,0,0
75.8309,41976,419990544,2683,0,0,0
75.8410,41977,420000544,3470,0,0,0
75.8508,41978,420010544,2301,0,0,0
75.8609,41979,420020544,1654,0,0,0
75.8710,41980,420030544,1425,0,0,0
75.8809,41981,420040544,1600,0,0,0
75.8909,41982,420050544,1746,0,0,0
75.9010,41983,420060544,1758,0,0,0
75.9110,41984,420070544,1776,0,0,0
75.9219,41985,420080544,1803,0,0,0
75.9310,41986,420090544,1824,0,0,0
75.9410,41987,420100544,1843,0,0,0
75.9510,41988,420110544,1840,0,0,0
75.9611,41989,420120544,1863,0,0,0
75.9709,41990,420130544,1867,0,0,0
75.9809,41991,420140544,1886,0,0,0
75.9911,41992,420150544,1897,0,0,0
76.0008,41993,420160544,1921,0,0,0
76.0109,41994,420170544,1925,0,0,0
76.0210,41995,420180544,1958,0,0,0
76.0309,41996,420190544,1985,0,0,0
76.0409,41997,420200544,2006,0,0,0
76.0510,41998,420210544,2017,0,0,0
76.0610,41999,420220544,2026,0,0,0
76.0710,42000,420230544,2000,0,0,0
76.0809,42001,420240544,1981,0,0,0
76.0908,42002,420250544,1923,0,0,0
76.1008,42003,420260544,1876,0,0,0
76.1108,42004,420270544,1827,0,0,0
76.1210,42005,420280544,1803,0,0,0
76.1310,42006,420290544,1776,0,0,0
76.1410,42007,420300544,1783,0,0,0
76.1510,42008,420310544,1774,0,0,0
76.1638,42009,420320544,1787,0,0,0
76.1710,42010,420330544,1779,0,0,0
76.1809,42011,420340544,1791,0,0,0
76.1910,42012,420350544,1786,0,0,0
76.2010,42013,420360544,1791,0,0,0
76.2109,42014,420370544,1797,0,0,0
76.2209,42015,420380544,1805,0,0,0
76.2309,42016,420390544,1803,0,0,0
76.2412,42017,420400544,1819,0,0,0
76.2510,42018,420410544,1808,0,0,0
76.2609,42019,420420544,1824,0,0,0
76.2709,42020,420430544,1819,0,0,0
76.2809,42021,420440544,1824,0,0,0
76.2909,42022,420450544,1819,0,0,0
76.3008,42023,420460544,1834,0,0,0
76.3109,42024,420470544,1830,0,0,0
76.3209,42025,420480544,1831,0,0,0
76.3309,42026,420490544,1821,0,0,0
76.3410,42027,420500544,1840,0,0,0
76.3509,42028,420510544,1828,0,0,0
76.3610,42029,420520544,1840,0,0,0
76.3710,42030,420530544,1837,0,0,0
76.3810,42031,420540544,1841,0,0,0
76.3909,42032,420550544,1840,0,0,0
76.4009,42033,420560544,1841,0,0,0
76.4110,42034,420570544,1839,0,0,0
76.4210,42035,420580544,1849,0,0,0
76.4317,42036,420590544,1840,0,0,0
76.4409,42037,420600544,1851,0,0,0
76.4509,42038,420610544,1853,0,0,0
76.4609,42039,420620544,1847,0,0,0
76.4708,42040,420630544,1840,0,0,0
76.4809,42041,420640544,1852,0,0,0
76.4910,42042,420650544,1833,0,0,0
76.5010,42043,420660544,1842,0,0,0
76.5110,42044,420670544,1840,0,0,0
76.5210,42045,420680544,1846,0,0,0
76.5317,42046,420690544,1843,0,0,0
76.5410,42047,420700544,1849,0,0,0
76.5510,42048,420710544,1849,0,0,0
76.5611,42049,420720544,1907,0,0,0
76.5709,42050,420730544,1930,0,0,0
76.5810,42051,420740544,1984,0,0,0
76.5910,42052,420750544,1969,0,0,0
76.6010,42053,420760544,1883,0,0,0
76.6110,42054,420770544,1842,0,0,0
76.6209,42055,420780544,1834,0,0,0
76.6310,42056,420790544,1817,0,0,0
76.6411,42057,420800544,1808,0,0,0
76.6510,42058,420810544,1802,0,0,0
76.6617,42059,420820544,1808,0,0,0
76.6710,42060,420830544,1793,0,0,0
76.6809,42061,420840544,1765,0,0,0
76.6909,42062,420850544,1727,0,0,0
76.7010,42063,420860544,2143,0,0,0
76.7109,42064,420870544,2876,0,0,0
76.7209,42065,420880544,3326,0,0,0
76.7309,42066,420890544,2000,0,0,0
76.7409,42067,420900544,1530,0,0,0
76.7509,42068,420910544,1431,0,0,0
76.7609,42069,420920544,1677,0,0,0
76.7708,42070,420930544,1742,0,0,0
76.7808,42071,420940544,1759,0,0,0
76.7909,42072,420950544,1769,0,0,0
76.8009,42073,420960544,1783,0,0,0
76.8109,42074,420970544,1787,0,0,0
76.8209,42075,420980544,1799,0,0,0
76.8310,42076,420990544,1810,0,0,0
76.8410,42077,421000544,1837,0,0,0
76.8509,42078,421010544,1840,0,0,0
76.8610,42079,421020544,1858,0,0,0
76.8710,42080,421030544,1867,0,0,0
76.8809,42081,421040544,1889,0,0,0
76.8909,42082,421050544,1904,0,0,0
76.9019,42083,421060544,1938,0,0,0
76.9110,42084,421070544,1967,0,0,0
76.9209,42085,421080544,1998,0,0,0
76.9308,42086,421090544,2005,0,0,0
76.9409,42087,421100544,2017,0,0,0
76.9509,42088,421110544,1980,0,0,0
76.9611,42089,421120544,1947,0,0,0
76.9709,42090,421130544,1883,0,0,0
76.9809,42091,421140544,1830,0,0,0
76.9911,42092,421150544,1773,0,0,0
77.0009,42093,421160544,1747,0,0,0
77.0109,42094,421170544,1719,0,0,0
77.0210,42095,421180544,1719,0,0,0
77.0310,42096,421190544,1709,0,0,0
77.0409,42097,421200544,1719,0,0,0
77.0510,42098,421210544,1712,0,0,0
77.0610,42099,421220544,1725,0,0,0
77.0710,42100,421230544,1724,0,0,0
77.0810,42101,421240544,1730,0,0,0
77.0908,42102,421250544,1741,0,0,0
77.1009,42103,421260544,1753,0,0,0
77.1108,42104,421270544,1757,0,0,0
77.1210,42105,421280544,1766,0,0,0
77.1309,42106,421290544,1767,0,0,0
77.1409,42107,421300544,1777,0,0,0
77.1510,42108,421310544,1775,0,0,0
77.1610,42109,421320544,1782,0,0,0
77.1711,42110,421330544,1777,0,0,0
77.1810,42111,421340544,1780,0,0,0
77.1910,42112,421350544,1786,0,0,0
77.2011,42113,421360544,1793,0,0,0
77.2109,42114,421370544,1791,0,0,0
77.2209,42115,421380544,1798,0,0,0
77.2310,42116,421390544,1793,0,0,0
77.2409,42117,421400544,1809,0,0,0
77.2510,42118,421410544,1805,0,0,0
77.2610,42119,421420544,1808,0,0,0
77.2710,42120,421430544,1803,0,0,0
77.2809,42121,421440544,1820,0,0,0
77.2910,42122,421450544,1814,0,0,0
77.3009,42123,421460544,1819,0,0,0
77.3108,42124,421470544,1820,0,0,0
77.3210,42125,421480544,1824,0,0,0
77.3309,42126,421490544,1815,0,0,0
77.3410,42127,421500544,1828,0,0,0
77.3509,42128,421510544,1853,0,0,0
77.3610,42129,421520544,1906,0,0,0
77.3709,42130,421530544,1929,0,0,0
77.3810,42131,421540544,1983,0,0,0
77.3908,42132,421550544,1936,0,0,0
77.4018,42133,421560544,1867,0,0,0
77.4110,42134,421570544,1826,0,0,0
77.4209,42135,421580544,1811,0,0,0
77.4310,42136,421590544,1793,0,0,0
77.4409,42137,421600544,1793,0,0,0
77.4510,42138,421610544,1794,0,0,0
77.4610,42139,421620544,1795,0,0,0
77.4711,42140,421630544,1774,0,0,0
77.4809,42141,421640544,1716,0,0,0
77.4909,42142,421650544,1779,0,0,0
77.5010,42143,421660544,2310,0,0,0
77.5110,42144,421670544,3127,0,0,0
77.5209,42145,421680544,2947,0,0,0
77.5309,42146,421690544,1762,0,0,0
77.5409,42147,421700544,1469,0,0,0
77.5508,42148,421710544,1488,0,0,0
77.5609,42149,421720544,1712,0,0,0
77.5708,42150,421730544,1738,0,0,0
77.5808,42151,421740544,1753,0,0,0
77.5908,42152,421750544,1773,0,0,0
77.6008,42153,421760544,1790,0,0,0
77.6109,42154,421770544,1791,0,0,0
77.6209,42155,421780544,1812,0,0,0
77.6308,42156,421790544,1827,0,0,0
77.6408,42157,421800544,1840,0,0,0
77.6510,42158,421810544,1856,0,0,0
77.6618,42159,421820544,1872,0,0,0
77.6708,42160,421830544,1884,0,0,0
77.6811,42161,421840544,1917,0,0,0
77.6909,42162,421850544,1935,0,0,0
77.7010,42163,421860544,1970,0,0,0
77.7110,42164,421870544,1989,0,0,0
77.7211,42165,421880544,2019,0,0,0
77.7310,42166,421890544,2023,0,0,0
77.7410,42167,421900544,2015,0,0,0
77.7509,42168,421910544,1985,0,0,0
77.7609,42169,421920544,1943,0,0,0
77.7708,42170,421930544,1888,0,0,0
77.7808,42171,421940544,1840,0,0,0
77.7910,42172,421950544,1785,0,0,0
77.8010,42173,421960544,1763,0,0,0
77.8109,42174,421970544,1750,0,0,0
77.8209,42175,421980544,1754,0,0,0
77.8308,42176,421990544,1744,0,0,0
77.8409,42177,422000544,1755,0,0,0
77.8510,42178,422010544,1761,0,0,0
77.8611,42179,422020544,1766,0,0,0
77.8710,42180,422030544,1770,0,0,0
77.8809,42181,422040544,1777,0,0,0
77.8910,42182,422050544,1776,0,0,0
77.9009,42183,422060544,1787,0,0,0
77.9130,42184,422070544,1791,0,0,0
77.9208,42185,422080544,1801,0,0,0
77.9308,42186,422090544,1791,0,0,0
77.9409,42187,422100544,1801,0,0,0
77.9509,42188,422110544,1797,0,0,0
77.9609,42189,422120544,1814,0,0,0
77.9710,42190,422130544,1809,0,0,0
77.9809,42191,422140544,1808,0,0,0
77.9909,42192,422150544,1805,0,0,0
78.0012,42193,422160544,1814,0,0,0
78.0109,42194,422170544,1809,0,0,0
78.0210,42195,422180544,1824,0,0,0
78.0312,42196,422190544,1815,0,0,0
78.0409,42197,422200544,1835,0,0,0
78.0510,42198,422210544,1837,0,0,0
78.0614,42199,422220544,1831,0,0,0
78.0710,42200,422230544,1833,0,0,0
78.0808,42201,422240544,1833,0,0,0
78.0909,42202,422250544,1831,0,0,0
78.1009,42203,422260544,1835,0,0,0
78.1109,42204,422270544,1837,0,0,0
78.1210,42205,422280544,1843,0,0,0
78.1309,42206,422290544,1829,0,0,0
78.1410,42207,422300544,1843,0,0,0
78.1509,42208,422310544,1877,0,0,0
78.1611,42209,422320544,1921,0,0,0
78.1708,42210,422330544,1940,0,0,0
78.1812,42211,422340544,2014,0,0,0
78.1908,42212,422350544,1959,0,0,0
78.2009,42213,422360544,1882,0,0,0
78.2109,42214,422370544,1847,0,0,0
78.2209,42215,422380544,1839,0,0,0
78.2309,42216,422390544,1830,0,0,0
78.2411,42217,422400544,1819,0,0,0
78.2508,42218,422410544,1802,0,0,0
78.2610,42219,422420544,1808,0,0,0
78.2710,42220,422430544,1803,0,0,0
78.2809,42221,422440544,1744,0,0,0
78.2911,42222,422450544,1813,0,0,0
78.3010,42223,422460544,2341,0,0,0
78.3109,42224,422470544,3171,0,0,0
78.3210,42225,422480544,2951,0,0,0
78.3309,42226,422490544,1790,0,0,0
78.3409,42227,422500544,1519,0,0,0
78.3510,42228,422510544,1488,0,0,0
78.3610,42229,422520544,1716,0,0,0
78.3710,42230,422530544,1758,0,0,0
78.3809,42231,422540544,1754,0,0,0
78.3910,42232,422550544,1776,0,0,0
78.4010,42233,422560544,1805,0,0,0
78.4109,42234,422570544,1802,0,0,0
78.4209,42235,422580544,1822,0,0,0
78.4308,42236,422590544,1838,0,0,0
78.4409,42237,422600544,1845,0,0,0
78.4509,42238,422610544,1849,0,0,0
78.4613,42239,422620544,1871,0,0,0
78.4709,42240,422630544,1885,0,0,0
78.4808,42241,422640544,1905,0,0,0
78.4909,42242,422650544,1927,0,0,0
78.5009,42243,422660544,1968,0,0,0
78.5109,42244,422670544,1984,0,0,0
78.5210,42245,422680544,2000,0,0,0
78.5309,42246,422690544,2015,0,0,0
78.5409,42247,422700544,2020,0,0,0
78.5511,42248,422710544,1979,0,0,0
78.5609,42249,422720544,1941,0,0,0
78.5709,42250,422730544,1885,0,0,0
78.5811,42251,422740544,1833,0,0,0
78.5910,42252,422750544,1794,0,0,0
78.6011,42253,422760544,1763,0,0,0
78.6108,42254,422770544,1750,0,0,0
78.6210,42255,422780544,1755,0,0,0
78.6310,42256,422790544,1753,0,0,0
78.6409,42257,422800544,1762,0,0,0
78.6511,42258,422810544,1761,0,0,0
78.6613,42259,422820544,1776,0,0,0
78.6709,42260,422830544,1775,0,0,0
78.6810,42261,422840544,1785,0,0,0
78.6909,42262,422850544,1776,0,0,0
78.7009,42263,422860544,1797,0,0,0
78.7109,42264,422870544,1786,0,0,0
78.7209,42265,422880544,1795,0,0,0
78.7310,42266,422890544,1804,0,0,0
78.7409,42267,422900544,1806,0,0,0
78.7509,42268,422910544,1806,0,0,0
78.7609,42269,422920544,1813,0,0,0
78.7708,42270,422930544,1811,0,0,0
78.7811,42271,422940544,1817,0,0,0
78.7910,42272,422950544,1807,0,0,0
78.8009,42273,422960544,1823,0,0,0
78.8109,42274,422970544,1825,0,0,0
78.8209,42275,422980544,1821,0,0,0
78.8310,42276,422990544,1817,0,0,0
78.8409,42277,423000544,1827,0,0,0
78.8510,42278,423010544,1827,0,0,0
78.8610,42279,423020544,1830,0,0,0
78.8710,42280,423030544,1818,0,0,0
78.8809,42281,423040544,1838,0,0,0
78.8909,42282,423050544,1840,0,0,0
78.9010,42283,423060544,1840,0,0,0
78.9108,42284,423070544,1842,0,0,0
78.9217,42285,423080544,1847,0,0,0
78.9311,42286,423090544,1850,0,0,0
78.9409,42287,423100544,1857,0,0,0
78.9510,42288,423110544,1867,0,0,0
78.9610,42289,423120544,1911,0,0,0
78.9709,42290,423130544,1938,0,0,0
78.9809,42291,423140544,2000,0,0,0
78.9914,42292,423150544,1982,0,0,0
79.0009,42293,423160544,1893,0,0,0
79.0109,42294,423170544,1855,0,0,0
79.0209,42295,423180544,1840,0,0,0
79.0309,42296,423190544,1827,0,0,0
79.0410,42297,423200544,1812,0,0,0
79.0510,42298,423210544,1805,0,0,0
79.0609,42299,423220544,1822,0,0,0
79.0709,42300,423230544,1805,0,0,0
79.0810,42301,423240544,1757,0,0,0
79.0909,42302,423250544,1771,0,0,0
79.1010,42303,423260544,2241,0,0,0
79.1110,42304,423270544,2976,0,0,0
79.1210,42305,423280544,3237,0,0,0
79.1310,42306,423290544,1957,0,0,0
79.1410,42307,423300544,1575,0,0,0
79.1508,42308,423310544,1424,0,0,0
79.1624,42309,423320544,1662,0,0,0
79.1710,42310,423330544,1756,0,0,0
79.1810,42311,423340544,1765,0,0,0
79.1909,42312,423350544,1776,0,0,0
79.2008,42313,423360544,1801,0,0,0
79.2109,42314,423370544,1792,0,0,0
79.2211,42315,423380544,1812,0,0,0
79.2310,42316,423390544,1827,0,0,0
79.2409,42317,423400544,1840,0,0,0
79.2509,42318,423410544,1851,0,0,0
79.2608,42319,423420544,1872,0,0,0
79.2710,42320,423430544,1885,0,0,0
79.2811,42321,423440544,1909,0,0,0
79.2909,42322,423450544,1932,0,0,0
79.3009,42323,423460544,1958,0,0,0
79.3110,42324,423470544,1973,0,0,0
79.3209,42325,423480544,2000,0,0,0
79.3309,42326,423490544,2007,0,0,0
79.3410,42327,423500544,2006,0,0,0
79.3509,42328,423510544,1978,0,0,0
79.3610,42329,423520544,1941,0,0,0
79.3710,42330,423530544,1885,0,0,0
79.3811,42331,423540544,1830,0,0,0
79.3910,42332,423550544,1786,0,0,0
79.4011,42333,423560544,1772,0,0,0
79.4122,42334,423570544,1746,0,0,0
79.4210,42335,423580544,1755,0,0,0
79.4311,42336,423590544,1756,0,0,0
79.4410,42337,423600544,1776,0,0,0
79.4509,42338,423610544,1771,0,0,0
79.4609,42339,423620544,1782,0,0,0
79.4710,42340,423630544,1778,0,0,0
79.4808,42341,423640544,1789,0,0,0
79.4909,42342,423650544,1797,0,0,0
79.5009,42343,423660544,1806,0,0,0
79.5110,42344,423670544,1802,0,0,0
79.5210,42345,423680544,1812,0,0,0
79.5310,42346,423690544,1813,0,0,0
79.5409,42347,423700544,1822,0,0,0
79.5510,42348,423710544,1813,0,0,0
79.5610,42349,423720544,1823,0,0,0
79.5711,42350,423730544,1823,0,0,0
79.5808,42351,423740544,1834,0,0,0
79.5910,42352,423750544,1831,0,0,0
79.6011,42353,423760544,1841,0,0,0
79.6109,42354,423770544,1830,0,0,0
79.6210,42355,423780544,1837,0,0,0
79.6311,42356,423790544,1841,0,0,0
79.6411,42357,423800544,1842,0,0,0
79.6508,42358,423810544,1840,0,0,0
79.6612,42359,423820544,1847,0,0,0
79.6710,42360,423830544,1835,0,0,0
79.6811,42361,423840544,1841,0,0,0
79.6910,42362,423850544,1831,0,0,0
79.7009,42363,423860544,1830,0,0,0
79.7110,42364,423870544,1825,0,0,0
79.7213,42365,423880544,1825,0,0,0
79.7312,42366,423890544,1812,0,0,0
79.7409,42367,423900544,1852,0,0,0
79.7512,42368,423910544,1890,0,0,0
79.7609,42369,423920544,1937,0,0,0
79.7709,42370,423930544,1977,0,0,0
79.7811,42371,423940544,1961,0,0,0
79.7910,42372,423950544,1872,0,0,0
79.8009,42373,423960544,1854,0,0,0
79.8110,42374,423970544,1812,0,0,0
79.8210,42375,423980544,1808,0,0,0
79.8310,42376,423990544,1790,0,0,0
79.8413,42377,424000544,1793,0,0,0
79.8511,42378,424010544,1781,0,0,0
79.8612,42379,424020544,1785,0,0,0
79.8708,42380,424030544,1725,0,0,0
79.8808,42381,424040544,1760,0,0,0
79.8909,42382,424050544,2215,0,0,0
79.9010,42383,424060544,2978,0,0,0
79.9108,42384,424070544,3156,0,0,0
79.9208,42385,424080544,1894,0,0,0
79.9308,42386,424090544,1488,0,0,0
79.9411,42387,424100544,1436,0,0,0
79.9510,42388,424110544,1671,0,0,0
79.9609,42389,424120544,1738,0,0,0
79.9712,42390,424130544,1727,0,0,0
79.9809,42391,424140544,1754,0,0,0
79.9910,42392,424150544,1767,0,0,0
80.0010,42393,424160544,1781,0,0,0
80.0139,42394,424170544,1789,0,0,0
80.0209,42395,424180544,1808,0,0,0
80.0328,42396,424190544,1824,0,0,0
80.0411,42397,424200544,1845,0,0,0
80.0512,42398,424210544,1855,0,0,0
80.0671,42399,424220544,1872,0,0,0
80.0710,42400,424230544,1885,0,0,0
80.0809,42401,424240544,1917,0,0,0
80.0911,42402,424250544,1945,0,0,0
80.1010,42403,424260544,1981,0,0,0
80.1110,42404,424270544,1994,0,0,0
80.1211,42405,424280544,2001,0,0,0
80.1310,42406,424290544,2000,0,0,0
80.1409,42407,424300544,1973,0,0,0
80.1512,42408,424310544,1927,0,0,0
80.1612,42409,424320544,1872,0,0,0
80.1710,42410,424330544,1808,0,0,0
80.1825,42411,424340544,1774,0,0,0
80.1961,42412,424350544,1742,0,0,0
80.2073,42413,424360544,1729,0,0,0
80.2110,42414,424370544,1728,0,0,0
80.2285,42415,424380544,1739,0,0,0
80.2331,42416,424390544,1731,0,0,0
80.2411,42417,424400544,1743,0,0,0
80.2510,42418,424410544,1744,0,0,0
80.2610,42419,424420544,1756,0,0,0
80.2709,42420,424430544,1751,0,0,0
80.2809,42421,424440544,1761,0,0,0
80.2909,42422,424450544,1759,0,0,0
80.3008,42423,424460544,1776,0,0,0
80.3109,42424,424470544,1775,0,0,0
80.3211,42425,424480544,1785,0,0,0
80.3311,42426,424490544,1786,0,0,0
80.3426,42427,424500544,1798,0,0,0
80.3510,42428,424510544,1798,0,0,0
80.3643,42429,424520544,1804,0,0,0
80.3735,42430,424530544,1795,0,0,0
80.3811,42431,424540544,1803,0,0,0
80.3924,42432,424550544,1801,0,0,0
80.4011,42433,424560544,1799,0,0,0
80.4125,42434,424570544,1801,0,0,0
80.4210,42435,424580544,1807,0,0,0
80.4310,42436,424590544,1807,0,0,0
80.4410,42437,424600544,1809,0,0,0
80.4511,42438,424610544,1810,0,0,0
80.4610,42439,424620544,1813,0,0,0
80.4712,42440,424630544,1808,0,0,0
80.4809,42441,424640544,1821,0,0,0
80.4911,42442,424650544,1811,0,0,0
80.5011,42443,424660544,1820,0,0,0
80.5112,42444,424670544,1823,0,0,0
80.5218,42445,424680544,1831,0,0,0
80.5311,42446,424690544,1827,0,0,0
80.5431,42447,424700544,1835,0,0,0
80.5554,42448,424710544,1824,0,0,0
80.5610,42449,424720544,1843,0,0,0
80.5747,42450,424730544,1868,0,0,0
80.5809,42451,424740544,1935,0,0,0
80.5910,42452,424750544,1961,0,0,0
80.6010,42453,424760544,1982,0,0,0
80.6110,42454,424770544,1895,0,0,0
80.6212,42455,424780544,1866,0,0,0
80.6311,42456,424790544,1836,0,0,0
80.6410,42457,424800544,1830,0,0,0
80.6511,42458,424810544,1820,0,0,0
80.6610,42459,424820544,1811,0,0,0
80.6742,42460,424830544,1802,0,0,0
80.6810,42461,424840544,1805,0,0,0
80.6909,42462,424850544,1774,0,0,0
80.7033,42463,424860544,1710,0,0,0
80.7110,42464,424870544,2014,0,0,0
80.7258,42465,424880544,2673,0,0,0
80.7358,42466,424890544,3419,0,0,0
80.7410,42467,424900544,2252,0,0,0
80.7509,42468,424910544,1578,0,0,0
80.7616,42469,424920544,1438,0,0,0
80.7709,42470,424930544,1651,0,0,0
80.7809,42471,424940544,1757,0,0,0
80.7909,42472,424950544,1754,0,0,0
80.8009,42473,424960544,1777,0,0,0
80.8108,42474,424970544,1782,0,0,0
80.8209,42475,424980544,1806,0,0,0
80.8308,42476,424990544,1815,0,0,0
80.8410,42477,425000544,1826,0,0,0
80.8510,42478,425010544,1842,0,0,0
80.8608,42479,425020544,1856,0,0,0
80.8709,42480,425030544,1869,0,0,0
80.8810,42481,425040544,1875,0,0,0
80.8909,42482,425050544,1897,0,0,0
80.9012,42483,425060544,1921,0,0,0
80.9123,42484,425070544,1938,0,0,0
80.9208,42485,425080544,1967,0,0,0
80.9309,42486,425090544,1987,0,0,0
80.9411,42487,425100544,2003,0,0,0
80.9509,42488,425110544,2003,0,0,0
80.9609,42489,425120544,1981,0,0,0
80.9710,42490,425130544,1946,0,0,0
80.9809,42491,425140544,1893,0,0,0
80.9910,42492,425150544,1847,0,0,0
81.0010,42493,425160544,1797,0,0,0
81.0110,42494,425170544,1763,0,0,0
81.0209,42495,425180544,1755,0,0,0
81.0309,42496,425190544,1741,0,0,0
81.0411,42497,425200544,1744,0,0,0
81.0510,42498,425210544,1742,0,0,0
81.0610,42499,425220544,1759,0,0,0
81.0710,42500,425230544,1753,0,0,0
81.0811,42501,425240544,1750,0,0,0
81.0910,42502,425250544,1757,0,0,0
81.1009,42503,425260544,1770,0,0,0
81.1109,42504,425270544,1779,0,0,0
81.1212,42505,425280544,1781,0,0,0
81.1310,42506,425290544,1784,0,0,0
81.1410,42507,425300544,1799,0,0,0
81.1510,42508,425310544,1791,0,0,0
81.1609,42509,425320544,1793,0,0,0
81.1714,42510,425330544,1793,0,0,0
81.1811,42511,425340544,1802,0,0,0
81.1908,42512,425350544,1793,0,0,0
81.2008,42513,425360544,1790,0,0,0
81.2109,42514,425370544,1798,0,0,0
81.2209,42515,425380544,1795,0,0,0
81.2311,42516,425390544,1794,0,0,0
81.2409,42517,425400544,1808,0,0,0
81.2509,42518,425410544,1801,0,0,0
81.2608,42519,425420544,1805,0,0,0
81.2709,42520,425430544,1799,0,0,0
81.2808,42521,425440544,1810,0,0,0
81.2908,42522,425450544,1811,0,0,0
81.3011,42523,425460544,1815,0,0,0
81.3108,42524,425470544,1829,0,0,0
81.3209,42525,425480544,1826,0,0,0
81.3308,42526,425490544,1812,0,0,0
81.3409,42527,425500544,1819,0,0,0
81.3510,42528,425510544,1811,0,0,0
81.3609,42529,425520544,1815,0,0,0
81.3709,42530,425530544,1814,0,0,0
81.3810,42531,425540544,1827,0,0,0
81.3909,42532,425550544,1824,0,0,0
81.4009,42533,425560544,1839,0,0,0
81.4121,42534,425570544,1835,0,0,0
81.4209,42535,425580544,1872,0,0,0
81.4310,42536,425590544,1930,0,0,0
81.4410,42537,425600544,1965,0,0,0
81.4511,42538,425610544,1978,0,0,0
81.4611,42539,425620544,1887,0,0,0
81.4709,42540,425630544,1843,0,0,0
81.4809,42541,425640544,1821,0,0,0
81.4909,42542,425650544,1808,0,0,0
81.5008,42543,425660544,1809,0,0,0
81.5110,42544,425670544,1799,0,0,0
81.5209,42545,425680544,1801,0,0,0
81.5308,42546,425690544,1799,0,0,0
81.5411,42547,425700544,1760,0,0,0
81.5509,42548,425710544,1712,0,0,0
81.5610,42549,425720544,2085,0,0,0
81.5710,42550,425730544,2783,0,0,0
81.5810,42551,425740544,3342,0,0,0
81.5910,42552,425750544,2092,0,0,0
81.6011,42553,425760544,1592,0,0,0
81.6109,42554,425770544,1421,0,0,0
81.6210,42555,425780544,1627,0,0,0
81.6311,42556,425790544,1743,0,0,0
81.6410,42557,425800544,1752,0,0,0
81.6510,42558,425810544,1763,0,0,0
81.6610,42559,425820544,1786,0,0,0
81.6710,42560,425830544,1794,0,0,0
81.6816,42561,425840544,1825,0,0,0
81.6910,42562,425850544,1824,0,0,0
81.7009,42563,425860544,1841,0,0,0
81.7109,42564,425870544,1841,0,0,0
81.7211,42565,425880544,1872,0,0,0
81.7310,42566,425890544,1885,0,0,0
81.7409,42567,425900544,1897,0,0,0
81.7509,42568,425910544,1931,0,0,0
81.7609,42569,425920544,1952,0,0,0
81.7708,42570,425930544,1967,0,0,0
81.7810,42571,425940544,1998,0,0,0
81.7909,42572,425950544,2001,0,0,0
81.8010,42573,425960544,2000,0,0,0
81.8109,42574,425970544,1997,0,0,0
81.8209,42575,425980544,1952,0,0,0
81.8309,42576,425990544,1898,0,0,0
81.8411,42577,426000544,1843,0,0,0
81.8509,42578,426010544,1797,0,0,0
81.8609,42579,426020544,1778,0,0,0
81.8711,42580,426030544,1758,0,0,0
81.8810,42581,426040544,1761,0,0,0
81.8909,42582,426050544,1749,0,0,0
81.9012,42583,426060544,1757,0,0,0
81.9108,42584,426070544,1758,0,0,0
81.9209,42585,426080544,1765,0,0,0
81.9313,42586,426090544,1778,0,0,0
81.9409,42587,426100544,1785,0,0,0
81.9510,42588,426110544,1793,0,0,0
81.9611,42589,426120544,1798,0,0,0
81.9709,42590,426130544,1786,0,0,0
81.9808,42591,426140544,1792,0,0,0
81.9909,42592,426150544,1797,0,0,0
82.0010,42593,426160544,1808,0,0,0
82.0110,42594,426170544,1808,0,0,0
82.0217,42595,426180544,1807,0,0,0
82.0310,42596,426190544,1809,0,0,0
82.0410,42597,426200544,1815,0,0,0
82.0510,42598,426210544,1814,0,0,0
82.0610,42599,426220544,1823,0,0,0
82.0709,42600,426230544,1831,0,0,0
82.0810,42601,426240544,1839,0,0,0
82.0910,42602,426250544,1837,0,0,0
82.1010,42603,426260544,1833,0,0,0
82.1112,42604,426270544,1827,0,0,0
82.1209,42605,426280544,1838,0,0,0
82.1310,42606,426290544,1840,0,0,0
82.1410,42607,426300544,1835,0,0,0
82.1509,42608,426310544,1840,0,0,0
82.1610,42609,426320544,1841,0,0,0
82.1710,42610,426330544,1846,0,0,0
82.1809,42611,426340544,1848,0,0,0
82.1909,42612,426350544,1834,0,0,0
82.2010,42613,426360544,1851,0,0,0
82.2111,42614,426370544,1856,0,0,0
82.2211,42615,426380544,1863,0,0,0
82.2311,42616,426390544,1898,0,0,0
82.2410,42617,426400544,1934,0,0,0
82.2510,42618,426410544,1984,0,0,0
82.2611,42619,426420544,1997,0,0,0
82.2709,42620,426430544,1909,0,0,0
82.2809,42621,426440544,1878,0,0,0
82.2909,42622,426450544,1841,0,0,0
82.3009,42623,426460544,1837,0,0,0
82.3109,42624,426470544,1838,0,0,0
82.3214,42625,426480544,1818,0,0,0
82.3316,42626,426490544,1814,0,0,0
82.3410,42627,426500544,1812,0,0,0
82.3510,42628,426510544,1781,0,0,0
82.3610,42629,426520544,1736,0,0,0
82.3710,42630,426530544,2093,0,0,0
82.3809,42631,426540544,2779,0,0,0
82.3909,42632,426550544,3376,0,0,0
82.4011,42633,426560544,2160,0,0,0
82.4109,42634,426570544,1604,0,0,0
82.4234,42635,426580544,1398,0,0,0
82.4310,42636,426590544,1603,0,0,0
82.4409,42637,426600544,1750,0,0,0
82.4510,42638,426610544,1744,0,0,0
82.4611,42639,426620544,1771,0,0,0
82.4710,42640,426630544,1782,0,0,0
82.4810,42641,426640544,1802,0,0,0
82.4914,42642,426650544,1812,0,0,0
82.5010,42643,426660544,1818,0,0,0
82.5110,42644,426670544,1840,0,0,0
82.5212,42645,426680544,1850,0,0,0
82.5311,42646,426690544,1849,0,0,0
82.5410,42647,426700544,1875,0,0,0
82.5509,42648,426710544,1886,0,0,0
82.5610,42649,426720544,1907,0,0,0
82.5709,42650,426730544,1933,0,0,0
82.5810,42651,426740544,1953,0,0,0
82.5909,42652,426750544,1978,0,0,0
82.6008,42653,426760544,1987,0,0,0
82.6111,42654,426770544,1987,0,0,0
82.6210,42655,426780544,1970,0,0,0
82.6309,42656,426790544,1934,0,0,0
82.6410,42657,426800544,1885,0,0,0
82.6509,42658,426810544,1833,0,0,0
82.6609,42659,426820544,1792,0,0,0
82.6711,42660,426830544,1769,0,0,0
82.6809,42661,426840544,1757,0,0,0
82.6909,42662,426850544,1746,0,0,0
82.7012,42663,426860544,1759,0,0,0
82.7110,42664,426870544,1761,0,0,0
82.7212,42665,426880544,1773,0,0,0
82.7310,42666,426890544,1773,0,0,0
82.7408,42667,426900544,1780,0,0,0
82.7509,42668,426910544,1776,0,0,0
82.7611,42669,426920544,1786,0,0,0
82.7710,42670,426930544,1781,0,0,0
82.7811,42671,426940544,1791,0,0,0
82.7909,42672,426950544,1789,0,0,0
82.8008,42673,426960544,1804,0,0,0
82.8109,42674,426970544,1808,0,0,0
82.8211,42675,426980544,1808,0,0,0
82.8309,42676,426990544,1808,0,0,0
82.8409,42677,427000544,1809,0,0,0
82.8510,42678,427010544,1813,0,0,0
82.8610,42679,427020544,1824,0,0,0
82.8709,42680,427030544,1824,0,0,0
82.8810,42681,427040544,1821,0,0,0
82.8910,42682,427050544,1826,0,0,0
82.9014,42683,427060544,1825,0,0,0
82.9112,42684,427070544,1831,0,0,0
82.9210,42685,427080544,1825,0,0,0
82.9311,42686,427090544,1829,0,0,0
82.9409,42687,427100544,1836,0,0,0
82.9508,42688,427110544,1833,0,0,0
82.9611,42689,427120544,1833,0,0,0
82.9710,42690,427130544,1825,0,0,0
82.9810,42691,427140544,1835,0,0,0
82.9910,42692,427150544,1829,0,0,0
83.0008,42693,427160544,1838,0,0,0
83.0109,42694,427170544,1862,0,0,0
83.0209,42695,427180544,1898,0,0,0
83.0309,42696,427190544,1936,0,0,0
83.0410,42697,427200544,1987,0,0,0
83.0510,42698,427210544,1968,0,0,0
83.0610,42699,427220544,1883,0,0,0
83.0709,42700,427230544,1845,0,0,0
83.0811,42701,427240544,1826,0,0,0
83.0911,42702,427250544,1821,0,0,0
83.1011,42703,427260544,1810,0,0,0
83.1110,42704,427270544,1799,0,0,0
83.1210,42705,427280544,1796,0,0,0
83.1311,42706,427290544,1791,0,0,0
83.1410,42707,427300544,1734,0,0,0
83.1510,42708,427310544,1744,0,0,0
83.1611,42709,427320544,2194,0,0,0
83.1709,42710,427330544,2960,0,0,0
83.1810,42711,427340544,3210,0,0,0
83.1911,42712,427350544,1931,0,0,0
83.2010,42713,427360544,1520,0,0,0
83.2109,42714,427370544,1438,0,0,0
83.2210,42715,427380544,1680,0,0,0
83.2309,42716,427390544,1742,0,0,0
83.2409,42717,427400544,1744,0,0,0
83.2511,42718,427410544,1775,0,0,0
83.2609,42719,427420544,1781,0,0,0
83.2709,42720,427430544,1802,0,0,0
83.2809,42721,427440544,1811,0,0,0
83.2909,42722,427450544,1827,0,0,0
83.3008,42723,427460544,1837,0,0,0
83.3110,42724,427470544,1840,0,0,0
83.3212,42725,427480544,1863,0,0,0
83.3309,42726,427490544,1873,0,0,0
83.3411,42727,427500544,1903,0,0,0
83.3510,42728,427510544,1921,0,0,0
83.3610,42729,427520544,1950,0,0,0
83.3712,42730,427530544,1968,0,0,0
83.3809,42731,427540544,1991,0,0,0
83.3910,42732,427550544,1997,0,0,0
83.4011,42733,427560544,1990,0,0,0
83.4109,42734,427570544,1967,0,0,0
83.4210,42735,427580544,1921,0,0,0
83.4311,42736,427590544,1867,0,0,0
83.4410,42737,427600544,1814,0,0,0
83.4511,42738,427610544,1775,0,0,0
83.4611,42739,427620544,1750,0,0,0
83.4709,42740,427630544,1744,0,0,0
83.4809,42741,427640544,1743,0,0,0
83.4910,42742,427650544,1734,0,0,0
83.5011,42743,427660544,1741,0,0,0
83.5111,42744,427670544,1743,0,0,0
83.5209,42745,427680544,1757,0,0,0
83.5312,42746,427690544,1755,0,0,0
83.5417,42747,427700544,1758,0,0,0
83.5508,42748,427710544,1766,0,0,0
83.5609,42749,427720544,1770,0,0,0
83.5709,42750,427730544,1776,0,0,0
83.5809,42751,427740544,1781,0,0,0
83.5909,42752,427750544,1777,0,0,0
83.6009,42753,427760544,1777,0,0,0
83.6112,42754,427770544,1786,0,0,0
83.6210,42755,427780544,1783,0,0,0
83.6310,42756,427790544,1776,0,0,0
83.6411,42757,427800544,1786,0,0,0
83.6509,42758,427810544,1781,0,0,0
83.6610,42759,427820544,1795,0,0,0
83.6710,42760,427830544,1793,0,0,0
83.6810,42761,427840544,1791,0,0,0
83.6911,42762,427850544,1801,0,0,0
83.7010,42763,427860544,1806,0,0,0
83.7108,42764,427870544,1805,0,0,0
83.7210,42765,427880544,1801,0,0,0
83.7310,42766,427890544,1805,0,0,0
83.7409,42767,427900544,1809,0,0,0
83.7509,42768,427910544,1808,0,0,0
83.7613,42769,427920544,1812,0,0,0
83.7711,42770,427930544,1815,0,0,0
83.7809,42771,427940544,1819,0,0,0
83.7911,42772,427950544,1818,0,0,0
83.8009,42773,427960544,1820,0,0,0
83.8108,42774,427970544,1822,0,0,0
83.8211,42775,427980544,1845,0,0,0
83.8311,42776,427990544,1887,0,0,0
83.8412,42777,428000544,1936,0,0,0
83.8513,42778,428010544,1987,0,0,0
83.8612,42779,428020544,1953,0,0,0
83.8710,42780,428030544,1872,0,0,0
83.8810,42781,428040544,1840,0,0,0
83.8910,42782,428050544,1838,0,0,0
83.9009,42783,428060544,1811,0,0,0
83.9127,42784,428070544,1799,0,0,0
83.9209,42785,428080544,1785,0,0,0
83.9312,42786,428090544,1808,0,0,0
83.9410,42787,428100544,1776,0,0,0
83.9509,42788,428110544,1750,0,0,0
83.9609,42789,428120544,1760,0,0,0
83.9711,42790,428130544,2247,0,0,0
83.9810,42791,428140544,3042,0,0,0
83.9908,42792,428150544,3097,0,0,0
84.0009,42793,428160544,1842,0,0,0
84.0109,42794,428170544,1491,0,0,0
84.0210,42795,428180544,1477,0,0,0
84.0309,42796,428190544,1696,0,0,0
84.0412,42797,428200544,1735,0,0,0
84.0512,42798,428210544,1746,0,0,0
84.0612,42799,428220544,1772,0,0,0
84.0709,42800,428230544,1782,0,0,0
84.0809,42801,428240544,1807,0,0,0
84.0908,42802,428250544,1815,0,0,0
84.1011,42803,428260544,1829,0,0,0
84.1111,42804,428270544,1845,0,0,0
84.1209,42805,428280544,1859,0,0,0
84.1311,42806,428290544,1877,0,0,0
84.1411,42807,428300544,1893,0,0,0
84.1509,42808,428310544,1911,0,0,0
84.1619,42809,428320544,1931,0,0,0
84.1711,42810,428330544,1953,0,0,0
84.1810,42811,428340544,1973,0,0,0
84.1909,42812,428350544,2000,0,0,0
84.2010,42813,428360544,2003,0,0,0
84.2109,42814,428370544,2003,0,0,0
84.2209,42815,428380544,1981,0,0,0
84.2310,42816,428390544,1942,0,0,0
84.2410,42817,428400544,1895,0,0,0
84.2508,42818,428410544,1845,0,0,0
84.2608,42819,428420544,1802,0,0,0
84.2711,42820,428430544,1776,0,0,0
84.2810,42821,428440544,1770,0,0,0
84.2908,42822,428450544,1771,0,0,0
84.3010,42823,428460544,1762,0,0,0
84.3111,42824,428470544,1773,0,0,0
84.3210,42825,428480544,1776,0,0,0
84.3310,42826,428490544,1789,0,0,0
84.3411,42827,428500544,1783,0,0,0
84.3508,42828,428510544,1787,0,0,0
84.3609,42829,428520544,1781,0,0,0
84.3710,42830,428530544,1787,0,0,0
84.3809,42831,428540544,1791,0,0,0
84.3909,42832,428550544,1792,0,0,0
84.4010,42833,428560544,1798,0,0,0
84.4110,42834,428570544,1798,0,0,0
84.4212,42835,428580544,1803,0,0,0
84.4310,42836,428590544,1801,0,0,0
84.4409,42837,428600544,1807,0,0,0
84.4510,42838,428610544,1811,0,0,0
84.4610,42839,428620544,1808,0,0,0
84.4709,42840,428630544,1808,0,0,0
84.4810,42841,428640544,1811,0,0,0
84.4911,42842,428650544,1826,0,0,0
84.5011,42843,428660544,1823,0,0,0
84.5111,42844,428670544,1822,0,0,0
84.5212,42845,428680544,1811,0,0,0
84.5310,42846,428690544,1824,0,0,0
84.5410,42847,428700544,1814,0,0,0
84.5512,42848,428710544,1821,0,0,0
84.5612,42849,428720544,1822,0,0,0
84.5710,42850,428730544,1826,0,0,0
84.5812,42851,428740544,1823,0,0,0
84.5911,42852,428750544,1833,0,0,0
84.6010,42853,428760544,1821,0,0,0
84.6108,42854,428770544,1830,0,0,0
84.6209,42855,428780544,1823,0,0,0
84.6309,42856,428790544,1831,0,0,0
84.6413,42857,428800544,1857,0,0,0
84.6511,42858,428810544,1907,0,0,0
84.6609,42859,428820544,1938,0,0,0
84.6709,42860,428830544,1987,0,0,0
84.6814,42861,428840544,1920,0,0,0
84.6914,42862,428850544,1856,0,0,0
84.7012,42863,428860544,1819,0,0,0
84.7111,42864,428870544,1805,0,0,0
84.7211,42865,428880544,1791,0,0,0
84.7312,42866,428890544,1795,0,0,0
84.7408,42867,428900544,1777,0,0,0
84.7510,42868,428910544,1789,0,0,0
84.7608,42869,428920544,1759,0,0,0
84.7708,42870,428930544,1680,0,0,0
84.7809,42871,428940544,1877,0,0,0
84.7909,42872,428950544,2489,0,0,0
84.8010,42873,428960544,3328,0,0,0
84.8109,42874,428970544,2527,0,0,0
84.8208,42875,428980544,1657,0,0,0
84.8310,42876,428990544,1421,0,0,0
84.8410,42877,429000544,1511,0,0,0
84.8508,42878,429010544,1709,0,0,0
84.8610,42879,429020544,1729,0,0,0
84.8711,42880,429030544,1737,0,0,0
84.8810,42881,429040544,1758,0,0,0
84.8909,42882,429050544,1758,0,0,0
84.9009,42883,429060544,1778,0,0,0
84.9109,42884,429070544,1812,0,0,0
84.9212,42885,429080544,1808,0,0,0
84.9309,42886,429090544,1827,0,0,0
84.9410,42887,429100544,1846,0,0,0
84.9509,42888,429110544,1858,0,0,0
84.9610,42889,429120544,1874,0,0,0
84.9709,42890,429130544,1899,0,0,0
84.9809,42891,429140544,1905,0,0,0
84.9909,42892,429150544,1945,0,0,0
85.0009,42893,429160544,1965,0,0,0
85.0109,42894,429170544,1981,0,0,0
85.0211,42895,429180544,1980,0,0,0
85.0309,42896,429190544,1971,0,0,0
85.0409,42897,429200544,1945,0,0,0
85.0510,42898,429210544,1900,0,0,0
85.0609,42899,429220544,1840,0,0,0
85.0710,42900,429230544,1799,0,0,0
85.0810,42901,429240544,1770,0,0,0
85.0909,42902,429250544,1747,0,0,0
85.1010,42903,429260544,1744,0,0,0
85.1109,42904,429270544,1744,0,0,0
85.1210,42905,429280544,1753,0,0,0
85.1309,42906,429290544,1760,0,0,0
85.1410,42907,429300544,1749,0,0,0
85.1508,42908,429310544,1779,0,0,0
85.1609,42909,429320544,1774,0,0,0
85.1710,42910,429330544,1786,0,0,0
85.1808,42911,429340544,1783,0,0,0
85.1909,42912,429350544,1798,0,0,0
85.2009,42913,429360544,1792,0,0,0
85.2109,42914,429370544,1794,0,0,0
85.2209,42915,429380544,1806,0,0,0
85.2313,42916,429390544,1815,0,0,0
85.2409,42917,429400544,1814,0,0,0
85.2510,42918,429410544,1811,0,0,0
85.2609,42919,429420544,1810,0,0,0
85.2709,42920,429430544,1818,0,0,0
85.2809,42921,429440544,1814,0,0,0
85.2910,42922,429450544,1813,0,0,0
85.3010,42923,429460544,1823,0,0,0
85.3110,42924,429470544,1823,0,0,0
85.3208,42925,429480544,1821,0,0,0
85.3309,42926,429490544,1827,0,0,0
85.3409,42927,429500544,1823,0,0,0
85.3509,42928,429510544,1835,0,0,0
85.3609,42929,429520544,1839,0,0,0
85.3709,42930,429530544,1840,0,0,0
85.3808,42931,429540544,1828,0,0,0
85.3909,42932,429550544,1847,0,0,0
85.4009,42933,429560544,1849,0,0,0
85.4112,42934,429570544,1883,0,0,0
85.4211,42935,429580544,1917,0,0,0
85.4311,42936,429590544,1958,0,0,0
85.4409,42937,429600544,2005,0,0,0
85.4510,42938,429610544,1985,0,0,0
85.4610,42939,429620544,1890,0,0,0
85.4710,42940,429630544,1869,0,0,0
85.4809,42941,429640544,1842,0,0,0
85.4911,42942,429650544,1840,0,0,0
85.5011,42943,429660544,1829,0,0,0
85.5111,42944,429670544,1822,0,0,0
85.5211,42945,429680544,1825,0,0,0
85.5309,42946,429690544,1811,0,0,0
85.5411,42947,429700544,1741,0,0,0
85.5511,42948,429710544,1801,0,0,0
85.5610,42949,429720544,2294,0,0,0
85.5711,42950,429730544,3097,0,0,0
85.5811,42951,429740544,3114,0,0,0
85.5909,42952,429750544,1901,0,0,0
85.6010,42953,429760544,1554,0,0,0
85.6110,42954,429770544,1439,0,0,0
85.6209,42955,429780544,1671,0,0,0
85.6310,42956,429790544,1765,0,0,0
85.6411,42957,429800544,1757,0,0,0
85.6509,42958,429810544,1783,0,0,0
85.6609,42959,429820544,1799,0,0,0
85.6710,42960,429830544,1818,0,0,0
85.6809,42961,429840544,1815,0,0,0
85.6910,42962,429850544,1840,0,0,0
85.7011,42963,429860544,1840,0,0,0
85.7110,42964,429870544,1861,0,0,0
85.7209,42965,429880544,1870,0,0,0
85.7310,42966,429890544,1895,0,0,0
85.7409,42967,429900544,1895,0,0,0
85.7508,42968,429910544,1923,0,0,0
85.7609,42969,429920544,1951,0,0,0
85.7709,42970,429930544,1975,0,0,0
85.7810,42971,429940544,1980,0,0,0
85.7910,42972,429950544,1988,0,0,0
85.8009,42973,429960544,1971,0,0,0
85.8109,42974,429970544,1960,0,0,0
85.8209,42975,429980544,1911,0,0,0
85.8309,42976,429990544,1872,0,0,0
85.8408,42977,430000544,1820,0,0,0
85.8509,42978,430010544,1794,0,0,0
85.8609,42979,430020544,1773,0,0,0
85.8709,42980,430030544,1776,0,0,0
85.8810,42981,430040544,1765,0,0,0
85.8909,42982,430050544,1777,0,0,0
85.9009,42983,430060544,1779,0,0,0
85.9113,42984,430070544,1788,0,0,0
85.9209,42985,430080544,1779,0,0,0
85.9309,42986,430090544,1802,0,0,0
85.9411,42987,430100544,1795,0,0,0
85.9509,42988,430110544,1799,0,0,0
85.9609,42989,430120544,1802,0,0,0
85.9710,42990,430130544,1819,0,0,0
85.9809,42991,430140544,1809,0,0,0
85.9909,42992,430150544,1822,0,0,0
86.0010,42993,430160544,1822,0,0,0
86.0110,42994,430170544,1828,0,0,0
86.0210,42995,430180544,1823,0,0,0
86.0311,42996,430190544,1828,0,0,0
86.0409,42997,430200544,1821,0,0,0
86.0508,42998,430210544,1824,0,0,0
86.0610,42999,430220544,1823,0,0,0
86.0710,43000,430230544,1821,0,0,0
86.0809,43001,430240544,1820,0,0,0
86.0910,43002,430250544,1835,0,0,0
86.1010,43003,430260544,1819,0,0,0
86.1110,43004,430270544,1830,0,0,0
86.1210,43005,430280544,1815,0,0,0
86.1310,43006,430290544,1834,0,0,0
86.1410,43007,430300544,1827,0,0,0
86.1510,43008,430310544,1843,0,0,0
86.1615,43009,430320544,1862,0,0,0
86.1711,43010,430330544,1919,0,0,0
86.1810,43011,430340544,1955,0,0,0
86.1910,43012,430350544,1981,0,0,0
86.2010,43013,430360544,1913,0,0,0
86.2109,43014,430370544,1863,0,0,0
86.2209,43015,430380544,1839,0,0,0
86.2310,43016,430390544,1815,0,0,0
86.2409,43017,430400544,1799,0,0,0
86.2509,43018,430410544,1797,0,0,0
86.2608,43019,430420544,1778,0,0,0
86.2709,43020,430430544,1782,0,0,0
86.2809,43021,430440544,1757,0,0,0
86.2909,43022,430450544,1677,0,0,0
86.3010,43023,430460544,1872,0,0,0
86.3109,43024,430470544,2480,0,0,0
86.3210,43025,430480544,3341,0,0,0
86.3311,43026,430490544,2589,0,0,0
86.3411,43027,430500544,1649,0,0,0
86.3510,43028,430510544,1401,0,0,0
86.3611,43029,430520544,1510,0,0,0
86.3709,43030,430530544,1711,0,0,0
86.3809,43031,430540544,1716,0,0,0
86.3910,43032,430550544,1745,0,0,0
86.4009,43033,430560544,1763,0,0,0
86.4126,43034,430570544,1770,0,0,0
86.4211,43035,430580544,1777,0,0,0
86.4309,43036,430590544,1804,0,0,0
86.4409,43037,430600544,1808,0,0,0
86.4510,43038,430610544,1823,0,0,0
86.4609,43039,430620544,1840,0,0,0
86.4710,43040,430630544,1869,0,0,0
86.4810,43041,430640544,1877,0,0,0
86.4909,43042,430650544,1923,0,0,0
86.5010,43043,430660544,1919,0,0,0
86.5109,43044,430670544,1956,0,0,0
86.5209,43045,430680544,1978,0,0,0
86.5309,43046,430690544,1995,0,0,0
86.5411,43047,430700544,1985,0,0,0
86.5510,43048,430710544,1986,0,0,0
86.5610,43049,430720544,1943,0,0,0
86.5710,43050,430730544,1904,0,0,0
86.5810,43051,430740544,1840,0,0,0
86.5912,43052,430750544,1769,0,0,0
86.6012,43053,430760544,1763,0,0,0
86.6112,43054,430770544,1771,0,0,0
86.6212,43055,430780544,1745,0,0,0
86.6309,43056,430790544,1755,0,0,0
86.6409,43057,430800544,1749,0,0,0
86.6509,43058,430810544,1758,0,0,0
86.6610,43059,430820544,1749,0,0,0
86.6709,43060,430830544,1770,0,0,0
86.6810,43061,430840544,1766,0,0,0
86.6911,43062,430850544,1779,0,0,0
86.7009,43063,430860544,1777,0,0,0
86.7110,43064,430870544,1783,0,0,0
86.7208,43065,430880544,1790,0,0,0
86.7310,43066,430890544,1793,0,0,0
86.7411,43067,430900544,1797,0,0,0
86.7509,43068,430910544,1804,0,0,0
86.7608,43069,430920544,1803,0,0,0
86.7709,43070,430930544,1795,0,0,0
86.7809,43071,430940544,1803,0,0,0
86.7909,43072,430950544,1810,0,0,0
86.8010,43073,430960544,1810,0,0,0
86.8109,43074,430970544,1818,0,0,0
86.8209,43075,430980544,1814,0,0,0
86.8309,43076,430990544,1823,0,0,0
86.8409,43077,431000544,1822,0,0,0
86.8510,43078,431010544,1831,0,0,0
86.8610,43079,431020544,1827,0,0,0
86.8710,43080,431030544,1839,0,0,0
86.8810,43081,431040544,1833,0,0,0
86.8911,43082,431050544,1836,0,0,0
86.9009,43083,431060544,1834,0,0,0
86.9114,43084,431070544,1867,0,0,0
86.9208,43085,431080544,1908,0,0,0
86.9310,43086,431090544,1949,0,0,0
86.9409,43087,431100544,1979,0,0,0
86.9509,43088,431110544,1936,0,0,0
86.9608,43089,431120544,1858,0,0,0
86.9708,43090,431130544,1830,0,0,0
86.9810,43091,431140544,1806,0,0,0
86.9908,43092,431150544,1808,0,0,0
87.0009,43093,431160544,1790,0,0,0
87.0110,43094,431170544,1790,0,0,0
87.0210,43095,431180544,1777,0,0,0
87.0309,43096,431190544,1776,0,0,0
87.0411,43097,431200544,1691,0,0,0
87.0511,43098,431210544,1791,0,0,0
87.0613,43099,431220544,2320,0,0,0
87.0709,43100,431230544,3211,0,0,0
87.0811,43101,431240544,2853,0,0,0
87.0910,43102,431250544,1726,0,0,0
87.1011,43103,431260544,1441,0,0,0
87.1111,43104,431270544,1500,0,0,0
87.1211,43105,431280544,1694,0,0,0
87.1311,43106,431290544,1722,0,0,0
87.1411,43107,431300544,1729,0,0,0
87.1509,43108,431310544,1755,0,0,0
87.1611,43109,431320544,1771,0,0,0
87.1709,43110,431330544,1797,0,0,0
87.1810,43111,431340544,1798,0,0,0
87.1923,43112,431350544,1831,0,0,0
87.2011,43113,431360544,1839,0,0,0
87.2112,43114,431370544,1856,0,0,0
87.2211,43115,431380544,1866,0,0,0
87.2310,43116,431390544,1890,0,0,0
87.2411,43117,431400544,1904,0,0,0
87.2509,43118,431410544,1934,0,0,0
87.2611,43119,431420544,1965,0,0,0
87.2709,43120,431430544,1995,0,0,0
87.2808,43121,431440544,1997,0,0,0
87.2909,43122,431450544,2000,0,0,0
87.3010,43123,431460544,1985,0,0,0
87.3110,43124,431470544,1966,0,0,0
87.3220,43125,431480544,1918,0,0,0
87.3310,43126,431490544,1875,0,0,0
87.3409,43127,431500544,1815,0,0,0
87.3509,43128,431510544,1792,0,0,0
87.3609,43129,431520544,1771,0,0,0
87.3711,43130,431530544,1773,0,0,0
87.3810,43131,431540544,1763,0,0,0
87.3910,43132,431550544,1770,0,0,0
87.4010,43133,431560544,1771,0,0,0
87.4110,43134,431570544,1783,0,0,0
87.4221,43135,431580544,1786,0,0,0
87.4310,43136,431590544,1789,0,0,0
87.4410,43137,431600544,1781,0,0,0
87.4511,43138,431610544,1792,0,0,0
87.4609,43139,431620544,1789,0,0,0
87.4711,43140,431630544,1795,0,0,0
87.4813,43141,431640544,1798,0,0,0
87.4910,43142,431650544,1805,0,0,0
87.5009,43143,431660544,1808,0,0,0
87.5110,43144,431670544,1815,0,0,0
87.5210,43145,431680544,1803,0,0,0
87.5310,43146,431690544,1817,0,0,0
87.5410,43147,431700544,1820,0,0,0
87.5510,43148,431710544,1820,0,0,0
87.5612,43149,431720544,1807,0,0,0
87.5710,43150,431730544,1809,0,0,0
87.5809,43151,431740544,1813,0,0,0
87.5909,43152,431750544,1824,0,0,0
87.6009,43153,431760544,1823,0,0,0
87.6108,43154,431770544,1824,0,0,0
87.6211,43155,431780544,1822,0,0,0
87.6310,43156,431790544,1828,0,0,0
87.6410,43157,431800544,1820,0,0,0
87.6512,43158,431810544,1843,0,0,0
87.6619,43159,431820544,1885,0,0,0
87.6709,43160,431830544,1931,0,0,0
87.6811,43161,431840544,1983,0,0,0
87.6910,43162,431850544,1968,0,0,0
87.7023,43163,431860544,1882,0,0,0
87.7111,43164,431870544,1851,0,0,0
87.7209,43165,431880544,1823,0,0,0
87.7311,43166,431890544,1815,0,0,0
87.7410,43167,431900544,1803,0,0,0
87.7511,43168,431910544,1801,0,0,0
87.7610,43169,431920544,1791,0,0,0
87.7710,43170,431930544,1792,0,0,0
87.7809,43171,431940544,1757,0,0,0
87.7908,43172,431950544,1706,0,0,0
87.8011,43173,431960544,2060,0,0,0
87.8108,43174,431970544,2768,0,0,0
87.8208,43175,431980544,3383,0,0,0
87.8310,43176,431990544,2127,0,0,0
87.8409,43177,432000544,1601,0,0,0
87.8510,43178,432010544,1440,0,0,0
87.8609,43179,432020544,1634,0,0,0
87.8709,43180,432030544,1743,0,0,0
87.8809,43181,432040544,1739,0,0,0
87.8911,43182,432050544,1762,0,0,0
87.9009,43183,432060544,1777,0,0,0
87.9129,43184,432070544,1792,0,0,0
87.9210,43185,432080544,1808,0,0,0
87.9308,43186,432090544,1821,0,0,0
87.9408,43187,432100544,1839,0,0,0
87.9510,43188,432110544,1856,0,0,0
87.9609,43189,432120544,1872,0,0,0
87.9710,43190,432130544,1890,0,0,0
87.9810,43191,432140544,1904,0,0,0
87.9909,43192,432150544,1934,0,0,0
88.0009,43193,432160544,1951,0,0,0
88.0111,43194,432170544,1975,0,0,0
88.0210,43195,432180544,1987,0,0,0
88.0309,43196,432190544,1998,0,0,0
88.0410,43197,432200544,1991,0,0,0
88.0509,43198,432210544,1973,0,0,0
88.0610,43199,432220544,1933,0,0,0
88.0709,43200,432230544,1899,0,0,0
88.0811,43201,432240544,1841,0,0,0
88.0909,43202,432250544,1804,0,0,0
88.1011,43203,432260544,1783,0,0,0
88.1110,43204,432270544,1776,0,0,0
88.1211,43205,432280544,1761,0,0,0
88.1311,43206,432290544,1776,0,0,0
88.1410,43207,432300544,1779,0,0,0
88.1509,43208,432310544,1783,0,0,0
88.1612,43209,432320544,1779,0,0,0
88.1715,43210,432330544,1793,0,0,0
88.1811,43211,432340544,1791,0,0,0
88.1911,43212,432350544,1787,0,0,0
88.2010,43213,432360544,1791,0,0,0
88.2111,43214,432370544,1799,0,0,0
88.2209,43215,432380544,1805,0,0,0
88.2309,43216,432390544,1799,0,0,0
88.2409,43217,432400544,1797,0,0,0
88.2510,43218,432410544,1802,0,0,0
88.2609,43219,432420544,1805,0,0,0
88.2709,43220,432430544,1801,0,0,0
88.2809,43221,432440544,1806,0,0,0
88.2909,43222,432450544,1808,0,0,0
88.3010,43223,432460544,1808,0,0,0
88.3108,43224,432470544,1810,0,0,0
88.3208,43225,432480544,1821,0,0,0
88.3310,43226,432490544,1815,0,0,0
88.3408,43227,432500544,1827,0,0,0
88.3509,43228,432510544,1872,0,0,0
88.3614,43229,432520544,1917,0,0,0
88.3709,43230,432530544,1967,0,0,0
88.3809,43231,432540544,1968,0,0,0
88.3910,43232,432550544,1898,0,0,0
88.4012,43233,432560544,1855,0,0,0
88.4115,43234,432570544,1822,0,0,0
88.4222,43235,432580544,1808,0,0,0
88.4309,43236,432590544,1794,0,0,0
88.4409,43237,432600544,1782,0,0,0
88.4509,43238,432610544,1781,0,0,0
88.4609,43239,432620544,1777,0,0,0
88.4709,43240,432630544,1762,0,0,0
88.4809,43241,432640544,1680,0,0,0
88.4909,43242,432650544,1883,0,0,0
88.5009,43243,432660544,2483,0,0,0
88.5111,43244,432670544,3375,0,0,0
88.5210,43245,432680544,2495,0,0,0
88.5308,43246,432690544,1647,0,0,0
88.5412,43247,432700544,1419,0,0,0
88.5509,43248,432710544,1535,0,0,0
88.5609,43249,432720544,1719,0,0,0
88.5709,43250,432730544,1725,0,0,0
88.5810,43251,432740544,1742,0,0,0
88.5909,43252,432750544,1757,0,0,0
88.6010,43253,432760544,1770,0,0,0
88.6110,43254,432770544,1787,0,0,0
88.6210,43255,432780544,1802,0,0,0
88.6311,43256,432790544,1817,0,0,0
88.6409,43257,432800544,1835,0,0,0
88.6508,43258,432810544,1850,0,0,0
88.6615,43259,432820544,1865,0,0,0
88.6709,43260,432830544,1873,0,0,0
88.6808,43261,432840544,1904,0,0,0
88.6909,43262,432850544,1930,0,0,0
88.7009,43263,432860544,1954,0,0,0
88.7109,43264,432870544,1969,0,0,0
88.7209,43265,432880544,1986,0,0,0
88.7309,43266,432890544,1983,0,0,0
88.7408,43267,432900544,1980,0,0,0
88.7510,43268,432910544,1949,0,0,0
88.7609,43269,432920544,1902,0,0,0
88.7710,43270,432930544,1849,0,0,0
88.7809,43271,432940544,1813,0,0,0
88.7908,43272,432950544,1791,0,0,0
88.8008,43273,432960544,1783,0,0,0
88.8110,43274,432970544,1776,0,0,0
88.8208,43275,432980544,1783,0,0,0
88.8309,43276,432990544,1777,0,0,0
88.8410,43277,433000544,1791,0,0,0
88.8509,43278,433010544,1791,0,0,0
88.8609,43279,433020544,1799,0,0,0
88.8710,43280,433030544,1791,0,0,0
88.8810,43281,433040544,1799,0,0,0
88.8908,43282,433050544,1806,0,0,0
88.9010,43283,433060544,1802,0,0,0
88.9110,43284,433070544,1808,0,0,0
88.9212,43285,433080544,1813,0,0,0
88.9311,43286,433090544,1811,0,0,0
88.9409,43287,433100544,1811,0,0,0
88.9509,43288,433110544,1808,0,0,0
88.9611,43289,433120544,1811,0,0,0
88.9708,43290,433130544,1808,0,0,0
88.9808,43291,433140544,1824,0,0,0
88.9910,43292,433150544,1814,0,0,0
89.0009,43293,433160544,1827,0,0,0
89.0109,43294,433170544,1827,0,0,0
89.0209,43295,433180544,1866,0,0,0
89.0309,43296,433190544,1902,0,0,0
89.0408,43297,433200544,1971,0,0,0
89.0510,43298,433210544,1987,0,0,0
89.0609,43299,433220544,1957,0,0,0
89.0710,43300,433230544,1866,0,0,0
89.0811,43301,433240544,1840,0,0,0
89.0909,43302,433250544,1808,0,0,0
89.1008,43303,433260544,1806,0,0,0
89.1112,43304,433270544,1790,0,0,0
89.1209,43305,433280544,1787,0,0,0
89.1308,43306,433290544,1783,0,0,0
89.1414,43307,433300544,1782,0,0,0
89.1510,43308,433310544,1721,0,0,0
89.1615,43309,433320544,1728,0,0,0
89.1709,43310,433330544,2173,0,0,0
89.1810,43311,433340544,2963,0,0,0
89.1913,43312,433350544,3120,0,0,0
89.2009,43313,433360544,1869,0,0,0
89.2109,43314,433370544,1514,0,0,0
89.2211,43315,433380544,1457,0,0,0
89.2308,43316,433390544,1660,0,0,0
89.2408,43317,433400544,1731,0,0,0
89.2508,43318,433410544,1723,0,0,0
89.2609,43319,433420544,1756,0,0,0
89.2708,43320,433430544,1767,0,0,0
89.2809,43321,433440544,1796,0,0,0
89.2909,43322,433450544,1809,0,0,0
89.3009,43323,433460544,1810,0,0,0
89.3109,43324,433470544,1825,0,0,0
89.3210,43325,433480544,1847,0,0,0
89.3309,43326,433490544,1851,0,0,0
89.3409,43327,433500544,1879,0,0,0
89.3509,43328,433510544,1895,0,0,0
89.3608,43329,433520544,1907,0,0,0
89.3708,43330,433530544,1925,0,0,0
89.3810,43331,433540544,1966,0,0,0
89.3908,43332,433550544,1970,0,0,0
89.4008,43333,433560544,1981,0,0,0
89.4128,43334,433570544,1967,0,0,0
89.4209,43335,433580544,1946,0,0,0
89.4308,43336,433590544,1895,0,0,0
89.4414,43337,433600544,1849,0,0,0
89.4509,43338,433610544,1799,0,0,0
89.4609,43339,433620544,1776,0,0,0
89.4710,43340,433630544,1744,0,0,0
89.4809,43341,433640544,1744,0,0,0
89.4910,43342,433650544,1743,0,0,0
89.5011,43343,433660544,1745,0,0,0
89.5109,43344,433670544,1747,0,0,0
89.5209,43345,433680544,1759,0,0,0
89.5310,43346,433690544,1755,0,0,0
89.5409,43347,433700544,1778,0,0,0
89.5508,43348,433710544,1772,0,0,0
89.5609,43349,433720544,1781,0,0,0
89.5709,43350,433730544,1789,0,0,0
89.5808,43351,433740544,1793,0,0,0
89.5911,43352,433750544,1780,0,0,0
89.6009,43353,433760544,1807,0,0,0
89.6117,43354,433770544,1805,0,0,0
89.6209,43355,433780544,1805,0,0,0
89.6319,43356,433790544,1799,0,0,0
89.6414,43357,433800544,1802,0,0,0
89.6510,43358,433810544,1802,0,0,0
89.6618,43359,433820544,1814,0,0,0
89.6708,43360,433830544,1803,0,0,0
89.6809,43361,433840544,1815,0,0,0
89.6909,43362,433850544,1814,0,0,0
89.7011,43363,433860544,1872,0,0,0
89.7109,43364,433870544,1896,0,0,0
89.7210,43365,433880544,1955,0,0,0
89.7310,43366,433890544,1955,0,0,0
89.7411,43367,433900544,1893,0,0,0
89.7510,43368,433910544,1837,0,0,0
89.7608,43369,433920544,1819,0,0,0
89.7710,43370,433930544,1799,0,0,0
89.7809,43371,433940544,1795,0,0,0
89.7909,43372,433950544,1785,0,0,0
89.8009,43373,433960544,1783,0,0,0
89.8108,43374,433970544,1781,0,0,0
89.8209,43375,433980544,1760,0,0,0
89.8309,43376,433990544,1678,0,0,0
89.8409,43377,434000544,1869,0,0,0
89.8508,43378,434010544,2436,0,0,0
89.8610,43379,434020544,3285,0,0,0
89.8709,43380,434030544,2559,0,0,0
89.8810,43381,434040544,1675,0,0,0
89.8910,43382,434050544,1409,0,0,0
89.9009,43383,434060544,1463,0,0,0
89.9116,43384,434070544,1661,0,0,0
89.9210,43385,434080544,1705,0,0,0
89.9310,43386,434090544,1712,0,0,0
89.9423,43387,434100544,1750,0,0,0
89.9510,43388,434110544,1747,0,0,0
89.9609,43389,434120544,1773,0,0,0
89.9709,43390,434130544,1784,0,0,0
89.9809,43391,434140544,1815,0,0,0
89.9910,43392,434150544,1809,0,0,0
90.0011,43393,434160544,1826,0,0,0
90.0136,43394,434170544,1829,0,0,0
90.0210,43395,434180544,1851,0,0,0
90.0424,43396,434190544,1872,0,0,0
90.0442,43397,434200544,1904,0,0,0
90.0511,43398,434210544,1916,0,0,0
90.0617,43399,434220544,1952,0,0,0
90.0710,43400,434230544,1939,0,0,0
90.0811,43401,434240544,1959,0,0,0
90.0910,43402,434250544,1933,0,0,0
90.1009,43403,434260544,1911,0,0,0
90.1111,43404,434270544,1858,0,0,0
90.1210,43405,434280544,1821,0,0,0
90.1313,43406,434290544,1778,0,0,0
90.1410,43407,434300544,1771,0,0,0
90.1509,43408,434310544,1759,0,0,0
90.1611,43409,434320544,1764,0,0,0
90.1722,43410,434330544,1755,0,0,0
90.1811,43411,434340544,1775,0,0,0
90.1967,43412,434350544,1766,0,0,0
90.2009,43413,434360544,1776,0,0,0
90.2139,43414,434370544,1772,0,0,0
90.2250,43415,434380544,1790,0,0,0
90.2309,43416,434390544,1787,0,0,0
90.2413,43417,434400544,1804,0,0,0
90.2516,43418,434410544,1791,0,0,0
90.2608,43419,434420544,1819,0,0,0
90.2709,43420,434430544,1823,0,0,0
90.2809,43421,434440544,1821,0,0,0
90.2909,43422,434450544,1811,0,0,0
90.3010,43423,434460544,1828,0,0,0
90.3110,43424,434470544,1823,0,0,0
90.3210,43425,434480544,1831,0,0,0
90.3309,43426,434490544,1817,0,0,0
90.3409,43427,434500544,1831,0,0,0
90.3538,43428,434510544,1834,0,0,0
90.3610,43429,434520544,1859,0,0,0
90.3735,43430,434530544,1906,0,0,0
90.3857,43431,434540544,1941,0,0,0
90.3912,43432,434550544,1997,0,0,0
90.4010,43433,434560544,1979,0,0,0
90.4157,43434,434570544,1873,0,0,0
90.4210,43435,434580544,1871,0,0,0
90.4342,43436,434590544,1829,0,0,0
90.4410,43437,434600544,1821,0,0,0
90.4511,43438,434610544,1801,0,0,0
90.4610,43439,434620544,1803,0,0,0
90.4715,43440,434630544,1802,0,0,0
90.4811,43441,434640544,1794,0,0,0
90.4910,43442,434650544,1754,0,0,0
90.5010,43443,434660544,1740,0,0,0
90.5110,43444,434670544,2104,0,0,0
90.5211,43445,434680544,2827,0,0,0
90.5309,43446,434690544,3375,0,0,0
90.5410,43447,434700544,2110,0,0,0
90.5511,43448,434710544,1598,0,0,0
90.5657,43449,434720544,1409,0,0,0
90.5726,43450,434730544,1607,0,0,0
90.5830,43451,434740544,1746,0,0,0
90.5937,43452,434750544,1744,0,0,0
90.6010,43453,434760544,1765,0,0,0
90.6220,43454,434770544,1778,0,0,0
90.6224,43455,434780544,1812,0,0,0
90.6313,43456,434790544,1813,0,0,0
90.6412,43457,434800544,1833,0,0,0
90.6512,43458,434810544,1838,0,0,0
90.6610,43459,434820544,1869,0,0,0
90.6714,43460,434830544,1872,0,0,0
90.6842,43461,434840544,1893,0,0,0
90.6911,43462,434850544,1904,0,0,0
90.7010,43463,434860544,1935,0,0,0
90.7109,43464,434870544,1949,0,0,0
90.7212,43465,434880544,1973,0,0,0
90.7309,43466,434890544,1985,0,0,0
90.7409,43467,434900544,1990,0,0,0
90.7509,43468,434910544,1971,0,0,0
90.7610,43469,434920544,1957,0,0,0
90.7718,43470,434930544,1903,0,0,0
90.7864,43471,434940544,1863,0,0,0
90.7933,43472,434950544,1815,0,0,0
90.8009,43473,434960544,1797,0,0,0
90.8149,43474,434970544,1776,0,0,0
90.8209,43475,434980544,1776,0,0,0
90.8309,43476,434990544,1763,0,0,0
90.8410,43477,435000544,1776,0,0,0
90.8509,43478,435010544,1771,0,0,0
90.8608,43479,435020544,1778,0,0,0
90.8710,43480,435030544,1774,0,0,0
90.8809,43481,435040544,1782,0,0,0
90.8909,43482,435050544,1777,0,0,0
90.9009,43483,435060544,1791,0,0,0
90.9117,43484,435070544,1791,0,0,0
90.9209,43485,435080544,1802,0,0,0
90.9310,43486,435090544,1799,0,0,0
90.9409,43487,435100544,1802,0,0,0
90.9510,43488,435110544,1802,0,0,0
90.9609,43489,435120544,1811,0,0,0
90.9709,43490,435130544,1799,0,0,0
90.9809,43491,435140544,1807,0,0,0
90.9909,43492,435150544,1802,0,0,0
91.0010,43493,435160544,1813,0,0,0
91.0109,43494,435170544,1808,0,0,0
91.0208,43495,435180544,1818,0,0,0
91.0309,43496,435190544,1820,0,0,0
91.0409,43497,435200544,1841,0,0,0
91.0509,43498,435210544,1887,0,0,0
91.0609,43499,435220544,1935,0,0,0
91.0710,43500,435230544,1979,0,0,0
91.0808,43501,435240544,1969,0,0,0
91.0909,43502,435250544,1886,0,0,0
91.1010,43503,435260544,1856,0,0,0
91.1110,43504,435270544,1818,0,0,0
91.1208,43505,435280544,1806,0,0,0
91.1310,43506,435290544,1792,0,0,0
91.1410,43507,435300544,1793,0,0,0
91.1509,43508,435310544,1777,0,0,0
91.1617,43509,435320544,1786,0,0,0
91.1709,43510,435330544,1758,0,0,0
91.1812,43511,435340544,1681,0,0,0
91.1911,43512,435350544,1922,0,0,0
91.2011,43513,435360544,2556,0,0,0
91.2111,43514,435370544,3392,0,0,0
91.2213,43515,435380544,2397,0,0,0
91.2310,43516,435390544,1597,0,0,0
91.2409,43517,435400544,1395,0,0,0
91.2510,43518,435410544,1591,0,0,0
91.2609,43519,435420544,1732,0,0,0
91.2709,43520,435430544,1735,0,0,0
91.2809,43521,435440544,1758,0,0,0
91.2908,43522,435450544,1767,0,0,0
91.3008,43523,435460544,1790,0,0,0
91.3110,43524,435470544,1799,0,0,0
91.3209,43525,435480544,1818,0,0,0
91.3309,43526,435490544,1837,0,0,0
91.3410,43527,435500544,1844,0,0,0
91.3508,43528,435510544,1858,0,0,0
91.3609,43529,435520544,1875,0,0,0
91.3710,43530,435530544,1891,0,0,0
91.3809,43531,435540544,1915,0,0,0
91.3909,43532,435550544,1936,0,0,0
91.4010,43533,435560544,1967,0,0,0
91.4110,43534,435570544,1978,0,0,0
91.4208,43535,435580544,1991,0,0,0
91.4310,43536,435590544,1977,0,0,0
91.4408,43537,435600544,1966,0,0,0
91.4509,43538,435610544,1920,0,0,0
91.4612,43539,435620544,1875,0,0,0
91.4709,43540,435630544,1826,0,0,0
91.4809,43541,435640544,1801,0,0,0
91.4909,43542,435650544,1776,0,0,0
91.5009,43543,435660544,1775,0,0,0
91.5109,43544,435670544,1766,0,0,0
91.5210,43545,435680544,1775,0,0,0
91.5309,43546,435690544,1774,0,0,0
91.5408,43547,435700544,1782,0,0,0
91.5510,43548,435710544,1790,0,0,0
91.5609,43549,435720544,1791,0,0,0
91.5709,43550,435730544,1793,0,0,0
91.5809,43551,435740544,1792,0,0,0
91.5909,43552,435750544,1805,0,0,0
91.6009,43553,435760544,1810,0,0,0
91.6109,43554,435770544,1810,0,0,0
91.6209,43555,435780544,1831,0,0,0
91.6310,43556,435790544,1819,0,0,0
91.6409,43557,435800544,1819,0,0,0
91.6509,43558,435810544,1812,0,0,0
91.6623,43559,435820544,1820,0,0,0
91.6710,43560,435830544,1821,0,0,0
91.6809,43561,435840544,1826,0,0,0
91.6909,43562,435850544,1818,0,0,0
91.7011,43563,435860544,1823,0,0,0
91.7109,43564,435870544,1823,0,0,0
91.7209,43565,435880544,1825,0,0,0
91.7309,43566,435890544,1823,0,0,0
91.7408,43567,435900544,1824,0,0,0
91.7509,43568,435910544,1831,0,0,0
91.7610,43569,435920544,1839,0,0,0
91.7710,43570,435930544,1862,0,0,0
91.7809,43571,435940544,1911,0,0,0
91.7910,43572,435950544,1943,0,0,0
91.8009,43573,435960544,1989,0,0,0
91.8108,43574,435970544,1938,0,0,0
91.8209,43575,435980544,1857,0,0,0
91.8308,43576,435990544,1839,0,0,0
91.8408,43577,436000544,1814,0,0,0
91.8509,43578,436010544,1795,0,0,0
91.8610,43579,436020544,1798,0,0,0
91.8708,43580,436030544,1797,0,0,0
91.8809,43581,436040544,1799,0,0,0
91.8909,43582,436050544,1791,0,0,0
91.9010,43583,436060544,1727,0,0,0
91.9127,43584,436070544,1777,0,0,0
91.9208,43585,436080544,2269,0,0,0
91.9309,43586,436090544,3103,0,0,0
91.9411,43587,436100544,3037,0,0,0
91.9509,43588,436110544,1819,0,0,0
91.9609,43589,436120544,1481,0,0,0
91.9710,43590,436130544,1509,0,0,0
91.9810,43591,436140544,1716,0,0,0
91.9909,43592,436150544,1746,0,0,0
92.0010,43593,436160544,1751,0,0,0
92.0109,43594,436170544,1775,0,0,0
92.0210,43595,436180544,1786,0,0,0
92.0309,43596,436190544,1797,0,0,0
92.0409,43597,436200544,1810,0,0,0
92.0510,43598,436210544,1825,0,0,0
92.0611,43599,436220544,1840,0,0,0
92.0708,43600,436230544,1850,0,0,0
92.0808,43601,436240544,1872,0,0,0
92.0909,43602,436250544,1887,0,0,0
92.1008,43603,436260544,1902,0,0,0
92.1109,43604,436270544,1926,0,0,0
92.1208,43605,436280544,1949,0,0,0
92.1309,43606,436290544,1968,0,0,0
92.1409,43607,436300544,1977,0,0,0
92.1519,43608,436310544,1979,0,0,0
92.1610,43609,436320544,1965,0,0,0
92.1709,43610,436330544,1939,0,0,0
92.1810,43611,436340544,1901,0,0,0
92.1910,43612,436350544,1858,0,0,0
92.2011,43613,436360544,1811,0,0,0
92.2109,43614,436370544,1788,0,0,0
92.2209,43615,436380544,1773,0,0,0
92.2309,43616,436390544,1767,0,0,0
92.2409,43617,436400544,1760,0,0,0
92.2512,43618,436410544,1773,0,0,0
92.2611,43619,436420544,1776,0,0,0
92.2709,43620,436430544,1788,0,0,0
92.2808,43621,436440544,1785,0,0,0
92.2909,43622,436450544,1789,0,0,0
92.3008,43623,436460544,1789,0,0,0
92.3110,43624,436470544,1805,0,0,0
92.3210,43625,436480544,1808,0,0,0
92.3310,43626,436490544,1810,0,0,0
92.3409,43627,436500544,1807,0,0,0
92.3509,43628,436510544,1808,0,0,0
92.3609,43629,436520544,1806,0,0,0
92.3708,43630,436530544,1809,0,0,0
92.3810,43631,436540544,1808,0,0,0
92.3908,43632,436550544,1810,0,0,0
92.4008,43633,436560544,1807,0,0,0
92.4111,43634,436570544,1808,0,0,0
92.4244,43635,436580544,1809,0,0,0
92.4309,43636,436590544,1815,0,0,0
92.4409,43637,436600544,1808,0,0,0
92.4509,43638,436610544,1815,0,0,0
92.4608,43639,436620544,1815,0,0,0
92.4711,43640,436630544,1829,0,0,0
92.4810,43641,436640544,1819,0,0,0
92.4909,43642,436650544,1829,0,0,0
92.5010,43643,436660544,1823,0,0,0
92.5109,43644,436670544,1833,0,0,0
92.5209,43645,436680544,1824,0,0,0
92.5309,43646,436690544,1831,0,0,0
92.5409,43647,436700544,1827,0,0,0
92.5511,43648,436710544,1847,0,0,0
92.5610,43649,436720544,1873,0,0,0
92.5709,43650,436730544,1935,0,0,0
92.5809,43651,436740544,1964,0,0,0
92.5909,43652,436750544,1983,0,0,0
92.6010,43653,436760544,1895,0,0,0
92.6110,43654,436770544,1855,0,0,0
92.6210,43655,436780544,1829,0,0,0
92.6309,43656,436790544,1822,0,0,0
92.6410,43657,436800544,1803,0,0,0
92.6509,43658,436810544,1801,0,0,0
92.6610,43659,436820544,1795,0,0,0
92.6709,43660,436830544,1807,0,0,0
92.6809,43661,436840544,1766,0,0,0
92.6909,43662,436850544,1689,0,0,0
92.7009,43663,436860544,1984,0,0,0
92.7110,43664,436870544,2675,0,0,0
92.7209,43665,436880544,3398,0,0,0
92.7309,43666,436890544,2207,0,0,0
92.7409,43667,436900544,1594,0,0,0
92.7508,43668,436910544,1435,0,0,0
92.7609,43669,436920544,1622,0,0,0
92.7709,43670,436930544,1739,0,0,0
92.7810,43671,436940544,1727,0,0,0
92.7908,43672,436950544,1763,0,0,0
92.8011,43673,436960544,1773,0,0,0
92.8110,43674,436970544,1786,0,0,0
92.8210,43675,436980544,1796,0,0,0
92.8309,43676,436990544,1815,0,0,0
92.8409,43677,437000544,1821,0,0,0
92.8511,43678,437010544,1838,0,0,0
92.8610,43679,437020544,1850,0,0,0
92.8709,43680,437030544,1873,0,0,0
92.8808,43681,437040544,1886,0,0,0
92.8913,43682,437050544,1904,0,0,0
92.9009,43683,437060544,1933,0,0,0
92.9129,43684,437070544,1953,0,0,0
92.9209,43685,437080544,1968,0,0,0
92.9309,43686,437090544,1982,0,0,0
92.9410,43687,437100544,1963,0,0,0
92.9510,43688,437110544,1954,0,0,0
92.9608,43689,437120544,1914,0,0,0
92.9710,43690,437130544,1878,0,0,0
92.9810,43691,437140544,1827,0,0,0
92.9910,43692,437150544,1785,0,0,0
93.0009,43693,437160544,1771,0,0,0
93.0109,43694,437170544,1759,0,0,0
93.0209,43695,437180544,1744,0,0,0
93.0309,43696,437190544,1759,0,0,0
93.0408,43697,437200544,1758,0,0,0
93.0509,43698,437210544,1762,0,0,0
93.0610,43699,437220544,1765,0,0,0
93.0709,43700,437230544,1773,0,0,0
93.0809,43701,437240544,1766,0,0,0
93.0909,43702,437250544,1776,0,0,0
93.1010,43703,437260544,1775,0,0,0
93.1110,43704,437270544,1799,0,0,0
93.1210,43705,437280544,1786,0,0,0
93.1310,43706,437290544,1776,0,0,0
93.1411,43707,437300544,1781,0,0,0
93.1512,43708,437310544,1795,0,0,0
93.1609,43709,437320544,1793,0,0,0
93.1723,43710,437330544,1805,0,0,0
93.1810,43711,437340544,1801,0,0,0
93.1910,43712,437350544,1806,0,0,0
93.2012,43713,437360544,1799,0,0,0
93.2110,43714,437370544,1813,0,0,0
93.2211,43715,437380544,1805,0,0,0
93.2309,43716,437390544,1818,0,0,0
93.2408,43717,437400544,1802,0,0,0
93.2510,43718,437410544,1827,0,0,0
93.2610,43719,437420544,1822,0,0,0
93.2709,43720,437430544,1812,0,0,0
93.2809,43721,437440544,1825,0,0,0
93.2909,43722,437450544,1829,0,0,0
93.3010,43723,437460544,1826,0,0,0
93.3109,43724,437470544,1827,0,0,0
93.3209,43725,437480544,1818,0,0,0
93.3309,43726,437490544,1856,0,0,0
93.3409,43727,437500544,1885,0,0,0
93.3509,43728,437510544,1936,0,0,0
93.3610,43729,437520544,1983,0,0,0
93.3709,43730,437530544,1965,0,0,0
93.3810,43731,437540544,1875,0,0,0
93.3909,43732,437550544,1846,0,0,0
93.4010,43733,437560544,1815,0,0,0
93.4109,43734,437570544,1823,0,0,0
93.4209,43735,437580544,1813,0,0,0
93.4309,43736,437590544,1808,0,0,0
93.4410,43737,437600544,1798,0,0,0
93.4510,43738,437610544,1803,0,0,0
93.4610,43739,437620544,1739,0,0,0
93.4710,43740,437630544,1753,0,0,0
93.4810,43741,437640544,2220,0,0,0
93.4909,43742,437650544,3014,0,0,0
93.5009,43743,437660544,3157,0,0,0
93.5110,43744,437670544,1915,0,0,0
93.5208,43745,437680544,1567,0,0,0
93.5309,43746,437690544,1430,0,0,0
93.5408,43747,437700544,1633,0,0,0
93.5508,43748,437710544,1743,0,0,0
93.5613,43749,437720544,1735,0,0,0
93.5708,43750,437730544,1759,0,0,0
93.5809,43751,437740544,1758,0,0,0
93.5912,43752,437750544,1781,0,0,0
93.6011,43753,437760544,1797,0,0,0
93.6108,43754,437770544,1813,0,0,0
93.6208,43755,437780544,1819,0,0,0
93.6309,43756,437790544,1838,0,0,0
93.6409,43757,437800544,1843,0,0,0
93.6510,43758,437810544,1857,0,0,0
93.6619,43759,437820544,1872,0,0,0
93.6709,43760,437830544,1904,0,0,0
93.6810,43761,437840544,1911,0,0,0
93.6909,43762,437850544,1942,0,0,0
93.7009,43763,437860544,1946,0,0,0
93.7116,43764,437870544,1953,0,0,0
93.7211,43765,437880544,1938,0,0,0
93.7313,43766,437890544,1923,0,0,0
93.7410,43767,437900544,1881,0,0,0
93.7510,43768,437910544,1841,0,0,0
93.7609,43769,437920544,1796,0,0,0
93.7719,43770,437930544,1776,0,0,0
93.7809,43771,437940544,1761,0,0,0
93.7909,43772,437950544,1760,0,0,0
93.8010,43773,437960544,1760,0,0,0
93.8109,43774,437970544,1766,0,0,0
93.8209,43775,437980544,1766,0,0,0
93.8310,43776,437990544,1776,0,0,0
93.8408,43777,438000544,1775,0,0,0
93.8509,43778,438010544,1781,0,0,0
93.8610,43779,438020544,1776,0,0,0
93.8711,43780,438030544,1787,0,0,0
93.8809,43781,438040544,1797,0,0,0
93.8909,43782,438050544,1799,0,0,0
93.9010,43783,438060544,1805,0,0,0
93.9110,43784,438070544,1821,0,0,0
93.9210,43785,438080544,1821,0,0,0
93.9309,43786,438090544,1823,0,0,0
93.9416,43787,438100544,1823,0,0,0
93.9511,43788,438110544,1826,0,0,0
93.9613,43789,438120544,1823,0,0,0
93.9709,43790,438130544,1831,0,0,0
93.9810,43791,438140544,1827,0,0,0
93.9911,43792,438150544,1841,0,0,0
94.0010,43793,438160544,1839,0,0,0
94.0110,43794,438170544,1846,0,0,0
94.0210,43795,438180544,1840,0,0,0
94.0310,43796,438190544,1851,0,0,0
94.0414,43797,438200544,1855,0,0,0
94.0509,43798,438210544,1864,0,0,0
94.0610,43799,438220544,1849,0,0,0
94.0709,43800,438230544,1869,0,0,0
94.0812,43801,438240544,1872,0,0,0
94.0908,43802,438250544,1918,0,0,0
94.1010,43803,438260544,1943,0,0,0
94.1108,43804,438270544,2000,0,0,0
94.1211,43805,438280544,2014,0,0,0
94.1309,43806,438290544,1949,0,0,0
94.1409,43807,438300544,1898,0,0,0
94.1509,43808,438310544,1865,0,0,0
94.1610,43809,438320544,1851,0,0,0
94.1708,43810,438330544,1854,0,0,0
94.1811,43811,438340544,1840,0,0,0
94.1909,43812,438350544,1835,0,0,0
94.2009,43813,438360544,1825,0,0,0
94.2110,43814,438370544,1798,0,0,0
94.2211,43815,438380544,1722,0,0,0
94.2309,43816,438390544,2026,0,0,0
94.2408,43817,438400544,2706,0,0,0
94.2509,43818,438410544,3438,0,0,0
94.2609,43819,438420544,2310,0,0,0
94.2710,43820,438430544,1655,0,0,0
94.2809,43821,438440544,1415,0,0,0
94.2908,43822,438450544,1594,0,0,0
94.3009,43823,438460544,1745,0,0,0
94.3109,43824,438470544,1754,0,0,0
94.3208,43825,438480544,1775,0,0,0
94.3309,43826,438490544,1789,0,0,0
94.3408,43827,438500544,1793,0,0,0
94.3511,43828,438510544,1808,0,0,0
94.3609,43829,438520544,1819,0,0,0
94.3708,43830,438530544,1834,0,0,0
94.3809,43831,438540544,1841,0,0,0
94.3910,43832,438550544,1856,0,0,0
94.4011,43833,438560544,1866,0,0,0
94.4153,43834,438570544,1886,0,0,0
94.4210,43835,438580544,1901,0,0,0
94.4308,43836,438590544,1929,0,0,0
94.4410,43837,438600544,1947,0,0,0
94.4509,43838,438610544,1962,0,0,0
94.4612,43839,438620544,1961,0,0,0
94.4709,43840,438630544,1963,0,0,0
94.4809,43841,438640544,1943,0,0,0
94.4909,43842,438650544,1910,0,0,0
94.5009,43843,438660544,1865,0,0,0
94.5109,43844,438670544,1829,0,0,0
94.5211,43845,438680544,1789,0,0,0
94.5310,43846,438690544,1769,0,0,0
94.5408,43847,438700544,1751,0,0,0
94.5512,43848,438710544,1757,0,0,0
94.5608,43849,438720544,1744,0,0,0
94.5709,43850,438730544,1763,0,0,0
94.5810,43851,438740544,1766,0,0,0
94.5909,43852,438750544,1780,0,0,0
94.6009,43853,438760544,1776,0,0,0
94.6109,43854,438770544,1776,0,0,0
94.6211,43855,438780544,1783,0,0,0
94.6311,43856,438790544,1788,0,0,0
94.6409,43857,438800544,1790,0,0,0
94.6510,43858,438810544,1794,0,0,0
94.6631,43859,438820544,1792,0,0,0
94.6710,43860,438830544,1807,0,0,0
94.6812,43861,438840544,1802,0,0,0
94.6910,43862,438850544,1794,0,0,0
94.7010,43863,438860544,1791,0,0,0
94.7110,43864,438870544,1802,0,0,0
94.7208,43865,438880544,1799,0,0,0
94.7308,43866,438890544,1799,0,0,0
94.7408,43867,438900544,1802,0,0,0
94.7509,43868,438910544,1809,0,0,0
94.7609,43869,438920544,1811,0,0,0
94.7709,43870,438930544,1808,0,0,0
94.7808,43871,438940544,1802,0,0,0
94.7908,43872,438950544,1799,0,0,0
94.8009,43873,438960544,1810,0,0,0
94.8109,43874,438970544,1809,0,0,0
94.8210,43875,438980544,1809,0,0,0
94.8310,43876,438990544,1823,0,0,0
94.8408,43877,439000544,1846,0,0,0
94.8508,43878,439010544,1902,0,0,0
94.8611,43879,439020544,1933,0,0,0
94.8712,43880,439030544,1969,0,0,0
94.8809,43881,439040544,1936,0,0,0
94.8910,43882,439050544,1856,0,0,0
94.9009,43883,439060544,1827,0,0,0
94.9117,43884,439070544,1806,0,0,0
94.9211,43885,439080544,1798,0,0,0
94.9310,43886,439090544,1791,0,0,0
94.9409,43887,439100544,1787,0,0,0
94.9510,43888,439110544,1785,0,0,0
94.9613,43889,439120544,1776,0,0,0
94.9714,43890,439130544,1710,0,0,0
94.9809,43891,439140544,1776,0,0,0
94.9909,43892,439150544,2299,0,0,0
95.0012,43893,439160544,3155,0,0,0
95.0110,43894,439170544,2960,0,0,0
95.0209,43895,439180544,1765,0,0,0
95.0310,43896,439190544,1471,0,0,0
95.0409,43897,439200544,1489,0,0,0
95.0511,43898,439210544,1703,0,0,0
95.0609,43899,439220544,1733,0,0,0
95.0711,43900,439230544,1745,0,0,0
95.0810,43901,439240544,1765,0,0,0
95.0908,43902,439250544,1781,0,0,0
95.1010,43903,439260544,1801,0,0,0
95.1109,43904,439270544,1809,0,0,0
95.1212,43905,439280544,1830,0,0,0
95.1312,43906,439290544,1835,0,0,0
95.1410,43907,439300544,1850,0,0,0
95.1509,43908,439310544,1869,0,0,0
95.1609,43909,439320544,1883,0,0,0
95.1710,43910,439330544,1905,0,0,0
95.1809,43911,439340544,1921,0,0,0
95.1913,43912,439350544,1939,0,0,0
95.2010,43913,439360544,1969,0,0,0
95.2110,43914,439370544,1974,0,0,0
95.2209,43915,439380544,1981,0,0,0
95.2310,43916,439390544,1968,0,0,0
95.2409,43917,439400544,1938,0,0,0
95.2510,43918,439410544,1894,0,0,0
95.2610,43919,439420544,1845,0,0,0
95.2709,43920,439430544,1810,0,0,0
95.2810,43921,439440544,1789,0,0,0
95.2910,43922,439450544,1777,0,0,0
95.3010,43923,439460544,1777,0,0,0
95.3110,43924,439470544,1774,0,0,0
95.3212,43925,439480544,1776,0,0,0
95.3309,43926,439490544,1773,0,0,0
95.3411,43927,439500544,1789,0,0,0
95.3510,43928,439510544,1790,0,0,0
95.3609,43929,439520544,1789,0,0,0
95.3708,43930,439530544,1790,0,0,0
95.3812,43931,439540544,1804,0,0,0
95.3909,43932,439550544,1809,0,0,0
95.4009,43933,439560544,1820,0,0,0
95.4123,43934,439570544,1810,0,0,0
95.4209,43935,439580544,1811,0,0,0
95.4309,43936,439590544,1813,0,0,0
95.4409,43937,439600544,1819,0,0,0
95.4509,43938,439610544,1817,0,0,0
95.4611,43939,439620544,1813,0,0,0
95.4709,43940,439630544,1819,0,0,0
95.4808,43941,439640544,1826,0,0,0
95.4909,43942,439650544,1820,0,0,0
95.5009,43943,439660544,1823,0,0,0
95.5109,43944,439670544,1826,0,0,0
95.5208,43945,439680544,1818,0,0,0
95.5310,43946,439690544,1811,0,0,0
95.5410,43947,439700544,1825,0,0,0
95.5509,43948,439710544,1819,0,0,0
95.5611,43949,439720544,1830,0,0,0
95.5710,43950,439730544,1823,0,0,0
95.5808,43951,439740544,1831,0,0,0
95.5910,43952,439750544,1825,0,0,0
95.6009,43953,439760544,1823,0,0,0
95.6109,43954,439770544,1828,0,0,0
95.6211,43955,439780544,1856,0,0,0
95.6311,43956,439790544,1904,0,0,0
95.6413,43957,439800544,1937,0,0,0
95.6512,43958,439810544,1975,0,0,0
95.6617,43959,439820544,1930,0,0,0
95.6716,43960,439830544,1855,0,0,0
95.6813,43961,439840544,1835,0,0,0
95.6908,43962,439850544,1810,0,0,0
95.7009,43963,439860544,1807,0,0,0
95.7110,43964,439870544,1798,0,0,0
95.7208,43965,439880544,1804,0,0,0
95.7310,43966,439890544,1797,0,0,0
95.7409,43967,439900544,1791,0,0,0
95.7508,43968,439910544,1718,0,0,0
95.7610,43969,439920544,1808,0,0,0
95.7711,43970,439930544,2345,0,0,0
95.7809,43971,439940544,3232,0,0,0
95.7909,43972,439950544,2822,0,0,0
95.8010,43973,439960544,1734,0,0,0
95.8109,43974,439970544,1443,0,0,0
95.8213,43975,439980544,1514,0,0,0
95.8310,43976,439990544,1710,0,0,0
95.8408,43977,440000544,1732,0,0,0
95.8509,43978,440010544,1737,0,0,0
95.8609,43979,440020544,1759,0,0,0
95.8709,43980,440030544,1776,0,0,0
95.8809,43981,440040544,1791,0,0,0
95.8908,43982,440050544,1807,0,0,0
95.9008,43983,440060544,1822,0,0,0
95.9122,43984,440070544,1823,0,0,0
95.9209,43985,440080544,1854,0,0,0
95.9309,43986,440090544,1857,0,0,0
95.9411,43987,440100544,1891,0,0,0
95.9510,43988,440110544,1898,0,0,0
95.9610,43989,440120544,1922,0,0,0
95.9713,43990,440130544,1940,0,0,0
95.9809,43991,440140544,1966,0,0,0
95.9910,43992,440150544,1971,0,0,0
96.0009,43993,440160544,1975,0,0,0
96.0109,43994,440170544,1962,0,0,0
96.0211,43995,440180544,1929,0,0,0
96.0310,43996,440190544,1876,0,0,0
96.0409,43997,440200544,1846,0,0,0
96.0511,43998,440210544,1795,0,0,0
96.0610,43999,440220544,1767,0,0,0
96.0708,44000,440230544,1756,0,0,0
96.0809,44001,440240544,1760,0,0,0
96.0911,44002,440250544,1744,0,0,0
96.1008,44003,440260544,1753,0,0,0
96.1109,44004,440270544,1759,0,0,0
96.1210,44005,440280544,1772,0,0,0
96.1308,44006,440290544,1774,0,0,0
96.1408,44007,440300544,1787,0,0,0
96.1510,44008,440310544,1783,0,0,0
96.1610,44009,440320544,1793,0,0,0
96.1716,44010,440330544,1795,0,0,0
96.1810,44011,440340544,1803,0,0,0
96.1909,44012,440350544,1804,0,0,0
96.2009,44013,440360544,1804,0,0,0
96.2109,44014,440370544,1799,0,0,0
96.2209,44015,440380544,1803,0,0,0
96.2310,44016,440390544,1792,0,0,0
96.2408,44017,440400544,1799,0,0,0
96.2509,44018,440410544,1805,0,0,0
96.2609,44019,440420544,1815,0,0,0
96.2709,44020,440430544,1793,0,0,0
96.2809,44021,440440544,1808,0,0,0
96.2910,44022,440450544,1807,0,0,0
96.3008,44023,440460544,1819,0,0,0
96.3108,44024,440470544,1808,0,0,0
96.3211,44025,440480544,1825,0,0,0
96.3313,44026,440490544,1819,0,0,0
96.3410,44027,440500544,1825,0,0,0
96.3511,44028,440510544,1819,0,0,0
96.3608,44029,440520544,1822,0,0,0
96.3708,44030,440530544,1825,0,0,0
96.3810,44031,440540544,1834,0,0,0
96.3909,44032,440550544,1819,0,0,0
96.4012,44033,440560544,1827,0,0,0
96.4112,44034,440570544,1853,0,0,0
96.4209,44035,440580544,1917,0,0,0
96.4308,44036,440590544,1934,0,0,0
96.4411,44037,440600544,1993,0,0,0
96.4509,44038,440610544,1937,0,0,0
96.4609,44039,440620544,1879,0,0,0
96.4710,44040,440630544,1840,0,0,0
96.4809,44041,440640544,1825,0,0,0
96.4909,44042,440650544,1808,0,0,0
96.5009,44043,440660544,1813,0,0,0
96.5110,44044,440670544,1807,0,0,0
96.5209,44045,440680544,1810,0,0,0
96.5310,44046,440690544,1787,0,0,0
96.5409,44047,440700544,1707,0,0,0
96.5508,44048,440710544,1853,0,0,0
96.5609,44049,440720544,2433,0,0,0
96.5710,44050,440730544,3299,0,0,0
96.5809,44051,440740544,2700,0,0,0
96.5910,44052,440750544,1713,0,0,0
96.6011,44053,440760544,1456,0,0,0
96.6109,44054,440770544,1473,0,0,0
96.6210,44055,440780544,1712,0,0,0
96.6310,44056,440790544,1725,0,0,0
96.6410,44057,440800544,1749,0,0,0
96.6509,44058,440810544,1763,0,0,0
96.6609,44059,440820544,1778,0,0,0
96.6711,44060,440830544,1785,0,0,0
96.6809,44061,440840544,1806,0,0,0
96.6908,44062,440850544,1805,0,0,0
96.7010,44063,440860544,1829,0,0,0
96.7111,44064,440870544,1838,0,0,0
96.7209,44065,440880544,1851,0,0,0
96.7309,44066,440890544,1863,0,0,0
96.7409,44067,440900544,1890,0,0,0
96.7510,44068,440910544,1905,0,0,0
96.7609,44069,440920544,1934,0,0,0
96.7708,44070,440930544,1943,0,0,0
96.7809,44071,440940544,1970,0,0,0
96.7908,44072,440950544,1964,0,0,0
96.8009,44073,440960544,1953,0,0,0
96.8111,44074,440970544,1915,0,0,0
96.8208,44075,440980544,1870,0,0,0
96.8309,44076,440990544,1821,0,0,0
96.8410,44077,441000544,1792,0,0,0
96.8508,44078,441010544,1761,0,0,0
96.8608,44079,441020544,1758,0,0,0
96.8709,44080,441030544,1746,0,0,0
96.8809,44081,441040544,1755,0,0,0
96.8910,44082,441050544,1757,0,0,0
96.9009,44083,441060544,1767,0,0,0
96.9108,44084,441070544,1759,0,0,0
96.9212,44085,441080544,1777,0,0,0
