pc_time_s,seq,t_us,ecg_adc,lo_plus,lo_minus,lead_off
0.0120,28205,282281542,2346,0,0,0
0.0216,28206,282291543,2793,0,0,0
0.0316,28207,282301543,2391,0,0,0
0.0415,28208,282311543,2757,0,0,0
0.0516,28209,282321542,2415,0,0,0
0.0616,28210,282331542,2743,0,0,0
0.0720,28211,282341543,2421,0,0,0
0.0834,28212,282351542,2737,0,0,0
0.0945,28213,282361543,2427,0,0,0
0.1032,28214,282371543,2727,0,0,0
0.1118,28215,282381543,2426,0,0,0
0.1227,28216,282391543,2723,0,0,0
0.1323,28217,282401543,2437,0,0,0
0.1449,28218,282411543,2717,0,0,0
0.1580,28219,282421543,2434,0,0,0
0.1758,28220,282431543,2704,0,0,0
0.1779,28221,282441543,2443,0,0,0
0.1883,28222,282451543,2703,0,0,0
0.1919,28223,282461543,2447,0,0,0
0.2050,28224,282471543,2706,0,0,0
0.2167,28225,282481543,2448,0,0,0
0.2229,28226,282491543,2709,0,0,0
0.2335,28227,282501543,2439,0,0,0
0.2465,28228,282511543,2704,0,0,0
0.2566,28229,282521543,2442,0,0,0
0.2641,28230,282531543,2705,0,0,0
0.2723,28231,282541543,2442,0,0,0
0.2822,28232,282551543,2702,0,0,0
0.2935,28233,282561543,2446,0,0,0
0.3067,28234,282571542,2699,0,0,0
0.3370,28235,282581543,2448,0,0,0
0.3402,28236,282591543,2705,0,0,0
0.3412,28237,282601543,2447,0,0,0
0.3435,28238,282611542,2701,0,0,0
0.3563,28239,282621543,2448,0,0,0
0.3687,28240,282631543,2695,0,0,0
0.3918,28241,282641543,2448,0,0,0
0.3927,28242,282651542,2688,0,0,0
0.3939,28243,282661543,2458,0,0,0
0.4058,28244,282671543,2702,0,0,0
0.4137,28245,282681543,2450,0,0,0
0.4268,28246,282691542,2691,0,0,0
0.4332,28247,282701542,2453,0,0,0
0.4469,28248,282711543,2688,0,0,0
0.4556,28249,282721543,2449,0,0,0
0.4698,28250,282731543,2700,0,0,0
0.4723,28251,282741543,2458,0,0,0
0.4823,28252,282751543,2693,0,0,0
0.4967,28253,282761542,2457,0,0,0
0.5027,28254,282771542,2683,0,0,0
0.5154,28255,282781543,2459,0,0,0
0.5244,28256,282791543,2691,0,0,0
0.5339,28257,282801543,2448,0,0,0
0.5563,28258,282811543,2697,0,0,0
0.5666,28259,282821543,2451,0,0,0
0.5744,28260,282831543,2693,0,0,0
0.5753,28261,282841543,2448,0,0,0
0.5911,28262,282851543,2710,0,0,0
0.6069,28263,282861543,2450,0,0,0
0.6206,28264,282871543,2689,0,0,0
0.6244,28265,282881543,2449,0,0,0
0.6260,28266,282891543,2703,0,0,0
0.6338,28267,282901543,2442,0,0,0
0.6433,28268,282911543,2688,0,0,0
0.6569,28269,282921542,2446,0,0,0
0.6627,28270,282931542,2705,0,0,0
0.7570,28271,282941543,2448,0,0,0
0.7582,28272,282951543,2711,0,0,0
0.7588,28273,282961543,2441,0,0,0
0.7604,28274,282971543,2707,0,0,0
0.7636,28275,282981542,2448,0,0,0
0.7651,28276,282991542,2711,0,0,0
0.7660,28277,283001543,2437,0,0,0
0.7667,28278,283011542,2708,0,0,0
0.7683,28279,283021543,2434,0,0,0
0.7708,28280,283031543,2704,0,0,0
0.7731,28281,283041542,2430,0,0,0
0.7829,28282,283051542,2718,0,0,0
0.7934,28283,283061543,2430,0,0,0
0.8038,28284,283071542,2710,0,0,0
0.8164,28285,283081543,2432,0,0,0
0.8238,28286,283091542,2714,0,0,0
0.8568,28287,283101543,2433,0,0,0
0.8608,28288,283111543,2718,0,0,0
0.8644,28289,283121543,2430,0,0,0
0.8665,28290,283131543,2713,0,0,0
0.8732,28291,283141543,2429,0,0,0
0.8857,28292,283151543,2713,0,0,0
0.8941,28293,283161543,2417,0,0,0
0.9082,28294,283171543,2711,0,0,0
0.9155,28295,283181543,2433,0,0,0
0.9271,28296,283191543,2719,0,0,0
0.9374,28297,283201543,2426,0,0,0
0.9459,28298,283211543,2704,0,0,0
0.9516,28299,283221543,2420,0,0,0
0.9817,28300,283231543,2709,0,0,0
0.9847,28301,283241543,2438,0,0,0
0.9917,28302,283251543,2707,0,0,0
0.9946,28303,283261543,2434,0,0,0
1.0088,28304,283271543,2704,0,0,0
1.0402,28305,283281543,2430,0,0,0
1.0447,28306,283291543,2697,0,0,0
1.0729,28307,283301543,2438,0,0,0
1.0845,28308,283311543,2701,0,0,0
1.0861,28309,283321543,2433,0,0,0
1.0900,28310,283331543,2702,0,0,0
1.0994,28311,283341543,2433,0,0,0
1.1064,28312,283351543,2697,0,0,0
1.1112,28313,283361543,2431,0,0,0
1.1258,28314,283371542,2697,0,0,0
1.1303,28315,283381543,2435,0,0,0
1.1364,28316,283391543,2704,0,0,0
1.1390,28317,283401543,2431,0,0,0
1.1500,28318,283411542,2685,0,0,0
1.1808,28319,283421543,2431,0,0,0
1.1996,28320,283431543,2692,0,0,0
1.2036,28321,283441543,2423,0,0,0
1.2070,28322,283451543,2686,0,0,0
1.2111,28323,283461543,2436,0,0,0
1.2147,28324,283471543,2695,0,0,0
1.2153,28325,283481543,2439,0,0,0
1.2224,28326,283491543,2681,0,0,0
1.2341,28327,283501543,2427,0,0,0
1.2427,28328,283511543,2681,0,0,0
1.2519,28329,283521543,2442,0,0,0
1.2713,28330,283531543,2678,0,0,0
1.2756,28331,283541543,2437,0,0,0
1.2851,28332,283551543,2675,0,0,0
1.2994,28333,283561543,2427,0,0,0
1.3069,28334,283571543,2677,0,0,0
1.3157,28335,283581543,2450,0,0,0
1.3255,28336,283591542,2673,0,0,0
1.3330,28337,283601543,2437,0,0,0
1.3534,28338,283611543,2671,0,0,0
1.3598,28339,283621543,2432,0,0,0
1.3683,28340,283631543,2671,0,0,0
1.3798,28341,283641543,2443,0,0,0
1.3863,28342,283651543,2675,0,0,0
1.3945,28343,283661543,2446,0,0,0
1.4088,28344,283671543,2667,0,0,0
1.4159,28345,283681543,2441,0,0,0
1.4296,28346,283691543,2662,0,0,0
1.4370,28347,283701543,2447,0,0,0
1.4492,28348,283711543,2662,0,0,0
1.4519,28349,283721543,2443,0,0,0
1.4619,28350,283731543,2647,0,0,0
1.4717,28351,283741543,2448,0,0,0
1.4825,28352,283751542,2653,0,0,0
1.5004,28353,283761543,2445,0,0,0
1.5034,28354,283771543,2659,0,0,0
1.5142,28355,283781543,2454,0,0,0
1.5253,28356,283791543,2651,0,0,0
1.5351,28357,283801543,2450,0,0,0
1.5472,28358,283811543,2657,0,0,0
1.5562,28359,283821543,2461,0,0,0
1.5655,28360,283831542,2653,0,0,0
1.5754,28361,283841543,2447,0,0,0
1.5865,28362,283851542,2639,0,0,0
1.5938,28363,283861543,2438,0,0,0
1.6059,28364,283871543,2637,0,0,0
1.6129,28365,283881543,2448,0,0,0
1.6233,28366,283891543,2642,0,0,0
1.6323,28367,283901542,2448,0,0,0
1.6434,28368,283911543,2641,0,0,0
1.6525,28369,283921543,2448,0,0,0
1.6627,28370,283931543,2638,0,0,0
1.6738,28371,283941543,2454,0,0,0
1.6820,28372,283951543,2635,0,0,0
1.7001,28373,283961543,2455,0,0,0
1.7040,28374,283971543,2624,0,0,0
1.7135,28375,283981543,2462,0,0,0
1.7240,28376,283991543,2640,0,0,0
1.7359,28377,284001543,2454,0,0,0
1.7439,28378,284011543,2643,0,0,0
1.7535,28379,284021543,2462,0,0,0
1.7731,28380,284031543,2622,0,0,0
1.7772,28381,284041543,2454,0,0,0
1.7839,28382,284051543,2619,0,0,0
1.7946,28383,284061543,2450,0,0,0
1.8160,28384,284071542,2629,0,0,0
1.8175,28385,284081543,2448,0,0,0
1.8240,28386,284091543,2623,0,0,0
1.8336,28387,284101543,2462,0,0,0
1.8465,28388,284111543,2636,0,0,0
1.8588,28389,284121543,2445,0,0,0
1.8675,28390,284131543,2600,0,0,0
1.8773,28391,284141543,2457,0,0,0
1.8850,28392,284151543,2639,0,0,0
1.8974,28393,284161543,2455,0,0,0
1.9035,28394,284171543,2618,0,0,0
1.9234,28395,284181543,2461,0,0,0
1.9273,28396,284191543,2608,0,0,0
1.9345,28397,284201543,2459,0,0,0
1.9471,28398,284211543,2608,0,0,0
1.9654,28399,284221543,2467,0,0,0
2.0177,28400,284231543,2612,0,0,0
2.0194,28401,284241543,2458,0,0,0
2.0249,28402,284251543,2610,0,0,0
2.0285,28403,284261543,2462,0,0,0
2.0323,28404,284271543,2608,0,0,0
2.0342,28405,284281543,2465,0,0,0
2.0371,28406,284291543,2607,0,0,0
2.0477,28407,284301543,2475,0,0,0
2.0504,28408,284311543,2602,0,0,0
2.0534,28409,284321543,2477,0,0,0
2.0687,28410,284331543,2589,0,0,0
2.0783,28411,284341543,2471,0,0,0
2.0869,28412,284351543,2591,0,0,0
2.0933,28413,284361543,2464,0,0,0
2.1057,28414,284371543,2559,0,0,0
2.1170,28415,284381543,2480,0,0,0
2.1297,28416,284391543,2559,0,0,0
2.1344,28417,284401543,2474,0,0,0
2.1446,28418,284411542,2559,0,0,0
2.1536,28419,284421543,2471,0,0,0
2.1617,28420,284431542,2554,0,0,0
2.1728,28421,284441543,2478,0,0,0
2.1830,28422,284451542,2549,0,0,0
2.1926,28423,284461543,2480,0,0,0
2.2021,28424,284471543,2547,0,0,0
2.2157,28425,284481543,2487,0,0,0
2.2252,28426,284491543,2544,0,0,0
2.2359,28427,284501543,2484,0,0,0
2.2441,28428,284511543,2546,0,0,0
2.2574,28429,284521543,2483,0,0,0
2.2643,28430,284531543,2542,0,0,0
2.2772,28431,284541542,2494,0,0,0
2.2961,28432,284551542,2530,0,0,0
2.2998,28433,284561543,2483,0,0,0
2.3118,28434,284571542,2527,0,0,0
2.3155,28435,284581543,2490,0,0,0
2.3261,28436,284591543,2519,0,0,0
2.3384,28437,284601543,2499,0,0,0
2.3473,28438,284611543,2531,0,0,0
2.3554,28439,284621542,2504,0,0,0
2.3693,28440,284631543,2535,0,0,0
2.3840,28441,284641543,2512,0,0,0
2.3898,28442,284651543,2534,0,0,0
2.3939,28443,284661543,2505,0,0,0
2.4067,28444,284671542,2515,0,0,0
2.4199,28445,284681543,2502,0,0,0
2.4251,28446,284691543,2527,0,0,0
2.4396,28447,284701542,2512,0,0,0
2.4468,28448,284711543,2533,0,0,0
2.4534,28449,284721543,2527,0,0,0
2.4638,28450,284731543,2518,0,0,0
2.4780,28451,284741543,2538,0,0,0
2.4876,28452,284751543,2522,0,0,0
2.4937,28453,284761543,2546,0,0,0
2.5075,28454,284771543,2523,0,0,0
2.5160,28455,284781543,2549,0,0,0
2.5220,28456,284791543,2525,0,0,0
2.5323,28457,284801543,2551,0,0,0
2.5428,28458,284811543,2512,0,0,0
2.5526,28459,284821543,2550,0,0,0
2.5629,28460,284831543,2514,0,0,0
2.5726,28461,284841543,2545,0,0,0
2.5824,28462,284851543,2518,0,0,0
2.5926,28463,284861543,2559,0,0,0
2.6033,28464,284871543,2522,0,0,0
2.6135,28465,284881543,2559,0,0,0
2.6249,28466,284891543,2522,0,0,0
2.6344,28467,284901543,2559,0,0,0
2.6437,28468,284911543,2523,0,0,0
2.6528,28469,284921542,2559,0,0,0
2.6690,28470,284931543,2527,0,0,0
2.6765,28471,284941543,2559,0,0,0
2.6850,28472,284951543,2527,0,0,0
2.6952,28473,284961543,2585,0,0,0
2.7052,28474,284971543,2527,0,0,0
2.7162,28475,284981543,2559,0,0,0
2.7279,28476,284991543,2539,0,0,0
2.7355,28477,285001543,2583,0,0,0
2.7450,28478,285011543,2539,0,0,0
2.7614,28479,285021543,2559,0,0,0
2.7674,28480,285031542,2534,0,0,0
2.7764,28481,285041543,2559,0,0,0
2.7908,28482,285051543,2539,0,0,0
2.7935,28483,285061543,2559,0,0,0
2.8072,28484,285071542,2544,0,0,0
2.8128,28485,285081543,2559,0,0,0
2.8222,28486,285091543,2536,0,0,0
2.8315,28487,285101543,2559,0,0,0
2.8424,28488,285111543,2541,0,0,0
2.8528,28489,285121543,2559,0,0,0
2.8620,28490,285131543,2539,0,0,0
2.8779,28491,285141543,2559,0,0,0
2.8840,28492,285151543,2551,0,0,0
2.8939,28493,285161543,2559,0,0,0
2.9079,28494,285171543,2537,0,0,0
2.9138,28495,285181543,2559,0,0,0
2.9285,28496,285191543,2530,0,0,0
2.9328,28497,285201543,2559,0,0,0
2.9458,28498,285211543,2546,0,0,0
2.9609,28499,285221542,2559,0,0,0
2.9649,28500,285231542,2528,0,0,0
2.9948,28501,285241543,2582,0,0,0
2.9970,28502,285251543,2530,0,0,0
3.0007,28503,285261543,2591,0,0,0
3.0051,28504,285271543,2523,0,0,0
3.0151,28505,285281543,2587,0,0,0
3.0231,28506,285291542,2530,0,0,0
3.0368,28507,285301543,2601,0,0,0
3.0464,28508,285311542,2523,0,0,0
3.0548,28509,285321543,2591,0,0,0
3.0640,28510,285331542,2524,0,0,0
3.0808,28511,285341543,2598,0,0,0
3.0860,28512,285351542,2512,0,0,0
3.0943,28513,285361543,2600,0,0,0
3.1086,28514,285371543,2508,0,0,0
3.1123,28515,285381543,2608,0,0,0
3.1220,28516,285391543,2507,0,0,0
3.1333,28517,285401543,2615,0,0,0
3.1422,28518,285411543,2511,0,0,0
3.1524,28519,285421543,2609,0,0,0
3.1639,28520,285431543,2497,0,0,0
3.1723,28521,285441543,2608,0,0,0
3.1867,28522,285451543,2497,0,0,0
3.1955,28523,285461543,2607,0,0,0
3.2054,28524,285471543,2512,0,0,0
3.2191,28525,285481543,2617,0,0,0
3.2238,28526,285491542,2517,0,0,0
3.2341,28527,285501543,2615,0,0,0
3.2444,28528,285511542,2513,0,0,0
3.2553,28529,285521543,2618,0,0,0
3.2702,28530,285531543,2511,0,0,0
3.2762,28531,285541543,2619,0,0,0
3.2869,28532,285551543,2512,0,0,0
3.2958,28533,285561542,2619,0,0,0
3.3024,28534,285571542,2512,0,0,0
3.3145,28535,285581543,2624,0,0,0
3.3250,28536,285591542,2512,0,0,0
3.3396,28537,285601543,2622,0,0,0
3.3455,28538,285611543,2519,0,0,0
3.3546,28539,285621543,2614,0,0,0
3.3671,28540,285631543,2512,0,0,0
3.3747,28541,285641543,2623,0,0,0
3.3830,28542,285651543,2519,0,0,0
3.3969,28543,285661543,2623,0,0,0
3.4053,28544,285671543,2510,0,0,0
3.4130,28545,285681543,2621,0,0,0
3.4267,28546,285691543,2512,0,0,0
3.4383,28547,285701543,2611,0,0,0
3.4425,28548,285711543,2496,0,0,0
3.4524,28549,285721543,2621,0,0,0
3.4624,28550,285731542,2504,0,0,0
3.4716,28551,285741543,2617,0,0,0
3.4825,28552,285751543,2511,0,0,0
3.4926,28553,285761543,2615,0,0,0
3.5039,28554,285771543,2512,0,0,0
3.5148,28555,285781543,2615,0,0,0
3.5234,28556,285791543,2498,0,0,0
3.5341,28557,285801543,2602,0,0,0
3.5457,28558,285811543,2496,0,0,0
3.5558,28559,285821543,2607,0,0,0
3.5661,28560,285831543,2495,0,0,0
3.5733,28561,285841543,2589,0,0,0
3.5926,28562,285851542,2493,0,0,0
3.5937,28563,285861543,2595,0,0,0
3.6048,28564,285871543,2498,0,0,0
3.6150,28565,285881543,2589,0,0,0
3.6252,28566,285891543,2498,0,0,0
3.6338,28567,285901543,2592,0,0,0
3.6483,28568,285911543,2499,0,0,0
3.6631,28569,285921543,2583,0,0,0
3.6662,28570,285931543,2503,0,0,0
3.6740,28571,285941543,2559,0,0,0
3.6866,28572,285951543,2494,0,0,0
3.6979,28573,285961543,2591,0,0,0
3.7039,28574,285971542,2501,0,0,0
3.7129,28575,285981543,2591,0,0,0
3.7250,28576,285991543,2506,0,0,0
3.7337,28577,286001543,2597,0,0,0
3.7427,28578,286011543,2501,0,0,0
3.7523,28579,286021543,2593,0,0,0
3.7624,28580,286031543,2517,0,0,0
3.7753,28581,286041543,2597,0,0,0
3.7838,28582,286051543,2512,0,0,0
3.8055,28583,286061543,2604,0,0,0
3.8102,28584,286071543,2523,0,0,0
3.8210,28585,286081543,2624,0,0,0
3.8228,28586,286091543,2510,0,0,0
3.8340,28587,286101543,2588,0,0,0
3.8428,28588,286111543,2518,0,0,0
3.8571,28589,286121542,2607,0,0,0
3.8668,28590,286131543,2511,0,0,0
3.8740,28591,286141543,2598,0,0,0
3.8875,28592,286151542,2513,0,0,0
3.8939,28593,286161543,2598,0,0,0
3.9075,28594,286171543,2511,0,0,0
3.9146,28595,286181543,2604,0,0,0
3.9270,28596,286191543,2509,0,0,0
3.9349,28597,286201543,2606,0,0,0
3.9481,28598,286211543,2513,0,0,0
3.9527,28599,286221543,2593,0,0,0
3.9648,28600,286231543,2509,0,0,0
3.9759,28601,286241543,2599,0,0,0
3.9860,28602,286251543,2507,0,0,0
3.9954,28603,286261543,2601,0,0,0
4.0094,28604,286271543,2512,0,0,0
4.0121,28605,286281543,2608,0,0,0
4.0223,28606,286291543,2506,0,0,0
4.0321,28607,286301543,2607,0,0,0
4.0423,28608,286311543,2514,0,0,0
4.0525,28609,286321543,2599,0,0,0
4.0624,28610,286331543,2522,0,0,0
4.0757,28611,286341543,2605,0,0,0
4.0831,28612,286351542,2511,0,0,0
4.0957,28613,286361543,2598,0,0,0
4.1075,28614,286371543,2512,0,0,0
4.1165,28615,286381543,2607,0,0,0
4.1255,28616,286391543,2502,0,0,0
4.1432,28617,286401543,2597,0,0,0
4.1512,28618,286411543,2513,0,0,0
4.1560,28619,286421543,2604,0,0,0
4.1639,28620,286431543,2511,0,0,0
4.1762,28621,286441543,2607,0,0,0
4.1819,28622,286451543,2511,0,0,0
4.1951,28623,286461543,2597,0,0,0
4.2040,28624,286471543,2507,0,0,0
4.2200,28625,286481543,2607,0,0,0
4.2238,28626,286491542,2513,0,0,0
4.2368,28627,286501542,2602,0,0,0
4.2434,28628,286511543,2511,0,0,0
4.2558,28629,286521542,2608,0,0,0
4.2642,28630,286531543,2510,0,0,0
4.2726,28631,286541543,2601,0,0,0
4.2819,28632,286551543,2512,0,0,0
4.2927,28633,286561543,2602,0,0,0
4.3018,28634,286571543,2510,0,0,0
4.3154,28635,286581543,2604,0,0,0
4.3217,28636,286591543,2508,0,0,0
4.3318,28637,286601543,2604,0,0,0
4.3591,28638,286611543,2509,0,0,0
4.3603,28639,286621542,2611,0,0,0
4.3633,28640,286631543,2509,0,0,0
4.3727,28641,286641543,2627,0,0,0
4.3843,28642,286651543,2503,0,0,0
4.3948,28643,286661542,2608,0,0,0
4.4041,28644,286671543,2511,0,0,0
4.4138,28645,286681543,2615,0,0,0
4.4259,28646,286691543,2501,0,0,0
4.4327,28647,286701543,2614,0,0,0
4.4428,28648,286711543,2499,0,0,0
4.4540,28649,286721542,2609,0,0,0
4.4629,28650,286731542,2496,0,0,0
4.4762,28651,286741543,2615,0,0,0
4.4858,28652,286751542,2499,0,0,0
4.4965,28653,286761543,2631,0,0,0
4.5040,28654,286771543,2508,0,0,0
4.5124,28655,286781543,2623,0,0,0
4.5217,28656,286791542,2495,0,0,0
4.5315,28657,286801543,2626,0,0,0
4.5416,28658,286811543,2490,0,0,0
4.5523,28659,286821543,2625,0,0,0
4.5624,28660,286831543,2491,0,0,0
4.5729,28661,286841543,2630,0,0,0
4.5829,28662,286851542,2459,0,0,0
4.5928,28663,286861543,2639,0,0,0
4.6058,28664,286871543,2482,0,0,0
4.6152,28665,286881542,2637,0,0,0
4.6236,28666,286891542,2469,0,0,0
4.6335,28667,286901542,2639,0,0,0
4.6444,28668,286911543,2477,0,0,0
4.6535,28669,286921543,2641,0,0,0
4.6647,28670,286931542,2463,0,0,0
4.6768,28671,286941543,2645,0,0,0
4.6839,28672,286951543,2471,0,0,0
4.6938,28673,286961543,2647,0,0,0
4.7037,28674,286971543,2477,0,0,0
4.7152,28675,286981543,2657,0,0,0
4.7239,28676,286991542,2468,0,0,0
4.7323,28677,287001543,2655,0,0,0
4.7418,28678,287011543,2479,0,0,0
4.7515,28679,287021543,2661,0,0,0
4.7626,28680,287031543,2469,0,0,0
4.7806,28681,287041543,2654,0,0,0
4.7817,28682,287051542,2480,0,0,0
4.7951,28683,287061543,2664,0,0,0
4.8030,28684,287071543,2493,0,0,0
4.8119,28685,287081543,2663,0,0,0
4.8223,28686,287091543,2475,0,0,0
4.8364,28687,287101543,2658,0,0,0
4.8463,28688,287111543,2480,0,0,0
4.8544,28689,287121543,2656,0,0,0
4.8647,28690,287131543,2468,0,0,0
4.8740,28691,287141543,2653,0,0,0
4.8850,28692,287151543,2471,0,0,0
4.8925,28693,287161543,2640,0,0,0
4.9046,28694,287171543,2478,0,0,0
4.9145,28695,287181543,2651,0,0,0
4.9233,28696,287191543,2468,0,0,0
4.9320,28697,287201543,2642,0,0,0
4.9420,28698,287211542,2475,0,0,0
4.9517,28699,287221543,2659,0,0,0
4.9616,28700,287231543,2471,0,0,0
4.9716,28701,287241543,2662,0,0,0
4.9818,28702,287251543,2477,0,0,0
4.9917,28703,287261543,2668,0,0,0
5.0030,28704,287271543,2463,0,0,0
5.0164,28705,287281543,2675,0,0,0
5.0265,28706,287291542,2463,0,0,0
5.0323,28707,287301543,2679,0,0,0
5.0466,28708,287311543,2455,0,0,0
5.0573,28709,287321542,2698,0,0,0
5.0651,28710,287331542,2453,0,0,0
5.0731,28711,287341542,2698,0,0,0
5.0855,28712,287351542,2448,0,0,0
5.0949,28713,287361543,2704,0,0,0
5.1043,28714,287371542,2447,0,0,0
5.1145,28715,287381543,2704,0,0,0
5.1230,28716,287391542,2448,0,0,0
5.1385,28717,287401543,2698,0,0,0
5.1457,28718,287411543,2437,0,0,0
5.1526,28719,287421543,2704,0,0,0
5.1621,28720,287431542,2435,0,0,0
5.1720,28721,287441543,2721,0,0,0
5.1816,28722,287451542,2442,0,0,0
5.1925,28723,287461543,2716,0,0,0
5.2014,28724,287471543,2442,0,0,0
5.2138,28725,287481543,2735,0,0,0
5.2240,28726,287491543,2429,0,0,0
5.2326,28727,287501543,2715,0,0,0
5.2425,28728,287511543,2445,0,0,0
5.2555,28729,287521543,2731,0,0,0
5.2623,28730,287531543,2443,0,0,0
5.2763,28731,287541543,2721,0,0,0
5.2868,28732,287551542,2435,0,0,0
5.2930,28733,287561543,2723,0,0,0
5.3035,28734,287571543,2434,0,0,0
5.3141,28735,287581543,2720,0,0,0
5.3243,28736,287591543,2431,0,0,0
5.3328,28737,287601543,2717,0,0,0
5.3448,28738,287611542,2434,0,0,0
5.3521,28739,287621543,2725,0,0,0
5.3626,28740,287631543,2442,0,0,0
5.3723,28741,287641543,2723,0,0,0
5.3817,28742,287651543,2448,0,0,0
5.3921,28743,287661543,2735,0,0,0
5.4015,28744,287671543,2443,0,0,0
5.4120,28745,287681543,2706,0,0,0
5.4224,28746,287691542,2443,0,0,0
5.4321,28747,287701543,2719,0,0,0
5.4473,28748,287711543,2442,0,0,0
5.4525,28749,287721543,2713,0,0,0
5.4653,28750,287731543,2439,0,0,0
5.4788,28751,287741543,2708,0,0,0
5.4840,28752,287751543,2443,0,0,0
5.5051,28753,287761542,2711,0,0,0
5.5118,28754,287771543,2448,0,0,0
5.5193,28755,287781543,2711,0,0,0
5.5281,28756,287791542,2447,0,0,0
5.5338,28757,287801543,2706,0,0,0
5.5437,28758,287811543,2446,0,0,0
5.5579,28759,287821542,2701,0,0,0
5.5638,28760,287831542,2442,0,0,0
5.5767,28761,287841543,2705,0,0,0
5.5870,28762,287851542,2449,0,0,0
5.5949,28763,287861543,2708,0,0,0
5.6074,28764,287871543,2449,0,0,0
5.6175,28765,287881543,2714,0,0,0
5.6227,28766,287891543,2450,0,0,0
5.6316,28767,287901543,2704,0,0,0
5.6418,28768,287911543,2448,0,0,0
5.6516,28769,287921543,2698,0,0,0
5.6616,28770,287931543,2448,0,0,0
5.6719,28771,287941543,2701,0,0,0
5.6819,28772,287951542,2442,0,0,0
5.6916,28773,287961543,2704,0,0,0
5.7058,28774,287971543,2454,0,0,0
5.7148,28775,287981543,2692,0,0,0
5.7238,28776,287991543,2448,0,0,0
5.7327,28777,288001543,2691,0,0,0
5.8326,28778,288011543,2449,0,0,0
5.8347,28779,288021543,2693,0,0,0
5.8363,28780,288031543,2448,0,0,0
5.8388,28781,288041543,2703,0,0,0
5.8410,28782,288051543,2448,0,0,0
5.8425,28783,288061543,2694,0,0,0
5.8439,28784,288071542,2447,0,0,0
5.8456,28785,288081543,2689,0,0,0
5.8493,28786,288091543,2448,0,0,0
5.8552,28787,288101543,2694,0,0,0
5.8566,28788,288111543,2449,0,0,0
5.8609,28789,288121543,2693,0,0,0
5.8707,28790,288131543,2451,0,0,0
5.8753,28791,288141543,2694,0,0,0
5.8945,28792,288151543,2449,0,0,0
5.8970,28793,288161543,2702,0,0,0
5.9080,28794,288171543,2459,0,0,0
5.9174,28795,288181543,2700,0,0,0
5.9294,28796,288191543,2443,0,0,0
5.9342,28797,288201542,2683,0,0,0
5.9483,28798,288211543,2450,0,0,0
5.9579,28799,288221543,2688,0,0,0
5.9683,28800,288231543,2449,0,0,0
5.9764,28801,288241543,2688,0,0,0
5.9834,28802,288251543,2451,0,0,0
5.9969,28803,288261542,2688,0,0,0
6.0070,28804,288271543,2452,0,0,0
6.0117,28805,288281543,2693,0,0,0
6.0217,28806,288291543,2451,0,0,0
6.0329,28807,288301543,2695,0,0,0
6.0418,28808,288311543,2454,0,0,0
6.0518,28809,288321543,2695,0,0,0
6.0615,28810,288331543,2449,0,0,0
6.0768,28811,288341543,2695,0,0,0
6.0823,28812,288351543,2448,0,0,0
6.0940,28813,288361543,2701,0,0,0
6.1054,28814,288371543,2448,0,0,0
6.1131,28815,288381543,2694,0,0,0
6.1254,28816,288391543,2445,0,0,0
6.1364,28817,288401543,2703,0,0,0
6.1439,28818,288411543,2432,0,0,0
6.1555,28819,288421543,2709,0,0,0
6.1653,28820,288431543,2433,0,0,0
6.1756,28821,288441543,2720,0,0,0
6.1849,28822,288451542,2425,0,0,0
6.1937,28823,288461543,2729,0,0,0
6.2042,28824,288471543,2419,0,0,0
6.2136,28825,288481543,2726,0,0,0
6.2237,28826,288491543,2421,0,0,0
6.2330,28827,288501543,2736,0,0,0
6.2426,28828,288511542,2410,0,0,0
6.2517,28829,288521543,2735,0,0,0
6.2616,28830,288531543,2399,0,0,0
6.2716,28831,288541543,2742,0,0,0
6.2822,28832,288551542,2403,0,0,0
6.2928,28833,288561543,2752,0,0,0
6.3042,28834,288571543,2390,0,0,0
6.3138,28835,288581543,2769,0,0,0
6.3241,28836,288591543,2377,0,0,0
6.3335,28837,288601543,2795,0,0,0
6.3460,28838,288611543,2353,0,0,0
6.3539,28839,288621542,2832,0,0,0
6.3627,28840,288631543,2293,0,0,0
6.3756,28841,288641543,3108,0,0,0
6.3830,28842,288651543,2098,0,0,0
6.3937,28843,288661543,3141,0,0,0
6.4086,28844,288671543,2100,0,0,0
6.4121,28845,288681543,3146,0,0,0
6.4231,28846,288691542,2099,0,0,0
6.4362,28847,288701543,3153,0,0,0
6.4440,28848,288711543,2096,0,0,0
6.4522,28849,288721543,3157,0,0,0
6.4624,28850,288731543,2095,0,0,0
6.4763,28851,288741543,3152,0,0,0
6.4824,28852,288751542,2086,0,0,0
6.4920,28853,288761543,3162,0,0,0
6.5020,28854,288771543,2092,0,0,0
6.5115,28855,288781543,3159,0,0,0
6.5222,28856,288791543,2085,0,0,0
6.5630,28857,288801543,3165,0,0,0
6.5644,28858,288811543,2084,0,0,0
6.5668,28859,288821543,3181,0,0,0
6.5679,28860,288831542,2096,0,0,0
6.5725,28861,288841543,3158,0,0,0
6.5835,28862,288851543,2068,0,0,0
6.5935,28863,288861543,3179,0,0,0
6.6086,28864,288871543,2062,0,0,0
6.6136,28865,288881543,3182,0,0,0
6.6230,28866,288891543,2062,0,0,0
6.6372,28867,288901543,3175,0,0,0
6.6453,28868,288911543,2047,0,0,0
6.6541,28869,288921543,3178,0,0,0
6.6655,28870,288931543,2058,0,0,0
6.6756,28871,288941543,3162,0,0,0
6.6825,28872,288951542,2055,0,0,0
6.6941,28873,288961543,3179,0,0,0
6.7078,28874,288971542,2047,0,0,0
6.7151,28875,288981542,3184,0,0,0
6.7242,28876,288991542,2047,0,0,0
6.7320,28877,289001543,3191,0,0,0
6.7416,28878,289011543,2037,0,0,0
6.7517,28879,289021543,3180,0,0,0
6.7635,28880,289031543,2039,0,0,0
6.7722,28881,289041542,3191,0,0,0
6.7818,28882,289051543,2032,0,0,0
6.7973,28883,289061543,3190,0,0,0
6.8029,28884,289071543,2032,0,0,0
6.8133,28885,289081543,3185,0,0,0
6.8226,28886,289091543,2030,0,0,0
6.8368,28887,289101543,3183,0,0,0
6.8426,28888,289111542,2022,0,0,0
6.8648,28889,289121543,3184,0,0,0
6.8700,28890,289131543,2020,0,0,0
6.8760,28891,289141543,3173,0,0,0
6.8866,28892,289151542,2026,0,0,0
6.8958,28893,289161543,3179,0,0,0
6.9049,28894,289171543,2026,0,0,0
6.9154,28895,289181543,3175,0,0,0
6.9224,28896,289191543,2027,0,0,0
6.9356,28897,289201543,3153,0,0,0
6.9466,28898,289211543,2013,0,0,0
6.9551,28899,289221542,3167,0,0,0
6.9685,28900,289231542,2015,0,0,0
6.9756,28901,289241543,3157,0,0,0
6.9824,28902,289251542,2015,0,0,0
6.9977,28903,289261543,3155,0,0,0
7.0069,28904,289271543,2011,0,0,0
7.0127,28905,289281543,3152,0,0,0
7.0228,28906,289291543,2013,0,0,0
7.0364,28907,289301543,3150,0,0,0
7.0415,28908,289311543,2007,0,0,0
7.0515,28909,289321543,3147,0,0,0
7.0617,28910,289331543,2000,0,0,0
7.0727,28911,289341543,3139,0,0,0
7.1280,28912,289351542,1993,0,0,0
7.1403,28913,289361543,3136,0,0,0
7.1434,28914,289371543,1989,0,0,0
7.1453,28915,289381543,3138,0,0,0
7.1501,28916,289391542,1988,0,0,0
7.1526,28917,289401543,3149,0,0,0
7.1564,28918,289411542,1998,0,0,0
7.1684,28919,289421543,3152,0,0,0
7.2281,28920,289431543,1979,0,0,0
7.2316,28921,289441543,3136,0,0,0
7.2335,28922,289451543,1983,0,0,0
7.2418,28923,289461543,3120,0,0,0
7.2596,28924,289471543,1982,0,0,0
7.2609,28925,289481543,3121,0,0,0
7.2634,28926,289491543,1984,0,0,0
7.2901,28927,289501543,3134,0,0,0
7.2923,28928,289511543,1983,0,0,0
7.2937,28929,289521542,3135,0,0,0
7.2977,28930,289531543,1983,0,0,0
7.3021,28931,289541542,3138,0,0,0
7.3063,28932,289551543,1981,0,0,0
7.3155,28933,289561542,3133,0,0,0
7.3178,28934,289571543,1979,0,0,0
7.3228,28935,289581543,3121,0,0,0
7.3246,28936,289591543,1984,0,0,0
7.3344,28937,289601543,3131,0,0,0
7.3526,28938,289611543,1978,0,0,0
7.3613,28939,289621543,3120,0,0,0
7.3809,28940,289631542,1983,0,0,0
7.3867,28941,289641543,3120,0,0,0
7.3884,28942,289651543,1978,0,0,0
7.3979,28943,289661543,3118,0,0,0
7.4383,28944,289671543,1981,0,0,0
7.4424,28945,289681543,3120,0,0,0
7.4437,28946,289691543,1980,0,0,0
7.4462,28947,289701543,3120,0,0,0
7.4522,28948,289711543,1970,0,0,0
7.4533,28949,289721543,3117,0,0,0
7.4642,28950,289731543,1973,0,0,0
7.4759,28951,289741543,3111,0,0,0
7.4903,28952,289751543,1973,0,0,0
7.4940,28953,289761543,3071,0,0,0
7.5051,28954,289771543,1970,0,0,0
7.5136,28955,289781543,3082,0,0,0
7.5265,28956,289791543,1973,0,0,0
7.5362,28957,289801543,3071,0,0,0
7.5417,28958,289811543,1968,0,0,0
7.5517,28959,289821543,3056,0,0,0
7.5617,28960,289831543,1968,0,0,0
7.5740,28961,289841543,3050,0,0,0
7.5820,28962,289851543,1969,0,0,0
7.5918,28963,289861543,3031,0,0,0
7.6022,28964,289871543,1972,0,0,0
7.6142,28965,289881543,3024,0,0,0
7.6235,28966,289891543,1972,0,0,0
7.6354,28967,289901543,3024,0,0,0
7.6453,28968,289911542,1941,0,0,0
7.6602,28969,289921543,3014,0,0,0
7.6622,28970,289931543,1975,0,0,0
7.6768,28971,289941543,3008,0,0,0
7.6862,28972,289951543,1967,0,0,0
7.6937,28973,289961543,3010,0,0,0
7.7074,28974,289971543,1983,0,0,0
7.7199,28975,289981543,2997,0,0,0
7.7232,28976,289991542,1978,0,0,0
7.7329,28977,290001543,2983,0,0,0
7.7434,28978,290011543,1981,0,0,0
7.7581,28979,290021543,2983,0,0,0
7.7661,28980,290031543,1999,0,0,0
7.7780,28981,290041543,2964,0,0,0
7.7844,28982,290051543,1973,0,0,0
7.7915,28983,290061543,2962,0,0,0
7.8053,28984,290071542,1975,0,0,0
7.8133,28985,290081543,2959,0,0,0
7.8224,28986,290091543,1984,0,0,0
7.8321,28987,290101542,2951,0,0,0
7.8425,28988,290111543,1990,0,0,0
7.8519,28989,290121543,2947,0,0,0
7.8662,28990,290131543,1990,0,0,0
7.8730,28991,290141542,2935,0,0,0
7.8824,28992,290151542,1995,0,0,0
7.8957,28993,290161543,2941,0,0,0
7.9023,28994,290171543,1999,0,0,0
7.9198,28995,290181543,2955,0,0,0
7.9279,28996,290191543,2001,0,0,0
7.9354,28997,290201542,2942,0,0,0
7.9432,28998,290211543,2002,0,0,0
7.9567,28999,290221543,2929,0,0,0
7.9629,29000,290231543,2032,0,0,0
7.9736,29001,290241543,2928,0,0,0
7.9840,29002,290251543,2030,0,0,0
7.9958,29003,290261543,2921,0,0,0
8.0107,29004,290271543,2039,0,0,0
8.0168,29005,290281543,2915,0,0,0
8.0295,29006,290291543,2047,0,0,0
8.0316,29007,290301543,2909,0,0,0
8.0425,29008,290311543,2047,0,0,0
8.0516,29009,290321543,2895,0,0,0
8.0619,29010,290331543,2071,0,0,0
8.0720,29011,290341543,2899,0,0,0
8.0816,29012,290351542,2069,0,0,0
8.0970,29013,290361543,2885,0,0,0
8.1030,29014,290371542,2080,0,0,0
8.1126,29015,290381543,2891,0,0,0
8.1243,29016,290391543,2087,0,0,0
8.1375,29017,290401543,2887,0,0,0
8.1507,29018,290411542,2096,0,0,0
8.1547,29019,290421543,2893,0,0,0
8.1650,29020,290431543,2086,0,0,0
8.1764,29021,290441543,2890,0,0,0
8.1911,29022,290451542,2101,0,0,0
8.1934,29023,290461543,2889,0,0,0
8.2083,29024,290471543,2103,0,0,0
8.2167,29025,290481543,2887,0,0,0
8.2278,29026,290491543,2108,0,0,0
8.2355,29027,290501543,2896,0,0,0
8.2435,29028,290511543,2109,0,0,0
8.2563,29029,290521542,2896,0,0,0
8.2672,29030,290531543,2111,0,0,0
8.2717,29031,290541543,2890,0,0,0
8.2821,29032,290551542,2112,0,0,0
8.2927,29033,290561543,2890,0,0,0
8.3016,29034,290571543,2126,0,0,0
8.3118,29035,290581543,2879,0,0,0
8.3220,29036,290591543,2133,0,0,0
8.3362,29037,290601542,2881,0,0,0
8.3430,29038,290611543,2128,0,0,0
8.3559,29039,290621543,2878,0,0,0
8.4185,29040,290631543,2129,0,0,0
8.4199,29041,290641543,2886,0,0,0
8.4211,29042,290651542,2129,0,0,0
8.4225,29043,290661543,2890,0,0,0
8.4257,29044,290671543,2141,0,0,0
8.4299,29045,290681543,2889,0,0,0
8.4343,29046,290691543,2146,0,0,0
8.4622,29047,290701543,2880,0,0,0
8.4628,29048,290711543,2171,0,0,0
8.4633,29049,290721543,2864,0,0,0
8.4661,29050,290731543,2150,0,0,0
8.4767,29051,290741543,2871,0,0,0
8.4862,29052,290751543,2162,0,0,0
8.4960,29053,290761543,2858,0,0,0
8.5079,29054,290771543,2168,0,0,0
8.5195,29055,290781543,2853,0,0,0
8.5261,29056,290791543,2181,0,0,0
8.5382,29057,290801543,2848,0,0,0
8.5483,29058,290811543,2192,0,0,0
8.5532,29059,290821543,2830,0,0,0
8.5678,29060,290831543,2209,0,0,0
8.5813,29061,290841543,2828,0,0,0
8.5851,29062,290851543,2208,0,0,0
8.6043,29063,290861543,2821,0,0,0
8.6109,29064,290871543,2225,0,0,0
8.6139,29065,290881543,2827,0,0,0
8.6331,29066,290891543,2230,0,0,0
8.6387,29067,290901543,2821,0,0,0
8.6450,29068,290911542,2229,0,0,0
8.6536,29069,290921543,2817,0,0,0
8.6654,29070,290931543,2235,0,0,0
8.6715,29071,290941543,2800,0,0,0
8.6828,29072,290951543,2239,0,0,0
8.6915,29073,290961542,2772,0,0,0
8.7014,29074,290971543,2256,0,0,0
8.7115,29075,290981543,2778,0,0,0
8.7218,29076,290991543,2256,0,0,0
8.7323,29077,291001543,2786,0,0,0
8.7457,29078,291011543,2256,0,0,0
8.7551,29079,291021543,2784,0,0,0
8.7704,29080,291031543,2257,0,0,0
8.7771,29081,291041542,2774,0,0,0
8.8002,29082,291051543,2271,0,0,0
8.8012,29083,291061543,2757,0,0,0
8.8145,29084,291071543,2277,0,0,0
8.8269,29085,291081543,2768,0,0,0
8.8365,29086,291091543,2281,0,0,0
8.8449,29087,291101543,2751,0,0,0
8.8545,29088,291111543,2294,0,0,0
8.8550,29089,291121543,2762,0,0,0
8.8769,29090,291131543,2287,0,0,0
8.8858,29091,291141543,2758,0,0,0
8.8916,29092,291151542,2289,0,0,0
8.8980,29093,291161543,2758,0,0,0
8.9076,29094,291171543,2298,0,0,0
8.9128,29095,291181543,2755,0,0,0
8.9286,29096,291191542,2315,0,0,0
8.9406,29097,291201543,2750,0,0,0
8.9485,29098,291211543,2310,0,0,0
8.9657,29099,291221543,2751,0,0,0
8.9781,29100,291231543,2317,0,0,0
8.9864,29101,291241543,2750,0,0,0
9.0006,29102,291251543,2320,0,0,0
9.0143,29103,291261542,2745,0,0,0
9.0267,29104,291271543,2321,0,0,0
9.0380,29105,291281543,2726,0,0,0
9.0449,29106,291291543,2321,0,0,0
9.0478,29107,291301543,2731,0,0,0
9.0485,29108,291311543,2329,0,0,0
9.0717,29109,291321543,2725,0,0,0
9.0898,29110,291331543,2327,0,0,0
9.1113,29111,291341543,2718,0,0,0
9.1326,29112,291351543,2342,0,0,0
9.1403,29113,291361543,2736,0,0,0
9.1486,29114,291371542,2362,0,0,0
9.1577,29115,291381543,2739,0,0,0
9.1689,29116,291391543,2339,0,0,0
9.1753,29117,291401543,2710,0,0,0
9.1845,29118,291411543,2349,0,0,0
9.1887,29119,291421543,2719,0,0,0
9.1902,29120,291431543,2343,0,0,0
9.1933,29121,291441543,2725,0,0,0
9.1995,29122,291451543,2352,0,0,0
9.2098,29123,291461543,2712,0,0,0
9.2219,29124,291471543,2363,0,0,0
9.2467,29125,291481543,2704,0,0,0
9.2605,29126,291491543,2362,0,0,0
9.2778,29127,291501543,2705,0,0,0
9.2820,29128,291511543,2363,0,0,0
9.2903,29129,291521543,2694,0,0,0
9.3012,29130,291531543,2371,0,0,0
9.3077,29131,291541543,2703,0,0,0
9.3155,29132,291551543,2364,0,0,0
9.3223,29133,291561542,2699,0,0,0
9.3359,29134,291571542,2368,0,0,0
9.3426,29135,291581543,2698,0,0,0
9.3542,29136,291591543,2374,0,0,0
9.3623,29137,291601543,2704,0,0,0
9.3679,29138,291611543,2378,0,0,0
9.3686,29139,291621543,2690,0,0,0
9.3693,29140,291631543,2385,0,0,0
9.3870,29141,291641543,2691,0,0,0
9.3993,29142,291651543,2374,0,0,0
9.4061,29143,291661543,2693,0,0,0
9.4143,29144,291671542,2384,0,0,0
9.4267,29145,291681542,2683,0,0,0
9.4510,29146,291691542,2390,0,0,0
9.4561,29147,291701543,2695,0,0,0
9.4584,29148,291711542,2390,0,0,0
9.4614,29149,291721543,2672,0,0,0
9.4652,29150,291731543,2398,0,0,0
9.4765,29151,291741543,2673,0,0,0
9.4844,29152,291751542,2399,0,0,0
9.5035,29153,291761543,2676,0,0,0
9.5038,29154,291771543,2399,0,0,0
9.5160,29155,291781543,2677,0,0,0
9.5233,29156,291791543,2401,0,0,0
9.5347,29157,291801543,2660,0,0,0
9.5451,29158,291811542,2402,0,0,0
9.5524,29159,291821543,2663,0,0,0
9.5625,29160,291831543,2402,0,0,0
9.5869,29161,291841543,2647,0,0,0
9.5949,29162,291851542,2403,0,0,0
9.6122,29163,291861543,2659,0,0,0
9.6251,29164,291871543,2397,0,0,0
9.6360,29165,291881543,2658,0,0,0
9.6366,29166,291891543,2397,0,0,0
9.6381,29167,291901543,2655,0,0,0
9.6680,29168,291911542,2414,0,0,0
9.6813,29169,291921542,2649,0,0,0
9.6891,29170,291931543,2416,0,0,0
9.6974,29171,291941543,2650,0,0,0
9.7214,29172,291951542,2416,0,0,0
9.7317,29173,291961543,2640,0,0,0
9.7392,29174,291971542,2411,0,0,0
9.7477,29175,291981543,2638,0,0,0
9.7575,29176,291991542,2419,0,0,0
9.7650,29177,292001543,2653,0,0,0
9.7691,29178,292011543,2418,0,0,0
9.7704,29179,292021543,2647,0,0,0
9.7744,29180,292031543,2433,0,0,0
9.7855,29181,292041543,2637,0,0,0
9.7961,29182,292051543,2426,0,0,0
9.8099,29183,292061543,2611,0,0,0
9.8252,29184,292071543,2433,0,0,0
9.8357,29185,292081542,2639,0,0,0
9.8502,29186,292091542,2429,0,0,0
9.8617,29187,292101543,2634,0,0,0
9.8753,29188,292111543,2435,0,0,0
9.8874,29189,292121542,2640,0,0,0
9.8919,29190,292131542,2434,0,0,0
9.9031,29191,292141543,2629,0,0,0
9.9124,29192,292151542,2434,0,0,0
9.9238,29193,292161543,2621,0,0,0
9.9289,29194,292171543,2435,0,0,0
9.9366,29195,292181543,2619,0,0,0
9.9605,29196,292191543,2442,0,0,0
9.9805,29197,292201543,2621,0,0,0
9.9907,29198,292211543,2439,0,0,0
10.0017,29199,292221543,2624,0,0,0
10.0182,29200,292231543,2448,0,0,0
10.0277,29201,292241543,2625,0,0,0
10.0355,29202,292251543,2447,0,0,0
10.0403,29203,292261542,2613,0,0,0
10.0462,29204,292271542,2457,0,0,0
10.0543,29205,292281543,2607,0,0,0
10.0605,29206,292291542,2453,0,0,0
10.0653,29207,292301542,2609,0,0,0
10.0658,29208,292311543,2459,0,0,0
10.0663,29209,292321543,2603,0,0,0
10.0668,29210,292331543,2472,0,0,0
10.0752,29211,292341543,2593,0,0,0
10.0877,29212,292351543,2467,0,0,0
10.0948,29213,292361543,2599,0,0,0
10.1014,29214,292371543,2479,0,0,0
10.1115,29215,292381543,2585,0,0,0
10.1214,29216,292391543,2480,0,0,0
10.1315,29217,292401543,2582,0,0,0
10.1421,29218,292411543,2476,0,0,0
10.1517,29219,292421543,2559,0,0,0
10.1619,29220,292431543,2465,0,0,0
10.1721,29221,292441543,2559,0,0,0
10.1858,29222,292451543,2493,0,0,0
10.1941,29223,292461543,2559,0,0,0
10.2043,29224,292471542,2486,0,0,0
10.2126,29225,292481543,2555,0,0,0
10.2286,29226,292491543,2501,0,0,0
10.2371,29227,292501543,2515,0,0,0
10.2455,29228,292511543,2481,0,0,0
10.2525,29229,292521543,2515,0,0,0
10.2666,29230,292531543,2500,0,0,0
10.2743,29231,292541543,2509,0,0,0
10.2815,29232,292551542,2498,0,0,0
10.2917,29233,292561543,2503,0,0,0
10.3015,29234,292571543,2528,0,0,0
10.3117,29235,292581543,2497,0,0,0
10.3219,29236,292591543,2519,0,0,0
10.3327,29237,292601543,2512,0,0,0
10.3420,29238,292611542,2525,0,0,0
10.3561,29239,292621543,2507,0,0,0
10.3618,29240,292631543,2544,0,0,0
10.3729,29241,292641543,2509,0,0,0
10.3874,29242,292651543,2548,0,0,0
10.3947,29243,292661543,2479,0,0,0
10.4017,29244,292671543,2559,0,0,0
10.4165,29245,292681543,2473,0,0,0
10.4252,29246,292691543,2586,0,0,0
10.4330,29247,292701543,2490,0,0,0
10.4419,29248,292711543,2559,0,0,0
10.4523,29249,292721543,2467,0,0,0
10.4620,29250,292731543,2592,0,0,0
10.4725,29251,292741543,2474,0,0,0
10.4818,29252,292751543,2588,0,0,0
10.4921,29253,292761543,2449,0,0,0
10.5025,29254,292771542,2602,0,0,0
10.5174,29255,292781543,2483,0,0,0
10.5220,29256,292791543,2615,0,0,0
10.5319,29257,292801543,2478,0,0,0
10.5440,29258,292811542,2612,0,0,0
10.5581,29259,292821543,2478,0,0,0
10.5616,29260,292831543,2621,0,0,0
10.5737,29261,292841543,2464,0,0,0
10.5843,29262,292851543,2627,0,0,0
10.5946,29263,292861543,2466,0,0,0
10.6025,29264,292871543,2634,0,0,0
10.6115,29265,292881543,2465,0,0,0
10.6215,29266,292891543,2639,0,0,0
10.6327,29267,292901543,2455,0,0,0
10.6428,29268,292911542,2641,0,0,0
10.6526,29269,292921543,2455,0,0,0
10.6620,29270,292931543,2640,0,0,0
10.6717,29271,292941543,2435,0,0,0
10.6822,29272,292951543,2645,0,0,0
10.6933,29273,292961543,2416,0,0,0
10.7031,29274,292971543,2645,0,0,0
10.7156,29275,292981543,2436,0,0,0
10.7248,29276,292991543,2664,0,0,0
10.7342,29277,293001543,2433,0,0,0
10.7445,29278,293011542,2677,0,0,0
10.7551,29279,293021543,2419,0,0,0
10.7660,29280,293031543,2695,0,0,0
10.7715,29281,293041543,2416,0,0,0
10.7814,29282,293051543,2704,0,0,0
10.7920,29283,293061543,2402,0,0,0
10.8019,29284,293071542,2715,0,0,0
10.8126,29285,293081543,2403,0,0,0
10.8218,29286,293091543,2720,0,0,0
10.8324,29287,293101543,2397,0,0,0
10.8516,29288,293111543,2735,0,0,0
10.8524,29289,293121543,2385,0,0,0
10.8648,29290,293131543,2747,0,0,0
10.8725,29291,293141543,2381,0,0,0
10.8886,29292,293151543,2762,0,0,0
10.8921,29293,293161543,2383,0,0,0
10.9059,29294,293171543,2767,0,0,0
10.9122,29295,293181543,2375,0,0,0
10.9247,29296,293191543,2768,0,0,0
10.9319,29297,293201543,2359,0,0,0
10.9417,29298,293211542,2768,0,0,0
10.9519,29299,293221543,2354,0,0,0
10.9617,29300,293231542,2779,0,0,0
10.9720,29301,293241542,2351,0,0,0
10.9825,29302,293251542,2790,0,0,0
10.9928,29303,293261543,2345,0,0,0
11.0026,29304,293271543,2815,0,0,0
11.0210,29305,293281543,2335,0,0,0
11.0220,29306,293291542,2803,0,0,0
11.0374,29307,293301543,2333,0,0,0
11.0451,29308,293311543,2814,0,0,0
11.0550,29309,293321543,2335,0,0,0
11.0629,29310,293331543,2827,0,0,0
11.0768,29311,293341543,2326,0,0,0
11.0850,29312,293351543,2832,0,0,0
11.0919,29313,293361543,2327,0,0,0
11.1044,29314,293371542,2839,0,0,0
11.1116,29315,293381543,2321,0,0,0
11.1219,29316,293391543,2835,0,0,0
11.1324,29317,293401543,2311,0,0,0
11.1428,29318,293411543,2845,0,0,0
11.1521,29319,293421543,2317,0,0,0
11.1615,29320,293431543,2857,0,0,0
11.1715,29321,293441543,2307,0,0,0
11.1828,29322,293451543,2859,0,0,0
11.1952,29323,293461543,2299,0,0,0
11.2062,29324,293471543,2867,0,0,0
11.2174,29325,293481543,2305,0,0,0
11.2272,29326,293491543,2871,0,0,0
11.2359,29327,293501542,2300,0,0,0
11.2468,29328,293511543,2874,0,0,0
11.2545,29329,293521543,2298,0,0,0
11.2668,29330,293531543,2881,0,0,0
11.2770,29331,293541543,2288,0,0,0
11.2849,29332,293551543,2874,0,0,0
11.2918,29333,293561542,2288,0,0,0
11.3015,29334,293571543,2881,0,0,0
11.3116,29335,293581543,2286,0,0,0
11.3214,29336,293591543,2896,0,0,0
11.3314,29337,293601543,2284,0,0,0
11.3416,29338,293611543,2896,0,0,0
11.3515,29339,293621543,2274,0,0,0
11.3667,29340,293631543,2900,0,0,0
11.3723,29341,293641543,2275,0,0,0
11.3855,29342,293651543,2902,0,0,0
11.3991,29343,293661543,2272,0,0,0
11.4026,29344,293671542,2911,0,0,0
11.4127,29345,293681543,2271,0,0,0
11.4218,29346,293691543,2921,0,0,0
11.4359,29347,293701543,2260,0,0,0
11.4467,29348,293711543,2917,0,0,0
11.4553,29349,293721543,2256,0,0,0
11.4617,29350,293731543,2929,0,0,0
11.4717,29351,293741543,2255,0,0,0
11.4815,29352,293751543,2935,0,0,0
11.4917,29353,293761543,2256,0,0,0
11.5024,29354,293771543,2931,0,0,0
11.5121,29355,293781543,2255,0,0,0
11.5281,29356,293791543,2937,0,0,0
11.5320,29357,293801543,2254,0,0,0
11.5430,29358,293811543,2945,0,0,0
11.5524,29359,293821543,2245,0,0,0
11.5654,29360,293831543,2940,0,0,0
11.5770,29361,293841543,2242,0,0,0
11.5861,29362,293851543,2944,0,0,0
11.5930,29363,293861543,2241,0,0,0
11.6086,29364,293871542,2951,0,0,0
11.6137,29365,293881543,2231,0,0,0
11.6238,29366,293891543,2945,0,0,0
11.6315,29367,293901543,2226,0,0,0
11.6417,29368,293911543,2949,0,0,0
11.6515,29369,293921543,2229,0,0,0
11.6615,29370,293931542,2967,0,0,0
11.6718,29371,293941543,2250,0,0,0
11.6818,29372,293951542,2960,0,0,0
11.6916,29373,293961543,2222,0,0,0
11.7022,29374,293971542,2974,0,0,0
11.7139,29375,293981543,2219,0,0,0
11.7227,29376,293991542,2967,0,0,0
11.7356,29377,294001543,2208,0,0,0
11.7434,29378,294011543,2983,0,0,0
11.7580,29379,294021543,2211,0,0,0
11.7649,29380,294031542,2983,0,0,0
11.7739,29381,294041543,2209,0,0,0
11.7857,29382,294051543,2991,0,0,0
11.7925,29383,294061543,2211,0,0,0
11.8018,29384,294071543,2989,0,0,0
11.8115,29385,294081543,2214,0,0,0
11.8214,29386,294091542,2995,0,0,0
11.8315,29387,294101543,2204,0,0,0
11.8419,29388,294111543,2975,0,0,0
11.8515,29389,294121543,2202,0,0,0
11.8618,29390,294131543,2999,0,0,0
11.8762,29391,294141543,2195,0,0,0
11.8822,29392,294151543,3005,0,0,0
11.8925,29393,294161543,2195,0,0,0
11.9070,29394,294171542,2993,0,0,0
11.9157,29395,294181543,2190,0,0,0
11.9231,29396,294191543,3001,0,0,0
11.9395,29397,294201543,2192,0,0,0
11.9471,29398,294211543,3021,0,0,0
11.9525,29399,294221543,2187,0,0,0
11.9629,29400,294231543,3014,0,0,0
11.9715,29401,294241542,2178,0,0,0
11.9814,29402,294251542,3007,0,0,0
11.9919,29403,294261543,2173,0,0,0
12.0016,29404,294271543,3022,0,0,0
12.0115,29405,294281543,2175,0,0,0
12.0217,29406,294291542,3027,0,0,0
12.0352,29407,294301543,2163,0,0,0
12.0464,29408,294311543,3027,0,0,0
12.0543,29409,294321543,2174,0,0,0
12.0665,29410,294331543,3037,0,0,0
12.0738,29411,294341543,2160,0,0,0
12.0841,29412,294351543,3053,0,0,0
12.0922,29413,294361543,2158,0,0,0
12.1056,29414,294371542,3058,0,0,0
12.1162,29415,294381543,2151,0,0,0
12.1257,29416,294391543,3057,0,0,0
12.1320,29417,294401543,2148,0,0,0
12.1416,29418,294411543,3056,0,0,0
12.1515,29419,294421542,2135,0,0,0
12.1617,29420,294431543,3069,0,0,0
12.1716,29421,294441543,2134,0,0,0
12.1816,29422,294451543,3087,0,0,0
12.1916,29423,294461543,2130,0,0,0
12.2017,29424,294471543,3107,0,0,0
12.2121,29425,294481543,2128,0,0,0
12.2240,29426,294491543,3098,0,0,0
12.2396,29427,294501543,2118,0,0,0
12.2467,29428,294511543,3106,0,0,0
12.2540,29429,294521543,2119,0,0,0
12.2631,29430,294531542,3107,0,0,0
12.2740,29431,294541543,2117,0,0,0
12.2862,29432,294551543,3111,0,0,0
12.2932,29433,294561543,2118,0,0,0
12.3015,29434,294571542,3121,0,0,0
12.3115,29435,294581543,2116,0,0,0
12.3218,29436,294591543,3114,0,0,0
12.3315,29437,294601543,2097,0,0,0
12.3416,29438,294611543,3120,0,0,0
12.3515,29439,294621543,2099,0,0,0
12.3621,29440,294631543,3131,0,0,0
12.3762,29441,294641543,2101,0,0,0
12.3877,29442,294651543,3133,0,0,0
12.3935,29443,294661543,2096,0,0,0
12.4019,29444,294671543,3136,0,0,0
12.4148,29445,294681543,2094,0,0,0
12.4228,29446,294691543,3151,0,0,0
12.4324,29447,294701543,2094,0,0,0
12.4463,29448,294711543,3163,0,0,0
12.4515,29449,294721543,2084,0,0,0
12.4615,29450,294731542,3161,0,0,0
12.4717,29451,294741543,2075,0,0,0
12.4816,29452,294751542,3157,0,0,0
12.4919,29453,294761543,2078,0,0,0
12.5020,29454,294771543,3153,0,0,0
12.5152,29455,294781543,2079,0,0,0
12.5221,29456,294791542,3149,0,0,0
12.5336,29457,294801543,2080,0,0,0
12.5415,29458,294811543,3162,0,0,0
12.5554,29459,294821543,2065,0,0,0
12.5633,29460,294831543,3165,0,0,0
12.5768,29461,294841543,2065,0,0,0
12.5818,29462,294851543,3173,0,0,0
12.5968,29463,294861543,2061,0,0,0
12.6017,29464,294871543,3137,0,0,0
12.6116,29465,294881543,2061,0,0,0
12.6218,29466,294891542,3168,0,0,0
12.6326,29467,294901543,2063,0,0,0
12.6422,29468,294911543,3161,0,0,0
12.6522,29469,294921542,2047,0,0,0
12.6622,29470,294931543,3183,0,0,0
12.6841,29471,294941543,2054,0,0,0
12.6850,29472,294951542,3178,0,0,0
12.6961,29473,294961543,2036,0,0,0
12.7061,29474,294971542,3179,0,0,0
12.7162,29475,294981543,2032,0,0,0
12.7224,29476,294991543,3184,0,0,0
12.7370,29477,295001543,2032,0,0,0
12.7470,29478,295011543,3181,0,0,0
12.7522,29479,295021542,2044,0,0,0
12.7641,29480,295031543,3159,0,0,0
12.7754,29481,295041543,2046,0,0,0
12.7816,29482,295051543,3177,0,0,0
12.7917,29483,295061543,2034,0,0,0
12.8014,29484,295071543,3186,0,0,0
12.8118,29485,295081543,2036,0,0,0
12.8217,29486,295091543,3179,0,0,0
12.8316,29487,295101542,2031,0,0,0
12.8418,29488,295111543,3178,0,0,0
12.8547,29489,295121543,2035,0,0,0
12.8652,29490,295131542,3167,0,0,0
12.8717,29491,295141543,2026,0,0,0
12.8882,29492,295151542,3174,0,0,0
12.8948,29493,295161543,2032,0,0,0
12.9027,29494,295171543,3187,0,0,0
12.9143,29495,295181543,2039,0,0,0
12.9231,29496,295191543,3161,0,0,0
12.9338,29497,295201543,2021,0,0,0
12.9417,29498,295211543,3179,0,0,0
12.9521,29499,295221543,2018,0,0,0
12.9622,29500,295231543,3172,0,0,0
12.9721,29501,295241543,2026,0,0,0
12.9818,29502,295251543,3182,0,0,0
12.9925,29503,295261543,2022,0,0,0
13.0093,29504,295271542,3167,0,0,0
13.0122,29505,295281543,2017,0,0,0
13.0217,29506,295291542,3164,0,0,0
13.0323,29507,295301543,2013,0,0,0
13.0434,29508,295311542,3153,0,0,0
13.0547,29509,295321543,2011,0,0,0
13.0623,29510,295331543,3166,0,0,0
13.0727,29511,295341543,2005,0,0,0
13.0833,29512,295351543,3158,0,0,0
13.0941,29513,295361543,2013,0,0,0
13.1015,29514,295371543,3159,0,0,0
13.1121,29515,295381543,2003,0,0,0
13.1222,29516,295391542,3164,0,0,0
13.1330,29517,295401543,2004,0,0,0
13.1422,29518,295411542,3162,0,0,0
13.1521,29519,295421543,2000,0,0,0
13.1624,29520,295431542,3159,0,0,0
13.1755,29521,295441543,1999,0,0,0
13.1821,29522,295451543,3164,0,0,0
13.1962,29523,295461543,1991,0,0,0
13.2057,29524,295471543,3158,0,0,0
13.2139,29525,295481543,1987,0,0,0
13.2216,29526,295491542,3152,0,0,0
13.2351,29527,295501543,1986,0,0,0
13.2418,29528,295511543,3151,0,0,0
13.2571,29529,295521543,1986,0,0,0
13.2629,29530,295531542,3154,0,0,0
13.2716,29531,295541543,1983,0,0,0
13.2819,29532,295551543,3152,0,0,0
13.2919,29533,295561543,1982,0,0,0
13.3024,29534,295571543,3162,0,0,0
13.3121,29535,295581543,1972,0,0,0
13.3225,29536,295591543,3161,0,0,0
13.3356,29537,295601543,1981,0,0,0
13.3420,29538,295611543,3152,0,0,0
13.3523,29539,295621543,1972,0,0,0
13.3616,29540,295631543,3155,0,0,0
13.3755,29541,295641543,1975,0,0,0
13.3853,29542,295651543,3160,0,0,0
13.3952,29543,295661543,1968,0,0,0
13.4052,29544,295671543,3154,0,0,0
13.4131,29545,295681543,1962,0,0,0
13.4237,29546,295691542,3156,0,0,0
13.4353,29547,295701543,1969,0,0,0
13.4415,29548,295711542,3136,0,0,0
13.4515,29549,295721543,1965,0,0,0
13.4617,29550,295731543,3136,0,0,0
13.4719,29551,295741543,1965,0,0,0
13.4819,29552,295751543,3136,0,0,0
13.4922,29553,295761543,1968,0,0,0
13.5023,29554,295771543,3138,0,0,0
13.5167,29555,295781543,1954,0,0,0
13.5229,29556,295791542,3149,0,0,0
13.5327,29557,295801543,1955,0,0,0
13.5424,29558,295811543,3151,0,0,0
13.5541,29559,295821543,1974,0,0,0
13.5622,29560,295831542,3139,0,0,0
13.5750,29561,295841543,1954,0,0,0
13.5855,29562,295851543,3126,0,0,0
13.5956,29563,295861543,1966,0,0,0
13.6015,29564,295871543,3139,0,0,0
13.6116,29565,295881543,1961,0,0,0
13.6219,29566,295891542,3119,0,0,0
13.6322,29567,295901543,1953,0,0,0
13.6421,29568,295911543,3104,0,0,0
13.6518,29569,295921543,1951,0,0,0
13.6622,29570,295931542,3130,0,0,0
13.6723,29571,295941543,1950,0,0,0
13.6826,29572,295951542,3134,0,0,0
13.6918,29573,295961543,1953,0,0,0
13.7045,29574,295971543,3127,0,0,0
13.7117,29575,295981543,1950,0,0,0
13.7244,29576,295991543,3131,0,0,0
13.7361,29577,296001543,1939,0,0,0
13.7491,29578,296011542,3118,0,0,0
13.7553,29579,296021543,1946,0,0,0
13.7626,29580,296031543,3120,0,0,0
13.7763,29581,296041543,1943,0,0,0
13.7814,29582,296051542,3115,0,0,0
13.7917,29583,296061543,1949,0,0,0
13.8019,29584,296071543,3103,0,0,0
13.8118,29585,296081543,1957,0,0,0
13.8220,29586,296091543,3062,0,0,0
13.8321,29587,296101543,1949,0,0,0
13.8435,29588,296111542,3071,0,0,0
13.8524,29589,296121543,1949,0,0,0
13.8664,29590,296131543,3067,0,0,0
13.8736,29591,296141542,1951,0,0,0
13.8835,29592,296151542,3056,0,0,0
13.8949,29593,296161543,1942,0,0,0
13.9025,29594,296171542,3054,0,0,0
13.9117,29595,296181543,1951,0,0,0
13.9217,29596,296191543,3027,0,0,0
13.9316,29597,296201543,1953,0,0,0
13.9416,29598,296211543,3024,0,0,0
13.9516,29599,296221543,1947,0,0,0
13.9617,29600,296231542,3019,0,0,0
13.9721,29601,296241543,1946,0,0,0
13.9821,29602,296251543,3020,0,0,0
13.9961,29603,296261543,1951,0,0,0
14.0022,29604,296271543,3037,0,0,0
14.0119,29605,296281543,1955,0,0,0
14.0262,29606,296291543,3023,0,0,0
14.0335,29607,296301543,1961,0,0,0
14.0435,29608,296311543,3010,0,0,0
14.0516,29609,296321543,1959,0,0,0
14.0674,29610,296331543,3009,0,0,0
14.0735,29611,296341543,1962,0,0,0
14.0815,29612,296351543,2987,0,0,0
14.0916,29613,296361543,1966,0,0,0
14.1016,29614,296371543,2990,0,0,0
14.1116,29615,296381543,1961,0,0,0
14.1218,29616,296391543,2985,0,0,0
14.1321,29617,296401542,1958,0,0,0
14.1482,29618,296411543,2976,0,0,0
14.1526,29619,296421543,1959,0,0,0
14.1663,29620,296431543,2955,0,0,0
14.1760,29621,296441543,1959,0,0,0
14.1816,29622,296451543,2955,0,0,0
14.1943,29623,296461543,1968,0,0,0
14.2027,29624,296471543,2946,0,0,0
14.2124,29625,296481543,1968,0,0,0
14.2256,29626,296491543,2964,0,0,0
14.2315,29627,296501543,1965,0,0,0
14.2416,29628,296511543,2950,0,0,0
14.2515,29629,296521543,1968,0,0,0
14.2616,29630,296531543,2922,0,0,0
14.2719,29631,296541543,1962,0,0,0
14.2821,29632,296551543,2927,0,0,0
14.2918,29633,296561543,1957,0,0,0
14.3111,29634,296571543,2928,0,0,0
14.3122,29635,296581543,1969,0,0,0
14.3232,29636,296591542,2919,0,0,0
14.3326,29637,296601543,1966,0,0,0
14.3468,29638,296611543,2929,0,0,0
14.3565,29639,296621543,1983,0,0,0
14.3655,29640,296631542,2930,0,0,0
14.3717,29641,296641543,2028,0,0,0
14.3843,29642,296651543,2925,0,0,0
14.3918,29643,296661543,2033,0,0,0
14.4015,29644,296671543,2915,0,0,0
14.4114,29645,296681543,2034,0,0,0
14.4214,29646,296691543,2919,0,0,0
14.4317,29647,296701543,2054,0,0,0
14.4421,29648,296711542,2901,0,0,0
14.4520,29649,296721543,2047,0,0,0
14.4656,29650,296731543,2911,0,0,0
14.4729,29651,296741542,2061,0,0,0
14.4879,29652,296751542,2907,0,0,0
14.4951,29653,296761543,2062,0,0,0
14.5070,29654,296771543,2898,0,0,0
14.5153,29655,296781543,2064,0,0,0
14.5222,29656,296791543,2887,0,0,0
14.5328,29657,296801543,2064,0,0,0
14.5438,29658,296811543,2896,0,0,0
14.5534,29659,296821543,2065,0,0,0
14.5644,29660,296831543,2896,0,0,0
14.5717,29661,296841543,2077,0,0,0
14.5820,29662,296851543,2890,0,0,0
14.5920,29663,296861543,2076,0,0,0
14.6023,29664,296871543,2897,0,0,0
14.6125,29665,296881543,2077,0,0,0
14.6219,29666,296891543,2891,0,0,0
14.6376,29667,296901543,2083,0,0,0
14.6421,29668,296911542,2881,0,0,0
14.6565,29669,296921543,2089,0,0,0
14.6664,29670,296931543,2896,0,0,0
14.6716,29671,296941543,2084,0,0,0
14.6855,29672,296951543,2896,0,0,0
14.6945,29673,296961543,2086,0,0,0
14.7045,29674,296971543,2893,0,0,0
14.7119,29675,296981543,2096,0,0,0
14.7266,29676,296991543,2891,0,0,0
14.7316,29677,297001543,2098,0,0,0
14.7416,29678,297011543,2888,0,0,0
14.7517,29679,297021543,2101,0,0,0
14.7615,29680,297031543,2883,0,0,0
14.7715,29681,297041542,2092,0,0,0
14.7816,29682,297051543,2880,0,0,0
14.7916,29683,297061542,2095,0,0,0
14.8017,29684,297071543,2880,0,0,0
14.8160,29685,297081543,2096,0,0,0
14.8274,29686,297091543,2882,0,0,0
14.8363,29687,297101543,2092,0,0,0
14.8446,29688,297111543,2880,0,0,0
14.8527,29689,297121543,2096,0,0,0
14.8646,29690,297131543,2877,0,0,0
14.8740,29691,297141543,2101,0,0,0
14.8815,29692,297151542,2886,0,0,0
14.8917,29693,297161543,2106,0,0,0
14.9021,29694,297171543,2864,0,0,0
14.9119,29695,297181543,2111,0,0,0
14.9223,29696,297191543,2855,0,0,0
14.9321,29697,297201542,2107,0,0,0
14.9419,29698,297211542,2867,0,0,0
14.9565,29699,297221543,2111,0,0,0
14.9671,29700,297231543,2864,0,0,0
14.9765,29701,297241543,2109,0,0,0
14.9875,29702,297251543,2861,0,0,0
14.9928,29703,297261543,2135,0,0,0
15.0052,29704,297271543,2852,0,0,0
15.0156,29705,297281543,2129,0,0,0
15.0220,29706,297291543,2834,0,0,0
15.0330,29707,297301543,2141,0,0,0
15.0416,29708,297311543,2833,0,0,0
15.0521,29709,297321543,2149,0,0,0
15.0621,29710,297331542,2832,0,0,0
15.0720,29711,297341543,2157,0,0,0
15.0820,29712,297351543,2829,0,0,0
15.0920,29713,297361543,2173,0,0,0
15.1025,29714,297371543,2815,0,0,0
15.1154,29715,297381543,2175,0,0,0
15.1238,29716,297391542,2810,0,0,0
15.1352,29717,297401543,2179,0,0,0
15.1468,29718,297411543,2810,0,0,0
15.1573,29719,297421543,2181,0,0,0
15.1653,29720,297431543,2813,0,0,0
15.1721,29721,297441543,2181,0,0,0
15.1839,29722,297451543,2803,0,0,0
15.1971,29723,297461543,2191,0,0,0
15.2068,29724,297471543,2791,0,0,0
15.2154,29725,297481543,2193,0,0,0
15.2215,29726,297491543,2787,0,0,0
15.2319,29727,297501543,2207,0,0,0
15.2420,29728,297511543,2783,0,0,0
15.2524,29729,297521542,2210,0,0,0
15.2619,29730,297531542,2777,0,0,0
15.2720,29731,297541543,2223,0,0,0
15.2922,29732,297551543,2779,0,0,0
15.2934,29733,297561543,2214,0,0,0
15.3052,29734,297571543,2767,0,0,0
15.3159,29735,297581543,2220,0,0,0
15.3239,29736,297591543,2768,0,0,0
15.3316,29737,297601543,2221,0,0,0
15.3460,29738,297611543,2768,0,0,0
15.3527,29739,297621543,2231,0,0,0
15.3663,29740,297631543,2766,0,0,0
15.3744,29741,297641543,2237,0,0,0
15.3816,29742,297651543,2768,0,0,0
15.3920,29743,297661543,2245,0,0,0
15.4015,29744,297671542,2775,0,0,0
15.4118,29745,297681543,2252,0,0,0
15.4221,29746,297691543,2768,0,0,0
15.4323,29747,297701542,2254,0,0,0
15.4510,29748,297711543,2762,0,0,0
15.4519,29749,297721542,2249,0,0,0
15.4616,29750,297731543,2739,0,0,0
15.4724,29751,297741543,2256,0,0,0
15.4844,29752,297751543,2747,0,0,0
15.4953,29753,297761543,2249,0,0,0
15.5031,29754,297771543,2739,0,0,0
15.5152,29755,297781543,2258,0,0,0
15.5226,29756,297791543,2746,0,0,0
15.5342,29757,297801543,2275,0,0,0
15.5419,29758,297811543,2751,0,0,0
15.5516,29759,297821543,2256,0,0,0
15.5616,29760,297831542,2743,0,0,0
15.5718,29761,297841543,2281,0,0,0
15.5816,29762,297851543,2742,0,0,0
15.5918,29763,297861543,2286,0,0,0
15.6015,29764,297871543,2733,0,0,0
15.6132,29765,297881543,2287,0,0,0
15.6284,29766,297891543,2723,0,0,0
15.6344,29767,297901543,2288,0,0,0
15.6424,29768,297911543,2723,0,0,0
15.6555,29769,297921543,2277,0,0,0
15.6634,29770,297931543,2722,0,0,0
15.6727,29771,297941543,2291,0,0,0
15.6843,29772,297951542,2719,0,0,0
15.6916,29773,297961543,2297,0,0,0
15.7016,29774,297971543,2731,0,0,0
15.7115,29775,297981543,2288,0,0,0
15.7217,29776,297991542,2723,0,0,0
15.7325,29777,298001543,2305,0,0,0
15.7422,29778,298011543,2721,0,0,0
15.7520,29779,298021543,2305,0,0,0
15.7657,29780,298031543,2703,0,0,0
15.7721,29781,298041543,2302,0,0,0
15.7865,29782,298051543,2704,0,0,0
15.7947,29783,298061543,2311,0,0,0
15.8016,29784,298071543,2706,0,0,0
15.8150,29785,298081543,2311,0,0,0
15.8217,29786,298091543,2695,0,0,0
15.8336,29787,298101543,2319,0,0,0
15.8472,29788,298111542,2689,0,0,0
15.8515,29789,298121543,2316,0,0,0
15.8615,29790,298131542,2704,0,0,0
15.8716,29791,298141543,2319,0,0,0
15.8818,29792,298151543,2691,0,0,0
15.8916,29793,298161543,2321,0,0,0
15.9016,29794,298171543,2699,0,0,0
15.9125,29795,298181543,2322,0,0,0
15.9259,29796,298191543,2699,0,0,0
15.9380,29797,298201543,2322,0,0,0
15.9460,29798,298211543,2688,0,0,0
15.9573,29799,298221543,2335,0,0,0
15.9669,29800,298231543,2685,0,0,0
15.9738,29801,298241543,2337,0,0,0
15.9855,29802,298251543,2682,0,0,0
15.9955,29803,298261543,2336,0,0,0
16.0017,29804,298271543,2695,0,0,0
16.0117,29805,298281543,2339,0,0,0
16.0216,29806,298291543,2679,0,0,0
16.0319,29807,298301543,2345,0,0,0
16.0420,29808,298311543,2678,0,0,0
16.0521,29809,298321542,2347,0,0,0
16.0621,29810,298331542,2674,0,0,0
16.0785,29811,298341543,2353,0,0,0
16.0824,29812,298351543,2686,0,0,0
16.0945,29813,298361543,2352,0,0,0
16.1060,29814,298371543,2676,0,0,0
16.1159,29815,298381543,2352,0,0,0
16.1247,29816,298391543,2678,0,0,0
16.1319,29817,298401543,2342,0,0,0
16.1440,29818,298411542,2663,0,0,0
16.1539,29819,298421543,2358,0,0,0
16.1616,29820,298431543,2667,0,0,0
16.1717,29821,298441543,2358,0,0,0
16.1823,29822,298451543,2662,0,0,0
16.1924,29823,298461542,2364,0,0,0
16.2024,29824,298471543,2658,0,0,0
16.2123,29825,298481542,2379,0,0,0
16.2219,29826,298491542,2669,0,0,0
16.2331,29827,298501543,2367,0,0,0
16.2428,29828,298511543,2668,0,0,0
16.2518,29829,298521542,2375,0,0,0
16.2656,29830,298531542,2651,0,0,0
16.2747,29831,298541543,2369,0,0,0
16.2817,29832,298551543,2635,0,0,0
16.2921,29833,298561543,2371,0,0,0
16.3016,29834,298571543,2644,0,0,0
16.3119,29835,298581543,2381,0,0,0
16.3215,29836,298591543,2645,0,0,0
16.3315,29837,298601543,2373,0,0,0
16.3415,29838,298611542,2641,0,0,0
16.3516,29839,298621543,2394,0,0,0
16.3616,29840,298631543,2654,0,0,0
16.3718,29841,298641543,2387,0,0,0
16.3830,29842,298651542,2643,0,0,0
16.3967,29843,298661543,2379,0,0,0
16.4062,29844,298671543,2641,0,0,0
16.4140,29845,298681543,2384,0,0,0
16.4217,29846,298691543,2640,0,0,0
16.4337,29847,298701543,2392,0,0,0
16.4437,29848,298711543,2643,0,0,0
16.4577,29849,298721543,2399,0,0,0
16.4641,29850,298731543,2643,0,0,0
16.4716,29851,298741543,2395,0,0,0
16.4820,29852,298751543,2646,0,0,0
16.4920,29853,298761543,2396,0,0,0
16.5017,29854,298771543,2640,0,0,0
16.5116,29855,298781543,2405,0,0,0
16.5217,29856,298791543,2627,0,0,0
16.5360,29857,298801543,2401,0,0,0
16.5419,29858,298811543,2640,0,0,0
16.5518,29859,298821543,2405,0,0,0
16.5728,29860,298831542,2631,0,0,0
16.5733,29861,298841543,2414,0,0,0
16.5892,29862,298851542,2629,0,0,0
16.5952,29863,298861543,2403,0,0,0
16.6055,29864,298871543,2615,0,0,0
16.6122,29865,298881543,2419,0,0,0
16.6254,29866,298891543,2627,0,0,0
16.6319,29867,298901542,2425,0,0,0
16.6419,29868,298911543,2623,0,0,0
16.6516,29869,298921543,2433,0,0,0
16.6615,29870,298931543,2611,0,0,0
16.6716,29871,298941543,2416,0,0,0
16.6815,29872,298951542,2624,0,0,0
16.6916,29873,298961543,2416,0,0,0
16.7018,29874,298971543,2622,0,0,0
16.7143,29875,298981543,2417,0,0,0
16.7262,29876,298991543,2619,0,0,0
16.7355,29877,299001542,2419,0,0,0
16.7509,29878,299011542,2612,0,0,0
16.7577,29879,299021543,2420,0,0,0
16.7688,29880,299031543,2607,0,0,0
16.7785,29881,299041543,2425,0,0,0
16.7831,29882,299051543,2603,0,0,0
16.7926,29883,299061542,2422,0,0,0
16.8029,29884,299071542,2603,0,0,0
16.8124,29885,299081543,2416,0,0,0
16.8214,29886,299091542,2605,0,0,0
16.8315,29887,299101543,2430,0,0,0
16.8415,29888,299111543,2595,0,0,0
16.8518,29889,299121543,2434,0,0,0
16.8622,29890,299131543,2559,0,0,0
16.8721,29891,299141543,2435,0,0,0
16.8883,29892,299151543,2597,0,0,0
16.8925,29893,299161543,2438,0,0,0
16.9022,29894,299171542,2607,0,0,0
16.9116,29895,299181543,2461,0,0,0
16.9249,29896,299191543,2583,0,0,0
16.9327,29897,299201543,2437,0,0,0
16.9487,29898,299211542,2559,0,0,0
16.9546,29899,299221543,2443,0,0,0
16.9648,29900,299231542,2559,0,0,0
16.9742,29901,299241543,2453,0,0,0
16.9815,29902,299251543,2515,0,0,0
16.9917,29903,299261543,2464,0,0,0
17.0020,29904,299271543,2559,0,0,0
17.0117,29905,299281542,2465,0,0,0
17.0222,29906,299291543,2559,0,0,0
17.0321,29907,299301542,2480,0,0,0
17.0425,29908,299311543,2559,0,0,0
17.0560,29909,299321543,2481,0,0,0
17.0623,29910,299331542,2551,0,0,0
17.0742,29911,299341543,2487,0,0,0
17.0858,29912,299351542,2531,0,0,0
17.0957,29913,299361543,2493,0,0,0
17.1029,29914,299371542,2540,0,0,0
17.1161,29915,299381543,2495,0,0,0
17.1216,29916,299391543,2530,0,0,0
17.1318,29917,299401543,2493,0,0,0
17.1420,29918,299411543,2530,0,0,0
17.1515,29919,299421543,2497,0,0,0
17.1622,29920,299431543,2541,0,0,0
17.1720,29921,299441543,2499,0,0,0
17.1822,29922,299451542,2523,0,0,0
17.1922,29923,299461543,2513,0,0,0
17.2024,29924,299471543,2525,0,0,0
17.2223,29925,299481543,2529,0,0,0
17.2234,29926,299491542,2512,0,0,0
17.2324,29927,299501543,2523,0,0,0
17.2424,29928,299511543,2509,0,0,0
17.2555,29929,299521543,2535,0,0,0
17.2623,29930,299531543,2499,0,0,0
17.2768,29931,299541543,2539,0,0,0
17.2827,29932,299551543,2500,0,0,0
17.2927,29933,299561543,2555,0,0,0
17.3038,29934,299571542,2511,0,0,0
17.3118,29935,299581543,2553,0,0,0
17.3218,29936,299591543,2498,0,0,0
17.3320,29937,299601543,2559,0,0,0
17.3423,29938,299611543,2493,0,0,0
17.3526,29939,299621543,2559,0,0,0
17.3620,29940,299631543,2491,0,0,0
17.3753,29941,299641542,2559,0,0,0
17.3845,29942,299651543,2485,0,0,0
17.3955,29943,299661543,2559,0,0,0
17.4016,29944,299671543,2470,0,0,0
17.4149,29945,299681543,2559,0,0,0
17.4255,29946,299691542,2471,0,0,0
17.4323,29947,299701543,2585,0,0,0
17.4436,29948,299711542,2470,0,0,0
17.4527,29949,299721543,2559,0,0,0
17.4636,29950,299731543,2459,0,0,0
17.4720,29951,299741543,2593,0,0,0
17.4816,29952,299751543,2470,0,0,0
17.4917,29953,299761543,2599,0,0,0
17.5018,29954,299771542,2458,0,0,0
17.5119,29955,299781543,2607,0,0,0
17.5223,29956,299791543,2457,0,0,0
17.5357,29957,299801543,2603,0,0,0
17.5461,29958,299811542,2449,0,0,0
17.5620,29959,299821543,2610,0,0,0
17.5625,29960,299831543,2442,0,0,0
17.5743,29961,299841543,2614,0,0,0
17.5831,29962,299851543,2450,0,0,0
17.5959,29963,299861543,2618,0,0,0
17.6023,29964,299871543,2453,0,0,0
17.6126,29965,299881543,2622,0,0,0
17.6224,29966,299891542,2462,0,0,0
17.6317,29967,299901543,2623,0,0,0
17.6415,29968,299911543,2445,0,0,0
17.6520,29969,299921543,2635,0,0,0
17.6619,29970,299931543,2431,0,0,0
17.6722,29971,299941542,2631,0,0,0
17.6818,29972,299951542,2433,0,0,0
17.6922,29973,299961543,2640,0,0,0
17.7028,29974,299971543,2422,0,0,0
17.7146,29975,299981543,2655,0,0,0
17.7248,29976,299991543,2419,0,0,0
17.7367,29977,300001543,2660,0,0,0
17.7452,29978,300011542,2411,0,0,0
17.7535,29979,300021543,2673,0,0,0
17.7655,29980,300031543,2406,0,0,0
17.7772,29981,300041543,2695,0,0,0
17.7870,29982,300051543,2397,0,0,0
17.7980,29983,300061542,2698,0,0,0
17.8066,29984,300071543,2396,0,0,0
17.8119,29985,300081543,2695,0,0,0
17.8218,29986,300091543,2393,0,0,0
17.8316,29987,300101543,2718,0,0,0
17.8416,29988,300111543,2388,0,0,0
17.8517,29989,300121543,2711,0,0,0
17.8621,29990,300131543,2378,0,0,0
17.8723,29991,300141542,2726,0,0,0
17.8871,29992,300151542,2375,0,0,0
17.8927,29993,300161543,2736,0,0,0
17.9052,29994,300171543,2363,0,0,0
17.9133,29995,300181543,2749,0,0,0
17.9288,29996,300191543,2359,0,0,0
17.9347,29997,300201543,2758,0,0,0
17.9454,29998,300211543,2358,0,0,0
17.9544,29999,300221543,2767,0,0,0
17.9668,30000,300231543,2352,0,0,0
17.9718,30001,300241543,2767,0,0,0
17.9816,30002,300251542,2342,0,0,0
17.9918,30003,300261543,2782,0,0,0
18.0023,30004,300271543,2323,0,0,0
18.0123,30005,300281543,2797,0,0,0
18.0218,30006,300291543,2330,0,0,0
18.0320,30007,300301543,2794,0,0,0
18.0525,30008,300311543,2330,0,0,0
18.0533,30009,300321543,2804,0,0,0
18.0645,30010,300331543,2320,0,0,0
18.0759,30011,300341543,2802,0,0,0
18.0865,30012,300351543,2307,0,0,0
18.0923,30013,300361543,2807,0,0,0
18.1065,30014,300371543,2313,0,0,0
18.1135,30015,300381543,2827,0,0,0
18.1272,30016,300391543,2309,0,0,0
18.1362,30017,300401543,2830,0,0,0
18.1439,30018,300411543,2309,0,0,0
18.1517,30019,300421543,2833,0,0,0
18.1617,30020,300431543,2301,0,0,0
18.1718,30021,300441543,2837,0,0,0
18.1819,30022,300451542,2299,0,0,0
18.1921,30023,300461543,2849,0,0,0
18.2022,30024,300471542,2289,0,0,0
18.2259,30025,300481543,2846,0,0,0
18.2270,30026,300491543,2291,0,0,0
18.2321,30027,300501543,2851,0,0,0
18.2467,30028,300511542,2293,0,0,0
18.2553,30029,300521543,2855,0,0,0
18.2616,30030,300531543,2289,0,0,0
18.2750,30031,300541543,2848,0,0,0
18.2832,30032,300551542,2287,0,0,0
18.2934,30033,300561543,2850,0,0,0
18.3035,30034,300571543,2286,0,0,0
18.3116,30035,300581543,2861,0,0,0
18.3216,30036,300591543,2283,0,0,0
18.3320,30037,300601542,2874,0,0,0
18.3421,30038,300611542,2288,0,0,0
18.3518,30039,300621543,2864,0,0,0
18.3620,30040,300631543,2274,0,0,0
18.3724,30041,300641543,2870,0,0,0
18.3876,30042,300651542,2269,0,0,0
18.3925,30043,300661543,2879,0,0,0
18.4041,30044,300671543,2263,0,0,0
18.4118,30045,300681543,2880,0,0,0
18.4218,30046,300691543,2262,0,0,0
18.4359,30047,300701542,2881,0,0,0
18.4426,30048,300711542,2262,0,0,0
18.4537,30049,300721543,2892,0,0,0
18.4632,30050,300731543,2256,0,0,0
18.4716,30051,300741543,2896,0,0,0
18.4818,30052,300751543,2261,0,0,0
18.4921,30053,300761543,2903,0,0,0
18.5018,30054,300771543,2256,0,0,0
18.5128,30055,300781543,2906,0,0,0
18.5220,30056,300791542,2236,0,0,0
18.5381,30057,300801543,2909,0,0,0
18.5423,30058,300811543,2236,0,0,0
18.5555,30059,300821543,2912,0,0,0
18.5746,30060,300831543,2241,0,0,0
18.5770,30061,300841543,2929,0,0,0
18.5863,30062,300851543,2238,0,0,0
18.5931,30063,300861542,2914,0,0,0
18.6064,30064,300871543,2241,0,0,0
18.6154,30065,300881543,2928,0,0,0
18.6217,30066,300891543,2240,0,0,0
18.6317,30067,300901543,2937,0,0,0
18.6414,30068,300911543,2237,0,0,0
18.6522,30069,300921543,2929,0,0,0
18.6620,30070,300931542,2230,0,0,0
18.6726,30071,300941543,2937,0,0,0
18.6820,30072,300951543,2222,0,0,0
18.6999,30073,300961543,2944,0,0,0
18.7027,30074,300971543,2224,0,0,0
18.7122,30075,300981543,2945,0,0,0
18.7249,30076,300991543,2221,0,0,0
18.7316,30077,301001543,2933,0,0,0
18.7471,30078,301011543,2224,0,0,0
18.7551,30079,301021543,2950,0,0,0
18.7626,30080,301031543,2218,0,0,0
18.7758,30081,301041543,2947,0,0,0
18.7815,30082,301051543,2211,0,0,0
18.7916,30083,301061543,2959,0,0,0
18.8016,30084,301071543,2208,0,0,0
18.8116,30085,301081543,2961,0,0,0
18.8218,30086,301091543,2217,0,0,0
18.8317,30087,301101543,2965,0,0,0
18.8495,30088,301111543,2203,0,0,0
18.8519,30089,301121543,2965,0,0,0
18.8623,30090,301131543,2200,0,0,0
18.8722,30091,301141542,2962,0,0,0
18.8841,30092,301151542,2211,0,0,0
18.8924,30093,301161543,2967,0,0,0
18.9016,30094,301171543,2203,0,0,0
18.9124,30095,301181543,2988,0,0,0
18.9218,30096,301191543,2192,0,0,0
18.9315,30097,301201543,2979,0,0,0
18.9416,30098,301211543,2193,0,0,0
18.9516,30099,301221543,2978,0,0,0
18.9623,30100,301231543,2192,0,0,0
18.9722,30101,301241543,2990,0,0,0
18.9822,30102,301251543,2183,0,0,0
18.9919,30103,301261543,2972,0,0,0
19.0126,30104,301271543,2179,0,0,0
19.0136,30105,301281543,2980,0,0,0
19.0236,30106,301291543,2183,0,0,0
19.0363,30107,301301543,2979,0,0,0
19.0506,30108,301311543,2158,0,0,0
19.0529,30109,301321542,2960,0,0,0
19.0660,30110,301331543,2160,0,0,0
19.0738,30111,301341543,2960,0,0,0
19.0874,30112,301351543,2143,0,0,0
19.0923,30113,301361543,2972,0,0,0
19.1031,30114,301371543,2153,0,0,0
19.1115,30115,301381543,2977,0,0,0
19.1218,30116,301391542,2137,0,0,0
19.1324,30117,301401543,2975,0,0,0
19.1418,30118,301411542,2131,0,0,0
19.1520,30119,301421543,2973,0,0,0
19.1620,30120,301431543,2134,0,0,0
19.1776,30121,301441543,2974,0,0,0
19.1823,30122,301451543,2127,0,0,0
19.1925,30123,301461543,2985,0,0,0
19.2024,30124,301471543,2125,0,0,0
19.2165,30125,301481543,2979,0,0,0
19.2237,30126,301491543,2125,0,0,0
19.2337,30127,301501543,2985,0,0,0
19.2419,30128,301511542,2119,0,0,0
19.2545,30129,301521543,3009,0,0,0
19.2616,30130,301531543,2126,0,0,0
19.2717,30131,301541543,3022,0,0,0
19.2815,30132,301551543,2129,0,0,0
19.2917,30133,301561543,3024,0,0,0
19.3024,30134,301571543,2128,0,0,0
19.3122,30135,301581543,3042,0,0,0
19.3297,30136,301591543,2130,0,0,0
19.3319,30137,301601543,3041,0,0,0
19.3417,30138,301611543,2130,0,0,0
19.3517,30139,301621543,3039,0,0,0
19.3627,30140,301631542,2122,0,0,0
19.3754,30141,301641543,3043,0,0,0
19.3833,30142,301651543,2113,0,0,0
19.3958,30143,301661543,3053,0,0,0
19.4052,30144,301671543,2112,0,0,0
19.4116,30145,301681543,3067,0,0,0
19.4216,30146,301691542,2114,0,0,0
19.4316,30147,301701543,3071,0,0,0
19.4417,30148,301711543,2112,0,0,0
19.4519,30149,301721543,3088,0,0,0
19.4621,30150,301731543,2106,0,0,0
19.4742,30151,301741542,3087,0,0,0
19.4823,30152,301751543,2097,0,0,0
19.4917,30153,301761543,3098,0,0,0
19.5021,30154,301771543,2096,0,0,0
19.5167,30155,301781543,3102,0,0,0
19.5282,30156,301791542,2106,0,0,0
19.5386,30157,301801543,3099,0,0,0
19.5458,30158,301811543,2098,0,0,0
19.5526,30159,301821543,3109,0,0,0
19.5617,30160,301831542,2094,0,0,0
19.5715,30161,301841543,3119,0,0,0
19.5816,30162,301851543,2091,0,0,0
19.5916,30163,301861543,3120,0,0,0
19.6016,30164,301871543,2093,0,0,0
19.6122,30165,301881543,3120,0,0,0
19.6221,30166,301891543,2086,0,0,0
19.6322,30167,301901542,3123,0,0,0
19.6486,30168,301911543,2080,0,0,0
19.6521,30169,301921543,3127,0,0,0
19.6621,30170,301931543,2081,0,0,0
19.6732,30171,301941542,3137,0,0,0
19.6860,30172,301951542,2095,0,0,0
19.6960,30173,301961543,3145,0,0,0
19.7056,30174,301971543,2067,0,0,0
19.7118,30175,301981543,3143,0,0,0
19.7241,30176,301991542,2078,0,0,0
19.7325,30177,302001543,3149,0,0,0
19.7415,30178,302011542,2069,0,0,0
19.7521,30179,302021543,3139,0,0,0
19.7621,30180,302031543,2064,0,0,0
19.7723,30181,302041543,3159,0,0,0
19.7823,30182,302051543,2063,0,0,0
19.7920,30183,302061543,3140,0,0,0
19.8023,30184,302071543,2064,0,0,0
19.8193,30185,302081543,3152,0,0,0
19.8219,30186,302091542,2075,0,0,0
19.8342,30187,302101543,3143,0,0,0
19.8420,30188,302111542,2086,0,0,0
19.8578,30189,302121543,3174,0,0,0
19.8630,30190,302131543,2091,0,0,0
19.8752,30191,302141543,3177,0,0,0
19.8817,30192,302151542,2094,0,0,0
19.8943,30193,302161543,3190,0,0,0
19.9017,30194,302171543,2094,0,0,0
19.9115,30195,302181543,3191,0,0,0
19.9219,30196,302191543,2090,0,0,0
19.9324,30197,302201543,3199,0,0,0
19.9420,30198,302211543,2087,0,0,0
19.9518,30199,302221543,3184,0,0,0
19.9617,30200,302231543,2090,0,0,0
19.9771,30201,302241543,3196,0,0,0
19.9826,30202,302251543,2089,0,0,0
19.9968,30203,302261543,3194,0,0,0
20.0071,30204,302271543,2081,0,0,0
20.0186,30205,302281543,3200,0,0,0
20.0222,30206,302291543,2085,0,0,0
20.0369,30207,302301543,3190,0,0,0
20.0449,30208,302311542,2082,0,0,0
20.0541,30209,302321542,3203,0,0,0
20.0670,30210,302331543,2075,0,0,0
20.0733,30211,302341543,3187,0,0,0
20.0815,30212,302351543,2065,0,0,0
20.0915,30213,302361542,3183,0,0,0
20.1022,30214,302371542,2046,0,0,0
20.1124,30215,302381543,3185,0,0,0
20.1224,30216,302391542,2046,0,0,0
20.1318,30217,302401543,3173,0,0,0
20.1418,30218,302411543,2031,0,0,0
20.1565,30219,302421543,3171,0,0,0
20.1631,30220,302431543,2026,0,0,0
20.1751,30221,302441543,3154,0,0,0
20.1875,30222,302451543,2014,0,0,0
20.1938,30223,302461543,3159,0,0,0
20.2040,30224,302471543,2019,0,0,0
20.2165,30225,302481543,3174,0,0,0
20.2220,30226,302491542,2011,0,0,0
20.2316,30227,302501543,3159,0,0,0
20.2419,30228,302511543,2000,0,0,0
20.2517,30229,302521542,3152,0,0,0
20.2621,30230,302531543,1994,0,0,0
20.2720,30231,302541543,3149,0,0,0
20.2823,30232,302551543,1999,0,0,0
20.2918,30233,302561543,3155,0,0,0
20.3024,30234,302571542,2004,0,0,0
20.3220,30235,302581543,3151,0,0,0
20.3229,30236,302591543,2001,0,0,0
20.3338,30237,302601543,3168,0,0,0
20.3433,30238,302611543,2007,0,0,0
20.3555,30239,302621543,3162,0,0,0
20.3667,30240,302631542,2000,0,0,0
20.3738,30241,302641543,3187,0,0,0
20.3857,30242,302651543,2000,0,0,0
20.3939,30243,302661543,3188,0,0,0
20.4061,30244,302671543,2003,0,0,0
20.4115,30245,302681543,3190,0,0,0
20.4220,30246,302691542,2001,0,0,0
20.4317,30247,302701542,3194,0,0,0
20.4419,30248,302711542,2000,0,0,0
20.4524,30249,302721543,3212,0,0,0
20.4622,30250,302731543,2015,0,0,0
20.4719,30251,302741543,3218,0,0,0
20.4911,30252,302751543,2020,0,0,0
20.4925,30253,302761543,3225,0,0,0
20.5056,30254,302771543,2000,0,0,0
20.5151,30255,302781542,3201,0,0,0
20.5281,30256,302791543,1984,0,0,0
20.5320,30257,302801542,3190,0,0,0
20.5478,30258,302811543,1967,0,0,0
20.5537,30259,302821543,3184,0,0,0
20.5630,30260,302831543,1961,0,0,0
20.5773,30261,302841543,3199,0,0,0
20.5828,30262,302851542,1948,0,0,0
20.5915,30263,302861543,3216,0,0,0
20.6017,30264,302871542,1936,0,0,0
20.6121,30265,302881543,3202,0,0,0
20.6227,30266,302891543,1933,0,0,0
20.6321,30267,302901543,3215,0,0,0
20.6419,30268,302911543,1921,0,0,0
20.6526,30269,302921543,3216,0,0,0
20.6644,30270,302931543,1919,0,0,0
20.6802,30271,302941543,3227,0,0,0
20.6819,30272,302951543,1917,0,0,0
20.6916,30273,302961542,3216,0,0,0
20.7028,30274,302971542,1907,0,0,0
20.7162,30275,302981543,3216,0,0,0
20.7228,30276,302991542,1905,0,0,0
20.7353,30277,303001543,3220,0,0,0
20.7458,30278,303011542,1889,0,0,0
20.7515,30279,303021543,3184,0,0,0
20.7617,30280,303031543,1904,0,0,0
20.7716,30281,303041543,3114,0,0,0
20.7819,30282,303051543,1962,0,0,0
20.7922,30283,303061543,3134,0,0,0
20.8022,30284,303071543,1933,0,0,0
20.8120,30285,303081543,3120,0,0,0
20.8243,30286,303091543,1923,0,0,0
20.8360,30287,303101543,3151,0,0,0
20.8470,30288,303111543,1918,0,0,0
20.8571,30289,303121543,3153,0,0,0
20.8673,30290,303131543,1925,0,0,0
20.8754,30291,303141543,3137,0,0,0
20.8841,30292,303151543,1931,0,0,0
20.8963,30293,303161543,3147,0,0,0
20.9043,30294,303171543,1924,0,0,0
20.9118,30295,303181543,3141,0,0,0
20.9215,30296,303191543,1931,0,0,0
20.9316,30297,303201543,3141,0,0,0
20.9419,30298,303211542,1929,0,0,0
20.9519,30299,303221543,3152,0,0,0
20.9620,30300,303231542,1927,0,0,0
20.9767,30301,303241543,3152,0,0,0
20.9850,30302,303251543,1937,0,0,0
20.9960,30303,303261543,3159,0,0,0
21.0079,30304,303271543,1940,0,0,0
21.0166,30305,303281543,3141,0,0,0
21.0247,30306,303291543,1931,0,0,0
21.0316,30307,303301543,3148,0,0,0
21.0450,30308,303311543,1931,0,0,0
21.0541,30309,303321543,3141,0,0,0
21.0636,30310,303331543,1923,0,0,0
21.0740,30311,303341543,3126,0,0,0
21.0817,30312,303351542,1906,0,0,0
21.0916,30313,303361542,3127,0,0,0
21.1021,30314,303371543,1901,0,0,0
21.1123,30315,303381543,3121,0,0,0
21.1222,30316,303391542,1913,0,0,0
21.1321,30317,303401543,3088,0,0,0
21.1419,30318,303411542,1917,0,0,0
21.1572,30319,303421543,3127,0,0,0
21.1622,30320,303431542,1914,0,0,0
21.1797,30321,303441543,3099,0,0,0
21.1818,30322,303451543,1915,0,0,0
21.1946,30323,303461543,3130,0,0,0
21.2035,30324,303471543,1913,0,0,0
21.2148,30325,303481543,3089,0,0,0
21.2258,30326,303491543,1917,0,0,0
21.2340,30327,303501543,3095,0,0,0
21.2434,30328,303511542,1919,0,0,0
21.2516,30329,303521543,3089,0,0,0
21.2617,30330,303531543,1923,0,0,0
21.2722,30331,303541543,3124,0,0,0
21.2820,30332,303551543,1920,0,0,0
21.2918,30333,303561543,3123,0,0,0
21.3027,30334,303571543,1915,0,0,0
21.3183,30335,303581543,3123,0,0,0
21.3222,30336,303591543,1914,0,0,0
21.3319,30337,303601543,3129,0,0,0
21.3430,30338,303611542,1917,0,0,0
21.3630,30339,303621543,3119,0,0,0
21.3634,30340,303631543,1915,0,0,0
21.3729,30341,303641543,3131,0,0,0
21.3825,30342,303651543,1919,0,0,0
21.3966,30343,303661543,3134,0,0,0
21.4057,30344,303671543,1921,0,0,0
21.4116,30345,303681543,3137,0,0,0
21.4217,30346,303691543,1930,0,0,0
21.4321,30347,303701543,3143,0,0,0
21.4418,30348,303711543,1941,0,0,0
21.4527,30349,303721543,3133,0,0,0
21.4620,30350,303731543,1943,0,0,0
21.4723,30351,303741543,3137,0,0,0
21.4860,30352,303751543,1953,0,0,0
21.4972,30353,303761543,3131,0,0,0
21.5021,30354,303771543,1955,0,0,0
21.5148,30355,303781543,3123,0,0,0
21.5251,30356,303791543,1945,0,0,0
21.5372,30357,303801543,3120,0,0,0
21.5451,30358,303811543,1953,0,0,0
21.5516,30359,303821543,3116,0,0,0
21.5644,30360,303831543,1942,0,0,0
21.5721,30361,303841542,3071,0,0,0
21.5816,30362,303851542,1937,0,0,0
21.5916,30363,303861543,3071,0,0,0
21.6020,30364,303871543,1937,0,0,0
21.6117,30365,303881543,3056,0,0,0
21.6220,30366,303891543,1938,0,0,0
21.6322,30367,303901543,3063,0,0,0
21.6457,30368,303911543,1937,0,0,0
21.6524,30369,303921543,3051,0,0,0
21.6628,30370,303931543,1925,0,0,0
21.6754,30371,303941543,3024,0,0,0
21.6840,30372,303951543,1919,0,0,0
21.6923,30373,303961542,2985,0,0,0
21.7045,30374,303971542,1901,0,0,0
21.7147,30375,303981543,2989,0,0,0
21.7238,30376,303991543,1887,0,0,0
21.7316,30377,304001543,2960,0,0,0
21.7416,30378,304011543,1883,0,0,0
21.7521,30379,304021543,2957,0,0,0
21.7623,30380,304031543,1875,0,0,0
21.7723,30381,304041542,2947,0,0,0
21.7822,30382,304051543,1871,0,0,0
21.7924,30383,304061543,2944,0,0,0
21.8044,30384,304071542,1856,0,0,0
21.8151,30385,304081543,2940,0,0,0
21.8274,30386,304091543,1862,0,0,0
21.8358,30387,304101543,2928,0,0,0
21.8456,30388,304111543,1869,0,0,0
21.8564,30389,304121543,2914,0,0,0
21.8660,30390,304131543,1866,0,0,0
21.8767,30391,304141543,2943,0,0,0
21.8824,30392,304151543,1883,0,0,0
21.8920,30393,304161543,2943,0,0,0
21.9015,30394,304171543,1882,0,0,0
21.9116,30395,304181543,2943,0,0,0
21.9215,30396,304191543,1881,0,0,0
21.9321,30397,304201543,2939,0,0,0
21.9418,30398,304211542,1886,0,0,0
21.9525,30399,304221543,2914,0,0,0
21.9622,30400,304231542,1887,0,0,0
21.9800,30401,304241543,2931,0,0,0
21.9821,30402,304251543,1890,0,0,0
21.9951,30403,304261543,2907,0,0,0
22.0066,30404,304271543,1889,0,0,0
22.0135,30405,304281543,2914,0,0,0
22.0217,30406,304291543,1895,0,0,0
22.0339,30407,304301543,2925,0,0,0
22.0452,30408,304311543,1903,0,0,0
22.0562,30409,304321543,2914,0,0,0
22.0615,30410,304331543,1902,0,0,0
22.0716,30411,304341543,2901,0,0,0
22.0821,30412,304351543,1903,0,0,0
22.0921,30413,304361543,2901,0,0,0
22.1025,30414,304371543,1921,0,0,0
22.1124,30415,304381543,2905,0,0,0
22.1226,30416,304391543,1911,0,0,0
22.1381,30417,304401543,2898,0,0,0
22.1429,30418,304411542,1936,0,0,0
22.1542,30419,304421543,2901,0,0,0
22.1617,30420,304431543,1939,0,0,0
22.1717,30421,304441543,2898,0,0,0
22.1908,30422,304451542,1942,0,0,0
22.1918,30423,304461543,2903,0,0,0
22.2021,30424,304471543,1957,0,0,0
22.2139,30425,304481542,2894,0,0,0
22.2261,30426,304491542,1961,0,0,0
22.2348,30427,304501543,2897,0,0,0
22.2418,30428,304511543,1974,0,0,0
22.2516,30429,304521543,2896,0,0,0
22.2617,30430,304531543,1979,0,0,0
22.2724,30431,304541543,2891,0,0,0
22.2819,30432,304551543,1982,0,0,0
22.2920,30433,304561543,2901,0,0,0
22.3024,30434,304571543,2007,0,0,0
22.3207,30435,304581543,2896,0,0,0
22.3221,30436,304591543,1995,0,0,0
22.3318,30437,304601543,2897,0,0,0
22.3478,30438,304611543,2015,0,0,0
22.3551,30439,304621543,2898,0,0,0
22.3624,30440,304631543,2027,0,0,0
22.3754,30441,304641543,2910,0,0,0
22.3855,30442,304651543,2055,0,0,0
22.3924,30443,304661543,2928,0,0,0
22.4015,30444,304671542,2047,0,0,0
22.4115,30445,304681543,2943,0,0,0
22.4215,30446,304691543,2077,0,0,0
22.4325,30447,304701543,2927,0,0,0
22.4421,30448,304711543,2063,0,0,0
22.4525,30449,304721543,2923,0,0,0
22.4623,30450,304731543,2064,0,0,0
22.4839,30451,304741543,2924,0,0,0
22.4861,30452,304751543,2062,0,0,0
22.4924,30453,304761543,2925,0,0,0
22.5039,30454,304771543,2066,0,0,0
22.5145,30455,304781543,2919,0,0,0
22.5216,30456,304791542,2064,0,0,0
22.5321,30457,304801543,2919,0,0,0
22.5419,30458,304811542,2078,0,0,0
22.5519,30459,304821543,2913,0,0,0
22.5620,30460,304831543,2081,0,0,0
22.5727,30461,304841543,2919,0,0,0
22.5824,30462,304851543,2070,0,0,0
22.5920,30463,304861543,2912,0,0,0
22.6025,30464,304871543,2071,0,0,0
22.6187,30465,304881543,2909,0,0,0
22.6225,30466,304891543,2081,0,0,0
22.6349,30467,304901542,2911,0,0,0
22.6445,30468,304911542,2073,0,0,0
22.6555,30469,304921543,2913,0,0,0
22.6623,30470,304931543,2085,0,0,0
22.6752,30471,304941543,2903,0,0,0
22.6835,30472,304951542,2081,0,0,0
22.6949,30473,304961543,2897,0,0,0
22.7015,30474,304971542,2090,0,0,0
22.7121,30475,304981543,2926,0,0,0
22.7220,30476,304991543,2083,0,0,0
22.7324,30477,305001543,2918,0,0,0
22.7419,30478,305011543,2093,0,0,0
22.7524,30479,305021543,2907,0,0,0
22.7680,30480,305031542,2097,0,0,0
22.7721,30481,305041543,2909,0,0,0
22.7898,30482,305051542,2096,0,0,0
22.7920,30483,305061543,2895,0,0,0
22.8042,30484,305071543,2096,0,0,0
22.8117,30485,305081543,2894,0,0,0
22.8251,30486,305091543,2096,0,0,0
22.8318,30487,305101542,2903,0,0,0
22.8470,30488,305111542,2096,0,0,0
22.8521,30489,305121543,2884,0,0,0
22.8615,30490,305131543,2107,0,0,0
22.8717,30491,305141543,2887,0,0,0
22.8817,30492,305151542,2111,0,0,0
22.8919,30493,305161543,2880,0,0,0
22.9021,30494,305171543,2107,0,0,0
22.9122,30495,305181543,2861,0,0,0
22.9280,30496,305191543,2113,0,0,0
22.9322,30497,305201543,2862,0,0,0
22.9448,30498,305211543,2116,0,0,0
22.9538,30499,305221542,2835,0,0,0
22.9617,30500,305231543,2124,0,0,0
22.9747,30501,305241542,2851,0,0,0
22.9852,30502,305251542,2132,0,0,0
22.9945,30503,305261543,2831,0,0,0
23.0020,30504,305271542,2113,0,0,0
23.0116,30505,305281543,2830,0,0,0
23.0216,30506,305291543,2130,0,0,0
23.0317,30507,305301543,2827,0,0,0
23.0423,30508,305311543,2141,0,0,0
23.0521,30509,305321543,2821,0,0,0
23.0619,30510,305331543,2141,0,0,0
23.0726,30511,305341543,2807,0,0,0
23.0824,30512,305351543,2139,0,0,0
23.0919,30513,305361543,2803,0,0,0
23.1029,30514,305371543,2141,0,0,0
23.1130,30515,305381543,2797,0,0,0
23.1260,30516,305391542,2141,0,0,0
23.1336,30517,305401543,2786,0,0,0
23.1475,30518,305411543,2146,0,0,0
23.1558,30519,305421543,2775,0,0,0
23.1616,30520,305431542,2163,0,0,0
23.1721,30521,305441543,2771,0,0,0
23.1817,30522,305451543,2163,0,0,0
23.1920,30523,305461543,2781,0,0,0
23.2023,30524,305471542,2159,0,0,0
23.2120,30525,305481543,2777,0,0,0
23.2220,30526,305491543,2158,0,0,0
23.2342,30527,305501543,2779,0,0,0
23.2458,30528,305511543,2161,0,0,0
23.2521,30529,305521543,2774,0,0,0
23.2631,30530,305531542,2167,0,0,0
23.2715,30531,305541543,2763,0,0,0
23.2817,30532,305551543,2187,0,0,0
23.2916,30533,305561543,2747,0,0,0
23.3026,30534,305571543,2171,0,0,0
23.3122,30535,305581542,2735,0,0,0
23.3226,30536,305591543,2159,0,0,0
23.3326,30537,305601543,2726,0,0,0
23.3563,30538,305611543,2160,0,0,0
23.3585,30539,305621543,2732,0,0,0
23.3622,30540,305631543,2165,0,0,0
23.3760,30541,305641543,2717,0,0,0
23.3837,30542,305651543,2163,0,0,0
23.3943,30543,305661543,2706,0,0,0
23.4087,30544,305671542,2170,0,0,0
23.4140,30545,305681543,2709,0,0,0
23.4215,30546,305691542,2189,0,0,0
23.4323,30547,305701543,2703,0,0,0
23.4418,30548,305711543,2174,0,0,0
23.4521,30549,305721543,2702,0,0,0
23.4622,30550,305731543,2178,0,0,0
23.4722,30551,305741543,2704,0,0,0
23.4886,30552,305751542,2192,0,0,0
23.4931,30553,305761543,2704,0,0,0
23.5018,30554,305771543,2192,0,0,0
23.5118,30555,305781543,2669,0,0,0
23.5266,30556,305791543,2183,0,0,0
23.5353,30557,305801543,2661,0,0,0
23.5441,30558,305811543,2203,0,0,0
23.5559,30559,305821543,2697,0,0,0
23.5667,30560,305831542,2211,0,0,0
23.5747,30561,305841543,2703,0,0,0
23.5815,30562,305851543,2209,0,0,0
23.5916,30563,305861543,2693,0,0,0
23.6019,30564,305871543,2211,0,0,0
23.6122,30565,305881542,2691,0,0,0
23.6222,30566,305891543,2224,0,0,0
23.6320,30567,305901543,2679,0,0,0
23.6423,30568,305911543,2222,0,0,0
23.6539,30569,305921543,2683,0,0,0
23.6651,30570,305931543,2224,0,0,0
23.6739,30571,305941543,2678,0,0,0
23.6874,30572,305951543,2226,0,0,0
23.6942,30573,305961543,2683,0,0,0
23.7045,30574,305971543,2230,0,0,0
23.7123,30575,305981543,2687,0,0,0
23.7217,30576,305991543,2234,0,0,0
23.7320,30577,306001543,2677,0,0,0
23.7416,30578,306011543,2254,0,0,0
23.7524,30579,306021543,2672,0,0,0
23.7625,30580,306031543,2251,0,0,0
23.7725,30581,306041543,2682,0,0,0
23.7905,30582,306051543,2256,0,0,0
23.7921,30583,306061543,2683,0,0,0
23.8017,30584,306071543,2258,0,0,0
23.8165,30585,306081543,2687,0,0,0
23.8264,30586,306091543,2272,0,0,0
23.8340,30587,306101543,2672,0,0,0
23.8450,30588,306111542,2267,0,0,0
23.8515,30589,306121543,2689,0,0,0
23.8622,30590,306131543,2278,0,0,0
23.8726,30591,306141543,2673,0,0,0
23.8819,30592,306151543,2279,0,0,0
23.8920,30593,306161543,2681,0,0,0
23.9024,30594,306171542,2286,0,0,0
23.9168,30595,306181543,2679,0,0,0
23.9231,30596,306191543,2288,0,0,0
23.9361,30597,306201543,2678,0,0,0
23.9453,30598,306211543,2297,0,0,0
23.9519,30599,306221543,2674,0,0,0
23.9649,30600,306231542,2289,0,0,0
23.9716,30601,306241543,2686,0,0,0
23.9836,30602,306251542,2295,0,0,0
23.9954,30603,306261543,2682,0,0,0
24.0017,30604,306271542,2303,0,0,0
24.0121,30605,306281543,2681,0,0,0
24.0223,30606,306291543,2314,0,0,0
24.0320,30607,306301543,2684,0,0,0
24.0425,30608,306311542,2320,0,0,0
24.0530,30609,306321543,2682,0,0,0
24.0683,30610,306331542,2319,0,0,0
24.0722,30611,306341543,2672,0,0,0
24.0826,30612,306351543,2321,0,0,0
24.0919,30613,306361543,2673,0,0,0
24.1062,30614,306371543,2334,0,0,0
24.1175,30615,306381543,2672,0,0,0
24.1240,30616,306391543,2343,0,0,0
24.1315,30617,306401543,2679,0,0,0
24.1443,30618,306411542,2352,0,0,0
24.1540,30619,306421543,2672,0,0,0
24.1615,30620,306431543,2349,0,0,0
24.1722,30621,306441543,2687,0,0,0
24.1821,30622,306451543,2347,0,0,0
24.1920,30623,306461543,2675,0,0,0
24.2027,30624,306471542,2353,0,0,0
24.2119,30625,306481543,2669,0,0,0
24.2219,30626,306491543,2352,0,0,0
24.2327,30627,306501543,2671,0,0,0
24.2427,30628,306511543,2353,0,0,0
24.2516,30629,306521543,2672,0,0,0
24.2644,30630,306531543,2353,0,0,0
24.2730,30631,306541543,2661,0,0,0
24.2876,30632,306551543,2359,0,0,0
24.2935,30633,306561543,2647,0,0,0
24.3026,30634,306571543,2354,0,0,0
24.3132,30635,306581543,2659,0,0,0
24.3215,30636,306591543,2368,0,0,0
24.3318,30637,306601543,2655,0,0,0
24.3420,30638,306611542,2363,0,0,0
24.3517,30639,306621543,2653,0,0,0
24.3614,30640,306631543,2368,0,0,0
24.3718,30641,306641543,2672,0,0,0
24.3825,30642,306651543,2371,0,0,0
24.3917,30643,306661543,2638,0,0,0
24.4032,30644,306671542,2381,0,0,0
24.4145,30645,306681543,2643,0,0,0
24.4286,30646,306691543,2363,0,0,0
24.4316,30647,306701543,2645,0,0,0
24.4433,30648,306711543,2373,0,0,0
24.4560,30649,306721543,2640,0,0,0
24.4637,30650,306731543,2383,0,0,0
24.4715,30651,306741542,2640,0,0,0
24.4816,30652,306751543,2385,0,0,0
24.4915,30653,306761543,2640,0,0,0
24.5015,30654,306771543,2391,0,0,0
24.5118,30655,306781543,2647,0,0,0
24.5220,30656,306791543,2399,0,0,0
24.5322,30657,306801543,2651,0,0,0
24.5444,30658,306811542,2414,0,0,0
24.5526,30659,306821543,2645,0,0,0
24.5660,30660,306831543,2407,0,0,0
24.5725,30661,306841543,2643,0,0,0
24.5836,30662,306851543,2413,0,0,0
24.5919,30663,306861543,2651,0,0,0
24.6031,30664,306871543,2422,0,0,0
24.6126,30665,306881543,2653,0,0,0
24.6215,30666,306891542,2435,0,0,0
24.6317,30667,306901543,2649,0,0,0
24.6417,30668,306911543,2420,0,0,0
24.6518,30669,306921543,2644,0,0,0
24.6621,30670,306931543,2433,0,0,0
24.6728,30671,306941542,2641,0,0,0
24.6819,30672,306951542,2431,0,0,0
24.6961,30673,306961543,2638,0,0,0
24.7027,30674,306971542,2430,0,0,0
24.7117,30675,306981543,2639,0,0,0
24.7237,30676,306991542,2433,0,0,0
24.7374,30677,307001543,2639,0,0,0
24.7464,30678,307011542,2445,0,0,0
24.7523,30679,307021543,2642,0,0,0
24.7617,30680,307031542,2443,0,0,0
24.7716,30681,307041543,2635,0,0,0
24.7815,30682,307051543,2439,0,0,0
24.7917,30683,307061543,2637,0,0,0
24.8019,30684,307071543,2442,0,0,0
24.8119,30685,307081543,2626,0,0,0
24.8227,30686,307091543,2448,0,0,0
24.8323,30687,307101543,2623,0,0,0
24.8493,30688,307111543,2462,0,0,0
24.8525,30689,307121542,2621,0,0,0
24.8673,30690,307131542,2469,0,0,0
24.8762,30691,307141543,2624,0,0,0
24.8836,30692,307151543,2465,0,0,0
24.8926,30693,307161542,2613,0,0,0
24.9059,30694,307171543,2467,0,0,0
24.9125,30695,307181543,2611,0,0,0
24.9226,30696,307191542,2475,0,0,0
24.9332,30697,307201543,2606,0,0,0
24.9419,30698,307211542,2475,0,0,0
24.9521,30699,307221543,2603,0,0,0
24.9621,30700,307231542,2477,0,0,0
24.9723,30701,307241543,2594,0,0,0
24.9821,30702,307251542,2480,0,0,0
24.9920,30703,307261543,2585,0,0,0
25.0125,30704,307271543,2486,0,0,0
25.0138,30705,307281543,2559,0,0,0
25.0255,30706,307291543,2486,0,0,0
25.0319,30707,307301543,2559,0,0,0
25.0491,30708,307311543,2482,0,0,0
25.0517,30709,307321543,2548,0,0,0
25.0635,30710,307331542,2498,0,0,0
25.0717,30711,307341543,2557,0,0,0
25.0865,30712,307351543,2480,0,0,0
25.0944,30713,307361542,2527,0,0,0
25.1019,30714,307371542,2496,0,0,0
25.1122,30715,307381543,2510,0,0,0
25.1223,30716,307391543,2503,0,0,0
25.1326,30717,307401543,2510,0,0,0
25.1419,30718,307411543,2505,0,0,0
25.1526,30719,307421543,2498,0,0,0
25.1624,30720,307431543,2503,0,0,0
25.1765,30721,307441543,2485,0,0,0
25.1826,30722,307451542,2508,0,0,0
25.1968,30723,307461543,2481,0,0,0
25.2056,30724,307471543,2525,0,0,0
25.2122,30725,307481543,2477,0,0,0
25.2234,30726,307491542,2528,0,0,0
25.2341,30727,307501543,2466,0,0,0
25.2454,30728,307511543,2539,0,0,0
25.2557,30729,307521543,2467,0,0,0
25.2616,30730,307531543,2537,0,0,0
25.2719,30731,307541543,2453,0,0,0
25.2816,30732,307551542,2543,0,0,0
25.2917,30733,307561543,2457,0,0,0
25.3017,30734,307571542,2544,0,0,0
25.3121,30735,307581543,2455,0,0,0
25.3222,30736,307591543,2555,0,0,0
25.3364,30737,307601543,2441,0,0,0
25.3473,30738,307611543,2559,0,0,0
25.3520,30739,307621543,2432,0,0,0
25.3663,30740,307631542,2553,0,0,0
25.3765,30741,307641543,2426,0,0,0
25.3852,30742,307651542,2559,0,0,0
25.3934,30743,307661543,2425,0,0,0
25.4019,30744,307671543,2559,0,0,0
25.4120,30745,307681543,2427,0,0,0
25.4217,30746,307691543,2559,0,0,0
25.4315,30747,307701543,2417,0,0,0
25.4414,30748,307711543,2559,0,0,0
25.4521,30749,307721543,2419,0,0,0
25.4622,30750,307731543,2586,0,0,0
25.4721,30751,307741543,2418,0,0,0
25.4820,30752,307751543,2596,0,0,0
25.4921,30753,307761543,2414,0,0,0
25.5106,30754,307771543,2597,0,0,0
25.5122,30755,307781543,2411,0,0,0
25.5218,30756,307791543,2608,0,0,0
25.5318,30757,307801543,2397,0,0,0
25.5466,30758,307811542,2614,0,0,0
25.5564,30759,307821543,2385,0,0,0
25.5642,30760,307831543,2637,0,0,0
25.5725,30761,307841543,2386,0,0,0
25.5861,30762,307851543,2642,0,0,0
25.5940,30763,307861543,2373,0,0,0
25.6016,30764,307871543,2647,0,0,0
25.6120,30765,307881543,2363,0,0,0
25.6222,30766,307891542,2662,0,0,0
25.6325,30767,307901543,2365,0,0,0
25.6420,30768,307911543,2666,0,0,0
25.6527,30769,307921543,2345,0,0,0
25.6623,30770,307931542,2689,0,0,0
25.6741,30771,307941543,2351,0,0,0
25.6824,30772,307951543,2703,0,0,0
25.6948,30773,307961543,2337,0,0,0
25.7054,30774,307971542,2725,0,0,0
25.7149,30775,307981543,2341,0,0,0
25.7221,30776,307991543,2735,0,0,0
25.7361,30777,308001543,2325,0,0,0
25.7430,30778,308011543,2751,0,0,0
25.7538,30779,308021543,2338,0,0,0
25.7639,30780,308031543,2768,0,0,0
25.7715,30781,308041543,2320,0,0,0
25.7820,30782,308051543,2774,0,0,0
25.7916,30783,308061543,2325,0,0,0
25.8015,30784,308071543,2786,0,0,0
25.8124,30785,308081543,2314,0,0,0
25.8223,30786,308091542,2791,0,0,0
25.8382,30787,308101543,2314,0,0,0
25.8422,30788,308111542,2803,0,0,0
25.8580,30789,308121543,2299,0,0,0
25.8659,30790,308131542,2818,0,0,0
25.8743,30791,308141543,2316,0,0,0
25.8831,30792,308151542,2834,0,0,0
25.8962,30793,308161543,2301,0,0,0
25.9019,30794,308171543,2839,0,0,0
25.9153,30795,308181543,2311,0,0,0
25.9216,30796,308191543,2842,0,0,0
25.9315,30797,308201543,2299,0,0,0
25.9415,30798,308211543,2859,0,0,0
25.9522,30799,308221543,2295,0,0,0
25.9622,30800,308231543,2864,0,0,0
25.9723,30801,308241543,2285,0,0,0
25.9905,30802,308251543,2875,0,0,0
25.9921,30803,308261543,2291,0,0,0
26.0062,30804,308271543,2869,0,0,0
26.0147,30805,308281543,2284,0,0,0
26.0227,30806,308291543,2880,0,0,0
26.0351,30807,308301543,2281,0,0,0
26.0438,30808,308311543,2896,0,0,0
26.0537,30809,308321543,2266,0,0,0
26.0636,30810,308331543,2896,0,0,0
26.0715,30811,308341543,2258,0,0,0
26.0815,30812,308351543,2881,0,0,0
26.0918,30813,308361542,2250,0,0,0
26.1023,30814,308371543,2893,0,0,0
26.1124,30815,308381543,2251,0,0,0
26.1232,30816,308391543,2897,0,0,0
26.1324,30817,308401543,2247,0,0,0
26.1526,30818,308411543,2899,0,0,0
26.1536,30819,308421543,2239,0,0,0
26.1663,30820,308431543,2928,0,0,0
26.1741,30821,308441543,2227,0,0,0
26.1874,30822,308451543,2923,0,0,0
26.1945,30823,308461543,2245,0,0,0
26.2034,30824,308471543,2927,0,0,0
26.2168,30825,308481543,2234,0,0,0
26.2251,30826,308491543,2934,0,0,0
26.2325,30827,308501543,2229,0,0,0
26.2417,30828,308511543,2941,0,0,0
26.2516,30829,308521543,2220,0,0,0
26.2616,30830,308531543,2931,0,0,0
26.2719,30831,308541542,2211,0,0,0
26.2816,30832,308551543,2932,0,0,0
26.2917,30833,308561543,2205,0,0,0
26.3024,30834,308571543,2939,0,0,0
26.3173,30835,308581543,2195,0,0,0
26.3226,30836,308591543,2941,0,0,0
26.3354,30837,308601543,2191,0,0,0
26.3450,30838,308611543,2931,0,0,0
26.3556,30839,308621543,2187,0,0,0
26.3679,30840,308631543,2935,0,0,0
26.3761,30841,308641543,2176,0,0,0
26.3840,30842,308651543,2943,0,0,0
26.3962,30843,308661543,2169,0,0,0
26.4075,30844,308671543,2949,0,0,0
26.4129,30845,308681543,2141,0,0,0
26.4214,30846,308691543,2934,0,0,0
26.4314,30847,308701543,2133,0,0,0
26.4417,30848,308711542,2937,0,0,0
26.4520,30849,308721543,2146,0,0,0
26.4619,30850,308731543,2941,0,0,0
26.4721,30851,308741543,2128,0,0,0
26.4865,30852,308751542,2939,0,0,0
26.4920,30853,308761543,2126,0,0,0
26.5057,30854,308771543,2961,0,0,0
26.5168,30855,308781543,2127,0,0,0
26.5216,30856,308791542,2981,0,0,0
26.5332,30857,308801543,2115,0,0,0
26.5419,30858,308811543,2978,0,0,0
26.5537,30859,308821543,2129,0,0,0
26.5660,30860,308831543,2986,0,0,0
26.5717,30861,308841543,2139,0,0,0
26.5814,30862,308851543,2987,0,0,0
26.5917,30863,308861543,2133,0,0,0
26.6014,30864,308871543,2973,0,0,0
26.6114,30865,308881543,2119,0,0,0
26.6216,30866,308891543,3007,0,0,0
26.6314,30867,308901542,2139,0,0,0
26.6444,30868,308911543,3009,0,0,0
26.6524,30869,308921543,2122,0,0,0
26.6655,30870,308931543,3035,0,0,0
26.6721,30871,308941543,2118,0,0,0
26.6834,30872,308951543,3043,0,0,0
26.6926,30873,308961543,2141,0,0,0
26.7058,30874,308971543,3056,0,0,0
26.7137,30875,308981543,2139,0,0,0
26.7215,30876,308991542,3069,0,0,0
26.7315,30877,309001543,2113,0,0,0
26.7418,30878,309011543,3062,0,0,0
26.7514,30879,309021542,2103,0,0,0
26.7616,30880,309031542,3089,0,0,0
26.7722,30881,309041543,2129,0,0,0
26.7820,30882,309051543,3131,0,0,0
26.7998,30883,309061542,2126,0,0,0
26.8019,30884,309071542,3152,0,0,0
26.8133,30885,309081542,2118,0,0,0
26.8237,30886,309091543,3159,0,0,0
26.8357,30887,309101543,2113,0,0,0
26.8420,30888,309111543,3151,0,0,0
26.8546,30889,309121543,2097,0,0,0
26.8617,30890,309131543,3147,0,0,0
26.8760,30891,309141543,2107,0,0,0
26.8837,30892,309151543,3127,0,0,0
26.8916,30893,309161542,2034,0,0,0
26.9019,30894,309171542,3134,0,0,0
26.9121,30895,309181543,2033,0,0,0
26.9223,30896,309191542,3143,0,0,0
26.9321,30897,309201543,2027,0,0,0
26.9420,30898,309211543,3154,0,0,0
26.9521,30899,309221543,2059,0,0,0
26.9670,30900,309231543,3165,0,0,0
26.9727,30901,309241543,2055,0,0,0
26.9820,30902,309251543,3159,0,0,0
26.9982,30903,309261543,2031,0,0,0
27.0033,30904,309271543,3143,0,0,0
27.0138,30905,309281543,2029,0,0,0
27.0217,30906,309291543,3169,0,0,0
27.0351,30907,309301543,2032,0,0,0
27.0419,30908,309311543,3184,0,0,0
27.0515,30909,309321543,2056,0,0,0
27.0619,30910,309331543,3188,0,0,0
27.0721,30911,309341543,2065,0,0,0
27.0816,30912,309351543,3229,0,0,0
27.0919,30913,309361543,2080,0,0,0
27.1023,30914,309371543,3232,0,0,0
27.1190,30915,309381543,2080,0,0,0
27.1219,30916,309391543,3231,0,0,0
27.1383,30917,309401543,2071,0,0,0
27.1420,30918,309411543,3243,0,0,0
27.1539,30919,309421543,2064,0,0,0
27.1616,30920,309431542,3236,0,0,0
27.1734,30921,309441543,2061,0,0,0
27.1872,30922,309451542,3220,0,0,0
27.1954,30923,309461543,2054,0,0,0
27.2014,30924,309471543,3231,0,0,0
27.2120,30925,309481543,2047,0,0,0
27.2221,30926,309491543,3230,0,0,0
27.2321,30927,309501543,2042,0,0,0
27.2418,30928,309511542,3207,0,0,0
27.2516,30929,309521543,1990,0,0,0
27.2620,30930,309531543,3186,0,0,0
27.2819,30931,309541543,1973,0,0,0
27.2834,30932,309551543,3167,0,0,0
27.2941,30933,309561543,1955,0,0,0
27.3025,30934,309571543,3149,0,0,0
27.3162,30935,309581543,1951,0,0,0
27.3266,30936,309591543,3152,0,0,0
27.3364,30937,309601543,1945,0,0,0
27.3445,30938,309611543,3157,0,0,0
27.3544,30939,309621543,1939,0,0,0
27.3655,30940,309631543,3168,0,0,0
27.3714,30941,309641543,1936,0,0,0
27.3823,30942,309651543,3161,0,0,0
27.3916,30943,309661543,1936,0,0,0
27.4027,30944,309671542,3164,0,0,0
27.4120,30945,309681543,1936,0,0,0
27.4223,30946,309691542,3158,0,0,0
27.4321,30947,309701543,1937,0,0,0
27.4459,30948,309711542,3162,0,0,0
27.4518,30949,309721543,1953,0,0,0
27.4656,30950,309731543,3184,0,0,0
27.4748,30951,309741542,1951,0,0,0
27.4835,30952,309751542,3184,0,0,0
27.4954,30953,309761543,1943,0,0,0
27.5041,30954,309771543,3173,0,0,0
27.5141,30955,309781543,1943,0,0,0
27.5249,30956,309791543,3163,0,0,0
27.5335,30957,309801542,1947,0,0,0
27.5416,30958,309811543,3164,0,0,0
27.5519,30959,309821543,1952,0,0,0
27.5616,30960,309831543,3171,0,0,0
27.5722,30961,309841543,1958,0,0,0
27.5818,30962,309851543,3171,0,0,0
27.5920,30963,309861542,1950,0,0,0
27.6043,30964,309871543,3171,0,0,0
27.6181,30965,309881543,1936,0,0,0
27.6277,30966,309891542,3163,0,0,0
27.6358,30967,309901543,1932,0,0,0
27.6437,30968,309911542,3151,0,0,0
27.6554,30969,309921543,1919,0,0,0
27.6644,30970,309931543,3152,0,0,0
27.6751,30971,309941543,1923,0,0,0
27.6819,30972,309951543,3146,0,0,0
27.6915,30973,309961543,1926,0,0,0
27.7020,30974,309971543,3152,0,0,0
27.7120,30975,309981543,1904,0,0,0
27.7224,30976,309991543,3135,0,0,0
27.7322,30977,310001543,1915,0,0,0
27.7419,30978,310011543,3130,0,0,0
27.7522,30979,310021543,1905,0,0,0
27.7733,30980,310031543,3151,0,0,0
27.7741,30981,310041543,1904,0,0,0
27.7857,30982,310051543,3142,0,0,0
27.7966,30983,310061543,1904,0,0,0
27.8129,30984,310071543,3136,0,0,0
27.8182,30985,310081543,1899,0,0,0
27.8236,30986,310091543,3138,0,0,0
27.8327,30987,310101543,1895,0,0,0
27.8447,30988,310111543,3127,0,0,0
27.8524,30989,310121543,1890,0,0,0
27.8643,30990,310131542,3105,0,0,0
27.8717,30991,310141543,1886,0,0,0
27.8821,30992,310151543,3103,0,0,0
27.8919,30993,310161543,1882,0,0,0
27.9030,30994,310171543,3086,0,0,0
27.9120,30995,310181543,1892,0,0,0
27.9230,30996,310191543,3066,0,0,0
27.9340,30997,310201543,1883,0,0,0
27.9495,30998,310211543,3059,0,0,0
27.9571,30999,310221543,1878,0,0,0
27.9618,31000,310231542,3049,0,0,0
27.9739,31001,310241543,1885,0,0,0
27.9816,31002,310251543,3042,0,0,0
27.9936,31003,310261543,1885,0,0,0
28.0037,31004,310271543,3039,0,0,0
28.0157,31005,310281543,1882,0,0,0
28.0215,31006,310291542,3011,0,0,0
28.0316,31007,310301543,1891,0,0,0
28.0418,31008,310311543,3007,0,0,0
28.0522,31009,310321543,1894,0,0,0
28.0622,31010,310331543,3007,0,0,0
28.0728,31011,310341543,1895,0,0,0
28.0818,31012,310351543,2999,0,0,0
28.1020,31013,310361543,1893,0,0,0
28.1027,31014,310371543,2994,0,0,0
28.1128,31015,310381543,1898,0,0,0
28.1258,31016,310391543,2981,0,0,0
28.1361,31017,310401543,1911,0,0,0
28.1427,31018,310411542,2974,0,0,0
28.1556,31019,310421543,1924,0,0,0
28.1632,31020,310431543,2969,0,0,0
28.1768,31021,310441543,1936,0,0,0
28.1849,31022,310451543,2982,0,0,0
28.1918,31023,310461543,1947,0,0,0
28.2017,31024,310471542,2975,0,0,0
28.2121,31025,310481543,1947,0,0,0
28.2217,31026,310491543,2960,0,0,0
28.2324,31027,310501542,1981,0,0,0
28.2422,31028,310511543,2937,0,0,0
28.2587,31029,310521543,1977,0,0,0
28.2618,31030,310531543,2951,0,0,0
28.2748,31031,310541543,1999,0,0,0
28.2868,31032,310551543,2955,0,0,0
28.2964,31033,310561543,2033,0,0,0
28.3050,31034,310571543,2949,0,0,0
28.3117,31035,310581543,2060,0,0,0
28.3245,31036,310591543,2958,0,0,0
28.3317,31037,310601543,2066,0,0,0
28.3415,31038,310611543,2940,0,0,0
28.3519,31039,310621543,2071,0,0,0
28.3617,31040,310631543,2947,0,0,0
28.3724,31041,310641543,2078,0,0,0
28.3823,31042,310651543,2947,0,0,0
28.3920,31043,310661542,2085,0,0,0
28.4174,31044,310671542,2939,0,0,0
28.4183,31045,310681543,2095,0,0,0
28.4219,31046,310691543,2939,0,0,0
28.4387,31047,310701543,2094,0,0,0
28.4420,31048,310711543,2942,0,0,0
28.4534,31049,310721542,2096,0,0,0
28.4656,31050,310731542,2939,0,0,0
28.4734,31051,310741543,2105,0,0,0
28.4818,31052,310751543,2930,0,0,0
28.4924,31053,310761543,2112,0,0,0
28.5014,31054,310771543,2928,0,0,0
28.5121,31055,310781543,2118,0,0,0
28.5217,31056,310791543,2917,0,0,0
28.5326,31057,310801543,2125,0,0,0
28.5424,31058,310811543,2912,0,0,0
28.5534,31059,310821543,2085,0,0,0
28.5622,31060,310831543,2881,0,0,0
28.5813,31061,310841543,2061,0,0,0
28.5820,31062,310851543,2863,0,0,0
28.5967,31063,310861543,2068,0,0,0
28.6055,31064,310871543,2833,0,0,0
28.6127,31065,310881543,2080,0,0,0
28.6272,31066,310891543,2825,0,0,0
28.6342,31067,310901543,2096,0,0,0
28.6455,31068,310911543,2800,0,0,0
28.6552,31069,310921542,2099,0,0,0
28.6617,31070,310931543,2807,0,0,0
28.6718,31071,310941543,2112,0,0,0
28.6823,31072,310951543,2796,0,0,0
28.6916,31073,310961543,2127,0,0,0
28.7017,31074,310971543,2783,0,0,0
28.7123,31075,310981543,2146,0,0,0
28.7224,31076,310991543,2763,0,0,0
28.7397,31077,311001543,2161,0,0,0
28.7419,31078,311011542,2762,0,0,0
28.7549,31079,311021543,2165,0,0,0
28.7841,31082,311051543,2756,0,0,0
28.7937,31083,311061543,2176,0,0,0
28.8029,31084,311071543,2736,0,0,0
28.8122,31085,311081542,2179,0,0,0
28.8265,31086,311091542,2752,0,0,0
28.8352,31087,311101543,2191,0,0,0
28.8418,31088,311111543,2734,0,0,0
28.8515,31089,311121543,2209,0,0,0
28.8616,31090,311131543,2731,0,0,0
28.8721,31091,311141543,2221,0,0,0
28.8818,31092,311151543,2727,0,0,0
28.8918,31093,311161542,2217,0,0,0
28.9142,31094,311171542,2735,0,0,0
28.9150,31095,311181543,2230,0,0,0
28.9219,31096,311191542,2743,0,0,0
28.9371,31097,311201543,2262,0,0,0
28.9471,31098,311211543,2733,0,0,0
28.9540,31099,311221543,2257,0,0,0
28.9623,31100,311231543,2737,0,0,0
28.9729,31101,311241543,2279,0,0,0
28.9825,31102,311251543,2743,0,0,0
28.9924,31103,311261543,2306,0,0,0
29.0018,31104,311271542,2743,0,0,0
29.0119,31105,311281543,2323,0,0,0
29.0218,31106,311291542,2751,0,0,0
29.0320,31107,311301543,2337,0,0,0
29.0420,31108,311311543,2751,0,0,0
29.0522,31109,311321542,2348,0,0,0
29.0622,31110,311331542,2749,0,0,0
29.0844,31111,311341542,2352,0,0,0
29.0855,31112,311351543,2748,0,0,0
29.0924,31113,311361543,2365,0,0,0
29.1021,31114,311371543,2734,0,0,0
29.1160,31115,311381543,2364,0,0,0
29.1229,31116,311391543,2735,0,0,0
29.1355,31117,311401543,2370,0,0,0
29.1457,31118,311411543,2727,0,0,0
29.1516,31119,311421543,2378,0,0,0
29.1655,31120,311431542,2730,0,0,0
29.1715,31121,311441543,2384,0,0,0
29.1815,31122,311451542,2722,0,0,0
29.1918,31123,311461543,2389,0,0,0
29.2016,31124,311471543,2736,0,0,0
29.2124,31125,311481543,2402,0,0,0
29.2221,31126,311491543,2715,0,0,0
29.2318,31127,311501543,2390,0,0,0
29.2481,31128,311511543,2711,0,0,0
29.2522,31129,311521543,2391,0,0,0
29.2627,31130,311531543,2687,0,0,0
29.2725,31131,311541543,2406,0,0,0
29.2857,31132,311551543,2694,0,0,0
29.2956,31133,311561543,2411,0,0,0
29.3017,31134,311571543,2691,0,0,0
29.3129,31135,311581543,2421,0,0,0
29.3216,31136,311591543,2691,0,0,0
29.3315,31137,311601542,2410,0,0,0
29.3418,31138,311611542,2685,0,0,0
29.3522,31139,311621543,2406,0,0,0
29.3623,31140,311631543,2702,0,0,0
29.3727,31141,311641543,2407,0,0,0
29.3827,31142,311651543,2688,0,0,0
29.3937,31143,311661543,2416,0,0,0
29.4028,31144,311671543,2675,0,0,0
29.4124,31145,311681543,2422,0,0,0
29.4296,31146,311691543,2672,0,0,0
29.4318,31147,311701543,2410,0,0,0
29.4438,31148,311711542,2670,0,0,0
29.4564,31149,311721542,2416,0,0,0
29.4638,31150,311731543,2666,0,0,0
29.4766,31151,311741543,2416,0,0,0
29.4818,31152,311751543,2654,0,0,0
29.4916,31153,311761543,2417,0,0,0
29.5019,31154,311771543,2647,0,0,0
29.5121,31155,311781543,2431,0,0,0
29.5221,31156,311791543,2636,0,0,0
29.5323,31157,311801542,2422,0,0,0
29.5419,31158,311811542,2627,0,0,0
29.5614,31159,311821543,2422,0,0,0
29.5623,31160,311831543,2622,0,0,0
29.5758,31161,311841543,2417,0,0,0
29.5854,31162,311851543,2624,0,0,0
29.5956,31163,311861543,2432,0,0,0
29.6032,31164,311871543,2627,0,0,0
29.6170,31165,311881543,2434,0,0,0
29.6247,31166,311891543,2589,0,0,0
29.6361,31167,311901543,2445,0,0,0
29.6462,31168,311911542,2595,0,0,0
29.6517,31169,311921543,2431,0,0,0
29.6621,31170,311931543,2582,0,0,0
29.6721,31171,311941543,2445,0,0,0
29.6817,31172,311951542,2559,0,0,0
29.6921,31173,311961543,2455,0,0,0
29.7025,31174,311971543,2550,0,0,0
29.7121,31175,311981543,2452,0,0,0
29.7298,31176,311991543,2554,0,0,0
29.7355,31177,312001542,2468,0,0,0
29.7433,31178,312011542,2548,0,0,0
29.7561,31179,312021543,2482,0,0,0
29.7652,31180,312031543,2535,0,0,0
29.7722,31181,312041543,2495,0,0,0
29.7849,31182,312051542,2531,0,0,0
29.7921,31183,312061542,2497,0,0,0
29.8063,31184,312071543,2501,0,0,0
29.8137,31185,312081543,2511,0,0,0
29.8214,31186,312091543,2496,0,0,0
29.8322,31187,312101543,2533,0,0,0
29.8427,31188,312111543,2485,0,0,0
29.8523,31189,312121543,2544,0,0,0
29.8618,31190,312131543,2491,0,0,0
29.8721,31191,312141543,2549,0,0,0
29.8819,31192,312151543,2474,0,0,0
29.8983,31193,312161543,2551,0,0,0
29.9022,31194,312171542,2457,0,0,0
29.9153,31195,312181543,2559,0,0,0
29.9279,31196,312191543,2448,0,0,0
29.9334,31197,312201543,2587,0,0,0
29.9419,31198,312211543,2439,0,0,0
29.9538,31199,312221543,2559,0,0,0
29.9651,31200,312231543,2429,0,0,0
29.9754,31201,312241543,2598,0,0,0
29.9815,31202,312251543,2436,0,0,0
29.9916,31203,312261543,2611,0,0,0
30.0017,31204,312271543,2430,0,0,0
30.0118,31205,312281543,2611,0,0,0
30.0225,31206,312291543,2417,0,0,0
30.0319,31207,312301542,2631,0,0,0
30.0423,31208,312311543,2403,0,0,0
30.0550,31209,312321543,2651,0,0,0
30.0621,31210,312331543,2398,0,0,0
30.0792,31211,312341543,2674,0,0,0
30.0817,31212,312351543,2375,0,0,0
30.0950,31213,312361543,2698,0,0,0
30.1016,31214,312371543,2371,0,0,0
30.1140,31215,312381543,2711,0,0,0
30.1253,31216,312391543,2362,0,0,0
30.1341,31217,312401543,2724,0,0,0
30.1427,31218,312411542,2357,0,0,0
30.1516,31219,312421543,2733,0,0,0
30.1621,31220,312431543,2340,0,0,0
30.1718,31221,312441543,2757,0,0,0
30.1823,31222,312451543,2321,0,0,0
30.1919,31223,312461543,2769,0,0,0
30.2025,31224,312471543,2314,0,0,0
30.2186,31225,312481543,2794,0,0,0
30.2223,31226,312491543,2295,0,0,0
30.2321,31227,312501543,2818,0,0,0
30.2489,31228,312511543,2320,0,0,0
30.2553,31229,312521543,2815,0,0,0
30.2639,31230,312531542,2289,0,0,0
30.2718,31231,312541543,2834,0,0,0
30.2834,31232,312551543,2286,0,0,0
30.2926,31233,312561543,2839,0,0,0
30.3024,31234,312571543,2287,0,0,0
30.3116,31235,312581543,2853,0,0,0
30.3217,31236,312591543,2260,0,0,0
30.3322,31237,312601543,2854,0,0,0
30.3422,31238,312611543,2271,0,0,0
30.3524,31239,312621542,2873,0,0,0
30.3622,31240,312631543,2270,0,0,0
30.3827,31241,312641542,2874,0,0,0
30.3834,31242,312651543,2256,0,0,0
30.3939,31243,312661543,2886,0,0,0
30.4050,31244,312671542,2255,0,0,0
30.4167,31245,312681543,2886,0,0,0
30.4228,31246,312691543,2246,0,0,0
30.4359,31247,312701542,2899,0,0,0
30.4440,31248,312711542,2241,0,0,0
30.4560,31249,312721543,2917,0,0,0
30.4638,31250,312731543,2224,0,0,0
30.4763,31251,312741543,2928,0,0,0
30.4815,31252,312751543,2224,0,0,0
30.4914,31253,312761543,2933,0,0,0
30.5021,31254,312771543,2225,0,0,0
30.5122,31255,312781543,2931,0,0,0
30.5219,31256,312791543,2215,0,0,0
30.5320,31257,312801543,2928,0,0,0
30.5420,31258,312811542,2213,0,0,0
30.5577,31259,312821543,2953,0,0,0
30.5628,31260,312831543,2201,0,0,0
30.5751,31261,312841543,2961,0,0,0
30.5819,31262,312851543,2199,0,0,0
30.5999,31263,312861543,2969,0,0,0
30.6072,31264,312871543,2192,0,0,0
30.6148,31265,312881543,2971,0,0,0
30.6258,31266,312891543,2191,0,0,0
30.6317,31267,312901543,2987,0,0,0
30.6459,31268,312911543,2182,0,0,0
30.6515,31269,312921543,2993,0,0,0
30.6620,31270,312931543,2176,0,0,0
30.6718,31271,312941543,3006,0,0,0
30.6817,31272,312951543,2171,0,0,0
30.6918,31273,312961543,2994,0,0,0
30.7023,31274,312971543,2167,0,0,0
30.7121,31275,312981543,3027,0,0,0
30.7274,31276,312991543,2162,0,0,0
30.7348,31277,313001543,3017,0,0,0
30.7422,31278,313011543,2150,0,0,0
30.7519,31279,313021543,3033,0,0,0
30.7627,31280,313031542,2155,0,0,0
30.7760,31281,313041543,3041,0,0,0
30.7841,31282,313051542,2137,0,0,0
30.7945,31283,313061543,3060,0,0,0
30.8031,31284,313071543,2128,0,0,0
30.8146,31285,313081543,3069,0,0,0
30.8218,31286,313091543,2117,0,0,0
30.8315,31287,313101543,3088,0,0,0
30.8419,31288,313111543,2112,0,0,0
30.8523,31289,313121542,3105,0,0,0
30.8624,31290,313131542,2103,0,0,0
30.8725,31291,313141543,3116,0,0,0
30.8818,31292,313151543,2096,0,0,0
30.8952,31293,313161543,3135,0,0,0
30.9040,31294,313171543,2111,0,0,0
30.9164,31295,313181543,3136,0,0,0
30.9260,31296,313191543,2067,0,0,0
30.9339,31297,313201543,3121,0,0,0
30.9417,31298,313211543,2071,0,0,0
30.9562,31299,313221543,3147,0,0,0
30.9668,31300,313231542,2070,0,0,0
30.9788,31301,313241543,3152,0,0,0
30.9872,31302,313251543,2065,0,0,0
30.9955,31303,313261542,3149,0,0,0
31.0090,31304,313271543,2064,0,0,0
31.0134,31305,313281543,3158,0,0,0
31.0218,31306,313291543,2055,0,0,0
31.0314,31307,313301543,3154,0,0,0
31.0417,31308,313311542,2044,0,0,0
31.0515,31309,313321543,3162,0,0,0
31.0615,31310,313331543,2032,0,0,0
31.0715,31311,313341543,3174,0,0,0
31.0815,31312,313351542,2034,0,0,0
31.0935,31313,313361543,3170,0,0,0
31.1051,31314,313371543,2016,0,0,0
31.1129,31315,313381543,3184,0,0,0
31.1236,31316,313391543,2011,0,0,0
31.1337,31317,313401543,3184,0,0,0
31.1435,31318,313411543,2013,0,0,0
31.1534,31319,313421543,3194,0,0,0
31.1623,31320,313431543,2014,0,0,0
31.1716,31321,313441543,3186,0,0,0
31.1840,31322,313451543,2000,0,0,0
31.1942,31323,313461543,3201,0,0,0
31.2016,31324,313471543,1986,0,0,0
31.2115,31325,313481543,3193,0,0,0
31.2215,31326,313491542,1987,0,0,0
31.2314,31327,313501543,3173,0,0,0
31.2415,31328,313511542,1998,0,0,0
31.2515,31329,313521543,3201,0,0,0
31.2614,31330,313531543,1984,0,0,0
31.2753,31331,313541543,3194,0,0,0
31.2819,31332,313551543,1983,0,0,0
31.2918,31333,313561542,3198,0,0,0
31.3043,31334,313571543,1984,0,0,0
31.3125,31335,313581543,3184,0,0,0
31.3251,31336,313591543,1982,0,0,0
31.3366,31337,313601543,3182,0,0,0
31.3428,31338,313611542,1979,0,0,0
31.3571,31339,313621543,3184,0,0,0
31.3619,31340,313631543,1978,0,0,0
31.3716,31341,313641543,3182,0,0,0
31.3815,31342,313651543,1965,0,0,0
31.3914,31343,313661543,3182,0,0,0
31.4017,31344,313671542,1963,0,0,0
31.4116,31345,313681543,3171,0,0,0
31.4214,31346,313691542,1959,0,0,0
31.4327,31347,313701543,3175,0,0,0
31.4442,31348,313711543,1957,0,0,0
31.4590,31349,313721543,3171,0,0,0
31.4681,31350,313731543,1955,0,0,0
31.4777,31351,313741543,3174,0,0,0
31.4820,31352,313751543,1947,0,0,0
31.4983,31353,313761543,3153,0,0,0
31.5018,31354,313771543,1939,0,0,0
31.5181,31355,313781543,3145,0,0,0
31.5250,31356,313791543,1931,0,0,0
31.5335,31357,313801543,3134,0,0,0
31.5420,31358,313811542,1929,0,0,0
31.5516,31359,313821543,3138,0,0,0
31.5614,31360,313831542,1936,0,0,0
31.5714,31361,313841543,3142,0,0,0
31.5816,31362,313851543,1931,0,0,0
31.5984,31363,313861543,3113,0,0,0
31.6018,31364,313871542,1917,0,0,0
31.6127,31365,313881543,3121,0,0,0
31.6223,31366,313891543,1914,0,0,0
31.6408,31367,313901543,3119,0,0,0
31.6436,31368,313911543,1905,0,0,0
31.6578,31369,313921543,3106,0,0,0
31.6728,31370,313931542,1906,0,0,0
31.6748,31371,313941543,3082,0,0,0
31.6864,31372,313951543,1905,0,0,0
31.6947,31373,313961543,3057,0,0,0
31.7042,31374,313971542,1904,0,0,0
31.7191,31375,313981543,3053,0,0,0
31.7300,31376,313991543,1915,0,0,0
31.7318,31377,314001543,3035,0,0,0
31.7420,31378,314011543,1913,0,0,0
31.7518,31379,314021543,3040,0,0,0
31.7619,31380,314031543,1909,0,0,0
31.7717,31381,314041543,3017,0,0,0
31.7815,31382,314051543,1916,0,0,0
31.7918,31383,314061543,3003,0,0,0
31.8063,31384,314071542,1925,0,0,0
31.8164,31385,314081543,2991,0,0,0
31.8271,31386,314091543,1936,0,0,0
31.8373,31387,314101543,2973,0,0,0
31.8476,31388,314111543,1941,0,0,0
31.8561,31389,314121543,2961,0,0,0
31.8627,31390,314131543,1955,0,0,0
31.8783,31391,314141543,2959,0,0,0
31.8859,31392,314151543,1972,0,0,0
31.8953,31393,314161543,2947,0,0,0
31.9067,31394,314171543,1987,0,0,0
31.9125,31395,314181543,2931,0,0,0
31.9218,31396,314191542,2004,0,0,0
31.9315,31397,314201542,2921,0,0,0
31.9417,31398,314211542,2015,0,0,0
31.9516,31399,314221543,2896,0,0,0
31.9615,31400,314231543,2022,0,0,0
31.9717,31401,314241543,2926,0,0,0
31.9866,31402,314251543,2043,0,0,0
31.9984,31403,314261543,2919,0,0,0
32.0092,31404,314271543,2047,0,0,0
32.0116,31405,314281543,2887,0,0,0
32.0273,31406,314291543,2063,0,0,0
32.0389,31407,314301543,2909,0,0,0
32.0424,31408,314311543,2079,0,0,0
32.0585,31409,314321542,2901,0,0,0
32.0649,31410,314331543,2090,0,0,0
32.0770,31411,314341543,2896,0,0,0
32.0883,31412,314351543,2085,0,0,0
32.0950,31413,314361543,2908,0,0,0
32.1020,31414,314371543,2099,0,0,0
32.1115,31415,314381543,2898,0,0,0
32.1215,31416,314391542,2083,0,0,0
32.1314,31417,314401543,2896,0,0,0
32.1418,31418,314411543,2087,0,0,0
32.1514,31419,314421543,2894,0,0,0
32.1614,31420,314431543,2097,0,0,0
32.1722,31421,314441543,2899,0,0,0
32.1858,31422,314451542,2112,0,0,0
32.2008,31423,314461543,2893,0,0,0
32.2088,31424,314471542,2128,0,0,0
32.2120,31425,314481543,2887,0,0,0
32.2229,31426,314491543,2135,0,0,0
32.2378,31427,314501543,2876,0,0,0
32.2448,31428,314511542,2160,0,0,0
32.2530,31429,314521543,2833,0,0,0
32.2621,31430,314531543,2160,0,0,0
32.2716,31431,314541543,2832,0,0,0
32.2815,31432,314551543,2206,0,0,0
32.2919,31433,314561543,2822,0,0,0
32.3014,31434,314571543,2198,0,0,0
32.3116,31435,314581543,2810,0,0,0
32.3222,31436,314591543,2204,0,0,0
32.3316,31437,314601543,2803,0,0,0
32.3474,31438,314611543,2211,0,0,0
32.3546,31439,314621543,2788,0,0,0
32.3624,31440,314631543,2215,0,0,0
32.3776,31441,314641543,2790,0,0,0
32.3863,31442,314651543,2233,0,0,0
32.3944,31443,314661543,2768,0,0,0
32.4074,31444,314671543,2239,0,0,0
32.4176,31445,314681542,2768,0,0,0
32.4228,31446,314691543,2256,0,0,0
32.4325,31447,314701543,2764,0,0,0
32.4416,31448,314711543,2253,0,0,0
32.4518,31449,314721543,2752,0,0,0
32.4616,31450,314731543,2267,0,0,0
32.4715,31451,314741543,2742,0,0,0
32.4816,31452,314751543,2281,0,0,0
32.4918,31453,314761543,2737,0,0,0
32.5016,31454,314771543,2289,0,0,0
32.5146,31455,314781543,2736,0,0,0
32.5227,31456,314791543,2297,0,0,0
32.5322,31457,314801542,2721,0,0,0
32.5469,31458,314811542,2301,0,0,0
32.5547,31459,314821543,2719,0,0,0
32.5625,31460,314831543,2309,0,0,0
32.5743,31461,314841543,2719,0,0,0
32.5836,31462,314851543,2305,0,0,0
32.5973,31463,314861543,2714,0,0,0
32.6019,31464,314871543,2303,0,0,0
32.6119,31465,314881543,2717,0,0,0
32.6218,31466,314891543,2320,0,0,0
32.6319,31467,314901543,2704,0,0,0
32.6414,31468,314911542,2334,0,0,0
32.6520,31469,314921543,2703,0,0,0
32.6619,31470,314931543,2326,0,0,0
32.6719,31471,314941543,2694,0,0,0
32.6820,31472,314951543,2331,0,0,0
32.6938,31473,314961542,2691,0,0,0
32.7059,31474,314971543,2338,0,0,0
32.7163,31475,314981543,2677,0,0,0
32.7237,31476,314991543,2352,0,0,0
32.7323,31477,315001543,2666,0,0,0
32.7487,31478,315011543,2360,0,0,0
32.7543,31479,315021543,2673,0,0,0
32.7631,31480,315031543,2361,0,0,0
32.7716,31481,315041543,2671,0,0,0
32.7815,31482,315051543,2366,0,0,0
32.7918,31483,315061543,2672,0,0,0
32.8022,31484,315071543,2375,0,0,0
32.8115,31485,315081543,2669,0,0,0
32.8214,31486,315091543,2384,0,0,0
32.8314,31487,315101543,2654,0,0,0
32.8469,31488,315111542,2383,0,0,0
32.8526,31489,315121543,2650,0,0,0
32.8656,31490,315131542,2393,0,0,0
32.8765,31491,315141543,2650,0,0,0
32.8881,31492,315151542,2398,0,0,0
32.8969,31493,315161543,2647,0,0,0
32.9075,31494,315171543,2401,0,0,0
32.9189,31495,315181543,2640,0,0,0
32.9281,31496,315191543,2421,0,0,0
32.9415,31497,315201543,2647,0,0,0
32.9458,31498,315211543,2412,0,0,0
32.9556,31499,315221543,2626,0,0,0
32.9632,31500,315231543,2419,0,0,0
32.9718,31501,315241543,2623,0,0,0
32.9816,31502,315251543,2424,0,0,0
32.9919,31503,315261543,2621,0,0,0
33.0015,31504,315271542,2427,0,0,0
33.0116,31505,315281543,2605,0,0,0
33.0215,31506,315291543,2438,0,0,0
33.0326,31507,315301543,2607,0,0,0
33.0446,31508,315311542,2447,0,0,0
33.0600,31509,315321543,2583,0,0,0
33.0624,31510,315331543,2465,0,0,0
33.0770,31511,315341543,2559,0,0,0
33.0862,31512,315351542,2479,0,0,0
33.0954,31513,315361542,2559,0,0,0
33.1041,31514,315371543,2483,0,0,0
33.1138,31515,315381543,2559,0,0,0
33.1218,31516,315391543,2497,0,0,0
33.1316,31517,315401543,2530,0,0,0
33.1417,31518,315411543,2512,0,0,0
33.1516,31519,315421543,2518,0,0,0
33.1620,31520,315431543,2534,0,0,0
33.1718,31521,315441543,2496,0,0,0
33.1819,31522,315451543,2535,0,0,0
33.1938,31523,315461543,2471,0,0,0
33.2053,31524,315471543,2543,0,0,0
33.2198,31525,315481543,2455,0,0,0
33.2221,31526,315491543,2546,0,0,0
33.2354,31527,315501543,2442,0,0,0
33.2433,31528,315511542,2559,0,0,0
33.2603,31529,315521542,2435,0,0,0
33.2631,31530,315531542,2559,0,0,0
33.2737,31531,315541543,2428,0,0,0
33.2880,31532,315551543,2586,0,0,0
33.2970,31533,315561543,2416,0,0,0
33.3039,31534,315571543,2592,0,0,0
33.3118,31535,315581543,2403,0,0,0
33.3218,31536,315591543,2603,0,0,0
33.3315,31537,315601543,2400,0,0,0
33.3420,31538,315611543,2623,0,0,0
33.3517,31539,315621543,2378,0,0,0
33.3615,31540,315631543,2639,0,0,0
33.3729,31541,315641543,2368,0,0,0
33.3830,31542,315651543,2663,0,0,0
33.4034,31543,315661543,2350,0,0,0
33.4087,31544,315671543,2702,0,0,0
33.4154,31545,315681543,2375,0,0,0
33.4274,31546,315691542,2787,0,0,0
33.4362,31547,315701543,2394,0,0,0
33.4450,31548,315711543,2803,0,0,0
33.4520,31549,315721542,2379,0,0,0
33.4620,31550,315731543,2823,0,0,0
33.4752,31551,315741543,2371,0,0,0
33.4818,31552,315751542,2821,0,0,0
33.4919,31553,315761543,2298,0,0,0
33.5015,31554,315771542,2830,0,0,0
33.5114,31555,315781543,2295,0,0,0
33.5216,31556,315791543,2854,0,0,0
33.5322,31557,315801543,2281,0,0,0
33.5441,31558,315811543,2865,0,0,0
33.5536,31559,315821543,2259,0,0,0
33.5675,31560,315831543,2876,0,0,0
33.5719,31561,315841543,2276,0,0,0
33.5847,31562,315851542,2885,0,0,0
33.5922,31563,315861543,2271,0,0,0
33.6069,31564,315871542,2913,0,0,0
33.6146,31565,315881543,2254,0,0,0
33.6231,31566,315891542,2907,0,0,0
33.6375,31567,315901543,2246,0,0,0
33.6419,31568,315911543,2914,0,0,0
33.6516,31569,315921543,2228,0,0,0
33.6616,31570,315931543,2941,0,0,0
33.6715,31571,315941543,2221,0,0,0
33.6815,31572,315951543,2950,0,0,0
33.6916,31573,315961543,2221,0,0,0
33.7014,31574,315971542,2960,0,0,0
33.7157,31575,315981542,2215,0,0,0
33.7258,31576,315991543,2984,0,0,0
33.7322,31577,316001543,2189,0,0,0
33.7461,31578,316011543,2993,0,0,0
33.7574,31579,316021543,2190,0,0,0
33.7622,31580,316031542,3011,0,0,0
33.7729,31581,316041543,2192,0,0,0
33.7836,31582,316051543,3013,0,0,0
33.7923,31583,316061543,2176,0,0,0
33.8042,31584,316071543,3054,0,0,0
33.8127,31585,316081543,2229,0,0,0
33.8217,31586,316091543,3037,0,0,0
33.8315,31587,316101543,2230,0,0,0
33.8417,31588,316111543,3052,0,0,0
33.8515,31589,316121543,2223,0,0,0
33.8615,31590,316131542,3061,0,0,0
33.8716,31591,316141543,2209,0,0,0
33.8815,31592,316151543,3024,0,0,0
33.8914,31593,316161543,2099,0,0,0
33.9022,31594,316171542,3031,0,0,0
33.9144,31595,316181543,2198,0,0,0
33.9247,31596,316191543,3043,0,0,0
33.9344,31597,316201542,2191,0,0,0
33.9460,31598,316211543,3046,0,0,0
33.9593,31599,316221543,2078,0,0,0
33.9692,31600,316231543,2971,0,0,0
33.9766,31601,316241543,2089,0,0,0
33.9882,31602,316251543,3009,0,0,0
33.9946,31603,316261543,2096,0,0,0
34.0088,31604,316271543,3013,0,0,0
34.0162,31605,316281543,2094,0,0,0
34.0219,31606,316291543,3067,0,0,0
34.0317,31607,316301543,2096,0,0,0
34.0416,31608,316311542,3083,0,0,0
34.0515,31609,316321543,2093,0,0,0
34.0615,31610,316331543,3089,0,0,0
34.0719,31611,316341543,2069,0,0,0
34.0829,31612,316351542,3063,0,0,0
34.0943,31613,316361543,2038,0,0,0
34.1032,31614,316371543,3069,0,0,0
34.1195,31615,316381543,2018,0,0,0
34.1254,31616,316391543,3083,0,0,0
34.1369,31617,316401543,2009,0,0,0
34.1469,31618,316411543,3094,0,0,0
34.1540,31619,316421542,2014,0,0,0
34.1680,31620,316431543,3103,0,0,0
34.1769,31621,316441543,2005,0,0,0
34.1829,31622,316451543,3109,0,0,0
34.1917,31623,316461543,2000,0,0,0
34.2016,31624,316471543,3119,0,0,0
34.2118,31625,316481543,1993,0,0,0
34.2215,31626,316491543,3127,0,0,0
34.2315,31627,316501543,1985,0,0,0
34.2416,31628,316511543,3131,0,0,0
34.2560,31629,316521543,1971,0,0,0
34.2678,31630,316531543,3127,0,0,0
34.2722,31631,316541543,1971,0,0,0
34.2872,31632,316551543,3125,0,0,0
34.2951,31633,316561542,1972,0,0,0
34.3021,31634,316571542,3131,0,0,0
34.3171,31635,316581543,1965,0,0,0
34.3229,31636,316591543,3134,0,0,0
34.3321,31637,316601543,1946,0,0,0
34.3431,31638,316611543,3143,0,0,0
34.3520,31639,316621543,1949,0,0,0
34.3616,31640,316631543,3155,0,0,0
34.3714,31641,316641543,1936,0,0,0
34.3818,31642,316651543,3143,0,0,0
34.3919,31643,316661542,1941,0,0,0
34.4015,31644,316671543,3136,0,0,0
34.4169,31645,316681543,1953,0,0,0
34.4247,31646,316691543,3142,0,0,0
34.4329,31647,316701543,1950,0,0,0
34.4475,31648,316711542,3158,0,0,0
34.4608,31649,316721543,1957,0,0,0
34.4630,31650,316731543,3155,0,0,0
34.4724,31651,316741543,1959,0,0,0
34.4862,31652,316751543,3152,0,0,0
34.4942,31653,316761542,1951,0,0,0
34.5018,31654,316771543,3146,0,0,0
34.5118,31655,316781543,1949,0,0,0
34.5214,31656,316791543,3152,0,0,0
34.5316,31657,316801543,1959,0,0,0
34.5414,31658,316811542,3152,0,0,0
34.5515,31659,316821543,1975,0,0,0
34.5624,31660,316831543,3166,0,0,0
34.5716,31661,316841542,1981,0,0,0
34.5879,31662,316851543,3172,0,0,0
34.5923,31663,316861543,1969,0,0,0
34.6027,31664,316871543,3159,0,0,0
34.6138,31665,316881543,1919,0,0,0
34.6228,31666,316891543,3136,0,0,0
34.6325,31667,316901543,1949,0,0,0
34.6430,31668,316911543,3159,0,0,0
34.6528,31669,316921543,1869,0,0,0
34.6625,31670,316931543,3152,0,0,0
34.6715,31671,316941542,1875,0,0,0
34.6816,31672,316951543,3141,0,0,0
34.6914,31673,316961543,1874,0,0,0
34.7017,31674,316971542,3120,0,0,0
34.7119,31675,316981543,1879,0,0,0
34.7218,31676,316991543,3093,0,0,0
34.7359,31677,317001543,1838,0,0,0
34.7456,31678,317011543,3088,0,0,0
34.7555,31679,317021543,1808,0,0,0
34.7664,31680,317031543,3053,0,0,0
34.7736,31681,317041543,1840,0,0,0
34.7842,31682,317051543,3043,0,0,0
34.7953,31683,317061543,1867,0,0,0
34.8048,31684,317071543,3038,0,0,0
34.8127,31685,317081543,1874,0,0,0
34.8220,31686,317091542,3041,0,0,0
34.8344,31687,317101543,1883,0,0,0
34.8421,31688,317111542,2950,0,0,0
34.8514,31689,317121543,1911,0,0,0
34.8619,31690,317131543,2991,0,0,0
34.8716,31691,317141543,1927,0,0,0
34.8815,31692,317151543,2966,0,0,0
34.8916,31693,317161543,1942,0,0,0
34.9048,31694,317171543,2926,0,0,0
34.9123,31695,317181543,1918,0,0,0
34.9295,31696,317191543,2864,0,0,0
34.9364,31697,317201543,1936,0,0,0
34.9465,31698,317211543,2875,0,0,0
34.9541,31699,317221543,1955,0,0,0
34.9667,31700,317231543,2855,0,0,0
34.9758,31701,317241542,1954,0,0,0
34.9823,31702,317251543,2829,0,0,0
34.9975,31703,317261543,1981,0,0,0
35.0016,31704,317271543,2820,0,0,0
35.0118,31705,317281543,1987,0,0,0
35.0218,31706,317291543,2851,0,0,0
35.0317,31707,317301543,2005,0,0,0
35.0420,31708,317311543,2851,0,0,0
35.0515,31709,317321543,2010,0,0,0
35.0642,31710,317331543,2846,0,0,0
35.0718,31711,317341543,2021,0,0,0
35.0825,31712,317351542,2838,0,0,0
35.0951,31713,317361543,2023,0,0,0
35.1067,31714,317371543,2842,0,0,0
35.1123,31715,317381543,2035,0,0,0
35.1233,31716,317391542,2842,0,0,0
35.1326,31717,317401543,2039,0,0,0
35.1473,31718,317411543,2835,0,0,0
35.1533,31719,317421543,2055,0,0,0
35.1625,31720,317431543,2827,0,0,0
35.1721,31721,317441543,2063,0,0,0
35.1816,31722,317451543,2830,0,0,0
35.1918,31723,317461543,2077,0,0,0
35.2016,31724,317471543,2823,0,0,0
35.2114,31725,317481543,2093,0,0,0
35.2217,31726,317491543,2790,0,0,0
35.2317,31727,317501542,2128,0,0,0
35.2429,31728,317511543,2790,0,0,0
35.2556,31729,317521543,2151,0,0,0
35.2711,31730,317531542,2778,0,0,0
35.2733,31731,317541543,2155,0,0,0
35.2852,31732,317551543,2775,0,0,0
35.2928,31733,317561543,2184,0,0,0
35.3041,31734,317571543,2780,0,0,0
35.3157,31735,317581542,2197,0,0,0
35.3215,31736,317591543,2764,0,0,0
35.3319,31737,317601543,2224,0,0,0
35.3416,31738,317611543,2771,0,0,0
35.3516,31739,317621543,2244,0,0,0
35.3616,31740,317631543,2763,0,0,0
35.3716,31741,317641542,2263,0,0,0
35.3816,31742,317651542,2765,0,0,0
35.3921,31743,317661543,2279,0,0,0
35.4023,31744,317671543,2765,0,0,0
35.4117,31745,317681543,2290,0,0,0
35.4270,31746,317691542,2757,0,0,0
35.4346,31747,317701543,2307,0,0,0
35.4415,31748,317711542,2746,0,0,0
35.4517,31749,317721543,2322,0,0,0
35.4675,31750,317731543,2768,0,0,0
35.4729,31751,317741543,2333,0,0,0
35.4817,31752,317751543,2763,0,0,0
35.4915,31753,317761543,2342,0,0,0
35.5022,31754,317771543,2755,0,0,0
35.5119,31755,317781543,2352,0,0,0
35.5225,31756,317791542,2751,0,0,0
35.5320,31757,317801543,2352,0,0,0
35.5463,31758,317811543,2743,0,0,0
35.5518,31759,317821543,2358,0,0,0
35.5623,31760,317831543,2737,0,0,0
35.5744,31761,317841543,2364,0,0,0
35.5847,31762,317851542,2732,0,0,0
35.5917,31763,317861542,2375,0,0,0
35.6048,31764,317871543,2723,0,0,0
35.6123,31765,317881543,2362,0,0,0
35.6253,31766,317891543,2704,0,0,0
35.6315,31767,317901543,2368,0,0,0
35.6416,31768,317911543,2691,0,0,0
35.6517,31769,317921543,2363,0,0,0
35.6623,31770,317931542,2672,0,0,0
35.6723,31771,317941543,2362,0,0,0
35.6823,31772,317951543,2658,0,0,0
35.6976,31773,317961543,2359,0,0,0
35.7022,31774,317971543,2644,0,0,0
35.7178,31775,317981543,2367,0,0,0
35.7252,31776,317991543,2640,0,0,0
35.7323,31777,318001543,2368,0,0,0
35.7451,31778,318011543,2621,0,0,0
35.7549,31779,318021543,2371,0,0,0
35.7626,31780,318031543,2624,0,0,0
35.7754,31781,318041543,2358,0,0,0
35.7814,31782,318051543,2617,0,0,0
35.7917,31783,318061543,2367,0,0,0
35.8019,31784,318071543,2608,0,0,0
35.8120,31785,318081543,2383,0,0,0
35.8226,31786,318091543,2602,0,0,0
35.8318,31787,318101543,2384,0,0,0
35.8483,31788,318111542,2598,0,0,0
35.8521,31789,318121543,2396,0,0,0
35.8668,31790,318131543,2592,0,0,0
35.8779,31791,318141543,2401,0,0,0
35.8846,31792,318151542,2589,0,0,0
35.8952,31793,318161543,2402,0,0,0
35.9027,31794,318171543,2559,0,0,0
35.9153,31795,318181543,2411,0,0,0
35.9232,31796,318191543,2559,0,0,0
35.9361,31797,318201543,2406,0,0,0
35.9419,31798,318211542,2545,0,0,0
35.9516,31799,318221543,2408,0,0,0
35.9616,31800,318231542,2541,0,0,0
35.9718,31801,318241543,2421,0,0,0
35.9820,31802,318251543,2540,0,0,0
35.9916,31803,318261543,2431,0,0,0
36.0097,31804,318271543,2531,0,0,0
36.0120,31805,318281543,2448,0,0,0
36.0226,31806,318291543,2509,0,0,0
36.0317,31807,318301543,2457,0,0,0
36.0445,31808,318311543,2499,0,0,0
36.0516,31809,318321543,2465,0,0,0
36.0648,31810,318331543,2486,0,0,0
36.0766,31811,318341543,2486,0,0,0
36.0832,31812,318351543,2475,0,0,0
36.0933,31813,318361542,2506,0,0,0
36.1016,31814,318371543,2465,0,0,0
36.1116,31815,318381542,2525,0,0,0
36.1217,31816,318391542,2461,0,0,0
36.1318,31817,318401543,2544,0,0,0
36.1416,31818,318411542,2459,0,0,0
36.1518,31819,318421543,2559,0,0,0
36.1619,31820,318431543,2445,0,0,0
36.1737,31821,318441543,2559,0,0,0
36.1876,31822,318451543,2433,0,0,0
36.1991,31823,318461543,2586,0,0,0
36.2027,31824,318471542,2438,0,0,0
36.2203,31825,318481543,2601,0,0,0
36.2217,31826,318491543,2447,0,0,0
36.2368,31827,318501543,2626,0,0,0
36.2458,31828,318511543,2437,0,0,0
36.2519,31829,318521543,2630,0,0,0
36.2631,31830,318531543,2431,0,0,0
36.2752,31831,318541543,2659,0,0,0
36.2820,31832,318551543,2416,0,0,0
36.2918,31833,318561543,2687,0,0,0
36.3017,31834,318571543,2403,0,0,0
36.3117,31835,318581543,2722,0,0,0
36.3216,31836,318591542,2394,0,0,0
36.3319,31837,318601543,2743,0,0,0
36.3481,31838,318611543,2368,0,0,0
36.3523,31839,318621543,2768,0,0,0
36.3661,31840,318631543,2352,0,0,0
36.3735,31841,318641543,2795,0,0,0
36.3827,31842,318651543,2331,0,0,0
36.3934,31843,318661543,2815,0,0,0
36.4024,31844,318671542,2336,0,0,0
36.4214,31845,318681542,2827,0,0,0
36.4229,31846,318691543,2329,0,0,0
36.4338,31847,318701543,2834,0,0,0
36.4435,31848,318711543,2322,0,0,0
36.4515,31849,318721543,2864,0,0,0
36.4614,31850,318731543,2307,0,0,0
36.4728,31851,318741543,2864,0,0,0
36.4824,31852,318751543,2290,0,0,0
36.4929,31853,318761542,2882,0,0,0
36.5017,31854,318771542,2288,0,0,0
36.5146,31855,318781543,2881,0,0,0
36.5232,31856,318791543,2279,0,0,0
36.5318,31857,318801543,2891,0,0,0
36.5438,31858,318811543,2263,0,0,0
36.5542,31859,318821543,2902,0,0,0
36.5625,31860,318831542,2262,0,0,0
36.5717,31861,318841543,2921,0,0,0
36.5833,31862,318851543,2250,0,0,0
36.5924,31863,318861543,2933,0,0,0
36.6020,31864,318871543,2249,0,0,0
36.6117,31865,318881543,2943,0,0,0
36.6219,31866,318891542,2233,0,0,0
36.6320,31867,318901543,2941,0,0,0
36.6419,31868,318911542,2233,0,0,0
36.6517,31869,318921543,2958,0,0,0
36.6616,31870,318931543,2225,0,0,0
36.6716,31871,318941543,2963,0,0,0
36.6829,31872,318951543,2221,0,0,0
36.6916,31873,318961543,2967,0,0,0
36.7089,31874,318971543,2213,0,0,0
36.7139,31875,318981543,2981,0,0,0
36.7217,31876,318991543,2206,0,0,0
36.7346,31877,319001543,2993,0,0,0
36.7418,31878,319011543,2194,0,0,0
36.7573,31879,319021543,3011,0,0,0
36.7628,31880,319031543,2205,0,0,0
36.7714,31881,319041543,3025,0,0,0
36.7819,31882,319051543,2210,0,0,0
36.7914,31883,319061543,3056,0,0,0
36.8015,31884,319071543,2188,0,0,0
36.8117,31885,319081543,3063,0,0,0
36.8217,31886,319091543,2201,0,0,0
36.8317,31887,319101543,3071,0,0,0
36.8417,31888,319111543,2188,0,0,0
36.8516,31889,319121543,3090,0,0,0
36.8631,31890,319131543,2179,0,0,0
36.8747,31891,319141543,3113,0,0,0
36.8834,31892,319151543,2166,0,0,0
36.8968,31893,319161543,3099,0,0,0
36.9067,31894,319171543,2154,0,0,0
36.9153,31895,319181543,3097,0,0,0
36.9218,31896,319191543,2130,0,0,0
36.9316,31897,319201542,3109,0,0,0
36.9417,31898,319211542,2119,0,0,0
36.9515,31899,319221543,3134,0,0,0
36.9617,31900,319231543,2116,0,0,0
36.9718,31901,319241543,3153,0,0,0
36.9820,31902,319251543,2096,0,0,0
36.9986,31903,319261543,3158,0,0,0
37.0017,31904,319271543,2106,0,0,0
37.0167,31905,319281543,3152,0,0,0
37.0282,31906,319291543,2082,0,0,0
37.0369,31907,319301543,3136,0,0,0
37.0475,31908,319311542,2097,0,0,0
37.0549,31909,319321543,3177,0,0,0
37.0647,31910,319331543,2080,0,0,0
37.0728,31911,319341543,3175,0,0,0
37.0830,31912,319351542,2070,0,0,0
37.0916,31913,319361543,3207,0,0,0
37.1015,31914,319371543,2071,0,0,0
37.1116,31915,319381543,3203,0,0,0
37.1216,31916,319391543,2064,0,0,0
37.1316,31917,319401543,3219,0,0,0
37.1416,31918,319411542,2059,0,0,0
37.1516,31919,319421543,3216,0,0,0
37.1615,31920,319431543,2061,0,0,0
37.1730,31921,319441543,3216,0,0,0
37.1823,31922,319451543,2047,0,0,0
37.2060,31923,319461543,3221,0,0,0
37.2111,31924,319471543,2043,0,0,0
37.2121,31925,319481543,3223,0,0,0
37.2239,31926,319491543,2031,0,0,0
37.2316,31927,319501543,3226,0,0,0
37.2482,31928,319511543,2020,0,0,0
37.2566,31929,319521543,3216,0,0,0
37.2620,31930,319531543,2022,0,0,0
37.2714,31931,319541542,3219,0,0,0
37.2816,31932,319551543,2021,0,0,0
37.2915,31933,319561543,3233,0,0,0
37.3015,31934,319571543,2017,0,0,0
37.3117,31935,319581543,3218,0,0,0
37.3217,31936,319591543,1998,0,0,0
37.3316,31937,319601543,3221,0,0,0
37.3435,31938,319611543,1997,0,0,0
37.3571,31939,319621543,3206,0,0,0
37.3648,31940,319631543,1989,0,0,0
37.3719,31941,319641543,3199,0,0,0
37.3830,31942,319651543,1984,0,0,0
37.3921,31943,319661543,3184,0,0,0
37.4023,31944,319671542,1968,0,0,0
37.4117,31945,319681543,3185,0,0,0
37.4216,31946,319691543,1981,0,0,0
37.4317,31947,319701543,3171,0,0,0
37.4417,31948,319711542,1946,0,0,0
37.4520,31949,319721543,3162,0,0,0
37.4618,31950,319731543,1952,0,0,0
37.4767,31951,319741543,3163,0,0,0
37.4823,31952,319751543,1940,0,0,0
37.4973,31953,319761543,3139,0,0,0
37.5041,31954,319771543,1934,0,0,0
37.5130,31955,319781543,3137,0,0,0
37.5271,31956,319791543,1935,0,0,0
37.5342,31957,319801543,3129,0,0,0
37.5420,31958,319811542,1923,0,0,0
37.5547,31959,319821543,3125,0,0,0
37.5644,31960,319831543,1911,0,0,0
37.5714,31961,319841543,3118,0,0,0
37.5815,31962,319851543,1908,0,0,0
37.5916,31963,319861543,3088,0,0,0
37.6014,31964,319871543,1914,0,0,0
37.6116,31965,319881543,3062,0,0,0
37.6217,31966,319891543,1904,0,0,0
37.6318,31967,319901543,3036,0,0,0
37.6451,31968,319911542,1891,0,0,0
37.6539,31969,319921543,3022,0,0,0
37.6616,31970,319931543,1893,0,0,0
37.6747,31971,319941543,3008,0,0,0
37.6823,31972,319951542,1888,0,0,0
37.6954,31973,319961543,2983,0,0,0
37.7030,31974,319971542,1882,0,0,0
37.7119,31975,319981543,2975,0,0,0
37.7227,31976,319991543,1890,0,0,0
37.7316,31977,320001543,2959,0,0,0
37.7416,31978,320011542,1891,0,0,0
37.7521,31979,320021543,2944,0,0,0
37.7626,31980,320031543,1886,0,0,0
37.7722,31981,320041542,2937,0,0,0
37.7820,31982,320051542,1889,0,0,0
37.7921,31983,320061543,2917,0,0,0
37.8033,31984,320071542,1911,0,0,0
37.8153,31985,320081543,2899,0,0,0
37.8216,31986,320091543,1947,0,0,0
37.8361,31987,320101543,2890,0,0,0
37.8437,31988,320111542,1963,0,0,0
37.8516,31989,320121543,2873,0,0,0
37.8618,31990,320131543,1960,0,0,0
37.8726,31991,320141543,2867,0,0,0
37.8840,31992,320151542,1968,0,0,0
37.8917,31993,320161543,2849,0,0,0
37.9020,31994,320171543,1981,0,0,0
37.9125,31995,320181542,2865,0,0,0
37.9227,31996,320191543,2001,0,0,0
37.9326,31997,320201543,2849,0,0,0
37.9420,31998,320211543,2015,0,0,0
37.9587,31999,320221543,2855,0,0,0
37.9625,32000,320231542,2000,0,0,0
37.9716,32001,320241542,2854,0,0,0
37.9875,32002,320251543,2015,0,0,0
37.9953,32003,320261543,2862,0,0,0
38.0020,32004,320271543,2016,0,0,0
38.0165,32005,320281542,2845,0,0,0
38.0216,32006,320291542,2023,0,0,0
38.0361,32007,320301543,2849,0,0,0
38.0425,32008,320311542,2034,0,0,0
38.0515,32009,320321543,2838,0,0,0
38.0621,32010,320331543,2037,0,0,0
38.0720,32011,320341543,2839,0,0,0
38.0816,32012,320351543,2074,0,0,0
38.0920,32013,320361543,2837,0,0,0
38.1023,32014,320371543,2062,0,0,0
38.1154,32015,320381543,2815,0,0,0
38.1237,32016,320391543,2094,0,0,0
38.1350,32017,320401543,2806,0,0,0
38.1417,32018,320411542,2110,0,0,0
38.1583,32019,320421543,2786,0,0,0
38.1617,32020,320431543,2121,0,0,0
38.1766,32021,320441542,2789,0,0,0
38.1844,32022,320451542,2150,0,0,0
38.1952,32023,320461543,2779,0,0,0
38.2064,32024,320471543,2175,0,0,0
38.2158,32025,320481543,2769,0,0,0
38.2215,32026,320491543,2191,0,0,0
38.2321,32027,320501543,2763,0,0,0
38.2416,32028,320511543,2192,0,0,0
38.2526,32029,320521543,2763,0,0,0
38.2626,32030,320531543,2192,0,0,0
38.2721,32031,320541543,2752,0,0,0
38.2821,32032,320551543,2203,0,0,0
38.2982,32033,320561543,2736,0,0,0
38.3027,32034,320571543,2220,0,0,0
38.3166,32035,320581543,2736,0,0,0
38.3254,32036,320591543,2239,0,0,0
38.3316,32037,320601543,2721,0,0,0
38.3459,32038,320611542,2246,0,0,0
38.3538,32039,320621543,2718,0,0,0
38.3653,32040,320631543,2261,0,0,0
38.3763,32041,320641543,2705,0,0,0
38.3815,32042,320651543,2259,0,0,0
38.3917,32043,320661543,2705,0,0,0
38.4016,32044,320671542,2273,0,0,0
38.4117,32045,320681543,2694,0,0,0
38.4215,32046,320691543,2275,0,0,0
38.4317,32047,320701543,2688,0,0,0
38.4415,32048,320711542,2279,0,0,0
38.4516,32049,320721543,2682,0,0,0
38.4626,32050,320731543,2291,0,0,0
38.4754,32051,320741543,2695,0,0,0
38.4849,32052,320751543,2293,0,0,0
38.4915,32053,320761543,2679,0,0,0
38.5033,32054,320771543,2307,0,0,0
38.5120,32055,320781543,2672,0,0,0
38.5220,32056,320791542,2299,0,0,0
38.5322,32057,320801543,2672,0,0,0
38.5415,32058,320811543,2318,0,0,0
38.5522,32059,320821543,2672,0,0,0
38.5621,32060,320831543,2332,0,0,0
38.5718,32061,320841543,2654,0,0,0
38.5817,32062,320851542,2336,0,0,0
38.5970,32063,320861543,2649,0,0,0
38.6019,32064,320871543,2347,0,0,0
38.6165,32065,320881543,2658,0,0,0
38.6218,32066,320891543,2346,0,0,0
38.6363,32067,320901543,2651,0,0,0
38.6437,32068,320911543,2338,0,0,0
38.6552,32069,320921543,2643,0,0,0
38.6618,32070,320931542,2368,0,0,0
38.6731,32071,320941543,2642,0,0,0
38.6838,32072,320951542,2364,0,0,0
38.6916,32073,320961543,2640,0,0,0
38.7022,32074,320971543,2372,0,0,0
38.7124,32075,320981543,2629,0,0,0
38.7229,32076,320991543,2371,0,0,0
38.7329,32077,321001543,2631,0,0,0
38.7419,32078,321011542,2368,0,0,0
38.7523,32079,321021543,2626,0,0,0
38.7652,32080,321031543,2410,0,0,0
38.7777,32081,321041543,2639,0,0,0
38.7899,32082,321051543,2415,0,0,0
38.7916,32083,321061543,2607,0,0,0
38.8060,32084,321071543,2413,0,0,0
38.8138,32085,321081543,2608,0,0,0
38.8265,32086,321091543,2403,0,0,0
38.8331,32087,321101543,2595,0,0,0
38.8420,32088,321111542,2414,0,0,0
38.8530,32089,321121543,2595,0,0,0
38.8616,32090,321131543,2425,0,0,0
38.8721,32091,321141543,2598,0,0,0
38.8820,32092,321151543,2417,0,0,0
38.8919,32093,321161543,2601,0,0,0
38.9024,32094,321171542,2433,0,0,0
38.9122,32095,321181543,2581,0,0,0
38.9245,32096,321191543,2430,0,0,0
38.9383,32097,321201542,2559,0,0,0
38.9462,32098,321211543,2448,0,0,0
38.9594,32099,321221543,2558,0,0,0
38.9645,32100,321231543,2468,0,0,0
38.9719,32101,321241543,2550,0,0,0
38.9834,32102,321251543,2474,0,0,0
38.9939,32103,321261543,2550,0,0,0
39.0046,32104,321271543,2499,0,0,0
39.0141,32105,321281543,2545,0,0,0
39.0217,32106,321291543,2508,0,0,0
39.0318,32107,321301542,2538,0,0,0
39.0417,32108,321311543,2522,0,0,0
39.0520,32109,321321542,2525,0,0,0
39.0623,32110,321331543,2548,0,0,0
39.0725,32111,321341543,2502,0,0,0
39.0873,32112,321351543,2559,0,0,0
39.0923,32113,321361542,2496,0,0,0
39.1045,32114,321371543,2559,0,0,0
39.1120,32115,321381543,2480,0,0,0
39.1248,32116,321391543,2559,0,0,0
39.1320,32117,321401543,2467,0,0,0
39.1472,32118,321411543,2589,0,0,0
39.1525,32119,321421543,2458,0,0,0
39.1618,32120,321431543,2597,0,0,0
39.1715,32121,321441543,2452,0,0,0
39.1815,32122,321451543,2609,0,0,0
39.1916,32123,321461543,2455,0,0,0
39.2026,32124,321471542,2609,0,0,0
39.2121,32125,321481543,2434,0,0,0
39.2225,32126,321491542,2600,0,0,0
39.2326,32127,321501543,2386,0,0,0
39.2519,32128,321511543,2598,0,0,0
39.2527,32129,321521543,2367,0,0,0
39.2645,32130,321531542,2624,0,0,0
39.2770,32131,321541543,2366,0,0,0
39.2849,32132,321551543,2655,0,0,0
39.2921,32133,321561543,2353,0,0,0
39.3068,32134,321571542,2674,0,0,0
39.3155,32135,321581543,2343,0,0,0
39.3216,32136,321591543,2680,0,0,0
39.3316,32137,321601543,2323,0,0,0
39.3441,32138,321611543,2709,0,0,0
39.3516,32139,321621543,2300,0,0,0
39.3619,32140,321631543,2734,0,0,0
39.3724,32141,321641543,2294,0,0,0
39.3817,32142,321651543,2754,0,0,0
39.3916,32143,321661543,2292,0,0,0
39.4025,32144,321671543,2767,0,0,0
39.4199,32145,321681543,2271,0,0,0
39.4220,32146,321691543,2784,0,0,0
39.4317,32147,321701543,2268,0,0,0
39.4423,32148,321711542,2802,0,0,0
39.4564,32149,321721543,2257,0,0,0
39.4664,32150,321731543,2810,0,0,0
39.4762,32151,321741543,2270,0,0,0
39.4828,32152,321751543,2842,0,0,0
39.4954,32153,321761543,2331,0,0,0
39.5048,32154,321771542,2913,0,0,0
39.5115,32155,321781543,2317,0,0,0
39.5220,32156,321791543,2913,0,0,0
39.5316,32157,321801543,2303,0,0,0
39.5419,32158,321811543,2891,0,0,0
39.5522,32159,321821543,2230,0,0,0
39.5618,32160,321831543,2917,0,0,0
39.5720,32161,321841542,2227,0,0,0
39.5853,32162,321851542,2915,0,0,0
39.5972,32163,321861543,2222,0,0,0
39.6068,32164,321871543,2927,0,0,0
39.6145,32165,321881543,2223,0,0,0
39.6232,32166,321891542,2929,0,0,0
39.6350,32167,321901543,2213,0,0,0
39.6433,32168,321911543,2943,0,0,0
39.6555,32169,321921543,2222,0,0,0
39.6657,32170,321931543,2961,0,0,0
39.6715,32171,321941543,2195,0,0,0
39.6816,32172,321951543,2960,0,0,0
39.6916,32173,321961543,2193,0,0,0
39.7024,32174,321971543,2982,0,0,0
39.7120,32175,321981543,2193,0,0,0
39.7224,32176,321991543,2979,0,0,0
39.7318,32177,322001543,2160,0,0,0
39.7494,32178,322011543,2963,0,0,0
39.7518,32179,322021543,2195,0,0,0
39.7652,32180,322031543,2974,0,0,0
39.7726,32181,322041543,2183,0,0,0
39.7863,32182,322051543,2993,0,0,0
39.7951,32183,322061543,2173,0,0,0
39.8024,32184,322071543,2999,0,0,0
39.8165,32185,322081543,2173,0,0,0
39.8246,32186,322091543,3006,0,0,0
39.8317,32187,322101543,2166,0,0,0
39.8415,32188,322111543,3009,0,0,0
39.8519,32189,322121543,2163,0,0,0
39.8619,32190,322131543,3028,0,0,0
39.8724,32191,322141542,2132,0,0,0
39.8819,32192,322151542,3022,0,0,0
39.8923,32193,322161542,2128,0,0,0
39.9024,32194,322171543,3027,0,0,0
39.9197,32195,322181543,2122,0,0,0
39.9228,32196,322191543,3030,0,0,0
39.9317,32197,322201542,2118,0,0,0
39.9424,32198,322211542,3056,0,0,0
39.9551,32199,322221543,2103,0,0,0
39.9622,32200,322231543,3062,0,0,0
39.9748,32201,322241543,2102,0,0,0
39.9843,32202,322251543,3088,0,0,0
39.9965,32203,322261543,2096,0,0,0
40.0015,32204,322271543,3097,0,0,0
40.0118,32205,322281543,2085,0,0,0
40.0219,32206,322291543,3107,0,0,0
40.0323,32207,322301543,2074,0,0,0
40.0420,32208,322311543,3113,0,0,0
40.0524,32209,322321543,2063,0,0,0
40.0621,32210,322331543,3117,0,0,0
40.0783,32211,322341543,2047,0,0,0
40.0825,32212,322351543,3123,0,0,0
40.0992,32213,322361543,2043,0,0,0
40.1016,32214,322371543,3123,0,0,0
40.1132,32215,322381543,2045,0,0,0
40.1235,32216,322391542,3145,0,0,0
40.1339,32217,322401543,2045,0,0,0
40.1454,32218,322411543,3126,0,0,0
40.1547,32219,322421542,2025,0,0,0
40.1624,32220,322431543,3142,0,0,0
40.1716,32221,322441543,2014,0,0,0
40.1816,32222,322451543,3136,0,0,0
40.1915,32223,322461543,2006,0,0,0
40.2018,32224,322471543,3142,0,0,0
40.2122,32225,322481543,1995,0,0,0
40.2222,32226,322491543,3145,0,0,0
40.2447,32227,322501543,1997,0,0,0
40.2457,32228,322511543,3151,0,0,0
40.2562,32229,322521543,1983,0,0,0
40.2633,32230,322531543,3148,0,0,0
40.2767,32231,322541543,1979,0,0,0
40.2853,32232,322551543,3141,0,0,0
40.2942,32233,322561543,1974,0,0,0
40.3067,32234,322571543,3153,0,0,0
40.3172,32235,322581542,1973,0,0,0
40.3226,32236,322591543,3163,0,0,0
40.3326,32237,322601542,1969,0,0,0
40.3416,32238,322611542,3163,0,0,0
40.3519,32239,322621543,1965,0,0,0
40.3623,32240,322631543,3167,0,0,0
40.3721,32241,322641543,1966,0,0,0
40.3825,32242,322651542,3155,0,0,0
40.3919,32243,322661543,1958,0,0,0
40.4115,32244,322671542,3152,0,0,0
40.4125,32245,322681543,1954,0,0,0
40.4237,32246,322691543,3155,0,0,0
40.4341,32247,322701543,1946,0,0,0
40.4472,32248,322711543,3145,0,0,0
40.4518,32249,322721543,1943,0,0,0
40.4658,32250,322731543,3142,0,0,0
40.4720,32251,322741543,1943,0,0,0
40.4868,32252,322751543,3153,0,0,0
40.4954,32253,322761543,1933,0,0,0
40.5016,32254,322771543,3158,0,0,0
40.5123,32255,322781543,1936,0,0,0
40.5215,32256,322791543,3152,0,0,0
40.5317,32257,322801543,1936,0,0,0
40.5420,32258,322811543,3152,0,0,0
40.5517,32259,322821543,1936,0,0,0
40.5621,32260,322831543,3135,0,0,0
40.5759,32261,322841543,1935,0,0,0
40.5843,32262,322851543,3154,0,0,0
40.5916,32263,322861542,1936,0,0,0
40.6047,32264,322871543,3150,0,0,0
40.6139,32265,322881543,1931,0,0,0
40.6217,32266,322891543,3153,0,0,0
40.6325,32267,322901543,1925,0,0,0
40.6418,32268,322911543,3125,0,0,0
40.6516,32269,322921543,1916,0,0,0
40.6616,32270,322931543,3123,0,0,0
40.6715,32271,322941543,1915,0,0,0
40.6819,32272,322951543,3120,0,0,0
40.6916,32273,322961543,1910,0,0,0
40.7018,32274,322971543,3120,0,0,0
40.7116,32275,322981543,1910,0,0,0
40.7231,32276,322991543,3106,0,0,0
40.7388,32277,323001542,1906,0,0,0
40.7431,32278,323011542,3089,0,0,0
40.7536,32279,323021543,1909,0,0,0
40.7650,32280,323031543,3083,0,0,0
40.7741,32281,323041543,1907,0,0,0
40.7875,32282,323051543,3044,0,0,0
40.7959,32283,323061542,1911,0,0,0
40.8014,32284,323071542,3025,0,0,0
40.8116,32285,323081543,1907,0,0,0
40.8215,32286,323091542,3011,0,0,0
40.8315,32287,323101543,1915,0,0,0
40.8419,32288,323111543,3003,0,0,0
40.8520,32289,323121543,1907,0,0,0
40.8620,32290,323131542,3007,0,0,0
40.8806,32291,323141543,1919,0,0,0
40.8818,32292,323151543,3006,0,0,0
40.8958,32293,323161543,1933,0,0,0
40.9052,32294,323171543,3007,0,0,0
40.9116,32295,323181542,1951,0,0,0
40.9244,32296,323191542,2997,0,0,0
40.9320,32297,323201543,1967,0,0,0
40.9430,32298,323211543,2992,0,0,0
40.9530,32299,323221543,1974,0,0,0
40.9615,32300,323231542,2971,0,0,0
40.9714,32301,323241543,1978,0,0,0
40.9816,32302,323251543,2969,0,0,0
40.9918,32303,323261543,1989,0,0,0
41.0025,32304,323271543,2971,0,0,0
41.0119,32305,323281543,2005,0,0,0
41.0290,32306,323291543,2960,0,0,0
41.0317,32307,323301543,2021,0,0,0
41.0456,32308,323311543,2949,0,0,0
41.0621,32309,323321542,2032,0,0,0
41.0641,32310,323331542,2933,0,0,0
41.0745,32311,323341543,2053,0,0,0
41.0816,32312,323351542,2928,0,0,0
41.0924,32313,323361543,2057,0,0,0
41.1016,32314,323371542,2929,0,0,0
41.1115,32315,323381543,2067,0,0,0
41.1219,32316,323391543,2919,0,0,0
41.1317,32317,323401543,2081,0,0,0
41.1417,32318,323411542,2919,0,0,0
41.1518,32319,323421543,2081,0,0,0
41.1620,32320,323431542,2903,0,0,0
41.1722,32321,323441543,2069,0,0,0
41.1905,32322,323451543,2908,0,0,0
41.1925,32323,323461543,2064,0,0,0
41.2021,32324,323471543,2882,0,0,0
41.2119,32325,323481543,2054,0,0,0
41.2240,32326,323491542,2862,0,0,0
41.2316,32327,323501543,2047,0,0,0
41.2435,32328,323511543,2845,0,0,0
41.2558,32329,323521543,2044,0,0,0
41.2629,32330,323531543,2841,0,0,0
41.2715,32331,323541543,2053,0,0,0
41.2816,32332,323551543,2838,0,0,0
41.2917,32333,323561543,2064,0,0,0
41.3018,32334,323571543,2827,0,0,0
41.3117,32335,323581543,2058,0,0,0
41.3221,32336,323591542,2818,0,0,0
41.3323,32337,323601543,2069,0,0,0
41.3540,32338,323611543,2810,0,0,0
41.3555,32339,323621543,2093,0,0,0
41.3624,32340,323631543,2816,0,0,0
41.3744,32341,323641543,2096,0,0,0
41.3839,32342,323651543,2768,0,0,0
41.3949,32343,323661543,2116,0,0,0
41.4015,32344,323671543,2767,0,0,0
41.4161,32345,323681543,2128,0,0,0
41.4247,32346,323691543,2768,0,0,0
41.4319,32347,323701543,2147,0,0,0
41.4415,32348,323711543,2763,0,0,0
41.4517,32349,323721543,2138,0,0,0
41.4622,32350,323731543,2754,0,0,0
41.4723,32351,323741543,2162,0,0,0
41.4818,32352,323751542,2743,0,0,0
41.4917,32353,323761543,2175,0,0,0
41.5027,32354,323771543,2737,0,0,0
41.5180,32355,323781542,2181,0,0,0
41.5229,32356,323791543,2736,0,0,0
41.5362,32357,323801542,2192,0,0,0
41.5454,32358,323811542,2729,0,0,0
41.5543,32359,323821543,2202,0,0,0
41.5618,32360,323831543,2730,0,0,0
41.5731,32361,323841543,2219,0,0,0
41.5856,32362,323851542,2731,0,0,0
41.5943,32363,323861543,2224,0,0,0
41.6014,32364,323871543,2727,0,0,0
41.6118,32365,323881543,2240,0,0,0
41.6223,32366,323891543,2714,0,0,0
41.6322,32367,323901543,2251,0,0,0
41.6418,32368,323911542,2707,0,0,0
41.6524,32369,323921543,2262,0,0,0
41.6619,32370,323931543,2709,0,0,0
41.6821,32371,323941543,2256,0,0,0
41.6833,32372,323951542,2704,0,0,0
41.6921,32373,323961543,2265,0,0,0
41.7017,32374,323971543,2701,0,0,0
41.7155,32375,323981542,2275,0,0,0
41.7245,32376,323991542,2690,0,0,0
41.7316,32377,324001543,2287,0,0,0
41.7435,32378,324011542,2693,0,0,0
41.7526,32379,324021543,2291,0,0,0
41.7635,32380,324031543,2701,0,0,0
41.7715,32381,324041543,2289,0,0,0
41.7817,32382,324051543,2683,0,0,0
41.7915,32383,324061542,2301,0,0,0
41.8017,32384,324071543,2697,0,0,0
41.8119,32385,324081543,2321,0,0,0
41.8216,32386,324091543,2704,0,0,0
41.8322,32387,324101543,2317,0,0,0
41.8460,32388,324111543,2699,0,0,0
41.8545,32389,324121543,2347,0,0,0
41.8647,32390,324131543,2683,0,0,0
41.8755,32391,324141543,2349,0,0,0
41.8820,32392,324151543,2675,0,0,0
41.8934,32393,324161543,2346,0,0,0
41.9025,32394,324171543,2678,0,0,0
41.9116,32395,324181543,2350,0,0,0
41.9215,32396,324191543,2671,0,0,0
41.9315,32397,324201543,2341,0,0,0
41.9415,32398,324211542,2642,0,0,0
41.9515,32399,324221543,2362,0,0,0
41.9614,32400,324231543,2651,0,0,0
41.9717,32401,324241543,2349,0,0,0
41.9833,32402,324251543,2656,0,0,0
41.9918,32403,324261543,2358,0,0,0
42.0089,32404,324271543,2653,0,0,0
42.0161,32405,324281543,2358,0,0,0
42.0217,32406,324291542,2634,0,0,0
42.0326,32407,324301543,2379,0,0,0
42.0446,32408,324311543,2638,0,0,0
42.0556,32409,324321543,2377,0,0,0
42.0675,32410,324331542,2634,0,0,0
42.0730,32411,324341543,2372,0,0,0
42.0815,32412,324351542,2623,0,0,0
42.0914,32413,324361543,2397,0,0,0
42.1014,32414,324371543,2621,0,0,0
42.1118,32415,324381543,2394,0,0,0
42.1216,32416,324391543,2615,0,0,0
42.1318,32417,324401543,2395,0,0,0
42.1459,32418,324411543,2613,0,0,0
42.1532,32419,324421543,2416,0,0,0
42.1650,32420,324431542,2608,0,0,0
42.1785,32421,324441543,2409,0,0,0
42.1847,32422,324451543,2603,0,0,0
42.1948,32423,324461543,2418,0,0,0
42.2032,32424,324471542,2607,0,0,0
42.2143,32425,324481543,2419,0,0,0
42.2247,32426,324491543,2602,0,0,0
42.2316,32427,324501543,2427,0,0,0
42.2415,32428,324511543,2592,0,0,0
42.2521,32429,324521543,2443,0,0,0
42.2622,32430,324531543,2599,0,0,0
42.2717,32431,324541543,2442,0,0,0
42.2818,32432,324551543,2585,0,0,0
42.2917,32433,324561543,2448,0,0,0
42.3111,32434,324571543,2586,0,0,0
42.3116,32435,324581543,2448,0,0,0
42.3248,32436,324591543,2559,0,0,0
42.3333,32437,324601542,2473,0,0,0
42.3474,32438,324611542,2559,0,0,0
42.3549,32439,324621543,2476,0,0,0
42.3616,32440,324631543,2548,0,0,0
42.3741,32441,324641543,2480,0,0,0
42.3818,32442,324651543,2545,0,0,0
42.3914,32443,324661542,2494,0,0,0
42.4015,32444,324671542,2535,0,0,0
42.4115,32445,324681543,2501,0,0,0
42.4216,32446,324691543,2517,0,0,0
42.4318,32447,324701543,2510,0,0,0
42.4415,32448,324711542,2502,0,0,0
42.4533,32449,324721543,2523,0,0,0
42.4620,32450,324731543,2494,0,0,0
42.4771,32451,324741543,2543,0,0,0
42.4875,32452,324751543,2486,0,0,0
42.4996,32453,324761543,2550,0,0,0
42.5044,32454,324771543,2482,0,0,0
42.5166,32455,324781543,2559,0,0,0
42.5256,32456,324791543,2473,0,0,0
42.5319,32457,324801543,2582,0,0,0
42.5472,32458,324811543,2465,0,0,0
42.5556,32459,324821542,2589,0,0,0
42.5618,32460,324831542,2455,0,0,0
42.5715,32461,324841543,2597,0,0,0
42.5814,32462,324851543,2457,0,0,0
42.5917,32463,324861543,2608,0,0,0
42.6015,32464,324871543,2446,0,0,0
42.6114,32465,324881543,2607,0,0,0
42.6246,32466,324891543,2445,0,0,0
42.6317,32467,324901543,2627,0,0,0
42.6463,32468,324911543,2451,0,0,0
42.6554,32469,324921543,2647,0,0,0
42.6638,32470,324931543,2423,0,0,0
42.6716,32471,324941543,2633,0,0,0
42.6834,32472,324951543,2422,0,0,0
42.6957,32473,324961543,2650,0,0,0
42.7014,32474,324971543,2409,0,0,0
42.7115,32475,324981543,2679,0,0,0
42.7216,32476,324991543,2401,0,0,0
42.7316,32477,325001543,2694,0,0,0
42.7418,32478,325011543,2370,0,0,0
42.7521,32479,325021543,2718,0,0,0
42.7651,32480,325031543,2369,0,0,0
42.7759,32481,325041543,2734,0,0,0
42.7870,32482,325051543,2361,0,0,0
42.7957,32483,325061543,2749,0,0,0
42.8025,32484,325071543,2358,0,0,0
42.8127,32485,325081543,2768,0,0,0
42.8218,32486,325091543,2350,0,0,0
42.8358,32487,325101543,2790,0,0,0
42.8444,32488,325111542,2337,0,0,0
42.8562,32489,325121543,2821,0,0,0
42.8615,32490,325131543,2346,0,0,0
42.8715,32491,325141543,2846,0,0,0
42.8816,32492,325151543,2325,0,0,0
42.8916,32493,325161543,2848,0,0,0
42.9022,32494,325171543,2329,0,0,0
42.9120,32495,325181543,2873,0,0,0
42.9333,32496,325191543,2326,0,0,0
42.9343,32497,325201543,2879,0,0,0
42.9455,32498,325211543,2323,0,0,0
42.9547,32499,325221543,2894,0,0,0
42.9667,32500,325231543,2313,0,0,0
42.9716,32501,325241543,2896,0,0,0
42.9836,32502,325251542,2301,0,0,0
42.9961,32503,325261543,2907,0,0,0
43.0053,32504,325271543,2304,0,0,0
43.0136,32505,325281543,2903,0,0,0
43.0237,32506,325291543,2294,0,0,0
43.0317,32507,325301543,2919,0,0,0
43.0415,32508,325311542,2290,0,0,0
43.0516,32509,325321543,2928,0,0,0
43.0620,32510,325331543,2284,0,0,0
43.0726,32511,325341543,2943,0,0,0
43.0820,32512,325351543,2275,0,0,0
43.1007,32513,325361543,2945,0,0,0
43.1021,32514,325371543,2266,0,0,0
43.1118,32515,325381543,2952,0,0,0
43.1226,32516,325391542,2262,0,0,0
43.1364,32517,325401543,2937,0,0,0
43.1450,32518,325411543,2237,0,0,0
43.1533,32519,325421543,2939,0,0,0
43.1649,32520,325431543,2225,0,0,0
43.1727,32521,325441543,2928,0,0,0
43.1852,32522,325451543,2215,0,0,0
43.1914,32523,325461543,2930,0,0,0
43.2018,32524,325471543,2211,0,0,0
43.2122,32525,325481543,2943,0,0,0
43.2223,32526,325491543,2194,0,0,0
43.2323,32527,325501543,2949,0,0,0
43.2420,32528,325511543,2189,0,0,0
43.2519,32529,325521543,2947,0,0,0
43.2689,32530,325531543,2172,0,0,0
43.2722,32531,325541543,2955,0,0,0
43.2819,32532,325551542,2165,0,0,0
43.2935,32533,325561543,2962,0,0,0
43.3017,32534,325571543,2165,0,0,0
43.3157,32535,325581543,2962,0,0,0
43.3226,32536,325591543,2161,0,0,0
43.3352,32537,325601543,2992,0,0,0
43.3452,32538,325611543,2156,0,0,0
43.3514,32539,325621543,2973,0,0,0
43.3616,32540,325631543,2155,0,0,0
43.3722,32541,325641543,3013,0,0,0
43.3819,32542,325651543,2166,0,0,0
43.3917,32543,325661543,3012,0,0,0
43.4025,32544,325671542,2160,0,0,0
43.4202,32545,325681543,3029,0,0,0
43.4219,32546,325691543,2163,0,0,0
43.4319,32547,325701543,3037,0,0,0
43.4417,32548,325711543,2155,0,0,0
43.4522,32549,325721542,3050,0,0,0
43.4649,32550,325731542,2150,0,0,0
43.4750,32551,325741543,3056,0,0,0
43.4816,32552,325751543,2126,0,0,0
43.4950,32553,325761543,3039,0,0,0
43.5015,32554,325771543,2096,0,0,0
43.5115,32555,325781543,3047,0,0,0
43.5216,32556,325791543,2111,0,0,0
43.5315,32557,325801543,3059,0,0,0
43.5416,32558,325811543,2092,0,0,0
43.5515,32559,325821543,3082,0,0,0
43.5667,32560,325831543,2106,0,0,0
43.5735,32561,325841543,3095,0,0,0
43.5840,32562,325851543,2083,0,0,0
43.5928,32563,325861543,3104,0,0,0
43.6036,32564,325871543,2067,0,0,0
43.6147,32565,325881543,3071,0,0,0
43.6248,32566,325891542,2059,0,0,0
43.6350,32567,325901543,3117,0,0,0
43.6415,32568,325911543,2068,0,0,0
43.6520,32569,325921543,3115,0,0,0
43.6619,32570,325931542,2042,0,0,0
43.6722,32571,325941543,3123,0,0,0
43.6823,32572,325951543,2038,0,0,0
43.6918,32573,325961543,3139,0,0,0
43.7024,32574,325971543,2036,0,0,0
43.7160,32575,325981543,3120,0,0,0
43.7218,32576,325991543,2042,0,0,0
43.7357,32577,326001543,3117,0,0,0
43.7473,32578,326011543,2033,0,0,0
43.7523,32579,326021543,3138,0,0,0
43.7669,32580,326031543,2029,0,0,0
43.7741,32581,326041543,3174,0,0,0
43.7840,32582,326051543,2070,0,0,0
43.7951,32583,326061543,3158,0,0,0
43.8014,32584,326071543,2064,0,0,0
43.8115,32585,326081543,3197,0,0,0
43.8216,32586,326091543,2041,0,0,0
43.8323,32587,326101543,3175,0,0,0
43.8419,32588,326111543,2064,0,0,0
43.8524,32589,326121543,3206,0,0,0
43.8621,32590,326131542,2059,0,0,0
43.8813,32591,326141543,3216,0,0,0
43.8822,32592,326151543,1972,0,0,0
43.8921,32593,326161542,3217,0,0,0
43.9020,32594,326171542,1968,0,0,0
43.9202,32595,326181543,3209,0,0,0
43.9234,32596,326191543,1961,0,0,0
43.9373,32597,326201543,3216,0,0,0
43.9416,32598,326211543,1954,0,0,0
43.9580,32599,326221543,3247,0,0,0
43.9712,32600,326231543,1937,0,0,0
43.9731,32601,326241543,3253,0,0,0
43.9837,32602,326251543,1930,0,0,0
43.9915,32603,326261543,3221,0,0,0
44.0016,32604,326271543,1924,0,0,0
44.0118,32605,326281543,3230,0,0,0
44.0215,32606,326291543,1923,0,0,0
44.0317,32607,326301543,3241,0,0,0
44.0426,32608,326311542,1915,0,0,0
44.0523,32609,326321543,3215,0,0,0
44.0633,32610,326331543,1915,0,0,0
44.0787,32611,326341542,3202,0,0,0
44.0820,32612,326351542,1930,0,0,0
44.0971,32613,326361543,3198,0,0,0
44.1031,32614,326371543,1935,0,0,0
44.1173,32615,326381543,3196,0,0,0
44.1256,32616,326391543,1921,0,0,0
44.1315,32617,326401543,3194,0,0,0
44.1415,32618,326411543,1910,0,0,0
44.1516,32619,326421543,3136,0,0,0
44.1616,32620,326431543,1951,0,0,0
44.1716,32621,326441543,3152,0,0,0
44.1814,32622,326451543,1921,0,0,0
44.1930,32623,326461543,3152,0,0,0
44.2021,32624,326471542,1927,0,0,0
44.2165,32625,326481543,3151,0,0,0
44.2260,32626,326491543,1935,0,0,0
44.2336,32627,326501543,3127,0,0,0
44.2478,32628,326511543,1931,0,0,0
44.2556,32629,326521543,3143,0,0,0
44.2616,32630,326531543,1936,0,0,0
44.2762,32631,326541543,3143,0,0,0
44.2848,32632,326551543,1927,0,0,0
44.2915,32633,326561543,3142,0,0,0
44.3016,32634,326571543,1921,0,0,0
44.3116,32635,326581543,3119,0,0,0
44.3216,32636,326591543,1905,0,0,0
44.3315,32637,326601543,3119,0,0,0
44.3415,32638,326611543,1899,0,0,0
44.3516,32639,326621543,3105,0,0,0
44.3615,32640,326631543,1893,0,0,0
44.3723,32641,326641543,3090,0,0,0
44.3873,32642,326651543,1879,0,0,0
44.3938,32643,326661543,3091,0,0,0
44.4055,32644,326671543,1867,0,0,0
44.4130,32645,326681542,3095,0,0,0
44.4222,32646,326691543,1867,0,0,0
44.4333,32647,326701543,3056,0,0,0
44.4475,32648,326711543,1870,0,0,0
44.4555,32649,326721543,3049,0,0,0
44.4618,32650,326731543,1872,0,0,0
44.4716,32651,326741543,3030,0,0,0
44.4816,32652,326751543,1871,0,0,0
44.4916,32653,326761543,3015,0,0,0
44.5017,32654,326771543,1872,0,0,0
44.5117,32655,326781543,3015,0,0,0
44.5217,32656,326791543,1856,0,0,0
44.5334,32657,326801543,2976,0,0,0
44.5426,32658,326811543,1866,0,0,0
44.5519,32659,326821543,2997,0,0,0
44.5664,32660,326831543,1868,0,0,0
44.5786,32661,326841543,2978,0,0,0
44.5896,32662,326851543,1863,0,0,0
44.5944,32663,326861543,2960,0,0,0
44.6059,32664,326871543,1867,0,0,0
44.6145,32665,326881543,2971,0,0,0
44.6222,32666,326891543,1871,0,0,0
44.6337,32667,326901543,2945,0,0,0
44.6415,32668,326911543,1872,0,0,0
44.6516,32669,326921543,2950,0,0,0
44.6616,32670,326931543,1873,0,0,0
44.6716,32671,326941543,2941,0,0,0
44.6816,32672,326951543,1879,0,0,0
44.6915,32673,326961543,2954,0,0,0
44.7018,32674,326971543,1901,0,0,0
44.7170,32675,326981542,2943,0,0,0
44.7220,32676,326991542,1902,0,0,0
44.7344,32677,327001543,2922,0,0,0
44.7441,32678,327011543,1923,0,0,0
44.7520,32679,327021543,2912,0,0,0
44.7678,32680,327031543,1919,0,0,0
44.7760,32681,327041543,2919,0,0,0
44.7819,32682,327051542,1935,0,0,0
44.7924,32683,327061543,2925,0,0,0
44.8087,32684,327071543,1957,0,0,0
44.8122,32685,327081543,2915,0,0,0
44.8216,32686,327091543,1975,0,0,0
44.8316,32687,327101542,2898,0,0,0
44.8417,32688,327111543,1983,0,0,0
44.8516,32689,327121543,2893,0,0,0
44.8616,32690,327131543,2003,0,0,0
44.8715,32691,327141543,2896,0,0,0
44.8897,32692,327151542,2026,0,0,0
44.8916,32693,327161543,2885,0,0,0
44.9039,32694,327171542,2031,0,0,0
44.9151,32695,327181543,2895,0,0,0
44.9246,32696,327191542,2039,0,0,0
44.9391,32697,327201543,2893,0,0,0
44.9466,32698,327211543,2047,0,0,0
44.9522,32699,327221543,2886,0,0,0
44.9617,32700,327231543,2047,0,0,0
44.9734,32701,327241543,2881,0,0,0
44.9873,32702,327251543,2054,0,0,0
44.9937,32703,327261543,2883,0,0,0
45.0015,32704,327271543,2062,0,0,0
45.0116,32705,327281543,2882,0,0,0
45.0217,32706,327291542,2079,0,0,0
45.0323,32707,327301543,2892,0,0,0
45.0415,32708,327311543,2064,0,0,0
45.0520,32709,327321543,2887,0,0,0
45.0616,32710,327331542,2077,0,0,0
45.0744,32711,327341543,2880,0,0,0
45.0837,32712,327351543,2092,0,0,0
45.0923,32713,327361543,2892,0,0,0
45.1081,32714,327371542,2089,0,0,0
45.1132,32715,327381543,2874,0,0,0
45.1249,32716,327391543,2095,0,0,0
45.1318,32717,327401543,2887,0,0,0
45.1436,32718,327411543,2105,0,0,0
45.1535,32719,327421543,2887,0,0,0
45.1619,32720,327431543,2099,0,0,0
45.1714,32721,327441543,2881,0,0,0
45.1820,32722,327451542,2114,0,0,0
45.1916,32723,327461543,2877,0,0,0
45.2020,32724,327471543,2131,0,0,0
45.2121,32725,327481543,2867,0,0,0
45.2219,32726,327491543,2144,0,0,0
45.2336,32727,327501543,2843,0,0,0
45.2416,32728,327511542,2151,0,0,0
45.2564,32729,327521543,2833,0,0,0
45.2616,32730,327531543,2160,0,0,0
45.2733,32731,327541543,2826,0,0,0
45.2821,32732,327551542,2173,0,0,0
45.2949,32733,327561543,2837,0,0,0
45.3023,32734,327571543,2179,0,0,0
45.3115,32735,327581543,2818,0,0,0
45.3215,32736,327591542,2193,0,0,0
45.3314,32737,327601543,2801,0,0,0
45.3418,32738,327611542,2202,0,0,0
45.3519,32739,327621543,2800,0,0,0
45.3617,32740,327631543,2211,0,0,0
45.3720,32741,327641543,2793,0,0,0
45.3865,32742,327651543,2221,0,0,0
45.3923,32743,327661543,2806,0,0,0
45.4056,32744,327671543,2235,0,0,0
45.4161,32745,327681543,2816,0,0,0
45.4228,32746,327691543,2224,0,0,0
45.4364,32747,327701543,2782,0,0,0
45.4450,32748,327711542,2244,0,0,0
45.4556,32749,327721543,2773,0,0,0
45.4623,32750,327731542,2253,0,0,0
45.4757,32751,327741543,2777,0,0,0
45.4815,32752,327751543,2256,0,0,0
45.4916,32753,327761543,2779,0,0,0
45.5015,32754,327771542,2261,0,0,0
45.5117,32755,327781543,2768,0,0,0
45.5223,32756,327791543,2271,0,0,0
45.5319,32757,327801543,2767,0,0,0
45.5470,32758,327811543,2278,0,0,0
45.5567,32759,327821543,2762,0,0,0
45.5620,32760,327831543,2286,0,0,0
45.5754,32761,327841543,2773,0,0,0
45.5825,32762,327851543,2311,0,0,0
45.5954,32763,327861543,2771,0,0,0
45.6018,32764,327871543,2320,0,0,0
45.6145,32765,327881543,2768,0,0,0
45.6218,32766,327891543,2327,0,0,0
45.6338,32767,327901543,2763,0,0,0
45.6415,32768,327911543,2326,0,0,0
45.6514,32769,327921543,2765,0,0,0
45.6616,32770,327931543,2333,0,0,0
45.6718,32771,327941543,2755,0,0,0
45.6821,32772,327951543,2339,0,0,0
45.6920,32773,327961543,2754,0,0,0
45.7036,32774,327971543,2349,0,0,0
45.7151,32775,327981543,2746,0,0,0
45.7218,32776,327991543,2352,0,0,0
45.7350,32777,328001543,2734,0,0,0
45.7429,32778,328011542,2354,0,0,0
45.7547,32779,328021542,2736,0,0,0
45.7618,32780,328031543,2358,0,0,0
45.7764,32781,328041543,2737,0,0,0
45.7819,32782,328051543,2368,0,0,0
45.7916,32783,328061543,2681,0,0,0
45.8016,32784,328071543,2330,0,0,0
45.8123,32785,328081543,2685,0,0,0
45.8226,32786,328091543,2338,0,0,0
45.8324,32787,328101543,2672,0,0,0
45.8497,32788,328111543,2342,0,0,0
45.8521,32789,328121543,2672,0,0,0
45.8677,32790,328131542,2352,0,0,0
45.8754,32791,328141543,2661,0,0,0
45.8844,32792,328151543,2353,0,0,0
45.8916,32793,328161543,2658,0,0,0
45.9052,32794,328171543,2357,0,0,0
45.9151,32795,328181543,2658,0,0,0
45.9255,32796,328191542,2362,0,0,0
45.9330,32797,328201543,2645,0,0,0
45.9417,32798,328211543,2363,0,0,0
45.9521,32799,328221543,2655,0,0,0
45.9627,32800,328231543,2359,0,0,0
45.9726,32801,328241543,2649,0,0,0
45.9828,32802,328251543,2369,0,0,0
45.9920,32803,328261542,2640,0,0,0
46.0024,32804,328271543,2370,0,0,0
46.0215,32805,328281543,2631,0,0,0
46.0230,32806,328291543,2368,0,0,0
46.0350,32807,328301543,2631,0,0,0
46.0455,32808,328311543,2379,0,0,0
46.0558,32809,328321543,2637,0,0,0
46.0631,32810,328331543,2322,0,0,0
46.0757,32811,328341543,2639,0,0,0
46.0829,32812,328351542,2377,0,0,0
46.0960,32813,328361543,2641,0,0,0
46.1036,32814,328371543,2381,0,0,0
46.1115,32815,328381543,2625,0,0,0
46.1220,32816,328391543,2379,0,0,0
46.1316,32817,328401543,2631,0,0,0
46.1424,32818,328411543,2394,0,0,0
46.1518,32819,328421543,2629,0,0,0
46.1622,32820,328431543,2387,0,0,0
46.1726,32821,328441543,2624,0,0,0
46.1841,32822,328451543,2401,0,0,0
46.1954,32823,328461542,2624,0,0,0
46.2061,32824,328471543,2407,0,0,0
46.2172,32825,328481543,2621,0,0,0
46.2233,32826,328491543,2393,0,0,0
46.2358,32827,328501543,2629,0,0,0
46.2443,32828,328511543,2389,0,0,0
46.2544,32829,328521543,2610,0,0,0
46.2640,32830,328531543,2384,0,0,0
46.2722,32831,328541543,2608,0,0,0
46.2817,32832,328551543,2378,0,0,0
46.2915,32833,328561543,2593,0,0,0
46.3017,32834,328571543,2379,0,0,0
46.3118,32835,328581543,2598,0,0,0
46.3220,32836,328591543,2384,0,0,0
46.3317,32837,328601543,2559,0,0,0
46.3428,32838,328611543,2390,0,0,0
46.3561,32839,328621543,2559,0,0,0
46.3616,32840,328631543,2394,0,0,0
46.3778,32841,328641543,2557,0,0,0
46.3893,32842,328651543,2403,0,0,0
46.3979,32843,328661543,2559,0,0,0
46.4061,32844,328671543,2410,0,0,0
46.4132,32845,328681543,2559,0,0,0
46.4223,32846,328691543,2416,0,0,0
46.4321,32847,328701543,2543,0,0,0
46.4416,32848,328711543,2416,0,0,0
46.4515,32849,328721543,2532,0,0,0
46.4616,32850,328731543,2426,0,0,0
46.4715,32851,328741542,2514,0,0,0
46.4816,32852,328751543,2443,0,0,0
46.4967,32853,328761542,2517,0,0,0
46.5062,32854,328771542,2447,0,0,0
46.5169,32855,328781543,2516,0,0,0
46.5299,32856,328791543,2462,0,0,0
46.5359,32857,328801542,2512,0,0,0
46.5468,32858,328811543,2475,0,0,0
46.5578,32859,328821543,2499,0,0,0
46.5660,32860,328831543,2485,0,0,0
46.5727,32861,328841543,2487,0,0,0
46.5840,32862,328851542,2507,0,0,0
46.5918,32863,328861543,2480,0,0,0
46.6015,32864,328871543,2512,0,0,0
46.6115,32865,328881543,2480,0,0,0
46.6216,32866,328891543,2527,0,0,0
46.6316,32867,328901543,2473,0,0,0
46.6418,32868,328911543,2533,0,0,0
46.6530,32869,328921543,2464,0,0,0
46.6625,32870,328931543,2537,0,0,0
46.6806,32871,328941542,2455,0,0,0
46.6821,32872,328951543,2550,0,0,0
46.6936,32873,328961543,2453,0,0,0
46.7032,32874,328971543,2559,0,0,0
46.7182,32875,328981543,2450,0,0,0
46.7216,32876,328991542,2581,0,0,0
46.7329,32877,329001543,2446,0,0,0
46.7421,32878,329011543,2559,0,0,0
46.7547,32879,329021542,2445,0,0,0
46.7616,32880,329031542,2582,0,0,0
46.7715,32881,329041543,2432,0,0,0
46.7823,32882,329051543,2596,0,0,0
46.7919,32883,329061543,2433,0,0,0
46.8023,32884,329071542,2613,0,0,0
46.8119,32885,329081543,2416,0,0,0
46.8223,32886,329091543,2634,0,0,0
46.8324,32887,329101543,2425,0,0,0
46.8474,32888,329111543,2671,0,0,0
46.8525,32889,329121543,2406,0,0,0
46.8690,32890,329131543,2635,0,0,0
46.8718,32891,329141542,2397,0,0,0
46.8837,32892,329151542,2679,0,0,0
46.8935,32893,329161543,2395,0,0,0
46.9039,32894,329171543,2700,0,0,0
46.9138,32895,329181543,2384,0,0,0
46.9246,32896,329191542,2714,0,0,0
46.9315,32897,329201543,2384,0,0,0
46.9416,32898,329211543,2738,0,0,0
46.9521,32899,329221543,2368,0,0,0
46.9616,32900,329231543,2745,0,0,0
46.9714,32901,329241543,2368,0,0,0
46.9816,32902,329251542,2759,0,0,0
46.9916,32903,329261543,2366,0,0,0
47.0015,32904,329271542,2779,0,0,0
47.0123,32905,329281543,2345,0,0,0
47.0220,32906,329291543,2795,0,0,0
47.0392,32907,329301543,2351,0,0,0
47.0448,32908,329311543,2809,0,0,0
47.0521,32909,329321543,2335,0,0,0
47.0641,32910,329331543,2821,0,0,0
47.0787,32911,329341543,2292,0,0,0
47.0816,32912,329351542,2832,0,0,0
47.0915,32913,329361543,2309,0,0,0
47.1019,32914,329371543,2844,0,0,0
47.1119,32915,329381543,2320,0,0,0
47.1215,32916,329391543,2837,0,0,0
47.1321,32917,329401543,2303,0,0,0
47.1420,32918,329411543,2849,0,0,0
47.1522,32919,329421543,2311,0,0,0
47.1725,32920,329431543,2860,0,0,0
47.1734,32921,329441542,2303,0,0,0
47.1841,32922,329451543,2851,0,0,0
47.1939,32923,329461543,2293,0,0,0
47.2065,32924,329471543,2854,0,0,0
47.2136,32925,329481543,2288,0,0,0
47.2232,32926,329491542,2864,0,0,0
47.2337,32927,329501542,2289,0,0,0
47.2445,32928,329511543,2883,0,0,0
47.2565,32929,329521542,2290,0,0,0
47.2615,32930,329531543,2885,0,0,0
47.2716,32931,329541543,2281,0,0,0
47.2816,32932,329551543,2910,0,0,0
47.2918,32933,329561543,2277,0,0,0
47.3021,32934,329571543,2916,0,0,0
47.3120,32935,329581543,2267,0,0,0
47.3219,32936,329591543,2901,0,0,0
47.3350,32937,329601543,2262,0,0,0
47.3484,32938,329611542,2915,0,0,0
47.3520,32939,329621543,2255,0,0,0
47.3653,32940,329631543,2938,0,0,0
47.3756,32941,329641543,2256,0,0,0
47.3855,32942,329651543,2926,0,0,0
47.3941,32943,329661543,2251,0,0,0
47.4049,32944,329671543,2925,0,0,0
47.4158,32945,329681542,2243,0,0,0
47.4222,32946,329691543,2946,0,0,0
47.4315,32947,329701543,2240,0,0,0
47.4416,32948,329711543,2944,0,0,0
47.4523,32949,329721543,2238,0,0,0
47.4624,32950,329731542,2953,0,0,0
47.4720,32951,329741543,2252,0,0,0
47.4823,32952,329751543,2981,0,0,0
47.4926,32953,329761543,2253,0,0,0
47.5073,32954,329771543,2998,0,0,0
47.5120,32955,329781542,2243,0,0,0
47.5258,32956,329791543,3005,0,0,0
47.5373,32957,329801543,2236,0,0,0
47.5466,32958,329811543,3013,0,0,0
47.5551,32959,329821543,2240,0,0,0
47.5625,32960,329831543,3022,0,0,0
47.5742,32961,329841543,2234,0,0,0
47.5821,32962,329851542,3033,0,0,0
47.5942,32963,329861543,2223,0,0,0
47.6015,32964,329871543,3028,0,0,0
47.6115,32965,329881543,2223,0,0,0
47.6220,32966,329891543,3030,0,0,0
47.6322,32967,329901543,2203,0,0,0
47.6419,32968,329911543,3051,0,0,0
47.6522,32969,329921543,2207,0,0,0
47.6624,32970,329931542,3049,0,0,0
47.6783,32971,329941543,2134,0,0,0
47.6820,32972,329951543,3055,0,0,0
47.6918,32973,329961543,2133,0,0,0
47.7018,32974,329971543,3046,0,0,0
47.7162,32975,329981543,2139,0,0,0
47.7275,32976,329991543,3045,0,0,0
47.7343,32977,330001543,2146,0,0,0
47.7423,32978,330011543,3057,0,0,0
47.7576,32979,330021543,2140,0,0,0
47.7652,32980,330031543,3058,0,0,0
47.7715,32981,330041543,2129,0,0,0
47.7823,32982,330051543,3071,0,0,0
47.7920,32983,330061543,2128,0,0,0
47.8024,32984,330071543,3071,0,0,0
47.8118,32985,330081543,2119,0,0,0
47.8224,32986,330091542,3088,0,0,0
47.8360,32987,330101543,2110,0,0,0
47.8440,32988,330111543,3118,0,0,0
47.8516,32989,330121543,2096,0,0,0
47.8641,32990,330131543,3118,0,0,0
47.8734,32991,330141543,2092,0,0,0
47.8817,32992,330151543,3120,0,0,0
47.8933,32993,330161543,2075,0,0,0
47.9047,32994,330171543,3136,0,0,0
47.9144,32995,330181542,2084,0,0,0
47.9216,32996,330191543,3143,0,0,0
47.9321,32997,330201543,2054,0,0,0
47.9417,32998,330211542,3155,0,0,0
47.9521,32999,330221543,2075,0,0,0
47.9623,33000,330231543,3169,0,0,0
47.9724,33001,330241542,2059,0,0,0
47.9823,33002,330251543,3162,0,0,0
48.0019,33003,330261543,2064,0,0,0
48.0027,33004,330271542,3179,0,0,0
48.0172,33005,330281543,2022,0,0,0
48.0269,33006,330291543,3133,0,0,0
48.0361,33007,330301543,2074,0,0,0
48.0434,33008,330311543,3152,0,0,0
48.0538,33009,330321543,2066,0,0,0
48.0635,33010,330331543,3162,0,0,0
48.0791,33011,330341543,2069,0,0,0
48.0817,33012,330351543,3159,0,0,0
48.0915,33013,330361543,2046,0,0,0
48.1021,33014,330371543,3123,0,0,0
48.1121,33015,330381543,2035,0,0,0
48.1224,33016,330391543,3115,0,0,0
48.1326,33017,330401543,2016,0,0,0
48.1419,33018,330411543,3114,0,0,0
48.1614,33019,330421543,2000,0,0,0
48.1621,33020,330431543,3111,0,0,0
48.1716,33021,330441542,2000,0,0,0
48.1884,33022,330451543,3127,0,0,0
48.1935,33023,330461543,1993,0,0,0
48.2018,33024,330471543,3127,0,0,0
48.2152,33025,330481542,1990,0,0,0
48.2215,33026,330491543,3132,0,0,0
48.2356,33027,330501543,1979,0,0,0
48.2414,33028,330511543,3136,0,0,0
48.2515,33029,330521543,1974,0,0,0
48.2617,33030,330531543,3125,0,0,0
48.2723,33031,330541543,1972,0,0,0
48.2819,33032,330551542,3139,0,0,0
48.2919,33033,330561543,1969,0,0,0
48.3127,33034,330571543,3137,0,0,0
48.3135,33035,330581543,1975,0,0,0
48.3234,33036,330591543,3130,0,0,0
48.3322,33037,330601543,1971,0,0,0
48.3464,33038,330611543,3143,0,0,0
48.3552,33039,330621543,1968,0,0,0
48.3664,33040,330631543,3136,0,0,0
48.3734,33041,330641542,1952,0,0,0
48.3819,33042,330651543,3143,0,0,0
48.3951,33043,330661543,1953,0,0,0
48.4024,33044,330671543,3153,0,0,0
48.4117,33045,330681543,1965,0,0,0
48.4219,33046,330691543,3143,0,0,0
48.4318,33047,330701543,1961,0,0,0
48.4420,33048,330711543,3154,0,0,0
48.4522,33049,330721543,1959,0,0,0
48.4650,33050,330731543,3159,0,0,0
48.4741,33051,330741543,1949,0,0,0
48.4870,33052,330751543,3171,0,0,0
48.4952,33053,330761543,1963,0,0,0
48.5099,33054,330771543,3162,0,0,0
48.5149,33055,330781543,1961,0,0,0
48.5258,33056,330791543,3182,0,0,0
48.5347,33057,330801543,1973,0,0,0
48.5449,33058,330811543,3190,0,0,0
48.5527,33059,330821543,1989,0,0,0
48.5634,33060,330831543,3186,0,0,0
48.5724,33061,330841543,1999,0,0,0
48.5818,33062,330851542,3195,0,0,0
48.5916,33063,330861543,2009,0,0,0
48.6016,33064,330871543,3197,0,0,0
48.6116,33065,330881542,2005,0,0,0
48.6215,33066,330891543,3215,0,0,0
48.6317,33067,330901543,2000,0,0,0
48.6467,33068,330911542,3216,0,0,0
48.6525,33069,330921543,2007,0,0,0
48.6638,33070,330931543,3216,0,0,0
48.6718,33071,330941543,1999,0,0,0
48.6841,33072,330951543,3211,0,0,0
48.6917,33073,330961543,1995,0,0,0
48.7037,33074,330971543,3203,0,0,0
48.7143,33075,330981543,1998,0,0,0
48.7266,33076,330991543,3200,0,0,0
48.7335,33077,331001543,1987,0,0,0
48.7415,33078,331011542,3201,0,0,0
48.7519,33079,331021543,1982,0,0,0
48.7618,33080,331031543,3199,0,0,0
48.7728,33081,331041543,1986,0,0,0
48.7825,33082,331051542,3200,0,0,0
48.7920,33083,331061543,1985,0,0,0
48.8029,33084,331071542,3200,0,0,0
48.8240,33085,331081543,1987,0,0,0
48.8267,33086,331091542,3173,0,0,0
48.8325,33087,331101543,1975,0,0,0
48.8447,33088,331111543,3205,0,0,0
48.8620,33089,331121543,1975,0,0,0
48.8633,33090,331131542,3184,0,0,0
48.8763,33091,331141543,1968,0,0,0
48.8845,33092,331151542,3193,0,0,0
48.8956,33093,331161543,1968,0,0,0
48.9023,33094,331171543,3184,0,0,0
48.9131,33095,331181543,1942,0,0,0
48.9218,33096,331191543,3088,0,0,0
48.9316,33097,331201543,1904,0,0,0
48.9416,33098,331211542,3111,0,0,0
48.9522,33099,331221543,1889,0,0,0
48.9636,33100,331231543,3101,0,0,0
48.9723,33101,331241543,1889,0,0,0
48.9918,33102,331251543,3088,0,0,0
48.9934,33103,331261543,1878,0,0,0
49.0083,33104,331271542,3063,0,0,0
49.0228,33105,331281543,1869,0,0,0
49.0233,33106,331291542,3056,0,0,0
49.0368,33107,331301543,1872,0,0,0
49.0480,33108,331311543,3045,0,0,0
49.0532,33109,331321543,1868,0,0,0
49.0623,33110,331331543,3027,0,0,0
49.0759,33111,331341543,1857,0,0,0
49.0872,33112,331351543,3008,0,0,0
49.0941,33113,331361543,1856,0,0,0
49.1016,33114,331371543,3028,0,0,0
49.1117,33115,331381543,1861,0,0,0
49.1217,33116,331391543,3007,0,0,0
49.1316,33117,331401543,1865,0,0,0
49.1417,33118,331411543,3003,0,0,0
49.1518,33119,331421543,1863,0,0,0
49.1716,33120,331431543,2991,0,0,0
49.1723,33121,331441543,1862,0,0,0
49.1852,33122,331451543,2977,0,0,0
49.1957,33123,331461543,1861,0,0,0
49.2057,33124,331471543,2962,0,0,0
49.2161,33125,331481543,1861,0,0,0
49.2247,33126,331491543,2959,0,0,0
49.2352,33127,331501543,1869,0,0,0
49.2464,33128,331511543,2944,0,0,0
49.2514,33129,331521543,1870,0,0,0
49.2620,33130,331531543,2938,0,0,0
49.2726,33131,331541543,1877,0,0,0
49.2824,33132,331551542,2926,0,0,0
49.2918,33133,331561543,1883,0,0,0
49.3027,33134,331571543,2938,0,0,0
49.3124,33135,331581543,1893,0,0,0
49.3256,33136,331591543,2928,0,0,0
49.3388,33137,331601543,1893,0,0,0
49.3425,33138,331611542,2926,0,0,0
49.3541,33139,331621543,1889,0,0,0
49.3656,33140,331631543,2915,0,0,0
49.3777,33141,331641543,1913,0,0,0
49.3844,33142,331651543,2920,0,0,0
49.3928,33143,331661543,1923,0,0,0
49.4061,33144,331671543,2899,0,0,0
49.4158,33145,331681543,1936,0,0,0
49.4252,33146,331691543,2903,0,0,0
49.4319,33147,331701543,1940,0,0,0
49.4416,33148,331711543,2902,0,0,0
49.4520,33149,331721543,1954,0,0,0
49.4620,33150,331731543,2905,0,0,0
49.4718,33151,331741542,1963,0,0,0
49.4820,33152,331751543,2911,0,0,0
49.4918,33153,331761543,1975,0,0,0
49.5051,33154,331771543,2895,0,0,0
49.5136,33155,331781543,2003,0,0,0
49.5218,33156,331791543,2897,0,0,0
49.5347,33157,331801543,2038,0,0,0
49.5451,33158,331811543,2903,0,0,0
49.5528,33159,331821543,1998,0,0,0
49.5638,33160,331831543,2897,0,0,0
49.5731,33161,331841543,2035,0,0,0
49.5847,33162,331851543,2901,0,0,0
49.5915,33163,331861543,2042,0,0,0
49.6017,33164,331871543,2895,0,0,0
49.6115,33165,331881543,2057,0,0,0
49.6220,33166,331891543,2884,0,0,0
49.6324,33167,331901543,2077,0,0,0
49.6418,33168,331911543,2893,0,0,0
49.6522,33169,331921543,2069,0,0,0
49.6686,33170,331931543,2896,0,0,0
49.6734,33171,331941543,2087,0,0,0
49.6821,33172,331951542,2907,0,0,0
49.6952,33173,331961543,2102,0,0,0
49.7016,33174,331971543,2903,0,0,0
49.7137,33175,331981543,2123,0,0,0
49.7248,33176,331991542,2911,0,0,0
49.7350,33177,332001542,2131,0,0,0
49.7429,33178,332011543,2913,0,0,0
49.7515,33179,332021543,2146,0,0,0
49.7616,33180,332031543,2913,0,0,0
49.7722,33181,332041543,2145,0,0,0
49.7825,33182,332051543,2912,0,0,0
49.7921,33183,332061543,2149,0,0,0
49.8025,33184,332071543,2906,0,0,0
49.8215,33185,332081543,2160,0,0,0
49.8231,33186,332091543,2903,0,0,0
49.8342,33187,332101543,2176,0,0,0
49.8462,33188,332111542,2890,0,0,0
49.8568,33189,332121543,2183,0,0,0
49.8618,33190,332131543,2863,0,0,0
49.8771,33191,332141543,2194,0,0,0
49.8845,33192,332151542,2864,0,0,0
49.8955,33193,332161543,2202,0,0,0
49.9051,33194,332171543,2864,0,0,0
49.9121,33195,332181543,2213,0,0,0
49.9221,33196,332191543,2864,0,0,0
49.9324,33197,332201543,2222,0,0,0
49.9420,33198,332211543,2859,0,0,0
49.9519,33199,332221543,2226,0,0,0
49.9622,33200,332231542,2815,0,0,0
49.9724,33201,332241543,2192,0,0,0
49.9874,33202,332251543,2799,0,0,0
49.9928,33203,332261543,2181,0,0,0
50.0017,33204,332271543,2756,0,0,0
50.0122,33205,332281543,2165,0,0,0
50.0250,33206,332291542,2767,0,0,0
50.0346,33207,332301543,2195,0,0,0
50.0416,33208,332311543,2766,0,0,0
50.0536,33209,332321543,2214,0,0,0
50.0627,33210,332331543,2768,0,0,0
50.0744,33211,332341543,2224,0,0,0
50.0815,33212,332351543,2784,0,0,0
50.0915,33213,332361543,2247,0,0,0
50.1022,33214,332371543,2785,0,0,0
50.1123,33215,332381543,2275,0,0,0
50.1224,33216,332391543,2793,0,0,0
50.1326,33217,332401543,2289,0,0,0
50.1555,33218,332411543,2790,0,0,0
50.1564,33219,332421543,2295,0,0,0
50.1631,33220,332431542,2790,0,0,0
50.1761,33221,332441543,2290,0,0,0
50.1902,33222,332451543,2789,0,0,0
50.1937,33223,332461543,2304,0,0,0
50.2026,33224,332471543,2785,0,0,0
50.2172,33225,332481543,2310,0,0,0
50.2228,33226,332491542,2723,0,0,0
50.2317,33227,332501543,2256,0,0,0
50.2426,33228,332511543,2730,0,0,0
50.2516,33229,332521543,2255,0,0,0
50.2618,33230,332531543,2715,0,0,0
50.2728,33231,332541542,2267,0,0,0
50.2820,33232,332551543,2725,0,0,0
50.2919,33233,332561543,2265,0,0,0
50.3022,33234,332571543,2751,0,0,0
50.3171,33235,332581543,2263,0,0,0
50.3233,33236,332591543,2699,0,0,0
50.3411,33237,332601543,2277,0,0,0
50.3431,33238,332611543,2694,0,0,0
50.3622,33239,332621543,2293,0,0,0
50.3634,33240,332631543,2679,0,0,0
50.3746,33241,332641543,2298,0,0,0
50.3850,33242,332651543,2689,0,0,0
50.3926,33243,332661543,2304,0,0,0
50.4018,33244,332671543,2693,0,0,0
50.4130,33245,332681543,2302,0,0,0
50.4216,33246,332691543,2701,0,0,0
50.4319,33247,332701543,2290,0,0,0
50.4416,33248,332711543,2687,0,0,0
50.4524,33249,332721543,2321,0,0,0
50.4619,33250,332731543,2685,0,0,0
50.4723,33251,332741543,2336,0,0,0
50.4890,33252,332751543,2672,0,0,0
50.4921,33253,332761543,2334,0,0,0
50.5059,33254,332771543,2678,0,0,0
50.5162,33255,332781543,2320,0,0,0
50.5216,33256,332791542,2720,0,0,0
50.5341,33257,332801543,2325,0,0,0
50.5421,33258,332811542,2708,0,0,0
50.5558,33259,332821543,2320,0,0,0
50.5647,33260,332831543,2712,0,0,0
50.5717,33261,332841543,2317,0,0,0
50.5816,33262,332851543,2710,0,0,0
50.5916,33263,332861543,2320,0,0,0
50.6022,33264,332871543,2702,0,0,0
50.6129,33265,332881542,2310,0,0,0
50.6220,33266,332891543,2703,0,0,0
50.6362,33267,332901543,2322,0,0,0
50.6423,33268,332911543,2704,0,0,0
50.6533,33269,332921543,2352,0,0,0
50.6657,33270,332931543,2673,0,0,0
50.6752,33271,332941543,2355,0,0,0
50.6847,33272,332951543,2669,0,0,0
50.6934,33273,332961543,2352,0,0,0
50.7069,33274,332971543,2672,0,0,0
50.7148,33275,332981543,2352,0,0,0
50.7217,33276,332991543,2662,0,0,0
50.7316,33277,333001543,2345,0,0,0
50.7416,33278,333011543,2670,0,0,0
50.7516,33279,333021543,2387,0,0,0
50.7616,33280,333031543,2639,0,0,0
50.7716,33281,333041543,2367,0,0,0
50.7815,33282,333051543,2627,0,0,0
50.7915,33283,333061543,2365,0,0,0
50.8045,33284,333071543,2629,0,0,0
50.8148,33285,333081543,2356,0,0,0
50.8254,33286,333091542,2605,0,0,0
50.8356,33287,333101543,2372,0,0,0
50.8426,33288,333111543,2597,0,0,0
50.8540,33289,333121543,2381,0,0,0
50.8632,33290,333131543,2592,0,0,0
50.8760,33291,333141543,2358,0,0,0
50.8815,33292,333151543,2597,0,0,0
50.8917,33293,333161543,2399,0,0,0
50.9017,33294,333171543,2607,0,0,0
50.9115,33295,333181543,2410,0,0,0
50.9224,33296,333191542,2597,0,0,0
50.9322,33297,333201543,2400,0,0,0
50.9422,33298,333211543,2544,0,0,0
50.9584,33299,333221543,2384,0,0,0
50.9620,33300,333231543,2583,0,0,0
50.9771,33301,333241543,2415,0,0,0
50.9875,33302,333251543,2599,0,0,0
50.9954,33303,333261543,2415,0,0,0
51.0035,33304,333271543,2595,0,0,0
51.0117,33305,333281543,2413,0,0,0
51.0220,33306,333291543,2593,0,0,0
51.0315,33307,333301543,2418,0,0,0
51.0415,33308,333311543,2591,0,0,0
51.0517,33309,333321543,2421,0,0,0
51.0620,33310,333331543,2559,0,0,0
51.0720,33311,333341543,2432,0,0,0
51.0819,33312,333351543,2559,0,0,0
51.0917,33313,333361543,2442,0,0,0
51.1022,33314,333371543,2559,0,0,0
51.1147,33315,333381543,2443,0,0,0
51.1220,33316,333391542,2559,0,0,0
51.1329,33317,333401543,2439,0,0,0
51.1427,33318,333411543,2541,0,0,0
51.1518,33319,333421543,2423,0,0,0
51.1636,33320,333431542,2519,0,0,0
51.1724,33321,333441543,2427,0,0,0
51.1857,33322,333451542,2515,0,0,0
51.1927,33323,333461543,2442,0,0,0
51.2016,33324,333471543,2511,0,0,0
51.2119,33325,333481543,2448,0,0,0
51.2224,33326,333491543,2498,0,0,0
51.2321,33327,333501543,2459,0,0,0
51.2420,33328,333511543,2504,0,0,0
51.2524,33329,333521543,2469,0,0,0
51.2623,33330,333531543,2485,0,0,0
51.2838,33331,333541543,2480,0,0,0
51.2848,33332,333551543,2479,0,0,0
51.2920,33333,333561542,2490,0,0,0
51.3061,33334,333571543,2479,0,0,0
51.3194,33335,333581543,2512,0,0,0
51.3263,33336,333591543,2475,0,0,0
51.3342,33337,333601542,2526,0,0,0
51.3419,33338,333611543,2476,0,0,0
51.3545,33339,333621543,2542,0,0,0
51.3627,33340,333631543,2466,0,0,0
51.3764,33341,333641543,2546,0,0,0
51.3816,33342,333651542,2456,0,0,0
51.3916,33343,333661543,2559,0,0,0
51.4017,33344,333671543,2467,0,0,0
51.4116,33345,333681543,2559,0,0,0
51.4214,33346,333691543,2448,0,0,0
51.4321,33347,333701543,2559,0,0,0
51.4459,33348,333711543,2442,0,0,0
51.4557,33349,333721543,2581,0,0,0
51.4631,33350,333731543,2447,0,0,0
51.4767,33351,333741543,2586,0,0,0
51.4872,33352,333751543,2432,0,0,0
51.4948,33353,333761543,2603,0,0,0
51.5024,33354,333771542,2433,0,0,0
51.5155,33355,333781543,2598,0,0,0
51.5225,33356,333791543,2429,0,0,0
51.5316,33357,333801543,2606,0,0,0
51.5418,33358,333811543,2427,0,0,0
51.5516,33359,333821543,2612,0,0,0
51.5618,33360,333831543,2416,0,0,0
51.5722,33361,333841543,2624,0,0,0
51.5825,33362,333851543,2416,0,0,0
51.5920,33363,333861543,2639,0,0,0
51.6105,33364,333871543,2423,0,0,0
51.6124,33365,333881543,2672,0,0,0
51.6231,33366,333891543,2417,0,0,0
51.6320,33367,333901543,2675,0,0,0
51.6472,33368,333911543,2405,0,0,0
51.6549,33369,333921543,2704,0,0,0
51.6618,33370,333931543,2400,0,0,0
51.6729,33371,333941543,2721,0,0,0
51.6836,33372,333951543,2391,0,0,0
51.6945,33373,333961543,2730,0,0,0
51.7015,33374,333971543,2379,0,0,0
51.7118,33375,333981542,2746,0,0,0
51.7224,33376,333991542,2359,0,0,0
51.7324,33377,334001543,2733,0,0,0
51.7418,33378,334011543,2342,0,0,0
51.7523,33379,334021543,2747,0,0,0
51.7625,33380,334031543,2328,0,0,0
51.7750,33381,334041543,2738,0,0,0
51.7861,33382,334051543,2317,0,0,0
51.7935,33383,334061543,2763,0,0,0
51.8057,33384,334071542,2302,0,0,0
51.8180,33385,334081543,2777,0,0,0
51.8254,33386,334091543,2293,0,0,0
51.8328,33387,334101543,2781,0,0,0
51.8499,33388,334111543,2297,0,0,0
51.8527,33389,334121543,2791,0,0,0
51.8620,33390,334131543,2288,0,0,0
51.8715,33391,334141543,2783,0,0,0
51.8816,33392,334151542,2272,0,0,0
51.8915,33393,334161543,2794,0,0,0
51.9016,33394,334171543,2269,0,0,0
51.9125,33395,334181543,2801,0,0,0
51.9224,33396,334191542,2256,0,0,0
51.9324,33397,334201543,2811,0,0,0
51.9464,33398,334211543,2256,0,0,0
51.9519,33399,334221543,2811,0,0,0
51.9664,33400,334231543,2253,0,0,0
51.9753,33401,334241543,2826,0,0,0
51.9816,33402,334251543,2254,0,0,0
51.9928,33403,334261543,2829,0,0,0
52.0021,33404,334271543,2243,0,0,0
52.0138,33405,334281543,2836,0,0,0
52.0242,33406,334291543,2229,0,0,0
52.0315,33407,334301543,2844,0,0,0
52.0416,33408,334311543,2224,0,0,0
52.0521,33409,334321543,2865,0,0,0
52.0622,33410,334331542,2229,0,0,0
52.0720,33411,334341542,2866,0,0,0
52.0820,33412,334351543,2240,0,0,0
52.0956,33413,334361543,2871,0,0,0
52.1068,33414,334371542,2217,0,0,0
52.1174,33415,334381543,2887,0,0,0
52.1294,33416,334391543,2219,0,0,0
52.1364,33417,334401543,2880,0,0,0
52.1458,33418,334411543,2210,0,0,0
52.1526,33419,334421543,2899,0,0,0
52.1645,33420,334431542,2214,0,0,0
52.1774,33421,334441543,2913,0,0,0
52.1827,33422,334451543,2205,0,0,0
52.1964,33423,334461543,2896,0,0,0
52.2014,33424,334471543,2192,0,0,0
52.2120,33425,334481542,2919,0,0,0
52.2220,33426,334491543,2219,0,0,0
52.2318,33427,334501543,2934,0,0,0
52.2422,33428,334511543,2222,0,0,0
52.2522,33429,334521543,2957,0,0,0
52.2696,33430,334531543,2209,0,0,0
52.2719,33431,334541543,2960,0,0,0
52.2864,33432,334551543,2206,0,0,0
52.2944,33433,334561543,2963,0,0,0
52.3039,33434,334571543,2194,0,0,0
52.3116,33435,334581543,2967,0,0,0
52.3258,33436,334591543,2187,0,0,0
52.3333,33437,334601542,2975,0,0,0
52.3452,33438,334611543,2192,0,0,0
52.3516,33439,334621543,2978,0,0,0
52.3625,33440,334631542,2179,0,0,0
52.3715,33441,334641543,2987,0,0,0
52.3815,33442,334651542,2162,0,0,0
52.3915,33443,334661543,2983,0,0,0
52.4025,33444,334671543,2160,0,0,0
52.4125,33445,334681543,2991,0,0,0
52.4218,33446,334691543,2157,0,0,0
52.4317,33447,334701543,2979,0,0,0
52.4432,33448,334711543,2143,0,0,0
52.4516,33449,334721543,2992,0,0,0
52.4657,33450,334731543,2138,0,0,0
52.4741,33451,334741542,2995,0,0,0
52.4816,33452,334751542,2139,0,0,0
52.4943,33453,334761543,3003,0,0,0
52.5049,33454,334771543,2128,0,0,0
52.5163,33455,334781542,3005,0,0,0
52.5216,33456,334791542,2117,0,0,0
52.5319,33457,334801543,3005,0,0,0
52.5416,33458,334811543,2111,0,0,0
52.5522,33459,334821543,3013,0,0,0
52.5618,33460,334831543,2101,0,0,0
52.5720,33461,334841543,3022,0,0,0
52.5824,33462,334851543,2096,0,0,0
52.5994,33463,334861542,3029,0,0,0
52.6025,33464,334871543,2098,0,0,0
52.6126,33465,334881542,3043,0,0,0
52.6249,33466,334891542,2088,0,0,0
52.6331,33467,334901543,3037,0,0,0
52.6451,33468,334911543,2082,0,0,0
52.6533,33469,334921543,3057,0,0,0
52.6639,33470,334931543,2064,0,0,0
52.6743,33471,334941543,3057,0,0,0
52.6815,33472,334951543,2064,0,0,0
52.6919,33473,334961543,3059,0,0,0
52.7014,33474,334971543,2063,0,0,0
52.7115,33475,334981543,3085,0,0,0
52.7220,33476,334991543,2057,0,0,0
52.7323,33477,335001543,3088,0,0,0
52.7418,33478,335011543,2063,0,0,0
52.7541,33479,335021543,3111,0,0,0
52.7638,33480,335031543,2037,0,0,0
52.7727,33481,335041543,3104,0,0,0
52.7835,33482,335051543,2043,0,0,0
52.7964,33483,335061543,3115,0,0,0
52.8031,33484,335071543,2043,0,0,0
52.8163,33485,335081543,3127,0,0,0
52.8244,33486,335091542,2035,0,0,0
52.8316,33487,335101543,3130,0,0,0
52.8416,33488,335111543,2033,0,0,0
52.8515,33489,335121543,3130,0,0,0
52.8625,33490,335131543,2034,0,0,0
52.8720,33491,335141543,3133,0,0,0
52.8826,33492,335151542,2031,0,0,0
52.8919,33493,335161543,3151,0,0,0
52.9095,33494,335171543,2029,0,0,0
52.9120,33495,335181543,3141,0,0,0
52.9217,33496,335191543,2028,0,0,0
52.9324,33497,335201542,3143,0,0,0
52.9448,33498,335211543,2031,0,0,0
52.9555,33499,335221542,3147,0,0,0
52.9689,33500,335231542,2019,0,0,0
52.9752,33501,335241543,3162,0,0,0
52.9833,33502,335251543,2016,0,0,0
52.9949,33503,335261543,3178,0,0,0
53.0032,33504,335271542,2015,0,0,0
53.0117,33505,335281543,3168,0,0,0
53.0216,33506,335291543,2015,0,0,0
53.0325,33507,335301543,3188,0,0,0
53.0419,33508,335311543,2009,0,0,0
53.0520,33509,335321543,3169,0,0,0
53.0623,33510,335331543,2005,0,0,0
53.0718,33511,335341543,3170,0,0,0
53.0899,33512,335351543,2007,0,0,0
53.0918,33513,335361543,3158,0,0,0
53.1032,33514,335371543,2000,0,0,0
53.1170,33515,335381543,3168,0,0,0
53.1215,33516,335391542,1999,0,0,0
53.1341,33517,335401543,3183,0,0,0
53.1452,33518,335411543,1987,0,0,0
53.1536,33519,335421543,3167,0,0,0
53.1636,33520,335431542,1981,0,0,0
53.1715,33521,335441543,3187,0,0,0
53.1820,33522,335451543,1975,0,0,0
53.1915,33523,335461543,3187,0,0,0
53.2023,33524,335471543,1975,0,0,0
53.2118,33525,335481543,3183,0,0,0
53.2229,33526,335491542,1968,0,0,0
53.2327,33527,335501543,3184,0,0,0
53.2501,33528,335511543,1965,0,0,0
53.2520,33529,335521543,3180,0,0,0
53.2618,33530,335531543,1963,0,0,0
53.2727,33531,335541543,3181,0,0,0
53.2863,33532,335551543,1968,0,0,0
53.2933,33533,335561543,3181,0,0,0
53.3046,33534,335571542,1975,0,0,0
53.3117,33535,335581543,3173,0,0,0
53.3241,33536,335591543,1967,0,0,0
53.3316,33537,335601543,3182,0,0,0
53.3416,33538,335611543,1963,0,0,0
53.3521,33539,335621542,3171,0,0,0
53.3616,33540,335631543,1951,0,0,0
53.3724,33541,335641543,3171,0,0,0
53.3831,33542,335651543,1970,0,0,0
53.3928,33543,335661543,3173,0,0,0
53.4021,33544,335671543,1933,0,0,0
53.4195,33545,335681543,3170,0,0,0
53.4225,33546,335691543,1959,0,0,0
53.4338,33547,335701543,3168,0,0,0
53.4467,33548,335711543,1958,0,0,0
53.4515,33549,335721543,3151,0,0,0
53.4650,33550,335731543,1949,0,0,0
53.4739,33551,335741543,3164,0,0,0
53.4848,33552,335751542,1943,0,0,0
53.4955,33553,335761543,3158,0,0,0
53.5029,33554,335771543,1937,0,0,0
53.5116,33555,335781543,3142,0,0,0
53.5222,33556,335791543,1931,0,0,0
53.5322,33557,335801543,3146,0,0,0
53.5427,33558,335811543,1931,0,0,0
53.5518,33559,335821542,3146,0,0,0
53.5620,33560,335831543,1927,0,0,0
53.5760,33561,335841543,3146,0,0,0
53.5894,33562,335851543,1935,0,0,0
53.6061,33563,335861543,3139,0,0,0
53.6069,33564,335871543,1922,0,0,0
53.6211,33565,335881543,3138,0,0,0
53.6304,33566,335891542,1925,0,0,0
53.6322,33567,335901543,3137,0,0,0
53.6493,33568,335911543,1927,0,0,0
53.6580,33569,335921543,3121,0,0,0
53.6650,33570,335931543,1921,0,0,0
53.6725,33571,335941543,3120,0,0,0
53.6877,33572,335951543,1921,0,0,0
53.6915,33573,335961542,3130,0,0,0
53.7015,33574,335971543,1914,0,0,0
53.7117,33575,335981542,3119,0,0,0
53.7215,33576,335991543,1910,0,0,0
53.7317,33577,336001543,3111,0,0,0
53.7418,33578,336011543,1903,0,0,0
53.7518,33579,336021543,3099,0,0,0
53.7648,33580,336031543,1904,0,0,0
53.7755,33581,336041543,3071,0,0,0
53.7847,33582,336051542,1904,0,0,0
53.7971,33583,336061543,3056,0,0,0
53.8016,33584,336071543,1903,0,0,0
53.8140,33585,336081543,3053,0,0,0
53.8252,33586,336091543,1890,0,0,0
53.8317,33587,336101543,3028,0,0,0
53.8416,33588,336111543,1891,0,0,0
53.8515,33589,336121543,3025,0,0,0
53.8615,33590,336131543,1891,0,0,0
53.8719,33591,336141543,3024,0,0,0
53.8816,33592,336151542,1891,0,0,0
53.8917,33593,336161543,2999,0,0,0
53.9024,33594,336171543,1902,0,0,0
53.9122,33595,336181543,2994,0,0,0
53.9273,33596,336191542,1899,0,0,0
53.9320,33597,336201543,2970,0,0,0
53.9471,33598,336211543,1901,0,0,0
53.9518,33599,336221543,2985,0,0,0
53.9635,33600,336231543,1904,0,0,0
53.9716,33601,336241543,2974,0,0,0
53.9850,33602,336251543,1905,0,0,0
53.9961,33603,336261543,2978,0,0,0
54.0053,33604,336271543,1911,0,0,0
54.0123,33605,336281543,2955,0,0,0
54.0215,33606,336291542,1917,0,0,0
54.0321,33607,336301543,2956,0,0,0
54.0416,33608,336311543,1919,0,0,0
54.0524,33609,336321542,2949,0,0,0
54.0621,33610,336331543,1927,0,0,0
54.0724,33611,336341542,2951,0,0,0
54.0921,33612,336351543,1936,0,0,0
54.0931,33613,336361542,2939,0,0,0
54.1026,33614,336371543,1938,0,0,0
54.1183,33615,336381543,2929,0,0,0
54.1250,33616,336391543,1943,0,0,0
54.1318,33617,336401543,2931,0,0,0
54.1459,33618,336411543,1977,0,0,0
54.1516,33619,336421543,2935,0,0,0
54.1635,33620,336431543,1968,0,0,0
54.1715,33621,336441543,2912,0,0,0
54.1816,33622,336451543,1987,0,0,0
54.1915,33623,336461543,2907,0,0,0
54.2016,33624,336471543,2000,0,0,0
54.2120,33625,336481543,2898,0,0,0
54.2219,33626,336491543,2000,0,0,0
54.2322,33627,336501542,2905,0,0,0
54.2520,33628,336511543,2014,0,0,0
54.2527,33629,336521543,2896,0,0,0
54.2644,33630,336531543,2027,0,0,0
54.2756,33631,336541542,2893,0,0,0
54.2880,33632,336551543,2016,0,0,0
54.2923,33633,336561543,2885,0,0,0
54.3053,33634,336571543,2028,0,0,0
54.3125,33635,336581543,2887,0,0,0
54.3258,33636,336591543,2037,0,0,0
54.3331,33637,336601543,2883,0,0,0
54.3415,33638,336611543,2045,0,0,0
54.3516,33639,336621542,2880,0,0,0
54.3616,33640,336631542,2069,0,0,0
54.3722,33641,336641543,2876,0,0,0
54.3817,33642,336651543,2058,0,0,0
54.3919,33643,336661543,2870,0,0,0
54.4024,33644,336671543,2064,0,0,0
54.4216,33645,336681543,2869,0,0,0
54.4227,33646,336691543,2059,0,0,0
54.4326,33647,336701543,2864,0,0,0
54.4421,33648,336711543,2066,0,0,0
54.4582,33649,336721543,2861,0,0,0
54.4678,33650,336731543,2064,0,0,0
54.4766,33651,336741543,2866,0,0,0
54.4900,33652,336751543,2070,0,0,0
54.4927,33653,336761543,2859,0,0,0
54.5060,33654,336771542,2070,0,0,0
54.5171,33655,336781543,2864,0,0,0
54.5223,33656,336791542,2080,0,0,0
54.5315,33657,336801543,2863,0,0,0
54.5415,33658,336811543,2083,0,0,0
54.5513,33659,336821543,2863,0,0,0
54.5618,33660,336831542,2093,0,0,0
54.5719,33661,336841543,2845,0,0,0
54.5817,33662,336851543,2099,0,0,0
54.6048,33663,336861543,2832,0,0,0
54.6054,33664,336871543,2116,0,0,0
54.6160,33665,336881543,2821,0,0,0
54.6225,33666,336891543,2131,0,0,0
54.6317,33667,336901543,2815,0,0,0
54.6464,33668,336911543,2145,0,0,0
54.6539,33669,336921543,2810,0,0,0
54.6671,33670,336931543,2143,0,0,0
54.6752,33671,336941542,2800,0,0,0
54.6831,33672,336951543,2155,0,0,0
54.6955,33673,336961543,2799,0,0,0
54.7014,33674,336971543,2163,0,0,0
54.7116,33675,336981543,2772,0,0,0
54.7218,33676,336991543,2177,0,0,0
54.7318,33677,337001542,2781,0,0,0
54.7420,33678,337011543,2183,0,0,0
54.7519,33679,337021542,2771,0,0,0
54.7637,33680,337031543,2189,0,0,0
54.7717,33681,337041543,2760,0,0,0
54.7847,33682,337051542,2183,0,0,0
54.7985,33683,337061543,2766,0,0,0
54.8054,33684,337071543,2193,0,0,0
54.8135,33685,337081543,2761,0,0,0
54.8216,33686,337091543,2197,0,0,0
54.8341,33687,337101543,2746,0,0,0
54.8417,33688,337111542,2197,0,0,0
54.8515,33689,337121542,2747,0,0,0
54.8621,33690,337131543,2218,0,0,0
54.8721,33691,337141542,2727,0,0,0
54.8817,33692,337151542,2190,0,0,0
54.8917,33693,337161543,2716,0,0,0
54.9023,33694,337171543,2197,0,0,0
54.9202,33695,337181543,2713,0,0,0
54.9218,33696,337191542,2203,0,0,0
54.9317,33697,337201543,2711,0,0,0
54.9437,33698,337211543,2215,0,0,0
54.9538,33699,337221543,2704,0,0,0
54.9617,33700,337231543,2224,0,0,0
54.9738,33701,337241543,2701,0,0,0
54.9845,33702,337251543,2231,0,0,0
54.9951,33703,337261542,2690,0,0,0
55.0014,33704,337271543,2235,0,0,0
55.0116,33705,337281543,2699,0,0,0
55.0225,33706,337291543,2239,0,0,0
55.0327,33707,337301543,2688,0,0,0
55.0421,33708,337311543,2250,0,0,0
55.0526,33709,337321543,2694,0,0,0
55.0623,33710,337331543,2258,0,0,0
55.0847,33711,337341542,2691,0,0,0
55.0856,33712,337351542,2263,0,0,0
55.0920,33713,337361543,2686,0,0,0
55.1043,33714,337371543,2273,0,0,0
55.1158,33715,337381543,2687,0,0,0
55.1259,33716,337391543,2282,0,0,0
55.1398,33717,337401543,2682,0,0,0
55.1481,33718,337411543,2281,0,0,0
55.1522,33719,337421543,2687,0,0,0
55.1674,33720,337431543,2276,0,0,0
55.1767,33721,337441543,2689,0,0,0
55.1819,33722,337451543,2295,0,0,0
55.1914,33723,337461543,2685,0,0,0
55.2016,33724,337471543,2290,0,0,0
55.2116,33725,337481543,2678,0,0,0
55.2223,33726,337491543,2298,0,0,0
55.2317,33727,337501543,2678,0,0,0
55.2420,33728,337511543,2315,0,0,0
55.2566,33729,337521543,2687,0,0,0
55.2628,33730,337531543,2320,0,0,0
55.2800,33731,337541543,2727,0,0,0
55.2826,33732,337551543,2373,0,0,0
55.2959,33733,337561543,2721,0,0,0
55.3055,33734,337571543,2375,0,0,0
55.3126,33735,337581543,2709,0,0,0
55.3230,33736,337591543,2379,0,0,0
55.3321,33737,337601543,2704,0,0,0
55.3464,33738,337611543,2334,0,0,0
55.3514,33739,337621543,2650,0,0,0
55.3617,33740,337631542,2339,0,0,0
55.3714,33741,337641543,2659,0,0,0
55.3820,33742,337651543,2355,0,0,0
55.3921,33743,337661543,2666,0,0,0
55.4019,33744,337671543,2339,0,0,0
55.4226,33745,337681543,2704,0,0,0
55.4236,33746,337691543,2451,0,0,0
55.4343,33747,337701543,2703,0,0,0
55.4420,33748,337711543,2373,0,0,0
55.4557,33749,337721543,2687,0,0,0
55.4637,33750,337731542,2294,0,0,0
55.4749,33751,337741543,2704,0,0,0
55.4848,33752,337751542,2302,0,0,0
55.4924,33753,337761543,2685,0,0,0
55.5055,33754,337771543,2288,0,0,0
55.5115,33755,337781543,2686,0,0,0
55.5220,33756,337791543,2291,0,0,0
55.5321,33757,337801543,2675,0,0,0
55.5420,33758,337811543,2355,0,0,0
55.5524,33759,337821543,2671,0,0,0
55.5624,33760,337831543,2405,0,0,0
55.5832,33761,337841543,2699,0,0,0
55.5844,33762,337851543,2427,0,0,0
55.5944,33763,337861543,2701,0,0,0
55.6039,33764,337871543,2432,0,0,0
55.6170,33765,337881543,2695,0,0,0
55.6244,33766,337891543,2447,0,0,0
55.6319,33767,337901543,2714,0,0,0
55.6452,33768,337911543,2448,0,0,0
55.6541,33769,337921543,2704,0,0,0
55.6643,33770,337931543,2459,0,0,0
55.6741,33771,337941543,2671,0,0,0
55.6816,33772,337951543,2449,0,0,0
55.6916,33773,337961542,2656,0,0,0
55.7023,33774,337971543,2399,0,0,0
55.7126,33775,337981543,2612,0,0,0
55.7230,33776,337991542,2414,0,0,0
55.7324,33777,338001543,2615,0,0,0
55.7539,33778,338011543,2415,0,0,0
55.7557,33779,338021543,2608,0,0,0
55.7623,33780,338031542,2412,0,0,0
55.7757,33781,338041543,2594,0,0,0
55.7884,33782,338051543,2415,0,0,0
55.7948,33783,338061543,2589,0,0,0
55.8029,33784,338071543,2419,0,0,0
55.8119,33785,338081543,2580,0,0,0
55.8224,33786,338091543,2413,0,0,0
55.8318,33787,338101543,2559,0,0,0
55.8417,33788,338111543,2391,0,0,0
55.8515,33789,338121543,2531,0,0,0
55.8621,33790,338131543,2395,0,0,0
55.8723,33791,338141543,2519,0,0,0
55.8817,33792,338151543,2401,0,0,0
55.8921,33793,338161543,2509,0,0,0
55.9024,33794,338171543,2406,0,0,0
55.9190,33795,338181543,2513,0,0,0
55.9224,33796,338191542,2416,0,0,0
55.9348,33797,338201543,2509,0,0,0
55.9465,33798,338211542,2414,0,0,0
55.9531,33799,338221543,2501,0,0,0
55.9621,33800,338231543,2431,0,0,0
55.9752,33801,338241543,2496,0,0,0
55.9839,33802,338251543,2439,0,0,0
55.9958,33803,338261543,2485,0,0,0
56.0014,33804,338271542,2444,0,0,0
56.0116,33805,338281543,2480,0,0,0
56.0222,33806,338291542,2463,0,0,0
56.0326,33807,338301543,2475,0,0,0
56.0420,33808,338311543,2469,0,0,0
56.0522,33809,338321543,2465,0,0,0
56.0623,33810,338331543,2480,0,0,0
56.0815,33811,338341543,2463,0,0,0
56.0825,33812,338351543,2501,0,0,0
56.0940,33813,338361543,2471,0,0,0
56.1037,33814,338371543,2513,0,0,0
56.1141,33815,338381543,2448,0,0,0
56.1271,33816,338391543,2515,0,0,0
56.1382,33817,338401543,2442,0,0,0
56.1445,33818,338411542,2522,0,0,0
56.1516,33819,338421543,2407,0,0,0
56.1661,33820,338431543,2533,0,0,0
56.1717,33821,338441543,2431,0,0,0
56.1819,33822,338451543,2543,0,0,0
56.1916,33823,338461543,2417,0,0,0
56.2021,33824,338471543,2546,0,0,0
56.2116,33825,338481543,2419,0,0,0
56.2222,33826,338491543,2581,0,0,0
56.2322,33827,338501542,2464,0,0,0
56.2461,33828,338511543,2608,0,0,0
56.2523,33829,338521543,2471,0,0,0
56.2655,33830,338531543,2658,0,0,0
56.2778,33831,338541543,2491,0,0,0
56.2828,33832,338551542,2674,0,0,0
56.2962,33833,338561543,2487,0,0,0
56.3037,33834,338571543,2673,0,0,0
56.3164,33835,338581543,2480,0,0,0
56.3224,33836,338591543,2667,0,0,0
56.3322,33837,338601543,2403,0,0,0
56.3416,33838,338611543,2645,0,0,0
56.3521,33839,338621543,2352,0,0,0
56.3621,33840,338631542,2640,0,0,0
56.3718,33841,338641543,2343,0,0,0
56.3826,33842,338651543,2673,0,0,0
56.3917,33843,338661543,2337,0,0,0
56.4087,33844,338671543,2698,0,0,0
56.4185,33845,338681543,2309,0,0,0
56.4222,33846,338691543,2695,0,0,0
56.4315,33847,338701543,2299,0,0,0
56.4468,33848,338711543,2758,0,0,0
56.4534,33849,338721543,2332,0,0,0
56.4640,33850,338731543,2725,0,0,0
56.4742,33851,338741543,2306,0,0,0
56.4841,33852,338751543,2769,0,0,0
56.4963,33853,338761543,2304,0,0,0
56.5071,33854,338771543,2769,0,0,0
56.5127,33855,338781543,2320,0,0,0
56.5215,33856,338791543,2795,0,0,0
56.5321,33857,338801543,2320,0,0,0
56.5416,33858,338811543,2815,0,0,0
56.5520,33859,338821543,2327,0,0,0
56.5625,33860,338831543,2838,0,0,0
56.5724,33861,338841543,2261,0,0,0
56.5888,33862,338851543,2895,0,0,0
56.5920,33863,338861543,2231,0,0,0
56.6081,33864,338871543,2825,0,0,0
56.6140,33865,338881543,2271,0,0,0
56.6231,33866,338891543,2874,0,0,0
56.6356,33867,338901543,2323,0,0,0
56.6447,33868,338911543,2926,0,0,0
56.6554,33869,338921543,2330,0,0,0
56.6657,33870,338931542,2913,0,0,0
56.6715,33871,338941543,2273,0,0,0
56.6818,33872,338951542,2928,0,0,0
56.6918,33873,338961543,2326,0,0,0
56.7017,33874,338971543,2928,0,0,0
56.7119,33875,338981543,2211,0,0,0
56.7231,33876,338991543,2839,0,0,0
56.7326,33877,339001543,2212,0,0,0
56.7528,33878,339011543,2918,0,0,0
56.7537,33879,339021543,2224,0,0,0
56.7632,33880,339031543,2928,0,0,0
56.7776,33881,339041543,2221,0,0,0
56.7894,33882,339051543,2943,0,0,0
56.7952,33883,339061543,2213,0,0,0
56.8031,33884,339071542,2974,0,0,0
56.8169,33885,339081543,2215,0,0,0
56.8228,33886,339091543,2969,0,0,0
56.8319,33887,339101543,2171,0,0,0
56.8420,33888,339111543,2974,0,0,0
56.8514,33889,339121543,2294,0,0,0
56.8614,33890,339131543,2982,0,0,0
56.8717,33891,339141543,2282,0,0,0
56.8816,33892,339151542,3002,0,0,0
56.8919,33893,339161543,2282,0,0,0
56.9021,33894,339171542,3019,0,0,0
56.9182,33895,339181543,2274,0,0,0
56.9228,33896,339191543,2879,0,0,0
56.9321,33897,339201543,2275,0,0,0
56.9424,33898,339211542,3017,0,0,0
56.9571,33899,339221543,2282,0,0,0
56.9651,33900,339231543,3056,0,0,0
56.9734,33901,339241542,2257,0,0,0
56.9851,33902,339251542,3067,0,0,0
56.9925,33903,339261543,2270,0,0,0
57.0050,33904,339271542,3053,0,0,0
57.0115,33905,339281543,2258,0,0,0
57.0220,33906,339291543,3038,0,0,0
57.0320,33907,339301543,2138,0,0,0
57.0423,33908,339311543,2959,0,0,0
57.0527,33909,339321543,2138,0,0,0
57.0623,33910,339331543,3088,0,0,0
57.0727,33911,339341543,2192,0,0,0
57.0870,33912,339351543,3046,0,0,0
57.0925,33913,339361543,2111,0,0,0
57.1056,33914,339371542,3056,0,0,0
57.1172,33915,339381543,2240,0,0,0
57.1229,33916,339391543,3057,0,0,0
57.1356,33917,339401543,2227,0,0,0
57.1453,33918,339411543,3103,0,0,0
57.1517,33919,339421543,2222,0,0,0
57.1649,33920,339431543,3104,0,0,0
57.1716,33921,339441543,2220,0,0,0
57.1821,33922,339451543,3114,0,0,0
57.1915,33923,339461542,2213,0,0,0
57.2025,33924,339471543,3123,0,0,0
57.2120,33925,339481543,2217,0,0,0
57.2224,33926,339491543,3136,0,0,0
57.2323,33927,339501543,2207,0,0,0
57.2523,33928,339511543,3131,0,0,0
57.2530,33929,339521543,2203,0,0,0
57.2640,33930,339531543,3120,0,0,0
57.2721,33931,339541543,2196,0,0,0
57.2857,33932,339551542,3120,0,0,0
57.2943,33933,339561543,2194,0,0,0
57.3055,33934,339571543,3107,0,0,0
57.3135,33935,339581543,2179,0,0,0
57.3227,33936,339591543,3093,0,0,0
57.3323,33937,339601543,2174,0,0,0
57.3416,33938,339611543,3120,0,0,0
57.3517,33939,339621543,2174,0,0,0
57.3615,33940,339631542,3133,0,0,0
57.3714,33941,339641543,2160,0,0,0
57.3814,33942,339651542,3143,0,0,0
57.3914,33943,339661543,2321,1,0,1
57.4015,33944,339671543,3375,0,0,0
57.4118,33945,339681543,2409,1,0,1
57.4242,33946,339691542,3315,0,0,0
57.4352,33947,339701543,2405,1,0,1
57.4454,33948,339711543,3188,0,0,0
57.4519,33949,339721543,2144,0,0,0
57.4624,33950,339731543,3171,0,0,0
57.4734,33951,339741543,2097,0,0,0
57.4836,33952,339751543,3140,0,0,0
57.4914,33953,339761543,2081,0,0,0
57.5020,33954,339771543,3151,0,0,0
57.5119,33955,339781543,2067,0,0,0
57.5222,33956,339791543,3146,0,0,0
57.5322,33957,339801542,2065,0,0,0
57.5529,33958,339811542,3152,0,0,0
57.5538,33959,339821543,2064,0,0,0
57.5621,33960,339831542,3163,0,0,0
57.5742,33961,339841543,2065,0,0,0
57.5850,33962,339851543,3152,0,0,0
57.5920,33963,339861543,2047,0,0,0
57.6053,33964,339871543,3090,0,0,0
57.6126,33965,339881543,2065,0,0,0
57.6216,33966,339891543,3101,0,0,0
57.6316,33967,339901542,2082,0,0,0
57.6416,33968,339911542,3158,0,0,0
57.6522,33969,339921543,2099,0,0,0
57.6623,33970,339931542,3161,0,0,0
57.6725,33971,339941543,2093,0,0,0
57.6819,33972,339951543,3178,0,0,0
57.7016,33973,339961543,2089,0,0,0
57.7023,33974,339971543,3235,0,0,0
57.7164,33975,339981543,2085,0,0,0
57.7254,33976,339991543,3225,0,0,0
57.7366,33977,340001542,2070,0,0,0
57.7464,33978,340011543,3178,0,0,0
57.7532,33979,340021543,2030,0,0,0
57.7662,33980,340031543,3121,0,0,0
57.7743,33981,340041543,1983,0,0,0
57.7816,33982,340051543,3127,0,0,0
57.7916,33983,340061543,1953,0,0,0
57.8024,33984,340071543,3127,0,0,0
57.8124,33985,340081543,1951,0,0,0
57.8219,33986,340091543,3124,0,0,0
57.8318,33987,340101543,1947,0,0,0
57.8422,33988,340111543,3131,0,0,0
57.8569,33989,340121543,1942,0,0,0
57.8663,33990,340131543,3137,0,0,0
57.8721,33991,340141543,1938,0,0,0
57.8861,33992,340151542,3149,0,0,0
57.8932,33993,340161543,1930,0,0,0
57.9041,33994,340171542,3149,0,0,0
57.9138,33995,340181543,1931,0,0,0
57.9215,33996,340191543,3150,0,0,0
57.9317,33997,340201543,1933,0,0,0
57.9420,33998,340211543,3140,0,0,0
57.9523,33999,340221543,1907,0,0,0
57.9625,34000,340231543,3123,0,0,0
57.9721,34001,340241543,1911,0,0,0
57.9825,34002,340251542,3098,0,0,0
57.9993,34003,340261543,1903,0,0,0
58.0024,34004,340271543,3110,0,0,0
58.0135,34005,340281543,1904,0,0,0
58.0216,34006,340291543,3101,0,0,0
58.0342,34007,340301543,1890,0,0,0
58.0416,34008,340311543,3124,0,0,0
58.0544,34009,340321543,1905,0,0,0
58.0618,34010,340331543,3122,0,0,0
58.0721,34011,340341543,1904,0,0,0
58.0816,34012,340351542,3088,0,0,0
58.0918,34013,340361543,1904,0,0,0
58.1024,34014,340371542,3120,0,0,0
58.1127,34015,340381543,1936,0,0,0
58.1220,34016,340391543,3134,0,0,0
58.1323,34017,340401543,1930,0,0,0
58.1419,34018,340411543,3167,0,0,0
58.1599,34019,340421543,1936,0,0,0
58.1620,34020,340431542,3146,0,0,0
58.1743,34021,340441543,1936,0,0,0
58.1858,34022,340451542,3152,0,0,0
58.1916,34023,340461543,1932,0,0,0
58.2048,34024,340471543,3157,0,0,0
58.2120,34025,340481543,1931,0,0,0
58.2250,34026,340491542,3158,0,0,0
58.2320,34027,340501543,1905,0,0,0
58.2415,34028,340511543,3195,0,0,0
58.2515,34029,340521542,1921,0,0,0
58.2623,34030,340531543,3181,0,0,0
58.2720,34031,340541543,1887,0,0,0
58.2827,34032,340551543,3141,0,0,0
58.2920,34033,340561543,1863,0,0,0
58.3111,34034,340571542,3093,0,0,0
58.3118,34035,340581543,1874,0,0,0
58.3217,34036,340591543,3094,0,0,0
58.3379,34037,340601543,1902,0,0,0
58.3461,34038,340611543,3218,0,0,0
58.3538,34039,340621543,1970,0,0,0
58.3655,34040,340631543,3190,0,0,0
58.3722,34041,340641543,1945,0,0,0
58.3819,34042,340651543,3138,0,0,0
58.3916,34043,340661543,1859,0,0,0
58.4020,34044,340671542,3071,0,0,0
58.4116,34045,340681543,1857,0,0,0
58.4220,34046,340691543,3056,0,0,0
58.4321,34047,340701543,1843,0,0,0
58.4423,34048,340711543,3053,0,0,0
58.4519,34049,340721543,1846,0,0,0
58.4685,34050,340731543,3102,0,0,0
58.4720,34051,340741543,1907,0,0,0
58.4819,34052,340751543,3136,0,0,0
58.4967,34053,340761543,1933,0,0,0
58.5020,34054,340771543,3089,0,0,0
58.5161,34055,340781543,1841,0,0,0
58.5250,34056,340791543,2994,0,0,0
58.5319,34057,340801543,1861,0,0,0
58.5435,34058,340811542,2978,0,0,0
58.5558,34059,340821543,1874,0,0,0
58.5616,34060,340831542,2965,0,0,0
58.5715,34061,340841543,1866,0,0,0
58.5816,34062,340851543,2958,0,0,0
58.5915,34063,340861542,1870,0,0,0
58.6023,34064,340871543,2955,0,0,0
58.6122,34065,340881543,1879,0,0,0
58.6219,34066,340891543,2943,0,0,0
58.6345,34067,340901543,1877,0,0,0
58.6417,34068,340911542,2934,0,0,0
58.6592,34069,340921543,1882,0,0,0
58.6651,34070,340931543,2930,0,0,0
58.6717,34071,340941543,1885,0,0,0
58.6816,34072,340951543,2919,0,0,0
58.6954,34073,340961542,1885,0,0,0
58.7018,34074,340971543,2922,0,0,0
58.7163,34075,340981543,1909,0,0,0
58.7214,34076,340991543,2949,0,0,0
58.7316,34077,341001542,1939,0,0,0
58.7414,34078,341011543,2931,0,0,0
58.7519,34079,341021542,1966,0,0,0
58.7624,34080,341031542,2919,0,0,0
58.7718,34081,341041543,1983,0,0,0
58.7823,34082,341051542,2914,0,0,0
58.7976,34083,341061543,1986,0,0,0
58.8034,34084,341071543,2924,0,0,0
58.8117,34085,341081543,1997,0,0,0
58.8307,34086,341091543,2923,0,0,0
58.8336,34087,341101543,1987,0,0,0
58.8442,34088,341111542,2918,0,0,0
58.8522,34089,341121543,2013,0,0,0
58.8617,34090,341131543,2899,0,0,0
58.8717,34091,341141543,2018,0,0,0
58.8822,34092,341151543,2886,0,0,0
58.8917,34093,341161543,2011,0,0,0
58.9021,34094,341171543,2885,0,0,0
58.9121,34095,341181543,2027,0,0,0
58.9220,34096,341191542,2898,0,0,0
58.9326,34097,341201543,2035,0,0,0
58.9419,34098,341211543,2896,0,0,0
58.9614,34099,341221542,2059,0,0,0
58.9619,34100,341231543,2902,0,0,0
58.9752,34101,341241543,2079,0,0,0
58.9871,34102,341251543,2914,0,0,0
58.9942,34103,341261543,2103,0,0,0
59.0064,34104,341271543,2919,0,0,0
59.0132,34105,341281543,2117,0,0,0
59.0242,34106,341291543,2916,0,0,0
59.0346,34107,341301543,2131,0,0,0
59.0415,34108,341311542,2924,0,0,0
59.0521,34109,341321543,2124,0,0,0
59.0620,34110,341331543,2918,0,0,0
59.0721,34111,341341543,2133,0,0,0
59.0825,34112,341351543,2925,0,0,0
59.0918,34113,341361543,2147,0,0,0
59.1026,34114,341371543,2910,0,0,0
59.1147,34115,341381543,2166,0,0,0
59.1268,34116,341391543,2881,0,0,0
59.1394,34117,341401543,2173,0,0,0
59.1418,34118,341411543,2884,0,0,0
59.1533,34119,341421543,2174,0,0,0
59.1652,34120,341431543,2864,0,0,0
59.1744,34121,341441543,2209,0,0,0
59.1849,34122,341451543,2859,0,0,0
59.1957,34123,341461543,2195,0,0,0
59.2023,34124,341471542,2864,0,0,0
59.2117,34125,341481543,2227,0,0,0
59.2223,34126,341491542,2857,0,0,0
59.2325,34127,341501543,2239,0,0,0
59.2419,34128,341511543,2827,0,0,0
59.2518,34129,341521543,2244,0,0,0
59.2617,34130,341531543,2831,0,0,0
59.2774,34131,341541543,2246,0,0,0
59.2820,34132,341551543,2819,0,0,0
59.2926,34133,341561542,2252,0,0,0
59.3060,34134,341571543,2828,0,0,0
59.3149,34135,341581543,2261,0,0,0
59.3215,34136,341591543,2837,0,0,0
59.3320,34137,341601543,2269,0,0,0
59.3470,34138,341611542,2816,0,0,0
59.3546,34139,341621543,2277,0,0,0
59.3615,34140,341631543,2801,0,0,0
59.3716,34141,341641543,2289,0,0,0
59.3822,34142,341651543,2799,0,0,0
59.3921,34143,341661542,2294,0,0,0
59.4019,34144,341671543,2807,0,0,0
59.4121,34145,341681543,2295,0,0,0
59.4254,34146,341691543,2799,0,0,0
59.4319,34147,341701543,2315,0,0,0
59.4426,34148,341711543,2789,0,0,0
59.4546,34149,341721543,2313,0,0,0
59.4668,34150,341731543,2781,0,0,0
59.4741,34151,341741543,2322,0,0,0
59.4826,34152,341751543,2768,0,0,0
59.4960,34153,341761543,2333,0,0,0
59.5048,34154,341771543,2762,0,0,0
59.5115,34155,341781543,2336,0,0,0
59.5216,34156,341791543,2759,0,0,0
59.5315,34157,341801543,2342,0,0,0
59.5415,34158,341811543,2752,0,0,0
59.5516,34159,341821543,2342,0,0,0
59.5625,34160,341831543,2748,0,0,0
59.5715,34161,341841542,2352,0,0,0
59.5835,34162,341851543,2743,0,0,0
59.5989,34163,341861543,2353,0,0,0
59.6038,34164,341871543,2754,0,0,0
59.6134,34165,341881543,2353,0,0,0
59.6242,34166,341891543,2738,0,0,0
59.6332,34167,341901543,2355,0,0,0
59.6458,34168,341911543,2733,0,0,0
59.6528,34169,341921543,2369,0,0,0
59.6619,34170,341931543,2735,0,0,0
59.6736,34171,341941543,2342,0,0,0
59.6817,34172,341951542,2719,0,0,0
59.6916,34173,341961543,2361,0,0,0
59.7022,34174,341971543,2707,0,0,0
59.7116,34175,341981543,2353,0,0,0
59.7219,34176,341991543,2706,0,0,0
59.7322,34177,342001543,2352,0,0,0
59.7528,34178,342011543,2699,0,0,0
59.7537,34179,342021543,2359,0,0,0
59.7626,34180,342031542,2687,0,0,0
59.7720,34181,342041543,2359,0,0,0
59.7833,34182,342051542,2678,0,0,0
59.7945,34183,342061543,2370,0,0,0
59.8016,34184,342071543,2672,0,0,0
59.8139,34185,342081543,2373,0,0,0
59.8230,34186,342091542,2663,0,0,0
59.8334,34187,342101543,2364,0,0,0
59.8416,34188,342111543,2657,0,0,0
59.8517,34189,342121543,2387,0,0,0
59.8627,34190,342131542,2672,0,0,0
59.8726,34191,342141543,2384,0,0,0
59.8820,34192,342151543,2641,0,0,0
59.9005,34193,342161543,2383,0,0,0
59.9022,34194,342171542,2640,0,0,0
59.9128,34195,342181543,2382,0,0,0
59.9223,34196,342191542,2637,0,0,0
59.9354,34197,342201543,2386,0,0,0
59.9478,34198,342211543,2630,0,0,0
59.9550,34199,342221543,2386,0,0,0
59.9617,34200,342231542,2622,0,0,0
59.9738,34201,342241543,2388,0,0,0
59.9828,34202,342251543,2615,0,0,0
59.9917,34203,342261543,2399,0,0,0
60.0017,34204,342271543,2616,0,0,0
60.0116,34205,342281543,2386,0,0,0
60.0223,34206,342291543,2603,0,0,0
60.0319,34207,342301543,2409,0,0,0
60.0417,34208,342311543,2599,0,0,0
60.0605,34209,342321543,2405,0,0,0
60.0620,34210,342331543,2598,0,0,0
60.0763,34211,342341543,2379,0,0,0
60.0851,34212,342351542,2559,0,0,0
60.0972,34213,342361543,2406,0,0,0
60.1016,34214,342371543,2559,0,0,0
60.1144,34215,342381542,2401,0,0,0
60.1257,34216,342391543,2551,0,0,0
60.1344,34217,342401543,2400,0,0,0
60.1419,34218,342411543,2550,0,0,0
60.1516,34219,342421543,2406,0,0,0
60.1621,34220,342431543,2544,0,0,0
60.1719,34221,342441543,2410,0,0,0
60.1825,34222,342451543,2535,0,0,0
60.1919,34223,342461543,2425,0,0,0
60.2021,34224,342471543,2533,0,0,0
60.2118,34225,342481543,2438,0,0,0
60.2304,34226,342491542,2529,0,0,0
60.2328,34227,342501543,2429,0,0,0
60.2431,34228,342511543,2513,0,0,0
60.2517,34229,342521543,2448,0,0,0
60.2667,34230,342531543,2507,0,0,0
60.2757,34231,342541543,2448,0,0,0
60.2826,34232,342551543,2501,0,0,0
60.2943,34233,342561543,2469,0,0,0
60.3032,34234,342571543,2495,0,0,0
60.3138,34235,342581543,2483,0,0,0
60.3216,34236,342591543,2487,0,0,0
60.3321,34237,342601543,2495,0,0,0
60.3416,34238,342611542,2480,0,0,0
60.3524,34239,342621543,2509,0,0,0
60.3623,34240,342631543,2480,0,0,0
60.3722,34241,342641543,2530,0,0,0
60.3823,34242,342651543,2463,0,0,0
60.3971,34243,342661543,2535,0,0,0
60.4029,34244,342671543,2454,0,0,0
60.4139,34245,342681543,2548,0,0,0
60.4245,34246,342691543,2449,0,0,0
60.4359,34247,342701543,2558,0,0,0
60.4452,34248,342711542,2448,0,0,0
60.4537,34249,342721543,2559,0,0,0
60.4658,34250,342731543,2463,0,0,0
60.4717,34251,342741543,2602,0,0,0
60.4816,34252,342751543,2459,0,0,0
60.4915,34253,342761543,2608,0,0,0
60.5019,34254,342771543,2446,0,0,0
60.5119,34255,342781543,2615,0,0,0
60.5216,34256,342791543,2442,0,0,0
60.5324,34257,342801543,2619,0,0,0
60.5418,34258,342811543,2443,0,0,0
60.5574,34259,342821543,2627,0,0,0
60.5705,34260,342831543,2431,0,0,0
60.5723,34261,342841543,2640,0,0,0
60.5881,34262,342851543,2430,0,0,0
60.5926,34263,342861542,2661,0,0,0
60.6082,34264,342871543,2416,0,0,0
60.6133,34265,342881543,2678,0,0,0
60.6271,34266,342891543,2402,0,0,0
60.6351,34267,342901543,2690,0,0,0
60.6439,34268,342911542,2389,0,0,0
60.6554,34269,342921543,2718,0,0,0
60.6615,34270,342931543,2368,0,0,0
60.6723,34271,342941543,2739,0,0,0
60.6817,34272,342951543,2362,0,0,0
60.6917,34273,342961543,2767,0,0,0
60.7025,34274,342971543,2363,0,0,0
60.7128,34275,342981543,2799,0,0,0
60.7224,34276,342991543,2343,0,0,0
60.7389,34277,343001543,2768,0,0,0
60.7422,34278,343011543,2341,0,0,0
60.7548,34279,343021543,2791,0,0,0
60.7652,34280,343031543,2320,0,0,0
60.7772,34281,343041543,2813,0,0,0
60.7825,34282,343051543,2311,0,0,0
60.7954,34283,343061543,2820,0,0,0
60.8032,34284,343071542,2307,0,0,0
60.8153,34285,343081543,2839,0,0,0
60.8271,34286,343091543,2303,0,0,0
60.8325,34287,343101542,2852,0,0,0
60.8418,34288,343111543,2299,0,0,0
60.8523,34289,343121543,2857,0,0,0
60.8625,34290,343131543,2287,0,0,0
60.8718,34291,343141543,2871,0,0,0
60.8824,34292,343151543,2285,0,0,0
60.8918,34293,343161543,2870,0,0,0
60.9076,34294,343171543,2275,0,0,0
60.9129,34295,343181543,2880,0,0,0
60.9304,34296,343191543,2273,0,0,0
60.9318,34297,343201543,2892,0,0,0
60.9463,34298,343211543,2260,0,0,0
60.9540,34299,343221542,2896,0,0,0
60.9650,34300,343231542,2251,0,0,0
60.9723,34301,343241543,2899,0,0,0
60.9816,34302,343251542,2247,0,0,0
60.9915,34303,343261543,2916,0,0,0
61.0017,34304,343271543,2242,0,0,0
61.0121,34305,343281543,2914,0,0,0
61.0223,34306,343291543,2240,0,0,0
61.0317,34307,343301543,2927,0,0,0
61.0418,34308,343311543,2227,0,0,0
61.0525,34309,343321543,2933,0,0,0
61.0661,34310,343331542,2223,0,0,0
61.0732,34311,343341543,2947,0,0,0
61.0819,34312,343351543,2220,0,0,0
61.0923,34313,343361543,2943,0,0,0
61.1057,34314,343371543,2214,0,0,0
61.1147,34315,343381542,2951,0,0,0
61.1216,34316,343391542,2210,0,0,0
61.1318,34317,343401543,2970,0,0,0
61.1419,34318,343411543,2211,0,0,0
61.1518,34319,343421543,2974,0,0,0
61.1618,34320,343431543,2202,0,0,0
61.1720,34321,343441542,2990,0,0,0
61.1822,34322,343451543,2193,0,0,0
61.1930,34323,343461542,2995,0,0,0
61.2022,34324,343471543,2185,0,0,0
61.2120,34325,343481543,2997,0,0,0
61.2222,34326,343491542,2178,0,0,0
61.2341,34327,343501543,3018,0,0,0
61.2462,34328,343511542,2189,0,0,0
61.2571,34329,343521543,3011,0,0,0
61.2673,34330,343531543,2177,0,0,0
61.2760,34331,343541543,3027,0,0,0
61.2856,34332,343551543,2163,0,0,0
61.2926,34333,343561543,3029,0,0,0
61.3039,34334,343571543,2160,0,0,0
61.3134,34335,343581543,3029,0,0,0
61.3243,34336,343591543,2160,0,0,0
61.3315,34337,343601543,3042,0,0,0
61.3417,34338,343611543,2157,0,0,0
61.3517,34339,343621543,3060,0,0,0
61.3623,34340,343631543,2160,0,0,0
61.3731,34341,343641543,3063,0,0,0
61.3824,34342,343651543,2135,0,0,0
61.3950,34343,343661543,3087,0,0,0
61.4104,34344,343671542,2132,0,0,0
61.4118,34345,343681543,3071,0,0,0
61.4255,34346,343691543,2122,0,0,0
61.4334,34347,343701543,3088,0,0,0
61.4460,34348,343711542,2111,0,0,0
61.4550,34349,343721543,3101,0,0,0
61.4654,34350,343731543,2108,0,0,0
61.4735,34351,343741543,3113,0,0,0
61.4816,34352,343751543,2097,0,0,0
61.4915,34353,343761543,3121,0,0,0
61.5017,34354,343771543,2096,0,0,0
61.5116,34355,343781543,3126,0,0,0
61.5221,34356,343791543,2087,0,0,0
61.5318,34357,343801543,3146,0,0,0
61.5417,34358,343811543,2077,0,0,0
61.5524,34359,343821542,3130,0,0,0
61.5684,34360,343831543,2066,0,0,0
61.5777,34361,343841542,3151,0,0,0
61.5845,34362,343851543,2069,0,0,0
61.5915,34363,343861543,3151,0,0,0
61.6038,34364,343871543,2071,0,0,0
61.6148,34365,343881543,3159,0,0,0
61.6259,34366,343891543,2063,0,0,0
61.6327,34367,343901543,3165,0,0,0
61.6414,34368,343911543,2070,0,0,0
61.6516,34369,343921543,3171,0,0,0
61.6620,34370,343931543,2065,0,0,0
61.6719,34371,343941543,3150,0,0,0
61.6824,34372,343951542,2047,0,0,0
61.6921,34373,343961543,3170,0,0,0
61.7056,34374,343971543,2035,0,0,0
61.7120,34375,343981543,3183,0,0,0
61.7261,34376,343991543,2036,0,0,0
61.7355,34377,344001543,3184,0,0,0
61.7443,34378,344011543,2031,0,0,0
61.7576,34379,344021543,3186,0,0,0
61.7671,34380,344031543,2019,0,0,0
61.7763,34381,344041543,3189,0,0,0
61.7825,34382,344051543,2016,0,0,0
61.7919,34383,344061543,3185,0,0,0
61.8041,34384,344071543,2011,0,0,0
61.8117,34385,344081542,3184,0,0,0
61.8215,34386,344091542,2006,0,0,0
61.8318,34387,344101543,3186,0,0,0
61.8425,34388,344111542,2000,0,0,0
61.8517,34389,344121543,3194,0,0,0
61.8616,34390,344131542,1995,0,0,0
61.8769,34391,344141543,3186,0,0,0
61.8822,34392,344151543,1990,0,0,0
61.8928,34393,344161543,3201,0,0,0
61.9120,34394,344171543,1995,0,0,0
61.9146,34395,344181543,3195,0,0,0
61.9257,34396,344191543,1982,0,0,0
61.9321,34397,344201542,3196,0,0,0
61.9452,34398,344211542,1982,0,0,0
61.9534,34399,344221543,3184,0,0,0
61.9686,34400,344231543,1977,0,0,0
61.9753,34401,344241543,3175,0,0,0
61.9814,34402,344251543,1975,0,0,0
61.9916,34403,344261543,3199,0,0,0
62.0016,34404,344271543,2000,0,0,0
62.0118,34405,344281542,3184,0,0,0
62.0220,34406,344291543,1954,0,0,0
62.0320,34407,344301543,3181,0,0,0
62.0483,34408,344311543,1962,0,0,0
62.0519,34409,344321543,3168,0,0,0
62.0618,34410,344331542,1955,0,0,0
62.0737,34411,344341543,3167,0,0,0
62.0860,34412,344351543,1953,0,0,0
62.0924,34413,344361542,3166,0,0,0
62.1066,34414,344371543,1959,0,0,0
62.1186,34415,344381543,3154,0,0,0
62.1273,34416,344391543,1955,0,0,0
62.1397,34417,344401543,3145,0,0,0
62.1433,34418,344411543,1949,0,0,0
62.1557,34419,344421543,3155,0,0,0
62.1615,34420,344431543,1941,0,0,0
62.1716,34421,344441543,3157,0,0,0
62.1816,34422,344451543,1942,0,0,0
62.1918,34423,344461543,3159,0,0,0
62.2018,34424,344471542,1946,0,0,0
62.2124,34425,344481543,3127,0,0,0
62.2223,34426,344491543,1947,0,0,0
62.2411,34427,344501543,3149,0,0,0
62.2421,34428,344511543,1939,0,0,0
62.2554,34429,344521543,3150,0,0,0
62.2672,34430,344531543,1940,0,0,0
62.2716,34431,344541543,3136,0,0,0
62.2849,34432,344551542,1941,0,0,0
62.2933,34433,344561543,3137,0,0,0
62.3067,34434,344571543,1933,0,0,0
62.3144,34435,344581543,3120,0,0,0
62.3215,34436,344591542,1935,0,0,0
62.3321,34437,344601542,3089,0,0,0
62.3417,34438,344611542,1924,0,0,0
62.3526,34439,344621543,3082,0,0,0
62.3622,34440,344631542,1926,0,0,0
62.3724,34441,344641543,3051,0,0,0
62.3825,34442,344651543,1927,0,0,0
62.4020,34443,344661543,3050,0,0,0
62.4028,34444,344671543,1930,0,0,0
62.4142,34445,344681543,3030,0,0,0
62.4277,34446,344691543,1923,0,0,0
62.4392,34447,344701543,3024,0,0,0
62.4459,34448,344711543,1936,0,0,0
62.4532,34449,344721543,2998,0,0,0
62.4656,34450,344731543,1936,0,0,0
62.4738,34451,344741543,2997,0,0,0
62.4834,34452,344751542,1941,0,0,0
62.4947,34453,344761543,2978,0,0,0
62.5015,34454,344771543,1946,0,0,0
62.5123,34455,344781543,2963,0,0,0
62.5228,34456,344791543,1950,0,0,0
62.5320,34457,344801543,2951,0,0,0
62.5420,34458,344811543,1950,0,0,0
62.5522,34459,344821543,2945,0,0,0
62.5676,34460,344831543,1958,0,0,0
62.5726,34461,344841543,2933,0,0,0
62.5820,34462,344851543,1971,0,0,0
62.5923,34463,344861543,2929,0,0,0
62.6061,34464,344871543,1990,0,0,0
62.6151,34465,344881542,2912,0,0,0
62.6283,34466,344891543,2005,0,0,0
62.6360,34467,344901543,2917,0,0,0
62.6426,34468,344911543,2014,0,0,0
62.6538,34469,344921543,2893,0,0,0
62.6625,34470,344931543,2011,0,0,0
62.6719,34471,344941542,2901,0,0,0
62.6816,34472,344951542,2039,0,0,0
62.6916,34473,344961543,2885,0,0,0
62.7018,34474,344971543,2040,0,0,0
62.7117,34475,344981543,2889,0,0,0
62.7219,34476,344991543,2064,0,0,0
62.7457,34477,345001543,2879,0,0,0
62.7473,34478,345011543,2059,0,0,0
62.7545,34479,345021543,2882,0,0,0
62.7617,34480,345031543,2070,0,0,0
62.7729,34481,345041543,2886,0,0,0
62.7832,34482,345051542,2077,0,0,0
62.7924,34483,345061543,2880,0,0,0
62.8051,34484,345071542,2090,0,0,0
62.8138,34485,345081543,2874,0,0,0
62.8216,34486,345091543,2096,0,0,0
62.8314,34487,345101543,2868,0,0,0
62.8415,34488,345111543,2105,0,0,0
62.8518,34489,345121543,2878,0,0,0
62.8620,34490,345131543,2115,0,0,0
62.8718,34491,345141543,2867,0,0,0
62.8821,34492,345151543,2115,0,0,0
62.8945,34493,345161543,2865,0,0,0
62.9057,34494,345171543,2122,0,0,0
62.9131,34495,345181543,2854,0,0,0
62.9286,34496,345191542,2128,0,0,0
62.9318,34497,345201543,2842,0,0,0
62.9467,34498,345211543,2146,0,0,0
62.9535,34499,345221543,2833,0,0,0
62.9670,34500,345231543,2162,0,0,0
62.9758,34501,345241543,2816,0,0,0
62.9814,34502,345251543,2181,0,0,0
62.9916,34503,345261543,2799,0,0,0
63.0020,34504,345271543,2190,0,0,0
63.0118,34505,345281543,2810,0,0,0
63.0222,34506,345291542,2192,0,0,0
63.0324,34507,345301543,2796,0,0,0
63.0420,34508,345311542,2198,0,0,0
63.0536,34509,345321543,2777,0,0,0
63.0638,34510,345331543,2223,0,0,0
63.0731,34511,345341543,2765,0,0,0
63.0889,34512,345351543,2235,0,0,0
63.0918,34513,345361543,2762,0,0,0
63.1016,34514,345371543,2241,0,0,0
63.1138,34515,345381543,2762,0,0,0
63.1248,34516,345391543,2242,0,0,0
63.1377,34517,345401543,2759,0,0,0
63.1444,34518,345411542,2256,0,0,0
63.1515,34519,345421543,2753,0,0,0
63.1616,34520,345431543,2260,0,0,0
63.1720,34521,345441543,2748,0,0,0
63.1825,34522,345451543,2271,0,0,0
63.1918,34523,345461543,2750,0,0,0
63.2025,34524,345471543,2283,0,0,0
63.2196,34525,345481543,2738,0,0,0
63.2219,34526,345491543,2288,0,0,0
63.2322,34527,345501543,2733,0,0,0
63.2418,34528,345511543,2290,0,0,0
63.2559,34529,345521543,2725,0,0,0
63.2671,34530,345531542,2311,0,0,0
63.2770,34531,345541543,2727,0,0,0
63.2839,34532,345551543,2320,0,0,0
63.2979,34533,345561543,2704,0,0,0
63.3053,34534,345571543,2317,0,0,0
63.3117,34535,345581543,2707,0,0,0
63.3220,34536,345591543,2323,0,0,0
63.3322,34537,345601542,2702,0,0,0
63.3421,34538,345611543,2325,0,0,0
63.3526,34539,345621543,2687,0,0,0
63.3622,34540,345631542,2337,0,0,0
63.3848,34541,345641543,2692,0,0,0
63.3856,34542,345651543,2336,0,0,0
63.3953,34543,345661543,2698,0,0,0
63.4017,34544,345671543,2347,0,0,0
63.4152,34545,345681543,2683,0,0,0
63.4238,34546,345691543,2352,0,0,0
63.4341,34547,345701543,2682,0,0,0
63.4419,34548,345711542,2357,0,0,0
63.4526,34549,345721543,2678,0,0,0
63.4667,34550,345731543,2365,0,0,0
63.4721,34551,345741543,2675,0,0,0
63.4816,34552,345751543,2369,0,0,0
63.4915,34553,345761542,2667,0,0,0
63.5018,34554,345771543,2374,0,0,0
63.5115,34555,345781543,2667,0,0,0
63.5219,34556,345791543,2384,0,0,0
63.5321,34557,345801543,2663,0,0,0
63.5553,34558,345811542,2386,0,0,0
63.5572,34559,345821543,2657,0,0,0
63.5620,34560,345831543,2387,0,0,0
63.5745,34561,345841543,2651,0,0,0
63.5851,34562,345851543,2391,0,0,0
63.5953,34563,345861543,2659,0,0,0
63.6016,34564,345871543,2391,0,0,0
63.6137,34565,345881543,2652,0,0,0
63.6229,34566,345891543,2400,0,0,0
63.6333,34567,345901543,2646,0,0,0
63.6416,34568,345911543,2406,0,0,0
63.6521,34569,345921543,2644,0,0,0
63.6616,34570,345931543,2399,0,0,0
63.6727,34571,345941543,2637,0,0,0
63.6818,34572,345951543,2407,0,0,0
63.7006,34573,345961543,2634,0,0,0
63.7016,34574,345971543,2401,0,0,0
63.7144,34575,345981543,2627,0,0,0
63.7262,34576,345991542,2416,0,0,0
63.7381,34577,346001543,2624,0,0,0
63.7448,34578,346011543,2429,0,0,0
63.7538,34579,346021543,2624,0,0,0
63.7647,34580,346031543,2420,0,0,0
63.7761,34581,346041543,2624,0,0,0
63.7815,34582,346051543,2435,0,0,0
63.7918,34583,346061543,2615,0,0,0
63.8021,34584,346071542,2431,0,0,0
63.8123,34585,346081543,2613,0,0,0
63.8223,34586,346091543,2447,0,0,0
63.8324,34587,346101543,2603,0,0,0
63.8421,34588,346111543,2448,0,0,0
63.8613,34589,346121542,2602,0,0,0
63.8621,34590,346131542,2451,0,0,0
63.8757,34591,346141543,2593,0,0,0
63.8848,34592,346151543,2464,0,0,0
63.8960,34593,346161543,2591,0,0,0
63.9023,34594,346171542,2489,0,0,0
63.9173,34595,346181543,2559,0,0,0
63.9259,34596,346191543,2462,0,0,0
63.9378,34597,346201543,2581,0,0,0
63.9420,34598,346211542,2491,0,0,0
63.9539,34599,346221543,2559,0,0,0
63.9625,34600,346231543,2491,0,0,0
63.9718,34601,346241543,2556,0,0,0
63.9815,34602,346251543,2501,0,0,0
63.9917,34603,346261543,2544,0,0,0
64.0017,34604,346271543,2518,0,0,0
64.0118,34605,346281543,2537,0,0,0
64.0220,34606,346291542,2530,0,0,0
64.0320,34607,346301543,2519,0,0,0
64.0513,34608,346311542,2533,0,0,0
64.0521,34609,346321543,2513,0,0,0
64.0625,34610,346331543,2551,0,0,0
64.0734,34611,346341543,2499,0,0,0
64.0884,34612,346351543,2559,0,0,0
64.0930,34613,346361543,2493,0,0,0
64.1021,34614,346371543,2587,0,0,0
64.1125,34615,346381543,2490,0,0,0
64.1262,34616,346391543,2594,0,0,0
64.1336,34617,346401543,2481,0,0,0
64.1415,34618,346411543,2613,0,0,0
64.1520,34619,346421543,2471,0,0,0
64.1623,34620,346431543,2618,0,0,0
64.1722,34621,346441543,2470,0,0,0
64.1822,34622,346451543,2623,0,0,0
64.1922,34623,346461543,2458,0,0,0
64.2017,34624,346471543,2625,0,0,0
64.2198,34625,346481543,2460,0,0,0
64.2218,34626,346491543,2640,0,0,0
64.2351,34627,346501543,2448,0,0,0
64.2459,34628,346511543,2637,0,0,0
64.2516,34629,346521542,2446,0,0,0
64.2641,34630,346531543,2660,0,0,0
64.2774,34631,346541543,2445,0,0,0
64.2842,34632,346551543,2678,0,0,0
64.2956,34633,346561542,2423,0,0,0
64.3014,34634,346571543,2704,0,0,0
64.3115,34635,346581542,2409,0,0,0
64.3219,34636,346591543,2720,0,0,0
64.3322,34637,346601543,2393,0,0,0
64.3423,34638,346611543,2748,0,0,0
64.3518,34639,346621543,2382,0,0,0
64.3683,34640,346631543,2755,0,0,0
64.3716,34641,346641543,2367,0,0,0
64.3826,34642,346651542,2769,0,0,0
64.3960,34643,346661543,2358,0,0,0
64.4048,34644,346671543,2778,0,0,0
64.4125,34645,346681543,2342,0,0,0
64.4240,34646,346691543,2807,0,0,0
64.4321,34647,346701543,2339,0,0,0
64.4439,34648,346711543,2819,0,0,0
64.4516,34649,346721543,2322,0,0,0
64.4620,34650,346731543,2832,0,0,0
64.4717,34651,346741543,2329,0,0,0
64.4824,34652,346751543,2881,0,0,0
64.4917,34653,346761542,2320,0,0,0
64.5026,34654,346771543,2854,0,0,0
64.5160,34655,346781543,2314,0,0,0
64.5224,34656,346791543,2858,0,0,0
64.5329,34657,346801543,2288,0,0,0
64.5464,34658,346811543,2853,0,0,0
64.5550,34659,346821543,2281,0,0,0
64.5636,34660,346831543,2863,0,0,0
64.5752,34661,346841543,2284,0,0,0
64.5833,34662,346851543,2890,0,0,0
64.5952,34663,346861543,2274,0,0,0
64.6015,34664,346871543,2896,0,0,0
64.6116,34665,346881542,2275,0,0,0
64.6221,34666,346891543,2899,0,0,0
64.6322,34667,346901543,2270,0,0,0
64.6418,34668,346911543,2912,0,0,0
64.6516,34669,346921542,2259,0,0,0
64.6623,34670,346931543,2922,0,0,0
64.6753,34671,346941543,2253,0,0,0
64.6851,34672,346951543,2922,0,0,0
64.6921,34673,346961543,2243,0,0,0
64.7064,34674,346971543,2933,0,0,0
64.7144,34675,346981543,2246,0,0,0
64.7216,34676,346991543,2947,0,0,0
64.7316,34677,347001542,2238,0,0,0
64.7489,34678,347011543,2941,0,0,0
64.7548,34679,347021543,2224,0,0,0
64.7615,34680,347031543,2946,0,0,0
64.7721,34681,347041543,2209,0,0,0
64.7818,34682,347051542,2935,0,0,0
64.7918,34683,347061543,2193,0,0,0
64.8021,34684,347071543,2946,0,0,0
64.8121,34685,347081543,2180,0,0,0
64.8258,34686,347091542,2946,0,0,0
64.8331,34687,347101543,2165,0,0,0
64.8466,34688,347111543,2960,0,0,0
64.8617,34689,347121543,2153,0,0,0
64.8655,34690,347131543,2959,0,0,0
64.8758,34691,347141542,2151,0,0,0
64.8844,34692,347151543,2967,0,0,0
64.8951,34693,347161543,2154,0,0,0
64.9048,34694,347171543,2978,0,0,0
64.9116,34695,347181543,2158,0,0,0
64.9215,34696,347191543,2986,0,0,0
64.9318,34697,347201543,2149,0,0,0
64.9416,34698,347211543,2995,0,0,0
64.9518,34699,347221543,2144,0,0,0
64.9616,34700,347231543,3011,0,0,0
64.9717,34701,347241543,2141,0,0,0
64.9837,34702,347251543,3038,0,0,0
64.9949,34703,347261543,2137,0,0,0
65.0080,34704,347271543,3055,0,0,0
65.0162,34705,347281543,2145,0,0,0
65.0242,34706,347291543,3054,0,0,0
65.0316,34707,347301543,2129,0,0,0
65.0445,34708,347311543,3057,0,0,0
65.0592,34709,347321543,2126,0,0,0
65.0621,34710,347331542,3088,0,0,0
65.0718,34711,347341543,2120,0,0,0
65.0815,34712,347351542,3095,0,0,0
65.0917,34713,347361543,2112,0,0,0
65.1014,34714,347371543,3110,0,0,0
65.1120,34715,347381543,2121,0,0,0
65.1220,34716,347391542,3136,0,0,0
65.1321,34717,347401543,2141,0,0,0
65.1500,34718,347411543,3167,0,0,0
65.1518,34719,347421543,2117,0,0,0
65.1633,34720,347431543,3146,0,0,0
65.1757,34721,347441543,2119,0,0,0
65.1872,34722,347451543,3169,0,0,0
65.1947,34723,347461543,2128,0,0,0
65.2036,34724,347471543,3187,0,0,0
65.2184,34725,347481543,2128,0,0,0
65.2270,34726,347491543,3189,0,0,0
65.2320,34727,347501543,2125,0,0,0
65.2415,34728,347511543,3197,0,0,0
65.2519,34729,347521542,2124,0,0,0
65.2619,34730,347531543,3202,0,0,0
65.2719,34731,347541543,2118,0,0,0
65.2821,34732,347551542,3202,0,0,0
65.2918,34733,347561543,2102,0,0,0
65.3133,34734,347571542,3170,0,0,0
65.3141,34735,347581543,2042,0,0,0
65.3247,34736,347591543,3175,0,0,0
65.3325,34737,347601543,2046,0,0,0
65.3461,34738,347611543,3183,0,0,0
65.3562,34739,347621543,2039,0,0,0
65.3646,34740,347631543,3190,0,0,0
65.3723,34741,347641543,2055,0,0,0
65.3837,34742,347651542,3198,0,0,0
65.3943,34743,347661543,2032,0,0,0
65.4015,34744,347671543,3207,0,0,0
65.4114,34745,347681543,2027,0,0,0
65.4216,34746,347691543,3219,0,0,0
65.4320,34747,347701543,1997,0,0,0
65.4421,34748,347711542,3217,0,0,0
65.4521,34749,347721543,1965,0,0,0
65.4723,34750,347731543,3251,0,0,0
65.4733,34751,347741543,1959,0,0,0
65.4871,34752,347751543,3251,0,0,0
65.4985,34753,347761543,1952,0,0,0
65.5085,34754,347771543,3226,0,0,0
65.5175,34755,347781543,1963,0,0,0
65.5259,34756,347791542,3204,0,0,0
65.5322,34757,347801543,1977,0,0,0
65.5451,34758,347811543,3229,0,0,0
65.5542,34759,347821543,1968,0,0,0
65.5616,34760,347831543,3206,0,0,0
65.5717,34761,347841543,1930,0,0,0
65.5815,34762,347851543,3215,0,0,0
65.5917,34763,347861543,1939,0,0,0
65.6016,34764,347871543,3217,0,0,0
65.6121,34765,347881543,1935,0,0,0
65.6222,34766,347891542,3114,0,0,0
65.6413,34767,347901543,1978,0,0,0
65.6422,34768,347911543,3143,0,0,0
65.6535,34769,347921543,1970,0,0,0
65.6642,34770,347931542,3153,0,0,0
65.6763,34771,347941543,1963,0,0,0
65.6819,34772,347951542,3167,0,0,0
65.6946,34773,347961543,1970,0,0,0
65.7029,34774,347971543,3143,0,0,0
65.7154,34775,347981543,1968,0,0,0
65.7233,34776,347991543,3134,0,0,0
65.7315,34777,348001543,1964,0,0,0
65.7416,34778,348011543,3130,0,0,0
65.7519,34779,348021543,1963,0,0,0
65.7622,34780,348031543,3136,0,0,0
65.7724,34781,348041543,1959,0,0,0
65.7825,34782,348051543,3138,0,0,0
65.8013,34783,348061543,1962,0,0,0
65.8021,34784,348071543,3094,0,0,0
65.8156,34785,348081543,1931,0,0,0
65.8219,34786,348091543,3111,0,0,0
65.8352,34787,348101543,1940,0,0,0
65.8425,34788,348111543,3084,0,0,0
65.8558,34789,348121543,1938,0,0,0
65.8615,34790,348131543,3060,0,0,0
65.8729,34791,348141543,1949,0,0,0
65.8824,34792,348151543,3058,0,0,0
65.8917,34793,348161543,1943,0,0,0
65.9023,34794,348171542,3041,0,0,0
65.9120,34795,348181543,1943,0,0,0
65.9223,34796,348191543,3035,0,0,0
65.9324,34797,348201543,1950,0,0,0
65.9465,34798,348211543,3023,0,0,0
65.9581,34799,348221543,1956,0,0,0
65.9626,34800,348231543,2993,0,0,0
65.9737,34801,348241543,1966,0,0,0
65.9877,34802,348251543,2998,0,0,0
65.9916,34803,348261543,1981,0,0,0
66.0060,34804,348271542,3007,0,0,0
66.0159,34805,348281543,1978,0,0,0
66.0215,34806,348291543,2991,0,0,0
66.0340,34807,348301542,1970,0,0,0
66.0414,34808,348311543,2981,0,0,0
66.0522,34809,348321543,1985,0,0,0
66.0616,34810,348331543,2960,0,0,0
66.0728,34811,348341543,1981,0,0,0
66.0822,34812,348351543,2946,0,0,0
66.0920,34813,348361543,1998,0,0,0
66.1017,34814,348371542,2938,0,0,0
66.1166,34815,348381543,2022,0,0,0
66.1221,34816,348391543,2929,0,0,0
66.1341,34817,348401542,2037,0,0,0
66.1441,34818,348411542,2925,0,0,0
66.1584,34819,348421543,2034,0,0,0
66.1648,34820,348431543,2916,0,0,0
66.1773,34821,348441543,2055,0,0,0
66.1858,34822,348451543,2898,0,0,0
66.1916,34823,348461543,2080,0,0,0
66.2067,34824,348471543,2913,0,0,0
66.2133,34825,348481543,2094,0,0,0
66.2215,34826,348491543,2903,0,0,0
66.2315,34827,348501543,2113,0,0,0
66.2417,34828,348511543,2923,0,0,0
66.2520,34829,348521543,2127,0,0,0
66.2621,34830,348531543,2919,0,0,0
66.2722,34831,348541543,2114,0,0,0
66.2887,34832,348551543,2919,0,0,0
66.2921,34833,348561543,2135,0,0,0
66.3050,34834,348571543,2915,0,0,0
66.3186,34835,348581543,2128,0,0,0
66.3261,34836,348591543,2896,0,0,0
66.3341,34837,348601543,2128,0,0,0
66.3439,34838,348611543,2875,0,0,0
66.3543,34839,348621543,2111,0,0,0
66.3650,34840,348631542,2866,0,0,0
66.3714,34841,348641543,2104,0,0,0
66.3815,34842,348651543,2846,0,0,0
66.3915,34843,348661543,2105,0,0,0
66.4019,34844,348671543,2835,0,0,0
66.4117,34845,348681543,2119,0,0,0
66.4222,34846,348691543,2817,0,0,0
66.4319,34847,348701543,2149,0,0,0
66.4509,34848,348711542,2818,0,0,0
66.4520,34849,348721543,2178,0,0,0
66.4625,34850,348731543,2789,0,0,0
66.4716,34851,348741543,2162,0,0,0
66.4854,34852,348751543,2794,0,0,0
66.4921,34853,348761543,2178,0,0,0
66.5055,34854,348771543,2790,0,0,0
66.5118,34855,348781543,2195,0,0,0
66.5273,34856,348791543,2766,0,0,0
66.5333,34857,348801543,2210,0,0,0
66.5417,34858,348811543,2768,0,0,0
66.5520,34859,348821543,2227,0,0,0
66.5620,34860,348831542,2765,0,0,0
66.5716,34861,348841543,2235,0,0,0
66.5817,34862,348851543,2746,0,0,0
66.5919,34863,348861543,2237,0,0,0
66.6078,34864,348871542,2743,0,0,0
66.6179,34865,348881543,2237,0,0,0
66.6221,34866,348891542,2736,0,0,0
66.6384,34867,348901543,2247,0,0,0
66.6455,34868,348911543,2720,0,0,0
66.6547,34869,348921543,2261,0,0,0
66.6632,34870,348931543,2718,0,0,0
66.6739,34871,348941543,2272,0,0,0
66.6862,34872,348951542,2714,0,0,0
66.6956,34873,348961543,2278,0,0,0
66.7027,34874,348971543,2716,0,0,0
66.7115,34875,348981543,2289,0,0,0
66.7220,34876,348991543,2701,0,0,0
66.7320,34877,349001543,2291,0,0,0
66.7420,34878,349011542,2710,0,0,0
66.7524,34879,349021543,2301,0,0,0
66.7623,34880,349031542,2698,0,0,0
66.7825,34881,349041543,2308,0,0,0
66.7832,34882,349051543,2700,0,0,0
66.7923,34883,349061542,2320,0,0,0
66.8032,34884,349071543,2695,0,0,0
66.8176,34885,349081543,2325,0,0,0
66.8217,34886,349091543,2693,0,0,0
66.8343,34887,349101542,2335,0,0,0
66.8461,34888,349111543,2698,0,0,0
66.8542,34889,349121542,2356,0,0,0
66.8616,34890,349131543,2695,0,0,0
66.8716,34891,349141543,2362,0,0,0
66.8819,34892,349151543,2705,0,0,0
66.8917,34893,349161543,2378,0,0,0
66.9022,34894,349171543,2689,0,0,0
66.9123,34895,349181543,2394,0,0,0
66.9218,34896,349191542,2700,0,0,0
66.9326,34897,349201543,2402,0,0,0
66.9530,34898,349211543,2699,0,0,0
66.9538,34899,349221543,2401,0,0,0
66.9647,34900,349231543,2693,0,0,0
66.9747,34901,349241543,2418,0,0,0
66.9908,34902,349251543,2702,0,0,0
66.9946,34903,349261543,2425,0,0,0
67.0031,34904,349271543,2704,0,0,0
67.0138,34905,349281543,2429,0,0,0
67.0233,34906,349291543,2689,0,0,0
67.0323,34907,349301543,2431,0,0,0
67.0426,34908,349311543,2683,0,0,0
67.0519,34909,349321543,2421,0,0,0
67.0619,34910,349331543,2679,0,0,0
67.0723,34911,349341543,2445,0,0,0
67.0822,34912,349351542,2670,0,0,0
67.0919,34913,349361543,2449,0,0,0
67.1066,34914,349371543,2671,0,0,0
67.1152,34915,349381542,2464,0,0,0
67.1270,34916,349391543,2643,0,0,0
67.1388,34917,349401543,2443,0,0,0
67.1416,34918,349411543,2649,0,0,0
67.1527,34919,349421543,2445,0,0,0
67.1665,34920,349431543,2635,0,0,0
67.1736,34921,349441543,2450,0,0,0
67.1875,34922,349451543,2627,0,0,0
67.1956,34923,349461543,2466,0,0,0
67.2023,34924,349471543,2639,0,0,0
67.2121,34925,349481543,2449,0,0,0
67.2215,34926,349491543,2608,0,0,0
67.2315,34927,349501543,2436,0,0,0
67.2416,34928,349511543,2559,0,0,0
67.2522,34929,349521543,2442,0,0,0
67.2616,34930,349531543,2559,0,0,0
67.2824,34931,349541543,2446,0,0,0
67.2835,34932,349551543,2546,0,0,0
67.2945,34933,349561543,2455,0,0,0
67.3038,34934,349571543,2543,0,0,0
67.3150,34935,349581542,2460,0,0,0
67.3248,34936,349591543,2529,0,0,0
67.3355,34937,349601543,2475,0,0,0
67.3424,34938,349611543,2529,0,0,0
67.3556,34939,349621543,2487,0,0,0
67.3632,34940,349631542,2512,0,0,0
67.3714,34941,349641543,2499,0,0,0
67.3820,34942,349651543,2502,0,0,0
67.3919,34943,349661543,2517,0,0,0
67.4027,34944,349671543,2483,0,0,0
67.4119,34945,349681543,2543,0,0,0
67.4219,34946,349691542,2473,0,0,0
67.4325,34947,349701543,2555,0,0,0
67.4461,34948,349711543,2467,0,0,0
67.4523,34949,349721543,2559,0,0,0
67.4692,34950,349731543,2467,0,0,0
67.4721,34951,349741543,2586,0,0,0
67.4850,34952,349751543,2466,0,0,0
67.4928,34953,349761543,2599,0,0,0
67.5055,34954,349771543,2448,0,0,0
67.5119,34955,349781543,2611,0,0,0
67.5216,34956,349791543,2449,0,0,0
67.5320,34957,349801543,2631,0,0,0
67.5414,34958,349811543,2454,0,0,0
67.5520,34959,349821543,2640,0,0,0
67.5625,34960,349831543,2455,0,0,0
67.5720,34961,349841543,2666,0,0,0
67.5823,34962,349851542,2442,0,0,0
67.5919,34963,349861543,2693,0,0,0
67.6025,34964,349871543,2447,0,0,0
67.6174,34965,349881543,2719,0,0,0
67.6234,34966,349891543,2427,0,0,0
67.6365,34967,349901542,2747,0,0,0
67.6468,34968,349911543,2425,0,0,0
67.6545,34969,349921543,2779,0,0,0
67.6616,34970,349931543,2414,0,0,0
67.6757,34971,349941543,2800,0,0,0
67.6815,34972,349951543,2393,0,0,0
67.6957,34973,349961543,2809,0,0,0
67.7015,34974,349971542,2380,0,0,0
67.7114,34975,349981543,2832,0,0,0
67.7223,34976,349991543,2370,0,0,0
67.7318,34977,350001543,2848,0,0,0
67.7426,34978,350011543,2352,0,0,0
67.7519,34979,350021543,2864,0,0,0
67.7622,34980,350031542,2357,0,0,0
67.7755,34981,350041543,2897,0,0,0
67.7833,34982,350051543,2349,0,0,0
67.7949,34983,350061543,2875,0,0,0
67.8036,34984,350071543,2341,0,0,0
67.8167,34985,350081543,2887,0,0,0
67.8269,34986,350091543,2327,0,0,0
67.8341,34987,350101543,2906,0,0,0
67.8416,34988,350111542,2332,0,0,0
67.8542,34989,350121543,2902,0,0,0
67.8617,34990,350131543,2321,0,0,0
67.8714,34991,350141543,2908,0,0,0
67.8823,34992,350151542,2317,0,0,0
67.8915,34993,350161543,2930,0,0,0
67.9022,34994,350171542,2305,0,0,0
67.9125,34995,350181543,2943,0,0,0
67.9223,34996,350191543,2300,0,0,0
67.9463,34997,350201543,2946,0,0,0
67.9477,34998,350211542,2283,0,0,0
67.9520,34999,350221543,2947,0,0,0
67.9707,35000,350231543,2286,0,0,0
67.9718,35001,350241543,2960,0,0,0
67.9845,35002,350251543,2271,0,0,0
67.9932,35003,350261543,2965,0,0,0
68.0062,35004,350271543,2264,0,0,0
68.0121,35005,350281543,2967,0,0,0
68.0216,35006,350291543,2255,0,0,0
68.0315,35007,350301543,2981,0,0,0
68.0420,35008,350311543,2243,0,0,0
68.0517,35009,350321542,2995,0,0,0
68.0622,35010,350331543,2226,0,0,0
68.0719,35011,350341543,2994,0,0,0
68.0823,35012,350351543,2227,0,0,0
68.0919,35013,350361543,3003,0,0,0
68.1096,35014,350371543,2224,0,0,0
68.1119,35015,350381543,3007,0,0,0
68.1220,35016,350391543,2209,0,0,0
68.1320,35017,350401543,3003,0,0,0
68.1474,35018,350411543,2203,0,0,0
68.1557,35019,350421543,3025,0,0,0
68.1648,35020,350431543,2190,0,0,0
68.1751,35021,350441543,3042,0,0,0
68.1847,35022,350451543,2178,0,0,0
68.1917,35023,350461543,3045,0,0,0
68.2016,35024,350471543,2175,0,0,0
68.2116,35025,350481543,3043,0,0,0
68.2217,35026,350491542,2160,0,0,0
68.2322,35027,350501543,3067,0,0,0
68.2417,35028,350511543,2151,0,0,0
68.2519,35029,350521543,3085,0,0,0
68.2619,35030,350531543,2137,0,0,0
68.2738,35031,350541543,3092,0,0,0
68.2821,35032,350551543,2133,0,0,0
68.2965,35033,350561543,3094,0,0,0
68.3049,35034,350571543,2127,0,0,0
68.3132,35035,350581542,3107,0,0,0
68.3272,35036,350591543,2118,0,0,0
68.3379,35037,350601543,3119,0,0,0
68.3465,35038,350611543,2105,0,0,0
68.3524,35039,350621543,3127,0,0,0
68.3681,35040,350631543,2102,0,0,0
68.3742,35041,350641542,3129,0,0,0
68.3818,35042,350651543,2097,0,0,0
68.3916,35043,350661543,3136,0,0,0
68.4019,35044,350671543,2095,0,0,0
68.4117,35045,350681543,3139,0,0,0
68.4222,35046,350691543,2090,0,0,0
68.4321,35047,350701543,3160,0,0,0
68.4493,35048,350711543,2094,0,0,0
68.4523,35049,350721543,3141,0,0,0
68.4675,35050,350731542,2070,0,0,0
68.4729,35051,350741543,3146,0,0,0
68.4845,35052,350751543,2063,0,0,0
68.4952,35053,350761543,3163,0,0,0
68.5039,35054,350771542,2061,0,0,0
68.5116,35055,350781543,3164,0,0,0
68.5237,35056,350791542,2045,0,0,0
68.5378,35057,350801543,3157,0,0,0
68.5418,35058,350811543,2038,0,0,0
68.5520,35059,350821543,3152,0,0,0
68.5621,35060,350831543,2031,0,0,0
68.5716,35061,350841543,3169,0,0,0
68.5819,35062,350851543,2012,0,0,0
68.5917,35063,350861543,3167,0,0,0
68.6024,35064,350871543,2019,0,0,0
68.6185,35065,350881543,3159,0,0,0
68.6223,35066,350891543,2007,0,0,0
68.6352,35067,350901543,3152,0,0,0
68.6464,35068,350911542,2006,0,0,0
68.6516,35069,350921543,3154,0,0,0
68.6640,35070,350931542,2002,0,0,0
68.6719,35071,350941543,3158,0,0,0
68.6871,35072,350951543,2005,0,0,0
68.6972,35073,350961542,3152,0,0,0
68.7026,35074,350971543,1991,0,0,0
68.7115,35075,350981543,3150,0,0,0
68.7219,35076,350991543,1990,0,0,0
68.7322,35077,351001543,3153,0,0,0
68.7420,35078,351011543,1981,0,0,0
68.7524,35079,351021543,3152,0,0,0
68.7620,35080,351031542,1981,0,0,0
68.7765,35081,351041543,3147,0,0,0
68.7841,35082,351051543,1978,0,0,0
68.7962,35083,351061543,3127,0,0,0
68.8083,35084,351071543,1963,0,0,0
68.8151,35085,351081543,3142,0,0,0
68.8237,35086,351091543,1967,0,0,0
68.8319,35087,351101542,3138,0,0,0
68.8441,35088,351111543,1971,0,0,0
68.8524,35089,351121543,3136,0,0,0
68.8643,35090,351131542,1968,0,0,0
68.8716,35091,351141543,3123,0,0,0
68.8819,35092,351151543,1962,0,0,0
68.8917,35093,351161543,3127,0,0,0
68.9019,35094,351171543,1961,0,0,0
68.9122,35095,351181543,3115,0,0,0
68.9220,35096,351191542,1959,0,0,0
68.9459,35097,351201543,3106,0,0,0
68.9471,35098,351211543,1961,0,0,0
68.9526,35099,351221543,3090,0,0,0
68.9646,35100,351231543,1958,0,0,0
68.9751,35101,351241543,3058,0,0,0
68.9849,35102,351251542,1956,0,0,0
68.9929,35103,351261543,3042,0,0,0
69.0043,35104,351271543,1955,0,0,0
69.0157,35105,351281543,3030,0,0,0
69.0218,35106,351291542,1952,0,0,0
69.0315,35107,351301543,3012,0,0,0
69.0417,35108,351311543,1958,0,0,0
69.0516,35109,351321543,3003,0,0,0
69.0621,35110,351331543,1951,0,0,0
69.0718,35111,351341543,2983,0,0,0
69.0826,35112,351351543,1969,0,0,0
69.0921,35113,351361543,2982,0,0,0
69.1083,35114,351371543,1981,0,0,0
69.1120,35115,351381543,2955,0,0,0
69.1275,35116,351391543,1970,0,0,0
69.1380,35117,351401542,2964,0,0,0
69.1448,35118,351411542,1989,0,0,0
69.1523,35119,351421543,2948,0,0,0
69.1655,35120,351431543,1984,0,0,0
69.1717,35121,351441543,2932,0,0,0
69.1866,35122,351451542,2006,0,0,0
69.1925,35123,351461543,2926,0,0,0
69.2015,35124,351471543,2028,0,0,0
69.2116,35125,351481543,2909,0,0,0
69.2214,35126,351491543,2042,0,0,0
69.2316,35127,351501542,2897,0,0,0
69.2419,35128,351511542,2055,0,0,0
69.2519,35129,351521543,2896,0,0,0
69.2619,35130,351531543,2081,0,0,0
69.2791,35131,351541543,2903,0,0,0
69.2820,35132,351551543,2096,0,0,0
69.2918,35133,351561543,2895,0,0,0
69.3071,35134,351571543,2110,0,0,0
69.3122,35135,351581543,2894,0,0,0
69.3238,35136,351591543,2107,0,0,0
69.3325,35137,351601543,2891,0,0,0
69.3451,35138,351611543,2114,0,0,0
69.3566,35139,351621543,2891,0,0,0
69.3620,35140,351631543,2118,0,0,0
69.3715,35141,351641543,2879,0,0,0
69.3815,35142,351651543,2117,0,0,0
69.3915,35143,351661542,2882,0,0,0
69.4018,35144,351671542,2128,0,0,0
69.4119,35145,351681543,2877,0,0,0
69.4222,35146,351691542,2133,0,0,0
69.4412,35147,351701543,2863,0,0,0
69.4423,35148,351711543,2144,0,0,0
69.4531,35149,351721543,2860,0,0,0
69.4639,35150,351731543,2160,0,0,0
69.4786,35151,351741542,2859,0,0,0
69.4836,35152,351751542,2180,0,0,0
69.4953,35153,351761543,2838,0,0,0
69.5044,35154,351771543,2203,0,0,0
69.5138,35155,351781543,2823,0,0,0
69.5217,35156,351791543,2207,0,0,0
69.5321,35157,351801543,2799,0,0,0
69.5417,35158,351811542,2221,0,0,0
69.5519,35159,351821543,2795,0,0,0
69.5620,35160,351831543,2231,0,0,0
69.5715,35161,351841543,2782,0,0,0
69.5825,35162,351851543,2226,0,0,0
69.5920,35163,351861543,2768,0,0,0
69.6124,35164,351871543,2238,0,0,0
69.6134,35165,351881543,2727,0,0,0
69.6250,35166,351891543,2235,0,0,0
69.6350,35167,351901543,2716,0,0,0
69.6466,35168,351911543,2246,0,0,0
69.6521,35169,351921543,2713,0,0,0
69.6656,35170,351931543,2253,0,0,0
69.6717,35171,351941543,2691,0,0,0
69.6859,35172,351951543,2261,0,0,0
69.6940,35173,351961543,2691,0,0,0
69.7015,35174,351971543,2269,0,0,0
69.7121,35175,351981543,2682,0,0,0
69.7219,35176,351991543,2278,0,0,0
69.7319,35177,352001543,2687,0,0,0
69.7418,35178,352011543,2407,0,0,0
69.7520,35179,352021543,2661,0,0,0
69.7623,35180,352031542,2291,0,0,0
69.7775,35181,352041543,2675,0,0,0
69.7824,35182,352051543,2288,0,0,0
69.8002,35183,352061543,2626,0,0,0
69.8021,35184,352071543,2299,0,0,0
69.8148,35185,352081543,2559,0,0,0
69.8219,35186,352091543,2311,0,0,0
69.8340,35187,352101543,2652,0,0,0
69.8446,35188,352111543,2320,0,0,0
69.8551,35189,352121543,2663,0,0,0
69.8615,35190,352131543,2368,0,0,0
69.8714,35191,352141543,2695,0,0,0
69.8821,35192,352151542,2370,0,0,0
69.8921,35193,352161543,2672,0,0,0
69.9019,35194,352171543,2377,0,0,0
69.9119,35195,352181543,2670,0,0,0
69.9222,35196,352191542,2390,0,0,0
69.9338,35197,352201543,2671,0,0,0
69.9470,35198,352211543,2384,0,0,0
69.9566,35199,352221543,2666,0,0,0
69.9639,35200,352231543,2395,0,0,0
69.9753,35201,352241543,2655,0,0,0
69.9819,35202,352251543,2399,0,0,0
69.9939,35203,352261543,2662,0,0,0
70.0065,35204,352271543,2411,0,0,0
70.0131,35205,352281543,2689,0,0,0
70.0237,35206,352291543,2446,0,0,0
70.0315,35207,352301543,2678,0,0,0
70.0417,35208,352311543,2455,0,0,0
70.0525,35209,352321543,2675,0,0,0
70.0620,35210,352331543,2463,0,0,0
70.0721,35211,352341543,2678,0,0,0
70.0818,35212,352351543,2461,0,0,0
70.0945,35213,352361543,2671,0,0,0
70.1019,35214,352371543,2484,0,0,0
70.1167,35215,352381543,2660,0,0,0
70.1256,35216,352391543,2488,0,0,0
70.1318,35217,352401542,2661,0,0,0
70.1471,35218,352411543,2496,0,0,0
70.1548,35219,352421543,2651,0,0,0
70.1657,35220,352431543,2498,0,0,0
70.1716,35221,352441543,2642,0,0,0
70.1814,35222,352451543,2503,0,0,0
70.1918,35223,352461543,2637,0,0,0
70.2021,35224,352471543,2514,0,0,0
70.2119,35225,352481543,2627,0,0,0
70.2221,35226,352491543,2517,0,0,0
70.2324,35227,352501542,2626,0,0,0
70.2579,35228,352511543,2527,0,0,0
70.2592,35229,352521543,2620,0,0,0
70.2617,35230,352531543,2544,0,0,0
70.2754,35231,352541542,2608,0,0,0
70.2870,35232,352551543,2553,0,0,0
70.2937,35233,352561542,2599,0,0,0
70.3039,35234,352571543,2557,0,0,0
70.3138,35235,352581543,2585,0,0,0
70.3234,35236,352591542,2582,0,0,0
70.3375,35237,352601543,2559,0,0,0
70.3431,35238,352611542,2602,0,0,0
70.3514,35239,352621543,2542,0,0,0
70.3620,35240,352631543,2609,0,0,0
70.3716,35241,352641543,2533,0,0,0
70.3824,35242,352651542,2634,0,0,0
70.3920,35243,352661543,2530,0,0,0
70.4056,35244,352671543,2644,0,0,0
70.4158,35245,352681543,2515,0,0,0
70.4251,35246,352691543,2651,0,0,0
70.4340,35247,352701543,2510,0,0,0
70.4478,35248,352711543,2669,0,0,0
70.4517,35249,352721543,2502,0,0,0
70.4635,35250,352731543,2669,0,0,0
70.4721,35251,352741543,2496,0,0,0
70.4853,35252,352751543,2678,0,0,0
70.4948,35253,352761543,2491,0,0,0
70.5015,35254,352771543,2678,0,0,0
70.5116,35255,352781543,2487,0,0,0
70.5215,35256,352791543,2695,0,0,0
70.5314,35257,352801543,2469,0,0,0
70.5418,35258,352811542,2719,0,0,0
70.5522,35259,352821543,2450,0,0,0
70.5658,35260,352831543,2726,0,0,0
70.5728,35261,352841542,2433,0,0,0
70.5852,35262,352851543,2747,0,0,0
70.5935,35263,352861543,2416,0,0,0
70.6047,35264,352871543,2771,0,0,0
70.6161,35265,352881542,2394,0,0,0
70.6216,35266,352891543,2789,0,0,0
70.6351,35267,352901543,2384,0,0,0
70.6416,35268,352911543,2800,0,0,0
70.6515,35269,352921543,2365,0,0,0
70.6622,35270,352931543,2813,0,0,0
70.6717,35271,352941543,2347,0,0,0
70.6816,35272,352951542,2840,0,0,0
70.6917,35273,352961543,2333,0,0,0
70.7020,35274,352971543,2837,0,0,0
70.7202,35275,352981543,2321,0,0,0
70.7217,35276,352991542,2849,0,0,0
70.7318,35277,353001543,2319,0,0,0
70.7454,35278,353011542,2850,0,0,0
70.7530,35279,353021543,2305,0,0,0
70.7663,35280,353031543,2860,0,0,0
70.7750,35281,353041543,2303,0,0,0
70.7837,35282,353051542,2861,0,0,0
70.7931,35283,353061542,2278,0,0,0
70.8045,35284,353071542,2877,0,0,0
70.8115,35285,353081543,2277,0,0,0
70.8216,35286,353091543,2879,0,0,0
70.8322,35287,353101543,2261,0,0,0
70.8418,35288,353111543,2895,0,0,0
70.8523,35289,353121543,2253,0,0,0
70.8622,35290,353131542,2909,0,0,0
70.8850,35291,353141542,2256,0,0,0
70.8868,35292,353151542,2922,0,0,0
70.8921,35293,353161543,2249,0,0,0
70.9070,35294,353171543,2928,0,0,0
70.9153,35295,353181543,2229,0,0,0
70.9258,35296,353191543,2944,0,0,0
70.9349,35297,353201543,2221,0,0,0
70.9419,35298,353211543,2935,0,0,0
70.9537,35299,353221543,2215,0,0,0
70.9632,35300,353231543,2955,0,0,0
70.9745,35301,353241543,2204,0,0,0
70.9814,35302,353251542,2959,0,0,0
70.9916,35303,353261543,2192,0,0,0
71.0022,35304,353271543,2951,0,0,0
71.0117,35305,353281543,2189,0,0,0
71.0231,35306,353291543,2973,0,0,0
71.0327,35307,353301542,2187,0,0,0
71.0495,35308,353311542,2993,0,0,0
71.0519,35309,353321543,2193,0,0,0
71.0617,35310,353331543,3019,0,0,0
71.0726,35311,353341542,2159,0,0,0
71.0861,35312,353351542,2993,0,0,0
71.0918,35313,353361543,2165,0,0,0
71.1041,35314,353371542,3015,0,0,0
71.1152,35315,353381543,2145,0,0,0
71.1244,35316,353391542,3023,0,0,0
71.1316,35317,353401543,2139,0,0,0
71.1415,35318,353411543,3045,0,0,0
71.1524,35319,353421543,2128,0,0,0
71.1621,35320,353431543,3059,0,0,0
71.1725,35321,353441543,2122,0,0,0
71.1825,35322,353451543,3081,0,0,0
71.1919,35323,353461543,2126,0,0,0
71.2122,35324,353471543,3071,0,0,0
71.2150,35325,353481543,2113,0,0,0
71.2251,35326,353491543,3105,0,0,0
71.2338,35327,353501543,2116,0,0,0
71.2462,35328,353511543,3120,0,0,0
71.2573,35329,353521543,2110,0,0,0
71.2644,35330,353531542,3130,0,0,0
71.2719,35331,353541543,2102,0,0,0
71.2856,35332,353551543,3130,0,0,0
71.2929,35333,353561543,2085,0,0,0
71.3015,35334,353571543,3122,0,0,0
71.3119,35335,353581542,2079,0,0,0
71.3224,35336,353591542,3138,0,0,0
71.3326,35337,353601543,2065,0,0,0
71.3419,35338,353611543,3121,0,0,0
71.3519,35339,353621543,2057,0,0,0
71.3622,35340,353631543,3133,0,0,0
71.3747,35341,353641543,2035,0,0,0
71.3848,35342,353651543,3134,0,0,0
71.3926,35343,353661543,2032,0,0,0
71.4057,35344,353671543,3152,0,0,0
71.4166,35345,353681543,2031,0,0,0
71.4240,35346,353691543,3127,0,0,0
71.4337,35347,353701543,2032,0,0,0
71.4433,35348,353711543,3147,0,0,0
71.4562,35349,353721543,2031,0,0,0
71.4614,35350,353731543,3142,0,0,0
71.4715,35351,353741543,2024,0,0,0
71.4820,35352,353751543,3157,0,0,0
71.4918,35353,353761543,2021,0,0,0
71.5024,35354,353771543,3162,0,0,0
71.5120,35355,353781543,2022,0,0,0
71.5220,35356,353791542,3163,0,0,0
71.5338,35357,353801543,2017,0,0,0
71.5494,35358,353811542,3153,0,0,0
71.5539,35359,353821543,2011,0,0,0
71.5619,35360,353831543,3157,0,0,0
71.5772,35361,353841542,2006,0,0,0
71.5839,35362,353851542,3135,0,0,0
71.5932,35363,353861543,2001,0,0,0
71.6058,35364,353871542,3154,0,0,0
71.6147,35365,353881543,1997,0,0,0
71.6218,35366,353891543,3152,0,0,0
71.6316,35367,353901542,1996,0,0,0
71.6415,35368,353911542,3154,0,0,0
71.6518,35369,353921543,2000,0,0,0
71.6621,35370,353931543,3146,0,0,0
71.6718,35371,353941543,1991,0,0,0
71.6817,35372,353951542,3136,0,0,0
71.6949,35373,353961543,1983,0,0,0
71.7045,35374,353971543,3135,0,0,0
71.7138,35375,353981543,1995,0,0,0
71.7218,35376,353991542,3110,0,0,0
71.7368,35377,354001543,1951,0,0,0
71.7443,35378,354011543,3131,0,0,0
71.7536,35379,354021542,1968,0,0,0
71.7662,35380,354031542,3120,0,0,0
71.7742,35381,354041543,1963,0,0,0
71.7817,35382,354051543,3109,0,0,0
71.7915,35383,354061543,1963,0,0,0
71.8014,35384,354071543,3101,0,0,0
71.8118,35385,354081543,1958,0,0,0
71.8222,35386,354091543,3085,0,0,0
71.8323,35387,354101543,1954,0,0,0
71.8420,35388,354111542,3053,0,0,0
71.8549,35389,354121543,1956,0,0,0
71.8639,35390,354131543,3050,0,0,0
71.8787,35391,354141543,1958,0,0,0
71.8909,35392,354151543,3030,0,0,0
71.8916,35393,354161543,1968,0,0,0
71.9047,35394,354171543,3017,0,0,0
71.9117,35395,354181543,1958,0,0,0
71.9239,35396,354191542,3007,0,0,0
71.9362,35397,354201543,1967,0,0,0
71.9417,35398,354211543,2986,0,0,0
71.9514,35399,354221543,1971,0,0,0
71.9616,35400,354231543,2970,0,0,0
71.9716,35401,354241543,1972,0,0,0
71.9821,35402,354251543,2960,0,0,0
71.9928,35403,354261543,1973,0,0,0
72.0019,35404,354271543,2945,0,0,0
72.0118,35405,354281543,1982,0,0,0
72.0300,35406,354291543,2919,0,0,0
72.0320,35407,354301542,1987,0,0,0
72.0423,35408,354311543,2911,0,0,0
72.0518,35409,354321543,2001,0,0,0
72.0695,35410,354331543,2907,0,0,0
72.0721,35411,354341543,2022,0,0,0
72.0875,35412,354351543,2903,0,0,0
72.0947,35413,354361542,2058,0,0,0
72.1047,35414,354371543,2896,0,0,0
72.1168,35415,354381543,2046,0,0,0
72.1217,35416,354391543,2879,0,0,0
72.1315,35417,354401543,2063,0,0,0
72.1416,35418,354411543,2870,0,0,0
72.1514,35419,354421542,2063,0,0,0
72.1616,35420,354431543,2864,0,0,0
72.1721,35421,354441543,2068,0,0,0
72.1820,35422,354451543,2865,0,0,0
72.1919,35423,354461543,2073,0,0,0
72.2037,35424,354471543,2862,0,0,0
72.2122,35425,354481543,2080,0,0,0
72.2216,35426,354491543,2863,0,0,0
72.2357,35427,354501543,2096,0,0,0
72.2431,35428,354511543,2866,0,0,0
72.2572,35429,354521543,2098,0,0,0
72.2638,35430,354531543,2848,0,0,0
72.2753,35431,354541543,2111,0,0,0
72.2846,35432,354551543,2827,0,0,0
72.2914,35433,354561543,2119,0,0,0
72.3019,35434,354571543,2821,0,0,0
72.3124,35435,354581543,2128,0,0,0
72.3216,35436,354591543,2800,0,0,0
72.3320,35437,354601543,2160,0,0,0
72.3419,35438,354611542,2801,0,0,0
72.3521,35439,354621543,2177,0,0,0
72.3640,35440,354631543,2796,0,0,0
72.3739,35441,354641543,2215,0,0,0
72.3821,35442,354651543,2764,0,0,0
72.3959,35443,354661543,2192,0,0,0
72.4060,35444,354671542,2747,0,0,0
72.4161,35445,354681543,2215,0,0,0
72.4235,35446,354691542,2761,0,0,0
72.4370,35447,354701543,2235,0,0,0
72.4451,35448,354711543,2759,0,0,0
72.4514,35449,354721543,2240,0,0,0
72.4617,35450,354731543,2750,0,0,0
72.4715,35451,354741543,2253,0,0,0
72.4816,35452,354751543,2746,0,0,0
72.4919,35453,354761543,2270,0,0,0
72.5022,35454,354771543,2726,0,0,0
72.5228,35455,354781543,2272,0,0,0
72.5239,35456,354791542,2730,0,0,0
72.5338,35457,354801543,2293,0,0,0
72.5422,35458,354811543,2715,0,0,0
72.5570,35459,354821543,2302,0,0,0
72.5617,35460,354831543,2710,0,0,0
72.5756,35461,354841543,2307,0,0,0
72.5820,35462,354851543,2711,0,0,0
72.5949,35463,354861543,2319,0,0,0
72.6018,35464,354871542,2706,0,0,0
72.6114,35465,354881543,2330,0,0,0
72.6215,35466,354891543,2703,0,0,0
72.6316,35467,354901543,2343,0,0,0
72.6417,35468,354911543,2687,0,0,0
72.6521,35469,354921542,2351,0,0,0
72.6622,35470,354931542,2691,0,0,0
72.6832,35471,354941543,2351,0,0,0
72.6840,35472,354951543,2679,0,0,0
72.6951,35473,354961543,2351,0,0,0
72.7048,35474,354971543,2672,0,0,0
72.7158,35475,354981543,2358,0,0,0
72.7233,35476,354991543,2668,0,0,0
72.7351,35477,355001542,2363,0,0,0
72.7467,35478,355011542,2665,0,0,0
72.7566,35479,355021543,2368,0,0,0
72.7633,35480,355031543,2653,0,0,0
72.7736,35481,355041543,2371,0,0,0
72.7845,35482,355051543,2651,0,0,0
72.7915,35483,355061543,2378,0,0,0
72.8015,35484,355071543,2639,0,0,0
72.8116,35485,355081543,2388,0,0,0
72.8218,35486,355091543,2640,0,0,0
72.8322,35487,355101543,2391,0,0,0
72.8419,35488,355111542,2634,0,0,0
72.8537,35489,355121543,2397,0,0,0
72.8652,35490,355131542,2625,0,0,0
72.8751,35491,355141543,2403,0,0,0
72.8878,35492,355151543,2624,0,0,0
72.8928,35493,355161543,2415,0,0,0
72.9069,35494,355171543,2629,0,0,0
72.9139,35495,355181543,2423,0,0,0
72.9241,35496,355191543,2610,0,0,0
72.9364,35497,355201543,2431,0,0,0
72.9420,35498,355211543,2608,0,0,0
72.9519,35499,355221543,2435,0,0,0
72.9620,35500,355231543,2614,0,0,0
72.9725,35501,355241543,2447,0,0,0
72.9821,35502,355251542,2603,0,0,0
72.9918,35503,355261543,2450,0,0,0
73.0023,35504,355271543,2597,0,0,0
73.0188,35505,355281542,2465,0,0,0
73.0223,35506,355291542,2592,0,0,0
73.0372,35507,355301543,2478,0,0,0
73.0458,35508,355311543,2596,0,0,0
73.0521,35509,355321543,2467,0,0,0
73.0648,35510,355331542,2559,0,0,0
73.0729,35511,355341543,2496,0,0,0
73.0856,35512,355351542,2559,0,0,0
73.0950,35513,355361543,2501,0,0,0
73.1014,35514,355371543,2551,0,0,0
73.1120,35515,355381543,2517,0,0,0
73.1222,35516,355391543,2533,0,0,0
73.1325,35517,355401543,2527,0,0,0
73.1420,35518,355411543,2512,0,0,0
73.1523,35519,355421542,2543,0,0,0
73.1620,35520,355431542,2497,0,0,0
73.1828,35521,355441543,2558,0,0,0
73.1837,35522,355451543,2491,0,0,0
73.1956,35523,355461543,2559,0,0,0
73.2089,35524,355471542,2479,0,0,0
73.2116,35525,355481543,2591,0,0,0
73.2242,35526,355491543,2470,0,0,0
73.2318,35527,355501543,2604,0,0,0
73.2433,35528,355511543,2465,0,0,0
73.2550,35529,355521543,2607,0,0,0
73.2648,35530,355531543,2458,0,0,0
73.2716,35531,355541543,2624,0,0,0
73.2821,35532,355551543,2437,0,0,0
73.2916,35533,355561543,2622,0,0,0
73.3025,35534,355571543,2431,0,0,0
73.3125,35535,355581543,2647,0,0,0
73.3229,35536,355591543,2401,0,0,0
73.3323,35537,355601543,2669,0,0,0
73.3524,35538,355611543,2386,0,0,0
73.3533,35539,355621543,2704,0,0,0
73.3625,35540,355631543,2348,0,0,0
73.3717,35541,355641543,2705,0,0,0
73.3845,35542,355651543,2322,0,0,0
73.3938,35543,355661542,2720,0,0,0
73.4079,35544,355671543,2289,0,0,0
73.4161,35545,355681543,2750,0,0,0
73.4238,35546,355691542,2295,0,0,0
73.4321,35547,355701543,2762,0,0,0
73.4416,35548,355711542,2288,0,0,0
73.4518,35549,355721543,2771,0,0,0
73.4619,35550,355731543,2274,0,0,0
73.4733,35551,355741543,2795,0,0,0
73.4819,35552,355751543,2261,0,0,0
73.4921,35553,355761543,2796,0,0,0
73.5026,35554,355771543,2285,0,0,0
73.5167,35555,355781543,2809,0,0,0
73.5231,35556,355791542,2277,0,0,0
73.5351,35557,355801543,2880,0,0,0
73.5481,35558,355811543,2278,0,0,0
73.5540,35559,355821543,2799,0,0,0
73.5617,35560,355831543,2249,0,0,0
73.5746,35561,355841543,2831,0,0,0
73.5856,35562,355851542,2223,0,0,0
73.5966,35563,355861543,2861,0,0,0
73.6033,35564,355871543,2215,0,0,0
73.6115,35565,355881543,2855,0,0,0
73.6215,35566,355891542,2240,0,0,0
73.6322,35567,355901543,2837,0,0,0
73.6419,35568,355911543,2191,0,0,0
73.6528,35569,355921543,2406,0,0,0
73.6623,35570,355931543,2218,0,1,1
73.6847,35571,355941543,3317,0,1,1
73.6856,35572,355951543,2203,0,1,1
73.6927,35573,355961543,3142,0,1,1
73.7099,35574,355971543,2176,0,0,0
73.7118,35575,355981543,2928,0,0,0
73.7218,35576,355991542,2171,0,0,0
73.7346,35577,356001543,2943,0,0,0
73.7426,35578,356011542,2202,0,0,0
73.7555,35579,356021543,2982,0,0,0
73.7657,35580,356031543,2191,0,0,0
73.7715,35581,356041543,2996,0,0,0
73.7816,35582,356051542,2188,0,0,0
73.7918,35583,356061543,2997,0,0,0
73.8029,35584,356071543,2185,0,0,0
73.8121,35585,356081543,3010,0,0,0
73.8226,35586,356091542,2171,0,0,0
73.8325,35587,356101543,3025,0,0,0
73.8510,35588,356111543,2159,0,0,0
73.8518,35589,356121543,3024,0,0,0
73.8631,35590,356131543,2163,0,0,0
73.8733,35591,356141543,3062,0,0,0
73.8886,35592,356151542,2187,0,0,0
73.8957,35593,356161543,3113,0,0,0
73.9036,35594,356171543,2183,0,0,0
73.9152,35595,356181543,3123,0,0,0
73.9233,35596,356191543,2175,0,0,0
73.9324,35597,356201543,3137,0,0,0
73.9414,35598,356211543,2167,0,0,0
73.9517,35599,356221543,3150,0,0,0
73.9619,35600,356231543,2160,0,0,0
73.9720,35601,356241543,3151,0,0,0
73.9826,35602,356251543,2148,0,0,0
74.0008,35603,356261543,3173,0,0,0
74.0018,35604,356271543,2033,0,0,0
74.0127,35605,356281543,3065,0,0,0
74.0217,35606,356291543,2041,0,0,0
74.0327,35607,356301542,3082,0,0,0
74.0459,35608,356311543,2043,0,0,0
74.0534,35609,356321543,3088,0,0,0
74.0654,35610,356331542,2036,0,0,0
74.0777,35611,356341543,3149,0,0,0
74.0814,35612,356351543,2080,0,0,0
74.0920,35613,356361543,3148,0,0,0
74.1021,35614,356371543,2066,0,0,0
74.1116,35615,356381543,3143,0,0,0
74.1218,35616,356391543,2054,0,0,0
74.1325,35617,356401543,3138,0,0,0
74.1418,35618,356411543,2054,0,0,0
74.1629,35619,356421543,3158,0,0,0
74.1638,35620,356431543,2047,0,0,0
74.1741,35621,356441543,3150,0,0,0
74.1821,35622,356451543,2036,0,0,0
74.1954,35623,356461543,3149,0,0,0
74.2055,35624,356471543,2039,0,0,0
74.2120,35625,356481543,3155,0,0,0
74.2235,35626,356491543,2039,0,0,0
74.2332,35627,356501543,3152,0,0,0
74.2416,35628,356511542,2041,0,0,0
74.2518,35629,356521543,3160,0,0,0
74.2621,35630,356531543,2036,0,0,0
74.2723,35631,356541543,3162,0,0,0
74.2816,35632,356551543,2034,0,0,0
74.2918,35633,356561543,3154,0,0,0
74.3026,35634,356571543,2031,0,0,0
74.3116,35635,356581543,3152,0,0,0
74.3218,35636,356591543,2021,0,0,0
74.3357,35637,356601542,3136,0,0,0
74.3439,35638,356611542,2000,0,0,0
74.3550,35639,356621543,3099,0,0,0
74.3617,35640,356631543,1943,0,0,0
74.3768,35641,356641542,3086,0,0,0
74.3822,35642,356651543,1946,0,0,0
74.3914,35643,356661543,3071,0,0,0
74.4013,35644,356671543,1951,0,0,0
74.4114,35645,356681543,3088,0,0,0
74.4216,35646,356691542,1964,0,0,0
74.4318,35647,356701543,3071,0,0,0
74.4419,35648,356711543,1939,0,0,0
74.4631,35649,356721542,3063,0,0,0
74.4638,35650,356731542,1941,0,0,0
74.4743,35651,356741543,3061,0,0,0
74.4821,35652,356751543,2000,0,0,0
74.4975,35653,356761543,3083,0,0,0
74.5059,35654,356771542,2044,0,0,0
74.5129,35655,356781543,3041,0,0,0
74.5247,35656,356791543,1935,0,0,0
74.5338,35657,356801543,4095,0,1,1
74.5473,35658,356811543,1934,0,0,0
74.5514,35659,356821543,3009,0,0,0
74.5618,35660,356831543,2031,0,0,0
74.5715,35661,356841543,3086,0,0,0
74.5817,35662,356851542,1978,0,0,0
74.5918,35663,356861543,3017,0,0,0
74.6023,35664,356871542,1964,0,0,0
74.6118,35665,356881543,2992,0,0,0
74.6302,35666,356891542,1967,0,0,0
74.6320,35667,356901543,2986,0,0,0
74.6415,35668,356911543,1969,0,0,0
74.6563,35669,356921543,2970,0,0,0
74.6649,35670,356931543,1979,0,0,0
74.6731,35671,356941543,2945,0,0,0
74.6850,35672,356951543,1985,0,0,0
74.6933,35673,356961543,2946,0,0,0
74.7035,35674,356971543,1984,0,0,0
74.7116,35675,356981543,2943,0,0,0
74.7216,35676,356991543,2017,0,0,0
74.7321,35677,357001543,2942,0,0,0
74.7417,35678,357011543,2059,0,0,0
74.7522,35679,357021543,2941,0,0,0
74.7621,35680,357031543,2099,0,0,0
74.7828,35681,357041543,2929,0,0,0
74.7841,35682,357051543,2112,0,0,0
74.7947,35683,357061543,2927,0,0,0
74.8023,35684,357071543,2123,0,0,0
74.8138,35685,357081543,2913,0,0,0
74.8217,35686,357091543,2122,0,0,0
74.8338,35687,357101543,2903,0,0,0
74.8468,35688,357111543,2130,0,0,0
74.8548,35689,357121543,2901,0,0,0
74.8615,35690,357131542,2142,0,0,0
74.8717,35691,357141543,2896,0,0,0
74.8821,35692,357151543,2163,0,0,0
74.8921,35693,357161543,2898,0,0,0
74.9017,35694,357171543,2178,0,0,0
74.9116,35695,357181543,2893,0,0,0
74.9281,35696,357191542,2174,0,0,0
74.9316,35697,357201543,2894,0,0,0
74.9450,35698,357211543,2186,0,0,0
74.9573,35699,357221543,2892,0,0,0
74.9682,35700,357231543,2192,0,0,0
74.9763,35701,357241542,2885,0,0,0
74.9842,35702,357251543,2210,0,0,0
74.9945,35703,357261543,2869,0,0,0
75.0074,35704,357271543,2229,0,0,0
75.0114,35705,357281543,2833,0,0,0
75.0215,35706,357291543,2255,0,0,0
75.0320,35707,357301543,2826,0,0,0
75.0418,35708,357311543,2272,0,0,0
75.0519,35709,357321543,2809,0,0,0
75.0622,35710,357331543,2283,0,0,0
75.0756,35711,357341543,2801,0,0,0
75.0876,35712,357351543,2287,0,0,0
75.0923,35713,357361543,2805,0,0,0
75.1035,35714,357371543,2307,0,0,0
75.1171,35715,357381543,2791,0,0,0
75.1241,35716,357391543,2293,0,0,0
75.1346,35717,357401543,2784,0,0,0
75.1483,35718,357411542,2322,0,0,0
75.1539,35719,357421543,2775,0,0,0
75.1649,35720,357431542,2319,0,0,0
75.1715,35721,357441543,2769,0,0,0
75.1822,35722,357451542,2343,0,0,0
75.1923,35723,357461543,2765,0,0,0
75.2021,35724,357471543,2335,0,0,0
75.2124,35725,357481543,2754,0,0,0
75.2225,35726,357491543,2338,0,0,0
75.2422,35727,357501543,2749,0,0,0
75.2430,35728,357511543,2338,0,0,0
75.2555,35729,357521543,2737,0,0,0
75.2674,35730,357531542,2358,0,0,0
75.2758,35731,357541543,2727,0,0,0
75.2868,35732,357551543,2345,0,0,0
75.2945,35733,357561543,2719,0,0,0
75.3016,35734,357571543,2369,0,0,0
75.3118,35735,357581542,2710,0,0,0
75.3244,35736,357591542,2357,0,0,0
75.3314,35737,357601543,2705,0,0,0
75.3419,35738,357611543,2367,0,0,0
75.3522,35739,357621542,2695,0,0,0
75.3624,35740,357631543,2375,0,0,0
75.3729,35741,357641543,2687,0,0,0
75.3826,35742,357651543,2373,0,0,0
75.4000,35743,357661542,2672,0,0,0
75.4019,35744,357671543,2380,0,0,0
75.4147,35745,357681543,2667,0,0,0
75.4263,35746,357691543,2387,0,0,0
75.4379,35747,357701543,2661,0,0,0
75.4439,35748,357711543,2395,0,0,0
75.4516,35749,357721543,2662,0,0,0
75.4629,35750,357731543,2391,0,0,0
75.4767,35751,357741543,2640,0,0,0
75.4836,35752,357751542,2394,0,0,0
75.4957,35753,357761543,2641,0,0,0
75.5015,35754,357771543,2397,0,0,0
75.5116,35755,357781543,2639,0,0,0
75.5223,35756,357791543,2386,0,0,0
75.5321,35757,357801543,2598,0,0,0
75.5421,35758,357811543,2387,0,0,0
75.5521,35759,357821543,2592,0,0,0
75.5687,35760,357831543,2407,0,0,0
75.5719,35761,357841543,2587,0,0,0
75.5818,35762,357851543,2412,0,0,0
75.5918,35763,357861543,2559,0,0,0
75.6081,35764,357871543,2419,0,0,0
75.6173,35765,357881543,2595,0,0,0
75.6241,35766,357891542,2418,0,0,0
75.6316,35767,357901543,2595,0,0,0
75.6463,35768,357911543,2437,0,0,0
75.6525,35769,357921543,2559,0,0,0
75.6615,35770,357931543,2439,0,0,0
75.6717,35771,357941543,2559,0,0,0
75.6815,35772,357951543,2445,0,0,0
75.6918,35773,357961543,2559,0,0,0
75.7018,35774,357971543,2457,0,0,0
75.7120,35775,357981543,2553,0,0,0
75.7275,35776,357991542,2469,0,0,0
75.7324,35777,358001543,2547,0,0,0
75.7421,35778,358011543,2493,0,0,0
75.7522,35779,358021543,2546,0,0,0
75.7662,35780,358031542,2479,0,0,0
75.7755,35781,358041543,2518,0,0,0
75.7840,35782,358051543,2499,0,0,0
75.7957,35783,358061543,2512,0,0,0
75.8061,35784,358071542,2519,0,0,0
75.8139,35785,358081543,2495,0,0,0
75.8214,35786,358091542,2541,0,0,0
75.8320,35787,358101543,2480,0,0,0
75.8418,35788,358111543,2545,0,0,0
75.8527,35789,358121543,2475,0,0,0
75.8622,35790,358131543,2559,0,0,0
75.8725,35791,358141543,2463,0,0,0
75.8821,35792,358151543,2587,0,0,0
75.8949,35793,358161543,2451,0,0,0
75.9069,35794,358171543,2601,0,0,0
75.9181,35795,358181543,2447,0,0,0
75.9279,35796,358191542,2607,0,0,0
75.9335,35797,358201543,2446,0,0,0
75.9443,35798,358211543,2624,0,0,0
75.9516,35799,358221543,2432,0,0,0
75.9620,35800,358231543,2624,0,0,0
75.9717,35801,358241542,2426,0,0,0
75.9814,35802,358251543,2639,0,0,0
75.9920,35803,358261543,2416,0,0,0
76.0020,35804,358271542,2670,0,0,0
76.0120,35805,358281543,2394,0,0,0
76.0228,35806,358291542,2692,0,0,0
76.0325,35807,358301543,2374,0,0,0
76.0419,35808,358311543,2719,0,0,0
76.0539,35809,358321543,2359,0,0,0
76.0637,35810,358331542,2737,0,0,0
76.0715,35811,358341543,2350,0,0,0
76.0840,35812,358351543,2768,0,0,0
76.0931,35813,358361542,2329,0,0,0
76.1070,35814,358371542,2777,0,0,0
76.1133,35815,358381543,2322,0,0,0
76.1232,35816,358391542,2794,0,0,0
76.1351,35817,358401543,2309,0,0,0
76.1415,35818,358411543,2811,0,0,0
76.1518,35819,358421543,2303,0,0,0
76.1620,35820,358431543,2823,0,0,0
76.1720,35821,358441543,2293,0,0,0
76.1824,35822,358451542,2832,0,0,0
76.1921,35823,358461543,2291,0,0,0
76.2069,35824,358471543,2846,0,0,0
76.2136,35825,358481543,2288,0,0,0
76.2223,35826,358491543,2863,0,0,0
76.2334,35827,358501543,2283,0,0,0
76.2437,35828,358511542,2863,0,0,0
76.2537,35829,358521543,2284,0,0,0
76.2655,35830,358531543,2890,0,0,0
76.2739,35831,358541543,2279,0,0,0
76.2841,35832,358551543,2902,0,0,0
76.2916,35833,358561543,2275,0,0,0
76.3015,35834,358571543,2933,0,0,0
76.3115,35835,358581543,2276,0,0,0
76.3217,35836,358591542,2944,0,0,0
76.3323,35837,358601543,2269,0,0,0
76.3421,35838,358611543,2954,0,0,0
76.3522,35839,358621543,2265,0,0,0
76.3665,35840,358631543,2958,0,0,0
76.3723,35841,358641543,2256,0,0,0
76.3864,35842,358651543,2969,0,0,0
76.3943,35843,358661543,2241,0,0,0
76.4020,35844,358671542,2979,0,0,0
76.4141,35845,358681543,2245,0,0,0
76.4251,35846,358691543,3015,0,0,0
76.4336,35847,358701543,2230,0,0,0
76.4429,35848,358711543,2987,0,0,0
76.4514,35849,358721543,2223,0,0,0
76.4620,35850,358731543,2995,0,0,0
76.4722,35851,358741543,2211,0,0,0
76.4815,35852,358751543,3008,0,0,0
76.4932,35853,358761543,2197,0,0,0
76.5025,35854,358771542,3009,0,0,0
76.5167,35855,358781543,2192,0,0,0
76.5221,35856,358791543,3032,0,0,0
76.5370,35857,358801543,2181,0,0,0
76.5458,35858,358811542,3039,0,0,0
76.5539,35859,358821543,2166,0,0,0
76.5616,35860,358831543,3056,0,0,0
76.5744,35861,358841543,2161,0,0,0
76.5877,35862,358851543,3063,0,0,0
76.5957,35863,358861543,2155,0,0,0
76.6014,35864,358871543,3089,0,0,0
76.6116,35865,358881543,2150,0,0,0
76.6221,35866,358891542,3103,0,0,0
76.6325,35867,358901543,2139,0,0,0
76.6420,35868,358911543,3110,0,0,0
76.6521,35869,358921542,2130,0,0,0
76.6699,35870,358931543,3120,0,0,0
76.6719,35871,358941542,2125,0,0,0
76.6872,35872,358951542,3135,0,0,0
76.6965,35873,358961543,2122,0,0,0
76.7042,35874,358971542,3129,0,0,0
76.7116,35875,358981543,2108,0,0,0
76.7241,35876,358991543,3129,0,0,0
76.7334,35877,359001543,2097,0,0,0
76.7424,35878,359011543,3131,0,0,0
76.7531,35879,359021542,2094,0,0,0
76.7615,35880,359031543,3138,0,0,0
76.7714,35881,359041543,2084,0,0,0
76.7816,35882,359051543,3141,0,0,0
76.7917,35883,359061543,2078,0,0,0
76.8019,35884,359071543,3147,0,0,0
76.8119,35885,359081543,2070,0,0,0
76.8272,35886,359091543,3150,0,0,0
76.8316,35887,359101543,2064,0,0,0
76.8428,35888,359111543,3149,0,0,0
76.8592,35889,359121543,2064,0,0,0
76.8669,35890,359131543,3146,0,0,0
76.8775,35891,359141543,2043,0,0,0
76.8845,35892,359151543,3136,0,0,0
76.8963,35893,359161543,2028,0,0,0
76.9065,35894,359171542,3141,0,0,0
76.9114,35895,359181543,2016,0,0,0
76.9218,35896,359191543,3136,0,0,0
76.9316,35897,359201543,2012,0,0,0
76.9416,35898,359211543,3127,0,0,0
76.9519,35899,359221542,2001,0,0,0
76.9632,35900,359231543,3133,0,0,0
76.9721,35901,359241543,1997,0,0,0
76.9885,35902,359251543,3117,0,0,0
76.9920,35903,359261543,1985,0,0,0
77.0062,35904,359271543,3119,0,0,0
77.0170,35905,359281543,1984,0,0,0
77.0248,35906,359291542,3122,0,0,0
77.0318,35907,359301543,1994,0,0,0
77.0449,35908,359311543,3123,0,0,0
77.0556,35909,359321542,1986,0,0,0
77.0616,35910,359331542,3118,0,0,0
77.0733,35911,359341543,1999,0,0,0
77.0815,35912,359351543,3139,0,0,0
77.0914,35913,359361543,2000,0,0,0
77.1016,35914,359371543,3111,0,0,0
77.1115,35915,359381543,2000,0,0,0
77.1217,35916,359391543,3120,0,0,0
77.1315,35917,359401543,1989,0,0,0
77.1442,35918,359411543,3124,0,0,0
77.1544,35919,359421543,1985,0,0,0
77.1624,35920,359431542,3106,0,0,0
77.1759,35921,359441543,1987,0,0,0
77.1848,35922,359451543,3103,0,0,0
77.1944,35923,359461543,1981,0,0,0
77.2043,35924,359471543,3071,0,0,0
77.2162,35925,359481543,1974,0,0,0
77.2245,35926,359491543,3056,0,0,0
77.2317,35927,359501543,1961,0,0,0
77.2416,35928,359511543,3044,0,0,0
77.2520,35929,359521543,1972,0,0,0
77.2622,35930,359531543,3024,0,0,0
77.2716,35931,359541543,1987,0,0,0
77.2821,35932,359551543,3021,0,0,0
77.2991,35933,359561543,1975,0,0,0
77.3024,35934,359571543,2992,0,0,0
77.3135,35935,359581543,1981,0,0,0
77.3217,35936,359591543,2980,0,0,0
77.3381,35937,359601543,1983,0,0,0
77.3417,35938,359611542,2960,0,0,0
77.3534,35939,359621543,1977,0,0,0
77.3660,35940,359631543,2946,0,0,0
77.3746,35941,359641543,1984,0,0,0
77.3815,35942,359651543,2929,0,0,0
77.3915,35943,359661543,1989,0,0,0
77.4014,35944,359671543,2913,0,0,0
77.4123,35945,359681543,1997,0,0,0
77.4231,35946,359691543,2914,0,0,0
77.4324,35947,359701543,2029,0,0,0
77.4418,35948,359711543,2895,0,0,0
77.4526,35949,359721543,2032,0,0,0
77.4667,35950,359731542,2880,0,0,0
77.4756,35951,359741543,2058,0,0,0
77.4840,35952,359751543,2890,0,0,0
77.4950,35953,359761543,2070,0,0,0
77.5062,35954,359771543,2881,0,0,0
77.5117,35955,359781543,2075,0,0,0
77.5257,35956,359791543,2849,0,0,0
77.5325,35957,359801543,2093,0,0,0
77.5460,35958,359811543,2871,0,0,0
77.5569,35959,359821543,2108,0,0,0
77.5629,35960,359831543,2859,0,0,0
77.5715,35961,359841543,2121,0,0,0
77.5820,35962,359851543,2863,0,0,0
77.5921,35963,359861543,2122,0,0,0
77.6027,35964,359871543,2863,0,0,0
77.6121,35965,359881543,2119,0,0,0
77.6225,35966,359891543,2851,0,0,0
77.6342,35967,359901543,2133,0,0,0
77.6460,35968,359911542,2859,0,0,0
77.6578,35969,359921543,2144,0,0,0
77.6654,35970,359931543,2843,0,0,0
77.6727,35971,359941543,2149,0,0,0
77.6873,35972,359951542,2832,0,0,0
77.6950,35973,359961543,2153,0,0,0
77.7015,35974,359971543,2817,0,0,0
77.7155,35975,359981543,2170,0,0,0
77.7214,35976,359991543,2800,0,0,0
77.7320,35977,360001543,2190,0,0,0
77.7424,35978,360011542,2789,0,0,0
77.7521,35979,360021543,2202,0,0,0
77.7623,35980,360031542,2754,0,0,0
77.7728,35981,360041543,2208,0,0,0
77.7823,35982,360051542,2748,0,0,0
77.7947,35983,360061543,2225,0,0,0
77.8076,35984,360071543,2743,0,0,0
77.8117,35985,360081542,2229,0,0,0
77.8233,35986,360091542,2736,0,0,0
77.8368,35987,360101543,2241,0,0,0
77.8454,35988,360111543,2738,0,0,0
77.8516,35989,360121543,2251,0,0,0
77.8627,35990,360131543,2734,0,0,0
77.8734,35991,360141543,2270,0,0,0
77.8845,35992,360151542,2730,0,0,0
77.8917,35993,360161543,2272,0,0,0
77.9020,35994,360171543,2718,0,0,0
77.9122,35995,360181542,2284,0,0,0
77.9226,35996,360191543,2725,0,0,0
77.9321,35997,360201543,2293,0,0,0
77.9442,35998,360211543,2721,0,0,0
77.9553,35999,360221543,2302,0,0,0
77.9620,36000,360231543,2707,0,0,0
77.9740,36001,360241543,2318,0,0,0
77.9871,36002,360251543,2699,0,0,0
77.9928,36003,360261542,2336,0,0,0
78.0060,36004,360271542,2704,0,0,0
78.0166,36005,360281543,2343,0,0,0
78.0226,36006,360291543,2695,0,0,0
78.0318,36007,360301543,2340,0,0,0
78.0418,36008,360311542,2695,0,0,0
78.0521,36009,360321543,2354,0,0,0
78.0623,36010,360331543,2697,0,0,0
78.0718,36011,360341542,2363,0,0,0
78.0826,36012,360351543,2689,0,0,0
78.0919,36013,360361543,2371,0,0,0
78.1130,36014,360371543,2688,0,0,0
78.1140,36015,360381543,2374,0,0,0
78.1249,36016,360391542,2662,0,0,0
78.1351,36017,360401543,2388,0,0,0
78.1462,36018,360411543,2679,0,0,0
78.1535,36019,360421543,2407,0,0,0
78.1649,36020,360431543,2678,0,0,0
78.1749,36021,360441543,2416,0,0,0
78.1854,36022,360451543,2681,0,0,0
78.1950,36023,360461543,2417,0,0,0
78.2036,36024,360471543,2666,0,0,0
78.2115,36025,360481543,2423,0,0,0
78.2215,36026,360491543,2659,0,0,0
78.2321,36027,360501543,2437,0,0,0
78.2417,36028,360511543,2646,0,0,0
78.2525,36029,360521543,2439,0,0,0
78.2622,36030,360531543,2640,0,0,0
78.2751,36031,360541543,2431,0,0,0
78.2858,36032,360551543,2640,0,0,0
78.2917,36033,360561542,2436,0,0,0
78.3015,36034,360571542,2645,0,0,0
78.3147,36035,360581543,2441,0,0,0
78.3263,36036,360591543,2623,0,0,0
78.3404,36037,360601543,2455,0,0,0
78.3433,36038,360611543,2611,0,0,0
78.3537,36039,360621543,2454,0,0,0
78.3646,36040,360631542,2625,0,0,0
78.3767,36041,360641543,2448,0,0,0
78.3821,36042,360651543,2622,0,0,0
78.3918,36043,360661543,2463,0,0,0
78.4020,36044,360671543,2606,0,0,0
78.4122,36045,360681543,2465,0,0,0
78.4224,36046,360691543,2608,0,0,0
78.4320,36047,360701543,2491,0,0,0
78.4422,36048,360711542,2606,0,0,0
78.4537,36049,360721543,2471,0,0,0
78.4658,36050,360731543,2544,0,0,0
78.4776,36051,360741543,2489,0,0,0
78.4872,36052,360751543,2559,0,0,0
78.4949,36053,360761543,2484,0,0,0
78.5019,36054,360771543,2549,0,0,0
78.5149,36055,360781543,2509,0,0,0
78.5258,36056,360791543,2513,0,0,0
78.5356,36057,360801543,2502,0,0,0
78.5446,36058,360811542,2501,0,0,0
78.5515,36059,360821543,2537,0,0,0
78.5618,36060,360831542,2505,0,0,0
78.5726,36061,360841543,2543,0,0,0
78.5824,36062,360851543,2501,0,0,0
78.5921,36063,360861543,2559,0,0,0
78.6024,36064,360871543,2490,0,0,0
78.6165,36065,360881543,2581,0,0,0
78.6281,36066,360891542,2479,0,0,0
78.6323,36067,360901543,2595,0,0,0
78.6478,36068,360911543,2471,0,0,0
78.6522,36069,360921543,2605,0,0,0
78.6638,36070,360931543,2466,0,0,0
78.6751,36071,360941543,2611,0,0,0
78.6863,36072,360951543,2452,0,0,0
78.6928,36073,360961543,2624,0,0,0
78.7020,36074,360971543,2451,0,0,0
78.7120,36075,360981543,2630,0,0,0
78.7215,36076,360991543,2448,0,0,0
78.7317,36077,361001543,2639,0,0,0
78.7415,36078,361011543,2438,0,0,0
78.7516,36079,361021543,2663,0,0,0
78.7622,36080,361031543,2413,0,0,0
78.7817,36081,361041542,2681,0,0,0
78.7825,36082,361051543,2398,0,0,0
78.7932,36083,361061543,2717,0,0,0
78.8044,36084,361071543,2381,0,0,0
78.8156,36085,361081543,2725,0,0,0
78.8232,36086,361091542,2373,0,0,0
78.8388,36087,361101543,2751,0,0,0
78.8472,36088,361111543,2364,0,0,0
78.8548,36089,361121543,2771,0,0,0
78.8640,36090,361131543,2355,0,0,0
78.8749,36091,361141543,2795,0,0,0
78.8815,36092,361151543,2350,0,0,0
78.8915,36093,361161542,2817,0,0,0
78.9014,36094,361171543,2336,0,0,0
78.9115,36095,361181542,2832,0,0,0
78.9215,36096,361191543,2338,0,0,0
78.9316,36097,361201543,2836,0,0,0
78.9421,36098,361211543,2333,0,0,0
78.9568,36099,361221543,2847,0,0,0
78.9631,36100,361231543,2320,0,0,0
78.9721,36101,361241543,2858,0,0,0
78.9864,36102,361251543,2315,0,0,0
78.9940,36103,361261543,2871,0,0,0
79.0031,36104,361271542,2313,0,0,0
79.0118,36105,361281543,2878,0,0,0
79.0252,36106,361291543,2293,0,0,0
79.0335,36107,361301543,2877,0,0,0
79.0415,36108,361311543,2295,0,0,0
79.0515,36109,361321543,2897,0,0,0
79.0616,36110,361331543,2282,0,0,0
79.0717,36111,361341543,2901,0,0,0
79.0820,36112,361351543,2277,0,0,0
79.0918,36113,361361543,2918,0,0,0
79.1068,36114,361371543,2268,0,0,0
79.1125,36115,361381542,2919,0,0,0
79.1284,36116,361391542,2258,0,0,0
79.1361,36117,361401543,2928,0,0,0
79.1459,36118,361411543,2247,0,0,0
79.1572,36119,361421543,2951,0,0,0
79.1641,36120,361431542,2265,0,0,0
79.1718,36121,361441543,2947,0,0,0
79.1848,36122,361451543,2239,0,0,0
79.1919,36123,361461543,2959,0,0,0
79.2015,36124,361471543,2229,0,0,0
79.2116,36125,361481543,2961,0,0,0
79.2216,36126,361491543,2198,0,0,0
79.2318,36127,361501543,2955,0,0,0
79.2420,36128,361511542,2176,0,0,0
79.2520,36129,361521543,2962,0,0,0
79.2675,36130,361531543,2171,0,0,0
79.2730,36131,361541543,2967,0,0,0
79.2825,36132,361551543,2170,0,0,0
79.2918,36133,361561543,2974,0,0,0
79.3054,36134,361571542,2165,0,0,0
79.3195,36135,361581543,2986,0,0,0
79.3217,36136,361591543,2160,0,0,0
79.3358,36137,361601543,2992,0,0,0
79.3494,36138,361611542,2147,0,0,0
79.3577,36139,361621543,3007,0,0,0
79.3620,36140,361631543,2239,0,0,0
79.3767,36141,361641543,3031,0,0,0
79.3814,36142,361651543,2206,0,0,0
79.3918,36143,361661543,2998,0,0,0
79.4015,36144,361671543,2218,0,0,0
79.4116,36145,361681543,2999,0,0,0
79.4222,36146,361691543,2208,0,0,0
79.4322,36147,361701543,3063,0,0,0
79.4421,36148,361711543,2222,0,0,0
79.4573,36149,361721542,3039,0,0,0
79.4628,36150,361731543,2190,0,0,0
79.4792,36151,361741543,3042,0,0,0
79.4819,36152,361751543,2155,0,0,0
79.4946,36153,361761543,3071,0,0,0
79.5022,36154,361771543,2175,0,0,0
79.5147,36155,361781543,3103,0,0,0
79.5250,36156,361791543,2174,0,0,0
79.5386,36157,361801543,3161,0,0,0
79.5451,36158,361811543,2111,0,0,0
79.5514,36159,361821542,3127,0,0,0
79.5619,36160,361831543,2112,0,0,0
79.5724,36161,361841543,3138,0,0,0
79.5819,36162,361851543,2109,0,0,0
79.5922,36163,361861543,3133,0,0,0
79.6021,36164,361871542,2098,0,0,0
79.6182,36165,361881543,3133,0,0,0
79.6219,36166,361891543,2087,0,0,0
79.6358,36167,361901543,3127,0,0,0
79.6463,36168,361911543,2078,0,0,0
79.6517,36169,361921543,3137,0,0,0
79.6647,36170,361931543,2089,0,0,0
79.6746,36171,361941543,3146,0,0,0
79.6847,36172,361951543,2081,0,0,0
79.6957,36173,361961543,3151,0,0,0
79.7015,36174,361971543,2103,0,0,0
79.7119,36175,361981543,3157,0,0,0
79.7224,36176,361991543,2096,0,0,0
79.7321,36177,362001542,3175,0,0,0
79.7419,36178,362011542,2090,0,0,0
79.7525,36179,362021543,3179,0,0,0
79.7646,36180,362031543,2085,0,0,0
79.7729,36181,362041543,3174,0,0,0
79.7857,36182,362051543,2079,0,0,0
79.7967,36183,362061543,3183,0,0,0
79.8062,36184,362071543,2079,0,0,0
79.8141,36185,362081543,3177,0,0,0
79.8244,36186,362091542,2087,0,0,0
79.8318,36187,362101543,3179,0,0,0
79.8441,36188,362111542,2082,0,0,0
79.8532,36189,362121543,3190,0,0,0
79.8659,36190,362131542,2078,0,0,0
79.8714,36191,362141543,3184,0,0,0
79.8818,36192,362151543,2071,0,0,0
79.8917,36193,362161543,3164,0,0,0
79.9026,36194,362171543,2069,0,0,0
79.9125,36195,362181543,3159,0,0,0
79.9226,36196,362191543,2058,0,0,0
79.9328,36197,362201543,3165,0,0,0
79.9531,36198,362211543,2034,0,0,0
79.9550,36199,362221543,3147,0,0,0
79.9642,36200,362231543,2035,0,0,0
79.9745,36201,362241543,3143,0,0,0
79.9852,36202,362251543,2031,0,0,0
79.9917,36203,362261543,3139,0,0,0
80.0060,36204,362271543,2026,0,0,0
80.0132,36205,362281543,3139,0,0,0
80.0243,36206,362291543,2015,0,0,0
80.0351,36207,362301543,3136,0,0,0
80.0418,36208,362311543,2019,0,0,0
80.0521,36209,362321542,3127,0,0,0
80.0622,36210,362331543,2013,0,0,0
80.0733,36211,362341543,3129,0,0,0
80.0820,36212,362351543,2016,0,0,0
80.0919,36213,362361543,3130,0,0,0
80.1025,36214,362371542,2015,0,0,0
80.1163,36215,362381543,3136,0,0,0
80.1225,36216,362391543,2003,0,0,0
80.1366,36217,362401543,3121,0,0,0
80.1463,36218,362411542,2015,0,0,0
80.1535,36219,362421542,3111,0,0,0
80.1616,36220,362431542,2020,0,0,0
80.1732,36221,362441543,3071,0,0,0
80.1850,36222,362451543,2033,0,0,0
80.1948,36223,362461543,3088,0,0,0
80.2016,36224,362471543,2025,0,0,0
80.2115,36225,362481543,3085,0,0,0
80.2223,36226,362491543,2018,0,0,0
80.2324,36227,362501543,3063,0,0,0
80.2418,36228,362511543,2031,0,0,0
80.2518,36229,362521543,3045,0,0,0
80.2624,36230,362531543,2022,0,0,0
80.2793,36231,362541543,3022,0,0,0
80.2820,36232,362551543,2022,0,0,0
80.2956,36233,362561543,2993,0,0,0
80.3026,36234,362571543,2027,0,0,0
80.3131,36235,362581543,2971,0,0,0
80.3248,36236,362591542,2023,0,0,0
80.3368,36237,362601543,2987,0,0,0
80.3429,36238,362611543,2022,0,0,0
80.3519,36239,362621543,2985,0,0,0
80.3620,36240,362631542,2019,0,0,0
80.3716,36241,362641543,2960,0,0,0
80.3820,36242,362651542,2032,0,0,0
80.3918,36243,362661543,2950,0,0,0
80.4022,36244,362671543,2045,0,0,0
80.4122,36245,362681543,2935,0,0,0
80.4223,36246,362691543,2067,0,0,0
80.4350,36247,362701543,2926,0,0,0
80.4431,36248,362711543,2066,0,0,0
80.4541,36249,362721543,2925,0,0,0
80.4657,36250,362731542,2096,0,0,0
80.4755,36251,362741543,2924,0,0,0
80.4836,36252,362751543,2097,0,0,0
80.4916,36253,362761543,2909,0,0,0
80.5035,36254,362771543,2106,0,0,0
80.5173,36255,362781543,2897,0,0,0
80.5255,36256,362791543,2112,0,0,0
80.5315,36257,362801543,2893,0,0,0
80.5420,36258,362811543,2115,0,0,0
80.5517,36259,362821543,2896,0,0,0
80.5624,36260,362831543,2134,0,0,0
80.5723,36261,362841543,2915,0,0,0
80.5823,36262,362851543,2129,0,0,0
80.5922,36263,362861543,2871,0,0,0
80.6142,36264,362871543,2143,0,0,0
80.6159,36265,362881543,2887,0,0,0
80.6224,36266,362891542,2148,0,0,0
80.6363,36267,362901543,2882,0,0,0
80.6467,36268,362911543,2146,0,0,0
80.6533,36269,362921543,2859,0,0,0
80.6671,36270,362931543,2147,0,0,0
80.6764,36271,362941543,2865,0,0,0
80.6828,36272,362951543,2157,0,0,0
80.6924,36273,362961543,2857,0,0,0
80.7023,36274,362971543,2154,0,0,0
80.7116,36275,362981543,2844,0,0,0
80.7215,36276,362991542,2177,0,0,0
80.7320,36277,363001543,2821,0,0,0
80.7420,36278,363011543,2193,0,0,0
80.7522,36279,363021543,2817,0,0,0
80.7623,36280,363031542,2221,0,0,0
80.7794,36281,363041543,2800,0,0,0
80.7824,36282,363051543,2220,0,0,0
80.7923,36283,363061542,2789,0,0,0
80.8042,36284,363071542,2217,0,0,0
80.8147,36285,363081543,2774,0,0,0
80.8242,36286,363091543,2215,0,0,0
80.8340,36287,363101543,2761,0,0,0
80.8454,36288,363111543,2224,0,0,0
80.8537,36289,363121543,2759,0,0,0
80.8628,36290,363131543,2236,0,0,0
80.8715,36291,363141542,2751,0,0,0
80.8815,36292,363151543,2245,0,0,0
80.8920,36293,363161543,2737,0,0,0
80.9025,36294,363171543,2251,0,0,0
80.9121,36295,363181543,2752,0,0,0
80.9216,36296,363191543,2266,0,0,0
80.9319,36297,363201542,2754,0,0,0
80.9438,36298,363211542,2282,0,0,0
80.9522,36299,363221543,2747,0,0,0
80.9652,36300,363231543,2291,0,0,0
80.9747,36301,363241542,2736,0,0,0
80.9817,36302,363251543,2298,0,0,0
80.9937,36303,363261543,2736,0,0,0
81.0065,36304,363271543,2307,0,0,0
81.0118,36305,363281543,2739,0,0,0
81.0218,36306,363291542,2320,0,0,0
81.0317,36307,363301543,2729,0,0,0
81.0419,36308,363311543,2317,0,0,0
81.0522,36309,363321543,2726,0,0,0
81.0622,36310,363331542,2329,0,0,0
81.0723,36311,363341543,2730,0,0,0
81.0820,36312,363351543,2342,0,0,0
81.0980,36313,363361542,2730,0,0,0
81.1018,36314,363371543,2346,0,0,0
81.1184,36315,363381543,2736,0,0,0
81.1269,36316,363391543,2368,0,0,0
81.1346,36317,363401543,2734,0,0,0
81.1440,36318,363411543,2368,0,0,0
81.1539,36319,363421543,2736,0,0,0
81.1622,36320,363431542,2386,0,0,0
81.1716,36321,363441543,2720,0,0,0
81.1814,36322,363451543,2388,0,0,0
81.1915,36323,363461543,2708,0,0,0
81.2023,36324,363471542,2384,0,0,0
81.2115,36325,363481543,2709,0,0,0
81.2231,36326,363491543,2370,0,0,0
81.2322,36327,363501543,2704,0,0,0
81.2420,36328,363511543,2387,0,0,0
81.2521,36329,363521543,2698,0,0,0
81.2663,36330,363531543,2384,0,0,0
81.2726,36331,363541543,2703,0,0,0
81.2820,36332,363551543,2416,0,0,0
81.2917,36333,363561543,2710,0,0,0
81.3045,36334,363571543,2389,0,0,0
81.3163,36335,363581543,2678,0,0,0
81.3237,36336,363591543,2406,0,0,0
81.3368,36337,363601543,2676,0,0,0
81.3494,36338,363611542,2405,0,0,0
81.3525,36339,363621542,2677,0,0,0
81.3644,36340,363631542,2400,0,0,0
81.3716,36341,363641543,2671,0,0,0
81.3816,36342,363651542,2413,0,0,0
81.3918,36343,363661543,2658,0,0,0
81.4021,36344,363671543,2403,0,0,0
81.4121,36345,363681543,2647,0,0,0
81.4222,36346,363691543,2397,0,0,0
81.4344,36347,363701543,2639,0,0,0
81.4427,36348,363711543,2406,0,0,0
81.4519,36349,363721543,2633,0,0,0
81.4665,36350,363731543,2399,0,0,0
81.4748,36351,363741543,2638,0,0,0
81.4845,36352,363751543,2416,0,0,0
81.4928,36353,363761542,2617,0,0,0
81.5052,36354,363771543,2416,0,0,0
81.5122,36355,363781543,2635,0,0,0
81.5270,36356,363791542,2422,0,0,0
81.5317,36357,363801543,2643,0,0,0
81.5420,36358,363811543,2442,0,0,0
81.5514,36359,363821543,2656,0,0,0
81.5614,36360,363831543,2467,0,0,0
81.5715,36361,363841543,2662,0,0,0
81.5814,36362,363851543,2480,0,0,0
81.5914,36363,363861543,2659,0,0,0
81.6016,36364,363871543,2491,0,0,0
81.6116,36365,363881543,2657,0,0,0
81.6232,36366,363891542,2494,0,0,0
81.6353,36367,363901543,2655,0,0,0
81.6430,36368,363911543,2506,0,0,0
81.6543,36369,363921542,2654,0,0,0
81.6658,36370,363931543,2513,0,0,0
81.6735,36371,363941543,2657,0,0,0
81.6838,36372,363951543,2519,0,0,0
81.6915,36373,363961543,2642,0,0,0
81.7019,36374,363971543,2517,0,0,0
81.7120,36375,363981543,2640,0,0,0
81.7216,36376,363991543,2525,0,0,0
81.7323,36377,364001543,2618,0,0,0
81.7421,36378,364011543,2526,0,0,0
81.7580,36379,364021542,2611,0,0,0
81.7620,36380,364031543,2526,0,0,0
81.7777,36381,364041542,2606,0,0,0
81.7860,36382,364051542,2543,0,0,0
81.7937,36383,364061543,2592,0,0,0
81.8064,36384,364071543,2544,0,0,0
81.8167,36385,364081543,2559,0,0,0
81.8220,36386,364091543,2543,0,0,0
81.8355,36387,364101543,2552,0,0,0
81.8421,36388,364111543,2551,0,0,0
81.8515,36389,364121543,2542,0,0,0
81.8619,36390,364131543,2555,0,0,0
81.8717,36391,364141543,2525,0,0,0
81.8818,36392,364151543,2559,0,0,0
81.8920,36393,364161543,2519,0,0,0
81.9017,36394,364171543,2589,0,0,0
81.9174,36395,364181542,2498,0,0,0
81.9219,36396,364191543,2598,0,0,0
81.9381,36397,364201543,2491,0,0,0
81.9454,36398,364211543,2602,0,0,0
81.9547,36399,364221543,2493,0,0,0
81.9616,36400,364231543,2605,0,0,0
81.9748,36401,364241543,2491,0,0,0
81.9858,36402,364251542,2631,0,0,0
81.9971,36403,364261543,2483,0,0,0
82.0035,36404,364271543,2610,0,0,0
82.0115,36405,364281543,2474,0,0,0
82.0219,36406,364291543,2625,0,0,0
82.0319,36407,364301543,2458,0,0,0
82.0421,36408,364311543,2627,0,0,0
82.0527,36409,364321543,2463,0,0,0
82.0624,36410,364331543,2635,0,0,0
82.0726,36411,364341543,2459,0,0,0
82.0858,36412,364351542,2640,0,0,0
82.0929,36413,364361543,2448,0,0,0
82.1064,36414,364371543,2651,0,0,0
82.1187,36415,364381543,2419,0,0,0
82.1292,36416,364391543,2661,0,0,0
82.1354,36417,364401543,2431,0,0,0
82.1445,36418,364411543,2683,0,0,0
82.1527,36419,364421543,2417,0,0,0
82.1640,36420,364431543,2689,0,0,0
82.1738,36421,364441542,2413,0,0,0
82.1814,36422,364451543,2711,0,0,0
82.1917,36423,364461543,2390,0,0,0
82.2018,36424,364471543,2727,0,0,0
82.2119,36425,364481543,2383,0,0,0
82.2220,36426,364491543,2749,0,0,0
82.2322,36427,364501543,2383,0,0,0
82.2507,36428,364511543,2763,0,0,0
82.2520,36429,364521543,2353,0,0,0
82.2632,36430,364531543,2763,0,0,0
82.2732,36431,364541543,2351,0,0,0
82.2881,36432,364551543,2779,0,0,0
82.2916,36433,364561543,2347,0,0,0
82.3039,36434,364571543,2785,0,0,0
82.3150,36435,364581543,2346,0,0,0
82.3238,36436,364591543,2801,0,0,0
82.3351,36437,364601543,2338,0,0,0
82.3415,36438,364611542,2801,0,0,0
82.3514,36439,364621543,2333,0,0,0
82.3617,36440,364631543,2818,0,0,0
82.3721,36441,364641543,2315,0,0,0
82.3818,36442,364651543,2830,0,0,0
82.3920,36443,364661543,2319,0,0,0
82.4022,36444,364671543,2847,0,0,0
82.4128,36445,364681543,2322,0,0,0
82.4244,36446,364691543,2852,0,0,0
82.4341,36447,364701543,2314,0,0,0
82.4455,36448,364711543,2853,0,0,0
82.4564,36449,364721543,2311,0,0,0
82.4636,36450,364731543,2859,0,0,0
82.4723,36451,364741543,2297,0,0,0
82.4850,36452,364751543,2864,0,0,0
82.4918,36453,364761543,2298,0,0,0
82.5045,36454,364771543,2869,0,0,0
82.5116,36455,364781543,2288,0,0,0
82.5217,36456,364791542,2884,0,0,0
82.5322,36457,364801543,2291,0,0,0
82.5419,36458,364811543,2889,0,0,0
82.5518,36459,364821543,2282,0,0,0
82.5618,36460,364831543,2893,0,0,0
82.5725,36461,364841543,2270,0,0,0
82.5849,36462,364851543,2877,0,0,0
82.5942,36463,364861542,2269,0,0,0
82.6020,36464,364871542,2901,0,0,0
82.6168,36465,364881543,2262,0,0,0
82.6265,36466,364891543,2909,0,0,0
82.6335,36467,364901543,2269,0,0,0
82.6457,36468,364911543,2913,0,0,0
82.6547,36469,364921542,2265,0,0,0
82.6626,36470,364931542,2925,0,0,0
82.6715,36471,364941543,2273,0,0,0
82.6816,36472,364951543,2928,0,0,0
82.6920,36473,364961543,2253,0,0,0
82.7022,36474,364971543,2949,0,0,0
82.7124,36475,364981543,2256,0,0,0
82.7229,36476,364991543,2949,0,0,0
82.7325,36477,365001543,2259,0,0,0
82.7511,36478,365011542,2961,0,0,0
82.7527,36479,365021543,2256,0,0,0
82.7638,36480,365031543,2971,0,0,0
82.7741,36481,365041543,2257,0,0,0
82.7935,36482,365051542,2978,0,0,0
82.7940,36483,365061543,2255,0,0,0
82.8018,36484,365071543,3003,0,0,0
82.8150,36485,365081543,2258,0,0,0
82.8262,36486,365091542,2995,0,0,0
82.8315,36487,365101543,2247,0,0,0
82.8421,36488,365111543,2999,0,0,0
82.8519,36489,365121543,2245,0,0,0
82.8620,36490,365131543,3008,0,0,0
82.8723,36491,365141543,2243,0,0,0
82.8817,36492,365151542,3015,0,0,0
82.8920,36493,365161543,2253,0,0,0
82.9025,36494,365171543,3020,0,0,0
82.9143,36495,365181543,2241,0,0,0
82.9304,36496,365191543,3026,0,0,0
82.9318,36497,365201542,2241,0,0,0
82.9419,36498,365211542,3029,0,0,0
82.9539,36499,365221543,2227,0,0,0
82.9618,36500,365231543,3030,0,0,0
82.9742,36501,365241543,2222,0,0,0
82.9840,36502,365251543,3031,0,0,0
82.9944,36503,365261543,2205,0,0,0
83.0015,36504,365271543,3031,0,0,0
83.0116,36505,365281542,2196,0,0,0
83.0222,36506,365291542,3040,0,0,0
83.0317,36507,365301543,2183,0,0,0
83.0420,36508,365311543,3033,0,0,0
83.0523,36509,365321543,2182,0,0,0
83.0753,36510,365331543,3045,0,0,0
83.0762,36511,365341542,2176,0,0,0
83.0825,36512,365351543,3053,0,0,0
83.0983,36513,365361543,2173,0,0,0
83.1105,36514,365371542,3056,0,0,0
83.1149,36515,365381543,2160,0,0,0
83.1244,36516,365391543,3058,0,0,0
83.1316,36517,365401543,2159,0,0,0
83.1424,36518,365411543,3071,0,0,0
83.1523,36519,365421543,2160,0,0,0
83.1625,36520,365431543,3071,0,0,0
83.1715,36521,365441543,2159,0,0,0
83.1816,36522,365451543,3091,0,0,0
83.1918,36523,365461543,2150,0,0,0
83.2021,36524,365471543,3104,0,0,0
83.2125,36525,365481543,2141,0,0,0
83.2223,36526,365491543,3118,0,0,0
83.2395,36527,365501543,2135,0,0,0
83.2419,36528,365511543,3113,0,0,0
83.2559,36529,365521542,2137,0,0,0
83.2672,36530,365531542,3120,0,0,0
83.2721,36531,365541543,2130,0,0,0
83.2818,36532,365551542,3081,0,0,0
83.2945,36533,365561543,2114,0,0,0
83.3029,36534,365571543,3104,0,0,0
83.3137,36535,365581543,2114,0,0,0
83.3215,36536,365591543,3115,0,0,0
83.3323,36537,365601543,2094,0,0,0
83.3422,36538,365611543,3082,0,0,0
83.3528,36539,365621543,2089,0,0,0
83.3620,36540,365631543,3135,0,0,0
83.3717,36541,365641543,2119,0,0,0
83.3817,36542,365651543,3131,0,0,0
83.3943,36543,365661542,2097,0,0,0
83.4015,36544,365671543,3133,0,0,0
83.4156,36545,365681543,2108,0,0,0
83.4239,36546,365691543,3123,0,0,0
83.4341,36547,365701543,2093,0,0,0
83.4437,36548,365711543,3136,0,0,0
83.4533,36549,365721543,2105,0,0,0
83.4634,36550,365731542,3133,0,0,0
83.4716,36551,365741543,2086,0,0,0
83.4816,36552,365751543,3137,0,0,0
83.4914,36553,365761543,2095,0,0,0
83.5021,36554,365771543,3135,0,0,0
83.5122,36555,365781543,2096,0,0,0
83.5217,36556,365791543,3143,0,0,0
83.5325,36557,365801543,2090,0,0,0
83.5538,36558,365811543,3143,0,0,0
83.5547,36559,365821543,2081,0,0,0
83.5635,36560,365831543,3137,0,0,0
83.5728,36561,365841543,2086,0,0,0
83.5856,36562,365851542,3143,0,0,0
83.5959,36563,365861543,2078,0,0,0
83.6023,36564,365871542,3148,0,0,0
83.6146,36565,365881543,2077,0,0,0
83.6242,36566,365891542,3148,0,0,0
83.6347,36567,365901543,2085,0,0,0
83.6415,36568,365911542,3136,0,0,0
83.6521,36569,365921543,2085,0,0,0
83.6621,36570,365931543,3139,0,0,0
83.6727,36571,365941543,2072,0,0,0
83.6817,36572,365951542,3143,0,0,0
83.6937,36573,365961543,2068,0,0,0
83.7020,36574,365971543,3152,0,0,0
83.7120,36575,365981543,2064,0,0,0
83.7215,36576,365991543,3153,0,0,0
83.7370,36577,366001543,2055,0,0,0
83.7448,36578,366011542,3167,0,0,0
83.7537,36579,366021543,2047,0,0,0
83.7658,36580,366031543,3152,0,0,0
83.7768,36581,366041543,2055,0,0,0
83.7857,36582,366051543,3153,0,0,0
83.7960,36583,366061543,2053,0,0,0
83.8032,36584,366071543,3157,0,0,0
83.8114,36585,366081543,2047,0,0,0
83.8216,36586,366091543,3155,0,0,0
83.8318,36587,366101543,2043,0,0,0
83.8420,36588,366111543,3152,0,0,0
83.8525,36589,366121543,2042,0,0,0
83.8620,36590,366131543,3150,0,0,0
83.8774,36591,366141543,2038,0,0,0
83.8878,36592,366151543,3142,0,0,0
83.8924,36593,366161543,2038,0,0,0
83.9052,36594,366171543,3141,0,0,0
83.9161,36595,366181543,2032,0,0,0
83.9237,36596,366191543,3151,0,0,0
83.9339,36597,366201543,2031,0,0,0
83.9418,36598,366211542,3145,0,0,0
83.9540,36599,366221543,2030,0,0,0
83.9617,36600,366231543,3150,0,0,0
83.9714,36601,366241543,2018,0,0,0
83.9817,36602,366251543,3090,0,0,0
83.9917,36603,366261543,1979,0,0,0
84.0028,36604,366271543,3093,0,0,0
84.0119,36605,366281542,1973,0,0,0
84.0229,36606,366291542,3093,0,0,0
84.0325,36607,366301543,1973,0,0,0
84.0496,36608,366311543,3089,0,0,0
84.0520,36609,366321543,1969,0,0,0
84.0620,36610,366331542,3097,0,0,0
84.0728,36611,366341543,1966,0,0,0
84.0857,36612,366351543,3090,0,0,0
84.0962,36613,366361543,1967,0,0,0
84.1050,36614,366371542,3088,0,0,0
84.1116,36615,366381543,1963,0,0,0
84.1241,36616,366391543,3088,0,0,0
84.1316,36617,366401543,1968,0,0,0
84.1416,36618,366411542,3088,0,0,0
84.1522,36619,366421543,1950,0,0,0
84.1620,36620,366431543,3089,0,0,0
84.1722,36621,366441542,1966,0,0,0
84.1825,36622,366451543,3107,0,0,0
84.1918,36623,366461543,1989,0,0,0
84.2022,36624,366471543,3137,0,0,0
84.2194,36625,366481543,2047,0,0,0
84.2225,36626,366491543,3159,0,0,0
84.2330,36627,366501543,2047,0,0,0
84.2421,36628,366511543,3169,0,0,0
84.2588,36629,366521543,2043,0,0,0
84.2619,36630,366531543,3152,0,0,0
84.2770,36631,366541543,1976,0,0,0
84.2850,36632,366551542,3120,0,0,0
84.2918,36633,366561542,1932,0,0,0
84.3065,36634,366571542,3115,0,0,0
84.3118,36635,366581543,1936,0,0,0
84.3219,36636,366591543,3142,0,0,0
84.3321,36637,366601543,1939,0,0,0
84.3420,36638,366611543,3140,0,0,0
84.3523,36639,366621543,1927,0,0,0
84.3622,36640,366631543,3143,0,0,0
84.3725,36641,366641543,1935,0,0,0
84.3842,36642,366651543,3142,0,0,0
84.3957,36643,366661543,1931,0,0,0
84.4070,36644,366671543,3115,0,0,0
84.4192,36645,366681543,1933,0,0,0
84.4256,36646,366691542,3141,0,0,0
84.4333,36647,366701543,1932,0,0,0
84.4445,36648,366711543,3088,0,0,0
84.4517,36649,366721543,1937,0,0,0
84.4651,36650,366731543,3122,0,0,0
84.4734,36651,366741543,1935,0,0,0
84.4815,36652,366751543,3142,0,0,0
84.4919,36653,366761542,1936,0,0,0
84.5015,36654,366771542,3047,0,0,0
84.5116,36655,366781543,1987,0,0,0
84.5218,36656,366791543,3085,0,0,0
84.5360,36657,366801543,1976,0,0,0
84.5472,36658,366811543,3083,0,0,0
84.5520,36659,366821543,1975,0,0,0
84.5635,36660,366831543,3058,0,0,0
84.5745,36661,366841542,1955,0,0,0
84.5815,36662,366851543,3015,0,0,0
84.5933,36663,366861543,1938,0,0,0
84.6044,36664,366871543,3003,0,0,0
84.6134,36665,366881543,1936,0,0,0
84.6246,36666,366891543,3009,0,0,0
84.6316,36667,366901543,1935,0,0,0
84.6418,36668,366911542,3001,0,0,0
84.6517,36669,366921543,1935,0,0,0
84.6624,36670,366931542,2999,0,0,0
84.6724,36671,366941543,1933,0,0,0
84.6821,36672,366951543,2991,0,0,0
84.6944,36673,366961543,1937,0,0,0
84.7061,36674,366971543,2981,0,0,0
84.7142,36675,366981543,1935,0,0,0
84.7261,36676,366991543,2973,0,0,0
84.7350,36677,367001543,1937,0,0,0
84.7417,36678,367011543,2974,0,0,0
84.7555,36679,367021543,1943,0,0,0
84.7641,36680,367031543,2966,0,0,0
84.7721,36681,367041543,1936,0,0,0
84.7844,36682,367051543,2964,0,0,0
84.7915,36683,367061543,1936,0,0,0
84.8016,36684,367071543,2959,0,0,0
84.8122,36685,367081543,1955,0,0,0
84.8227,36686,367091543,2965,0,0,0
84.8326,36687,367101543,1971,0,0,0
84.8421,36688,367111543,2982,0,0,0
84.8536,36689,367121543,1989,0,0,0
84.8657,36690,367131543,2985,0,0,0
84.8790,36691,367141543,2009,0,0,0
84.8821,36692,367151543,2991,0,0,0
84.8943,36693,367161543,2026,0,0,0
84.9016,36694,367171543,3003,0,0,0
84.9170,36695,367181543,2045,0,0,0
84.9230,36696,367191542,3024,0,0,0
84.9320,36697,367201543,2039,0,0,0
84.9441,36698,367211543,3018,0,0,0
84.9515,36699,367221543,2058,0,0,0
84.9623,36700,367231543,3007,0,0,0
84.9717,36701,367241543,2055,0,0,0
84.9817,36702,367251543,3011,0,0,0
84.9916,36703,367261543,2047,0,0,0
85.0019,36704,367271543,3003,0,0,0
85.0234,36705,367281543,2055,0,0,0
85.0240,36706,367291543,3008,0,0,0
85.0321,36707,367301543,2042,0,0,0
85.0458,36708,367311543,2994,0,0,0
85.0537,36709,367321543,2059,0,0,0
85.0620,36710,367331543,2976,0,0,0
85.0731,36711,367341543,2047,0,0,0
85.0858,36712,367351543,2975,0,0,0
85.0963,36713,367361543,2038,0,0,0
85.1014,36714,367371543,2963,0,0,0
85.1121,36715,367381543,2038,0,0,0
85.1223,36716,367391543,2947,0,0,0
85.1320,36717,367401543,2018,0,0,0
85.1420,36718,367411543,2919,0,0,0
85.1520,36719,367421543,2000,0,0,0
85.1723,36720,367431542,2893,0,0,0
85.1733,36721,367441543,1989,0,0,0
85.1818,36722,367451543,2885,0,0,0
85.2028,36723,367461543,1983,0,0,0
85.2073,36724,367471543,2859,0,0,0
85.2183,36725,367481543,1967,0,0,0
85.2246,36726,367491542,2858,0,0,0
85.2331,36727,367501543,1991,0,0,0
85.2466,36728,367511543,2861,0,0,0
85.2546,36729,367521543,1978,0,0,0
85.2616,36730,367531543,2857,0,0,0
85.2715,36731,367541543,2001,0,0,0
85.2821,36732,367551543,2859,0,0,0
85.2915,36733,367561543,1998,0,0,0
85.3025,36734,367571542,2849,0,0,0
85.3123,36735,367581543,2000,0,0,0
85.3334,36736,367591543,2849,0,0,0
85.3341,36737,367601543,2003,0,0,0
85.3460,36738,367611543,2855,0,0,0
85.3521,36739,367621543,2011,0,0,0
85.3682,36740,367631543,2836,0,0,0
85.3782,36741,367641543,2022,0,0,0
85.3883,36742,367651543,2848,0,0,0
85.3986,36743,367661543,2047,0,0,0
85.4045,36744,367671542,2847,0,0,0
85.4141,36745,367681542,2037,0,0,0
85.4216,36746,367691543,2859,0,0,0
85.4315,36747,367701543,2078,0,0,0
85.4420,36748,367711543,2863,0,0,0
85.4521,36749,367721543,2043,0,0,0
85.4621,36750,367731543,2854,0,0,0
85.4717,36751,367741543,2062,0,0,0
85.4821,36752,367751543,2859,0,0,0
85.4921,36753,367761543,2064,0,0,0
85.5073,36754,367771543,2855,0,0,0
85.5125,36755,367781543,2071,0,0,0
85.5216,36756,367791543,2861,0,0,0
85.5336,36757,367801543,2074,0,0,0
85.5436,36758,367811543,2864,0,0,0
85.5532,36759,367821543,2082,0,0,0
85.5619,36760,367831543,2864,0,0,0
85.5737,36761,367841543,2101,0,0,0
85.5816,36762,367851543,2864,0,0,0
85.5916,36763,367861543,2096,0,0,0
85.6019,36764,367871542,2864,0,0,0
85.6115,36765,367881543,2096,0,0,0
85.6216,36766,367891542,2864,0,0,0
85.6316,36767,367901543,2096,0,0,0
85.6417,36768,367911542,2860,0,0,0
85.6520,36769,367921543,2111,0,0,0
85.6658,36770,367931543,2855,0,0,0
85.6790,36771,367941543,2114,0,0,0
85.6816,36772,367951542,2859,0,0,0
85.6951,36773,367961543,2108,0,0,0
85.7026,36774,367971543,2852,0,0,0
85.7155,36775,367981543,2081,0,0,0
85.7240,36776,367991543,2843,0,0,0
85.7356,36777,368001543,2080,0,0,0
85.7416,36778,368011543,2826,0,0,0
85.7514,36779,368021543,2097,0,0,0
85.7614,36780,368031542,2819,0,0,0
85.7719,36781,368041543,2101,0,0,0
85.7822,36782,368051543,2814,0,0,0
85.7919,36783,368061543,2103,0,0,0
85.8024,36784,368071543,2854,0,0,0
85.8119,36785,368081543,2103,0,0,0
85.8228,36786,368091543,2859,0,0,0
85.8344,36787,368101543,2102,0,0,0
85.8459,36788,368111542,2855,0,0,0
85.8573,36789,368121543,2124,0,0,0
85.8665,36790,368131543,2847,0,0,0
85.8767,36791,368141543,2117,0,0,0
85.8853,36792,368151543,2847,0,0,0
85.8929,36793,368161543,2128,0,0,0
85.9045,36794,368171543,2855,0,0,0
85.9127,36795,368181543,2122,0,0,0
85.9234,36796,368191543,2864,0,0,0
85.9316,36797,368201543,2128,0,0,0
85.9418,36798,368211543,2864,0,0,0
85.9514,36799,368221543,2133,0,0,0
85.9614,36800,368231543,2865,0,0,0
85.9715,36801,368241543,2138,0,0,0
85.9815,36802,368251542,2865,0,0,0
85.9917,36803,368261543,2147,0,0,0
86.0026,36804,368271543,2865,0,0,0
86.0158,36805,368281543,2139,0,0,0
86.0237,36806,368291543,2864,0,0,0
86.0346,36807,368301543,2140,0,0,0
86.0437,36808,368311543,2865,0,0,0
86.0548,36809,368321543,2143,0,0,0
86.0643,36810,368331543,2862,0,0,0
86.0751,36811,368341543,2143,0,0,0
86.0815,36812,368351543,2853,0,0,0
86.0915,36813,368361543,2157,0,0,0
86.1018,36814,368371543,2864,0,0,0
86.1119,36815,368381543,2160,0,0,0
86.1224,36816,368391543,2864,0,0,0
86.1322,36817,368401543,2167,0,0,0
86.1419,36818,368411543,2875,0,0,0
86.1587,36819,368421543,2194,0,0,0
86.1620,36820,368431543,2862,0,0,0
86.1799,36821,368441543,2152,0,0,0
86.1817,36822,368451543,2869,0,0,0
86.1951,36823,368461543,2175,0,0,0
86.2046,36824,368471543,2857,0,0,0
86.2125,36825,368481542,2176,0,0,0
86.2253,36826,368491543,2857,0,0,0
86.2337,36827,368501543,2160,0,0,0
86.2441,36828,368511543,2863,0,0,0
86.2516,36829,368521543,2191,0,0,0
86.2620,36830,368531543,2859,0,0,0
86.2724,36831,368541543,2197,0,0,0
86.2820,36832,368551543,2861,0,0,0
86.2915,36833,368561543,2202,0,0,0
86.3021,36834,368571542,2876,0,0,0
86.3123,36835,368581543,2224,0,0,0
86.3267,36836,368591543,2855,0,0,0
86.3340,36837,368601543,2229,0,0,0
86.3467,36838,368611542,2864,0,0,0
86.3554,36839,368621543,2237,0,0,0
86.3620,36840,368631543,2848,0,0,0
86.3751,36841,368641543,2226,0,0,0
86.3815,36842,368651543,2844,0,0,0
86.3933,36843,368661543,2227,0,0,0
86.4032,36844,368671543,2842,0,0,0
86.4115,36845,368681543,2223,0,0,0
86.4216,36846,368691543,2817,0,0,0
86.4325,36847,368701543,2223,0,0,0
86.4421,36848,368711543,2826,0,0,0
86.4520,36849,368721543,2224,0,0,0
86.4624,36850,368731543,2803,0,0,0
86.4809,36851,368741543,2226,0,0,0
86.4826,36852,368751542,2795,0,0,0
86.4958,36853,368761543,2227,0,0,0
86.5071,36854,368771543,2815,0,0,0
86.5116,36855,368781543,2229,0,0,0
86.5253,36856,368791543,2799,0,0,0
86.5333,36857,368801543,2226,0,0,0
86.5439,36858,368811543,2807,0,0,0
86.5552,36859,368821543,2223,0,0,0
86.5615,36860,368831543,2801,0,0,0
86.5722,36861,368841543,2241,0,0,0
86.5822,36862,368851543,2796,0,0,0
86.5918,36863,368861543,2248,0,0,0
86.6024,36864,368871543,2795,0,0,0
86.6121,36865,368881542,2251,0,0,0
86.6309,36866,368891543,2806,0,0,0
86.6319,36867,368901543,2245,0,0,0
86.6451,36868,368911543,2803,0,0,0
86.6572,36869,368921542,2237,0,0,0
86.6615,36870,368931542,2800,0,0,0
86.6755,36871,368941543,2251,0,0,0
86.6816,36872,368951543,2798,0,0,0
86.6946,36873,368961543,2251,0,0,0
86.7020,36874,368971542,2795,0,0,0
86.7115,36875,368981543,2247,0,0,0
86.7214,36876,368991543,2795,0,0,0
86.7322,36877,369001543,2252,0,0,0
86.7419,36878,369011543,2794,0,0,0
86.7518,36879,369021543,2258,0,0,0
86.7623,36880,369031542,2789,0,0,0
86.7808,36881,369041543,2250,0,0,0
86.7819,36882,369051542,2783,0,0,0
86.7919,36883,369061543,2251,0,0,0
86.8035,36884,369071543,2781,0,0,0
86.8176,36885,369081543,2256,0,0,0
86.8215,36886,369091543,2777,0,0,0
86.8344,36887,369101542,2256,0,0,0
86.8455,36888,369111543,2774,0,0,0
86.8548,36889,369121543,2256,0,0,0
86.8618,36890,369131543,2782,0,0,0
86.8718,36891,369141543,2283,0,0,0
86.8822,36892,369151543,2765,0,0,0
86.8923,36893,369161543,2243,0,0,0
86.9025,36894,369171543,2789,0,0,0
86.9128,36895,369181542,2253,0,0,0
86.9220,36896,369191542,2769,0,0,0
86.9325,36897,369201543,2267,0,0,0
86.9514,36898,369211543,2768,0,0,0
86.9533,36899,369221543,2262,0,0,0
86.9627,36900,369231543,2765,0,0,0
86.9727,36901,369241543,2263,0,0,0
86.9857,36902,369251543,2747,0,0,0
86.9951,36903,369261543,2266,0,0,0
87.0045,36904,369271543,2761,0,0,0
87.0117,36905,369281543,2257,0,0,0
87.0240,36906,369291543,2753,0,0,0
87.0319,36907,369301543,2265,0,0,0
87.0415,36908,369311543,2763,0,0,0
87.0522,36909,369321543,2270,0,0,0
87.0625,36910,369331543,2763,0,0,0
87.0725,36911,369341543,2267,0,0,0
87.0819,36912,369351543,2755,0,0,0
87.0920,36913,369361543,2270,0,0,0
87.1024,36914,369371543,2762,0,0,0
87.1150,36915,369381542,2270,0,0,0
87.1267,36916,369391543,2768,0,0,0
87.1390,36917,369401543,2271,0,0,0
87.1418,36918,369411543,2759,0,0,0
87.1537,36919,369421543,2279,0,0,0
87.1662,36920,369431543,2770,0,0,0
87.1757,36921,369441543,2288,0,0,0
87.1816,36922,369451543,2767,0,0,0
87.1950,36923,369461543,2285,0,0,0
87.2025,36924,369471543,2768,0,0,0
87.2116,36925,369481543,2282,0,0,0
87.2217,36926,369491543,2766,0,0,0
87.2316,36927,369501543,2283,0,0,0
87.2417,36928,369511543,2763,0,0,0
87.2521,36929,369521543,2279,0,0,0
87.2623,36930,369531543,2766,0,0,0
87.2780,36931,369541543,2286,0,0,0
87.2824,36932,369551543,2763,0,0,0
87.2918,36933,369561543,2288,0,0,0
87.3018,36934,369571543,2765,0,0,0
87.3191,36935,369581542,2288,0,0,0
87.3227,36936,369591542,2758,0,0,0
87.3357,36937,369601543,2282,0,0,0
87.3423,36938,369611543,2767,0,0,0
87.3544,36939,369621542,2287,0,0,0
87.3659,36940,369631542,2768,0,0,0
87.3718,36941,369641543,2289,0,0,0
87.3815,36942,369651543,2761,0,0,0
87.3915,36943,369661543,2292,0,0,0
87.4014,36944,369671543,2768,0,0,0
87.4119,36945,369681543,2304,0,0,0
87.4220,36946,369691543,2763,0,0,0
87.4322,36947,369701543,2299,0,0,0
87.4513,36948,369711542,2768,0,0,0
87.4521,36949,369721543,2295,0,0,0
87.4628,36950,369731543,2768,0,0,0
87.4735,36951,369741543,2300,0,0,0
87.4882,36952,369751543,2778,0,0,0
87.4918,36953,369761543,2308,0,0,0
87.5049,36954,369771543,2774,0,0,0
87.5118,36955,369781543,2315,0,0,0
87.5262,36956,369791543,2777,0,0,0
87.5337,36957,369801543,2317,0,0,0
87.5416,36958,369811543,2768,0,0,0
87.5520,36959,369821543,2326,0,0,0
87.5624,36960,369831543,2784,0,0,0
87.5725,36961,369841542,2339,0,0,0
87.5820,36962,369851543,2785,0,0,0
87.5919,36963,369861543,2345,0,0,0
87.6025,36964,369871543,2789,0,0,0
87.6200,36965,369881543,2336,0,0,0
87.6230,36966,369891543,2781,0,0,0
87.6340,36967,369901542,2339,0,0,0
87.6444,36968,369911542,2791,0,0,0
87.6591,36969,369921543,2332,0,0,0
87.6632,36970,369931542,2788,0,0,0
87.6728,36971,369941543,2352,0,0,0
87.6854,36972,369951542,2791,0,0,0
87.6915,36973,369961543,2347,0,0,0
87.7047,36974,369971543,2781,0,0,0
87.7115,36975,369981543,2337,0,0,0
87.7222,36976,369991543,2788,0,0,0
87.7321,36977,370001543,2339,0,0,0
87.7418,36978,370011543,2786,0,0,0
87.7520,36979,370021543,2333,0,0,0
87.7619,36980,370031542,2774,0,0,0
87.7722,36981,370041543,2312,0,0,0
87.7919,36982,370051543,2746,0,0,0
87.7929,36983,370061543,2294,0,0,0
87.8066,36984,370071543,2723,0,0,0
87.8181,36985,370081543,2275,0,0,0
87.8267,36986,370091542,2725,0,0,0
87.8351,36987,370101543,2272,0,0,0
87.8433,36988,370111543,2721,0,0,0
87.8540,36989,370121543,2263,0,0,0
87.8625,36990,370131543,2715,0,0,0
87.8720,36991,370141543,2258,0,0,0
87.8844,36992,370151543,2694,0,0,0
87.8915,36993,370161543,2261,0,0,0
87.9018,36994,370171543,2692,0,0,0
87.9124,36995,370181543,2266,0,0,0
87.9229,36996,370191543,2691,0,0,0
87.9325,36997,370201543,2261,0,0,0
87.9418,36998,370211543,2693,0,0,0
87.9603,36999,370221543,2258,0,0,0
87.9619,37000,370231543,2690,0,0,0
87.9731,37001,370241543,2258,0,0,0
87.9818,37002,370251543,2672,0,0,0
87.9953,37003,370261542,2246,0,0,0
88.0055,37004,370271543,2667,0,0,0
88.0123,37005,370281543,2259,0,0,0
88.0243,37006,370291542,2693,0,0,0
88.0317,37007,370301543,2261,0,0,0
88.0443,37008,370311543,2690,0,0,0
88.0518,37009,370321543,2269,0,0,0
88.0617,37010,370331543,2691,0,0,0
88.0715,37011,370341543,2259,0,0,0
88.0817,37012,370351543,2702,0,0,0
88.0918,37013,370361543,2256,0,0,0
88.1022,37014,370371543,2704,0,0,0
88.1118,37015,370381543,2275,0,0,0
88.1233,37016,370391543,2702,0,0,0
88.1331,37017,370401543,2272,0,0,0
88.1420,37018,370411543,2704,0,0,0
88.1559,37019,370421543,2284,0,0,0
88.1666,37020,370431543,2710,0,0,0
88.1743,37021,370441543,2287,0,0,0
88.1877,37022,370451543,2703,0,0,0
88.1937,37023,370461542,2290,0,0,0
88.2038,37024,370471543,2710,0,0,0
88.2114,37025,370481543,2289,0,0,0
88.2215,37026,370491543,2716,0,0,0
88.2315,37027,370501543,2273,0,0,0
88.2418,37028,370511542,2704,0,0,0
88.2524,37029,370521543,2288,0,0,0
88.2620,37030,370531543,2709,0,0,0
88.2728,37031,370541543,2302,0,0,0
88.2879,37032,370551543,2717,0,0,0
88.2915,37033,370561543,2309,0,0,0
88.3038,37034,370571543,2724,0,0,0
88.3137,37035,370581542,2320,0,0,0
88.3275,37036,370591542,2739,0,0,0
88.3350,37037,370601542,2351,0,0,0
88.3438,37038,370611542,2734,0,0,0
88.3539,37039,370621543,2337,0,0,0
88.3652,37040,370631543,2761,0,0,0
88.3715,37041,370641543,2362,0,0,0
88.3817,37042,370651542,2762,0,0,0
88.3915,37043,370661543,2370,0,0,0
88.4021,37044,370671542,2779,0,0,0
88.4116,37045,370681543,2378,0,0,0
88.4223,37046,370691543,2774,0,0,0
88.4325,37047,370701543,2371,0,0,0
88.4454,37048,370711543,2769,0,0,0
88.4519,37049,370721543,2371,0,0,0
88.4650,37050,370731542,2784,0,0,0
88.4799,37051,370741543,2375,0,0,0
88.4826,37052,370751542,2779,0,0,0
88.4966,37053,370761543,2366,0,0,0
88.5033,37054,370771543,2775,0,0,0
88.5168,37055,370781543,2381,0,0,0
88.5250,37056,370791543,2782,0,0,0
88.5314,37057,370801543,2379,0,0,0
88.5416,37058,370811543,2775,0,0,0
88.5521,37059,370821543,2366,0,0,0
88.5619,37060,370831543,2768,0,0,0
88.5723,37061,370841543,2373,0,0,0
88.5825,37062,370851543,2772,0,0,0
88.5920,37063,370861543,2353,0,0,0
88.6074,37064,370871543,2768,0,0,0
88.6162,37065,370881543,2359,0,0,0
88.6230,37066,370891543,2773,0,0,0
88.6391,37067,370901543,2365,0,0,0
88.6422,37068,370911543,2771,0,0,0
88.6558,37069,370921543,2352,0,0,0
88.6639,37070,370931542,2763,0,0,0
88.6731,37071,370941543,2358,0,0,0
88.6851,37072,370951543,2768,0,0,0
88.6927,37073,370961543,2349,0,0,0
88.7041,37074,370971543,2754,0,0,0
88.7114,37075,370981543,2367,0,0,0
88.7216,37076,370991543,2738,0,0,0
88.7322,37077,371001543,2355,0,0,0
88.7422,37078,371011543,2746,0,0,0
88.7520,37079,371021543,2356,0,0,0
88.7623,37080,371031543,2743,0,0,0
88.7808,37081,371041543,2352,0,0,0
88.7820,37082,371051542,2738,0,0,0
88.7927,37083,371061543,2347,0,0,0
88.8039,37084,371071543,2735,0,0,0
88.8174,37085,371081543,2350,0,0,0
88.8261,37086,371091543,2727,0,0,0
88.8352,37087,371101543,2339,0,0,0
88.8420,37088,371111543,2736,0,0,0
88.8542,37089,371121543,2332,0,0,0
88.8616,37090,371131542,2736,0,0,0
88.8718,37091,371141543,2322,0,0,0
88.8816,37092,371151543,2725,0,0,0
88.8917,37093,371161542,2339,0,0,0
88.9025,37094,371171543,2735,0,0,0
88.9126,37095,371181543,2323,0,0,0
88.9219,37096,371191543,2727,0,0,0
88.9326,37097,371201543,2328,0,0,0
88.9495,37098,371211543,2718,0,0,0
88.9531,37099,371221543,2322,0,0,0
88.9617,37100,371231543,2723,0,0,0
88.9720,37101,371241543,2316,0,0,0
88.9864,37102,371251543,2714,0,0,0
88.9939,37103,371261543,2322,0,0,0
89.0019,37104,371271543,2714,0,0,0
89.0145,37105,371281543,2315,0,0,0
89.0228,37106,371291543,2719,0,0,0
89.0348,37107,371301543,2319,0,0,0
89.0415,37108,371311543,2723,0,0,0
89.0517,37109,371321543,2322,0,0,0
89.0615,37110,371331542,2714,0,0,0
89.0715,37111,371341543,2310,0,0,0
89.0820,37112,371351543,2720,0,0,0
89.0915,37113,371361542,2341,0,0,0
89.1044,37114,371371542,2722,0,0,0
89.1156,37115,371381543,2304,0,0,0
89.1255,37116,371391543,2716,0,0,0
89.1362,37117,371401543,2309,0,0,0
89.1425,37118,371411543,2715,0,0,0
89.1516,37119,371421543,2304,0,0,0
89.1647,37120,371431543,2703,0,0,0
89.1747,37121,371441543,2309,0,0,0
89.1861,37122,371451543,2711,0,0,0
89.1915,37123,371461543,2305,0,0,0
89.2014,37124,371471543,2713,0,0,0
89.2119,37125,371481543,2314,0,0,0
89.2224,37126,371491543,2720,0,0,0
89.2322,37127,371501543,2320,0,0,0
89.2419,37128,371511543,2708,0,0,0
89.2524,37129,371521543,2298,0,0,0
89.2649,37130,371531543,2721,0,0,0
89.2731,37131,371541543,2295,0,0,0
89.2857,37132,371551543,2709,0,0,0
89.2957,37133,371561542,2303,0,0,0
89.3021,37134,371571542,2704,0,0,0
89.3163,37135,371581543,2303,0,0,0
89.3251,37136,371591543,2711,0,0,0
89.3360,37137,371601543,2299,0,0,0
89.3432,37138,371611543,2720,0,0,0
89.3535,37139,371621543,2302,0,0,0
89.3615,37140,371631543,2704,0,0,0
89.3720,37141,371641542,2301,0,0,0
89.3821,37142,371651543,2717,0,0,0
89.3918,37143,371661543,2307,0,0,0
89.4016,37144,371671543,2715,0,0,0
89.4115,37145,371681543,2291,0,0,0
89.4284,37146,371691543,2716,0,0,0
89.4319,37147,371701543,2302,0,0,0
89.4416,37148,371711543,2717,0,0,0
89.4540,37149,371721543,2296,0,0,0
89.4645,37150,371731543,2715,0,0,0
89.4766,37151,371741543,2291,0,0,0
89.4819,37152,371751543,2711,0,0,0
89.4954,37153,371761542,2298,0,0,0
89.5021,37154,371771543,2704,0,0,0
89.5115,37155,371781543,2303,0,0,0
89.5223,37156,371791543,2707,0,0,0
89.5324,37157,371801543,2305,0,0,0
89.5423,37158,371811542,2724,0,0,0
89.5524,37159,371821543,2309,0,0,0
89.5622,37160,371831543,2725,0,0,0
89.5761,37161,371841543,2307,0,0,0
89.5851,37162,371851543,2721,0,0,0
89.5972,37163,371861543,2301,0,0,0
89.6094,37164,371871543,2736,0,0,0
89.6116,37165,371881543,2302,0,0,0
89.6229,37166,371891542,2731,0,0,0
89.6352,37167,371901543,2298,0,0,0
89.6429,37168,371911543,2733,0,0,0
89.6518,37169,371921543,2304,0,0,0
89.6620,37170,371931543,2730,0,0,0
89.6761,37171,371941543,2309,0,0,0
89.6814,37172,371951543,2722,0,0,0
89.6919,37173,371961543,2303,0,0,0
89.7021,37174,371971543,2736,0,0,0
89.7122,37175,371981543,2305,0,0,0
89.7222,37176,371991542,2735,0,0,0
89.7331,37177,372001543,2303,0,0,0
89.7419,37178,372011542,2731,0,0,0
89.7577,37179,372021543,2307,0,0,0
89.7619,37180,372031542,2727,0,0,0
89.7773,37181,372041543,2304,0,0,0
89.7841,37182,372051543,2733,0,0,0
89.7918,37183,372061543,2309,0,0,0
89.8039,37184,372071542,2729,0,0,0
89.8124,37185,372081543,2311,0,0,0
89.8216,37186,372091543,2738,0,0,0
89.8321,37187,372101543,2319,0,0,0
89.8415,37188,372111543,2748,0,0,0
89.8518,37189,372121543,2300,0,0,0
89.8619,37190,372131543,2736,0,0,0
89.8724,37191,372141543,2304,0,0,0
89.8822,37192,372151543,2731,0,0,0
89.8921,37193,372161543,2303,0,0,0
89.9094,37194,372171542,2726,0,0,0
89.9118,37195,372181542,2314,0,0,0
89.9260,37196,372191542,2731,0,0,0
89.9382,37197,372201543,2304,0,0,0
89.9464,37198,372211542,2725,0,0,0
89.9535,37199,372221543,2308,0,0,0
89.9652,37200,372231542,2742,0,0,0
89.9721,37201,372241543,2298,0,0,0
89.9815,37202,372251543,2736,0,0,0
89.9915,37203,372261543,2304,0,0,0
90.0015,37204,372271542,2737,0,0,0
90.0116,37205,372281543,2314,0,0,0
90.0221,37206,372291543,2731,0,0,0
90.0320,37207,372301543,2309,0,0,0
90.0419,37208,372311543,2746,0,0,0
90.0524,37209,372321543,2315,0,0,0
90.0671,37210,372331542,2741,0,0,0
90.0723,37211,372341543,2305,0,0,0
90.0846,37212,372351543,2752,0,0,0
90.0961,37213,372361542,2306,0,0,0
90.1072,37214,372371543,2743,0,0,0
90.1156,37215,372381543,2313,0,0,0
90.1228,37216,372391543,2736,0,0,0
90.1365,37217,372401543,2302,0,0,0
90.1467,37218,372411543,2727,0,0,0
90.1517,37219,372421543,2302,0,0,0
90.1616,37220,372431543,2704,0,0,0
90.1717,37221,372441543,2293,0,0,0
90.1824,37222,372451543,2707,0,0,0
90.1922,37223,372461543,2286,0,0,0
90.2025,37224,372471543,2736,0,0,0
90.2121,37225,372481543,2298,0,0,0
90.2255,37226,372491543,2737,0,0,0
90.2334,37227,372501543,2286,0,0,0
90.2450,37228,372511543,2699,0,0,0
90.2551,37229,372521543,2286,0,0,0
90.2690,37230,372531542,2736,0,0,0
90.2764,37231,372541543,2304,0,0,0
90.2847,37232,372551543,2721,0,0,0
90.2916,37233,372561543,2297,0,0,0
90.3059,37234,372571542,2709,0,0,0
90.3147,37235,372581543,2281,0,0,0
90.3244,37236,372591543,2736,0,0,0
90.3343,37237,372601542,2291,0,0,0
90.3415,37238,372611543,2717,0,0,0
90.3515,37239,372621543,2283,0,0,0
90.3615,37240,372631543,2709,0,0,0
90.3715,37241,372641543,2295,0,0,0
90.3817,37242,372651542,2736,0,0,0
90.3917,37243,372661543,2308,0,0,0
90.4077,37244,372671543,2735,0,0,0
90.4117,37245,372681543,2306,0,0,0
90.4218,37246,372691543,2741,0,0,0
90.4340,37247,372701542,2307,0,0,0
90.4432,37248,372711542,2751,0,0,0
90.4535,37249,372721543,2309,0,0,0
90.4641,37250,372731543,2747,0,0,0
90.4759,37251,372741543,2307,0,0,0
90.4831,37252,372751543,2736,0,0,0
90.4914,37253,372761543,2302,0,0,0
90.5015,37254,372771543,2730,0,0,0
90.5120,37255,372781543,2299,0,0,0
90.5218,37256,372791543,2731,0,0,0
90.5321,37257,372801543,2291,0,0,0
90.5419,37258,372811542,2722,0,0,0
90.5603,37259,372821543,2283,0,0,0
90.5619,37260,372831543,2735,0,0,0
90.5751,37261,372841542,2288,0,0,0
90.5883,37262,372851542,2709,0,0,0
90.5944,37263,372861543,2290,0,0,0
90.6029,37264,372871543,2729,0,0,0
90.6152,37265,372881543,2300,0,0,0
90.6221,37266,372891543,2735,0,0,0
90.6319,37267,372901543,2291,0,0,0
90.6415,37268,372911543,2735,0,0,0
90.6519,37269,372921543,2288,0,0,0
90.6620,37270,372931543,2735,0,0,0
90.6716,37271,372941543,2289,0,0,0
90.6822,37272,372951543,2726,0,0,0
90.6920,37273,372961543,2292,0,0,0
90.7122,37274,372971543,2717,0,0,0
90.7130,37275,372981543,2289,0,0,0
90.7219,37276,372991543,2730,0,0,0
90.7319,37277,373001543,2299,0,0,0
90.7438,37278,373011542,2731,0,0,0
90.7563,37279,373021543,2301,0,0,0
90.7640,37280,373031543,2735,0,0,0
90.7761,37281,373041543,2294,0,0,0
90.7838,37282,373051543,2731,0,0,0
90.7918,37283,373061543,2288,0,0,0
90.8014,37284,373071543,2736,0,0,0
90.8121,37285,373081543,2290,0,0,0
90.8223,37286,373091542,2739,0,0,0
90.8322,37287,373101543,2297,0,0,0
90.8419,37288,373111543,2746,0,0,0
90.8524,37289,373121543,2295,0,0,0
90.8646,37290,373131543,2742,0,0,0
90.8733,37291,373141542,2298,0,0,0
90.8818,37292,373151543,2730,0,0,0
90.8939,37293,373161543,2295,0,0,0
90.9035,37294,373171543,2735,0,0,0
90.9178,37295,373181542,2292,0,0,0
90.9258,37296,373191543,2739,0,0,0
90.9322,37297,373201543,2288,0,0,0
90.9454,37298,373211543,2730,0,0,0
90.9552,37299,373221543,2288,0,0,0
90.9615,37300,373231543,2736,0,0,0
90.9722,37301,373241543,2291,0,0,0
90.9823,37302,373251543,2735,0,0,0
90.9919,37303,373261542,2294,0,0,0
91.0022,37304,373271542,2736,0,0,0
91.0127,37305,373281543,2288,0,0,0
91.0218,37306,373291543,2728,0,0,0
91.0379,37307,373301543,2298,0,0,0
91.0420,37308,373311543,2726,0,0,0
91.0518,37309,373321543,2292,0,0,0
91.0621,37310,373331543,2735,0,0,0
91.0790,37311,373341543,2303,0,0,0
91.0851,37312,373351543,2735,0,0,0
91.0937,37313,373361543,2307,0,0,0
91.1079,37314,373371543,2747,0,0,0
91.1134,37315,373381543,2310,0,0,0
91.1226,37316,373391543,2736,0,0,0
91.1340,37317,373401542,2319,0,0,0
91.1415,37318,373411542,2752,0,0,0
91.1523,37319,373421543,2322,0,0,0
91.1625,37320,373431543,2763,0,0,0
91.1727,37321,373441543,2325,0,0,0
91.1818,37322,373451543,2757,0,0,0
91.1921,37323,373461543,2335,0,0,0
91.2103,37324,373471543,2759,0,0,0
91.2120,37325,373481542,2338,0,0,0
91.2235,37326,373491542,2767,0,0,0
91.2320,37327,373501543,2356,0,0,0
91.2473,37328,373511543,2791,0,0,0
91.2564,37329,373521543,2370,0,0,0
91.2634,37330,373531543,2759,0,0,0
91.2749,37331,373541543,2336,0,0,0
91.2847,37332,373551543,2763,0,0,0
91.2915,37333,373561543,2341,0,0,0
91.3015,37334,373571543,2765,0,0,0
91.3120,37335,373581543,2337,0,0,0
91.3224,37336,373591543,2763,0,0,0
91.3325,37337,373601543,2334,0,0,0
91.3420,37338,373611543,2768,0,0,0
91.3522,37339,373621543,2323,0,0,0
91.3628,37340,373631543,2763,0,0,0
91.3750,37341,373641543,2323,0,0,0
91.3822,37342,373651543,2752,0,0,0
91.3977,37343,373661543,2328,0,0,0
91.4094,37344,373671543,2757,0,0,0
91.4158,37345,373681543,2320,0,0,0
91.4252,37346,373691543,2755,0,0,0
91.4359,37347,373701543,2320,0,0,0
91.4453,37348,373711543,2741,0,0,0
91.4538,37349,373721543,2311,0,0,0
91.4656,37350,373731543,2736,0,0,0
91.4739,37351,373741543,2315,0,0,0
91.4816,37352,373751542,2743,0,0,0
91.4919,37353,373761543,2316,0,0,0
91.5022,37354,373771543,2737,0,0,0
91.5124,37355,373781542,2309,0,0,0
91.5223,37356,373791542,2738,0,0,0
91.5319,37357,373801543,2308,0,0,0
91.5530,37358,373811543,2741,0,0,0
91.5540,37359,373821542,2314,0,0,0
91.5670,37360,373831543,2722,0,0,0
91.5740,37361,373841543,2310,0,0,0
91.5844,37362,373851543,2718,0,0,0
91.5916,37363,373861543,2318,0,0,0
91.6052,37364,373871543,2720,0,0,0
91.6122,37365,373881543,2303,0,0,0
91.6266,37366,373891543,2709,0,0,0
91.6364,37367,373901543,2288,0,0,0
91.6415,37368,373911543,2710,0,0,0
91.6514,37369,373921543,2293,0,0,0
91.6618,37370,373931543,2723,0,0,0
91.6722,37371,373941543,2295,0,0,0
91.6821,37372,373951543,2725,0,0,0
91.6920,37373,373961543,2315,0,0,0
91.7022,37374,373971542,2723,0,0,0
91.7122,37375,373981543,2312,0,0,0
91.7243,37376,373991543,2729,0,0,0
91.7377,37377,374001543,2314,0,0,0
91.7463,37378,374011543,2731,0,0,0
91.7517,37379,374021543,2308,0,0,0
91.7641,37380,374031542,2723,0,0,0
91.7717,37381,374041542,2311,0,0,0
91.7839,37382,374051543,2739,0,0,0
91.7949,37383,374061543,2315,0,0,0
91.8054,37384,374071543,2719,0,0,0
91.8117,37385,374081543,2309,0,0,0
91.8220,37386,374091543,2719,0,0,0
91.8323,37387,374101543,2304,0,0,0
91.8420,37388,374111543,2719,0,0,0
91.8523,37389,374121543,2304,0,0,0
91.8623,37390,374131543,2717,0,0,0
91.8719,37391,374141543,2303,0,0,0
91.8914,37392,374151543,2723,0,0,0
91.8923,37393,374161543,2306,0,0,0
91.9035,37394,374171543,2725,0,0,0
91.9129,37395,374181543,2315,0,0,0
91.9292,37396,374191543,2736,0,0,0
91.9338,37397,374201543,2320,0,0,0
91.9416,37398,374211543,2716,0,0,0
91.9543,37399,374221543,2319,0,0,0
91.9648,37400,374231543,2728,0,0,0
91.9753,37401,374241543,2320,0,0,0
91.9815,37402,374251543,2725,0,0,0
91.9919,37403,374261543,2320,0,0,0
92.0021,37404,374271543,2736,0,0,0
92.0124,37405,374281543,2317,0,0,0
92.0225,37406,374291543,2721,0,0,0
92.0317,37407,374301542,2327,0,0,0
92.0419,37408,374311543,2718,0,0,0
92.0521,37409,374321543,2335,0,0,0
92.0641,37410,374331542,2730,0,0,0
92.0718,37411,374341543,2331,0,0,0
92.0863,37412,374351543,2733,0,0,0
92.0960,37413,374361543,2337,0,0,0
92.1026,37414,374371543,2723,0,0,0
92.1144,37415,374381543,2330,0,0,0
92.1222,37416,374391543,2721,0,0,0
92.1379,37417,374401542,2322,0,0,0
92.1415,37418,374411542,2736,0,0,0
92.1514,37419,374421543,2334,0,0,0
92.1617,37420,374431543,2725,0,0,0
92.1726,37421,374441543,2338,0,0,0
92.1824,37422,374451543,2715,0,0,0
92.1921,37423,374461543,2345,0,0,0
92.2021,37424,374471542,2720,0,0,0
92.2151,37425,374481542,2338,0,0,0
92.2245,37426,374491543,2725,0,0,0
92.2333,37427,374501543,2342,0,0,0
92.2431,37428,374511543,2714,0,0,0
92.2565,37429,374521542,2330,0,0,0
92.2616,37430,374531543,2729,0,0,0
92.2754,37431,374541543,2330,0,0,0
92.2833,37432,374551543,2719,0,0,0
92.2961,37433,374561543,2347,0,0,0
92.3043,37434,374571542,2727,0,0,0
92.3115,37435,374581543,2343,0,0,0
92.3214,37436,374591542,2725,0,0,0
92.3314,37437,374601543,2349,0,0,0
92.3416,37438,374611543,2731,0,0,0
92.3515,37439,374621543,2342,0,0,0
92.3618,37440,374631542,2731,0,0,0
92.3724,37441,374641543,2347,0,0,0
92.3850,37442,374651543,2725,0,0,0
92.3935,37443,374661543,2351,0,0,0
92.4016,37444,374671542,2735,0,0,0
92.4172,37445,374681543,2354,0,0,0
92.4252,37446,374691543,2698,0,0,0
92.4324,37447,374701543,2353,0,0,0
92.4455,37448,374711543,2734,0,0,0
92.4551,37449,374721543,2369,0,0,0
92.4624,37450,374731543,2739,0,0,0
92.4717,37451,374741543,2368,0,0,0
92.4819,37452,374751543,2751,0,0,0
92.4918,37453,374761542,2375,0,0,0
92.5015,37454,374771542,2750,0,0,0
92.5115,37455,374781543,2384,0,0,0
92.5214,37456,374791543,2742,0,0,0
92.5316,37457,374801543,2381,0,0,0
92.5421,37458,374811543,2752,0,0,0
92.5575,37459,374821543,2390,0,0,0
92.5667,37460,374831542,2768,0,0,0
92.5729,37461,374841543,2398,0,0,0
92.5846,37462,374851543,2768,0,0,0
92.5943,37463,374861543,2399,0,0,0
92.6047,37464,374871543,2762,0,0,0
92.6158,37465,374881543,2394,0,0,0
92.6223,37466,374891543,2766,0,0,0
92.6316,37467,374901543,2393,0,0,0
92.6420,37468,374911543,2768,0,0,0
92.6517,37469,374921543,2397,0,0,0
92.6626,37470,374931543,2765,0,0,0
92.6718,37471,374941543,2394,0,0,0
92.6893,37472,374951543,2768,0,0,0
92.6925,37473,374961543,2402,0,0,0
92.7043,37474,374971542,2750,0,0,0
92.7161,37475,374981543,2395,0,0,0
92.7218,37476,374991543,2754,0,0,0
92.7352,37477,375001543,2394,0,0,0
92.7423,37478,375011543,2755,0,0,0
92.7561,37479,375021543,2405,0,0,0
92.7623,37480,375031542,2753,0,0,0
92.7715,37481,375041543,2390,0,0,0
92.7820,37482,375051542,2751,0,0,0
92.7924,37483,375061543,2399,0,0,0
92.8018,37484,375071543,2761,0,0,0
92.8124,37485,375081543,2386,0,0,0
92.8222,37486,375091543,2769,0,0,0
92.8414,37487,375101543,2384,0,0,0
92.8423,37488,375111542,2762,0,0,0
92.8517,37489,375121543,2377,0,0,0
92.8679,37490,375131543,2758,0,0,0
92.8752,37491,375141543,2381,0,0,0
92.8823,37492,375151543,2748,0,0,0
92.8953,37493,375161543,2371,0,0,0
92.9048,37494,375171542,2737,0,0,0
92.9116,37495,375181543,2371,0,0,0
92.9215,37496,375191543,2731,0,0,0
92.9320,37497,375201543,2371,0,0,0
92.9416,37498,375211543,2731,0,0,0
92.9520,37499,375221543,2370,0,0,0
92.9622,37500,375231542,2737,0,0,0
92.9725,37501,375241543,2370,0,0,0
92.9862,37502,375251543,2737,0,0,0
92.9941,37503,375261543,2369,0,0,0
93.0023,37504,375271543,2710,0,0,0
93.0153,37505,375281543,2361,0,0,0
93.0218,37506,375291543,2714,0,0,0
93.0339,37507,375301543,2363,0,0,0
93.0416,37508,375311543,2711,0,0,0
93.0549,37509,375321543,2359,0,0,0
93.0616,37510,375331543,2714,0,0,0
93.0756,37511,375341543,2357,0,0,0
93.0836,37512,375351543,2707,0,0,0
93.0915,37513,375361543,2353,0,0,0
93.1017,37514,375371543,2706,0,0,0
93.1115,37515,375381543,2366,0,0,0
93.1221,37516,375391543,2704,0,0,0
93.1324,37517,375401542,2354,0,0,0
93.1417,37518,375411543,2699,0,0,0
93.1613,37519,375421543,2359,0,0,0
93.1620,37520,375431543,2695,0,0,0
93.1755,37521,375441543,2355,0,0,0
93.1850,37522,375451543,2693,0,0,0
93.1926,37523,375461543,2353,0,0,0
93.2016,37524,375471543,2688,0,0,0
93.2139,37525,375481543,2354,0,0,0
93.2249,37526,375491543,2688,0,0,0
93.2347,37527,375501543,2352,0,0,0
93.2414,37528,375511543,2688,0,0,0
93.2519,37529,375521543,2352,0,0,0
93.2618,37530,375531543,2678,0,0,0
93.2724,37531,375541543,2367,0,0,0
93.2821,37532,375551542,2687,0,0,0
93.2919,37533,375561543,2371,0,0,0
93.3073,37534,375571542,2668,0,0,0
93.3144,37535,375581543,2354,0,0,0
93.3259,37536,375591543,2678,0,0,0
93.3381,37537,375601542,2362,0,0,0
93.3460,37538,375611543,2672,0,0,0
93.3547,37539,375621543,2355,0,0,0
93.3616,37540,375631543,2671,0,0,0
93.3753,37541,375641543,2357,0,0,0
93.3827,37542,375651543,2674,0,0,0
93.3917,37543,375661543,2361,0,0,0
93.4035,37544,375671543,2670,0,0,0
93.4115,37545,375681543,2359,0,0,0
93.4222,37546,375691543,2667,0,0,0
93.4324,37547,375701543,2361,0,0,0
93.4420,37548,375711543,2663,0,0,0
93.4523,37549,375721543,2355,0,0,0
93.4719,37550,375731543,2662,0,0,0
93.4728,37551,375741543,2355,0,0,0
93.4858,37552,375751542,2671,0,0,0
93.4949,37553,375761543,2371,0,0,0
93.5068,37554,375771543,2677,0,0,0
93.5116,37555,375781543,2377,0,0,0
93.5236,37556,375791543,2672,0,0,0
93.5350,37557,375801543,2368,0,0,0
93.5466,37558,375811543,2674,0,0,0
93.5544,37559,375821543,2371,0,0,0
93.5616,37560,375831542,2674,0,0,0
93.5724,37561,375841543,2379,0,0,0
93.5815,37562,375851543,2672,0,0,0
93.5917,37563,375861543,2369,0,0,0
93.6019,37564,375871543,2676,0,0,0
93.6126,37565,375881543,2368,0,0,0
93.6228,37566,375891542,2674,0,0,0
93.6385,37567,375901543,2383,0,0,0
93.6421,37568,375911542,2671,0,0,0
93.6596,37569,375921543,2384,0,0,0
93.6617,37570,375931543,2671,0,0,0
93.6734,37571,375941543,2384,0,0,0
93.6831,37572,375951543,2673,0,0,0
93.6970,37573,375961543,2384,0,0,0
93.7036,37574,375971542,2677,0,0,0
93.7128,37575,375981543,2397,0,0,0
93.7233,37576,375991542,2662,0,0,0
93.7315,37577,376001543,2417,0,0,0
93.7416,37578,376011543,2642,0,0,0
93.7521,37579,376021543,2439,0,0,0
93.7625,37580,376031543,2629,0,0,0
93.7726,37581,376041543,2461,0,0,0
93.7846,37582,376051543,2619,0,0,0
93.7934,37583,376061543,2491,0,0,0
93.8026,37584,376071543,2554,0,0,0
93.8130,37585,376081543,2544,0,0,0
93.8261,37586,376091543,2545,0,0,0
93.8334,37587,376101542,2538,0,0,0
93.8459,37588,376111542,2549,0,0,0
93.8521,37589,376121542,2544,0,0,0
93.8615,37590,376131543,2558,0,0,0
93.8714,37591,376141543,2543,0,0,0
93.8816,37592,376151543,2559,0,0,0
93.8915,37593,376161543,2545,0,0,0
93.9017,37594,376171543,2559,0,0,0
93.9119,37595,376181543,2559,0,0,0
93.9222,37596,376191542,2583,0,0,0
93.9370,37597,376201543,2529,0,0,0
93.9462,37598,376211543,2559,0,0,0
93.9519,37599,376221542,2544,0,0,0
93.9616,37600,376231542,2557,0,0,0
93.9746,37601,376241542,2543,0,0,0
93.9816,37602,376251542,2582,0,0,0
93.9939,37603,376261543,2530,0,0,0
94.0074,37604,376271543,2559,0,0,0
94.0149,37605,376281543,2527,0,0,0
94.0228,37606,376291543,2582,0,0,0
94.0315,37607,376301543,2531,0,0,0
94.0417,37608,376311543,2587,0,0,0
94.0523,37609,376321543,2542,0,0,0
94.0617,37610,376331543,2585,0,0,0
94.0721,37611,376341543,2540,0,0,0
94.0851,37612,376351542,2588,0,0,0
94.0918,37613,376361543,2545,0,0,0
94.1057,37614,376371542,2583,0,0,0
94.1138,37615,376381543,2535,0,0,0
94.1272,37616,376391543,2559,0,0,0
94.1336,37617,376401542,2541,0,0,0
94.1433,37618,376411543,2581,0,0,0
94.1571,37619,376421543,2546,0,0,0
94.1654,37620,376431543,2559,0,0,0
94.1714,37621,376441543,2544,0,0,0
94.1815,37622,376451543,2586,0,0,0
94.1914,37623,376461543,2544,0,0,0
94.2019,37624,376471543,2559,0,0,0
94.2122,37625,376481543,2533,0,0,0
94.2220,37626,376491542,2579,0,0,0
94.2319,37627,376501543,2531,0,0,0
94.2499,37628,376511543,2559,0,0,0
94.2517,37629,376521543,2528,0,0,0
94.2661,37630,376531543,2559,0,0,0
94.2731,37631,376541542,2535,0,0,0
94.2821,37632,376551543,2559,0,0,0
94.2951,37633,376561543,2538,0,0,0
94.3023,37634,376571543,2559,0,0,0
94.3152,37635,376581543,2537,0,0,0
94.3226,37636,376591542,2559,0,0,0
94.3315,37637,376601543,2535,0,0,0
94.3419,37638,376611542,2559,0,0,0
94.3520,37639,376621543,2539,0,0,0
94.3625,37640,376631543,2581,0,0,0
94.3717,37641,376641543,2538,0,0,0
94.3823,37642,376651543,2559,0,0,0
94.3973,37643,376661543,2537,0,0,0
94.4043,37644,376671543,2559,0,0,0
94.4137,37645,376681543,2527,0,0,0
94.4262,37646,376691542,2559,0,0,0
94.4315,37647,376701542,2542,0,0,0
94.4442,37648,376711542,2558,0,0,0
94.4521,37649,376721543,2535,0,0,0
94.4685,37650,376731543,2555,0,0,0
94.4730,37651,376741543,2531,0,0,0
94.4831,37652,376751543,2555,0,0,0
94.4915,37653,376761543,2559,0,0,0
94.5019,37654,376771543,2551,0,0,0
94.5122,37655,376781543,2550,0,0,0
94.5220,37656,376791543,2558,0,0,0
94.5321,37657,376801543,2583,0,0,0
94.5423,37658,376811542,2546,0,0,0
94.5522,37659,376821543,2544,0,0,0
94.5635,37660,376831543,2550,0,0,0
94.5759,37661,376841543,2549,0,0,0
94.5853,37662,376851543,2556,0,0,0
94.5945,37663,376861543,2543,0,0,0
94.6082,37664,376871543,2556,0,0,0
94.6159,37665,376881543,2551,0,0,0
94.6241,37666,376891543,2555,0,0,0
94.6347,37667,376901543,2549,0,0,0
94.6458,37668,376911543,2545,0,0,0
94.6514,37669,376921543,2544,0,0,0
94.6619,37670,376931542,2559,0,0,0
94.6720,37671,376941543,2547,0,0,0
94.6816,37672,376951543,2555,0,0,0
94.6914,37673,376961543,2550,0,0,0
94.7015,37674,376971543,2558,0,0,0
94.7115,37675,376981543,2533,0,0,0
94.7219,37676,376991543,2559,0,0,0
94.7334,37677,377001543,2555,0,0,0
94.7442,37678,377011543,2557,0,0,0
94.7555,37679,377021542,2550,0,0,0
94.7624,37680,377031543,2559,0,0,0
94.7763,37681,377041543,2557,0,0,0
94.7815,37682,377051543,2559,0,0,0
94.7916,37683,377061543,2556,0,0,0
94.8016,37684,377071543,2559,0,0,0
94.8114,37685,377081542,2545,0,0,0
94.8213,37686,377091542,2559,0,0,0
94.8316,37687,377101543,2527,0,0,0
94.8416,37688,377111542,2582,0,0,0
94.8524,37689,377121543,2511,0,0,0
94.8617,37690,377131542,2587,0,0,0
94.8721,37691,377141542,2497,0,0,0
94.8839,37692,377151543,2595,0,0,0
94.8949,37693,377161543,2499,0,0,0
94.9036,37694,377171542,2599,0,0,0
94.9171,37695,377181543,2503,0,0,0
94.9266,37696,377191543,2599,0,0,0
94.9341,37697,377201543,2496,0,0,0
94.9417,37698,377211543,2594,0,0,0
94.9532,37699,377221543,2512,0,0,0
94.9654,37700,377231543,2583,0,0,0
94.9715,37701,377241543,2544,0,0,0
94.9817,37702,377251543,2539,0,0,0
94.9917,37703,377261542,2559,0,0,0
95.0025,37704,377271543,2538,0,0,0
95.0119,37705,377281543,2559,0,0,0
95.0224,37706,377291542,2544,0,0,0
95.0325,37707,377301543,2559,0,0,0
95.0491,37708,377311543,2541,0,0,0
95.0524,37709,377321543,2559,0,0,0
95.0620,37710,377331542,2533,0,0,0
95.0735,37711,377341543,2581,0,0,0
95.0877,37712,377351543,2529,0,0,0
95.0938,37713,377361543,2559,0,0,0
95.1050,37714,377371543,2524,0,0,0
95.1147,37715,377381543,2581,0,0,0
95.1221,37716,377391543,2529,0,0,0
95.1347,37717,377401543,2585,0,0,0
95.1418,37718,377411543,2530,0,0,0
95.1514,37719,377421543,2590,0,0,0
95.1619,37720,377431543,2530,0,0,0
95.1721,37721,377441543,2590,0,0,0
95.1822,37722,377451542,2531,0,0,0
95.1918,37723,377461543,2594,0,0,0
95.2023,37724,377471542,2544,0,0,0
95.2176,37725,377481543,2618,0,0,0
95.2229,37726,377491543,2535,0,0,0
95.2406,37727,377501543,2607,0,0,0
95.2421,37728,377511543,2540,0,0,0
95.2558,37729,377521543,2589,0,0,0
95.2665,37730,377531543,2529,0,0,0
95.2766,37731,377541543,2594,0,0,0
95.2835,37732,377551543,2540,0,0,0
95.2972,37733,377561543,2589,0,0,0
95.3052,37734,377571543,2533,0,0,0
95.3114,37735,377581543,2587,0,0,0
95.3222,37736,377591543,2534,0,0,0
95.3321,37737,377601543,2591,0,0,0
95.3416,37738,377611542,2535,0,0,0
95.3522,37739,377621543,2581,0,0,0
95.3619,37740,377631543,2544,0,0,0
95.3777,37741,377641543,2559,0,0,0
95.3840,37742,377651543,2544,0,0,0
95.3958,37743,377661543,2555,0,0,0
95.4027,37744,377671542,2549,0,0,0
95.4170,37745,377681543,2547,0,0,0
95.4266,37746,377691543,2556,0,0,0
95.4346,37747,377701542,2551,0,0,0
95.4416,37748,377711543,2559,0,0,0
95.4536,37749,377721543,2558,0,0,0
95.4617,37750,377731543,2557,0,0,0
95.4715,37751,377741543,2559,0,0,0
95.4814,37752,377751543,2544,0,0,0
95.4914,37753,377761542,2583,0,0,0
95.5017,37754,377771543,2531,0,0,0
95.5119,37755,377781543,2586,0,0,0
95.5223,37756,377791543,2517,0,0,0
95.5457,37757,377801543,2586,0,0,0
95.5467,37758,377811542,2534,0,0,0
95.5518,37759,377821543,2559,0,0,0
95.5621,37760,377831543,2531,0,0,0
95.5758,37761,377841543,2559,0,0,0
95.5831,37762,377851542,2535,0,0,0
95.5955,37763,377861542,2559,0,0,0
95.6087,37764,377871542,2527,0,0,0
95.6122,37765,377881543,2559,0,0,0
95.6227,37766,377891543,2537,0,0,0
95.6315,37767,377901543,2581,0,0,0
95.6417,37768,377911543,2538,0,0,0
95.6513,37769,377921543,2559,0,0,0
95.6618,37770,377931542,2535,0,0,0
95.6720,37771,377941543,2588,0,0,0
95.6908,37772,377951543,2531,0,0,0
95.6919,37773,377961543,2583,0,0,0
95.7015,37774,377971543,2528,0,0,0
95.7157,37775,377981543,2692,0,0,0
95.7253,37776,377991543,2553,0,0,0
95.7351,37777,378001543,2553,0,0,0
95.7426,37778,378011543,2555,0,0,0
95.7557,37779,378021543,2550,0,0,0
95.7631,37780,378031543,2559,0,0,0
95.7715,37781,378041543,2556,0,0,0
95.7815,37782,378051543,2549,0,0,0
95.7920,37783,378061543,2550,0,0,0
95.8020,37784,378071542,2559,0,0,0
95.8120,37785,378081542,2559,0,0,0
95.8223,37786,378091543,2559,0,0,0
95.8324,37787,378101543,2544,0,0,0
95.8426,37788,378111542,2554,0,0,0
95.8533,37789,378121543,2559,0,0,0
95.8634,37790,378131542,2559,0,0,0
95.8761,37791,378141543,2559,0,0,0
95.8816,37792,378151543,2559,0,0,0
95.8952,37793,378161543,2554,0,0,0
95.9016,37794,378171543,2555,0,0,0
95.9145,37795,378181543,2559,0,0,0
95.9218,37796,378191542,2559,0,0,0
95.9314,37797,378201543,2558,0,0,0
95.9420,37798,378211542,2556,0,0,0
95.9523,37799,378221543,2557,0,0,0
95.9623,37800,378231543,2551,0,0,0
95.9727,37801,378241543,2544,0,0,0
95.9826,37802,378251543,2551,0,0,0
95.9937,37803,378261543,2559,0,0,0
96.0073,37804,378271543,2554,0,0,0
96.0142,37805,378281543,2559,0,0,0
96.0271,37806,378291543,2553,0,0,0
96.0319,37807,378301543,2559,0,0,0
96.0457,37808,378311543,2558,0,0,0
96.0523,37809,378321543,2559,0,0,0
96.0662,37810,378331542,2559,0,0,0
96.0749,37811,378341543,2559,0,0,0
96.0814,37812,378351542,2559,0,0,0
96.0915,37813,378361543,2590,0,0,0
96.1021,37814,378371543,2559,0,0,0
96.1125,37815,378381543,2559,0,0,0
96.1223,37816,378391543,2559,0,0,0
96.1321,37817,378401543,2559,0,0,0
96.1420,37818,378411543,2553,0,0,0
96.1616,37819,378421543,2559,0,0,0
96.1624,37820,378431543,2559,0,0,0
96.1717,37821,378441542,2559,0,0,0
96.1865,37822,378451543,2559,0,0,0
96.1918,37823,378461542,2559,0,0,0
96.2060,37824,378471543,2559,0,0,0
96.2137,37825,378481543,2559,0,0,0
96.2253,37826,378491543,2559,0,0,0
96.2354,37827,378501543,2559,0,0,0
96.2414,37828,378511543,2559,0,0,0
96.2522,37829,378521542,2559,0,0,0
96.2620,37830,378531542,2559,0,0,0
96.2735,37831,378541543,2559,0,0,0
96.2819,37832,378551543,2581,0,0,0
96.2918,37833,378561543,2559,0,0,0
96.3064,37834,378571542,2581,0,0,0
96.3119,37835,378581543,2559,0,0,0
96.3230,37836,378591542,2559,0,0,0
96.3323,37837,378601543,2557,0,0,0
96.3498,37838,378611543,2559,0,0,0
96.3542,37839,378621543,2559,0,0,0
96.3616,37840,378631542,2559,0,0,0
96.3732,37841,378641543,2553,0,0,0
96.3860,37842,378651542,2559,0,0,0
96.3941,37843,378661543,2549,0,0,0
96.4016,37844,378671542,2559,0,0,0
96.4115,37845,378681543,2588,0,0,0
96.4217,37846,378691543,2554,0,0,0
96.4319,37847,378701542,2544,0,0,0
96.4421,37848,378711543,2555,0,0,0
96.4522,37849,378721543,2559,0,0,0
96.4623,37850,378731543,2545,0,0,0
96.4842,37851,378741543,2550,0,0,0
96.4854,37852,378751543,2546,0,0,0
96.4928,37853,378761543,2553,0,0,0
96.5079,37854,378771543,2551,0,0,0
96.5175,37855,378781543,2548,0,0,0
96.5246,37856,378791543,2539,0,0,0
96.5324,37857,378801543,2551,0,0,0
96.5461,37858,378811543,2545,0,0,0
96.5527,37859,378821543,2546,0,0,0
96.5623,37860,378831542,2543,0,0,0
96.5727,37861,378841543,2551,0,0,0
96.5815,37862,378851543,2544,0,0,0
96.5919,37863,378861543,2550,0,0,0
96.6015,37864,378871542,2550,0,0,0
96.6123,37865,378881543,2546,0,0,0
96.6226,37866,378891543,2545,0,0,0
96.6324,37867,378901542,2554,0,0,0
96.6473,37868,378911543,2539,0,0,0
96.6519,37869,378921543,2545,0,0,0
96.6647,37870,378931543,2512,0,0,0
96.6792,37871,378941543,2602,0,0,0
96.6833,37872,378951543,2411,0,0,0
96.6963,37873,378961542,2715,0,0,0
96.7038,37874,378971543,2409,0,0,0
96.7116,37875,378981543,2719,0,0,0
96.7257,37876,378991542,2397,0,0,0
96.7314,37877,379001543,2720,0,0,0
96.7415,37878,379011543,2405,0,0,0
96.7519,37879,379021543,2733,0,0,0
96.7622,37880,379031543,2397,0,0,0
96.7725,37881,379041543,2731,0,0,0
96.7825,37882,379051543,2402,0,0,0
96.7920,37883,379061543,2734,0,0,0
96.8025,37884,379071543,2398,0,0,0
96.8154,37885,379081543,2738,0,0,0
96.8226,37886,379091543,2407,0,0,0
96.8363,37887,379101543,2745,0,0,0
96.8446,37888,379111542,2409,0,0,0
96.8515,37889,379121543,2753,0,0,0
96.8645,37890,379131543,2415,0,0,0
96.8737,37891,379141543,2765,0,0,0
96.8882,37892,379151543,2410,0,0,0
96.8982,37893,379161542,2755,0,0,0
96.9074,37894,379171543,2403,0,0,0
96.9120,37895,379181543,2754,0,0,0
96.9215,37896,379191543,2403,0,0,0
96.9315,37897,379201543,2762,0,0,0
96.9418,37898,379211543,2401,0,0,0
96.9517,37899,379221543,2761,0,0,0
96.9615,37900,379231543,2402,0,0,0
96.9722,37901,379241543,2778,0,0,0
96.9874,37902,379251543,2416,0,0,0
96.9920,37903,379261543,2769,0,0,0
97.0071,37904,379271543,2384,0,0,0
97.0169,37905,379281543,2775,0,0,0
97.0252,37906,379291543,2398,0,0,0
97.0320,37907,379301543,2773,0,0,0
97.0443,37908,379311543,2397,0,0,0
97.0514,37909,379321543,2775,0,0,0
97.0630,37910,379331543,2389,0,0,0
97.0745,37911,379341543,2785,0,0,0
97.0814,37912,379351543,2394,0,0,0
97.0921,37913,379361543,2785,0,0,0
97.1020,37914,379371542,2375,0,0,0
97.1120,37915,379381543,2785,0,0,0
97.1220,37916,379391543,2383,0,0,0
97.1331,37917,379401543,2785,0,0,0
97.1417,37918,379411543,2363,0,0,0
97.1570,37919,379421543,2864,0,0,0
97.1621,37920,379431543,2332,0,0,0
97.1736,37921,379441543,2827,0,0,0
97.1861,37922,379451543,2338,0,0,0
97.1958,37923,379461543,2826,0,0,0
97.2021,37924,379471543,2337,0,0,0
97.2157,37925,379481543,2816,0,0,0
97.2239,37926,379491543,2342,0,0,0
97.2323,37927,379501542,2814,0,0,0
97.2415,37928,379511543,2352,0,0,0
97.2521,37929,379521543,2773,0,0,0
97.2622,37930,379531543,2389,0,0,0
97.2719,37931,379541543,2737,0,0,0
97.2823,37932,379551543,2395,0,0,0
97.2923,37933,379561543,2754,0,0,0
97.3060,37934,379571543,2393,0,0,0
97.3119,37935,379581543,2727,0,0,0
97.3277,37936,379591543,2397,0,0,0
97.3321,37937,379601543,2729,0,0,0
97.3465,37938,379611543,2384,0,0,0
97.3540,37939,379621543,2739,0,0,0
97.3629,37940,379631542,2400,0,0,0
97.3721,37941,379641543,2736,0,0,0
97.3816,37942,379651542,2406,0,0,0
97.3914,37943,379661543,2736,0,0,0
97.4021,37944,379671542,2404,0,0,0
97.4116,37945,379681543,2736,0,0,0
97.4225,37946,379691543,2411,0,0,0
97.4327,37947,379701543,2730,0,0,0
97.4420,37948,379711542,2411,0,0,0
97.4592,37949,379721543,2747,0,0,0
97.4625,37950,379731542,2413,0,0,0
97.4758,37951,379741543,2736,0,0,0
97.4869,37952,379751543,2403,0,0,0
97.4963,37953,379761543,2734,0,0,0
97.5037,37954,379771543,2403,0,0,0
97.5169,37955,379781543,2741,0,0,0
97.5255,37956,379791543,2411,0,0,0
97.5316,37957,379801543,2737,0,0,0
97.5471,37958,379811543,2427,0,0,0
97.5548,37959,379821543,2746,0,0,0
97.5616,37960,379831543,2408,0,0,0
97.5721,37961,379841543,2733,0,0,0
97.5820,37962,379851542,2407,0,0,0
97.5917,37963,379861543,2736,0,0,0
97.6024,37964,379871543,2404,0,0,0
97.6119,37965,379881543,2737,0,0,0
97.6270,37966,379891543,2411,0,0,0
97.6318,37967,379901543,2724,0,0,0
97.6471,37968,379911543,2407,0,0,0
97.6613,37969,379921542,2727,0,0,0
97.6654,37970,379931543,2402,0,0,0
97.6766,37971,379941543,2718,0,0,0
97.6834,37972,379951543,2383,0,0,0
97.6957,37973,379961542,2709,0,0,0
97.7033,37974,379971542,2398,0,0,0
97.7161,37975,379981543,2710,0,0,0
97.7216,37976,379991543,2387,0,0,0
97.7320,37977,380001543,2703,0,0,0
97.7415,37978,380011543,2386,0,0,0
97.7520,37979,380021543,2713,0,0,0
97.7621,37980,380031543,2368,0,0,0
97.7728,37981,380041543,2714,0,0,0
97.7840,37982,380051543,2383,0,0,0
97.7960,37983,380061543,2725,0,0,0
97.8069,37984,380071543,2374,0,0,0
97.8155,37985,380081543,2704,0,0,0
97.8244,37986,380091543,2371,0,0,0
97.8316,37987,380101543,2703,0,0,0
97.8443,37988,380111543,2357,0,0,0
97.8550,37989,380121543,2702,0,0,0
97.8650,37990,380131543,2364,0,0,0
97.8713,37991,380141543,2695,0,0,0
97.8818,37992,380151543,2357,0,0,0
97.8921,37993,380161543,2697,0,0,0
97.9022,37994,380171543,2357,0,0,0
97.9127,37995,380181543,2702,0,0,0
97.9221,37996,380191543,2361,0,0,0
97.9323,37997,380201543,2695,0,0,0
97.9475,37998,380211543,2370,0,0,0
97.9528,37999,380221543,2704,0,0,0
97.9619,38000,380231543,2379,0,0,0
97.9761,38001,380241543,2721,0,0,0
97.9817,38002,380251543,2385,0,0,0
97.9952,38003,380261542,2730,0,0,0
98.0028,38004,380271542,2401,0,0,0
98.0160,38005,380281543,2721,0,0,0
98.0245,38006,380291543,2383,0,0,0
98.0314,38007,380301543,2730,0,0,0
98.0419,38008,380311543,2390,0,0,0
98.0516,38009,380321543,2734,0,0,0
98.0621,38010,380331543,2387,0,0,0
98.0721,38011,380341543,2743,0,0,0
98.0820,38012,380351543,2400,0,0,0
98.0967,38013,380361543,2763,0,0,0
98.1022,38014,380371543,2439,0,0,0
98.1131,38015,380381543,2791,0,0,0
98.1283,38016,380391543,2427,0,0,0
98.1381,38017,380401543,2783,0,0,0
98.1416,38018,380411543,2418,0,0,0
98.1565,38019,380421543,2791,0,0,0
98.1617,38020,380431542,2423,0,0,0
98.1719,38021,380441543,2784,0,0,0
98.1814,38022,380451543,2430,0,0,0
98.1918,38023,380461543,2791,0,0,0
98.2018,38024,380471543,2427,0,0,0
98.2122,38025,380481543,2788,0,0,0
98.2228,38026,380491543,2415,0,0,0
98.2326,38027,380501542,2773,0,0,0
98.2478,38028,380511543,2421,0,0,0
98.2520,38029,380521543,2785,0,0,0
98.2670,38030,380531543,2421,0,0,0
98.2797,38031,380541543,2774,0,0,0
98.2851,38032,380551543,2385,0,0,0
98.2961,38033,380561543,2766,0,0,0
98.3027,38034,380571543,2352,0,0,0
98.3142,38035,380581543,2730,0,0,0
98.3244,38036,380591543,2355,0,0,0
98.3340,38037,380601543,2733,0,0,0
98.3415,38038,380611543,2364,0,0,0
98.3521,38039,380621543,2736,0,0,0
98.3621,38040,380631542,2361,0,0,0
98.3725,38041,380641543,2722,0,0,0
98.3825,38042,380651543,2338,0,0,0
98.3919,38043,380661543,2704,0,0,0
98.4024,38044,380671543,2321,0,0,0
98.4171,38045,380681543,2704,0,0,0
98.4230,38046,380691542,2354,0,0,0
98.4371,38047,380701543,2709,0,0,0
98.4443,38048,380711543,2356,0,0,0
98.4515,38049,380721543,2686,0,0,0
98.4639,38050,380731543,2333,0,0,0
98.4723,38051,380741543,2684,0,0,0
98.4847,38052,380751543,2335,0,0,0
98.4916,38053,380761543,2683,0,0,0
98.5018,38054,380771542,2365,0,0,0
98.5116,38055,380781543,2686,0,0,0
98.5218,38056,380791543,2345,0,0,0
98.5317,38057,380801542,2669,0,0,0
98.5417,38058,380811542,2320,0,0,0
98.5520,38059,380821543,2657,0,0,0
98.5620,38060,380831543,2323,0,0,0
98.5725,38061,380841543,2670,0,0,0
98.5844,38062,380851543,2365,0,0,0
98.5970,38063,380861543,2672,0,0,0
98.6051,38064,380871543,2367,0,0,0
98.6175,38065,380881543,2672,0,0,0
98.6253,38066,380891543,2368,0,0,0
98.6329,38067,380901543,2665,0,0,0
98.6455,38068,380911543,2375,0,0,0
98.6538,38069,380921543,2654,0,0,0
98.6615,38070,380931543,2365,0,0,0
98.6718,38071,380941543,2655,0,0,0
98.6820,38072,380951543,2369,0,0,0
98.6918,38073,380961543,2660,0,0,0
98.7021,38074,380971543,2369,0,0,0
98.7126,38075,380981543,2658,0,0,0
98.7223,38076,380991543,2371,0,0,0
98.7349,38077,381001543,2638,0,0,0
98.7439,38078,381011542,2347,0,0,0
98.7517,38079,381021543,2624,0,0,0
98.7639,38080,381031542,2336,0,0,0
98.7749,38081,381041543,2615,0,0,0
98.7843,38082,381051542,2336,0,0,0
98.7963,38083,381061543,2611,0,0,0
98.8051,38084,381071543,2351,0,0,0
98.8137,38085,381081543,2609,0,0,0
98.8215,38086,381091543,2341,0,0,0
98.8315,38087,381101543,2608,0,0,0
98.8422,38088,381111543,2352,0,0,0
98.8523,38089,381121542,2608,0,0,0
98.8622,38090,381131543,2342,0,0,0
98.8727,38091,381141543,2593,0,0,0
98.8941,38092,381151543,2363,0,0,0
98.8967,38093,381161542,2605,0,0,0
98.9051,38094,381171543,2399,0,0,0
98.9193,38095,381181543,2638,0,0,0
98.9286,38096,381191542,2419,0,0,0
98.9393,38097,381201543,2681,0,0,0
98.9480,38098,381211543,2458,0,0,0
98.9559,38099,381221543,2679,0,0,0
98.9631,38100,381231543,2461,0,0,0
98.9755,38101,381241543,2673,0,0,0
98.9828,38102,381251543,2466,0,0,0
98.9936,38103,381261543,2672,0,0,0
99.0015,38104,381271543,2463,0,0,0
99.0117,38105,381281543,2672,0,0,0
99.0227,38106,381291542,2462,0,0,0
99.0320,38107,381301543,2671,0,0,0
99.0420,38108,381311543,2465,0,0,0
99.0526,38109,381321543,2673,0,0,0
99.0705,38110,381331542,2462,0,0,0
99.0728,38111,381341543,2672,0,0,0
99.0865,38112,381351542,2469,0,0,0
99.0935,38113,381361543,2672,0,0,0
99.1047,38114,381371543,2477,0,0,0
99.1181,38115,381381543,2672,0,0,0
99.1300,38116,381391543,2470,0,0,0
99.1316,38117,381401543,2672,0,0,0
99.1465,38118,381411542,2465,0,0,0
99.1541,38119,381421543,2672,0,0,0
99.1628,38120,381431543,2466,0,0,0
99.1755,38121,381441542,2673,0,0,0
99.1814,38122,381451543,2459,0,0,0
99.1915,38123,381461542,2670,0,0,0
99.2016,38124,381471543,2476,0,0,0
99.2116,38125,381481542,2659,0,0,0
99.2219,38126,381491543,2469,0,0,0
99.2324,38127,381501543,2646,0,0,0
99.2419,38128,381511543,2441,0,0,0
99.2538,38129,381521543,2626,0,0,0
99.2635,38130,381531543,2433,0,0,0
99.2742,38131,381541543,2603,0,0,0
99.2815,38132,381551543,2416,0,0,0
99.2936,38133,381561543,2582,0,0,0
99.3065,38134,381571543,2416,0,0,0
99.3144,38135,381581543,2557,0,0,0
99.3219,38136,381591543,2409,0,0,0
99.3314,38137,381601543,2538,0,0,0
99.3415,38138,381611543,2419,0,0,0
99.3518,38139,381621543,2543,0,0,0
99.3619,38140,381631543,2407,0,0,0
99.3723,38141,381641543,2541,0,0,0
99.3823,38142,381651543,2427,0,0,0
99.3995,38143,381661543,2539,0,0,0
99.4019,38144,381671543,2423,0,0,0
99.4132,38145,381681543,2544,0,0,0
99.4244,38146,381691543,2422,0,0,0
99.4362,38147,381701543,2540,0,0,0
99.4416,38148,381711543,2428,0,0,0
99.4539,38149,381721543,2539,0,0,0
99.4654,38150,381731543,2433,0,0,0
99.4755,38151,381741543,2530,0,0,0
99.4836,38152,381751542,2434,0,0,0
99.4914,38153,381761543,2544,0,0,0
99.5023,38154,381771543,2433,0,0,0
99.5119,38155,381781543,2541,0,0,0
99.5225,38156,381791542,2433,0,0,0
99.5320,38157,381801542,2543,0,0,0
99.5422,38158,381811542,2437,0,0,0
99.5519,38159,381821543,2544,0,0,0
99.5678,38160,381831543,2441,0,0,0
99.5729,38161,381841543,2545,0,0,0
99.5822,38162,381851543,2445,0,0,0
99.5919,38163,381861543,2544,0,0,0
99.6043,38164,381871543,2448,0,0,0
99.6148,38165,381881543,2542,0,0,0
99.6217,38166,381891543,2448,0,0,0
99.6330,38167,381901543,2541,0,0,0
99.6423,38168,381911542,2448,0,0,0
99.6528,38169,381921543,2541,0,0,0
99.6617,38170,381931542,2448,0,0,0
99.6720,38171,381941543,2535,0,0,0
99.6817,38172,381951543,2450,0,0,0
99.6917,38173,381961543,2543,0,0,0
99.7026,38174,381971542,2449,0,0,0
99.7122,38175,381981543,2529,0,0,0
99.7237,38176,381991543,2448,0,0,0
99.7322,38177,382001543,2533,0,0,0
99.7457,38178,382011543,2446,0,0,0
99.7560,38179,382021543,2544,0,0,0
99.7650,38180,382031542,2446,0,0,0
99.7719,38181,382041543,2527,0,0,0
99.7859,38182,382051542,2447,0,0,0
99.7923,38183,382061543,2539,0,0,0
99.8038,38184,382071543,2447,0,0,0
99.8148,38185,382081543,2535,0,0,0
99.8216,38186,382091543,2444,0,0,0
99.8320,38187,382101543,2533,0,0,0
99.8420,38188,382111542,2448,0,0,0
99.8522,38189,382121543,2531,0,0,0
99.8623,38190,382131543,2447,0,0,0
99.8720,38191,382141543,2533,0,0,0
99.8824,38192,382151543,2448,0,0,0
99.8949,38193,382161543,2527,0,0,0
99.9076,38194,382171543,2448,0,0,0
99.9199,38195,382181543,2538,0,0,0
99.9219,38196,382191543,2454,0,0,0
99.9383,38197,382201543,2544,0,0,0
99.9463,38198,382211543,2464,0,0,0
99.9540,38199,382221543,2545,0,0,0
99.9664,38200,382231542,2471,0,0,0
99.9755,38201,382241543,2551,0,0,0
99.9825,38202,382251543,2480,0,0,0
99.9915,38203,382261543,2557,0,0,0
100.0020,38204,382271543,2491,0,0,0
100.0115,38205,382281543,2559,0,0,0
100.0223,38206,382291543,2494,0,0,0
100.0322,38207,382301543,2559,0,0,0
100.0421,38208,382311542,2488,0,0,0
100.0540,38209,382321543,2559,0,0,0
100.0664,38210,382331543,2493,0,0,0
100.0746,38211,382341543,2559,0,0,0
100.0857,38212,382351543,2501,0,0,0
100.0916,38213,382361543,2559,0,0,0
100.1045,38214,382371543,2509,0,0,0
100.1120,38215,382381543,2559,0,0,0
100.1251,38216,382391543,2512,0,0,0
100.1326,38217,382401543,2551,0,0,0
100.1418,38218,382411542,2513,0,0,0
100.1521,38219,382421543,2559,0,0,0
100.1623,38220,382431542,2521,0,0,0
100.1716,38221,382441543,2589,0,0,0
100.1820,38222,382451543,2525,0,0,0
100.1920,38223,382461543,2592,0,0,0
100.2096,38224,382471542,2528,0,0,0
100.2121,38225,382481543,2583,0,0,0
100.2224,38226,382491542,2533,0,0,0
100.2325,38227,382501543,2590,0,0,0
100.2472,38228,382511542,2534,0,0,0
100.2550,38229,382521543,2559,0,0,0
100.2655,38230,382531543,2533,0,0,0
100.2722,38231,382541543,2559,0,0,0
100.2842,38232,382551543,2533,0,0,0
100.2949,38233,382561542,2559,0,0,0
100.3020,38234,382571543,2542,0,0,0
100.3115,38235,382581543,2559,0,0,0
100.3220,38236,382591543,2534,0,0,0
100.3324,38237,382601543,2586,0,0,0
100.3419,38238,382611543,2559,0,0,0
100.3525,38239,382621543,2592,0,0,0
100.3625,38240,382631543,2557,0,0,0
100.3731,38241,382641543,2559,0,0,0
100.3849,38242,382651543,2558,0,0,0
100.3954,38243,382661543,2587,0,0,0
100.4081,38244,382671543,2555,0,0,0
100.4166,38245,382681542,2586,0,0,0
100.4240,38246,382691543,2555,0,0,0
100.4315,38247,382701543,2586,0,0,0
100.4415,38248,382711542,2559,0,0,0
100.4516,38249,382721543,2583,0,0,0
100.4615,38250,382731543,2559,0,0,0
100.4720,38251,382741543,2559,0,0,0
100.4820,38252,382751543,2559,0,0,0
100.4918,38253,382761542,2559,0,0,0
100.5027,38254,382771542,2597,0,0,0
100.5117,38255,382781543,2602,0,0,0
100.5219,38256,382791543,2606,0,0,0
100.5384,38257,382801543,2597,0,0,0
100.5424,38258,382811543,2601,0,0,0
100.5529,38259,382821543,2594,0,0,0
100.5751,38260,382831542,2605,0,0,0
100.5779,38261,382841543,2592,0,0,0
100.5862,38262,382851543,2613,0,0,0
100.5939,38263,382861543,2586,0,0,0
100.6086,38264,382871542,2631,0,0,0
100.6178,38265,382881543,2559,0,0,0
100.6270,38266,382891543,2629,0,0,0
100.6323,38267,382901543,2581,0,0,0
100.6414,38268,382911543,2638,0,0,0
100.6514,38269,382921543,2559,0,0,0
100.6614,38270,382931542,2630,0,0,0
100.6714,38271,382941543,2559,0,0,0
100.6814,38272,382951543,2643,0,0,0
100.6914,38273,382961542,2559,0,0,0
100.7024,38274,382971543,2658,0,0,0
100.7152,38275,382981543,2559,0,0,0
100.7242,38276,382991542,2643,0,0,0
100.7333,38277,383001543,2555,0,0,0
100.7434,38278,383011543,2640,0,0,0
100.7521,38279,383021543,2559,0,0,0
100.7654,38280,383031543,2647,0,0,0
100.7729,38281,383041543,2553,0,0,0
100.7820,38282,383051543,2643,0,0,0
100.7923,38283,383061542,2559,0,0,0
100.8016,38284,383071543,2647,0,0,0
100.8114,38285,383081543,2559,0,0,0
100.8214,38286,383091542,2655,0,0,0
100.8317,38287,383101543,2551,0,0,0
100.8414,38288,383111543,2643,0,0,0
100.8514,38289,383121543,2547,0,0,0
100.8615,38290,383131543,2643,0,0,0
100.8727,38291,383141543,2528,0,0,0
100.8825,38292,383151543,2651,0,0,0
100.8968,38293,383161543,2529,0,0,0
100.9066,38294,383171543,2668,0,0,0
100.9141,38295,383181543,2537,0,0,0
100.9267,38296,383191543,2674,0,0,0
100.9361,38297,383201543,2534,0,0,0
100.9456,38298,383211543,2697,0,0,0
100.9518,38299,383221543,2519,0,0,0
100.9615,38300,383231542,2691,0,0,0
100.9715,38301,383241543,2523,0,0,0
100.9818,38302,383251543,2706,0,0,0
100.9915,38303,383261543,2514,0,0,0
101.0017,38304,383271543,2717,0,0,0
101.0116,38305,383281543,2516,0,0,0
101.0233,38306,383291543,2721,0,0,0
101.0334,38307,383301543,2512,0,0,0
101.0475,38308,383311543,2735,0,0,0
101.0587,38309,383321542,2513,0,0,0
101.0660,38310,383331543,2720,0,0,0
101.0753,38311,383341542,2508,0,0,0
101.0832,38312,383351543,2727,0,0,0
101.0931,38313,383361543,2510,0,0,0
101.1051,38314,383371543,2706,0,0,0
101.1115,38315,383381542,2472,0,0,0
101.1216,38316,383391543,2697,0,0,0
101.1314,38317,383401543,2457,0,0,0
101.1417,38318,383411543,2686,0,0,0
101.1515,38319,383421543,2447,0,0,0
101.1615,38320,383431543,2668,0,0,0
101.1736,38321,383441543,2438,0,0,0
101.1910,38322,383451543,2685,0,0,0
101.1919,38323,383461543,2430,0,0,0
101.2042,38324,383471543,2671,0,0,0
101.2161,38325,383481543,2429,0,0,0
101.2241,38326,383491543,2672,0,0,0
101.2366,38327,383501543,2416,0,0,0
101.2471,38328,383511543,2663,0,0,0
101.2555,38329,383521543,2419,0,0,0
101.2633,38330,383531542,2660,0,0,0
101.2721,38331,383541543,2406,0,0,0
101.2815,38332,383551542,2661,0,0,0
101.2914,38333,383561543,2416,0,0,0
101.3015,38334,383571543,2665,0,0,0
101.3115,38335,383581543,2414,0,0,0
101.3218,38336,383591543,2671,0,0,0
101.3317,38337,383601543,2407,0,0,0
101.3435,38338,383611543,2683,0,0,0
101.3532,38339,383621543,2419,0,0,0
101.3626,38340,383631543,2683,0,0,0
101.3779,38341,383641543,2415,0,0,0
101.3901,38342,383651543,2691,0,0,0
101.3926,38343,383661543,2431,0,0,0
101.4055,38344,383671542,2708,0,0,0
101.4135,38345,383681543,2453,0,0,0
101.4232,38346,383691543,2731,0,0,0
101.4357,38347,383701543,2475,0,0,0
101.4418,38348,383711542,2768,0,0,0
101.4516,38349,383721543,2502,0,0,0
101.4618,38350,383731543,2775,0,0,0
101.4716,38351,383741543,2489,0,0,0
101.4815,38352,383751543,2770,0,0,0
101.4916,38353,383761543,2474,0,0,0
101.5048,38354,383771542,2769,0,0,0
101.5123,38355,383781543,2478,0,0,0
101.5218,38356,383791542,2770,0,0,0
101.5398,38357,383801543,2476,0,0,0
101.5431,38358,383811543,2780,0,0,0
101.5552,38359,383821543,2477,0,0,0
101.5661,38360,383831543,2763,0,0,0
101.5766,38361,383841543,2469,0,0,0
101.5880,38362,383851543,2774,0,0,0
101.6030,38363,383861543,2471,0,0,0
101.6057,38364,383871543,2770,0,0,0
101.6139,38365,383881543,2475,0,0,0
101.6219,38366,383891543,2765,0,0,0
101.6315,38367,383901543,2469,0,0,0
101.6417,38368,383911543,2778,0,0,0
101.6520,38369,383921543,2478,0,0,0
101.6620,38370,383931543,2773,0,0,0
101.6717,38371,383941542,2471,0,0,0
101.6816,38372,383951543,2717,0,0,0
101.6955,38373,383961543,2371,0,0,0
101.7033,38374,383971543,2681,0,0,0
101.7132,38375,383981543,2366,0,0,0
101.7299,38376,383991542,2687,0,0,0
101.7324,38377,384001543,2354,0,0,0
101.7486,38378,384011543,2699,0,0,0
101.7572,38379,384021543,2358,0,0,0
101.7644,38380,384031542,2698,0,0,0
101.7724,38381,384041543,2370,0,0,0
101.7859,38382,384051542,2718,0,0,0
101.7918,38383,384061543,2384,0,0,0
101.8014,38384,384071543,2743,0,0,0
101.8114,38385,384081543,2398,0,0,0
101.8214,38386,384091543,2763,0,0,0
101.8314,38387,384101543,2403,0,0,0
101.8416,38388,384111543,2768,0,0,0
101.8540,38389,384121543,2403,0,0,0
101.8656,38390,384131543,2773,0,0,0
101.8724,38391,384141543,2429,0,0,0
101.8857,38392,384151543,2809,0,0,0
101.8944,38393,384161543,2462,0,0,0
101.9074,38394,384171543,2825,0,0,0
101.9152,38395,384181542,2448,0,0,0
101.9234,38396,384191542,2823,0,0,0
101.9366,38397,384201543,2448,0,0,0
101.9414,38398,384211543,2819,0,0,0
101.9515,38399,384221543,2448,0,0,0
101.9615,38400,384231543,2811,0,0,0
101.9714,38401,384241543,2441,0,0,0
101.9814,38402,384251542,2811,0,0,0
101.9915,38403,384261543,2437,0,0,0
102.0015,38404,384271543,2804,0,0,0
102.0139,38405,384281543,2446,0,0,0
102.0227,38406,384291543,2800,0,0,0
102.0349,38407,384301543,2444,0,0,0
102.0447,38408,384311543,2802,0,0,0
102.0537,38409,384321543,2443,0,0,0
102.0620,38410,384331543,2805,0,0,0
102.0727,38411,384341543,2434,0,0,0
102.0821,38412,384351543,2800,0,0,0
102.0955,38413,384361543,2431,0,0,0
102.1022,38414,384371543,2770,0,0,0
102.1115,38415,384381543,2441,0,0,0
102.1216,38416,384391542,2800,0,0,0
102.1315,38417,384401543,2363,0,0,0
102.1416,38418,384411543,2768,0,0,0
102.1515,38419,384421543,2365,0,0,0
102.1615,38420,384431543,2768,0,0,0
102.1727,38421,384441543,2368,0,0,0
102.1866,38422,384451542,2769,0,0,0
102.1970,38423,384461543,2371,0,0,0
102.2023,38424,384471543,2755,0,0,0
102.2117,38425,384481542,2379,0,0,0
102.2237,38426,384491543,2801,0,0,0
102.2342,38427,384501542,2432,0,0,0
102.2424,38428,384511543,2759,0,0,0
102.2556,38429,384521543,2366,0,0,0
102.2614,38430,384531543,2811,0,0,0
102.2715,38431,384541543,2343,0,0,0
102.2814,38432,384551543,2831,0,0,0
102.2915,38433,384561543,2319,0,0,0
102.3014,38434,384571543,2821,0,0,0
102.3115,38435,384581543,2327,0,0,0
102.3229,38436,384591543,2816,0,0,0
102.3339,38437,384601543,2339,0,0,0
102.3416,38438,384611543,2807,0,0,0
102.3532,38439,384621543,2330,0,0,0
102.3618,38440,384631542,2814,0,0,0
102.3747,38441,384641543,2318,0,0,0
102.3815,38442,384651543,2810,0,0,0
102.3963,38443,384661543,2417,0,0,0
102.4037,38444,384671542,2811,0,0,0
102.4115,38445,384681543,2311,0,0,0
102.4219,38446,384691543,2806,0,0,0
102.4314,38447,384701543,2315,0,0,0
102.4417,38448,384711543,2811,0,0,0
102.4516,38449,384721543,2378,0,0,0
102.4617,38450,384731542,2800,0,0,0
102.4761,38451,384741543,2336,0,0,0
102.4850,38452,384751542,2768,0,0,0
102.4929,38453,384761542,2341,0,0,0
102.5038,38454,384771543,2765,0,0,0
102.5184,38455,384781543,2343,0,0,0
102.5251,38456,384791543,2688,0,0,0
102.5317,38457,384801543,2306,0,0,0
102.5414,38458,384811543,2717,0,0,0
102.5515,38459,384821543,2428,0,0,0
102.5615,38460,384831543,2801,0,0,0
102.5714,38461,384841543,2416,0,0,0
102.5814,38462,384851543,2770,0,0,0
102.5952,38463,384861543,2320,0,0,0
102.6065,38464,384871543,2769,0,0,0
102.6138,38465,384881543,2288,0,0,0
102.6265,38466,384891543,2791,0,0,0
102.6359,38467,384901543,2291,0,0,0
102.6447,38468,384911542,2800,0,0,0
102.6574,38469,384921543,2288,0,0,0
102.6618,38470,384931543,2789,0,0,0
102.6714,38471,384941543,2295,0,0,0
102.6815,38472,384951543,2785,0,0,0
102.6914,38473,384961543,2301,0,0,0
102.7015,38474,384971543,2797,0,0,0
102.7116,38475,384981543,2302,0,0,0
102.7217,38476,384991543,2679,0,0,0
102.7342,38477,385001543,2300,0,0,0
102.7448,38478,385011543,2768,0,0,0
102.7519,38479,385021543,2309,0,0,0
102.7633,38480,385031543,2767,0,0,0
102.7718,38481,385041543,2314,0,0,0
102.7815,38482,385051543,2751,0,0,0
102.7915,38483,385061543,2308,0,0,0
102.8014,38484,385071542,2559,0,0,0
102.8116,38485,385081543,2303,0,0,0
102.8214,38486,385091543,2639,0,0,0
102.8316,38487,385101543,2333,0,0,0
102.8416,38488,385111543,2667,0,0,0
102.8517,38489,385121543,2356,0,0,0
102.8647,38490,385131543,2672,0,0,0
102.8739,38491,385141543,2349,0,0,0
102.8860,38492,385151542,2619,0,0,0
102.8986,38493,385161543,2308,0,0,0
102.9026,38494,385171543,2621,0,0,0
102.9139,38495,385181543,2309,0,0,0
102.9219,38496,385191543,2618,0,0,0
102.9316,38497,385201543,2315,0,0,0
102.9415,38498,385211543,2611,0,0,0
102.9515,38499,385221543,2317,0,0,0
102.9614,38500,385231543,2608,0,0,0
102.9714,38501,385241543,2315,0,0,0
102.9819,38502,385251542,2604,0,0,0
102.9923,38503,385261543,2317,0,0,0
103.0070,38504,385271543,2608,0,0,0
103.0175,38505,385281543,2327,0,0,0
103.0262,38506,385291543,2613,0,0,0
103.0339,38507,385301543,2329,0,0,0
103.0445,38508,385311543,2615,0,0,0
103.0519,38509,385321543,2339,0,0,0
103.0615,38510,385331543,2608,0,0,0
103.0716,38511,385341543,2336,0,0,0
103.0814,38512,385351543,2598,0,0,0
103.0915,38513,385361542,2349,0,0,0
103.1014,38514,385371542,2610,0,0,0
103.1114,38515,385381543,2357,0,0,0
103.1225,38516,385391543,2608,0,0,0
103.1350,38517,385401543,2363,0,0,0
103.1424,38518,385411543,2634,0,0,0
103.1594,38519,385421543,2400,0,0,0
103.1637,38520,385431543,2640,0,0,0
103.1737,38521,385441543,2438,0,0,0
103.1815,38522,385451543,2688,0,0,0
103.1914,38523,385461543,2496,0,0,0
103.2015,38524,385471543,2709,0,0,0
103.2115,38525,385481543,2487,0,0,0
103.2214,38526,385491543,2706,0,0,0
103.2315,38527,385501542,2490,0,0,0
103.2415,38528,385511543,2704,0,0,0
103.2536,38529,385521543,2486,0,0,0
103.2617,38530,385531543,2695,0,0,0
103.2745,38531,385541543,2487,0,0,0
103.2816,38532,385551543,2687,0,0,0
103.2939,38533,385561543,2487,0,0,0
103.3016,38534,385571543,2701,0,0,0
103.3116,38535,385581542,2484,0,0,0
103.3216,38536,385591542,2704,0,0,0
103.3316,38537,385601543,2494,0,0,0
103.3415,38538,385611543,2703,0,0,0
103.3516,38539,385621543,2494,0,0,0
103.3617,38540,385631543,2705,0,0,0
103.3716,38541,385641543,2493,0,0,0
103.3823,38542,385651543,2691,0,0,0
103.3920,38543,385661543,2490,0,0,0
103.4093,38544,385671543,2681,0,0,0
103.4153,38545,385681543,2503,0,0,0
103.4270,38546,385691543,2678,0,0,0
103.4334,38547,385701543,2511,0,0,0
103.4418,38548,385711543,2643,0,0,0
103.4514,38549,385721543,2458,0,0,0
103.4615,38550,385731543,2603,0,0,0
103.4717,38551,385741542,2430,0,0,0
103.4814,38552,385751542,2558,0,0,0
103.4915,38553,385761543,2416,0,0,0
103.5015,38554,385771543,2551,0,0,0
103.5135,38555,385781543,2418,0,0,0
103.5255,38556,385791543,2557,0,0,0
103.5347,38557,385801543,2432,0,0,0
103.5473,38558,385811542,2545,0,0,0
103.5603,38559,385821543,2430,0,0,0
103.5633,38560,385831543,2549,0,0,0
103.5753,38561,385841543,2430,0,0,0
103.5838,38562,385851543,2557,0,0,0
103.5954,38563,385861542,2439,0,0,0
103.6018,38564,385871543,2558,0,0,0
103.6116,38565,385881543,2444,0,0,0
103.6218,38566,385891543,2559,0,0,0
103.6314,38567,385901543,2435,0,0,0
103.6418,38568,385911543,2553,0,0,0
103.6518,38569,385921543,2442,0,0,0
103.6625,38570,385931543,2550,0,0,0
103.6801,38571,385941543,2448,0,0,0
103.6870,38572,385951543,2551,0,0,0
103.6979,38573,385961543,2450,0,0,0
103.7111,38574,385971543,2555,0,0,0
103.7135,38575,385981543,2451,0,0,0
103.7282,38576,385991542,2587,0,0,0
103.7386,38577,386001543,2501,0,0,0
103.7425,38578,386011543,2623,0,0,0
103.7515,38579,386021543,2542,0,0,0
103.7615,38580,386031543,2665,0,0,0
103.7719,38581,386041543,2559,0,0,0
103.7814,38582,386051543,2663,0,0,0
103.7919,38583,386061543,2555,0,0,0
103.8020,38584,386071543,2646,0,0,0
103.8184,38585,386081543,2557,0,0,0
103.8235,38586,386091542,2651,0,0,0
103.8333,38587,386101543,2555,0,0,0
103.8421,38588,386111542,2650,0,0,0
103.8570,38589,386121543,2544,0,0,0
103.8657,38590,386131543,2650,0,0,0
103.8783,38591,386141543,2545,0,0,0
103.8895,38592,386151543,2645,0,0,0
103.8931,38593,386161543,2551,0,0,0
103.9035,38594,386171543,2641,0,0,0
103.9136,38595,386181543,2545,0,0,0
103.9227,38596,386191543,2642,0,0,0
103.9318,38597,386201543,2558,0,0,0
103.9417,38598,386211542,2640,0,0,0
103.9514,38599,386221543,2556,0,0,0
103.9618,38600,386231543,2641,0,0,0
103.9714,38601,386241543,2551,0,0,0
103.9814,38602,386251543,2635,0,0,0
103.9916,38603,386261543,2559,0,0,0
104.0022,38604,386271542,2638,0,0,0
104.0151,38605,386281543,2559,0,0,0
104.0235,38606,386291543,2638,0,0,0
104.0328,38607,386301543,2557,0,0,0
104.0451,38608,386311543,2639,0,0,0
104.0527,38609,386321543,2553,0,0,0
104.0625,38610,386331543,2640,0,0,0
104.0747,38611,386341543,2558,0,0,0
104.0815,38612,386351543,2623,0,0,0
104.0914,38613,386361543,2554,0,0,0
104.1017,38614,386371543,2622,0,0,0
104.1116,38615,386381543,2586,0,0,0
104.1220,38616,386391542,2626,0,0,0
104.1315,38617,386401542,2559,0,0,0
104.1416,38618,386411542,2621,0,0,0
104.1531,38619,386421543,2556,0,0,0
104.1667,38620,386431543,2624,0,0,0
104.1760,38621,386441543,2558,0,0,0
104.1864,38622,386451543,2627,0,0,0
104.1970,38623,386461543,2558,0,0,0
104.2089,38624,386471542,2605,0,0,0
104.2155,38625,386481543,2548,0,0,0
104.2227,38626,386491543,2608,0,0,0
104.2334,38627,386501543,2547,0,0,0
104.2424,38628,386511542,2606,0,0,0
104.2515,38629,386521543,2559,0,0,0
104.2627,38630,386531543,2599,0,0,0
104.2721,38631,386541543,2547,0,0,0
104.2815,38632,386551542,2603,0,0,0
104.2920,38633,386561543,2553,0,0,0
104.3016,38634,386571543,2594,0,0,0
104.3139,38635,386581543,2545,0,0,0
104.3216,38636,386591543,2587,0,0,0
104.3330,38637,386601543,2550,0,0,0
104.3476,38638,386611542,2559,0,0,0
104.3580,38639,386621543,2544,0,0,0
104.3653,38640,386631543,2559,0,0,0
104.3737,38641,386641543,2542,0,0,0
104.3878,38642,386651543,2559,0,0,0
104.3950,38643,386661543,2534,0,0,0
104.4040,38644,386671542,2559,0,0,0
104.4115,38645,386681543,2540,0,0,0
104.4217,38646,386691543,2551,0,0,0
104.4316,38647,386701543,2534,0,0,0
104.4414,38648,386711543,2554,0,0,0
104.4518,38649,386721543,2528,0,0,0
104.4618,38650,386731543,2545,0,0,0
104.4795,38651,386741543,2544,0,0,0
104.4818,38652,386751543,2559,0,0,0
104.4989,38653,386761543,2557,0,0,0
104.5016,38654,386771543,2521,0,0,0
104.5146,38655,386781543,2526,0,0,0
104.5223,38656,386791543,2543,0,0,0
104.5333,38657,386801543,2541,0,0,0
104.5429,38658,386811543,2526,0,0,0
104.5545,38659,386821543,2542,0,0,0
104.5630,38660,386831543,2518,0,0,0
104.5719,38661,386841543,2544,0,0,0
104.5816,38662,386851543,2514,0,0,0
104.5917,38663,386861543,2559,0,0,0
104.6015,38664,386871543,2507,0,0,0
104.6116,38665,386881543,2559,0,0,0
104.6215,38666,386891542,2499,0,0,0
104.6317,38667,386901543,2559,0,0,0
104.6436,38668,386911543,2495,0,0,0
104.6581,38669,386921543,2559,0,0,0
104.6721,38670,386931542,2502,0,0,0
104.6804,38671,386941543,2559,0,0,0
104.6818,38672,386951543,2500,0,0,0
104.6933,38673,386961543,2581,0,0,0
104.7032,38674,386971543,2496,0,0,0
104.7130,38675,386981543,2559,0,0,0
104.7247,38676,386991543,2495,0,0,0
104.7319,38677,387001543,2583,0,0,0
104.7420,38678,387011543,2491,0,0,0
104.7520,38679,387021543,2559,0,0,0
104.7618,38680,387031543,2485,0,0,0
104.7729,38681,387041543,2559,0,0,0
104.7817,38682,387051543,2487,0,0,0
104.7915,38683,387061543,2559,0,0,0
104.8040,38684,387071543,2492,0,0,0
104.8118,38685,387081543,2579,0,0,0
104.8232,38686,387091543,2483,0,0,0
104.8396,38687,387101543,2591,0,0,0
104.8420,38688,387111543,2481,0,0,0
104.8554,38689,387121543,2583,0,0,0
104.8649,38690,387131542,2479,0,0,0
104.8816,38691,387141543,2607,0,0,0
104.8871,38692,387151542,2454,0,0,0
104.8947,38693,387161543,2601,0,0,0
104.9015,38694,387171543,2463,0,0,0
104.9117,38695,387181543,2602,0,0,0
104.9216,38696,387191543,2442,0,0,0
104.9318,38697,387201543,2639,0,0,0
104.9415,38698,387211542,2448,0,0,0
104.9518,38699,387221543,2638,0,0,0
104.9619,38700,387231543,2419,0,0,0
104.9770,38701,387241543,2623,0,0,0
104.9842,38702,387251543,2446,0,0,0
104.9926,38703,387261542,2645,0,0,0
105.0071,38704,387271543,2437,0,0,0
105.0188,38705,387281543,2629,0,0,0
105.0267,38706,387291543,2429,0,0,0
105.0378,38707,387301543,2652,0,0,0
105.0440,38708,387311543,2410,0,0,0
105.0523,38709,387321543,2658,0,0,0
105.0629,38710,387331543,2413,0,0,0
105.0718,38711,387341543,2670,0,0,0
105.0815,38712,387351543,2443,0,0,0
105.0914,38713,387361543,2695,0,0,0
105.1016,38714,387371543,2434,0,0,0
105.1118,38715,387381543,2661,0,0,0
105.1217,38716,387391543,2429,0,0,0
105.1318,38717,387401542,2681,0,0,0
105.1451,38718,387411543,2431,0,0,0
105.1517,38719,387421543,2675,0,0,0
105.1664,38720,387431543,2431,0,0,0
105.1737,38721,387441543,2685,0,0,0
105.1819,38722,387451543,2431,0,0,0
105.1959,38723,387461543,2671,0,0,0
105.2018,38724,387471543,2431,0,0,0
105.2143,38725,387481543,2693,0,0,0
105.2270,38726,387491543,2421,0,0,0
105.2315,38727,387501543,2686,0,0,0
105.2415,38728,387511543,2416,0,0,0
105.2514,38729,387521543,2674,0,0,0
105.2615,38730,387531543,2413,0,0,0
105.2725,38731,387541543,2679,0,0,0
105.2826,38732,387551543,2407,0,0,0
105.2916,38733,387561543,2681,0,0,0
105.3032,38734,387571543,2415,0,0,0
105.3116,38735,387581543,2687,0,0,0
105.3234,38736,387591543,2411,0,0,0
105.3318,38737,387601543,2691,0,0,0
105.3464,38738,387611543,2417,0,0,0
105.3535,38739,387621543,2693,0,0,0
105.3670,38740,387631543,2410,0,0,0
105.3746,38741,387641543,2694,0,0,0
105.3818,38742,387651542,2401,0,0,0
105.3916,38743,387661543,2703,0,0,0
105.4020,38744,387671543,2402,0,0,0
105.4119,38745,387681543,2709,0,0,0
105.4217,38746,387691542,2410,0,0,0
105.4315,38747,387701543,2719,0,0,0
105.4434,38748,387711543,2411,0,0,0
105.4543,38749,387721543,2721,0,0,0
105.4625,38750,387731542,2403,0,0,0
105.4758,38751,387741543,2714,0,0,0
105.4842,38752,387751542,2397,0,0,0
105.4917,38753,387761543,2709,0,0,0
105.5027,38754,387771543,2391,0,0,0
105.5164,38755,387781543,2704,0,0,0
105.5222,38756,387791543,2384,0,0,0
105.5319,38757,387801542,2699,0,0,0
105.5419,38758,387811542,2376,0,0,0
105.5514,38759,387821543,2703,0,0,0
105.5619,38760,387831543,2372,0,0,0
105.5718,38761,387841543,2703,0,0,0
105.5818,38762,387851543,2383,0,0,0
105.5917,38763,387861543,2705,0,0,0
105.6023,38764,387871543,2377,0,0,0
105.6173,38765,387881543,2710,0,0,0
105.6273,38766,387891543,2370,0,0,0
105.6375,38767,387901543,2705,0,0,0
105.6432,38768,387911543,2357,0,0,0
105.6553,38769,387921543,2714,0,0,0
105.6651,38770,387931542,2350,0,0,0
105.6858,38771,387941543,2709,0,0,0
105.6893,38772,387951542,2340,0,0,0
105.6918,38773,387961543,2707,0,0,0
105.7038,38774,387971542,2367,0,0,0
105.7123,38775,387981543,2734,0,0,0
105.7219,38776,387991543,2349,0,0,0
105.7321,38777,388001543,2699,0,0,0
105.7416,38778,388011543,2347,0,0,0
105.7527,38779,388021543,2719,0,0,0
105.7616,38780,388031543,2352,0,0,0
105.7724,38781,388041543,2730,0,0,0
105.7828,38782,388051543,2352,0,0,0
105.8008,38783,388061543,2713,0,0,0
105.8029,38784,388071543,2334,0,0,0
105.8192,38785,388081543,2717,0,0,0
105.8225,38786,388091543,2339,0,0,0
105.8375,38787,388101542,2715,0,0,0
105.8459,38788,388111543,2335,0,0,0
105.8521,38789,388121543,2726,0,0,0
105.8652,38790,388131543,2351,0,0,0
105.8752,38791,388141543,2734,0,0,0
105.8840,38792,388151543,2346,0,0,0
105.8914,38793,388161543,2750,0,0,0
105.9016,38794,388171543,2373,0,0,0
105.9116,38795,388181543,2752,0,0,0
105.9219,38796,388191543,2381,0,0,0
105.9318,38797,388201543,2764,0,0,0
105.9416,38798,388211543,2380,0,0,0
105.9518,38799,388221542,2755,0,0,0
105.9620,38800,388231543,2381,0,0,0
105.9744,38801,388241543,2759,0,0,0
105.9897,38802,388251542,2379,0,0,0
105.9944,38803,388261543,2770,0,0,0
106.0086,38804,388271543,2368,0,0,0
106.0174,38805,388281543,2770,0,0,0
106.0234,38806,388291543,2385,0,0,0
106.0323,38807,388301543,2777,0,0,0
106.0456,38808,388311542,2384,0,0,0
106.0515,38809,388321542,2786,0,0,0
106.0615,38810,388331542,2397,0,0,0
106.0722,38811,388341543,2787,0,0,0
106.0814,38812,388351543,2407,0,0,0
106.0916,38813,388361543,2787,0,0,0
106.1014,38814,388371542,2408,0,0,0
106.1116,38815,388381543,2786,0,0,0
106.1240,38816,388391543,2409,0,0,0
106.1351,38817,388401543,2798,0,0,0
106.1440,38818,388411543,2414,0,0,0
106.1518,38819,388421543,2814,0,0,0
106.1691,38820,388431543,2390,0,0,0
106.1773,38821,388441543,2800,0,0,0
106.1871,38822,388451542,2395,0,0,0
106.1967,38823,388461543,2779,0,0,0
106.2032,38824,388471543,2398,0,0,0
106.2127,38825,388481543,2800,0,0,0
106.2238,38826,388491543,2385,0,0,0
106.2318,38827,388501543,2787,0,0,0
106.2416,38828,388511543,2415,0,0,0
106.2517,38829,388521543,2801,0,0,0
106.2618,38830,388531543,2414,0,0,0
106.2730,38831,388541542,2800,0,0,0
106.2817,38832,388551543,2411,0,0,0
106.2928,38833,388561543,2795,0,0,0
106.3038,38834,388571543,2407,0,0,0
106.3125,38835,388581543,2791,0,0,0
106.3230,38836,388591543,2416,0,0,0
106.3334,38837,388601543,2801,0,0,0
106.3500,38838,388611543,2411,0,0,0
106.3555,38839,388621543,2801,0,0,0
106.3625,38840,388631543,2414,0,0,0
106.3741,38841,388641543,2797,0,0,0
106.3876,38842,388651542,2399,0,0,0
106.3928,38843,388661542,2779,0,0,0
106.4060,38844,388671542,2395,0,0,0
106.4115,38845,388681543,2774,0,0,0
106.4217,38846,388691543,2399,0,0,0
106.4316,38847,388701543,2774,0,0,0
106.4414,38848,388711542,2400,0,0,0
106.4516,38849,388721543,2779,0,0,0
106.4618,38850,388731543,2405,0,0,0
106.4717,38851,388741543,2781,0,0,0
106.4817,38852,388751542,2395,0,0,0
106.4939,38853,388761543,2771,0,0,0
106.5048,38854,388771543,2399,0,0,0
106.5162,38855,388781542,2773,0,0,0
106.5238,38856,388791543,2385,0,0,0
106.5333,38857,388801543,2768,0,0,0
106.5437,38858,388811543,2387,0,0,0
106.5600,38859,388821542,2764,0,0,0
106.5640,38860,388831543,2389,0,0,0
106.5736,38861,388841543,2767,0,0,0
106.5819,38862,388851543,2380,0,0,0
106.5920,38863,388861543,2759,0,0,0
106.6016,38864,388871542,2384,0,0,0
106.6114,38865,388881543,2738,0,0,0
106.6223,38866,388891543,2385,0,0,0
106.6316,38867,388901543,2745,0,0,0
106.6453,38868,388911543,2400,0,0,0
106.6541,38869,388921543,2736,0,0,0
106.6623,38870,388931543,2395,0,0,0
106.6777,38871,388941543,2721,0,0,0
106.6827,38872,388951543,2394,0,0,0
106.6956,38873,388961543,2694,0,0,0
106.7027,38874,388971543,2399,0,0,0
106.7173,38875,388981543,2717,0,0,0
106.7256,38876,388991542,2404,0,0,0
106.7320,38877,389001543,2714,0,0,0
106.7416,38878,389011543,2354,0,0,0
106.7516,38879,389021543,2673,0,0,0
106.7616,38880,389031543,2335,0,0,0
106.7717,38881,389041543,2667,0,0,0
106.7821,38882,389051542,2346,0,0,0
106.7968,38883,389061543,2672,0,0,0
106.8024,38884,389071542,2320,0,0,0
106.8167,38885,389081543,2707,0,0,0
106.8233,38886,389091543,2416,0,0,0
106.8409,38887,389101543,2699,0,0,0
106.8450,38888,389111543,2416,0,0,0
106.8529,38889,389121543,2707,0,0,0
106.8703,38890,389131543,2421,0,0,0
106.8791,38891,389141543,2702,0,0,0
106.8820,38892,389151543,2383,0,0,0
106.8919,38893,389161542,2649,0,0,0
106.9034,38894,389171542,2365,0,0,0
106.9115,38895,389181543,2656,0,0,0
106.9217,38896,389191543,2373,0,0,0
106.9318,38897,389201543,2649,0,0,0
106.9415,38898,389211543,2389,0,0,0
106.9516,38899,389221542,2653,0,0,0
106.9617,38900,389231542,2387,0,0,0
106.9723,38901,389241543,2647,0,0,0
106.9824,38902,389251543,2407,0,0,0
106.9988,38903,389261543,2645,0,0,0
107.0048,38904,389271543,2364,0,0,0
107.0206,38905,389281543,2678,0,0,0
107.0282,38906,389291543,2406,0,0,0
107.0363,38907,389301543,2701,0,0,0
107.0418,38908,389311543,2479,0,0,0
107.0519,38909,389321543,2691,0,0,0
107.0647,38910,389331543,2477,0,0,0
107.0745,38911,389341542,2678,0,0,0
107.0823,38912,389351542,2372,0,0,0
107.0915,38913,389361543,2589,0,0,0
107.1014,38914,389371543,2375,0,0,0
107.1117,38915,389381542,2583,0,0,0
107.1217,38916,389391542,2381,0,0,0
107.1318,38917,389401543,2655,0,0,0
107.1418,38918,389411542,2434,0,0,0
107.1571,38919,389421543,2638,0,0,0
107.1649,38920,389431543,2415,0,0,0
107.1729,38921,389441542,2643,0,0,0
107.1906,38922,389451543,2429,0,0,0
107.1938,38923,389461543,2640,0,0,0
107.2051,38924,389471543,2443,0,0,0
107.2161,38925,389481543,2643,0,0,0
107.2268,38926,389491543,2448,0,0,0
107.2328,38927,389501543,2635,0,0,0
107.2424,38928,389511542,2442,0,0,0
107.2543,38929,389521542,2644,0,0,0
107.2615,38930,389531543,2414,0,0,0
107.2724,38931,389541543,2550,0,0,0
107.2816,38932,389551543,2418,0,0,0
107.2926,38933,389561543,2559,0,0,0
107.3024,38934,389571543,2415,0,0,0
107.3116,38935,389581543,2549,0,0,0
107.3260,38936,389591543,2429,0,0,0
107.3341,38937,389601543,2555,0,0,0
107.3511,38938,389611543,2432,0,0,0
107.3571,38939,389621543,2549,0,0,0
107.3668,38940,389631543,2480,0,0,0
107.3781,38941,389641543,2603,0,0,0
107.3888,38942,389651543,2479,0,0,0
107.3964,38943,389661543,2608,0,0,0
107.4070,38944,389671542,2489,0,0,0
107.4194,38945,389681543,2607,0,0,0
107.4240,38946,389691542,2490,0,0,0
107.4336,38947,389701543,2608,0,0,0
107.4420,38948,389711542,2490,0,0,0
107.4518,38949,389721543,2599,0,0,0
107.4615,38950,389731543,2496,0,0,0
107.4718,38951,389741543,2604,0,0,0
107.4818,38952,389751543,2443,0,0,0
107.4916,38953,389761543,2559,0,0,0
107.5014,38954,389771543,2448,0,0,0
107.5122,38955,389781543,2549,0,0,0
107.5244,38956,389791543,2451,0,0,0
107.5397,38957,389801543,2553,0,0,0
107.5479,38958,389811543,2462,0,0,0
107.5527,38959,389821543,2545,0,0,0
107.5673,38960,389831542,2463,0,0,0
107.5773,38961,389841543,2544,0,0,0
107.5861,38962,389851543,2467,0,0,0
107.5964,38963,389861543,2544,0,0,0
107.6065,38964,389871543,2467,0,0,0
107.6125,38965,389881543,2544,0,0,0
107.6219,38966,389891543,2467,0,0,0
107.6315,38967,389901543,2548,0,0,0
107.6414,38968,389911543,2462,0,0,0
107.6516,38969,389921543,2544,0,0,0
107.6617,38970,389931543,2471,0,0,0
107.6723,38971,389941543,2544,0,0,0
107.6843,38972,389951543,2450,0,0,0
107.6973,38973,389961543,2543,0,0,0
107.7068,38974,389971543,2450,0,0,0
107.7205,38975,389981543,2542,0,0,0
107.7272,38976,389991543,2457,0,0,0
107.7387,38977,390001543,2535,0,0,0
107.7425,38978,390011543,2460,0,0,0
107.7537,38979,390021543,2544,0,0,0
107.7627,38980,390031543,2467,0,0,0
107.7771,38981,390041543,2546,0,0,0
107.7831,38982,390051542,2466,0,0,0
107.7918,38983,390061543,2544,0,0,0
107.8017,38984,390071543,2469,0,0,0
107.8115,38985,390081543,2548,0,0,0
107.8216,38986,390091542,2481,0,0,0
107.8318,38987,390101543,2543,0,0,0
107.8419,38988,390111542,2480,0,0,0
107.8562,38989,390121543,2554,0,0,0
107.8659,38990,390131543,2479,0,0,0
107.8723,38991,390141543,2588,0,0,0
107.8875,38992,390151542,2477,0,0,0
107.8957,38993,390161543,2587,0,0,0
107.9025,38994,390171543,2474,0,0,0
107.9144,38995,390181543,2621,0,0,0
107.9228,38996,390191542,2469,0,0,0
107.9339,38997,390201543,2623,0,0,0
107.9418,38998,390211543,2478,0,0,0
107.9515,38999,390221543,2597,0,0,0
107.9615,39000,390231543,2481,0,0,0
107.9716,39001,390241543,2611,0,0,0
107.9815,39002,390251543,2480,0,0,0
107.9913,39003,390261543,2637,0,0,0
108.0015,39004,390271543,2487,0,0,0
108.0117,39005,390281543,2625,0,0,0
108.0238,39006,390291542,2531,0,0,0
108.0333,39007,390301543,2636,0,0,0
108.0442,39008,390311543,2592,0,0,0
108.0516,39009,390321543,2625,0,0,0
108.0633,39010,390331543,2594,0,0,0
108.0736,39011,390341543,2621,0,0,0
108.0849,39012,390351543,2590,0,0,0
108.0913,39013,390361543,2619,0,0,0
108.1015,39014,390371543,2592,0,0,0
108.1116,39015,390381543,2624,0,0,0
108.1218,39016,390391543,2593,0,0,0
108.1316,39017,390401543,2624,0,0,0
108.1417,39018,390411543,2594,0,0,0
108.1520,39019,390421543,2623,0,0,0
108.1631,39020,390431543,2601,0,0,0
108.1762,39021,390441543,2613,0,0,0
108.1866,39022,390451542,2595,0,0,0
108.1950,39023,390461543,2614,0,0,0
108.2067,39024,390471543,2596,0,0,0
108.2169,39025,390481543,2621,0,0,0
108.2243,39026,390491543,2600,0,0,0
108.2342,39027,390501543,2611,0,0,0
108.2455,39028,390511542,2594,0,0,0
108.2565,39029,390521543,2605,0,0,0
108.2615,39030,390531543,2598,0,0,0
108.2715,39031,390541543,2603,0,0,0
108.2815,39032,390551542,2606,0,0,0
108.2917,39033,390561543,2589,0,0,0
108.3015,39034,390571543,2610,0,0,0
108.3116,39035,390581543,2601,0,0,0
108.3220,39036,390591543,2603,0,0,0
108.3349,39037,390601543,2597,0,0,0
108.3431,39038,390611543,2609,0,0,0
108.3578,39039,390621543,2581,0,0,0
108.3659,39040,390631543,2612,0,0,0
108.3739,39041,390641543,2587,0,0,0
108.3856,39042,390651543,2615,0,0,0
108.3932,39043,390661543,2559,0,0,0
108.4066,39044,390671543,2620,0,0,0
108.4118,39045,390681543,2559,0,0,0
108.4217,39046,390691542,2638,0,0,0
108.4317,39047,390701543,2559,0,0,0
108.4418,39048,390711542,2640,0,0,0
108.4516,39049,390721543,2559,0,0,0
108.4615,39050,390731543,2641,0,0,0
108.4745,39051,390741543,2559,0,0,0
108.4817,39052,390751543,2650,0,0,0
108.4959,39053,390761543,2559,0,0,0
108.5031,39054,390771543,2651,0,0,0
108.5118,39055,390781542,2559,0,0,0
108.5251,39056,390791543,2645,0,0,0
108.5399,39057,390801543,2547,0,0,0
108.5457,39058,390811543,2642,0,0,0
108.5517,39059,390821543,2551,0,0,0
108.5619,39060,390831543,2611,0,0,0
108.5723,39061,390841543,2485,0,0,0
108.5817,39062,390851543,2619,0,0,0
108.5916,39063,390861543,2485,0,0,0
108.6016,39064,390871543,2608,0,0,0
108.6120,39065,390881542,2496,0,0,0
108.6217,39066,390891542,2611,0,0,0
108.6354,39067,390901543,2487,0,0,0
108.6422,39068,390911542,2622,0,0,0
108.6564,39069,390921543,2480,0,0,0
108.6635,39070,390931543,2637,0,0,0
108.6777,39071,390941543,2492,0,0,0
108.6858,39072,390951543,2559,0,0,0
108.6963,39073,390961543,2426,0,0,0
108.7073,39074,390971543,2559,0,0,0
108.7144,39075,390981543,2419,0,0,0
108.7302,39076,390991543,2588,0,0,0
108.7337,39077,391001542,2416,0,0,0
108.7431,39078,391011543,2607,0,0,0
108.7519,39079,391021543,2416,0,0,0
108.7616,39080,391031543,2611,0,0,0
108.7718,39081,391041543,2415,0,0,0
108.7815,39082,391051543,2617,0,0,0
108.7915,39083,391061543,2411,0,0,0
108.8016,39084,391071543,2629,0,0,0
108.8122,39085,391081543,2404,0,0,0
108.8226,39086,391091543,2630,0,0,0
108.8315,39087,391101543,2409,0,0,0
108.8433,39088,391111543,2634,0,0,0
108.8536,39089,391121543,2399,0,0,0
108.8615,39090,391131543,2682,0,0,0
108.8770,39091,391141543,2439,0,0,0
108.8817,39092,391151543,2703,0,0,0
108.8998,39093,391161543,2431,0,0,0
108.9068,39094,391171543,2703,0,0,0
108.9125,39095,391181543,2435,0,0,0
108.9215,39096,391191543,2705,0,0,0
108.9315,39097,391201542,2438,0,0,0
108.9417,39098,391211542,2711,0,0,0
108.9522,39099,391221543,2441,0,0,0
108.9619,39100,391231543,2705,0,0,0
108.9721,39101,391241543,2406,0,0,0
108.9853,39102,391251543,2640,0,0,0
108.9936,39103,391261543,2426,0,0,0
109.0021,39104,391271543,2655,0,0,0
109.0189,39105,391281543,2419,0,0,0
109.0277,39106,391291543,2655,0,0,0
109.0364,39107,391301543,2431,0,0,0
109.0488,39108,391311543,2673,0,0,0
109.0565,39109,391321543,2447,0,0,0
109.0697,39110,391331543,2659,0,0,0
109.0726,39111,391341543,2397,0,0,0
109.0880,39112,391351543,2658,0,0,0
109.0925,39113,391361543,2393,0,0,0
109.1036,39114,391371543,2665,0,0,0
109.1116,39115,391381543,2390,0,0,0
109.1219,39116,391391542,2688,0,0,0
109.1316,39117,391401543,2425,0,0,0
109.1416,39118,391411543,2736,0,0,0
109.1518,39119,391421542,2416,0,0,0
109.1619,39120,391431542,2743,0,0,0
109.1735,39121,391441543,2422,0,0,0
109.1817,39122,391451543,2732,0,0,0
109.1946,39123,391461543,2375,0,0,0
109.2090,39124,391471543,2675,0,0,0
109.2190,39125,391481543,2384,0,0,0
109.2283,39126,391491543,2722,0,0,0
109.2387,39127,391501543,2431,0,0,0
109.2472,39128,391511542,2727,0,0,0
109.2563,39129,391521543,2406,0,0,0
109.2631,39130,391531543,2688,0,0,0
109.2767,39131,391541543,2373,0,0,0
109.2814,39132,391551542,2686,0,0,0
109.2915,39133,391561543,2376,0,0,0
109.3014,39134,391571543,2675,0,0,0
109.3117,39135,391581543,2378,0,0,0
109.3225,39136,391591543,2682,0,0,0
109.3315,39137,391601543,2383,0,0,0
109.3427,39138,391611543,2692,0,0,0
109.3563,39139,391621543,2378,0,0,0
109.3689,39140,391631543,2691,0,0,0
109.3717,39141,391641543,2380,0,0,0
109.3867,39142,391651543,2704,0,0,0
109.3940,39143,391661543,2368,0,0,0
109.4119,39144,391671543,2697,0,0,0
109.4125,39145,391681543,2375,0,0,0
109.4228,39146,391691543,2706,0,0,0
109.4317,39147,391701543,2378,0,0,0
109.4415,39148,391711543,2707,0,0,0
109.4514,39149,391721543,2369,0,0,0
109.4614,39150,391731542,2704,0,0,0
109.4720,39151,391741543,2358,0,0,0
109.4816,39152,391751543,2715,0,0,0
109.4917,39153,391761543,2366,0,0,0
109.5023,39154,391771543,2722,0,0,0
109.5148,39155,391781542,2368,0,0,0
109.5273,39156,391791543,2711,0,0,0
109.5357,39157,391801543,2358,0,0,0
109.5460,39158,391811543,2721,0,0,0
109.5539,39159,391821542,2355,0,0,0
109.5622,39160,391831542,2733,0,0,0
109.5724,39161,391841543,2362,0,0,0
109.5854,39162,391851543,2727,0,0,0
109.5915,39163,391861543,2349,0,0,0
109.6015,39164,391871542,2730,0,0,0
109.6115,39165,391881542,2352,0,0,0
109.6214,39166,391891542,2732,0,0,0
109.6315,39167,391901543,2353,0,0,0
109.6415,39168,391911543,2728,0,0,0
109.6516,39169,391921543,2354,0,0,0
109.6673,39170,391931542,2714,0,0,0
109.6728,39171,391941542,2355,0,0,0
109.6819,39172,391951542,2733,0,0,0
109.6961,39173,391961543,2363,0,0,0
109.7022,39174,391971543,2721,0,0,0
109.7149,39175,391981543,2355,0,0,0
109.7287,39176,391991543,2720,0,0,0
109.7381,39177,392001543,2358,0,0,0
109.7443,39178,392011543,2725,0,0,0
109.7572,39179,392021543,2354,0,0,0
109.7624,39180,392031543,2731,0,0,0
109.7715,39181,392041543,2346,0,0,0
109.7819,39182,392051543,2720,0,0,0
109.7918,39183,392061542,2350,0,0,0
109.8021,39184,392071543,2730,0,0,0
109.8118,39185,392081543,2345,0,0,0
109.8223,39186,392091543,2726,0,0,0
109.8403,39187,392101543,2351,0,0,0
109.8423,39188,392111543,2726,0,0,0
109.8589,39189,392121543,2351,0,0,0
109.8685,39190,392131543,2736,0,0,0
109.8726,39191,392141543,2353,0,0,0
109.8862,39192,392151543,2747,0,0,0
109.8952,39193,392161543,2359,0,0,0
109.9036,39194,392171543,2742,0,0,0
109.9165,39195,392181543,2365,0,0,0
109.9279,39196,392191543,2756,0,0,0
109.9369,39197,392201543,2367,0,0,0
109.9429,39198,392211542,2763,0,0,0
109.9513,39199,392221543,2362,0,0,0
109.9620,39200,392231542,2767,0,0,0
109.9718,39201,392241543,2381,0,0,0
109.9816,39202,392251543,2775,0,0,0
109.9919,39203,392261543,2387,0,0,0
110.0022,39204,392271543,2778,0,0,0
110.0165,39205,392281543,2399,0,0,0
110.0226,39206,392291543,2779,0,0,0
110.0329,39207,392301543,2395,0,0,0
110.0456,39208,392311543,2781,0,0,0
110.0538,39209,392321542,2397,0,0,0
110.0649,39210,392331543,2783,0,0,0
110.0736,39211,392341543,2403,0,0,0
110.0829,39212,392351543,2785,0,0,0
110.0935,39213,392361543,2416,0,0,0
110.1014,39214,392371543,2819,0,0,0
110.1116,39215,392381543,2429,0,0,0
110.1222,39216,392391543,2805,0,0,0
110.1316,39217,392401543,2409,0,0,0
110.1416,39218,392411543,2795,0,0,0
110.1518,39219,392421542,2400,0,0,0
110.1619,39220,392431542,2778,0,0,0
110.1720,39221,392441543,2409,0,0,0
110.1865,39222,392451543,2789,0,0,0
110.1973,39223,392461543,2400,0,0,0
110.2088,39224,392471542,2791,0,0,0
110.2153,39225,392481543,2406,0,0,0
110.2264,39226,392491543,2783,0,0,0
110.2337,39227,392501543,2415,0,0,0
110.2452,39228,392511543,2791,0,0,0
110.2555,39229,392521543,2407,0,0,0
110.2615,39230,392531543,2786,0,0,0
110.2715,39231,392541543,2387,0,0,0
110.2818,39232,392551543,2781,0,0,0
110.2916,39233,392561543,2416,0,0,0
110.3019,39234,392571542,2784,0,0,0
110.3118,39235,392581543,2415,0,0,0
110.3310,39236,392591543,2785,0,0,0
110.3317,39237,392601543,2412,0,0,0
110.3451,39238,392611543,2775,0,0,0
110.3528,39239,392621543,2411,0,0,0
110.3647,39240,392631542,2770,0,0,0
110.3747,39241,392641543,2402,0,0,0
110.3817,39242,392651543,2768,0,0,0
110.3927,39243,392661543,2405,0,0,0
110.4027,39244,392671543,2755,0,0,0
110.4149,39245,392681542,2397,0,0,0
110.4218,39246,392691543,2738,0,0,0
110.4316,39247,392701543,2394,0,0,0
110.4415,39248,392711542,2736,0,0,0
110.4522,39249,392721543,2401,0,0,0
110.4624,39250,392731542,2736,0,0,0
110.4726,39251,392741543,2399,0,0,0
110.4830,39252,392751543,2721,0,0,0
110.4960,39253,392761543,2412,0,0,0
110.5075,39254,392771542,2711,0,0,0
110.5176,39255,392781543,2386,0,0,0
110.5255,39256,392791543,2704,0,0,0
110.5321,39257,392801543,2391,0,0,0
110.5416,39258,392811543,2699,0,0,0
110.5532,39259,392821543,2399,0,0,0
110.5631,39260,392831543,2698,0,0,0
110.5734,39261,392841543,2391,0,0,0
110.5816,39262,392851543,2691,0,0,0
110.5917,39263,392861543,2399,0,0,0
110.6017,39264,392871543,2693,0,0,0
110.6118,39265,392881543,2398,0,0,0
110.6223,39266,392891543,2688,0,0,0
110.6325,39267,392901543,2399,0,0,0
110.6504,39268,392911543,2674,0,0,0
110.6520,39269,392921543,2399,0,0,0
110.6630,39270,392931543,2679,0,0,0
110.6741,39271,392941543,2399,0,0,0
110.6848,39272,392951543,2686,0,0,0
110.6948,39273,392961543,2401,0,0,0
110.7054,39274,392971543,2679,0,0,0
110.7120,39275,392981543,2416,0,0,0
110.7233,39276,392991542,2672,0,0,0
110.7316,39277,393001543,2420,0,0,0
110.7416,39278,393011543,2677,0,0,0
110.7524,39279,393021543,2438,0,0,0
110.7616,39280,393031543,2699,0,0,0
110.7722,39281,393041543,2445,0,0,0
110.7825,39282,393051543,2653,0,0,0
110.7921,39283,393061543,2443,0,0,0
110.8068,39284,393071543,2670,0,0,0
110.8132,39285,393081542,2435,0,0,0
110.8260,39286,393091543,2654,0,0,0
110.8369,39287,393101543,2443,0,0,0
110.8457,39288,393111543,2661,0,0,0
110.8521,39289,393121543,2448,0,0,0
110.8657,39290,393131542,2654,0,0,0
110.8750,39291,393141543,2450,0,0,0
110.8868,39292,393151542,2651,0,0,0
110.8916,39293,393161543,2443,0,0,0
110.9016,39294,393171542,2663,0,0,0
110.9115,39295,393181543,2449,0,0,0
110.9221,39296,393191543,2666,0,0,0
110.9324,39297,393201543,2460,0,0,0
110.9420,39298,393211543,2666,0,0,0
110.9521,39299,393221543,2462,0,0,0
110.9623,39300,393231543,2659,0,0,0
110.9769,39301,393241543,2462,0,0,0
110.9819,39302,393251543,2661,0,0,0
110.9999,39303,393261543,2461,0,0,0
111.0020,39304,393271543,2653,0,0,0
111.0156,39305,393281543,2455,0,0,0
111.0241,39306,393291543,2647,0,0,0
111.0354,39307,393301543,2464,0,0,0
111.0434,39308,393311543,2641,0,0,0
111.0533,39309,393321543,2459,0,0,0
111.0643,39310,393331542,2643,0,0,0
111.0716,39311,393341543,2479,0,0,0
111.0821,39312,393351543,2624,0,0,0
111.0923,39313,393361543,2471,0,0,0
111.1022,39314,393371543,2614,0,0,0
111.1118,39315,393381543,2482,0,0,0
111.1222,39316,393391543,2615,0,0,0
111.1345,39317,393401543,2496,0,0,0
111.1464,39318,393411543,2621,0,0,0
111.1561,39319,393421543,2494,0,0,0
111.1650,39320,393431543,2609,0,0,0
111.1716,39321,393441543,2494,0,0,0
111.1849,39322,393451543,2621,0,0,0
111.1917,39323,393461543,2490,0,0,0
111.2045,39324,393471543,2610,0,0,0
111.2156,39325,393481543,2495,0,0,0
111.2214,39326,393491543,2611,0,0,0
111.2317,39327,393501543,2498,0,0,0
111.2418,39328,393511542,2607,0,0,0
111.2522,39329,393521543,2497,0,0,0
111.2623,39330,393531543,2608,0,0,0
111.2716,39331,393541543,2499,0,0,0
111.2820,39332,393551543,2606,0,0,0
111.2944,39333,393561543,2499,0,0,0
111.3070,39334,393571542,2614,0,0,0
111.3162,39335,393581543,2499,0,0,0
111.3272,39336,393591542,2607,0,0,0
111.3338,39337,393601543,2506,0,0,0
111.3432,39338,393611543,2598,0,0,0
111.3570,39339,393621543,2511,0,0,0
111.3621,39340,393631542,2592,0,0,0
111.3715,39341,393641543,2506,0,0,0
111.3849,39342,393651543,2599,0,0,0
111.3914,39343,393661543,2510,0,0,0
111.4018,39344,393671543,2605,0,0,0
111.4117,39345,393681543,2510,0,0,0
111.4219,39346,393691543,2610,0,0,0
111.4317,39347,393701543,2544,0,0,0
111.4418,39348,393711543,2614,0,0,0
111.4556,39349,393721543,2512,0,0,0
111.4618,39350,393731543,2607,0,0,0
111.4750,39351,393741543,2518,0,0,0
111.4860,39352,393751543,2603,0,0,0
111.4916,39353,393761543,2516,0,0,0
111.5046,39354,393771543,2599,0,0,0
111.5116,39355,393781543,2513,0,0,0
111.5244,39356,393791543,2607,0,0,0
111.5316,39357,393801543,2513,0,0,0
111.5416,39358,393811542,2595,0,0,0
111.5517,39359,393821543,2512,0,0,0
111.5615,39360,393831542,2602,0,0,0
111.5717,39361,393841543,2517,0,0,0
111.5817,39362,393851543,2582,0,0,0
111.5914,39363,393861543,2517,0,0,0
111.6014,39364,393871543,2602,0,0,0
111.6118,39365,393881543,2512,0,0,0
111.6225,39366,393891543,2602,0,0,0
111.6352,39367,393901543,2523,0,0,0
111.6424,39368,393911543,2599,0,0,0
111.6558,39369,393921542,2518,0,0,0
111.6622,39370,393931542,2593,0,0,0
111.6718,39371,393941543,2524,0,0,0
111.6859,39372,393951543,2592,0,0,0
111.6914,39373,393961543,2525,0,0,0
111.7015,39374,393971542,2589,0,0,0
111.7119,39375,393981543,2532,0,0,0
111.7222,39376,393991543,2597,0,0,0
111.7321,39377,394001543,2541,0,0,0
111.7421,39378,394011543,2559,0,0,0
111.7520,39379,394021543,2529,0,0,0
111.7652,39380,394031543,2579,0,0,0
111.7778,39381,394041543,2526,0,0,0
111.7882,39382,394051543,2581,0,0,0
111.7964,39383,394061543,2513,0,0,0
111.8044,39384,394071543,2559,0,0,0
111.8144,39385,394081543,2531,0,0,0
111.8217,39386,394091543,2586,0,0,0
111.8321,39387,394101543,2532,0,0,0
111.8416,39388,394111542,2583,0,0,0
111.8514,39389,394121543,2535,0,0,0
111.8620,39390,394131543,2559,0,0,0
111.8715,39391,394141543,2529,0,0,0
111.8819,39392,394151543,2559,0,0,0
111.8923,39393,394161542,2530,0,0,0
111.9020,39394,394171543,2559,0,0,0
111.9163,39395,394181543,2529,0,0,0
111.9221,39396,394191543,2559,0,0,0
111.9330,39397,394201543,2543,0,0,0
111.9445,39398,394211543,2559,0,0,0
111.9570,39399,394221543,2544,0,0,0
111.9657,39400,394231543,2559,0,0,0
111.9722,39401,394241543,2538,0,0,0
111.9853,39402,394251543,2581,0,0,0
111.9929,39403,394261543,2546,0,0,0
112.0015,39404,394271543,2559,0,0,0
112.0120,39405,394281543,2544,0,0,0
112.0221,39406,394291542,2559,0,0,0
112.0325,39407,394301543,2549,0,0,0
112.0421,39408,394311543,2559,0,0,0
112.0521,39409,394321543,2546,0,0,0
112.0624,39410,394331543,2557,0,0,0
112.0821,39411,394341543,2545,0,0,0
112.0831,39412,394351543,2557,0,0,0
112.0959,39413,394361542,2559,0,0,0
112.1071,39414,394371543,2587,0,0,0
112.1150,39415,394381543,2559,0,0,0
112.1232,39416,394391543,2547,0,0,0
112.1375,39417,394401543,2559,0,0,0
112.1465,39418,394411543,2549,0,0,0
112.1523,39419,394421543,2559,0,0,0
112.1616,39420,394431543,2529,0,0,0
112.1721,39421,394441543,2559,0,0,0
112.1822,39422,394451543,2543,0,0,0
112.1922,39423,394461543,2559,0,0,0
112.2020,39424,394471543,2531,0,0,0
112.2121,39425,394481543,2586,0,0,0
112.2223,39426,394491542,2531,0,0,0
112.2324,39427,394501543,2591,0,0,0
112.2453,39428,394511543,2529,0,0,0
112.2545,39429,394521543,2600,0,0,0
112.2661,39430,394531543,2515,0,0,0
112.2766,39431,394541543,2599,0,0,0
112.2823,39432,394551543,2518,0,0,0
112.2951,39433,394561543,2602,0,0,0
112.3028,39434,394571543,2518,0,0,0
112.3158,39435,394581543,2599,0,0,0
112.3215,39436,394591543,2513,0,0,0
112.3315,39437,394601543,2608,0,0,0
112.3415,39438,394611543,2512,0,0,0
112.3519,39439,394621543,2611,0,0,0
112.3624,39440,394631542,2519,0,0,0
112.3715,39441,394641543,2621,0,0,0
112.3814,39442,394651543,2517,0,0,0
112.3935,39443,394661543,2614,0,0,0
112.4063,39444,394671543,2515,0,0,0
112.4148,39445,394681543,2611,0,0,0
112.4277,39446,394691543,2512,0,0,0
112.4356,39447,394701543,2611,0,0,0
112.4461,39448,394711543,2512,0,0,0
112.4557,39449,394721543,2608,0,0,0
112.4622,39450,394731543,2501,0,0,0
112.4770,39451,394741543,2623,0,0,0
112.4858,39452,394751542,2497,0,0,0
112.4929,39453,394761543,2639,0,0,0
112.5015,39454,394771543,2491,0,0,0
112.5116,39455,394781543,2643,0,0,0
112.5224,39456,394791543,2487,0,0,0
112.5323,39457,394801543,2655,0,0,0
112.5418,39458,394811543,2478,0,0,0
112.5520,39459,394821543,2669,0,0,0
112.5619,39460,394831543,2478,0,0,0
112.5740,39461,394841542,2672,0,0,0
112.5945,39462,394851543,2478,0,0,0
112.5967,39463,394861543,2679,0,0,0
112.6034,39464,394871543,2475,0,0,0
112.6196,39465,394881543,2678,0,0,0
112.6270,39466,394891543,2467,0,0,0
112.6407,39467,394901543,2691,0,0,0
112.6431,39468,394911543,2479,0,0,0
112.6536,39469,394921542,2687,0,0,0
112.6649,39470,394931543,2465,0,0,0
112.6750,39471,394941543,2687,0,0,0
112.6859,39472,394951543,2453,0,0,0
112.6932,39473,394961543,2693,0,0,0
112.7063,39474,394971543,2461,0,0,0
112.7114,39475,394981543,2695,0,0,0
112.7214,39476,394991543,2455,0,0,0
112.7316,39477,395001543,2694,0,0,0
112.7415,39478,395011542,2459,0,0,0
112.7517,39479,395021543,2705,0,0,0
112.7616,39480,395031542,2485,0,0,0
112.7722,39481,395041543,2691,0,0,0
112.7853,39482,395051543,2449,0,0,0
112.7952,39483,395061543,2703,0,0,0
112.8049,39484,395071543,2458,0,0,0
112.8150,39485,395081543,2698,0,0,0
112.8221,39486,395091543,2462,0,0,0
112.8347,39487,395101543,2704,0,0,0
112.8421,39488,395111542,2455,0,0,0
112.8515,39489,395121543,2702,0,0,0
112.8614,39490,395131543,2453,0,0,0
112.8715,39491,395141543,2704,0,0,0
112.8816,39492,395151542,2454,0,0,0
112.8917,39493,395161543,2709,0,0,0
112.9017,39494,395171543,2459,0,0,0
112.9126,39495,395181543,2719,0,0,0
112.9228,39496,395191542,2459,0,0,0
112.9318,39497,395201543,2713,0,0,0
112.9443,39498,395211543,2454,0,0,0
112.9598,39499,395221543,2720,0,0,0
112.9633,39500,395231542,2455,0,0,0
112.9746,39501,395241543,2720,0,0,0
112.9828,39502,395251543,2448,0,0,0
112.9962,39503,395261543,2721,0,0,0
113.0014,39504,395271543,2447,0,0,0
113.0116,39505,395281542,2709,0,0,0
113.0217,39506,395291543,2445,0,0,0
113.0319,39507,395301542,2719,0,0,0
113.0420,39508,395311542,2427,0,0,0
113.0518,39509,395321543,2714,0,0,0
113.0657,39510,395331543,2427,0,0,0
113.0720,39511,395341543,2718,0,0,0
113.0858,39512,395351543,2415,0,0,0
113.0981,39513,395361543,2714,0,0,0
113.1019,39514,395371542,2397,0,0,0
113.1159,39515,395381543,2683,0,0,0
113.1240,39516,395391543,2394,0,0,0
113.1335,39517,395401542,2693,0,0,0
113.1425,39518,395411542,2466,0,1,1
113.1522,39519,395421543,2688,0,0,0
113.1649,39520,395431543,2828,1,1,1
113.1715,39521,395441543,2788,0,0,0
113.1816,39522,395451543,2826,1,1,1
113.1923,39523,395461543,2643,0,0,0
113.2018,39524,395471542,2833,1,1,1
113.2125,39525,395481543,2651,0,0,0
113.2224,39526,395491543,2832,1,1,1
113.2384,39527,395501543,2614,0,0,0
113.2419,39528,395511543,2818,1,1,1
113.2533,39529,395521543,2736,0,0,0
113.2619,39530,395531543,2841,1,1,1
113.2745,39531,395541543,2831,0,0,0
113.2838,39532,395551543,2832,1,1,1
113.2930,39533,395561543,2815,0,0,0
113.3065,39534,395571542,2836,1,1,1
113.3123,39535,395581543,2832,0,0,0
113.3215,39536,395591543,2870,1,1,1
113.3319,39537,395601543,2831,0,0,0
113.3419,39538,395611543,2843,1,1,1
113.3517,39539,395621543,2831,0,0,0
113.3623,39540,395631543,2823,1,1,1
113.3721,39541,395641543,2843,0,0,0
113.3822,39542,395651543,2825,1,1,1
113.3993,39543,395661543,2841,0,0,0
113.4025,39544,395671543,2822,1,1,1
113.4122,39545,395681543,2845,0,0,0
113.4250,39546,395691543,2817,1,1,1
113.4357,39547,395701543,2853,0,0,0
113.4459,39548,395711543,2805,1,1,1
113.4542,39549,395721543,2847,0,0,0
113.4617,39550,395731543,2811,1,1,1
113.4765,39551,395741542,2849,0,0,0
113.4846,39552,395751543,2463,0,0,0
113.4914,39553,395761542,2834,0,0,0
113.5018,39554,395771543,2455,0,0,0
113.5116,39555,395781543,2817,0,0,0
113.5224,39556,395791543,2373,0,0,0
113.5326,39557,395801543,2761,0,0,0
113.5424,39558,395811543,2388,0,0,0
113.5518,39559,395821543,2751,0,0,0
113.5645,39560,395831543,2394,0,0,0
113.5723,39561,395841543,2765,0,0,0
113.5875,39562,395851542,2379,0,0,0
113.5960,39563,395861543,2765,0,0,0
113.6038,39564,395871543,2384,0,0,0
113.6167,39565,395881543,2766,0,0,0
113.6243,39566,395891543,2384,0,0,0
113.6340,39567,395901542,2778,0,0,0
113.6450,39568,395911543,2432,0,0,0
113.6515,39569,395921543,2818,0,0,0
113.6616,39570,395931543,2448,0,0,0
113.6718,39571,395941543,2815,0,0,0
113.6818,39572,395951543,2445,0,0,0
113.6916,39573,395961543,2818,0,0,0
113.7016,39574,395971543,2447,0,0,0
113.7141,39575,395981543,2811,0,0,0
113.7263,39576,395991543,2437,0,0,0
113.7336,39577,396001543,2806,0,0,0
113.7453,39578,396011543,2435,0,0,0
113.7555,39579,396021543,2815,0,0,0
113.7626,39580,396031543,2427,0,0,0
113.7754,39581,396041543,2815,0,0,0
113.7847,39582,396051543,2434,0,0,0
113.7935,39583,396061543,2819,0,0,0
113.8014,39584,396071542,2430,0,0,0
113.8115,39585,396081543,2816,0,0,0
113.8217,39586,396091543,2435,0,0,0
113.8319,39587,396101543,2807,0,0,0
113.8419,39588,396111543,2432,0,0,0
113.8521,39589,396121543,2801,0,0,0
113.8620,39590,396131542,2429,0,0,0
113.8785,39591,396141543,2800,0,0,0
113.8825,39592,396151543,2425,0,0,0
113.8917,39593,396161543,2800,0,0,0
113.9018,39594,396171543,2426,0,0,0
113.9133,39595,396181543,2797,0,0,0
113.9222,39596,396191543,2416,0,0,0
113.9373,39597,396201543,2800,0,0,0
113.9429,39598,396211543,2418,0,0,0
113.9528,39599,396221543,2805,0,0,0
113.9616,39600,396231542,2416,0,0,0
113.9715,39601,396241543,2796,0,0,0
113.9816,39602,396251543,2416,0,0,0
113.9915,39603,396261543,2803,0,0,0
114.0026,39604,396271542,2405,0,0,0
114.0118,39605,396281543,2793,0,0,0
114.0260,39606,396291543,2407,0,0,0
114.0320,39607,396301543,2798,0,0,0
114.0475,39608,396311543,2407,0,0,0
114.0588,39609,396321542,2793,0,0,0
114.0679,39610,396331542,2413,0,0,0
114.0722,39611,396341543,2800,0,0,0
114.0843,39612,396351542,2410,0,0,0
114.0924,39613,396361543,2787,0,0,0
114.1048,39614,396371543,2415,0,0,0
114.1122,39615,396381543,2787,0,0,0
114.1223,39616,396391543,2416,0,0,0
114.1315,39617,396401543,2789,0,0,0
114.1417,39618,396411542,2416,0,0,0
114.1526,39619,396421543,2793,0,0,0
114.1626,39620,396431542,2413,0,0,0
114.1723,39621,396441543,2793,0,0,0
114.1827,39622,396451543,2414,0,0,0
114.1929,39623,396461543,2786,0,0,0
114.2086,39624,396471543,2416,0,0,0
114.2202,39625,396481542,2784,0,0,0
114.2218,39626,396491543,2405,0,0,0
114.2356,39627,396501543,2779,0,0,0
114.2428,39628,396511543,2411,0,0,0
114.2566,39629,396521543,2753,0,0,0
114.2616,39630,396531542,2405,0,0,0
114.2726,39631,396541543,2752,0,0,0
114.2827,39632,396551543,2416,0,0,0
114.2914,39633,396561543,2733,0,0,0
114.3016,39634,396571543,2380,0,0,0
114.3125,39635,396581543,2701,0,0,0
114.3220,39636,396591543,2365,0,0,0
114.3320,39637,396601543,2663,0,0,0
114.3420,39638,396611543,2352,0,0,0
114.3614,39639,396621543,2647,0,0,0
114.3623,39640,396631542,2329,0,0,0
114.3719,39641,396641543,2638,0,0,0
114.3817,39642,396651543,2325,0,0,0
114.3947,39643,396661543,2626,0,0,0
114.4069,39644,396671543,2324,0,0,0
114.4163,39645,396681543,2622,0,0,0
114.4229,39646,396691543,2320,0,0,0
114.4360,39647,396701543,2615,0,0,0
114.4441,39648,396711543,2319,0,0,0
114.4515,39649,396721543,2608,0,0,0
114.4621,39650,396731543,2325,0,0,0
114.4714,39651,396741543,2609,0,0,0
114.4822,39652,396751543,2349,0,0,0
114.4918,39653,396761543,2621,0,0,0
114.5020,39654,396771543,2363,0,0,0
114.5122,39655,396781543,2625,0,0,0
114.5297,39656,396791543,2384,0,0,0
114.5318,39657,396801542,2620,0,0,0
114.5426,39658,396811543,2407,0,0,0
114.5546,39659,396821543,2649,0,0,0
114.5664,39660,396831543,2387,0,0,0
114.5716,39661,396841543,2611,0,0,0
114.5857,39662,396851543,2398,0,0,0
114.5957,39663,396861542,2627,0,0,0
114.6040,39664,396871542,2415,0,0,0
114.6160,39665,396881543,2626,0,0,0
114.6250,39666,396891543,2414,0,0,0
114.6319,39667,396901543,2627,0,0,0
114.6414,39668,396911543,2416,0,0,0
114.6514,39669,396921543,2626,0,0,0
114.6614,39670,396931543,2423,0,0,0
114.6718,39671,396941543,2618,0,0,0
114.6819,39672,396951543,2425,0,0,0
114.6970,39673,396961543,2608,0,0,0
114.7021,39674,396971543,2422,0,0,0
114.7116,39675,396981543,2610,0,0,0
114.7246,39676,396991543,2420,0,0,0
114.7333,39677,397001543,2623,0,0,0
114.7485,39678,397011543,2417,0,0,0
114.7535,39679,397021543,2614,0,0,0
114.7665,39680,397031543,2420,0,0,0
114.7742,39681,397041543,2617,0,0,0
114.7843,39682,397051543,2427,0,0,0
114.7916,39683,397061543,2624,0,0,0
114.8015,39684,397071543,2422,0,0,0
114.8115,39685,397081543,2619,0,0,0
114.8218,39686,397091543,2421,0,0,0
114.8318,39687,397101543,2617,0,0,0
114.8418,39688,397111543,2420,0,0,0
114.8519,39689,397121543,2609,0,0,0
114.8647,39690,397131543,2425,0,0,0
114.8737,39691,397141543,2613,0,0,0
114.8834,39692,397151543,2423,0,0,0
114.8946,39693,397161543,2605,0,0,0
114.9054,39694,397171543,2433,0,0,0
114.9140,39695,397181543,2591,0,0,0
114.9232,39696,397191542,2438,0,0,0
114.9349,39697,397201543,2597,0,0,0
114.9442,39698,397211543,2447,0,0,0
114.9515,39699,397221542,2559,0,0,0
114.9620,39700,397231543,2447,0,0,0
114.9717,39701,397241543,2559,0,0,0
114.9822,39702,397251543,2435,0,0,0
114.9917,39703,397261543,2559,0,0,0
115.0019,39704,397271543,2439,0,0,0
115.0164,39705,397281543,2559,0,0,0
115.0230,39706,397291543,2448,0,0,0
115.0333,39707,397301543,2559,0,0,0
115.0460,39708,397311543,2449,0,0,0
115.0561,39709,397321543,2559,0,0,0
115.0629,39710,397331542,2448,0,0,0
115.0758,39711,397341543,2559,0,0,0
115.0846,39712,397351543,2455,0,0,0
115.0919,39713,397361543,2557,0,0,0
115.1016,39714,397371543,2451,0,0,0
115.1116,39715,397381543,2559,0,0,0
115.1217,39716,397391543,2451,0,0,0
115.1324,39717,397401543,2559,0,0,0
115.1423,39718,397411543,2453,0,0,0
115.1521,39719,397421543,2531,0,0,0
115.1651,39720,397431542,2445,0,0,0
115.1777,39721,397441543,2551,0,0,0
115.1894,39722,397451543,2459,0,0,0
115.1918,39723,397461543,2557,0,0,0
115.2037,39724,397471543,2453,0,0,0
115.2116,39725,397481543,2557,0,0,0
115.2242,39726,397491542,2467,0,0,0
115.2355,39727,397501543,2559,0,0,0
115.2459,39728,397511543,2474,0,0,0
115.2516,39729,397521543,2559,0,0,0
115.2615,39730,397531543,2477,0,0,0
115.2715,39731,397541543,2559,0,0,0
115.2819,39732,397551543,2481,0,0,0
115.2920,39733,397561543,2559,0,0,0
115.3018,39734,397571543,2491,0,0,0
115.3168,39735,397581543,2559,0,0,0
115.3228,39736,397591543,2481,0,0,0
115.3334,39737,397601543,2559,0,0,0
115.3465,39738,397611543,2477,0,0,0
115.3545,39739,397621543,2559,0,0,0
115.3826,39742,397651542,2480,0,0,0
115.3932,39743,397661543,2559,0,0,0
115.4014,39744,397671543,2479,0,0,0
115.4119,39745,397681543,2559,0,0,0
115.4214,39746,397691542,2495,0,0,0
115.4316,39747,397701543,2559,0,0,0
115.4415,39748,397711542,2494,0,0,0
115.4518,39749,397721543,2581,0,0,0
115.4615,39750,397731543,2506,0,0,0
115.4752,39751,397741543,2589,0,0,0
115.4819,39752,397751543,2499,0,0,0
115.4999,39753,397761543,2559,0,0,0
115.5057,39754,397771543,2505,0,0,0
115.5127,39755,397781543,2559,0,0,0
115.5256,39756,397791543,2513,0,0,0
115.5329,39757,397801543,2581,0,0,0
115.5426,39758,397811543,2507,0,0,0
115.5572,39759,397821543,2559,0,0,0
115.5617,39760,397831542,2512,0,0,0
115.5717,39761,397841543,2582,0,0,0
115.5815,39762,397851543,2516,0,0,0
115.5917,39763,397861543,2581,0,0,0
115.6017,39764,397871542,2523,0,0,0
115.6118,39765,397881543,2583,0,0,0
115.6270,39766,397891543,2527,0,0,0
115.6320,39767,397901543,2559,0,0,0
115.6418,39768,397911543,2528,0,0,0
115.6527,39769,397921543,2589,0,0,0
115.6645,39770,397931543,2539,0,0,0
115.6750,39771,397941543,2583,0,0,0
115.6816,39772,397951543,2532,0,0,0
115.6930,39773,397961543,2581,0,0,0
115.7024,39774,397971542,2531,0,0,0
115.7126,39775,397981543,2583,0,0,0
115.7215,39776,397991543,2538,0,0,0
115.7317,39777,398001543,2592,0,0,0
115.7416,39778,398011543,2559,0,0,0
115.7514,39779,398021543,2608,0,0,0
115.7617,39780,398031543,2529,0,0,0
115.7715,39781,398041543,2559,0,0,0
115.7817,39782,398051542,2544,0,0,0
115.7918,39783,398061542,2559,0,0,0
115.8067,39784,398071542,2547,0,0,0
115.8141,39785,398081543,2559,0,0,0
115.8226,39786,398091543,2544,0,0,0
115.8353,39787,398101543,2559,0,0,0
115.8440,39788,398111543,2544,0,0,0
115.8546,39789,398121542,2559,0,0,0
115.8623,39790,398131543,2547,0,0,0
115.8729,39791,398141543,2559,0,0,0
115.8859,39792,398151543,2538,0,0,0
115.8916,39793,398161543,2559,0,0,0
115.9016,39794,398171543,2541,0,0,0
115.9116,39795,398181543,2553,0,0,0
115.9213,39796,398191543,2541,0,0,0
115.9315,39797,398201543,2549,0,0,0
115.9415,39798,398211543,2539,0,0,0
115.9515,39799,398221542,2549,0,0,0
115.9624,39800,398231543,2544,0,0,0
115.9754,39801,398241542,2539,0,0,0
115.9824,39802,398251543,2527,0,0,0
115.9956,39803,398261543,2535,0,0,0
116.0015,39804,398271543,2543,0,0,0
116.0155,39805,398281543,2530,0,0,0
116.0222,39806,398291542,2544,0,0,0
116.0316,39807,398301543,2524,0,0,0
116.0417,39808,398311543,2555,0,0,0
116.0519,39809,398321543,2518,0,0,0
116.0622,39810,398331543,2554,0,0,0
116.0721,39811,398341543,2512,0,0,0
116.0840,39812,398351543,2559,0,0,0
116.0919,39813,398361543,2512,0,0,0
116.1018,39814,398371543,2559,0,0,0
116.1118,39815,398381543,2512,0,0,0
116.1249,39816,398391543,2595,0,0,0
116.1318,39817,398401543,2529,0,0,0
116.1435,39818,398411543,2606,0,0,0
116.1550,39819,398421542,2521,0,0,0
116.1650,39820,398431543,2605,0,0,0
116.1718,39821,398441543,2512,0,0,0
116.1821,39822,398451542,2608,0,0,0
116.1916,39823,398461543,2503,0,0,0
116.2018,39824,398471542,2615,0,0,0
116.2123,39825,398481542,2518,0,0,0
116.2218,39826,398491543,2621,0,0,0
116.2356,39827,398501543,2519,0,0,0
116.2422,39828,398511543,2615,0,0,0
116.2543,39829,398521543,2523,0,0,0
116.2655,39830,398531542,2624,0,0,0
116.2765,39831,398541543,2527,0,0,0
116.2816,39832,398551543,2613,0,0,0
116.2947,39833,398561543,2516,0,0,0
116.3215,39836,398591543,2608,0,0,0
116.3315,39837,398601543,2495,0,0,0
116.3417,39838,398611543,2614,0,0,0
116.3516,39839,398621543,2503,0,0,0
116.3618,39840,398631543,2624,0,0,0
116.3722,39841,398641542,2517,0,0,0
116.3822,39842,398651543,2668,0,0,0
116.3919,39843,398661543,2503,0,0,0
116.4095,39844,398671543,2646,0,0,0
116.4119,39845,398681543,2483,0,0,0
116.4219,39846,398691542,2661,0,0,0
116.4352,39847,398701543,2481,0,0,0
116.4455,39848,398711542,2663,0,0,0
116.4545,39849,398721543,2484,0,0,0
116.4675,39850,398731542,2673,0,0,0
116.4745,39851,398741543,2487,0,0,0
116.4854,39852,398751543,2693,0,0,0
116.4920,39853,398761543,2494,0,0,0
116.5015,39854,398771543,2694,0,0,0
116.5116,39855,398781542,2495,0,0,0
116.5217,39856,398791542,2687,0,0,0
116.5324,39857,398801543,2497,0,0,0
116.5418,39858,398811543,2693,0,0,0
116.5612,39859,398821543,2493,0,0,0
116.5621,39860,398831542,2687,0,0,0
116.5726,39861,398841543,2493,0,0,0
116.5856,39862,398851543,2690,0,0,0
116.5957,39863,398861543,2489,0,0,0
116.6017,39864,398871542,2688,0,0,0
116.6126,39865,398881543,2485,0,0,0
116.6255,39866,398891543,2682,0,0,0
116.6317,39867,398901543,2478,0,0,0
116.6455,39868,398911543,2691,0,0,0
116.6516,39869,398921543,2471,0,0,0
116.6618,39870,398931542,2683,0,0,0
116.6715,39871,398941543,2471,0,0,0
116.6814,39872,398951543,2687,0,0,0
116.6917,39873,398961543,2466,0,0,0
116.7022,39874,398971542,2685,0,0,0
116.7118,39875,398981542,2466,0,0,0
116.7279,39876,398991542,2685,0,0,0
116.7320,39877,399001543,2469,0,0,0
116.7452,39878,399011543,2687,0,0,0
116.7557,39879,399021543,2450,0,0,0
116.7655,39880,399031543,2698,0,0,0
116.7715,39881,399041543,2458,0,0,0
116.7886,39882,399051543,2699,0,0,0
116.7957,39883,399061543,2464,0,0,0
116.8054,39884,399071542,2701,0,0,0
116.8163,39885,399081543,2455,0,0,0
116.8219,39886,399091543,2710,0,0,0
116.8320,39887,399101543,2461,0,0,0
116.8414,39888,399111542,2711,0,0,0
116.8514,39889,399121542,2459,0,0,0
116.8614,39890,399131543,2709,0,0,0
116.8722,39891,399141542,2451,0,0,0
116.8818,39892,399151543,2711,0,0,0
116.8918,39893,399161543,2452,0,0,0
116.9022,39894,399171543,2710,0,0,0
116.9124,39895,399181543,2448,0,0,0
116.9242,39896,399191543,2707,0,0,0
116.9316,39897,399201542,2442,0,0,0
116.9455,39898,399211543,2717,0,0,0
116.9557,39899,399221542,2437,0,0,0
116.9640,39900,399231542,2715,0,0,0
116.9760,39901,399241543,2443,0,0,0
116.9835,39902,399251543,2720,0,0,0
116.9955,39903,399261543,2445,0,0,0
117.0014,39904,399271542,2731,0,0,0
117.0116,39905,399281543,2454,0,0,0
117.0216,39906,399291543,2754,0,0,0
117.0318,39907,399301543,2441,0,0,0
117.0418,39908,399311543,2714,0,0,0
117.0521,39909,399321542,2446,0,0,0
117.0621,39910,399331542,2742,0,0,0
117.0744,39911,399341543,2452,0,0,0
117.0819,39912,399351542,2743,0,0,0
117.1000,39913,399361543,2449,0,0,0
117.1018,39914,399371543,2754,0,0,0
117.1154,39915,399381543,2446,0,0,0
117.1238,39916,399391543,2756,0,0,0
117.1358,39917,399401543,2448,0,0,0
117.1425,39918,399411542,2755,0,0,0
117.1532,39919,399421543,2450,0,0,0
117.1633,39920,399431543,2763,0,0,0
117.1719,39921,399441542,2439,0,0,0
117.1822,39922,399451543,2766,0,0,0
117.1919,39923,399461543,2447,0,0,0
117.2021,39924,399471543,2770,0,0,0
117.2123,39925,399481543,2442,0,0,0
117.2221,39926,399491542,2774,0,0,0
117.2358,39927,399501543,2443,0,0,0
117.2419,39928,399511543,2791,0,0,0
117.2559,39929,399521543,2442,0,0,0
117.2683,39930,399531543,2784,0,0,0
117.2718,39931,399541543,2434,0,0,0
117.2833,39932,399551543,2772,0,0,0
117.2958,39933,399561543,2425,0,0,0
117.3044,39934,399571542,2781,0,0,0
117.3179,39935,399581543,2426,0,0,0
117.3248,39936,399591542,2775,0,0,0
117.3314,39937,399601543,2427,0,0,0
117.3424,39938,399611543,2781,0,0,0
117.3517,39939,399621543,2423,0,0,0
117.3618,39940,399631542,2768,0,0,0
117.3720,39941,399641543,2427,0,0,0
117.3837,39942,399651543,2768,0,0,0
117.3923,39943,399661543,2429,0,0,0
117.4040,39944,399671543,2757,0,0,0
117.4120,39945,399681543,2419,0,0,0
117.4242,39946,399691543,2755,0,0,0
117.4315,39947,399701543,2419,0,0,0
117.4458,39948,399711543,2752,0,0,0
117.4540,39949,399721543,2409,0,0,0
117.4623,39950,399731543,2755,0,0,0
117.4723,39951,399741543,2407,0,0,0
117.4849,39952,399751543,2746,0,0,0
117.4950,39953,399761543,2399,0,0,0
117.5014,39954,399771543,2755,0,0,0
117.5118,39955,399781543,2395,0,0,0
117.5216,39956,399791543,2746,0,0,0
117.5324,39957,399801543,2398,0,0,0
117.5419,39958,399811543,2742,0,0,0
117.5519,39959,399821543,2394,0,0,0
117.5622,39960,399831543,2753,0,0,0
117.5762,39961,399841542,2393,0,0,0
117.5818,39962,399851543,2749,0,0,0
117.5955,39963,399861543,2399,0,0,0
117.6026,39964,399871542,2758,0,0,0
117.6158,39965,399881543,2393,0,0,0
117.6240,39966,399891543,2758,0,0,0
117.6374,39967,399901543,2386,0,0,0
117.6435,39968,399911543,2750,0,0,0
117.6530,39969,399921542,2381,0,0,0
117.6639,39970,399931542,2747,0,0,0
117.6716,39971,399941542,2383,0,0,0
117.6818,39972,399951542,2741,0,0,0
117.6917,39973,399961543,2390,0,0,0
117.7021,39974,399971543,2758,0,0,0
117.7121,39975,399981543,2404,0,0,0
117.7219,39976,399991543,2738,0,0,0
117.7322,39977,400001542,2368,0,0,0
117.7422,39978,400011543,2745,0,0,0
117.7525,39979,400021543,2384,0,0,0
117.7617,39980,400031542,2742,0,0,0
117.7765,39981,400041543,2382,0,0,0
117.7817,39982,400051543,2748,0,0,0
117.7951,39983,400061543,2384,0,0,0
117.8061,39984,400071543,2741,0,0,0
117.8116,39985,400081543,2375,0,0,0
117.8264,39986,400091542,2735,0,0,0
117.8319,39987,400101543,2381,0,0,0
117.8414,39988,400111543,2736,0,0,0
117.8519,39989,400121543,2377,0,0,0
117.8622,39990,400131542,2739,0,0,0
117.8727,39991,400141543,2383,0,0,0
117.8819,39992,400151543,2746,0,0,0
117.8963,39993,400161543,2382,0,0,0
117.9022,39994,400171543,2736,0,0,0
117.9182,39995,400181543,2375,0,0,0
117.9261,39996,400191543,2739,0,0,0
117.9381,39997,400201542,2382,0,0,0
117.9600,39998,400211542,2739,0,0,0
117.9618,39999,400221543,2378,0,0,0
117.9636,40000,400231543,2736,0,0,0
117.9733,40001,400241543,2373,0,0,0
117.9822,40002,400251543,2734,0,0,0
117.9935,40003,400261543,2378,0,0,0
118.0074,40004,400271543,2734,0,0,0
118.0132,40005,400281543,2372,0,0,0
118.0218,40006,400291543,2734,0,0,0
118.0315,40007,400301542,2370,0,0,0
118.0417,40008,400311543,2716,0,0,0
118.0521,40009,400321542,2382,0,0,0
118.0623,40010,400331543,2715,0,0,0
118.0719,40011,400341543,2372,0,0,0
118.0822,40012,400351543,2705,0,0,0
118.0958,40013,400361543,2374,0,0,0
118.1018,40014,400371543,2694,0,0,0
118.1181,40015,400381543,2382,0,0,0
118.1260,40016,400391543,2685,0,0,0
118.1335,40017,400401543,2381,0,0,0
118.1427,40018,400411542,2694,0,0,0
118.1554,40019,400421543,2378,0,0,0
118.1617,40020,400431543,2655,0,0,0
118.1762,40021,400441543,2377,0,0,0
118.1814,40022,400451543,2677,0,0,0
118.1915,40023,400461543,2381,0,0,0
118.2018,40024,400471543,2666,0,0,0
118.2124,40025,400481543,2384,0,0,0
118.2216,40026,400491543,2672,0,0,0
118.2318,40027,400501543,2385,0,0,0
118.2421,40028,400511543,2667,0,0,0
118.2561,40029,400521542,2384,0,0,0
118.2619,40030,400531542,2659,0,0,0
118.2724,40031,400541543,2390,0,0,0
118.2816,40032,400551543,2665,0,0,0
118.2923,40033,400561543,2391,0,0,0
118.3068,40034,400571543,2664,0,0,0
118.3144,40035,400581543,2389,0,0,0
118.3251,40036,400591542,2655,0,0,0
118.3345,40037,400601543,2391,0,0,0
118.3414,40038,400611542,2650,0,0,0
118.3514,40039,400621543,2402,0,0,0
118.3619,40040,400631542,2647,0,0,0
118.3716,40041,400641543,2416,0,0,0
118.3826,40042,400651543,2658,0,0,0
118.3921,40043,400661543,2421,0,0,0
118.4118,40044,400671543,2672,0,0,0
118.4139,40045,400681542,2446,0,0,0
118.4234,40046,400691543,2670,0,0,0
118.4337,40047,400701543,2410,0,0,0
118.4474,40048,400711543,2661,0,0,0
118.4565,40049,400721543,2435,0,0,0
118.4665,40050,400731543,2651,0,0,0
118.4740,40051,400741543,2442,0,0,0
118.4844,40052,400751542,2654,0,0,0
118.4921,40053,400761543,2445,0,0,0
118.5014,40054,400771543,2653,0,0,0
118.5114,40055,400781543,2449,0,0,0
118.5218,40056,400791543,2662,0,0,0
118.5325,40057,400801543,2448,0,0,0
118.5419,40058,400811543,2657,0,0,0
118.5519,40059,400821542,2447,0,0,0
118.5621,40060,400831543,2672,0,0,0
118.5762,40061,400841543,2455,0,0,0
118.5822,40062,400851542,2672,0,0,0
118.5918,40063,400861543,2457,0,0,0
118.6021,40064,400871542,2667,0,0,0
118.6181,40065,400881543,2467,0,0,0
118.6251,40066,400891543,2657,0,0,0
118.6327,40067,400901543,2471,0,0,0
118.6441,40068,400911543,2650,0,0,0
118.6517,40069,400921543,2480,0,0,0
118.6645,40070,400931543,2647,0,0,0
118.6715,40071,400941543,2480,0,0,0
118.6820,40072,400951542,2639,0,0,0
118.6923,40073,400961543,2486,0,0,0
118.7025,40074,400971543,2626,0,0,0
118.7121,40075,400981543,2490,0,0,0
118.7220,40076,400991543,2625,0,0,0
118.7326,40077,401001542,2491,0,0,0
118.7449,40078,401011542,2618,0,0,0
118.7520,40079,401021543,2490,0,0,0
118.7641,40080,401031543,2624,0,0,0
118.7754,40081,401041543,2494,0,0,0
118.7846,40082,401051543,2614,0,0,0
118.7959,40083,401061543,2495,0,0,0
118.8048,40084,401071543,2621,0,0,0
118.8117,40085,401081542,2490,0,0,0
118.8218,40086,401091543,2623,0,0,0
118.8314,40087,401101543,2495,0,0,0
118.8415,40088,401111543,2614,0,0,0
118.8518,40089,401121543,2497,0,0,0
118.8623,40090,401131543,2618,0,0,0
118.8720,40091,401141543,2507,0,0,0
118.8824,40092,401151543,2608,0,0,0
118.8919,40093,401161543,2499,0,0,0
118.9092,40094,401171543,2609,0,0,0
118.9121,40095,401181543,2512,0,0,0
118.9247,40096,401191542,2610,0,0,0
118.9363,40097,401201543,2507,0,0,0
118.9486,40098,401211543,2607,0,0,0
118.9548,40099,401221543,2513,0,0,0
118.9619,40100,401231543,2608,0,0,0
118.9750,40101,401241543,2512,0,0,0
118.9826,40102,401251543,2608,0,0,0
118.9949,40103,401261543,2512,0,0,0
119.0020,40104,401271542,2603,0,0,0
119.0117,40105,401281542,2511,0,0,0
119.0218,40106,401291543,2603,0,0,0
119.0313,40107,401301542,2517,0,0,0
119.0414,40108,401311542,2606,0,0,0
119.0517,40109,401321543,2512,0,0,0
119.0618,40110,401331543,2604,0,0,0
119.0717,40111,401341543,2513,0,0,0
119.0898,40112,401351543,2605,0,0,0
119.0918,40113,401361542,2518,0,0,0
119.1031,40114,401371543,2602,0,0,0
119.1152,40115,401381542,2517,0,0,0
119.1230,40116,401391542,2610,0,0,0
119.1319,40117,401401543,2559,0,0,0
119.1422,40118,401411543,2608,0,0,0
119.1545,40119,401421543,2512,0,0,0
119.1653,40120,401431543,2593,0,0,0
119.1717,40121,401441543,2496,0,0,0
119.1821,40122,401451543,2589,0,0,0
119.1917,40123,401461543,2519,0,0,0
119.2019,40124,401471543,2593,0,0,0
119.2121,40125,401481543,2523,0,0,0
119.2215,40126,401491543,2597,0,0,0
119.2319,40127,401501543,2531,0,0,0
119.2479,40128,401511543,2597,0,0,0
119.2521,40129,401521543,2532,0,0,0
119.2648,40130,401531542,2590,0,0,0
119.2772,40131,401541543,2531,0,0,0
119.2841,40132,401551543,2603,0,0,0
119.2916,40133,401561543,2527,0,0,0
119.3039,40134,401571543,2588,0,0,0
119.3146,40135,401581543,2518,0,0,0
119.3247,40136,401591543,2592,0,0,0
119.3315,40137,401601542,2535,0,0,0
119.3419,40138,401611542,2583,0,0,0
119.3516,40139,401621543,2536,0,0,0
119.3621,40140,401631542,2591,0,0,0
119.3717,40141,401641543,2531,0,0,0
119.3823,40142,401651543,2579,0,0,0
119.3952,40143,401661543,2537,0,0,0
119.4019,40144,401671543,2559,0,0,0
119.4146,40145,401681543,2539,0,0,0
119.4247,40146,401691543,2559,0,0,0
119.4350,40147,401701543,2539,0,0,0
119.4457,40148,401711543,2580,0,0,0
119.4528,40149,401721543,2544,0,0,0
119.4641,40150,401731542,2559,0,0,0
119.4749,40151,401741542,2544,0,0,0
119.4855,40152,401751543,2559,0,0,0
119.4914,40153,401761543,2546,0,0,0
119.5018,40154,401771543,2559,0,0,0
119.5128,40155,401781543,2542,0,0,0
119.5216,40156,401791543,2559,0,0,0
119.5317,40157,401801542,2545,0,0,0
119.5418,40158,401811543,2559,0,0,0
119.5520,40159,401821543,2550,0,0,0
119.5718,40160,401831543,2559,0,0,0
119.5739,40161,401841543,2547,0,0,0
119.5896,40162,401851543,2558,0,0,0
119.5924,40163,401861543,2551,0,0,0
119.6081,40164,401871542,2559,0,0,0
119.6123,40165,401881543,2559,0,0,0
119.6363,40166,401891543,2550,0,0,0
119.6412,40167,401901543,2555,0,0,0
119.6432,40168,401911543,2545,0,0,0
119.6608,40169,401921543,2559,0,0,0
119.6635,40170,401931543,2539,0,0,0
119.6795,40171,401941543,2559,0,0,0
119.6817,40172,401951543,2532,0,0,0
119.6930,40173,401961543,2594,0,0,0
119.7019,40174,401971543,2539,0,0,0
119.7148,40175,401981543,2592,0,0,0
119.7217,40176,401991542,2530,0,0,0
119.7318,40177,402001543,2595,0,0,0
119.7416,40178,402011542,2530,0,0,0
119.7516,40179,402021543,2591,0,0,0
119.7618,40180,402031543,2525,0,0,0
119.7720,40181,402041542,2603,0,0,0
119.7873,40182,402051543,2535,0,0,0
119.7923,40183,402061543,2597,0,0,0
119.8028,40184,402071543,2519,0,0,0
119.8119,40185,402081543,2603,0,0,0
119.8243,40186,402091542,2523,0,0,0
119.8318,40187,402101543,2607,0,0,0
119.8443,40188,402111543,2535,0,0,0
119.8561,40189,402121543,2617,0,0,0
119.8656,40190,402131542,2545,0,0,0
119.8714,40191,402141543,2594,0,0,0
119.8817,40192,402151543,2501,0,0,0
119.8921,40193,402161543,2608,0,0,0
119.9016,40194,402171542,2503,0,0,0
119.9118,40195,402181543,2615,0,0,0
119.9219,40196,402191543,2498,0,0,0
119.9326,40197,402201543,2630,0,0,0
119.9487,40198,402211542,2495,0,0,0
119.9529,40199,402221543,2645,0,0,0
119.9643,40200,402231543,2485,0,0,0
119.9739,40201,402241543,2650,0,0,0
119.9847,40202,402251543,2480,0,0,0
119.9938,40203,402261542,2663,0,0,0
120.0055,40204,402271542,2477,0,0,0
120.0141,40205,402281543,2670,0,0,0
120.0254,40206,402291543,2479,0,0,0
120.0346,40207,402301543,2660,0,0,0
120.0414,40208,402311542,2477,0,0,0
120.0521,40209,402321543,2670,0,0,0
120.0616,40210,402331543,2478,0,0,0
120.0726,40211,402341543,2682,0,0,0
120.0818,40212,402351543,2475,0,0,0
120.0920,40213,402361543,2679,0,0,0
120.1024,40214,402371543,2480,0,0,0
120.1121,40215,402381543,2691,0,0,0
120.1221,40216,402391543,2478,0,0,0
120.1318,40217,402401543,2674,0,0,0
120.1475,40218,402411542,2479,0,0,0
120.1562,40219,402421542,2659,0,0,0
120.1635,40220,402431542,2458,0,0,0
120.1751,40221,402441543,2678,0,0,0
120.1825,40222,402451543,2465,0,0,0
120.1940,40223,402461543,2677,0,0,0
120.2016,40224,402471543,2470,0,0,0
120.2115,40225,402481543,2688,0,0,0
120.2217,40226,402491543,2451,0,0,0
120.2321,40227,402501543,2691,0,0,0
120.2420,40228,402511543,2459,0,0,0
120.2524,40229,402521543,2698,0,0,0
120.2637,40230,402531543,2451,0,0,0
120.2774,40231,402541543,2692,0,0,0
120.2860,40232,402551543,2459,0,0,0
120.2967,40233,402561543,2697,0,0,0
120.3027,40234,402571543,2450,0,0,0
120.3153,40235,402581543,2704,0,0,0
120.3237,40236,402591543,2451,0,0,0
120.3354,40237,402601543,2704,0,0,0
120.3441,40238,402611543,2447,0,0,0
120.3520,40239,402621543,2704,0,0,0
120.3620,40240,402631543,2454,0,0,0
120.3716,40241,402641543,2713,0,0,0
120.3822,40242,402651543,2448,0,0,0
120.3919,40243,402661542,2717,0,0,0
120.4025,40244,402671543,2434,0,0,0
120.4125,40245,402681543,2720,0,0,0
120.4221,40246,402691543,2437,0,0,0
120.4319,40247,402701542,2715,0,0,0
120.4442,40248,402711542,2434,0,0,0
120.4560,40249,402721543,2718,0,0,0
120.4617,40250,402731543,2439,0,0,0
120.4724,40251,402741543,2707,0,0,0
120.4828,40252,402751543,2435,0,0,0
120.4969,40253,402761543,2715,0,0,0
120.5046,40254,402771542,2426,0,0,0
120.5115,40255,402781543,2714,0,0,0
120.5217,40256,402791542,2438,0,0,0
120.5316,40257,402801543,2721,0,0,0
120.5415,40258,402811543,2432,0,0,0
120.5516,40259,402821543,2741,0,0,0
120.5622,40260,402831543,2438,0,0,0
120.5718,40261,402841543,2721,0,0,0
120.5818,40262,402851543,2413,0,0,0
120.5947,40263,402861543,2750,0,0,0
120.6075,40264,402871543,2413,0,0,0
120.6126,40265,402881542,2710,0,0,0
120.6256,40266,402891543,2409,0,0,0
120.6337,40267,402901543,2727,0,0,0
120.6450,40268,402911542,2407,0,0,0
120.6559,40269,402921543,2749,0,0,0
120.6616,40270,402931543,2407,0,0,0
120.6717,40271,402941543,2738,0,0,0
120.6820,40272,402951543,2384,0,0,0
120.6922,40273,402961543,2759,0,0,0
120.7019,40274,402971543,2385,0,0,0
120.7119,40275,402981543,2757,0,0,0
120.7218,40276,402991543,2386,0,0,0
120.7378,40277,403001543,2754,0,0,0
120.7447,40278,403011543,2397,0,0,0
120.7524,40279,403021543,2745,0,0,0
120.7620,40280,403031543,2390,0,0,0
120.7720,40281,403041543,2749,0,0,0
120.7852,40282,403051543,2398,0,0,0
120.7920,40283,403061543,2753,0,0,0
120.8017,40284,403071542,2395,0,0,0
120.8123,40285,403081542,2754,0,0,0
120.8219,40286,403091543,2388,0,0,0
120.8314,40287,403101543,2757,0,0,0
120.8417,40288,403111543,2391,0,0,0
120.8518,40289,403121543,2750,0,0,0
120.8621,40290,403131543,2398,0,0,0
120.8721,40291,403141542,2743,0,0,0
120.8821,40292,403151543,2382,0,0,0
120.8919,40293,403161543,2754,0,0,0
120.9094,40294,403171542,2923,1,1,1
120.9121,40295,403181543,2821,0,0,0
120.9222,40296,403191543,2901,1,1,1
120.9318,40297,403201543,2818,0,0,0
120.9471,40298,403211543,2910,1,1,1
120.9552,40299,403221543,2809,0,0,0
120.9633,40300,403231543,2899,1,1,1
120.9755,40301,403241543,2813,0,0,0
120.9829,40302,403251542,2896,1,1,1
120.9955,40303,403261543,2809,0,0,0
121.0014,40304,403271543,2905,1,1,1
121.0117,40305,403281542,2807,0,0,0
121.0214,40306,403291542,2905,1,1,1
121.0319,40307,403301543,2802,0,0,0
121.0419,40308,403311543,2906,1,1,1
121.0525,40309,403321543,2819,0,0,0
121.0685,40310,403331543,2907,1,1,1
121.0720,40311,403341542,2801,0,0,0
121.0874,40312,403351543,2901,1,1,1
121.0955,40313,403361542,2801,0,0,0
121.1079,40314,403371543,2879,1,1,1
121.1148,40315,403381543,2801,0,0,0
121.1249,40316,403391543,2898,1,1,1
121.1315,40317,403401543,2798,0,0,0
121.1459,40318,403411543,2887,1,1,1
121.1522,40319,403421543,2799,0,0,0
121.1616,40320,403431543,2891,1,1,1
121.1714,40321,403441542,2786,0,0,0
121.1814,40322,403451543,2896,1,1,1
121.1916,40323,403461543,2785,0,0,0
121.2016,40324,403471542,2868,1,1,1
121.2116,40325,403481543,2793,0,0,0
121.2215,40326,403491543,2895,1,1,1
121.2317,40327,403501543,2786,0,0,0
121.2434,40328,403511543,2900,1,1,1
121.2537,40329,403521543,2791,0,0,0
121.2640,40330,403531543,2897,1,1,1
121.2756,40331,403541543,2788,0,0,0
121.2815,40332,403551543,2886,1,1,1
121.2948,40333,403561543,2786,0,0,0
121.3015,40334,403571543,2879,1,1,1
121.3116,40335,403581543,2781,0,0,0
121.3217,40336,403591543,2404,0,0,0
121.3326,40337,403601543,2769,0,0,0
121.3421,40338,403611543,2355,0,0,0
121.3517,40339,403621543,2717,0,0,0
121.3623,40340,403631543,2342,0,0,0
121.3787,40341,403641543,2708,0,0,0
121.3824,40342,403651543,2350,0,0,0
121.3918,40343,403661543,2693,0,0,0
121.4058,40344,403671542,2359,0,0,0
121.4144,40345,403681543,2691,0,0,0
121.4235,40346,403691543,2366,0,0,0
121.4356,40347,403701543,2681,0,0,0
121.4418,40348,403711543,2365,0,0,0
121.4558,40349,403721542,2673,0,0,0
121.4614,40350,403731543,2363,0,0,0
121.4714,40351,403741543,2653,0,0,0
121.4823,40352,403751543,2351,0,0,0
121.4920,40353,403761543,2638,0,0,0
121.5025,40354,403771543,2342,0,0,0
121.5122,40355,403781543,2624,0,0,0
121.5301,40356,403791543,2327,0,0,0
121.5320,40357,403801543,2624,0,0,0
121.5478,40358,403811543,2317,0,0,0
121.5540,40359,403821543,2607,0,0,0
121.5643,40360,403831543,2326,0,0,0
121.5719,40361,403841543,2597,0,0,0
121.5837,40362,403851542,2325,0,0,0
121.5921,40363,403861543,2607,0,0,0
121.6071,40364,403871543,2331,0,0,0
121.6131,40365,403881543,2595,0,0,0
121.6219,40366,403891543,2340,0,0,0
121.6315,40367,403901543,2602,0,0,0
121.6418,40368,403911542,2352,0,0,0
121.6515,40369,403921543,2602,0,0,0
121.6619,40370,403931543,2361,0,0,0
121.6723,40371,403941543,2607,0,0,0
121.6900,40372,403951543,2369,0,0,0
121.6920,40373,403961543,2602,0,0,0
121.7048,40374,403971543,2380,0,0,0
121.7116,40375,403981543,2595,0,0,0
121.7224,40376,403991543,2384,0,0,0
121.7333,40377,404001543,2601,0,0,0
121.7437,40378,404011543,2395,0,0,0
121.7515,40379,404021543,2601,0,0,0
121.7656,40380,404031542,2389,0,0,0
121.7718,40381,404041543,2608,0,0,0
121.7819,40382,404051543,2393,0,0,0
121.7917,40383,404061543,2590,0,0,0
121.8026,40384,404071543,2399,0,0,0
121.8118,40385,404081543,2608,0,0,0
121.8219,40386,404091543,2409,0,0,0
121.8325,40387,404101543,2602,0,0,0
121.8423,40388,404111543,2413,0,0,0
121.8541,40389,404121543,2622,0,0,0
121.8640,40390,404131543,2432,0,0,0
121.8760,40391,404141543,2604,0,0,0
121.8831,40392,404151542,2416,0,0,0
121.8964,40393,404161543,2605,0,0,0
121.9038,40394,404171543,2434,0,0,0
121.9170,40395,404181543,2603,0,0,0
121.9249,40396,404191543,2449,0,0,0
121.9314,40397,404201543,2608,0,0,0
121.9420,40398,404211542,2454,0,0,0
121.9520,40399,404221543,2581,0,0,0
121.9622,40400,404231543,2473,0,0,0
121.9720,40401,404241543,2595,0,0,0
121.9824,40402,404251543,2475,0,0,0
121.9921,40403,404261543,2595,0,0,0
122.0028,40404,404271543,2476,0,0,0
122.0179,40405,404281543,2595,0,0,0
122.0274,40406,404291543,2487,0,0,0
122.0352,40407,404301543,2593,0,0,0
122.0427,40408,404311543,2483,0,0,0
122.0556,40409,404321543,2603,0,0,0
122.0629,40410,404331543,2491,0,0,0
122.0780,40411,404341542,2603,0,0,0
122.0844,40412,404351542,2487,0,0,0
122.0914,40413,404361543,2617,0,0,0
122.1020,40414,404371542,2501,0,0,0
122.1116,40415,404381543,2601,0,0,0
122.1217,40416,404391543,2503,0,0,0
122.1320,40417,404401543,2605,0,0,0
122.1422,40418,404411543,2503,0,0,0
122.1520,40419,404421543,2583,0,0,0
122.1662,40420,404431542,2507,0,0,0
122.1724,40421,404441543,2596,0,0,0
122.1817,40422,404451543,2512,0,0,0
122.1964,40423,404461543,2590,0,0,0
122.2062,40424,404471543,2508,0,0,0
122.2169,40425,404481543,2597,0,0,0
122.2237,40426,404491543,2512,0,0,0
122.2364,40427,404501543,2605,0,0,0
122.2426,40428,404511543,2525,0,0,0
122.2514,40429,404521543,2597,0,0,0
122.2616,40430,404531542,2520,0,0,0
122.2713,40431,404541543,2601,0,0,0
122.2821,40432,404551543,2513,0,0,0
122.2921,40433,404561543,2585,0,0,0
122.3022,40434,404571543,2531,0,0,0
122.3121,40435,404581543,2607,0,0,0
122.3291,40436,404591542,2523,0,0,0
122.3323,40437,404601543,2605,0,0,0
122.3435,40438,404611542,2538,0,0,0
122.3519,40439,404621543,2602,0,0,0
122.3632,40440,404631543,2529,0,0,0
122.3734,40441,404641543,2599,0,0,0
122.3844,40442,404651542,2527,0,0,0
122.3950,40443,404661543,2598,0,0,0
122.4016,40444,404671543,2527,0,0,0
122.4139,40445,404681543,2594,0,0,0
122.4215,40446,404691543,2535,0,0,0
122.4315,40447,404701543,2559,0,0,0
122.4422,40448,404711543,2545,0,0,0
122.4522,40449,404721543,2589,0,0,0
122.4624,40450,404731543,2532,0,0,0
122.4717,40451,404741543,2597,0,0,0
122.4877,40452,404751542,2551,0,0,0
122.4919,40453,404761543,2611,0,0,0
122.5088,40454,404771543,2529,0,0,0
122.5162,40455,404781543,2559,0,0,0
122.5244,40456,404791543,2539,0,0,0
122.5315,40457,404801542,2587,0,0,0
122.5426,40458,404811542,2532,0,0,0
122.5518,40459,404821543,2559,0,0,0
122.5626,40460,404831542,2542,0,0,0
122.5737,40461,404841543,2559,0,0,0
122.5815,40462,404851543,2533,0,0,0
122.5914,40463,404861543,2559,0,0,0
122.6019,40464,404871542,2542,0,0,0
122.6119,40465,404881543,2559,0,0,0
122.6217,40466,404891543,2542,0,0,0
122.6350,40467,404901543,2559,0,0,0
122.6420,40468,404911543,2544,0,0,0
122.6552,40469,404921543,2559,0,0,0
122.6639,40470,404931543,2547,0,0,0
122.6752,40471,404941543,2583,0,0,0
122.6818,40472,404951543,2550,0,0,0
122.6953,40473,404961543,2559,0,0,0
122.7020,40474,404971542,2558,0,0,0
122.7141,40475,404981543,2555,0,0,0
122.7217,40476,404991543,2557,0,0,0
122.7314,40477,405001543,2559,0,0,0
122.7415,40478,405011543,2559,0,0,0
122.7515,40479,405021543,2559,0,0,0
122.7622,40480,405031543,2551,0,0,0
122.7717,40481,405041543,2551,0,0,0
122.7821,40482,405051543,2557,0,0,0
122.7973,40483,405061543,2546,0,0,0
122.8018,40484,405071542,2559,0,0,0
122.8121,40485,405081542,2538,0,0,0
122.8262,40486,405091542,2559,0,0,0
122.8348,40487,405101543,2538,0,0,0
122.8418,40488,405111543,2581,0,0,0
122.8548,40489,405121543,2523,0,0,0
122.8648,40490,405131543,2589,0,0,0
122.8717,40491,405141543,2526,0,0,0
122.8815,40492,405151543,2594,0,0,0
122.8919,40493,405161543,2523,0,0,0
122.9023,40494,405171542,2606,0,0,0
122.9120,40495,405181543,2519,0,0,0
122.9218,40496,405191543,2608,0,0,0
122.9322,40497,405201542,2510,0,0,0
122.9453,40498,405211543,2608,0,0,0
122.9536,40499,405221543,2521,0,0,0
122.9618,40500,405231543,2608,0,0,0
122.9759,40501,405241543,2514,0,0,0
122.9895,40502,405251543,2608,0,0,0
122.9948,40503,405261542,2516,0,0,0
123.0030,40504,405271543,2614,0,0,0
123.0126,40505,405281543,2515,0,0,0
123.0235,40506,405291542,2603,0,0,0
123.0355,40507,405301543,2507,0,0,0
123.0437,40508,405311543,2611,0,0,0
123.0528,40509,405321542,2509,0,0,0
123.0615,40510,405331543,2622,0,0,0
123.0719,40511,405341543,2496,0,0,0
123.0816,40512,405351543,2645,0,0,0
123.0920,40513,405361543,2477,0,0,0
123.1021,40514,405371542,2657,0,0,0
123.1119,40515,405381543,2496,0,0,0
123.1225,40516,405391543,2689,0,0,0
123.1321,40517,405401542,2466,0,0,0
123.1483,40518,405411543,2667,0,0,0
123.1600,40519,405421543,2471,0,0,0
123.1616,40520,405431543,2684,0,0,0
123.1754,40521,405441542,2461,0,0,0
123.1828,40522,405451543,2677,0,0,0
123.1947,40523,405461543,2454,0,0,0
123.2018,40524,405471542,2689,0,0,0
123.2120,40525,405481543,2459,0,0,0
123.2221,40526,405491543,2685,0,0,0
123.2318,40527,405501543,2461,0,0,0
123.2419,40528,405511543,2689,0,0,0
123.2520,40529,405521543,2462,0,0,0
123.2624,40530,405531543,2690,0,0,0
123.2722,40531,405541543,2443,0,0,0
123.2816,40532,405551543,2678,0,0,0
123.2975,40533,405561543,2447,0,0,0
123.3019,40534,405571543,2679,0,0,0
123.3156,40535,405581543,2435,0,0,0
123.3286,40536,405591543,2679,0,0,0
123.3329,40537,405601543,2442,0,0,0
123.3416,40538,405611543,2690,0,0,0
123.3553,40539,405621543,2436,0,0,0
123.3634,40540,405631542,2694,0,0,0
123.3727,40541,405641543,2436,0,0,0
123.3845,40542,405651543,2694,0,0,0
123.3914,40543,405661543,2429,0,0,0
123.4017,40544,405671543,2691,0,0,0
123.4115,40545,405681543,2426,0,0,0
123.4217,40546,405691543,2700,0,0,0
123.4315,40547,405701543,2422,0,0,0
123.4415,40548,405711543,2695,0,0,0
123.4516,40549,405721543,2421,0,0,0
123.4629,40550,405731543,2696,0,0,0
123.4766,40551,405741543,2418,0,0,0
123.4849,40552,405751543,2695,0,0,0
123.4957,40553,405761543,2415,0,0,0
123.5044,40554,405771543,2706,0,0,0
123.5142,40555,405781543,2418,0,0,0
123.5266,40556,405791542,2706,0,0,0
123.5320,40557,405801543,2416,0,0,0
123.5441,40558,405811543,2711,0,0,0
123.5514,40559,405821543,2411,0,0,0
123.5615,40560,405831543,2707,0,0,0
123.5714,40561,405841543,2409,0,0,0
123.5815,40562,405851543,2718,0,0,0
123.5915,40563,405861542,2411,0,0,0
123.6023,40564,405871542,2711,0,0,0
123.6118,40565,405881543,2415,0,0,0
123.6220,40566,405891543,2721,0,0,0
123.6318,40567,405901543,2407,0,0,0
123.6418,40568,405911543,2722,0,0,0
123.6516,40569,405921543,2413,0,0,0
123.6636,40570,405931543,2722,0,0,0
123.6731,40571,405941543,2401,0,0,0
123.6861,40572,405951543,2730,0,0,0
123.6931,40573,405961543,2397,0,0,0
123.7023,40574,405971543,2735,0,0,0
123.7128,40575,405981543,2393,0,0,0
123.7218,40576,405991543,2732,0,0,0
123.7314,40577,406001543,2391,0,0,0
123.7422,40578,406011543,2732,0,0,0
123.7520,40579,406021543,2384,0,0,0
123.7622,40580,406031542,2751,0,0,0
123.7720,40581,406041543,2409,0,0,0
123.7823,40582,406051543,2759,0,0,0
123.7935,40583,406061543,2367,0,0,0
123.8033,40584,406071543,2749,0,0,0
123.8161,40585,406081543,2380,0,0,0
123.8285,40586,406091543,2749,0,0,0
123.8357,40587,406101543,2377,0,0,0
123.8434,40588,406111543,2750,0,0,0
123.8557,40589,406121542,2375,0,0,0
123.8615,40590,406131543,2734,0,0,0
123.8739,40591,406141542,2384,0,0,0
123.8839,40592,406151543,2741,0,0,0
123.8915,40593,406161543,2374,0,0,0
123.9016,40594,406171543,2742,0,0,0
123.9117,40595,406181543,2384,0,0,0
123.9217,40596,406191543,2738,0,0,0
123.9321,40597,406201543,2384,0,0,0
123.9419,40598,406211543,2745,0,0,0
123.9606,40599,406221542,2373,0,0,0
123.9621,40600,406231543,2750,0,0,0
123.9725,40601,406241543,2374,0,0,0
123.9866,40602,406251543,2746,0,0,0
123.9935,40603,406261543,2383,0,0,0
124.0018,40604,406271542,2746,0,0,0
124.0159,40605,406281543,2384,0,0,0
124.0216,40606,406291542,2748,0,0,0
124.0365,40607,406301543,2376,0,0,0
124.0419,40608,406311542,2751,0,0,0
124.0519,40609,406321543,2371,0,0,0
124.0620,40610,406331543,2740,0,0,0
124.0719,40611,406341543,2371,0,0,0
124.0823,40612,406351543,2756,0,0,0
124.0919,40613,406361543,2375,0,0,0
124.1022,40614,406371543,2747,0,0,0
124.1125,40615,406381543,2368,0,0,0
124.1239,40616,406391543,2751,0,0,0
124.1334,40617,406401543,2370,0,0,0
124.1460,40618,406411542,2745,0,0,0
124.1527,40619,406421543,2381,0,0,0
124.1650,40620,406431543,2751,0,0,0
124.1740,40621,406441542,2367,0,0,0
124.1848,40622,406451543,2739,0,0,0
124.1954,40623,406461542,2361,0,0,0
124.2015,40624,406471543,2745,0,0,0
124.2116,40625,406481543,2362,0,0,0
124.2217,40626,406491543,2737,0,0,0
124.2318,40627,406501542,2354,0,0,0
124.2420,40628,406511543,2733,0,0,0
124.2527,40629,406521543,2353,0,0,0
124.2624,40630,406531543,2729,0,0,0
124.2744,40631,406541543,2339,0,0,0
124.2819,40632,406551543,2714,0,0,0
124.2973,40633,406561543,2347,0,0,0
124.3097,40634,406571543,2706,0,0,0
124.3147,40635,406581543,2345,0,0,0
124.3231,40636,406591543,2685,0,0,0
124.3350,40637,406601543,2305,0,0,0
124.3416,40638,406611543,2671,0,0,0
124.3526,40639,406621543,2293,0,0,0
124.3628,40640,406631542,2663,0,0,0
124.3715,40641,406641543,2298,0,0,0
124.3820,40642,406651542,2671,0,0,0
124.3919,40643,406661543,2320,0,0,0
124.4017,40644,406671543,2666,0,0,0
124.4118,40645,406681543,2292,0,0,0
124.4220,40646,406691543,3648,0,1,1
124.4392,40647,406701543,2290,0,0,0
124.4426,40648,406711542,3353,0,1,1
124.4521,40649,406721542,2304,0,0,0
124.4616,40650,406731543,3201,0,1,1
124.4731,40651,406741543,2301,0,0,0
124.4868,40652,406751543,3120,0,0,0
124.4954,40653,406761543,2300,0,0,0
124.5039,40654,406771543,2076,0,0,0
124.5136,40655,406781542,2302,0,0,0
124.5218,40656,406791542,2355,0,0,0
124.5315,40657,406801543,2303,0,0,0
124.5416,40658,406811543,2405,0,0,0
124.5515,40659,406821543,2304,0,0,0
124.5619,40660,406831542,2461,0,0,0
124.5715,40661,406841543,2307,0,0,0
124.5901,40662,406851543,2459,0,0,0
124.5917,40663,406861543,2307,0,0,0
124.6021,40664,406871542,2513,0,0,0
124.6162,40665,406881542,2320,0,0,0
124.6217,40666,406891543,2498,0,0,0
124.6342,40667,406901543,2320,0,0,0
124.6450,40668,406911542,2502,0,0,0
124.6545,40669,406921543,2334,0,0,0
124.6620,40670,406931543,2519,0,0,0
124.6717,40671,406941543,2336,0,0,0
124.6819,40672,406951543,2478,0,0,0
124.6922,40673,406961543,2346,0,0,0
124.7026,40674,406971542,3024,0,1,1
124.7119,40675,406981543,2256,0,0,0
124.7218,40676,406991542,2317,0,0,0
124.7322,40677,407001543,2357,0,0,0
124.7435,40678,407011543,2352,0,0,0
124.7562,40679,407021542,2359,0,0,0
124.7627,40680,407031543,2517,0,0,0
124.7751,40681,407041543,2370,0,0,0
124.7856,40682,407051542,2448,0,0,0
124.7931,40683,407061542,2064,0,0,0
124.8058,40684,407071543,2122,0,0,0
124.8161,40685,407081543,1953,0,1,1
124.8243,40686,407091542,2923,0,1,1
124.8314,40687,407101543,1917,0,0,0
124.8416,40688,407111543,2853,0,1,1
124.8518,40689,407121543,2745,0,1,1
124.8622,40690,407131543,2913,0,1,1
124.8724,40691,407141542,1715,0,0,0
124.8819,40692,407151542,2723,0,1,1
124.8941,40693,407161543,2667,0,1,1
124.9030,40694,407171543,2800,0,1,1
124.9148,40695,407181543,1798,0,0,0
124.9234,40696,407191543,2833,0,1,1
124.9331,40697,407201543,2848,0,1,1
124.9421,40698,407211543,2731,0,1,1
124.9519,40699,407221543,2791,0,1,1
124.9615,40700,407231543,2723,0,1,1
124.9717,40701,407241543,2913,0,1,1
124.9820,40702,407251543,2703,0,1,1
124.9918,40703,407261543,2906,0,1,1
125.0026,40704,407271542,2657,0,1,1
125.0117,40705,407281542,3083,0,1,1
125.0220,40706,407291543,2535,0,0,0
125.0326,40707,407301543,2430,0,0,0
125.0465,40708,407311543,2543,0,0,0
125.0523,40709,407321543,2429,0,0,0
125.0619,40710,407331543,2539,0,0,0
125.0721,40711,407341543,2439,0,0,0
125.0864,40712,407351543,2646,0,0,0
125.0928,40713,407361543,2464,0,0,0
125.1042,40714,407371543,2591,0,0,0
125.1124,40715,407381543,2475,0,0,0
125.1220,40716,407391543,2599,0,0,0
125.1314,40717,407401543,2474,0,0,0
125.1416,40718,407411543,2586,0,0,0
125.1518,40719,407421543,2468,0,0,0
125.1625,40720,407431543,2518,0,0,0
125.1718,40721,407441543,2448,0,0,0
125.1825,40722,407451543,2526,0,0,0
125.1983,40723,407461543,2448,0,0,0
125.2019,40724,407471543,2525,0,0,0
125.2134,40725,407481543,2454,0,0,0
125.2259,40726,407491542,2521,0,0,0
125.2317,40727,407501543,2455,0,0,0
125.2438,40728,407511543,2525,0,0,0
125.2518,40729,407521542,2449,0,0,0
125.2646,40730,407531542,2533,0,0,0
125.2742,40731,407541543,2454,0,0,0
125.2815,40732,407551542,2528,0,0,0
125.2922,40733,407561543,2457,0,0,0
125.3025,40734,407571543,2539,0,0,0
125.3120,40735,407581543,2493,0,0,0
125.3218,40736,407591543,2650,0,0,0
125.3325,40737,407601543,2507,0,0,0
125.3514,40738,407611543,2583,0,0,0
125.3525,40739,407621543,2480,0,0,0
125.3620,40740,407631543,2601,0,0,0
125.3758,40741,407641543,2507,0,0,0
125.3862,40742,407651543,2594,0,0,0
125.3968,40743,407661543,2496,0,0,0
125.4048,40744,407671543,2475,0,0,0
125.4134,40745,407681543,2447,0,0,0
125.4271,40746,407691543,2526,0,0,0
125.4357,40747,407701543,2449,0,0,0
125.4414,40748,407711542,2496,0,0,0
125.4520,40749,407721543,2475,0,0,0
125.4619,40750,407731543,2525,0,0,0
125.4722,40751,407741543,2455,0,0,0
125.4820,40752,407751542,2515,0,0,0
125.4921,40753,407761543,2455,0,0,0
125.5025,40754,407771543,2497,0,0,0
125.5159,40755,407781543,2288,0,0,0
125.5221,40756,407791543,2464,0,0,0
125.5361,40757,407801543,2448,0,0,0
125.5439,40758,407811542,2482,0,0,0
125.5516,40759,407821542,2446,0,0,0
125.5703,40760,407831543,2506,0,0,0
125.5728,40761,407841543,2473,0,0,0
125.5823,40762,407851543,2503,0,0,0
125.5972,40763,407861543,2475,0,0,0
125.6021,40764,407871543,2497,0,0,0
125.6119,40765,407881543,2475,0,0,0
125.6216,40766,407891543,2499,0,0,0
125.6315,40767,407901543,2474,0,0,0
125.6419,40768,407911543,2498,0,0,0
125.6518,40769,407921543,2473,0,0,0
125.6621,40770,407931543,2495,0,0,0
125.6721,40771,407941543,2480,0,0,0
125.6856,40772,407951543,2463,0,0,0
125.6923,40773,407961543,2483,0,0,0
125.7033,40774,407971542,2493,0,0,0
125.7130,40775,407981543,2483,0,0,0
125.7272,40776,407991543,2938,0,1,1
125.7333,40777,408001543,2450,0,0,0
125.7459,40778,408011542,2449,0,0,0
125.7545,40779,408021543,2332,0,0,0
125.7654,40780,408031543,2944,0,1,1
125.7736,40781,408041543,2325,0,0,0
125.7814,40782,408051543,3071,0,1,1
125.7915,40783,408061543,2502,0,0,0
125.8018,40784,408071543,3167,0,1,1
125.8122,40785,408081543,2512,0,0,0
125.8218,40786,408091543,2462,0,0,0
125.8321,40787,408101543,2511,0,0,0
125.8423,40788,408111543,2321,0,0,0
125.8598,40789,408121543,2518,0,0,0
125.8621,40790,408131543,2293,0,0,0
125.8750,40791,408141543,2471,0,0,0
125.8842,40792,408151543,2187,0,0,0
125.8941,40793,408161543,2541,0,1,1
125.9015,40794,408171542,2452,0,0,0
125.9134,40795,408181543,2542,0,0,0
125.9243,40796,408191542,2454,0,0,0
125.9364,40797,408201543,2544,0,0,0
125.9415,40798,408211543,2458,0,0,0
125.9515,40799,408221543,2544,0,0,0
125.9617,40800,408231543,2451,0,0,0
125.9722,40801,408241543,2545,0,0,0
125.9821,40802,408251542,2452,0,0,0
125.9923,40803,408261543,2549,0,0,0
126.0128,40804,408271543,2541,0,0,0
126.0138,40805,408281543,2640,0,0,0
126.0268,40806,408291543,3553,0,1,1
126.0373,40807,408301543,2559,0,0,0
126.0464,40808,408311543,2428,0,0,0
126.0555,40809,408321543,2587,0,0,0
126.0634,40810,408331543,2416,0,0,0
126.0718,40811,408341543,2507,0,0,0
126.0847,40812,408351543,2160,0,0,0
126.0920,40813,408361543,2611,0,0,0
126.1016,40814,408371542,2414,0,0,0
126.1116,40815,408381543,2616,0,0,0
126.1217,40816,408391542,2409,0,0,0
126.1326,40817,408401543,2626,0,0,0
126.1419,40818,408411543,2413,0,0,0
126.1523,40819,408421543,2630,0,0,0
126.1624,40820,408431542,2411,0,0,0
126.1767,40821,408441543,2236,0,0,0
126.1887,40822,408451543,2321,0,0,0
126.1918,40823,408461543,3365,0,1,1
126.2015,40824,408471543,2399,0,0,0
126.2154,40825,408481543,2627,0,0,0
126.2233,40826,408491543,2405,0,0,0
126.2349,40827,408501543,2635,0,0,0
126.2444,40828,408511543,2406,0,0,0
126.2515,40829,408521542,2638,0,0,0
126.2619,40830,408531543,2454,0,0,0
126.2715,40831,408541542,2710,0,0,0
126.2819,40832,408551542,2490,0,0,0
126.2916,40833,408561543,2621,0,0,0
126.3022,40834,408571542,2505,0,0,0
126.3140,40835,408581543,2630,0,0,0
126.3247,40836,408591542,2502,0,0,0
126.3341,40837,408601543,2629,0,0,0
126.3458,40838,408611543,2496,0,0,0
126.3560,40839,408621543,2625,0,0,0
126.3648,40840,408631542,2497,0,0,0
126.3716,40841,408641543,2763,0,0,0
126.3836,40842,408651543,2486,0,0,0
126.3932,40843,408661543,2755,0,0,0
126.4015,40844,408671543,2485,0,0,0
126.4120,40845,408681543,2758,0,0,0
126.4214,40846,408691543,2476,0,0,0
126.4314,40847,408701543,2658,0,0,0
126.4416,40848,408711543,2463,0,0,0
126.4516,40849,408721543,2686,0,0,0
126.4635,40850,408731543,2414,0,0,0
126.4752,40851,408741543,2689,0,0,0
126.4838,40852,408751543,2421,0,0,0
126.4955,40853,408761542,2698,0,0,0
126.5045,40854,408771542,2417,0,0,0
126.5176,40855,408781543,2717,0,0,0
126.5236,40856,408791542,2431,0,0,0
126.5328,40857,408801543,2725,0,0,0
126.5425,40858,408811542,2475,0,0,0
126.5515,40859,408821543,2714,0,0,0
126.5617,40860,408831543,2402,0,0,0
126.5715,40861,408841543,2707,0,0,0
126.5819,40862,408851543,2410,0,0,0
126.5919,40863,408861543,2723,0,0,0
126.6027,40864,408871543,2405,0,0,0
126.6133,40865,408881543,2732,0,0,0
126.6242,40866,408891543,2405,0,0,0
126.6317,40867,408901543,2736,0,0,0
126.6420,40868,408911543,2404,0,0,0
126.6556,40869,408921543,2742,0,0,0
126.6620,40870,408931543,2399,0,0,0
126.6751,40871,408941543,2739,0,0,0
126.6834,40872,408951543,2387,0,0,0
126.6915,40873,408961543,2741,0,0,0
126.7019,40874,408971543,2453,0,0,0
126.7117,40875,408981543,2811,0,0,0
126.7217,40876,408991543,2448,0,0,0
126.7319,40877,409001543,2803,0,0,0
126.7419,40878,409011542,2437,0,0,0
126.7547,40879,409021543,2803,0,0,0
126.7636,40880,409031542,2442,0,0,0
126.7720,40881,409041543,2801,0,0,0
126.7864,40882,409051543,2447,0,0,0
126.7942,40883,409061543,2795,0,0,0
126.8028,40884,409071543,2389,0,0,0
126.8149,40885,409081543,2736,0,0,0
126.8245,40886,409091542,2386,0,0,0
126.8316,40887,409101543,2737,0,0,0
126.8415,40888,409111543,2382,0,0,0
126.8518,40889,409121543,2736,0,0,0
126.8624,40890,409131542,2383,0,0,0
126.8716,40891,409141543,2739,0,0,0
126.8818,40892,409151543,2380,0,0,0
126.8922,40893,409161543,2743,0,0,0
126.9060,40894,409171542,2382,0,0,0
126.9122,40895,409181543,2726,0,0,0
126.9286,40896,409191543,2397,0,0,0
126.9324,40897,409201543,2794,0,0,0
126.9434,40898,409211543,2442,0,0,0
126.9521,40899,409221543,2799,0,0,0
126.9649,40900,409231542,2430,0,0,0
126.9741,40901,409241543,2795,0,0,0
126.9854,40902,409251543,2426,0,0,0
126.9915,40903,409261543,2799,0,0,0
127.0020,40904,409271543,2422,0,0,0
127.0115,40905,409281543,2765,0,0,0
127.0217,40906,409291543,2378,0,0,0
127.0320,40907,409301543,2735,0,0,0
127.0425,40908,409311543,2368,0,0,0
127.0576,40909,409321543,2765,0,0,0
127.0620,40910,409331543,2387,0,0,0
127.0722,40911,409341543,2779,0,0,0
127.0855,40912,409351542,2419,0,0,0
127.0932,40913,409361543,2778,0,0,0
127.1061,40914,409371543,2416,0,0,0
127.1148,40915,409381543,2777,0,0,0
127.1235,40916,409391542,2896,1,1,1
127.1353,40917,409401543,2795,0,0,0
127.1414,40918,409411543,2903,1,1,1
127.1517,40919,409421543,2777,0,0,0
127.1626,40920,409431542,2909,1,1,1
127.1718,40921,409441543,2779,0,0,0
127.1824,40922,409451543,2898,1,1,1
127.1922,40923,409461543,2786,0,0,0
127.2125,40924,409471543,2901,1,1,1
127.2134,40925,409481543,2782,0,0,0
127.2261,40926,409491543,2906,1,1,1
127.2368,40927,409501543,2782,0,0,0
127.2463,40928,409511543,2906,1,1,1
127.2518,40929,409521543,2783,0,0,0
127.2652,40930,409531543,2907,1,1,1
127.2739,40931,409541542,2774,0,0,0
127.2846,40932,409551543,2898,1,1,1
127.2952,40933,409561542,2763,0,0,0
127.3014,40934,409571542,2910,1,1,1
127.3118,40935,409581543,2749,0,0,0
127.3217,40936,409591543,2896,1,1,1
127.3325,40937,409601542,2746,0,0,0
127.3420,40938,409611543,2910,1,1,1
127.3521,40939,409621543,2736,0,0,0
127.3623,40940,409631542,2914,1,1,1
127.3768,40941,409641543,2733,0,0,0
127.3821,40942,409651543,2908,1,1,1
127.3919,40943,409661542,2711,0,0,0
127.4027,40944,409671542,2905,1,1,1
127.4161,40945,409681543,2705,0,0,0
127.4260,40946,409691542,2915,1,1,1
127.4328,40947,409701543,2711,0,0,0
127.4438,40948,409711542,2925,1,1,1
127.4534,40949,409721543,2707,0,0,0
127.4614,40950,409731542,2933,1,1,1
127.4716,40951,409741543,2709,0,0,0
127.4821,40952,409751543,2935,1,1,1
127.4920,40953,409761543,2704,0,0,0
127.5034,40954,409771543,2960,1,1,1
127.5120,40955,409781543,2698,0,0,0
127.5218,40956,409791542,2967,1,1,1
127.5318,40957,409801543,2703,0,0,0
127.5422,40958,409811542,2973,1,1,1
127.5515,40959,409821543,2698,0,0,0
127.5617,40960,409831542,2976,1,1,1
127.5767,40961,409841542,2691,0,0,0
127.5835,40962,409851542,2977,1,1,1
127.5943,40963,409861543,2695,0,0,0
127.6060,40964,409871543,2983,1,1,1
127.6121,40965,409881543,2679,0,0,0
127.6217,40966,409891543,2981,1,1,1
127.6314,40967,409901543,2682,0,0,0
127.6418,40968,409911543,2990,1,1,1
127.6526,40969,409921542,2677,0,0,0
127.6617,40970,409931543,3002,1,1,1
127.6716,40971,409941543,2679,0,0,0
127.6871,40972,409951542,2982,1,1,1
127.6916,40973,409961543,2677,0,0,0
127.7040,40974,409971543,2979,1,1,1
127.7152,40975,409981543,2676,0,0,0
127.7237,40976,409991543,2987,1,1,1
127.7349,40977,410001543,2683,0,0,0
127.7459,40978,410011543,2993,1,1,1
127.7567,40979,410021543,2683,0,0,0
127.7641,40980,410031543,3008,1,1,1
127.7738,40981,410041542,2679,0,0,0
127.7813,40982,410051543,3008,1,1,1
127.7927,40983,410061543,2667,0,0,0
127.8016,40984,410071543,3011,1,1,1
127.8115,40985,410081543,2676,0,0,0
127.8213,40986,410091543,3021,1,1,1
127.8318,40987,410101543,2672,0,0,0
127.8414,40988,410111543,3024,1,1,1
127.8610,40989,410121543,2661,0,0,0
127.8616,40990,410131542,3027,1,1,1
127.8726,40991,410141543,2671,0,0,0
127.8857,40992,410151543,3038,1,1,1
127.8947,40993,410161542,2661,0,0,0
127.9044,40994,410171542,3039,1,1,1
127.9139,40995,410181542,2659,0,0,0
127.9258,40996,410191542,3029,1,1,1
127.9326,40997,410201543,2653,0,0,0
127.9419,40998,410211542,3027,1,1,1
127.9518,40999,410221543,2656,0,0,0
127.9614,41000,410231543,3045,1,1,1
127.9717,41001,410241543,2653,0,0,0
127.9821,41002,410251543,3045,1,1,1
127.9918,41003,410261543,2653,0,0,0
128.0022,41004,410271543,3041,1,1,1
128.0200,41005,410281543,2647,0,0,0
128.0222,41006,410291543,3027,1,1,1
128.0318,41007,410301543,2635,0,0,0
128.0416,41008,410311543,3045,1,1,1
128.0563,41009,410321543,2643,0,0,0
128.0635,41010,410331543,3053,1,1,1
128.0719,41011,410341542,2640,0,0,0
128.0846,41012,410351542,3052,1,1,1
128.0962,41013,410361543,2645,0,0,0
128.1040,41014,410371543,3049,1,1,1
128.1115,41015,410381543,2610,0,0,0
128.1215,41016,410391543,3033,1,1,1
128.1316,41017,410401543,2633,0,0,0
128.1422,41018,410411542,3053,1,1,1
128.1518,41019,410421543,2645,0,0,0
128.1622,41020,410431543,3057,1,1,1
128.1722,41021,410441543,2633,0,0,0
128.1819,41022,410451542,3056,1,1,1
128.1918,41023,410461543,2630,0,0,0
128.2046,41024,410471543,3055,1,1,1
128.2136,41025,410481543,2640,0,0,0
128.2221,41026,410491543,3062,1,1,1
128.2322,41027,410501542,2634,0,0,0
128.2425,41028,410511543,3043,1,1,1
128.2514,41029,410521543,2630,0,0,0
128.2619,41030,410531543,3060,1,1,1
128.2715,41031,410541543,2624,0,0,0
128.2824,41032,410551543,3059,1,1,1
128.2924,41033,410561542,2635,0,0,0
128.3023,41034,410571543,3066,1,1,1
128.3124,41035,410581543,3749,0,1,1
128.3225,41036,410591543,3058,1,1,1
128.3321,41037,410601542,3510,0,1,1
128.3431,41038,410611542,3063,1,1,1
128.3559,41039,410621543,3571,1,1,1
128.3641,41040,410631542,3065,1,1,1
128.3760,41041,410641543,3323,1,1,1
128.3822,41042,410651543,3063,1,1,1
128.3915,41043,410661542,3261,1,1,1
128.4015,41044,410671543,3034,1,1,1
128.4117,41045,410681543,3220,1,1,1
128.4214,41046,410691543,2922,0,1,1
128.4316,41047,410701542,3209,1,1,1
128.4421,41048,410711542,3071,1,1,1
128.4522,41049,410721543,3181,1,1,1
128.4654,41050,410731543,3071,1,1,1
128.4796,41051,410741543,3129,1,1,1
128.4850,41052,410751543,2914,0,1,1
128.4951,41053,410761543,3108,1,1,1
128.5062,41054,410771543,2916,0,1,1
128.5128,41055,410781543,3121,1,1,1
128.5243,41056,410791543,2163,0,0,0
128.5317,41057,410801543,3104,1,1,1
128.5416,41058,410811543,2418,0,0,0
128.5515,41059,410821542,3087,1,1,1
128.5614,41060,410831543,2423,0,0,0
128.5714,41061,410841543,3057,1,1,1
128.5816,41062,410851543,2446,0,0,0
128.5919,41063,410861543,3071,1,1,1
128.6019,41064,410871542,2452,0,0,0
128.6197,41065,410881543,3070,1,1,1
128.6223,41066,410891542,2497,0,0,0
128.6330,41067,410901543,3056,1,1,1
128.6524,41068,410911543,2525,0,0,0
128.6551,41069,410921542,3050,1,1,1
128.6622,41070,410931543,2559,0,0,0
128.6736,41071,410941542,3026,1,1,1
128.6820,41072,410951543,2559,0,0,0
128.6916,41073,410961543,3030,1,1,1
128.7015,41074,410971543,2601,0,0,0
128.7114,41075,410981542,3029,1,1,1
128.7217,41076,410991543,2610,0,0,0
128.7328,41077,411001542,3022,1,1,1
128.7417,41078,411011543,2635,0,0,0
128.7520,41079,411021542,3035,1,1,1
128.7707,41080,411031543,2638,0,0,0
128.7725,41081,411041543,3024,1,1,1
128.7872,41082,411051542,2642,0,0,0
128.7992,41083,411061543,3029,1,1,1
128.8025,41084,411071543,2658,0,0,0
128.8147,41085,411081543,3021,1,1,1
128.8218,41086,411091543,2661,0,0,0
128.8349,41087,411101542,3005,1,1,1
128.8445,41088,411111543,2687,0,0,0
128.8546,41089,411121542,2995,1,1,1
128.8614,41090,411131542,2704,0,0,0
128.8718,41091,411141543,2993,1,1,1
128.8817,41092,411151543,2719,0,0,0
128.8919,41093,411161543,2981,1,1,1
128.9018,41094,411171543,2726,0,0,0
128.9123,41095,411181542,2983,1,1,1
128.9218,41096,411191542,2720,0,0,0
128.9386,41097,411201543,2961,1,1,1
128.9424,41098,411211543,2739,0,0,0
128.9549,41099,411221543,2978,1,1,1
128.9615,41100,411231543,2741,0,0,0
128.9715,41101,411241543,2983,1,1,1
128.9828,41102,411251542,2752,0,0,0
128.9927,41103,411261543,2981,1,1,1
129.0058,41104,411271543,2741,0,0,0
129.0141,41105,411281542,2976,1,1,1
129.0218,41106,411291542,2745,0,0,0
129.0314,41107,411301543,2985,1,1,1
129.0415,41108,411311543,2755,0,0,0
129.0514,41109,411321543,2959,1,1,1
129.0615,41110,411331542,2765,0,0,0
129.0718,41111,411341543,2976,1,1,1
129.0815,41112,411351543,2762,0,0,0
129.0914,41113,411361543,2975,1,1,1
129.1049,41114,411371542,2770,0,0,0
129.1117,41115,411381543,2974,1,1,1
129.1215,41116,411391543,2762,0,0,0
129.1366,41117,411401543,2971,1,1,1
129.1433,41118,411411543,2767,0,0,0
129.1529,41119,411421543,2973,1,1,1
129.1653,41120,411431543,2778,0,0,0
129.1714,41121,411441542,2963,1,1,1
129.1814,41122,411451542,2783,0,0,0
129.1915,41123,411461543,2959,1,1,1
129.2018,41124,411471543,2784,0,0,0
129.2116,41125,411481543,2955,1,1,1
129.2222,41126,411491543,2799,0,0,0
129.2404,41127,411501543,2960,1,1,1
129.2420,41128,411511543,2793,0,0,0
129.2524,41129,411521543,2959,1,1,1
129.2618,41130,411531543,2791,0,0,0
129.2799,41131,411541543,2960,1,1,1
129.2830,41132,411551543,2787,0,0,0
129.2944,41133,411561543,2947,1,1,1
129.3018,41134,411571543,2786,0,0,0
129.3149,41135,411581543,2896,1,1,1
129.3220,41136,411591543,2794,0,0,0
129.3314,41137,411601542,2837,1,1,1
129.3429,41138,411611543,2800,0,0,0
129.3518,41139,411621543,2847,1,1,1
129.3621,41140,411631543,2807,0,0,0
129.3718,41141,411641542,2833,1,1,1
129.3827,41142,411651543,2810,0,0,0
129.3931,41143,411661543,2835,1,1,1
129.4031,41144,411671543,2827,0,0,0
129.4186,41145,411681542,2831,1,1,1
129.4226,41146,411691543,2822,0,0,0
129.4355,41147,411701543,2815,1,1,1
129.4434,41148,411711543,2832,0,0,0
129.4557,41149,411721543,2822,1,1,1
129.4622,41150,411731543,2828,0,0,0
129.4716,41151,411741542,2823,1,1,1
129.4815,41152,411751543,2833,0,0,0
129.4916,41153,411761543,2864,1,1,1
129.5017,41154,411771542,2821,0,0,0
129.5119,41155,411781543,2854,1,1,1
129.5220,41156,411791543,2832,0,0,0
129.5322,41157,411801543,2847,1,1,1
129.5419,41158,411811543,2827,0,0,0
129.5609,41159,411821543,2850,1,1,1
129.5624,41160,411831543,2832,0,0,0
129.5733,41161,411841542,2893,1,1,1
129.5818,41162,411851542,2831,0,0,0
129.5936,41163,411861543,2919,1,1,1
129.6049,41164,411871543,2833,0,0,0
129.6119,41165,411881542,2882,1,1,1
129.6224,41166,411891542,2818,0,0,0
129.6315,41167,411901542,2945,1,1,1
129.6415,41168,411911543,2827,0,0,0
129.6515,41169,411921543,2941,1,1,1
129.6617,41170,411931543,2827,0,0,0
129.6716,41171,411941543,2960,1,1,1
129.6819,41172,411951543,2821,0,0,0
129.6917,41173,411961543,2907,1,1,1
129.7106,41174,411971543,2832,0,0,0
129.7122,41175,411981542,2953,1,1,1
129.7232,41176,411991542,2835,0,0,0
129.7331,41177,412001543,2943,1,1,1
129.7485,41178,412011543,2835,0,0,0
129.7539,41179,412021543,2898,1,1,1
129.7631,41180,412031543,2829,0,0,0
129.7750,41181,412041543,2905,1,1,1
129.7830,41182,412051543,2825,0,0,0
129.7914,41183,412061543,2982,1,1,1
129.8018,41184,412071543,2819,0,0,0
129.8116,41185,412081543,2949,1,1,1
129.8216,41186,412091543,2822,0,0,0
129.8319,41187,412101542,2948,1,1,1
129.8421,41188,412111543,2816,0,0,0
129.8520,41189,412121543,2987,1,1,1
129.8736,41190,412131543,2814,0,0,0
129.8749,41191,412141542,2951,1,1,1
129.8857,41192,412151542,2802,0,0,0
129.8918,41193,412161542,2943,1,1,1
129.9042,41194,412171542,2809,0,0,0
129.9146,41195,412181543,2941,1,1,1
129.9217,41196,412191543,2807,0,0,0
129.9358,41197,412201543,2968,1,1,1
129.9474,41198,412211543,2803,0,0,0
129.9576,41199,412221542,2905,1,1,1
129.9618,41200,412231543,2797,0,0,0
129.9715,41201,412241542,2896,1,1,1
129.9814,41202,412251542,2787,0,0,0
129.9915,41203,412261543,2897,1,1,1
130.0014,41204,412271543,2790,0,0,0
130.0116,41205,412281543,2895,1,1,1
130.0240,41206,412291543,2779,0,0,0
130.0351,41207,412301542,2901,1,1,1
130.0452,41208,412311542,2768,0,0,0
130.0564,41209,412321543,2897,1,1,1
130.0632,41210,412331542,2751,0,0,0
130.0755,41211,412341542,2903,1,1,1
130.0848,41212,412351542,2747,0,0,0
130.0922,41213,412361543,2909,1,1,1
130.1016,41214,412371542,2747,0,0,0
130.1116,41215,412381543,2901,1,1,1
130.1214,41216,412391542,2743,0,0,0
130.1317,41217,412401542,2907,1,1,1
130.1421,41218,412411542,2726,0,0,0
130.1518,41219,412421543,2906,1,1,1
130.1628,41220,412431543,2734,0,0,0
130.1728,41221,412441543,2911,1,1,1
130.1848,41222,412451543,2736,0,0,0
130.1974,41223,412461542,2923,1,1,1
130.2063,41224,412471542,2723,0,0,0
130.2143,41225,412481542,2923,1,1,1
130.2280,41226,412491543,2722,0,0,0
130.2361,41227,412501543,2917,1,1,1
130.2415,41228,412511543,2713,0,0,0
130.2515,41229,412521543,2935,1,1,1
130.2616,41230,412531543,2706,0,0,0
130.2716,41231,412541543,2942,1,1,1
130.2817,41232,412551542,2703,0,0,0
130.2921,41233,412561542,2951,1,1,1
130.3020,41234,412571543,2702,0,0,0
130.3149,41235,412581542,2964,1,1,1
130.3253,41236,412591542,2705,0,0,0
130.3327,41237,412601543,2979,1,1,1
130.3439,41238,412611543,2695,0,0,0
130.3516,41239,412621542,2976,1,1,1
130.3642,41240,412631543,2704,0,0,0
130.3756,41241,412641542,2992,1,1,1
130.3854,41242,412651542,2706,0,0,0
130.3915,41243,412661543,2991,1,1,1
130.4014,41244,412671542,2693,0,0,0
130.4114,41245,412681542,2992,1,1,1
130.4215,41246,412691542,2694,0,0,0
130.4318,41247,412701543,2957,1,1,1
130.4418,41248,412711543,2695,0,0,0
130.4601,41249,412721543,2982,1,1,1
130.4618,41250,412731542,2688,0,0,0
130.4720,41251,412741543,2992,1,1,1
130.4863,41252,412751542,2692,0,0,0
130.4970,41253,412761543,3003,1,1,1
130.5038,41254,412771543,2695,0,0,0
130.5132,41255,412781543,3003,1,1,1
130.5224,41256,412791543,2694,0,0,0
130.5314,41257,412801543,3009,1,1,1
130.5414,41258,412811543,2685,0,0,0
130.5513,41259,412821542,3024,1,1,1
130.5615,41260,412831542,2682,0,0,0
130.5716,41261,412841543,3005,1,1,1
130.5817,41262,412851543,2684,0,0,0
130.5918,41263,412861543,3025,1,1,1
130.6039,41264,412871543,2679,0,0,0
130.6160,41265,412881542,3027,1,1,1
130.6227,41266,412891543,2671,0,0,0
130.6324,41267,412901542,3020,1,1,1
130.6452,41268,412911542,2671,0,0,0
130.6521,41269,412921543,3042,1,1,1
130.6648,41270,412931543,2663,0,0,0
130.6744,41271,412941543,3037,1,1,1
130.6814,41272,412951542,2672,0,0,0
130.6915,41273,412961542,3031,1,1,1
130.7015,41274,412971543,2669,0,0,0
130.7115,41275,412981542,3050,1,1,1
130.7218,41276,412991543,2661,0,0,0
130.7323,41277,413001543,3045,1,1,1
130.7420,41278,413011543,2659,0,0,0
130.7553,41279,413021543,3029,1,1,1
130.7618,41280,413031543,2661,0,0,0
130.7773,41281,413041543,3043,1,1,1
130.7858,41282,413051543,2650,0,0,0
130.7916,41283,413061542,3056,1,1,1
130.8062,41284,413071542,2654,0,0,0
130.8127,41285,413081543,3059,1,1,1
130.8255,41286,413091543,2647,0,0,0
130.8326,41287,413101543,3050,1,1,1
130.8414,41288,413111543,2651,0,0,0
130.8516,41289,413121543,3054,1,1,1
130.8616,41290,413131543,2650,0,0,0
130.8716,41291,413141543,3055,1,1,1
130.8817,41292,413151542,2647,0,0,0
130.8925,41293,413161542,3057,1,1,1
130.9024,41294,413171543,2645,0,0,0
130.9183,41295,413181543,3053,1,1,1
130.9220,41296,413191542,2641,0,0,0
130.9319,41297,413201543,3056,1,1,1
130.9447,41298,413211542,2651,0,0,0
130.9572,41299,413221543,3059,1,1,1
130.9615,41300,413231543,2650,0,0,0
130.9749,41301,413241543,3056,1,1,1
130.9815,41302,413251543,2642,0,0,0
130.9934,41303,413261543,3056,1,1,1
131.0028,41304,413271543,2640,0,0,0
131.0115,41305,413281543,3057,1,1,1
131.0215,41306,413291543,3730,0,1,1
131.0319,41307,413301543,3058,1,1,1
131.0421,41308,413311543,3504,0,1,1
131.0526,41309,413321543,3042,1,1,1
131.0621,41310,413331543,3729,1,1,1
131.0724,41311,413341543,3059,1,1,1
131.0894,41312,413351543,3459,1,1,1
131.0921,41313,413361543,3068,1,1,1
131.1043,41314,413371542,3312,1,1,1
131.1146,41315,413381543,3066,1,1,1
131.1304,41316,413391543,3239,1,1,1
131.1320,41317,413401542,3069,1,1,1
131.1466,41318,413411543,3278,1,1,1
131.1546,41319,413421543,3067,1,1,1
131.1617,41320,413431542,3179,1,1,1
131.1761,41321,413441543,3057,1,1,1
131.1814,41322,413451543,3161,1,1,1
131.1915,41323,413461543,2923,0,1,1
131.2021,41324,413471543,3138,1,1,1
131.2118,41325,413481543,2917,0,1,1
131.2218,41326,413491543,3119,1,1,1
131.2321,41327,413501543,2914,0,1,1
131.2439,41328,413511543,3114,1,1,1
131.2525,41329,413521543,2238,0,0,0
131.2618,41330,413531543,3103,1,1,1
131.2754,41331,413541543,2351,0,0,0
131.2839,41332,413551543,3087,1,1,1
131.2929,41333,413561543,2405,0,0,0
131.3048,41334,413571543,3071,1,1,1
131.3125,41335,413581542,2461,0,0,0
131.3217,41336,413591543,3053,1,1,1
131.3319,41337,413601543,2459,0,0,0
131.3420,41338,413611542,3047,1,1,1
131.3520,41339,413621543,2494,0,0,0
131.3625,41340,413631543,3043,1,1,1
131.3721,41341,413641543,2535,0,0,0
131.3816,41342,413651543,3035,1,1,1
131.3968,41343,413661543,2559,0,0,0
131.4019,41344,413671543,3039,1,1,1
131.4163,41345,413681542,2602,0,0,0
131.4221,41346,413691543,3025,1,1,1
131.4362,41347,413701543,2608,0,0,0
131.4457,41348,413711543,3024,1,1,1
131.4532,41349,413721542,2624,0,0,0
131.4647,41350,413731542,3024,1,1,1
131.4730,41351,413741543,2627,0,0,0
131.4831,41352,413751543,3024,1,1,1
131.4939,41353,413761543,2621,0,0,0
131.5015,41354,413771543,3010,1,1,1
131.5115,41355,413781543,2636,0,0,0
131.5214,41356,413791543,3009,1,1,1
131.5315,41357,413801542,2667,0,0,0
131.5414,41358,413811543,2999,1,1,1
131.5516,41359,413821543,2677,0,0,0
131.5618,41360,413831542,2991,1,1,1
131.5734,41361,413841543,2695,0,0,0
131.5822,41362,413851543,2973,1,1,1
131.5931,41363,413861543,2704,0,0,0
131.6047,41364,413871543,2986,1,1,1
131.6127,41365,413881543,2710,0,0,0
131.6232,41366,413891543,2971,1,1,1
131.6315,41367,413901542,2726,0,0,0
131.6415,41368,413911542,2974,1,1,1
131.6521,41369,413921543,2737,0,0,0
131.6619,41370,413931543,2986,1,1,1
131.6725,41371,413941543,2742,0,0,0
131.6821,41372,413951543,2971,1,1,1
131.6921,41373,413961542,2737,0,0,0
131.7096,41374,413971542,2973,1,1,1
131.7120,41375,413981543,2740,0,0,0
131.7246,41376,413991542,2977,1,1,1
131.7366,41377,414001543,2750,0,0,0
131.7470,41378,414011543,2956,1,1,1
131.7519,41379,414021543,2750,0,0,0
131.7668,41380,414031543,2946,1,1,1
131.7738,41381,414041543,2743,0,0,0
131.7863,41382,414051543,2963,1,1,1
131.7916,41383,414061543,2763,0,0,0
131.8014,41384,414071543,2966,1,1,1
131.8115,41385,414081543,2765,0,0,0
131.8215,41386,414091543,2966,1,1,1
131.8318,41387,414101543,2767,0,0,0
131.8427,41388,414111543,2971,1,1,1
131.8521,41389,414121542,2773,0,0,0
131.8625,41390,414131542,2953,1,1,1
131.8819,41391,414141543,2775,0,0,0
131.8842,41392,414151543,2960,1,1,1
131.8918,41393,414161543,2783,0,0,0
131.9052,41394,414171542,2951,1,1,1
131.9171,41395,414181542,2794,0,0,0
131.9246,41396,414191542,2960,1,1,1
131.9338,41397,414201543,2791,0,0,0
131.9423,41398,414211543,2955,1,1,1
131.9542,41399,414221543,2783,0,0,0
131.9639,41400,414231543,2947,1,1,1
131.9715,41401,414241542,2794,0,0,0
131.9815,41402,414251542,2950,1,1,1
131.9918,41403,414261543,2791,0,0,0
132.0024,41404,414271543,2943,1,1,1
132.0119,41405,414281543,2786,0,0,0
132.0221,41406,414291543,2953,1,1,1
132.0320,41407,414301542,2785,0,0,0
132.0425,41408,414311542,2948,1,1,1
132.0529,41409,414321542,2797,0,0,0
132.0618,41410,414331543,2944,1,1,1
132.0751,41411,414341543,2799,0,0,0
132.0840,41412,414351543,2935,1,1,1
132.0954,41413,414361542,2799,0,0,0
132.1022,41414,414371543,2931,1,1,1
132.1116,41415,414381542,2815,0,0,0
132.1214,41416,414391542,2939,1,1,1
132.1316,41417,414401543,2816,0,0,0
132.1417,41418,414411543,2926,1,1,1
132.1515,41419,414421542,2818,0,0,0
132.1616,41420,414431542,2916,1,1,1
132.1713,41421,414441542,2829,0,0,0
132.1815,41422,414451542,2932,1,1,1
132.1918,41423,414461543,2832,0,0,0
132.2025,41424,414471543,2922,1,1,1
132.2138,41425,414481543,2828,0,0,0
132.2215,41426,414491542,2913,1,1,1
132.2326,41427,414501543,2831,0,0,0
132.2463,41428,414511543,2915,1,1,1
132.2540,41429,414521543,2821,0,0,0
132.2614,41430,414531542,2899,1,1,1
132.2726,41431,414541543,2787,0,0,0
132.2817,41432,414551542,2901,1,1,1
132.2919,41433,414561543,2803,0,0,0
132.3020,41434,414571543,2909,1,1,1
132.3118,41435,414581543,2805,0,0,0
132.3221,41436,414591543,2906,1,1,1
132.3350,41437,414601543,2807,0,0,0
132.3421,41438,414611543,2887,1,1,1
132.3571,41439,414621543,2810,0,0,0
132.3704,41440,414631543,2876,1,1,1
132.3734,41441,414641543,2816,0,0,0
132.3818,41442,414651542,2917,1,1,1
132.3947,41443,414661543,2819,0,0,0
132.4061,41444,414671543,2918,1,1,1
132.4125,41445,414681543,2815,0,0,0
132.4216,41446,414691543,2913,1,1,1
132.4317,41447,414701543,2820,0,0,0
132.4416,41448,414711542,2902,1,1,1
132.4518,41449,414721543,2811,0,0,0
132.4617,41450,414731543,2897,1,1,1
132.4716,41451,414741542,2802,0,0,0
132.4852,41452,414751543,2896,1,1,1
132.4929,41453,414761543,2809,0,0,0
132.5080,41454,414771543,2907,1,1,1
132.5171,41455,414781543,2811,0,0,0
132.5215,41456,414791543,2896,1,1,1
132.5409,41457,414801543,2807,0,0,0
132.5450,41458,414811542,2897,1,1,1
132.5517,41459,414821543,2803,0,0,0
132.5658,41460,414831543,2899,1,1,1
132.5747,41461,414841543,2805,0,0,0
132.5814,41462,414851542,2896,1,1,1
132.5916,41463,414861542,2794,0,0,0
132.6016,41464,414871542,2893,1,1,1
132.6117,41465,414881543,2800,0,0,0
132.6217,41466,414891543,2887,1,1,1
132.6316,41467,414901543,2800,0,0,0
132.6433,41468,414911543,2891,1,1,1
132.6557,41469,414921543,2789,0,0,0
132.6622,41470,414931543,2896,1,1,1
132.6749,41471,414941542,2793,0,0,0
132.6837,41472,414951542,2889,1,1,1
132.6919,41473,414961543,2791,0,0,0
132.7033,41474,414971543,2889,1,1,1
132.7122,41475,414981543,2784,0,0,0
132.7215,41476,414991543,2895,1,1,1
132.7315,41477,415001542,2792,0,0,0
132.7415,41478,415011543,2893,1,1,1
132.7518,41479,415021543,2785,0,0,0
132.7617,41480,415031543,2893,1,1,1
132.7716,41481,415041543,2778,0,0,0
132.7870,41482,415051543,2891,1,1,1
132.7921,41483,415061542,2759,0,0,0
132.8100,41484,415071543,2891,1,1,1
132.8117,41485,415081543,2768,0,0,0
132.8230,41486,415091543,2886,1,1,1
132.8359,41487,415101543,2754,0,0,0
132.8467,41488,415111543,2864,1,1,1
132.8519,41489,415121543,2694,0,0,0
132.8629,41490,415131543,2768,1,1,1
132.8719,41491,415141543,2672,0,0,0
132.8817,41492,415151543,2716,1,1,1
132.8916,41493,415161543,2683,0,0,0
132.9016,41494,415171543,2868,1,1,1
132.9117,41495,415181543,2710,0,0,0
132.9215,41496,415191543,2849,1,1,1
132.9316,41497,415201543,2672,0,0,0
132.9442,41498,415211543,2933,1,1,1
132.9552,41499,415221543,2709,0,0,0
132.9661,41500,415231543,1877,0,0,0
132.9810,41501,415241543,2699,0,0,0
132.9839,41502,415251543,2763,0,1,1
132.9916,41503,415261543,2683,0,0,0
133.0064,41504,415271542,1825,0,0,0
133.0120,41505,415281543,2644,0,0,0
133.0218,41506,415291543,2087,0,0,0
133.0314,41507,415301543,2637,0,0,0
133.0414,41508,415311543,2031,0,0,0
133.0517,41509,415321543,2689,0,0,0
133.0616,41510,415331543,2310,0,0,0
133.0717,41511,415341543,2691,0,0,0
133.0818,41512,415351543,2223,0,0,0
133.0968,41513,415361543,2624,0,0,0
133.1019,41514,415371543,2219,0,0,0
133.1191,41515,415381543,2585,0,0,0
133.1224,41516,415391543,2375,0,0,0
133.1349,41517,415401543,2692,0,0,0
133.1483,41518,415411543,2365,0,0,0
133.1559,41519,415421542,2679,0,0,0
133.1637,41520,415431543,2401,0,0,0
133.1742,41521,415441542,2673,0,0,0
133.1843,41522,415451542,2439,0,0,0
133.1914,41523,415461542,2671,0,0,0
133.2015,41524,415471542,2345,0,0,0
133.2114,41525,415481543,2559,0,0,0
133.2217,41526,415491543,2498,0,0,0
133.2319,41527,415501543,2682,0,0,0
133.2417,41528,415511543,2479,0,0,0
133.2593,41529,415521542,2675,0,0,0
133.2632,41530,415531543,2368,0,0,0
133.2724,41531,415541543,2622,0,0,0
133.2832,41532,415551542,2509,0,0,0
133.2944,41533,415561542,2679,0,0,0
133.3015,41534,415571543,2500,0,0,0
133.3147,41535,415581543,2671,0,0,0
133.3244,41536,415591543,2499,0,0,0
133.3323,41537,415601543,2655,0,0,0
133.3416,41538,415611543,2517,0,0,0
133.3518,41539,415621543,2641,0,0,0
133.3617,41540,415631543,2519,0,0,0
133.3716,41541,415641543,2642,0,0,0
133.3817,41542,415651543,2404,0,0,0
133.3916,41543,415661543,2559,0,0,0
133.4098,41544,415671543,2417,0,0,0
133.4117,41545,415681543,2559,0,0,0
133.4222,41546,415691543,2414,0,0,0
133.4316,41547,415701543,2526,0,0,0
133.4420,41548,415711543,2426,0,0,0
133.4557,41549,415721543,2532,0,0,0
133.4636,41550,415731543,2559,0,0,0
133.4788,41551,415741543,2657,0,0,0
133.4817,41552,415751542,2558,0,0,0
133.4916,41553,415761542,2629,0,0,0
133.5019,41554,415771543,2559,0,0,0
133.5115,41555,415781542,2624,0,0,0
133.5213,41556,415791543,2433,0,0,0
133.5317,41557,415801543,2512,0,0,0
133.5415,41558,415811543,2494,0,0,0
133.5542,41559,415821543,2582,0,0,0
133.5621,41560,415831543,2496,0,0,0
133.5783,41561,415841543,2559,0,0,0
133.5816,41562,415851542,2502,0,0,0
133.5921,41563,415861543,2559,0,0,0
133.6049,41564,415871542,2496,0,0,0
133.6142,41565,415881543,2583,0,0,0
133.6272,41566,415891542,2500,0,0,0
133.6319,41567,415901542,2559,0,0,0
133.6414,41568,415911543,2493,0,0,0
133.6516,41569,415921543,2559,0,0,0
133.6614,41570,415931543,2602,0,0,0
133.6714,41571,415941543,2640,0,0,0
133.6817,41572,415951543,2583,0,0,0
133.6917,41573,415961543,2588,0,0,0
133.7016,41574,415971543,2593,0,0,0
133.7127,41575,415981543,2605,0,0,0
133.7265,41576,415991543,2589,0,0,0
133.7371,41577,416001543,2627,0,0,0
133.7475,41578,416011543,2582,0,0,0
133.7557,41579,416021543,2625,0,0,0
133.7628,41580,416031543,2594,0,0,0
133.7724,41581,416041543,2559,0,0,0
133.7870,41582,416051543,2583,0,0,0
133.7959,41583,416061543,2615,0,0,0
133.8056,41584,416071543,2585,0,0,0
133.8164,41585,416081543,2619,0,0,0
133.8214,41586,416091543,2559,0,0,0
133.8318,41587,416101543,2608,0,0,0
133.8415,41588,416111543,2559,0,0,0
133.8516,41589,416121543,2615,0,0,0
133.8618,41590,416131543,2591,0,0,0
133.8715,41591,416141543,2612,0,0,0
133.8818,41592,416151543,2590,0,0,0
133.8973,41593,416161543,2608,0,0,0
133.9050,41594,416171543,2583,0,0,0
133.9168,41595,416181543,2603,0,0,0
133.9242,41596,416191542,2584,0,0,0
133.9315,41597,416201543,2613,0,0,0
133.9444,41598,416211543,2591,0,0,0
133.9532,41599,416221543,2607,0,0,0
133.9662,41600,416231543,2591,0,0,0
133.9737,41601,416241543,2595,0,0,0
133.9815,41602,416251543,2581,0,0,0
133.9915,41603,416261543,2559,0,0,0
134.0021,41604,416271543,2589,0,0,0
134.0116,41605,416281542,2595,0,0,0
134.0218,41606,416291543,2589,0,0,0
134.0322,41607,416301543,2591,0,0,0
134.0418,41608,416311542,2588,0,0,0
134.0588,41609,416321543,2589,0,0,0
134.0622,41610,416331543,2597,0,0,0
134.0720,41611,416341542,2587,0,0,0
134.0892,41612,416351543,2594,0,0,0
134.0937,41613,416361543,2559,0,0,0
134.1068,41614,416371543,2599,0,0,0
134.1134,41615,416381543,2559,0,0,0
134.1244,41616,416391543,2607,0,0,0
134.1370,41617,416401543,2559,0,0,0
134.1442,41618,416411543,2603,0,0,0
134.1516,41619,416421543,2555,0,0,0
134.1616,41620,416431542,2620,0,0,0
134.1714,41621,416441543,2554,0,0,0
134.1820,41622,416451543,2626,0,0,0
134.1923,41623,416461543,2529,0,0,0
134.2021,41624,416471543,2633,0,0,0
134.2190,41625,416481542,2546,0,0,0
134.2236,41626,416491543,2639,0,0,0
134.2324,41627,416501543,2498,0,0,0
134.2424,41628,416511543,2528,0,0,0
134.2541,41629,416521543,2492,0,0,0
134.2655,41630,416531543,2653,0,0,0
134.2731,41631,416541543,2498,0,0,0
134.2856,41632,416551543,2651,0,0,0
134.2934,41633,416561543,3308,1,1,1
134.3017,41634,416571543,2651,0,0,0
134.3114,41635,416581543,3063,1,1,1
134.3215,41636,416591542,2654,0,0,0
134.3316,41637,416601543,3037,1,1,1
134.3413,41638,416611543,2650,0,0,0
134.3515,41639,416621543,3024,1,1,1
134.3615,41640,416631543,2654,0,0,0
134.3724,41641,416641542,3007,1,1,1
134.3824,41642,416651543,2625,0,0,0
134.3923,41643,416661542,2992,1,1,1
134.4056,41644,416671543,2671,0,0,0
134.4168,41645,416681542,2965,1,1,1
134.4244,41646,416691543,2687,0,0,0
134.4343,41647,416701543,2966,1,1,1
134.4441,41648,416711543,2685,0,0,0
134.4534,41649,416721543,2961,1,1,1
134.4620,41650,416731543,2693,0,0,0
134.4718,41651,416741542,2949,1,1,1
134.4818,41652,416751543,2704,0,0,0
134.4918,41653,416761542,2958,1,1,1
134.5017,41654,416771543,2706,0,0,0
134.5115,41655,416781543,2946,1,1,1
134.5250,41656,416791542,2719,0,0,0
134.5336,41657,416801543,2943,1,1,1
134.5468,41658,416811543,2705,0,0,0
134.5607,41659,416821542,2960,1,1,1
134.5621,41660,416831542,2711,0,0,0
134.5733,41661,416841543,2950,1,1,1
134.5849,41662,416851543,2717,0,0,0
134.6008,41663,416861542,2962,1,1,1
134.6016,41664,416871543,2719,0,0,0
134.6114,41665,416881543,2958,1,1,1
134.6215,41666,416891542,2720,0,0,0
134.6314,41667,416901542,2463,0,0,0
134.6415,41668,416911543,2697,0,0,0
134.6516,41669,416921543,2435,0,0,0
134.6615,41670,416931543,2661,0,0,0
134.6715,41671,416941542,2416,0,0,0
134.6846,41672,416951543,2671,0,0,0
134.6933,41673,416961542,2415,0,0,0
134.7069,41674,416971542,2679,0,0,0
134.7116,41675,416981543,2415,0,0,0
134.7248,41676,416991542,2672,0,0,0
134.7329,41677,417001543,2409,0,0,0
134.7442,41678,417011543,2685,0,0,0
134.7550,41679,417021543,2410,0,0,0
134.7614,41680,417031543,2675,0,0,0
134.7716,41681,417041542,2405,0,0,0
134.7815,41682,417051543,2674,0,0,0
134.7917,41683,417061543,2966,1,1,1
134.8016,41684,417071542,2757,0,0,0
134.8123,41685,417081543,2934,1,1,1
134.8221,41686,417091542,2762,0,0,0
134.8379,41687,417101543,2937,1,1,1
134.8419,41688,417111543,2768,0,0,0
134.8561,41689,417121542,2949,1,1,1
134.8654,41690,417131543,2769,0,0,0
134.8773,41691,417141542,2945,1,1,1
134.8866,41692,417151543,2777,0,0,0
134.8940,41693,417161543,2943,1,1,1
134.9048,41694,417171542,2773,0,0,0
134.9159,41695,417181542,2947,1,1,1
134.9213,41696,417191543,2762,0,0,0
134.9315,41697,417201543,2933,1,1,1
134.9416,41698,417211542,2771,0,0,0
134.9515,41699,417221542,2945,1,1,1
134.9618,41700,417231543,2784,0,0,0
134.9721,41701,417241543,2944,1,1,1
134.9898,41702,417251543,2791,0,0,0
134.9918,41703,417261543,2442,0,0,0
135.0018,41704,417271543,2769,0,0,0
135.0178,41705,417281543,2421,0,0,0
135.0231,41706,417291543,2730,0,0,0
135.0319,41707,417301542,2386,0,0,0
135.0449,41708,417311543,2742,0,0,0
135.0563,41709,417321543,2384,0,0,0
135.0615,41710,417331543,2747,0,0,0
135.0714,41711,417341543,2382,0,0,0
135.0814,41712,417351543,2749,0,0,0
135.0919,41713,417361543,2382,0,0,0
135.1016,41714,417371543,2759,0,0,0
135.1117,41715,417381542,2377,0,0,0
135.1223,41716,417391543,2745,0,0,0
135.1425,41717,417401543,2379,0,0,0
135.1438,41718,417411543,2749,0,0,0
135.1556,41719,417421543,2373,0,0,0
135.1657,41720,417431543,2737,0,0,0
135.1757,41721,417441543,2373,0,0,0
135.1834,41722,417451543,2736,0,0,0
135.1949,41723,417461543,2367,0,0,0
135.2027,41724,417471543,2733,0,0,0
135.2151,41725,417481543,2929,1,1,1
135.2228,41726,417491542,2805,0,0,0
135.2314,41727,417501543,2915,1,1,1
135.2420,41728,417511543,2805,0,0,0
135.2523,41729,417521543,2912,1,1,1
135.2621,41730,417531543,2800,0,0,0
135.2721,41731,417541543,2416,0,0,0
135.2820,41732,417551543,2794,0,0,0
135.2936,41733,417561543,2367,0,0,0
135.3027,41734,417571543,2736,0,0,0
135.3156,41735,417581543,2373,0,0,0
135.3254,41736,417591543,2750,0,0,0
135.3355,41737,417601543,2374,0,0,0
135.3425,41738,417611543,2742,0,0,0
135.3550,41739,417621542,2370,0,0,0
135.3626,41740,417631543,2739,0,0,0
135.3714,41741,417641543,2365,0,0,0
135.3814,41742,417651542,2736,0,0,0
135.3915,41743,417661542,2359,0,0,0
135.4019,41744,417671542,2741,0,0,0
135.4118,41745,417681543,2362,0,0,0
135.4218,41746,417691543,2721,0,0,0
135.4323,41747,417701543,2355,0,0,0
135.4457,41748,417711543,2734,0,0,0
135.4554,41749,417721542,2353,0,0,0
135.4625,41750,417731543,2727,0,0,0
135.4751,41751,417741542,2361,0,0,0
135.4846,41752,417751543,2755,0,0,0
135.4936,41753,417761542,2351,0,0,0
135.5043,41754,417771542,2711,0,0,0
135.5117,41755,417781542,2346,0,0,0
135.5246,41756,417791543,2715,0,0,0
135.5315,41757,417801543,2336,0,0,0
135.5420,41758,417811543,2713,0,0,0
135.5516,41759,417821543,2335,0,0,0
135.5624,41760,417831543,2711,0,0,0
135.5718,41761,417841543,2337,0,0,0
135.5826,41762,417851542,2702,0,0,0
135.5967,41763,417861543,2333,0,0,0
135.6024,41764,417871542,2707,0,0,0
135.6142,41765,417881543,2323,0,0,0
135.6216,41766,417891543,2703,0,0,0
135.6315,41767,417901543,2333,0,0,0
135.6456,41768,417911543,2706,0,0,0
135.6520,41769,417921542,2331,0,0,0
135.6650,41770,417931543,2704,0,0,0
135.6753,41771,417941543,2342,0,0,0
135.6814,41772,417951543,2703,0,0,0
135.6919,41773,417961543,2335,0,0,0
135.7022,41774,417971543,2705,0,0,0
135.7118,41775,417981542,2334,0,0,0
135.7218,41776,417991543,2705,0,0,0
135.7322,41777,418001543,2341,0,0,0
135.7527,41778,418011542,2703,0,0,0
135.7532,41779,418021543,2326,0,0,0
135.7647,41780,418031543,2685,0,0,0
135.7718,41781,418041543,2338,0,0,0
135.7850,41782,418051543,2674,0,0,0
135.7982,41783,418061543,2331,0,0,0
135.8057,41784,418071543,2662,0,0,0
135.8145,41785,418081543,2326,0,0,0
135.8230,41786,418091543,2649,0,0,0
135.8349,41787,418101543,2331,0,0,0
135.8414,41788,418111542,2640,0,0,0
135.8519,41789,418121543,2339,0,0,0
135.8621,41790,418131543,2640,0,0,0
135.8719,41791,418141543,2342,0,0,0
135.8820,41792,418151543,2637,0,0,0
135.8920,41793,418161543,2339,0,0,0
135.9018,41794,418171543,2631,0,0,0
135.9171,41795,418181543,2349,0,0,0
135.9218,41796,418191543,2629,0,0,0
135.9375,41797,418201543,2355,0,0,0
135.9482,41798,418211543,2635,0,0,0
135.9552,41799,418221543,2350,0,0,0
135.9633,41800,418231543,2627,0,0,0
135.9764,41801,418241543,2352,0,0,0
135.9817,41802,418251543,2622,0,0,0
135.9947,41803,418261542,2368,0,0,0
136.0015,41804,418271542,2619,0,0,0
136.0118,41805,418281543,2369,0,0,0
136.0214,41806,418291543,2618,0,0,0
136.0317,41807,418301542,2391,0,0,0
136.0418,41808,418311542,2617,0,0,0
136.0525,41809,418321543,2391,0,0,0
136.0622,41810,418331543,2621,0,0,0
136.0798,41811,418341543,2398,0,0,0
136.0820,41812,418351542,2615,0,0,0
136.0918,41813,418361542,2420,0,0,0
136.1049,41814,418371543,2650,0,0,0
136.1117,41815,418381543,2425,0,0,0
136.1244,41816,418391543,2610,0,0,0
136.1383,41817,418401543,2423,0,0,0
136.1470,41818,418411543,2617,0,0,0
136.1550,41819,418421543,2416,0,0,0
136.1614,41820,418431543,2607,0,0,0
136.1715,41821,418441543,2416,0,0,0
136.1816,41822,418451543,2619,0,0,0
136.1917,41823,418461543,2419,0,0,0
136.2025,41824,418471543,2621,0,0,0
136.2119,41825,418481543,2423,0,0,0
136.2283,41826,418491543,2617,0,0,0
136.2318,41827,418501543,2429,0,0,0
136.2418,41828,418511543,2624,0,0,0
136.2517,41829,418521542,2443,0,0,0
136.2676,41830,418531543,2637,0,0,0
136.2732,41831,418541543,2448,0,0,0
136.2846,41832,418551543,2622,0,0,0
136.2949,41833,418561543,2451,0,0,0
136.3048,41834,418571542,2614,0,0,0
136.3117,41835,418581542,2464,0,0,0
136.3215,41836,418591543,2611,0,0,0
136.3315,41837,418601543,2471,0,0,0
136.3420,41838,418611542,2608,0,0,0
136.3519,41839,418621543,2483,0,0,0
136.3622,41840,418631543,2605,0,0,0
136.3716,41841,418641543,2481,0,0,0
136.3816,41842,418651542,2604,0,0,0
136.3936,41843,418661543,2487,0,0,0
136.4055,41844,418671543,2599,0,0,0
136.4152,41845,418681542,2492,0,0,0
136.4261,41846,418691543,2585,0,0,0
136.4317,41847,418701543,2463,0,0,0
136.4452,41848,418711543,2559,0,0,0
136.4520,41849,418721543,2478,0,0,0
136.4639,41850,418731543,2559,0,0,0
136.4732,41851,418741542,2465,0,0,0
136.4814,41852,418751543,2558,0,0,0
136.4919,41853,418761543,2482,0,0,0
136.5022,41854,418771543,2559,0,0,0
136.5118,41855,418781542,2490,0,0,0
136.5218,41856,418791543,2559,0,0,0
136.5318,41857,418801543,2480,0,0,0
136.5447,41858,418811543,2559,0,0,0
136.5524,41859,418821543,2489,0,0,0
136.5647,41860,418831543,2581,0,0,0
136.5766,41861,418841543,2510,0,0,0
136.5836,41862,418851543,2581,0,0,0
136.5948,41863,418861543,2499,0,0,0
136.6073,41864,418871542,2583,0,0,0
136.6132,41865,418881542,2511,0,0,0
136.6221,41866,418891542,2583,0,0,0
136.6318,41867,418901543,2511,0,0,0
136.6414,41868,418911543,2559,0,0,0
136.6514,41869,418921543,2515,0,0,0
136.6620,41870,418931543,2559,0,0,0
136.6727,41871,418941543,2512,0,0,0
136.6818,41872,418951543,2559,0,0,0
136.6918,41873,418961543,2511,0,0,0
136.7024,41874,418971543,2587,0,0,0
136.7152,41875,418981543,2556,0,0,0
136.7221,41876,418991543,2592,0,0,0
136.7349,41877,419001543,2506,0,0,0
136.7474,41878,419011542,2559,0,0,0
136.7523,41879,419021543,2512,0,0,0
136.7656,41880,419031543,2559,0,0,0
136.7723,41881,419041543,2500,0,0,0
136.7849,41882,419051543,2559,0,0,0
136.7926,41883,419061543,2511,0,0,0
136.8017,41884,419071543,2581,0,0,0
136.8115,41885,419081542,2514,0,0,0
136.8215,41886,419091542,2585,0,0,0
136.8320,41887,419101542,2517,0,0,0
136.8425,41888,419111543,2559,0,0,0
136.8524,41889,419121543,2519,0,0,0
136.8624,41890,419131543,2559,0,0,0
136.8749,41891,419141543,2519,0,0,0
136.8822,41892,419151542,2559,0,0,0
136.8937,41893,419161543,2519,0,0,0
136.9052,41894,419171543,2559,0,0,0
136.9151,41895,419181543,2520,0,0,0
136.9240,41896,419191543,2559,0,0,0
136.9315,41897,419201543,2515,0,0,0
136.9436,41898,419211542,2559,0,0,0
136.9516,41899,419221542,2517,0,0,0
136.9614,41900,419231543,2559,0,0,0
136.9716,41901,419241543,2529,0,0,0
136.9818,41902,419251543,2559,0,0,0
136.9917,41903,419261543,2525,0,0,0
137.0021,41904,419271543,2559,0,0,0
137.0118,41905,419281543,2529,0,0,0
137.0241,41906,419291543,2559,0,0,0
137.0315,41907,419301543,2529,0,0,0
137.0468,41908,419311543,2559,0,0,0
137.0517,41909,419321543,2531,0,0,0
137.0654,41910,419331543,2544,0,0,0
137.0725,41911,419341543,2531,0,0,0
137.0855,41912,419351542,2544,0,0,0
137.0934,41913,419361542,2537,0,0,0
137.1014,41914,419371543,2548,0,0,0
137.1114,41915,419381543,2542,0,0,0
137.1214,41916,419391543,2542,0,0,0
137.1315,41917,419401543,2542,0,0,0
137.1415,41918,419411543,2545,0,0,0
137.1521,41919,419421543,2543,0,0,0
137.1619,41920,419431542,2544,0,0,0
137.1777,41921,419441543,2553,0,0,0
137.1818,41922,419451543,2539,0,0,0
137.1943,41923,419461543,2548,0,0,0
137.2064,41924,419471543,2540,0,0,0
137.2116,41925,419481543,2551,0,0,0
137.2241,41926,419491543,2527,0,0,0
137.2364,41927,419501543,2559,0,0,0
137.2455,41928,419511542,2501,0,0,0
137.2527,41929,419521543,2559,0,0,0
137.2614,41930,419531543,2509,0,0,0
137.2718,41931,419541542,2559,0,0,0
137.2814,41932,419551542,2522,0,0,0
137.2915,41933,419561543,2589,0,0,0
137.3016,41934,419571543,2512,0,0,0
137.3119,41935,419581543,2598,0,0,0
137.3222,41936,419591542,2530,0,0,0
137.3360,41937,419601543,2621,0,0,0
137.3428,41938,419611543,2496,0,0,0
137.3559,41939,419621543,2595,0,0,0
137.3618,41940,419631543,2503,0,0,0
137.3762,41941,419641542,2598,0,0,0
137.3833,41942,419651543,2503,0,0,0
137.3964,41943,419661543,2606,0,0,0
137.4016,41944,419671543,2495,0,0,0
137.4122,41945,419681543,2598,0,0,0
137.4228,41946,419691543,2500,0,0,0
137.4315,41947,419701543,2605,0,0,0
137.4415,41948,419711542,2499,0,0,0
137.4517,41949,419721543,2592,0,0,0
137.4621,41950,419731543,2500,0,0,0
137.4723,41951,419741543,2598,0,0,0
137.4818,41952,419751543,2484,0,0,0
137.4957,41953,419761542,2608,0,0,0
137.5029,41954,419771543,2486,0,0,0
137.5148,41955,419781543,2623,0,0,0
137.5294,41956,419791543,2478,0,0,0
137.5315,41957,419801543,2644,0,0,0
137.5431,41958,419811542,2459,0,0,0
137.5533,41959,419821542,2659,0,0,0
137.5661,41960,419831543,2467,0,0,0
137.5729,41961,419841543,2658,0,0,0
137.5866,41962,419851543,2471,0,0,0
137.5918,41963,419861543,2673,0,0,0
137.6014,41964,419871543,2462,0,0,0
137.6118,41965,419881543,2683,0,0,0
137.6216,41966,419891543,2458,0,0,0
137.6315,41967,419901543,2678,0,0,0
137.6416,41968,419911543,2459,0,0,0
137.6515,41969,419921543,2682,0,0,0
137.6620,41970,419931543,2449,0,0,0
137.6764,41971,419941543,2682,0,0,0
137.6833,41972,419951542,2448,0,0,0
137.6932,41973,419961543,2687,0,0,0
137.7016,41974,419971542,2450,0,0,0
137.7172,41975,419981543,2686,0,0,0
137.7245,41976,419991543,2443,0,0,0
137.7389,41977,420001543,2685,0,0,0
137.7416,41978,420011543,2441,0,0,0
137.7534,41979,420021543,2697,0,0,0
137.7620,41980,420031543,2451,0,0,0
137.7717,41981,420041543,2690,0,0,0
137.7816,41982,420051543,2447,0,0,0
137.7915,41983,420061543,2693,0,0,0
137.8014,41984,420071543,2443,0,0,0
137.8116,41985,420081542,2695,0,0,0
137.8216,41986,420091543,2439,0,0,0
137.8355,41987,420101543,2704,0,0,0
137.8442,41988,420111543,2435,0,0,0
137.8581,41989,420121542,2704,0,0,0
137.8663,41990,420131542,2445,0,0,0
137.8737,41991,420141542,2700,0,0,0
137.8816,41992,420151542,2437,0,0,0
137.8918,41993,420161542,2711,0,0,0
137.9029,41994,420171542,2429,0,0,0
137.9114,41995,420181543,2709,0,0,0
137.9214,41996,420191543,2430,0,0,0
137.9318,41997,420201543,2707,0,0,0
137.9415,41998,420211543,2429,0,0,0
137.9517,41999,420221542,2711,0,0,0
137.9617,42000,420231542,2430,0,0,0
137.9722,42001,420241543,2726,0,0,0
137.9891,42002,420251543,2448,0,0,0
137.9917,42003,420261543,2755,0,0,0
138.0055,42004,420271543,2413,0,0,0
138.0150,42005,420281543,2725,0,0,0
138.0261,42006,420291543,2417,0,0,0
138.0366,42007,420301543,2726,0,0,0
138.0424,42008,420311542,2416,0,0,0
138.0542,42009,420321543,2725,0,0,0
138.0668,42010,420331543,2422,0,0,0
138.0719,42011,420341543,2729,0,0,0
138.0816,42012,420351543,2416,0,0,0
138.0914,42013,420361543,2723,0,0,0
138.1013,42014,420371543,2414,0,0,0
138.1115,42015,420381543,2727,0,0,0
138.1215,42016,420391543,2411,0,0,0
138.1316,42017,420401542,2736,0,0,0
138.1441,42018,420411543,2410,0,0,0
138.1553,42019,420421542,2736,0,0,0
138.1629,42020,420431543,2403,0,0,0
138.1788,42021,420441543,2737,0,0,0
138.1898,42022,420451543,2405,0,0,0
138.1982,42023,420461543,2747,0,0,0
138.2075,42024,420471543,2405,0,0,0
138.2165,42025,420481542,2753,0,0,0
138.2251,42026,420491542,2405,0,0,0
138.2327,42027,420501543,2759,0,0,0
138.2416,42028,420511543,2402,0,0,0
138.2515,42029,420521543,2762,0,0,0
138.2615,42030,420531543,2391,0,0,0
138.2716,42031,420541543,2769,0,0,0
138.2815,42032,420551543,2367,0,0,0
138.2916,42033,420561543,2742,0,0,0
138.3015,42034,420571543,2381,0,0,0
138.3120,42035,420581543,2751,0,0,0
138.3220,42036,420591543,2354,0,0,0
138.3318,42037,420601542,2736,0,0,0
138.3450,42038,420611543,2357,0,0,0
138.3568,42039,420621543,2743,0,0,0
138.3651,42040,420631543,2382,0,0,0
138.3715,42041,420641543,2755,0,0,0
138.3841,42042,420651543,2389,0,0,0
138.3915,42043,420661542,2754,0,0,0
138.4014,42044,420671543,2384,0,0,0
138.4117,42045,420681543,2749,0,0,0
138.4214,42046,420691543,2387,0,0,0
138.4314,42047,420701543,2751,0,0,0
138.4419,42048,420711543,2385,0,0,0
138.4524,42049,420721543,2754,0,0,0
138.4621,42050,420731543,2383,0,0,0
138.4791,42051,420741543,2751,0,0,0
138.4820,42052,420751543,2375,0,0,0
138.4932,42053,420761542,2757,0,0,0
138.5044,42054,420771543,2383,0,0,0
138.5150,42055,420781543,2763,0,0,0
138.5253,42056,420791542,2385,0,0,0
138.5344,42057,420801543,2742,0,0,0
138.5416,42058,420811542,2384,0,0,0
138.5549,42059,420821543,2746,0,0,0
138.5624,42060,420831543,2380,0,0,0
138.5718,42061,420841543,2751,0,0,0
138.5816,42062,420851543,2377,0,0,0
138.5916,42063,420861542,2755,0,0,0
138.6025,42064,420871543,2377,0,0,0
138.6118,42065,420881543,2751,0,0,0
138.6217,42066,420891543,2373,0,0,0
138.6316,42067,420901543,2768,0,0,0
138.6421,42068,420911543,2401,0,0,0
138.6519,42069,420921543,2786,0,0,0
138.6638,42070,420931543,2375,0,0,0
138.6734,42071,420941543,2751,0,0,0
138.6833,42072,420951543,2375,0,0,0
138.6935,42073,420961542,2745,0,0,0
138.7036,42074,420971543,2359,0,0,0
138.7152,42075,420981543,2741,0,0,0
138.7215,42076,420991543,2359,0,0,0
138.7315,42077,421001543,2746,0,0,0
138.7415,42078,421011542,2369,0,0,0
138.7515,42079,421021543,2750,0,0,0
138.7618,42080,421031542,2368,0,0,0
138.7715,42081,421041543,2749,0,0,0
138.7814,42082,421051542,2362,0,0,0
138.7923,42083,421061543,2742,0,0,0
138.8030,42084,421071542,2362,0,0,0
138.8166,42085,421081543,2737,0,0,0
138.8252,42086,421091543,2368,0,0,0
138.8316,42087,421101543,2737,0,0,0
138.8430,42088,421111543,2355,0,0,0
138.8528,42089,421121543,2734,0,0,0
138.8630,42090,421131543,2355,0,0,0
138.8718,42091,421141543,2735,0,0,0
138.8814,42092,421151543,2368,0,0,0
138.8914,42093,421161543,2737,0,0,0
138.9015,42094,421171543,2364,0,0,0
138.9118,42095,421181543,2729,0,0,0
138.9219,42096,421191543,2358,0,0,0
138.9404,42097,421201543,2727,0,0,0
138.9425,42098,421211543,2357,0,0,0
138.9519,42099,421221543,2720,0,0,0
138.9671,42100,421231543,2353,0,0,0
138.9723,42101,421241543,2718,0,0,0
138.9857,42102,421251543,2352,0,0,0
138.9929,42103,421261543,2704,0,0,0
139.0058,42104,421271543,2356,0,0,0
139.0142,42105,421281543,2690,0,0,0
139.0217,42106,421291542,2365,0,0,0
139.0315,42107,421301542,2694,0,0,0
139.0416,42108,421311543,2367,0,0,0
139.0518,42109,421321543,2682,0,0,0
139.0621,42110,421331543,2363,0,0,0
139.0717,42111,421341543,2680,0,0,0
139.0902,42112,421351543,2367,0,0,0
139.0924,42113,421361543,2671,0,0,0
139.1017,42114,421371542,2363,0,0,0
139.1176,42115,421381542,2666,0,0,0
139.1225,42116,421391542,2367,0,0,0
139.1340,42117,421401543,2668,0,0,0
139.1449,42118,421411543,2368,0,0,0
139.1516,42119,421421542,2649,0,0,0
139.1656,42120,421431542,2371,0,0,0
139.1714,42121,421441542,2651,0,0,0
139.1819,42122,421451543,2374,0,0,0
139.1916,42123,421461543,2659,0,0,0
139.2025,42124,421471543,2379,0,0,0
139.2118,42125,421481543,2651,0,0,0
139.2223,42126,421491543,2378,0,0,0
139.2324,42127,421501543,2651,0,0,0
139.2467,42128,421511543,2384,0,0,0
139.2525,42129,421521542,2651,0,0,0
139.2693,42130,421531543,2394,0,0,0
139.2719,42131,421541543,2643,0,0,0
139.2869,42132,421551543,2407,0,0,0
139.2959,42133,421561543,2643,0,0,0
139.3026,42134,421571543,2446,0,0,0
139.3142,42135,421581542,2666,0,0,0
139.3228,42136,421591542,2420,0,0,0
139.3348,42137,421601542,2640,0,0,0
139.3416,42138,421611543,2425,0,0,0
139.3516,42139,421621543,2625,0,0,0
139.3620,42140,421631542,2431,0,0,0
139.3720,42141,421641543,2640,0,0,0
139.3824,42142,421651543,2438,0,0,0
139.3921,42143,421661542,2640,0,0,0
139.4024,42144,421671543,2439,0,0,0
139.4154,42145,421681543,2633,0,0,0
139.4229,42146,421691543,2438,0,0,0
139.4343,42147,421701543,2650,0,0,0
139.4484,42148,421711543,2439,0,0,0
139.4517,42149,421721543,2641,0,0,0
139.4642,42150,421731543,2441,0,0,0
139.4759,42151,421741543,2640,0,0,0
139.4817,42152,421751543,2441,0,0,0
139.4950,42153,421761543,2637,0,0,0
139.5018,42154,421771543,2448,0,0,0
139.5118,42155,421781543,2639,0,0,0
139.5217,42156,421791543,2438,0,0,0
139.5322,42157,421801543,2631,0,0,0
139.5419,42158,421811542,2451,0,0,0
139.5518,42159,421821542,2631,0,0,0
139.5621,42160,421831543,2467,0,0,0
139.5744,42161,421841542,2617,0,0,0
139.5861,42162,421851543,2470,0,0,0
139.5972,42163,421861543,2610,0,0,0
139.6054,42164,421871543,2478,0,0,0
139.6142,42165,421881542,2608,0,0,0
139.6215,42166,421891543,2480,0,0,0
139.6332,42167,421901543,2605,0,0,0
139.6436,42168,421911543,2482,0,0,0
139.6544,42169,421921543,2607,0,0,0
139.6613,42170,421931543,2484,0,0,0
139.6717,42171,421941543,2605,0,0,0
139.6817,42172,421951543,2481,0,0,0
139.6919,42173,421961542,2595,0,0,0
139.7019,42174,421971542,2495,0,0,0
139.7119,42175,421981542,2592,0,0,0
139.7221,42176,421991543,2495,0,0,0
139.7330,42177,422001542,2594,0,0,0
139.7462,42178,422011543,2494,0,0,0
139.7561,42179,422021543,2598,0,0,0
139.7675,42180,422031543,2496,0,0,0
139.7736,42181,422041543,2588,0,0,0
139.7845,42182,422051543,2497,0,0,0
139.7935,42183,422061543,2595,0,0,0
139.8033,42184,422071543,2493,0,0,0
139.8151,42185,422081543,2601,0,0,0
139.8218,42186,422091543,2502,0,0,0
139.8314,42187,422101543,2595,0,0,0
139.8419,42188,422111543,2496,0,0,0
139.8518,42189,422121543,2598,0,0,0
139.8618,42190,422131543,2507,0,0,0
139.8721,42191,422141543,2606,0,0,0
139.8820,42192,422151543,2491,0,0,0
139.8924,42193,422161543,2596,0,0,0
139.9018,42194,422171543,2498,0,0,0
139.9118,42195,422181543,2593,0,0,0
139.9216,42196,422191543,2501,0,0,0
139.9339,42197,422201543,2595,0,0,0
139.9440,42198,422211543,2507,0,0,0
139.9523,42199,422221543,2605,0,0,0
139.9656,42200,422231543,2528,0,0,0
139.9756,42201,422241542,2606,0,0,0
139.9849,42202,422251543,2494,0,0,0
139.9935,42203,422261543,2590,0,0,0
140.0017,42204,422271543,2499,0,0,0
140.0114,42205,422281542,2591,0,0,0
140.0215,42206,422291543,2499,0,0,0
140.0313,42207,422301542,2549,0,0,0
140.0415,42208,422311543,2499,0,0,0
140.0522,42209,422321543,2559,0,0,0
140.0619,42210,422331543,2507,0,0,0
140.0781,42211,422341543,2581,0,0,0
140.0825,42212,422351543,2501,0,0,0
140.0917,42213,422361543,2543,0,0,0
140.1078,42214,422371543,2512,0,0,0
140.1135,42215,422381543,2583,0,0,0
140.1250,42216,422391543,2517,0,0,0
140.1353,42217,422401543,2581,0,0,0
140.1417,42218,422411543,2519,0,0,0
140.1564,42219,422421543,2559,0,0,0
140.1628,42220,422431543,2528,0,0,0
140.1716,42221,422441542,2559,0,0,0
140.1821,42222,422451543,2529,0,0,0
140.1918,42223,422461542,2559,0,0,0
140.2021,42224,422471543,2523,0,0,0
140.2119,42225,422481543,2559,0,0,0
140.2277,42226,422491543,2527,0,0,0
140.2319,42227,422501542,2559,0,0,0
140.2480,42228,422511543,2523,0,0,0
140.2564,42229,422521543,2559,0,0,0
140.2634,42230,422531543,2511,0,0,0
140.2717,42231,422541543,2559,0,0,0
140.2837,42232,422551543,2512,0,0,0
140.2946,42233,422561543,2559,0,0,0
140.3052,42234,422571543,2534,0,0,0
140.3114,42235,422581543,2557,0,0,0
140.3216,42236,422591543,2523,0,0,0
140.3320,42237,422601543,2555,0,0,0
140.3415,42238,422611543,2534,0,0,0
140.3519,42239,422621542,2559,0,0,0
140.3621,42240,422631543,2543,0,0,0
140.3720,42241,422641542,2559,0,0,0
140.3886,42242,422651543,2534,0,0,0
140.3920,42243,422661543,2559,0,0,0
140.4023,42244,422671543,2541,0,0,0
140.4169,42245,422681543,2551,0,0,0
140.4303,42246,422691543,2533,0,0,0
140.4369,42247,422701542,2550,0,0,0
140.4444,42248,422711543,2540,0,0,0
140.4515,42249,422721543,2549,0,0,0
140.4620,42250,422731543,2545,0,0,0
140.4780,42251,422741542,2544,0,0,0
140.4840,42252,422751542,2551,0,0,0
140.4917,42253,422761542,2544,0,0,0
140.5021,42254,422771543,2544,0,0,0
140.5119,42255,422781543,2535,0,0,0
140.5219,42256,422791543,2559,0,0,0
140.5323,42257,422801543,2528,0,0,0
140.5419,42258,422811543,2559,0,0,0
140.5552,42259,422821542,2518,0,0,0
140.5676,42260,422831542,2559,0,0,0
140.5773,42261,422841542,2516,0,0,0
140.5817,42262,422851543,2585,0,0,0
140.5934,42263,422861543,2513,0,0,0
140.6017,42264,422871543,2583,0,0,0
140.6148,42265,422881543,2511,0,0,0
140.6215,42266,422891543,2595,0,0,0
140.6355,42267,422901542,2512,0,0,0
140.6414,42268,422911543,2621,0,0,0
140.6519,42269,422921543,2539,0,0,0
140.6620,42270,422931543,2602,0,0,0
140.6719,42271,422941543,2514,0,0,0
140.6816,42272,422951543,2607,0,0,0
140.6919,42273,422961542,2512,0,0,0
140.7022,42274,422971543,2609,0,0,0
140.7150,42275,422981543,2514,0,0,0
140.7269,42276,422991543,2614,0,0,0
140.7369,42277,423001542,2507,0,0,0
140.7429,42278,423011543,2617,0,0,0
140.7558,42279,423021543,2512,0,0,0
140.7632,42280,423031543,2608,0,0,0
140.7769,42281,423041543,2496,0,0,0
140.7824,42282,423051543,2619,0,0,0
140.7920,42283,423061543,2496,0,0,0
140.8015,42284,423071543,2635,0,0,0
140.8115,42285,423081543,2479,0,0,0
140.8215,42286,423091543,2642,0,0,0
140.8316,42287,423101543,2469,0,0,0
140.8419,42288,423111543,2658,0,0,0
140.8520,42289,423121543,2468,0,0,0
140.8618,42290,423131543,2670,0,0,0
140.8726,42291,423141543,2461,0,0,0
140.8848,42292,423151542,2672,0,0,0
140.8919,42293,423161543,2454,0,0,0
140.9047,42294,423171543,2673,0,0,0
140.9148,42295,423181543,2457,0,0,0
140.9230,42296,423191543,2677,0,0,0
140.9317,42297,423201543,2452,0,0,0
140.9484,42298,423211543,2674,0,0,0
140.9523,42299,423221542,2448,0,0,0
140.9675,42300,423231542,2688,0,0,0
140.9772,42301,423241543,2449,0,0,0
140.9844,42302,423251543,2677,0,0,0
140.9916,42303,423261542,2449,0,0,0
141.0015,42304,423271542,2686,0,0,0
141.0115,42305,423281542,2446,0,0,0
141.0219,42306,423291542,2683,0,0,0
141.0321,42307,423301543,2448,0,0,0
141.0418,42308,423311543,2684,0,0,0
141.0541,42309,423321543,2448,0,0,0
141.0621,42310,423331543,2690,0,0,0
141.0763,42311,423341543,2446,0,0,0
141.0851,42312,423351543,2698,0,0,0
141.0929,42313,423361542,2446,0,0,0
141.1065,42314,423371543,2704,0,0,0
141.1148,42315,423381542,2433,0,0,0
141.1244,42316,423391543,2698,0,0,0
141.1317,42317,423401542,2432,0,0,0
141.1420,42318,423411543,2704,0,0,0
141.1516,42319,423421543,2432,0,0,0
141.1619,42320,423431543,2704,0,0,0
141.1719,42321,423441542,2441,0,0,0
141.1824,42322,423451542,2711,0,0,0
141.1919,42323,423461542,2446,0,0,0
141.2132,42324,423471543,2717,0,0,0
141.2143,42325,423481543,2433,0,0,0
141.2267,42326,423491542,2705,0,0,0
141.2355,42327,423501542,2429,0,0,0
141.2463,42328,423511543,2711,0,0,0
141.2521,42329,423521543,2422,0,0,0
141.2631,42330,423531543,2718,0,0,0
141.2734,42331,423541542,2426,0,0,0
141.2834,42332,423551542,2726,0,0,0
141.2927,42333,423561542,2426,0,0,0
141.3015,42334,423571543,2747,0,0,0
141.3116,42335,423581543,2444,0,0,0
141.3220,42336,423591543,2733,0,0,0
141.3323,42337,423601543,2419,0,0,0
141.3420,42338,423611543,2738,0,0,0
141.3517,42339,423621543,2421,0,0,0
141.3623,42340,423631542,2733,0,0,0
141.3783,42341,423641543,2417,0,0,0
141.3819,42342,423651543,2723,0,0,0
141.3961,42343,423661543,2417,0,0,0
141.4046,42344,423671543,2725,0,0,0
141.4148,42345,423681542,2414,0,0,0
141.4216,42346,423691543,2741,0,0,0
141.4347,42347,423701542,2413,0,0,0
141.4445,42348,423711543,2739,0,0,0
141.4556,42349,423721543,2411,0,0,0
141.4614,42350,423731543,2743,0,0,0
141.4715,42351,423741543,2406,0,0,0
141.4821,42352,423751543,2753,0,0,0
141.4922,42353,423761543,2414,0,0,0
141.5027,42354,423771543,2762,0,0,0
141.5129,42355,423781542,2402,0,0,0
141.5223,42356,423791543,2747,0,0,0
141.5397,42357,423801543,2398,0,0,0
141.5422,42358,423811543,2767,0,0,0
141.5532,42359,423821543,2393,0,0,0
141.5622,42360,423831543,2766,0,0,0
141.5753,42361,423841543,2390,0,0,0
141.5850,42362,423851543,2770,0,0,0
141.5916,42363,423861542,2387,0,0,0
141.6021,42364,423871543,2773,0,0,0
141.6119,42365,423881543,2401,0,0,0
141.6223,42366,423891542,2768,0,0,0
141.6315,42367,423901542,2384,0,0,0
141.6419,42368,423911542,2767,0,0,0
141.6519,42369,423921542,2390,0,0,0
141.6620,42370,423931543,2759,0,0,0
141.6720,42371,423941543,2397,0,0,0
141.6908,42372,423951543,2764,0,0,0
141.6919,42373,423961543,2397,0,0,0
141.7016,42374,423971543,2768,0,0,0
141.7227,42375,423981543,2391,0,0,0
141.7292,42376,423991543,2764,0,0,0
141.7358,42377,424001543,2395,0,0,0
141.7452,42378,424011543,2756,0,0,0
141.7531,42379,424021543,2385,0,0,0
141.7696,42380,424031543,2769,0,0,0
141.7725,42381,424041543,2387,0,0,0
141.7831,42382,424051543,2764,0,0,0
141.7914,42383,424061543,2388,0,0,0
141.8017,42384,424071543,2765,0,0,0
141.8115,42385,424081543,2383,0,0,0
141.8219,42386,424091543,2765,0,0,0
141.8326,42387,424101543,2384,0,0,0
141.8421,42388,424111543,2751,0,0,0
141.8584,42389,424121543,2384,0,0,0
141.8621,42390,424131542,2754,0,0,0
141.8743,42391,424141543,2382,0,0,0
141.8816,42392,424151542,2753,0,0,0
141.8959,42393,424161542,2382,0,0,0
141.9039,42394,424171543,2755,0,0,0
141.9133,42395,424181543,2380,0,0,0
141.9221,42396,424191543,2752,0,0,0
141.9316,42397,424201543,2374,0,0,0
141.9415,42398,424211543,2758,0,0,0
141.9515,42399,424221543,2389,0,0,0
141.9622,42400,424231543,2789,0,0,0
141.9719,42401,424241543,2384,0,0,0
141.9830,42402,424251542,2750,0,0,0
141.9920,42403,424261543,2373,0,0,0
142.0023,42404,424271543,2750,0,0,0
142.0125,42405,424281543,2361,0,0,0
142.0246,42406,424291543,2759,0,0,0
142.0326,42407,424301542,2368,0,0,0
142.0465,42408,424311543,2756,0,0,0
142.0558,42409,424321543,2371,0,0,0
142.0641,42410,424331543,2749,0,0,0
142.0746,42411,424341543,2365,0,0,0
142.0824,42412,424351543,2738,0,0,0
142.0955,42413,424361542,2367,0,0,0
142.1030,42414,424371543,2744,0,0,0
142.1115,42415,424381542,2367,0,0,0
142.1216,42416,424391543,2733,0,0,0
142.1324,42417,424401543,2361,0,0,0
142.1416,42418,424411543,2742,0,0,0
142.1518,42419,424421543,2353,0,0,0
142.1624,42420,424431543,2752,0,0,0
142.1753,42421,424441543,2368,0,0,0
142.1837,42422,424451543,2748,0,0,0
142.1916,42423,424461543,2359,0,0,0
142.2054,42424,424471543,2749,0,0,0
142.2124,42425,424481543,2367,0,0,0
142.2257,42426,424491543,2742,0,0,0
142.2315,42427,424501543,2360,0,0,0
142.2456,42428,424511543,2747,0,0,0
142.2514,42429,424521543,2365,0,0,0
142.2622,42430,424531542,2727,0,0,0
142.2715,42431,424541543,2352,0,0,0
142.2823,42432,424551543,2721,0,0,0
142.2922,42433,424561542,2354,0,0,0
142.3025,42434,424571542,2706,0,0,0
142.3142,42435,424581542,2358,0,0,0
142.3229,42436,424591542,2692,0,0,0
142.3317,42437,424601543,2368,0,0,0
142.3435,42438,424611543,2683,0,0,0
142.3532,42439,424621543,2363,0,0,0
142.3616,42440,424631543,2677,0,0,0
142.3738,42441,424641543,2358,0,0,0
142.3852,42442,424651543,2683,0,0,0
142.3952,42443,424661543,2365,0,0,0
142.4015,42444,424671543,2684,0,0,0
142.4115,42445,424681543,2365,0,0,0
142.4217,42446,424691543,2657,0,0,0
142.4320,42447,424701543,2361,0,0,0
142.4426,42448,424711543,2654,0,0,0
142.4522,42449,424721542,2370,0,0,0
142.4731,42450,424731543,2650,0,0,0
142.4740,42451,424741543,2373,0,0,0
142.4855,42452,424751543,2666,0,0,0
142.4950,42453,424761543,2381,0,0,0
142.5070,42454,424771543,2663,0,0,0
142.5117,42455,424781543,2375,0,0,0
142.5242,42456,424791542,2652,0,0,0
142.5363,42457,424801543,2382,0,0,0
142.5460,42458,424811543,2640,0,0,0
142.5543,42459,424821543,2389,0,0,0
142.5615,42460,424831542,2653,0,0,0
142.5716,42461,424841542,2400,0,0,0
142.5816,42462,424851542,2645,0,0,0
142.5921,42463,424861543,2414,0,0,0
142.6019,42464,424871543,2638,0,0,0
142.6122,42465,424881543,2416,0,0,0
142.6221,42466,424891542,2671,0,0,0
142.6356,42467,424901542,2448,0,0,0
142.6420,42468,424911543,2647,0,0,0
142.6559,42469,424921543,2435,0,0,0
142.6692,42470,424931543,2650,0,0,0
142.6742,42471,424941543,2430,0,0,0
142.6835,42472,424951543,2637,0,0,0
142.6957,42473,424961542,2432,0,0,0
142.7024,42474,424971543,2642,0,0,0
142.7116,42475,424981543,2439,0,0,0
142.7214,42476,424991543,2639,0,0,0
142.7320,42477,425001543,2439,0,0,0
142.7417,42478,425011543,2639,0,0,0
142.7518,42479,425021543,2430,0,0,0
142.7623,42480,425031543,2636,0,0,0
142.7720,42481,425041543,2426,0,0,0
142.7882,42482,425051543,2627,0,0,0
142.7918,42483,425061543,2416,0,0,0
142.8024,42484,425071543,2623,0,0,0
142.8176,42485,425081543,2416,0,0,0
142.8242,42486,425091543,2608,0,0,0
142.8315,42487,425101543,2419,0,0,0
142.8439,42488,425111543,2603,0,0,0
142.8558,42489,425121543,2430,0,0,0
142.8637,42490,425131543,2591,0,0,0
142.8714,42491,425141543,2432,0,0,0
142.8814,42492,425151543,2587,0,0,0
142.8916,42493,425161543,2435,0,0,0
142.9022,42494,425171542,2559,0,0,0
142.9119,42495,425181542,2445,0,0,0
142.9219,42496,425191543,2555,0,0,0
142.9324,42497,425201543,2431,0,0,0
142.9509,42498,425211542,2555,0,0,0
142.9519,42499,425221542,2445,0,0,0
142.9640,42500,425231542,2549,0,0,0
142.9744,42501,425241542,2435,0,0,0
142.9845,42502,425251542,2557,0,0,0
142.9962,42503,425261542,2454,0,0,0
143.0061,42504,425271542,2559,0,0,0
143.0132,42505,425281542,2452,0,0,0
143.0240,42506,425291542,2559,0,0,0
143.0340,42507,425301542,2452,0,0,0
143.0415,42508,425311543,2559,0,0,0
143.0520,42509,425321542,2480,0,0,0
143.0623,42510,425331543,2584,0,0,0
143.0720,42511,425341542,2480,0,0,0
143.0822,42512,425351543,2559,0,0,0
143.0920,42513,425361543,2503,0,0,0
143.1016,42514,425371543,2594,0,0,0
143.1122,42515,425381543,2520,0,0,0
143.1217,42516,425391543,2607,0,0,0
143.1318,42517,425401543,2546,0,0,0
143.1475,42518,425411543,2645,0,0,0
143.1540,42519,425421543,2583,0,0,0
143.1621,42520,425431543,2647,0,0,0
143.1731,42521,425441542,2559,0,0,0
143.1850,42522,425451543,2655,0,0,0
143.1916,42523,425461543,2583,0,0,0
143.2025,42524,425471542,2645,0,0,0
143.2153,42525,425481542,2580,0,0,0
143.2215,42526,425491542,2640,0,0,0
143.2316,42527,425501543,2559,0,0,0
143.2418,42528,425511543,2588,0,0,0
143.2520,42529,425521542,2559,0,0,0
143.2622,42530,425531542,2640,0,0,0
143.2719,42531,425541543,2595,0,0,0
143.2895,42532,425551543,2503,0,0,0
143.2923,42533,425561543,2591,0,0,0
143.3017,42534,425571543,2653,0,0,0
143.3154,42535,425581543,2483,0,0,0
143.3217,42536,425591542,2513,0,0,0
143.3348,42537,425601543,2466,0,0,0
143.3425,42538,425611543,2559,0,0,0
143.3560,42539,425621542,2528,0,0,0
143.3637,42540,425631543,2559,0,0,0
143.3715,42541,425641543,2530,0,0,0
143.3817,42542,425651543,2614,0,0,0
143.3916,42543,425661543,2587,0,0,0
143.4019,42544,425671543,2640,0,0,0
143.4125,42545,425681543,2559,0,0,0
143.4221,42546,425691543,2558,0,0,0
143.4403,42547,425701542,2453,0,0,0
143.4421,42548,425711543,2488,0,0,0
143.4521,42549,425721542,2598,0,0,0
143.4618,42550,425731542,2483,0,0,0
143.4775,42551,425741543,2603,0,0,0
143.4817,42552,425751543,2608,0,0,0
143.4930,42553,425761542,2496,0,0,0
143.5050,42554,425771543,2493,0,0,0
143.5130,42555,425781543,2467,0,0,0
143.5255,42556,425791543,2513,0,0,0
143.5314,42557,425801542,2475,0,0,0
143.5418,42558,425811543,2542,0,0,0
143.5517,42559,425821543,2539,0,0,0
143.5617,42560,425831542,2559,0,0,0
143.5718,42561,425841542,2536,0,0,0
143.5823,42562,425851542,2559,0,0,0
143.5919,42563,425861543,2532,0,0,0
143.6017,42564,425871543,2549,0,0,0
143.6171,42565,425881543,2535,0,0,0
143.6216,42566,425891543,2553,0,0,0
143.6355,42567,425901542,2519,0,0,0
143.6429,42568,425911542,2557,0,0,0
143.6557,42569,425921543,2543,0,0,0
143.6630,42570,425931543,2555,0,0,0
143.6715,42571,425941542,2541,0,0,0
143.6820,42572,425951543,2624,0,0,0
143.6922,42573,425961543,2615,0,0,0
143.7027,42574,425971543,2612,0,0,0
143.7118,42575,425981543,2559,0,0,0
143.7220,42576,425991543,2624,0,0,0
143.7352,42577,426001543,2608,0,0,0
143.7429,42578,426011542,2608,0,0,0
143.7546,42579,426021543,2551,0,0,0
143.7659,42580,426031542,2528,0,0,0
143.7759,42581,426041542,2496,0,0,0
143.7851,42582,426051543,2479,0,0,0
143.7920,42583,426061543,2499,0,0,0
143.8042,42584,426071543,2543,0,0,0
143.8129,42585,426081542,2559,0,0,0
143.8216,42586,426091543,2511,0,0,0
143.8316,42587,426101543,2559,0,0,0
143.8422,42588,426111543,2502,0,0,0
143.8526,42589,426121543,2559,0,0,0
143.8624,42590,426131543,2522,0,0,0
143.8722,42591,426141543,2591,0,0,0
143.8838,42592,426151543,2459,0,0,0
143.8917,42593,426161542,2529,0,0,0
143.9053,42594,426171543,2455,0,0,0
143.9137,42595,426181543,2554,0,0,0
143.9254,42596,426191543,2465,0,0,0
143.9341,42597,426201543,2550,0,0,0
143.9417,42598,426211543,2459,0,0,0
143.9515,42599,426221543,2555,0,0,0
143.9621,42600,426231543,2452,0,0,0
143.9718,42601,426241542,2556,0,0,0
143.9825,42602,426251543,2463,0,0,0
143.9922,42603,426261542,2559,0,0,0
144.0100,42604,426271543,2454,0,0,0
144.0123,42605,426281543,2559,0,0,0
144.0230,42606,426291542,2461,0,0,0
144.0327,42607,426301542,2559,0,0,0
144.0424,42608,426311542,2454,0,0,0
144.0565,42609,426321543,2559,0,0,0
144.0620,42610,426331543,2438,0,0,0
144.0715,42611,426341543,2585,0,0,0
144.0815,42612,426351543,2438,0,0,0
144.0921,42613,426361542,2602,0,0,0
144.1022,42614,426371543,2431,0,0,0
144.1117,42615,426381543,2608,0,0,0
144.1218,42616,426391543,2427,0,0,0
144.1315,42617,426401542,2625,0,0,0
144.1424,42618,426411542,2417,0,0,0
144.1549,42619,426421543,2627,0,0,0
144.1645,42620,426431543,2415,0,0,0
144.1739,42621,426441542,2635,0,0,0
144.1838,42622,426451543,2413,0,0,0
144.1932,42623,426461542,2638,0,0,0
144.2064,42624,426471543,2415,0,0,0
144.2120,42625,426481542,2641,0,0,0
144.2215,42626,426491543,2413,0,0,0
144.2315,42627,426501543,2643,0,0,0
144.2418,42628,426511542,2416,0,0,0
144.2515,42629,426521542,2641,0,0,0
144.2615,42630,426531543,2405,0,0,0
144.2715,42631,426541543,2642,0,0,0
144.2816,42632,426551542,2407,0,0,0
144.2949,42633,426561542,2644,0,0,0
144.3020,42634,426571543,2411,0,0,0
144.3120,42635,426581542,2646,0,0,0
144.3217,42636,426591543,2413,0,0,0
144.3318,42637,426601543,2645,0,0,0
144.3474,42638,426611543,2411,0,0,0
144.3551,42639,426621543,2654,0,0,0
144.3641,42640,426631543,2403,0,0,0
144.3758,42641,426641543,2657,0,0,0
144.3814,42642,426651543,2414,0,0,0
144.3916,42643,426661543,2671,0,0,0
144.4022,42644,426671543,2407,0,0,0
144.4125,42645,426681543,2675,0,0,0
144.4218,42646,426691543,2416,0,0,0
144.4319,42647,426701543,2677,0,0,0
144.4446,42648,426711543,2416,0,0,0
144.4520,42649,426721543,2682,0,0,0
144.4635,42650,426731543,2405,0,0,0
144.4729,42651,426741543,2679,0,0,0
144.4815,42652,426751543,2407,0,0,0
144.4936,42653,426761543,2698,0,0,0
144.5031,42654,426771543,2416,0,0,0
144.5164,42655,426781543,2704,0,0,0
144.5250,42656,426791543,2416,0,0,0
144.5314,42657,426801543,2725,0,0,0
144.5415,42658,426811543,2432,0,0,0
144.5517,42659,426821543,2717,0,0,0
144.5621,42660,426831543,2421,0,0,0
144.5720,42661,426841543,2725,0,0,0
144.5826,42662,426851543,2426,0,0,0
144.5920,42663,426861542,2739,0,0,0
144.6119,42664,426871543,2448,0,0,0
144.6129,42665,426881543,2768,0,0,0
144.6250,42666,426891543,2490,0,0,0
144.6349,42667,426901543,2799,0,0,0
144.6449,42668,426911542,2497,0,0,0
144.6516,42669,426921542,2811,0,0,0
144.6658,42670,426931543,2491,0,0,0
144.6727,42671,426941543,2798,0,0,0
144.6868,42672,426951542,2482,0,0,0
144.6952,42673,426961542,2800,0,0,0
144.7015,42674,426971543,2471,0,0,0
144.7116,42675,426981543,2801,0,0,0
144.7217,42676,426991543,2469,0,0,0
144.7318,42677,427001543,2806,0,0,0
144.7418,42678,427011543,2461,0,0,0
144.7518,42679,427021543,2815,0,0,0
144.7621,42680,427031542,2459,0,0,0
144.7763,42681,427041542,2814,0,0,0
144.7824,42682,427051542,2453,0,0,0
144.7975,42683,427061542,2830,0,0,0
144.8023,42684,427071543,2451,0,0,0
144.8158,42685,427081543,2825,0,0,0
144.8226,42686,427091543,2439,0,0,0
144.8339,42687,427101543,2817,0,0,0
144.8417,42688,427111543,2432,0,0,0
144.8521,42689,427121543,2821,0,0,0
144.8620,42690,427131543,2448,0,0,0
144.8727,42691,427141543,2817,0,0,0
144.8825,42692,427151543,2446,0,0,0
144.8922,42693,427161543,2809,0,0,0
144.9127,42694,427171543,2442,0,0,0
144.9137,42695,427181543,2805,0,0,0
144.9243,42696,427191543,2450,0,0,0
144.9327,42697,427201543,2806,0,0,0
144.9450,42698,427211543,2446,0,0,0
144.9521,42699,427221542,2807,0,0,0
144.9657,42700,427231543,2450,0,0,0
144.9724,42701,427241543,2813,0,0,0
144.9852,42702,427251543,2443,0,0,0
144.9935,42703,427261543,2807,0,0,0
145.0015,42704,427271543,2443,0,0,0
145.0119,42705,427281543,2823,0,0,0
145.0216,42706,427291543,2439,0,0,0
145.0317,42707,427301543,2817,0,0,0
145.0424,42708,427311543,2441,0,0,0
145.0526,42709,427321542,2825,0,0,0
145.0623,42710,427331543,2437,0,0,0
145.0800,42711,427341543,2800,0,0,0
145.0821,42712,427351543,2432,0,0,0
145.0943,42713,427361543,2803,0,0,0
145.1029,42714,427371543,2435,0,0,0
145.1119,42715,427381542,2779,0,0,0
145.1264,42716,427391542,2366,0,0,0
145.1334,42717,427401542,2745,0,0,0
145.1416,42718,427411543,2363,0,0,0
145.1517,42719,427421542,2734,0,0,0
145.1623,42720,427431543,2335,0,0,0
145.1726,42721,427441542,2719,0,0,0
145.1827,42722,427451543,2336,0,0,0
145.1921,42723,427461543,2738,0,0,0
145.2026,42724,427471543,2331,0,0,0
145.2150,42725,427481543,2705,0,0,0
145.2228,42726,427491543,2311,0,0,0
145.2395,42727,427501542,2692,0,0,0
145.2418,42728,427511543,2303,0,0,0
145.2543,42729,427521542,2687,0,0,0
145.2617,42730,427531542,2307,0,0,0
145.2756,42731,427541543,2682,0,0,0
145.2816,42732,427551542,2304,0,0,0
145.2956,42733,427561542,2693,0,0,0
145.3014,42734,427571542,2297,0,0,0
145.3116,42735,427581543,2693,0,0,0
145.3216,42736,427591542,2314,0,0,0
145.3316,42737,427601543,2695,0,0,0
145.3418,42738,427611542,2320,0,0,0
145.3515,42739,427621542,2707,0,0,0
145.3614,42740,427631543,2328,0,0,0
145.3755,42741,427641543,2733,0,0,0
145.3836,42742,427651543,2359,0,0,0
145.3914,42743,427661543,2741,0,0,0
145.4027,42744,427671543,2384,0,0,0
145.4158,42745,427681543,2769,0,0,0
145.4237,42746,427691543,2421,0,0,0
145.4372,42747,427701542,2794,0,0,0
145.4449,42748,427711542,2423,0,0,0
145.4514,42749,427721543,2794,0,0,0
145.4616,42750,427731543,2417,0,0,0
145.4714,42751,427741542,2787,0,0,0
145.4818,42752,427751543,2418,0,0,0
145.4919,42753,427761543,2765,0,0,0
145.5025,42754,427771542,2416,0,0,0
145.5122,42755,427781543,2757,0,0,0
145.5305,42756,427791543,2414,0,0,0
145.5323,42757,427801543,2749,0,0,0
145.5481,42758,427811543,2416,0,0,0
145.5597,42759,427821542,2746,0,0,0
145.5623,42760,427831543,2416,0,0,0
145.5752,42761,427841542,2736,0,0,0
145.5878,42762,427851543,2419,0,0,0
145.5960,42763,427861542,2722,0,0,0
145.6045,42764,427871542,2415,0,0,0
145.6161,42765,427881543,2726,0,0,0
145.6216,42766,427891543,2421,0,0,0
145.6314,42767,427901543,2706,0,0,0
145.6415,42768,427911542,2417,0,0,0
145.6519,42769,427921542,2704,0,0,0
145.6616,42770,427931542,2417,0,0,0
145.6719,42771,427941543,2695,0,0,0
145.6816,42772,427951543,2421,0,0,0
145.6944,42773,427961542,2695,0,0,0
145.7025,42774,427971543,2414,0,0,0
145.7118,42775,427981543,2691,0,0,0
145.7241,42776,427991542,2423,0,0,0
145.7318,42777,428001542,2669,0,0,0
145.7444,42778,428011542,2396,0,0,0
145.7523,42779,428021543,2655,0,0,0
145.7617,42780,428031542,2386,0,0,0
145.7715,42781,428041543,2635,0,0,0
145.7816,42782,428051543,2385,0,0,0
145.7921,42783,428061543,2615,0,0,0
145.8021,42784,428071543,2375,0,0,0
145.8119,42785,428081543,2605,0,0,0
145.8218,42786,428091543,2382,0,0,0
145.8322,42787,428101543,2608,0,0,0
145.8489,42788,428111542,2394,0,0,0
145.8525,42789,428121543,2559,0,0,0
145.8618,42790,428131543,2367,0,0,0
145.8723,42791,428141543,2559,0,0,0
145.8845,42792,428151543,2368,0,0,0
145.8960,42793,428161543,2581,0,0,0
145.9022,42794,428171543,2373,0,0,0
145.9132,42795,428181543,2587,0,0,0
145.9243,42796,428191543,2381,0,0,0
145.9371,42797,428201543,2585,0,0,0
145.9415,42798,428211543,2380,0,0,0
145.9514,42799,428221543,2583,0,0,0
145.9615,42800,428231542,2388,0,0,0
145.9719,42801,428241542,2590,0,0,0
145.9821,42802,428251543,2389,0,0,0
145.9922,42803,428261542,2583,0,0,0
146.0106,42804,428271543,2389,0,0,0
146.0131,42805,428281542,2583,0,0,0
146.0245,42806,428291542,2395,0,0,0
146.0320,42807,428301542,2581,0,0,0
146.0463,42808,428311543,2402,0,0,0
146.0543,42809,428321543,2559,0,0,0
146.0615,42810,428331543,2416,0,0,0
146.0741,42811,428341543,2557,0,0,0
146.0816,42812,428351543,2421,0,0,0
146.0940,42813,428361543,2547,0,0,0
146.1015,42814,428371543,2432,0,0,0
146.1115,42815,428381543,2556,0,0,0
146.1218,42816,428391543,2432,0,0,0
146.1326,42817,428401543,2547,0,0,0
146.1419,42818,428411542,2437,0,0,0
146.1604,42819,428421542,2549,0,0,0
146.1630,42820,428431543,2439,0,0,0
146.1741,42821,428441543,2550,0,0,0
146.1839,42822,428451543,2435,0,0,0
146.1952,42823,428461542,2550,0,0,0
146.2073,42824,428471543,2432,0,0,0
146.2151,42825,428481542,2550,0,0,0
146.2219,42826,428491543,2438,0,0,0
146.2355,42827,428501543,2543,0,0,0
146.2417,42828,428511543,2453,0,0,0
146.2515,42829,428521543,2542,0,0,0
146.2620,42830,428531543,2449,0,0,0
146.2716,42831,428541543,2542,0,0,0
146.2823,42832,428551542,2459,0,0,0
146.2923,42833,428561543,2527,0,0,0
146.3024,42834,428571542,2473,0,0,0
146.3119,42835,428581542,2533,0,0,0
146.3218,42836,428591543,2455,0,0,0
146.3318,42837,428601543,2533,0,0,0
146.3502,42838,428611543,2459,0,0,0
146.3547,42839,428621543,2537,0,0,0
146.3615,42840,428631543,2466,0,0,0
146.3754,42841,428641543,2531,0,0,0
146.3815,42842,428651542,2464,0,0,0
146.3957,42843,428661542,2549,0,0,0
146.4036,42844,428671542,2480,0,0,0
146.4115,42845,428681542,2550,0,0,0
146.4216,42846,428691542,2490,0,0,0
146.4321,42847,428701543,2559,0,0,0
146.4425,42848,428711543,2481,0,0,0
146.4525,42849,428721543,2559,0,0,0
146.4623,42850,428731542,2511,0,0,0
146.4775,42851,428741543,2559,0,0,0
146.4836,42852,428751543,2526,0,0,0
146.4951,42853,428761543,2619,0,0,0
146.5039,42854,428771543,2517,0,0,0
146.5148,42855,428781543,2590,0,0,0
146.5252,42856,428791543,2525,0,0,0
146.5338,42857,428801543,2590,0,0,0
146.5423,42858,428811543,2518,0,0,0
146.5572,42859,428821543,2589,0,0,0
146.5652,42860,428831543,2523,0,0,0
146.5714,42861,428841543,2586,0,0,0
146.5819,42862,428851543,2538,0,0,0
146.5917,42863,428861543,2592,0,0,0
146.6023,42864,428871543,2539,0,0,0
146.6119,42865,428881543,2594,0,0,0
146.6222,42866,428891543,2531,0,0,0
146.6412,42867,428901543,2589,0,0,0
146.6419,42868,428911543,2529,0,0,0
146.6516,42869,428921543,2559,0,0,0
146.6617,42870,428931543,2525,0,0,0
146.6763,42871,428941543,2559,0,0,0
146.6822,42872,428951542,2527,0,0,0
146.6949,42873,428961542,2559,0,0,0
146.7017,42874,428971543,2538,0,0,0
146.7143,42875,428981543,2581,0,0,0
146.7219,42876,428991542,2542,0,0,0
146.7316,42877,429001542,2595,0,0,0
146.7418,42878,429011542,2559,0,0,0
146.7514,42879,429021543,2615,0,0,0
146.7622,42880,429031543,2608,0,0,0
146.7715,42881,429041543,2638,0,0,0
146.7823,42882,429051543,2617,0,0,0
146.7945,42883,429061543,2624,0,0,0
146.8028,42884,429071543,2608,0,0,0
146.8129,42885,429081542,2625,0,0,0
146.8253,42886,429091543,2608,0,0,0
146.8346,42887,429101543,2624,0,0,0
146.8415,42888,429111542,2599,0,0,0
146.8519,42889,429121542,2612,0,0,0
146.8627,42890,429131543,2604,0,0,0
146.8731,42891,429141542,2609,0,0,0
146.8815,42892,429151543,2599,0,0,0
146.8916,42893,429161543,2608,0,0,0
146.9022,42894,429171543,2610,0,0,0
146.9119,42895,429181543,2610,0,0,0
146.9217,42896,429191543,2613,0,0,0
146.9321,42897,429201543,2600,0,0,0
146.9443,42898,429211543,2610,0,0,0
146.9524,42899,429221543,2597,0,0,0
146.9638,42900,429231543,2624,0,0,0
146.9728,42901,429241543,2590,0,0,0
146.9859,42902,429251543,2627,0,0,0
146.9965,42903,429261542,2581,0,0,0
147.0041,42904,429271542,2637,0,0,0
147.0121,42905,429281542,2559,0,0,0
147.0238,42906,429291543,2638,0,0,0
147.0315,42907,429301543,2559,0,0,0
147.0414,42908,429311542,2627,0,0,0
147.0516,42909,429321542,2559,0,0,0
147.0624,42910,429331543,2655,0,0,0
147.0729,42911,429341543,2559,0,0,0
147.0815,42912,429351543,2655,0,0,0
147.0920,42913,429361543,2559,0,0,0
147.1024,42914,429371543,2659,0,0,0
147.1162,42915,429381543,2559,0,0,0
147.1256,42916,429391543,2663,0,0,0
147.1336,42917,429401543,2559,0,0,0
147.1456,42918,429411543,2656,0,0,0
147.1549,42919,429421542,2557,0,0,0
147.1656,42920,429431542,2653,0,0,0
147.1743,42921,429441543,2558,0,0,0
147.1814,42922,429451543,2654,0,0,0
147.1915,42923,429461543,2526,0,0,0
147.2017,42924,429471542,2627,0,0,0
147.2121,42925,429481543,2499,0,0,0
147.2219,42926,429491543,2621,0,0,0
147.2320,42927,429501543,2474,0,0,0
147.2420,42928,429511543,2622,0,0,0
147.2582,42929,429521542,2457,0,0,0
147.2618,42930,429531543,2629,0,0,0
147.2730,42931,429541543,2437,0,0,0
147.2844,42932,429551542,2619,0,0,0
147.2953,42933,429561542,2429,0,0,0
147.3059,42934,429571543,2629,0,0,0
147.3141,42935,429581543,2426,0,0,0
147.3260,42936,429591542,2625,0,0,0
147.3339,42937,429601542,2411,0,0,0
147.3467,42938,429611543,2631,0,0,0
147.3515,42939,429621543,2406,0,0,0
147.3620,42940,429631543,2634,0,0,0
147.3718,42941,429641543,2407,0,0,0
147.3825,42942,429651543,2633,0,0,0
147.3922,42943,429661543,2397,0,0,0
147.4027,42944,429671543,2629,0,0,0
147.4176,42945,429681543,2400,0,0,0
147.4220,42946,429691543,2625,0,0,0
147.4319,42947,429701543,2401,0,0,0
147.4415,42948,429711543,2633,0,0,0
147.4551,42949,429721543,2402,0,0,0
147.4639,42950,429731543,2643,0,0,0
147.4719,42951,429741542,2400,0,0,0
147.4839,42952,429751543,2643,0,0,0
147.4925,42953,429761543,2391,0,0,0
147.5058,42954,429771543,2639,0,0,0
147.5117,42955,429781543,2394,0,0,0
147.5215,42956,429791542,2646,0,0,0
147.5314,42957,429801543,2395,0,0,0
147.5415,42958,429811543,2655,0,0,0
147.5515,42959,429821543,2395,0,0,0
147.5616,42960,429831543,2656,0,0,0
147.5717,42961,429841543,2401,0,0,0
147.5849,42962,429851543,2670,0,0,0
147.5938,42963,429861542,2409,0,0,0
147.6093,42964,429871542,2675,0,0,0
147.6139,42965,429881542,2401,0,0,0
147.6236,42966,429891542,2671,0,0,0
147.6332,42967,429901542,2403,0,0,0
147.6433,42968,429911542,2686,0,0,0
147.6514,42969,429921542,2408,0,0,0
147.6619,42970,429931542,2691,0,0,0
147.6721,42971,429941543,2404,0,0,0
147.6821,42972,429951543,2704,0,0,0
147.6921,42973,429961543,2413,0,0,0
147.7018,42974,429971543,2704,0,0,0
147.7122,42975,429981543,2410,0,0,0
147.7242,42976,429991543,2717,0,0,0
147.7315,42977,430001542,2416,0,0,0
147.7470,42978,430011543,2727,0,0,0
147.7530,42979,430021543,2428,0,0,0
147.7650,42980,430031542,2733,0,0,0
147.7737,42981,430041543,2427,0,0,0
147.7869,42982,430051542,2746,0,0,0
147.7951,42983,430061542,2455,0,0,0
147.8014,42984,430071543,2768,0,0,0
147.8118,42985,430081542,2484,0,0,0
147.8214,42986,430091543,2767,0,0,0
147.8318,42987,430101543,2448,0,0,0
147.8426,42988,430111542,2775,0,0,0
147.8520,42989,430121542,2444,0,0,0
147.8732,42990,430131542,2759,0,0,0
147.8741,42991,430141542,2433,0,0,0
147.8862,42992,430151543,2771,0,0,0
147.8927,42993,430161543,2426,0,0,0
147.9044,42994,430171542,2765,0,0,0
147.9146,42995,430181542,2403,0,0,0
147.9216,42996,430191543,2751,0,0,0
147.9320,42997,430201543,2399,0,0,0
147.9434,42998,430211543,2748,0,0,0
147.9525,42999,430221543,2377,0,0,0
147.9615,43000,430231542,2739,0,0,0
147.9716,43001,430241543,2382,0,0,0
147.9822,43002,430251542,2741,0,0,0
147.9919,43003,430261543,2366,0,0,0
148.0024,43004,430271543,2749,0,0,0
148.0118,43005,430281542,2382,0,0,0
148.0295,43006,430291543,2753,0,0,0
148.0319,43007,430301543,2380,0,0,0
148.0430,43008,430311543,2760,0,0,0
148.0533,43009,430321542,2381,0,0,0
148.0654,43010,430331543,2750,0,0,0
148.0724,43011,430341543,2389,0,0,0
148.0849,43012,430351543,2752,0,0,0
148.0939,43013,430361543,2390,0,0,0
148.1045,43014,430371543,2748,0,0,0
148.1148,43015,430381543,2379,0,0,0
148.1214,43016,430391543,2745,0,0,0
148.1320,43017,430401543,2388,0,0,0
148.1418,43018,430411542,2763,0,0,0
148.1517,43019,430421542,2390,0,0,0
148.1623,43020,430431543,2760,0,0,0
148.1721,43021,430441543,2383,0,0,0
148.1821,43022,430451543,2750,0,0,0
148.1960,43023,430461543,2383,0,0,0
148.2019,43024,430471543,2754,0,0,0
148.2121,43025,430481543,2377,0,0,0
148.2273,43026,430491543,2735,0,0,0
148.2382,43027,430501543,2358,0,0,0
148.2455,43028,430511543,2736,0,0,0
148.2550,43029,430521543,2352,0,0,0
148.2657,43030,430531543,2716,0,0,0
148.2718,43031,430541543,2339,0,0,0
148.2822,43032,430551543,2707,0,0,0
148.2915,43033,430561543,2327,0,0,0
148.3021,43034,430571543,2726,0,0,0
148.3119,43035,430581543,2325,0,0,0
148.3218,43036,430591543,2725,0,0,0
148.3319,43037,430601542,2327,0,0,0
148.3467,43038,430611542,2704,0,0,0
148.3547,43039,430621542,2323,0,0,0
148.3617,43040,430631543,2711,0,0,0
148.3733,43041,430641543,2325,0,0,0
148.3845,43042,430651542,2710,0,0,0
148.3941,43043,430661543,2323,0,0,0
148.4068,43044,430671543,2707,0,0,0
148.4115,43045,430681543,2323,0,0,0
148.4214,43046,430691543,2702,0,0,0
148.4316,43047,430701542,2318,0,0,0
148.4414,43048,430711542,2698,0,0,0
148.4521,43049,430721542,2316,0,0,0
148.4619,43050,430731543,2705,0,0,0
148.4719,43051,430741542,2338,0,0,0
148.4816,43052,430751543,2719,0,0,0
148.4928,43053,430761543,2343,0,0,0
148.5017,43054,430771543,2704,0,0,0
148.5119,43055,430781542,2336,0,0,0
148.5280,43056,430791543,2693,0,0,0
148.5364,43057,430801543,2319,0,0,0
148.5465,43058,430811543,2715,0,0,0
148.5539,43059,430821542,2353,0,0,0
148.5647,43060,430831543,2768,0,0,0
148.5725,43061,430841543,2434,0,0,0
148.5814,43062,430851543,2797,0,0,0
148.5914,43063,430861543,2433,0,0,0
148.6018,43064,430871543,2800,0,0,0
148.6116,43065,430881542,2428,0,0,0
148.6216,43066,430891542,2801,0,0,0
148.6315,43067,430901542,2434,0,0,0
148.6420,43068,430911542,2789,0,0,0
148.6572,43069,430921542,2415,0,0,0
148.6621,43070,430931543,2789,0,0,0
148.6767,43071,430941543,2421,0,0,0
148.6845,43072,430951543,2774,0,0,0
148.6927,43073,430961543,2416,0,0,0
148.7053,43074,430971543,2764,0,0,0
148.7136,43075,430981543,2426,0,0,0
148.7253,43076,430991543,2755,0,0,0
148.7347,43077,431001543,2423,0,0,0
148.7414,43078,431011543,2737,0,0,0
148.7514,43079,431021543,2431,0,0,0
148.7619,43080,431031543,2717,0,0,0
148.7720,43081,431041543,2343,0,0,0
148.7822,43082,431051543,2640,0,0,0
148.7920,43083,431061543,2323,0,0,0
148.8103,43084,431071543,2608,0,0,0
148.8123,43085,431081542,2297,0,0,0
148.8239,43086,431091543,2606,0,0,0
148.8341,43087,431101543,2309,0,0,0
148.8472,43088,431111542,2605,0,0,0
148.8518,43089,431121542,2305,0,0,0
148.8670,43090,431131542,2559,0,0,0
148.8741,43091,431141542,2310,0,0,0
148.8859,43092,431151543,2585,0,0,0
148.8954,43093,431161543,2319,0,0,0
148.9014,43094,431171543,2559,0,0,0
148.9116,43095,431181543,2318,0,0,0
148.9214,43096,431191543,2559,0,0,0
148.9323,43097,431201543,2335,0,0,0
148.9420,43098,431211543,2596,0,0,0
148.9517,43099,431221542,2375,0,0,0
148.9621,43100,431231543,2598,0,0,0
148.9762,43101,431241542,2402,0,0,0
148.9825,43102,431251543,2629,0,0,0
148.9919,43103,431261543,2405,0,0,0
149.0073,43104,431271543,2619,0,0,0
149.0169,43105,431281543,2410,0,0,0
149.0241,43106,431291543,2617,0,0,0
149.0358,43107,431301543,2414,0,0,0
149.0446,43108,431311543,2707,0,0,0
149.0522,43109,431321543,2509,0,0,0
149.0614,43110,431331543,2717,0,0,0
149.0715,43111,431341542,2510,0,0,0
149.0815,43112,431351543,2706,0,0,0
149.0919,43113,431361543,2502,0,0,0
149.1022,43114,431371543,2703,0,0,0
149.1120,43115,431381542,2498,0,0,0
149.1273,43116,431391542,2702,0,0,0
149.1321,43117,431401543,2482,0,0,0
149.1418,43118,431411543,2639,0,0,0
149.1569,43119,431421543,2438,0,0,0
149.1624,43120,431431542,2640,0,0,0
149.1764,43121,431441542,2444,0,0,0
149.1834,43122,431451543,2639,0,0,0
149.1962,43123,431461543,2447,0,0,0
149.2068,43124,431471543,2629,0,0,0
149.2126,43125,431481543,2448,0,0,0
149.2216,43126,431491543,2627,0,0,0
149.2317,43127,431501543,2451,0,0,0
149.2420,43128,431511543,2626,0,0,0
149.2523,43129,431521543,2474,0,0,0
149.2620,43130,431531543,2684,0,0,0
149.2733,43131,431541542,2530,0,0,0
149.2835,43132,431551542,2646,0,0,0
149.2916,43133,431561543,2444,0,0,0
149.3039,43134,431571543,2538,0,0,0
149.3116,43135,431581543,2416,0,0,0
149.3245,43136,431591543,2545,0,0,0
149.3344,43137,431601542,2483,0,0,0
149.3417,43138,431611543,2605,0,0,0
149.3514,43139,431621542,2484,0,0,0
149.3619,43140,431631543,2623,0,0,0
149.3716,43141,431641543,2487,0,0,0
149.3819,43142,431651543,2613,0,0,0
149.3919,43143,431661542,2487,0,0,0
149.4021,43144,431671542,2615,0,0,0
149.4118,43145,431681543,2491,0,0,0
149.4288,43146,431691543,2609,0,0,0
149.4322,43147,431701543,2501,0,0,0
149.4419,43148,431711542,2608,0,0,0
149.4517,43149,431721543,2501,0,0,0
149.4665,43150,431731543,2610,0,0,0
149.4764,43151,431741542,2511,0,0,0
149.4854,43152,431751543,2625,0,0,0
149.4938,43153,431761543,2537,0,0,0
149.5051,43154,431771543,2640,0,0,0
149.5150,43155,431781543,2559,0,0,0
149.5215,43156,431791543,2657,0,0,0
149.5318,43157,431801542,2581,0,0,0
149.5416,43158,431811542,2656,0,0,0
149.5517,43159,431821542,2559,0,0,0
149.5622,43160,431831543,2653,0,0,0
149.5716,43161,431841542,2559,0,0,0
149.5895,43162,431851543,2655,0,0,0
149.5921,43163,431861543,2559,0,0,0
149.6044,43164,431871543,2659,0,0,0
149.6162,43165,431881542,2559,0,0,0
149.6258,43166,431891543,2642,0,0,0
149.6315,43167,431901543,2549,0,0,0
149.6447,43168,431911543,2623,0,0,0
149.6516,43169,431921543,2551,0,0,0
149.6632,43170,431931543,2635,0,0,0
149.6753,43171,431941542,2549,0,0,0
149.6817,43172,431951543,2636,0,0,0
149.6915,43173,431961542,2551,0,0,0
149.7017,43174,431971543,2608,0,0,0
149.7118,43175,431981543,2511,0,0,0
149.7218,43176,431991542,2555,0,0,0
149.7318,43177,432001543,2463,0,0,0
149.7416,43178,432011543,2524,0,0,0
149.7546,43179,432021543,2458,0,0,0
149.7649,43180,432031543,2517,0,0,0
149.7727,43181,432041542,2465,0,0,0
149.7869,43182,432051543,2517,0,0,0
149.7986,43183,432061543,2459,0,0,0
149.8054,43184,432071543,2525,0,0,0
149.8149,43185,432081543,2465,0,0,0
149.8248,43186,432091543,2519,0,0,0
149.8363,43187,432101543,2462,0,0,0
149.8417,43188,432111543,2515,0,0,0
149.8515,43189,432121543,2471,0,0,0
149.8621,43190,432131543,2525,0,0,0
149.8730,43191,432141543,2464,0,0,0
149.8825,43192,432151543,2513,0,0,0
149.8923,43193,432161542,2469,0,0,0
149.9101,43194,432171543,2512,0,0,0
149.9122,43195,432181543,2477,0,0,0
149.9216,43196,432191543,2515,0,0,0
149.9345,43197,432201542,2477,0,0,0
149.9464,43198,432211543,2541,0,0,0
149.9524,43199,432221543,2503,0,0,0
149.9667,43200,432231543,2533,0,0,0
149.9735,43201,432241543,2507,0,0,0
149.9830,43202,432251543,2526,0,0,0
149.9936,43203,432261542,2496,0,0,0
150.0015,43204,432271542,2528,0,0,0
150.0114,43205,432281542,2501,0,0,0
150.0214,43206,432291543,2531,0,0,0
150.0314,43207,432301543,2492,0,0,0
150.0418,43208,432311542,2512,0,0,0
150.0519,43209,432321542,2487,0,0,0
150.0620,43210,432331543,2515,0,0,0
150.0767,43211,432341543,2496,0,0,0
150.0819,43212,432351543,2512,0,0,0
150.0943,43213,432361542,2494,0,0,0
150.1068,43214,432371543,2505,0,0,0
150.1156,43215,432381543,2498,0,0,0
150.1247,43216,432391543,2507,0,0,0
150.1334,43217,432401543,2497,0,0,0
150.1445,43218,432411542,2503,0,0,0
150.1550,43219,432421543,2496,0,0,0
150.1615,43220,432431543,2495,0,0,0
150.1714,43221,432441542,2507,0,0,0
150.1822,43222,432451543,2486,0,0,0
150.1922,43223,432461543,2511,0,0,0
150.2019,43224,432471543,2482,0,0,0
150.2118,43225,432481543,2523,0,0,0
150.2260,43226,432491543,2477,0,0,0
150.2319,43227,432501543,2529,0,0,0
150.2456,43228,432511543,2484,0,0,0
150.2583,43229,432521543,2546,0,0,0
150.2632,43230,432531543,2494,0,0,0
150.2721,43231,432541542,2559,0,0,0
150.2848,43232,432551543,2496,0,0,0
150.2915,43233,432561542,2559,0,0,0
150.3055,43234,432571543,2487,0,0,0
150.3114,43235,432581542,2559,0,0,0
150.3214,43236,432591543,2491,0,0,0
150.3319,43237,432601543,2581,0,0,0
150.3419,43238,432611542,2486,0,0,0
150.3519,43239,432621542,2584,0,0,0
150.3624,43240,432631543,2495,0,0,0
150.3784,43241,432641543,2594,0,0,0
150.3818,43242,432651543,2498,0,0,0
150.3956,43243,432661543,2598,0,0,0
150.4031,43244,432671543,2499,0,0,0
150.4140,43245,432681542,2612,0,0,0
150.4241,43246,432691543,2541,0,0,0
150.4349,43247,432701543,2630,0,0,0
150.4420,43248,432711543,2505,0,0,0
150.4515,43249,432721543,2645,0,0,0
150.4615,43250,432731543,2512,0,0,0
150.4716,43251,432741543,2651,0,0,0
150.4818,43252,432751543,2496,0,0,0
150.4922,43253,432761543,2674,0,0,0
150.5024,43254,432771543,2492,0,0,0
150.5117,43255,432781543,2679,0,0,0
150.5289,43256,432791543,2502,0,0,0
150.5322,43257,432801543,2699,0,0,0
150.5418,43258,432811542,2499,0,0,0
150.5604,43259,432821542,2708,0,0,0
150.5672,43260,432831543,2496,0,0,0
150.5762,43261,432841543,2722,0,0,0
150.5846,43262,432851543,2496,0,0,0
150.5916,43263,432861543,2737,0,0,0
150.6058,43264,432871543,2510,0,0,0
150.6133,43265,432881542,2746,0,0,0
150.6214,43266,432891542,2512,0,0,0
150.6316,43267,432901542,2743,0,0,0
150.6421,43268,432911542,2512,0,0,0
150.6523,43269,432921543,2754,0,0,0
150.6618,43270,432931543,2518,0,0,0
150.6721,43271,432941542,2758,0,0,0
150.6818,43272,432951543,2512,0,0,0
150.6972,43273,432961543,2750,0,0,0
150.7018,43274,432971543,2513,0,0,0
150.7124,43275,432981543,2754,0,0,0
150.7263,43276,432991543,2507,0,0,0
150.7357,43277,433001543,2751,0,0,0
150.7457,43278,433011543,2503,0,0,0
150.7521,43279,433021543,2755,0,0,0
150.7656,43280,433031543,2507,0,0,0
150.7728,43281,433041542,2753,0,0,0
150.7816,43282,433051543,2496,0,0,0
150.7915,43283,433061543,2763,0,0,0
150.8022,43284,433071543,2493,0,0,0
150.8122,43285,433081543,2768,0,0,0
150.8216,43286,433091543,2497,0,0,0
150.8320,43287,433101542,2768,0,0,0
150.8487,43288,433111543,2487,0,0,0
150.8523,43289,433121543,2759,0,0,0
150.8697,43290,433131543,2492,0,0,0
150.8718,43291,433141543,2768,0,0,0
150.8880,43292,433151542,2488,0,0,0
150.8969,43293,433161543,2763,0,0,0
150.9053,43294,433171542,2451,0,0,0
150.9115,43295,433181542,2731,0,0,0
150.9236,43296,433191542,2428,0,0,0
150.9332,43297,433201542,2711,0,0,0
150.9415,43298,433211543,2409,0,0,0
150.9518,43299,433221542,2704,0,0,0
150.9619,43300,433231542,2394,0,0,0
150.9717,43301,433241543,2702,0,0,0
150.9823,43302,433251542,2386,0,0,0
150.9919,43303,433261543,2698,0,0,0
151.0018,43304,433271542,2391,0,0,0
151.0207,43305,433281543,2699,0,0,0
151.0222,43306,433291543,2391,0,0,0
151.0339,43307,433301543,2704,0,0,0
151.0421,43308,433311543,2391,0,0,0
151.0572,43309,433321543,2711,0,0,0
151.0656,43310,433331542,2410,0,0,0
151.0736,43311,433341542,2747,0,0,0
151.0819,43312,433351543,2445,0,0,0
151.0940,43313,433361543,2704,0,0,0
151.1015,43314,433371543,2419,0,0,0
151.1115,43315,433381543,2734,0,0,0
151.1216,43316,433391543,2428,0,0,0
151.1319,43317,433401543,2747,0,0,0
151.1420,43318,433411542,2432,0,0,0
151.1520,43319,433421543,2753,0,0,0
151.1629,43320,433431543,2433,0,0,0
151.1719,43321,433441543,2758,0,0,0
151.1826,43322,433451543,2429,0,0,0
151.1928,43323,433461543,2763,0,0,0
151.2064,43324,433471542,2421,0,0,0
151.2164,43325,433481543,2769,0,0,0
151.2239,43326,433491543,2413,0,0,0
151.2349,43327,433501542,2768,0,0,0
151.2441,43328,433511543,2413,0,0,0
151.2516,43329,433521543,2768,0,0,0
151.2614,43330,433531543,2407,0,0,0
151.2716,43331,433541543,2783,0,0,0
151.2816,43332,433551543,2401,0,0,0
151.2914,43333,433561543,2771,0,0,0
151.3016,43334,433571543,2407,0,0,0
151.3116,43335,433581543,2768,0,0,0
151.3275,43336,433591542,2391,0,0,0
151.3320,43337,433601543,2774,0,0,0
151.3469,43338,433611542,2395,0,0,0
151.3567,43339,433621543,2767,0,0,0
151.3617,43340,433631543,2383,0,0,0
151.3744,43341,433641542,2750,0,0,0
151.3815,43342,433651543,2371,0,0,0
151.3930,43343,433661543,2743,0,0,0
151.4064,43344,433671542,2369,0,0,0
151.4114,43345,433681542,2741,0,0,0
151.4215,43346,433691543,2359,0,0,0
151.4317,43347,433701543,2741,0,0,0
151.4417,43348,433711542,2358,0,0,0
151.4521,43349,433721542,2751,0,0,0
151.4621,43350,433731543,2373,0,0,0
151.4752,43351,433741543,2762,0,0,0
151.4838,43352,433751543,2371,0,0,0
151.4961,43353,433761543,2752,0,0,0
151.5068,43354,433771543,2375,0,0,0
151.5151,43355,433781543,2757,0,0,0
151.5223,43356,433791543,2384,0,0,0
151.5344,43357,433801543,2756,0,0,0
151.5444,43358,433811543,2386,0,0,0
151.5530,43359,433821543,2777,0,0,0
151.5666,43360,433831543,2405,0,0,0
151.5719,43361,433841543,2790,0,0,0
151.5816,43362,433851543,2423,0,0,0
151.5924,43363,433861542,2816,0,0,0
151.6019,43364,433871543,2434,0,0,0
151.6119,43365,433881543,2819,0,0,0
151.6218,43366,433891543,2431,0,0,0
151.6321,43367,433901543,2815,0,0,0
151.6483,43368,433911543,2431,0,0,0
151.6518,43369,433921543,2816,0,0,0
151.6647,43370,433931542,2419,0,0,0
151.6763,43371,433941542,2813,0,0,0
151.6841,43372,433951543,2419,0,0,0
151.6915,43373,433961543,2803,0,0,0
151.7047,43374,433971543,2417,0,0,0
151.7158,43375,433981542,2803,0,0,0
151.7264,43376,433991542,2409,0,0,0
151.7314,43377,434001543,2794,0,0,0
151.7418,43378,434011542,2422,0,0,0
151.7516,43379,434021542,2801,0,0,0
151.7622,43380,434031543,2413,0,0,0
151.7718,43381,434041543,2795,0,0,0
151.7821,43382,434051543,2410,0,0,0
151.7918,43383,434061543,2785,0,0,0
151.8094,43384,434071543,2407,0,0,0
151.8118,43385,434081543,2790,0,0,0
151.8259,43386,434091543,2403,0,0,0
151.8360,43387,434101543,2770,0,0,0
151.8416,43388,434111543,2393,0,0,0
151.8551,43389,434121543,2771,0,0,0
151.8617,43390,434131543,2391,0,0,0
151.8763,43391,434141543,2762,0,0,0
151.8844,43392,434151543,2381,0,0,0
151.8915,43393,434161543,2767,0,0,0
151.9020,43394,434171543,2389,0,0,0
151.9116,43395,434181543,2763,0,0,0
151.9219,43396,434191543,2384,0,0,0
151.9318,43397,434201543,2763,0,0,0
151.9415,43398,434211543,2384,0,0,0
151.9567,43399,434221543,2756,0,0,0
151.9653,43400,434231542,2381,0,0,0
151.9736,43401,434241543,2748,0,0,0
151.9875,43402,434251543,2384,0,0,0
151.9973,43403,434261543,2739,0,0,0
152.0061,43404,434271543,2374,0,0,0
152.0130,43405,434281543,2727,0,0,0
152.0218,43406,434291543,2378,0,0,0
152.0360,43407,434301543,2699,0,0,0
152.0416,43408,434311543,2382,0,0,0
152.0516,43409,434321543,2690,0,0,0
152.0619,43410,434331542,2379,0,0,0
152.0723,43411,434341542,2687,0,0,0
152.0823,43412,434351543,2368,0,0,0
152.0919,43413,434361543,2683,0,0,0
152.1064,43414,434371543,2372,0,0,0
152.1128,43415,434381543,2672,0,0,0
152.1216,43416,434391543,2352,0,0,0
152.1317,43417,434401543,2660,0,0,0
152.1452,43418,434411543,2362,0,0,0
152.1544,43419,434421543,2661,0,0,0
152.1624,43420,434431543,2353,0,0,0
152.1717,43421,434441543,2640,0,0,0
152.1854,43422,434451543,2352,0,0,0
152.1914,43423,434461542,2643,0,0,0
152.2018,43424,434471543,2352,0,0,0
152.2115,43425,434481543,2640,0,0,0
152.2217,43426,434491543,2359,0,0,0
152.2317,43427,434501543,2640,0,0,0
152.2418,43428,434511543,2367,0,0,0
152.2520,43429,434521543,2645,0,0,0
152.2694,43430,434531543,2375,0,0,0
152.2720,43431,434541543,2625,0,0,0
152.2845,43432,434551542,2378,0,0,0
152.2934,43433,434561543,2620,0,0,0
152.3061,43434,434571543,2384,0,0,0
152.3147,43435,434581543,2624,0,0,0
152.3215,43436,434591543,2394,0,0,0
152.3325,43437,434601543,2623,0,0,0
152.3425,43438,434611542,2387,0,0,0
152.3535,43439,434621542,2598,0,0,0
152.3618,43440,434631542,2397,0,0,0
152.3714,43441,434641543,2614,0,0,0
152.3815,43442,434651543,2397,0,0,0
152.3923,43443,434661543,2608,0,0,0
152.4018,43444,434671543,2370,0,0,0
152.4120,43445,434681543,2590,0,0,0
152.4222,43446,434691542,2401,0,0,0
152.4318,43447,434701543,2589,0,0,0
152.4415,43448,434711543,2398,0,0,0
152.4575,43449,434721543,2612,0,0,0
152.4665,43450,434731543,2401,0,0,0
152.4748,43451,434741543,2609,0,0,0
152.4829,43452,434751543,2407,0,0,0
152.4935,43453,434761543,2633,0,0,0
152.5041,43454,434771542,2399,0,0,0
152.5114,43455,434781543,2598,0,0,0
152.5215,43456,434791542,2398,0,0,0
152.5323,43457,434801542,2582,0,0,0
152.5421,43458,434811543,2386,0,0,0
152.5519,43459,434821542,2582,0,0,0
152.5624,43460,434831543,2396,0,0,0
152.5717,43461,434841542,2559,0,0,0
152.5890,43462,434851542,2395,0,0,0
152.5924,43463,434861542,2559,0,0,0
152.6044,43464,434871542,2455,0,0,0
152.6154,43465,434881542,2558,0,0,0
152.6264,43466,434891543,2441,0,0,0
152.6332,43467,434901543,2615,0,0,0
152.6435,43468,434911543,2469,0,0,0
152.6540,43469,434921543,2629,0,0,0
152.6640,43470,434931543,2480,0,0,0
152.6746,43471,434941542,2615,0,0,0
152.6814,43472,434951543,2479,0,0,0
152.6922,43473,434961543,2611,0,0,0
152.7023,43474,434971543,2477,0,0,0
152.7119,43475,434981542,2613,0,0,0
152.7218,43476,434991543,2465,0,0,0
152.7323,43477,435001543,2617,0,0,0
152.7418,43478,435011542,2552,0,0,0
152.7579,43479,435021542,2663,0,0,0
152.7621,43480,435031542,2553,0,0,0
152.7779,43481,435041543,2660,0,0,0
152.7816,43482,435051543,2558,0,0,0
152.7937,43483,435061543,2644,0,0,0
152.8029,43484,435071543,2486,0,0,0
152.8115,43485,435081543,2493,0,0,0
152.8234,43486,435091542,2533,0,0,0
152.8322,43487,435101543,2663,0,0,0
152.8427,43488,435111543,2515,0,0,0
152.8516,43489,435121543,2661,0,0,0
152.8618,43490,435131543,2304,0,0,0
152.8715,43491,435141543,2667,0,0,0
152.8819,43492,435151543,2323,0,0,0
152.8922,43493,435161543,2643,0,0,0
152.9025,43494,435171543,2559,0,0,0
152.9154,43495,435181543,2643,0,0,0
152.9224,43496,435191543,2503,0,0,0
152.9335,43497,435201543,2559,0,0,0
152.9446,43498,435211542,2496,0,0,0
152.9529,43499,435221542,2580,0,0,0
152.9629,43500,435231543,2497,0,0,0
152.9717,43501,435241543,2581,0,0,0
152.9819,43502,435251543,2501,0,0,0
152.9921,43503,435261543,2559,0,0,0
153.0014,43504,435271543,2489,0,0,0
153.0117,43505,435281543,2559,0,0,0
153.0215,43506,435291543,2502,0,0,0
153.0316,43507,435301543,2559,0,0,0
153.0422,43508,435311543,2499,0,0,0
153.0518,43509,435321543,2559,0,0,0
153.0685,43510,435331543,2485,0,0,0
153.0719,43511,435341543,2544,0,0,0
153.0820,43512,435351543,2498,0,0,0
153.0924,43513,435361543,2559,0,0,0
153.1054,43514,435371543,2497,0,0,0
153.1141,43515,435381542,2544,0,0,0
153.1274,43516,435391542,2511,0,0,0
153.1335,43517,435401543,2559,0,0,0
153.1440,43518,435411543,2501,0,0,0
153.1557,43519,435421543,2559,0,0,0
153.1614,43520,435431543,2535,0,0,0
153.1716,43521,435441543,2610,0,0,0
153.1820,43522,435451543,2559,0,0,0
153.1922,43523,435461543,2593,0,0,0
153.2020,43524,435471543,2523,0,0,0
153.2124,43525,435481543,2594,0,0,0
153.2219,43526,435491543,2535,0,0,0
153.2356,43527,435501543,2602,0,0,0
153.2419,43528,435511543,2545,0,0,0
153.2577,43529,435521543,2587,0,0,0
153.2695,43530,435531543,2543,0,0,0
153.2752,43531,435541542,2588,0,0,0
153.2853,43532,435551543,2544,0,0,0
153.2931,43533,435561542,2581,0,0,0
153.3039,43534,435571542,2543,0,0,0
153.3127,43535,435581542,2559,0,0,0
153.3249,43536,435591543,2528,0,0,0
153.3315,43537,435601542,2559,0,0,0
153.3420,43538,435611543,2525,0,0,0
153.3520,43539,435621542,2559,0,0,0
153.3627,43540,435631542,2539,0,0,0
153.3719,43541,435641543,2559,0,0,0
153.3823,43542,435651543,2546,0,0,0
153.3922,43543,435661543,2559,0,0,0
153.4023,43544,435671543,2554,0,0,0
153.4160,43545,435681543,2587,0,0,0
153.4246,43546,435691543,2559,0,0,0
153.4401,43547,435701543,2592,0,0,0
153.4427,43548,435711543,2559,0,0,0
153.4560,43549,435721543,2590,0,0,0
153.4638,43550,435731543,2559,0,0,0
153.4780,43551,435741543,2589,0,0,0
153.4854,43552,435751543,2559,0,0,0
153.4918,43553,435761543,2559,0,0,0
153.5017,43554,435771543,2581,0,0,0
153.5116,43555,435781543,2559,0,0,0
153.5219,43556,435791542,2586,0,0,0
153.5322,43557,435801542,2559,0,0,0
153.5422,43558,435811543,2583,0,0,0
153.5522,43559,435821542,2551,0,0,0
153.5629,43560,435831543,2589,0,0,0
153.5745,43561,435841543,2549,0,0,0
153.5821,43562,435851543,2599,0,0,0
153.5953,43563,435861543,2543,0,0,0
153.6038,43564,435871542,2598,0,0,0
153.6117,43565,435881543,2542,0,0,0
153.6217,43566,435891543,2606,0,0,0
153.6370,43567,435901543,2526,0,0,0
153.6428,43568,435911543,2608,0,0,0
153.6516,43569,435921543,2515,0,0,0
153.6619,43570,435931543,2593,0,0,0
153.6721,43571,435941542,2507,0,0,0
153.6819,43572,435951543,2559,0,0,0
153.6919,43573,435961543,2486,0,0,0
153.7024,43574,435971543,2559,0,0,0
153.7140,43575,435981543,2499,0,0,0
153.7257,43576,435991542,2592,0,0,0
153.7354,43577,436001543,2481,0,0,0
153.7468,43578,436011543,2595,0,0,0
153.7536,43579,436021542,2492,0,0,0
153.7634,43580,436031543,2593,0,0,0
153.7732,43581,436041543,2493,0,0,0
153.7839,43582,436051543,2598,0,0,0
153.7949,43583,436061542,2481,0,0,0
153.8014,43584,436071542,2599,0,0,0
153.8115,43585,436081542,2490,0,0,0
153.8214,43586,436091543,2628,0,0,0
153.8318,43587,436101543,2464,0,0,0
153.8421,43588,436111543,2608,0,0,0
153.8518,43589,436121543,2467,0,0,0
153.8623,43590,436131543,2637,0,0,0
153.8772,43591,436141543,2462,0,0,0
153.8829,43592,436151543,2646,0,0,0
153.8920,43593,436161543,2448,0,0,0
153.9017,43594,436171543,2655,0,0,0
153.9196,43595,436181543,2446,0,0,0
153.9259,43596,436191543,2657,0,0,0
153.9383,43597,436201543,2446,0,0,0
153.9448,43598,436211543,2663,0,0,0
153.9518,43599,436221543,2442,0,0,0
153.9649,43600,436231543,2663,0,0,0
153.9734,43601,436241543,2437,0,0,0
153.9815,43602,436251543,2665,0,0,0
153.9915,43603,436261542,2432,0,0,0
154.0018,43604,436271543,2646,0,0,0
154.0117,43605,436281543,2420,0,0,0
154.0218,43606,436291543,2653,0,0,0
154.0321,43607,436301543,2423,0,0,0
154.0481,43608,436311543,2657,0,0,0
154.0519,43609,436321542,2416,0,0,0
154.0680,43610,436331542,2655,0,0,0
154.0741,43611,436341543,2425,0,0,0
154.0839,43612,436351543,2671,0,0,0
154.0915,43613,436361542,2418,0,0,0
154.1028,43614,436371542,2667,0,0,0
154.1124,43615,436381542,2412,0,0,0
154.1248,43616,436391543,2665,0,0,0
154.1341,43617,436401543,2415,0,0,0
154.1415,43618,436411543,2668,0,0,0
154.1514,43619,436421543,2411,0,0,0
154.1614,43620,436431543,2675,0,0,0
154.1717,43621,436441543,2412,0,0,0
154.1813,43622,436451543,2681,0,0,0
154.1915,43623,436461542,2415,0,0,0
154.2036,43624,436471543,2691,0,0,0
154.2167,43625,436481542,2417,0,0,0
154.2249,43626,436491543,2691,0,0,0
154.2317,43627,436501543,2414,0,0,0
154.2447,43628,436511542,2695,0,0,0
154.2515,43629,436521543,2416,0,0,0
154.2646,43630,436531543,2693,0,0,0
154.2736,43631,436541543,2415,0,0,0
154.2814,43632,436551543,2695,0,0,0
154.2915,43633,436561542,2415,0,0,0
154.3017,43634,436571543,2704,0,0,0
154.3120,43635,436581543,2409,0,0,0
154.3219,43636,436591543,2721,0,0,0
154.3321,43637,436601543,2415,0,0,0
154.3417,43638,436611543,2718,0,0,0
154.3591,43639,436621542,2404,0,0,0
154.3618,43640,436631543,2720,0,0,0
154.3717,43641,436641542,2411,0,0,0
154.3820,43642,436651543,2705,0,0,0
154.3980,43643,436661543,2412,0,0,0
154.4023,43644,436671542,2714,0,0,0
154.4147,43645,436681542,2411,0,0,0
154.4223,43646,436691543,2723,0,0,0
154.4343,43647,436701543,2410,0,0,0
154.4417,43648,436711543,2735,0,0,0
154.4514,43649,436721542,2433,0,0,0
154.4621,43650,436731542,2714,0,0,0
154.4717,43651,436741543,2390,0,0,0
154.4820,43652,436751543,2727,0,0,0
154.4924,43653,436761543,2387,0,0,0
154.5020,43654,436771542,2730,0,0,0
154.5123,43655,436781543,2396,0,0,0
154.5269,43656,436791543,2739,0,0,0
154.5319,43657,436801543,2391,0,0,0
154.5422,43658,436811543,2736,0,0,0
154.5516,43659,436821543,2384,0,0,0
154.5671,43660,436831543,2735,0,0,0
154.5748,43661,436841542,2371,0,0,0
154.5846,43662,436851543,2739,0,0,0
154.5915,43663,436861542,2371,0,0,0
154.6050,43664,436871542,2745,0,0,0
154.6128,43665,436881543,2375,0,0,0
154.6216,43666,436891543,2745,0,0,0
154.6318,43667,436901543,2367,0,0,0
154.6417,43668,436911543,2736,0,0,0
154.6521,43669,436921542,2365,0,0,0
154.6626,43670,436931543,2739,0,0,0
154.6718,43671,436941543,2370,0,0,0
154.6824,43672,436951543,2746,0,0,0
154.6919,43673,436961543,2367,0,0,0
154.7024,43674,436971542,2742,0,0,0
154.7118,43675,436981543,2368,0,0,0
154.7301,43676,436991543,2741,0,0,0
154.7324,43677,437001543,2375,0,0,0
154.7462,43678,437011542,2733,0,0,0
154.7550,43679,437021542,2371,0,0,0
154.7651,43680,437031542,2742,0,0,0
154.7764,43681,437041542,2375,0,0,0
154.7820,43682,437051543,2745,0,0,0
154.7915,43683,437061542,2381,0,0,0
154.8020,43684,437071543,2752,0,0,0
154.8124,43685,437081543,2379,0,0,0
154.8219,43686,437091543,2755,0,0,0
154.8323,43687,437101542,2378,0,0,0
154.8419,43688,437111542,2753,0,0,0
154.8613,43689,437121543,2373,0,0,0
154.8622,43690,437131543,2737,0,0,0
154.8728,43691,437141543,2381,0,0,0
154.8815,43692,437151543,2749,0,0,0
154.8945,43693,437161542,2384,0,0,0
154.9015,43694,437171543,2753,0,0,0
154.9150,43695,437181543,2411,0,0,0
154.9252,43696,437191543,2769,0,0,0
154.9393,43697,437201542,2390,0,0,0
154.9450,43698,437211542,2763,0,0,0
154.9514,43699,437221543,2397,0,0,0
154.9623,43700,437231543,2764,0,0,0
154.9716,43701,437241543,2390,0,0,0
154.9821,43702,437251543,2764,0,0,0
154.9920,43703,437261543,2390,0,0,0
155.0029,43704,437271543,2767,0,0,0
155.0118,43705,437281543,2414,0,0,0
155.0271,43706,437291543,2768,0,0,0
155.0318,43707,437301542,2389,0,0,0
155.0480,43708,437311543,2755,0,0,0
155.0521,43709,437321543,2385,0,0,0
155.0648,43710,437331542,2757,0,0,0
155.0771,43711,437341543,2397,0,0,0
155.0830,43712,437351543,2769,0,0,0
155.0914,43713,437361543,2368,0,0,0
155.1022,43714,437371543,2736,0,0,0
155.1116,43715,437381543,2371,0,0,0
155.1222,43716,437391542,2738,0,0,0
155.1324,43717,437401543,2365,0,0,0
155.1418,43718,437411543,2736,0,0,0
155.1521,43719,437421542,2371,0,0,0
155.1624,43720,437431543,2737,0,0,0
155.1737,43721,437441543,2369,0,0,0
155.1832,43722,437451543,2736,0,0,0
155.1980,43723,437461543,2379,0,0,0
155.2075,43724,437471543,2747,0,0,0
155.2144,43725,437481542,2374,0,0,0
155.2225,43726,437491543,2752,0,0,0
155.2314,43727,437501542,2381,0,0,0
155.2422,43728,437511543,2751,0,0,0
155.2516,43729,437521543,2384,0,0,0
155.2724,43730,437531543,2753,0,0,0
155.2727,43731,437541543,2384,0,0,0
155.2837,43732,437551543,2753,0,0,0
155.2918,43733,437561542,2379,0,0,0
155.3063,43734,437571543,2755,0,0,0
155.3129,43735,437581542,2382,0,0,0
155.3238,43736,437591542,2737,0,0,0
155.3437,43737,437601542,2382,0,0,0
155.3721,43738,437611543,2727,0,0,0
155.4027,43739,437621543,2382,0,0,0
155.4264,43740,437631543,2703,0,0,0
155.4647,43741,437641543,2371,0,0,0
155.4788,43742,437651542,2703,0,0,0
155.4791,43743,437661542,2368,0,0,0
155.4793,43744,437671543,2703,0,0,0
155.4937,43745,437681543,2365,0,0,0
155.4942,43746,437691542,2689,0,0,0
155.5092,43747,437701542,2367,0,0,0
155.5097,43748,437711543,2685,0,0,0
155.5102,43749,437721542,2367,0,0,0
155.5109,43750,437731543,2683,0,0,0
155.5115,43751,437741542,2369,0,0,0
155.5120,43752,437751542,2677,0,0,0
155.5126,43753,437761542,2368,0,0,0
155.5192,43754,437771543,2665,0,0,0
155.5220,43755,437781542,2368,0,0,0
155.5225,43756,437791543,2663,0,0,0
155.5319,43757,437801543,2378,0,0,0
155.5416,43758,437811542,2670,0,0,0
155.5514,43759,437821542,2378,0,0,0
155.5617,43760,437831542,2671,0,0,0
155.5715,43761,437841542,2398,0,0,0
155.5814,43762,437851543,2657,0,0,0
155.5915,43763,437861543,2398,0,0,0
155.6072,43764,437871543,2655,0,0,0
155.6121,43765,437881542,2407,0,0,0
155.6254,43766,437891543,2649,0,0,0
155.6320,43767,437901543,2409,0,0,0
155.6474,43768,437911543,2645,0,0,0
155.6521,43769,437921543,2411,0,0,0
155.6675,43770,437931542,2649,0,0,0
155.6786,43771,437941542,2423,0,0,0
155.6817,43772,437951542,2640,0,0,0
155.6914,43773,437961543,2426,0,0,0
155.7014,43774,437971543,2643,0,0,0
155.7118,43775,437981543,2429,0,0,0
155.7217,43776,437991543,2641,0,0,0
155.7317,43777,438001543,2447,0,0,0
155.7414,43778,438011543,2666,0,0,0
155.7532,43779,438021543,2446,0,0,0
155.7619,43780,438031543,2631,0,0,0
155.7720,43781,438041543,2446,0,0,0
155.7916,43782,438051543,2638,0,0,0
155.7929,43783,438061543,2429,0,0,0
155.8023,43784,438071543,2642,0,0,0
155.8149,43785,438081542,2435,0,0,0
155.8235,43786,438091543,2647,0,0,0
155.8316,43787,438101543,2434,0,0,0
155.8431,43788,438111543,2640,0,0,0
155.8513,43789,438121543,2437,0,0,0
155.8614,43790,438131543,2642,0,0,0
155.8717,43791,438141543,2439,0,0,0
155.9216,43792,438151542,2641,0,0,0
155.9427,43793,438161543,2442,0,0,0
155.9597,43794,438171543,2629,0,0,0
155.9915,43795,438181543,2447,0,0,0
156.0070,43796,438191543,2631,0,0,0
156.0192,43797,438201542,2452,0,0,0
156.0206,43798,438211543,2623,0,0,0
156.0259,43799,438221542,2472,0,0,0
156.0265,43800,438231543,2612,0,0,0
156.0280,43801,438241543,2469,0,0,0
156.0291,43802,438251543,2610,0,0,0
156.0338,43803,438261542,2479,0,0,0
156.0347,43804,438271542,2608,0,0,0
156.0362,43805,438281542,2471,0,0,0
156.0373,43806,438291543,2607,0,0,0
156.0403,43807,438301543,2479,0,0,0
156.0447,43808,438311543,2611,0,0,0
156.0541,43809,438321542,2478,0,0,0
156.0641,43810,438331543,2603,0,0,0
156.0739,43811,438341543,2485,0,0,0
156.0856,43812,438351543,2604,0,0,0
156.0936,43813,438361543,2486,0,0,0
156.1015,43814,438371543,2609,0,0,0
156.1114,43815,438381543,2480,0,0,0
156.1214,43816,438391543,2603,0,0,0
156.1316,43817,438401543,2480,0,0,0
156.1414,43818,438411543,2597,0,0,0
156.1516,43819,438421543,2480,0,0,0
156.1615,43820,438431543,2594,0,0,0
156.1734,43821,438441543,2486,0,0,0
156.1822,43822,438451543,2595,0,0,0
156.1938,43823,438461543,2491,0,0,0
156.2024,43824,438471543,2597,0,0,0
156.2120,43825,438481542,2497,0,0,0
156.2218,43826,438491543,2559,0,0,0
156.2358,43827,438501543,2499,0,0,0
156.2419,43828,438511543,2582,0,0,0
156.2518,43829,438521543,2500,0,0,0
156.2619,43830,438531543,2595,0,0,0
156.2719,43831,438541542,2499,0,0,0
156.2818,43832,438551542,2559,0,0,0
156.2916,43833,438561543,2495,0,0,0
156.3018,43834,438571543,2559,0,0,0
156.3127,43835,438581543,2487,0,0,0
156.3343,43836,438591543,2582,0,0,0
156.3451,43837,438601543,2497,0,0,0
156.3475,43838,438611543,2559,0,0,0
156.3614,43839,438621542,2495,0,0,0
156.3646,43840,438631543,2581,0,0,0
156.3759,43841,438641543,2507,0,0,0
156.4063,43842,438651543,2583,0,0,0
156.4347,43843,438661543,2495,0,0,0
156.4569,43844,438671543,2591,0,0,0
156.4655,43845,438681542,2521,0,0,0
156.4781,43846,438691542,2593,0,0,0
156.4963,43847,438701542,2491,0,0,0
156.5033,43848,438711542,2559,0,0,0
156.5230,43849,438721543,2509,0,0,0
156.5295,43850,438731543,2558,0,0,0
156.5362,43851,438741543,2487,0,0,0
156.5430,43852,438751543,2559,0,0,0
156.5534,43853,438761543,2506,0,0,0
156.5542,43854,438771543,2559,0,0,0
156.5547,43855,438781543,2501,0,0,0
156.5552,43856,438791543,2559,0,0,0
156.5557,43857,438801543,2510,0,0,0
156.5613,43858,438811543,2559,0,0,0
156.5637,43859,438821542,2511,0,0,0
156.5645,43860,438831543,2559,0,0,0
156.5739,43861,438841543,2512,0,0,0
156.5815,43862,438851543,2559,0,0,0
156.5915,43863,438861543,2503,0,0,0
156.6014,43864,438871543,2559,0,0,0
156.6114,43865,438881543,2490,0,0,0
156.6218,43866,438891543,2534,0,0,0
156.6313,43867,438901543,2512,0,0,0
156.6421,43868,438911543,2557,0,0,0
156.6573,43869,438921543,2519,0,0,0
156.6644,43870,438931543,2557,0,0,0
156.6748,43871,438941542,2490,0,0,0
156.6846,43872,438951543,2527,0,0,0
156.6941,43873,438961543,2499,0,0,0
156.7018,43874,438971543,2543,0,0,0
156.7115,43875,438981542,2511,0,0,0
156.7214,43876,438991543,2544,0,0,0
156.7318,43877,439001543,2506,0,0,0
156.7415,43878,439011543,2514,0,0,0
156.7515,43879,439021542,2493,0,0,0
156.7616,43880,439031543,2544,0,0,0
156.7737,43881,439041542,2513,0,0,0
156.7832,43882,439051543,2547,0,0,0
156.7932,43883,439061542,2516,0,0,0
156.8053,43884,439071543,2543,0,0,0
156.8157,43885,439081543,2502,0,0,0
156.8259,43886,439091543,2515,0,0,0
156.8350,43887,439101543,2528,0,0,0
156.8493,43888,439111543,2535,0,0,0
156.8591,43889,439121542,2524,0,0,0
156.8655,43890,439131542,2511,0,0,0
156.8731,43891,439141543,2539,0,0,0
156.8819,43892,439151542,2512,0,0,0
156.9142,43893,439161542,2533,0,0,0
156.9377,43894,439171542,2518,0,0,0
156.9624,43895,439181542,2525,0,0,0
156.9805,43896,439191543,2499,0,0,0
156.9866,43897,439201542,2533,0,0,0
156.9964,43898,439211543,2491,0,0,0
157.0225,43899,439221542,2544,0,0,0
157.0284,43900,439231543,2511,0,0,0
157.0295,43901,439241542,2559,0,0,0
157.0303,43902,439251543,2498,0,0,0
157.0354,43903,439261542,2553,0,0,0
157.0364,43904,439271543,2480,0,0,0
157.0378,43905,439281543,2558,0,0,0
157.0387,43906,439291543,2480,0,0,0
157.0430,43907,439301542,2559,0,0,0
157.0435,43908,439311543,2496,0,0,0
157.0522,43909,439321543,2559,0,0,0
157.0654,43910,439331543,2481,0,0,0
157.0771,43911,439341543,2559,0,0,0
157.0832,43912,439351543,2493,0,0,0
157.0966,43913,439361543,2608,0,0,0
157.1023,43914,439371543,2527,0,0,0
157.1119,43915,439381543,2595,0,0,0
157.1214,43916,439391543,2491,0,0,0
157.1314,43917,439401543,2592,0,0,0
157.1414,43918,439411543,2495,0,0,0
157.1515,43919,439421542,2598,0,0,0
157.1662,43920,439431543,2495,0,0,0
157.1754,43921,439441543,2597,0,0,0
157.1843,43922,439451543,2480,0,0,0
157.1939,43923,439461543,2618,0,0,0
157.2038,43924,439471543,2475,0,0,0
157.2146,43925,439481543,2624,0,0,0
157.2268,43926,439491543,2466,0,0,0
157.2320,43927,439501543,2637,0,0,0
157.2418,43928,439511543,2461,0,0,0
157.2517,43929,439521543,2642,0,0,0
157.2618,43930,439531543,2459,0,0,0
157.2720,43931,439541543,2643,0,0,0
157.2814,43932,439551543,2459,0,0,0
157.2914,43933,439561543,2665,0,0,0
157.3014,43934,439571543,2448,0,0,0
157.3122,43935,439581543,2670,0,0,0
157.3236,43936,439591543,2451,0,0,0
157.3341,43937,439601543,2663,0,0,0
157.3495,43938,439611543,2445,0,0,0
157.3552,43939,439621543,2672,0,0,0
157.3638,43940,439631543,2448,0,0,0
157.3974,43941,439641542,2674,0,0,0
157.4169,43942,439651543,2445,0,0,0
157.4413,43943,439661543,2669,0,0,0
157.4646,43944,439671543,2449,0,0,0
157.4736,43945,439681543,2672,0,0,0
157.5063,43946,439691543,2451,0,0,0
157.5239,43947,439701543,2682,0,0,0
157.5244,43948,439711543,2448,0,0,0
157.5251,43949,439721543,2675,0,0,0
157.5256,43950,439731543,2447,0,0,0
157.5261,43951,439741543,2672,0,0,0
157.5311,43952,439751543,2442,0,0,0
157.5376,43953,439761542,2682,0,0,0
157.5432,43954,439771543,2442,0,0,0
157.5435,43955,439781542,2686,0,0,0
157.5438,43956,439791543,2433,0,0,0
157.5440,43957,439801543,2686,0,0,0
157.5443,43958,439811543,2427,0,0,0
157.5514,43959,439821543,2687,0,0,0
157.5614,43960,439831543,2425,0,0,0
157.5714,43961,439841543,2702,0,0,0
157.5814,43962,439851542,2423,0,0,0
157.5915,43963,439861542,2698,0,0,0
157.6014,43964,439871543,2430,0,0,0
157.6114,43965,439881543,2695,0,0,0
157.6251,43966,439891543,2423,0,0,0
157.6338,43967,439901542,2694,0,0,0
157.6455,43968,439911542,2422,0,0,0
157.6566,43969,439921543,2689,0,0,0
157.6632,43970,439931543,2422,0,0,0
157.6756,43971,439941543,2709,0,0,0
157.6829,43972,439951543,2429,0,0,0
157.6920,43973,439961543,2690,0,0,0
157.7014,43974,439971543,2418,0,0,0
157.7116,43975,439981542,2704,0,0,0
157.7217,43976,439991543,2423,0,0,0
157.7317,43977,440001542,2703,0,0,0
157.7417,43978,440011543,2419,0,0,0
157.7517,43979,440021543,2704,0,0,0
157.7618,43980,440031542,2422,0,0,0
157.7735,43981,440041542,2699,0,0,0
157.7846,43982,440051542,2438,0,0,0
157.7950,43983,440061542,2727,0,0,0
157.8057,43984,440071543,2411,0,0,0
157.8157,43985,440081543,2704,0,0,0
157.8257,43986,440091543,2417,0,0,0
157.8315,43987,440101542,2707,0,0,0
157.8414,43988,440111543,2417,0,0,0
157.8513,43989,440121542,2707,0,0,0
157.8614,43990,440131543,2415,0,0,0
157.8716,43991,440141542,2719,0,0,0
157.8819,43992,440151543,2414,0,0,0
157.8921,43993,440161543,2721,0,0,0
157.9062,43994,440171543,2407,0,0,0
157.9123,43995,440181543,2727,0,0,0
157.9249,43996,440191543,2405,0,0,0
157.9348,43997,440201543,2736,0,0,0
157.9460,43998,440211543,2395,0,0,0
157.9537,43999,440221543,2736,0,0,0
157.9623,44000,440231543,2394,0,0,0
157.9714,44001,440241543,2741,0,0,0
157.9819,44002,440251543,2397,0,0,0
157.9915,44003,440261543,2718,0,0,0
158.0024,44004,440271543,2393,0,0,0
158.0117,44005,440281543,2745,0,0,0
158.0219,44006,440291543,2373,0,0,0
158.0324,44007,440301543,2754,0,0,0
158.0424,44008,440311543,2386,0,0,0
158.0520,44009,440321543,2755,0,0,0
158.0690,44010,440331543,2384,0,0,0
158.0745,44011,440341543,2754,0,0,0
158.0837,44012,440351543,2382,0,0,0
158.0918,44013,440361543,2756,0,0,0
158.1014,44014,440371543,2375,0,0,0
158.1114,44015,440381543,2751,0,0,0
158.1214,44016,440391543,2374,0,0,0
158.1316,44017,440401542,2749,0,0,0
158.1417,44018,440411543,2365,0,0,0
158.1518,44019,440421543,2742,0,0,0
158.1621,44020,440431543,2372,0,0,0
158.1776,44021,440441543,2750,0,0,0
158.1817,44022,440451543,2370,0,0,0
158.1937,44023,440461543,2753,0,0,0
158.2046,44024,440471543,2363,0,0,0
158.2162,44025,440481543,2754,0,0,0
158.2226,44026,440491542,2375,0,0,0
158.2367,44027,440501543,2759,0,0,0
158.2456,44028,440511542,2369,0,0,0
158.2531,44029,440521543,2752,0,0,0
158.2614,44030,440531543,2368,0,0,0
158.2717,44031,440541543,2762,0,0,0
158.2814,44032,440551543,2375,0,0,0
158.2915,44033,440561542,2761,0,0,0
158.3017,44034,440571543,2373,0,0,0
158.3122,44035,440581543,2754,0,0,0
158.3220,44036,440591543,2393,0,0,0
158.3389,44037,440601542,2755,0,0,0
158.3427,44038,440611542,2368,0,0,0
158.3518,44039,440621543,2742,0,0,0
158.3647,44040,440631543,2356,0,0,0
158.3768,44041,440641543,2754,0,0,0
158.3843,44042,440651543,2354,0,0,0
158.3918,44043,440661543,2759,0,0,0
158.4043,44044,440671543,2352,0,0,0
158.4145,44045,440681543,2764,0,0,0
158.4216,44046,440691543,2362,0,0,0
158.4314,44047,440701542,2767,0,0,0
158.4418,44048,440711543,2381,0,0,0
158.4519,44049,440721543,2783,0,0,0
158.4621,44050,440731542,2353,0,0,0
158.4717,44051,440741543,2741,0,0,0
158.4821,44052,440751543,2356,0,0,0
158.4920,44053,440761543,2751,0,0,0
158.5034,44054,440771543,2352,0,0,0
158.5154,44055,440781542,2741,0,0,0
158.5241,44056,440791543,2349,0,0,0
158.5343,44057,440801542,2737,0,0,0
158.5443,44058,440811542,2341,0,0,0
158.5546,44059,440821542,2731,0,0,0
158.5634,44060,440831543,2339,0,0,0
158.5716,44061,440841542,2736,0,0,0
158.5898,44062,440851543,2352,0,0,0
158.5922,44063,440861542,2739,0,0,0
158.6048,44064,440871543,2351,0,0,0
158.6114,44065,440881542,2746,0,0,0
158.6214,44066,440891543,2347,0,0,0
158.6318,44067,440901542,2745,0,0,0
158.6418,44068,440911543,2347,0,0,0
158.6534,44069,440921542,2738,0,0,0
158.6625,44070,440931543,2351,0,0,0
158.6739,44071,440941543,2737,0,0,0
158.6823,44072,440951542,2349,0,0,0
158.6937,44073,440961542,2736,0,0,0
158.7015,44074,440971543,2352,0,0,0
158.7129,44075,440981542,2734,0,0,0
158.7270,44076,440991543,2351,0,0,0
158.7342,44077,441001543,2730,0,0,0
158.7461,44078,441011543,2346,0,0,0
158.7540,44079,441021542,2732,0,0,0
158.7615,44080,441031543,2339,0,0,0
158.7714,44081,441041543,2715,0,0,0
158.7823,44082,441051543,2348,0,0,0
158.7920,44083,441061542,2704,0,0,0
158.8024,44084,441071543,2351,0,0,0
158.8119,44085,441081542,2700,0,0,0
158.8217,44086,441091543,2353,0,0,0
158.8351,44087,441101543,2699,0,0,0
158.8471,44088,441111543,2352,0,0,0
158.8577,44089,441121542,2675,0,0,0
158.8682,44090,441131543,2352,0,0,0
158.8763,44091,441141542,2679,0,0,0
158.8856,44092,441151543,2352,0,0,0
158.8930,44093,441161542,2674,0,0,0
158.9039,44094,441171542,2353,0,0,0
158.9162,44095,441181543,2657,0,0,0
158.9242,44096,441191543,2351,0,0,0
158.9315,44097,441201543,2662,0,0,0
158.9416,44098,441211543,2347,0,0,0
158.9518,44099,441221542,2653,0,0,0
158.9622,44100,441231543,2352,0,0,0
158.9721,44101,441241542,2643,0,0,0
158.9820,44102,441251543,2351,0,0,0
158.9920,44103,441261543,2646,0,0,0
159.0022,44104,441271542,2343,0,0,0
159.0119,44105,441281543,2641,0,0,0
159.0286,44106,441291543,2349,0,0,0
159.0329,44107,441301542,2640,0,0,0
159.0448,44108,441311543,2356,0,0,0
159.0548,44109,441321543,2624,0,0,0
159.0634,44110,441331543,2368,0,0,0
159.0736,44111,441341543,2623,0,0,0
159.0866,44112,441351543,2384,0,0,0
159.0913,44113,441361543,2628,0,0,0
159.1016,44114,441371542,2394,0,0,0
159.1119,44115,441381542,2654,0,0,0
159.1219,44116,441391542,2389,0,0,0
159.1318,44117,441401542,2617,0,0,0
159.1424,44118,441411543,2404,0,0,0
159.1520,44119,441421542,2625,0,0,0
159.1617,44120,441431543,2416,0,0,0
159.1725,44121,441441543,2631,0,0,0
159.1816,44122,441451543,2416,0,0,0
159.1978,44123,441461543,2635,0,0,0
159.2016,44124,441471543,2421,0,0,0
159.2158,44125,441481543,2640,0,0,0
159.2243,44126,441491543,2425,0,0,0
159.2331,44127,441501543,2639,0,0,0
159.2419,44128,441511543,2430,0,0,0
159.2518,44129,441521543,2641,0,0,0
159.2615,44130,441531543,2437,0,0,0
159.2715,44131,441541543,2640,0,0,0
159.2815,44132,441551543,2437,0,0,0
159.2920,44133,441561543,2647,0,0,0
159.3017,44134,441571542,2439,0,0,0
159.3116,44135,441581542,2643,0,0,0
159.3215,44136,441591543,2441,0,0,0
159.3354,44137,441601542,2652,0,0,0
159.3469,44138,441611543,2438,0,0,0
159.3594,44139,441621543,2643,0,0,0
159.3655,44140,441631543,2439,0,0,0
159.3738,44141,441641542,2640,0,0,0
159.3878,44142,441651542,2443,0,0,0
159.4004,44143,441661542,2640,0,0,0
159.4037,44144,441671543,2448,0,0,0
159.4140,44145,441681543,2633,0,0,0
159.4248,44146,441691543,2443,0,0,0
159.4317,44147,441701543,2624,0,0,0
159.4413,44148,441711543,2452,0,0,0
159.4518,44149,441721543,2617,0,0,0
159.4614,44150,441731543,2459,0,0,0
159.4714,44151,441741542,2611,0,0,0
159.4816,44152,441751543,2469,0,0,0
159.4953,44153,441761542,2607,0,0,0
159.5042,44154,441771543,2471,0,0,0
159.5116,44155,441781543,2597,0,0,0
159.5247,44156,441791543,2480,0,0,0
159.5317,44157,441801543,2603,0,0,0
159.5478,44158,441811542,2470,0,0,0
159.5587,44159,441821543,2608,0,0,0
159.5689,44160,441831543,2476,0,0,0
159.5721,44161,441841543,2606,0,0,0
159.5840,44162,441851542,2479,0,0,0
159.5914,44163,441861542,2605,0,0,0
159.6015,44164,441871543,2481,0,0,0
159.6114,44165,441881543,2598,0,0,0
159.6215,44166,441891543,2487,0,0,0
159.6316,44167,441901543,2609,0,0,0
159.6417,44168,441911543,2485,0,0,0
159.6580,44169,441921543,2597,0,0,0
159.6621,44170,441931543,2487,0,0,0
159.6725,44171,441941543,2587,0,0,0
159.6821,44172,441951543,2482,0,0,0
159.6930,44173,441961542,2586,0,0,0
159.7024,44174,441971543,2485,0,0,0
159.7149,44175,441981543,2587,0,0,0
159.7218,44176,441991543,2482,0,0,0
159.7380,44177,442001543,2559,0,0,0
159.7436,44178,442011543,2481,0,0,0
159.7554,44179,442021543,2559,0,0,0
159.7614,44180,442031543,2480,0,0,0
159.7717,44181,442041543,2559,0,0,0
159.7817,44182,442051543,2487,0,0,0
159.7918,44183,442061543,2596,0,0,0
159.8017,44184,442071543,2480,0,0,0
159.8119,44185,442081543,2554,0,0,0
159.8217,44186,442091543,2483,0,0,0
159.8329,44187,442101543,2559,0,0,0
159.8459,44188,442111542,2474,0,0,0
159.8601,44189,442121543,2559,0,0,0
159.8618,44190,442131543,2478,0,0,0
159.8785,44191,442141543,2559,0,0,0
159.8816,44192,442151542,2466,0,0,0
159.8971,44193,442161543,2559,0,0,0
159.9058,44194,442171543,2480,0,0,0
159.9146,44195,442181543,2559,0,0,0
159.9223,44196,442191543,2482,0,0,0
159.9341,44197,442201543,2559,0,0,0
159.9458,44198,442211542,2482,0,0,0
159.9518,44199,442221543,2559,0,0,0
159.9615,44200,442231543,2481,0,0,0
159.9715,44201,442241543,2559,0,0,0
159.9815,44202,442251543,2495,0,0,0
159.9916,44203,442261543,2557,0,0,0
160.0023,44204,442271542,2505,0,0,0
160.0127,44205,442281542,2559,0,0,0
160.0237,44206,442291543,2497,0,0,0
160.0320,44207,442301543,2559,0,0,0
160.0539,44208,442311543,2498,0,0,0
160.0590,44209,442321543,2559,0,0,0
160.0705,44210,442331543,2511,0,0,0
160.0724,44211,442341543,2558,0,0,0
160.0876,44212,442351543,2505,0,0,0
160.0987,44213,442361542,2559,0,0,0
160.1079,44214,442371543,2509,0,0,0
160.1129,44215,442381542,2555,0,0,0
160.1244,44216,442391542,2503,0,0,0
160.1318,44217,442401542,2555,0,0,0
160.1414,44218,442411543,2505,0,0,0
160.1516,44219,442421543,2559,0,0,0
160.1615,44220,442431543,2507,0,0,0
160.1713,44221,442441542,2549,0,0,0
160.1815,44222,442451543,2512,0,0,0
160.1914,44223,442461543,2555,0,0,0
160.2031,44224,442471543,2513,0,0,0
160.2169,44225,442481542,2550,0,0,0
160.2326,44226,442491542,2512,0,0,0
160.2369,44227,442501542,2559,0,0,0
160.2460,44228,442511543,2527,0,0,0
160.2536,44229,442521543,2559,0,0,0
160.2621,44230,442531543,2534,0,0,0
160.2722,44231,442541543,2559,0,0,0
160.2819,44232,442551542,2537,0,0,0
160.2934,44233,442561542,2559,0,0,0
160.3014,44234,442571542,2544,0,0,0
160.3113,44235,442581543,2559,0,0,0
160.3215,44236,442591543,2547,0,0,0
160.3315,44237,442601542,2583,0,0,0
160.3414,44238,442611542,2550,0,0,0
160.3514,44239,442621542,2583,0,0,0
160.3657,44240,442631543,2550,0,0,0
160.3737,44241,442641543,2559,0,0,0
160.3825,44242,442651543,2549,0,0,0
160.3945,44243,442661542,2559,0,0,0
160.4041,44244,442671542,2559,0,0,0
160.4159,44245,442681543,2559,0,0,0
160.4275,44246,442691543,2555,0,0,0
160.4346,44247,442701542,2559,0,0,0
160.4453,44248,442711543,2558,0,0,0
160.4561,44249,442721543,2546,0,0,0
160.4653,44250,442731542,2559,0,0,0
160.4718,44251,442741542,2559,0,0,0
160.4814,44252,442751542,2607,0,0,0
160.4914,44253,442761543,2553,0,0,0
160.5014,44254,442771542,2559,0,0,0
160.5114,44255,442781543,2540,0,0,0
160.5214,44256,442791543,2583,0,0,0
160.5316,44257,442801543,2533,0,0,0
160.5447,44258,442811543,2590,0,0,0
160.5518,44259,442821543,2514,0,0,0
160.5660,44260,442831543,2590,0,0,0
160.5738,44261,442841543,2517,0,0,0
160.5913,44262,442851543,2598,0,0,0
160.5929,44263,442861543,2511,0,0,0
160.6107,44264,442871543,2595,0,0,0
160.6123,44265,442881543,2511,0,0,0
160.6315,44266,442891543,2589,0,0,0
160.6325,44267,442901543,2495,0,0,0
160.6438,44268,442911543,2559,0,0,0
160.6547,44269,442921543,2489,0,0,0
160.6617,44270,442931543,2582,0,0,0
160.6720,44271,442941543,2481,0,0,0
160.6814,44272,442951543,2559,0,0,0
160.6913,44273,442961543,2457,0,0,0
160.7016,44274,442971542,2556,0,0,0
160.7119,44275,442981543,2449,0,0,0
160.7244,44276,442991543,2537,0,0,0
160.7320,44277,443001543,2447,0,0,0
160.7491,44278,443011543,2545,0,0,0
160.7544,44279,443021543,2442,0,0,0
160.7659,44280,443031543,2553,0,0,0
160.7768,44281,443041543,2439,0,0,0
160.7870,44282,443051543,2598,0,0,0
160.8002,44283,443061543,2512,0,0,0
160.8038,44284,443071543,2618,0,0,0
160.8163,44285,443081543,2485,0,0,0
160.8250,44286,443091543,2355,0,0,0
160.8316,44287,443101543,2806,0,1,1
160.8414,44288,443111543,3195,0,1,1
160.8515,44289,443121543,1872,0,0,0
160.8617,44290,443131543,3126,0,1,1
160.8720,44291,443141543,1915,0,0,0
160.8815,44292,443151543,3122,0,1,1
160.8915,44293,443161542,1999,0,0,0
160.9056,44294,443171543,2988,0,1,1
160.9127,44295,443181543,2832,0,1,1
160.9277,44296,443191542,2928,0,1,1
160.9374,44297,443201543,2971,0,1,1
160.9454,44298,443211543,2123,0,0,0
160.9559,44299,443221543,2944,0,1,1
160.9665,44300,443231543,2117,0,0,0
160.9756,44301,443241543,2769,0,1,1
160.9844,44302,443251543,1959,0,0,0
160.9915,44303,443261543,2683,0,1,1
161.0013,44304,443271543,2156,0,0,0
161.0114,44305,443281542,2654,0,1,1
161.0215,44306,443291543,3001,0,1,1
161.0314,44307,443301543,2398,0,0,0
161.0414,44308,443311543,2635,0,0,0
161.0516,44309,443321542,2398,0,0,0
161.0653,44310,443331542,2633,0,0,0
161.0735,44311,443341542,2439,0,0,0
161.0831,44312,443351543,2686,0,0,0
161.0960,44313,443361543,2433,0,0,0
161.1053,44314,443371543,2688,0,0,0
161.1160,44315,443381543,2440,0,0,0
161.1265,44316,443391543,2690,0,0,0
161.1368,44317,443401542,2427,0,0,0
161.1419,44318,443411543,2698,0,0,0
161.1539,44319,443421543,2431,0,0,0
161.1639,44320,443431543,2695,0,0,0
161.1720,44321,443441543,2436,0,0,0
161.1814,44322,443451543,2635,0,0,0
161.1915,44323,443461543,2881,1,1,1
161.2017,44324,443471543,2771,0,0,0
161.2115,44325,443481542,2949,1,1,1
161.2215,44326,443491543,2774,0,0,0
161.2329,44327,443501543,2949,1,1,1
161.2442,44328,443511543,2770,0,0,0
161.2516,44329,443521543,2930,1,1,1
161.2639,44330,443531543,2772,0,0,0
161.2785,44331,443541542,2932,1,1,1
161.2878,44332,443551543,2783,0,0,0
161.3010,44333,443561543,2923,1,1,1
161.3026,44334,443571543,2777,0,0,0
161.3151,44335,443581543,2929,1,1,1
161.3250,44336,443591543,2779,0,0,0
161.3335,44337,443601543,2480,0,0,0
161.3419,44338,443611543,2778,0,0,0
161.3514,44339,443621542,2451,0,0,0
161.3619,44340,443631542,2715,0,0,0
161.3714,44341,443641542,2414,0,0,0
161.3817,44342,443651543,2715,0,0,0
161.3915,44343,443661542,2403,0,0,0
161.4027,44344,443671542,2715,0,0,0
161.4158,44345,443681543,2403,0,0,0
161.4261,44346,443691543,2706,0,0,0
161.4392,44347,443701543,2406,0,0,0
161.4474,44348,443711543,2711,0,0,0
161.4549,44349,443721543,2401,0,0,0
161.4645,44350,443731542,2707,0,0,0
161.4753,44351,443741542,2405,0,0,0
161.4842,44352,443751542,2720,0,0,0
161.4917,44353,443761543,2388,0,0,0
161.5015,44354,443771543,2720,0,0,0
161.5115,44355,443781542,2384,0,0,0
161.5217,44356,443791542,2723,0,0,0
161.5317,44357,443801542,2384,0,0,0
161.5414,44358,443811543,2726,0,0,0
161.5514,44359,443821543,2384,0,0,0
161.5655,44360,443831543,2736,0,0,0
161.5740,44361,443841543,2367,0,0,0
161.5814,44362,443851543,2745,0,0,0
161.5942,44363,443861543,2362,0,0,0
161.6037,44364,443871543,2736,0,0,0
161.6115,44365,443881542,2370,0,0,0
161.6279,44366,443891543,2761,0,0,0
161.6397,44367,443901543,2379,0,0,0
161.6423,44368,443911542,2755,0,0,0
161.6518,44369,443921543,2378,0,0,0
161.6614,44370,443931543,2767,0,0,0
161.6714,44371,443941543,2379,0,0,0
161.6819,44372,443951542,2771,0,0,0
161.6914,44373,443961542,2365,0,0,0
161.7016,44374,443971543,2767,0,0,0
161.7118,44375,443981543,2379,0,0,0
161.7233,44376,443991543,2764,0,0,0
161.7380,44377,444001543,2378,0,0,0
161.7486,44378,444011543,2765,0,0,0
161.7539,44379,444021543,2381,0,0,0
161.7622,44380,444031543,2767,0,0,0
161.7751,44381,444041543,2381,0,0,0
161.7855,44382,444051543,2761,0,0,0
161.7995,44383,444061542,2369,0,0,0
161.8022,44384,444071543,2757,0,0,0
161.8130,44385,444081543,2370,0,0,0
161.8218,44386,444091543,2755,0,0,0
161.8314,44387,444101543,2358,0,0,0
161.8413,44388,444111542,2711,0,0,0
161.8514,44389,444121542,2318,0,0,0
161.8615,44390,444131543,2704,0,0,0
161.8713,44391,444141543,2323,0,0,0
161.8830,44392,444151543,2717,0,0,0
161.8948,44393,444161543,2320,0,0,0
161.9016,44394,444171543,2709,0,0,0
161.9151,44395,444181542,2375,0,0,0
161.9227,44396,444191543,2697,0,0,0
161.9359,44397,444201543,2778,1,1,1
161.9490,44398,444211543,2677,0,0,0
161.9593,44399,444221543,2781,1,1,1
161.9620,44400,444231543,2689,0,0,0
161.9731,44401,444241542,2775,1,1,1
161.9818,44402,444251543,2658,0,0,0
161.9914,44403,444261542,2778,1,1,1
162.0016,44404,444271543,2710,0,0,0
162.0117,44405,444281543,2775,1,1,1
162.0214,44406,444291542,2838,0,0,0
162.0314,44407,444301542,2752,1,1,1
162.0418,44408,444311543,2835,0,0,0
162.0515,44409,444321543,2785,1,1,1
162.0622,44410,444331543,2679,0,0,0
162.0725,44411,444341543,2295,0,0,0
162.0864,44412,444351543,2832,0,0,0
162.0963,44413,444361543,2419,0,0,0
162.1064,44414,444371543,2747,0,0,0
162.1128,44415,444381543,2342,0,0,0
162.1217,44416,444391543,2751,0,0,0
162.1315,44417,444401542,2342,0,0,0
162.1415,44418,444411543,2745,0,0,0
162.1514,44419,444421543,2339,0,0,0
162.1618,44420,444431542,2749,0,0,0
162.1715,44421,444441542,2351,0,0,0
162.1814,44422,444451542,2747,0,0,0
162.1916,44423,444461543,2349,0,0,0
162.2044,44424,444471542,2746,0,0,0
162.2156,44425,444481542,2343,0,0,0
162.2249,44426,444491542,2751,0,0,0
162.2321,44427,444501542,2352,0,0,0
162.2478,44428,444511543,2768,0,0,0
162.2559,44429,444521543,2398,0,0,0
162.2676,44430,444531543,2800,0,0,0
162.2783,44431,444541542,2417,0,0,0
162.2822,44432,444551543,2795,0,0,0
162.2956,44433,444561542,2405,0,0,0
162.3019,44434,444571542,2794,0,0,0
162.3119,44435,444581542,2397,0,0,0
162.3216,44436,444591542,2785,0,0,0
162.3315,44437,444601542,2399,0,0,0
162.3418,44438,444611543,2786,0,0,0
162.3515,44439,444621542,2394,0,0,0
162.3652,44440,444631543,2785,0,0,0
162.3724,44441,444641543,2400,0,0,0
162.3838,44442,444651543,2779,0,0,0
162.3922,44443,444661543,2400,0,0,0
162.4057,44444,444671543,2773,0,0,0
162.4159,44445,444681543,2397,0,0,0
162.4241,44446,444691543,2760,0,0,0
162.4359,44447,444701543,2406,0,0,0
162.4417,44448,444711542,2742,0,0,0
162.4515,44449,444721543,2395,0,0,0
162.4614,44450,444731543,2736,0,0,0
162.4714,44451,444741543,2384,0,0,0
162.4817,44452,444751543,2732,0,0,0
162.4918,44453,444761542,2403,0,0,0
162.5016,44454,444771543,2736,0,0,0
162.5117,44455,444781542,2398,0,0,0
162.5241,44456,444791543,2720,0,0,0
162.5327,44457,444801542,2402,0,0,0
162.5475,44458,444811543,2718,0,0,0
162.5534,44459,444821543,2388,0,0,0
162.5635,44460,444831543,2713,0,0,0
162.5715,44461,444841543,2397,0,0,0
162.5869,44462,444851542,2711,0,0,0
162.6007,44463,444861542,2397,0,0,0
162.6049,44464,444871543,2703,0,0,0
162.6131,44465,444881542,2406,0,0,0
162.6216,44466,444891542,2704,0,0,0
162.6314,44467,444901542,2411,0,0,0
162.6414,44468,444911543,2704,0,0,0
162.6524,44469,444921543,2413,0,0,0
162.6614,44470,444931543,2704,0,0,0
162.6715,44471,444941543,2417,0,0,0
162.6818,44472,444951543,2706,0,0,0
162.6955,44473,444961543,2436,0,0,0
162.7080,44474,444971543,2686,0,0,0
162.7159,44475,444981542,2442,0,0,0
162.7244,44476,444991543,2694,0,0,0
162.7330,44477,445001543,2447,0,0,0
162.7431,44478,445011543,2699,0,0,0
162.7576,44479,445021542,2449,0,0,0
162.7718,44480,445031543,2691,0,0,0
162.7759,44481,445041543,2465,0,0,0
162.7880,44482,445051543,2704,0,0,0
162.7957,44483,445061543,2480,0,0,0
162.8018,44484,445071543,2697,0,0,0
162.8116,44485,445081543,2483,0,0,0
162.8215,44486,445091543,2693,0,0,0
162.8319,44487,445101542,2473,0,0,0
162.8421,44488,445111542,2678,0,0,0
162.8514,44489,445121542,2453,0,0,0
162.8667,44490,445131543,2673,0,0,0
162.8737,44491,445141543,2449,0,0,0
162.8863,44492,445151543,2674,0,0,0
162.9003,44493,445161543,2457,0,0,0
162.9067,44494,445171543,2670,0,0,0
162.9153,44495,445181542,2448,0,0,0
162.9262,44496,445191543,2650,0,0,0
162.9400,44497,445201542,2442,0,0,0
162.9428,44498,445211542,2659,0,0,0
162.9533,44499,445221542,2439,0,0,0
162.9640,44500,445231543,2649,0,0,0
162.9744,44501,445241543,2436,0,0,0
162.9847,44502,445251543,2650,0,0,0
162.9917,44503,445261542,2432,0,0,0
163.0016,44504,445271543,2639,0,0,0
163.0114,44505,445281542,2433,0,0,0
163.0214,44506,445291543,2641,0,0,0
163.0314,44507,445301543,2433,0,0,0
163.0414,44508,445311543,2624,0,0,0
163.0514,44509,445321542,2444,0,0,0
163.0626,44510,445331543,2618,0,0,0
163.0725,44511,445341543,2449,0,0,0
163.0843,44512,445351543,2609,0,0,0
163.0932,44513,445361542,2465,0,0,0
163.1036,44514,445371543,2608,0,0,0
163.1116,44515,445381542,2459,0,0,0
163.1252,44516,445391543,2604,0,0,0
163.1346,44517,445401542,2451,0,0,0
163.1434,44518,445411543,2603,0,0,0
163.1517,44519,445421542,2460,0,0,0
163.1616,44520,445431543,2592,0,0,0
163.1718,44521,445441543,2466,0,0,0
163.1815,44522,445451543,2596,0,0,0
163.1914,44523,445461543,2487,0,0,0
163.2014,44524,445471543,2608,0,0,0
163.2113,44525,445481543,2462,0,0,0
163.2225,44526,445491543,2585,0,0,0
163.2349,44527,445501543,2462,0,0,0
163.2433,44528,445511543,2587,0,0,0
163.2557,44529,445521543,2461,0,0,0
163.2643,44530,445531542,2559,0,0,0
163.2771,44531,445541542,2459,0,0,0
163.2814,44532,445551542,2559,0,0,0
163.2913,44533,445561542,2465,0,0,0
163.3013,44534,445571543,2559,0,0,0
163.3116,44535,445581543,2462,0,0,0
163.3216,44536,445591543,2551,0,0,0
163.3316,44537,445601543,2471,0,0,0
163.3470,44538,445611543,2557,0,0,0
163.3554,44539,445621542,2469,0,0,0
163.3644,44540,445631543,2558,0,0,0
163.3725,44541,445641542,2467,0,0,0
163.3847,44542,445651542,2555,0,0,0
163.3941,44543,445661543,2471,0,0,0
163.4017,44544,445671543,2551,0,0,0
163.4114,44545,445681543,2454,0,0,0
163.4215,44546,445691542,2554,0,0,0
163.4314,44547,445701542,2466,0,0,0
163.4414,44548,445711542,2556,0,0,0
163.4513,44549,445721542,2465,0,0,0
163.4652,44550,445731543,2544,0,0,0
163.4718,44551,445741543,2463,0,0,0
163.4824,44552,445751543,2544,0,0,0
163.4970,44553,445761542,2461,0,0,0
163.5053,44554,445771543,2544,0,0,0
163.5150,44555,445781543,2473,0,0,0
163.5217,44556,445791543,2546,0,0,0
163.5314,44557,445801543,2477,0,0,0
163.5415,44558,445811542,2550,0,0,0
163.5514,44559,445821543,2480,0,0,0
163.5616,44560,445831543,2546,0,0,0
163.5718,44561,445841543,2480,0,0,0
163.5815,44562,445851542,2551,0,0,0
163.5939,44563,445861543,2486,0,0,0
163.6017,44564,445871543,2556,0,0,0
163.6118,44565,445881543,2481,0,0,0
163.6275,44566,445891543,2551,0,0,0
163.6366,44567,445901543,2480,0,0,0
163.6488,44568,445911543,2555,0,0,0
163.6604,44569,445921542,2487,0,0,0
163.6613,44570,445931543,2557,0,0,0
163.6715,44571,445941543,2496,0,0,0
163.6819,44572,445951542,2555,0,0,0
163.6914,44573,445961542,2493,0,0,0
163.7015,44574,445971543,2554,0,0,0
163.7115,44575,445981543,2497,0,0,0
163.7213,44576,445991543,2550,0,0,0
163.7337,44577,446001542,2487,0,0,0
163.7476,44578,446011543,2547,0,0,0
163.7515,44579,446021543,2494,0,0,0
163.7645,44580,446031542,2555,0,0,0
163.7728,44581,446041542,2494,0,0,0
163.7815,44582,446051543,2545,0,0,0
163.7915,44583,446061543,2502,0,0,0
163.8016,44584,446071543,2544,0,0,0
163.8114,44585,446081543,2508,0,0,0
163.8213,44586,446091543,2543,0,0,0
163.8317,44587,446101542,2495,0,0,0
163.8415,44588,446111543,2537,0,0,0
163.8516,44589,446121543,2487,0,0,0
163.8629,44590,446131543,2531,0,0,0
163.8737,44591,446141543,2516,0,0,0
163.8835,44592,446151543,2534,0,0,0
163.8919,44593,446161543,2485,0,0,0
163.9055,44594,446171543,2528,0,0,0
163.9156,44595,446181543,2496,0,0,0
163.9263,44596,446191543,2521,0,0,0
163.9314,44597,446201543,2495,0,0,0
163.9413,44598,446211543,2526,0,0,0
163.9514,44599,446221543,2501,0,0,0
163.9615,44600,446231543,2519,0,0,0
163.9715,44601,446241543,2508,0,0,0
163.9817,44602,446251543,2523,0,0,0
163.9930,44603,446261543,2490,0,0,0
164.0019,44604,446271543,2509,0,0,0
164.0135,44605,446281542,2495,0,0,0
164.0219,44606,446291542,2512,0,0,0
164.0331,44607,446301542,2511,0,0,0
164.0465,44608,446311543,2512,0,0,0
164.0566,44609,446321542,2515,0,0,0
164.0636,44610,446331543,2510,0,0,0
164.0717,44611,446341543,2514,0,0,0
164.0815,44612,446351542,2483,0,0,0
164.0922,44613,446361543,2530,0,0,0
164.1015,44614,446371543,2503,0,0,0
164.1116,44615,446381543,2528,0,0,0
164.1215,44616,446391543,2492,0,0,0
164.1319,44617,446401543,2545,0,0,0
164.1418,44618,446411543,2469,0,0,0
164.1538,44619,446421543,2557,0,0,0
164.1641,44620,446431543,2486,0,0,0
164.1765,44621,446441543,2559,0,0,0
164.1862,44622,446451543,2467,0,0,0
164.1995,44623,446461542,2543,0,0,0
164.2024,44624,446471542,2490,0,0,0
164.2122,44625,446481542,2543,0,0,0
164.2215,44626,446491543,2477,0,0,0
164.2318,44627,446501543,2552,0,0,0
164.2418,44628,446511542,2480,0,0,0
164.2516,44629,446521542,2547,0,0,0
164.2617,44630,446531543,2477,0,0,0
164.2795,44631,446541542,2559,0,0,0
164.2820,44632,446551543,2469,0,0,0
164.2916,44633,446561543,2549,0,0,0
164.3063,44634,446571543,2458,0,0,0
164.3132,44635,446581543,2559,0,0,0
164.3259,44636,446591543,2459,0,0,0
164.3329,44637,446601543,2558,0,0,0
164.3419,44638,446611543,2479,0,0,0
164.3517,44639,446621543,2591,0,0,0
164.3616,44640,446631543,2444,0,0,0
164.3716,44641,446641543,2585,0,0,0
164.3815,44642,446651542,2448,0,0,0
164.3914,44643,446661543,2595,0,0,0
164.4015,44644,446671543,2435,0,0,0
164.4126,44645,446681543,2624,0,0,0
164.4248,44646,446691543,2431,0,0,0
164.4358,44647,446701543,2629,0,0,0
164.4464,44648,446711543,2432,0,0,0
164.4566,44649,446721543,2651,0,0,0
164.4654,44650,446731543,2446,0,0,0
164.4757,44651,446741543,2655,0,0,0
164.4816,44652,446751543,2439,0,0,0
164.4914,44653,446761542,2650,0,0,0
164.5015,44654,446771543,2442,0,0,0
164.5114,44655,446781542,2661,0,0,0
164.5215,44656,446791543,2436,0,0,0
164.5319,44657,446801543,2671,0,0,0
164.5449,44658,446811543,2441,0,0,0
164.5527,44659,446821543,2669,0,0,0
164.5645,44660,446831542,2451,0,0,0
164.5743,44661,446841542,2704,0,0,0
164.5821,44662,446851543,2427,0,0,0
164.5952,44663,446861543,2661,0,0,0
164.6035,44664,446871543,2439,0,0,0
164.6129,44665,446881543,2654,0,0,0
164.6215,44666,446891542,2423,0,0,0
164.6314,44667,446901543,2675,0,0,0
164.6416,44668,446911543,2433,0,0,0
164.6515,44669,446921543,2679,0,0,0
164.6616,44670,446931543,2437,0,0,0
164.6715,44671,446941543,2700,0,0,0
164.6818,44672,446951543,2438,0,0,0
164.6917,44673,446961543,2704,0,0,0
164.7041,44674,446971543,2439,0,0,0
164.7123,44675,446981542,2690,0,0,0
164.7274,44676,446991543,2426,0,0,0
164.7361,44677,447001543,2695,0,0,0
164.7417,44678,447011543,2434,0,0,0
164.7530,44679,447021542,2709,0,0,0
164.7615,44680,447031543,2432,0,0,0
164.7716,44681,447041543,2706,0,0,0
164.7817,44682,447051543,2432,0,0,0
164.7915,44683,447061542,2709,0,0,0
164.8019,44684,447071543,2422,0,0,0
164.8126,44685,447081543,2720,0,0,0
164.8219,44686,447091542,2425,0,0,0
164.8322,44687,447101543,2716,0,0,0
164.8417,44688,447111543,2426,0,0,0
164.8518,44689,447121543,2718,0,0,0
164.8644,44690,447131542,2425,0,0,0
164.8720,44691,447141543,2721,0,0,0
164.8830,44692,447151543,2415,0,0,0
164.8915,44693,447161542,2726,0,0,0
164.9015,44694,447171543,2401,0,0,0
164.9115,44695,447181543,2725,0,0,0
164.9217,44696,447191543,2413,0,0,0
164.9315,44697,447201543,2720,0,0,0
164.9422,44698,447211543,2414,0,0,0
164.9516,44699,447221543,2731,0,0,0
164.9652,44700,447231542,2415,0,0,0
164.9725,44701,447241543,2741,0,0,0
164.9829,44702,447251543,2416,0,0,0
164.9964,44703,447261542,2731,0,0,0
165.0041,44704,447271543,2411,0,0,0
165.0126,44705,447281543,2738,0,0,0
165.0213,44706,447291543,2406,0,0,0
165.0315,44707,447301543,2736,0,0,0
165.0415,44708,447311543,2398,0,0,0
165.0518,44709,447321543,2746,0,0,0
165.0621,44710,447331543,2402,0,0,0
165.0724,44711,447341543,2753,0,0,0
165.0819,44712,447351543,2391,0,0,0
165.0931,44713,447361543,2759,0,0,0
165.1042,44714,447371543,2390,0,0,0
165.1160,44715,447381543,2763,0,0,0
165.1237,44716,447391543,2388,0,0,0
165.1364,44717,447401543,2769,0,0,0
165.1457,44718,447411543,2383,0,0,0
165.1573,44719,447421543,2768,0,0,0
165.1646,44720,447431543,2381,0,0,0
165.1719,44721,447441543,2769,0,0,0
165.1814,44722,447451543,2374,0,0,0
165.1914,44723,447461543,2769,0,0,0
165.2014,44724,447471543,2374,0,0,0
165.2117,44725,447481543,2758,0,0,0
165.2214,44726,447491543,2371,0,0,0
165.2317,44727,447501542,2773,0,0,0
165.2456,44728,447511543,2384,0,0,0
165.2546,44729,447521543,2781,0,0,0
165.2651,44730,447531542,2408,0,0,0
165.2716,44731,447541542,2767,0,0,0
165.2817,44732,447551542,2368,0,0,0
165.2914,44733,447561543,2767,0,0,0
165.3015,44734,447571543,2369,0,0,0
165.3116,44735,447581542,2758,0,0,0
165.3214,44736,447591542,2373,0,0,0
165.3314,44737,447601542,2765,0,0,0
165.3416,44738,447611543,2377,0,0,0
165.3514,44739,447621543,2762,0,0,0
165.3615,44740,447631543,2368,0,0,0
165.3720,44741,447641542,2768,0,0,0
165.3814,44742,447651543,2365,0,0,0
165.3931,44743,447661543,2761,0,0,0
165.4033,44744,447671543,2364,0,0,0
165.4116,44745,447681542,2756,0,0,0
165.4217,44746,447691543,2368,0,0,0
165.4316,44747,447701543,2754,0,0,0
165.4414,44748,447711543,2369,0,0,0
165.4516,44749,447721543,2753,0,0,0
165.4616,44750,447731543,2355,0,0,0
165.4765,44751,447741543,2763,0,0,0
165.4822,44752,447751543,2367,0,0,0
165.4948,44753,447761542,2769,0,0,0
165.5034,44754,447771542,2363,0,0,0
165.5120,44755,447781543,2764,0,0,0
165.5303,44756,447791543,2361,0,0,0
165.5318,44757,447801543,2768,0,0,0
165.5419,44758,447811543,2350,0,0,0
165.5515,44759,447821543,2762,0,0,0
165.5615,44760,447831542,2347,0,0,0
165.5716,44761,447841542,2754,0,0,0
165.5814,44762,447851543,2339,0,0,0
165.5914,44763,447861543,2749,0,0,0
165.6014,44764,447871543,2349,0,0,0
165.6165,44765,447881543,2737,0,0,0
165.6243,44766,447891543,2338,0,0,0
165.6351,44767,447901542,2748,0,0,0
165.6429,44768,447911543,2346,0,0,0
165.6569,44769,447921542,2747,0,0,0
165.6674,44770,447931542,2346,0,0,0
165.6756,44771,447941543,2739,0,0,0
165.6816,44772,447951543,2341,0,0,0
165.6918,44773,447961543,2736,0,0,0
165.7014,44774,447971543,2337,0,0,0
165.7117,44775,447981543,2741,0,0,0
165.7214,44776,447991543,2338,0,0,0
165.7327,44777,448001542,2743,0,0,0
165.7414,44778,448011542,2341,0,0,0
165.7519,44779,448021543,2733,0,0,0
165.7647,44780,448031543,2335,0,0,0
165.7755,44781,448041543,2740,0,0,0
165.7849,44782,448051542,2347,0,0,0
165.7957,44783,448061543,2737,0,0,0
165.8067,44784,448071542,2347,0,0,0
165.8178,44785,448081542,2741,0,0,0
165.8214,44786,448091543,2352,0,0,0
165.8315,44787,448101543,2735,0,0,0
165.8415,44788,448111543,2347,0,0,0
165.8515,44789,448121542,2720,0,0,0
165.8615,44790,448131543,2343,0,0,0
165.8720,44791,448141543,2712,0,0,0
165.8814,44792,448151543,2346,0,0,0
165.8918,44793,448161543,2707,0,0,0
165.9034,44794,448171543,2346,0,0,0
165.9165,44795,448181542,2700,0,0,0
165.9268,44796,448191542,2351,0,0,0
165.9359,44797,448201542,2701,0,0,0
165.9486,44798,448211543,2372,0,0,0
165.9519,44799,448221543,2672,0,0,0
165.9617,44800,448231543,2338,0,0,0
165.9717,44801,448241542,2679,0,0,0
165.9814,44802,448251543,2343,0,0,0
165.9914,44803,448261542,2667,0,0,0
166.0017,44804,448271543,2351,0,0,0
166.0115,44805,448281543,2653,0,0,0
166.0217,44806,448291543,2347,0,0,0
166.0320,44807,448301543,2659,0,0,0
166.0442,44808,448311542,2367,0,0,0
166.0557,44809,448321542,2670,0,0,0
166.0636,44810,448331542,2364,0,0,0
166.0732,44811,448341542,2645,0,0,0
166.0850,44812,448351543,2368,0,0,0
166.0924,44813,448361542,2642,0,0,0
166.1015,44814,448371543,2379,0,0,0
166.1114,44815,448381543,2650,0,0,0
166.1216,44816,448391543,2385,0,0,0
166.1314,44817,448401543,2646,0,0,0
166.1415,44818,448411543,2399,0,0,0
166.1515,44819,448421542,2643,0,0,0
166.1643,44820,448431542,2407,0,0,0
166.1716,44821,448441542,2640,0,0,0
166.1818,44822,448451543,2406,0,0,0
166.1974,44823,448461543,2643,0,0,0
166.2054,44824,448471543,2421,0,0,0
166.2164,44825,448481543,2645,0,0,0
166.2217,44826,448491543,2422,0,0,0
166.2314,44827,448501543,2646,0,0,0
166.2416,44828,448511542,2423,0,0,0
166.2518,44829,448521542,2634,0,0,0
166.2617,44830,448531543,2417,0,0,0
166.2717,44831,448541543,2639,0,0,0
166.2822,44832,448551543,2423,0,0,0
166.2920,44833,448561543,2636,0,0,0
166.3054,44834,448571543,2419,0,0,0
166.3120,44835,448581543,2645,0,0,0
166.3233,44836,448591543,2426,0,0,0
166.3324,44837,448601543,2640,0,0,0
166.3416,44838,448611543,2427,0,0,0
166.3536,44839,448621543,2639,0,0,0
166.3637,44840,448631543,2427,0,0,0
166.3714,44841,448641542,2639,0,0,0
166.3814,44842,448651543,2427,0,0,0
166.3918,44843,448661543,2639,0,0,0
166.4019,44844,448671542,2427,0,0,0
166.4120,44845,448681542,2633,0,0,0
166.4220,44846,448691543,2441,0,0,0
166.4321,44847,448701543,2634,0,0,0
166.4464,44848,448711543,2450,0,0,0
166.4519,44849,448721543,2635,0,0,0
166.4666,44850,448731542,2461,0,0,0
166.4724,44851,448741542,2617,0,0,0
166.4846,44852,448751543,2471,0,0,0
166.4949,44853,448761542,2608,0,0,0
166.5037,44854,448771543,2478,0,0,0
166.5114,44855,448781543,2609,0,0,0
166.5216,44856,448791543,2469,0,0,0
166.5318,44857,448801543,2608,0,0,0
166.5424,44858,448811543,2474,0,0,0
166.5519,44859,448821543,2603,0,0,0
166.5620,44860,448831543,2489,0,0,0
166.5720,44861,448841542,2625,0,0,0
166.5827,44862,448851543,2496,0,0,0
166.5931,44863,448861543,2595,0,0,0
166.6020,44864,448871543,2480,0,0,0
166.6153,44865,448881543,2611,0,0,0
166.6217,44866,448891543,2481,0,0,0
166.6375,44867,448901543,2594,0,0,0
166.6446,44868,448911543,2491,0,0,0
166.6515,44869,448921543,2597,0,0,0
166.6619,44870,448931543,2491,0,0,0
166.6716,44871,448941542,2595,0,0,0
166.6819,44872,448951543,2485,0,0,0
166.6923,44873,448961543,2559,0,0,0
166.7025,44874,448971542,2495,0,0,0
166.7125,44875,448981543,2594,0,0,0
166.7261,44876,448991542,2503,0,0,0
166.7321,44877,449001542,2589,0,0,0
166.7419,44878,449011542,2491,0,0,0
166.7524,44879,449021542,2559,0,0,0
166.7616,44880,449031543,2499,0,0,0
166.7762,44881,449041542,2597,0,0,0
166.7864,44882,449051543,2496,0,0,0
166.7930,44883,449061543,2594,0,0,0
166.8016,44884,449071543,2503,0,0,0
166.8122,44885,449081542,2597,0,0,0
166.8220,44886,449091543,2511,0,0,0
166.8324,44887,449101542,2614,0,0,0
166.8426,44888,449111543,2504,0,0,0
166.8567,44889,449121542,2586,0,0,0
166.8625,44890,449131542,2503,0,0,0
166.8787,44891,449141543,2583,0,0,0
166.8897,44892,449151542,2507,0,0,0
166.8940,44893,449161542,2589,0,0,0
166.9018,44894,449171543,2501,0,0,0
166.9146,44895,449181543,2559,0,0,0
166.9232,44896,449191543,2507,0,0,0
166.9316,44897,449201542,2559,0,0,0
166.9417,44898,449211542,2512,0,0,0
166.9516,44899,449221542,2559,0,0,0
166.9614,44900,449231543,2497,0,0,0
166.9718,44901,449241543,2559,0,0,0
166.9817,44902,449251543,2512,0,0,0
166.9919,44903,449261543,2533,0,0,0
167.0046,44904,449271542,2503,0,0,0
167.0116,44905,449281543,2559,0,0,0
167.0244,44906,449291542,2519,0,0,0
167.0373,44907,449301542,2559,0,0,0
167.0451,44908,449311543,2517,0,0,0
167.0515,44909,449321543,2559,0,0,0
167.0657,44910,449331543,2518,0,0,0
167.0714,44911,449341543,2559,0,0,0
167.0815,44912,449351542,2519,0,0,0
167.0920,44913,449361542,2555,0,0,0
167.1017,44914,449371542,2518,0,0,0
167.1121,44915,449381543,2555,0,0,0
167.1222,44916,449391543,2523,0,0,0
167.1414,44917,449401542,2559,0,0,0
167.1424,44918,449411543,2513,0,0,0
167.1535,44919,449421542,2555,0,0,0
167.1626,44920,449431543,2519,0,0,0
167.1748,44921,449441543,2555,0,0,0
167.1835,44922,449451543,2522,0,0,0
167.1970,44923,449461543,2550,0,0,0
167.2041,44924,449471543,2527,0,0,0
167.2115,44925,449481542,2557,0,0,0
167.2217,44926,449491543,2534,0,0,0
167.2317,44927,449501543,2545,0,0,0
167.2421,44928,449511542,2541,0,0,0
167.2518,44929,449521542,2557,0,0,0
167.2619,44930,449531543,2559,0,0,0
167.2718,44931,449541543,2544,0,0,0
167.2836,44932,449551542,2537,0,0,0
167.2954,44933,449561543,2542,0,0,0
167.3023,44934,449571543,2541,0,0,0
167.3115,44935,449581543,2528,0,0,0
167.3254,44936,449591543,2551,0,0,0
167.3347,44937,449601543,2521,0,0,0
167.3450,44938,449611542,2549,0,0,0
167.3517,44939,449621543,2514,0,0,0
167.3615,44940,449631543,2559,0,0,0
167.3715,44941,449641543,2510,0,0,0
167.3814,44942,449651543,2559,0,0,0
167.3914,44943,449661543,2510,0,0,0
167.4014,44944,449671543,2582,0,0,0
167.4143,44945,449681543,2506,0,0,0
167.4222,44946,449691543,2591,0,0,0
167.4315,44947,449701542,2512,0,0,0
167.4437,44948,449711543,2596,0,0,0
167.4516,44949,449721542,2503,0,0,0
167.4654,44950,449731543,2595,0,0,0
167.4714,44951,449741543,2512,0,0,0
167.4816,44952,449751543,2607,0,0,0
167.4920,44953,449761543,2505,0,0,0
167.5017,44954,449771543,2607,0,0,0
167.5116,44955,449781543,2505,0,0,0
167.5218,44956,449791543,2597,0,0,0
167.5322,44957,449801543,2495,0,0,0
167.5482,44958,449811543,2608,0,0,0
167.5530,44959,449821542,2490,0,0,0
167.5617,44960,449831543,2623,0,0,0
167.5750,44961,449841543,2480,0,0,0
167.5841,44962,449851543,2631,0,0,0
167.5941,44963,449861543,2469,0,0,0
167.6061,44964,449871543,2651,0,0,0
167.6148,44965,449881543,2458,0,0,0
167.6214,44966,449891542,2654,0,0,0
167.6315,44967,449901542,2450,0,0,0
167.6420,44968,449911543,2651,0,0,0
167.6524,44969,449921543,2451,0,0,0
167.6622,44970,449931542,2666,0,0,0
167.6719,44971,449941542,2455,0,0,0
167.6818,44972,449951543,2672,0,0,0
167.6957,44973,449961543,2447,0,0,0
167.7018,44974,449971543,2677,0,0,0
167.7161,44975,449981543,2445,0,0,0
167.7293,44976,449991543,2676,0,0,0
167.7376,44977,450001543,2447,0,0,0
167.7450,44978,450011542,2677,0,0,0
167.7547,44979,450021543,2438,0,0,0
167.7627,44980,450031543,2686,0,0,0
167.7714,44981,450041543,2443,0,0,0
167.7819,44982,450051543,2683,0,0,0
167.7917,44983,450061543,2434,0,0,0
167.8020,44984,450071543,2681,0,0,0
167.8117,44985,450081543,2444,0,0,0
167.8217,44986,450091543,2699,0,0,0
167.8320,44987,450101543,2435,0,0,0
167.8417,44988,450111543,2701,0,0,0
167.8515,44989,450121542,2435,0,0,0
167.8635,44990,450131543,2700,0,0,0
167.8736,44991,450141542,2429,0,0,0
167.8827,44992,450151543,2704,0,0,0
167.8916,44993,450161543,2418,0,0,0
167.9019,44994,450171543,2704,0,0,0
167.9118,44995,450181543,2418,0,0,0
167.9218,44996,450191543,2709,0,0,0
167.9318,44997,450201543,2418,0,0,0
167.9417,44998,450211543,2711,0,0,0
167.9591,44999,450221543,2422,0,0,0
167.9623,45000,450231543,2738,0,0,0
167.9719,45001,450241542,2438,0,0,0
167.9865,45002,450251543,2695,0,0,0
167.9968,45003,450261543,2411,0,0,0
168.0075,45004,450271543,2720,0,0,0
168.0148,45005,450281543,2402,0,0,0
168.0233,45006,450291543,2717,0,0,0
168.0314,45007,450301543,2401,0,0,0
168.0415,45008,450311543,2724,0,0,0
168.0519,45009,450321543,2411,0,0,0
168.0622,45010,450331543,2735,0,0,0
168.0718,45011,450341542,2407,0,0,0
168.0824,45012,450351543,2731,0,0,0
168.0922,45013,450361543,2405,0,0,0
168.1113,45014,450371543,2727,0,0,0
168.1127,45015,450381543,2404,0,0,0
168.1255,45016,450391543,2736,0,0,0
168.1393,45017,450401543,2400,0,0,0
168.1435,45018,450411543,2736,0,0,0
168.1516,45019,450421543,2389,0,0,0
168.1635,45020,450431543,2746,0,0,0
168.1718,45021,450441543,2395,0,0,0
168.1813,45022,450451543,2751,0,0,0
168.1918,45023,450461543,2384,0,0,0
168.2014,45024,450471543,2764,0,0,0
168.2120,45025,450481543,2382,0,0,0
168.2221,45026,450491543,2765,0,0,0
168.2318,45027,450501543,2368,0,0,0
168.2468,45028,450511542,2762,0,0,0
168.2521,45029,450521543,2369,0,0,0
168.2645,45030,450531543,2761,0,0,0
168.2761,45031,450541542,2368,0,0,0
168.2826,45032,450551543,2763,0,0,0
168.2931,45033,450561543,2363,0,0,0
168.3026,45034,450571543,2763,0,0,0
168.3114,45035,450581542,2363,0,0,0
168.3215,45036,450591542,2763,0,0,0
168.3319,45037,450601543,2367,0,0,0
168.3425,45038,450611543,2769,0,0,0
168.3520,45039,450621542,2369,0,0,0
168.3621,45040,450631543,2762,0,0,0
168.3719,45041,450641542,2368,0,0,0
168.3819,45042,450651543,2762,0,0,0
168.3970,45043,450661543,2371,0,0,0
168.4016,45044,450671543,2758,0,0,0
168.4132,45045,450681543,2362,0,0,0
168.4274,45046,450691543,2750,0,0,0
168.4355,45047,450701542,2358,0,0,0
168.4445,45048,450711543,2749,0,0,0
168.4514,45049,450721543,2357,0,0,0
168.4620,45050,450731543,2761,0,0,0
168.4717,45051,450741543,2365,0,0,0
168.4818,45052,450751543,2762,0,0,0
168.4918,45053,450761543,2352,0,0,0
168.5020,45054,450771543,2757,0,0,0
168.5123,45055,450781542,2353,0,0,0
168.5259,45056,450791543,2767,0,0,0
168.5318,45057,450801543,2354,0,0,0
168.5493,45058,450811543,2768,0,0,0
168.5534,45059,450821543,2353,0,0,0
168.5661,45060,450831542,2762,0,0,0
168.5719,45061,450841543,2348,0,0,0
168.5854,45062,450851543,2763,0,0,0
168.5954,45063,450861542,2349,0,0,0
168.6015,45064,450871542,2763,0,0,0
168.6118,45065,450881542,2345,0,0,0
168.6215,45066,450891543,2752,0,0,0
168.6321,45067,450901543,2349,0,0,0
168.6424,45068,450911543,2752,0,0,0
168.6526,45069,450921542,2336,0,0,0
168.6622,45070,450931543,2752,0,0,0
168.6791,45071,450941542,2333,0,0,0
168.6821,45072,450951542,2750,0,0,0
168.6930,45073,450961543,2352,0,0,0
168.7049,45074,450971543,2760,0,0,0
168.7143,45075,450981542,2323,0,0,0
168.7234,45076,450991543,2720,0,0,0
168.7386,45077,451001542,2324,0,0,0
168.7423,45078,451011542,2726,0,0,0
168.7515,45079,451021542,2319,0,0,0
168.7615,45080,451031543,2719,0,0,0
168.7721,45081,451041543,2320,0,0,0
168.7819,45082,451051543,2723,0,0,0
168.7917,45083,451061543,2320,0,0,0
168.8017,45084,451071543,2719,0,0,0
168.8118,45085,451081543,2320,0,0,0
168.8276,45086,451091543,2720,0,0,0
168.8320,45087,451101542,2323,0,0,0
168.8464,45088,451111543,2717,0,0,0
168.8550,45089,451121543,2323,0,0,0
168.8643,45090,451131543,2698,0,0,0
168.8727,45091,451141543,2325,0,0,0
168.8815,45092,451151543,2679,0,0,0
168.8914,45093,451161543,2325,0,0,0
168.9022,45094,451171543,2674,0,0,0
168.9117,45095,451181543,2323,0,0,0
168.9228,45096,451191543,2661,0,0,0
168.9326,45097,451201543,2327,0,0,0
168.9421,45098,451211543,2666,0,0,0
168.9518,45099,451221543,2323,0,0,0
168.9618,45100,451231543,2651,0,0,0
168.9746,45101,451241542,2322,0,0,0
168.9856,45102,451251543,2649,0,0,0
168.9931,45103,451261543,2329,0,0,0
169.0118,45104,451271542,2640,0,0,0
169.0141,45105,451281542,2331,0,0,0
169.0215,45106,451291543,2638,0,0,0
169.0318,45107,451301543,2340,0,0,0
169.0419,45108,451311543,2639,0,0,0
169.0515,45109,451321542,2338,0,0,0
169.0617,45110,451331543,2627,0,0,0
169.0715,45111,451341543,2340,0,0,0
169.0901,45112,451351543,2633,0,0,0
169.0920,45113,451361543,2369,0,0,0
169.1016,45114,451371542,2626,0,0,0
169.1137,45115,451381543,2383,0,0,0
169.1239,45116,451391543,2620,0,0,0
169.1345,45117,451401542,2384,0,0,0
169.1419,45118,451411543,2624,0,0,0
169.1549,45119,451421543,2397,0,0,0
169.1614,45120,451431543,2617,0,0,0
169.1716,45121,451441543,2402,0,0,0
169.1821,45122,451451543,2624,0,0,0
169.1923,45123,451461543,2403,0,0,0
169.2023,45124,451471542,2626,0,0,0
169.2120,45125,451481543,2409,0,0,0
169.2221,45126,451491543,2619,0,0,0
169.2334,45127,451501542,2401,0,0,0
169.2445,45128,451511543,2624,0,0,0
169.2548,45129,451521543,2406,0,0,0
169.2664,45130,451531543,2627,0,0,0
169.2739,45131,451541543,2414,0,0,0
169.2816,45132,451551543,2623,0,0,0
169.2953,45133,451561542,2411,0,0,0
169.3015,45134,451571542,2618,0,0,0
169.3119,45135,451581543,2416,0,0,0
169.3219,45136,451591542,2621,0,0,0
169.3317,45137,451601542,2415,0,0,0
169.3422,45138,451611542,2623,0,0,0
169.3522,45139,451621543,2429,0,0,0
169.3695,45140,451631543,2608,0,0,0
169.3719,45141,451641542,2437,0,0,0
169.3818,45142,451651543,2606,0,0,0
169.3945,45143,451661542,2445,0,0,0
169.4045,45144,451671543,2608,0,0,0
169.4152,45145,451681543,2476,0,0,0
169.4215,45146,451691542,2583,0,0,0
169.4361,45147,451701542,2448,0,0,0
169.4415,45148,451711543,2592,0,0,0
169.4519,45149,451721542,2455,0,0,0
169.4615,45150,451731542,2580,0,0,0
169.4716,45151,451741542,2463,0,0,0
169.4816,45152,451751543,2559,0,0,0
169.4917,45153,451761543,2463,0,0,0
169.5057,45154,451771542,2582,0,0,0
169.5144,45155,451781543,2464,0,0,0
169.5268,45156,451791543,2559,0,0,0
169.5329,45157,451801542,2463,0,0,0
169.5477,45158,451811543,2559,0,0,0
169.5532,45159,451821543,2471,0,0,0
169.5636,45160,451831543,2559,0,0,0
169.5765,45161,451841543,2480,0,0,0
169.5817,45162,451851543,2559,0,0,0
169.5915,45163,451861543,2485,0,0,0
169.6013,45164,451871543,2589,0,0,0
169.6115,45165,451881542,2491,0,0,0
169.6219,45166,451891543,2588,0,0,0
169.6319,45167,451901543,2500,0,0,0
169.6466,45168,451911543,2589,0,0,0
169.6519,45169,451921543,2496,0,0,0
169.6657,45170,451931543,2583,0,0,0
169.6778,45171,451941543,2499,0,0,0
169.6854,45172,451951543,2587,0,0,0
169.6943,45173,451961543,2495,0,0,0
169.7049,45174,451971543,2586,0,0,0
169.7113,45175,451981542,2494,0,0,0
169.7214,45176,451991543,2559,0,0,0
169.7320,45177,452001543,2496,0,0,0
169.7414,45178,452011543,2559,0,0,0
169.7521,45179,452021542,2471,0,0,0
169.7619,45180,452031543,2549,0,0,0
169.7720,45181,452041543,2496,0,0,0
169.7821,45182,452051543,2559,0,0,0
169.7928,45183,452061542,2495,0,0,0
169.8017,45184,452071543,2539,0,0,0
169.8148,45185,452081543,2495,0,0,0
169.8218,45186,452091543,2555,0,0,0
169.8346,45187,452101543,2509,0,0,0
169.8439,45188,452111543,2559,0,0,0
169.8514,45189,452121543,2507,0,0,0
169.8620,45190,452131543,2559,0,0,0
169.8719,45191,452141542,2507,0,0,0
169.8821,45192,452151543,2559,0,0,0
169.8922,45193,452161542,2513,0,0,0
169.9018,45194,452171542,2559,0,0,0
169.9117,45195,452181543,2511,0,0,0
169.9247,45196,452191543,2559,0,0,0
169.9333,45197,452201543,2515,0,0,0
169.9428,45198,452211543,2551,0,0,0
169.9553,45199,452221543,2526,0,0,0
169.9642,45200,452231542,2559,0,0,0
169.9727,45201,452241543,2517,0,0,0
169.9814,45202,452251543,2559,0,0,0
169.9916,45203,452261543,2513,0,0,0
170.0024,45204,452271543,2559,0,0,0
170.0116,45205,452281543,2527,0,0,0
170.0217,45206,452291543,2550,0,0,0
170.0321,45207,452301542,2525,0,0,0
170.0420,45208,452311543,2555,0,0,0
170.0537,45209,452321543,2524,0,0,0
170.0650,45210,452331542,2553,0,0,0
170.0756,45211,452341542,2529,0,0,0
170.0818,45212,452351543,2546,0,0,0
170.0952,45213,452361543,2527,0,0,0
170.1020,45214,452371543,2541,0,0,0
170.1151,45215,452381542,2549,0,0,0
170.1217,45216,452391542,2558,0,0,0
170.1322,45217,452401543,2551,0,0,0
170.1422,45218,452411543,2527,0,0,0
170.1519,45219,452421542,2550,0,0,0
170.1620,45220,452431542,2535,0,0,0
170.1720,45221,452441542,2559,0,0,0
170.1822,45222,452451542,2517,0,0,0
170.1969,45223,452461542,2559,0,0,0
170.2017,45224,452471543,2515,0,0,0
170.2137,45225,452481542,2559,0,0,0
170.2237,45226,452491543,2516,0,0,0
170.2357,45227,452501543,2559,0,0,0
170.2416,45228,452511543,2510,0,0,0
170.2534,45229,452521543,2559,0,0,0
170.2615,45230,452531543,2512,0,0,0
170.2719,45231,452541543,2589,0,0,0
170.2829,45232,452551543,2511,0,0,0
170.2916,45233,452561543,2589,0,0,0
170.3020,45234,452571543,2511,0,0,0
170.3120,45235,452581542,2588,0,0,0
170.3217,45236,452591543,2505,0,0,0
170.3322,45237,452601543,2603,0,0,0
170.3422,45238,452611543,2497,0,0,0
170.3521,45239,452621543,2615,0,0,0
170.3619,45240,452631542,2486,0,0,0
170.3737,45241,452641543,2628,0,0,0
170.3823,45242,452651543,2477,0,0,0
170.3918,45243,452661542,2640,0,0,0
170.4074,45244,452671543,2463,0,0,0
170.4155,45245,452681542,2656,0,0,0
170.4241,45246,452691542,2469,0,0,0
170.4314,45247,452701542,2652,0,0,0
170.4419,45248,452711542,2455,0,0,0
170.4517,45249,452721543,2671,0,0,0
170.4618,45250,452731542,2448,0,0,0
170.4719,45251,452741542,2672,0,0,0
170.4834,45252,452751543,2448,0,0,0
170.4919,45253,452761542,2674,0,0,0
170.5064,45254,452771543,2448,0,0,0
170.5124,45255,452781543,2669,0,0,0
170.5236,45256,452791543,2447,0,0,0
170.5381,45257,452801542,2671,0,0,0
170.5436,45258,452811542,2437,0,0,0
170.5518,45259,452821542,2683,0,0,0
170.5652,45260,452831543,2445,0,0,0
170.5714,45261,452841543,2686,0,0,0
170.5819,45262,452851543,2443,0,0,0
170.5916,45263,452861542,2689,0,0,0
170.6032,45264,452871543,2439,0,0,0
170.6120,45265,452881543,2694,0,0,0
170.6219,45266,452891543,2429,0,0,0
170.6325,45267,452901543,2702,0,0,0
170.6439,45268,452911542,2432,0,0,0
170.6567,45269,452921542,2704,0,0,0
170.6690,45270,452931543,2423,0,0,0
170.6730,45271,452941542,2703,0,0,0
170.6826,45272,452951543,2422,0,0,0
170.6933,45273,452961542,2708,0,0,0
170.7016,45274,452971543,2428,0,0,0
170.7114,45275,452981543,2711,0,0,0
170.7216,45276,452991543,2421,0,0,0
170.7315,45277,453001542,2717,0,0,0
170.7421,45278,453011543,2414,0,0,0
170.7517,45279,453021543,2726,0,0,0
170.7615,45280,453031543,2416,0,0,0
170.7768,45281,453041543,2722,0,0,0
170.7824,45282,453051543,2405,0,0,0
170.7978,45283,453061543,2722,0,0,0
170.8028,45284,453071543,2403,0,0,0
170.8115,45285,453081543,2721,0,0,0
170.8259,45286,453091543,2411,0,0,0
170.8354,45287,453101543,2741,0,0,0
170.8414,45288,453111542,2427,0,0,0
170.8520,45289,453121543,2738,0,0,0
170.8621,45290,453131543,2393,0,0,0
170.8720,45291,453141543,2750,0,0,0
170.8819,45292,453151542,2396,0,0,0
170.8922,45293,453161542,2737,0,0,0
170.9024,45294,453171543,2391,0,0,0
170.9125,45295,453181543,2755,0,0,0
170.9219,45296,453191543,2386,0,0,0
170.9356,45297,453201543,2753,0,0,0
170.9450,45298,453211543,2384,0,0,0
170.9539,45299,453221543,2765,0,0,0
170.9642,45300,453231543,2375,0,0,0
170.9728,45301,453241543,2747,0,0,0
170.9830,45302,453251543,2377,0,0,0
170.9962,45303,453261543,2752,0,0,0
171.0042,45304,453271543,2363,0,0,0
171.0115,45305,453281542,2768,0,0,0
171.0215,45306,453291543,2369,0,0,0
171.0319,45307,453301542,2754,0,0,0
171.0426,45308,453311542,2379,0,0,0
171.0526,45309,453321542,2757,0,0,0
171.0626,45310,453331543,2381,0,0,0
171.0717,45311,453341542,2756,0,0,0
171.0890,45312,453351542,2371,0,0,0
171.0920,45313,453361543,2757,0,0,0
171.1017,45314,453371543,2373,0,0,0
171.1119,45315,453381542,2768,0,0,0
171.1268,45316,453391543,2361,0,0,0
171.1351,45317,453401543,2755,0,0,0
171.1443,45318,453411543,2367,0,0,0
171.1517,45319,453421543,2747,0,0,0
171.1656,45320,453431543,2359,0,0,0
171.1756,45321,453441543,2754,0,0,0
171.1814,45322,453451543,2365,0,0,0
171.1914,45323,453461543,2753,0,0,0
171.2016,45324,453471543,2356,0,0,0
171.2117,45325,453481542,2758,0,0,0
171.2223,45326,453491543,2349,0,0,0
171.2321,45327,453501543,2766,0,0,0
171.2422,45328,453511543,2345,0,0,0
171.2524,45329,453521543,2758,0,0,0
171.2619,45330,453531543,2343,0,0,0
171.2747,45331,453541543,2759,0,0,0
171.2865,45332,453551543,2349,0,0,0
171.2960,45333,453561543,2751,0,0,0
171.3041,45334,453571542,2343,0,0,0
171.3116,45335,453581542,2753,0,0,0
171.3255,45336,453591543,2343,0,0,0
171.3356,45337,453601543,2735,0,0,0
171.3443,45338,453611543,2335,0,0,0
171.3515,45339,453621543,2739,0,0,0
171.3614,45340,453631543,2337,0,0,0
171.3717,45341,453641543,2741,0,0,0
171.3819,45342,453651543,2335,0,0,0
171.3920,45343,453661542,2737,0,0,0
171.4025,45344,453671542,2347,0,0,0
171.4118,45345,453681543,2736,0,0,0
171.4273,45346,453691542,2335,0,0,0
171.4318,45347,453701542,2732,0,0,0
171.4493,45348,453711543,2338,0,0,0
171.4518,45349,453721542,2738,0,0,0
171.4654,45350,453731543,2335,0,0,0
171.4754,45351,453741543,2735,0,0,0
171.4830,45352,453751543,2332,0,0,0
171.4974,45353,453761542,2711,0,0,0
171.5025,45354,453771543,2333,0,0,0
171.5122,45355,453781543,2704,0,0,0
171.5269,45356,453791543,2336,0,0,0
171.5314,45357,453801542,2692,0,0,0
171.5413,45358,453811543,2338,0,0,0
171.5520,45359,453821543,2695,0,0,0
171.5622,45360,453831543,2366,0,0,0
171.5717,45361,453841543,2670,0,0,0
171.5825,45362,453851543,2337,0,0,0
171.5967,45363,453861542,2671,0,0,0
171.6070,45364,453871543,2335,0,0,0
171.6119,45365,453881543,2656,0,0,0
171.6216,45366,453891543,2334,0,0,0
171.6338,45367,453901543,2650,0,0,0
171.6417,45368,453911543,2351,0,0,0
171.6542,45369,453921542,2655,0,0,0
171.6626,45370,453931543,2346,0,0,0
171.6739,45371,453941543,2649,0,0,0
171.6853,45372,453951542,2359,0,0,0
171.6914,45373,453961543,2654,0,0,0
171.7016,45374,453971542,2374,0,0,0
171.7120,45375,453981542,2646,0,0,0
171.7216,45376,453991542,2385,0,0,0
171.7315,45377,454001542,2643,0,0,0
171.7416,45378,454011543,2401,0,0,0
171.7539,45379,454021543,2642,0,0,0
171.7623,45380,454031543,2417,0,0,0
171.7719,45381,454041543,2642,0,0,0
171.7838,45382,454051543,2422,0,0,0
171.7969,45383,454061543,2640,0,0,0
171.8071,45384,454071543,2416,0,0,0
171.8165,45385,454081542,2643,0,0,0
171.8243,45386,454091543,2416,0,0,0
171.8351,45387,454101543,2646,0,0,0
171.8456,45388,454111542,2416,0,0,0
171.8517,45389,454121543,2643,0,0,0
171.8617,45390,454131542,2414,0,0,0
171.8715,45391,454141543,2637,0,0,0
171.8815,45392,454151543,2411,0,0,0
171.8920,45393,454161542,2623,0,0,0
171.9019,45394,454171543,2413,0,0,0
171.9118,45395,454181543,2627,0,0,0
171.9218,45396,454191543,2410,0,0,0
171.9327,45397,454201543,2619,0,0,0
171.9416,45398,454211543,2417,0,0,0
171.9548,45399,454221543,2613,0,0,0
171.9620,45400,454231543,2423,0,0,0
171.9749,45401,454241543,2608,0,0,0
171.9842,45402,454251543,2435,0,0,0
171.9925,45403,454261543,2595,0,0,0
172.0041,45404,454271543,2448,0,0,0
172.0115,45405,454281543,2591,0,0,0
172.0217,45406,454291543,2449,0,0,0
172.0318,45407,454301543,2589,0,0,0
172.0418,45408,454311543,2449,0,0,0
172.0520,45409,454321543,2586,0,0,0
172.0624,45410,454331543,2454,0,0,0
172.0754,45411,454341543,2583,0,0,0
172.0826,45412,454351543,2457,0,0,0
172.0971,45413,454361543,2585,0,0,0
172.1078,45414,454371542,2455,0,0,0
172.1154,45415,454381543,2589,0,0,0
172.1229,45416,454391543,2462,0,0,0
172.1365,45417,454401542,2581,0,0,0
172.1466,45418,454411543,2467,0,0,0
172.1550,45419,454421542,2589,0,0,0
172.1662,45420,454431543,2479,0,0,0
172.1717,45421,454441543,2559,0,0,0
172.1816,45422,454451543,2475,0,0,0
172.1914,45423,454461543,2559,0,0,0
172.2020,45424,454471543,2481,0,0,0
172.2117,45425,454481542,2559,0,0,0
172.2219,45426,454491543,2479,0,0,0
172.2323,45427,454501542,2559,0,0,0
172.2468,45428,454511543,2480,0,0,0
172.2518,45429,454521542,2559,0,0,0
172.2652,45430,454531542,2483,0,0,0
172.2719,45431,454541542,2559,0,0,0
172.2836,45432,454551543,2501,0,0,0
172.2930,45433,454561543,2587,0,0,0
172.3045,45434,454571542,2475,0,0,0
172.3141,45435,454581542,2559,0,0,0
172.3266,45436,454591543,2480,0,0,0
172.3347,45437,454601543,2554,0,0,0
172.3417,45438,454611543,2489,0,0,0
172.3519,45439,454621543,2559,0,0,0
172.3616,45440,454631543,2497,0,0,0
172.3716,45441,454641543,2551,0,0,0
172.3820,45442,454651543,2487,0,0,0
172.3919,45443,454661543,2550,0,0,0
172.4025,45444,454671542,2491,0,0,0
172.4157,45445,454681542,2544,0,0,0
172.4229,45446,454691543,2490,0,0,0
172.4319,45447,454701542,2551,0,0,0
172.4459,45448,454711543,2495,0,0,0
172.4534,45449,454721543,2546,0,0,0
172.4632,45450,454731542,2499,0,0,0
172.4722,45451,454741542,2543,0,0,0
172.4847,45452,454751543,2495,0,0,0
172.4963,45453,454761543,2542,0,0,0
172.5034,45454,454771542,2499,0,0,0
172.5113,45455,454781542,2546,0,0,0
172.5217,45456,454791542,2498,0,0,0
172.5317,45457,454801543,2533,0,0,0
172.5420,45458,454811543,2500,0,0,0
172.5520,45459,454821542,2539,0,0,0
172.5619,45460,454831542,2509,0,0,0
172.5720,45461,454841543,2539,0,0,0
172.5818,45462,454851543,2511,0,0,0
172.5920,45463,454861543,2535,0,0,0
172.6016,45464,454871543,2511,0,0,0
172.6160,45465,454881542,2519,0,0,0
172.6243,45466,454891543,2514,0,0,0
172.6315,45467,454901543,2512,0,0,0
172.6454,45468,454911543,2513,0,0,0
172.6544,45469,454921543,2515,0,0,0
172.6627,45470,454931543,2520,0,0,0
172.6714,45471,454941542,2512,0,0,0
172.6816,45472,454951543,2527,0,0,0
172.6922,45473,454961543,2509,0,0,0
172.7024,45474,454971543,2544,0,0,0
172.7122,45475,454981543,2495,0,0,0
172.7217,45476,454991543,2549,0,0,0
172.7321,45477,455001543,2487,0,0,0
172.7456,45478,455011542,2554,0,0,0
172.7527,45479,455021542,2483,0,0,0
172.7684,45480,455031543,2559,0,0,0
172.7768,45481,455041542,2482,0,0,0
172.7849,45482,455051542,2559,0,0,0
172.7920,45483,455061542,2447,0,0,0
172.8067,45484,455071543,2559,0,0,0
172.8141,45485,455081543,2482,0,0,0
172.8247,45486,455091543,2559,0,0,0
172.8320,45487,455101543,2486,0,0,0
172.8415,45488,455111543,2559,0,0,0
172.8519,45489,455121542,2475,0,0,0
172.8622,45490,455131543,2583,0,0,0
172.8717,45491,455141543,2458,0,0,0
172.8820,45492,455151543,2559,0,0,0
172.8920,45493,455161543,2461,0,0,0
172.9106,45494,455171543,2601,0,0,0
172.9118,45495,455181542,2443,0,0,0
172.9223,45496,455191543,2623,0,0,0
172.9318,45497,455201542,2435,0,0,0
172.9480,45498,455211542,2611,0,0,0
172.9537,45499,455221542,2417,0,0,0
172.9618,45500,455231543,2653,0,0,0
172.9735,45501,455241543,2445,0,0,0
172.9817,45502,455251543,2641,0,0,0
172.9960,45503,455261542,2399,0,0,0
173.0042,45504,455271542,2629,0,0,0
173.0114,45505,455281542,2422,0,0,0
173.0215,45506,455291543,2639,0,0,0
173.0319,45507,455301542,2419,0,0,0
173.0421,45508,455311543,2640,0,0,0
173.0524,45509,455321542,2416,0,0,0
173.0677,45510,455331543,2647,0,0,0
173.0764,45511,455341543,2405,0,0,0
173.0816,45512,455351543,2650,0,0,0
173.0954,45513,455361543,2391,0,0,0
173.1062,45514,455371543,2619,0,0,0
173.1149,45515,455381543,2365,0,0,0
173.1236,45516,455391543,2633,0,0,0
173.1359,45517,455401543,2373,0,0,0
173.1480,45518,455411543,2179,0,0,0
173.1541,45519,455421543,2382,0,1,1
173.1641,45520,455431543,2635,0,1,1
173.1714,45521,455441543,2371,0,1,1
173.1820,45522,455451542,2639,0,1,1
173.1920,45523,455461543,2362,0,1,1
173.2021,45524,455471543,2641,0,1,1
173.2117,45525,455481543,2368,0,1,1
173.2217,45526,455491543,2640,0,1,1
173.2322,45527,455501543,2356,0,1,1
173.2448,45528,455511543,2645,0,1,1
173.2517,45529,455521543,2352,0,1,1
173.2660,45530,455531543,2654,0,1,1
173.2763,45531,455541543,2353,0,1,1
173.2879,45532,455551543,2649,0,1,1
173.2959,45533,455561542,2352,0,1,1
173.3045,45534,455571542,2655,0,1,1
173.3127,45535,455581543,2352,0,1,1
173.3218,45536,455591543,2657,0,1,1
173.3313,45537,455601543,2348,0,1,1
173.3415,45538,455611543,2673,0,1,1
173.3520,45539,455621543,2347,0,1,1
173.3619,45540,455631543,2673,0,1,1
173.3717,45541,455641543,2337,0,1,1
173.3823,45542,455651543,2685,0,1,1
173.3953,45543,455661543,2331,0,1,1
173.4080,45544,455671543,2677,0,1,1
173.4125,45545,455681542,2318,0,1,1
173.4248,45546,455691543,2666,0,1,1
173.4316,45547,455701543,2310,0,1,1
173.4446,45548,455711543,2686,0,1,1
173.4520,45549,455721543,2312,0,1,1
173.4626,45550,455731543,2693,0,1,1
173.4717,45551,455741542,2319,0,1,1
173.4814,45552,455751543,2691,0,1,1
173.4919,45553,455761543,2315,0,1,1
173.5027,45554,455771542,2683,0,1,1
173.5122,45555,455781543,2322,0,1,1
173.5217,45556,455791543,2693,0,1,1
173.5328,45557,455801543,2320,0,1,1
173.5486,45558,455811543,2691,0,1,1
173.5524,45559,455821543,2318,0,1,1
173.5625,45560,455831543,2693,0,1,1
173.5715,45561,455841543,2311,0,1,1
173.5852,45562,455851543,2693,0,1,1
173.5947,45563,455861543,2307,0,1,1
173.6016,45564,455871543,2690,0,1,1
173.6142,45565,455881543,2311,0,1,1
173.6259,45566,455891543,2687,0,1,1
173.6338,45567,455901542,2310,0,1,1
173.6414,45568,455911543,2689,0,1,1
173.6520,45569,455921543,2311,0,1,1
173.6620,45570,455931543,2699,0,1,1
173.6717,45571,455941543,2305,0,1,1
173.6819,45572,455951543,2698,0,1,1
173.6920,45573,455961542,2295,0,1,1
173.7025,45574,455971543,2693,0,1,1
173.7147,45575,455981543,2299,0,1,1
173.7274,45576,455991543,2695,0,1,1
173.7384,45577,456001543,2061,0,0,0
173.7447,45578,456011543,2125,0,0,0
173.7516,45579,456021543,2258,0,0,0
173.7647,45580,456031543,3333,0,1,1
173.7715,45581,456041543,2672,0,1,1
173.7843,45582,456051543,2170,0,0,0
173.7958,45583,456061543,2206,0,0,0
173.8016,45584,456071543,3183,0,1,1
173.8114,45585,456081543,1869,0,0,0
173.8218,45586,456091543,2919,0,1,1
173.8320,45587,456101542,1843,0,0,0
173.8422,45588,456111543,2274,0,0,0
173.8527,45589,456121543,2091,0,0,0
173.8665,45590,456131543,2927,0,1,1
173.8719,45591,456141543,2272,0,0,0
173.8842,45592,456151543,3622,0,1,1
173.8948,45593,456161543,2222,0,0,0
173.9070,45594,456171543,1979,0,0,0
173.9150,45595,456181543,2240,0,0,0
173.9215,45596,456191543,3451,0,1,1
173.9318,45597,456201543,2274,0,0,0
173.9426,45598,456211542,3453,0,1,1
173.9554,45599,456221542,2059,0,0,0
173.9620,45600,456231542,2940,0,1,1
173.9713,45601,456241543,1861,0,0,0
173.9814,45602,456251543,2769,0,1,1
173.9913,45603,456261543,1893,0,1,1
174.0015,45604,456271543,2724,0,1,1
174.0116,45605,456281543,2289,0,1,1
174.0215,45606,456291543,2123,0,0,0
174.0316,45607,456301543,2283,0,1,1
174.0462,45608,456311543,1950,0,0,0
174.0572,45609,456321542,1639,0,0,0
174.0615,45610,456331543,2795,0,1,1
174.0756,45611,456341542,1729,0,0,0
174.0829,45612,456351543,2885,0,1,1
174.0916,45613,456361543,2791,0,1,1
174.1017,45614,456371543,2754,0,1,1
174.1115,45615,456381543,1902,0,0,0
174.1217,45616,456391543,2854,0,1,1
174.1316,45617,456401543,2775,0,1,1
174.1421,45618,456411543,1947,0,0,0
174.1522,45619,456421543,2653,0,1,1
174.1622,45620,456431543,3021,0,1,1
174.1776,45621,456441543,2656,0,1,1
174.1818,45622,456451543,2731,0,1,1
174.1989,45623,456461542,1745,0,0,0
174.2026,45624,456471543,2811,0,1,1
174.2127,45625,456481542,1739,0,0,0
174.2254,45626,456491543,2800,0,1,1
174.2342,45627,456501543,2816,0,1,1
174.2423,45628,456511543,1785,0,0,0
174.2516,45629,456521542,2379,0,0,0
174.2614,45630,456531543,2582,0,0,0
174.2716,45631,456541543,2381,0,0,0
174.2823,45632,456551543,2594,0,0,0
174.2916,45633,456561542,2445,0,0,0
174.3019,45634,456571543,2633,0,0,0
174.3122,45635,456581543,2432,0,0,0
174.3284,45636,456591543,2633,0,0,0
174.3317,45637,456601543,2433,0,0,0
174.3422,45638,456611543,2638,0,0,0
174.3519,45639,456621542,2435,0,0,0
174.3643,45640,456631543,2637,0,0,0
174.3717,45641,456641543,2448,0,0,0
174.3834,45642,456651543,2614,0,0,0
174.3916,45643,456661543,2460,0,0,0
174.4056,45644,456671543,2609,0,0,0
174.4114,45645,456681543,2546,0,0,0
174.4221,45646,456691542,2679,0,0,0
174.4318,45647,456701543,2555,0,0,0
174.4416,45648,456711543,2675,0,0,0
174.4522,45649,456721542,2545,0,0,0
174.4624,45650,456731543,2643,0,0,0
174.4719,45651,456741543,2466,0,0,0
174.4824,45652,456751543,2606,0,0,0
174.4947,45653,456761543,2471,0,0,0
174.5014,45654,456771543,2603,0,0,0
174.5118,45655,456781543,2480,0,0,0
174.5242,45656,456791543,2599,0,0,0
174.5321,45657,456801543,2480,0,0,0
174.5423,45658,456811543,2602,0,0,0
174.5518,45659,456821543,2482,0,0,0
174.5617,45660,456831543,2589,0,0,0
174.5717,45661,456841543,2483,0,0,0
174.5818,45662,456851543,2585,0,0,0
174.5927,45663,456861543,2506,0,0,0
174.6019,45664,456871543,2559,0,0,0
174.6122,45665,456881543,2431,0,0,0
174.6225,45666,456891542,2535,0,0,0
174.6319,45667,456901543,2430,0,0,0
174.6428,45668,456911542,2540,0,0,0
174.6521,45669,456921542,2559,0,0,0
174.6676,45670,456931542,2663,0,0,0
174.6760,45671,456941543,2559,0,0,0
174.6849,45672,456951543,2657,0,0,0
174.6920,45673,456961542,2558,0,0,0
174.7065,45674,456971542,2641,0,0,0
174.7117,45675,456981543,2559,0,0,0
174.7214,45676,456991543,2640,0,0,0
174.7320,45677,457001543,2559,0,0,0
174.7418,45678,457011543,2644,0,0,0
174.7517,45679,457021543,2559,0,0,0
174.7621,45680,457031543,2638,0,0,0
174.7718,45681,457041543,2558,0,0,0
174.7821,45682,457051543,2634,0,0,0
174.7944,45683,457061543,2558,0,0,0
174.8052,45684,457071543,2630,0,0,0
174.8133,45685,457081543,2559,0,0,0
174.8272,45686,457091543,2630,0,0,0
174.8316,45687,457101542,2555,0,0,0
174.8444,45688,457111542,2623,0,0,0
174.8516,45689,457121542,2559,0,0,0
174.8683,45690,457131542,2630,0,0,0
174.8715,45691,457141542,2559,0,0,0
174.8815,45692,457151543,2622,0,0,0
174.8914,45693,457161543,2559,0,0,0
174.9014,45694,457171542,2618,0,0,0
174.9117,45695,457181542,2581,0,0,0
174.9222,45696,457191543,2623,0,0,0
174.9320,45697,457201543,2559,0,0,0
174.9477,45698,457211543,2619,0,0,0
174.9519,45699,457221543,2559,0,0,0
174.9643,45700,457231543,2559,0,0,0
174.9717,45701,457241543,2533,0,0,0
174.9829,45702,457251543,2512,0,0,0
174.9956,45703,457261542,2538,0,0,0
175.0035,45704,457271542,2506,0,0,0
175.0116,45705,457281543,2512,0,0,0
175.0280,45706,457291543,2495,0,0,0
175.0318,45707,457301543,2522,0,0,0
175.0414,45708,457311543,2480,0,0,0
175.0515,45709,457321542,2512,0,0,0
175.0614,45710,457331543,2477,0,0,0
175.0716,45711,457341543,2514,0,0,0
175.0817,45712,457351543,2466,0,0,0
175.0918,45713,457361542,2515,0,0,0
175.1022,45714,457371543,2464,0,0,0
175.1134,45715,457381543,2513,0,0,0
175.1252,45716,457391542,2450,0,0,0
175.1353,45717,457401542,2525,0,0,0
175.1455,45718,457411543,2517,0,1,1
175.1515,45719,457421543,2532,0,1,1
175.1642,45720,457431543,2475,0,1,1
175.1716,45721,457441543,2528,0,1,1
175.1863,45722,457451543,2466,0,1,1
175.1945,45723,457461542,2537,0,1,1
175.2016,45724,457471543,2465,0,1,1
175.2115,45725,457481543,2539,0,1,1
175.2214,45726,457491543,2453,0,1,1
175.2316,45727,457501543,2544,0,1,1
175.2415,45728,457511543,2445,0,1,1
175.2518,45729,457521543,2537,0,1,1
175.2644,45730,457531543,2437,0,1,1
175.2740,45731,457541543,2559,0,1,1
175.2837,45732,457551543,2429,0,1,1
175.2934,45733,457561543,2592,0,1,1
175.3035,45734,457571543,2418,0,1,1
175.3162,45735,457581542,2608,0,1,1
175.3256,45736,457591543,2415,0,1,1
175.3344,45737,457601543,2618,0,1,1
175.3430,45738,457611543,2416,0,1,1
175.3515,45739,457621543,2623,0,1,1
175.3614,45740,457631543,2406,0,1,1
175.3715,45741,457641543,2613,0,1,1
175.3817,45742,457651542,2386,0,1,1
175.3916,45743,457661542,2625,0,1,1
175.4018,45744,457671543,2401,0,1,1
175.4120,45745,457681542,2627,0,1,1
175.4238,45746,457691543,2399,0,1,1
175.4319,45747,457701543,2640,0,1,1
175.4472,45748,457711543,2405,0,1,1
175.4559,45749,457721542,2641,0,1,1
175.4650,45750,457731543,2391,0,1,1
175.4723,45751,457741542,2646,0,1,1
175.4815,45752,457751543,2398,0,1,1
175.4955,45753,457761542,2643,0,1,1
175.5015,45754,457771543,2371,0,1,1
175.5114,45755,457781542,2635,0,1,1
175.5215,45756,457791542,2377,0,1,1
175.5317,45757,457801543,2642,0,1,1
175.5416,45758,457811543,2377,0,1,1
175.5519,45759,457821543,2647,0,1,1
175.5620,45760,457831543,2368,0,1,1
175.5747,45761,457841543,2642,0,1,1
175.5865,45762,457851543,2370,0,1,1
175.5972,45763,457861543,2654,0,1,1
175.6045,45764,457871543,2367,0,1,1
175.6119,45765,457881543,2655,0,1,1
175.6254,45766,457891543,2355,0,1,1
175.6316,45767,457901543,2657,0,1,1
175.6459,45768,457911543,2358,0,1,1
175.6566,45769,457921543,2651,0,1,1
175.6615,45770,457931543,2354,0,1,1
175.6715,45771,457941543,2671,0,1,1
175.6813,45772,457951543,2355,0,1,1
175.6915,45773,457961543,2669,0,1,1
175.7024,45774,457971543,2351,0,1,1
175.7119,45775,457981543,2672,0,1,1
175.7218,45776,457991543,2352,0,1,1
175.7322,45777,458001543,2679,0,1,1
175.7428,45778,458011543,2342,0,1,1
175.7516,45779,458021542,2689,0,1,1
175.7615,45780,458031543,2338,0,1,1
175.7743,45781,458041542,2695,0,1,1
175.7817,45782,458051543,2333,0,1,1
175.7942,45783,458061543,2687,0,1,1
175.8059,45784,458071543,2327,0,1,1
175.8113,45785,458081543,2704,0,1,1
175.8215,45786,458091542,2323,0,1,1
175.8315,45787,458101543,2706,0,1,1
175.8419,45788,458111543,2324,0,1,1
175.8521,45789,458121542,2704,0,1,1
175.8619,45790,458131543,2326,0,1,1
175.8720,45791,458141543,2693,0,1,1
175.8867,45792,458151543,2334,0,1,1
175.8962,45793,458161543,2704,0,1,1
175.9022,45794,458171543,2390,0,1,1
175.9133,45795,458181542,2491,0,1,1
175.9229,45796,458191543,2480,0,1,1
175.9351,45797,458201542,2496,0,1,1
175.9461,45798,458211542,2477,0,1,1
175.9540,45799,458221542,2512,0,1,1
175.9629,45800,458231542,2446,0,1,1
175.9715,45801,458241543,2611,0,1,1
175.9815,45802,458251543,2368,0,1,1
175.9920,45803,458261542,2705,0,1,1
176.0018,45804,458271543,2336,0,1,1
176.0118,45805,458281542,2717,0,1,1
176.0219,45806,458291542,2329,0,1,1
176.0372,45807,458301543,2719,0,1,1
176.0455,45808,458311542,2327,0,1,1
176.0548,45809,458321542,2724,0,1,1
176.0656,45810,458331542,2369,0,1,1
176.0753,45811,458341542,2686,0,1,1
176.0848,45812,458351543,2431,0,1,1
176.0929,45813,458361543,2500,0,1,1
176.1015,45814,458371543,2509,0,1,1
176.1125,45815,458381543,2493,0,1,1
176.1218,45816,458391543,2485,0,1,1
176.1315,45817,458401542,2492,0,1,1
176.1413,45818,458411542,2497,0,1,1
176.1515,45819,458421543,2508,0,1,1
176.1614,45820,458431543,2481,0,1,1
176.1713,45821,458441543,2512,0,1,1
176.1816,45822,458451543,2497,0,1,1
176.1917,45823,458461542,2509,0,1,1
176.2055,45824,458471543,2485,0,1,1
176.2117,45825,458481543,2499,0,1,1
176.2239,45826,458491543,2480,0,1,1
176.2337,45827,458501542,2542,0,1,1
176.2465,45828,458511543,2379,0,1,1
176.2548,45829,458521543,2672,0,1,1
176.2614,45830,458531543,2315,0,1,1
176.2716,45831,458541543,2703,0,1,1
176.2814,45832,458551543,2317,0,1,1
176.2922,45833,458561543,2697,0,1,1
176.3025,45834,458571543,2309,0,1,1
176.3119,45835,458581542,2672,0,1,1
176.3220,45836,458591543,2311,0,1,1
176.3332,45837,458601542,2655,0,1,1
176.3435,45838,458611542,2311,0,1,1
176.3539,45839,458621542,2651,0,1,1
176.3652,45840,458631542,2304,0,1,1
176.3722,45841,458641543,2646,0,1,1
176.3852,45842,458651543,2309,0,1,1
176.3943,45843,458661543,2645,0,1,1
176.4016,45844,458671543,2314,0,1,1
176.4136,45845,458681543,2639,0,1,1
176.4215,45846,458691542,2315,0,1,1
176.4313,45847,458701543,2622,0,1,1
176.4423,45848,458711543,2318,0,1,1
176.4529,45849,458721543,2621,0,1,1
176.4618,45850,458731543,2320,0,1,1
176.4720,45851,458741543,2618,0,1,1
176.4862,45852,458751543,2350,0,1,1
176.4959,45853,458761543,2613,0,1,1
176.5065,45854,458771542,2355,0,1,1
176.5187,45855,458781543,2609,0,1,1
176.5214,45856,458791543,2375,0,1,1
176.5356,45857,458801542,2611,0,1,1
176.5442,45858,458811542,2381,0,1,1
176.5530,45859,458821543,2601,0,1,1
176.5622,45860,458831542,2480,0,1,1
176.5715,45861,458841543,2474,0,1,1
176.5814,45862,458851542,2557,0,1,1
176.5921,45863,458861542,2466,0,1,1
176.6018,45864,458871542,2559,0,1,1
176.6122,45865,458881542,2469,0,1,1
176.6221,45866,458891543,2559,0,1,1
176.6379,45867,458901542,2486,0,1,1
176.6419,45868,458911543,2546,0,1,1
176.6587,45869,458921543,2477,0,1,1
176.6643,45870,458931543,2544,0,1,1
176.6740,45871,458941543,2487,0,1,1
176.6853,45872,458951542,2512,0,1,1
176.6938,45873,458961542,2491,0,1,1
176.7029,45874,458971543,2501,0,1,1
176.7116,45875,458981543,2510,0,1,1
176.7215,45876,458991543,2459,0,1,1
176.7320,45877,459001543,2546,0,1,1
176.7417,45878,459011543,2449,0,1,1
176.7520,45879,459021543,2535,0,1,1
176.7621,45880,459031542,2461,0,1,1
176.7718,45881,459041543,2528,0,1,1
176.7820,45882,459051543,2450,0,1,1
176.7965,45883,459061543,2550,0,1,1
176.8065,45884,459071542,2439,0,1,1
176.8136,45885,459081543,2559,0,1,1
176.8247,45886,459091542,2437,0,1,1
176.8315,45887,459101543,2559,0,1,1
176.8435,45888,459111542,2441,0,1,1
176.8517,45889,459121542,2559,0,1,1
176.8615,45890,459131542,2448,0,1,1
176.8714,45891,459141542,2555,0,1,1
176.8814,45892,459151543,2453,0,1,1
176.8915,45893,459161543,2558,0,1,1
176.9016,45894,459171543,2457,0,1,1
176.9119,45895,459181543,2553,0,1,1
176.9219,45896,459191543,2465,0,1,1
176.9426,45897,459201542,2558,0,1,1
176.9438,45898,459211543,2455,0,1,1
176.9532,45899,459221542,2545,0,1,1
176.9651,45900,459231543,2459,0,1,1
176.9715,45901,459241542,2557,0,1,1
176.9838,45902,459251543,2449,0,1,1
176.9951,45903,459261543,2545,0,1,1
177.0016,45904,459271543,2459,0,1,1
177.0158,45905,459281543,2544,0,1,1
177.0214,45906,459291542,2461,0,1,1
177.0314,45907,459301543,2534,0,1,1
177.0416,45908,459311543,2458,0,1,1
177.0524,45909,459321543,2542,0,1,1
177.0614,45910,459331543,2462,0,1,1
177.0721,45911,459341543,2532,0,1,1
177.0820,45912,459351543,2471,0,1,1
177.0934,45913,459361543,2542,0,1,1
177.1103,45914,459371543,2460,0,1,1
177.1168,45915,459381542,2528,0,1,1
177.1287,45916,459391543,2470,0,1,1
177.1374,45917,459401543,2527,0,1,1
177.1482,45918,459411543,2469,0,1,1
177.1533,45919,459421542,2528,0,1,1
177.1652,45920,459431543,2478,0,1,1
177.1756,45921,459441543,2523,0,1,1
177.1867,45922,459451543,2469,0,1,1
177.1965,45923,459461542,2525,0,1,1
177.2079,45924,459471543,2480,0,1,1
177.2119,45925,459481543,2516,0,1,1
177.2214,45926,459491543,2479,0,1,1
177.2314,45927,459501543,2512,0,1,1
177.2414,45928,459511543,2479,0,1,1
177.2518,45929,459521543,2515,0,1,1
177.2617,45930,459531543,2483,0,1,1
177.2718,45931,459541542,2511,0,1,1
177.2819,45932,459551543,2485,0,1,1
177.2995,45933,459561543,2503,0,1,1
177.3019,45934,459571543,2490,0,1,1
177.3187,45935,459581543,2508,0,1,1
177.3293,45936,459591543,2493,0,1,1
177.3340,45937,459601542,2509,0,1,1
177.3429,45938,459611543,2483,0,1,1
177.3544,45939,459621543,2495,0,1,1
177.3651,45940,459631543,2501,0,1,1
177.3741,45941,459641542,2496,0,1,1
177.3820,45942,459651543,2497,0,1,1
177.3918,45943,459661543,2497,0,1,1
177.4020,45944,459671543,2512,0,1,1
177.4117,45945,459681542,2481,0,1,1
177.4217,45946,459691543,2527,0,1,1
177.4324,45947,459701543,2475,0,1,1
177.4417,45948,459711543,2527,0,1,1
177.4589,45949,459721542,2468,0,1,1
177.4628,45950,459731542,2534,0,1,1
177.4722,45951,459741543,2463,0,1,1
177.4857,45952,459751543,2542,0,1,1
177.4954,45953,459761542,2461,0,1,1
177.5044,45954,459771543,2553,0,1,1
177.5116,45955,459781543,2469,0,1,1
177.5267,45956,459791543,2549,0,1,1
177.5333,45957,459801543,2463,0,1,1
177.5415,45958,459811543,2544,0,1,1
177.5516,45959,459821543,2462,0,1,1
177.5619,45960,459831543,2548,0,1,1
177.5719,45961,459841543,2466,0,1,1
177.5822,45962,459851543,2551,0,1,1
177.5919,45963,459861542,2459,0,1,1
177.6022,45964,459871543,2559,0,1,1
177.6195,45965,459881543,2453,0,1,1
177.6220,45966,459891543,2559,0,1,1
177.6354,45967,459901543,2447,0,1,1
177.6422,45968,459911543,2581,0,1,1
177.6528,45969,459921543,2448,0,1,1
177.6649,45970,459931543,2559,0,1,1
177.6759,45971,459941543,2446,0,1,1
177.6854,45972,459951543,2559,0,1,1
177.6949,45973,459961542,2459,0,1,1
177.7033,45974,459971542,2559,0,1,1
177.7115,45975,459981543,2460,0,1,1
177.7220,45976,459991543,2559,0,1,1
177.7317,45977,460001542,2464,0,1,1
177.7416,45978,460011543,2558,0,1,1
177.7522,45979,460021543,2465,0,1,1
177.7624,45980,460031543,2559,0,1,1
177.7723,45981,460041542,2459,0,1,1
177.7862,45982,460051543,2559,0,1,1
177.7961,45983,460061542,2460,0,1,1
177.8073,45984,460071542,2559,0,1,1
177.8179,45985,460081542,2462,0,1,1
177.8239,45986,460091543,2559,0,1,1
177.8315,45987,460101542,2459,0,1,1
177.8431,45988,460111542,2555,0,1,1
177.8522,45989,460121543,2463,0,1,1
177.8615,45990,460131543,2559,0,1,1
177.8714,45991,460141543,2465,0,1,1
177.8816,45992,460151542,2559,0,1,1
177.8922,45993,460161542,2457,0,1,1
177.9024,45994,460171543,2559,0,1,1
177.9124,45995,460181543,2447,0,1,1
177.9221,45996,460191542,2559,0,1,1
177.9424,45997,460201543,2453,0,1,1
177.9434,45998,460211543,2557,0,1,1
177.9525,45999,460221543,2460,0,1,1
177.9630,46000,460231543,2559,0,1,1
177.9735,46001,460241542,2458,0,1,1
177.9841,46002,460251542,2559,0,1,1
177.9917,46003,460261542,2453,0,1,1
178.0065,46004,460271543,2559,0,1,1
178.0175,46005,460281543,2451,0,1,1
178.0258,46006,460291543,2559,0,1,1
178.0314,46007,460301542,2454,0,1,1
178.0416,46008,460311543,2559,0,1,1
178.0516,46009,460321543,2455,0,1,1
178.0617,46010,460331543,2559,0,1,1
178.0718,46011,460341542,2453,0,1,1
178.0817,46012,460351543,2559,0,1,1
178.0941,46013,460361542,2448,0,1,1
178.1060,46014,460371543,2559,0,1,1
178.1157,46015,460381543,2448,0,1,1
178.1249,46016,460391543,2559,0,1,1
178.1315,46017,460401543,2449,0,1,1
178.1463,46018,460411543,2559,0,1,1
178.1553,46019,460421543,2447,0,1,1
178.1655,46020,460431543,2579,0,1,1
178.1715,46021,460441542,2445,0,1,1
178.1821,46022,460451543,2559,0,1,1
178.1916,46023,460461543,2453,0,1,1
178.2026,46024,460471543,2551,0,1,1
178.2122,46025,460481543,2443,0,1,1
178.2220,46026,460491543,2559,0,1,1
178.2347,46027,460501543,2451,0,1,1
178.2435,46028,460511543,2559,0,1,1
178.2517,46029,460521543,2446,0,1,1
178.2661,46030,460531542,2559,0,1,1
178.2759,46031,460541542,2450,0,1,1
178.2838,46032,460551542,2559,0,1,1
178.2960,46033,460561543,2446,0,1,1
178.3042,46034,460571543,2582,0,1,1
178.3116,46035,460581543,2449,0,1,1
178.3215,46036,460591543,2559,0,1,1
178.3318,46037,460601543,2450,0,1,1
178.3416,46038,460611543,2559,0,1,1
178.3516,46039,460621542,2449,0,1,1
178.3614,46040,460631542,2559,0,1,1
178.3715,46041,460641542,2449,0,1,1
178.3815,46042,460651543,2559,0,1,1
178.3918,46043,460661542,2447,0,1,1
178.4031,46044,460671543,2559,0,1,1
178.4171,46045,460681543,2439,0,1,1
178.4233,46046,460691543,2559,0,1,1
178.4345,46047,460701543,2446,0,1,1
178.4416,46048,460711543,2559,0,1,1
178.4580,46049,460721543,2449,0,1,1
178.4627,46050,460731543,2559,0,1,1
178.4717,46051,460741543,2447,0,1,1
178.4815,46052,460751543,2559,0,1,1
178.4915,46053,460761542,2443,0,1,1
178.5015,46054,460771543,2555,0,1,1
178.5114,46055,460781543,2447,0,1,1
178.5215,46056,460791543,2551,0,1,1
178.5315,46057,460801543,2445,0,1,1
178.5415,46058,460811542,2559,0,1,1
178.5519,46059,460821542,2442,0,1,1
178.5620,46060,460831543,2547,0,1,1
178.5792,46061,460841542,2430,0,1,1
178.5882,46062,460851543,2554,0,1,1
178.5958,46063,460861543,2443,0,1,1
178.6053,46064,460871543,2559,0,1,1
1165.9208,90,1131550,2423,0,0,0
1165.9309,91,1141549,2420,0,0,0
1165.9405,92,1151550,2425,0,0,0
1165.9545,93,1161550,2421,0,0,0
1165.9606,94,1171550,2427,0,0,0
1165.9733,95,1181550,2432,0,0,0
1165.9842,96,1191549,2438,0,0,0
1165.9966,97,1201550,2439,0,0,0
1166.0035,98,1211549,2443,0,0,0
1166.0147,99,1221550,2445,0,0,0
1166.0220,100,1231550,2445,0,0,0
1166.0318,101,1241550,2450,0,0,0
1166.0421,102,1251550,2448,0,0,0
1166.0561,103,1261549,2454,0,0,0
1166.0621,104,1271550,2449,0,0,0
1166.0749,105,1281549,2455,0,0,0
1166.0843,106,1291550,2460,0,0,0
1166.0943,107,1301549,2463,0,0,0
1166.1021,108,1311550,2467,0,0,0
1166.1177,109,1321549,2474,0,0,0
1166.1254,110,1331550,2473,0,0,0
1166.1321,111,1341549,2474,0,0,0
1166.1404,112,1351550,2475,0,0,0
1166.1500,113,1361549,2478,0,0,0
1166.1605,114,1371550,2478,0,0,0
1166.1703,115,1381550,2479,0,0,0
1166.1800,116,1391550,2480,0,0,0
1166.1900,117,1401549,2483,0,0,0
1166.1999,118,1411550,2491,0,0,0
1166.2100,119,1421549,2495,0,0,0
1166.2255,120,1431550,2502,0,0,0
1166.2313,121,1441550,2506,0,0,0
1166.2419,122,1451550,2507,0,0,0
1166.2516,123,1461549,2514,0,0,0
1166.2605,124,1471550,2514,0,0,0
1166.2712,125,1481549,2506,0,0,0
1166.2806,126,1491550,2507,0,0,0
1166.2917,127,1501550,2506,0,0,0
1166.3047,128,1511550,2507,0,0,0
1166.3140,129,1521550,2502,0,0,0
1166.3209,130,1531550,2512,0,0,0
1166.3339,131,1541550,2519,0,0,0
1166.3426,132,1551549,2512,0,0,0
1166.3578,133,1561550,2502,0,0,0
1166.3629,134,1571550,2498,0,0,0
1166.3729,135,1581549,2493,0,0,0
1166.3843,136,1591550,2487,0,0,0
1166.3909,137,1601550,2490,0,0,0
1166.4037,138,1611550,2435,0,0,0
1166.4126,139,1621550,2435,0,0,0
1166.4250,140,1631550,2448,0,0,0
1166.4344,141,1641550,2479,0,0,0
1166.4454,142,1651550,2481,0,0,0
1166.4528,143,1661550,2480,0,0,0
1166.4691,144,1671549,2480,0,0,0
1166.4775,145,1681550,2480,0,0,0
1166.4817,146,1691549,2480,0,0,0
1166.4906,147,1701550,2479,0,0,0
1166.5004,148,1711550,2477,0,0,0
1166.5104,149,1721549,2477,0,0,0
1166.5209,150,1731550,2476,0,0,0
1166.5307,151,1741550,2480,0,0,0
1166.5409,152,1751550,2474,0,0,0
1166.5510,153,1761550,2470,0,0,0
1166.5609,154,1771549,2478,0,0,0
1166.5707,155,1781550,2475,0,0,0
1166.5812,156,1791549,2469,0,0,0
1166.5904,157,1801550,2473,0,0,0
1166.6007,158,1811550,2469,0,0,0
1166.6104,159,1821549,2473,0,0,0
1166.6287,160,1831550,2471,0,0,0
1166.6369,161,1841550,2471,0,0,0
1166.6422,162,1851549,2471,0,0,0
1166.6579,163,1861550,2473,0,0,0
1166.6675,164,1871549,2469,0,0,0
1166.6765,165,1881550,2471,0,0,0
1166.6824,166,1891549,2470,0,0,0
1166.6980,167,1901550,2466,0,0,0
1166.7006,168,1911549,2474,0,0,0
1166.7167,169,1921550,2469,0,0,0
1166.7239,170,1931549,2469,0,0,0
1166.7307,171,1941550,2469,0,0,0
1166.7487,172,1951549,2471,0,0,0
1166.7549,173,1961550,2475,0,0,0
1166.7666,174,1971550,2467,0,0,0
1166.7793,175,1981549,2467,0,0,0
1166.7883,176,1991550,2469,0,0,0
1166.7911,177,2001549,2464,0,0,0
1166.8069,178,2011550,2470,0,0,0
1166.8141,179,2021550,2473,0,0,0
1166.8243,180,2031550,2465,0,0,0
1166.8306,181,2041549,2468,0,0,0
1166.8405,182,2051550,2473,0,0,0
1166.8506,183,2061549,2469,0,0,0
1166.8606,184,2071550,2467,0,0,0
1166.8704,185,2081549,2469,0,0,0
1166.8805,186,2091550,2469,0,0,0
1166.8908,187,2101549,2466,0,0,0
1166.9006,188,2111550,2466,0,0,0
1166.9104,189,2121549,2465,0,0,0
1166.9206,190,2131550,2467,0,0,0
1166.9305,191,2141550,2469,0,0,0
1166.9404,192,2151550,2466,0,0,0
1166.9505,193,2161549,2469,0,0,0
1166.9604,194,2171550,2467,0,0,0
1166.9710,195,2181550,2464,0,0,0
1166.9815,196,2191549,2465,0,0,0
1166.9912,197,2201550,2469,0,0,0
1167.0072,198,2211549,2463,0,0,0
1167.0119,199,2221550,2465,0,0,0
1167.0218,200,2231550,2465,0,0,0
1167.0376,201,2241549,2467,0,0,0
1167.0419,202,2251550,2462,0,0,0
1167.0590,203,2261550,2466,0,0,0
1167.0686,204,2271550,2464,0,0,0
1167.0725,205,2281549,2462,0,0,0
1167.0828,206,2291550,2468,0,0,0
1167.0977,207,2301549,2466,0,0,0
1167.1038,208,2311550,2464,0,0,0
1167.1136,209,2321550,2467,0,0,0
1167.1208,210,2331549,2469,0,0,0
1167.1342,211,2341550,2463,0,0,0
1167.1410,212,2351550,2461,0,0,0
1167.1516,213,2361549,2461,0,0,0
1167.1604,214,2371550,2459,0,0,0
1167.1704,215,2381550,2455,0,0,0
1167.1806,216,2391549,2457,0,0,0
1167.1904,217,2401550,2463,0,0,0
1167.2006,218,2411549,2461,0,0,0
1167.2105,219,2421550,2459,0,0,0
1167.2206,220,2431550,2457,0,0,0
1167.2304,221,2441550,2461,0,0,0
1167.2413,222,2451549,2455,0,0,0
1167.2504,223,2461550,2458,0,0,0
1167.2604,224,2471550,2451,0,0,0
1167.2708,225,2481549,2457,0,0,0
1167.2804,226,2491550,2457,0,0,0
1167.2904,227,2501550,2455,0,0,0
1167.3007,228,2511549,2453,0,0,0
1167.3107,229,2521550,2453,0,0,0
1167.3208,230,2531549,2461,0,0,0
1167.3306,231,2541550,2457,0,0,0
1167.3405,232,2551549,2454,0,0,0
1167.3511,233,2561550,2457,0,0,0
1167.3610,234,2571550,2459,0,0,0
1167.3704,235,2581549,2454,0,0,0
1167.3805,236,2591550,2460,0,0,0
1167.3907,237,2601549,2459,0,0,0
1167.4004,238,2611550,2455,0,0,0
1167.4137,239,2621549,2455,0,0,0
1167.4206,240,2631550,2457,0,0,0
1167.4364,241,2641550,2460,0,0,0
1167.4425,242,2651549,2457,0,0,0
1167.4555,243,2661550,2435,0,0,0
1167.4679,244,2671550,2453,0,0,0
1167.4739,245,2681549,2459,0,0,0
1167.4822,246,2691550,2459,0,0,0
1167.4953,247,2701549,2459,0,0,0
1167.5050,248,2711550,2455,0,0,0
1167.5151,249,2721550,2457,0,0,0
1167.5205,250,2731549,2455,0,0,0
1167.5305,251,2741550,2455,0,0,0
1167.5408,252,2751550,2454,0,0,0
1167.5506,253,2761550,2455,0,0,0
1167.5605,254,2771550,2452,0,0,0
1167.5706,255,2781549,2464,0,0,0
1167.5807,256,2791550,2452,0,0,0
1167.5905,257,2801550,2434,0,0,0
1167.6010,258,2811550,2453,0,0,0
1167.6103,259,2821549,2451,0,0,0
1167.6205,260,2831550,2455,0,0,0
1167.6305,261,2841550,2453,0,0,0
1167.6407,262,2851550,2455,0,0,0
1167.6505,263,2861550,2450,0,0,0
1167.6627,264,2871550,2454,0,0,0
1167.6707,265,2881549,2459,0,0,0
1167.6805,266,2891550,2455,0,0,0
1167.6904,267,2901550,2455,0,0,0
1167.7012,268,2911549,2458,0,0,0
1167.7103,269,2921550,2455,0,0,0
1167.7203,270,2931550,2458,0,0,0
1167.7306,271,2941549,2454,0,0,0
1167.7405,272,2951550,2455,0,0,0
1167.7506,273,2961550,2455,0,0,0
1167.7607,274,2971549,2451,0,0,0
1167.7705,275,2981550,2457,0,0,0
1167.7812,276,2991550,2454,0,0,0
1167.7961,277,3001549,2455,0,0,0
1167.8009,278,3011550,2452,0,0,0
1167.8108,279,3021549,2453,0,0,0
1167.8252,280,3031550,2451,0,0,0
1167.8342,281,3041549,2460,0,0,0
1167.8486,282,3051550,2474,0,0,0
1167.8551,283,3061549,2458,0,0,0
1167.8622,284,3071550,2459,0,0,0
1167.8707,285,3081550,2455,0,0,0
1167.8883,286,3091549,2450,0,0,0
1167.8983,287,3101550,2451,0,0,0
1167.9080,288,3111549,2452,0,0,0
1167.9114,289,3121550,2453,0,0,0
1167.9205,290,3131550,2450,0,0,0
1167.9356,291,3141550,2452,0,0,0
1167.9411,292,3151549,2453,0,0,0
1167.9513,293,3161550,2453,0,0,0
1167.9607,294,3171549,2454,0,0,0
1167.9704,295,3181550,2453,0,0,0
1167.9807,296,3191549,2451,0,0,0
1167.9907,297,3201550,2450,0,0,0
1168.0008,298,3211549,2450,0,0,0
1168.0114,299,3221550,2451,0,0,0
1168.0204,300,3231549,2450,0,0,0
1168.0306,301,3241550,2450,0,0,0
1168.0407,302,3251549,2454,0,0,0
1168.0505,303,3261550,2448,0,0,0
1168.0618,304,3271549,2451,0,0,0
1168.0707,305,3281550,2451,0,0,0
1168.0807,306,3291549,2448,0,0,0
1168.0942,307,3301550,2450,0,0,0
1168.1008,308,3311550,2449,0,0,0
1168.1114,309,3321549,2450,0,0,0
1168.1206,310,3331550,2451,0,0,0
1168.1308,311,3341550,2450,0,0,0
1168.1414,312,3351549,2451,0,0,0
1168.1503,313,3361550,2450,0,0,0
1168.1603,314,3371550,2448,0,0,0
1168.1704,315,3381549,2449,0,0,0
1168.1807,316,3391550,2451,0,0,0
1168.1906,317,3401550,2453,0,0,0
1168.2005,318,3411550,2453,0,0,0
1168.2107,319,3421549,2453,0,0,0
1168.2205,320,3431550,2451,0,0,0
1168.2358,321,3441550,2451,0,0,0
1168.2404,322,3451549,2451,0,0,0
1168.2505,323,3461550,2449,0,0,0
1168.2613,324,3471549,2450,0,0,0
1168.2711,325,3481550,2451,0,0,0
1168.2806,326,3491550,2450,0,0,0
1168.2905,327,3501549,2448,0,0,0
1168.3004,328,3511550,2451,0,0,0
1168.3110,329,3521549,2449,0,0,0
1168.3206,330,3531550,2451,0,0,0
1168.3305,331,3541550,2448,0,0,0
1168.3404,332,3551550,2454,0,0,0
1168.3505,333,3561549,2450,0,0,0
1168.3617,334,3571550,2448,0,0,0
1168.3704,335,3581550,2449,0,0,0
1168.3805,336,3591550,2449,0,0,0
1168.3916,337,3601549,2449,0,0,0
1168.4005,338,3611550,2449,0,0,0
1168.4105,339,3621549,2451,0,0,0
1168.4206,340,3631550,2450,0,0,0
1168.4304,341,3641549,2449,0,0,0
1168.4408,342,3651550,2450,0,0,0
1168.4512,343,3661550,2449,0,0,0
1168.4603,344,3671550,2450,0,0,0
1168.4706,345,3681549,2449,0,0,0
1168.4804,346,3691550,2448,0,0,0
1168.4906,347,3701550,2448,0,0,0
1168.5014,348,3711549,2449,0,0,0
1168.5108,349,3721550,2450,0,0,0
1168.5205,350,3731549,2448,0,0,0
1168.5313,351,3741550,2451,0,0,0
1168.5404,352,3751550,2451,0,0,0
1168.5504,353,3761549,2455,0,0,0
1168.5601,354,3771550,2457,0,0,0
1168.5707,355,3781549,2449,0,0,0
1168.5806,356,3791550,2451,0,0,0
1168.5911,357,3801550,2448,0,0,0
1168.6005,358,3811549,2448,0,0,0
1168.6106,359,3821550,2448,0,0,0
1168.6208,360,3831550,2448,0,0,0
1168.6312,361,3841549,2448,0,0,0
1168.6405,362,3851550,2448,0,0,0
1168.6508,363,3861550,2448,0,0,0
1168.6606,364,3871550,2448,0,0,0
1168.6710,365,3881549,2449,0,0,0
1168.6805,366,3891550,2449,0,0,0
1168.6904,367,3901550,2452,0,0,0
1168.7026,368,3911549,2449,0,0,0
1168.7105,369,3921550,2448,0,0,0
1168.7217,370,3931550,2448,0,0,0
1168.7306,371,3941550,2452,0,0,0
1168.7407,372,3951549,2448,0,0,0
1168.7590,373,3961550,2448,0,0,0
1168.7659,374,3971549,2448,0,0,0
1168.7784,375,3981550,2448,0,0,0
1168.7811,376,3991549,2447,0,0,0
1168.7904,377,4001550,2448,0,0,0
1168.8073,378,4011549,2448,0,0,0
1168.8171,379,4021550,2448,0,0,0
1168.8273,380,4031549,2448,0,0,0
1168.8323,381,4041550,2446,0,0,0
1168.8404,382,4051549,2448,0,0,0
1168.8505,383,4061550,2449,0,0,0
1168.8612,384,4071550,2443,0,0,0
1168.8706,385,4081549,2447,0,0,0
1168.8804,386,4091550,2448,0,0,0
1168.8906,387,4101549,2447,0,0,0
1168.9011,388,4111550,2448,0,0,0
1168.9103,389,4121549,2447,0,0,0
1168.9208,390,4131550,2448,0,0,0
1168.9304,391,4141549,2449,0,0,0
1168.9402,392,4151550,2447,0,0,0
1168.9505,393,4161549,2448,0,0,0
1168.9608,394,4171550,2448,0,0,0
1168.9698,395,4181549,2448,0,0,0
1168.9809,396,4191550,2447,0,0,0
1168.9901,397,4201549,2447,0,0,0
1169.0007,398,4211550,2448,0,0,0
1169.0102,399,4221550,2447,0,0,0
1169.0206,400,4231549,2445,0,0,0
1169.0302,401,4241550,2447,0,0,0
1169.0421,402,4251550,2445,0,0,0
1169.0514,403,4261549,2448,0,0,0
1169.0604,404,4271550,2445,0,0,0
1169.0707,405,4281549,2447,0,0,0
1169.0807,406,4291550,2445,0,0,0
1169.0918,407,4301550,2442,0,0,0
1169.1006,408,4311550,2447,0,0,0
1169.1103,409,4321549,2446,0,0,0
1169.1214,410,4331550,2442,0,0,0
1169.1308,411,4341550,2445,0,0,0
1169.1446,412,4351550,2445,0,0,0
1169.1521,413,4361549,2445,0,0,0
1169.1612,414,4371550,2446,0,0,0
1169.1784,415,4381550,2446,0,0,0
1169.1875,416,4391550,2441,0,0,0
1169.1916,417,4401550,2439,0,0,0
1169.2116,418,4411550,2445,0,0,0
1169.2172,419,4421549,2444,0,0,0
1169.2220,420,4431550,2443,0,0,0
1169.2354,421,4441549,2442,0,0,0
1169.2402,422,4451550,2442,0,0,0
1169.2545,423,4461549,2439,0,0,0
1169.2607,424,4471550,2447,0,0,0
1169.2705,425,4481549,2455,0,0,0
1169.2805,426,4491550,2447,0,0,0
1169.2905,427,4501550,2443,0,0,0
1169.3004,428,4511550,2446,0,0,0
1169.3104,429,4521550,2437,0,0,0
1169.3204,430,4531550,2439,0,0,0
1169.3305,431,4541550,2438,0,0,0
1169.3409,432,4551549,2437,0,0,0
1169.3505,433,4561550,2439,0,0,0
1169.3602,434,4571550,2436,0,0,0
1169.3706,435,4581549,2438,0,0,0
1169.3808,436,4591550,2438,0,0,0
1169.3913,437,4601550,2435,0,0,0
1169.4000,438,4611549,2439,0,0,0
1169.4102,439,4621550,2439,0,0,0
1169.4202,440,4631550,2437,0,0,0
1169.4355,441,4641549,2441,0,0,0
1169.4404,442,4651550,2435,0,0,0
1169.4504,443,4661549,2442,0,0,0
1169.4606,444,4671550,2443,0,0,0
1169.4705,445,4681550,2437,0,0,0
1169.4805,446,4691550,2441,0,0,0
1169.4905,447,4701550,2437,0,0,0
1169.5004,448,4711550,2435,0,0,0
1169.5112,449,4721550,2438,0,0,0
1169.5211,450,4731549,2443,0,0,0
1169.5305,451,4741550,2438,0,0,0
1169.5406,452,4751550,2441,0,0,0
1169.5516,453,4761550,2439,0,0,0
1169.5605,454,4771550,2441,0,0,0
1169.5704,455,4781549,2442,0,0,0
1169.5805,456,4791550,2439,0,0,0
1169.5943,457,4801550,2441,0,0,0
1169.6004,458,4811550,2441,0,0,0
1169.6107,459,4821550,2442,0,0,0
1169.6206,460,4831550,2436,0,0,0
1169.6305,461,4841549,2438,0,0,0
1169.6407,462,4851550,2439,0,0,0
1169.6507,463,4861550,2436,0,0,0
1169.6603,464,4871550,2441,0,0,0
1169.6706,465,4881550,2442,0,0,0
1169.6808,466,4891549,2438,0,0,0
1169.6904,467,4901550,2439,0,0,0
1169.7015,468,4911550,2438,0,0,0
1169.7202,469,4921549,2441,0,0,0
1169.7239,470,4931550,2442,0,0,0
1169.7342,471,4941550,2439,0,0,0
1169.7458,472,4951549,2442,0,0,0
1169.7505,473,4961550,2441,0,0,0
1169.7604,474,4971549,2437,0,0,0
1169.7705,475,4981550,2443,0,0,0
1169.7805,476,4991549,2443,0,0,0
1169.7909,477,5001550,2437,0,0,0
1169.8016,478,5011550,2438,0,0,0
1169.8109,479,5021549,2437,0,0,0
1169.8208,480,5031550,2433,0,0,0
1169.8375,481,5041549,2441,0,0,0
1169.8417,482,5051550,2437,0,0,0
1169.8527,483,5061549,2439,0,0,0
1169.8625,484,5071550,2437,0,0,0
1169.8726,485,5081550,2437,0,0,0
1169.8897,486,5091550,2436,0,0,0
1169.8970,487,5101550,2434,0,0,0
1169.9015,488,5111549,2433,0,0,0
1169.9176,489,5121550,2437,0,0,0
1169.9206,490,5131549,2435,0,0,0
1169.9305,491,5141550,2438,0,0,0
1169.9406,492,5151550,2436,0,0,0
1169.9505,493,5161550,2437,0,0,0
1169.9613,494,5171550,2437,0,0,0
1169.9822,495,5181550,2444,0,0,0
1169.9860,496,5191550,2445,0,0,0
1169.9915,497,5201549,2434,0,0,0
1170.0021,498,5211550,2441,0,0,0
1170.0125,499,5221549,2439,0,0,0
1170.0239,500,5231550,2434,0,0,0
1170.0375,501,5241550,2432,0,0,0
1170.0407,502,5251550,2430,0,0,0
1170.0510,503,5261550,2431,0,0,0
1170.0608,504,5271550,2432,0,0,0
1170.0705,505,5281550,2431,0,0,0
1170.0806,506,5291549,2435,0,0,0
1170.0906,507,5301550,2432,0,0,0
1170.1013,508,5311550,2434,0,0,0
1170.1114,509,5321550,2433,0,0,0
1170.1207,510,5331550,2434,0,0,0
1170.1307,511,5341549,2437,0,0,0
1170.1405,512,5351550,2434,0,0,0
1170.1506,513,5361550,2434,0,0,0
1170.1604,514,5371549,2432,0,0,0
1170.1704,515,5381550,2432,0,0,0
1170.1806,516,5391550,2433,0,0,0
1170.1909,517,5401549,2430,0,0,0
1170.2018,518,5411550,2433,0,0,0
1170.2105,519,5421550,2431,0,0,0
1170.2209,520,5431549,2432,0,0,0
1170.2312,521,5441550,2436,0,0,0
1170.2461,522,5451550,2433,0,0,0
1170.2520,523,5461549,2433,0,0,0
1170.2623,524,5471550,2432,0,0,0
1170.2772,525,5481550,2433,0,0,0
1170.2821,526,5491550,2434,0,0,0
1170.2980,527,5501549,2435,0,0,0
1170.3082,528,5511550,2433,0,0,0
1170.3113,529,5521550,2430,0,0,0
1170.3220,530,5531550,2432,0,0,0
1170.3307,531,5541550,2432,0,0,0
1170.3404,532,5551549,2432,0,0,0
1170.3509,533,5561550,2431,0,0,0
1170.3621,534,5571549,2433,0,0,0
1170.3708,535,5581550,2432,0,0,0
1170.3808,536,5591549,2431,0,0,0
1170.3905,537,5601550,2431,0,0,0
1170.4020,538,5611550,2431,0,0,0
1170.4142,539,5621550,2429,0,0,0
1170.4260,540,5631549,2425,0,0,0
1170.4308,541,5641550,2424,0,0,0
1170.4457,542,5651550,2425,0,0,0
1170.4522,543,5661549,2426,0,0,0
1170.4610,544,5671550,2427,0,0,0
1170.4800,545,5681549,2426,0,0,0
1170.4852,546,5691550,2419,0,0,0
1170.4943,547,5701549,2421,0,0,0
1170.5007,548,5711550,2422,0,0,0
1170.5105,549,5721550,2422,0,0,0
1170.5204,550,5731549,2427,0,0,0
1170.5311,551,5741550,2431,0,0,0
1170.5402,552,5751550,2421,0,0,0
1170.5522,553,5761550,2421,0,0,0
1170.5605,554,5771550,2421,0,0,0
1170.5704,555,5781549,2420,0,0,0
1170.5807,556,5791550,2425,0,0,0
1170.5917,557,5801550,2417,0,0,0
1170.6005,558,5811550,2419,0,0,0
1170.6103,559,5821550,2419,0,0,0
1170.6206,560,5831549,2422,0,0,0
1170.6305,561,5841550,2422,0,0,0
1170.6407,562,5851550,2418,0,0,0
1170.6507,563,5861549,2422,0,0,0
1170.6606,564,5871550,2421,0,0,0
1170.6705,565,5881550,2428,0,0,0
1170.6813,566,5891549,2433,0,0,0
1170.6914,567,5901550,2426,0,0,0
1170.7045,568,5911550,2422,0,0,0
1170.7140,569,5921550,2419,0,0,0
1170.7220,570,5931550,2416,0,0,0
1170.7321,571,5941549,2421,0,0,0
1170.7418,572,5951550,2416,0,0,0
1170.7588,573,5961550,2419,0,0,0
1170.7658,574,5971550,2417,0,0,0
1170.7723,575,5981550,2418,0,0,0
1170.7848,576,5991550,2417,0,0,0
1170.7904,577,6001549,2416,0,0,0
1170.8007,578,6011550,2418,0,0,0
1170.8108,579,6021550,2419,0,0,0
1170.8216,580,6031549,2417,0,0,0
1170.8304,581,6041550,2417,0,0,0
1170.8405,582,6051549,2422,0,0,0
1170.8510,583,6061550,2418,0,0,0
1170.8615,584,6071550,2416,0,0,0
1170.8711,585,6081550,2416,0,0,0
1170.8805,586,6091550,2415,0,0,0
1170.8904,587,6101550,2417,0,0,0
1170.9018,588,6111550,2421,0,0,0
1170.9122,589,6121550,2426,0,0,0
1170.9318,590,6131550,2418,0,0,0
1170.9392,591,6141549,2423,0,0,0
1170.9456,592,6151550,2419,0,0,0
1170.9519,593,6161550,2420,0,0,0
1170.9697,594,6171550,2422,0,0,0
1170.9838,595,6181550,2425,0,0,0
1170.9863,596,6191550,2422,0,0,0
1170.9935,597,6201550,2419,0,0,0
1171.0076,598,6211549,2422,0,0,0
1171.0149,599,6221550,2422,0,0,0
1171.0216,600,6231550,2421,0,0,0
1171.0351,601,6241550,2419,0,0,0
1171.0411,602,6251549,2421,0,0,0
1171.0505,603,6261550,2419,0,0,0
1171.0609,604,6271550,2425,0,0,0
1171.0705,605,6281549,2423,0,0,0
1171.0810,606,6291550,2426,0,0,0
1171.0907,607,6301550,2420,0,0,0
1171.1010,608,6311550,2423,0,0,0
1171.1107,609,6321550,2425,0,0,0
1171.1221,610,6331549,2423,0,0,0
1171.1304,611,6341550,2422,0,0,0
1171.1403,612,6351550,2423,0,0,0
1171.1533,613,6361550,2426,0,0,0
1171.1604,614,6371549,2423,0,0,0
1171.1705,615,6381550,2419,0,0,0
1171.1823,616,6391550,2422,0,0,0
1171.1907,617,6401549,2422,0,0,0
1171.2006,618,6411550,2423,0,0,0
1171.2106,619,6421550,2423,0,0,0
1171.2205,620,6431550,2422,0,0,0
1171.2305,621,6441550,2419,0,0,0
1171.2404,622,6451550,2422,0,0,0
1171.2506,623,6461549,2419,0,0,0
1171.2603,624,6471550,2423,0,0,0
1171.2705,625,6481550,2419,0,0,0
1171.2808,626,6491550,2420,0,0,0
1171.2906,627,6501550,2422,0,0,0
1171.3014,628,6511549,2419,0,0,0
1171.3108,629,6521550,2419,0,0,0
1171.3205,630,6531550,2419,0,0,0
1171.3305,631,6541550,2422,0,0,0
1171.3409,632,6551550,2419,0,0,0
1171.3509,633,6561549,2419,0,0,0
1171.3675,634,6571550,2421,0,0,0
1171.3781,635,6581550,2418,0,0,0
1171.3887,636,6591549,2421,0,0,0
1171.3942,637,6601550,2432,0,0,0
1171.4004,638,6611550,2426,0,0,0
1171.4204,639,6621550,2421,0,0,0
1171.4229,640,6631550,2426,0,0,0
1171.4370,641,6641549,2419,0,0,0
1171.4431,642,6651550,2417,0,0,0
1171.4504,643,6661549,2417,0,0,0
1171.4603,644,6671549,2418,0,0,0
1171.4701,645,6681550,2418,0,0,0
1171.4806,646,6691550,2416,0,0,0
1171.4904,647,6701549,2418,0,0,0
1171.5008,648,6711550,2419,0,0,0
1171.5110,649,6721550,2419,0,0,0
1171.5208,650,6731549,2417,0,0,0
1171.5318,651,6741550,2420,0,0,0
1171.5417,652,6751550,2421,0,0,0
1171.5514,653,6761550,2418,0,0,0
1171.5697,654,6771550,2418,0,0,0
1171.5722,655,6781550,2419,0,0,0
1171.5919,656,6791550,2421,0,0,0
1171.6010,657,6801550,2418,0,0,0
1171.6037,658,6811549,2422,0,0,0
1171.6117,659,6821550,2418,0,0,0
1171.6267,660,6831550,2421,0,0,0
1171.6306,661,6841549,2419,0,0,0
1171.6406,662,6851550,2419,0,0,0
1171.6506,663,6861550,2417,0,0,0
1171.6601,664,6871550,2420,0,0,0
1171.6706,665,6881549,2419,0,0,0
1171.6805,666,6891550,2422,0,0,0
1171.6903,667,6901549,2421,0,0,0
1171.7009,668,6911550,2417,0,0,0
1171.7110,669,6921550,2420,0,0,0
1171.7204,670,6931550,2419,0,0,0
1171.7300,671,6941550,2423,0,0,0
1171.7407,672,6951550,2422,0,0,0
1171.7504,673,6961549,2421,0,0,0
1171.7610,674,6971550,2419,0,0,0
1171.7705,675,6981550,2423,0,0,0
1171.7812,676,6991550,2418,0,0,0
1171.7906,677,7001550,2424,0,0,0
1171.8009,678,7011549,2421,0,0,0
1171.8154,679,7021550,2420,0,0,0
1171.8286,680,7031549,2418,0,0,0
1171.8399,681,7041550,2419,0,0,0
1171.8444,682,7051550,2423,0,0,0
1171.8547,683,7061550,2423,0,0,0
1171.8643,684,7071550,2419,0,0,0
1171.8705,685,7081549,2421,0,0,0
1171.8804,686,7091550,2425,0,0,0
1171.8908,687,7101550,2423,0,0,0
1171.9008,688,7111550,2419,0,0,0
1171.9105,689,7121550,2426,0,0,0
1171.9205,690,7131550,2427,0,0,0
1171.9305,691,7141549,2422,0,0,0
1171.9407,692,7151550,2427,0,0,0
1171.9516,693,7161550,2425,0,0,0
1171.9611,694,7171550,2425,0,0,0
1171.9768,695,7181550,2423,0,0,0
1171.9821,696,7191550,2427,0,0,0
1171.9941,697,7201549,2429,0,0,0
1172.0040,698,7211550,2430,0,0,0
1172.0116,699,7221550,2427,0,0,0
1172.0262,700,7231549,2427,0,0,0
1172.0338,701,7241550,2422,0,0,0
1172.0408,702,7251550,2423,0,0,0
1172.0515,703,7261549,2423,0,0,0
1172.0603,704,7271550,2423,0,0,0
1172.0704,705,7281550,2417,0,0,0
1172.0806,706,7291550,2424,0,0,0
1172.0903,707,7301550,2425,0,0,0
1172.1004,708,7311550,2426,0,0,0
1172.1105,709,7321549,2429,0,0,0
1172.1205,710,7331550,2425,0,0,0
1172.1303,711,7341550,2439,0,0,0
1172.1405,712,7351550,2426,0,0,0
1172.1507,713,7361550,2418,0,0,0
1172.1617,714,7371549,2427,0,0,0
1172.1706,715,7381550,2413,0,0,0
1172.1804,716,7391550,2425,0,0,0
1172.1906,717,7401549,2423,0,0,0
1172.2010,718,7411550,2423,0,0,0
1172.2104,719,7421549,2418,0,0,0
1172.2206,720,7431550,2426,0,0,0
1172.2306,721,7441549,2425,0,0,0
1172.2405,722,7451550,2426,0,0,0
1172.2505,723,7461550,2421,0,0,0
1172.2605,724,7471550,2427,0,0,0
1172.2704,725,7481549,2429,0,0,0
1172.2805,726,7491550,2423,0,0,0
1172.2907,727,7501550,2425,0,0,0
1172.3007,728,7511550,2422,0,0,0
1172.3100,729,7521550,2426,0,0,0
1172.3203,730,7531550,2419,0,0,0
1172.3306,731,7541550,2427,0,0,0
1172.3462,732,7551550,2425,0,0,0
1172.3508,733,7561549,2423,0,0,0
1172.3612,734,7571550,2423,0,0,0
1172.3807,735,7581549,2423,0,0,0
1172.3831,736,7591550,2427,0,0,0
1172.3987,737,7601550,2425,0,0,0
1172.4019,738,7611550,2419,0,0,0
1172.4137,739,7621549,2426,0,0,0
1172.4302,740,7631550,2427,0,0,0
1172.4419,741,7641549,2429,0,0,0
1172.4489,742,7651550,2426,0,0,0
1172.4560,743,7661550,2429,0,0,0
1172.4619,744,7671550,2429,0,0,0
1172.4777,745,7681550,2426,0,0,0
1172.4898,746,7691550,2426,0,0,0
1172.4950,747,7701550,2429,0,0,0
1172.5074,748,7711550,2427,0,0,0
1172.5220,749,7721550,2427,0,0,0
1172.5274,750,7731550,2427,0,0,0
1172.5315,751,7741550,2429,0,0,0
1172.5405,752,7751550,2426,0,0,0
1172.5505,753,7761549,2426,0,0,0
1172.5607,754,7771550,2426,0,0,0
1172.5704,755,7781549,2427,0,0,0
1172.5830,756,7791550,2427,0,0,0
1172.5908,757,7801549,2425,0,0,0
1172.6008,758,7811550,2428,0,0,0
1172.6103,759,7821549,2426,0,0,0
1172.6209,760,7831550,2432,0,0,0
1172.6304,761,7841550,2426,0,0,0
1172.6404,762,7851550,2427,0,0,0
1172.6505,763,7861550,2427,0,0,0
1172.6602,764,7871550,2427,0,0,0
1172.6712,765,7881549,2429,0,0,0
1172.6802,766,7891550,2428,0,0,0
1172.6904,767,7901550,2423,0,0,0
1172.7003,768,7911550,2426,0,0,0
1172.7104,769,7921549,2429,0,0,0
1172.7206,770,7931550,2421,0,0,0
1172.7306,771,7941550,2427,0,0,0
1172.7412,772,7951550,2430,0,0,0
1172.7507,773,7961550,2429,0,0,0
1172.7604,774,7971550,2426,0,0,0
1172.7706,775,7981550,2425,0,0,0
1172.7840,776,7991550,2427,0,0,0
1172.7913,777,8001550,2423,0,0,0
1172.8022,778,8011550,2423,0,0,0
1172.8135,779,8021550,2427,0,0,0
1172.8257,780,8031549,2429,0,0,0
1172.8305,781,8041550,2428,0,0,0
1172.8404,782,8051550,2429,0,0,0
1172.8506,783,8061550,2426,0,0,0
1172.8661,784,8071550,2431,0,0,0
1172.8730,785,8081550,2439,0,0,0
1172.8913,786,8091550,2427,0,0,0
1172.9020,787,8101550,2432,0,0,0
1172.9082,788,8111550,2427,0,0,0
1172.9124,789,8121550,2426,0,0,0
1172.9252,790,8131550,2424,0,0,0
1172.9381,791,8141550,2425,0,0,0
1172.9418,792,8151549,2423,0,0,0
1172.9557,793,8161550,2421,0,0,0
1172.9640,794,8171550,2426,0,0,0
1172.9724,795,8181550,2419,0,0,0
1172.9851,796,8191550,2426,0,0,0
1172.9921,797,8201550,2427,0,0,0
1173.0023,798,8211550,2425,0,0,0
1173.0114,799,8221549,2423,0,0,0
1173.0315,800,8231550,2418,0,0,0
1173.0333,801,8241550,2423,0,0,0
1173.0413,802,8251550,2423,0,0,0
1173.0503,803,8261549,2417,0,0,0
1173.0602,804,8271549,2422,0,0,0
1173.0707,805,8281550,2419,0,0,0
1173.0804,806,8291549,2426,0,0,0
1173.0905,807,8301550,2425,0,0,0
1173.1006,808,8311550,2419,0,0,0
1173.1106,809,8321549,2423,0,0,0
1173.1206,810,8331550,2426,0,0,0
1173.1309,811,8341549,2421,0,0,0
1173.1406,812,8351550,2423,0,0,0
1173.1525,813,8361550,2421,0,0,0
1173.1605,814,8371550,2419,0,0,0
1173.1734,815,8381549,2425,0,0,0
1173.1820,816,8391550,2426,0,0,0
1173.1919,817,8401550,2426,0,0,0
1173.2026,818,8411549,2425,0,0,0
1173.2157,819,8421550,2423,0,0,0
1173.2294,820,8431550,2422,0,0,0
1173.2379,821,8441550,2426,0,0,0
1173.2419,822,8451549,2425,0,0,0
1173.2504,823,8461550,2421,0,0,0
1173.2609,824,8471550,2426,0,0,0
1173.2703,825,8481550,2423,0,0,0
1173.2804,826,8491550,2425,0,0,0
1173.2907,827,8501550,2425,0,0,0
1173.3004,828,8511549,2426,0,0,0
1173.3105,829,8521550,2421,0,0,0
1173.3205,830,8531550,2426,0,0,0
1173.3308,831,8541549,2426,0,0,0
1173.3457,832,8551550,2421,0,0,0
1173.3504,833,8561550,2426,0,0,0
1173.3676,834,8571549,2425,0,0,0
1173.3755,835,8581550,2423,0,0,0
1173.3885,836,8591550,2427,0,0,0
1173.3918,837,8601549,2421,0,0,0
1173.4014,838,8611550,2425,0,0,0
1173.4126,839,8621550,2423,0,0,0
1173.4203,840,8631550,2420,0,0,0
1173.4304,841,8641550,2423,0,0,0
1173.4404,842,8651550,2426,0,0,0
1173.4509,843,8661549,2420,0,0,0
1173.4604,844,8671550,2425,0,0,0
1173.4704,845,8681549,2425,0,0,0
1173.4808,846,8691550,2419,0,0,0
1173.4909,847,8701550,2420,0,0,0
1173.5005,848,8711550,2418,0,0,0
1173.5105,849,8721550,2418,0,0,0
1173.5212,850,8731550,2428,0,0,0
1173.5310,851,8741549,2425,0,0,0
1173.5404,852,8751550,2423,0,0,0
1173.5516,853,8761549,2423,0,0,0
1173.5603,854,8771550,2426,0,0,0
1173.5703,855,8781549,2432,0,0,0
1173.5806,856,8791550,2432,0,0,0
1173.5905,857,8801549,2426,0,0,0
1173.6014,858,8811550,2429,0,0,0
1173.6152,859,8821549,2426,0,0,0
1173.6210,860,8831550,2422,0,0,0
1173.6344,861,8841549,2423,0,0,0
1173.6408,862,8851550,2429,0,0,0
1173.6530,863,8861549,2421,0,0,0
1173.6636,864,8871550,2425,0,0,0
1173.6712,865,8881549,2423,0,0,0
1173.6806,866,8891550,2427,0,0,0
1173.6909,867,8901549,2427,0,0,0
1173.7010,868,8911550,2425,0,0,0
1173.7108,869,8921549,2429,0,0,0
1173.7207,870,8931550,2429,0,0,0
1173.7363,871,8941549,2423,0,0,0
1173.7428,872,8951550,2423,0,0,0
1173.7508,873,8961550,2423,0,0,0
1173.7625,874,8971550,2427,0,0,0
1173.7704,875,8981550,2423,0,0,0
1173.7805,876,8991550,2425,0,0,0
1173.7905,877,9001550,2426,0,0,0
1173.8004,878,9011550,2425,0,0,0
1173.8108,879,9021549,2431,0,0,0
1173.8211,880,9031550,2426,0,0,0
1173.8307,881,9041550,2429,0,0,0
1173.8407,882,9051550,2431,0,0,0
1173.8500,883,9061550,2432,0,0,0
1173.8614,884,9071550,2430,0,0,0
1173.8705,885,9081549,2430,0,0,0
1173.8820,886,9091550,2432,0,0,0
1173.8954,887,9101549,2433,0,0,0
1173.9024,888,9111550,2432,0,0,0
1173.9108,889,9121550,2434,0,0,0
1173.9239,890,9131550,2432,0,0,0
1173.9323,891,9141549,2431,0,0,0
1173.9473,892,9151550,2433,0,0,0
1173.9571,893,9161550,2433,0,0,0
1173.9618,894,9171550,2433,0,0,0
1173.9797,895,9181550,2434,0,0,0
1173.9869,896,9191550,2432,0,0,0
1173.9914,897,9201550,2432,0,0,0
1174.0101,898,9211550,2433,0,0,0
1174.0166,899,9221550,2435,0,0,0
1174.0221,900,9231550,2433,0,0,0
1174.0308,901,9241550,2431,0,0,0
1174.0406,902,9251550,2430,0,0,0
1174.0504,903,9261549,2433,0,0,0
1174.0617,904,9271550,2432,0,0,0
1174.0706,905,9281549,2433,0,0,0
1174.0805,906,9291550,2432,0,0,0
1174.0904,907,9301550,2431,0,0,0
1174.1004,908,9311550,2437,0,0,0
1174.1106,909,9321550,2431,0,0,0
1174.1205,910,9331550,2431,0,0,0
1174.1305,911,9341549,2429,0,0,0
1174.1405,912,9351550,2431,0,0,0
1174.1505,913,9361550,2429,0,0,0
1174.1602,914,9371550,2432,0,0,0
1174.1704,915,9381550,2429,0,0,0
1174.1806,916,9391550,2430,0,0,0
1174.1907,917,9401549,2430,0,0,0
1174.2013,918,9411550,2428,0,0,0
1174.2105,919,9421549,2430,0,0,0
1174.2226,920,9431550,2428,0,0,0
1174.2312,921,9441549,2430,0,0,0
1174.2404,922,9451550,2432,0,0,0
1174.2506,923,9461550,2439,0,0,0
1174.2611,924,9471550,2430,0,0,0
1174.2764,925,9481549,2429,0,0,0
1174.2875,926,9491550,2430,0,0,0
1174.2920,927,9501549,2426,0,0,0
1174.3066,928,9511550,2421,0,0,0
1174.3180,929,9521549,2423,0,0,0
1174.3251,930,9531550,2429,0,0,0
1174.3313,931,9541550,2427,0,0,0
1174.3471,932,9551550,2423,0,0,0
1174.3590,933,9561549,2422,0,0,0
1174.3624,934,9571550,2423,0,0,0
1174.3778,935,9581550,2426,0,0,0
1174.3841,936,9591549,2429,0,0,0
1174.3917,937,9601550,2422,0,0,0
1174.4083,938,9611549,2427,0,0,0
1174.4191,939,9621550,2422,0,0,0
1174.4265,940,9631550,2426,0,0,0
1174.4326,941,9641550,2423,0,0,0
1174.4469,942,9651550,2419,0,0,0
1174.4511,943,9661550,2427,0,0,0
1174.4602,944,9671549,2425,0,0,0
1174.4706,945,9681550,2423,0,0,0
1174.4805,946,9691550,2427,0,0,0
1174.4921,947,9701550,2426,0,0,0
1174.5007,948,9711550,2426,0,0,0
1174.5105,949,9721550,2433,0,0,0
1174.5203,950,9731550,2429,0,0,0
1174.5304,951,9741549,2430,0,0,0
1174.5406,952,9751550,2430,0,0,0
1174.5505,953,9761550,2429,0,0,0
1174.5603,954,9771550,2431,0,0,0
1174.5708,955,9781549,2429,0,0,0
1174.5808,956,9791550,2431,0,0,0
1174.5910,957,9801549,2427,0,0,0
1174.6014,958,9811550,2429,0,0,0
1174.6119,959,9821549,2429,0,0,0
1174.6223,960,9831550,2428,0,0,0
1174.6411,961,9841549,2429,0,0,0
1174.6439,962,9851550,2425,0,0,0
1174.6580,963,9861549,2431,0,0,0
1174.6667,964,9871550,2430,0,0,0
1174.6764,965,9881550,2431,0,0,0
1174.6822,966,9891550,2430,0,0,0
1174.7003,967,9901550,2428,0,0,0
1174.7111,968,9911550,2430,0,0,0
1174.7170,969,9921550,2429,0,0,0
1174.7221,970,9931550,2431,0,0,0
1174.7370,971,9941549,2430,0,0,0
1174.7490,972,9951550,2429,0,0,0
1174.7546,973,9961550,2425,0,0,0
1174.7665,974,9971550,2430,0,0,0
1174.7764,975,9981549,2429,0,0,0
1174.7834,976,9991550,2430,0,0,0
1174.7928,977,10001549,2429,0,0,0
1174.8102,978,10011550,2429,0,0,0
1174.8153,979,10021549,2431,0,0,0
1174.8223,980,10031550,2427,0,0,0
1174.8357,981,10041549,2431,0,0,0
1174.8436,982,10051550,2429,0,0,0
1174.8511,983,10061549,2427,0,0,0
1174.8630,984,10071550,2430,0,0,0
1174.8750,985,10081550,2431,0,0,0
1174.8893,986,10091550,2427,0,0,0
1174.9000,987,10101550,2431,0,0,0
1174.9084,988,10111550,2442,0,0,0
1174.9169,989,10121550,2431,0,0,0
1174.9246,990,10131550,2431,0,0,0
1174.9352,991,10141549,2429,0,0,0
1174.9405,992,10151550,2425,0,0,0
1174.9505,993,10161549,2430,0,0,0
1174.9606,994,10171549,2428,0,0,0
1174.9710,995,10181550,2431,0,0,0
1174.9811,996,10191550,2428,0,0,0
1174.9905,997,10201550,2428,0,0,0
1175.0006,998,10211550,2423,0,0,0
1175.0139,999,10221550,2430,0,0,0
1175.0207,1000,10231549,2430,0,0,0
1175.0311,1001,10241550,2430,0,0,0
1175.0409,1002,10251550,2429,0,0,0
1175.0509,1003,10261550,2430,0,0,0
1175.0615,1004,10271550,2426,0,0,0
1175.0711,1005,10281550,2427,0,0,0
1175.0824,1006,10291550,2428,0,0,0
1175.1016,1007,10301550,2431,0,0,0
1175.1080,1008,10311550,2430,0,0,0
1175.1166,1009,10321550,2427,0,0,0
1175.1221,1010,10331550,2431,0,0,0
1175.1387,1011,10341549,2431,0,0,0
1175.1511,1012,10351550,2431,0,0,0
1175.1570,1013,10361550,2429,0,0,0
1175.1627,1014,10371550,2427,0,0,0
1175.1761,1015,10381550,2432,0,0,0
1175.1808,1016,10391549,2427,0,0,0
1175.1907,1017,10401550,2430,0,0,0
1175.2015,1018,10411550,2429,0,0,0
1175.2109,1019,10421550,2429,0,0,0
1175.2206,1020,10431550,2422,0,0,0
1175.2399,1021,10441549,2426,0,0,0
1175.2495,1022,10451550,2425,0,0,0
1175.2579,1023,10461550,2427,0,0,0
1175.2608,1024,10471550,2429,0,0,0
1175.2767,1025,10481550,2431,0,0,0
1175.2920,1026,10491550,2430,0,0,0
1175.2960,1027,10501550,2426,0,0,0
1175.3027,1028,10511550,2430,0,0,0
1175.3102,1029,10521549,2429,0,0,0
1175.3207,1030,10531550,2429,0,0,0
1175.3308,1031,10541550,2431,0,0,0
1175.3406,1032,10551550,2426,0,0,0
1175.3506,1033,10561550,2426,0,0,0
1175.3604,1034,10571550,2429,0,0,0
1175.3708,1035,10581550,2426,0,0,0
1175.3808,1036,10591550,2426,0,0,0
1175.3912,1037,10601549,2427,0,0,0
1175.4010,1038,10611550,2431,0,0,0
1175.4190,1039,10621550,2429,0,0,0
1175.4223,1040,10631550,2429,0,0,0
1175.4328,1041,10641549,2425,0,0,0
1175.4492,1042,10651550,2423,0,0,0
1175.4528,1043,10661550,2427,0,0,0
1175.4664,1044,10671550,2426,0,0,0
1175.4708,1045,10681549,2427,0,0,0
1175.4807,1046,10691550,2426,0,0,0
1175.4908,1047,10701550,2429,0,0,0
1175.5021,1048,10711550,2423,0,0,0
1175.5108,1049,10721550,2424,0,0,0
1175.5207,1050,10731550,2431,0,0,0
1175.5328,1051,10741549,2433,0,0,0
1175.5407,1052,10751550,2435,0,0,0
1175.5513,1053,10761549,2428,0,0,0
1175.5606,1054,10771550,2427,0,0,0
1175.5707,1055,10781550,2425,0,0,0
1175.5809,1056,10791550,2419,0,0,0
1175.5906,1057,10801550,2423,0,0,0
1175.6017,1058,10811549,2423,0,0,0
1175.6109,1059,10821550,2422,0,0,0
1175.6208,1060,10831550,2425,0,0,0
1175.6307,1061,10841550,2423,0,0,0
1175.6407,1062,10851550,2427,0,0,0
1175.6508,1063,10861550,2425,0,0,0
1175.6605,1064,10871550,2423,0,0,0
1175.6709,1065,10881549,2423,0,0,0
1175.6808,1066,10891550,2423,0,0,0
1175.6907,1067,10901549,2422,0,0,0
1175.7005,1068,10911550,2425,0,0,0
1175.7108,1069,10921550,2423,0,0,0
1175.7212,1070,10931550,2423,0,0,0
1175.7306,1071,10941550,2422,0,0,0
1175.7414,1072,10951550,2429,0,0,0
1175.7505,1073,10961549,2425,0,0,0
1175.7616,1074,10971550,2425,0,0,0
1175.7712,1075,10981550,2423,0,0,0
1175.7818,1076,10991550,2426,0,0,0
1175.7909,1077,11001549,2423,0,0,0
1175.8011,1078,11011550,2423,0,0,0
1175.8113,1079,11021549,2427,0,0,0
1175.8211,1080,11031550,2426,0,0,0
1175.8310,1081,11041550,2426,0,0,0
1175.8413,1082,11051550,2426,0,0,0
1175.8507,1083,11061550,2425,0,0,0
1175.8608,1084,11071550,2427,0,0,0
1175.8708,1085,11081550,2426,0,0,0
1175.8816,1086,11091550,2427,0,0,0
1175.8912,1087,11101549,2429,0,0,0
1175.9006,1088,11111550,2423,0,0,0
1175.9108,1089,11121550,2426,0,0,0
1175.9210,1090,11131550,2425,0,0,0
1175.9309,1091,11141550,2426,0,0,0
1175.9416,1092,11151550,2426,0,0,0
1175.9509,1093,11161550,2420,0,0,0
1175.9607,1094,11171550,2425,0,0,0
1175.9706,1095,11181550,2427,0,0,0
1175.9827,1096,11191550,2427,0,0,0
1175.9909,1097,11201550,2427,0,0,0
1176.0009,1098,11211550,2429,0,0,0
1176.0117,1099,11221550,2427,0,0,0
1176.0206,1100,11231550,2427,0,0,0
1176.0311,1101,11241549,2423,0,0,0
1176.0412,1102,11251550,2423,0,0,0
1176.0508,1103,11261549,2427,0,0,0
1176.0607,1104,11271550,2426,0,0,0
1176.0707,1105,11281549,2427,0,0,0
1176.0806,1106,11291550,2430,0,0,0
1176.0914,1107,11301549,2431,0,0,0
1176.1008,1108,11311549,2426,0,0,0
1176.1106,1109,11321550,2423,0,0,0
1176.1210,1110,11331549,2426,0,0,0
1176.1303,1111,11341550,2427,0,0,0
1176.1449,1112,11351550,2427,0,0,0
1176.1513,1113,11361549,2422,0,0,0
1176.1629,1114,11371550,2425,0,0,0
1176.1766,1115,11381550,2427,0,0,0
1176.1831,1116,11391550,2429,0,0,0
1176.1949,1117,11401550,2429,0,0,0
1176.2072,1118,11411550,2433,0,0,0
1176.2127,1119,11421550,2435,0,0,0
1176.2288,1120,11431550,2426,0,0,0
1176.2364,1121,11441550,2427,0,0,0
1176.2442,1122,11451550,2423,0,0,0
1176.2514,1123,11461550,2421,0,0,0
1176.2603,1124,11471550,2423,0,0,0
1176.2708,1125,11481550,2426,0,0,0
1176.2816,1126,11491550,2425,0,0,0
1176.2908,1127,11501550,2428,0,0,0
1176.3006,1128,11511550,2426,0,0,0
1176.3106,1129,11521549,2426,0,0,0
1176.3208,1130,11531550,2427,0,0,0
1176.3309,1131,11541549,2426,0,0,0
1176.3409,1132,11551550,2425,0,0,0
1176.3505,1133,11561549,2426,0,0,0
1176.3606,1134,11571550,2426,0,0,0
1176.3707,1135,11581550,2426,0,0,0
1176.3808,1136,11591550,2430,0,0,0
1176.3907,1137,11601550,2423,0,0,0
1176.4007,1138,11611550,2429,0,0,0
1176.4105,1139,11621550,2426,0,0,0
1176.4207,1140,11631550,2425,0,0,0
1176.4307,1141,11641550,2428,0,0,0
1176.4407,1142,11651550,2423,0,0,0
1176.4508,1143,11661550,2429,0,0,0
1176.4607,1144,11671550,2429,0,0,0
1176.4713,1145,11681550,2423,0,0,0
1176.4809,1146,11691550,2427,0,0,0
1176.4920,1147,11701550,2423,0,0,0
1176.5006,1148,11711550,2428,0,0,0
1176.5167,1149,11721550,2427,0,0,0
1176.5226,1150,11731550,2425,0,0,0
1176.5327,1151,11741550,2430,0,0,0
1176.5428,1152,11751550,2423,0,0,0
1176.5523,1153,11761550,2426,0,0,0
1176.5698,1154,11771550,2425,0,0,0
1176.5782,1155,11781549,2428,0,0,0
1176.5827,1156,11791550,2426,0,0,0
1176.5925,1157,11801550,2427,0,0,0
1176.6074,1158,11811550,2431,0,0,0
1176.6140,1159,11821550,2423,0,0,0
1176.6282,1160,11831550,2425,0,0,0
1176.6350,1161,11841550,2427,0,0,0
1176.6457,1162,11851550,2425,0,0,0
1176.6524,1163,11861550,2426,0,0,0
1176.6693,1164,11871550,2423,0,0,0
1176.6777,1165,11881549,2425,0,0,0
1176.6825,1166,11891550,2424,0,0,0
1176.6990,1167,11901549,2423,0,0,0
1176.7012,1168,11911550,2426,0,0,0
1176.7111,1169,11921550,2423,0,0,0
1176.7210,1170,11931550,2422,0,0,0
1176.7330,1171,11941549,2425,0,0,0
1176.7426,1172,11951550,2423,0,0,0
1176.7518,1173,11961550,2423,0,0,0
1176.7615,1174,11971550,2426,0,0,0
1176.7708,1175,11981550,2427,0,0,0
1176.7818,1176,11991550,2427,0,0,0
1176.7915,1177,12001550,2427,0,0,0
1176.8002,1178,12011550,2426,0,0,0
1176.8102,1179,12021550,2426,0,0,0
1176.8208,1180,12031550,2426,0,0,0
1176.8308,1181,12041549,2427,0,0,0
1176.8408,1182,12051550,2423,0,0,0
1176.8505,1183,12061550,2425,0,0,0
1176.8612,1184,12071550,2426,0,0,0
1176.8707,1185,12081549,2423,0,0,0
1176.8837,1186,12091550,2425,0,0,0
1176.8932,1187,12101549,2425,0,0,0
1176.9032,1188,12111550,2435,0,0,0
1176.9158,1189,12121550,2431,0,0,0
1176.9224,1190,12131550,2423,0,0,0
1176.9332,1191,12141550,2426,0,0,0
1176.9423,1192,12151550,2426,0,0,0
1176.9509,1193,12161550,2422,0,0,0
1176.9664,1194,12171550,2425,0,0,0
1176.9748,1195,12181550,2425,0,0,0
1176.9889,1196,12191550,2421,0,0,0
1176.9931,1197,12201550,2426,0,0,0
1177.0045,1198,12211550,2430,0,0,0
1177.0146,1199,12221550,2424,0,0,0
1177.0219,1200,12231550,2425,0,0,0
1177.0325,1201,12241550,2425,0,0,0
1177.0476,1202,12251550,2423,0,0,0
1177.0553,1203,12261550,2428,0,0,0
1177.0618,1204,12271550,2425,0,0,0
1177.0728,1205,12281549,2423,0,0,0
1177.0823,1206,12291550,2423,0,0,0
1177.0912,1207,12301549,2423,0,0,0
1177.1014,1208,12311550,2427,0,0,0
1177.1127,1209,12321550,2422,0,0,0
1177.1212,1210,12331550,2427,0,0,0
1177.1313,1211,12341550,2423,0,0,0
1177.1407,1212,12351549,2421,0,0,0
1177.1520,1213,12361550,2423,0,0,0
1177.1624,1214,12371550,2423,0,0,0
1177.1729,1215,12381550,2420,0,0,0
1177.1808,1216,12391550,2426,0,0,0
1177.1907,1217,12401549,2425,0,0,0
1177.2009,1218,12411550,2427,0,0,0
1177.2107,1219,12421549,2428,0,0,0
1177.2206,1220,12431550,2427,0,0,0
1177.2307,1221,12441550,2427,0,0,0
1177.2404,1222,12451550,2423,0,0,0
1177.2505,1223,12461550,2425,0,0,0
1177.2611,1224,12471550,2425,0,0,0
1177.2722,1225,12481550,2430,0,0,0
1177.2823,1226,12491550,2428,0,0,0
1177.2925,1227,12501550,2429,0,0,0
1177.3016,1228,12511550,2425,0,0,0
1177.3204,1229,12521550,2425,0,0,0
1177.3257,1230,12531550,2429,0,0,0
1177.3309,1231,12541549,2430,0,0,0
1177.3452,1232,12551550,2427,0,0,0
1177.3573,1233,12561549,2427,0,0,0
1177.3616,1234,12571550,2431,0,0,0
1177.3707,1235,12581550,2428,0,0,0
1177.3806,1236,12591550,2423,0,0,0
1177.3908,1237,12601550,2424,0,0,0
1177.4010,1238,12611550,2422,0,0,0
1177.4106,1239,12621550,2418,0,0,0
1177.4206,1240,12631550,2422,0,0,0
1177.4310,1241,12641549,2423,0,0,0
1177.4406,1242,12651550,2426,0,0,0
1177.4509,1243,12661550,2417,0,0,0
1177.4613,1244,12671550,2423,0,0,0
1177.4719,1245,12681550,2434,0,0,0
1177.4807,1246,12691550,2428,0,0,0
1177.4909,1247,12701550,2437,0,0,0
1177.5006,1248,12711550,2421,0,0,0
1177.5117,1249,12721550,2423,0,0,0
1177.5222,1250,12731550,2423,0,0,0
1177.5306,1251,12741550,2419,0,0,0
1177.5407,1252,12751550,2421,0,0,0
1177.5508,1253,12761550,2427,0,0,0
1177.5602,1254,12771550,2419,0,0,0
1177.5702,1255,12781549,2424,0,0,0
1177.5804,1256,12791550,2432,0,0,0
1177.5906,1257,12801550,2421,0,0,0
1177.6007,1258,12811550,2422,0,0,0
1177.6127,1259,12821550,2426,0,0,0
1177.6206,1260,12831550,2420,0,0,0
1177.6306,1261,12841549,2421,0,0,0
1177.6409,1262,12851550,2419,0,0,0
1177.6509,1263,12861550,2421,0,0,0
1177.6618,1264,12871550,2421,0,0,0
1177.6709,1265,12881549,2419,0,0,0
1177.6808,1266,12891550,2411,0,0,0
1177.6977,1267,12901550,2421,0,0,0
1177.7063,1268,12911550,2418,0,0,0
1177.7113,1269,12921550,2421,0,0,0
1177.7310,1270,12931550,2425,0,0,0
1177.7392,1271,12941550,2422,0,0,0
1177.7445,1272,12951550,2425,0,0,0
1177.7574,1273,12961550,2421,0,0,0
1177.7679,1274,12971550,2420,0,0,0
1177.7751,1275,12981550,2420,0,0,0
1177.7812,1276,12991550,2423,0,0,0
1177.7907,1277,13001550,2422,0,0,0
1177.8011,1278,13011550,2421,0,0,0
1177.8129,1279,13021550,2421,0,0,0
1177.8306,1280,13031550,2425,0,0,0
1177.8398,1281,13041549,2421,0,0,0
1177.8481,1282,13051550,2418,0,0,0
1177.8517,1283,13061550,2423,0,0,0
1177.8715,1284,13071550,2425,0,0,0
1177.8820,1285,13081549,2422,0,0,0
1177.8855,1286,13091549,2421,0,0,0
1177.8923,1287,13101550,2421,0,0,0
1177.9100,1288,13111550,2418,0,0,0
1177.9122,1289,13121549,2422,0,0,0
1177.9208,1290,13131550,2416,0,0,0
1177.9308,1291,13141549,2419,0,0,0
1177.9406,1292,13151550,2423,0,0,0
1177.9509,1293,13161550,2421,0,0,0
1177.9613,1294,13171550,2422,0,0,0
1177.9706,1295,13181550,2420,0,0,0
1177.9807,1296,13191550,2419,0,0,0
1177.9908,1297,13201550,2422,0,0,0
1178.0025,1298,13211550,2418,0,0,0
1178.0108,1299,13221550,2419,0,0,0
1178.0220,1300,13231550,2422,0,0,0
1178.0378,1301,13241550,2421,0,0,0
1178.0413,1302,13251550,2422,0,0,0
1178.0583,1303,13261550,2422,0,0,0
1178.0655,1304,13271550,2425,0,0,0
1178.0709,1305,13281550,2421,0,0,0
1178.0861,1306,13291550,2423,0,0,0
1178.0914,1307,13301549,2419,0,0,0
1178.1045,1308,13311550,2419,0,0,0
1178.1105,1309,13321550,2419,0,0,0
1178.1207,1310,13331550,2420,0,0,0
1178.1308,1311,13341550,2421,0,0,0
1178.1414,1312,13351550,2422,0,0,0
1178.1506,1313,13361550,2423,0,0,0
1178.1609,1314,13371550,2419,0,0,0
1178.1709,1315,13381549,2423,0,0,0
1178.1806,1316,13391550,2426,0,0,0
1178.1904,1317,13401550,2422,0,0,0
1178.2015,1318,13411550,2420,0,0,0
1178.2113,1319,13421550,2421,0,0,0
1178.2243,1320,13431550,2421,0,0,0
1178.2346,1321,13441550,2420,0,0,0
1178.2423,1322,13451550,2425,0,0,0
1178.2553,1323,13461549,2419,0,0,0
1178.2602,1324,13471550,2421,0,0,0
1178.2703,1325,13481550,2420,0,0,0
1178.2810,1326,13491550,2418,0,0,0
1178.2908,1327,13501550,2427,0,0,0
1178.3013,1328,13511550,2427,0,0,0
1178.3110,1329,13521550,2417,0,0,0
1178.3220,1330,13531550,2421,0,0,0
1178.3304,1331,13541550,2418,0,0,0
1178.3429,1332,13551550,2416,0,0,0
1178.3506,1333,13561549,2416,0,0,0
1178.3608,1334,13571550,2416,0,0,0
1178.3705,1335,13581550,2416,0,0,0
1178.3805,1336,13591550,2417,0,0,0
1178.3914,1337,13601550,2418,0,0,0
1178.4010,1338,13611550,2416,0,0,0
1178.4108,1339,13621550,2417,0,0,0
1178.4207,1340,13631550,2417,0,0,0
1178.4308,1341,13641550,2417,0,0,0
1178.4407,1342,13651550,2418,0,0,0
1178.4507,1343,13661549,2417,0,0,0
1178.4630,1344,13671549,2416,0,0,0
1178.4706,1345,13681550,2419,0,0,0
1178.4807,1346,13691550,2417,0,0,0
1178.4909,1347,13701550,2420,0,0,0
1178.5007,1348,13711550,2418,0,0,0
1178.5114,1349,13721549,2422,0,0,0
1178.5206,1350,13731550,2419,0,0,0
1178.5309,1351,13741549,2419,0,0,0
1178.5409,1352,13751550,2420,0,0,0
1178.5507,1353,13761549,2420,0,0,0
1178.5607,1354,13771550,2421,0,0,0
1178.5706,1355,13781550,2420,0,0,0
1178.5808,1356,13791550,2419,0,0,0
1178.5919,1357,13801550,2420,0,0,0
1178.6009,1358,13811550,2418,0,0,0
1178.6107,1359,13821550,2423,0,0,0
1178.6205,1360,13831550,2417,0,0,0
1178.6307,1361,13841550,2426,0,0,0
1178.6404,1362,13851550,2420,0,0,0
1178.6507,1363,13861550,2420,0,0,0
1178.6608,1364,13871550,2422,0,0,0
1178.6703,1365,13881550,2422,0,0,0
1178.6820,1366,13891550,2420,0,0,0
1178.6907,1367,13901550,2418,0,0,0
1178.7008,1368,13911550,2420,0,0,0
1178.7124,1369,13921550,2420,0,0,0
1178.7207,1370,13931550,2419,0,0,0
1178.7308,1371,13941550,2421,0,0,0
1178.7428,1372,13951550,2417,0,0,0
1178.7600,1373,13961550,2419,0,0,0
1178.7739,1374,13971550,2418,0,0,0
1178.7783,1375,13981550,2421,0,0,0
1178.7824,1376,13991550,2421,0,0,0
1178.7963,1377,14001550,2418,0,0,0
1178.8065,1378,14011550,2421,0,0,0
1178.8121,1379,14021550,2419,0,0,0
1178.8250,1380,14031550,2423,0,0,0
1178.8307,1381,14041549,2418,0,0,0
1178.8407,1382,14051550,2417,0,0,0
1178.8507,1383,14061549,2421,0,0,0
1178.8605,1384,14071550,2419,0,0,0
1178.8707,1385,14081549,2418,0,0,0
1178.8807,1386,14091550,2419,0,0,0
1178.8907,1387,14101550,2419,0,0,0
1178.9008,1388,14111550,2418,0,0,0
1178.9111,1389,14121550,2420,0,0,0
1178.9211,1390,14131550,2419,0,0,0
1178.9303,1391,14141550,2419,0,0,0
1178.9399,1392,14151550,2417,0,0,0
1178.9511,1393,14161549,2418,0,0,0
1178.9600,1394,14171550,2421,0,0,0
1178.9699,1395,14181550,2416,0,0,0
1178.9801,1396,14191550,2418,0,0,0
1178.9899,1397,14201550,2417,0,0,0
1179.0001,1398,14211550,2416,0,0,0
1179.0114,1399,14221550,2417,0,0,0
1179.0237,1400,14231550,2417,0,0,0
1179.0325,1401,14241549,2421,0,0,0
1179.0402,1402,14251550,2431,0,0,0
1179.0551,1403,14261550,2426,0,0,0
1179.0624,1404,14271550,2418,0,0,0
1179.0703,1405,14281550,2423,0,0,0
1179.0799,1406,14291550,2418,0,0,0
1179.0902,1407,14301550,2417,0,0,0
1179.1006,1408,14311550,2416,0,0,0
1179.1104,1409,14321549,2418,0,0,0
1179.1204,1410,14331550,2417,0,0,0
1179.1310,1411,14341549,2416,0,0,0
1179.1407,1412,14351550,2417,0,0,0
1179.1507,1413,14361549,2416,0,0,0
1179.1634,1414,14371550,2416,0,0,0
1179.1701,1415,14381549,2417,0,0,0
1179.1803,1416,14391550,2418,0,0,0
1179.1947,1417,14401550,2416,0,0,0
1179.2042,1418,14411550,2417,0,0,0
1179.2148,1419,14421550,2419,0,0,0
1179.2229,1420,14431549,2419,0,0,0
1179.2299,1421,14441550,2417,0,0,0
1179.2401,1422,14451550,2418,0,0,0
1179.2507,1423,14461550,2416,0,0,0
1179.2600,1424,14471549,2416,0,0,0
1179.2700,1425,14481550,2418,0,0,0
1179.2803,1426,14491549,2416,0,0,0
1179.2943,1427,14501550,2418,0,0,0
1179.3005,1428,14511550,2416,0,0,0
1179.3132,1429,14521550,2422,0,0,0
1179.3225,1430,14531550,2419,0,0,0
1179.3314,1431,14541550,2418,0,0,0
1179.3469,1432,14551550,2417,0,0,0
1179.3512,1433,14561549,2418,0,0,0
1179.3611,1434,14571550,2417,0,0,0
1179.3735,1435,14581550,2420,0,0,0
1179.3837,1436,14591550,2417,0,0,0
1179.3902,1437,14601550,2418,0,0,0
1179.4000,1438,14611550,2418,0,0,0
1179.4117,1439,14621550,2418,0,0,0
1179.4205,1440,14631550,2416,0,0,0
1179.4300,1441,14641549,2418,0,0,0
1179.4401,1442,14651550,2416,0,0,0
1179.4502,1443,14661550,2417,0,0,0
1179.4625,1444,14671550,2418,0,0,0
1179.4726,1445,14681550,2418,0,0,0
1179.4800,1446,14691550,2418,0,0,0
1179.4936,1447,14701550,2417,0,0,0
1179.5022,1448,14711550,2418,0,0,0
1179.5102,1449,14721550,2421,0,0,0
1179.5219,1450,14731550,2416,0,0,0
1179.5303,1451,14741550,2417,0,0,0
1179.5400,1452,14751550,2417,0,0,0
1179.5505,1453,14761549,2416,0,0,0
1179.5599,1454,14771550,2418,0,0,0
1179.5701,1455,14781549,2416,0,0,0
1179.5799,1456,14791550,2417,0,0,0
1179.5902,1457,14801549,2420,0,0,0
1179.6000,1458,14811550,2417,0,0,0
1179.6101,1459,14821549,2417,0,0,0
1179.6204,1460,14831550,2417,0,0,0
1179.6344,1461,14841549,2417,0,0,0
1179.6443,1462,14851550,2417,0,0,0
1179.6507,1463,14861550,2416,0,0,0
1179.6674,1464,14871550,2419,0,0,0
1179.6701,1465,14881550,2418,0,0,0
1179.6834,1466,14891550,2417,0,0,0
1179.6899,1467,14901550,2416,0,0,0
1179.7007,1468,14911550,2417,0,0,0
1179.7098,1469,14921549,2418,0,0,0
1179.7206,1470,14931550,2417,0,0,0
1179.7303,1471,14941550,2417,0,0,0
1179.7451,1472,14951550,2416,0,0,0
1179.7506,1473,14961550,2417,0,0,0
1179.7630,1474,14971550,2418,0,0,0
1179.7759,1475,14981550,2416,0,0,0
1179.7824,1476,14991550,2417,0,0,0
1179.7937,1477,15001549,2416,0,0,0
1179.8026,1478,15011550,2416,0,0,0
1179.8114,1479,15021549,2432,0,0,0
1179.8216,1480,15031550,2421,0,0,0
1179.8299,1481,15041550,2416,0,0,0
1179.8399,1482,15051550,2420,0,0,0
1179.8500,1483,15061550,2415,0,0,0
1179.8603,1484,15071550,2416,0,0,0
1179.8703,1485,15081550,2416,0,0,0
1179.8805,1486,15091550,2416,0,0,0
1179.8905,1487,15101549,2416,0,0,0
1179.9031,1488,15111550,2416,0,0,0
1179.9134,1489,15121549,2416,0,0,0
1179.9232,1490,15131550,2416,0,0,0
1179.9340,1491,15141550,2416,0,0,0
1179.9428,1492,15151550,2416,0,0,0
1179.9553,1493,15161550,2419,0,0,0
1179.9632,1494,15171550,2414,0,0,0
1179.9700,1495,15181549,2417,0,0,0
1179.9799,1496,15191550,2416,0,0,0
1179.9899,1497,15201549,2416,0,0,0
1180.0002,1498,15211549,2416,0,0,0
1180.0098,1499,15221550,2416,0,0,0
1180.0205,1500,15231550,2416,0,0,0
1180.0303,1501,15241550,2416,0,0,0
1180.0466,1502,15251550,2416,0,0,0
1180.0512,1503,15261549,2416,0,0,0
1180.0606,1504,15271550,2416,0,0,0
1180.0702,1505,15281549,2417,0,0,0
1180.0843,1506,15291550,2418,0,0,0
1180.0933,1507,15301550,2417,0,0,0
1180.1017,1508,15311550,2416,0,0,0
1180.1100,1509,15321550,2417,0,0,0
1180.1246,1510,15331550,2416,0,0,0
1180.1299,1511,15341550,2415,0,0,0
1180.1404,1512,15351550,2416,0,0,0
1180.1499,1513,15361550,2413,0,0,0
1180.1604,1514,15371550,2416,0,0,0
1180.1708,1515,15381549,2418,0,0,0
1180.1805,1516,15391550,2416,0,0,0
1180.1948,1517,15401550,2417,0,0,0
1180.2005,1518,15411550,2416,0,0,0
1180.2103,1519,15421549,2416,0,0,0
1180.2203,1520,15431549,2416,0,0,0
1180.2301,1521,15441550,2418,0,0,0
1180.2425,1522,15451550,2416,0,0,0
1180.2535,1523,15461549,2416,0,0,0
1180.2627,1524,15471550,2416,0,0,0
1180.2718,1525,15481550,2416,0,0,0
1180.2800,1526,15491550,2416,0,0,0
1180.2900,1527,15501550,2413,0,0,0
1180.3013,1528,15511550,2416,0,0,0
1180.3110,1529,15521550,2416,0,0,0
1180.3203,1530,15531550,2415,0,0,0
1180.3309,1531,15541550,2414,0,0,0
1180.3461,1532,15551550,2416,0,0,0
1180.3502,1533,15561549,2416,0,0,0
1180.3678,1534,15571550,2416,0,0,0
1180.3702,1535,15581549,2416,0,0,0
1180.3829,1536,15591550,2416,0,0,0
1180.3957,1537,15601550,2418,0,0,0
1180.4047,1538,15611550,2416,0,0,0
1180.4148,1539,15621549,2418,0,0,0
1180.4212,1540,15631549,2416,0,0,0
1180.4315,1541,15641550,2416,0,0,0
1180.4399,1542,15651550,2416,0,0,0
1180.4503,1543,15661549,2416,0,0,0
1180.4610,1544,15671550,2416,0,0,0
1180.4711,1545,15681550,2416,0,0,0
1180.4801,1546,15691550,2420,0,0,0
1180.4969,1547,15701550,2417,0,0,0
1180.5009,1548,15711550,2416,0,0,0
1180.5129,1549,15721550,2416,0,0,0
1180.5210,1550,15731550,2419,0,0,0
1180.5307,1551,15741549,2419,0,0,0
1180.5428,1552,15751550,2417,0,0,0
1180.5543,1553,15761550,2416,0,0,0
1180.5645,1554,15771550,2416,0,0,0
1180.5737,1555,15781549,2416,0,0,0
1180.5799,1556,15791550,2432,0,0,0
1180.5902,1557,15801550,2419,0,0,0
1180.6001,1558,15811550,2416,0,0,0
1180.6098,1559,15821550,2417,0,0,0
1180.6203,1560,15831550,2416,0,0,0
1180.6303,1561,15841550,2415,0,0,0
1180.6408,1562,15851550,2416,0,0,0
1180.6519,1563,15861549,2415,0,0,0
1180.6620,1564,15871550,2418,0,0,0
1180.6733,1565,15881550,2417,0,0,0
1180.6805,1566,15891550,2416,0,0,0
1180.6938,1567,15901549,2416,0,0,0
1180.7031,1568,15911550,2416,0,0,0
1180.7121,1569,15921550,2416,0,0,0
1180.7200,1570,15931550,2416,0,0,0
1180.7305,1571,15941550,2415,0,0,0
1180.7405,1572,15951550,2416,0,0,0
1180.7500,1573,15961550,2416,0,0,0
1180.7602,1574,15971550,2416,0,0,0
1180.7707,1575,15981550,2416,0,0,0
1180.7873,1576,15991550,2416,0,0,0
1180.7912,1577,16001549,2416,0,0,0
1180.8044,1578,16011550,2416,0,0,0
1180.8144,1579,16021549,2416,0,0,0
1180.8229,1580,16031550,2416,0,0,0
1180.8301,1581,16041550,2416,0,0,0
1180.8432,1582,16051550,2419,0,0,0
1180.8528,1583,16061550,2415,0,0,0
1180.8619,1584,16071550,2417,0,0,0
1180.8699,1585,16081550,2418,0,0,0
1180.8801,1586,16091550,2416,0,0,0
1180.8902,1587,16101550,2417,0,0,0
1180.9005,1588,16111550,2416,0,0,0
1180.9104,1589,16121550,2417,0,0,0
1180.9209,1590,16131550,2416,0,0,0
1180.9302,1591,16141549,2416,0,0,0
1180.9402,1592,16151550,2416,0,0,0
1180.9509,1593,16161549,2416,0,0,0
1180.9642,1594,16171550,2417,0,0,0
1180.9736,1595,16181549,2416,0,0,0
1180.9817,1596,16191550,2417,0,0,0
1180.9902,1597,16201550,2418,0,0,0
1181.0077,1598,16211550,2416,0,0,0
1181.0102,1599,16221550,2417,0,0,0
1181.0199,1600,16231550,2417,0,0,0
1181.0301,1601,16241549,2416,0,0,0
1181.0405,1602,16251550,2416,0,0,0
1181.0505,1603,16261549,2416,0,0,0
1181.0608,1604,16271550,2416,0,0,0
1181.0705,1605,16281549,2417,0,0,0
1181.0804,1606,16291550,2416,0,0,0
1181.0918,1607,16301550,2416,0,0,0
1181.1027,1608,16311550,2417,0,0,0
1181.1145,1609,16321549,2416,0,0,0
1181.1237,1610,16331550,2416,0,0,0
1181.1315,1611,16341549,2416,0,0,0
1181.1454,1612,16351550,2416,0,0,0
1181.1536,1613,16361549,2416,0,0,0
1181.1640,1614,16371550,2416,0,0,0
1181.1698,1615,16381549,2416,0,0,0
1181.1805,1616,16391550,2416,0,0,0
1181.1905,1617,16401550,2417,0,0,0
1181.2005,1618,16411550,2418,0,0,0
1181.2104,1619,16421550,2416,0,0,0
1181.2205,1620,16431550,2416,0,0,0
1181.2322,1621,16441550,2416,0,0,0
1181.2448,1622,16451550,2416,0,0,0
1181.2539,1623,16461549,2415,0,0,0
1181.2660,1624,16471550,2416,0,0,0
1181.2733,1625,16481549,2417,0,0,0
1181.2825,1626,16491550,2418,0,0,0
1181.2900,1627,16501550,2416,0,0,0
1181.3028,1628,16511550,2415,0,0,0
1181.3128,1629,16521550,2417,0,0,0
1181.3200,1630,16531550,2416,0,0,0
1181.3299,1631,16541550,2429,0,0,0
1181.3401,1632,16551550,2419,0,0,0
1181.3500,1633,16561550,2416,0,0,0
1181.3603,1634,16571550,2420,0,0,0
1181.3704,1635,16581549,2414,0,0,0
1181.3821,1636,16591549,2417,0,0,0
1181.3972,1637,16601550,2416,0,0,0
1181.4067,1638,16611550,2415,0,0,0
1181.4127,1639,16621549,2416,0,0,0
1181.4227,1640,16631550,2416,0,0,0
1181.4302,1641,16641549,2419,0,0,0
1181.4434,1642,16651550,2417,0,0,0
1181.4518,1643,16661550,2416,0,0,0
1181.4606,1644,16671550,2416,0,0,0
1181.4699,1645,16681549,2416,0,0,0
1181.4803,1646,16691550,2417,0,0,0
1181.4906,1647,16701550,2416,0,0,0
1181.5011,1648,16711550,2416,0,0,0
1181.5104,1649,16721550,2417,0,0,0
1181.5203,1650,16731549,2416,0,0,0
1181.5301,1651,16741550,2418,0,0,0
1181.5405,1652,16751550,2416,0,0,0
1181.5507,1653,16761550,2416,0,0,0
1181.5613,1654,16771550,2418,0,0,0
1181.5703,1655,16781550,2416,0,0,0
1181.5865,1656,16791550,2417,0,0,0
1181.5958,1657,16801550,2418,0,0,0
1181.6077,1658,16811550,2416,0,0,0
1181.6106,1659,16821550,2417,0,0,0
1181.6241,1660,16831550,2416,0,0,0
1181.6299,1661,16841550,2417,0,0,0
1181.6399,1662,16851550,2416,0,0,0
1181.6499,1663,16861550,2418,0,0,0
1181.6602,1664,16871550,2417,0,0,0
1181.6708,1665,16881550,2417,0,0,0
1181.6803,1666,16891550,2416,0,0,0
1181.6962,1667,16901550,2416,0,0,0
1181.7004,1668,16911550,2417,0,0,0
1181.7167,1669,16921550,2416,0,0,0
1181.7217,1670,16931550,2419,0,0,0
1181.7342,1671,16941550,2416,0,0,0
1181.7443,1672,16951550,2417,0,0,0
1181.7508,1673,16961549,2417,0,0,0
1181.7616,1674,16971550,2418,0,0,0
1181.7724,1675,16981550,2417,0,0,0
1181.7804,1676,16991550,2420,0,0,0
1181.7899,1677,17001549,2417,0,0,0
1181.8002,1678,17011550,2417,0,0,0
1181.8100,1679,17021550,2417,0,0,0
1181.8206,1680,17031550,2418,0,0,0
1181.8303,1681,17041550,2416,0,0,0
1181.8483,1682,17051550,2416,0,0,0
1181.8517,1683,17061549,2417,0,0,0
1181.8638,1684,17071550,2416,0,0,0
1181.8726,1685,17081550,2416,0,0,0
1181.8844,1686,17091550,2416,0,0,0
1181.8927,1687,17101550,2416,0,0,0
1181.9003,1688,17111550,2417,0,0,0
1181.9133,1689,17121550,2418,0,0,0
1181.9248,1690,17131550,2416,0,0,0
1181.9322,1691,17141550,2416,0,0,0
1181.9399,1692,17151550,2417,0,0,0
1181.9500,1693,17161549,2417,0,0,0
1181.9600,1694,17171550,2417,0,0,0
1181.9704,1695,17181550,2416,0,0,0
1181.9807,1696,17191550,2418,0,0,0
1181.9906,1697,17201549,2416,0,0,0
1182.0006,1698,17211550,2416,0,0,0
1182.0145,1699,17221550,2416,0,0,0
1182.0244,1700,17231550,2417,0,0,0
1182.0341,1701,17241549,2416,0,0,0
1182.0422,1702,17251549,2418,0,0,0
1182.0537,1703,17261550,2418,0,0,0
1182.0650,1704,17271550,2418,0,0,0
1182.0730,1705,17281550,2416,0,0,0
1182.0821,1706,17291550,2416,0,0,0
1182.0900,1707,17301550,2417,0,0,0
1182.0998,1708,17311550,2431,0,0,0
1182.1101,1709,17321550,2422,0,0,0
1182.1207,1710,17331550,2416,0,0,0
1182.1301,1711,17341549,2418,0,0,0
1182.1405,1712,17351550,2416,0,0,0
1182.1508,1713,17361550,2419,0,0,0
1182.1646,1714,17371550,2416,0,0,0
1182.1719,1715,17381550,2416,0,0,0
1182.1813,1716,17391550,2416,0,0,0
1182.1931,1717,17401550,2416,0,0,0
1182.2039,1718,17411550,2416,0,0,0
1182.2144,1719,17421550,2416,0,0,0
1182.2202,1720,17431550,2419,0,0,0
1182.2300,1721,17441550,2416,0,0,0
1182.2404,1722,17451550,2416,0,0,0
1182.2504,1723,17461549,2418,0,0,0
1182.2605,1724,17471550,2417,0,0,0
1182.2703,1725,17481550,2416,0,0,0
1182.2805,1726,17491550,2417,0,0,0
1182.2905,1727,17501550,2418,0,0,0
1182.3004,1728,17511550,2421,0,0,0
1182.3109,1729,17521549,2417,0,0,0
1182.3217,1730,17531550,2418,0,0,0
1182.3352,1731,17541550,2417,0,0,0
1182.3409,1732,17551550,2416,0,0,0
1182.3531,1733,17561549,2419,0,0,0
1182.3604,1734,17571550,2421,0,0,0
1182.3699,1735,17581550,2421,0,0,0
1182.3828,1736,17591550,2416,0,0,0
1182.3900,1737,17601550,2416,0,0,0
1182.3999,1738,17611550,2416,0,0,0
1182.4104,1739,17621549,2421,0,0,0
1182.4207,1740,17631550,2416,0,0,0
1182.4303,1741,17641549,2421,0,0,0
1182.4401,1742,17651549,2422,0,0,0
1182.4528,1743,17661550,2416,0,0,0
1182.4622,1744,17671550,2419,0,0,0
1182.4702,1745,17681550,2420,0,0,0
1182.4857,1746,17691550,2416,0,0,0
1182.4942,1747,17701550,2416,0,0,0
1182.5013,1748,17711550,2416,0,0,0
1182.5105,1749,17721549,2416,0,0,0
1182.5227,1750,17731550,2416,0,0,0
1182.5299,1751,17741549,2415,0,0,0
1182.5400,1752,17751549,2414,0,0,0
1182.5504,1753,17761550,2418,0,0,0
1182.5604,1754,17771550,2419,0,0,0
1182.5702,1755,17781549,2416,0,0,0
1182.5807,1756,17791549,2418,0,0,0
1182.5901,1757,17801550,2417,0,0,0
1182.6045,1758,17811549,2417,0,0,0
1182.6129,1759,17821550,2417,0,0,0
1182.6212,1760,17831549,2416,0,0,0
1182.6342,1761,17841550,2421,0,0,0
1182.6416,1762,17851550,2418,0,0,0
1182.6536,1763,17861549,2417,0,0,0
1182.6645,1764,17871549,2420,0,0,0
1182.6698,1765,17881550,2416,0,0,0
1182.6799,1766,17891550,2418,0,0,0
1182.6902,1767,17901550,2416,0,0,0
1182.7006,1768,17911550,2422,0,0,0
1182.7102,1769,17921550,2418,0,0,0
1182.7209,1770,17931550,2417,0,0,0
1182.7309,1771,17941550,2416,0,0,0
1182.7419,1772,17951550,2417,0,0,0
1182.7534,1773,17961550,2416,0,0,0
1182.7629,1774,17971550,2417,0,0,0
1182.7711,1775,17981549,2416,0,0,0
1182.7810,1776,17991549,2419,0,0,0
1182.7930,1777,18001550,2416,0,0,0
1182.8047,1778,18011550,2420,0,0,0
1182.8133,1779,18021549,2417,0,0,0
1182.8199,1780,18031550,2416,0,0,0
1182.8299,1781,18041549,2429,0,0,0
1182.8399,1782,18051550,2417,0,0,0
1182.8502,1783,18061549,2418,0,0,0
1182.8604,1784,18071550,2417,0,0,0
1182.8702,1785,18081550,2415,0,0,0
1182.8801,1786,18091550,2417,0,0,0
1182.8913,1787,18101550,2416,0,0,0
1182.9008,1788,18111550,2432,0,0,0
1182.9155,1789,18121550,2423,0,0,0
1182.9236,1790,18131550,2416,0,0,0
1182.9353,1791,18141550,2416,0,0,0
1182.9451,1792,18151550,2416,0,0,0
1182.9535,1793,18161550,2417,0,0,0
1182.9643,1794,18171550,2416,0,0,0
1182.9707,1795,18181550,2419,0,0,0
1182.9799,1796,18191550,2416,0,0,0
1182.9903,1797,18201550,2417,0,0,0
1183.0000,1798,18211550,2416,0,0,0
1183.0102,1799,18221550,2416,0,0,0
1183.0208,1800,18231550,2417,0,0,0
1183.0306,1801,18241550,2414,0,0,0
1183.0403,1802,18251550,2416,0,0,0
1183.0503,1803,18261550,2417,0,0,0
1183.0627,1804,18271550,2417,0,0,0
1183.0704,1805,18281550,2414,0,0,0
1183.0844,1806,18291550,2419,0,0,0
1183.0917,1807,18301549,2416,0,0,0
1183.1015,1808,18311550,2417,0,0,0
1183.1108,1809,18321550,2417,0,0,0
1183.1199,1810,18331550,2416,0,0,0
1183.1302,1811,18341550,2416,0,0,0
1183.1399,1812,18351550,2405,0,0,0
1183.1504,1813,18361550,2417,0,0,0
1183.1603,1814,18371550,2416,0,0,0
1183.1705,1815,18381550,2417,0,0,0
1183.1806,1816,18391550,2430,0,0,0
1183.1907,1817,18401550,2419,0,0,0
1183.2001,1818,18411550,2420,0,0,0
1183.2108,1819,18421549,2417,0,0,0
1183.2211,1820,18431550,2419,0,0,0
1183.2306,1821,18441550,2419,0,0,0
1183.2405,1822,18451550,2421,0,0,0
1183.2521,1823,18461549,2417,0,0,0
1183.2601,1824,18471550,2418,0,0,0
1183.2703,1825,18481550,2416,0,0,0
1183.2809,1826,18491550,2418,0,0,0
1183.2909,1827,18501550,2421,0,0,0
1183.3011,1828,18511550,2418,0,0,0
1183.3106,1829,18521550,2421,0,0,0
1183.3215,1830,18531550,2416,0,0,0
1183.3303,1831,18541550,2416,0,0,0
1183.3405,1832,18551550,2416,0,0,0
1183.3505,1833,18561550,2416,0,0,0
1183.3602,1834,18571550,2413,0,0,0
1183.3701,1835,18581549,2419,0,0,0
1183.3802,1836,18591550,2419,0,0,0
1183.3949,1837,18601549,2417,0,0,0
1183.4020,1838,18611550,2417,0,0,0
1183.4124,1839,18621550,2420,0,0,0
1183.4229,1840,18631550,2418,0,0,0
1183.4315,1841,18641550,2417,0,0,0
1183.4415,1842,18651550,2421,0,0,0
1183.4499,1843,18661549,2420,0,0,0
1183.4600,1844,18671549,2417,0,0,0
1183.4706,1845,18681550,2416,0,0,0
1183.4871,1846,18691550,2419,0,0,0
1183.4939,1847,18701550,2419,0,0,0
1183.5041,1848,18711550,2420,0,0,0
1183.5101,1849,18721550,2418,0,0,0
1183.5235,1850,18731550,2419,0,0,0
1183.5311,1851,18741550,2419,0,0,0
1183.5407,1852,18751550,2419,0,0,0
1183.5499,1853,18761550,2422,0,0,0
1183.5599,1854,18771550,2421,0,0,0
1183.5699,1855,18781549,2419,0,0,0
1183.5800,1856,18791550,2423,0,0,0
1183.5900,1857,18801550,2420,0,0,0
1183.6003,1858,18811550,2418,0,0,0
1183.6100,1859,18821550,2422,0,0,0
1183.6204,1860,18831550,2416,0,0,0
1183.6301,1861,18841550,2416,0,0,0
1183.6401,1862,18851550,2417,0,0,0
1183.6565,1863,18861550,2417,0,0,0
1183.6639,1864,18871550,2416,0,0,0
1183.6740,1865,18881550,2417,0,0,0
1183.6855,1866,18891550,2423,0,0,0
1183.6904,1867,18901550,2423,0,0,0
1183.7015,1868,18911550,2428,0,0,0
1183.7109,1869,18921550,2419,0,0,0
1183.7199,1870,18931550,2419,0,0,0
1183.7298,1871,18941550,2421,0,0,0
1183.7400,1872,18951550,2418,0,0,0
1183.7499,1873,18961550,2417,0,0,0
1183.7611,1874,18971550,2416,0,0,0
1183.7702,1875,18981550,2416,0,0,0
1183.7810,1876,18991550,2419,0,0,0
1183.7937,1877,19001550,2419,0,0,0
1183.8001,1878,19011550,2418,0,0,0
1183.8166,1879,19021550,2423,0,0,0
1183.8249,1880,19031550,2421,0,0,0
1183.8366,1881,19041550,2422,0,0,0
1183.8463,1882,19051550,2423,0,0,0
1183.8544,1883,19061550,2423,0,0,0
1183.8599,1884,19071550,2428,0,0,0
1183.8700,1885,19081550,2423,0,0,0
1183.8801,1886,19091550,2423,0,0,0
1183.8903,1887,19101549,2421,0,0,0
1183.8999,1888,19111549,2421,0,0,0
1183.9101,1889,19121550,2421,0,0,0
1183.9200,1890,19131550,2420,0,0,0
1183.9299,1891,19141550,2420,0,0,0
1183.9411,1892,19151550,2419,0,0,0
1183.9533,1893,19161550,2421,0,0,0
1183.9602,1894,19171550,2419,0,0,0
1183.9709,1895,19181550,2419,0,0,0
1183.9819,1896,19191550,2419,0,0,0
1183.9901,1897,19201550,2419,0,0,0
1183.9999,1898,19211550,2421,0,0,0
1184.0100,1899,19221550,2422,0,0,0
1184.0199,1900,19231550,2416,0,0,0
1184.0299,1901,19241549,2419,0,0,0
1184.0398,1902,19251550,2418,0,0,0
1184.0499,1903,19261550,2421,0,0,0
1184.0606,1904,19271550,2419,0,0,0
1184.0699,1905,19281550,2422,0,0,0
1184.0823,1906,19291550,2420,0,0,0
1184.0936,1907,19301550,2417,0,0,0
1184.1012,1908,19311550,2419,0,0,0
1184.1100,1909,19321550,2420,0,0,0
1184.1215,1910,19331550,2419,0,0,0
1184.1319,1911,19341550,2418,0,0,0
1184.1447,1912,19351550,2419,0,0,0
1184.1537,1913,19361549,2421,0,0,0
1184.1603,1914,19371550,2420,0,0,0
1184.1701,1915,19381549,2421,0,0,0
1184.1802,1916,19391550,2418,0,0,0
1184.1899,1917,19401550,2421,0,0,0
1184.1999,1918,19411550,2418,0,0,0
1184.2099,1919,19421550,2419,0,0,0
1184.2199,1920,19431550,2421,0,0,0
1184.2323,1921,19441549,2419,0,0,0
1184.2410,1922,19451550,2421,0,0,0
1184.2546,1923,19461549,2423,0,0,0
1184.2631,1924,19471550,2418,0,0,0
1184.2713,1925,19481550,2421,0,0,0
1184.2812,1926,19491550,2422,0,0,0
1184.2906,1927,19501550,2423,0,0,0
1184.3010,1928,19511550,2420,0,0,0
1184.3098,1929,19521550,2419,0,0,0
1184.3200,1930,19531550,2423,0,0,0
1184.3299,1931,19541550,2422,0,0,0
1184.3400,1932,19551550,2421,0,0,0
1184.3500,1933,19561549,2421,0,0,0
1184.3603,1934,19571550,2423,0,0,0
1184.3731,1935,19581550,2418,0,0,0
1184.3807,1936,19591550,2421,0,0,0
1184.3943,1937,19601549,2419,0,0,0
1184.4050,1938,19611550,2423,0,0,0
1184.4136,1939,19621550,2420,0,0,0
1184.4242,1940,19631550,2421,0,0,0
1184.4313,1941,19641549,2421,0,0,0
1184.4401,1942,19651550,2416,0,0,0
1184.4536,1943,19661550,2423,0,0,0
1184.4602,1944,19671549,2431,0,0,0
1184.4699,1945,19681550,2421,0,0,0
1184.4798,1946,19691550,2425,0,0,0
1184.4899,1947,19701549,2425,0,0,0
1184.5006,1948,19711550,2421,0,0,0
1184.5100,1949,19721549,2419,0,0,0
1184.5205,1950,19731550,2422,0,0,0
1184.5346,1951,19741549,2418,0,0,0
1184.5404,1952,19751550,2423,0,0,0
1184.5542,1953,19761549,2419,0,0,0
1184.5600,1954,19771550,2421,0,0,0
1184.5702,1955,19781550,2421,0,0,0
1184.5801,1956,19791550,2416,0,0,0
1184.5937,1957,19801550,2422,0,0,0
1184.6042,1958,19811550,2420,0,0,0
1184.6144,1959,19821549,2422,0,0,0
1184.6220,1960,19831550,2418,0,0,0
1184.6299,1961,19841550,2422,0,0,0
1184.6405,1962,19851550,2422,0,0,0
1184.6504,1963,19861549,2421,0,0,0
1184.6605,1964,19871550,2421,0,0,0
1184.6701,1965,19881549,2419,0,0,0
1184.6803,1966,19891550,2419,0,0,0
1184.6917,1967,19901549,2419,0,0,0
1184.7004,1968,19911550,2422,0,0,0
1184.7157,1969,19921550,2421,0,0,0
1184.7238,1970,19931550,2419,0,0,0
1184.7334,1971,19941549,2420,0,0,0
1184.7441,1972,19951549,2419,0,0,0
1184.7513,1973,19961550,2420,0,0,0
1184.7623,1974,19971550,2422,0,0,0
1184.7751,1975,19981550,2422,0,0,0
1184.7834,1976,19991550,2421,0,0,0
1184.7899,1977,20001550,2421,0,0,0
1184.8002,1978,20011550,2420,0,0,0
1184.8101,1979,20021550,2419,0,0,0
1184.8200,1980,20031550,2420,0,0,0
1184.8300,1981,20041549,2423,0,0,0
1184.8400,1982,20051550,2417,0,0,0
1184.8500,1983,20061549,2420,0,0,0
1184.8607,1984,20071550,2417,0,0,0
1184.8701,1985,20081550,2419,0,0,0
1184.8805,1986,20091550,2422,0,0,0
1184.8903,1987,20101550,2419,0,0,0
1184.9007,1988,20111550,2416,0,0,0
1184.9103,1989,20121550,2416,0,0,0
1184.9204,1990,20131550,2418,0,0,0
1184.9304,1991,20141550,2419,0,0,0
1184.9406,1992,20151550,2417,0,0,0
1184.9502,1993,20161550,2416,0,0,0
1184.9603,1994,20171550,2419,0,0,0
1184.9706,1995,20181550,2418,0,0,0
1184.9803,1996,20191550,2416,0,0,0
1184.9908,1997,20201550,2416,0,0,0
1185.0003,1998,20211550,2417,0,0,0
1185.0101,1999,20221550,2417,0,0,0
1185.0207,2000,20231550,2414,0,0,0
1185.0303,2001,20241549,2417,0,0,0
1185.0408,2002,20251550,2416,0,0,0
1185.0506,2003,20261550,2417,0,0,0
1185.0615,2004,20271550,2418,0,0,0
1185.0703,2005,20281549,2418,0,0,0
1185.0800,2006,20291549,2416,0,0,0
1185.0901,2007,20301550,2416,0,0,0
1185.1001,2008,20311550,2417,0,0,0
1185.1100,2009,20321550,2417,0,0,0
