pc_time_s,seq,t_us,ecg_adc,lo_plus,lo_minus,lead_off
25.8628,41,641549,4095,0,1,1
25.8705,42,651549,4095,0,0,0
25.8803,43,661549,4095,0,1,1
25.8903,44,671549,4095,0,0,0
25.9002,45,681548,4095,0,1,1
25.9102,46,691549,4095,0,0,0
25.9202,47,701549,4095,0,1,1
25.9302,48,711549,4095,0,0,0
25.9411,49,721549,4095,0,1,1
25.9503,50,731549,4095,0,0,0
25.9614,51,741549,4095,0,1,1
25.9732,52,751549,4095,0,0,0
25.9815,53,761549,4095,0,1,1
25.9904,54,771548,4095,0,0,0
26.0004,55,781549,4095,0,1,1
26.0104,56,791549,4095,0,0,0
26.0202,57,801549,4095,0,1,1
26.0304,58,811549,4095,0,0,0
26.0411,59,821549,4095,0,1,1
26.0504,60,831549,4095,0,0,0
26.0623,61,841549,4095,0,1,1
26.0720,62,851549,4095,0,0,0
26.0820,63,861549,4095,0,1,1
26.0924,64,871549,4095,0,0,0
26.1022,65,881549,4095,0,1,1
26.1106,66,891549,4095,0,0,0
26.1204,67,901549,4095,0,1,1
26.1303,68,911549,4095,0,0,0
26.1402,69,921549,4095,0,1,1
26.1505,70,931549,4095,0,0,0
26.1603,71,941549,4095,0,1,1
26.1706,72,951548,4095,0,0,0
26.1820,73,961548,4095,0,1,1
26.1934,74,971549,4095,0,0,0
26.2032,75,981549,4095,0,1,1
26.2118,76,991549,4095,0,0,0
26.2235,77,1001549,4095,0,1,1
26.2325,78,1011548,4095,0,0,0
26.2446,79,1021549,4095,0,1,1
26.2506,80,1031549,4095,0,0,0
26.2604,81,1041549,4095,0,1,1
26.2706,82,1051549,4095,0,0,0
26.2804,83,1061549,4095,0,1,1
26.2906,84,1071549,4095,0,0,0
26.3007,85,1081549,4095,0,1,1
26.3104,86,1091549,4095,0,0,0
26.3222,87,1101549,4095,0,1,1
26.3323,88,1111549,4095,0,0,0
26.3436,89,1121549,4095,0,1,1
26.3529,90,1131549,4095,0,0,0
26.3630,91,1141549,4095,0,1,1
26.3740,92,1151548,4095,0,0,0
26.3822,93,1161549,4095,0,1,1
26.3906,94,1171549,4095,0,0,0
26.4005,95,1181548,4095,0,1,1
26.4103,96,1191548,4095,0,0,0
26.4204,97,1201548,4095,0,1,1
26.4303,98,1211549,4095,0,0,0
26.4405,99,1221549,4095,0,1,1
26.4504,100,1231549,4095,0,0,0
26.4606,101,1241549,4095,0,1,1
26.4711,102,1251549,4095,0,0,0
26.4805,103,1261549,4095,0,1,1
26.4929,104,1271549,4095,0,0,0
26.5005,105,1281549,4095,0,1,1
26.5105,106,1291549,4095,0,0,0
26.5204,107,1301549,4095,0,1,1
26.5306,108,1311549,4095,0,0,0
26.5407,109,1321549,4095,0,1,1
26.5506,110,1331549,4095,0,0,0
26.5607,111,1341549,4095,0,1,1
26.5717,112,1351549,4095,0,0,0
26.5825,113,1361549,4095,0,1,1
26.5937,114,1371549,4095,0,0,0
26.6024,115,1381549,4095,0,1,1
26.6122,116,1391549,4095,0,0,0
26.6228,117,1401549,4095,0,1,1
26.6338,118,1411549,4095,0,0,0
26.6434,119,1421549,4095,0,1,1
26.6506,120,1431549,4095,0,0,0
26.6605,121,1441549,4095,0,1,1
26.6704,122,1451549,4095,0,0,0
26.6807,123,1461549,4095,0,1,1
26.6907,124,1471548,4095,0,0,0
26.7004,125,1481549,4095,0,1,1
26.7115,126,1491549,4095,0,0,0
26.7206,127,1501549,4095,0,1,1
26.7325,128,1511549,4095,0,0,0
26.7426,129,1521549,4095,0,1,1
26.7518,130,1531548,4095,0,0,0
26.7619,131,1541549,4095,0,1,1
26.7704,132,1551549,4095,0,0,0
26.7805,133,1561549,4095,0,1,1
26.7904,134,1571549,4095,0,0,0
26.8005,135,1581549,4095,0,1,1
26.8104,136,1591549,4095,0,0,0
26.8205,137,1601549,4095,0,1,1
26.8307,138,1611549,4095,0,0,0
26.8414,139,1621549,4095,0,1,1
26.8523,140,1631549,4095,0,0,0
26.8606,141,1641549,4095,0,1,1
26.8729,142,1651549,4095,0,0,0
26.8824,143,1661549,4095,0,1,1
26.8908,144,1671549,4095,0,0,0
26.9005,145,1681549,4095,0,1,1
26.9104,146,1691548,4095,0,0,0
26.9205,147,1701549,4095,0,1,1
26.9307,148,1711549,4095,0,0,0
26.9409,149,1721548,4095,0,1,1
26.9512,150,1731548,4095,0,0,0
26.9611,151,1741549,4095,0,1,1
26.9707,152,1751549,4095,0,0,0
26.9823,153,1761548,4095,0,1,1
26.9926,154,1771548,4095,0,0,0
27.0014,155,1781548,4095,0,1,1
27.0118,156,1791549,4095,0,0,0
27.0205,157,1801549,4095,0,1,1
27.0305,158,1811549,4095,0,0,0
27.0406,159,1821549,4095,0,1,1
27.0505,160,1831548,4095,0,0,0
27.0606,161,1841549,4095,0,1,1
27.0710,162,1851549,4095,0,0,0
27.0808,163,1861549,4095,0,1,1
27.0927,164,1871548,4095,0,0,0
27.1026,165,1881548,4095,0,1,1
27.1107,166,1891548,4095,0,0,0
27.1224,167,1901549,4095,0,1,1
27.1304,168,1911549,4095,0,0,0
27.1405,169,1921549,4095,0,1,1
27.1504,170,1931549,4095,0,0,0
27.1606,171,1941548,4095,0,1,1
27.1707,172,1951548,4095,0,0,0
27.1807,173,1961548,4095,0,1,1
27.1908,174,1971548,4095,0,0,0
27.2010,175,1981548,4095,0,1,1
27.2124,176,1991549,4095,0,0,0
27.2206,177,2001549,4095,0,1,1
27.2316,178,2011549,4095,0,0,0
27.2409,179,2021549,4095,0,1,1
27.2505,180,2031549,4095,0,0,0
27.2609,181,2041549,4095,0,1,1
27.2704,182,2051549,4095,0,0,0
27.2807,183,2061548,4095,0,1,1
27.2908,184,2071548,4095,0,0,0
27.3008,185,2081549,4095,0,1,1
27.3175,186,2091548,4095,0,0,0
27.3207,187,2101548,4095,0,1,1
27.3305,188,2111548,4095,0,0,0
27.3408,189,2121548,4095,0,1,1
27.3518,190,2131548,4095,0,0,0
27.3639,191,2141549,4095,0,1,1
27.3704,192,2151548,4095,0,0,0
27.3810,193,2161549,4095,0,1,1
27.3905,194,2171549,4095,0,0,0
27.4005,195,2181549,4095,0,1,1
27.4108,196,2191549,4095,0,0,0
27.4208,197,2201549,4095,0,1,1
27.4385,198,2211549,4095,0,0,0
27.4423,199,2221549,4095,0,1,1
27.4523,200,2231549,4095,0,0,0
27.4605,201,2241548,4095,0,1,1
27.4707,202,2251549,4095,0,0,0
27.4842,203,2261549,4095,0,1,1
27.4904,204,2271549,4095,0,0,0
27.5008,205,2281548,4095,0,1,1
27.5104,206,2291548,4095,0,0,0
27.5206,207,2301548,4095,0,1,1
27.5307,208,2311548,4095,0,0,0
27.5407,209,2321548,4095,0,1,1
27.5512,210,2331549,4095,0,0,0
27.5612,211,2341549,4095,0,1,1
27.5704,212,2351549,4095,0,0,0
27.5824,213,2361549,4095,0,1,1
27.5939,214,2371548,4095,0,0,0
27.6024,215,2381549,4095,0,1,1
27.6112,216,2391549,4095,0,0,0
27.6205,217,2401549,4095,0,1,1
27.6305,218,2411549,4095,0,0,0
27.6414,219,2421549,4095,0,1,1
27.6505,220,2431549,4095,0,0,0
27.6608,221,2441549,4095,0,1,1
27.6712,222,2451549,4095,0,0,0
27.6832,223,2461549,4095,0,1,1
27.6929,224,2471548,4095,0,0,0
27.7017,225,2481548,4095,0,1,1
27.7140,226,2491549,4095,0,0,0
27.7231,227,2501549,4095,0,1,1
27.7313,228,2511548,4095,0,0,0
27.7405,229,2521549,4095,0,1,1
27.7505,230,2531549,4095,0,0,0
27.7606,231,2541549,4095,0,1,1
27.7707,232,2551549,4095,0,0,0
27.7805,233,2561549,4095,0,1,1
27.7908,234,2571549,4095,0,0,0
27.8016,235,2581549,4095,0,1,1
27.8105,236,2591548,4095,0,0,0
27.8205,237,2601548,4095,0,1,1
27.8318,238,2611549,4095,0,0,0
27.8417,239,2621549,4095,0,1,1
27.8517,240,2631549,4095,0,0,0
27.8609,241,2641549,4095,0,1,1
27.8705,242,2651549,4095,0,0,0
27.8806,243,2661549,4095,0,1,1
27.8905,244,2671549,4095,0,0,0
27.9005,245,2681549,4095,0,1,1
27.9105,246,2691549,4095,0,0,0
27.9230,247,2701548,4095,0,1,1
27.9327,248,2711549,4095,0,0,0
27.9406,249,2721549,4095,0,1,1
27.9523,250,2731549,4095,0,0,0
27.9604,251,2741549,4095,0,1,1
27.9705,252,2751549,4095,0,0,0
27.9813,253,2761549,4095,0,1,1
27.9904,254,2771549,4095,0,0,0
28.0006,255,2781549,4095,0,1,1
28.0107,256,2791549,4095,0,0,0
28.0208,257,2801549,4095,0,1,1
28.0313,258,2811549,4095,0,0,0
28.0416,259,2821549,4095,0,1,1
28.0523,260,2831549,4095,0,0,0
28.0609,261,2841549,4095,0,1,1
28.0704,262,2851549,4095,0,0,0
28.0824,263,2861549,4095,0,1,1
28.0905,264,2871548,4095,0,0,0
28.1009,265,2881549,4095,0,1,1
28.1105,266,2891549,4095,0,0,0
28.1207,267,2901549,4095,0,1,1
28.1308,268,2911549,4095,0,0,0
28.1411,269,2921549,4095,0,1,1
28.1510,270,2931549,4095,0,0,0
28.1609,271,2941549,4095,0,1,1
28.1714,272,2951549,4095,0,0,0
28.1813,273,2961549,4095,0,1,1
28.1909,274,2971549,4095,0,0,0
28.2035,275,2981549,4095,0,1,1
28.2110,276,2991549,4095,0,0,0
28.2204,277,3001549,4095,0,1,1
28.2306,278,3011549,4095,0,0,0
28.2407,279,3021549,4095,0,1,1
28.2505,280,3031548,4095,0,0,0
28.2607,281,3041548,4095,0,1,1
28.2710,282,3051548,4095,0,0,0
28.2808,283,3061549,4095,0,1,1
28.2907,284,3071549,4095,0,0,0
28.3017,285,3081548,4095,0,1,1
28.3113,286,3091548,4095,0,0,0
28.3238,287,3101548,4095,0,1,1
28.3304,288,3111549,4095,0,0,0
28.3405,289,3121548,4095,0,1,1
28.3508,290,3131549,4095,0,0,0
28.3607,291,3141549,4095,0,1,1
28.3712,292,3151549,4095,0,0,0
28.3806,293,3161549,4095,0,1,1
28.3909,294,3171548,4095,0,0,0
28.4016,295,3181548,4095,0,1,1
28.4115,296,3191548,4095,0,0,0
28.4227,297,3201549,4095,0,1,1
28.4321,298,3211549,4095,0,0,0
28.4447,299,3221549,4095,0,1,1
28.4504,300,3231549,4095,0,0,0
28.4604,301,3241549,4095,0,1,1
28.4704,302,3251549,4095,0,0,0
28.4805,303,3261549,4095,0,1,1
28.4906,304,3271549,4095,0,0,0
28.5008,305,3281549,4095,0,1,1
28.5153,306,3291548,4095,0,0,0
28.5207,307,3301549,4095,0,1,1
28.5328,308,3311549,4095,0,0,0
28.5405,309,3321549,4095,0,1,1
28.5523,310,3331549,4095,0,0,0
28.5628,311,3341549,4095,0,1,1
28.5705,312,3351549,4095,0,0,0
28.5805,313,3361549,4095,0,1,1
28.5906,314,3371549,4095,0,0,0
28.6008,315,3381549,4095,0,1,1
28.6108,316,3391549,4095,0,0,0
28.6209,317,3401549,4095,0,1,1
28.6333,318,3411548,4095,0,0,0
28.6408,319,3421549,4095,0,1,1
28.6524,320,3431549,4095,0,0,0
28.6621,321,3441549,4095,0,1,1
28.6718,322,3451548,4095,0,0,0
28.6806,323,3461549,4095,0,1,1
28.6905,324,3471549,4095,0,0,0
28.7005,325,3481548,4095,0,1,1
28.7107,326,3491548,4095,0,0,0
28.7205,327,3501548,4095,0,1,1
28.7308,328,3511548,4095,0,0,0
28.7408,329,3521549,4095,0,1,1
28.7544,330,3531549,4095,0,0,0
28.7618,331,3541549,4095,0,1,1
28.7721,332,3551549,4095,0,0,0
28.7807,333,3561549,4095,0,1,1
28.7906,334,3571549,4095,0,0,0
28.8007,335,3581548,4095,0,1,1
28.8105,336,3591549,4095,0,0,0
28.8205,337,3601549,4095,0,1,1
28.8306,338,3611549,4095,0,0,0
28.8405,339,3621549,4095,0,1,1
28.8512,340,3631549,4095,0,0,0
28.8609,341,3641549,4095,0,1,1
28.8775,342,3651549,4095,0,0,0
28.8808,343,3661549,4095,0,0,0
28.8915,344,3671549,4095,0,0,0
28.9022,345,3681549,4095,0,1,1
28.9120,346,3691549,4095,0,0,0
28.9239,347,3701549,4095,0,1,1
28.9305,348,3711548,4095,0,0,0
28.9406,349,3721549,4095,0,1,1
28.9508,350,3731549,4095,0,0,0
28.9607,351,3741548,4095,0,0,0
28.9716,352,3751548,4095,0,0,0
28.9806,353,3761548,4095,0,0,0
28.9912,354,3771549,4095,0,0,0
29.0009,355,3781549,4095,0,0,0
29.0121,356,3791549,4095,0,0,0
29.0221,357,3801549,4095,0,0,0
29.0312,358,3811549,4095,0,0,0
29.0430,359,3821549,4095,0,1,1
29.0509,360,3831549,4095,0,0,0
29.0605,361,3841549,4095,0,0,0
29.0705,362,3851549,4095,0,0,0
29.0806,363,3861549,4095,0,0,0
29.0911,364,3871549,4095,0,0,0
29.1013,365,3881549,4095,0,0,0
29.1148,366,3891548,4095,0,0,0
29.1213,367,3901548,4095,0,0,0
29.1322,368,3911549,4095,0,0,0
29.1415,369,3921549,4095,0,0,0
29.1517,370,3931549,4095,0,0,0
29.1637,371,3941549,4095,0,0,0
29.1704,372,3951549,4095,0,0,0
29.1804,373,3961549,4095,0,0,0
29.1906,374,3971549,4095,0,0,0
29.2004,375,3981549,4095,0,0,0
29.2111,376,3991548,4095,0,0,0
29.2209,377,4001549,4095,0,0,0
29.2356,378,4011549,4095,0,0,0
29.2408,379,4021549,4095,0,0,0
29.2525,380,4031548,4095,0,0,0
29.2625,381,4041549,4095,0,0,0
29.2723,382,4051549,4095,0,0,0
29.2827,383,4061549,4095,0,0,0
29.2905,384,4071549,4095,0,0,0
29.3007,385,4081549,4095,0,0,0
29.3105,386,4091549,4095,0,0,0
29.3205,387,4101549,4095,0,0,0
29.3306,388,4111549,4095,0,0,0
29.3408,389,4121549,4095,0,0,0
29.3511,390,4131549,4095,0,0,0
29.3611,391,4141549,4095,0,0,0
29.3731,392,4151548,4095,0,0,0
29.3805,393,4161549,4095,0,0,0
29.3919,394,4171548,4095,0,0,0
29.4021,395,4181549,4095,0,0,0
29.4105,396,4191548,4095,0,0,0
29.4205,397,4201548,4095,0,0,0
29.4305,398,4211549,4095,0,0,0
29.4404,399,4221549,4095,0,0,0
29.4511,400,4231549,4095,0,0,0
29.4607,401,4241549,4095,0,0,0
29.4738,402,4251548,4095,0,0,0
29.4806,403,4261548,4095,0,0,0
29.4938,404,4271549,4095,0,0,0
29.5009,405,4281549,4095,0,0,0
29.5112,406,4291548,4095,0,0,0
29.5220,407,4301548,4095,0,0,0
29.5304,408,4311549,4095,0,0,0
29.5406,409,4321549,4095,0,0,0
29.5508,410,4331548,4095,0,0,0
29.5604,411,4341549,4095,0,0,0
29.5710,412,4351549,4095,0,0,0
29.5806,413,4361548,4095,0,0,0
29.5961,414,4371549,4095,0,0,0
29.6005,415,4381549,4095,0,0,0
29.6123,416,4391549,4095,0,0,0
29.6229,417,4401549,4095,0,0,0
29.6335,418,4411548,4095,0,0,0
29.6443,419,4421549,4095,0,0,0
29.6514,420,4431548,4095,0,0,0
29.6606,421,4441549,4095,0,0,0
29.6707,422,4451548,4095,0,0,0
29.6805,423,4461548,4095,0,0,0
29.6908,424,4471548,4095,0,0,0
29.7005,425,4481549,4095,0,0,0
29.7106,426,4491549,4095,0,0,0
29.7205,427,4501548,4095,0,0,0
29.7332,428,4511549,4095,0,0,0
29.7434,429,4521548,4095,0,0,0
29.7520,430,4531549,4095,0,0,0
29.7647,431,4541549,4095,0,0,0
29.7736,432,4551549,4095,0,0,0
29.7828,433,4561548,4095,0,0,0
29.7906,434,4571549,4095,0,0,0
29.8004,435,4581549,4095,0,0,0
29.8105,436,4591548,4095,0,0,0
29.8207,437,4601548,4095,0,0,0
29.8307,438,4611549,4095,0,0,0
29.8407,439,4621548,4095,0,0,0
29.8510,440,4631549,4095,0,0,0
29.8615,441,4641548,4095,0,0,0
29.8725,442,4651549,4095,0,0,0
29.8816,443,4661549,4095,0,0,0
29.8916,444,4671548,4095,0,0,0
29.9003,445,4681549,4095,0,0,0
29.9107,446,4691549,4095,0,0,0
29.9205,447,4701548,4095,0,0,0
29.9306,448,4711549,4095,0,0,0
29.9408,449,4721549,4095,0,0,0
29.9510,450,4731548,4095,0,0,0
29.9643,451,4741549,4095,0,0,0
29.9732,452,4751549,4095,0,0,0
29.9806,453,4761549,4095,0,0,0
29.9912,454,4771548,4095,0,0,0
30.0011,455,4781548,4095,0,0,0
30.0113,456,4791548,4095,0,0,0
30.0205,457,4801548,4095,0,0,0
30.0306,458,4811548,4095,0,0,0
30.0403,459,4821549,4095,0,0,0
30.0504,460,4831548,4095,0,0,0
30.0609,461,4841549,4095,0,0,0
30.0705,462,4851548,4095,0,0,0
30.0812,463,4861548,4095,0,0,0
30.0912,464,4871548,4095,0,0,0
30.1027,465,4881549,4095,0,0,0
30.1140,466,4891548,4095,0,0,0
30.1231,467,4901549,4095,0,0,0
30.1312,468,4911548,4095,0,0,0
30.1405,469,4921548,4095,0,0,0
30.1505,470,4931549,4095,0,0,0
30.1605,471,4941549,4095,0,0,0
30.1707,472,4951549,4095,0,0,0
30.1808,473,4961549,4095,0,0,0
30.1908,474,4971548,4095,0,0,0
30.2014,475,4981548,4095,0,0,0
30.2106,476,4991548,4095,0,0,0
30.2218,477,5001549,4095,0,0,0
30.2310,478,5011548,4095,0,0,0
30.2421,479,5021548,4095,0,0,0
30.2518,480,5031549,4095,0,0,0
30.2605,481,5041549,4095,0,0,0
30.2705,482,5051548,4095,0,0,0
30.2804,483,5061549,4095,0,0,0
30.2906,484,5071548,4095,0,0,0
30.3008,485,5081548,4095,0,0,0
30.3179,486,5091549,4095,0,0,0
30.3212,487,5101549,4095,0,0,0
30.3305,488,5111549,4095,0,0,0
30.3421,489,5121549,4095,0,0,0
30.3510,490,5131549,4095,0,0,0
30.3609,491,5141549,4095,0,0,0
30.3707,492,5151548,4095,0,0,0
30.3805,493,5161548,4095,0,0,0
30.3905,494,5171549,4095,0,0,0
30.4009,495,5181549,4095,0,0,0
30.4109,496,5191548,4095,0,0,0
30.4209,497,5201548,4095,0,0,0
30.4311,498,5211549,4095,0,0,0
30.4442,499,5221549,4095,0,0,0
30.4513,500,5231549,4095,0,0,0
30.4615,501,5241549,4095,0,0,0
30.4718,502,5251549,4095,0,0,0
30.4810,503,5261549,4095,0,0,0
30.4925,504,5271549,4095,0,0,0
30.5005,505,5281549,4095,0,0,0
30.5104,506,5291548,4095,0,0,0
30.5204,507,5301549,4095,0,0,0
30.5307,508,5311548,4095,0,0,0
30.5406,509,5321548,4095,0,0,0
30.5509,510,5331549,4095,0,0,0
30.5646,511,5341549,4095,0,0,0
30.5707,512,5351549,4095,0,0,0
30.5836,513,5361549,4095,0,0,0
30.5907,514,5371548,4095,0,0,0
30.6005,515,5381548,4095,0,0,0
30.6133,516,5391548,4095,0,0,0
30.6204,517,5401549,4095,0,0,0
30.6304,518,5411548,4095,0,0,0
30.6406,519,5421549,4095,0,0,0
30.6504,520,5431549,4095,0,0,0
30.6606,521,5441549,4095,0,0,0
30.6706,522,5451548,4095,0,0,0
30.6812,523,5461549,4095,0,0,0
30.6905,524,5471549,4095,0,0,0
30.7016,525,5481549,4095,0,0,0
30.7119,526,5491549,4095,0,0,0
30.7230,527,5501549,4095,0,0,0
30.7306,528,5511548,4095,0,0,0
30.7405,529,5521549,4095,0,0,0
30.7504,530,5531549,4095,0,0,0
30.7609,531,5541548,4095,0,0,0
30.7709,532,5551549,4095,0,0,0
30.7807,533,5561549,4095,0,0,0
30.7908,534,5571548,4095,0,0,0
30.8007,535,5581548,4095,0,0,0
30.8116,536,5591549,4095,0,0,0
30.8245,537,5601549,4095,0,0,0
30.8344,538,5611549,4095,0,0,0
30.8433,539,5621549,4095,0,0,0
30.8534,540,5631548,4095,0,0,0
30.8615,541,5641548,4095,0,0,0
30.8705,542,5651549,4095,0,0,0
30.8804,543,5661548,4095,0,0,0
30.8904,544,5671549,4095,0,0,0
30.9004,545,5681549,4095,0,0,0
30.9104,546,5691548,4095,0,0,0
30.9203,547,5701548,4095,0,0,0
30.9304,548,5711549,4095,0,0,0
30.9432,549,5721549,4095,0,0,0
30.9557,550,5731549,4095,0,0,0
30.9643,551,5741549,4095,0,0,0
30.9756,552,5751548,4095,0,0,0
30.9816,553,5761549,4095,0,0,0
30.9915,554,5771548,4095,0,0,0
31.0007,555,5781548,4095,0,0,0
31.0104,556,5791549,4095,0,0,0
31.0204,557,5801548,4095,0,0,0
31.0304,558,5811549,4095,0,0,0
31.0404,559,5821548,4095,0,0,0
31.0505,560,5831548,4095,0,0,0
31.0613,561,5841549,4095,0,0,0
31.0732,562,5851548,4095,0,0,0
31.0837,563,5861549,4095,0,0,0
31.0912,564,5871548,4095,0,0,0
31.1008,565,5881548,4095,0,0,0
31.1105,566,5891549,4095,0,0,0
31.1204,567,5901549,4095,0,0,0
31.1304,568,5911548,4095,0,0,0
31.1409,569,5921549,4095,0,0,0
31.1505,570,5931548,4095,0,0,0
31.1603,571,5941548,4095,0,0,0
31.1716,572,5951549,4095,0,0,0
31.1811,573,5961548,4095,0,0,0
31.1928,574,5971549,4095,0,0,0
31.2031,575,5981549,4095,0,0,0
31.2135,576,5991549,4095,0,0,0
31.2234,577,6001549,4095,0,0,0
31.2308,578,6011549,4095,0,0,0
31.2405,579,6021549,4095,0,0,0
31.2504,580,6031548,4095,0,0,0
31.2604,581,6041548,4095,0,0,0
31.2704,582,6051549,4095,0,0,0
31.2804,583,6061549,4095,0,0,0
31.2910,584,6071548,4095,0,0,0
31.3009,585,6081548,4095,0,0,0
31.3145,586,6091549,4095,0,0,0
31.3227,587,6101549,4095,0,0,0
31.3329,588,6111548,4095,0,0,0
31.3423,589,6121548,4095,0,0,0
31.3507,590,6131549,4095,0,0,0
31.3604,591,6141549,4095,0,0,0
31.3704,592,6151549,4095,0,0,0
31.3805,593,6161549,4095,0,0,0
31.3904,594,6171549,4095,0,0,0
31.4004,595,6181548,4095,0,0,0
31.4116,596,6191549,4095,0,0,0
31.4211,597,6201549,4095,0,0,0
31.4326,598,6211549,4095,0,0,0
31.4454,599,6221549,4095,0,0,0
31.4510,600,6231548,4095,0,0,0
31.4635,601,6241548,4095,0,0,0
31.4707,602,6251548,4095,0,0,0
31.4804,603,6261549,4095,0,0,0
31.4905,604,6271548,4095,0,0,0
31.5004,605,6281549,4095,0,0,0
31.5107,606,6291549,4095,0,0,0
31.5205,607,6301549,4095,0,0,0
31.5319,608,6311549,4095,0,0,0
31.5425,609,6321548,4095,0,0,0
31.5505,610,6331548,4095,0,0,0
31.5612,611,6341549,4095,0,0,0
31.5719,612,6351548,4095,0,0,0
31.5807,613,6361548,4095,0,0,0
31.5905,614,6371549,4095,0,0,0
31.6005,615,6381549,4095,0,0,0
31.6104,616,6391549,4095,0,0,0
31.6203,617,6401549,4095,0,0,0
31.6304,618,6411548,4095,0,0,0
31.6429,619,6421549,4095,0,0,0
31.6536,620,6431548,4095,0,0,0
31.6619,621,6441548,4095,0,0,0
31.6738,622,6451549,4095,0,0,0
31.6810,623,6461549,4095,0,0,0
31.6919,624,6471549,4095,0,0,0
31.7009,625,6481549,4095,0,0,0
31.7106,626,6491548,4095,0,0,0
31.7205,627,6501549,4095,0,0,0
31.7304,628,6511548,4095,0,0,0
31.7404,629,6521548,4095,0,0,0
31.7504,630,6531549,4095,0,0,0
31.7613,631,6541549,4095,0,0,0
31.7714,632,6551548,4095,0,0,0
31.7841,633,6561549,4095,0,0,0
31.7912,634,6571548,4095,0,0,0
31.8017,635,6581548,4095,0,0,0
31.8156,636,6591548,4095,0,0,0
31.8209,637,6601549,4095,0,0,0
31.8304,638,6611549,4095,0,0,0
31.8405,639,6621549,4095,0,0,0
31.8504,640,6631548,4095,0,0,0
31.8604,641,6641549,4095,0,0,0
31.8704,642,6651548,4095,0,0,0
31.8811,643,6661549,4095,0,0,0
31.8916,644,6671548,4095,0,0,0
31.9048,645,6681549,4095,0,0,0
31.9122,646,6691548,4095,0,0,0
31.9220,647,6701549,4095,0,0,0
31.9305,648,6711548,4095,0,0,0
31.9409,649,6721548,4095,0,0,0
31.9504,650,6731549,4095,0,0,0
31.9605,651,6741548,4095,0,0,0
31.9705,652,6751549,4095,0,0,0
31.9804,653,6761549,4095,0,0,0
31.9905,654,6771549,4095,0,0,0
32.0031,655,6781548,4095,0,0,0
32.0145,656,6791549,4095,0,0,0
32.0238,657,6801548,4095,0,0,0
32.0312,658,6811549,4095,0,0,0
32.0413,659,6821549,4095,0,0,0
32.0516,660,6831548,4095,0,0,0
32.0608,661,6841549,4095,0,0,0
32.0705,662,6851549,4095,0,0,0
32.0804,663,6861548,4095,0,0,0
32.0904,664,6871549,4095,0,0,0
32.1004,665,6881549,4095,0,0,0
32.1106,666,6891548,4095,0,0,0
32.1208,667,6901549,4095,0,0,0
32.1325,668,6911548,4095,0,0,0
32.1416,669,6921548,4095,0,0,0
32.1527,670,6931549,4095,0,0,0
32.1643,671,6941549,4095,0,0,0
32.1707,672,6951548,4095,0,0,0
32.1806,673,6961548,4095,0,0,0
32.1904,674,6971549,4095,0,0,0
32.2005,675,6981549,4095,0,0,0
32.2104,676,6991548,4095,0,0,0
32.2204,677,7001549,4095,0,0,0
32.2310,678,7011549,4095,0,0,0
32.2409,679,7021548,4095,0,0,0
32.2524,680,7031549,4095,0,0,0
32.2659,681,7041548,4095,0,0,0
32.2732,682,7051549,4095,0,0,0
32.2823,683,7061549,4095,0,0,0
32.2926,684,7071549,4095,0,0,0
32.3012,685,7081548,4095,0,0,0
32.3104,686,7091549,4095,0,0,0
32.3205,687,7101549,4095,0,0,0
32.3306,688,7111549,4095,0,0,0
32.3404,689,7121549,4095,0,0,0
32.3504,690,7131548,4095,0,0,0
32.3615,691,7141549,4095,0,0,0
32.3725,692,7151549,4095,0,0,0
32.3838,693,7161548,4095,0,0,0
32.3945,694,7171549,4095,0,0,0
32.4038,695,7181549,4095,0,0,0
32.4142,696,7191548,4095,0,0,0
32.4235,697,7201549,4095,0,0,0
32.4308,698,7211548,4095,0,0,0
32.4405,699,7221549,4095,0,0,0
32.4504,700,7231548,4095,0,0,0
32.4604,701,7241548,4095,0,0,0
32.4705,702,7251549,4095,0,0,0
32.4804,703,7261548,4095,0,0,0
32.4904,704,7271549,4095,0,0,0
32.5011,705,7281549,4095,0,0,0
32.5153,706,7291548,4095,0,0,0
32.5220,707,7301549,4095,0,0,0
32.5321,708,7311548,4095,0,0,0
32.5439,709,7321548,4095,0,0,0
32.5546,710,7331549,4095,0,0,0
32.5609,711,7341549,4095,0,0,0
32.5707,712,7351549,4095,0,0,0
32.5805,713,7361548,4095,0,0,0
32.5908,714,7371549,4095,0,0,0
32.6007,715,7381548,4095,0,0,0
32.6109,716,7391548,4095,0,0,0
32.6214,717,7401549,4095,0,0,0
32.6330,718,7411548,4095,0,0,0
32.6415,719,7421549,4095,0,0,0
32.6528,720,7431548,4095,0,0,0
32.6624,721,7441549,4095,0,0,0
32.6713,722,7451549,4095,0,0,0
32.6805,723,7461548,4095,0,0,0
32.6905,724,7471549,4095,0,0,0
32.7007,725,7481549,4095,0,0,0
32.7108,726,7491548,4095,0,0,0
32.7205,727,7501549,4095,0,0,0
32.7304,728,7511549,4095,0,0,0
32.7404,729,7521548,4095,0,0,0
32.7512,730,7531549,4095,0,0,0
32.7611,731,7541548,4095,0,0,0
32.7725,732,7551549,4095,0,0,0
32.7815,733,7561549,4095,0,0,0
32.7930,734,7571549,4095,0,0,0
32.8011,735,7581548,4095,0,0,0
32.8109,736,7591549,4095,0,0,0
32.8204,737,7601548,4095,0,0,0
32.8306,738,7611549,4095,0,0,0
32.8404,739,7621549,4095,0,0,0
32.8504,740,7631549,4095,0,0,0
32.8605,741,7641549,4095,0,0,0
32.8764,742,7651548,4095,0,0,0
32.8859,743,7661549,4095,0,0,0
32.8908,744,7671548,4095,0,0,0
32.9031,745,7681548,4095,0,0,0
32.9114,746,7691549,4095,0,0,0
32.9261,747,7701549,4095,0,0,0
32.9314,748,7711548,4095,0,0,0
32.9448,749,7721548,4095,0,0,0
32.9508,750,7731549,4095,0,0,0
32.9604,751,7741549,4095,0,0,0
32.9705,752,7751549,4095,0,1,1
32.9808,753,7761549,4095,0,0,0
32.9907,754,7771549,4095,0,0,0
33.0008,755,7781548,4095,0,0,0
33.0108,756,7791548,4095,0,1,1
33.0223,757,7801549,4095,0,0,0
33.0331,758,7811549,4095,0,1,1
33.0440,759,7821549,4095,0,0,0
33.0535,760,7831549,4095,0,1,1
33.0667,761,7841549,4095,0,0,0
33.0743,762,7851548,4095,0,1,1
33.0814,763,7861549,4095,0,0,0
33.0987,764,7871548,4095,0,1,1
33.1007,765,7881548,4095,0,0,0
33.1107,766,7891548,4095,0,1,1
33.1208,767,7901548,4095,0,0,0
33.1308,768,7911549,4095,0,1,1
33.1408,769,7921548,4095,0,0,0
33.1506,770,7931549,4095,0,1,1
33.1609,771,7941549,4095,0,0,0
33.1725,772,7951549,4095,0,1,1
33.1820,773,7961549,4095,0,0,0
33.1937,774,7971549,4095,0,1,1
33.2020,775,7981548,4095,0,0,0
33.2146,776,7991549,4095,0,1,1
33.2229,777,8001548,4095,0,0,0
33.2307,778,8011549,4095,0,1,1
33.2408,779,8021549,4095,0,0,0
33.2504,780,8031548,4095,0,1,1
33.2611,781,8041549,4095,0,0,0
33.2704,782,8051549,4095,0,1,1
33.2806,783,8061548,4095,0,0,0
33.2904,784,8071549,4095,0,1,1
33.3006,785,8081548,4095,0,0,0
33.3130,786,8091549,4095,0,1,1
33.3236,787,8101548,4095,0,0,0
33.3337,788,8111549,4095,0,1,1
33.3411,789,8121549,4095,0,0,0
33.3541,790,8131548,4095,0,1,1
33.3627,791,8141549,4095,0,0,0
33.3732,792,8151548,4095,0,1,1
33.3808,793,8161549,4095,0,0,0
33.3907,794,8171548,4095,0,1,1
33.4004,795,8181548,4095,0,0,0
33.4109,796,8191549,4095,0,1,1
33.4204,797,8201548,4095,0,0,0
33.4304,798,8211549,4095,0,1,1
33.4421,799,8221549,4095,0,0,0
33.4511,800,8231548,4095,0,1,1
33.4643,801,8241549,4095,0,0,0
33.4749,802,8251548,4095,0,1,1
33.4834,803,8261549,4095,0,0,0
33.4929,804,8271548,4095,0,1,1
33.5032,805,8281549,4095,0,0,0
33.5148,806,8291548,4095,0,1,1
33.5220,807,8301549,4095,0,0,0
33.5308,808,8311549,4095,0,1,1
33.5407,809,8321548,4095,0,0,0
33.5507,810,8331549,4095,0,1,1
33.5608,811,8341548,4095,0,0,0
33.5707,812,8351549,4095,0,1,1
33.5808,813,8361549,4095,0,0,0
33.5907,814,8371548,4095,0,1,1
33.6012,815,8381548,4095,0,0,0
33.6172,816,8391549,4095,0,1,1
33.6267,817,8401548,4095,0,0,0
33.6352,818,8411549,4095,0,1,1
33.6466,819,8421549,4095,0,0,0
33.6544,820,8431548,4095,0,1,1
33.6645,821,8441549,4095,0,0,0
33.6751,822,8451548,4095,0,1,1
33.6813,823,8461549,4095,0,0,0
33.6908,824,8471549,4095,0,1,1
33.7007,825,8481548,4095,0,0,0
33.7108,826,8491549,4095,0,1,1
33.7208,827,8501549,4095,0,0,0
33.7307,828,8511549,4095,0,1,1
33.7405,829,8521549,4095,0,0,0
33.7509,830,8531548,4095,0,1,1
33.7630,831,8541549,4095,0,0,0
33.7713,832,8551548,4095,0,1,1
33.7848,833,8561548,4095,0,0,0
33.7939,834,8571549,4095,0,1,1
33.8038,835,8581549,4095,0,0,0
33.8147,836,8591549,4095,0,1,1
33.8225,837,8601549,4095,0,0,0
33.8346,838,8611548,4095,0,1,1
33.8460,839,8621549,4095,0,0,0
33.8509,840,8631548,4095,0,1,1
33.8606,841,8641549,4095,0,0,0
33.8705,842,8651549,4095,0,1,1
33.8804,843,8661548,4095,0,0,0
33.8904,844,8671549,4095,0,1,1
33.9005,845,8681549,4095,0,0,0
33.9189,846,8691548,4095,0,1,1
33.9220,847,8701549,4095,0,0,0
33.9341,848,8711548,4095,0,1,1
33.9422,849,8721548,4095,0,0,0
33.9516,850,8731549,4095,0,1,1
33.9659,851,8741548,4095,0,0,0
33.9786,852,8751549,4095,0,1,1
33.9837,853,8761548,4095,0,0,0
33.9915,854,8771548,4095,0,1,1
34.0006,855,8781548,4095,0,0,0
34.0111,856,8791549,4095,0,1,1
34.0204,857,8801549,4095,0,0,0
34.0308,858,8811549,4095,0,1,1
34.0405,859,8821548,4095,0,0,0
34.0508,860,8831549,4095,0,1,1
34.0607,861,8841548,4095,0,0,0
34.0743,862,8851549,4095,0,1,1
34.0815,863,8861549,4095,0,0,0
34.0920,864,8871548,4095,0,1,1
34.1023,865,8881548,4095,0,0,0
34.1116,866,8891549,4095,0,1,1
34.1218,867,8901548,4095,0,0,0
34.1340,868,8911549,4095,0,1,1
34.1416,869,8921548,4095,0,0,0
34.1507,870,8931549,4095,0,1,1
34.1604,871,8941549,4095,0,0,0
34.1706,872,8951548,4095,0,1,1
34.1804,873,8961548,4095,0,0,0
34.1906,874,8971549,4095,0,1,1
34.2005,875,8981548,4095,0,0,0
34.2104,876,8991549,4095,0,1,1
34.2203,877,9001548,4095,0,0,0
34.2310,878,9011549,4095,0,1,1
34.2444,879,9021549,4095,0,0,0
34.2505,880,9031548,4095,0,1,1
34.2617,881,9041549,4095,0,0,0
34.2706,882,9051549,4095,0,1,1
34.2805,883,9061549,4095,0,0,0
34.2904,884,9071548,4095,0,1,1
34.3004,885,9081548,4095,0,0,0
34.3104,886,9091549,4095,0,1,1
34.3205,887,9101548,4095,0,0,0
34.3306,888,9111549,4095,0,1,1
34.3408,889,9121549,4095,0,0,0
34.3508,890,9131549,4095,0,1,1
34.3622,891,9141548,4095,0,0,0
34.3708,892,9151549,4095,0,1,1
34.3845,893,9161549,4095,0,0,0
34.3915,894,9171549,4095,0,1,1
34.4022,895,9181549,4095,0,0,0
34.4105,896,9191548,4095,0,1,1
34.4205,897,9201549,4095,0,0,0
34.4306,898,9211549,4095,0,1,1
34.4404,899,9221548,4095,0,0,0
34.4505,900,9231549,4095,0,1,1
34.4608,901,9241549,4095,0,0,0
34.4735,902,9251548,4095,0,1,1
34.4841,903,9261549,4095,0,0,0
34.4923,904,9271548,4095,0,1,1
34.5015,905,9281549,4095,0,0,0
34.5159,906,9291549,4095,0,1,1
34.5209,907,9301549,4095,0,0,0
34.5305,908,9311548,4095,0,1,1
34.5405,909,9321549,4095,0,0,0
34.5505,910,9331548,4095,0,1,1
34.5606,911,9341549,4095,0,0,0
34.5707,912,9351549,4095,0,1,1
34.5831,913,9361548,4095,0,0,0
34.5909,914,9371549,4095,0,1,1
34.6011,915,9381548,4095,0,0,0
34.6115,916,9391549,4095,0,1,1
34.6204,917,9401549,4095,0,0,0
34.6304,918,9411549,4095,0,1,1
34.6406,919,9421549,4095,0,0,0
34.6504,920,9431548,4095,0,1,1
34.6605,921,9441548,4095,0,0,0
34.6709,922,9451549,4095,0,1,1
34.6807,923,9461549,4095,0,0,0
34.6907,924,9471549,4095,0,1,1
34.7019,925,9481548,4095,0,0,0
34.7105,926,9491549,4095,0,1,1
34.7228,927,9501548,4095,0,0,0
34.7324,928,9511549,4095,0,1,1
34.7413,929,9521549,4095,0,0,0
34.7504,930,9531548,4095,0,1,1
34.7606,931,9541549,4095,0,0,0
34.7704,932,9551548,4095,0,1,1
34.7804,933,9561549,4095,0,0,0
34.7907,934,9571549,4095,0,1,1
34.8006,935,9581549,4095,0,0,0
34.8107,936,9591548,4095,0,1,1
34.8211,937,9601549,4095,0,0,0
34.8313,938,9611549,4095,0,1,1
34.8408,939,9621548,4095,0,0,0
34.8508,940,9631549,4095,0,1,1
34.8622,941,9641548,4095,0,0,0
34.8735,942,9651549,4095,0,1,1
34.8806,943,9661548,4095,0,0,0
34.8905,944,9671549,4095,0,1,1
34.9004,945,9681549,4095,0,0,0
34.9107,946,9691549,4095,0,1,1
34.9206,947,9701548,4095,0,0,0
34.9309,948,9711549,4095,0,1,1
34.9407,949,9721549,4095,0,0,0
34.9508,950,9731548,4095,0,1,1
34.9615,951,9741549,4095,0,0,0
34.9746,952,9751548,4095,0,1,1
34.9815,953,9761549,4095,0,0,0
34.9914,954,9771548,4095,0,1,1
35.0020,955,9781549,4095,0,0,0
35.0108,956,9791549,4095,0,1,1
35.0206,957,9801548,4095,0,0,0
35.0305,958,9811549,4095,0,1,1
35.0407,959,9821548,4095,0,0,0
35.0506,960,9831549,4095,0,1,1
35.0608,961,9841549,4095,0,0,0
35.0721,962,9851549,4095,0,1,1
35.0838,963,9861549,4095,0,0,0
35.0905,964,9871548,4095,0,1,1
35.1019,965,9881548,4095,0,0,0
35.1137,966,9891549,4095,0,1,1
35.1204,967,9901548,4095,0,0,0
35.1305,968,9911549,4095,0,1,1
35.1405,969,9921548,4095,0,0,0
35.1506,970,9931549,4095,0,1,1
35.1608,971,9941549,4095,0,0,0
35.1709,972,9951549,4095,0,1,1
35.1849,973,9961549,4095,0,0,0
35.1907,974,9971549,4095,0,1,1
35.2021,975,9981548,4095,0,0,0
35.2107,976,9991549,4095,0,1,1
35.2208,977,10001548,4095,0,0,0
35.2313,978,10011549,4095,0,1,1
35.2405,979,10021549,4095,0,0,0
35.2506,980,10031548,4095,0,1,1
35.2606,981,10041548,4095,0,0,0
35.2706,982,10051548,4095,0,1,1
35.2809,983,10061548,4095,0,0,0
35.2908,984,10071548,4095,0,1,1
35.3067,985,10081549,4095,0,0,0
35.3132,986,10091549,4095,0,1,1
35.3241,987,10101548,4095,0,0,0
35.3310,988,10111549,4095,0,1,1
35.3407,989,10121548,4095,0,0,0
35.3523,990,10131549,4095,0,1,1
35.3606,991,10141548,4095,0,0,0
35.3706,992,10151549,4095,0,1,1
35.3805,993,10161548,4095,0,0,0
35.3910,994,10171549,4095,0,1,1
35.4009,995,10181548,4095,0,0,0
35.4106,996,10191549,4095,0,1,1
35.4208,997,10201548,4095,0,0,0
35.4324,998,10211549,4095,0,1,1
35.4424,999,10221548,4095,0,0,0
35.4508,1000,10231549,4095,0,1,1
35.4607,1001,10241549,4095,0,0,0
35.4734,1002,10251549,4095,0,1,1
35.4807,1003,10261549,4095,0,0,0
35.4906,1004,10271549,4095,0,1,1
35.5006,1005,10281549,4095,0,0,0
35.5106,1006,10291548,4095,0,1,1
35.5208,1007,10301549,4095,0,0,0
35.5312,1008,10311549,4095,0,1,1
35.5409,1009,10321549,4095,0,0,0
35.5526,1010,10331548,4095,0,1,1
35.5629,1011,10341549,4095,0,0,0
35.5707,1012,10351549,4095,0,1,1
35.5817,1013,10361549,4095,0,0,0
35.5926,1014,10371548,4095,0,1,1
35.6006,1015,10381549,4095,0,0,0
35.6106,1016,10391549,4095,0,1,1
35.6207,1017,10401549,4095,0,0,0
35.6307,1018,10411548,4095,0,1,1
35.6408,1019,10421549,4095,0,0,0
35.6510,1020,10431549,4095,0,1,1
35.6636,1021,10441549,4095,0,0,0
35.6730,1022,10451549,4095,0,1,1
35.6819,1023,10461549,4095,0,0,0
35.6907,1024,10471548,4095,0,1,1
35.7028,1025,10481549,4095,0,0,0
35.7131,1026,10491549,4095,0,1,1
35.7207,1027,10501549,4095,0,0,0
35.7308,1028,10511548,4095,0,1,1
35.7406,1029,10521549,4095,0,0,0
35.7507,1030,10531548,4095,0,1,1
35.7611,1031,10541549,4095,0,0,0
35.7709,1032,10551548,4095,0,1,1
35.7813,1033,10561549,4095,0,0,0
35.7916,1034,10571548,4095,0,1,1
35.8018,1035,10581549,4095,0,0,0
35.8120,1036,10591548,4095,0,1,1
35.8223,1037,10601549,4095,0,0,0
35.8306,1038,10611548,4095,0,1,1
35.8406,1039,10621549,4095,0,0,0
35.8506,1040,10631549,4095,0,1,1
35.8606,1041,10641548,4095,0,0,0
35.8709,1042,10651549,4095,0,1,1
35.8809,1043,10661549,4095,0,0,0
35.8909,1044,10671548,4095,0,1,1
35.9008,1045,10681549,4095,0,0,0
35.9118,1046,10691549,4095,0,1,1
35.9242,1047,10701549,4095,0,0,0
35.9323,1048,10711548,4095,0,1,1
35.9421,1049,10721549,4095,0,0,0
35.9506,1050,10731548,4095,0,0,0
35.9607,1051,10741549,4095,0,0,0
35.9713,1052,10751548,4095,0,1,1
35.9806,1053,10761548,4095,0,0,0
35.9910,1054,10771548,4095,0,1,1
36.0007,1055,10781549,4095,0,0,0
36.0109,1056,10791549,4095,0,0,0
36.0210,1057,10801548,4095,0,0,0
36.0319,1058,10811549,4095,0,0,0
36.0423,1059,10821548,4095,0,0,0
36.0509,1060,10831549,4095,0,0,0
36.0609,1061,10841548,4095,0,0,0
36.0718,1062,10851549,4095,0,0,0
36.0816,1063,10861548,4095,0,0,0
36.0907,1064,10871549,4095,0,1,1
36.1006,1065,10881549,4095,0,0,0
36.1109,1066,10891549,4095,0,0,0
36.1208,1067,10901549,4095,0,0,0
36.1307,1068,10911548,4095,0,0,0
36.1410,1069,10921549,4095,0,0,0
36.1524,1070,10931548,4095,0,0,0
36.1649,1071,10941549,4095,0,0,0
36.1732,1072,10951549,4095,0,0,0
36.1833,1073,10961548,4095,0,0,0
36.1907,1074,10971548,4095,0,0,0
36.2019,1075,10981549,4095,0,0,0
36.2106,1076,10991548,4095,0,0,0
36.2207,1077,11001549,4095,0,0,0
36.2306,1078,11011548,4095,0,0,0
36.2408,1079,11021549,4095,0,0,0
36.2507,1080,11031549,4095,0,0,0
36.2610,1081,11041549,4095,0,0,0
36.2709,1082,11051548,4095,0,0,0
36.2832,1083,11061549,4095,0,0,0
36.2922,1084,11071548,4095,0,0,0
36.3018,1085,11081549,4095,0,0,0
36.3129,1086,11091548,4095,0,0,0
36.3207,1087,11101549,4095,0,0,0
36.3307,1088,11111548,4095,0,0,0
36.3408,1089,11121549,4095,0,0,0
36.3507,1090,11131549,4095,0,0,0
36.3608,1091,11141548,4095,0,0,0
36.3706,1092,11151548,4095,0,0,0
36.3809,1093,11161549,4095,0,0,0
36.3907,1094,11171548,4095,0,0,0
36.4008,1095,11181549,4095,0,0,0
36.4112,1096,11191548,4095,0,0,0
36.4218,1097,11201549,4095,0,0,0
36.4320,1098,11211549,4095,0,0,0
36.4422,1099,11221548,4095,0,0,0
36.4508,1100,11231548,4095,0,0,0
36.4607,1101,11241549,4095,0,0,0
36.4706,1102,11251549,4095,0,0,0
36.4809,1103,11261548,4095,0,0,0
36.4911,1104,11271549,4095,0,0,0
36.5010,1105,11281549,4095,0,0,0
36.5110,1106,11291548,4095,0,0,0
36.5241,1107,11301548,4095,0,0,0
36.5307,1108,11311549,4095,0,0,0
36.5442,1109,11321549,4095,0,0,0
36.5538,1110,11331549,4095,0,0,0
36.5606,1111,11341549,4095,0,0,0
36.5761,1112,11351548,4095,0,0,0
36.5830,1113,11361549,4095,0,0,0
36.5906,1114,11371548,4095,0,0,0
36.6008,1115,11381548,4095,0,0,0
36.6106,1116,11391549,4095,0,0,0
36.6207,1117,11401548,4095,0,0,0
36.6311,1118,11411549,4095,0,0,0
36.6407,1119,11421549,4095,0,0,0
36.6506,1120,11431548,4095,0,0,0
36.6617,1121,11441549,4095,0,0,0
36.6749,1122,11451548,4095,0,0,0
36.6843,1123,11461549,4095,0,0,0
36.6920,1124,11471549,4095,0,0,0
36.7026,1125,11481548,4095,0,0,0
36.7106,1126,11491549,4095,0,0,0
36.7209,1127,11501548,4095,0,0,0
36.7306,1128,11511549,4095,0,0,0
36.7408,1129,11521549,4095,0,0,0
36.7510,1130,11531548,4095,0,0,0
36.7611,1131,11541549,4095,0,0,0
36.7772,1132,11551548,4095,0,0,0
36.7811,1133,11561549,4095,0,0,0
36.7911,1134,11571548,4095,0,0,0
36.8021,1135,11581549,4095,0,0,0
36.8114,1136,11591549,4095,0,0,0
36.8212,1137,11601548,4095,0,0,0
36.8306,1138,11611549,4095,0,0,0
36.8406,1139,11621548,4095,0,0,0
36.8506,1140,11631549,4095,0,0,0
36.8612,1141,11641548,4095,0,0,0
36.8708,1142,11651548,4095,0,0,0
36.8812,1143,11661548,4095,0,0,0
36.8914,1144,11671549,4095,0,0,0
36.9010,1145,11681548,4095,0,0,0
36.9108,1146,11691548,4095,0,0,0
36.9222,1147,11701549,4095,0,0,0
36.9320,1148,11711549,4095,0,0,0
36.9410,1149,11721549,4095,0,0,0
36.9506,1150,11731549,4095,0,0,0
36.9607,1151,11741549,4095,0,0,0
36.9706,1152,11751549,4095,0,0,0
36.9812,1153,11761549,4095,0,0,0
36.9908,1154,11771548,4095,0,0,0
37.0009,1155,11781549,4095,0,0,0
37.0118,1156,11791548,4095,0,0,0
37.0212,1157,11801549,4095,0,0,0
37.0322,1158,11811548,4095,0,0,0
37.0419,1159,11821548,4095,0,0,0
37.0529,1160,11831549,4095,0,0,0
37.0611,1161,11841549,4095,0,0,0
37.0718,1162,11851548,4095,0,0,0
37.0808,1163,11861549,4095,0,0,0
37.0906,1164,11871548,4095,0,0,0
37.1007,1165,11881549,4095,0,0,0
37.1107,1166,11891549,4095,0,0,0
37.1208,1167,11901549,4095,0,0,0
37.1314,1168,11911548,4095,0,0,0
37.1414,1169,11921549,4095,0,0,0
37.1515,1170,11931549,4095,0,0,0
37.1627,1171,11941548,4095,0,0,0
37.1709,1172,11951549,4095,0,0,0
37.1819,1173,11961549,4095,0,0,0
37.1906,1174,11971549,4095,0,0,0
37.2008,1175,11981549,4095,0,0,0
37.2107,1176,11991548,4095,0,0,0
37.2206,1177,12001549,4095,0,0,0
37.2311,1178,12011548,4095,0,0,0
37.2412,1179,12021549,4095,0,0,0
37.2510,1180,12031549,4095,0,0,0
37.2610,1181,12041548,4095,0,0,0
37.2726,1182,12051549,4095,0,0,0
37.2831,1183,12061548,4095,0,0,0
37.2908,1184,12071549,4095,0,0,0
37.3026,1185,12081548,4095,0,0,0
37.3124,1186,12091549,4095,0,0,0
37.3207,1187,12101548,4095,0,0,0
37.3307,1188,12111549,4095,0,0,0
37.3408,1189,12121549,4095,0,0,0
37.3510,1190,12131548,4095,0,0,0
37.3611,1191,12141548,4095,0,0,0
37.3713,1192,12151549,4095,0,0,0
37.3817,1193,12161548,4095,0,0,0
37.3908,1194,12171549,4095,0,0,0
37.4007,1195,12181549,4095,0,0,0
37.4129,1196,12191549,4095,0,0,0
37.4207,1197,12201549,4095,0,0,0
37.4306,1198,12211549,4095,0,0,0
37.4406,1199,12221549,4095,0,0,0
37.4506,1200,12231548,4095,0,0,0
37.4612,1201,12241549,4095,0,0,0
37.4710,1202,12251548,4095,0,0,0
37.4813,1203,12261549,4095,0,0,0
37.4913,1204,12271548,4095,0,0,0
37.5013,1205,12281549,4095,0,0,0
37.5171,1206,12291548,4095,0,0,0
37.5220,1207,12301549,4095,0,0,0
37.5310,1208,12311549,4095,0,0,0
37.5417,1209,12321548,4095,0,0,0
37.5510,1210,12331549,4095,0,0,0
37.5607,1211,12341548,4095,0,0,0
37.5706,1212,12351549,4095,0,0,0
37.5815,1213,12361548,4095,0,0,0
37.5909,1214,12371549,4095,0,0,0
37.6008,1215,12381549,4095,0,0,0
37.6112,1216,12391548,4095,0,0,0
37.6212,1217,12401549,4095,0,0,0
37.6353,1218,12411548,4095,0,0,0
37.6420,1219,12421549,4095,0,0,0
37.6511,1220,12431548,4095,0,0,0
37.6621,1221,12441549,4095,0,0,0
37.6729,1222,12451549,4095,0,0,0
37.6806,1223,12461549,4095,0,0,0
37.6906,1224,12471549,4095,0,0,0
37.7008,1225,12481548,4095,0,0,0
37.7107,1226,12491549,4095,0,0,0
37.7213,1227,12501548,4095,0,0,0
37.7311,1228,12511549,4095,0,0,0
37.7422,1229,12521548,4095,0,0,0
37.7522,1230,12531548,4095,0,0,0
37.7631,1231,12541549,4095,0,0,0
37.7734,1232,12551548,4095,0,0,0
37.7807,1233,12561548,4095,0,0,0
37.7919,1234,12571549,4095,0,0,0
37.8006,1235,12581548,4095,0,0,0
37.8107,1236,12591549,4095,0,0,0
37.8207,1237,12601549,4095,0,0,0
37.8306,1238,12611548,4095,0,0,0
37.8406,1239,12621549,4095,0,0,0
37.8512,1240,12631549,4095,0,0,0
37.8607,1241,12641548,4095,0,0,0
37.8740,1242,12651549,4095,0,0,0
37.8826,1243,12661549,4095,0,0,0
37.8923,1244,12671548,4095,0,0,0
37.9019,1245,12681549,4095,0,0,0
37.9108,1246,12691549,4095,0,0,0
37.9208,1247,12701548,4095,0,0,0
37.9311,1248,12711549,4095,0,0,0
37.9407,1249,12721549,4095,0,0,0
37.9509,1250,12731549,4095,0,0,0
37.9611,1251,12741548,4095,0,0,0
37.9801,1252,12751549,4095,0,0,0
37.9820,1253,12761549,4095,0,0,0
37.9922,1254,12771548,4095,0,0,0
38.0014,1255,12781549,4095,0,0,0
38.0107,1256,12791549,4095,0,0,0
38.0220,1257,12801548,4095,0,0,0
38.0305,1258,12811548,4095,0,0,0
38.0408,1259,12821548,4095,0,0,0
38.0506,1260,12831549,4095,0,0,0
38.0606,1261,12841549,4095,0,0,0
38.0708,1262,12851548,4095,0,0,0
38.0809,1263,12861548,4095,0,0,0
38.0913,1264,12871549,4095,0,0,0
38.1012,1265,12881549,4095,0,0,0
38.1115,1266,12891548,4095,0,0,0
38.1215,1267,12901549,4095,0,0,0
38.1318,1268,12911548,4095,0,0,0
38.1426,1269,12921549,4095,0,0,0
38.1506,1270,12931549,4095,0,0,0
38.1608,1271,12941548,4095,0,0,0
38.1710,1272,12951549,4095,0,0,0
38.1807,1273,12961548,4095,0,0,0
38.1906,1274,12971549,4095,0,0,0
38.2009,1275,12981548,4095,0,0,0
38.2110,1276,12991549,4095,0,0,0
38.2211,1277,13001548,4095,0,0,0
38.2316,1278,13011549,4095,0,0,0
38.2422,1279,13021548,4095,0,0,0
38.2522,1280,13031549,4095,0,0,0
38.2615,1281,13041548,4095,0,0,0
38.2706,1282,13051549,4095,0,0,0
38.2807,1283,13061548,4095,0,0,0
38.2910,1284,13071549,4095,0,0,0
38.3013,1285,13081548,4095,0,0,0
38.3112,1286,13091549,4095,0,0,0
38.3207,1287,13101548,4095,0,0,0
38.3313,1288,13111549,4095,0,0,0
38.3409,1289,13121548,4095,0,0,0
38.3507,1290,13131548,4095,0,0,0
38.3608,1291,13141549,4095,0,0,0
38.3739,1292,13151549,4095,0,0,0
38.3825,1293,13161548,4095,0,0,0
38.3906,1294,13171549,4095,0,0,0
38.4008,1295,13181549,4095,0,0,0
38.4107,1296,13191548,4095,0,0,0
38.4207,1297,13201548,4095,0,0,0
38.4311,1298,13211549,4095,0,0,0
38.4413,1299,13221548,4095,0,0,0
38.4512,1300,13231549,4095,0,0,0
38.4632,1301,13241548,4095,0,0,0
38.4708,1302,13251549,4095,0,0,0
38.4810,1303,13261548,4095,0,0,0
38.4906,1304,13271549,4095,0,0,0
38.5026,1305,13281549,4095,0,0,0
38.5117,1306,13291549,4095,0,0,0
38.5208,1307,13301548,4095,0,0,0
38.5307,1308,13311549,4095,0,0,0
38.5407,1309,13321548,4095,0,0,0
38.5509,1310,13331548,4095,0,0,0
38.5611,1311,13341549,4095,0,0,0
38.5713,1312,13351549,4095,0,0,0
38.5824,1313,13361548,4095,0,0,0
38.5929,1314,13371549,4095,0,0,0
38.6011,1315,13381548,4095,0,0,0
38.6134,1316,13391549,4095,0,0,0
38.6243,1317,13401549,4095,0,0,0
38.6305,1318,13411548,4095,0,0,0
38.6406,1319,13421549,4095,0,0,0
38.6506,1320,13431549,4095,0,0,0
38.6611,1321,13441548,4095,0,0,0
38.6708,1322,13451549,4095,0,0,0
38.6811,1323,13461548,4095,0,0,0
38.6913,1324,13471549,4095,0,0,0
38.7013,1325,13481548,4095,0,0,0
38.7157,1326,13491549,4095,0,0,0
38.7219,1327,13501548,4095,0,0,0
38.7333,1328,13511549,4095,0,0,0
38.7424,1329,13521548,4095,0,0,0
38.7514,1330,13531548,4095,0,0,0
38.7608,1331,13541549,4095,0,0,0
38.7706,1332,13551549,4095,0,0,0
38.7809,1333,13561549,4095,0,0,0
38.7910,1334,13571549,4095,0,0,0
38.8007,1335,13581548,4095,0,0,0
38.8107,1336,13591549,4095,0,0,0
38.8208,1337,13601548,4095,0,0,0
38.8331,1338,13611549,4095,0,0,0
38.8416,1339,13621549,4095,0,0,0
38.8531,1340,13631548,4095,0,0,0
38.8640,1341,13641549,4095,0,0,0
38.8725,1342,13651549,4095,0,0,0
38.8806,1343,13661549,4095,0,0,0
38.8907,1344,13671548,4095,0,0,0
38.9007,1345,13681548,4095,0,1,1
38.9112,1346,13691549,4095,0,0,0
38.9206,1347,13701548,4095,0,1,1
38.9311,1348,13711549,4095,0,0,0
38.9408,1349,13721548,4095,0,1,1
38.9515,1350,13731549,4095,0,0,0
38.9609,1351,13741548,4095,0,1,1
38.9728,1352,13751549,4095,0,0,0
38.9831,1353,13761549,4095,0,1,1
38.9908,1354,13771548,4095,0,0,0
39.0008,1355,13781549,4095,0,1,1
39.0108,1356,13791548,4095,0,0,0
39.0208,1357,13801549,4095,0,1,1
39.0313,1358,13811549,4095,0,0,0
39.0409,1359,13821548,4095,0,1,1
39.0546,1360,13831549,4095,0,0,0
39.0616,1361,13841549,4095,0,1,1
39.0728,1362,13851549,4095,0,0,0
39.0823,1363,13861549,4095,0,1,1
39.0908,1364,13871549,4095,0,0,0
39.1014,1365,13881548,4095,0,1,1
39.1106,1366,13891549,4095,0,0,0
39.1206,1367,13901549,4095,0,1,1
39.1308,1368,13911549,4095,0,0,0
39.1409,1369,13921549,4095,0,1,1
39.1511,1370,13931548,4095,0,0,0
39.1613,1371,13941549,4095,0,1,1
39.1806,1372,13951548,4095,0,0,0
39.1838,1373,13961548,4095,0,1,1
39.1917,1374,13971549,4095,0,0,0
39.2023,1375,13981548,4095,0,1,1
39.2115,1376,13991549,4095,0,0,0
39.2221,1377,14001548,4095,0,1,1
39.2306,1378,14011549,4095,0,0,0
39.2407,1379,14021549,4095,0,1,1
39.2507,1380,14031549,4095,0,0,0
39.2609,1381,14041548,4095,0,1,1
39.2712,1382,14051549,4095,0,0,0
39.2811,1383,14061549,4095,0,1,1
39.2911,1384,14071548,4095,0,0,0
39.3009,1385,14081549,4095,0,1,1
39.3122,1386,14091548,4095,0,0,0
39.3207,1387,14101549,4095,0,1,1
39.3307,1388,14111548,4095,0,0,0
39.3421,1389,14121549,4095,0,1,1
39.3506,1390,14131549,4095,0,0,0
39.3607,1391,14141549,4095,0,1,1
39.3708,1392,14151548,4095,0,0,0
39.3807,1393,14161549,4095,0,1,1
39.3908,1394,14171548,4095,0,0,0
39.4010,1395,14181549,4095,0,1,1
39.4113,1396,14191548,4095,0,0,0
39.4211,1397,14201549,4095,0,1,1
39.4328,1398,14211548,4095,0,0,0
39.4418,1399,14221549,4095,0,1,1
39.4550,1400,14231549,4095,0,0,0
39.4625,1401,14241549,4095,0,1,1
39.4710,1402,14251549,4095,0,0,0
39.4806,1403,14261548,4095,0,1,1
39.4907,1404,14271549,4095,0,0,0
39.5006,1405,14281548,4095,0,1,1
39.5107,1406,14291549,4095,0,0,0
39.5209,1407,14301548,4095,0,1,1
39.5311,1408,14311548,4095,0,0,0
39.5426,1409,14321549,4095,0,1,1
39.5535,1410,14331549,4095,0,0,0
39.5607,1411,14341548,4095,0,1,1
39.5720,1412,14351549,4095,0,0,0
39.5808,1413,14361548,4095,0,1,1
39.5908,1414,14371549,4095,0,0,0
39.6008,1415,14381549,4095,0,1,1
39.6107,1416,14391549,4095,0,0,0
39.6209,1417,14401549,4095,0,1,1
39.6314,1418,14411549,4095,0,0,0
39.6415,1419,14421548,4095,0,1,1
39.6511,1420,14431549,4095,0,0,0
39.6608,1421,14441549,4095,0,1,1
39.6710,1422,14451549,4095,0,0,0
39.6818,1423,14461549,4095,0,1,1
39.6912,1424,14471549,4095,0,0,0
39.7009,1425,14481549,4095,0,1,1
39.7106,1426,14491549,4095,0,0,0
39.7208,1427,14501548,4095,0,1,1
39.7307,1428,14511549,4095,0,0,0
39.7408,1429,14521548,4095,0,1,1
39.7511,1430,14531549,4095,0,0,0
39.7613,1431,14541549,4095,0,1,1
39.7801,1432,14551548,4095,0,0,0
39.7811,1433,14561549,4095,0,1,1
39.7916,1434,14571548,4095,0,0,0
39.8019,1435,14581549,4095,0,1,1
39.8135,1436,14591548,4095,0,0,0
39.8248,1437,14601548,4095,0,1,1
39.8306,1438,14611549,4095,0,0,0
39.8408,1439,14621549,4095,0,1,1
39.8506,1440,14631548,4095,0,0,0
39.8608,1441,14641549,4095,0,1,1
39.8711,1442,14651549,4095,0,0,0
39.8810,1443,14661548,4095,0,1,1
39.8913,1444,14671549,4095,0,0,0
39.9014,1445,14681548,4095,0,1,1
39.9107,1446,14691549,4095,0,0,0
39.9227,1447,14701549,4095,0,1,1
39.9315,1448,14711549,4095,0,0,0
39.9417,1449,14721549,4095,0,1,1
39.9505,1450,14731549,4095,0,0,0
39.9606,1451,14741549,4095,0,1,1
39.9710,1452,14751548,4095,0,0,0
39.9805,1453,14761549,4095,0,1,1
39.9909,1454,14771548,4095,0,0,0
40.0009,1455,14781549,4095,0,1,1
40.0161,1456,14791549,4095,0,0,0
40.0230,1457,14801548,4095,0,1,1
40.0326,1458,14811549,4095,0,0,0
40.0412,1459,14821549,4095,0,1,1
40.0512,1460,14831548,4095,0,0,0
40.0621,1461,14841549,4095,0,1,1
40.0706,1462,14851548,4095,0,0,0
40.0806,1463,14861549,4095,0,1,1
40.0907,1464,14871549,4095,0,0,0
40.1009,1465,14881549,4095,0,1,1
40.1110,1466,14891549,4095,0,0,0
40.1206,1467,14901549,4095,0,1,1
40.1311,1468,14911548,4095,0,0,0
40.1409,1469,14921549,4095,0,1,1
40.1506,1470,14931548,4095,0,0,0
40.1608,1471,14941549,4095,0,1,1
40.1752,1472,14951548,4095,0,0,0
40.1822,1473,14961548,4095,0,1,1
40.1910,1474,14971549,4095,0,0,0
40.2008,1475,14981549,4095,0,1,1
40.2107,1476,14991548,4095,0,0,0
40.2207,1477,15001549,4095,0,1,1
40.2314,1478,15011549,4095,0,0,0
40.2406,1479,15021549,4095,0,1,1
40.2509,1480,15031548,4095,0,0,0
40.2610,1481,15041549,4095,0,1,1
40.2741,1482,15051548,4095,0,0,0
40.2807,1483,15061548,4095,0,1,1
40.2918,1484,15071549,4095,0,0,0
40.3052,1485,15081548,4095,0,1,1
40.3120,1486,15091549,4095,0,0,0
40.3208,1487,15101549,4095,0,1,1
40.3312,1488,15111548,4095,0,0,0
40.3408,1489,15121549,4095,0,1,1
40.3509,1490,15131548,4095,0,0,0
40.3610,1491,15141549,4095,0,1,1
40.3713,1492,15151548,4095,0,0,0
40.3815,1493,15161549,4095,0,1,1
40.3937,1494,15171548,4095,0,0,0
40.4007,1495,15181549,4095,0,1,1
40.4119,1496,15191549,4095,0,0,0
40.4234,1497,15201548,4095,0,1,1
40.4307,1498,15211549,4095,0,0,0
40.4407,1499,15221548,4095,0,1,1
40.4506,1500,15231549,4095,0,0,0
40.4608,1501,15241548,4095,0,1,1
40.4710,1502,15251549,4095,0,0,0
40.4811,1503,15261549,4095,0,1,1
40.4913,1504,15271548,4095,0,0,0
40.5009,1505,15281549,4095,0,1,1
40.5138,1506,15291549,4095,0,0,0
40.5220,1507,15301549,4095,0,1,1
40.5318,1508,15311548,4095,0,0,0
40.5416,1509,15321548,4095,0,1,1
40.5516,1510,15331549,4095,0,0,0
40.5608,1511,15341548,4095,0,1,1
40.5707,1512,15351549,4095,0,0,0
40.5808,1513,15361549,4095,0,1,1
40.5909,1514,15371549,4095,0,0,0
40.6011,1515,15381548,4095,0,1,1
40.6113,1516,15391549,4095,0,0,0
40.6223,1517,15401549,4095,0,1,1
40.6338,1518,15411548,4095,0,0,0
40.6407,1519,15421549,4095,0,1,1
40.6530,1520,15431548,4095,0,0,0
40.6609,1521,15441549,4095,0,1,1
40.6719,1522,15451549,4095,0,0,0
40.6808,1523,15461548,4095,0,1,1
40.6907,1524,15471549,4095,0,0,0
40.7012,1525,15481548,4095,0,1,1
40.7108,1526,15491548,4095,0,0,0
40.7211,1527,15501549,4095,0,1,1
40.7313,1528,15511548,4095,0,0,0
40.7420,1529,15521549,4095,0,1,1
40.7535,1530,15531549,4095,0,0,0
40.7611,1531,15541548,4095,0,1,1
40.7738,1532,15551549,4095,0,0,0
40.7829,1533,15561548,4095,0,1,1
40.7907,1534,15571549,4095,0,0,0
40.8006,1535,15581548,4095,0,1,1
40.8106,1536,15591548,4095,0,0,0
40.8205,1537,15601549,4095,0,1,1
40.8307,1538,15611548,4095,0,0,0
40.8407,1539,15621549,4095,0,1,1
40.8511,1540,15631549,4095,0,0,0
40.8636,1541,15641549,4095,0,1,1
40.8713,1542,15651548,4095,0,0,0
40.8818,1543,15661549,4095,0,1,1
40.8925,1544,15671549,4095,0,0,0
40.9008,1545,15681548,4095,0,1,1
40.9127,1546,15691549,4095,0,0,0
40.9206,1547,15701549,4095,0,1,1
40.9307,1548,15711548,4095,0,0,0
40.9408,1549,15721549,4095,0,1,1
40.9509,1550,15731548,4095,0,0,0
40.9611,1551,15741549,4095,0,0,0
40.9709,1552,15751549,4095,0,0,0
40.9815,1553,15761549,4095,0,1,1
40.9933,1554,15771548,4095,0,0,0
41.0010,1555,15781549,4095,0,0,0
41.0123,1556,15791549,4095,0,0,0
41.0228,1557,15801548,4095,0,0,0
41.0315,1558,15811549,4095,0,0,0
41.0408,1559,15821549,4095,0,0,0
41.0506,1560,15831548,4095,0,0,0
41.0611,1561,15841549,4095,0,0,0
41.0706,1562,15851548,4095,0,0,0
41.0807,1563,15861549,4095,0,0,0
41.0909,1564,15871548,4095,0,0,0
41.1012,1565,15881549,4095,0,0,0
41.1116,1566,15891549,4095,0,0,0
41.1226,1567,15901548,4095,0,0,0
41.1326,1568,15911548,4095,0,0,0
41.1423,1569,15921549,4095,0,0,0
41.1525,1570,15931549,4095,0,0,0
41.1607,1571,15941549,4095,0,0,0
41.1706,1572,15951548,4095,0,0,0
41.1815,1573,15961549,4095,0,0,0
41.1906,1574,15971548,4095,0,0,0
41.2006,1575,15981549,4095,0,0,0
41.2108,1576,15991548,4095,0,0,0
41.2215,1577,16001549,4095,0,0,0
41.2324,1578,16011548,4095,0,0,0
41.2406,1579,16021549,4095,0,0,0
41.2518,1580,16031548,4095,0,0,0
41.2620,1581,16041549,4095,0,0,0
41.2713,1582,16051548,4095,0,0,0
41.2806,1583,16061549,4095,0,0,0
41.2906,1584,16071549,4095,0,0,0
41.3007,1585,16081549,4095,0,0,0
41.3109,1586,16091549,4095,0,0,0
41.3207,1587,16101548,4095,0,0,0
41.3311,1588,16111549,4095,0,0,0
41.3413,1589,16121549,4095,0,0,0
41.3513,1590,16131549,4095,0,0,0
41.3621,1591,16141548,4095,0,0,0
41.3736,1592,16151549,4095,0,0,0
41.3818,1593,16161548,4095,0,0,0
41.3907,1594,16171549,4095,0,0,0
41.4008,1595,16181548,4095,0,0,0
41.4107,1596,16191549,4095,0,0,0
41.4207,1597,16201548,4095,0,0,0
41.4314,1598,16211549,4095,0,0,0
41.4408,1599,16221548,4095,0,0,0
41.4512,1600,16231549,4095,0,0,0
41.4609,1601,16241548,4095,0,0,0
41.4706,1602,16251549,4095,0,0,0
41.4808,1603,16261549,4095,0,0,0
41.4907,1604,16271549,4095,0,0,0
41.5007,1605,16281549,4095,0,0,0
41.5106,1606,16291548,4095,0,0,0
41.5207,1607,16301548,4095,0,0,0
41.5308,1608,16311549,4095,0,0,0
41.5408,1609,16321548,4095,0,0,0
41.5513,1610,16331548,4095,0,0,0
41.5611,1611,16341549,4095,0,0,0
41.5807,1612,16351549,4095,0,0,0
41.5823,1613,16361549,4095,0,0,0
41.5927,1614,16371548,4095,0,0,0
41.6008,1615,16381549,4095,0,0,0
41.6107,1616,16391548,4095,0,0,0
41.6215,1617,16401549,4095,0,0,0
41.6306,1618,16411548,4095,0,0,0
41.6406,1619,16421549,4095,0,0,0
41.6507,1620,16431549,4095,0,0,0
41.6606,1621,16441549,4095,0,0,0
41.6707,1622,16451549,4095,0,0,0
41.6808,1623,16461549,4095,0,0,0
41.6910,1624,16471549,4095,0,0,0
41.7009,1625,16481548,4095,0,0,0
41.7117,1626,16491549,4095,0,0,0
41.7217,1627,16501549,4095,0,0,0
41.7320,1628,16511548,4095,0,0,0
41.7426,1629,16521549,4095,0,0,0
41.7509,1630,16531549,4095,0,0,0
41.7607,1631,16541549,4095,0,0,0
41.7708,1632,16551549,4095,0,0,0
41.7810,1633,16561549,4095,0,0,0
41.7906,1634,16571548,4095,0,0,0
41.8007,1635,16581549,4095,0,0,0
41.8110,1636,16591549,4095,0,0,0
41.8212,1637,16601549,4095,0,0,0
41.8313,1638,16611549,4095,0,0,0
41.8420,1639,16621549,4095,0,0,0
41.8512,1640,16631549,4095,0,0,0
41.8627,1641,16641549,4095,0,0,0
41.8711,1642,16651549,4095,0,0,0
41.8807,1643,16661549,4095,0,0,0
41.8907,1644,16671548,4095,0,0,0
41.9007,1645,16681549,4095,0,0,0
41.9108,1646,16691549,4095,0,0,0
41.9211,1647,16701549,4095,0,0,0
41.9307,1648,16711549,4095,0,0,0
41.9424,1649,16721548,4095,0,0,0
41.9537,1650,16731549,4095,0,0,0
41.9638,1651,16741549,4095,0,0,0
41.9738,1652,16751549,4095,0,0,0
41.9824,1653,16761549,4095,0,0,0
41.9912,1654,16771549,4095,0,0,0
42.0009,1655,16781549,4095,0,0,0
42.0107,1656,16791548,4095,0,0,0
42.0206,1657,16801549,4095,0,0,0
42.0309,1658,16811548,4095,0,0,0
42.0412,1659,16821549,4095,0,0,0
42.0510,1660,16831549,4095,0,0,0
42.0609,1661,16841548,4095,0,0,0
42.0732,1662,16851549,4095,0,0,0
42.0808,1663,16861549,4095,0,0,0
42.0911,1664,16871548,4095,0,0,0
42.1007,1665,16881549,4095,0,0,0
42.1106,1666,16891549,4095,0,0,0
42.1207,1667,16901548,4095,0,0,0
42.1308,1668,16911549,4095,0,0,0
42.1409,1669,16921549,4095,0,0,0
42.1511,1670,16931549,4095,0,0,0
42.1611,1671,16941549,4095,0,0,0
42.1812,1672,16951548,4095,0,0,0
42.1818,1673,16961549,4095,0,0,0
42.1958,1674,16971549,4095,0,0,0
42.2045,1675,16981548,4095,0,0,0
42.2111,1676,16991549,4095,0,0,0
42.2208,1677,17001549,4095,0,0,0
42.2314,1678,17011548,4095,0,0,0
42.2408,1679,17021549,4095,0,0,0
42.2506,1680,17031548,4095,0,0,0
42.2607,1681,17041549,4095,0,0,0
42.2712,1682,17051549,4095,0,0,0
42.2809,1683,17061548,4095,0,0,0
42.2912,1684,17071549,4095,0,0,0
42.3015,1685,17081548,4095,0,0,0
42.3158,1686,17091548,4095,0,0,0
42.3230,1687,17101549,4095,0,0,0
42.3332,1688,17111548,4095,0,0,0
42.3434,1689,17121549,4095,0,0,0
42.3519,1690,17131548,4095,0,0,0
42.3634,1691,17141549,4095,0,0,0
42.3706,1692,17151548,4095,0,0,0
42.3806,1693,17161549,4095,0,0,0
42.3907,1694,17171548,4095,0,0,0
42.4006,1695,17181549,4095,0,0,0
42.4109,1696,17191548,4095,0,0,0
42.4212,1697,17201548,4095,0,0,0
42.4356,1698,17211549,4095,0,0,0
42.4415,1699,17221549,4095,0,0,0
42.4538,1700,17231548,4095,0,0,0
42.4607,1701,17241549,4095,0,0,0
42.4707,1702,17251549,4095,0,0,0
42.4828,1703,17261548,4095,0,0,0
42.4906,1704,17271549,4095,0,0,0
42.5006,1705,17281548,4095,0,0,0
42.5106,1706,17291549,4095,0,0,0
42.5206,1707,17301549,4095,0,0,0
42.5311,1708,17311549,4095,0,0,0
42.5410,1709,17321549,4095,0,0,0
42.5513,1710,17331549,4095,0,0,0
42.5614,1711,17341548,4095,0,0,0
42.5750,1712,17351549,4095,0,0,0
42.5819,1713,17361549,4095,0,0,0
42.5919,1714,17371548,4095,0,0,0
42.6027,1715,17381549,4095,0,0,0
42.6114,1716,17391548,4095,0,0,0
42.6206,1717,17401549,4095,0,0,0
42.6311,1718,17411548,4095,0,0,0
42.6410,1719,17421549,4095,0,0,0
42.6508,1720,17431548,4095,0,0,0
42.6609,1721,17441549,4095,0,0,0
42.6713,1722,17451549,4095,0,0,0
42.6811,1723,17461548,4095,0,0,0
42.6925,1724,17471548,4095,0,1,1
42.7013,1725,17481549,4095,0,0,0
42.7117,1726,17491549,4095,0,1,1
42.7232,1727,17501549,4095,0,0,0
42.7306,1728,17511548,4095,0,1,1
42.7406,1729,17521548,4095,0,0,0
42.7510,1730,17531549,4095,0,1,1
42.7608,1731,17541549,4095,0,0,0
42.7710,1732,17551548,4095,0,1,1
42.7809,1733,17561548,4095,0,0,0
42.7918,1734,17571549,4095,0,1,1
42.8027,1735,17581548,4095,0,0,0
42.8107,1736,17591549,4095,0,1,1
42.8235,1737,17601549,4095,0,0,0
42.8339,1738,17611549,4095,0,1,1
42.8410,1739,17621548,4095,0,0,0
42.8512,1740,17631549,4095,0,1,1
42.8607,1741,17641548,4095,0,0,0
42.8707,1742,17651549,4095,0,1,1
42.8808,1743,17661548,4095,0,0,0
42.8915,1744,17671549,4095,0,1,1
42.9011,1745,17681548,4095,0,0,0
42.9164,1746,17691549,4095,0,1,1
42.9210,1747,17701548,4095,0,0,0
42.9315,1748,17711549,4095,0,1,1
42.9435,1749,17721548,4095,0,0,0
42.9507,1750,17731549,4095,0,1,1
42.9631,1751,17741549,4095,0,0,0
42.9705,1752,17751549,4095,0,1,1
42.9806,1753,17761548,4095,0,0,0
42.9907,1754,17771549,4095,0,1,1
43.0006,1755,17781549,4095,0,0,0
43.0112,1756,17791548,4095,0,1,1
43.0210,1757,17801549,4095,0,0,0
43.0351,1758,17811549,4095,0,1,1
43.0422,1759,17821548,4095,0,0,0
43.0532,1760,17831549,4095,0,1,1
43.0625,1761,17841548,4095,0,0,0
43.0725,1762,17851549,4095,0,1,1
43.0833,1763,17861548,4095,0,0,0
43.0907,1764,17871549,4095,0,1,1
43.1006,1765,17881549,4095,0,0,0
43.1106,1766,17891549,4095,0,1,1
43.1205,1767,17901549,4095,0,0,0
43.1311,1768,17911548,4095,0,1,1
43.1410,1769,17921549,4095,0,0,0
43.1567,1770,17931549,4095,0,1,1
43.1628,1771,17941549,4095,0,0,0
43.1745,1772,17951549,4095,0,1,1
43.1826,1773,17961549,4095,0,0,0
43.1943,1774,17971548,4095,0,1,1
43.2014,1775,17981549,4095,0,0,0
43.2134,1776,17991549,4095,0,1,1
43.2208,1777,18001549,4095,0,0,0
43.2307,1778,18011548,4095,0,1,1
43.2406,1779,18021548,4095,0,0,0
43.2505,1780,18031549,4095,0,1,1
43.2608,1781,18041548,4095,0,0,0
43.2711,1782,18051549,4095,0,1,1
43.2815,1783,18061549,4095,0,0,0
43.2910,1784,18071548,4095,0,1,1
43.3042,1785,18081549,4095,0,0,0
43.3120,1786,18091549,4095,0,1,1
43.3217,1787,18101548,4095,0,0,0
43.3317,1788,18111549,4095,0,1,1
43.3423,1789,18121549,4095,0,0,0
43.3507,1790,18131548,4095,0,1,1
43.3607,1791,18141549,4095,0,0,0
43.3706,1792,18151548,4095,0,1,1
43.3807,1793,18161549,4095,0,0,0
43.3907,1794,18171549,4095,0,1,1
43.4010,1795,18181548,4095,0,0,0
43.4108,1796,18191549,4095,0,1,1
43.4225,1797,18201548,4095,0,0,0
43.4325,1798,18211549,4095,0,1,1
43.4407,1799,18221549,4095,0,0,0
43.4513,1800,18231549,4095,0,1,1
43.4608,1801,18241548,4095,0,0,0
43.4705,1802,18251549,4095,0,1,1
43.4807,1803,18261548,4095,0,0,0
43.4907,1804,18271549,4095,0,1,1
43.5011,1805,18281549,4095,0,0,0
43.5108,1806,18291548,4095,0,1,1
43.5212,1807,18301549,4095,0,0,0
43.5324,1808,18311548,4095,0,1,1
43.5420,1809,18321548,4095,0,0,0
43.5525,1810,18331549,4095,0,1,1
43.5621,1811,18341548,4095,0,0,0
43.5723,1812,18351549,4095,0,1,1
43.5806,1813,18361549,4095,0,0,0
43.5907,1814,18371549,4095,0,1,1
43.6007,1815,18381549,4095,0,0,0
43.6107,1816,18391548,4095,0,1,1
43.6210,1817,18401549,4095,0,0,0
43.6314,1818,18411549,4095,0,1,1
43.6464,1819,18421548,4095,0,0,0
43.6511,1820,18431549,4095,0,1,1
43.6629,1821,18441548,4095,0,0,0
43.6717,1822,18451549,4095,0,1,1
43.6816,1823,18461549,4095,0,0,0
43.6919,1824,18471549,4095,0,1,1
43.7006,1825,18481548,4095,0,0,0
43.7109,1826,18491549,4095,0,1,1
43.7206,1827,18501549,4095,0,0,0
43.7306,1828,18511549,4095,0,1,1
43.7409,1829,18521549,4095,0,0,0
43.7511,1830,18531548,4095,0,1,1
43.7614,1831,18541549,4095,0,0,0
43.7710,1832,18551548,4095,0,1,1
43.7842,1833,18561548,4095,0,0,0
43.7926,1834,18571549,4095,0,1,1
43.8022,1835,18581548,4095,0,0,0
43.8112,1836,18591549,4095,0,1,1
43.8223,1837,18601548,4095,0,0,0
43.8306,1838,18611549,4095,0,1,1
43.8407,1839,18621548,4095,0,0,0
43.8510,1840,18631549,4095,0,1,1
43.8608,1841,18641548,4095,0,0,0
43.8711,1842,18651549,4095,0,1,1
43.8814,1843,18661548,4095,0,0,0
43.8910,1844,18671548,4095,0,1,1
43.9006,1845,18681549,4095,0,0,0
43.9119,1846,18691549,4095,0,1,1
43.9225,1847,18701549,4095,0,0,0
43.9308,1848,18711548,4095,0,1,1
43.9412,1849,18721549,4095,0,0,0
43.9511,1850,18731549,4095,0,1,1
43.9607,1851,18741548,4095,0,0,0
43.9709,1852,18751549,4095,0,1,1
43.9807,1853,18761548,4095,0,0,0
43.9907,1854,18771548,4095,0,1,1
44.0012,1855,18781549,4095,0,0,0
44.0111,1856,18791549,4095,0,1,1
44.0218,1857,18801548,4095,0,0,0
44.0307,1858,18811549,4095,0,1,1
44.0424,1859,18821549,4095,0,0,0
44.0507,1860,18831549,4095,0,1,1
44.0614,1861,18841548,4095,0,0,0
44.0710,1862,18851549,4095,0,1,1
44.0807,1863,18861548,4095,0,0,0
44.0908,1864,18871549,4095,0,1,1
44.1010,1865,18881548,4095,0,0,0
44.1114,1866,18891549,4095,0,1,1
44.1209,1867,18901549,4095,0,0,0
44.1327,1868,18911548,4095,0,1,1
44.1407,1869,18921549,4095,0,0,0
44.1512,1870,18931548,4095,0,1,1
44.1607,1871,18941549,4095,0,0,0
44.1713,1872,18951549,4095,0,1,1
44.1811,1873,18961549,4095,0,0,0
44.1907,1874,18971549,4095,0,1,1
44.2006,1875,18981548,4095,0,0,0
44.2106,1876,18991549,4095,0,1,1
44.2209,1877,19001549,4095,0,0,0
44.2308,1878,19011549,4095,0,1,1
44.2412,1879,19021548,4095,0,0,0
44.2514,1880,19031549,4095,0,1,1
44.2615,1881,19041549,4095,0,0,0
44.2713,1882,19051548,4095,0,1,1
44.2825,1883,19061549,4095,0,0,0
44.2914,1884,19071548,4095,0,1,1
44.3006,1885,19081549,4095,0,0,0
44.3119,1886,19091548,4095,0,1,1
44.3206,1887,19101548,4095,0,0,0
44.3309,1888,19111549,4095,0,1,1
44.3409,1889,19121548,4095,0,0,0
44.3511,1890,19131549,4095,0,1,1
44.3614,1891,19141549,4095,0,0,0
44.3719,1892,19151549,4095,0,1,1
44.3816,1893,19161548,4095,0,0,0
44.3919,1894,19171549,4095,0,1,1
44.4025,1895,19181549,4095,0,0,0
44.4113,1896,19191549,4095,0,1,1
44.4206,1897,19201548,4095,0,0,0
44.4311,1898,19211548,4095,0,1,1
44.4406,1899,19221549,4095,0,0,0
44.4511,1900,19231548,4095,0,1,1
44.4609,1901,19241548,4095,0,0,0
44.4712,1902,19251549,4095,0,1,1
44.4814,1903,19261549,4095,0,0,0
44.4914,1904,19271549,4095,0,1,1
44.5048,1905,19281548,4095,0,0,0
44.5122,1906,19291549,4095,0,1,1
44.5228,1907,19301548,4095,0,0,0
44.5314,1908,19311549,4095,0,1,1
44.5421,1909,19321548,4095,0,0,0
44.5507,1910,19331549,4095,0,1,1
44.5607,1911,19341549,4095,0,0,0
44.5707,1912,19351548,4095,0,1,1
44.5806,1913,19361549,4095,0,0,0
44.5908,1914,19371548,4095,0,1,1
44.6011,1915,19381549,4095,0,0,0
44.6126,1916,19391549,4095,0,1,1
44.6207,1917,19401549,4095,0,0,0
44.6308,1918,19411549,4095,0,1,1
44.6444,1919,19421548,4095,0,0,0
44.6530,1920,19431549,4095,0,1,1
44.6615,1921,19441548,4095,0,0,0
44.6705,1922,19451549,4095,0,1,1
44.6806,1923,19461548,4095,0,0,0
44.6906,1924,19471549,4095,0,1,1
44.7009,1925,19481548,4095,0,0,0
44.7110,1926,19491549,4095,0,1,1
44.7208,1927,19501549,4095,0,0,0
44.7318,1928,19511549,4095,0,1,1
44.7421,1929,19521549,4095,0,0,0
44.7512,1930,19531548,4095,0,1,1
44.7612,1931,19541549,4095,0,0,0
44.7732,1932,19551549,4095,0,1,1
44.7827,1933,19561548,4095,0,0,0
44.7908,1934,19571549,4095,0,1,1
44.8006,1935,19581548,4095,0,0,0
44.8107,1936,19591549,4095,0,1,1
44.8214,1937,19601548,4095,0,0,0
44.8309,1938,19611549,4095,0,1,1
44.8412,1939,19621549,4095,0,0,0
44.8521,1940,19631549,4095,0,1,1
44.8611,1941,19641548,4095,0,0,0
44.8726,1942,19651549,4095,0,1,1
44.8842,1943,19661549,4095,0,0,0
44.8926,1944,19671548,4095,0,1,1
44.9011,1945,19681548,4095,0,0,0
44.9108,1946,19691549,4095,0,1,1
44.9206,1947,19701549,4095,0,0,0
44.9313,1948,19711549,4095,0,1,1
44.9409,1949,19721548,4095,0,0,0
44.9509,1950,19731549,4095,0,1,1
44.9613,1951,19741549,4095,0,0,0
44.9716,1952,19751549,4095,0,1,1
44.9820,1953,19761548,4095,0,0,0
44.9922,1954,19771549,4095,0,1,1
45.0023,1955,19781548,4095,0,0,0
45.0120,1956,19791549,4095,0,1,1
45.0206,1957,19801548,4095,0,0,0
45.0311,1958,19811549,4095,0,1,1
45.0406,1959,19821548,4095,0,0,0
45.0513,1960,19831549,4095,0,1,1
45.0612,1961,19841548,4095,0,0,0
45.0715,1962,19851549,4095,0,1,1
45.0811,1963,19861548,4095,0,0,0
45.0923,1964,19871549,4095,0,1,1
45.1017,1965,19881548,4095,0,0,0
45.1123,1966,19891549,4095,0,1,1
45.1206,1967,19901548,4095,0,0,0
45.1308,1968,19911549,4095,0,1,1
45.1406,1969,19921549,4095,0,0,0
45.1506,1970,19931548,4095,0,1,1
45.1608,1971,19941548,4095,0,0,0
45.1714,1972,19951549,4095,0,1,1
45.1808,1973,19961549,4095,0,0,0
45.1914,1974,19971549,4095,0,1,1
45.2014,1975,19981548,4095,0,0,0
45.2131,1976,19991549,4095,0,0,0
45.2233,1977,20001548,4095,0,0,0
45.2328,1978,20011548,4095,0,0,0
45.2431,1979,20021549,4095,0,0,0
45.2519,1980,20031548,4095,0,0,0
45.2610,1981,20041549,4095,0,0,0
45.2707,1982,20051548,4095,0,0,0
45.2806,1983,20061549,4095,0,0,0
45.2910,1984,20071548,4095,0,0,0
45.3011,1985,20081548,4095,0,1,1
45.3214,1986,20091549,4095,0,0,0
45.3225,1987,20101548,4095,0,1,1
45.3320,1988,20111549,4095,0,0,0
45.3418,1989,20121549,4095,0,1,1
45.3518,1990,20131548,4095,0,0,0
45.3626,1991,20141549,4095,0,1,1
45.3733,1992,20151549,4095,0,0,0
45.3835,1993,20161548,4095,0,1,1
45.3910,1994,20171549,4095,0,0,0
45.4006,1995,20181548,4095,0,1,1
45.4107,1996,20191549,4095,0,0,0
45.4206,1997,20201549,4095,0,1,1
45.4306,1998,20211549,4095,0,0,0
45.4405,1999,20221548,4095,0,1,1
45.4509,2000,20231549,4095,0,0,0
45.4618,2001,20241549,4095,0,1,1
45.4718,2002,20251548,4095,0,0,0
45.4812,2003,20261548,4095,0,1,1
45.4918,2004,20271549,4095,0,0,0
45.5009,2005,20281549,4095,0,1,1
45.5109,2006,20291548,4095,0,0,0
45.5206,2007,20301549,4095,0,1,1
45.5306,2008,20311548,4095,0,0,0
45.5406,2009,20321549,4095,0,1,1
45.5508,2010,20331549,4095,0,0,0
45.5610,2011,20341548,4095,0,1,1
45.5771,2012,20351549,4095,0,0,0
45.5809,2013,20361548,4095,0,1,1
45.5921,2014,20371549,4095,0,0,0
45.6030,2015,20381548,4095,0,1,1
45.6112,2016,20391549,4095,0,0,0
45.6242,2017,20401548,4095,0,1,1
45.6306,2018,20411549,4095,0,0,0
45.6408,2019,20421548,4095,0,1,1
45.6506,2020,20431549,4095,0,0,0
45.6607,2021,20441549,4095,0,1,1
45.6709,2022,20451549,4095,0,0,0
45.6811,2023,20461548,4095,0,1,1
45.6912,2024,20471549,4095,0,0,0
45.7010,2025,20481549,4095,0,1,1
45.7147,2026,20491549,4095,0,0,0
45.7221,2027,20501548,4095,0,1,1
45.7318,2028,20511549,4095,0,0,0
45.7421,2029,20521548,4095,0,1,1
45.7523,2030,20531549,4095,0,0,0
45.7606,2031,20541549,4095,0,1,1
45.7707,2032,20551548,4095,0,0,0
45.7805,2033,20561549,4095,0,1,1
45.7909,2034,20571549,4095,0,0,0
45.8011,2035,20581549,4095,0,1,1
45.8112,2036,20591548,4095,0,0,0
45.8209,2037,20601548,4095,0,1,1
45.8310,2038,20611549,4095,0,0,0
45.8406,2039,20621548,4095,0,1,1
45.8512,2040,20631549,4095,0,0,0
45.8623,2041,20641548,4095,0,1,1
45.8710,2042,20651549,4095,0,0,0
45.8807,2043,20661549,4095,0,1,1
45.8906,2044,20671548,4095,0,0,0
45.9013,2045,20681548,4095,0,1,1
45.9108,2046,20691549,4095,0,0,0
45.9259,2047,20701549,4095,0,1,1
45.9321,2048,20711549,4095,0,0,0
45.9423,2049,20721549,4095,0,1,1
45.9512,2050,20731548,4095,0,0,0
45.9620,2051,20741549,4095,0,1,1
45.9720,2052,20751548,4095,0,0,0
45.9805,2053,20761549,4095,0,1,1
45.9907,2054,20771549,4095,0,0,0
46.0007,2055,20781549,4095,0,1,1
46.0108,2056,20791549,4095,0,0,0
46.0216,2057,20801549,4095,0,1,1
46.0311,2058,20811548,4095,0,0,0
46.0460,2059,20821548,4095,0,1,1
46.0510,2060,20831549,4095,0,0,0
46.0606,2061,20841549,4095,0,1,1
46.0706,2062,20851548,4095,0,0,0
46.0828,2063,20861549,4095,0,1,1
46.0915,2064,20871549,4095,0,0,0
46.1006,2065,20881548,4095,0,1,1
46.1107,2066,20891549,4095,0,0,0
46.1207,2067,20901549,4095,0,1,1
46.1309,2068,20911548,4095,0,0,0
46.1411,2069,20921548,4095,0,1,1
46.1510,2070,20931549,4095,0,0,0
46.1660,2071,20941548,4095,0,1,1
46.1717,2072,20951549,4095,0,0,0
46.1866,2073,20961548,4095,0,1,1
46.1926,2074,20971549,4095,0,0,0
46.2024,2075,20981549,4095,0,1,1
46.2130,2076,20991549,4095,0,0,0
46.2221,2077,21001549,4095,0,1,1
46.2309,2078,21011548,4095,0,0,0
46.2405,2079,21021549,4095,0,1,1
46.2506,2080,21031548,4095,0,0,0
46.2607,2081,21041549,4095,0,1,1
46.2707,2082,21051548,4095,0,0,0
46.2811,2083,21061549,4095,0,1,1
46.2912,2084,21071548,4095,0,0,0
46.3006,2085,21081549,4095,0,1,1
46.3107,2086,21091548,4095,0,0,0
46.3215,2087,21101549,4095,0,1,1
46.3318,2088,21111549,4095,0,0,0
46.3407,2089,21121549,4095,0,1,1
46.3506,2090,21131548,4095,0,0,0
46.3607,2091,21141549,4095,0,1,1
46.3708,2092,21151548,4095,0,0,0
46.3808,2093,21161548,4095,0,1,1
46.3910,2094,21171549,4095,0,0,0
46.4047,2095,21181549,4095,0,1,1
46.4131,2096,21191549,4095,0,0,0
46.4217,2097,21201549,4095,0,1,1
46.4342,2098,21211549,4095,0,0,0
46.4421,2099,21221549,4095,0,1,1
46.4512,2100,21231548,4095,0,0,0
46.4606,2101,21241548,4095,0,1,1
46.4706,2102,21251549,4095,0,0,0
46.4807,2103,21261549,4095,0,1,1
46.4909,2104,21271549,4095,0,0,0
46.5011,2105,21281549,4095,0,1,1
46.5107,2106,21291549,4095,0,0,0
46.5210,2107,21301548,4095,0,1,1
46.5331,2108,21311549,4095,0,0,0
46.5424,2109,21321549,4095,0,1,1
46.5521,2110,21331549,4095,0,0,0
46.5619,2111,21341548,4095,0,1,1
46.5725,2112,21351549,4095,0,0,0
46.5806,2113,21361549,4095,0,1,1
46.5906,2114,21371548,4095,0,0,0
46.6008,2115,21381549,4095,0,1,1
46.6108,2116,21391548,4095,0,0,0
46.6215,2117,21401549,4095,0,1,1
46.6315,2118,21411549,4095,0,0,0
46.6462,2119,21421549,4095,0,1,1
46.6517,2120,21431548,4095,0,0,0
46.6606,2121,21441549,4095,0,1,1
46.6707,2122,21451548,4095,0,0,0
46.6818,2123,21461549,4095,0,1,1
46.6921,2124,21471548,4095,0,0,0
46.7007,2125,21481549,4095,0,1,1
46.7108,2126,21491548,4095,0,0,0
46.7207,2127,21501549,4095,0,1,1
46.7309,2128,21511549,4095,0,0,0
46.7411,2129,21521549,4095,0,1,1
46.7509,2130,21531549,4095,0,0,0
46.7616,2131,21541549,4095,0,1,1
46.7709,2132,21551548,4095,0,0,0
46.7808,2133,21561549,4095,0,1,1
46.7925,2134,21571548,4095,0,0,0
46.8024,2135,21581549,4095,0,1,1
46.8125,2136,21591548,4095,0,0,0
46.8205,2137,21601549,4095,0,1,1
46.8306,2138,21611549,4095,0,0,0
46.8406,2139,21621549,4095,0,1,1
46.8506,2140,21631549,4095,0,0,0
46.8607,2141,21641549,4095,0,1,1
46.8707,2142,21651548,4095,0,0,0
46.8810,2143,21661549,4095,0,1,1
46.8931,2144,21671549,4095,0,0,0
46.9023,2145,21681549,4095,0,1,1
46.9110,2146,21691549,4095,0,0,0
46.9207,2147,21701548,4095,0,1,1
46.9317,2148,21711549,4095,0,0,0
46.9406,2149,21721549,4095,0,1,1
46.9506,2150,21731549,4095,0,0,0
46.9606,2151,21741548,4095,0,1,1
46.9710,2152,21751549,4095,0,0,0
46.9807,2153,21761549,4095,0,1,1
46.9906,2154,21771549,4095,0,0,0
47.0008,2155,21781548,4095,0,1,1
47.0110,2156,21791549,4095,0,0,0
47.0210,2157,21801548,4095,0,1,1
47.0329,2158,21811549,4095,0,0,0
47.0424,2159,21821548,4095,0,1,1
47.0536,2160,21831549,4095,0,0,0
47.0605,2161,21841548,4095,0,1,1
47.0706,2162,21851549,4095,0,0,0
47.0805,2163,21861549,4095,0,1,1
47.0907,2164,21871549,4095,0,0,0
47.1014,2165,21881548,4095,0,1,1
47.1108,2166,21891549,4095,0,0,0
47.1211,2167,21901548,4095,0,1,1
47.1311,2168,21911549,4095,0,0,0
47.1422,2169,21921548,4095,0,1,1
47.1529,2170,21931549,4095,0,0,0
47.1622,2171,21941548,4095,0,0,0
47.1710,2172,21951549,4095,0,0,0
47.1806,2173,21961549,4095,0,0,0
47.1907,2174,21971548,4095,0,0,0
47.2005,2175,21981548,4095,0,0,0
47.2106,2176,21991549,4095,0,0,0
47.2211,2177,22001548,4095,0,0,0
47.2310,2178,22011549,4095,0,0,0
47.2475,2179,22021548,4095,0,0,0
47.2522,2180,22031549,4095,0,0,0
47.2666,2181,22041548,4095,0,0,0
47.2731,2182,22051549,4095,0,0,0
47.2819,2183,22061548,4095,0,0,0
47.2928,2184,22071549,4095,0,0,0
47.3007,2185,22081549,4095,0,0,0
47.3106,2186,22091549,4095,0,0,0
47.3206,2187,22101549,4095,0,0,0
47.3308,2188,22111549,4095,0,0,0
47.3409,2189,22121548,4095,0,0,0
47.3510,2190,22131549,4095,0,0,0
47.3613,2191,22141549,4095,0,0,0
47.3710,2192,22151549,4095,0,0,0
47.3836,2193,22161548,4095,0,0,0
47.3909,2194,22171549,4095,0,0,0
47.4006,2195,22181548,4095,0,0,0
47.4136,2196,22191548,4095,0,0,0
47.4206,2197,22201549,4095,0,0,0
47.4306,2198,22211548,4095,0,0,0
47.4406,2199,22221549,4095,0,0,0
47.4506,2200,22231549,4095,0,0,0
47.4609,2201,22241548,4095,0,0,0
47.4710,2202,22251549,4095,0,0,0
47.4843,2203,22261548,4095,0,0,0
47.4916,2204,22271548,4095,0,0,0
47.5020,2205,22281549,4095,0,0,0
47.5142,2206,22291549,4095,0,0,0
47.5235,2207,22301548,4095,0,0,0
47.5310,2208,22311549,4095,0,0,0
47.5406,2209,22321548,4095,0,0,0
47.5507,2210,22331549,4095,0,0,0
47.5606,2211,22341549,4095,0,0,0
47.5706,2212,22351549,4095,0,0,0
47.5806,2213,22361549,4095,0,0,0
47.5906,2214,22371549,4095,0,0,0
47.6015,2215,22381548,4095,0,0,0
47.6117,2216,22391549,4095,0,0,0
47.6220,2217,22401549,4095,0,0,0
47.6311,2218,22411549,4095,0,0,0
47.6420,2219,22421549,4095,0,0,0
47.6510,2220,22431549,4095,0,0,0
47.6606,2221,22441548,4095,0,0,0
47.6707,2222,22451549,4095,0,0,0
47.6809,2223,22461549,4095,0,0,0
47.6907,2224,22471548,4095,0,0,0
47.7008,2225,22481549,4095,0,0,0
47.7111,2226,22491549,4095,0,0,0
47.7208,2227,22501548,4095,0,0,0
47.7319,2228,22511549,4095,0,0,0
47.7410,2229,22521549,4095,0,0,0
47.7530,2230,22531548,4095,0,0,0
47.7610,2231,22541549,4095,0,0,0
47.7708,2232,22551548,4095,0,0,0
47.7808,2233,22561549,4095,0,0,0
47.7907,2234,22571548,4095,0,0,0
47.8008,2235,22581549,4095,0,0,0
47.8110,2236,22591549,4095,0,0,0
47.8210,2237,22601549,4095,0,0,0
47.8313,2238,22611549,4095,0,0,0
47.8415,2239,22621548,4095,0,0,0
47.8512,2240,22631549,4095,0,0,0
47.8621,2241,22641549,4095,0,0,0
47.8717,2242,22651549,4095,0,0,0
47.8825,2243,22661549,4095,0,0,0
47.8905,2244,22671549,4095,0,0,0
47.9011,2245,22681549,4095,0,0,0
47.9107,2246,22691549,4095,0,0,0
47.9207,2247,22701548,4095,0,0,0
47.9310,2248,22711549,4095,0,0,0
47.9411,2249,22721548,4095,0,0,0
47.9512,2250,22731549,4095,0,0,0
47.9630,2251,22741549,4095,0,0,0
47.9730,2252,22751549,4095,0,0,0
47.9808,2253,22761549,4095,0,0,0
47.9910,2254,22771549,4095,0,0,0
48.0007,2255,22781548,4095,0,0,0
48.0107,2256,22791549,4095,0,0,0
48.0207,2257,22801549,4095,0,0,0
48.0306,2258,22811549,4095,0,0,0
48.0405,2259,22821549,4095,0,0,0
48.0506,2260,22831549,4095,0,0,0
48.0609,2261,22841549,4095,0,0,0
48.0712,2262,22851548,4095,0,0,0
48.0862,2263,22861548,4095,0,0,0
48.0911,2264,22871548,4095,0,0,0
48.1023,2265,22881549,4095,0,0,0
48.1134,2266,22891549,4095,0,0,0
48.1222,2267,22901549,4095,0,0,0
48.1325,2268,22911549,4095,0,0,0
48.1406,2269,22921548,4095,0,0,0
48.1506,2270,22931549,4095,0,0,0
48.1608,2271,22941549,4095,0,0,0
48.1707,2272,22951548,4095,0,0,0
48.1813,2273,22961549,4095,0,0,0
48.1910,2274,22971549,4095,0,0,0
48.2013,2275,22981548,4095,0,0,0
48.2109,2276,22991549,4095,0,0,0
48.2235,2277,23001548,4095,0,0,0
48.2308,2278,23011549,4095,0,0,0
48.2427,2279,23021549,4095,0,0,0
48.2522,2280,23031548,4095,0,0,0
48.2606,2281,23041549,4095,0,0,0
48.2707,2282,23051548,4095,0,0,0
48.2807,2283,23061549,4095,0,0,0
48.2907,2284,23071548,4095,0,0,0
48.3010,2285,23081549,4095,0,0,0
48.3112,2286,23091548,4095,0,0,0
48.3211,2287,23101549,4095,0,0,0
48.3312,2288,23111548,4095,0,0,0
48.3418,2289,23121548,4095,0,0,0
48.3524,2290,23131549,4095,0,0,0
48.3619,2291,23141549,4095,0,0,0
48.3713,2292,23151548,4095,0,0,0
48.3807,2293,23161548,4095,0,0,0
48.3907,2294,23171549,4095,0,0,0
48.4006,2295,23181548,4095,0,0,0
48.4108,2296,23191548,4095,0,0,0
48.4215,2297,23201549,4095,0,0,0
48.4309,2298,23211548,4095,0,0,0
48.4413,2299,23221549,4095,0,0,0
48.4511,2300,23231548,4095,0,0,0
48.4634,2301,23241549,4095,0,0,0
48.4711,2302,23251549,4095,0,0,0
48.4806,2303,23261548,4095,0,0,0
48.4907,2304,23271549,4095,0,0,0
48.5006,2305,23281548,4095,0,0,0
48.5112,2306,23291549,4095,0,0,0
48.5205,2307,23301549,4095,0,0,0
48.5310,2308,23311548,4095,0,0,0
48.5413,2309,23321549,4095,0,0,0
48.5510,2310,23331548,4095,0,0,0
48.5615,2311,23341549,4095,0,0,0
48.5709,2312,23351548,4095,0,0,0
48.5831,2313,23361549,4095,0,0,0
48.5917,2314,23371549,4095,0,0,0
48.6022,2315,23381549,4095,0,0,0
48.6108,2316,23391548,4095,0,0,0
48.6220,2317,23401549,4095,0,0,0
48.6307,2318,23411548,4095,0,0,0
48.6406,2319,23421549,4095,0,0,0
48.6512,2320,23431549,4095,0,0,0
48.6612,2321,23441549,4095,0,0,0
48.6710,2322,23451548,4095,0,0,0
48.6815,2323,23461549,4095,0,0,0
48.6913,2324,23471548,4095,0,0,0
48.7010,2325,23481549,4095,0,0,0
48.7121,2326,23491548,4095,0,0,0
48.7236,2327,23501549,4095,0,0,0
48.7326,2328,23511548,4095,0,0,0
48.7426,2329,23521549,4095,0,0,0
48.7507,2330,23531548,4095,0,0,0
48.7607,2331,23541549,4095,0,0,0
48.7713,2332,23551548,4095,0,0,0
48.7807,2333,23561549,4095,0,0,0
48.7909,2334,23571548,4095,0,0,0
48.8014,2335,23581548,4095,0,0,0
48.8114,2336,23591548,4095,0,0,0
48.8229,2337,23601548,4095,0,0,0
48.8321,2338,23611549,4095,0,0,0
48.8444,2339,23621549,4095,0,0,0
48.8510,2340,23631548,4095,0,0,0
48.8613,2341,23641549,4095,0,0,0
48.8710,2342,23651549,4095,0,0,0
48.8807,2343,23661549,4095,0,0,0
48.8906,2344,23671549,4095,0,0,0
48.9009,2345,23681549,4095,0,0,0
48.9110,2346,23691549,4095,0,0,0
48.9209,2347,23701548,4095,0,0,0
48.9316,2348,23711549,4095,0,0,0
48.9426,2349,23721548,4095,0,0,0
48.9523,2350,23731549,4095,0,0,0
48.9617,2351,23741549,4095,0,0,0
48.9723,2352,23751549,4095,0,0,0
48.9806,2353,23761548,4095,0,0,0
48.9908,2354,23771549,4095,0,0,0
49.0006,2355,23781548,4095,0,0,0
49.0110,2356,23791549,4095,0,0,0
49.0209,2357,23801549,4095,0,0,0
49.0311,2358,23811548,4095,0,0,0
49.0413,2359,23821548,4095,0,0,0
49.0511,2360,23831549,4095,0,0,0
49.0616,2361,23841548,4095,0,0,0
49.0728,2362,23851549,4095,0,0,0
49.0829,2363,23861548,4095,0,0,0
49.0934,2364,23871549,4095,0,0,0
49.1005,2365,23881548,4095,0,0,0
49.1107,2366,23891549,4095,0,0,0
49.1206,2367,23901549,4095,0,0,0
49.1312,2368,23911549,4095,0,0,0
49.1411,2369,23921548,4095,0,0,0
49.1511,2370,23931549,4095,0,0,0
49.1611,2371,23941549,4095,0,0,0
49.1743,2372,23951548,4095,0,0,0
49.1821,2373,23961549,4095,0,0,0
49.1919,2374,23971548,4095,0,0,0
49.2024,2375,23981549,4095,0,0,0
49.2119,2376,23991548,4095,0,0,0
49.2228,2377,24001549,4095,0,0,0
49.2307,2378,24011548,4095,0,0,0
49.2410,2379,24021549,4095,0,0,0
49.2506,2380,24031548,4095,0,0,0
49.2606,2381,24041549,4095,0,0,0
49.2706,2382,24051548,4095,0,0,0
49.2808,2383,24061549,4095,0,0,0
49.2907,2384,24071548,4095,0,0,0
49.3056,2385,24081549,4095,0,0,0
49.3108,2386,24091548,4095,0,0,0
49.3232,2387,24101549,4095,0,0,0
49.3318,2388,24111548,4095,0,0,0
49.3405,2389,24121549,4095,0,0,0
49.3509,2390,24131548,4095,0,0,0
49.3606,2391,24141549,4095,0,0,0
49.3719,2392,24151549,4095,0,0,0
49.3806,2393,24161548,4095,0,0,0
49.3910,2394,24171549,4095,0,0,0
49.4013,2395,24181549,4095,0,0,0
49.4121,2396,24191549,4095,0,0,0
49.4232,2397,24201549,4095,0,0,0
49.4307,2398,24211549,4095,0,0,0
49.4446,2399,24221548,4095,0,0,0
49.4514,2400,24231549,4095,0,0,0
49.4624,2401,24241549,4095,0,0,0
49.4711,2402,24251548,4095,0,0,0
49.4807,2403,24261549,4095,0,0,0
49.4907,2404,24271548,4095,0,0,0
49.5009,2405,24281549,4095,0,0,0
49.5114,2406,24291549,4095,0,0,0
49.5207,2407,24301548,4095,0,0,0
49.5352,2408,24311549,4095,0,0,0
49.5434,2409,24321548,4095,0,0,0
49.5537,2410,24331549,4095,0,0,0
49.5607,2411,24341548,4095,0,0,0
49.5738,2412,24351549,4095,0,0,0
49.5815,2413,24361548,4095,0,0,0
49.5907,2414,24371549,4095,0,0,0
49.6006,2415,24381548,4095,0,0,0
49.6106,2416,24391549,4095,0,0,0
49.6208,2417,24401549,4095,0,0,0
49.6309,2418,24411548,4095,0,0,0
49.6410,2419,24421548,4095,0,0,0
49.6540,2420,24431549,4095,0,0,0
49.6614,2421,24441548,4095,0,0,0
49.6724,2422,24451549,4095,0,0,0
49.6819,2423,24461548,4095,0,0,0
49.6911,2424,24471549,4095,0,0,0
49.7066,2425,24481548,4095,0,0,0
49.7106,2426,24491549,4095,0,0,0
49.7206,2427,24501549,4095,0,0,0
49.7307,2428,24511548,4095,0,0,0
49.7407,2429,24521549,4095,0,0,0
49.7506,2430,24531549,4095,0,0,0
49.7605,2431,24541548,4095,0,0,0
49.7708,2432,24551549,4095,0,0,0
49.7828,2433,24561549,4095,0,0,0
49.7914,2434,24571548,4095,0,0,0
49.8016,2435,24581549,4095,0,0,0
49.8118,2436,24591548,4095,0,0,0
49.8206,2437,24601549,4095,0,0,0
49.8307,2438,24611548,4095,0,0,0
49.8406,2439,24621549,4095,0,0,0
49.8511,2440,24631549,4095,0,0,0
49.8608,2441,24641548,4095,0,0,0
49.8719,2442,24651549,4095,0,0,0
49.8814,2443,24661548,4095,0,0,0
49.8909,2444,24671548,4095,0,0,0
49.9007,2445,24681549,4095,0,0,0
49.9143,2446,24691548,4095,0,0,0
49.9262,2447,24701549,4095,0,0,0
49.9342,2448,24711548,4095,0,0,0
49.9449,2449,24721549,4095,0,0,0
49.9515,2450,24731548,4095,0,0,0
49.9672,2451,24741549,4095,0,0,0
49.9707,2452,24751548,4095,0,0,0
49.9807,2453,24761549,4095,0,0,0
49.9908,2454,24771548,4095,0,0,0
50.0005,2455,24781549,4095,0,0,0
50.0106,2456,24791548,4095,0,0,0
50.0205,2457,24801549,4095,0,0,0
50.0307,2458,24811548,4095,0,0,0
50.0417,2459,24821549,4095,0,0,0
50.0512,2460,24831548,4095,0,0,0
50.0621,2461,24841549,4095,0,0,0
50.0725,2462,24851548,4095,0,0,0
50.0835,2463,24861549,4095,0,0,0
50.0906,2464,24871548,4095,0,0,0
50.1006,2465,24881548,4095,0,0,0
50.1106,2466,24891549,4095,0,0,0
50.1209,2467,24901549,4095,0,0,0
50.1308,2468,24911548,4095,0,0,0
50.1409,2469,24921549,4095,0,0,0
50.1512,2470,24931549,4095,0,0,0
50.1616,2471,24941548,4095,0,0,0
50.1742,2472,24951549,4095,0,0,0
50.1819,2473,24961548,4095,0,0,0
50.1930,2474,24971549,4095,0,0,0
50.2022,2475,24981548,4095,0,0,0
50.2137,2476,24991549,4095,0,0,0
50.2207,2477,25001548,4095,0,0,0
50.2308,2478,25011549,4095,0,0,0
50.2408,2479,25021548,4095,0,0,0
50.2510,2480,25031549,4095,0,0,0
50.2610,2481,25041548,4095,0,0,0
50.2712,2482,25051549,4095,0,0,0
50.2824,2483,25061548,4095,0,0,0
50.2963,2484,25071549,4095,0,0,0
50.3030,2485,25081548,4095,0,0,0
50.3109,2486,25091549,4095,0,0,0
50.3209,2487,25101548,4095,0,0,0
50.3333,2488,25111549,4095,0,0,0
50.3431,2489,25121548,4095,0,0,0
50.3541,2490,25131549,4095,0,0,0
50.3619,2491,25141549,4095,0,0,0
50.3708,2492,25151549,4095,0,0,0
50.3806,2493,25161548,4095,0,0,0
50.3910,2494,25171549,4095,0,0,0
50.4006,2495,25181549,4095,0,0,0
50.4106,2496,25191548,4095,0,0,0
50.4211,2497,25201549,4095,0,0,0
50.4309,2498,25211548,4095,0,0,0
50.4438,2499,25221549,4095,0,0,0
50.4519,2500,25231548,4095,0,0,0
50.4644,2501,25241548,4095,0,0,0
50.4726,2502,25251549,4095,0,0,0
50.4815,2503,25261548,4095,0,0,0
50.4907,2504,25271548,4095,0,0,0
50.5007,2505,25281549,4095,0,0,0
50.5108,2506,25291548,4095,0,0,0
50.5207,2507,25301548,4095,0,0,0
50.5308,2508,25311549,4095,0,0,0
50.5411,2509,25321548,4095,0,0,0
50.5509,2510,25331549,4095,0,0,0
50.5608,2511,25341549,4095,0,0,0
50.5737,2512,25351548,4095,0,0,0
50.5850,2513,25361549,4095,0,0,0
50.5909,2514,25371548,4095,0,0,0
50.6007,2515,25381549,4095,0,0,0
50.6109,2516,25391548,4095,0,0,0
50.6207,2517,25401549,4095,0,0,0
50.6307,2518,25411548,4095,0,0,0
50.6407,2519,25421549,4095,0,0,0
50.6509,2520,25431548,4095,0,0,0
50.6610,2521,25441549,4095,0,0,0
50.6710,2522,25451548,4095,0,0,0
50.6848,2523,25461549,4095,0,0,0
50.6911,2524,25471548,4095,0,0,0
50.7007,2525,25481549,4095,0,0,0
50.7132,2526,25491549,4095,0,0,0
50.7207,2527,25501548,4095,0,0,0
50.7334,2528,25511549,4095,0,0,0
50.7406,2529,25521549,4095,0,0,0
50.7507,2530,25531549,4095,0,0,0
50.7608,2531,25541548,4095,0,0,0
50.7706,2532,25551548,4095,0,0,0
50.7810,2533,25561549,4095,0,0,0
50.7909,2534,25571548,4095,0,0,0
50.8009,2535,25581548,4095,0,1,1
50.8129,2536,25591549,4095,0,0,0
50.8219,2537,25601549,4095,0,0,0
50.8326,2538,25611548,4095,0,0,0
50.8419,2539,25621548,4095,0,0,0
50.8508,2540,25631549,4095,0,0,0
50.8607,2541,25641548,4095,0,1,1
50.8706,2542,25651549,4095,0,0,0
50.8809,2543,25661548,4095,0,0,0
50.8910,2544,25671549,4095,0,0,0
50.9007,2545,25681548,4095,0,1,1
50.9111,2546,25691549,4095,0,0,0
50.9241,2547,25701549,4095,0,1,1
50.9316,2548,25711549,4095,0,0,0
50.9426,2549,25721549,4095,0,1,1
50.9529,2550,25731548,4095,0,0,0
50.9622,2551,25741549,4095,0,0,0
50.9741,2552,25751548,4095,0,0,0
50.9807,2553,25761549,4095,0,1,1
50.9907,2554,25771549,4095,0,0,0
51.0007,2555,25781548,4095,0,1,1
51.0110,2556,25791549,4095,0,0,0
51.0211,2557,25801549,4095,0,1,1
51.0309,2558,25811548,4095,0,0,0
51.0425,2559,25821549,4095,0,1,1
51.0524,2560,25831549,4095,0,0,0
51.0607,2561,25841548,4095,0,0,0
51.0728,2562,25851549,4095,0,0,0
51.0833,2563,25861549,4095,0,0,0
51.0924,2564,25871548,4095,0,0,0
51.1008,2565,25881549,4095,0,0,0
51.1106,2566,25891548,4095,0,0,0
51.1208,2567,25901549,4095,0,0,0
51.1307,2568,25911548,4095,0,0,0
51.1410,2569,25921549,4095,0,0,0
51.1511,2570,25931548,4095,0,0,0
51.1609,2571,25941549,4095,0,0,0
51.1730,2572,25951548,4095,0,0,0
51.1816,2573,25961549,4095,0,0,0
51.1915,2574,25971549,4095,0,0,0
51.2006,2575,25981548,4095,0,0,0
51.2107,2576,25991549,4095,0,0,0
51.2208,2577,26001548,4095,0,0,0
51.2307,2578,26011549,4095,0,0,0
51.2418,2579,26021548,4095,0,0,0
51.2509,2580,26031549,4095,0,0,0
51.2613,2581,26041548,4095,0,0,0
51.2712,2582,26051549,4095,0,0,0
51.2844,2583,26061549,4095,0,0,0
51.2929,2584,26071548,4095,0,0,0
51.3018,2585,26081549,4095,0,0,0
51.3174,2586,26091548,4095,0,0,0
51.3225,2587,26101549,4095,0,0,0
51.3320,2588,26111549,4095,0,0,0
51.3406,2589,26121548,4095,0,0,0
51.3507,2590,26131549,4095,0,0,0
51.3606,2591,26141548,4095,0,0,0
51.3708,2592,26151549,4095,0,0,0
51.3808,2593,26161549,4095,0,0,0
51.3907,2594,26171548,4095,0,0,0
51.4034,2595,26181549,4095,0,0,0
51.4118,2596,26191548,4095,0,0,0
51.4221,2597,26201549,4095,0,0,0
51.4328,2598,26211549,4095,0,0,0
51.4426,2599,26221548,4095,0,0,0
51.4506,2600,26231548,4095,0,0,0
51.4607,2601,26241549,4095,0,0,0
51.4706,2602,26251549,4095,0,0,0
51.4812,2603,26261549,4095,0,0,0
51.4911,2604,26271549,4095,0,0,0
51.5009,2605,26281548,4095,0,0,0
51.5108,2606,26291549,4095,0,0,0
51.5252,2607,26301549,4095,0,0,0
51.5331,2608,26311548,4095,0,0,0
51.5423,2609,26321548,4095,0,0,0
51.5536,2610,26331549,4095,0,0,0
51.5628,2611,26341549,4095,0,0,0
51.5726,2612,26351548,4095,0,0,0
51.5807,2613,26361549,4095,0,1,1
51.5907,2614,26371548,4095,0,0,0
51.6009,2615,26381549,4095,0,1,1
51.6108,2616,26391549,4095,0,0,0
51.6207,2617,26401548,4095,0,1,1
51.6314,2618,26411549,4095,0,0,0
51.6419,2619,26421548,4095,0,1,1
51.6527,2620,26431549,4095,0,0,0
51.6607,2621,26441548,4095,0,1,1
51.6737,2622,26451548,4095,0,0,0
51.6821,2623,26461549,4095,0,1,1
51.6906,2624,26471548,4095,0,0,0
51.7008,2625,26481548,4095,0,1,1
51.7105,2626,26491548,4095,0,0,0
51.7211,2627,26501549,4095,0,1,1
51.7309,2628,26511548,4095,0,0,0
51.7410,2629,26521549,4095,0,1,1
51.7510,2630,26531548,4095,0,0,0
51.7607,2631,26541549,4095,0,1,1
51.7781,2632,26551548,4095,0,0,0
51.7817,2633,26561548,4095,0,1,1
51.7917,2634,26571549,4095,0,0,0
51.8006,2635,26581549,4095,0,1,1
51.8105,2636,26591548,4095,0,0,0
51.8207,2637,26601549,4095,0,1,1
51.8307,2638,26611548,4095,0,0,0
51.8418,2639,26621549,4095,0,1,1
51.8507,2640,26631548,4095,0,0,0
51.8608,2641,26641549,4095,0,0,0
51.8710,2642,26651548,4095,0,0,0
51.8814,2643,26661549,4095,0,0,0
51.8907,2644,26671549,4095,0,0,0
51.9025,2645,26681549,4095,0,0,0
51.9118,2646,26691549,4095,0,0,0
51.9235,2647,26701548,4095,0,0,0
51.9339,2648,26711549,4095,0,0,0
51.9425,2649,26721549,4095,0,0,0
51.9510,2650,26731549,4095,0,0,0
51.9606,2651,26741548,4095,0,0,0
51.9706,2652,26751548,4095,0,0,0
51.9809,2653,26761549,4095,0,0,0
51.9907,2654,26771549,4095,0,0,0
52.0007,2655,26781548,4095,0,0,0
52.0124,2656,26791549,4095,0,0,0
52.0227,2657,26801548,2837,0,1,1
52.0307,2658,26811549,4095,0,0,0
52.0433,2659,26821549,4095,0,1,1
52.0516,2660,26831548,4095,0,0,0
52.0611,2661,26841549,4095,0,1,1
52.0706,2662,26851548,4095,0,0,0
52.0807,2663,26861549,4095,0,1,1
52.0906,2664,26871548,4095,0,0,0
52.1007,2665,26881549,4095,0,1,1
52.1112,2666,26891548,4095,0,0,0
52.1209,2667,26901549,4095,0,1,1
52.1328,2668,26911548,4095,0,1,1
52.1420,2669,26921549,4095,0,0,0
52.1520,2670,26931548,4095,0,1,1
52.1609,2671,26941549,4095,0,0,0
52.1732,2672,26951549,4095,0,1,1
52.1835,2673,26961549,4095,0,0,0
52.1915,2674,26971549,4095,0,1,1
52.2007,2675,26981548,4095,0,0,0
52.2107,2676,26991549,4095,0,1,1
52.2206,2677,27001548,4095,0,0,0
52.2307,2678,27011549,4095,0,1,1
52.2410,2679,27021549,4095,0,0,0
52.2508,2680,27031549,4095,0,1,1
52.2611,2681,27041548,4095,0,0,0
52.2706,2682,27051549,4095,0,1,1
52.2822,2683,27061549,4095,0,0,0
52.2920,2684,27071548,4095,0,1,1
52.3007,2685,27081549,4095,0,0,0
52.3137,2686,27091548,4095,0,1,1
52.3207,2687,27101549,4095,0,0,0
52.3307,2688,27111548,4095,0,1,1
52.3408,2689,27121549,4095,0,0,0
52.3507,2690,27131548,4095,0,1,1
52.3608,2691,27141549,4095,0,0,0
52.3709,2692,27151548,4095,0,1,1
52.3831,2693,27161548,4095,0,0,0
52.3911,2694,27171548,4095,0,1,1
52.4026,2695,27181548,4095,0,0,0
52.4124,2696,27191549,4095,0,1,1
52.4210,2697,27201548,4095,0,0,0
52.4323,2698,27211549,4095,0,1,1
52.4407,2699,27221549,4095,0,0,0
52.4507,2700,27231549,4095,0,1,1
52.4607,2701,27241549,4095,0,0,0
52.4708,2702,27251549,4095,0,1,1
52.4810,2703,27261548,4095,0,0,0
52.4911,2704,27271549,4095,0,1,1
52.5061,2705,27281548,4095,0,0,0
52.5117,2706,27291549,4095,0,1,1
52.5235,2707,27301548,4095,0,0,0
52.5320,2708,27311549,4095,0,1,1
52.5419,2709,27321549,4095,0,0,0
52.5519,2710,27331549,4095,0,1,1
52.5606,2711,27341548,4095,0,0,0
52.5707,2712,27351549,4095,0,1,1
52.5807,2713,27361548,4095,0,0,0
52.5912,2714,27371549,4095,0,1,1
52.6008,2715,27381549,4095,0,0,0
52.6118,2716,27391548,4095,0,1,1
52.6269,2717,27401548,4095,0,0,0
52.6315,2718,27411549,4095,0,1,1
52.6411,2719,27421549,4095,0,0,0
52.6556,2720,27431549,4095,0,1,1
52.6612,2721,27441549,4095,0,0,0
52.6738,2722,27451549,4095,0,1,1
52.6837,2723,27461549,4095,0,0,0
52.6920,2724,27471548,4095,0,1,1
52.7017,2725,27481549,4095,0,0,0
52.7126,2726,27491548,4095,0,1,1
52.7246,2727,27501549,4095,0,0,0
52.7308,2728,27511548,4095,0,1,1
52.7411,2729,27521549,4095,0,0,0
52.7511,2730,27531548,4095,0,1,1
52.7608,2731,27541548,4095,0,0,0
52.7712,2732,27551549,4095,0,1,1
52.7809,2733,27561549,4095,0,0,0
52.7910,2734,27571548,4095,0,1,1
52.8015,2735,27581549,4095,0,0,0
52.8121,2736,27591548,4095,0,1,1
52.8278,2737,27601549,4095,0,0,0
52.8346,2738,27611548,4095,0,1,1
52.8467,2739,27621549,4095,0,0,0
52.8534,2740,27631549,4095,0,1,1
52.8647,2741,27641549,4095,0,0,0
52.8759,2742,27651548,4095,0,1,1
52.8857,2743,27661549,4095,0,0,0
52.8969,2744,27671548,4095,0,1,1
52.9016,2745,27681549,4095,0,0,0
52.9116,2746,27691549,4095,0,1,1
52.9222,2747,27701548,4095,0,0,0
52.9316,2748,27711549,4095,0,1,1
52.9410,2749,27721548,4095,0,0,0
52.9512,2750,27731549,4095,0,1,1
52.9610,2751,27741548,4095,0,0,0
52.9711,2752,27751549,4095,0,1,1
52.9805,2753,27761549,4095,0,0,0
52.9907,2754,27771549,4095,0,1,1
53.0012,2755,27781549,4095,0,0,0
53.0147,2756,27791548,4095,0,1,1
53.0227,2757,27801549,4095,0,0,0
53.0329,2758,27811548,4095,0,1,1
53.0440,2759,27821548,4095,0,0,0
53.0558,2760,27831549,4095,0,1,1
53.0623,2761,27841549,4095,0,0,0
53.0745,2762,27851549,4095,0,1,1
53.0833,2763,27861549,4095,0,0,0
53.0929,2764,27871549,4095,0,1,1
53.1018,2765,27881548,4095,0,0,0
53.1124,2766,27891549,4095,0,1,1
53.1210,2767,27901549,4095,0,0,0
53.1311,2768,27911548,4095,0,1,1
53.1409,2769,27921549,4095,0,0,0
53.1515,2770,27931549,4095,0,1,1
53.1612,2771,27941548,4095,0,0,0
53.1711,2772,27951549,4095,0,1,1
53.1821,2773,27961548,4095,0,0,0
53.1913,2774,27971549,4095,0,1,1
53.2034,2775,27981548,4095,0,0,0
53.2144,2776,27991549,4095,0,1,1
53.2232,2777,28001548,4095,0,0,0
53.2325,2778,28011549,4095,0,1,1
53.2435,2779,28021548,4095,0,0,0
53.2536,2780,28031549,4095,0,1,1
53.2633,2781,28041549,4095,0,0,0
53.2738,2782,28051548,4095,0,1,1
53.2838,2783,28061549,4095,0,0,0
53.2906,2784,28071548,4095,0,1,1
53.3006,2785,28081549,4095,0,0,0
53.3106,2786,28091548,4095,0,1,1
53.3207,2787,28101548,4095,0,0,0
53.3306,2788,28111549,4095,0,1,1
53.3407,2789,28121549,4095,0,0,0
53.3507,2790,28131549,4095,0,1,1
53.3606,2791,28141549,4095,0,0,0
53.3737,2792,28151549,4095,0,1,1
53.3807,2793,28161548,4095,0,0,0
53.3911,2794,28171549,4095,0,1,1
53.4006,2795,28181548,4095,0,0,0
53.4107,2796,28191549,4095,0,1,1
53.4206,2797,28201549,4095,0,0,0
53.4306,2798,28211549,4095,0,1,1
53.4406,2799,28221549,4095,0,0,0
53.4507,2800,28231549,4095,0,1,1
53.4608,2801,28241548,4095,0,0,0
53.4729,2802,28251549,4095,0,1,1
53.4810,2803,28261548,4095,0,0,0
53.4930,2804,28271549,4095,0,1,1
53.5039,2805,28281549,4095,0,0,0
53.5109,2806,28291548,4095,0,1,1
53.5209,2807,28301549,4095,0,0,0
53.5307,2808,28311549,4095,0,1,1
53.5406,2809,28321549,4095,0,0,0
53.5508,2810,28331548,4095,0,1,1
53.5608,2811,28341549,4095,0,0,0
53.5720,2812,28351549,4095,0,1,1
53.5808,2813,28361549,4095,0,0,0
53.5952,2814,28371548,4095,0,1,1
53.6009,2815,28381548,4095,0,0,0
53.6117,2816,28391549,4095,0,1,1
53.6225,2817,28401549,4095,0,0,0
53.6313,2818,28411548,4095,0,1,1
53.6458,2819,28421548,4095,0,0,0
53.6506,2820,28431549,4095,0,1,1
53.6607,2821,28441548,4095,0,0,0
53.6708,2822,28451549,4095,0,1,1
53.6808,2823,28461549,4095,0,0,0
53.6912,2824,28471548,4095,0,1,1
53.7015,2825,28481549,4095,0,0,0
53.7151,2826,28491548,4095,0,1,1
53.7224,2827,28501549,4095,0,0,0
53.7330,2828,28511548,4095,0,1,1
53.7407,2829,28521549,4095,0,0,0
53.7518,2830,28531549,4095,0,1,1
53.7632,2831,28541548,4095,0,0,0
53.7709,2832,28551548,4095,0,1,1
53.7810,2833,28561549,4095,0,0,0
53.7908,2834,28571548,4095,0,1,1
53.8007,2835,28581549,4095,0,0,0
53.8110,2836,28591548,4095,0,1,1
53.8212,2837,28601549,4095,0,0,0
53.8330,2838,28611548,4095,0,1,1
53.8413,2839,28621549,4095,0,0,0
53.8519,2840,28631549,4095,0,1,1
53.8609,2841,28641549,4095,0,0,0
53.8741,2842,28651548,4095,0,1,1
53.8811,2843,28661549,4095,0,0,0
53.8916,2844,28671548,4095,0,1,1
53.9010,2845,28681549,4095,0,0,0
53.9107,2846,28691548,4095,0,1,1
53.9205,2847,28701549,4095,0,0,0
53.9309,2848,28711549,4095,0,1,1
53.9407,2849,28721548,4095,0,0,0
53.9510,2850,28731548,4095,0,1,1
53.9610,2851,28741549,4095,0,0,0
53.9713,2852,28751549,4095,0,1,1
53.9809,2853,28761549,4095,0,0,0
53.9927,2854,28771549,4095,0,1,1
54.0022,2855,28781549,4095,0,0,0
54.0120,2856,28791548,4095,0,1,1
54.0207,2857,28801549,4095,0,0,0
54.0306,2858,28811548,4095,0,1,1
54.0406,2859,28821549,4095,0,0,0
54.0512,2860,28831549,4095,0,1,1
54.0609,2861,28841549,4095,0,0,0
54.0713,2862,28851548,4095,0,1,1
54.0809,2863,28861549,4095,0,0,0
54.0906,2864,28871548,4095,0,1,1
54.1048,2865,28881549,4095,0,0,0
54.1144,2866,28891549,4095,0,1,1
54.1237,2867,28901548,4095,0,0,0
54.1345,2868,28911549,4095,0,1,1
54.1428,2869,28921548,4095,0,0,0
54.1506,2870,28931549,4095,0,1,1
54.1611,2871,28941548,4095,0,0,0
54.1706,2872,28951549,4095,0,1,1
54.1806,2873,28961548,4095,0,0,0
54.1907,2874,28971549,4095,0,1,1
54.2009,2875,28981548,4095,0,0,0
54.2110,2876,28991549,4095,0,1,1
54.2215,2877,29001548,4095,0,0,0
54.2330,2878,29011548,4095,0,1,1
54.2416,2879,29021549,4095,0,0,0
54.2518,2880,29031549,4095,0,1,1
54.2607,2881,29041548,4095,0,0,0
54.2711,2882,29051549,4095,0,1,1
54.2806,2883,29061549,4095,0,0,0
54.2907,2884,29071549,4095,0,1,1
54.3007,2885,29081548,4095,0,0,0
54.3106,2886,29091549,4095,0,1,1
54.3208,2887,29101548,4095,0,0,0
54.3308,2888,29111549,4095,0,1,1
54.3430,2889,29121548,4095,0,0,0
54.3519,2890,29131549,4095,0,1,1
54.3626,2891,29141549,4095,0,0,0
54.3741,2892,29151549,4095,0,1,1
54.3830,2893,29161548,4095,0,0,0
54.3911,2894,29171549,4095,0,1,1
54.4007,2895,29181548,4095,0,0,0
54.4106,2896,29191549,4095,0,0,0
54.4207,2897,29201549,4095,0,1,1
54.4309,2898,29211548,4095,0,0,0
54.4419,2899,29221549,4095,0,1,1
54.4510,2900,29231548,4095,0,0,0
54.4648,2901,29241548,4095,0,1,1
54.4714,2902,29251549,4095,0,0,0
54.4818,2903,29261548,4095,0,1,1
54.4916,2904,29271549,4095,0,0,0
54.5023,2905,29281549,4095,0,1,1
54.5115,2906,29291549,4095,0,0,0
54.5207,2907,29301549,4095,0,1,1
54.5307,2908,29311549,4095,0,0,0
54.5407,2909,29321549,4095,0,1,1
54.5510,2910,29331548,4095,0,0,0
54.5612,2911,29341549,4095,0,1,1
54.5712,2912,29351549,4095,0,0,0
54.5856,2913,29361549,4095,0,1,1
54.5910,2914,29371549,4095,0,0,0
54.6006,2915,29381549,4095,0,1,1
54.6107,2916,29391549,4095,0,0,0
54.6227,2917,29401548,4095,0,1,1
54.6307,2918,29411549,4095,0,0,0
54.6408,2919,29421549,4095,0,1,1
54.6505,2920,29431549,4095,0,0,0
54.6606,2921,29441549,4095,0,1,1
54.6708,2922,29451548,4095,0,0,0
54.6809,2923,29461548,4095,0,1,1
54.6912,2924,29471549,4095,0,0,0
54.7081,2925,29481548,4095,0,1,1
54.7119,2926,29491548,4095,0,0,0
54.7222,2927,29501549,4095,0,1,1
54.7323,2928,29511548,4095,0,0,0
54.7407,2929,29521548,4095,0,1,1
54.7522,2930,29531549,4095,0,0,0
54.7607,2931,29541549,4095,0,1,1
54.7713,2932,29551548,4095,0,0,0
54.7806,2933,29561549,4095,0,1,1
54.7907,2934,29571548,4095,0,0,0
54.8009,2935,29581549,4095,0,1,1
54.8109,2936,29591548,4095,0,0,0
54.8238,2937,29601549,4095,0,1,1
54.8331,2938,29611548,4095,0,0,0
54.8428,2939,29621549,4095,0,1,1
54.8528,2940,29631549,4095,0,0,0
54.8618,2941,29641549,4095,0,1,1
54.8725,2942,29651549,4095,0,0,0
54.8805,2943,29661548,4095,0,1,1
54.8907,2944,29671549,4095,0,0,0
54.9011,2945,29681548,4095,0,1,1
54.9107,2946,29691548,4095,0,0,0
54.9210,2947,29701549,4095,0,1,1
54.9311,2948,29711548,4095,0,0,0
54.9460,2949,29721549,4095,0,1,1
54.9512,2950,29731549,4095,0,0,0
54.9606,2951,29741548,4095,0,1,1
54.9707,2952,29751549,4095,0,0,0
54.9819,2953,29761548,4095,0,1,1
54.9913,2954,29771549,4095,0,0,0
55.0005,2955,29781548,4095,0,1,1
55.0108,2956,29791549,4095,0,0,0
55.0206,2957,29801549,4095,0,1,1
55.0307,2958,29811548,4095,0,0,0
55.0408,2959,29821549,4095,0,1,1
55.0506,2960,29831549,4095,0,0,0
55.0625,2961,29841549,4095,0,1,1
55.0734,2962,29851549,4095,0,0,0
55.0844,2963,29861549,4095,0,1,1
55.0932,2964,29871548,4095,0,0,0
55.1051,2965,29881549,4095,0,1,1
55.1148,2966,29891549,4095,0,0,0
55.1208,2967,29901549,4095,0,1,1
55.1306,2968,29911549,4095,0,0,0
55.1405,2969,29921548,4095,0,1,1
55.1506,2970,29931549,4095,0,0,0
55.1607,2971,29941548,4095,0,1,1
55.1705,2972,29951549,4095,0,0,0
55.1807,2973,29961548,4095,0,1,1
55.1936,2974,29971549,4095,0,0,0
55.2032,2975,29981549,4095,0,1,1
55.2138,2976,29991548,4095,0,0,0
55.2233,2977,30001549,4095,0,1,1
55.2309,2978,30011549,4095,0,0,0
55.2405,2979,30021548,4095,0,1,1
55.2507,2980,30031549,4095,0,0,0
55.2605,2981,30041549,4095,0,1,1
55.2705,2982,30051548,4095,0,0,0
55.2807,2983,30061549,4095,0,1,1
55.2905,2984,30071549,4095,0,0,0
55.3026,2985,30081549,4095,0,1,1
55.3132,2986,30091549,4095,0,0,0
55.3222,2987,30101549,4095,0,1,1
55.3342,2988,30111549,4095,0,0,0
55.3448,2989,30121549,4095,0,1,1
55.3506,2990,30131549,4095,0,0,0
55.3605,2991,30141549,4095,0,1,1
55.3706,2992,30151548,4095,0,0,0
55.3806,2993,30161549,4095,0,1,1
55.3906,2994,30171548,4095,0,0,0
55.4007,2995,30181549,4095,0,1,1
55.4109,2996,30191548,4095,0,0,0
55.4254,2997,30201549,4095,0,1,1
55.4356,2998,30211548,4095,0,0,0
55.4437,2999,30221549,4095,0,1,1
55.4530,3000,30231548,4095,0,0,0
55.4623,3001,30241548,4095,0,1,1
55.4712,3002,30251549,4095,0,0,0
55.4805,3003,30261548,4095,0,1,1
55.4907,3004,30271549,4095,0,0,0
55.5005,3005,30281548,4095,0,1,1
55.5108,3006,30291549,4095,0,0,0
55.5206,3007,30301549,4095,0,1,1
55.5306,3008,30311549,4095,0,0,0
55.5406,3009,30321549,4095,0,1,1
55.5534,3010,30331548,4095,0,0,0
55.5653,3011,30341549,4095,0,1,1
55.5735,3012,30351549,4095,0,0,0
55.5818,3013,30361548,4095,0,1,1
55.5939,3014,30371549,4095,0,0,0
55.6038,3015,30381549,4095,0,1,1
55.6109,3016,30391549,4095,0,0,0
55.6205,3017,30401548,4095,0,1,1
55.6305,3018,30411549,4095,0,0,0
55.6405,3019,30421549,4095,0,1,1
55.6505,3020,30431548,4095,0,0,0
55.6606,3021,30441549,4095,0,1,1
55.6708,3022,30451548,4095,0,0,0
55.6825,3023,30461549,4095,0,1,1
55.6937,3024,30471549,4095,0,0,0
55.7035,3025,30481549,4095,0,1,1
55.7118,3026,30491549,4095,0,0,0
55.7209,3027,30501548,4095,0,1,1
55.7306,3028,30511549,4095,0,0,0
55.7406,3029,30521548,4095,0,1,1
55.7506,3030,30531549,4095,0,0,0
55.7606,3031,30541548,4095,0,1,1
55.7714,3032,30551549,4095,0,0,0
55.7806,3033,30561548,4095,0,1,1
55.7909,3034,30571549,4095,0,0,0
55.8029,3035,30581549,4095,0,1,1
55.8116,3036,30591548,4095,0,0,0
55.8238,3037,30601549,4095,0,1,1
55.8346,3038,30611549,4095,0,0,0
55.8430,3039,30621549,4095,0,1,1
55.8508,3040,30631549,4095,0,0,0
55.8606,3041,30641549,4095,0,1,1
55.8705,3042,30651548,4095,0,0,0
55.8805,3043,30661549,4095,0,1,1
55.8905,3044,30671549,4095,0,0,0
55.9005,3045,30681549,4095,0,1,1
55.9115,3046,30691548,4095,0,0,0
55.9255,3047,30701549,4095,0,1,1
55.9338,3048,30711549,4095,0,0,0
55.9440,3049,30721548,4095,0,1,1
55.9540,3050,30731549,4095,0,0,0
55.9623,3051,30741549,4095,0,1,1
55.9705,3052,30751548,4095,0,0,0
55.9805,3053,30761549,4095,0,1,1
55.9906,3054,30771549,4095,0,0,0
56.0006,3055,30781549,4095,0,1,1
56.0105,3056,30791548,4095,0,0,0
56.0204,3057,30801548,4095,0,1,1
56.0306,3058,30811549,4095,0,0,0
56.0424,3059,30821549,4095,0,1,1
56.0507,3060,30831549,4095,0,0,0
56.0644,3061,30841548,4095,0,1,1
56.0724,3062,30851549,4095,0,0,0
56.0808,3063,30861548,4095,0,1,1
56.0908,3064,30871549,4095,0,0,0
56.1005,3065,30881549,4095,0,1,1
56.1109,3066,30891548,4095,0,0,0
56.1207,3067,30901548,4095,0,1,1
56.1305,3068,30911549,4095,0,0,0
56.1406,3069,30921549,4095,0,1,1
56.1515,3070,30931549,4095,0,0,0
56.1642,3071,30941548,4095,0,1,1
56.1714,3072,30951549,4095,0,0,0
56.1834,3073,30961548,4095,0,1,1
56.1938,3074,30971549,4095,0,0,0
56.2038,3075,30981549,4095,0,1,1
56.2109,3076,30991548,4095,0,0,0
56.2205,3077,31001549,4095,0,1,1
56.2305,3078,31011549,4095,0,0,0
56.2406,3079,31021548,4095,0,1,1
56.2507,3080,31031549,4095,0,0,0
56.2605,3081,31041549,4095,0,1,1
56.2735,3082,31051549,4095,0,0,0
56.2841,3083,31061548,4095,0,1,1
56.2915,3084,31071549,4095,0,0,0
56.3020,3085,31081549,4095,0,1,1
56.3124,3086,31091549,4095,0,0,0
56.3232,3087,31101549,4095,0,1,1
56.3309,3088,31111549,4095,0,0,0
56.3406,3089,31121548,4095,0,1,1
56.3505,3090,31131549,4095,0,0,0
56.3605,3091,31141549,4095,0,1,1
56.3705,3092,31151548,4095,0,0,0
56.3805,3093,31161548,4095,0,1,1
56.3905,3094,31171549,4095,0,0,0
56.4028,3095,31181549,4095,0,1,1
56.4150,3096,31191548,4095,0,0,0
56.4215,3097,31201548,4095,0,1,1
56.4323,3098,31211549,4095,0,0,0
56.4442,3099,31221548,4095,0,1,1
56.4510,3100,31231549,4095,0,0,0
56.4606,3101,31241549,4095,0,1,1
56.4705,3102,31251549,4095,0,0,0
56.4805,3103,31261548,4095,0,1,1
56.4905,3104,31271549,4095,0,0,0
56.5005,3105,31281548,4095,0,1,1
56.5145,3106,31291549,4095,0,0,0
56.5209,3107,31301549,4095,0,1,1
56.5334,3108,31311549,4095,0,0,0
56.5432,3109,31321549,4095,0,1,1
56.5514,3110,31331548,4095,0,0,0
56.5636,3111,31341549,4095,0,1,1
56.5709,3112,31351549,4095,0,0,0
56.5807,3113,31361549,4095,0,1,1
56.5907,3114,31371549,4095,0,0,0
56.6005,3115,31381549,4095,0,1,1
56.6105,3116,31391548,4095,0,0,0
56.6206,3117,31401549,4095,0,1,1
56.6326,3118,31411548,4095,0,0,0
56.6431,3119,31421549,4095,0,1,1
56.6517,3120,31431549,4095,0,0,0
56.6629,3121,31441548,4095,0,1,1
56.6737,3122,31451549,4095,0,0,0
56.6814,3123,31461549,4095,0,1,1
56.6911,3124,31471549,4095,0,0,0
56.7006,3125,31481549,4095,0,1,1
56.7105,3126,31491548,4095,0,0,0
56.7206,3127,31501549,4095,0,1,1
56.7306,3128,31511549,4095,0,0,0
56.7406,3129,31521548,4095,0,1,1
56.7508,3130,31531549,4095,0,0,0
56.7651,3131,31541549,4095,0,1,1
56.7736,3132,31551549,4095,0,0,0
56.7861,3133,31561549,4095,0,1,1
56.7923,3134,31571549,4095,0,0,0
56.8034,3135,31581549,4095,0,1,1
56.8109,3136,31591549,4095,0,0,0
56.8206,3137,31601548,4095,0,1,1
56.8306,3138,31611549,4095,0,0,0
56.8406,3139,31621549,4095,0,1,1
56.8506,3140,31631548,4095,0,0,0
56.8609,3141,31641549,4095,0,1,1
56.8710,3142,31651548,4095,0,0,0
56.8817,3143,31661548,4095,0,1,1
56.8951,3144,31671548,4095,0,0,0
56.9025,3145,31681548,4095,0,1,1
56.9132,3146,31691549,4095,0,0,0
56.9229,3147,31701548,4095,0,1,1
56.9324,3148,31711548,4095,0,0,0
56.9405,3149,31721549,4095,0,1,1
56.9505,3150,31731549,4095,0,0,0
56.9606,3151,31741549,4095,0,1,1
56.9708,3152,31751548,4095,0,0,0
56.9806,3153,31761549,4095,0,1,1
56.9905,3154,31771549,4095,0,0,0
57.0005,3155,31781548,4095,0,1,1
57.0126,3156,31791549,4095,0,0,0
57.0212,3157,31801548,4095,0,1,1
57.0331,3158,31811549,4095,0,0,0
57.0455,3159,31821549,4095,0,1,1
57.0523,3160,31831549,4095,0,0,0
57.0640,3161,31841548,4095,0,1,1
57.0710,3162,31851549,4095,0,0,0
57.0805,3163,31861549,4095,0,1,1
57.0906,3164,31871549,4095,0,0,0
57.1005,3165,31881549,4095,0,1,1
57.1106,3166,31891549,4095,0,0,0
57.1205,3167,31901549,4095,0,1,1
57.1311,3168,31911549,4095,0,0,0
57.1428,3169,31921549,4095,0,1,1
57.1537,3170,31931548,4095,0,0,0
57.1639,3171,31941548,4095,0,1,1
57.1718,3172,31951549,4095,0,0,0
57.1809,3173,31961548,4095,0,1,1
57.1905,3174,31971549,4095,0,0,0
57.2005,3175,31981548,4095,0,1,1
57.2107,3176,31991549,4095,0,0,0
57.2205,3177,32001549,4095,0,1,1
57.2306,3178,32011549,4095,0,0,0
57.2469,3179,32021548,4095,0,1,1
57.2522,3180,32031549,4095,0,0,0
57.2613,3181,32041548,4095,0,0,0
57.2751,3182,32051549,4095,0,1,1
57.2815,3183,32061548,4095,0,0,0
57.2929,3184,32071549,4095,0,1,1
57.3019,3185,32081549,4095,0,0,0
57.3110,3186,32091549,4095,0,1,1
57.3205,3187,32101548,4095,0,0,0
57.3305,3188,32111549,4095,0,1,1
57.3405,3189,32121548,4095,0,0,0
57.3505,3190,32131549,4095,0,1,1
57.3606,3191,32141549,4095,0,0,0
57.3706,3192,32151548,4095,0,1,1
57.3809,3193,32161549,4095,0,0,0
57.3917,3194,32171548,4095,0,1,1
57.4046,3195,32181548,4095,0,0,0
57.4117,3196,32191548,4095,0,1,1
57.4259,3197,32201549,4095,0,0,0
57.4337,3198,32211548,4095,0,1,1
57.4410,3199,32221548,4095,0,0,0
57.4506,3200,32231549,4095,0,1,1
57.4606,3201,32241548,4095,0,0,0
57.4706,3202,32251549,4095,0,1,1
57.4805,3203,32261549,4095,0,0,0
57.4905,3204,32271548,4095,0,1,1
57.5011,3205,32281549,4095,0,0,0
57.5137,3206,32291548,4095,0,1,1
57.5244,3207,32301549,4095,0,0,0
57.5340,3208,32311548,4095,0,1,1
57.5414,3209,32321549,4095,0,0,0
57.5521,3210,32331548,4095,0,1,1
57.5609,3211,32341549,4095,0,0,0
57.5709,3212,32351548,4095,0,1,1
57.5809,3213,32361549,4095,0,0,0
57.5906,3214,32371549,4095,0,1,1
57.6005,3215,32381548,4095,0,0,0
57.6110,3216,32391549,4095,0,1,1
57.6249,3217,32401548,4095,0,0,0
57.6325,3218,32411549,4095,0,1,1
57.6410,3219,32421548,4095,0,0,0
57.6526,3220,32431549,4095,0,1,1
57.6656,3221,32441549,4095,0,0,0
57.6730,3222,32451549,4095,0,1,1
57.6811,3223,32461548,4095,0,0,0
57.6909,3224,32471549,4095,0,1,1
57.7008,3225,32481549,4095,0,0,0
57.7109,3226,32491549,4095,0,1,1
57.7209,3227,32501548,4095,0,0,0
57.7310,3228,32511548,4095,0,1,1
57.7418,3229,32521549,4095,0,0,0
57.7539,3230,32531549,4095,0,1,1
57.7655,3231,32541549,4095,0,0,0
57.7731,3232,32551549,4095,0,1,1
57.7894,3233,32561548,4095,0,0,0
57.7919,3234,32571549,4095,0,1,1
57.8011,3235,32581549,4095,0,0,0
57.8135,3236,32591548,4095,0,1,1
57.8206,3237,32601548,4095,0,0,0
57.8306,3238,32611549,4095,0,1,1
57.8405,3239,32621548,4095,0,0,0
57.8505,3240,32631548,4095,0,1,1
57.8605,3241,32641549,4095,0,0,0
57.8706,3242,32651549,4095,0,1,1
57.8845,3243,32661549,4095,0,0,0
57.8917,3244,32671548,4095,0,1,1
57.9041,3245,32681549,4095,0,0,0
57.9114,3246,32691548,4095,0,1,1
57.9232,3247,32701549,4095,0,0,0
57.9308,3248,32711548,4095,0,0,0
57.9409,3249,32721549,4095,0,0,0
57.9506,3250,32731549,4095,0,0,0
57.9606,3251,32741549,4095,0,0,0
57.9705,3252,32751548,4095,0,0,0
57.9807,3253,32761548,4095,0,0,0
57.9924,3254,32771549,4095,0,0,0
58.0017,3255,32781549,4095,0,0,0
58.0116,3256,32791548,4095,0,0,0
58.0235,3257,32801548,4095,0,0,0
58.0347,3258,32811549,4095,0,0,0
58.0426,3259,32821549,4095,0,0,0
58.0506,3260,32831548,4095,0,0,0
58.0607,3261,32841549,4095,0,0,0
58.0705,3262,32851548,4095,0,0,0
58.0806,3263,32861549,4095,0,0,0
58.0905,3264,32871548,4095,0,0,0
58.1005,3265,32881549,4095,0,0,0
58.1120,3266,32891548,4095,0,0,0
58.1209,3267,32901549,4095,0,0,0
58.1318,3268,32911549,4095,0,0,0
58.1411,3269,32921549,4095,0,0,0
58.1515,3270,32931549,4095,0,0,0
58.1606,3271,32941549,4095,0,0,0
58.1706,3272,32951549,4095,0,0,0
58.1806,3273,32961548,4095,0,0,0
58.1907,3274,32971549,4095,0,0,0
58.2009,3275,32981549,4095,0,0,0
58.2112,3276,32991548,4095,0,0,0
58.2212,3277,33001549,4095,0,0,0
58.2320,3278,33011549,4095,0,1,1
58.2418,3279,33021548,4095,0,0,0
58.2518,3280,33031549,4095,0,1,1
58.2628,3281,33041549,4095,0,0,0
58.2706,3282,33051548,4095,0,1,1
58.2807,3283,33061549,4095,0,0,0
58.2907,3284,33071549,4095,0,1,1
58.3006,3285,33081549,4095,0,0,0
58.3107,3286,33091549,4095,0,1,1
58.3208,3287,33101549,4095,0,0,0
58.3309,3288,33111549,4095,0,1,1
58.3413,3289,33121548,4095,0,0,0
58.3527,3290,33131549,4095,0,1,1
58.3642,3291,33141548,4095,0,0,0
58.3709,3292,33151549,4095,0,0,0
58.3828,3293,33161548,4095,0,0,0
58.3912,3294,33171549,4095,0,0,0
58.4016,3295,33181548,4095,0,0,0
58.4112,3296,33191549,4095,0,0,0
58.4206,3297,33201549,4095,0,0,0
58.4306,3298,33211549,4095,0,0,0
58.4407,3299,33221549,4095,0,0,0
58.4507,3300,33231548,4095,0,0,0
58.4608,3301,33241549,4095,0,0,0
58.4722,3302,33251549,4095,0,0,0
58.4857,3303,33261548,4095,0,0,0
58.4936,3304,33271549,4095,0,0,0
58.5013,3305,33281548,4095,0,0,0
58.5139,3306,33291549,4095,0,0,0
58.5222,3307,33301549,4095,0,0,0
58.5305,3308,33311549,4095,0,0,0
58.5406,3309,33321548,4095,0,0,0
58.5507,3310,33331549,4095,0,0,0
58.5607,3311,33341549,4095,0,0,0
58.5709,3312,33351548,4095,0,0,0
58.5814,3313,33361549,4095,0,0,0
58.5913,3314,33371549,4095,0,0,0
58.6018,3315,33381548,4095,0,0,0
58.6122,3316,33391549,4095,0,0,0
58.6237,3317,33401548,4095,0,0,0
58.6306,3318,33411549,4095,0,0,0
58.6416,3319,33421549,4095,0,0,0
58.6508,3320,33431549,4095,0,0,0
58.6608,3321,33441548,4095,0,0,0
58.6707,3322,33451548,4095,0,0,0
58.6807,3323,33461549,4095,0,0,0
58.6910,3324,33471548,4095,0,0,0
58.7013,3325,33481549,4095,0,0,0
58.7110,3326,33491548,4095,0,0,0
58.7232,3327,33501549,4095,0,0,0
58.7309,3328,33511549,4095,0,0,0
58.7408,3329,33521549,4095,0,0,0
58.7531,3330,33531549,4095,0,0,0
58.7624,3331,33541548,4095,0,0,0
58.7732,3332,33551549,4095,0,0,0
58.7806,3333,33561548,4095,0,0,0
58.7907,3334,33571549,4095,0,0,0
58.8010,3335,33581549,4095,0,0,0
58.8112,3336,33591548,4095,0,0,0
58.8210,3337,33601548,4095,0,0,0
58.8314,3338,33611549,4095,0,0,0
58.8426,3339,33621548,4095,0,0,0
58.8531,3340,33631549,4095,0,0,0
58.8623,3341,33641548,4095,0,0,0
58.8706,3342,33651549,4095,0,0,0
58.8815,3343,33661548,4095,0,0,0
58.8925,3344,33671549,4095,0,0,0
58.9009,3345,33681549,4095,0,0,0
58.9108,3346,33691548,4095,0,0,0
58.9206,3347,33701549,4095,0,0,0
58.9309,3348,33711548,4095,0,0,0
58.9410,3349,33721548,4095,0,0,0
58.9517,3350,33731549,4095,0,0,0
58.9610,3351,33741549,4095,0,0,0
58.9747,3352,33751549,4095,0,0,0
58.9822,3353,33761548,4095,0,0,0
58.9927,3354,33771548,4095,0,0,0
59.0021,3355,33781549,4095,0,0,0
59.0119,3356,33791548,4095,0,0,0
59.0212,3357,33801549,4095,0,0,0
59.0307,3358,33811548,4095,0,0,0
59.0409,3359,33821548,4095,0,0,0
59.0509,3360,33831549,4095,0,0,0
59.0608,3361,33841549,4095,0,0,0
59.0713,3362,33851548,4095,0,0,0
59.0815,3363,33861549,4095,0,0,0
59.0930,3364,33871549,4095,0,0,0
59.1025,3365,33881548,4095,0,0,0
59.1118,3366,33891549,4095,0,0,0
59.1220,3367,33901549,4095,0,0,0
59.1310,3368,33911549,4095,0,0,0
59.1406,3369,33921548,4095,0,0,0
59.1509,3370,33931549,4095,0,0,0
59.1608,3371,33941548,4095,0,0,0
59.1709,3372,33951549,4095,0,0,0
59.1806,3373,33961549,4095,0,0,0
59.1916,3374,33971549,4095,0,0,0
59.2009,3375,33981549,4095,0,0,0
59.2107,3376,33991548,4095,0,0,0
59.2209,3377,34001549,4095,0,0,0
59.2323,3378,34011548,4095,0,0,0
59.2465,3379,34021549,4095,0,0,0
59.2506,3380,34031548,4095,0,0,0
59.2607,3381,34041549,4095,0,0,0
59.2711,3382,34051548,4095,0,0,0
59.2807,3383,34061549,4095,0,0,0
59.2911,3384,34071549,4095,0,0,0
59.3014,3385,34081549,4095,0,0,0
59.3145,3386,34091548,4095,0,0,0
59.3207,3387,34101549,4095,0,0,0
59.3318,3388,34111548,4095,0,0,0
59.3406,3389,34121549,4095,0,0,0
59.3521,3390,34131549,4095,0,0,0
59.3608,3391,34141548,4095,0,0,0
59.3707,3392,34151549,4095,0,0,0
59.3806,3393,34161548,4095,0,0,0
59.3908,3394,34171549,4095,0,0,0
59.4008,3395,34181549,4095,0,0,0
59.4111,3396,34191549,4095,0,0,0
59.4210,3397,34201549,4095,0,0,0
59.4389,3398,34211549,4095,0,0,0
59.4420,3399,34221549,4095,0,0,0
59.4508,3400,34231548,4095,0,0,0
59.4611,3401,34241549,4095,0,0,0
59.4707,3402,34251549,4095,0,0,0
59.4825,3403,34261549,4095,0,0,0
59.4905,3404,34271548,4095,0,0,0
59.5009,3405,34281549,4095,0,0,0
59.5107,3406,34291549,4095,0,0,0
59.5207,3407,34301549,4095,0,0,0
59.5308,3408,34311549,4095,0,0,0
59.5408,3409,34321548,4095,0,0,0
59.5515,3410,34331549,4095,0,0,0
59.5610,3411,34341548,4095,0,0,0
59.5745,3412,34351549,4095,0,0,0
59.5806,3413,34361549,4095,0,0,0
59.5922,3414,34371548,4095,0,0,0
59.6039,3415,34381548,4095,0,0,0
59.6109,3416,34391549,4095,0,0,0
59.6206,3417,34401548,4095,0,0,0
59.6312,3418,34411548,4095,0,0,0
59.6405,3419,34421549,4095,0,0,0
59.6514,3420,34431549,4095,0,0,0
59.6610,3421,34441549,4095,0,0,0
59.6768,3422,34451548,4095,0,0,0
59.6810,3423,34461549,4095,0,0,0
59.6910,3424,34471548,4095,0,0,0
59.7013,3425,34481549,4095,0,0,0
59.7120,3426,34491549,4095,0,0,0
59.7213,3427,34501549,4095,0,0,0
59.7307,3428,34511549,4095,0,0,0
59.7407,3429,34521549,4095,0,0,0
59.7509,3430,34531548,4095,0,0,0
59.7609,3431,34541549,4095,0,0,0
59.7708,3432,34551548,4095,0,0,0
59.7808,3433,34561548,4095,0,0,0
59.7947,3434,34571549,4095,0,0,0
59.8038,3435,34581548,4095,0,0,0
59.8106,3436,34591549,4095,0,0,0
59.8208,3437,34601548,4095,0,0,0
59.8306,3438,34611549,4095,0,0,0
59.8434,3439,34621549,4095,0,0,0
59.8506,3440,34631548,4095,0,0,0
59.8607,3441,34641548,4095,0,0,0
59.8706,3442,34651549,4095,0,0,0
59.8806,3443,34661549,4095,0,0,0
59.8913,3444,34671549,4095,0,0,0
59.9013,3445,34681548,4095,0,0,0
59.9158,3446,34691549,4095,0,0,0
59.9208,3447,34701548,4095,0,0,0
59.9321,3448,34711548,4095,0,0,0
59.9424,3449,34721549,4095,0,0,0
59.9527,3450,34731549,4095,0,0,0
59.9628,3451,34741548,4095,0,0,0
59.9705,3452,34751549,4095,0,0,0
59.9806,3453,34761548,4095,0,0,0
59.9912,3454,34771549,4095,0,0,0
60.0007,3455,34781549,4095,0,0,0
60.0118,3456,34791549,4095,0,0,0
60.0213,3457,34801549,4095,0,0,0
60.0339,3458,34811549,4095,0,0,0
60.0417,3459,34821549,4095,0,0,0
60.0522,3460,34831548,4095,0,0,0
60.0607,3461,34841549,4095,0,0,0
60.0727,3462,34851548,4095,0,0,0
60.0816,3463,34861549,4095,0,0,0
60.0906,3464,34871549,4095,0,0,0
60.1007,3465,34881549,4095,0,0,0
60.1106,3466,34891549,4095,0,0,0
60.1206,3467,34901549,4095,0,0,0
60.1309,3468,34911548,4095,0,0,0
60.1410,3469,34921549,4095,0,0,0
60.1552,3470,34931548,4095,0,0,0
60.1628,3471,34941549,4095,0,0,0
60.1731,3472,34951549,4095,0,0,0
60.1809,3473,34961548,4095,0,0,0
60.1907,3474,34971549,4095,0,0,0
60.2007,3475,34981548,4095,0,0,0
60.2106,3476,34991549,4095,0,0,0
60.2205,3477,35001549,4095,0,0,0
60.2307,3478,35011548,4095,0,0,0
60.2407,3479,35021549,4095,0,0,0
60.2515,3480,35031549,4095,0,0,0
60.2609,3481,35041548,4095,0,0,0
60.2714,3482,35051549,4095,0,0,0
60.2812,3483,35061548,4095,0,0,0
60.2911,3484,35071549,4095,0,0,0
60.3015,3485,35081548,4095,0,0,0
60.3119,3486,35091548,4095,0,0,0
60.3233,3487,35101549,4095,0,0,0
60.3306,3488,35111548,4095,0,0,0
60.3408,3489,35121548,4095,0,0,0
60.3511,3490,35131549,4095,0,0,0
60.3609,3491,35141548,4095,0,0,0
60.3714,3492,35151549,4095,0,0,0
60.3806,3493,35161548,4095,0,0,0
60.3916,3494,35171549,4095,0,0,0
60.4008,3495,35181548,4095,0,0,0
60.4107,3496,35191549,4095,0,0,0
60.4207,3497,35201549,4095,0,0,0
60.4326,3498,35211549,4095,0,0,0
60.4453,3499,35221549,4095,0,0,0
60.4506,3500,35231548,4095,0,0,0
60.4609,3501,35241549,4095,0,0,0
60.4711,3502,35251549,4095,0,0,0
60.4808,3503,35261549,4095,0,0,0
60.4912,3504,35271548,4095,0,0,0
60.5012,3505,35281549,4095,0,0,0
60.5178,3506,35291549,4095,0,0,0
60.5209,3507,35301548,4095,0,0,0
60.5333,3508,35311549,4095,0,0,0
60.5408,3509,35321548,4095,0,0,0
60.5531,3510,35331549,4095,0,0,0
60.5624,3511,35341548,4095,0,0,0
60.5707,3512,35351549,4095,0,0,0
60.5806,3513,35361548,4095,0,0,0
60.5909,3514,35371549,4095,0,0,0
60.6006,3515,35381549,4095,0,0,0
60.6112,3516,35391549,4095,0,0,0
60.6211,3517,35401548,4095,0,0,0
60.6351,3518,35411548,4095,0,0,0
60.6427,3519,35421549,4095,0,0,0
60.6540,3520,35431548,4095,0,0,0
60.6644,3521,35441549,4095,0,0,0
60.6723,3522,35451549,4095,0,0,0
60.6814,3523,35461549,4095,0,0,0
60.6933,3524,35471548,4095,0,0,0
60.7010,3525,35481549,4095,0,0,0
60.7106,3526,35491548,4095,0,0,0
60.7207,3527,35501549,4095,0,0,0
60.7307,3528,35511548,4095,0,0,0
60.7410,3529,35521549,4095,0,0,0
60.7508,3530,35531549,4095,0,0,0
60.7613,3531,35541548,4095,0,0,0
60.7712,3532,35551549,4095,0,0,0
60.7826,3533,35561548,4095,0,0,0
60.7927,3534,35571549,4095,0,0,0
60.8049,3535,35581548,4095,0,0,0
60.8112,3536,35591549,4095,0,0,0
60.8212,3537,35601548,4095,0,0,0
60.8307,3538,35611549,4095,0,0,0
60.8411,3539,35621549,4095,0,0,0
60.8505,3540,35631549,4095,0,0,0
60.8612,3541,35641549,4095,0,0,0
60.8710,3542,35651549,4095,0,0,0
60.8853,3543,35661549,4095,0,0,0
60.8909,3544,35671548,4095,0,0,0
60.9028,3545,35681549,4095,0,0,0
60.9126,3546,35691548,4095,0,0,0
60.9214,3547,35701549,4095,0,0,0
60.9316,3548,35711548,4095,0,0,0
60.9406,3549,35721549,4095,0,0,0
60.9508,3550,35731548,4095,0,0,0
60.9606,3551,35741548,4095,0,0,0
60.9707,3552,35751549,4095,0,0,0
60.9809,3553,35761548,4095,0,0,0
60.9907,3554,35771549,4095,0,0,0
61.0033,3555,35781549,4095,0,0,0
61.0112,3556,35791549,4095,0,0,0
61.0222,3557,35801548,4095,0,0,0
61.0340,3558,35811549,4095,0,0,0
61.0426,3559,35821549,4095,0,0,0
61.0507,3560,35831549,4095,0,0,0
61.0606,3561,35841549,4095,0,0,0
61.0705,3562,35851548,4095,0,0,0
61.0812,3563,35861549,4095,0,0,0
61.0909,3564,35871548,4095,0,0,0
61.1015,3565,35881549,4095,0,0,0
61.1108,3566,35891548,4095,0,0,0
61.1214,3567,35901549,4095,0,0,0
61.1315,3568,35911549,4095,0,0,0
61.1407,3569,35921549,4095,0,0,0
61.1508,3570,35931548,4095,0,0,0
61.1618,3571,35941548,4095,0,0,0
61.1712,3572,35951549,4095,0,0,0
61.1807,3573,35961549,4095,0,0,0
61.1906,3574,35971549,4095,0,0,0
61.2010,3575,35981549,4095,0,0,0
61.2109,3576,35991549,4095,0,0,0
61.2211,3577,36001549,4095,0,0,0
61.2314,3578,36011548,4095,0,0,0
61.2457,3579,36021548,4095,0,0,0
61.2509,3580,36031549,4095,0,0,0
61.2637,3581,36041548,4095,0,0,0
61.2705,3582,36051549,4095,0,0,0
61.2817,3583,36061548,4095,0,0,0
61.2925,3584,36071549,4095,0,0,0
61.3005,3585,36081548,4095,0,0,0
61.3112,3586,36091549,4095,0,0,0
61.3207,3587,36101549,4095,0,0,0
61.3312,3588,36111548,4095,0,0,0
61.3412,3589,36121548,4095,0,0,0
61.3512,3590,36131549,4095,0,0,0
61.3617,3591,36141548,4095,0,0,0
61.3709,3592,36151549,4095,0,0,0
61.3863,3593,36161548,4095,0,0,0
61.3927,3594,36171549,4095,0,0,0
61.4020,3595,36181549,4095,0,0,0
61.4107,3596,36191548,4095,0,0,0
61.4210,3597,36201549,4095,0,0,0
61.4308,3598,36211548,4095,0,0,0
61.4407,3599,36221548,4095,0,0,0
61.4511,3600,36231549,4095,0,0,0
61.4608,3601,36241549,4095,0,0,0
61.4711,3602,36251549,4095,0,0,0
61.4814,3603,36261548,4095,0,0,0
61.4912,3604,36271549,4095,0,0,0
61.5040,3605,36281549,4095,0,0,0
61.5117,3606,36291549,4095,0,0,0
61.5219,3607,36301549,4095,0,0,0
61.5321,3608,36311548,4095,0,0,0
61.5411,3609,36321549,4095,0,0,0
61.5512,3610,36331549,4095,0,0,0
61.5612,3611,36341549,4095,0,0,0
61.5706,3612,36351549,4095,0,0,0
61.5808,3613,36361549,4095,0,0,0
61.5910,3614,36371549,4095,0,0,0
61.6014,3615,36381548,4095,0,0,0
61.6110,3616,36391549,4095,0,0,0
61.6231,3617,36401549,4095,0,0,0
61.6323,3618,36411549,4095,0,0,0
61.6419,3619,36421549,4095,0,0,0
61.6520,3620,36431548,4095,0,0,0
61.6614,3621,36441549,4095,0,0,0
61.6711,3622,36451548,4095,0,0,0
61.6807,3623,36461549,4095,0,0,0
61.6905,3624,36471549,4095,0,0,0
61.7015,3625,36481548,4095,0,0,0
61.7108,3626,36491549,4095,0,0,0
61.7210,3627,36501548,4095,0,0,0
61.7315,3628,36511549,4095,0,0,0
61.7441,3629,36521548,4095,0,0,0
61.7511,3630,36531549,4095,0,0,0
61.7618,3631,36541549,4095,0,1,1
61.7721,3632,36551548,4095,0,0,0
61.7806,3633,36561549,4095,0,1,1
61.7910,3634,36571548,4095,0,0,0
61.8006,3635,36581549,4095,0,1,1
61.8109,3636,36591549,4095,0,0,0
61.8212,3637,36601549,4095,0,1,1
61.8307,3638,36611548,4095,0,0,0
61.8414,3639,36621549,4095,0,1,1
61.8530,3640,36631549,4095,0,0,0
61.8631,3641,36641548,4095,0,0,0
61.8707,3642,36651549,4095,0,0,0
61.8819,3643,36661548,4095,0,0,0
61.8925,3644,36671549,4095,0,0,0
61.9006,3645,36681549,4095,0,0,0
61.9113,3646,36691549,4095,0,0,0
61.9206,3647,36701549,4095,0,0,0
61.9308,3648,36711548,4095,0,0,0
61.9409,3649,36721549,4095,0,0,0
61.9512,3650,36731549,4095,0,0,0
61.9615,3651,36741549,4095,0,0,0
61.9713,3652,36751548,4095,0,0,0
61.9861,3653,36761549,4095,0,0,0
61.9916,3654,36771549,4095,0,0,0
62.0024,3655,36781548,4095,0,0,0
62.0107,3656,36791549,4095,0,0,0
62.0205,3657,36801548,4095,0,0,0
62.0312,3658,36811548,4095,0,0,0
62.0407,3659,36821549,4095,0,0,0
62.0511,3660,36831549,4095,0,0,0
62.0609,3661,36841549,4095,0,1,1
62.0709,3662,36851548,4095,0,0,0
62.0813,3663,36861549,4095,0,0,0
62.0912,3664,36871549,4095,0,0,0
62.1069,3665,36881548,4095,0,0,0
62.1122,3666,36891549,4095,0,0,0
62.1248,3667,36901548,4095,0,0,0
62.1308,3668,36911549,4095,0,0,0
62.1416,3669,36921549,4095,0,0,0
62.1506,3670,36931548,4095,0,0,0
62.1607,3671,36941549,4095,0,0,0
62.1707,3672,36951549,4095,0,0,0
62.1809,3673,36961548,4095,0,0,0
62.1907,3674,36971549,4095,0,0,0
62.2011,3675,36981548,4095,0,0,0
62.2115,3676,36991549,4095,0,0,0
62.2241,3677,37001548,4095,0,0,0
62.2306,3678,37011549,4095,0,0,0
62.2433,3679,37021549,4095,0,0,0
62.2511,3680,37031549,4095,0,0,0
62.2614,3681,37041549,4095,0,0,0
62.2712,3682,37051549,4095,0,0,0
62.2808,3683,37061548,4095,0,0,0
62.2907,3684,37071549,4095,0,0,0
62.3014,3685,37081548,4095,0,0,0
62.3115,3686,37091549,4095,0,0,0
62.3210,3687,37101548,4095,0,0,0
62.3319,3688,37111549,4095,0,0,0
62.3414,3689,37121549,4095,0,0,0
62.3524,3690,37131548,4095,0,0,0
62.3618,3691,37141549,4095,0,0,0
62.3721,3692,37151548,4095,0,0,0
62.3812,3693,37161549,4095,0,0,0
62.3908,3694,37171548,4095,0,0,0
62.4005,3695,37181549,4095,0,0,0
62.4107,3696,37191548,4095,0,0,0
62.4208,3697,37201549,4095,0,0,0
62.4307,3698,37211548,4095,0,0,0
62.4411,3699,37221549,4095,0,0,0
62.4526,3700,37231548,4095,0,0,0
62.4616,3701,37241549,4095,0,0,0
62.4731,3702,37251548,4095,0,0,0
62.4825,3703,37261549,4095,0,0,0
62.4916,3704,37271549,4095,0,0,0
62.5012,3705,37281548,4095,0,0,0
62.5107,3706,37291549,4095,0,0,0
62.5207,3707,37301548,4095,0,0,0
62.5309,3708,37311549,4095,0,0,0
62.5410,3709,37321548,4095,0,0,0
62.5509,3710,37331549,4095,0,0,0
62.5614,3711,37341548,4095,0,0,0
62.5745,3712,37351549,4095,0,0,0
62.5824,3713,37361549,4095,0,0,0
62.5917,3714,37371548,4095,0,0,0
62.6013,3715,37381549,4095,0,0,0
62.6126,3716,37391549,4095,0,0,0
62.6231,3717,37401548,4095,0,0,0
62.6307,3718,37411549,4095,0,0,0
62.6406,3719,37421548,4095,0,0,0
62.6512,3720,37431549,4095,0,0,0
62.6607,3721,37441548,4095,0,0,0
62.6717,3722,37451549,4095,0,0,0
62.6815,3723,37461548,4095,0,0,0
62.6930,3724,37471549,4095,0,0,0
62.7016,3725,37481548,4095,0,0,0
62.7119,3726,37491549,4095,0,0,0
62.7233,3727,37501548,4095,0,0,0
62.7321,3728,37511549,4095,0,0,0
62.7410,3729,37521549,4095,0,0,0
62.7507,3730,37531548,4095,0,0,0
62.7608,3731,37541549,4095,0,0,0
62.7708,3732,37551548,4095,0,0,0
62.7807,3733,37561548,4095,0,0,0
62.7911,3734,37571548,4095,0,0,0
62.8011,3735,37581549,4095,0,0,0
62.8150,3736,37591549,4095,0,0,0
62.8213,3737,37601549,4095,0,0,0
62.8321,3738,37611548,4095,0,0,0
62.8450,3739,37621549,4095,0,0,0
62.8517,3740,37631548,4095,0,0,0
62.8610,3741,37641549,4095,0,0,0
62.8740,3742,37651548,4095,0,0,0
62.8813,3743,37661549,4095,0,0,0
62.8908,3744,37671549,4095,0,0,0
62.9006,3745,37681548,4095,0,0,0
62.9113,3746,37691549,4095,0,0,0
62.9207,3747,37701548,4095,0,0,0
62.9310,3748,37711549,4095,0,0,0
62.9417,3749,37721549,4095,0,0,0
62.9512,3750,37731548,4095,0,0,0
62.9616,3751,37741549,4095,0,0,0
62.9732,3752,37751549,4095,0,0,0
62.9843,3753,37761548,4095,0,0,0
62.9911,3754,37771548,4095,0,0,0
63.0019,3755,37781549,4095,0,0,0
63.0107,3756,37791549,4095,0,0,0
63.0207,3757,37801548,4095,0,0,0
63.0307,3758,37811549,4095,0,0,0
63.0409,3759,37821548,4095,0,0,0
63.0507,3760,37831549,4095,0,0,0
63.0609,3761,37841549,4095,0,0,0
63.0709,3762,37851549,4095,0,0,0
63.0814,3763,37861549,4095,0,0,0
63.0912,3764,37871549,4095,0,0,0
63.1033,3765,37881548,4095,0,0,0
63.1119,3766,37891549,4095,0,0,0
63.1211,3767,37901548,4095,0,0,0
63.1307,3768,37911549,4095,0,0,0
63.1406,3769,37921548,4095,0,0,0
63.1515,3770,37931549,4095,0,0,0
63.1610,3771,37941549,4095,0,0,0
63.1713,3772,37951549,4095,0,0,0
63.1810,3773,37961548,4095,0,0,0
63.1921,3774,37971549,4095,0,0,0
63.2026,3775,37981549,4095,0,0,0
63.2118,3776,37991548,4095,0,0,0
63.2208,3777,38001549,4095,0,0,0
63.2306,3778,38011549,4095,0,0,0
63.2407,3779,38021549,4095,0,0,0
63.2507,3780,38031548,4095,0,0,0
63.2607,3781,38041549,4095,0,0,0
63.2715,3782,38051548,4095,0,0,0
63.2809,3783,38061548,4095,0,0,0
63.2966,3784,38071549,4095,0,0,0
63.3016,3785,38081548,4095,0,0,0
63.3146,3786,38091549,4095,0,0,0
63.3208,3787,38101548,4095,0,0,0
63.3314,3788,38111548,4095,0,0,0
63.3412,3789,38121548,4095,0,0,0
63.3505,3790,38131549,4095,0,0,0
63.3610,3791,38141548,4095,0,0,0
63.3707,3792,38151549,4095,0,0,0
63.3808,3793,38161549,4095,0,0,0
63.3907,3794,38171549,4095,0,0,0
63.4005,3795,38181548,4095,0,0,0
63.4105,3796,38191549,4095,0,0,0
63.4211,3797,38201549,4095,0,0,0
63.4306,3798,38211548,4095,0,1,1
63.4406,3799,38221549,4095,0,0,0
63.4525,3800,38231548,4095,0,0,0
63.4605,3801,38241548,4095,0,0,0
63.4706,3802,38251549,4095,0,0,0
63.4807,3803,38261548,4095,0,0,0
63.4907,3804,38271549,4095,0,0,0
63.5006,3805,38281548,4095,0,0,0
63.5108,3806,38291549,4095,0,0,0
63.5257,3807,38301548,4095,0,0,0
63.5323,3808,38311549,4095,0,0,0
63.5425,3809,38321549,4095,0,0,0
63.5531,3810,38331549,4095,0,0,0
63.5614,3811,38341549,4095,0,0,0
63.5748,3812,38351549,4095,0,0,0
63.5806,3813,38361549,4095,0,0,0
63.5905,3814,38371549,4095,0,0,0
63.6012,3815,38381548,4095,0,0,0
63.6110,3816,38391549,4095,0,0,0
63.6211,3817,38401548,4095,0,0,0
63.6315,3818,38411549,4095,0,0,0
63.6451,3819,38421549,4095,0,0,0
63.6522,3820,38431549,4095,0,0,0
63.6620,3821,38441548,4095,0,0,0
63.6721,3822,38451549,4095,0,0,0
63.6820,3823,38461548,4095,0,0,0
63.6927,3824,38471549,4095,0,0,0
63.7006,3825,38481548,4095,0,0,0
63.7106,3826,38491548,4095,0,0,0
63.7207,3827,38501549,4095,0,0,0
63.7305,3828,38511548,4095,0,0,0
63.7406,3829,38521549,4095,0,0,0
63.7506,3830,38531548,4095,0,0,0
63.7619,3831,38541548,4095,0,0,0
63.7714,3832,38551549,4095,0,0,0
63.7813,3833,38561548,4095,0,0,0
63.7925,3834,38571549,4095,0,0,0
63.8012,3835,38581549,4095,0,0,0
63.8108,3836,38591548,4095,0,0,0
63.8206,3837,38601549,4095,0,0,0
63.8306,3838,38611548,4095,0,0,0
63.8407,3839,38621548,4095,0,0,0
63.8513,3840,38631549,4095,0,0,0
63.8609,3841,38641549,4095,0,0,0
63.8720,3842,38651549,4095,0,0,0
63.8818,3843,38661548,4095,0,0,0
63.8927,3844,38671549,4095,0,0,0
63.9017,3845,38681549,4095,0,0,0
63.9114,3846,38691548,4095,0,0,0
63.9205,3847,38701549,4095,0,0,0
63.9312,3848,38711549,4095,0,0,0
63.9409,3849,38721548,4095,0,0,0
63.9507,3850,38731549,4095,0,0,0
63.9613,3851,38741548,4095,0,0,0
63.9710,3852,38751549,4095,0,0,0
63.9815,3853,38761548,4095,0,0,0
63.9919,3854,38771549,4095,0,0,0
64.0028,3855,38781549,4095,0,0,0
64.0118,3856,38791548,4095,0,0,0
64.0218,3857,38801549,4095,0,0,0
64.0328,3858,38811548,4095,0,0,0
64.0408,3859,38821549,4095,0,0,0
64.0511,3860,38831548,4095,0,0,0
64.0608,3861,38841549,4095,0,0,0
64.0709,3862,38851549,4095,0,0,0
64.0809,3863,38861549,4095,0,0,0
64.0909,3864,38871548,4095,0,0,0
64.1008,3865,38881549,4095,0,0,0
64.1109,3866,38891549,4095,0,0,0
64.1251,3867,38901549,4095,0,0,0
64.1331,3868,38911549,4095,0,0,0
64.1443,3869,38921549,4095,0,0,0
64.1535,3870,38931548,4095,0,0,0
64.1622,3871,38941549,4095,0,0,0
64.1710,3872,38951548,4095,0,0,0
64.1806,3873,38961549,4095,0,0,0
64.1909,3874,38971548,4095,0,0,0
64.2007,3875,38981549,4095,0,0,0
64.2107,3876,38991549,4095,0,0,0
64.2212,3877,39001549,4095,0,0,0
64.2307,3878,39011549,4095,0,0,0
64.2417,3879,39021549,4095,0,0,0
64.2519,3880,39031549,4095,0,0,0
64.2618,3881,39041549,4095,0,0,0
64.2731,3882,39051548,4095,0,0,0
64.2805,3883,39061549,4095,0,0,0
64.2906,3884,39071549,4095,0,0,0
64.3008,3885,39081549,4095,0,0,0
64.3107,3886,39091548,4095,0,0,0
64.3208,3887,39101548,4095,0,0,0
64.3311,3888,39111549,4095,0,0,0
64.3406,3889,39121548,4095,0,0,0
64.3506,3890,39131549,4095,0,0,0
64.3621,3891,39141549,4095,0,0,0
64.3723,3892,39151549,4095,0,0,0
64.3811,3893,39161549,4095,0,0,0
64.3912,3894,39171548,4095,0,0,0
64.4006,3895,39181549,4095,0,0,0
64.4108,3896,39191548,4095,0,0,0
64.4212,3897,39201549,4095,0,0,0
64.4310,3898,39211548,4095,0,0,0
64.4412,3899,39221548,4095,0,0,0
64.4522,3900,39231549,4095,0,0,0
64.4628,3901,39241549,4095,0,0,0
64.4726,3902,39251548,4095,0,0,0
64.4839,3903,39261548,4095,0,0,0
64.4936,3904,39271549,4095,0,0,0
64.5050,3905,39281548,4095,0,0,0
64.5109,3906,39291549,4095,0,0,0
64.5206,3907,39301549,4095,0,0,0
64.5306,3908,39311549,4095,0,0,0
64.5407,3909,39321548,4095,0,0,0
64.5506,3910,39331549,4095,0,0,0
64.5606,3911,39341548,4095,0,0,0
64.5713,3912,39351549,4095,0,0,0
64.5807,3913,39361548,4095,0,0,0
64.5915,3914,39371549,4095,0,0,0
64.6009,3915,39381549,4095,0,0,0
64.6114,3916,39391549,4095,0,0,0
64.6205,3917,39401548,4095,0,0,0
64.6307,3918,39411549,4095,0,0,0
64.6405,3919,39421549,4095,0,0,0
64.6507,3920,39431549,4095,0,0,0
64.6610,3921,39441548,4095,0,0,0
64.6713,3922,39451549,4095,0,0,0
64.6812,3923,39461549,4095,0,0,0
64.6928,3924,39471549,4095,0,0,0
64.7019,3925,39481549,4095,0,0,0
64.7119,3926,39491548,4095,0,0,0
64.7225,3927,39501549,4095,0,0,0
64.7321,3928,39511548,4095,0,0,0
64.7429,3929,39521549,4095,0,0,0
64.7505,3930,39531548,4095,1,1,1
64.7606,3931,39541549,4095,0,0,0
64.7712,3932,39551548,4095,1,1,1
64.7806,3933,39561549,4095,0,0,0
64.7909,3934,39571548,4095,1,1,1
64.8011,3935,39581549,4095,0,0,0
64.8151,3936,39591548,4095,1,1,1
64.8223,3937,39601549,4095,0,0,0
64.8316,3938,39611549,4095,1,1,1
64.8459,3939,39621549,4095,0,0,0
64.8519,3940,39631549,4095,1,1,1
64.8627,3941,39641549,4095,0,0,0
64.8706,3942,39651549,4095,1,1,1
64.8809,3943,39661548,4095,0,0,0
64.8907,3944,39671549,4095,1,1,1
64.9006,3945,39681548,4095,0,0,0
64.9108,3946,39691548,4095,1,0,1
64.9207,3947,39701549,4095,0,0,0
64.9325,3948,39711548,4095,1,0,1
64.9416,3949,39721549,4095,0,0,0
64.9517,3950,39731549,4095,1,0,1
64.9624,3951,39741548,4095,0,0,0
64.9727,3952,39751549,4095,1,0,1
64.9805,3953,39761549,4095,0,0,0
64.9906,3954,39771548,4095,0,0,0
65.0007,3955,39781549,4095,0,0,0
65.0105,3956,39791548,4095,0,0,0
65.0205,3957,39801549,4095,0,0,0
65.0306,3958,39811549,4095,0,0,0
65.0405,3959,39821549,4095,0,0,0
65.0516,3960,39831548,4095,0,0,0
65.0609,3961,39841549,4095,0,0,0
65.0723,3962,39851549,4095,0,0,0
65.0806,3963,39861549,4095,0,0,0
65.0911,3964,39871548,4095,0,1,1
65.1007,3965,39881548,4095,0,0,0
65.1107,3966,39891548,4095,0,0,0
65.1206,3967,39901549,4095,0,0,0
65.1307,3968,39911548,4095,0,1,1
65.1409,3969,39921548,4095,0,0,0
65.1563,3970,39931549,4095,0,0,0
65.1612,3971,39941549,4095,0,0,0
65.1720,3972,39951549,4095,0,1,1
65.1825,3973,39961549,4095,0,0,0
65.1925,3974,39971549,4095,0,0,0
65.2046,3975,39981548,4095,0,0,0
65.2127,3976,39991549,4095,0,0,0
65.2208,3977,40001549,4095,0,0,0
65.2307,3978,40011549,4095,0,0,0
65.2405,3979,40021549,4095,0,0,0
65.2505,3980,40031549,4095,0,0,0
65.2606,3981,40041548,4095,0,0,0
65.2718,3982,40051549,4095,0,0,0
65.2808,3983,40061548,4095,0,0,0
65.2918,3984,40071549,4095,0,0,0
65.3050,3985,40081548,4095,0,0,0
65.3107,3986,40091549,4095,0,0,0
65.3216,3987,40101549,4095,0,0,0
65.3306,3988,40111548,4095,0,0,0
65.3406,3989,40121549,4095,0,0,0
65.3507,3990,40131549,4095,0,0,0
65.3609,3991,40141549,4095,0,0,0
65.3711,3992,40151549,4095,0,0,0
65.3809,3993,40161548,4095,0,0,0
65.3919,3994,40171549,4095,0,0,0
65.4010,3995,40181549,4095,0,0,0
65.4121,3996,40191548,4095,0,0,0
65.4207,3997,40201549,4095,0,0,0
65.4321,3998,40211548,4095,0,0,0
65.4414,3999,40221549,4095,0,0,0
65.4506,4000,40231549,4095,0,0,0
65.4609,4001,40241548,4095,0,0,0
65.4706,4002,40251549,4095,0,0,0
65.4808,4003,40261549,4095,0,0,0
65.4912,4004,40271548,4095,0,0,0
65.5012,4005,40281549,4095,0,0,0
65.5174,4006,40291549,4095,0,0,0
65.5210,4007,40301548,4095,0,0,0
65.5308,4008,40311549,4095,0,0,0
65.5417,4009,40321548,4095,0,0,0
65.5510,4010,40331549,4095,0,0,0
65.5617,4011,40341548,4095,0,0,0
65.5705,4012,40351549,4095,0,0,0
65.5807,4013,40361549,4095,0,0,0
65.5906,4014,40371549,4095,0,0,0
65.6007,4015,40381549,4095,0,0,0
65.6111,4016,40391549,4095,0,0,0
65.6211,4017,40401549,4095,0,0,0
65.6312,4018,40411548,4095,0,0,0
65.6430,4019,40421549,4095,0,0,0
65.6525,4020,40431549,4095,0,0,0
65.6621,4021,40441549,4095,0,0,0
65.6718,4022,40451548,4095,0,0,0
65.6818,4023,40461549,4095,0,0,0
65.6908,4024,40471548,4095,0,0,0
65.7006,4025,40481549,4095,0,0,0
65.7105,4026,40491549,4095,0,0,0
65.7206,4027,40501549,4095,0,0,0
65.7308,4028,40511549,4095,0,0,0
65.7411,4029,40521549,4095,0,0,0
65.7513,4030,40531548,4095,0,0,0
65.7626,4031,40541549,4095,0,0,0
65.7744,4032,40551548,4095,0,0,0
65.7807,4033,40561549,4095,0,0,0
65.7910,4034,40571548,4095,0,0,0
65.8026,4035,40581549,4095,0,0,0
65.8125,4036,40591548,4095,0,0,0
65.8209,4037,40601549,4095,0,0,0
65.8305,4038,40611548,4095,0,0,0
65.8407,4039,40621549,4095,0,0,0
65.8506,4040,40631549,4095,0,0,0
65.8607,4041,40641548,4095,0,0,0
65.8707,4042,40651549,4095,0,0,0
65.8807,4043,40661549,4095,0,0,0
65.8936,4044,40671549,4095,0,0,0
65.9019,4045,40681548,4095,0,0,0
65.9113,4046,40691549,4095,0,0,0
65.9222,4047,40701548,4095,0,0,0
65.9306,4048,40711549,4095,0,0,0
65.9407,4049,40721549,4095,0,0,0
65.9507,4050,40731549,4095,0,0,0
65.9605,4051,40741549,4095,0,0,0
65.9708,4052,40751548,4095,0,0,0
65.9805,4053,40761549,4095,0,0,0
65.9909,4054,40771548,4095,0,0,0
66.0012,4055,40781549,4095,0,0,0
66.0120,4056,40791548,4095,0,0,0
66.0218,4057,40801549,4095,0,0,0
66.0327,4058,40811549,4095,0,0,0
66.0431,4059,40821549,4095,0,0,0
66.0506,4060,40831548,4095,0,0,0
66.0608,4061,40841549,4095,0,0,0
66.0706,4062,40851548,4095,0,0,0
66.0807,4063,40861548,4095,0,0,0
66.0911,4064,40871549,4095,0,0,0
66.1008,4065,40881548,4095,0,0,0
66.1106,4066,40891549,4095,0,0,0
66.1214,4067,40901549,4095,0,0,0
66.1346,4068,40911548,4095,0,0,0
66.1410,4069,40921549,4095,0,0,0
66.1526,4070,40931548,4095,0,0,0
66.1617,4071,40941549,4095,0,0,0
66.1709,4072,40951549,4095,0,0,0
66.1808,4073,40961548,4095,0,0,0
66.1906,4074,40971549,4095,0,0,0
66.2007,4075,40981549,4095,0,0,0
66.2109,4076,40991549,4095,0,0,0
66.2210,4077,41001548,4095,0,0,0
66.2310,4078,41011549,4095,0,0,0
66.2413,4079,41021548,4095,0,0,0
66.2507,4080,41031549,4095,0,0,0
66.2612,4081,41041548,4095,0,0,0
66.2735,4082,41051549,4095,0,0,0
66.2806,4083,41061548,4095,0,0,0
66.2906,4084,41071549,4095,0,0,0
66.3006,4085,41081548,4095,0,0,0
66.3106,4086,41091549,4095,0,0,0
66.3206,4087,41101548,4095,0,0,0
66.3308,4088,41111549,4095,0,0,0
66.3409,4089,41121548,4095,0,0,0
66.3513,4090,41131549,4095,0,0,0
66.3613,4091,41141548,4095,0,0,0
66.3745,4092,41151549,4095,0,0,0
66.3818,4093,41161548,4095,0,0,0
66.3925,4094,41171549,4095,0,0,0
66.4015,4095,41181548,4095,0,0,0
66.4135,4096,41191549,4095,0,0,0
66.4206,4097,41201548,4095,0,0,0
66.4307,4098,41211549,4095,0,0,0
66.4407,4099,41221548,4095,0,0,0
66.4507,4100,41231549,4095,0,0,0
66.4608,4101,41241548,4095,0,0,0
66.4709,4102,41251549,4095,0,0,0
66.4808,4103,41261548,4095,0,0,0
66.4911,4104,41271548,4095,0,0,0
66.5027,4105,41281549,4095,0,0,0
66.5137,4106,41291549,4095,0,0,0
66.5236,4107,41301548,4095,0,0,0
66.5308,4108,41311549,4095,0,0,0
66.5406,4109,41321548,4095,0,0,0
66.5506,4110,41331548,4095,0,0,0
66.5606,4111,41341549,4095,0,0,0
66.5708,4112,41351549,4095,0,0,0
66.5807,4113,41361549,4095,0,0,0
66.5912,4114,41371549,4095,0,0,0
66.6028,4115,41381549,4095,0,0,0
66.6124,4116,41391548,4095,0,0,0
66.6207,4117,41401549,4095,0,0,0
66.6324,4118,41411548,4095,0,0,0
66.6415,4119,41421549,4095,0,0,0
66.6507,4120,41431549,4095,0,0,0
66.6606,4121,41441549,4095,0,0,0
66.6706,4122,41451549,4095,0,0,0
66.6807,4123,41461548,4095,0,0,0
66.6909,4124,41471549,4095,0,0,0
66.7012,4125,41481548,4095,0,0,0
66.7111,4126,41491548,4095,0,0,0
66.7233,4127,41501549,4095,0,0,0
66.7307,4128,41511549,4095,0,0,0
66.7414,4129,41521549,4095,0,0,0
66.7507,4130,41531549,4095,0,0,0
66.7616,4131,41541548,4095,0,0,0
66.7723,4132,41551549,4095,0,0,0
66.7807,4133,41561548,4095,0,0,0
66.7906,4134,41571549,4095,0,0,0
66.8012,4135,41581548,4095,0,0,0
66.8108,4136,41591548,4095,0,0,0
66.8211,4137,41601549,4095,0,0,0
66.8315,4138,41611549,4095,0,0,0
66.8448,4139,41621548,4095,0,0,0
66.8526,4140,41631549,4095,0,0,0
66.8620,4141,41641549,4095,0,0,0
66.8727,4142,41651549,4095,0,0,0
66.8807,4143,41661549,4095,0,0,0
66.8908,4144,41671549,4095,0,0,0
66.9006,4145,41681548,4095,0,0,0
66.9106,4146,41691549,4095,0,0,0
66.9207,4147,41701548,4095,0,0,0
66.9307,4148,41711549,4095,0,0,0
66.9409,4149,41721548,4095,0,0,0
66.9510,4150,41731549,4095,0,0,0
66.9626,4151,41741549,4095,0,0,0
66.9705,4152,41751549,4095,0,0,0
66.9833,4153,41761548,4095,0,0,0
66.9925,4154,41771549,4095,0,0,0
67.0021,4155,41781549,4095,0,0,0
67.0105,4156,41791548,4095,0,0,0
67.0206,4157,41801548,4095,0,0,0
67.0307,4158,41811549,4095,0,0,0
67.0409,4159,41821549,4095,0,0,0
67.0507,4160,41831549,4095,0,0,0
67.0608,4161,41841548,4095,0,0,0
67.0711,4162,41851548,4095,0,0,0
67.0832,4163,41861549,4095,0,0,0
67.0912,4164,41871548,4095,0,0,0
67.1012,4165,41881549,4095,0,0,0
67.1136,4166,41891549,4095,0,0,0
67.1206,4167,41901548,4095,0,0,0
67.1310,4168,41911549,4095,0,0,0
67.1406,4169,41921549,4095,0,0,0
67.1507,4170,41931549,4095,0,0,0
67.1608,4171,41941549,4095,0,0,0
67.1710,4172,41951549,4095,0,0,0
67.1815,4173,41961549,4095,0,0,0
67.1906,4174,41971549,4095,0,0,0
67.2006,4175,41981548,4095,0,0,0
67.2108,4176,41991549,4095,0,0,0
67.2245,4177,42001549,4095,0,0,0
67.2331,4178,42011549,4095,0,0,0
67.2423,4179,42021548,4095,0,0,0
67.2536,4180,42031549,4095,0,0,0
67.2605,4181,42041549,4095,0,0,0
67.2707,4182,42051549,4095,0,0,0
67.2811,4183,42061549,4095,0,0,0
67.2908,4184,42071549,4095,0,0,0
67.3021,4185,42081548,4095,0,0,0
67.3107,4186,42091549,4095,0,0,0
67.3226,4187,42101549,4095,0,0,0
67.3310,4188,42111549,4095,0,0,0
67.3416,4189,42121549,4095,0,0,0
67.3506,4190,42131549,4095,0,0,0
67.3629,4191,42141549,4095,0,0,0
67.3708,4192,42151549,4095,0,0,0
67.3808,4193,42161549,4095,0,0,0
67.3906,4194,42171549,4095,0,0,0
67.4013,4195,42181548,4095,0,0,0
67.4112,4196,42191549,4095,0,0,0
67.4211,4197,42201549,4095,0,0,0
67.4314,4198,42211549,4095,0,0,0
67.4434,4199,42221549,4095,0,0,0
67.4510,4200,42231549,4095,0,0,0
67.4616,4201,42241549,4095,0,0,0
67.4708,4202,42251548,4095,0,0,0
67.4817,4203,42261549,4095,0,0,0
67.4906,4204,42271549,4095,0,0,0
67.5010,4205,42281548,4095,0,0,0
67.5107,4206,42291549,4095,0,0,0
67.5208,4207,42301549,4095,0,0,0
67.5309,4208,42311549,4095,0,0,0
67.5414,4209,42321549,4095,0,0,0
67.5510,4210,42331549,4095,0,0,0
67.5642,4211,42341549,4095,0,0,0
67.5726,4212,42351549,4095,0,0,0
67.5813,4213,42361548,4095,0,0,0
67.5919,4214,42371549,4095,0,0,0
67.6013,4215,42381548,4095,0,0,0
67.6107,4216,42391549,4095,0,0,0
67.6206,4217,42401548,4095,0,0,0
67.6311,4218,42411549,4095,0,0,0
67.6413,4219,42421549,4095,0,0,0
67.6506,4220,42431548,4095,0,0,0
67.6608,4221,42441549,4095,0,0,0
67.6712,4222,42451549,4095,0,0,0
67.6844,4223,42461549,4095,0,1,1
67.6925,4224,42471548,4095,0,0,0
67.7009,4225,42481549,4095,0,1,1
67.7124,4226,42491549,4095,0,0,0
67.7210,4227,42501549,4095,0,1,1
67.7307,4228,42511548,4095,0,0,0
67.7406,4229,42521548,4095,0,1,1
67.7508,4230,42531549,4095,0,0,0
67.7610,4231,42541549,4095,0,1,1
67.7709,4232,42551549,4095,0,0,0
67.7808,4233,42561548,4095,0,0,0
67.7909,4234,42571549,4095,0,0,0
67.8016,4235,42581549,4095,0,0,0
67.8123,4236,42591549,4095,0,0,0
67.8207,4237,42601548,4095,0,0,0
67.8306,4238,42611548,4095,0,0,0
67.8425,4239,42621549,4095,0,0,0
67.8526,4240,42631549,4095,0,0,0
67.8605,4241,42641549,4095,0,0,0
67.8709,4242,42651549,4095,0,0,0
67.8812,4243,42661548,4095,0,0,0
67.8906,4244,42671549,4095,0,0,0
67.9010,4245,42681548,4095,0,0,0
67.9107,4246,42691548,4095,0,0,0
67.9210,4247,42701549,4095,0,0,0
67.9310,4248,42711549,4095,0,0,0
67.9406,4249,42721549,4095,0,0,0
67.9507,4250,42731549,4095,0,0,0
67.9606,4251,42741548,4095,0,0,0
67.9709,4252,42751549,4095,0,0,0
67.9807,4253,42761548,4095,0,0,0
67.9907,4254,42771549,4095,0,0,0
68.0008,4255,42781549,4095,0,0,0
68.0108,4256,42791549,4095,0,0,0
68.0213,4257,42801548,4095,0,0,0
68.0311,4258,42811549,4095,0,0,0
68.0471,4259,42821549,4095,0,0,0
68.0514,4260,42831549,4095,0,0,0
68.0613,4261,42841549,4095,0,0,0
68.0722,4262,42851549,4095,0,0,0
68.0811,4263,42861549,4095,0,0,0
68.0906,4264,42871548,4095,0,0,0
68.1007,4265,42881549,4095,0,0,0
68.1106,4266,42891549,4095,0,0,0
68.1207,4267,42901548,4095,0,0,0
68.1306,4268,42911549,4095,0,0,0
68.1411,4269,42921549,4095,0,0,0
68.1509,4270,42931549,4095,0,0,0
68.1657,4271,42941548,4095,0,0,0
68.1736,4272,42951549,4095,0,0,0
68.1818,4273,42961548,4095,0,0,0
68.1927,4274,42971548,4095,0,0,0
68.2017,4275,42981549,4095,0,0,0
68.2110,4276,42991549,4095,0,0,0
68.2206,4277,43001549,4095,0,0,0
68.2306,4278,43011549,4095,0,0,0
68.2408,4279,43021549,4095,0,0,0
68.2505,4280,43031549,4095,0,0,0
68.2613,4281,43041549,4095,0,0,0
68.2711,4282,43051549,4095,0,0,0
68.2817,4283,43061549,4095,0,0,0
68.2907,4284,43071549,4095,0,0,0
68.3021,4285,43081548,4095,0,0,0
68.3111,4286,43091549,4095,0,0,0
68.3222,4287,43101548,4095,0,0,0
68.3306,4288,43111549,4095,0,0,0
68.3407,4289,43121549,4095,0,0,0
68.3512,4290,43131548,4095,0,0,0
68.3609,4291,43141549,4095,0,0,0
68.3706,4292,43151549,4095,0,0,0
68.3812,4293,43161548,4095,0,0,0
68.3926,4294,43171549,4095,0,0,0
68.4007,4295,43181549,4095,0,0,0
68.4109,4296,43191548,4095,0,0,0
68.4208,4297,43201548,4095,0,0,0
68.4324,4298,43211549,4095,0,0,0
68.4420,4299,43221548,4095,0,0,0
68.4507,4300,43231549,4095,0,0,0
68.4606,4301,43241549,4095,0,0,0
68.4706,4302,43251549,4095,0,0,0
68.4809,4303,43261549,4095,0,0,0
68.4910,4304,43271549,4095,0,0,0
68.5013,4305,43281548,4095,0,0,0
68.5122,4306,43291548,4095,0,0,0
68.5234,4307,43301549,4095,0,0,0
68.5321,4308,43311549,4095,0,0,0
68.5419,4309,43321548,4095,0,0,0
68.5519,4310,43331549,4095,0,0,0
68.5608,4311,43341548,4095,0,0,0
68.5711,4312,43351548,4095,0,0,0
68.5808,4313,43361549,4095,0,0,0
68.5908,4314,43371549,4095,0,0,0
68.6008,4315,43381548,4095,0,0,0
68.6109,4316,43391549,4095,0,0,0
68.6214,4317,43401548,4095,0,0,0
68.6310,4318,43411548,4095,0,0,0
68.6442,4319,43421549,4095,0,0,0
68.6523,4320,43431549,4095,0,0,0
68.6627,4321,43441548,4095,0,0,0
68.6717,4322,43451549,4095,0,0,0
68.6819,4323,43461549,4095,0,0,0
68.6911,4324,43471549,4095,0,0,0
68.7008,4325,43481549,4095,0,0,0
68.7115,4326,43491549,4095,0,0,0
68.7207,4327,43501548,4095,0,0,0
68.7313,4328,43511549,4095,0,0,0
68.7410,4329,43521549,4095,0,0,0
68.7537,4330,43531549,4095,0,0,0
68.7614,4331,43541548,4095,0,0,0
68.7712,4332,43551549,4095,0,0,0
68.7821,4333,43561548,4095,0,0,0
68.7914,4334,43571549,4095,0,0,0
68.8014,4335,43581549,4095,0,0,0
68.8106,4336,43591549,4095,0,0,0
68.8213,4337,43601549,4095,0,0,0
68.8312,4338,43611549,4095,0,0,0
68.8407,4339,43621548,4095,0,0,0
68.8515,4340,43631549,4095,0,0,0
68.8610,4341,43641548,4095,0,0,0
68.8714,4342,43651548,4095,0,0,0
68.8809,4343,43661549,4095,0,0,0
68.8906,4344,43671549,4095,0,0,0
68.9020,4345,43681549,4095,0,0,0
68.9107,4346,43691549,4095,0,0,0
68.9232,4347,43701548,4095,0,0,0
68.9305,4348,43711549,4095,0,0,0
68.9406,4349,43721548,4095,0,0,0
68.9506,4350,43731549,4095,0,0,0
68.9608,4351,43741548,4095,0,0,0
68.9710,4352,43751548,4095,0,0,0
68.9808,4353,43761549,4095,0,0,0
68.9915,4354,43771549,4095,0,0,0
69.0019,4355,43781548,4095,0,0,0
69.0118,4356,43791549,4095,0,0,0
69.0219,4357,43801549,4095,0,0,0
69.0308,4358,43811549,4095,0,0,0
69.0408,4359,43821549,4095,0,0,0
69.0508,4360,43831549,4095,0,0,0
69.0607,4361,43841549,4095,0,0,0
69.0709,4362,43851549,4095,0,0,0
69.0810,4363,43861549,4095,0,0,0
69.0915,4364,43871549,4095,0,0,0
69.1012,4365,43881548,4095,0,0,0
69.1150,4366,43891548,4095,0,0,0
69.1216,4367,43901549,4095,0,0,0
69.1323,4368,43911549,4095,0,0,0
69.1426,4369,43921548,4095,0,0,0
69.1520,4370,43931549,4095,0,0,0
69.1626,4371,43941549,4095,0,0,0
69.1711,4372,43951549,4095,0,0,0
69.1808,4373,43961548,4095,0,0,0
69.1909,4374,43971549,4095,0,0,0
69.2007,4375,43981549,4095,0,0,0
69.2112,4376,43991549,4095,0,0,0
69.2212,4377,44001548,4095,0,0,0
69.2342,4378,44011549,4095,0,0,0
69.2432,4379,44021548,4095,0,0,0
69.2509,4380,44031549,4095,0,0,0
69.2616,4381,44041548,4095,0,0,0
69.2709,4382,44051549,4095,0,0,0
69.2806,4383,44061548,4095,0,0,0
69.2906,4384,44071549,4095,0,0,0
69.3007,4385,44081548,4095,0,0,0
69.3111,4386,44091549,4095,0,0,0
69.3207,4387,44101549,4095,0,0,0
69.3312,4388,44111549,4095,0,0,0
69.3411,4389,44121548,4095,0,0,0
69.3568,4390,44131549,4095,0,0,0
69.3610,4391,44141549,4095,0,0,0
69.3772,4392,44151549,4095,0,0,0
69.3828,4393,44161548,4095,0,0,0
69.3909,4394,44171549,4095,0,0,0
69.4012,4395,44181548,4095,0,0,0
69.4120,4396,44191549,4095,0,0,0
69.4208,4397,44201549,4095,0,0,0
69.4306,4398,44211549,4095,0,0,0
69.4406,4399,44221549,4095,0,0,0
69.4506,4400,44231549,4095,0,0,0
69.4605,4401,44241548,4095,0,0,0
69.4707,4402,44251549,4095,0,0,0
69.4812,4403,44261549,4095,0,0,0
69.4909,4404,44271549,4095,0,0,0
69.5012,4405,44281549,4095,0,0,0
69.5126,4406,44291549,4095,0,0,0
69.5235,4407,44301548,4095,0,0,0
69.5330,4408,44311549,4095,0,0,0
69.5408,4409,44321549,4095,0,0,0
69.5506,4410,44331549,4095,0,0,0
69.5606,4411,44341548,4095,0,0,0
69.5707,4412,44351549,4095,0,0,0
69.5807,4413,44361549,4095,0,0,0
69.5907,4414,44371549,4095,0,0,0
69.6015,4415,44381549,4095,0,0,0
69.6111,4416,44391549,4095,0,0,0
69.6239,4417,44401548,4095,0,0,0
69.6308,4418,44411549,4095,0,0,0
69.6432,4419,44421549,4095,0,0,0
69.6525,4420,44431549,4095,0,0,0
69.6620,4421,44441548,4095,0,0,0
69.6705,4422,44451549,4095,0,0,0
69.6806,4423,44461548,4095,0,0,0
69.6907,4424,44471549,4095,0,0,0
69.7009,4425,44481549,4095,0,0,0
69.7107,4426,44491549,4095,0,0,0
69.7211,4427,44501548,4095,0,0,0
69.7325,4428,44511549,4095,0,0,0
69.7426,4429,44521549,4095,0,0,0
69.7507,4430,44531549,4095,0,0,0
69.7627,4431,44541549,4095,0,0,0
69.7734,4432,44551549,4095,0,0,0
69.7820,4433,44561548,4095,0,0,0
69.7908,4434,44571549,4095,0,0,0
69.8006,4435,44581548,4095,0,0,0
69.8113,4436,44591548,4095,0,0,0
69.8209,4437,44601549,4095,0,0,0
69.8311,4438,44611549,4095,0,0,0
69.8413,4439,44621548,4095,0,0,0
69.8558,4440,44631549,4095,0,0,0
69.8609,4441,44641548,4095,0,0,0
69.8706,4442,44651549,4095,0,0,0
69.8807,4443,44661549,4095,0,0,0
69.8907,4444,44671549,4095,0,0,0
69.9045,4445,44681548,4095,0,0,0
69.9107,4446,44691549,4095,0,0,0
69.9207,4447,44701549,4095,0,0,0
69.9312,4448,44711549,4095,0,0,0
69.9407,4449,44721549,4095,0,0,0
69.9512,4450,44731548,4095,0,0,0
69.9613,4451,44741549,4095,0,0,0
69.9754,4452,44751549,4095,0,0,0
69.9818,4453,44761549,4095,0,0,0
69.9923,4454,44771549,4095,0,0,0
70.0012,4455,44781549,4095,0,0,0
70.0115,4456,44791549,4095,0,0,0
70.0206,4457,44801548,4095,0,0,0
70.0307,4458,44811549,4095,0,0,0
70.0412,4459,44821548,4095,0,0,0
70.0513,4460,44831549,4095,0,0,0
70.0608,4461,44841548,4095,0,0,0
70.0715,4462,44851549,4095,0,0,0
70.0811,4463,44861549,4095,0,0,0
70.0947,4464,44871549,4095,0,0,0
70.1009,4465,44881549,4095,0,0,0
70.1115,4466,44891549,4095,0,0,0
70.1225,4467,44901548,4095,0,0,0
70.1318,4468,44911549,4095,0,0,0
70.1416,4469,44921549,4095,0,0,0
70.1505,4470,44931549,4095,0,0,0
70.1607,4471,44941548,4095,0,0,0
70.1712,4472,44951549,4095,0,0,0
70.1806,4473,44961548,4095,0,0,0
70.1910,4474,44971549,4095,0,0,0
70.2009,4475,44981549,4095,0,0,0
70.2117,4476,44991549,4095,0,0,0
70.2210,4477,45001548,4095,0,0,0
70.2318,4478,45011549,4095,0,0,0
70.2416,4479,45021549,4095,0,0,0
70.2522,4480,45031549,4095,0,0,0
70.2607,4481,45041549,4095,0,0,0
70.2707,4482,45051549,4095,0,0,0
70.2806,4483,45061549,4095,0,0,0
70.2912,4484,45071549,4095,0,0,0
70.3008,4485,45081548,4095,0,0,0
70.3115,4486,45091549,4095,0,0,0
70.3207,4487,45101549,4095,0,0,0
70.3311,4488,45111549,4095,0,0,0
70.3426,4489,45121548,4095,0,0,0
70.3519,4490,45131549,4095,0,0,0
70.3630,4491,45141549,4095,0,0,0
70.3726,4492,45151549,4095,0,0,0
70.3822,4493,45161548,4095,0,0,0
70.3906,4494,45171549,4095,0,0,0
70.4011,4495,45181548,4095,0,0,0
70.4107,4496,45191549,4095,0,0,0
70.4208,4497,45201548,4095,0,0,0
70.4316,4498,45211549,4095,0,0,0
70.4414,4499,45221549,4095,0,0,0
70.4512,4500,45231548,4095,0,0,0
70.4617,4501,45241549,4095,0,0,0
70.4741,4502,45251549,4095,0,0,0
70.4820,4503,45261548,4095,0,0,0
70.4927,4504,45271549,4095,0,1,1
70.5035,4505,45281549,4095,0,0,0
70.5107,4506,45291549,4095,0,1,1
70.5211,4507,45301548,4095,0,0,0
70.5307,4508,45311549,4095,0,1,1
70.5407,4509,45321549,4095,0,0,0
70.5511,4510,45331549,4095,0,0,0
70.5609,4511,45341549,4095,0,0,0
70.5789,4512,45351549,4095,0,1,1
70.5823,4513,45361549,4095,0,0,0
70.5928,4514,45371549,4095,0,0,0
70.6021,4515,45381548,4095,0,0,0
70.6124,4516,45391549,4095,0,0,0
70.6219,4517,45401549,4095,0,0,0
70.6306,4518,45411549,4095,0,0,0
70.6411,4519,45421549,4095,0,0,0
70.6506,4520,45431549,4095,0,0,0
70.6607,4521,45441549,4095,0,0,0
70.6708,4522,45451549,4095,0,0,0
70.6811,4523,45461548,4095,0,0,0
70.6913,4524,45471548,4095,0,0,0
70.7015,4525,45481549,4095,0,0,0
70.7109,4526,45491549,4095,0,0,0
70.7223,4527,45501549,4095,0,0,0
70.7333,4528,45511548,4095,0,0,0
70.7423,4529,45521549,4095,0,0,0
70.7519,4530,45531549,4095,0,0,0
70.7606,4531,45541548,4095,0,0,0
70.7707,4532,45551549,4095,0,0,0
70.7806,4533,45561549,4095,0,0,0
70.7908,4534,45571549,4095,0,0,0
70.8009,4535,45581548,4095,0,0,0
70.8111,4536,45591549,4095,0,0,0
70.8218,4537,45601549,4095,0,0,0
70.8308,4538,45611549,4095,0,0,0
70.8421,4539,45621549,4095,0,0,0
70.8515,4540,45631549,4095,0,0,0
70.8621,4541,45641548,4095,0,0,0
70.8722,4542,45651548,4095,0,0,0
70.8806,4543,45661549,4095,0,0,0
70.8906,4544,45671549,4095,0,0,0
70.9009,4545,45681548,4095,0,0,0
70.9108,4546,45691549,4095,0,0,0
70.9211,4547,45701548,4095,0,0,0
70.9312,4548,45711549,4095,0,0,0
70.9419,4549,45721548,4095,0,0,0
70.9524,4550,45731549,4095,0,0,0
70.9628,4551,45741548,4095,0,0,0
70.9756,4552,45751549,4095,0,0,0
70.9810,4553,45761548,4095,0,0,0
70.9918,4554,45771549,4095,0,0,0
71.0012,4555,45781549,4095,0,0,0
71.0107,4556,45791549,4095,0,0,0
71.0208,4557,45801548,4095,0,0,0
71.0315,4558,45811549,4095,0,0,0
71.0408,4559,45821549,4095,0,0,0
71.0511,4560,45831549,4095,0,0,0
71.0623,4561,45841548,4095,0,0,0
71.0728,4562,45851549,4095,0,0,0
71.0820,4563,45861549,4095,0,0,0
71.0910,4564,45871549,4095,0,0,0
71.1012,4565,45881548,4095,0,0,0
71.1106,4566,45891549,4095,0,0,0
71.1208,4567,45901549,4095,0,0,0
71.1306,4568,45911549,4095,0,0,0
71.1409,4569,45921549,4095,0,0,0
71.1511,4570,45931549,4095,0,0,0
71.1612,4571,45941549,4095,0,0,0
71.1715,4572,45951549,4095,0,0,0
71.1820,4573,45961549,4095,0,0,0
71.1911,4574,45971549,4095,0,0,0
71.2020,4575,45981548,4095,0,0,0
71.2108,4576,45991549,4095,0,0,0
71.2209,4577,46001548,4095,0,0,0
71.2305,4578,46011549,4095,0,0,0
71.2412,4579,46021549,4095,0,0,0
71.2507,4580,46031549,4095,0,0,0
71.2609,4581,46041549,4095,0,0,0
71.2711,4582,46051548,4095,0,0,0
71.2813,4583,46061549,4095,0,0,0
71.2913,4584,46071549,4095,0,0,0
71.3014,4585,46081549,4095,0,0,0
71.3118,4586,46091549,4095,0,0,0
71.3223,4587,46101549,4095,0,0,0
71.3307,4588,46111549,4095,0,0,0
71.3424,4589,46121549,4095,0,0,0
71.3506,4590,46131549,4095,0,0,0
71.3607,4591,46141549,4095,0,0,0
71.3706,4592,46151549,4095,0,0,0
71.3815,4593,46161549,4095,0,0,0
71.3908,4594,46171548,4095,0,0,0
71.4012,4595,46181549,4095,0,0,0
71.4112,4596,46191549,4095,0,0,0
71.4224,4597,46201549,4095,0,0,0
71.4319,4598,46211548,4095,0,0,0
71.4422,4599,46221549,4095,0,0,0
71.4528,4600,46231549,4095,0,0,0
71.4618,4601,46241549,4095,0,0,0
71.4732,4602,46251549,4095,0,0,0
71.4806,4603,46261548,4095,0,0,0
71.4906,4604,46271549,4095,0,0,0
71.5008,4605,46281548,4095,0,0,0
71.5108,4606,46291549,4095,0,0,0
71.5209,4607,46301548,4095,0,0,0
71.5312,4608,46311549,4095,0,0,0
71.5437,4609,46321549,4095,0,0,0
71.5519,4610,46331549,4095,0,0,0
71.5626,4611,46341548,4095,0,0,0
71.5783,4612,46351549,4095,0,0,0
71.5823,4613,46361549,4095,0,0,0
71.5940,4614,46371549,4095,0,0,0
71.6030,4615,46381548,4095,0,0,0
71.6110,4616,46391549,4095,0,0,0
71.6206,4617,46401549,4095,0,0,0
71.6307,4618,46411549,4095,0,0,0
71.6413,4619,46421548,4095,0,0,0
71.6508,4620,46431549,4095,0,0,0
71.6606,4621,46441548,4095,0,0,0
71.6711,4622,46451549,4095,0,0,0
71.6820,4623,46461548,4095,0,0,0
71.6915,4624,46471548,4095,0,0,0
71.7017,4625,46481549,4095,0,0,0
71.7131,4626,46491549,4095,0,0,0
71.7232,4627,46501549,4095,0,0,0
71.7308,4628,46511549,4095,0,0,0
71.7406,4629,46521548,4095,0,0,0
71.7506,4630,46531549,4095,0,0,0
71.7612,4631,46541548,4095,0,0,0
71.7716,4632,46551549,4095,0,0,0
71.7808,4633,46561548,4095,0,0,0
71.7911,4634,46571549,4095,0,0,0
71.8008,4635,46581549,4095,0,0,0
71.8123,4636,46591549,4095,0,0,0
71.8206,4637,46601549,4095,0,0,0
71.8330,4638,46611549,4095,0,0,0
71.8456,4639,46621549,4095,0,0,0
71.8507,4640,46631549,4095,0,0,0
71.8606,4641,46641548,4095,0,0,0
71.8711,4642,46651549,4095,0,0,0
71.8808,4643,46661549,4095,0,0,0
71.8912,4644,46671549,4095,0,0,0
71.9012,4645,46681548,4095,0,0,0
71.9154,4646,46691549,4095,0,0,0
71.9230,4647,46701549,4095,0,0,0
71.9323,4648,46711549,4095,0,0,0
71.9416,4649,46721548,4095,0,0,0
71.9516,4650,46731549,4095,0,0,0
71.9611,4651,46741549,4095,0,0,0
71.9710,4652,46751549,4095,0,0,0
71.9805,4653,46761548,4095,0,0,0
71.9912,4654,46771549,4095,0,0,0
72.0008,4655,46781548,4095,0,0,0
72.0112,4656,46791549,4095,0,0,0
72.0209,4657,46801548,4095,0,0,0
72.0368,4658,46811548,4095,0,0,0
72.0406,4659,46821549,4095,0,0,0
72.0525,4660,46831548,4095,0,0,0
72.0619,4661,46841549,4095,0,0,0
72.0717,4662,46851549,4095,0,0,0
72.0819,4663,46861548,4095,0,0,0
72.0906,4664,46871549,4095,0,0,0
72.1008,4665,46881549,4095,0,0,0
72.1108,4666,46891549,4095,0,0,0
72.1205,4667,46901549,4095,0,0,0
72.1307,4668,46911548,4095,0,0,0
72.1410,4669,46921549,4095,0,0,0
72.1512,4670,46931549,4095,0,0,0
72.1609,4671,46941548,4095,0,0,0
72.1755,4672,46951549,4095,0,0,0
72.1820,4673,46961549,4095,0,0,0
72.1925,4674,46971549,4095,0,0,0
72.2007,4675,46981548,4095,0,0,0
72.2106,4676,46991549,4095,0,0,0
72.2208,4677,47001549,4095,0,0,0
72.2307,4678,47011549,4095,0,0,0
72.2414,4679,47021548,4095,0,0,0
72.2508,4680,47031549,4095,0,0,0
72.2612,4681,47041548,4095,0,0,0
72.2713,4682,47051549,4095,0,0,0
72.2814,4683,47061548,4095,0,0,0
72.2936,4684,47071548,4095,0,0,0
72.3005,4685,47081549,4095,0,0,0
72.3143,4686,47091549,4095,0,0,0
72.3210,4687,47101548,4095,0,0,0
72.3318,4688,47111549,4095,0,0,0
72.3411,4689,47121548,4095,0,0,0
72.3507,4690,47131548,4095,0,0,0
72.3606,4691,47141549,4095,0,0,0
72.3711,4692,47151549,4095,0,0,0
72.3809,4693,47161549,4095,0,0,0
72.3910,4694,47171549,4095,0,0,0
72.4012,4695,47181549,4095,0,0,0
72.4119,4696,47191549,4095,0,0,0
72.4219,4697,47201548,4095,0,0,0
72.4328,4698,47211548,4095,0,0,0
72.4429,4699,47221549,4095,0,0,0
72.4509,4700,47231548,4095,0,0,0
72.4607,4701,47241549,4095,0,0,0
72.4706,4702,47251549,4095,0,0,0
72.4810,4703,47261548,4095,0,0,0
72.4910,4704,47271548,4095,0,0,0
72.5010,4705,47281549,4095,0,0,0
72.5114,4706,47291549,4095,0,0,0
72.5235,4707,47301549,4095,0,0,0
72.5319,4708,47311549,4095,0,0,0
72.5415,4709,47321549,4095,0,0,0
72.5518,4710,47331549,4095,0,0,0
72.5628,4711,47341548,4095,0,0,0
72.5729,4712,47351549,4095,0,0,0
72.5809,4713,47361548,4095,0,0,0
72.5906,4714,47371549,4095,0,0,0
72.6011,4715,47381548,4095,0,0,0
72.6115,4716,47391548,4095,0,0,0
72.6211,4717,47401549,4095,0,0,0
72.6314,4718,47411549,4095,0,0,0
72.6417,4719,47421549,4095,0,0,0
72.6516,4720,47431549,4095,0,0,0
72.6618,4721,47441548,4095,0,0,0
72.6726,4722,47451549,4095,0,0,0
72.6812,4723,47461549,4095,0,0,0
72.6907,4724,47471548,4095,0,0,0
72.7011,4725,47481549,4095,0,0,0
72.7107,4726,47491549,4095,0,0,0
72.7210,4727,47501548,4095,0,0,0
72.7310,4728,47511549,4095,0,0,0
72.7410,4729,47521549,4095,0,0,0
72.7512,4730,47531549,4095,0,0,0
72.7611,4731,47541548,4095,0,0,0
72.7718,4732,47551549,4095,0,0,0
72.7818,4733,47561549,4095,0,0,0
72.7933,4734,47571549,4095,0,0,0
72.8018,4735,47581549,4095,0,0,0
72.8118,4736,47591549,4095,0,0,0
72.8208,4737,47601548,4095,0,0,0
72.8306,4738,47611549,4095,0,0,0
72.8412,4739,47621548,4095,0,0,0
72.8509,4740,47631549,4095,0,0,0
72.8608,4741,47641549,4095,0,0,0
72.8712,4742,47651549,4095,0,0,0
72.8812,4743,47661548,4095,0,0,0
72.8935,4744,47671549,4095,0,0,0
72.9023,4745,47681548,4095,0,0,0
72.9119,4746,47691548,4095,0,0,0
72.9208,4747,47701549,4095,0,0,0
72.9312,4748,47711549,4095,0,0,0
72.9412,4749,47721549,4095,0,0,0
72.9507,4750,47731549,4095,0,0,0
72.9606,4751,47741548,4095,0,0,0
72.9710,4752,47751548,4095,0,0,0
72.9805,4753,47761549,4095,0,0,0
72.9910,4754,47771549,4095,0,0,0
73.0008,4755,47781548,4095,0,0,0
73.0106,4756,47791549,4095,0,0,0
73.0221,4757,47801549,4095,0,0,0
73.0317,4758,47811549,4095,0,0,0
73.0418,4759,47821549,4095,0,0,0
73.0506,4760,47831549,4095,0,0,0
73.0612,4761,47841549,4095,0,0,0
73.0705,4762,47851549,4095,0,0,0
73.0808,4763,47861549,4095,0,0,0
73.0913,4764,47871549,4095,0,0,0
73.1011,4765,47881549,4095,0,0,0
73.1175,4766,47891548,4095,0,0,0
73.1210,4767,47901549,4095,0,0,0
73.1307,4768,47911549,4095,0,0,0
73.1410,4769,47921549,4095,0,0,0
73.1520,4770,47931549,4095,0,0,0
73.1622,4771,47941548,4095,0,0,0
73.1708,4772,47951549,4095,0,0,0
73.1807,4773,47961549,4095,0,0,0
73.1906,4774,47971549,4095,0,0,0
73.2013,4775,47981548,4095,0,0,0
73.2111,4776,47991549,4095,0,0,0
73.2211,4777,48001548,4095,0,0,0
73.2313,4778,48011549,4095,0,0,0
73.2432,4779,48021548,4095,0,0,0
73.2506,4780,48031549,4095,0,0,0
73.2609,4781,48041549,4095,0,0,0
73.2738,4782,48051549,4095,0,0,0
73.2823,4783,48061549,4095,0,1,1
73.2906,4784,48071549,4095,0,0,0
73.3012,4785,48081548,4095,0,0,0
73.3106,4786,48091549,4095,0,0,0
73.3211,4787,48101548,4095,0,1,1
73.3310,4788,48111549,4095,0,0,0
73.3410,4789,48121548,4095,0,1,1
73.3513,4790,48131549,4095,0,0,0
73.3612,4791,48141548,4095,0,1,1
73.3732,4792,48151549,4095,0,0,0
73.3807,4793,48161549,4095,0,0,0
73.3908,4794,48171548,4095,0,0,0
73.4019,4795,48181549,4095,0,0,0
73.4105,4796,48191549,4095,0,0,0
73.4209,4797,48201548,4095,0,0,0
73.4306,4798,48211548,4095,0,0,0
73.4417,4799,48221549,4095,0,0,0
73.4508,4800,48231549,4095,0,0,0
73.4609,4801,48241549,4095,0,0,0
73.4711,4802,48251549,4095,0,0,0
73.4818,4803,48261548,4095,0,0,0
73.4919,4804,48271549,4095,0,0,0
73.5006,4805,48281548,4095,0,0,0
73.5125,4806,48291549,4095,0,0,0
73.5226,4807,48301549,4095,0,0,0
73.5320,4808,48311548,4095,0,0,0
73.5407,4809,48321549,4095,0,0,0
73.5506,4810,48331549,4095,0,0,0
73.5608,4811,48341549,4095,0,0,0
73.5710,4812,48351549,4095,0,0,0
73.5812,4813,48361549,4095,0,0,0
73.5911,4814,48371549,4095,0,0,0
73.6035,4815,48381549,4095,0,0,0
73.6106,4816,48391549,4095,0,0,0
73.6206,4817,48401549,4095,0,0,0
73.6337,4818,48411549,4095,0,0,0
73.6406,4819,48421548,4095,0,0,0
73.6505,4820,48431548,4095,0,0,0
73.6607,4821,48441549,4095,0,1,1
73.6705,4822,48451549,4095,0,0,0
73.6807,4823,48461549,4095,0,0,0
73.6908,4824,48471549,4095,0,0,0
73.7011,4825,48481549,4095,0,0,0
73.7108,4826,48491549,4095,0,0,0
73.7213,4827,48501549,4095,0,0,0
73.7326,4828,48511548,4095,0,0,0
73.7425,4829,48521549,4095,0,1,1
73.7527,4830,48531549,4095,0,0,0
73.7630,4831,48541548,4095,0,1,1
73.7742,4832,48551549,1616,0,0,0
73.7805,4833,48561549,0,0,1,1
73.7902,4834,48571549,0,0,0,0
73.8002,4835,48581549,0,0,1,1
73.8103,4836,48591549,0,0,0,0
73.8207,4837,48601549,0,0,1,1
73.8308,4838,48611549,0,0,0,0
73.8407,4839,48621549,0,0,1,1
73.8517,4840,48631549,0,0,0,0
73.8616,4841,48641548,0,0,1,1
73.8728,4842,48651548,0,0,0,0
73.8808,4843,48661549,0,0,1,1
73.8916,4844,48671549,0,0,0,0
73.9002,4845,48681549,0,0,1,1
73.9106,4846,48691549,0,0,0,0
73.9204,4847,48701548,0,0,1,1
73.9303,4848,48711549,0,0,0,0
73.9403,4849,48721549,0,0,1,1
73.9508,4850,48731549,0,0,0,0
73.9626,4851,48741548,0,0,1,1
73.9705,4852,48751549,0,0,0,0
73.9813,4853,48761549,0,0,1,1
73.9912,4854,48771549,0,0,0,0
74.0018,4855,48781549,0,0,1,1
74.0114,4856,48791549,0,0,0,0
74.0203,4857,48801549,0,0,1,1
74.0304,4858,48811549,0,0,0,0
74.0402,4859,48821549,0,0,1,1
74.0504,4860,48831549,0,0,0,0
74.0603,4861,48841549,0,0,1,1
74.0706,4862,48851549,0,0,0,0
74.0806,4863,48861549,0,0,1,1
74.0927,4864,48871549,0,0,0,0
74.1005,4865,48881549,0,0,1,1
74.1126,4866,48891549,0,0,0,0
74.1204,4867,48901549,0,0,1,1
74.1309,4868,48911549,0,0,0,0
74.1403,4869,48921549,0,0,1,1
74.1504,4870,48931549,0,0,0,0
74.1607,4871,48941549,0,0,1,1
74.1704,4872,48951549,0,0,0,0
74.1802,4873,48961549,0,0,1,1
74.1904,4874,48971549,0,0,0,0
74.2004,4875,48981549,0,0,1,1
74.2115,4876,48991549,0,0,0,0
74.2226,4877,49001549,0,0,1,1
74.2330,4878,49011549,0,0,0,0
74.2423,4879,49021549,0,0,1,1
74.2513,4880,49031549,0,0,0,0
74.2605,4881,49041549,0,0,1,1
74.2703,4882,49051549,0,0,0,0
74.2803,4883,49061549,0,0,1,1
74.2904,4884,49071549,0,0,0,0
74.3003,4885,49081549,0,0,1,1
74.3104,4886,49091549,0,0,0,0
74.3205,4887,49101549,0,0,1,1
74.3304,4888,49111549,0,0,0,0
74.3408,4889,49121548,0,0,1,1
74.3513,4890,49131549,0,0,0,0
74.3616,4891,49141548,0,0,1,1
74.3731,4892,49151549,0,0,0,0
74.3833,4893,49161549,0,0,1,1
74.3902,4894,49171549,0,0,0,0
74.4003,4895,49181548,0,0,1,1
74.4102,4896,49191549,0,0,0,0
74.4203,4897,49201549,0,0,1,1
74.4302,4898,49211549,0,0,0,0
74.4402,4899,49221548,0,0,1,1
74.4516,4900,49231549,0,0,0,0
74.4615,4901,49241549,0,0,1,1
74.4719,4902,49251549,0,0,0,0
74.4818,4903,49261549,0,0,1,1
74.4922,4904,49271549,0,0,0,0
74.5010,4905,49281549,0,0,1,1
74.5103,4906,49291549,0,0,0,0
74.5203,4907,49301549,0,0,1,1
74.5303,4908,49311549,0,0,0,0
74.5402,4909,49321549,0,0,1,1
74.5503,4910,49331549,0,0,0,0
74.5603,4911,49341548,0,0,1,1
74.5705,4912,49351549,0,0,0,0
74.5812,4913,49361549,0,0,1,1
74.5904,4914,49371549,0,0,0,0
74.6019,4915,49381549,0,0,1,1
74.6122,4916,49391549,0,0,0,0
74.6238,4917,49401549,0,0,1,1
74.6303,4918,49411549,0,0,0,0
74.6403,4919,49421549,0,0,1,1
74.6503,4920,49431549,0,0,0,0
74.6602,4921,49441548,0,0,1,1
74.6704,4922,49451549,0,0,0,0
74.6805,4923,49461549,0,0,1,1
74.6908,4924,49471549,0,0,0,0
74.7006,4925,49481549,0,0,1,1
74.7104,4926,49491549,0,0,0,0
74.7221,4927,49501549,0,0,1,1
74.7313,4928,49511549,0,0,0,0
74.7436,4929,49521549,0,0,1,1
74.7515,4930,49531549,0,0,0,0
74.7603,4931,49541549,0,0,1,1
74.7703,4932,49551549,0,0,0,0
74.7802,4933,49561548,0,0,1,1
74.7904,4934,49571549,0,0,0,0
74.8003,4935,49581548,0,0,1,1
74.8127,4936,49591549,0,0,0,0
74.8228,4937,49601549,0,0,0,0
74.8313,4938,49611549,0,0,0,0
74.8449,4939,49621549,0,0,0,0
74.8507,4940,49631549,0,0,1,1
74.8613,4941,49641549,0,0,0,0
74.8703,4942,49651549,0,0,0,0
74.8804,4943,49661549,0,0,0,0
74.8903,4944,49671549,0,0,0,0
74.9004,4945,49681548,0,0,0,0
74.9108,4946,49691549,0,0,0,0
74.9205,4947,49701548,0,0,0,0
74.9307,4948,49711549,0,0,0,0
74.9411,4949,49721549,0,0,0,0
74.9504,4950,49731549,0,0,0,0
74.9617,4951,49741549,0,0,0,0
74.9711,4952,49751549,0,0,0,0
74.9803,4953,49761549,0,0,0,0
74.9909,4954,49771549,0,0,0,0
75.0003,4955,49781548,0,0,0,0
75.0103,4956,49791549,0,0,0,0
75.0212,4957,49801548,0,0,0,0
75.0306,4958,49811549,0,0,0,0
75.0429,4959,49821548,0,0,0,0
75.0521,4960,49831548,0,0,0,0
75.0626,4961,49841549,0,0,0,0
75.0730,4962,49851549,0,0,0,0
75.0827,4963,49861549,0,0,0,0
75.0909,4964,49871549,0,0,0,0
75.1028,4965,49881549,0,0,0,0
75.1140,4966,49891549,0,0,0,0
75.1213,4967,49901548,0,0,0,0
75.1322,4968,49911549,0,0,0,0
75.1444,4969,49921548,0,0,0,0
75.1529,4970,49931549,0,0,0,0
75.1629,4971,49941549,0,0,0,0
75.1716,4972,49951549,0,0,0,0
75.1805,4973,49961548,0,0,0,0
75.1906,4974,49971549,0,0,0,0
75.2007,4975,49981549,0,0,0,0
75.2106,4976,49991549,0,0,0,0
75.2205,4977,50001549,0,0,0,0
75.2304,4978,50011549,0,0,0,0
75.2405,4979,50021549,0,0,0,0
75.2531,4980,50031549,0,0,0,0
75.2630,4981,50041548,0,0,0,0
75.2713,4982,50051549,0,0,0,0
75.2822,4983,50061549,0,0,0,0
75.2946,4984,50071549,0,0,0,0
75.3042,4985,50081549,0,0,0,0
75.3142,4986,50091549,0,0,0,0
75.3220,4987,50101549,0,0,0,0
75.3334,4988,50111549,0,0,0,0
75.3436,4989,50121549,0,0,0,0
75.3527,4990,50131549,0,0,0,0
75.3606,4991,50141549,0,0,0,0
75.3723,4992,50151549,0,0,0,0
75.3862,4993,50161549,0,0,0,0
75.3923,4994,50171549,0,0,0,0
75.4033,4995,50181548,0,0,0,0
75.4136,4996,50191549,0,0,0,0
75.4207,4997,50201548,0,0,0,0
75.4309,4998,50211549,0,0,0,0
75.4407,4999,50221549,0,0,0,0
75.4505,5000,50231549,0,0,0,0
75.4605,5001,50241548,0,0,0,0
75.4708,5002,50251549,0,0,0,0
75.4807,5003,50261549,0,0,0,0
75.4938,5004,50271549,0,0,0,0
75.5016,5005,50281549,0,0,0,0
75.5138,5006,50291549,0,0,0,0
75.5230,5007,50301549,0,0,0,0
75.5323,5008,50311549,0,0,0,0
75.5430,5009,50321549,0,0,0,0
75.5534,5010,50331549,0,0,0,0
75.5643,5011,50341548,0,0,0,0
75.5752,5012,50351549,0,0,0,0
75.5828,5013,50361548,0,0,0,0
75.5916,5014,50371549,0,0,0,0
75.6044,5015,50381548,0,0,0,0
75.6129,5016,50391549,0,0,0,0
75.6233,5017,50401549,0,0,0,0
75.6319,5018,50411549,0,0,0,0
75.6439,5019,50421548,0,0,0,0
75.6503,5020,50431549,0,0,0,0
75.6607,5021,50441549,0,0,0,0
75.6702,5022,50451549,0,0,0,0
75.6805,5023,50461549,0,0,0,0
75.6906,5024,50471549,0,0,0,0
75.7003,5025,50481548,0,0,0,0
75.7114,5026,50491549,0,0,0,0
75.7230,5027,50501549,0,0,0,0
75.7328,5028,50511549,0,0,0,0
75.7428,5029,50521548,0,0,0,0
75.7531,5030,50531549,0,0,0,0
75.7612,5031,50541549,0,0,0,0
75.7715,5032,50551549,0,0,0,0
75.7829,5033,50561549,0,0,0,0
75.7931,5034,50571549,0,0,0,0
75.8026,5035,50581549,0,0,0,0
75.8138,5036,50591549,0,0,0,0
75.8234,5037,50601549,0,0,0,0
75.8316,5038,50611549,0,0,0,0
75.8408,5039,50621549,0,0,0,0
75.8505,5040,50631549,0,0,0,0
75.8605,5041,50641549,0,0,0,0
75.8705,5042,50651549,0,0,0,0
75.8805,5043,50661549,0,0,0,0
75.8903,5044,50671549,0,0,0,0
75.9015,5045,50681549,0,0,0,0
75.9118,5046,50691549,0,0,0,0
75.9234,5047,50701548,0,0,0,0
75.9316,5048,50711549,0,0,0,0
75.9438,5049,50721549,0,0,0,0
75.9539,5050,50731549,0,0,0,0
75.9623,5051,50741548,0,0,0,0
75.9738,5052,50751549,0,0,0,0
75.9812,5053,50761549,0,0,0,0
75.9929,5054,50771549,0,0,0,0
76.0032,5055,50781549,0,0,0,0
76.0130,5056,50791549,0,0,0,0
76.0243,5057,50801549,0,0,0,0
76.0315,5058,50811549,0,0,0,0
76.0419,5059,50821549,0,0,0,0
76.0506,5060,50831549,0,0,0,0
76.0603,5061,50841549,0,0,0,0
76.0702,5062,50851549,0,0,0,0
76.0804,5063,50861549,0,0,0,0
76.0904,5064,50871549,0,0,0,0
76.1004,5065,50881549,0,0,0,0
76.1111,5066,50891549,0,0,0,0
76.1218,5067,50901549,0,0,0,0
76.1315,5068,50911549,0,0,0,0
76.1432,5069,50921549,0,0,0,0
76.1518,5070,50931549,0,0,0,0
76.1613,5071,50941549,0,0,0,0
76.1703,5072,50951549,0,0,0,0
76.1805,5073,50961549,0,0,0,0
76.1904,5074,50971549,0,0,1,1
76.2003,5075,50981549,0,0,0,0
76.2103,5076,50991549,0,0,0,0
76.2203,5077,51001548,0,0,0,0
76.2314,5078,51011549,0,0,1,1
76.2441,5079,51021548,0,0,0,0
76.2530,5080,51031549,0,0,1,1
76.2616,5081,51041549,0,0,0,0
76.2737,5082,51051549,0,0,0,0
76.2813,5083,51061548,0,0,0,0
76.2903,5084,51071549,0,0,0,0
76.3007,5085,51081549,0,0,0,0
76.3103,5086,51091549,0,0,0,0
76.3203,5087,51101549,0,0,0,0
76.3305,5088,51111549,0,0,0,0
76.3407,5089,51121549,0,0,0,0
76.3537,5090,51131549,0,0,0,0
76.3635,5091,51141548,0,0,0,0
76.3707,5092,51151549,0,0,0,0
76.3829,5093,51161549,0,0,0,0
76.3915,5094,51171549,0,0,0,0
76.4029,5095,51181549,0,0,0,0
76.4113,5096,51191549,0,0,0,0
76.4232,5097,51201549,0,0,0,0
76.4304,5098,51211549,0,0,0,0
76.4403,5099,51221549,0,0,0,0
76.4508,5100,51231549,0,0,0,0
76.4603,5101,51241549,0,0,0,0
76.4703,5102,51251549,0,0,0,0
76.4807,5103,51261549,0,0,0,0
76.4904,5104,51271549,0,0,0,0
76.5039,5105,51281549,0,0,0,0
76.5145,5106,51291549,0,0,1,1
76.5228,5107,51301549,0,0,0,0
76.5337,5108,51311549,0,0,0,0
76.5430,5109,51321549,0,0,0,0
76.5534,5110,51331549,0,0,1,1
76.5638,5111,51341548,0,0,0,0
76.5712,5112,51351548,0,0,0,0
76.5806,5113,51361549,0,0,0,0
76.5907,5114,51371549,0,0,0,0
76.6014,5115,51381549,0,0,0,0
76.6114,5116,51391549,0,0,0,0
76.6214,5117,51401549,0,0,0,0
76.6318,5118,51411549,0,0,0,0
76.6410,5119,51421549,0,0,0,0
76.6528,5120,51431549,0,0,0,0
76.6649,5121,51441549,0,0,0,0
76.6751,5122,51451549,0,0,0,0
76.6811,5123,51461549,0,0,0,0
76.6930,5124,51471549,0,0,0,0
76.7058,5125,51481549,0,0,0,0
76.7167,5126,51491549,0,0,0,0
76.7222,5127,51501548,0,0,0,0
76.7328,5128,51511549,0,0,0,0
76.7430,5129,51521549,0,0,0,0
76.7511,5130,51531549,0,0,0,0
76.7614,5131,51541548,0,0,0,0
76.7706,5132,51551548,0,0,0,0
76.7805,5133,51561549,0,0,0,0
76.7903,5134,51571549,0,0,0,0
76.8002,5135,51581548,0,0,0,0
76.8103,5136,51591548,0,0,0,0
76.8205,5137,51601549,0,0,0,0
76.8303,5138,51611549,0,0,0,0
76.8425,5139,51621549,0,0,0,0
76.8533,5140,51631549,0,0,0,0
76.8616,5141,51641549,0,0,0,0
76.8726,5142,51651549,0,0,0,0
76.8833,5143,51661549,0,0,0,0
76.8939,5144,51671549,0,0,0,0
76.9040,5145,51681549,0,0,0,0
76.9134,5146,51691549,0,0,0,0
76.9233,5147,51701549,0,0,0,0
76.9333,5148,51711549,0,0,0,0
76.9413,5149,51721549,0,0,0,0
76.9557,5150,51731549,0,0,0,0
76.9612,5151,51741549,0,0,0,0
76.9731,5152,51751549,0,0,0,0
76.9804,5153,51761548,0,0,0,0
76.9904,5154,51771549,0,0,0,0
77.0005,5155,51781549,0,0,0,0
77.0104,5156,51791549,0,0,0,0
77.0202,5157,51801549,0,0,0,0
77.0303,5158,51811549,0,0,0,0
77.0409,5159,51821549,0,0,0,0
77.0525,5160,51831549,0,0,0,0
77.0612,5161,51841549,0,0,0,0
77.0744,5162,51851549,0,0,0,0
77.0812,5163,51861549,0,0,0,0
77.0924,5164,51871549,0,0,0,0
77.1014,5165,51881549,0,0,0,0
77.1134,5166,51891549,0,0,0,0
77.1235,5167,51901549,0,0,0,0
77.1323,5168,51911549,0,0,0,0
77.1431,5169,51921549,0,0,0,0
77.1516,5170,51931549,0,0,0,0
77.1615,5171,51941548,0,0,0,0
77.1706,5172,51951549,0,0,0,0
77.1805,5173,51961549,0,0,0,0
77.1906,5174,51971549,0,0,0,0
77.2005,5175,51981549,0,0,0,0
77.2108,5176,51991549,0,0,0,0
77.2211,5177,52001549,0,0,0,0
77.2306,5178,52011549,0,0,0,0
77.2461,5179,52021549,0,0,0,0
77.2514,5180,52031549,0,0,0,0
77.2628,5181,52041549,0,0,0,0
77.2727,5182,52051549,0,0,1,1
77.2814,5183,52061548,0,0,0,0
77.2949,5184,52071549,0,0,1,1
77.3018,5185,52081549,0,0,0,0
77.3129,5186,52091549,0,0,1,1
77.3238,5187,52101549,0,0,0,0
77.3315,5188,52111549,0,0,1,1
77.3413,5189,52121549,0,0,0,0
77.3538,5190,52131549,0,0,1,1
77.3631,5191,52141549,0,0,0,0
77.3726,5192,52151549,0,0,1,1
77.3803,5193,52161549,0,0,0,0
77.3904,5194,52171549,0,0,1,1
77.4005,5195,52181549,0,0,0,0
77.4105,5196,52191549,0,0,1,1
77.4203,5197,52201549,0,0,0,0
77.4302,5198,52211549,0,0,1,1
77.4441,5199,52221549,0,0,0,0
77.4509,5200,52231549,0,0,1,1
77.4652,5201,52241549,0,0,0,0
77.4711,5202,52251549,0,0,1,1
77.4836,5203,52261549,0,0,0,0
77.4929,5204,52271549,0,0,1,1
77.5044,5205,52281549,0,0,0,0
77.5125,5206,52291549,0,0,1,1
77.5211,5207,52301549,0,0,0,0
77.5323,5208,52311549,0,0,1,1
77.5455,5209,52321549,0,0,0,0
77.5529,5210,52331549,0,0,1,1
77.5604,5211,52341549,0,0,0,0
77.5705,5212,52351549,0,0,1,1
77.5805,5213,52361549,0,0,0,0
77.5906,5214,52371549,0,0,1,1
77.6005,5215,52381549,0,0,0,0
77.6104,5216,52391549,0,0,1,1
77.6206,5217,52401549,0,0,0,0
77.6310,5218,52411549,0,0,1,1
77.6418,5219,52421549,0,0,0,0
77.6531,5220,52431549,0,0,1,1
77.6626,5221,52441549,0,0,0,0
77.6729,5222,52451549,0,0,1,1
77.6815,5223,52461549,0,0,0,0
77.6929,5224,52471549,0,0,1,1
77.7032,5225,52481549,0,0,0,0
77.7113,5226,52491549,0,0,1,1
77.7231,5227,52501549,0,0,0,0
77.7328,5228,52511549,0,0,1,1
77.7430,5229,52521549,0,0,0,0
77.7529,5230,52531549,0,0,1,1
77.7630,5231,52541549,0,0,0,0
77.7731,5232,52551549,0,0,1,1
77.7805,5233,52561549,0,0,0,0
77.7904,5234,52571549,0,0,1,1
77.8007,5235,52581548,0,0,0,0
77.8106,5236,52591549,0,0,1,1
77.8208,5237,52601548,0,0,0,0
77.8307,5238,52611549,0,0,1,1
77.8451,5239,52621549,0,0,0,0
77.8513,5240,52631549,0,0,0,0
77.8633,5241,52641549,0,0,0,0
77.8714,5242,52651549,0,0,0,0
77.8832,5243,52661548,0,0,1,1
77.8934,5244,52671549,0,0,0,0
77.9023,5245,52681548,0,0,1,1
77.9135,5246,52691549,0,0,0,0
77.9237,5247,52701549,0,0,1,1
77.9329,5248,52711549,0,0,0,0
77.9417,5249,52721549,0,0,1,1
77.9536,5250,52731549,0,0,0,0
77.9629,5251,52741549,0,0,1,1
77.9737,5252,52751549,0,0,0,0
77.9839,5253,52761549,0,0,1,1
77.9908,5254,52771549,0,0,0,0
78.0004,5255,52781549,0,0,1,1
78.0106,5256,52791549,0,0,0,0
78.0205,5257,52801549,0,0,1,1
78.0307,5258,52811549,0,0,0,0
78.0405,5259,52821549,0,0,1,1
78.0505,5260,52831549,0,0,0,0
78.0605,5261,52841549,0,0,1,1
78.0705,5262,52851549,0,0,0,0
78.0814,5263,52861549,0,0,1,1
78.0913,5264,52871549,0,0,0,0
78.1011,5265,52881548,0,0,1,1
78.1144,5266,52891548,0,0,0,0
78.1225,5267,52901549,0,0,1,1
78.1361,5268,52911549,0,0,0,0
78.1412,5269,52921549,0,0,1,1
78.1571,5270,52931549,0,0,0,0
78.1637,5271,52941549,0,0,1,1
78.1718,5272,52951549,0,0,0,0
78.1812,5273,52961548,0,0,1,1
78.1942,5274,52971549,0,0,0,0
78.2029,5275,52981549,0,0,1,1
78.2135,5276,52991549,0,0,0,0
78.2245,5277,53001549,0,0,1,1
78.2336,5278,53011549,0,0,0,0
78.2428,5279,53021549,0,0,1,1
78.2545,5280,53031549,0,0,0,0
78.2628,5281,53041548,0,0,1,1
78.2719,5282,53051549,0,0,0,0
78.2806,5283,53061549,0,0,1,1
78.2907,5284,53071549,0,0,0,0
78.3006,5285,53081548,0,0,1,1
78.3106,5286,53091549,0,0,0,0
78.3210,5287,53101549,0,0,1,1
78.3306,5288,53111549,0,0,0,0
78.3405,5289,53121549,0,0,1,1
78.3533,5290,53131549,0,0,0,0
78.3628,5291,53141549,0,0,1,1
78.3734,5292,53151549,0,0,0,0
78.3813,5293,53161549,0,0,1,1
78.3932,5294,53171549,0,0,0,0
78.4028,5295,53181549,0,0,1,1
78.4139,5296,53191549,0,0,0,0
78.4213,5297,53201549,0,0,1,1
78.4325,5298,53211549,0,0,0,0
78.4414,5299,53221549,0,0,1,1
78.4530,5300,53231549,0,0,0,0
78.4614,5301,53241549,0,0,1,1
78.4731,5302,53251549,0,0,0,0
78.4805,5303,53261549,0,0,1,1
78.4905,5304,53271549,0,0,0,0
78.5008,5305,53281549,0,0,1,1
78.5103,5306,53291549,0,0,0,0
78.5205,5307,53301548,0,0,1,1
78.5302,5308,53311549,0,0,0,0
78.5403,5309,53321549,0,0,1,1
78.5504,5310,53331549,0,0,0,0
78.5606,5311,53341548,0,0,1,1
78.5763,5312,53351549,0,0,0,0
78.5816,5313,53361548,0,0,1,1
78.5910,5314,53371548,0,0,0,0
78.6018,5315,53381549,0,0,1,1
78.6115,5316,53391549,0,0,0,0
78.6215,5317,53401549,0,0,1,1
78.6338,5318,53411549,0,0,0,0
78.6439,5319,53421549,0,0,1,1
78.6512,5320,53431549,0,0,0,0
78.6604,5321,53441548,0,0,1,1
78.6703,5322,53451549,0,0,0,0
78.6803,5323,53461548,0,0,1,1
78.6905,5324,53471549,0,0,0,0
78.7005,5325,53481548,0,0,1,1
78.7106,5326,53491549,0,0,0,0
78.7217,5327,53501549,0,0,1,1
78.7317,5328,53511549,0,0,0,0
78.7432,5329,53521549,0,0,1,1
78.7529,5330,53531549,0,0,0,0
78.7603,5331,53541548,0,0,1,1
78.7740,5332,53551549,0,0,0,0
78.7819,5333,53561549,0,0,1,1
78.7932,5334,53571549,0,0,0,0
78.8032,5335,53581549,0,0,1,1
78.8127,5336,53591549,0,0,0,0
78.8224,5337,53601549,0,0,1,1
78.8305,5338,53611549,0,0,0,0
78.8406,5339,53621549,0,0,1,1
78.8506,5340,53631549,0,0,0,0
78.8605,5341,53641549,0,0,1,1
78.8705,5342,53651549,0,0,0,0
78.8804,5343,53661549,0,0,1,1
78.8940,5344,53671549,0,0,0,0
78.9050,5345,53681549,0,0,1,1
78.9117,5346,53691549,0,0,0,0
78.9246,5347,53701549,0,0,1,1
78.9315,5348,53711549,0,0,0,0
78.9442,5349,53721549,0,0,1,1
78.9512,5350,53731549,0,0,0,0
78.9645,5351,53741549,0,0,1,1
78.9745,5352,53751549,0,0,0,0
78.9851,5353,53761548,0,0,1,1
78.9911,5354,53771549,0,0,0,0
79.0046,5355,53781549,0,0,1,1
79.0133,5356,53791549,0,0,0,0
79.0235,5357,53801549,0,0,1,1
79.0342,5358,53811549,0,0,0,0
79.0436,5359,53821548,0,0,1,1
79.0547,5360,53831549,0,0,0,0
79.0636,5361,53841549,0,0,1,1
79.0706,5362,53851549,0,0,0,0
79.0807,5363,53861549,0,0,1,1
79.0905,5364,53871549,0,0,0,0
79.1005,5365,53881549,0,0,1,1
79.1107,5366,53891549,0,0,0,0
79.1205,5367,53901549,0,0,1,1
79.1305,5368,53911549,0,0,0,0
79.1417,5369,53921549,0,0,1,1
79.1538,5370,53931549,0,0,0,0
79.1639,5371,53941549,0,0,1,1
79.1717,5372,53951549,0,0,0,0
79.1826,5373,53961549,0,0,1,1
79.1927,5374,53971549,0,0,0,0
79.2036,5375,53981548,0,0,1,1
79.2113,5376,53991549,0,0,0,0
79.2232,5377,54001549,0,0,1,1
79.2307,5378,54011549,0,0,0,0
79.2409,5379,54021548,0,0,1,1
79.2567,5380,54031549,0,0,0,0
79.2653,5381,54041549,0,0,1,1
79.2717,5382,54051549,0,0,0,0
79.2880,5383,54061548,0,0,1,1
79.2939,5384,54071549,0,0,0,0
79.3028,5385,54081548,0,0,1,1
79.3122,5386,54091549,0,0,0,0
79.3224,5387,54101549,0,0,1,1
79.3307,5388,54111549,0,0,0,0
79.3405,5389,54121548,0,0,1,1
79.3506,5390,54131549,0,0,0,0
79.3606,5391,54141549,0,0,1,1
79.3707,5392,54151549,0,0,0,0
79.3806,5393,54161549,0,0,1,1
79.3906,5394,54171549,0,0,0,0
79.4027,5395,54181548,0,0,1,1
79.4115,5396,54191549,0,0,0,0
79.4232,5397,54201549,0,0,1,1
79.4337,5398,54211549,0,0,0,0
79.4428,5399,54221549,0,0,1,1
79.4532,5400,54231549,0,0,0,0
79.4644,5401,54241549,0,0,1,1
79.4730,5402,54251549,0,0,0,0
79.4840,5403,54261549,0,0,1,1
79.4914,5404,54271549,0,0,0,0
79.5061,5405,54281549,0,0,1,1
79.5106,5406,54291549,0,0,0,0
79.5231,5407,54301548,0,0,1,1
79.5338,5408,54311549,0,0,0,0
79.5414,5409,54321549,0,0,1,1
79.5524,5410,54331549,0,0,0,0
79.5616,5411,54341548,0,0,1,1
79.5720,5412,54351549,0,0,0,0
79.5849,5413,54361549,0,0,1,1
79.5947,5414,54371549,0,0,0,0
79.6006,5415,54381549,0,0,1,1
79.6106,5416,54391549,0,0,0,0
79.6204,5417,54401549,0,0,1,1
79.6308,5418,54411549,0,0,0,0
79.6406,5419,54421549,0,0,1,1
79.6506,5420,54431549,0,0,0,0
79.6606,5421,54441549,0,0,1,1
79.6716,5422,54451549,0,0,0,0
79.6878,5423,54461549,0,0,1,1
79.6918,5424,54471549,0,0,0,0
79.7028,5425,54481549,0,0,1,1
79.7114,5426,54491549,0,0,0,0
79.7232,5427,54501549,0,0,1,1
79.7320,5428,54511549,0,0,0,0
79.7434,5429,54521549,0,0,1,1
79.7533,5430,54531549,0,0,0,0
79.7610,5431,54541549,0,0,1,1
79.7732,5432,54551549,0,0,0,0
79.7834,5433,54561549,0,0,1,1
79.7918,5434,54571549,0,0,0,0
79.8053,5435,54581549,0,0,1,1
79.8121,5436,54591549,0,0,0,0
79.8234,5437,54601549,0,0,1,1
79.8314,5438,54611549,0,0,0,0
79.8406,5439,54621549,0,0,1,1
79.8505,5440,54631549,0,0,0,0
79.8606,5441,54641548,0,0,1,1
79.8705,5442,54651548,0,0,0,0
79.8804,5443,54661549,0,0,1,1
79.8906,5444,54671549,0,0,0,0
79.9046,5445,54681549,0,0,1,1
79.9113,5446,54691549,0,0,0,0
79.9216,5447,54701548,0,0,1,1
79.9319,5448,54711549,0,0,0,0
79.9428,5449,54721549,0,0,1,1
79.9538,5450,54731549,0,0,0,0
79.9613,5451,54741549,0,0,1,1
79.9761,5452,54751549,0,0,0,0
79.9817,5453,54761549,0,0,1,1
79.9933,5454,54771549,0,0,0,0
80.0052,5455,54781549,0,0,1,1
80.0123,5456,54791549,0,0,0,0
80.0243,5457,54801549,0,0,1,1
80.0322,5458,54811549,0,0,0,0
80.0409,5459,54821549,0,0,1,1
80.0519,5460,54831549,0,0,0,0
80.0657,5461,54841549,0,0,1,1
80.0738,5462,54851549,0,0,0,0
80.0828,5463,54861549,0,0,1,1
80.0906,5464,54871549,0,0,0,0
80.1006,5465,54881549,0,0,1,1
80.1106,5466,54891549,0,0,0,0
80.1204,5467,54901549,0,0,1,1
80.1303,5468,54911549,0,0,0,0
80.1407,5469,54921549,0,0,1,1
80.1506,5470,54931549,0,0,0,0
80.1616,5471,54941549,0,0,1,1
80.1713,5472,54951549,0,0,0,0
80.1827,5473,54961548,0,0,1,1
80.1914,5474,54971549,0,0,0,0
80.2045,5475,54981549,0,0,1,1
80.2138,5476,54991549,0,0,0,0
80.2218,5477,55001549,0,0,1,1
80.2340,5478,55011549,0,0,0,0
80.2419,5479,55021548,0,0,1,1
80.2531,5480,55031548,0,0,0,0
80.2631,5481,55041549,0,0,1,1
80.2716,5482,55051549,0,0,0,0
80.2824,5483,55061549,0,0,1,1
80.2937,5484,55071549,0,0,0,0
80.3023,5485,55081549,0,0,1,1
80.3112,5486,55091549,0,0,0,0
80.3227,5487,55101549,0,0,1,1
80.3319,5488,55111549,0,0,0,0
80.3406,5489,55121549,0,0,1,1
80.3506,5490,55131549,0,0,0,0
80.3603,5491,55141549,0,0,1,1
80.3707,5492,55151549,0,0,0,0
80.3805,5493,55161549,0,0,1,1
80.3904,5494,55171549,0,0,0,0
80.4006,5495,55181549,0,0,1,1
80.4116,5496,55191549,0,0,0,0
80.4210,5497,55201548,0,0,1,1
80.4343,5498,55211549,0,0,0,0
80.4439,5499,55221549,0,0,1,1
80.4514,5500,55231549,0,0,0,0
80.4640,5501,55241548,0,0,1,1
80.4746,5502,55251548,0,0,0,0
80.4842,5503,55261549,0,0,1,1
80.4930,5504,55271549,0,0,0,0
80.5031,5505,55281549,0,0,1,1
80.5132,5506,55291549,0,0,0,0
80.5237,5507,55301549,0,0,1,1
80.5315,5508,55311549,0,0,0,0
80.5428,5509,55321549,0,0,1,1
80.5526,5510,55331548,0,0,0,0
80.5613,5511,55341549,0,0,1,1
80.5723,5512,55351549,0,0,0,0
80.5814,5513,55361549,0,0,1,1
80.5905,5514,55371549,0,0,0,0
80.6006,5515,55381549,0,0,1,1
80.6104,5516,55391549,0,0,0,0
80.6205,5517,55401548,0,0,1,1
80.6306,5518,55411549,0,0,0,0
80.6405,5519,55421549,0,0,1,1
80.6506,5520,55431549,0,0,0,0
80.6618,5521,55441549,0,0,1,1
80.6747,5522,55451549,0,0,0,0
80.6837,5523,55461548,0,0,1,1
80.6911,5524,55471549,0,0,0,0
80.7029,5525,55481549,0,0,1,1
80.7136,5526,55491549,0,0,0,0
80.7214,5527,55501549,0,0,1,1
80.7325,5528,55511549,0,0,0,0
80.7437,5529,55521549,0,0,1,1
80.7514,5530,55531549,0,0,0,0
80.7632,5531,55541549,0,0,0,0
80.7714,5532,55551549,0,0,0,0
80.7815,5533,55561549,0,0,0,0
80.7940,5534,55571549,0,0,1,1
80.8018,5535,55581548,0,0,0,0
80.8133,5536,55591549,0,0,1,1
80.8229,5537,55601549,0,0,0,0
80.8305,5538,55611549,0,0,1,1
80.8407,5539,55621549,0,0,0,0
80.8505,5540,55631549,0,0,1,1
80.8605,5541,55641549,0,0,0,0
80.8706,5542,55651549,0,0,1,1
80.8806,5543,55661549,0,0,0,0
80.8906,5544,55671549,0,0,1,1
80.9006,5545,55681549,0,0,0,0
80.9117,5546,55691549,0,0,1,1
80.9216,5547,55701549,0,0,0,0
80.9339,5548,55711549,0,0,1,1
80.9411,5549,55721549,0,0,0,0
80.9533,5550,55731549,0,0,1,1
80.9637,5551,55741549,0,0,0,0
80.9707,5552,55751549,0,0,1,1
80.9836,5553,55761549,0,0,0,0
80.9920,5554,55771549,0,0,1,1
81.0036,5555,55781548,0,0,0,0
81.0145,5556,55791549,0,0,1,1
81.0240,5557,55801549,0,0,0,0
81.0316,5558,55811549,0,0,1,1
81.0406,5559,55821549,0,0,0,0
81.0533,5560,55831549,0,0,1,1
81.0645,5561,55841548,0,0,0,0
81.0729,5562,55851549,0,0,1,1
81.0813,5563,55861549,0,0,0,0
81.0905,5564,55871549,0,0,1,1
81.1006,5565,55881549,0,0,0,0
81.1106,5566,55891549,0,0,1,1
81.1205,5567,55901548,0,0,0,0
81.1305,5568,55911548,0,0,1,1
81.1405,5569,55921549,0,0,0,0
81.1505,5570,55931549,0,0,1,1
81.1616,5571,55941549,0,0,0,0
81.1727,5572,55951549,0,0,1,1
81.1841,5573,55961549,0,0,0,0
81.1915,5574,55971549,0,0,1,1
81.2037,5575,55981548,0,0,0,0
81.2132,5576,55991549,0,0,1,1
81.2250,5577,56001548,0,0,0,0
81.2331,5578,56011549,0,0,1,1
81.2439,5579,56021549,0,0,0,0
81.2533,5580,56031549,0,0,1,1
81.2634,5581,56041549,0,0,0,0
81.2712,5582,56051549,0,0,1,1
81.2828,5583,56061548,0,0,0,0
81.2919,5584,56071549,0,0,1,1
81.3016,5585,56081549,0,0,0,0
81.3133,5586,56091549,0,0,1,1
81.3229,5587,56101549,0,0,0,0
81.3305,5588,56111549,0,0,1,1
81.3407,5589,56121549,0,0,0,0
81.3505,5590,56131549,0,0,1,1
81.3606,5591,56141549,0,0,0,0
81.3707,5592,56151549,0,0,1,1
81.3805,5593,56161549,0,0,0,0
81.3905,5594,56171549,0,0,1,1
81.4007,5595,56181549,0,0,0,0
81.4119,5596,56191549,0,0,1,1
81.4235,5597,56201549,0,0,0,0
81.4331,5598,56211549,0,0,1,1
81.4422,5599,56221548,0,0,0,0
81.4531,5600,56231549,0,0,1,1
81.4640,5601,56241549,0,0,0,0
81.4723,5602,56251549,0,0,1,1
81.4833,5603,56261549,0,0,0,0
81.4914,5604,56271549,0,0,1,1
81.5038,5605,56281549,0,0,0,0
81.5108,5606,56291549,0,0,1,1
81.5217,5607,56301548,0,0,0,0
81.5370,5608,56311549,0,0,1,1
81.5430,5609,56321548,0,0,0,0
81.5529,5610,56331549,0,0,1,1
81.5632,5611,56341549,0,0,0,0
81.5710,5612,56351549,0,0,1,1
81.5843,5613,56361548,0,0,0,0
81.5932,5614,56371549,0,0,1,1
81.6007,5615,56381549,0,0,0,0
81.6105,5616,56391549,0,0,1,1
81.6205,5617,56401549,0,0,0,0
81.6306,5618,56411549,0,0,1,1
81.6405,5619,56421548,0,0,0,0
81.6506,5620,56431549,0,0,1,1
81.6605,5621,56441549,0,0,0,0
81.6758,5622,56451549,0,0,1,1
81.6812,5623,56461548,0,0,0,0
81.6913,5624,56471549,0,0,1,1
81.7030,5625,56481549,0,0,0,0
81.7113,5626,56491549,0,0,1,1
81.7210,5627,56501549,0,0,0,0
81.7331,5628,56511549,0,0,1,1
81.7452,5629,56521549,0,0,0,0
81.7516,5630,56531549,0,0,1,1
81.7617,5631,56541548,0,0,0,0
81.7710,5632,56551549,0,0,1,1
81.7830,5633,56561549,0,0,0,0
81.7935,5634,56571549,0,0,1,1
81.8018,5635,56581549,0,0,0,0
81.8129,5636,56591549,0,0,1,1
81.8234,5637,56601549,0,0,0,0
81.8348,5638,56611549,0,0,1,1
81.8414,5639,56621549,0,0,0,0
81.8527,5640,56631549,0,0,1,1
81.8625,5641,56641548,0,0,0,0
81.8710,5642,56651549,0,0,1,1
81.8806,5643,56661549,0,0,0,0
81.8905,5644,56671549,0,0,1,1
81.9008,5645,56681549,0,0,0,0
81.9106,5646,56691549,0,0,1,1
81.9203,5647,56701548,0,0,0,0
81.9305,5648,56711549,0,0,1,1
81.9405,5649,56721549,0,0,0,0
81.9531,5650,56731549,0,0,1,1
81.9614,5651,56741549,0,0,0,0
81.9709,5652,56751549,0,0,1,1
81.9834,5653,56761549,0,0,0,0
81.9912,5654,56771549,0,0,1,1
82.0025,5655,56781549,0,0,0,0
82.0141,5656,56791549,0,0,1,1
82.0217,5657,56801548,0,0,0,0
82.0358,5658,56811549,0,0,1,1
82.0439,5659,56821549,0,0,0,0
82.0523,5660,56831549,0,0,1,1
82.0631,5661,56841549,0,0,0,0
82.0711,5662,56851549,0,0,1,1
82.0820,5663,56861549,0,0,0,0
82.0951,5664,56871549,0,0,1,1
82.1017,5665,56881549,0,0,0,0
82.1144,5666,56891549,0,0,1,1
82.1213,5667,56901549,0,0,0,0
82.1350,5668,56911549,0,0,1,1
82.1438,5669,56921549,0,0,0,0
82.1534,5670,56931549,0,0,1,1
82.1626,5671,56941549,0,0,0,0
82.1713,5672,56951549,0,0,1,1
82.1849,5673,56961549,0,0,0,0
82.1958,5674,56971549,0,0,1,1
82.2007,5675,56981549,0,0,0,0
82.2107,5676,56991549,0,0,1,1
82.2209,5677,57001549,0,0,0,0
82.2307,5678,57011549,0,0,1,1
82.2409,5679,57021549,0,0,0,0
82.2507,5680,57031549,0,0,1,1
82.2610,5681,57041549,0,0,0,0
82.2764,5682,57051549,0,0,1,1
82.2825,5683,57061549,0,0,0,0
82.2968,5684,57071549,0,0,1,1
82.3025,5685,57081549,0,0,0,0
82.3145,5686,57091549,0,0,1,1
82.3253,5687,57101548,0,0,0,0
82.3320,5688,57111549,0,0,1,1
82.3458,5689,57121549,0,0,0,0
82.3559,5690,57131549,0,0,1,1
82.3638,5691,57141548,0,0,0,0
82.3726,5692,57151549,0,0,1,1
82.3823,5693,57161549,0,0,0,0
82.3956,5694,57171549,0,0,1,1
82.4048,5695,57181549,0,0,0,0
82.4122,5696,57191549,0,0,1,1
82.4265,5697,57201549,0,0,0,0
82.4339,5698,57211549,0,0,1,1
82.4463,5699,57221548,0,0,0,0
82.4542,5700,57231549,0,0,1,1
82.4637,5701,57241549,0,0,0,0
82.4748,5702,57251549,0,0,1,1
82.4836,5703,57261549,0,0,0,0
82.4947,5704,57271549,0,0,1,1
82.5017,5705,57281549,0,0,0,0
82.5120,5706,57291549,0,0,1,1
82.5213,5707,57301549,0,0,0,0
82.5342,5708,57311549,0,0,1,1
82.5528,5709,57321549,0,0,0,0
82.5576,5710,57331549,0,0,1,1
82.5654,5711,57341549,0,0,0,0
82.5720,5712,57351549,0,0,1,1
82.5857,5713,57361549,0,0,0,0
82.5951,5714,57371549,0,0,1,1
82.6023,5715,57381549,0,0,0,0
82.6146,5716,57391549,0,0,1,1
82.6211,5717,57401548,0,0,0,0
82.6308,5718,57411549,0,0,1,1
82.6409,5719,57421549,0,0,0,0
82.6509,5720,57431549,0,0,1,1
82.6612,5721,57441549,0,0,0,0
82.6709,5722,57451549,0,0,1,1
82.6806,5723,57461549,0,0,0,0
82.6909,5724,57471549,0,0,1,1
82.7008,5725,57481548,0,0,0,0
82.7107,5726,57491549,0,0,1,1
82.7211,5727,57501549,0,0,0,0
82.7308,5728,57511549,0,0,1,1
82.7435,5729,57521549,0,0,0,0
82.7527,5730,57531549,0,0,1,1
82.7647,5731,57541549,0,0,0,0
82.7711,5732,57551549,0,0,1,1
82.7821,5733,57561549,0,0,0,0
82.7957,5734,57571549,0,0,1,1
82.8016,5735,57581549,0,0,0,0
82.8161,5736,57591549,0,0,1,1
82.8250,5737,57601549,0,0,0,0
82.8349,5738,57611549,0,0,1,1
82.8452,5739,57621549,0,0,0,0
82.8554,5740,57631549,0,0,1,1
82.8667,5741,57641549,0,0,0,0
82.8748,5742,57651549,0,0,1,1
82.8853,5743,57661548,0,0,0,0
82.8944,5744,57671549,0,0,1,1
82.9036,5745,57681549,0,0,0,0
82.9140,5746,57691549,0,0,1,1
82.9248,5747,57701549,0,0,0,0
82.9351,5748,57711549,0,0,1,1
82.9420,5749,57721549,0,0,0,0
82.9559,5750,57731549,0,0,1,1
82.9624,5751,57741549,0,0,0,0
82.9713,5752,57751549,0,0,1,1
82.9854,5753,57761549,0,0,0,0
82.9926,5754,57771549,0,0,1,1
83.0023,5755,57781548,0,0,0,0
83.0155,5756,57791549,0,0,1,1
83.0220,5757,57801549,0,0,0,0
83.0357,5758,57811549,0,0,1,1
83.0411,5759,57821549,0,0,0,0
83.0509,5760,57831549,0,0,1,1
83.0613,5761,57841549,0,0,0,0
83.0713,5762,57851549,0,0,1,1
83.0808,5763,57861549,0,0,0,0
83.0908,5764,57871549,0,0,1,1
83.1007,5765,57881549,0,0,0,0
83.1108,5766,57891549,0,0,1,1
83.1218,5767,57901549,0,0,0,0
83.1327,5768,57911549,0,0,1,1
83.1441,5769,57921549,0,0,0,0
83.1552,5770,57931548,0,0,1,1
83.1645,5771,57941549,0,0,0,0
83.1740,5772,57951549,0,0,1,1
83.1872,5773,57961549,0,0,0,0
83.1952,5774,57971549,0,0,1,1
83.2065,5775,57981549,0,0,0,0
83.2152,5776,57991549,0,0,1,1
83.2223,5777,58001549,0,0,0,0
83.2374,5778,58011549,0,0,1,1
83.2464,5779,58021549,0,0,0,0
83.2548,5780,58031549,0,0,1,1
83.2623,5781,58041549,0,0,0,0
83.2719,5782,58051549,0,0,1,1
83.2828,5783,58061549,0,0,0,0
83.2958,5784,58071549,0,0,1,1
83.3045,5785,58081549,0,0,0,0
83.3130,5786,58091549,0,0,1,1
83.3229,5787,58101548,0,0,0,0
83.3320,5788,58111549,0,0,1,1
83.3442,5789,58121549,0,0,0,0
83.3553,5790,58131549,0,0,1,1
83.3618,5791,58141549,0,0,0,0
83.3713,5792,58151549,0,0,1,1
83.3829,5793,58161549,0,0,0,0
83.3959,5794,58171549,0,0,1,1
83.4008,5795,58181548,0,0,0,0
83.4109,5796,58191549,0,0,1,1
83.4206,5797,58201549,0,0,0,0
83.4305,5798,58211549,0,0,1,1
83.4409,5799,58221549,0,0,0,0
83.4508,5800,58231549,0,0,1,1
83.4605,5801,58241549,0,0,0,0
83.4709,5802,58251549,0,0,1,1
83.4824,5803,58261548,0,0,0,0
83.4967,5804,58271549,0,0,1,1
83.5047,5805,58281549,0,0,0,0
83.5138,5806,58291549,0,0,1,1
83.5239,5807,58301549,0,0,0,0
83.5319,5808,58311549,0,0,1,1
83.5443,5809,58321548,0,0,0,0
83.5555,5810,58331548,0,0,1,1
83.5646,5811,58341549,0,0,0,0
83.5747,5812,58351549,0,0,1,1
83.5851,5813,58361549,0,0,0,0
83.5939,5814,58371549,0,0,1,1
83.6023,5815,58381549,0,0,0,0
83.6149,5816,58391549,0,0,1,1
83.6220,5817,58401549,0,0,0,0
83.6333,5818,58411549,0,0,0,0
83.6418,5819,58421549,0,0,1,1
83.6545,5820,58431549,0,0,0,0
83.6625,5821,58441549,0,0,1,1
83.6751,5822,58451549,0,0,0,0
83.6869,5823,58461549,0,0,1,1
83.6930,5824,58471549,0,0,0,0
83.7033,5825,58481549,0,0,1,1
83.7144,5826,58491549,0,0,0,0
83.7226,5827,58501549,0,0,1,1
83.7307,5828,58511549,0,0,0,0
83.7406,5829,58521549,0,0,1,1
83.7508,5830,58531549,0,0,0,0
83.7608,5831,58541549,0,0,1,1
83.7711,5832,58551549,0,0,0,0
83.7808,5833,58561549,0,0,1,1
83.7907,5834,58571549,0,0,0,0
83.8020,5835,58581549,0,0,1,1
83.8120,5836,58591549,0,0,0,0
83.8220,5837,58601549,0,0,1,1
83.8356,5838,58611549,0,0,0,0
83.8441,5839,58621548,0,0,1,1
83.8519,5840,58631549,0,0,0,0
83.8659,5841,58641549,0,0,1,1
83.8753,5842,58651549,0,0,0,0
83.8828,5843,58661549,0,0,1,1
83.8927,5844,58671549,0,0,0,0
83.9010,5845,58681548,0,0,1,1
83.9108,5846,58691549,0,0,0,0
83.9236,5847,58701549,0,0,1,1
83.9318,5848,58711549,0,0,0,0
83.9443,5849,58721548,0,0,1,1
83.9520,5850,58731549,0,0,0,0
83.9645,5851,58741549,0,0,1,1
83.9739,5852,58751549,0,0,0,0
83.9846,5853,58761548,0,0,1,1
83.9928,5854,58771549,0,0,0,0
84.0084,5855,58781549,0,0,1,1
84.0154,5856,58791549,0,0,0,0
84.0260,5857,58801549,0,0,1,1
84.0352,5858,58811549,0,0,0,0
84.0461,5859,58821549,0,0,1,1
84.0525,5860,58831549,0,0,0,0
84.0632,5861,58841549,0,0,1,1
84.0715,5862,58851549,0,0,0,0
84.0807,5863,58861549,0,0,1,1
84.0910,5864,58871549,0,0,0,0
84.1007,5865,58881549,0,0,1,1
84.1107,5866,58891549,0,0,0,0
84.1207,5867,58901548,0,0,1,1
84.1307,5868,58911549,0,0,0,0
84.1429,5869,58921549,0,0,1,1
84.1516,5870,58931549,0,0,0,0
84.1625,5871,58941549,0,0,1,1
84.1748,5872,58951549,0,0,0,0
84.1842,5873,58961549,0,0,1,1
84.1925,5874,58971549,0,0,0,0
84.2034,5875,58981548,0,0,1,1
84.2133,5876,58991549,0,0,0,0
84.2219,5877,59001549,0,0,1,1
84.2326,5878,59011549,0,0,0,0
84.2426,5879,59021548,0,0,1,1
84.2544,5880,59031549,0,0,0,0
84.2618,5881,59041548,0,0,1,1
84.2761,5882,59051549,0,0,0,0
84.2816,5883,59061549,0,0,1,1
84.2961,5884,59071549,0,0,0,0
84.3022,5885,59081549,0,0,1,1
84.3161,5886,59091549,0,0,0,0
84.3260,5887,59101549,0,0,1,1
84.3320,5888,59111549,0,0,0,0
84.3445,5889,59121549,0,0,1,1
84.3529,5890,59131549,0,0,0,0
84.3649,5891,59141549,0,0,1,1
84.3707,5892,59151549,0,0,0,0
84.3807,5893,59161549,0,0,1,1
84.3908,5894,59171549,0,0,0,0
84.4008,5895,59181549,0,0,1,1
84.4108,5896,59191549,0,0,0,0
84.4207,5897,59201549,0,0,1,1
84.4307,5898,59211549,0,0,0,0
84.4407,5899,59221549,0,0,1,1
84.4553,5900,59231549,0,0,0,0
84.4616,5901,59241549,0,0,1,1
84.4743,5902,59251549,0,0,0,0
84.4831,5903,59261549,0,0,1,1
84.4928,5904,59271549,0,0,0,0
84.5048,5905,59281548,0,0,1,1
84.5144,5906,59291549,0,0,0,0
84.5256,5907,59301549,0,0,1,1
84.5317,5908,59311549,0,0,0,0
84.5430,5909,59321549,0,0,1,1
84.5518,5910,59331549,0,0,0,0
84.5653,5911,59341549,0,0,1,1
84.5722,5912,59351549,0,0,0,0
84.5854,5913,59361548,0,0,1,1
84.5914,5914,59371549,0,0,0,0
84.6017,5915,59381549,0,0,1,1
84.6131,5916,59391549,0,0,0,0
84.6220,5917,59401549,0,0,1,1
84.6338,5918,59411549,0,0,0,0
84.6419,5919,59421549,0,0,1,1
84.6512,5920,59431549,0,0,0,0
84.6608,5921,59441548,0,0,1,1
84.6706,5922,59451549,0,0,0,0
84.6807,5923,59461549,0,0,1,1
84.6906,5924,59471549,0,0,0,0
84.7007,5925,59481549,0,0,1,1
84.7112,5926,59491549,0,0,0,0
84.7247,5927,59501548,0,0,1,1
84.7317,5928,59511549,0,0,0,0
84.7417,5929,59521549,0,0,1,1
84.7545,5930,59531549,0,0,0,0
84.7619,5931,59541548,0,0,1,1
84.7770,5932,59551549,0,0,0,0
84.7845,5933,59561549,0,0,1,1
84.7916,5934,59571549,0,0,0,0
84.8037,5935,59581549,0,0,1,1
84.8130,5936,59591549,0,0,0,0
84.8220,5937,59601549,0,0,1,1
84.8344,5938,59611549,0,0,0,0
84.8429,5939,59621548,0,0,1,1
84.8534,5940,59631549,0,0,0,0
84.8648,5941,59641549,0,0,1,1
84.8716,5942,59651549,0,0,0,0
84.8832,5943,59661549,0,0,1,1
84.8922,5944,59671549,0,0,0,0
84.9003,5945,59681549,0,0,1,1
84.9105,5946,59691549,0,0,0,0
84.9207,5947,59701549,0,0,1,1
84.9306,5948,59711549,0,0,0,0
84.9406,5949,59721549,0,0,1,1
84.9506,5950,59731549,0,0,0,0
84.9606,5951,59741549,0,0,1,1
84.9755,5952,59751549,0,0,0,0
84.9815,5953,59761549,0,0,1,1
84.9951,5954,59771549,0,0,0,0
85.0024,5955,59781549,0,0,1,1
85.0190,5956,59791549,0,0,0,0
85.0245,5957,59801548,0,0,1,1
85.0310,5958,59811549,0,0,0,0
85.0442,5959,59821549,0,0,1,1
85.0544,5960,59831549,0,0,0,0
85.0640,5961,59841549,0,0,1,1
85.0753,5962,59851549,0,0,0,0
85.0863,5963,59861549,0,0,1,1
85.0917,5964,59871549,0,0,0,0
85.1072,5965,59881548,0,0,1,1
85.1137,5966,59891549,0,0,0,0
85.1218,5967,59901549,0,0,1,1
85.1349,5968,59911549,0,0,0,0
85.1465,5969,59921549,0,0,1,1
85.1521,5970,59931549,0,0,0,0
85.1659,5971,59941549,0,0,1,1
85.1717,5972,59951549,0,0,0,0
85.1859,5973,59961549,0,0,1,1
85.1979,5974,59971549,0,0,0,0
85.2056,5975,59981548,0,0,1,1
85.2148,5976,59991549,0,0,0,0
85.2278,5977,60001549,0,0,1,1
85.2322,5978,60011549,0,0,0,0
85.2455,5979,60021549,0,0,1,1
85.2515,5980,60031548,0,0,0,0
85.2608,5981,60041549,0,0,1,1
85.2709,5982,60051549,0,0,0,0
85.2805,5983,60061549,0,0,1,1
85.2907,5984,60071549,0,0,0,0
85.3006,5985,60081549,0,0,1,1
85.3106,5986,60091549,0,0,0,0
85.3265,5987,60101549,0,0,1,1
85.3329,5988,60111549,0,0,0,0
85.3461,5989,60121549,0,0,1,1
85.3518,5990,60131549,0,0,0,0
85.3663,5991,60141549,0,0,1,1
85.3757,5992,60151549,0,0,0,0
85.3821,5993,60161549,0,0,1,1
85.3958,5994,60171549,0,0,0,0
85.4055,5995,60181549,0,0,1,1
85.4158,5996,60191549,0,0,0,0
85.4233,5997,60201549,0,0,1,1
85.4326,5998,60211549,0,0,0,0
85.4467,5999,60221548,0,0,1,1
85.4546,6000,60231549,0,0,0,0
85.4641,6001,60241549,0,0,1,1
85.4750,6002,60251549,0,0,0,0
85.4820,6003,60261548,0,0,1,1
85.4946,6004,60271549,0,0,0,0
85.5046,6005,60281549,0,0,1,1
85.5166,6006,60291549,0,0,0,0
85.5239,6007,60301549,0,0,1,1
85.5342,6008,60311549,0,0,0,0
85.5447,6009,60321549,0,0,1,1
85.5528,6010,60331549,0,0,0,0
85.5619,6011,60341549,0,0,1,1
85.5715,6012,60351549,0,0,0,0
85.5820,6013,60361549,0,0,1,1
85.5920,6014,60371549,0,0,0,0
85.6007,6015,60381548,0,0,1,1
85.6108,6016,60391549,0,0,0,0
85.6207,6017,60401549,0,0,1,1
85.6307,6018,60411549,0,0,0,0
85.6409,6019,60421549,0,0,1,1
85.6509,6020,60431549,0,0,0,0
85.6609,6021,60441549,0,0,1,1
85.6773,6022,60451549,0,0,0,0
85.6817,6023,60461548,0,0,1,1
85.6969,6024,60471549,0,0,0,0
85.7024,6025,60481549,0,0,1,1
85.7171,6026,60491549,0,0,0,0
85.7251,6027,60501549,0,0,1,1
85.7321,6028,60511549,0,0,0,0
85.7464,6029,60521549,0,0,1,1
85.7560,6030,60531549,0,0,0,0
85.7659,6031,60541548,0,0,1,1
85.7746,6032,60551549,0,0,0,0
85.7851,6033,60561548,0,0,1,1
85.7946,6034,60571549,0,0,0,0
85.8022,6035,60581549,0,0,1,1
85.8148,6036,60591549,0,0,0,0
85.8223,6037,60601549,0,0,1,1
85.8346,6038,60611549,0,0,0,0
85.8422,6039,60621549,0,0,1,1
85.8555,6040,60631549,0,0,0,0
85.8641,6041,60641548,0,0,1,1
85.8750,6042,60651549,0,0,0,0
85.8859,6043,60661549,0,0,1,1
85.8913,6044,60671549,0,0,0,0
85.9013,6045,60681549,0,0,1,1
85.9131,6046,60691549,0,0,0,0
85.9244,6047,60701549,0,0,1,1
85.9305,6048,60711549,0,0,0,0
85.9408,6049,60721549,0,0,1,1
85.9507,6050,60731549,0,0,0,0
85.9605,6051,60741549,0,0,1,1
85.9712,6052,60751549,0,0,0,0
85.9807,6053,60761548,0,0,1,1
85.9907,6054,60771549,0,0,0,0
86.0008,6055,60781549,0,0,1,1
86.0122,6056,60791549,0,0,0,0
86.0221,6057,60801549,0,0,1,1
86.0322,6058,60811549,0,0,0,0
86.0432,6059,60821548,0,0,1,1
86.0532,6060,60831549,0,0,0,0
86.0648,6061,60841549,0,0,1,1
86.0746,6062,60851549,0,0,0,0
86.0838,6063,60861549,0,0,1,1
86.0944,6064,60871549,0,0,0,0
86.1048,6065,60881549,0,0,1,1
86.1149,6066,60891549,0,0,0,0
86.1217,6067,60901549,0,0,1,1
86.1343,6068,60911549,0,0,0,0
86.1418,6069,60921549,0,0,1,1
86.1541,6070,60931549,0,0,0,0
86.1666,6071,60941549,0,0,1,1
86.1727,6072,60951549,0,0,0,0
86.1854,6073,60961549,0,0,1,1
86.1925,6074,60971549,0,0,0,0
86.2043,6075,60981549,0,0,1,1
86.2141,6076,60991549,0,0,0,0
86.2238,6077,61001549,0,0,1,1
86.2306,6078,61011549,0,0,0,0
86.2407,6079,61021548,0,0,1,1
86.2509,6080,61031549,0,0,0,0
86.2607,6081,61041549,0,0,1,1
86.2708,6082,61051549,0,0,0,0
86.2808,6083,61061548,0,0,1,1
86.2906,6084,61071549,0,0,0,0
86.3009,6085,61081549,0,0,1,1
86.3118,6086,61091549,0,0,0,0
86.3264,6087,61101549,0,0,1,1
86.3346,6088,61111549,0,0,0,0
86.3430,6089,61121549,0,0,1,1
86.3576,6090,61131549,0,0,0,0
86.3642,6091,61141548,0,0,1,1
86.3756,6092,61151549,0,0,0,0
86.3884,6093,61161549,0,0,1,1
86.3936,6094,61171549,0,0,0,0
86.4053,6095,61181549,0,0,1,1
86.4135,6096,61191549,0,0,0,0
86.4254,6097,61201549,0,0,1,1
86.4314,6098,61211549,0,0,0,0
86.4425,6099,61221549,0,0,0,0
86.4556,6100,61231549,0,0,0,0
86.4640,6101,61241549,0,0,0,0
86.4717,6102,61251549,0,0,1,1
86.4840,6103,61261549,0,0,0,0
86.4948,6104,61271549,0,0,1,1
86.5006,6105,61281549,0,0,0,0
86.5109,6106,61291549,0,0,1,1
86.5206,6107,61301549,0,0,0,0
86.5309,6108,61311549,0,0,1,1
86.5406,6109,61321548,0,0,0,0
86.5506,6110,61331549,0,0,1,1
86.5607,6111,61341548,0,0,0,0
86.5707,6112,61351548,0,0,1,1
86.5851,6113,61361549,0,0,0,0
86.5949,6114,61371549,0,0,1,1
86.6045,6115,61381549,0,0,0,0
86.6116,6116,61391549,0,0,1,1
86.6256,6117,61401549,0,0,0,0
86.6363,6118,61411549,0,0,1,1
86.6466,6119,61421548,0,0,0,0
86.6511,6120,61431549,0,0,1,1
86.6639,6121,61441549,0,0,0,0
86.6741,6122,61451549,0,0,1,1
86.6819,6123,61461549,0,0,0,0
86.6922,6124,61471549,0,0,1,1
86.7012,6125,61481549,0,0,0,0
86.7109,6126,61491549,0,0,1,1
86.7241,6127,61501548,0,0,0,0
86.7320,6128,61511548,0,0,1,1
86.7449,6129,61521549,0,0,0,0
86.7524,6130,61531549,0,0,1,1
86.7623,6131,61541549,0,0,0,0
86.7724,6132,61551549,0,0,1,1
86.7815,6133,61561548,0,0,0,0
86.7908,6134,61571549,0,0,1,1
86.8007,6135,61581549,0,0,0,0
86.8108,6136,61591549,0,0,1,1
86.8209,6137,61601548,0,0,0,0
86.8310,6138,61611548,0,0,1,1
86.8406,6139,61621549,0,0,0,0
86.8509,6140,61631549,0,0,1,1
86.8608,6141,61641548,0,0,0,0
86.8762,6142,61651549,0,0,1,1
86.8811,6143,61661549,0,0,0,0
86.8970,6144,61671549,0,0,1,1
86.9025,6145,61681549,0,0,0,0
86.9112,6146,61691549,0,0,1,1
86.9255,6147,61701549,0,0,0,0
86.9321,6148,61711549,0,0,1,1
86.9459,6149,61721549,0,0,0,0
86.9511,6150,61731549,0,0,1,1
86.9626,6151,61741548,0,0,0,0
86.9729,6152,61751549,0,0,1,1
86.9853,6153,61761549,0,0,0,0
86.9934,6154,61771549,0,0,1,1
87.0051,6155,61781549,0,0,0,0
87.0147,6156,61791549,0,0,1,1
87.0221,6157,61801549,0,0,0,0
87.0342,6158,61811549,0,0,1,1
87.0423,6159,61821549,0,0,0,0
87.0550,6160,61831549,0,0,1,1
87.0619,6161,61841549,0,0,0,0
87.0753,6162,61851549,0,0,1,1
87.0910,6163,61861549,0,0,0,0
87.0982,6164,61871549,0,0,1,1
87.1034,6165,61881548,0,0,0,0
87.1131,6166,61891549,0,0,1,1
87.1260,6167,61901549,0,0,0,0
87.1352,6168,61911549,0,0,1,1
87.1423,6169,61921549,0,0,0,0
87.1529,6170,61931549,0,0,1,1
87.1609,6171,61941549,0,0,0,0
87.1713,6172,61951549,0,0,1,1
87.1809,6173,61961549,0,0,0,0
87.1908,6174,61971549,0,0,1,1
87.2007,6175,61981548,0,0,0,0
87.2106,6176,61991549,0,0,1,1
87.2209,6177,62001549,0,0,0,0
87.2372,6178,62011549,0,0,1,1
87.2427,6179,62021549,0,0,0,0
87.2528,6180,62031549,0,0,1,1
87.2661,6181,62041549,0,0,0,0
87.2717,6182,62051549,0,0,1,1
87.2863,6183,62061549,0,0,0,0
87.2911,6184,62071549,0,0,1,1
87.3029,6185,62081549,0,0,0,0
87.3156,6186,62091549,0,0,1,1
87.3260,6187,62101549,0,0,0,0
87.3359,6188,62111549,0,0,1,1
87.3426,6189,62121548,0,0,0,0
87.3528,6190,62131549,0,0,1,1
87.3652,6191,62141548,0,0,0,0
87.3781,6192,62151549,0,0,1,1
87.3806,6193,62161549,0,0,0,0
87.3978,6194,62171549,0,0,1,1
87.4066,6195,62181549,0,0,0,0
87.4124,6196,62191549,0,0,1,1
87.4263,6197,62201549,0,0,0,0
87.4338,6198,62211549,0,0,1,1
87.4420,6199,62221549,0,0,0,0
87.4551,6200,62231549,0,0,1,1
87.4640,6201,62241548,0,0,0,0
87.4746,6202,62251549,0,0,1,1
87.4829,6203,62261549,0,0,0,0
87.4924,6204,62271549,0,0,1,1
87.5060,6205,62281549,0,0,0,0
87.5180,6206,62291549,0,0,1,1
87.5232,6207,62301549,0,0,0,0
87.5306,6208,62311549,0,0,1,1
87.5407,6209,62321549,0,0,0,0
87.5508,6210,62331549,0,0,1,1
87.5609,6211,62341549,0,0,0,0
87.5711,6212,62351549,0,0,1,1
87.5807,6213,62361549,0,0,0,0
87.5907,6214,62371549,0,0,1,1
87.6018,6215,62381548,0,0,0,0
87.6157,6216,62391549,0,0,1,1
87.6214,6217,62401548,0,0,0,0
87.6331,6218,62411549,0,0,1,1
87.6416,6219,62421549,0,0,0,0
87.6551,6220,62431549,0,0,1,1
87.6642,6221,62441549,0,0,0,0
87.6748,6222,62451549,0,0,1,1
87.6827,6223,62461548,0,0,0,0
87.6946,6224,62471549,0,0,1,1
87.7018,6225,62481549,0,0,0,0
87.7160,6226,62491549,0,0,1,1
87.7243,6227,62501549,0,0,0,0
87.7361,6228,62511549,0,0,1,1
87.7440,6229,62521549,0,0,0,0
87.7521,6230,62531549,0,0,1,1
87.7644,6231,62541549,0,0,0,0
87.7721,6232,62551549,0,0,1,1
87.7844,6233,62561549,0,0,0,0
87.7945,6234,62571549,0,0,1,1
87.8024,6235,62581549,0,0,0,0
87.8176,6236,62591549,0,0,1,1
87.8235,6237,62601548,0,0,0,0
87.8374,6238,62611549,0,0,1,1
87.8409,6239,62621548,0,0,0,0
87.8508,6240,62631549,0,0,1,1
87.8612,6241,62641549,0,0,0,0
87.8708,6242,62651549,0,0,1,1
87.8811,6243,62661549,0,0,0,0
87.8908,6244,62671549,0,0,1,1
87.9007,6245,62681549,0,0,0,0
87.9108,6246,62691549,0,0,1,1
87.9266,6247,62701549,0,0,0,0
87.9314,6248,62711549,0,0,1,1
87.9443,6249,62721548,0,0,0,0
87.9550,6250,62731549,0,0,1,1
87.9667,6251,62741549,0,0,0,0
87.9729,6252,62751549,0,0,1,1
87.9865,6253,62761548,0,0,0,0
87.9950,6254,62771549,0,0,1,1
88.0066,6255,62781549,0,0,0,0
88.0158,6256,62791549,0,0,1,1
88.0239,6257,62801549,0,0,0,0
88.0350,6258,62811549,0,0,1,1
88.0447,6259,62821549,0,0,0,0
88.0521,6260,62831549,0,0,1,1
88.0638,6261,62841548,0,0,0,0
88.0720,6262,62851549,0,0,1,1
88.0836,6263,62861548,0,0,0,0
88.0946,6264,62871549,0,0,1,1
88.1025,6265,62881548,0,0,0,0
88.1151,6266,62891549,0,0,1,1
88.1263,6267,62901549,0,0,0,0
88.1317,6268,62911549,0,0,1,1
88.1446,6269,62921549,0,0,0,0
88.1519,6270,62931549,0,0,1,1
88.1643,6271,62941549,0,0,0,0
88.1718,6272,62951549,0,0,1,1
88.1816,6273,62961549,0,0,0,0
88.1917,6274,62971549,0,0,1,1
88.2007,6275,62981549,0,0,0,0
88.2111,6276,62991549,0,0,1,1
88.2210,6277,63001548,0,0,0,0
88.2310,6278,63011549,0,0,1,1
88.2490,6279,63021549,0,0,0,0
88.2530,6280,63031549,0,0,1,1
88.2655,6281,63041549,0,0,0,0
88.2732,6282,63051549,0,0,1,1
88.2871,6283,63061548,0,0,0,0
88.2933,6284,63071549,0,0,1,1
88.3052,6285,63081549,0,0,0,0
88.3140,6286,63091549,0,0,1,1
88.3248,6287,63101549,0,0,0,0
88.3338,6288,63111549,0,0,1,1
88.3437,6289,63121548,0,0,0,0
88.3539,6290,63131549,0,0,1,1
88.3631,6291,63141549,0,0,0,0
88.3749,6292,63151549,0,0,1,1
88.3832,6293,63161549,0,0,0,0
88.3938,6294,63171549,0,0,1,1
88.4018,6295,63181549,0,0,0,0
88.4138,6296,63191549,0,0,1,1
88.4234,6297,63201549,0,0,0,0
88.4324,6298,63211549,0,0,1,1
88.4435,6299,63221549,0,0,0,0
88.4518,6300,63231549,0,0,1,1
88.4604,6301,63241548,0,0,0,0
88.4710,6302,63251549,0,0,1,1
88.4805,6303,63261549,0,0,0,0
88.4906,6304,63271549,0,0,1,1
88.5007,6305,63281548,0,0,0,0
88.5106,6306,63291549,0,0,1,1
88.5207,6307,63301549,0,0,0,0
88.5307,6308,63311549,0,0,1,1
88.5413,6309,63321548,0,0,0,0
88.5558,6310,63331549,0,0,1,1
88.5642,6311,63341548,0,0,0,0
88.5717,6312,63351549,0,0,1,1
88.5870,6313,63361549,0,0,0,0
88.5931,6314,63371549,0,0,1,1
88.6012,6315,63381549,0,0,0,0
88.6143,6316,63391549,0,0,1,1
88.6241,6317,63401549,0,0,0,0
88.6316,6318,63411549,0,0,1,1
88.6449,6319,63421549,0,0,0,0
88.6560,6320,63431549,0,0,1,1
88.6650,6321,63441549,0,0,0,0
88.6731,6322,63451549,0,0,1,1
88.6844,6323,63461549,0,0,0,0
88.6919,6324,63471549,0,0,1,1
88.7004,6325,63481549,0,0,0,0
88.7107,6326,63491549,0,0,1,1
88.7205,6327,63501548,0,0,0,0
88.7307,6328,63511549,0,0,1,1
88.7405,6329,63521549,0,0,0,0
88.7507,6330,63531549,0,0,1,1
88.7607,6331,63541549,0,0,0,0
88.7766,6332,63551549,0,0,1,1
88.7814,6333,63561548,0,0,0,0
88.7911,6334,63571549,0,0,1,1
88.8033,6335,63581548,0,0,0,0
88.8143,6336,63591549,0,0,1,1
88.8242,6337,63601549,0,0,0,0
88.8312,6338,63611549,0,0,1,1
88.8440,6339,63621549,0,0,0,0
88.8568,6340,63631549,0,0,1,1
88.8625,6341,63641549,0,0,0,0
88.8765,6342,63651549,0,0,1,1
88.8845,6343,63661549,0,0,0,0
88.8915,6344,63671549,0,0,1,1
88.9023,6345,63681549,0,0,0,0
88.9120,6346,63691549,0,0,1,1
88.9231,6347,63701549,0,0,0,0
88.9341,6348,63711549,0,0,1,1
88.9404,6349,63721549,0,0,0,0
88.9505,6350,63731549,0,0,1,1
88.9604,6351,63741549,0,0,0,0
88.9707,6352,63751549,0,0,1,1
88.9811,6353,63761548,0,0,0,0
88.9909,6354,63771548,0,0,1,1
89.0012,6355,63781549,0,0,0,0
89.0118,6356,63791549,0,0,1,1
89.0250,6357,63801548,0,0,0,0
89.0348,6358,63811549,0,0,1,1
89.0422,6359,63821549,0,0,0,0
89.0532,6360,63831549,0,0,1,1
89.0640,6361,63841549,0,0,0,0
89.0731,6362,63851549,0,0,1,1
89.0855,6363,63861549,0,0,0,0
89.0940,6364,63871549,0,0,1,1
89.1040,6365,63881549,0,0,0,0
89.1140,6366,63891549,0,0,1,1
89.1243,6367,63901549,0,0,0,0
89.1339,6368,63911549,0,0,1,1
89.1450,6369,63921549,0,0,0,0
89.1518,6370,63931549,0,0,1,1
89.1650,6371,63941549,0,0,0,0
89.1753,6372,63951549,0,0,1,1
89.1808,6373,63961549,0,0,0,0
89.1906,6374,63971549,0,0,1,1
89.2007,6375,63981549,0,0,0,0
89.2107,6376,63991549,0,0,1,1
89.2207,6377,64001549,0,0,0,0
89.2307,6378,64011549,0,0,1,1
89.2405,6379,64021549,0,0,0,0
89.2505,6380,64031549,0,0,1,1
89.2612,6381,64041549,0,0,0,0
89.2752,6382,64051549,0,0,1,1
89.2864,6383,64061549,0,0,0,0
89.2943,6384,64071549,0,0,1,1
89.3054,6385,64081549,0,0,0,0
89.3159,6386,64091549,0,0,1,1
89.3266,6387,64101549,0,0,0,0
89.3355,6388,64111549,0,0,1,1
89.3462,6389,64121549,0,0,0,0
89.3539,6390,64131549,0,0,0,0
89.3613,6391,64141549,0,0,0,0
89.3748,6392,64151549,0,0,0,0
89.3826,6393,64161549,0,0,1,1
89.3937,6394,64171549,0,0,0,0
89.4042,6395,64181549,0,0,1,1
89.4153,6396,64191549,0,0,0,0
89.4245,6397,64201549,0,0,1,1
89.4349,6398,64211549,0,0,0,0
89.4431,6399,64221549,0,0,1,1
89.4522,6400,64231549,0,0,0,0
89.4651,6401,64241549,0,0,1,1
89.4724,6402,64251549,0,0,0,0
89.4822,6403,64261549,0,0,1,1
89.4907,6404,64271549,0,0,0,0
89.5009,6405,64281549,0,0,1,1
89.5107,6406,64291549,0,0,0,0
89.5210,6407,64301549,0,0,1,1
89.5307,6408,64311549,0,0,0,0
89.5408,6409,64321549,0,0,1,1
89.5509,6410,64331549,0,0,0,0
89.5647,6411,64341549,0,0,1,1
89.5724,6412,64351549,0,0,0,0
89.5880,6413,64361549,0,0,1,1
89.5940,6414,64371549,0,0,0,0
89.6073,6415,64381549,0,0,1,1
89.6171,6416,64391549,0,0,0,0
89.6219,6417,64401549,0,0,1,1
89.6388,6418,64411549,0,0,0,0
89.6478,6419,64421549,0,0,1,1
89.6565,6420,64431549,0,0,0,0
89.6672,6421,64441549,0,0,1,1
89.6731,6422,64451549,0,0,0,0
89.6855,6423,64461549,0,0,1,1
89.6953,6424,64471549,0,0,0,0
89.7028,6425,64481549,0,0,1,1
89.7168,6426,64491549,0,0,0,0
89.7256,6427,64501549,0,0,1,1
89.7338,6428,64511549,0,0,0,0
89.7459,6429,64521549,0,0,1,1
89.7570,6430,64531549,0,0,0,0
89.7613,6431,64541549,0,0,1,1
89.7773,6432,64551549,0,0,0,0
89.7826,6433,64561549,0,0,1,1
89.7951,6434,64571549,0,0,0,0
89.8051,6435,64581549,0,0,1,1
89.8153,6436,64591549,0,0,0,0
89.8224,6437,64601549,0,0,1,1
89.8372,6438,64611549,0,0,0,0
89.8477,6439,64621549,0,0,1,1
89.8524,6440,64631549,0,0,0,0
89.8660,6441,64641549,0,0,1,1
89.8709,6442,64651549,0,0,0,0
89.8805,6443,64661549,0,0,1,1
89.8909,6444,64671549,0,0,0,0
89.9008,6445,64681549,0,0,1,1
89.9109,6446,64691549,0,0,0,0
89.9208,6447,64701549,0,0,1,1
89.9308,6448,64711549,0,0,0,0
89.9408,6449,64721549,0,0,1,1
89.9508,6450,64731549,0,0,0,0
89.9622,6451,64741549,0,0,1,1
89.9747,6452,64751549,0,0,0,0
89.9852,6453,64761549,0,0,1,1
89.9922,6454,64771549,0,0,0,0
90.0054,6455,64781549,0,0,1,1
90.0118,6456,64791549,0,0,0,0
90.0272,6457,64801549,0,0,1,1
90.0352,6458,64811549,0,0,0,0
90.0481,6459,64821549,0,0,1,1
90.0555,6460,64831549,0,0,0,0
90.0607,6461,64841549,0,0,1,1
90.0745,6462,64851548,0,0,0,0
90.0849,6463,64861549,0,0,1,1
90.0935,6464,64871549,0,0,0,0
90.1061,6465,64881549,0,0,1,1
90.1125,6466,64891549,0,0,0,0
90.1251,6467,64901549,0,0,1,1
90.1346,6468,64911549,0,0,0,0
90.1452,6469,64921549,0,0,1,1
90.1525,6470,64931549,0,0,0,0
90.1641,6471,64941549,0,0,1,1
90.1777,6472,64951549,0,0,0,0
90.1828,6473,64961549,0,0,1,1
90.1942,6474,64971549,0,0,0,0
90.2064,6475,64981549,0,0,1,1
90.2146,6476,64991549,0,0,0,0
90.2207,6477,65001549,0,0,1,1
90.2307,6478,65011549,0,0,0,0
90.2406,6479,65021549,0,0,1,1
90.2508,6480,65031549,0,0,0,0
90.2608,6481,65041549,0,0,1,1
90.2707,6482,65051549,0,0,0,0
90.2810,6483,65061549,0,0,1,1
90.2908,6484,65071549,0,0,0,0
90.3026,6485,65081549,0,0,1,1
90.3132,6486,65091549,0,0,0,0
90.3248,6487,65101549,0,0,1,1
90.3351,6488,65111549,0,0,0,0
90.3462,6489,65121549,0,0,1,1
90.3511,6490,65131549,0,0,0,0
90.3679,6491,65141549,0,0,1,1
90.3753,6492,65151549,0,0,0,0
90.3861,6493,65161549,0,0,1,1
90.3952,6494,65171549,0,0,0,0
90.4026,6495,65181549,0,0,1,1
90.4159,6496,65191549,0,0,0,0
90.4247,6497,65201549,0,0,1,1
90.4337,6498,65211549,0,0,0,0
90.4475,6499,65221549,0,0,1,1
90.4562,6500,65231549,0,0,0,0
90.4654,6501,65241549,0,0,1,1
90.4759,6502,65251549,0,0,0,0
90.4828,6503,65261549,0,0,1,1
90.4968,6504,65271549,0,0,0,0
90.5065,6505,65281549,0,0,1,1
90.5164,6506,65291549,0,0,0,0
90.5260,6507,65301549,0,0,1,1
90.5372,6508,65311549,0,0,0,0
90.5442,6509,65321549,0,0,1,1
90.5562,6510,65331549,0,0,0,0
90.5648,6511,65341549,0,0,1,1
90.5731,6512,65351549,0,0,0,0
90.5848,6513,65361549,0,0,1,1
90.5911,6514,65371549,0,0,0,0
90.6007,6515,65381549,0,0,1,1
90.6108,6516,65391549,0,0,0,0
90.6207,6517,65401549,0,0,1,1
90.6308,6518,65411549,0,0,0,0
90.6407,6519,65421549,0,0,1,1
90.6507,6520,65431549,0,0,0,0
90.6607,6521,65441549,0,0,1,1
90.6759,6522,65451549,0,0,0,0
90.6827,6523,65461549,0,0,1,1
90.6947,6524,65471549,0,0,0,0
90.7022,6525,65481549,0,0,1,1
90.7137,6526,65491549,0,0,0,0
90.7219,6527,65501549,0,0,1,1
90.7342,6528,65511549,0,0,0,0
90.7436,6529,65521549,0,0,1,1
90.7542,6530,65531549,0,0,0,0
90.7649,6531,65541549,0,0,1,1
90.7766,6532,65551549,0,0,0,0
90.7819,6533,65561549,0,0,1,1
90.7969,6534,65571549,0,0,0,0
90.8023,6535,65581548,0,0,1,1
90.8147,6536,65591549,0,0,0,0
90.8250,6537,65601549,0,0,1,1
90.8359,6538,65611549,0,0,0,0
90.8449,6539,65621549,0,0,1,1
90.8558,6540,65631549,0,0,0,0
90.8670,6541,65641549,0,0,1,1
90.8773,6542,65651549,0,0,0,0
90.8841,6543,65661549,0,0,1,1
90.8952,6544,65671549,0,0,0,0
90.9039,6545,65681549,0,0,1,1
90.9140,6546,65691549,0,0,0,0
90.9207,6547,65701549,0,0,1,1
90.9309,6548,65711549,0,0,0,0
90.9410,6549,65721549,0,0,1,1
90.9508,6550,65731549,0,0,0,0
90.9607,6551,65741549,0,0,1,1
90.9705,6552,65751549,0,0,0,0
90.9807,6553,65761549,0,0,1,1
90.9907,6554,65771549,0,0,0,0
91.0008,6555,65781549,0,0,1,1
91.0127,6556,65791549,0,0,0,0
91.0276,6557,65801549,0,0,1,1
91.0330,6558,65811549,0,0,0,0
91.0467,6559,65821549,0,0,1,1
91.0547,6560,65831549,0,0,0,0
91.0625,6561,65841549,0,0,1,1
91.0761,6562,65851549,0,0,0,0
91.0849,6563,65861549,0,0,1,1
91.0937,6564,65871549,0,0,0,0
91.1019,6565,65881549,0,0,1,1
91.1163,6566,65891549,0,0,0,0
91.1252,6567,65901548,0,0,1,1
91.1349,6568,65911549,0,0,0,0
91.1458,6569,65921549,0,0,1,1
91.1530,6570,65931549,0,0,0,0
91.1645,6571,65941548,0,0,1,1
91.1755,6572,65951549,0,0,0,0
91.1824,6573,65961549,0,0,1,1
91.1936,6574,65971549,0,0,0,0
91.2018,6575,65981549,0,0,1,1
91.2149,6576,65991549,0,0,0,0
91.2290,6577,66001549,0,0,1,1
91.2338,6578,66011549,0,0,0,0
91.2481,6579,66021549,0,0,1,1
91.2537,6580,66031549,0,0,0,0
91.2656,6581,66041549,0,0,1,1
91.2719,6582,66051549,0,0,0,0
91.2807,6583,66061549,0,0,1,1
91.2911,6584,66071549,0,0,0,0
91.3008,6585,66081549,0,0,1,1
91.3109,6586,66091549,0,0,0,0
91.3208,6587,66101549,0,0,1,1
91.3308,6588,66111549,0,0,0,0
91.3470,6589,66121549,0,0,1,1
91.3520,6590,66131549,0,0,0,0
91.3668,6591,66141549,0,0,1,1
91.3716,6592,66151549,0,0,0,0
91.3850,6593,66161549,0,0,1,1
91.3941,6594,66171549,0,0,0,0
91.4030,6595,66181549,0,0,1,1
91.4145,6596,66191549,0,0,0,0
91.4251,6597,66201549,0,0,1,1
91.4348,6598,66211549,0,0,0,0
91.4422,6599,66221549,0,0,1,1
91.4545,6600,66231549,0,0,0,0
91.4632,6601,66241549,0,0,1,1
91.4744,6602,66251549,0,0,0,0
91.4852,6603,66261549,0,0,1,1
91.4938,6604,66271549,0,0,0,0
91.5065,6605,66281549,0,0,1,1
91.5155,6606,66291549,0,0,0,0
91.5234,6607,66301549,0,0,1,1
91.5334,6608,66311549,0,0,0,0
91.5476,6609,66321549,0,0,1,1
91.5532,6610,66331549,0,0,0,0
91.5651,6611,66341549,0,0,1,1
91.5734,6612,66351549,0,0,0,0
91.5858,6613,66361549,0,0,1,1
91.5906,6614,66371549,0,0,0,0
91.6007,6615,66381549,0,0,1,1
91.6107,6616,66391548,0,0,0,0
91.6207,6617,66401549,0,0,1,1
91.6307,6618,66411549,0,0,0,0
91.6408,6619,66421549,0,0,1,1
91.6507,6620,66431549,0,0,0,0
91.6623,6621,66441549,0,0,1,1
91.6759,6622,66451549,0,0,0,0
91.6818,6623,66461549,0,0,1,1
91.6940,6624,66471549,0,0,0,0
91.7020,6625,66481549,0,0,1,1
91.7147,6626,66491549,0,0,0,0
91.7237,6627,66501549,0,0,1,1
91.7328,6628,66511549,0,0,0,0
91.7446,6629,66521549,0,0,1,1
91.7520,6630,66531549,0,0,0,0
91.7655,6631,66541549,0,0,1,1
91.7718,6632,66551549,0,0,0,0
91.7874,6633,66561549,0,0,1,1
91.7927,6634,66571549,0,0,0,0
91.8046,6635,66581549,0,0,1,1
91.8123,6636,66591549,0,0,0,0
91.8238,6637,66601549,0,0,1,1
91.8332,6638,66611549,0,0,0,0
91.8415,6639,66621549,0,0,1,1
91.8559,6640,66631549,0,0,0,0
91.8648,6641,66641549,0,0,1,1
91.8707,6642,66651549,0,0,0,0
91.8807,6643,66661549,0,0,1,1
91.8907,6644,66671549,0,0,0,0
91.9006,6645,66681549,0,0,1,1
91.9106,6646,66691549,0,0,0,0
91.9208,6647,66701549,0,0,1,1
91.9306,6648,66711549,0,0,0,0
91.9449,6649,66721549,0,0,1,1
91.9519,6650,66731549,0,0,0,0
91.9671,6651,66741549,0,0,1,1
91.9718,6652,66751549,0,0,0,0
91.9865,6653,66761549,0,0,1,1
91.9959,6654,66771549,0,0,0,0
92.0025,6655,66781549,0,0,1,1
92.0152,6656,66791549,0,0,0,0
92.0269,6657,66801549,0,0,1,1
92.0353,6658,66811549,0,0,0,0
92.0430,6659,66821549,0,0,1,1
92.0551,6660,66831549,0,0,0,0
92.0632,6661,66841549,0,0,1,1
92.0750,6662,66851549,0,0,0,0
92.0830,6663,66861549,0,0,1,1
92.0918,6664,66871549,0,0,0,0
92.1026,6665,66881549,0,0,1,1
92.1142,6666,66891549,0,0,0,0
92.1234,6667,66901549,0,0,1,1
92.1353,6668,66911549,0,0,0,0
92.1463,6669,66921549,0,0,1,1
92.1522,6670,66931549,0,0,0,0
92.1651,6671,66941549,0,0,1,1
92.1724,6672,66951549,0,0,0,0
92.1807,6673,66961549,0,0,1,1
92.1907,6674,66971549,0,0,0,0
92.2006,6675,66981549,0,0,1,1
92.2106,6676,66991549,0,0,0,0
92.2207,6677,67001549,0,0,1,1
92.2307,6678,67011549,0,0,0,0
92.2410,6679,67021549,0,0,1,1
92.2563,6680,67031549,0,0,0,0
92.2622,6681,67041549,0,0,1,1
92.2765,6682,67051549,0,0,0,0
92.2828,6683,67061549,0,0,1,1
92.2937,6684,67071549,0,0,0,0
92.3016,6685,67081549,0,0,1,1
92.3143,6686,67091549,0,0,0,0
92.3246,6687,67101549,0,0,1,1
92.3339,6688,67111549,0,0,0,0
92.3421,6689,67121549,0,0,1,1
92.3542,6690,67131549,0,0,0,0
92.3618,6691,67141549,0,0,1,1
92.3753,6692,67151549,0,0,0,0
92.3815,6693,67161549,0,0,0,0
92.3944,6694,67171549,0,0,1,1
92.4019,6695,67181549,0,0,0,0
92.4164,6696,67191549,0,0,1,1
92.4222,6697,67201549,0,0,0,0
92.4338,6698,67211549,0,0,1,1
92.4477,6699,67221549,0,0,0,0
92.4544,6700,67231549,0,0,1,1
92.4640,6701,67241549,0,0,0,0
92.4756,6702,67251549,0,0,1,1
92.4854,6703,67261549,0,0,0,0
92.4910,6704,67271549,0,0,1,1
92.5008,6705,67281549,0,0,0,0
92.5109,6706,67291549,0,0,1,1
92.5210,6707,67301549,0,0,0,0
92.5313,6708,67311549,0,0,1,1
92.5407,6709,67321549,0,0,0,0
92.5506,6710,67331549,0,0,1,1
92.5608,6711,67341549,0,0,0,0
92.5768,6712,67351549,0,0,1,1
92.5824,6713,67361549,0,0,0,0
92.5966,6714,67371549,0,0,1,1
92.6012,6715,67381549,0,0,0,0
92.6155,6716,67391549,0,0,1,1
92.6221,6717,67401549,0,0,0,0
92.6364,6718,67411549,0,0,1,1
92.6458,6719,67421549,0,0,0,0
92.6552,6720,67431549,0,0,1,1
92.6641,6721,67441549,0,0,0,0
92.6758,6722,67451549,0,0,1,1
92.6843,6723,67461549,0,0,0,0
92.6924,6724,67471548,0,0,1,1
92.7065,6725,67481548,0,0,0,0
92.7162,6726,67491549,0,0,1,1
92.7222,6727,67501549,0,0,0,0
92.7333,6728,67511549,0,0,1,1
92.7435,6729,67521549,0,0,0,0
92.7564,6730,67531549,0,0,1,1
92.7620,6731,67541549,0,0,0,0
92.7775,6732,67551549,0,0,1,1
92.7865,6733,67561549,0,0,0,0
92.7951,6734,67571549,0,0,1,1
92.8021,6735,67581549,0,0,0,0
92.8146,6736,67591549,0,0,1,1
92.8246,6737,67601549,0,0,0,0
92.8371,6738,67611549,0,0,1,1
92.8409,6739,67621549,0,0,0,0
92.8509,6740,67631549,0,0,1,1
92.8609,6741,67641549,0,0,0,0
92.8709,6742,67651549,0,0,1,1
92.8808,6743,67661549,0,0,0,0
92.8909,6744,67671549,0,0,1,1
92.9007,6745,67681549,0,0,0,0
92.9107,6746,67691549,0,0,1,1
92.9209,6747,67701549,0,0,0,0
92.9312,6748,67711549,0,0,1,1
92.9432,6749,67721549,0,0,0,0
92.9560,6750,67731549,0,0,1,1
92.9632,6751,67741549,0,0,0,0
92.9712,6752,67751549,0,0,1,1
92.9887,6753,67761549,0,0,0,0
92.9923,6754,67771549,0,0,1,1
93.0065,6755,67781549,0,0,0,0
93.0155,6756,67791549,0,0,1,1
93.0251,6757,67801549,0,0,0,0
93.0359,6758,67811549,0,0,1,1
93.0438,6759,67821549,0,0,0,0
93.0574,6760,67831548,0,0,1,1
93.0658,6761,67841549,0,0,0,0
93.0721,6762,67851549,0,0,1,1
93.0847,6763,67861549,0,0,0,0
93.0955,6764,67871549,0,0,1,1
93.1068,6765,67881549,0,0,0,0
93.1170,6766,67891549,0,0,1,1
93.1268,6767,67901549,0,0,0,0
93.1326,6768,67911549,0,0,1,1
93.1454,6769,67921549,0,0,0,0
93.1523,6770,67931549,0,0,1,1
93.1664,6771,67941549,0,0,0,0
93.1808,6772,67951549,0,0,1,1
93.1930,6773,67961549,0,0,0,0
93.1957,6774,67971549,0,0,1,1
93.2027,6775,67981549,0,0,0,0
93.2161,6776,67991549,0,0,1,1
93.2248,6777,68001549,0,0,0,0
93.2352,6778,68011548,0,0,1,1
93.2449,6779,68021549,0,0,0,0
93.2508,6780,68031549,0,0,1,1
93.2612,6781,68041549,0,0,0,0
93.2714,6782,68051549,0,0,1,1
93.2808,6783,68061549,0,0,0,0
93.2908,6784,68071549,0,0,1,1
93.3007,6785,68081549,0,0,0,0
93.3104,6786,68091549,0,0,1,1
93.3236,6787,68101549,0,0,0,0
93.3327,6788,68111549,0,0,1,1
93.3465,6789,68121549,0,0,0,0
93.3521,6790,68131549,0,0,1,1
93.3659,6791,68141549,0,0,0,0
93.3752,6792,68151549,0,0,1,1
93.3820,6793,68161549,0,0,0,0
93.3968,6794,68171549,0,0,1,1
93.4022,6795,68181549,0,0,0,0
93.4157,6796,68191549,0,0,1,1
93.4258,6797,68201549,0,0,0,0
93.4347,6798,68211549,0,0,1,1
93.4424,6799,68221549,0,0,0,0
93.4541,6800,68231549,0,0,1,1
93.4618,6801,68241549,0,0,0,0
93.4749,6802,68251549,0,0,1,1
93.4826,6803,68261549,0,0,0,0
93.4942,6804,68271549,0,0,1,1
93.5059,6805,68281549,0,0,0,0
93.5155,6806,68291549,0,0,1,1
93.5255,6807,68301549,0,0,0,0
93.5357,6808,68311549,0,0,1,1
93.5443,6809,68321549,0,0,0,0
93.5532,6810,68331549,0,0,1,1
93.5624,6811,68341549,0,0,0,0
93.5767,6812,68351549,0,0,1,1
93.5845,6813,68361549,0,0,0,0
93.5965,6814,68371549,0,0,1,1
93.6007,6815,68381549,0,0,0,0
93.6112,6816,68391549,0,0,1,1
93.6207,6817,68401549,0,0,0,0
93.6306,6818,68411549,0,0,1,1
93.6408,6819,68421549,0,0,0,0
93.6508,6820,68431549,0,0,1,1
93.6610,6821,68441549,0,0,0,0
93.6709,6822,68451549,0,0,1,1
93.6876,6823,68461549,0,0,0,0
93.6923,6824,68471549,0,0,1,1
93.7023,6825,68481549,0,0,0,0
93.7139,6826,68491549,0,0,1,1
93.7244,6827,68501549,0,0,0,0
93.7306,6828,68511549,0,0,1,1
93.7466,6829,68521549,0,0,0,0
93.7559,6830,68531549,0,0,1,1
93.7625,6831,68541549,0,0,0,0
93.7774,6832,68551549,0,0,1,1
93.7867,6833,68561549,0,0,0,0
93.7934,6834,68571549,0,0,1,1
93.8074,6835,68581549,0,0,0,0
93.8151,6836,68591549,0,0,1,1
93.8251,6837,68601549,0,0,0,0
93.8359,6838,68611549,0,0,1,1
93.8416,6839,68621549,0,0,0,0
93.8558,6840,68631549,0,0,1,1
93.8621,6841,68641549,0,0,0,0
93.8777,6842,68651549,0,0,1,1
93.8844,6843,68661549,0,0,0,0
93.8940,6844,68671549,0,0,1,1
93.9086,6845,68681549,0,0,0,0
93.9162,6846,68691549,0,0,1,1
93.9232,6847,68701549,0,0,0,0
93.9340,6848,68711549,0,0,1,1
93.9407,6849,68721549,0,0,0,0
93.9507,6850,68731549,0,0,1,1
93.9612,6851,68741549,0,0,0,0
93.9709,6852,68751549,0,0,1,1
93.9811,6853,68761549,0,0,0,0
93.9908,6854,68771549,0,0,1,1
94.0007,6855,68781549,0,0,0,0
94.0129,6856,68791549,0,0,1,1
94.0228,6857,68801549,0,0,0,0
94.0336,6858,68811549,0,0,1,1
94.0490,6859,68821549,0,0,0,0
94.0564,6860,68831549,0,0,1,1
94.0654,6861,68841549,0,0,0,0
94.0720,6862,68851549,0,0,1,1
94.0855,6863,68861549,0,0,0,0
94.0959,6864,68871549,0,0,1,1
94.1073,6865,68881549,0,0,0,0
94.1134,6866,68891549,0,0,1,1
94.1220,6867,68901549,0,0,0,0
94.1358,6868,68911549,0,0,1,1
94.1471,6869,68921549,0,0,0,0
94.1520,6870,68931549,0,0,1,1
94.1654,6871,68941549,0,0,0,0
94.1729,6872,68951549,0,0,1,1
94.1855,6873,68961549,0,0,0,0
94.1961,6874,68971549,0,0,1,1
94.2025,6875,68981549,0,0,0,0
94.2150,6876,68991549,0,0,1,1
94.2225,6877,69001549,0,0,0,0
94.2368,6878,69011549,0,0,1,1
94.2507,6879,69021549,0,0,0,0
94.2535,6880,69031549,0,0,1,1
94.2624,6881,69041549,0,0,0,0
94.2771,6882,69051549,0,0,1,1
94.2860,6883,69061549,0,0,0,0
94.2955,6884,69071549,0,0,1,1
94.3015,6885,69081549,0,0,0,0
94.3113,6886,69091549,0,0,1,1
94.3211,6887,69101549,0,0,0,0
94.3308,6888,69111549,0,0,1,1
94.3408,6889,69121549,0,0,0,0
94.3507,6890,69131549,0,0,1,1
94.3611,6891,69141549,0,0,0,0
94.3711,6892,69151549,0,0,1,1
94.3810,6893,69161549,0,0,0,0
94.3951,6894,69171549,0,0,1,1
94.4019,6895,69181549,0,0,0,0
94.4151,6896,69191549,0,0,1,1
94.4219,6897,69201549,0,0,0,0
94.4346,6898,69211549,0,0,1,1
94.4427,6899,69221549,0,0,0,0
94.4565,6900,69231549,0,0,1,1
94.4656,6901,69241549,0,0,0,0
94.4766,6902,69251549,0,0,1,1
94.4852,6903,69261549,0,0,0,0
94.4923,6904,69271549,0,0,1,1
94.5048,6905,69281549,0,0,0,0
94.5148,6906,69291549,0,0,1,1
94.5250,6907,69301549,0,0,0,0
94.5347,6908,69311549,0,0,1,1
94.5422,6909,69321549,0,0,0,0
94.5536,6910,69331549,0,0,1,1
94.5620,6911,69341549,0,0,0,0
94.5747,6912,69351549,0,0,1,1
94.5816,6913,69361549,0,0,0,0
94.5945,6914,69371549,0,0,1,1
94.6021,6915,69381549,0,0,0,0
94.6144,6916,69391549,0,0,1,1
94.6259,6917,69401549,0,0,0,0
94.6336,6918,69411548,0,0,1,1
94.6407,6919,69421549,0,0,0,0
94.6506,6920,69431548,0,0,1,1
94.6607,6921,69441549,0,0,0,0
94.6711,6922,69451549,0,0,1,1
94.6814,6923,69461549,0,0,0,0
94.6906,6924,69471549,0,0,1,1
94.7009,6925,69481549,0,0,0,0
94.7108,6926,69491549,0,0,1,1
94.7242,6927,69501549,0,0,0,0
94.7322,6928,69511549,0,0,1,1
94.7429,6929,69521549,0,0,0,0
94.7548,6930,69531549,0,0,1,1
94.7623,6931,69541549,0,0,0,0
94.7788,6932,69551549,0,0,1,1
94.7852,6933,69561549,0,0,0,0
94.7945,6934,69571549,0,0,1,1
94.8024,6935,69581549,0,0,0,0
94.8154,6936,69591549,0,0,1,1
94.8254,6937,69601549,0,0,0,0
94.8342,6938,69611549,0,0,1,1
94.8465,6939,69621549,0,0,0,0
94.8559,6940,69631549,0,0,1,1
94.8640,6941,69641549,0,0,0,0
94.8722,6942,69651549,0,0,1,1
94.8825,6943,69661549,0,0,0,0
94.8934,6944,69671548,0,0,1,1
94.9045,6945,69681549,0,0,0,0
94.9119,6946,69691549,0,0,1,1
94.9243,6947,69701549,0,0,0,0
94.9326,6948,69711549,0,0,1,1
94.9408,6949,69721549,0,0,0,0
94.9506,6950,69731549,0,0,1,1
94.9607,6951,69741549,0,0,0,0
94.9708,6952,69751549,0,0,1,1
94.9806,6953,69761549,0,0,0,0
94.9905,6954,69771549,0,0,1,1
95.0006,6955,69781549,0,0,0,0
95.0114,6956,69791549,0,0,1,1
95.0251,6957,69801549,0,0,0,0
95.0315,6958,69811549,0,0,1,1
95.0448,6959,69821549,0,0,0,0
95.0524,6960,69831549,0,0,1,1
95.0650,6961,69841549,0,0,0,0
95.0748,6962,69851549,0,0,1,1
95.0848,6963,69861549,0,0,0,0
95.0962,6964,69871549,0,0,1,1
95.1046,6965,69881549,0,0,0,0
95.1123,6966,69891549,0,0,1,1
95.1273,6967,69901549,0,0,0,0
95.1317,6968,69911549,0,0,1,1
95.1475,6969,69921549,0,0,0,0
95.1548,6970,69931549,0,0,1,1
95.1660,6971,69941549,0,0,0,0
95.1728,6972,69951549,0,0,1,1
95.1854,6973,69961549,0,0,0,0
95.1965,6974,69971549,0,0,1,1
95.2022,6975,69981549,0,0,0,0
95.2131,6976,69991549,0,0,1,1
95.2220,6977,70001549,0,0,0,0
95.2307,6978,70011549,0,0,1,1
95.2409,6979,70021549,0,0,0,0
95.2509,6980,70031549,0,0,1,1
95.2607,6981,70041549,0,0,0,0
95.2707,6982,70051549,0,0,1,1
95.2807,6983,70061549,0,0,0,0
95.2907,6984,70071549,0,0,1,1
95.3007,6985,70081549,0,0,0,0
95.3122,6986,70091549,0,0,1,1
95.3219,6987,70101549,0,0,0,0
95.3322,6988,70111549,0,0,1,1
95.3452,6989,70121549,0,0,0,0
95.3533,6990,70131549,0,0,1,1
95.3647,6991,70141549,0,0,0,0
95.3720,6992,70151549,0,0,1,1
95.3845,6993,70161549,0,0,0,0
95.3932,6994,70171549,0,0,1,1
95.4052,6995,70181549,0,0,0,0
95.4150,6996,70191549,0,0,1,1
95.4221,6997,70201549,0,0,0,0
95.4349,6998,70211549,0,0,1,1
95.4441,6999,70221549,0,0,0,0
95.4565,7000,70231549,0,0,1,1
95.4647,7001,70241549,0,0,0,0
95.4725,7002,70251549,0,0,1,1
95.4845,7003,70261549,0,0,0,0
95.4951,7004,70271549,0,0,1,1
95.5036,7005,70281549,0,0,0,0
95.5123,7006,70291549,0,0,1,1
95.5229,7007,70301549,0,0,0,0
95.5339,7008,70311549,0,0,1,1
95.5427,7009,70321549,0,0,0,0
95.5532,7010,70331549,0,0,1,1
95.5608,7011,70341549,0,0,0,0
95.5712,7012,70351549,0,0,1,1
95.5808,7013,70361549,0,0,0,0
95.5908,7014,70371549,0,0,1,1
95.6006,7015,70381549,0,0,0,0
95.6109,7016,70391549,0,0,1,1
95.6251,7017,70401549,0,0,0,0
95.6318,7018,70411549,0,0,1,1
95.6449,7019,70421549,0,0,0,0
95.6577,7020,70431549,0,0,0,0
95.6629,7021,70441549,0,0,1,1
95.6761,7022,70451549,0,0,0,0
95.6878,7023,70461549,0,0,1,1
95.6930,7024,70471549,0,0,0,0
95.7020,7025,70481549,0,0,1,1
95.7145,7026,70491549,0,0,0,0
95.7222,7027,70501549,0,0,1,1
95.7342,7028,70511549,0,0,0,0
95.7414,7029,70521549,0,0,1,1
95.7554,7030,70531549,0,0,0,0
95.7619,7031,70541549,0,0,1,1
95.7738,7032,70551549,0,0,0,0
95.7833,7033,70561549,0,0,1,1
95.7912,7034,70571549,0,0,0,0
95.8075,7035,70581548,0,0,1,1
95.8117,7036,70591549,0,0,0,0
95.8208,7037,70601549,0,0,1,1
95.8307,7038,70611549,8,0,0,0
95.8406,7039,70621549,0,0,1,1
95.8507,7040,70631549,13,0,0,0
95.8608,7041,70641549,0,0,1,1
95.8707,7042,70651549,16,0,0,0
95.8809,7043,70661548,0,0,1,1
95.8930,7044,70671549,29,0,0,0
95.9044,7045,70681549,0,0,1,1
95.9115,7046,70691549,27,0,0,0
95.9231,7047,70701549,0,0,1,1
95.9336,7048,70711549,29,0,0,0
95.9440,7049,70721548,0,0,1,1
95.9519,7050,70731548,35,0,0,0
95.9629,7051,70741549,0,0,1,1
95.9774,7052,70751549,26,0,0,0
95.9841,7053,70761548,0,0,1,1
95.9915,7054,70771548,16,0,0,0
96.0032,7055,70781549,0,0,1,1
96.0155,7056,70791549,5,0,0,0
96.0222,7057,70801549,0,0,1,1
96.0353,7058,70811549,2,0,0,0
96.0434,7059,70821549,0,0,1,1
96.0551,7060,70831549,4,0,0,0
96.0630,7061,70841549,0,0,1,1
96.0706,7062,70851549,0,0,0,0
96.0806,7063,70861549,0,0,1,1
96.0908,7064,70871549,0,0,0,0
96.1005,7065,70881549,0,0,1,1
96.1111,7066,70891549,0,0,0,0
96.1206,7067,70901549,0,0,1,1
96.1308,7068,70911549,0,0,0,0
96.1413,7069,70921549,0,0,1,1
96.1529,7070,70931549,0,0,0,0
96.1646,7071,70941549,0,0,1,1
96.1716,7072,70951549,0,0,0,0
96.1843,7073,70961549,0,0,1,1
96.1938,7074,70971549,0,0,0,0
96.2029,7075,70981549,0,0,1,1
96.2128,7076,70991549,0,0,0,0
96.2224,7077,71001549,0,0,1,1
96.2362,7078,71011549,0,0,0,0
96.2434,7079,71021549,0,0,1,1
96.2521,7080,71031549,0,0,0,0
96.2616,7081,71041549,0,0,1,1
96.2739,7082,71051549,0,0,0,0
96.2825,7083,71061549,0,0,1,1
96.2907,7084,71071549,0,0,0,0
96.3006,7085,71081549,0,0,1,1
96.3107,7086,71091549,0,0,0,0
96.3209,7087,71101549,0,0,1,1
96.3308,7088,71111549,0,0,0,0
96.3406,7089,71121549,0,0,1,1
96.3507,7090,71131549,0,0,0,0
96.3638,7091,71141549,0,0,1,1
96.3766,7092,71151549,0,0,0,0
96.3835,7093,71161549,0,0,1,1
96.3965,7094,71171549,0,0,0,0
96.4038,7095,71181549,0,0,1,1
96.4134,7096,71191549,0,0,0,0
96.4238,7097,71201549,0,0,1,1
96.4337,7098,71211549,0,0,0,0
96.4461,7099,71221549,0,0,1,1
96.4513,7100,71231549,0,0,0,0
96.4620,7101,71241549,0,0,1,1
96.4743,7102,71251548,0,0,0,0
96.4837,7103,71261549,0,0,1,1
96.4930,7104,71271549,0,0,0,0
96.5005,7105,71281549,0,0,1,1
96.5105,7106,71291549,0,0,0,0
96.5207,7107,71301549,0,0,1,1
96.5308,7108,71311549,0,0,0,0
96.5409,7109,71321549,0,0,1,1
96.5507,7110,71331549,0,0,0,0
96.5610,7111,71341549,0,0,1,1
96.5759,7112,71351549,0,0,0,0
96.5846,7113,71361549,0,0,1,1
96.5931,7114,71371549,0,0,0,0
96.6011,7115,71381549,0,0,1,1
96.6151,7116,71391549,0,0,0,0
96.6250,7117,71401549,0,0,1,1
96.6388,7118,71411549,0,0,0,0
96.6462,7119,71421549,0,0,1,1
96.6527,7120,71431549,0,0,0,0
96.6645,7121,71441549,0,0,1,1
96.6755,7122,71451549,0,0,0,0
96.6837,7123,71461549,0,0,1,1
96.6928,7124,71471549,0,0,0,0
96.7012,7125,71481549,0,0,1,1
96.7137,7126,71491549,0,0,0,0
96.7242,7127,71501549,0,0,1,1
96.7318,7128,71511549,0,0,0,0
96.7455,7129,71521549,0,0,1,1
96.7539,7130,71531549,0,0,0,0
96.7604,7131,71541549,0,0,1,1
96.7708,7132,71551549,0,0,0,0
96.7808,7133,71561549,0,0,1,1
96.7908,7134,71571549,0,0,0,0
96.8007,7135,71581549,0,0,1,1
96.8107,7136,71591549,0,0,0,0
96.8207,7137,71601549,0,0,1,1
96.8309,7138,71611549,0,0,0,0
96.8454,7139,71621549,0,0,1,1
96.8515,7140,71631549,0,0,0,0
96.8643,7141,71641549,0,0,1,1
96.8742,7142,71651549,0,0,0,0
96.8829,7143,71661549,0,0,1,1
96.8947,7144,71671549,0,0,0,0
96.9057,7145,71681549,0,0,1,1
96.9143,7146,71691549,0,0,0,0
96.9256,7147,71701549,0,0,1,1
96.9334,7148,71711549,0,0,0,0
96.9417,7149,71721549,0,0,1,1
96.9563,7150,71731549,0,0,0,0
96.9617,7151,71741549,0,0,1,1
96.9709,7152,71751549,0,0,0,0
96.9818,7153,71761549,0,0,1,1
96.9927,7154,71771549,0,0,0,0
97.0043,7155,71781549,0,0,1,1
97.0146,7156,71791549,0,0,0,0
97.0221,7157,71801549,0,0,1,1
97.0341,7158,71811549,0,0,0,0
97.0445,7159,71821549,0,0,1,1
97.0512,7160,71831549,0,0,0,0
97.0606,7161,71841549,0,0,1,1
97.0720,7162,71851549,0,0,0,0
97.0808,7163,71861549,0,0,1,1
97.0909,7164,71871549,0,0,0,0
97.1011,7165,71881549,0,0,1,1
97.1108,7166,71891549,0,0,0,0
97.1217,7167,71901549,0,0,1,1
97.1322,7168,71911549,0,0,0,0
97.1463,7169,71921549,0,0,1,1
97.1511,7170,71931549,0,0,0,0
97.1628,7171,71941549,0,0,1,1
97.1762,7172,71951549,0,0,0,0
97.1854,7173,71961549,0,0,1,1
97.1962,7174,71971549,0,0,0,0
97.2022,7175,71981549,0,0,1,1
97.2163,7176,71991549,0,0,0,0
97.2227,7177,72001549,0,0,1,1
97.2352,7178,72011549,0,0,0,0
97.2421,7179,72021549,0,0,1,1
97.2574,7180,72031549,0,0,0,0
97.2620,7181,72041549,0,0,1,1
97.2737,7182,72051549,0,0,0,0
97.2824,7183,72061549,0,0,1,1
97.2915,7184,72071549,0,0,0,0
97.3023,7185,72081548,0,0,1,1
97.3103,7186,72091549,0,0,0,0
97.3206,7187,72101549,0,0,1,1
97.3309,7188,72111549,0,0,0,0
97.3402,7189,72121549,0,0,1,1
97.3508,7190,72131549,0,0,0,0
97.3609,7191,72141549,0,0,1,1
97.3777,7192,72151549,80,0,0,0
97.3815,7193,72161549,0,0,1,1
97.3954,7194,72171549,247,0,0,0
97.4074,7195,72181549,0,0,1,1
97.4145,7196,72191549,443,0,0,0
97.4247,7197,72201548,0,0,1,1
97.4346,7198,72211549,816,0,0,0
97.4427,7199,72221549,0,0,1,1
97.4537,7200,72231549,1829,0,0,0
97.4646,7201,72241549,3790,0,1,1
97.4719,7202,72251549,4095,0,0,0
97.4857,7203,72261548,4095,0,1,1
97.4939,7204,72271549,4095,0,0,0
97.5047,7205,72281549,4095,0,1,1
97.5158,7206,72291549,4095,0,0,0
97.5242,7207,72301549,4095,0,1,1
97.5346,7208,72311549,4095,0,0,0
97.5414,7209,72321548,4095,0,1,1
97.5511,7210,72331549,4095,0,0,0
97.5609,7211,72341548,4095,0,1,1
97.5706,7212,72351548,4095,0,0,0
97.5814,7213,72361549,4095,0,1,1
97.5910,7214,72371549,4095,0,0,0
97.6012,7215,72381549,4095,0,1,1
97.6110,7216,72391549,4095,0,0,0
97.6260,7217,72401549,4095,0,1,1
97.6318,7218,72411549,4095,0,0,0
97.6425,7219,72421548,4095,0,1,1
97.6538,7220,72431549,4095,0,0,0
97.6643,7221,72441549,4095,0,1,1
97.6776,7222,72451549,4095,0,0,0
97.6842,7223,72461549,4095,0,1,1
97.6962,7224,72471549,4095,0,0,0
97.7019,7225,72481549,4095,0,1,1
97.7161,7226,72491549,4095,0,0,0
97.7226,7227,72501548,4095,0,1,1
97.7363,7228,72511549,4095,0,0,0
97.7453,7229,72521548,4095,0,1,1
97.7518,7230,72531549,4095,0,0,0
97.7648,7231,72541549,4095,0,1,1
97.7748,7232,72551549,4095,0,0,0
97.7826,7233,72561549,4095,0,1,1
97.7909,7234,72571549,4095,0,0,0
97.8009,7235,72581549,4095,0,1,1
97.8112,7236,72591549,4095,0,0,0
97.8212,7237,72601549,4095,0,1,1
97.8319,7238,72611549,4095,0,0,0
97.8411,7239,72621549,4095,0,1,1
97.8521,7240,72631549,4095,0,0,0
97.8645,7241,72641548,4095,0,1,1
97.8721,7242,72651549,4095,0,0,0
97.8868,7243,72661549,4095,0,1,1
97.8927,7244,72671549,4095,0,0,0
97.9056,7245,72681548,4095,0,1,1
97.9201,7246,72691548,4095,0,0,0
97.9247,7247,72701549,4095,0,1,1
97.9323,7248,72711549,4095,0,0,0
97.9446,7249,72721549,4095,0,1,1
97.9568,7250,72731549,4095,0,0,0
97.9623,7251,72741548,4095,0,1,1
97.9719,7252,72751549,4095,0,0,0
97.9831,7253,72761549,4095,0,1,1
97.9979,7254,72771549,4095,0,0,0
98.0017,7255,72781549,4095,0,1,1
98.0109,7256,72791549,4095,0,0,0
98.0212,7257,72801549,4095,0,1,1
98.0309,7258,72811549,4095,0,0,0
98.0412,7259,72821548,4095,0,1,1
98.0510,7260,72831549,4095,0,0,0
98.0610,7261,72841549,4095,0,1,1
98.0713,7262,72851549,4095,0,0,0
98.0832,7263,72861549,4095,0,1,1
98.0944,7264,72871549,4095,0,0,0
98.1032,7265,72881548,4095,0,1,1
98.1110,7266,72891549,4095,0,0,0
98.1244,7267,72901549,4095,0,1,1
98.1322,7268,72911549,4095,0,0,0
98.1416,7269,72921549,4095,0,1,1
98.1528,7270,72931549,4095,0,0,0
98.1627,7271,72941549,4095,0,1,1
98.1741,7272,72951549,4095,0,0,0
98.1827,7273,72961549,4095,0,1,1
98.1910,7274,72971549,4095,0,0,0
98.2005,7275,72981549,4095,0,1,1
98.2106,7276,72991549,4095,0,0,0
98.2209,7277,73001549,4095,0,1,1
98.2309,7278,73011549,4095,0,0,0
98.2418,7279,73021549,4095,0,1,1
98.2517,7280,73031549,4095,0,0,0
98.2632,7281,73041549,4095,0,1,1
98.2721,7282,73051549,4095,0,0,0
98.2847,7283,73061549,4095,0,1,1
98.2984,7284,73071549,4095,0,0,0
98.3027,7285,73081549,4095,0,1,1
98.3185,7286,73091549,4095,0,0,0
98.3284,7287,73101549,4095,0,1,1
98.3323,7288,73111549,4095,0,0,0
98.3424,7289,73121549,4095,0,1,1
98.3557,7290,73131549,4095,0,0,0
98.3641,7291,73141549,4095,0,1,1
98.3717,7292,73151549,4095,0,0,0
98.3820,7293,73161549,4095,0,1,1
98.3910,7294,73171549,4095,0,0,0
98.4011,7295,73181548,4095,0,1,1
98.4112,7296,73191549,4095,0,0,0
98.4209,7297,73201549,4095,0,1,1
98.4321,7298,73211549,4095,0,0,0
98.4414,7299,73221548,4095,0,1,1
98.4514,7300,73231549,4095,0,0,0
98.4664,7301,73241549,4095,0,1,1
98.4737,7302,73251549,4095,0,0,0
98.4856,7303,73261549,4095,0,1,1
98.4944,7304,73271549,4095,0,0,0
98.5023,7305,73281548,4095,0,1,1
98.5187,7306,73291549,4095,0,0,0
98.5244,7307,73301549,4095,0,1,1
98.5330,7308,73311549,4095,0,0,0
98.5433,7309,73321548,4095,0,1,1
98.5555,7310,73331549,4095,0,0,0
98.5612,7311,73341549,4095,0,1,1
98.5717,7312,73351549,4095,0,0,0
98.5814,7313,73361549,4095,0,1,1
98.5935,7314,73371549,4095,0,0,0
98.6050,7315,73381549,4095,0,1,1
98.6108,7316,73391549,4095,0,0,0
98.6209,7317,73401549,4095,0,1,1
98.6315,7318,73411549,4095,0,0,0
98.6418,7319,73421549,4095,0,1,1
98.6516,7320,73431549,4095,0,0,0
98.6612,7321,73441549,4095,0,1,1
98.6720,7322,73451549,4095,0,0,0
98.6833,7323,73461549,4095,0,1,1
98.6917,7324,73471549,4095,0,0,0
98.7018,7325,73481549,4095,0,1,1
98.7119,7326,73491549,4095,0,0,0
98.7256,7327,73501549,4095,0,1,1
98.7318,7328,73511549,4095,0,0,0
98.7424,7329,73521549,4095,0,1,1
98.7521,7330,73531549,4095,0,0,0
98.7621,7331,73541549,4095,0,1,1
98.7732,7332,73551549,4095,0,0,0
98.7820,7333,73561549,4095,0,1,1
98.7911,7334,73571549,4095,0,0,0
98.8009,7335,73581549,4095,0,1,1
98.8110,7336,73591549,4095,0,0,0
98.8209,7337,73601548,4095,0,1,1
98.8320,7338,73611549,4095,0,0,0
98.8410,7339,73621549,4095,0,1,1
98.8519,7340,73631549,4095,0,0,0
98.8623,7341,73641548,4095,0,1,1
98.8745,7342,73651548,4095,0,0,0
98.8813,7343,73661549,4095,0,1,1
98.8917,7344,73671549,4095,0,0,0
98.9040,7345,73681549,4095,0,1,1
98.9116,7346,73691549,4095,0,0,0
98.9219,7347,73701549,4095,0,1,1
98.9307,7348,73711549,4095,0,0,0
98.9406,7349,73721549,4095,0,1,1
98.9513,7350,73731549,4095,0,0,0
98.9610,7351,73741549,4095,0,1,1
98.9709,7352,73751549,4095,0,0,0
98.9811,7353,73761548,4095,0,1,1
98.9922,7354,73771549,4095,0,0,0
99.0006,7355,73781549,4095,0,1,1
99.0143,7356,73791549,4095,0,0,0
99.0252,7357,73801548,4095,0,1,1
99.0331,7358,73811549,4095,0,0,0
99.0427,7359,73821548,4095,0,1,1
99.0529,7360,73831549,4095,0,0,0
99.0614,7361,73841548,4095,0,1,1
99.0726,7362,73851549,4095,0,0,0
99.0830,7363,73861548,4095,0,1,1
99.0930,7364,73871549,4095,0,0,0
99.1047,7365,73881549,4095,0,1,1
99.1111,7366,73891549,4095,0,0,0
99.1211,7367,73901549,4095,0,1,1
99.1311,7368,73911549,4095,0,0,0
99.1410,7369,73921549,4095,0,1,1
99.1514,7370,73931549,4095,0,0,0
99.1617,7371,73941549,4095,0,1,1
99.1778,7372,73951549,4095,0,0,0
99.1828,7373,73961548,4095,0,1,1
99.1941,7374,73971549,4095,0,0,0
99.2021,7375,73981549,4095,0,1,1
99.2172,7376,73991549,4095,0,0,0
99.2249,7377,74001549,4095,0,1,1
99.2343,7378,74011549,4095,0,0,0
99.2422,7379,74021549,4095,0,1,1
99.2567,7380,74031549,4095,0,0,0
99.2613,7381,74041549,4095,0,1,1
99.2741,7382,74051549,4095,0,0,0
99.2826,7383,74061548,4095,0,1,1
99.2955,7384,74071549,4095,0,0,0
99.3014,7385,74081549,4095,0,1,1
99.3141,7386,74091549,4095,0,0,0
99.3211,7387,74101549,4095,0,1,1
99.3308,7388,74111549,4095,0,0,0
99.3408,7389,74121549,4095,0,1,1
99.3509,7390,74131549,4095,0,0,0
99.3609,7391,74141548,4095,0,1,1
99.3710,7392,74151549,4095,0,0,0
99.3841,7393,74161549,4095,0,1,1
99.3915,7394,74171549,4095,0,0,0
99.4046,7395,74181549,4095,0,1,1
99.4115,7396,74191549,4095,0,0,0
99.4266,7397,74201549,4095,0,1,1
99.4346,7398,74211549,4095,0,0,0
99.4423,7399,74221549,4095,0,1,1
99.4554,7400,74231549,4095,0,0,0
99.4644,7401,74241549,4095,0,1,1
99.4754,7402,74251549,4095,0,0,0
99.4812,7403,74261549,4095,0,1,1
99.4910,7404,74271549,4095,0,0,0
99.5006,7405,74281549,4095,0,1,1
99.5108,7406,74291549,4095,0,0,0
99.5209,7407,74301548,4095,0,1,1
99.5310,7408,74311549,4095,0,0,0
99.5405,7409,74321549,4095,0,1,1
99.5507,7410,74331549,4095,0,0,0
99.5608,7411,74341548,4095,0,1,1
99.5762,7412,74351549,4095,0,0,0
99.5816,7413,74361549,4095,0,1,1
99.5920,7414,74371549,4095,0,0,0
99.6016,7415,74381549,4095,0,1,1
99.6142,7416,74391549,4095,0,0,0
99.6241,7417,74401549,4095,0,0,0
99.6318,7418,74411549,4095,0,0,0
99.6434,7419,74421549,4095,0,0,0
99.6556,7420,74431549,4095,0,1,1
99.6655,7421,74441549,4095,0,0,0
99.6756,7422,74451549,4095,0,1,1
99.6834,7423,74461549,4095,0,0,0
99.6940,7424,74471549,4095,0,1,1
99.7007,7425,74481549,4095,0,0,0
99.7111,7426,74491549,4095,0,1,1
99.7222,7427,74501549,4095,0,0,0
99.7311,7428,74511549,4095,0,1,1
99.7411,7429,74521549,4095,0,0,0
99.7514,7430,74531549,4095,0,1,1
99.7617,7431,74541549,4095,0,0,0
99.7815,7432,74551549,4095,0,1,1
99.7850,7433,74561549,4095,0,0,0
99.7924,7434,74571549,4095,0,1,1
99.8095,7435,74581549,4095,0,0,0
99.8134,7436,74591549,4095,0,1,1
99.8235,7437,74601548,4095,0,0,0
99.8368,7438,74611549,4095,0,1,1
99.8425,7439,74621549,4095,0,0,0
99.8538,7440,74631549,4095,0,1,1
99.8647,7441,74641549,4095,0,0,0
99.8737,7442,74651549,4095,0,1,1
99.8813,7443,74661549,4095,0,0,0
99.8929,7444,74671549,4095,0,1,1
99.9008,7445,74681548,4095,0,0,0
99.9108,7446,74691549,4095,0,1,1
99.9212,7447,74701549,4095,0,0,0
99.9311,7448,74711549,4095,0,1,1
99.9419,7449,74721548,4095,0,0,0
99.9522,7450,74731549,4095,0,1,1
99.9671,7451,74741549,4095,0,0,0
99.9727,7452,74751549,4095,0,1,1
99.9820,7453,74761549,4095,0,0,0
99.9953,7454,74771549,4095,0,1,1
100.0019,7455,74781549,4095,0,0,0
100.0155,7456,74791549,4095,0,1,1
100.0244,7457,74801549,4095,0,0,0
100.0345,7458,74811549,4095,0,1,1
100.0419,7459,74821549,4095,0,0,0
100.0531,7460,74831549,4095,0,1,1
100.0633,7461,74841549,4095,0,0,0
100.0737,7462,74851549,4095,0,1,1
100.0817,7463,74861549,4095,0,0,0
100.0907,7464,74871549,4095,0,1,1
100.1012,7465,74881549,4095,0,0,0
100.1111,7466,74891549,4095,0,1,1
100.1208,7467,74901548,4095,0,0,0
100.1319,7468,74911549,4095,0,1,1
100.1418,7469,74921549,4095,0,0,0
100.1519,7470,74931549,4095,0,1,1
100.1660,7471,74941549,4095,0,0,0
100.1722,7472,74951549,4095,0,1,1
100.1825,7473,74961549,4095,0,0,0
100.1926,7474,74971549,4095,0,1,1
100.2054,7475,74981549,4095,0,0,0
100.2134,7476,74991549,4095,0,1,1
100.2256,7477,75001549,4095,0,0,0
100.2316,7478,75011549,4095,0,1,1
100.2431,7479,75021548,4095,0,0,0
100.2550,7480,75031549,4095,0,1,1
100.2636,7481,75041549,4095,0,0,0
100.2740,7482,75051549,4095,0,1,1
100.2858,7483,75061548,4095,0,0,0
100.2908,7484,75071549,4095,0,1,1
100.3009,7485,75081549,4095,0,0,0
100.3109,7486,75091549,4095,0,1,1
100.3210,7487,75101548,4095,0,0,0
100.3305,7488,75111548,4095,0,1,1
100.3405,7489,75121549,4095,0,0,0
100.3517,7490,75131549,4095,0,1,1
100.3616,7491,75141549,4095,0,0,0
100.3716,7492,75151549,4095,0,1,1
100.3822,7493,75161549,4095,0,0,0
100.3961,7494,75171549,4095,0,1,1
100.4016,7495,75181549,4095,0,0,0
100.4130,7496,75191549,4095,0,1,1
100.4260,7497,75201549,4095,0,0,0
100.4362,7498,75211549,4095,0,1,1
100.4421,7499,75221548,4095,0,0,0
100.4526,7500,75231549,4095,0,1,1
100.4669,7501,75241549,4095,0,0,0
100.4724,7502,75251549,4095,0,1,1
100.4810,7503,75261549,4095,0,0,0
100.4909,7504,75271549,4095,0,1,1
100.5011,7505,75281548,4095,0,0,0
100.5110,7506,75291549,4095,0,1,1
100.5206,7507,75301549,4095,0,0,0
100.5318,7508,75311549,4095,0,1,1
100.5462,7509,75321548,4095,0,0,0
100.5535,7510,75331549,4095,0,1,1
100.5624,7511,75341549,4095,0,0,0
100.5746,7512,75351549,4095,0,1,1
100.5854,7513,75361549,4095,0,0,0
100.5946,7514,75371549,4095,0,1,1
100.6069,7515,75381549,4095,0,0,0
100.6128,7516,75391549,4095,0,1,1
100.6235,7517,75401548,4095,0,0,0
100.6346,7518,75411549,4095,0,1,1
100.6415,7519,75421549,4095,0,0,0
100.6529,7520,75431549,4095,0,1,1
100.6631,7521,75441549,4095,0,0,0
100.6707,7522,75451549,4095,0,1,1
100.6808,7523,75461549,4095,0,0,0
100.6911,7524,75471549,4095,0,1,1
100.7009,7525,75481549,4095,0,0,0
100.7105,7526,75491549,4095,0,1,1
100.7204,7527,75501549,4095,0,0,0
100.7311,7528,75511549,4095,0,1,1
100.7437,7529,75521548,4095,0,0,0
100.7539,7530,75531549,4095,0,1,1
100.7621,7531,75541549,4095,0,0,0
100.7756,7532,75551549,4095,0,1,1
100.7840,7533,75561549,4095,0,0,0
100.7941,7534,75571549,4095,0,1,1
100.8052,7535,75581549,4095,0,0,0
100.8144,7536,75591549,4095,0,1,1
100.8240,7537,75601548,4095,0,0,0
100.8333,7538,75611549,4095,0,1,1
100.8409,7539,75621549,4095,0,0,0
100.8509,7540,75631549,4095,0,1,1
100.8606,7541,75641548,4095,0,0,0
100.8709,7542,75651549,4095,0,1,1
100.8807,7543,75661549,4095,0,0,0
100.8909,7544,75671549,4095,0,1,1
100.9016,7545,75681549,4095,0,0,0
100.9109,7546,75691549,4095,0,1,1
100.9227,7547,75701549,4095,0,0,0
100.9332,7548,75711549,4095,0,1,1
100.9430,7549,75721549,4095,0,0,0
100.9537,7550,75731549,4095,0,1,1
100.9621,7551,75741549,4095,0,0,0
100.9713,7552,75751549,4095,0,1,1
100.9810,7553,75761549,4095,0,0,0
100.9906,7554,75771549,4095,0,1,1
101.0006,7555,75781549,4095,0,0,0
101.0117,7556,75791549,4095,0,1,1
101.0206,7557,75801548,4095,0,0,0
101.0318,7558,75811549,4095,0,1,1
101.0466,7559,75821549,4095,0,0,0
101.0553,7560,75831549,4095,0,1,1
101.0638,7561,75841548,4095,0,0,0
101.0768,7562,75851548,4095,0,1,1
101.0879,7563,75861549,4095,0,0,0
101.0932,7564,75871549,4095,0,1,1
101.1042,7565,75881549,4095,0,0,0
101.1177,7566,75891549,4095,0,1,1
101.1226,7567,75901549,4095,0,0,0
101.1337,7568,75911549,4095,0,1,1
101.1428,7569,75921548,4095,0,0,0
101.1518,7570,75931549,4095,0,1,1
101.1610,7571,75941549,4095,0,0,0
101.1709,7572,75951549,4095,0,1,1
101.1812,7573,75961548,4095,0,0,0
101.1910,7574,75971549,4095,0,1,1
101.2010,7575,75981549,4095,0,0,0
101.2110,7576,75991549,4095,0,1,1
101.2209,7577,76001549,4095,0,0,0
101.2346,7578,76011549,4095,0,1,1
101.2413,7579,76021549,4095,0,0,0
101.2545,7580,76031549,4095,0,1,1
101.2672,7581,76041549,4095,0,0,0
101.2739,7582,76051549,4095,0,1,1
101.2843,7583,76061549,4095,0,0,0
101.2919,7584,76071549,4095,0,1,1
101.3016,7585,76081549,4095,0,0,0
101.3141,7586,76091549,4095,0,1,1
101.3232,7587,76101549,4095,0,0,0
101.3338,7588,76111549,4095,0,1,1
101.3419,7589,76121549,4095,0,0,0
101.3509,7590,76131549,4095,0,1,1
101.3609,7591,76141549,4095,0,0,0
101.3708,7592,76151549,4095,0,1,1
101.3810,7593,76161549,4095,0,0,0
101.3910,7594,76171549,4095,0,1,1
101.4010,7595,76181548,4095,0,0,0
101.4112,7596,76191549,4095,0,1,1
101.4238,7597,76201549,4095,0,0,0
101.4307,7598,76211549,4095,0,1,1
101.4493,7599,76221549,4095,0,0,0
101.4532,7600,76231549,4095,0,1,1
101.4640,7601,76241549,4095,0,0,0
101.4733,7602,76251549,4095,0,1,1
101.4815,7603,76261549,4095,0,0,0
101.4914,7604,76271549,4095,0,1,1
101.5023,7605,76281549,4095,0,0,0
101.5170,7606,76291549,4095,0,1,1
101.5217,7607,76301549,4095,0,0,0
101.5311,7608,76311549,4095,0,1,1
101.5411,7609,76321548,4095,0,0,0
101.5508,7610,76331548,4095,0,1,1
101.5608,7611,76341549,4095,0,0,0
101.5709,7612,76351549,4095,0,1,1
101.5808,7613,76361548,4095,0,0,0
101.5910,7614,76371549,4095,0,1,1
101.6009,7615,76381549,4095,0,0,0
101.6116,7616,76391549,4095,0,1,1
101.6217,7617,76401548,4095,0,0,0
101.6330,7618,76411549,4095,0,1,1
101.6448,7619,76421549,4095,0,0,0
101.6532,7620,76431549,4095,0,1,1
101.6648,7621,76441549,4095,0,0,0
101.6726,7622,76451549,4095,0,1,1
101.6845,7623,76461549,4095,0,0,0
101.6939,7624,76471548,4095,0,1,1
101.7042,7625,76481549,4095,0,0,0
101.7146,7626,76491549,4095,0,1,1
101.7256,7627,76501549,4095,0,0,0
101.7328,7628,76511549,4095,0,1,1
101.7407,7629,76521548,4095,0,0,0
101.7505,7630,76531549,4095,0,1,1
101.7615,7631,76541548,4095,0,0,0
101.7706,7632,76551549,4095,0,1,1
101.7810,7633,76561549,4095,0,0,0
101.7910,7634,76571549,4095,0,1,1
101.8009,7635,76581548,4095,0,0,0
101.8126,7636,76591549,4095,0,1,1
101.8253,7637,76601549,4095,0,0,0
101.8315,7638,76611549,4095,0,1,1
101.8459,7639,76621549,4095,0,0,0
101.8523,7640,76631549,4095,0,1,1
101.8644,7641,76641549,4095,0,0,0
101.8749,7642,76651549,4095,0,1,1
101.8839,7643,76661549,4095,0,0,0
101.8923,7644,76671549,4095,0,1,1
101.9022,7645,76681549,4095,0,0,0
101.9160,7646,76691549,4095,0,1,1
101.9225,7647,76701549,4095,0,0,0
101.9317,7648,76711549,4095,0,1,1
101.9405,7649,76721549,4095,0,0,0
101.9508,7650,76731549,4095,0,1,1
101.9611,7651,76741548,4095,0,0,0
101.9708,7652,76751549,4095,0,1,1
101.9813,7653,76761548,4095,0,0,0
101.9909,7654,76771549,4095,0,1,1
102.0013,7655,76781549,4095,0,0,0
102.0121,7656,76791549,4095,0,1,1
102.0221,7657,76801549,4095,0,0,0
102.0322,7658,76811549,4095,0,1,1
102.0435,7659,76821549,4095,0,0,0
102.0541,7660,76831549,4095,0,1,1
102.0616,7661,76841549,4095,0,0,0
102.0714,7662,76851549,4095,0,1,1
102.0827,7663,76861549,4095,0,0,0
102.0916,7664,76871549,4095,0,1,1
102.1027,7665,76881549,4095,0,0,0
102.1127,7666,76891549,4095,0,1,1
102.1205,7667,76901549,4095,0,0,0
102.1312,7668,76911549,4095,0,1,1
102.1407,7669,76921549,4095,0,0,0
102.1520,7670,76931549,4095,0,1,1
102.1607,7671,76941549,4095,0,0,0
102.1723,7672,76951549,4095,0,1,1
102.1808,7673,76961549,4095,0,0,0
102.1938,7674,76971549,4095,0,1,1
102.2050,7675,76981549,4095,0,0,0
102.2114,7676,76991549,4095,0,1,1
102.2221,7677,77001549,4095,0,0,0
102.2318,7678,77011549,4095,0,1,1
102.2452,7679,77021549,4095,0,0,0
102.2536,7680,77031549,4095,0,1,1
102.2643,7681,77041549,4095,0,0,0
102.2713,7682,77051549,4095,0,1,1
102.2809,7683,77061549,4095,0,0,0
102.2908,7684,77071549,4095,0,1,1
102.3012,7685,77081548,4095,0,0,0
102.3109,7686,77091549,4095,0,1,1
102.3219,7687,77101548,4095,0,0,0
102.3311,7688,77111549,4095,0,1,1
102.3424,7689,77121548,4095,0,0,0
102.3525,7690,77131549,4095,0,1,1
102.3613,7691,77141549,4095,0,0,0
102.3754,7692,77151549,4095,0,1,1
102.3836,7693,77161548,4095,0,0,0
102.3919,7694,77171549,4095,0,1,1
102.4033,7695,77181549,4095,0,0,0
102.4138,7696,77191549,4095,0,1,1
102.4222,7697,77201549,4095,0,0,0
102.4363,7698,77211549,4095,0,1,1
102.4419,7699,77221548,4095,0,0,0
102.4517,7700,77231548,4095,0,1,1
102.4630,7701,77241549,4095,0,0,0
102.4708,7702,77251549,4095,0,1,1
102.4811,7703,77261549,4095,0,0,0
102.4908,7704,77271549,4095,0,1,1
102.5016,7705,77281549,4095,0,0,0
102.5113,7706,77291549,4095,0,1,1
102.5219,7707,77301548,4095,0,0,0
102.5316,7708,77311549,4095,0,1,1
102.5459,7709,77321549,4095,0,0,0
102.5527,7710,77331549,4095,0,1,1
102.5621,7711,77341549,4095,0,0,0
102.5736,7712,77351549,4095,0,1,1
102.5825,7713,77361549,4095,0,0,0
102.5925,7714,77371549,4095,0,1,1
102.6033,7715,77381549,4095,0,0,0
102.6143,7716,77391549,4095,0,1,1
102.6212,7717,77401549,4095,0,0,0
102.6311,7718,77411549,4095,0,1,1
102.6411,7719,77421549,4095,0,0,0
102.6512,7720,77431549,4095,0,1,1
102.6620,7721,77441549,4095,0,0,0
102.6715,7722,77451549,4095,0,1,1
102.6809,7723,77461548,4095,0,0,0
102.6921,7724,77471549,4095,0,1,1
102.7030,7725,77481549,4095,0,0,0
102.7138,7726,77491549,4095,0,1,1
102.7241,7727,77501549,4095,0,0,0
102.7323,7728,77511549,4095,0,1,1
102.7447,7729,77521549,4095,0,0,0
102.7549,7730,77531549,4095,0,1,1
102.7615,7731,77541549,4095,0,0,0
102.7722,7732,77551549,4095,0,1,1
102.7830,7733,77561548,4095,0,0,0
102.7930,7734,77571549,4095,0,1,1
102.8019,7735,77581549,4095,0,0,0
102.8108,7736,77591549,4095,0,1,1
102.8214,7737,77601549,4095,0,0,0
102.8309,7738,77611549,4095,0,1,1
102.8418,7739,77621548,4095,0,0,0
102.8505,7740,77631549,4095,0,1,1
102.8607,7741,77641549,4095,0,0,0
102.8713,7742,77651549,4095,0,1,1
102.8822,7743,77661548,4095,0,0,0
102.8936,7744,77671549,4095,0,1,1
102.9056,7745,77681549,4095,0,0,0
102.9141,7746,77691549,4095,0,1,1
102.9242,7747,77701549,4095,0,0,0
102.9321,7748,77711549,4095,0,1,1
102.9424,7749,77721549,4095,0,0,0
102.9543,7750,77731549,4095,0,1,1
102.9643,7751,77741549,4095,0,0,0
102.9746,7752,77751549,4095,0,1,1
102.9836,7753,77761549,4095,0,0,0
102.9933,7754,77771549,4095,0,1,1
103.0007,7755,77781549,4095,0,0,0
103.0108,7756,77791549,4095,0,1,1
103.0207,7757,77801549,4095,0,0,0
103.0307,7758,77811549,4095,0,1,1
103.0417,7759,77821549,4095,0,0,0
103.0511,7760,77831549,4095,0,1,1
103.0646,7761,77841549,4095,0,0,0
103.0717,7762,77851549,4095,0,1,1
103.0827,7763,77861549,4095,0,0,0
103.0959,7764,77871549,4095,0,1,1
103.1038,7765,77881549,4095,0,0,0
103.1125,7766,77891549,4095,0,1,1
103.1214,7767,77901549,4095,0,0,0
103.1381,7768,77911549,4095,0,1,1
103.1408,7769,77921548,4095,0,0,0
103.1549,7770,77931549,4095,0,1,1
103.1628,7771,77941549,4095,0,0,0
103.1755,7772,77951549,4095,0,1,1
103.1819,7773,77961548,4095,0,0,0
103.1910,7774,77971549,4095,0,1,1
103.2008,7775,77981549,4095,0,0,0
103.2112,7776,77991549,4095,0,1,1
103.2208,7777,78001548,4095,0,0,0
103.2315,7778,78011548,4095,0,1,1
103.2410,7779,78021549,4095,0,0,0
103.2515,7780,78031549,4095,0,1,1
103.2618,7781,78041549,4095,0,0,0
103.2740,7782,78051549,4095,0,1,1
103.2817,7783,78061548,4095,0,0,0
103.2914,7784,78071549,4095,0,1,1
103.3013,7785,78081549,4095,0,0,0
103.3125,7786,78091549,4095,0,1,1
103.3243,7787,78101549,4095,0,0,0
103.3324,7788,78111549,4095,0,1,1
103.3405,7789,78121549,4095,0,0,0
103.3506,7790,78131549,4095,0,1,1
103.3609,7791,78141548,4095,0,0,0
103.3713,7792,78151549,4095,0,1,1
103.3806,7793,78161549,4095,0,0,0
103.3909,7794,78171549,4095,0,1,1
103.4016,7795,78181549,4095,0,0,0
103.4136,7796,78191549,4095,0,1,1
103.4214,7797,78201549,4095,0,0,0
103.4332,7798,78211549,4095,0,1,1
103.4460,7799,78221549,4095,0,0,0
103.4554,7800,78231549,4095,0,1,1
103.4616,7801,78241548,4095,0,0,0
103.4715,7802,78251549,4095,0,1,1
103.4824,7803,78261548,4095,0,0,0
103.4952,7804,78271549,4095,0,1,1
103.5008,7805,78281549,4095,0,0,0
103.5105,7806,78291549,4095,0,1,1
103.5205,7807,78301549,4095,0,0,0
103.5314,7808,78311549,4095,0,1,1
103.5418,7809,78321548,4095,0,0,0
103.5520,7810,78331549,4095,0,1,1
103.5616,7811,78341549,4095,0,0,0
103.5808,7812,78351549,4095,0,1,1
103.5838,7813,78361549,4095,0,0,0
103.5964,7814,78371549,4095,0,1,1
103.6030,7815,78381549,4095,0,0,0
103.6130,7816,78391549,4095,0,1,1
103.6215,7817,78401548,4095,0,0,0
103.6317,7818,78411549,4095,0,1,1
103.6440,7819,78421549,4095,0,0,0
103.6552,7820,78431549,4095,0,1,1
103.6644,7821,78441549,4095,0,0,0
103.6729,7822,78451549,4095,0,1,1
103.6824,7823,78461548,4095,0,0,0
103.6912,7824,78471549,4095,0,1,1
103.7006,7825,78481549,4095,0,0,0
103.7106,7826,78491549,4095,0,1,1
103.7209,7827,78501549,4095,0,0,0
103.7312,7828,78511549,4095,0,1,1
103.7419,7829,78521549,4095,0,0,0
103.7520,7830,78531549,4095,0,1,1
103.7625,7831,78541548,4095,0,0,0
103.7720,7832,78551549,4095,0,1,1
103.7828,7833,78561549,4095,0,0,0
103.7906,7834,78571549,4095,0,1,1
103.8058,7835,78581549,4095,0,0,0
103.8140,7836,78591549,4095,0,1,1
103.8226,7837,78601549,4095,0,0,0
103.8309,7838,78611549,4095,0,1,1
103.8410,7839,78621548,4095,0,0,0
103.8513,7840,78631549,4095,0,1,1
103.8612,7841,78641549,4095,0,0,0
103.8708,7842,78651549,4095,0,1,1
103.8812,7843,78661549,4095,0,0,0
103.8908,7844,78671549,4095,0,1,1
103.9010,7845,78681549,4095,0,0,0
103.9125,7846,78691549,4095,0,1,1
103.9216,7847,78701549,4095,0,0,0
103.9322,7848,78711549,4095,0,1,1
103.9424,7849,78721548,4095,0,0,0
103.9524,7850,78731549,4095,0,1,1
103.9608,7851,78741549,4095,0,0,0
103.9710,7852,78751549,4095,0,1,1
103.9808,7853,78761548,4095,0,0,0
103.9912,7854,78771548,4095,0,1,1
104.0016,7855,78781549,4095,0,0,0
104.0104,7856,78791549,4095,0,1,1
104.0214,7857,78801549,4095,0,0,0
104.0324,7858,78811549,4095,0,1,1
104.0417,7859,78821549,4095,0,0,0
104.0515,7860,78831549,4095,0,1,1
104.0623,7861,78841548,4095,0,0,0
104.0715,7862,78851549,4095,0,1,1
104.0808,7863,78861549,4095,0,0,0
104.0905,7864,78871549,4095,0,1,1
104.1012,7865,78881549,4095,0,0,0
104.1106,7866,78891549,4095,0,1,1
104.1211,7867,78901548,4095,0,0,0
104.1313,7868,78911549,4095,0,1,1
104.1432,7869,78921549,4095,0,0,0
104.1513,7870,78931549,4095,0,1,1
104.1634,7871,78941549,4095,0,0,0
104.1746,7872,78951549,4095,0,1,1
104.1819,7873,78961549,4095,0,0,0
104.1931,7874,78971549,4095,0,1,1
104.2042,7875,78981549,4095,0,0,0
104.2115,7876,78991549,4095,0,1,1
104.2220,7877,79001549,4095,0,0,0
104.2309,7878,79011549,4095,0,1,1
104.2410,7879,79021549,4095,0,0,0
104.2512,7880,79031549,4095,0,1,1
104.2610,7881,79041549,4095,0,0,0
104.2716,7882,79051549,4095,0,1,1
104.2807,7883,79061549,4095,0,0,0
104.2955,7884,79071549,4095,0,1,1
104.3025,7885,79081549,4095,0,0,0
104.3116,7886,79091549,4095,0,1,1
104.3230,7887,79101549,4095,0,0,0
104.3341,7888,79111549,4095,0,1,1
104.3446,7889,79121549,4095,0,0,0
104.3520,7890,79131549,4095,0,1,1
104.3643,7891,79141549,4095,0,0,0
104.3724,7892,79151549,4095,0,1,1
104.3832,7893,79161549,4095,0,0,0
104.3908,7894,79171549,4095,0,1,1
104.4007,7895,79181549,4095,0,0,0
104.4111,7896,79191549,4095,0,1,1
104.4207,7897,79201548,4095,0,0,0
104.4312,7898,79211549,4095,0,1,1
104.4406,7899,79221549,4095,0,0,0
104.4557,7900,79231549,4095,0,1,1
104.4614,7901,79241548,4095,0,0,0
104.4717,7902,79251548,4095,0,1,1
104.4845,7903,79261549,4095,0,0,0
104.4911,7904,79271549,4095,0,1,1
104.5040,7905,79281548,4095,0,0,0
104.5117,7906,79291548,4095,0,1,1
104.5206,7907,79301549,4095,0,0,0
104.5305,7908,79311549,4095,0,1,1
104.5405,7909,79321549,4095,0,0,0
104.5511,7910,79331549,4095,0,1,1
104.5613,7911,79341549,4095,0,0,0
104.5709,7912,79351549,4095,0,1,1
104.5805,7913,79361549,4095,0,0,0
104.5911,7914,79371549,4095,0,1,1
104.6036,7915,79381548,4095,0,0,0
104.6133,7916,79391549,4095,0,1,1
104.6223,7917,79401549,4095,0,0,0
104.6336,7918,79411549,4095,0,1,1
104.6416,7919,79421549,4095,0,0,0
104.6540,7920,79431549,4095,0,1,1
104.6644,7921,79441549,4095,0,0,0
104.6709,7922,79451549,4095,0,1,1
104.6810,7923,79461549,4095,0,0,0
104.6911,7924,79471549,4095,0,1,1
104.7012,7925,79481549,4095,0,0,0
104.7107,7926,79491549,4095,0,1,1
104.7213,7927,79501548,4095,0,0,0
104.7313,7928,79511549,4095,0,1,1
104.7427,7929,79521549,4095,0,0,0
104.7534,7930,79531549,4095,0,1,1
104.7638,7931,79541548,4095,0,0,0
104.7722,7932,79551549,4095,0,1,1
104.7829,7933,79561548,4095,0,0,0
104.7925,7934,79571548,4095,0,1,1
104.8007,7935,79581549,4095,0,0,0
104.8109,7936,79591549,4095,0,1,1
104.8210,7937,79601549,4095,0,0,0
104.8313,7938,79611549,4095,0,1,1
104.8413,7939,79621549,4095,0,0,0
104.8515,7940,79631549,4095,0,1,1
104.8608,7941,79641549,4095,0,0,0
104.8709,7942,79651549,4095,0,1,1
104.8826,7943,79661548,4095,0,0,0
104.8976,7944,79671549,4095,0,1,1
104.9013,7945,79681549,4095,0,0,0
104.9111,7946,79691549,4095,0,1,1
104.9254,7947,79701549,4095,0,0,0
104.9339,7948,79711549,4095,0,1,1
104.9414,7949,79721549,4095,0,0,0
104.9515,7950,79731549,4095,0,1,1
104.9633,7951,79741549,4095,0,0,0
104.9727,7952,79751549,4095,0,1,1
104.9810,7953,79761548,4095,0,0,0
104.9909,7954,79771548,4095,0,1,1
105.0016,7955,79781549,4095,0,0,0
105.0113,7956,79791549,4095,0,1,1
105.0208,7957,79801549,4095,0,0,0
105.0314,7958,79811549,4095,0,1,1
105.0423,7959,79821548,4095,0,0,0
105.0535,7960,79831549,4095,0,1,1
105.0616,7961,79841549,4095,0,0,0
105.0736,7962,79851549,4095,0,1,1
105.0861,7963,79861549,4095,0,0,0
105.0932,7964,79871549,4095,0,1,1
105.1034,7965,79881549,4095,0,0,0
105.1127,7966,79891549,4095,0,1,1
105.1220,7967,79901549,4095,0,0,0
105.1330,7968,79911549,4095,0,1,1
105.1416,7969,79921549,4095,0,0,0
105.1507,7970,79931549,4095,0,1,1
105.1606,7971,79941549,4095,0,0,0
105.1707,7972,79951549,4095,0,1,1
105.1807,7973,79961549,4095,0,0,0
105.1905,7974,79971549,4095,0,1,1
105.2011,7975,79981549,4095,0,0,0
105.2119,7976,79991549,4095,0,0,0
105.2253,7977,80001549,4095,0,0,0
105.2321,7978,80011549,4095,0,0,0
105.2442,7979,80021548,4095,0,0,0
105.2521,7980,80031549,4095,0,0,0
105.2636,7981,80041549,4095,0,1,1
105.2729,7982,80051549,4095,0,0,0
105.2829,7983,80061549,4095,0,1,1
105.2933,7984,80071549,4095,0,0,0
105.3009,7985,80081548,4095,0,1,1
105.3111,7986,80091549,4095,0,0,0
105.3219,7987,80101548,4095,0,1,1
105.3319,7988,80111549,4095,0,0,0
105.3412,7989,80121548,4095,0,1,1
105.3510,7990,80131549,4095,0,0,0
105.3611,7991,80141549,4095,0,1,1
105.3707,7992,80151549,4095,0,0,0
105.3816,7993,80161549,4095,0,1,1
105.3922,7994,80171549,4095,0,0,0
105.4020,7995,80181549,4095,0,1,1
105.4136,7996,80191549,4095,0,0,0
105.4208,7997,80201549,4095,0,1,1
105.4308,7998,80211549,4095,0,0,0
105.4414,7999,80221548,4095,0,1,1
105.4510,8000,80231549,4095,0,0,0
105.4609,8001,80241549,4095,0,1,1
105.4708,8002,80251549,4095,0,0,0
105.4808,8003,80261549,4095,0,1,1
105.4914,8004,80271549,4095,0,0,0
105.5043,8005,80281549,4095,0,1,1
105.5136,8006,80291549,4095,0,0,0
105.5242,8007,80301549,4095,0,1,1
105.5324,8008,80311549,4095,0,0,0
105.5426,8009,80321549,4095,0,1,1
105.5530,8010,80331549,4095,0,0,0
105.5639,8011,80341548,4095,0,1,1
105.5741,8012,80351549,4095,0,0,0
105.5824,8013,80361549,4095,0,1,1
105.5917,8014,80371549,4095,0,0,0
105.6008,8015,80381548,4095,0,1,1
105.6109,8016,80391549,4095,0,0,0
105.6208,8017,80401549,4095,0,1,1
105.6310,8018,80411549,4095,0,0,0
105.6409,8019,80421549,4095,0,1,1
105.6509,8020,80431549,4095,0,0,0
105.6605,8021,80441549,4095,0,1,1
105.6741,8022,80451549,4095,0,0,0
105.6824,8023,80461549,4095,0,1,1
105.6923,8024,80471549,4095,0,0,0
105.7014,8025,80481548,4095,0,1,1
105.7159,8026,80491549,4095,0,0,0
105.7243,8027,80501548,4095,0,1,1
105.7339,8028,80511549,4095,0,0,0
105.7433,8029,80521549,4095,0,1,1
105.7520,8030,80531549,4095,0,0,0
105.7621,8031,80541549,4095,0,1,1
105.7724,8032,80551549,4095,0,0,0
105.7851,8033,80561549,4095,0,1,1
105.7945,8034,80571549,4095,0,0,0
105.8008,8035,80581549,4095,0,1,1
105.8105,8036,80591549,4095,0,0,0
105.8205,8037,80601549,4095,0,1,1
105.8312,8038,80611549,4095,0,0,0
105.8417,8039,80621549,4095,0,1,1
105.8514,8040,80631549,4095,0,0,0
105.8611,8041,80641549,4095,0,1,1
105.8748,8042,80651549,4095,0,0,0
105.8814,8043,80661549,4095,0,1,1
105.8919,8044,80671549,4095,0,0,0
105.9042,8045,80681549,4095,0,1,1
105.9145,8046,80691549,4095,0,0,0
105.9256,8047,80701549,4095,0,1,1
105.9318,8048,80711549,4095,0,0,0
105.9436,8049,80721548,4095,0,1,1
105.9534,8050,80731549,4095,0,0,0
105.9644,8051,80741549,4095,0,1,1
105.9766,8052,80751549,4095,0,0,0
105.9808,8053,80761548,4095,0,1,1
105.9908,8054,80771549,4095,0,0,0
106.0005,8055,80781548,4095,0,1,1
106.0114,8056,80791549,4095,0,0,0
106.0216,8057,80801549,4095,0,1,1
106.0314,8058,80811549,4095,0,0,0
106.0464,8059,80821549,4095,0,1,1
106.0518,8060,80831549,4095,0,0,0
106.0676,8061,80841548,4095,0,1,1
106.0719,8062,80851549,4095,0,0,0
106.0836,8063,80861548,4095,0,1,1
106.0931,8064,80871549,4095,0,0,0
106.1044,8065,80881549,4095,0,1,1
106.1120,8066,80891549,4095,0,0,0
106.1240,8067,80901549,4095,0,1,1
106.1354,8068,80911549,4095,0,0,0
106.1443,8069,80921549,4095,0,1,1
106.1535,8070,80931549,4095,0,0,0
106.1632,8071,80941549,4095,0,1,1
106.1761,8072,80951549,4095,0,0,0
106.1820,8073,80961549,4095,0,1,1
106.1910,8074,80971549,4095,0,0,0
106.2010,8075,80981549,4095,0,1,1
106.2113,8076,80991549,4095,0,0,0
106.2216,8077,81001548,4095,0,1,1
106.2316,8078,81011549,4095,0,0,0
106.2421,8079,81021549,4095,0,1,1
106.2518,8080,81031549,4095,0,0,0
106.2647,8081,81041548,4095,0,1,1
106.2733,8082,81051549,4095,0,0,0
106.2824,8083,81061549,4095,0,1,1
106.2928,8084,81071549,4095,0,0,0
106.3072,8085,81081549,4095,0,1,1
106.3137,8086,81091549,4095,0,0,0
106.3245,8087,81101549,4095,0,1,1
106.3326,8088,81111549,4095,0,0,0
106.3432,8089,81121549,4095,0,1,1
106.3538,8090,81131549,4095,0,0,0
106.3615,8091,81141549,4095,0,1,1
106.3726,8092,81151549,4095,0,0,0
106.3825,8093,81161549,4095,0,1,1
106.3920,8094,81171549,4095,0,0,0
106.4008,8095,81181549,4095,0,1,1
106.4111,8096,81191549,4095,0,0,0
106.4220,8097,81201549,4095,0,1,1
106.4318,8098,81211549,4095,0,0,0
106.4420,8099,81221549,4095,0,1,1
106.4517,8100,81231549,4095,0,0,0
106.4618,8101,81241549,4095,0,1,1
106.4782,8102,81251549,4095,0,0,0
106.4820,8103,81261549,4095,0,1,1
106.4915,8104,81271549,4095,0,0,0
106.5093,8105,81281548,4095,0,1,1
106.5202,8106,81291549,4095,0,0,0
106.5266,8107,81301549,4095,0,1,1
106.5376,8108,81311549,4095,0,0,0
106.5432,8109,81321549,4095,0,1,1
106.5555,8110,81331549,4095,0,0,0
106.5614,8111,81341549,4095,0,1,1
106.5727,8112,81351549,4095,0,0,0
106.5854,8113,81361549,4095,0,1,1
106.5934,8114,81371549,4095,0,0,0
106.6073,8115,81381548,4095,0,1,1
106.6129,8116,81391549,4095,0,0,0
106.6232,8117,81401549,4095,0,1,1
106.6309,8118,81411549,4095,0,0,0
106.6409,8119,81421548,4095,0,1,1
106.6509,8120,81431549,4095,0,0,0
106.6610,8121,81441549,4095,0,1,1
106.6709,8122,81451549,4095,0,0,0
106.6811,8123,81461549,4095,0,1,1
106.6913,8124,81471549,4095,0,0,0
106.7018,8125,81481548,4095,0,1,1
106.7120,8126,81491549,4095,0,0,0
106.7230,8127,81501549,4095,0,1,1
106.7352,8128,81511549,4095,0,0,0
106.7436,8129,81521549,4095,0,1,1
106.7564,8130,81531549,4095,0,0,0
106.7642,8131,81541549,4095,0,1,1
106.7727,8132,81551549,4095,0,0,0
106.7816,8133,81561549,4095,0,1,1
106.7941,8134,81571549,4095,0,0,0
106.8060,8135,81581549,4095,0,1,1
106.8107,8136,81591549,4095,0,0,0
106.8209,8137,81601549,4095,0,1,1
106.8310,8138,81611549,4095,0,0,0
106.8408,8139,81621549,4095,0,1,1
106.8510,8140,81631549,4095,0,0,0
106.8609,8141,81641548,4095,0,1,1
106.8763,8142,81651549,4095,0,0,0
106.8816,8143,81661549,4095,0,1,1
106.8913,8144,81671549,4095,0,0,0
106.9097,8145,81681549,4095,0,1,1
106.9185,8146,81691549,4095,0,0,0
106.9232,8147,81701548,4095,0,1,1
106.9362,8148,81711549,4095,0,0,0
106.9417,8149,81721549,4095,0,1,1
106.9513,8150,81731549,4095,0,0,0
106.9636,8151,81741549,4095,0,1,1
106.9751,8152,81751549,4095,0,0,0
106.9854,8153,81761549,4095,0,1,1
106.9917,8154,81771549,4095,0,0,0
107.0065,8155,81781548,4095,0,1,1
107.0105,8156,81791549,4095,0,0,0
107.0210,8157,81801549,4095,0,1,1
107.0309,8158,81811549,4095,0,0,0
107.0405,8159,81821549,4095,0,1,1
107.0511,8160,81831549,4095,0,0,0
107.0611,8161,81841549,4095,0,1,1
107.0745,8162,81851549,4095,0,0,0
107.0817,8163,81861548,4095,0,1,1
107.0958,8164,81871548,4095,0,0,0
107.1012,8165,81881549,4095,0,1,1
107.1150,8166,81891549,4095,0,0,0
107.1263,8167,81901549,4095,0,1,1
107.1325,8168,81911549,4095,0,0,0
107.1439,8169,81921549,4095,0,1,1
107.1537,8170,81931549,4095,0,0,0
107.1639,8171,81941548,4095,0,1,1
107.1760,8172,81951549,4095,0,0,0
107.1844,8173,81961548,4095,0,1,1
107.1922,8174,81971549,4095,0,0,0
107.2012,8175,81981548,4095,0,1,1
107.2106,8176,81991549,4095,0,0,0
107.2209,8177,82001549,4095,0,1,1
107.2309,8178,82011549,4095,0,0,0
107.2409,8179,82021549,4095,0,1,1
107.2507,8180,82031549,4095,0,0,0
107.2608,8181,82041549,4095,0,1,1
107.2769,8182,82051549,4095,0,0,0
107.2815,8183,82061549,4095,0,1,1
107.2927,8184,82071549,4095,0,0,0
107.3048,8185,82081548,4095,0,1,1
107.3158,8186,82091549,4095,0,0,0
107.3242,8187,82101549,4095,0,1,1
107.3343,8188,82111549,4095,0,0,0
107.3431,8189,82121549,4095,0,1,1
107.3527,8190,82131549,4095,0,0,0
107.3632,8191,82141549,4095,0,1,1
107.3755,8192,82151549,4095,0,0,0
107.3816,8193,82161549,4095,0,1,1
107.3956,8194,82171549,4095,0,0,0
107.4032,8195,82181549,4095,0,1,1
107.4108,8196,82191549,4095,0,0,0
107.4218,8197,82201549,4095,0,1,1
107.4309,8198,82211549,4095,0,0,0
107.4410,8199,82221549,4095,0,1,1
107.4512,8200,82231549,4095,0,0,0
107.4605,8201,82241549,4095,0,1,1
107.4713,8202,82251549,4095,0,0,0
107.4845,8203,82261549,4095,0,1,1
107.4916,8204,82271549,4095,0,0,0
107.5037,8205,82281549,4095,0,1,1
107.5150,8206,82291549,4095,0,0,0
107.5251,8207,82301548,4095,0,1,1
107.5318,8208,82311549,4095,0,0,0
107.5434,8209,82321549,4095,0,1,1
107.5523,8210,82331549,4095,0,0,0
107.5634,8211,82341548,4095,0,1,1
107.5711,8212,82351549,4095,0,0,0
107.5808,8213,82361548,4095,0,1,1
107.5911,8214,82371549,4095,0,0,0
107.6009,8215,82381549,4095,0,1,1
107.6110,8216,82391549,4095,0,0,0
107.6210,8217,82401549,4095,0,1,1
107.6310,8218,82411549,4095,0,0,0
107.6419,8219,82421548,4095,0,1,1
107.6542,8220,82431549,4095,0,0,0
107.6638,8221,82441548,4095,0,1,1
107.6742,8222,82451549,4095,0,0,0
107.6810,8223,82461549,4095,0,1,1
107.6948,8224,82471549,4095,0,0,0
107.7029,8225,82481549,4095,0,1,1
107.7120,8226,82491549,4095,0,0,0
107.7253,8227,82501549,4095,0,1,1
107.7332,8228,82511549,4095,0,0,0
107.7426,8229,82521549,4095,0,1,1
107.7508,8230,82531549,4095,0,0,0
107.7608,8231,82541548,4095,0,1,1
107.7710,8232,82551549,4095,0,0,0
107.7810,8233,82561549,4095,0,1,1
107.7908,8234,82571549,4095,0,0,0
107.8009,8235,82581549,4095,0,1,1
107.8118,8236,82591549,4095,0,0,0
107.8218,8237,82601549,4095,0,1,1
107.8316,8238,82611549,4095,0,0,0
107.8455,8239,82621549,4095,0,1,1
107.8516,8240,82631549,4095,0,0,0
107.8643,8241,82641548,4095,0,1,1
107.8721,8242,82651549,4095,0,0,0
107.8832,8243,82661549,4095,0,1,1
107.8939,8244,82671549,4095,0,0,0
107.9038,8245,82681549,4095,0,1,1
107.9133,8246,82691549,4095,0,0,0
107.9265,8247,82701549,4095,0,1,1
107.9351,8248,82711549,4095,0,0,0
107.9408,8249,82721548,4095,0,1,1
107.9509,8250,82731549,4095,0,0,0
107.9610,8251,82741549,4095,0,1,1
107.9709,8252,82751549,4095,0,0,0
107.9810,8253,82761549,4095,0,1,1
107.9910,8254,82771549,4095,0,0,0
108.0009,8255,82781549,4095,0,1,1
108.0115,8256,82791549,4095,0,0,0
108.0231,8257,82801549,4095,0,1,1
108.0340,8258,82811549,4095,0,0,0
108.0422,8259,82821549,4095,0,1,1
108.0542,8260,82831549,4095,0,0,0
108.0666,8261,82841548,4095,0,1,1
108.0739,8262,82851549,4095,0,0,0
108.0853,8263,82861549,4095,0,1,1
108.0943,8264,82871549,4095,0,0,0
108.1042,8265,82881548,4095,0,1,1
108.1198,8266,82891549,4095,0,0,0
108.1252,8267,82901548,4095,0,1,1
108.1368,8268,82911549,4095,0,0,0
108.1407,8269,82921549,4095,0,1,1
108.1511,8270,82931549,4095,0,0,0
108.1605,8271,82941549,4095,0,1,1
108.1708,8272,82951549,4095,0,0,0
108.1809,8273,82961548,4095,0,1,1
108.1909,8274,82971549,4095,0,0,0
108.2009,8275,82981548,4095,0,1,1
108.2140,8276,82991549,4095,0,0,0
108.2255,8277,83001549,4095,0,1,1
108.2316,8278,83011549,4095,0,0,0
108.2447,8279,83021549,4095,0,1,1
108.2540,8280,83031549,4095,0,0,0
108.2626,8281,83041549,4095,0,1,1
108.2756,8282,83051549,4095,0,0,0
108.2851,8283,83061549,4095,0,1,1
108.2915,8284,83071549,4095,0,0,0
108.3017,8285,83081549,4095,0,1,1
108.3131,8286,83091549,4095,0,0,0
108.3222,8287,83101549,4095,0,1,1
108.3307,8288,83111549,4095,0,0,0
108.3408,8289,83121549,4095,0,1,1
108.3508,8290,83131549,4095,0,0,0
108.3607,8291,83141549,4095,0,1,1
108.3711,8292,83151549,4095,0,0,0
108.3809,8293,83161549,4095,0,1,1
108.3908,8294,83171549,4095,0,0,0
108.4009,8295,83181549,4095,0,1,1
108.4142,8296,83191549,4095,0,0,0
108.4263,8297,83201549,4095,0,1,1
108.4333,8298,83211549,4095,0,0,0
108.4442,8299,83221549,4095,0,1,1
108.4535,8300,83231549,4095,0,0,0
108.4618,8301,83241549,4095,0,1,1
108.4731,8302,83251549,4095,0,0,0
108.4848,8303,83261549,4095,0,1,1
108.4942,8304,83271549,4095,0,0,0
108.5028,8305,83281548,4095,0,1,1
108.5119,8306,83291549,4095,0,0,0
108.5213,8307,83301549,4095,0,1,1
108.5308,8308,83311549,4095,0,0,0
108.5407,8309,83321549,4095,0,1,1
108.5504,8310,83331549,4095,0,0,0
108.5609,8311,83341549,4095,0,1,1
108.5709,8312,83351549,4095,0,0,0
108.5808,8313,83361548,4095,0,1,1
108.5919,8314,83371549,4095,0,0,0
108.6040,8315,83381548,4095,0,1,1
108.6124,8316,83391549,4095,0,0,0
108.6250,8317,83401549,4095,0,1,1
108.6340,8318,83411549,4095,0,0,0
108.6459,8319,83421549,4095,0,1,1
108.6531,8320,83431549,4095,0,0,0
108.6633,8321,83441548,4095,0,1,1
108.6735,8322,83451549,4095,0,0,0
108.6856,8323,83461549,4095,0,1,1
108.6915,8324,83471549,4095,0,0,0
108.7023,8325,83481549,4095,0,1,1
108.7133,8326,83491549,4095,0,0,0
108.7209,8327,83501549,4095,0,1,1
108.7309,8328,83511549,4095,0,0,0
108.7405,8329,83521549,4095,0,1,1
108.7509,8330,83531549,4095,0,0,0
108.7610,8331,83541548,4095,0,1,1
108.7713,8332,83551549,4095,0,0,0
108.7810,8333,83561549,4095,0,1,1
108.7920,8334,83571549,4095,0,0,0
108.8028,8335,83581549,4095,0,1,1
108.8134,8336,83591549,4095,0,0,0
108.8248,8337,83601549,4095,0,1,1
108.8317,8338,83611549,4095,0,0,0
108.8425,8339,83621549,4095,0,1,1
108.8553,8340,83631549,4095,0,0,0
108.8638,8341,83641549,4095,0,1,1
108.8772,8342,83651549,4095,0,0,0
108.8864,8343,83661549,4095,0,1,1
108.8949,8344,83671549,4095,0,0,0
108.9076,8345,83681549,4095,0,1,1
108.9135,8346,83691549,4095,0,0,0
108.9214,8347,83701549,4095,0,1,1
108.9310,8348,83711549,4095,0,0,0
108.9410,8349,83721549,4095,0,1,1
108.9513,8350,83731549,4095,0,0,0
108.9611,8351,83741549,4095,0,1,1
108.9710,8352,83751549,4095,0,0,0
108.9818,8353,83761548,4095,0,1,1
108.9934,8354,83771549,4095,0,0,0
109.0048,8355,83781548,4095,0,1,1
109.0143,8356,83791549,4095,0,0,0
109.0241,8357,83801549,4095,0,1,1
109.0317,8358,83811549,4095,0,0,0
109.0445,8359,83821549,4095,0,1,1
109.0530,8360,83831549,4095,0,0,0
109.0663,8361,83841549,4095,0,1,1
109.0723,8362,83851549,4095,0,0,0
109.0825,8363,83861548,4095,0,1,1
109.0931,8364,83871549,4095,0,0,0
109.1008,8365,83881549,4095,0,1,1
109.1107,8366,83891549,4095,0,0,0
109.1210,8367,83901549,4095,0,1,1
109.1308,8368,83911549,4095,0,0,0
109.1405,8369,83921549,4095,0,1,1
109.1510,8370,83931549,4095,0,0,0
109.1608,8371,83941548,4095,0,1,1
109.1763,8372,83951549,4095,0,0,0
109.1814,8373,83961549,4095,0,1,1
109.1940,8374,83971549,4095,0,0,0
109.2015,8375,83981549,4095,0,1,1
109.2135,8376,83991549,4095,0,0,0
109.2255,8377,84001548,4095,0,1,1
109.2329,8378,84011549,4095,0,0,0
109.2423,8379,84021549,4095,0,1,1
109.2518,8380,84031549,4095,0,0,0
109.2650,8381,84041549,4095,0,1,1
109.2746,8382,84051549,4095,0,0,0
109.2809,8383,84061549,4095,0,1,1
109.2910,8384,84071549,4095,0,0,0
109.3005,8385,84081549,4095,0,1,1
109.3110,8386,84091549,4095,0,0,0
109.3210,8387,84101549,4095,0,1,1
109.3309,8388,84111549,4095,0,0,0
109.3410,8389,84121549,4095,0,1,1
109.3509,8390,84131549,4095,0,0,0
109.3616,8391,84141549,4095,0,1,1
109.3746,8392,84151549,4095,0,0,0
109.3848,8393,84161549,4095,0,1,1
109.3914,8394,84171549,4095,0,0,0
109.4035,8395,84181548,4095,0,1,1
109.4145,8396,84191549,4095,0,0,0
109.4233,8397,84201549,4095,0,1,1
109.4380,8398,84211549,4095,0,0,0
109.4428,8399,84221549,4095,0,1,1
109.4528,8400,84231549,4095,0,0,0
109.4638,8401,84241549,4095,0,1,1
109.4707,8402,84251549,4095,0,0,0
109.4809,8403,84261549,4095,0,1,1
109.4910,8404,84271549,4095,0,0,0
109.5008,8405,84281549,4095,0,1,1
109.5109,8406,84291549,4095,0,0,0
109.5208,8407,84301549,4095,0,1,1
109.5308,8408,84311549,4095,0,0,0
109.5433,8409,84321549,4095,0,1,1
109.5537,8410,84331549,4095,0,0,0
109.5630,8411,84341549,4095,0,1,1
109.5727,8412,84351549,4095,0,0,0
109.5856,8413,84361549,4095,0,1,1
109.5940,8414,84371549,4095,0,0,0
109.6014,8415,84381548,4095,0,1,1
109.6123,8416,84391549,4095,0,0,0
109.6240,8417,84401549,4095,0,1,1
109.6372,8418,84411549,4095,0,0,0
109.6418,8419,84421549,4095,0,1,1
109.6507,8420,84431549,4095,0,0,0
109.6608,8421,84441549,4095,0,1,1
109.6708,8422,84451549,4095,0,0,0
109.6809,8423,84461549,4095,0,1,1
109.6905,8424,84471549,4095,0,0,0
109.7008,8425,84481549,4095,0,1,1
109.7108,8426,84491549,4095,0,0,0
109.7208,8427,84501549,4095,0,1,1
109.7313,8428,84511549,4095,0,0,0
109.7421,8429,84521549,4095,0,1,1
109.7521,8430,84531548,4095,0,0,0
109.7627,8431,84541548,4095,0,1,1
109.7742,8432,84551549,4095,0,0,0
109.7838,8433,84561548,4095,0,1,1
109.7916,8434,84571548,4095,0,0,0
109.8016,8435,84581549,4095,0,1,1
109.8133,8436,84591549,4095,0,0,0
109.8208,8437,84601549,4095,0,1,1
109.8316,8438,84611549,4095,0,0,0
109.8412,8439,84621549,4095,0,1,1
109.8508,8440,84631549,4095,0,0,0
109.8612,8441,84641549,4095,0,1,1
109.8705,8442,84651549,4095,0,0,0
109.8813,8443,84661549,4095,0,1,1
109.8906,8444,84671549,4095,0,0,0
109.9016,8445,84681548,4095,0,1,1
109.9176,8446,84691549,4095,0,0,0
109.9233,8447,84701549,4095,0,1,1
109.9343,8448,84711549,4095,0,0,0
109.9454,8449,84721548,4095,0,1,1
109.9544,8450,84731548,4095,0,0,0
109.9618,8451,84741549,4095,0,1,1
109.9797,8452,84751549,4095,0,0,0
109.9816,8453,84761549,4095,0,1,1
109.9913,8454,84771549,4095,0,0,0
110.0006,8455,84781549,4095,0,1,1
110.0116,8456,84791549,4095,0,0,0
110.0205,8457,84801549,4095,0,1,1
110.0310,8458,84811549,4095,0,0,0
110.0411,8459,84821549,4095,0,1,1
110.0514,8460,84831549,4095,0,0,0
110.0614,8461,84841548,4095,0,1,1
110.0726,8462,84851549,4095,0,0,0
110.0816,8463,84861549,4095,0,1,1
110.0942,8464,84871549,4095,0,0,0
110.1010,8465,84881548,4095,0,0,0
110.1134,8466,84891549,4095,0,0,0
110.1215,8467,84901549,4095,0,0,0
110.1314,8468,84911549,4095,0,1,1
110.1425,8469,84921549,4095,0,0,0
110.1534,8470,84931549,4095,0,1,1
110.1641,8471,84941548,4095,0,0,0
110.1708,8472,84951549,4095,0,1,1
110.1805,8473,84961549,4095,0,0,0
110.1907,8474,84971549,4095,0,1,1
110.2008,8475,84981549,4095,0,0,0
110.2111,8476,84991549,4095,0,1,1
110.2204,8477,85001548,4095,0,0,0
110.2308,8478,85011549,4095,0,1,1
110.2442,8479,85021549,4095,0,0,0
110.2540,8480,85031549,4095,0,1,1
110.2638,8481,85041548,4095,0,0,0
110.2722,8482,85051549,4095,0,1,1
110.2834,8483,85061549,4095,0,0,0
110.2939,8484,85071549,4095,0,1,1
110.3018,8485,85081548,4095,0,0,0
110.3118,8486,85091549,4095,0,1,1
110.3225,8487,85101549,4095,0,0,0
110.3343,8488,85111549,4095,0,1,1
110.3407,8489,85121549,4095,0,0,0
110.3507,8490,85131549,4095,0,1,1
110.3605,8491,85141548,4095,0,0,0
110.3709,8492,85151549,4095,0,1,1
110.3812,8493,85161548,4095,0,0,0
110.3907,8494,85171549,4095,0,1,1
110.4013,8495,85181549,4095,0,0,0
110.4118,8496,85191549,4095,0,1,1
110.4242,8497,85201549,4095,0,0,0
110.4307,8498,85211549,4095,0,1,1
110.4450,8499,85221548,4095,0,0,0
110.4548,8500,85231549,4095,0,1,1
110.4654,8501,85241549,4095,0,0,0
110.4737,8502,85251549,4095,0,1,1
110.4850,8503,85261549,4095,0,0,0
110.4918,8504,85271549,4095,0,1,1
110.5028,8505,85281548,4095,0,0,0
110.5132,8506,85291549,4095,0,1,1
110.5205,8507,85301549,4095,0,0,0
110.5309,8508,85311549,4095,0,1,1
110.5408,8509,85321549,4095,0,0,0
110.5507,8510,85331549,4095,0,1,1
110.5615,8511,85341549,4095,0,0,0
110.5722,8512,85351549,4095,0,1,1
110.5809,8513,85361549,4095,0,0,0
110.5952,8514,85371549,4095,0,1,1
110.6015,8515,85381549,4095,0,0,0
110.6116,8516,85391549,4095,0,1,1
110.6222,8517,85401549,4095,0,0,0
110.6337,8518,85411549,4095,0,1,1
110.6445,8519,85421549,4095,0,0,0
110.6513,8520,85431549,4095,0,1,1
110.6626,8521,85441549,4095,0,0,0
110.6741,8522,85451549,4095,0,1,1
110.6836,8523,85461548,4095,0,0,0
110.6919,8524,85471549,4095,0,1,1
110.7005,8525,85481549,4095,0,0,0
110.7105,8526,85491549,4095,0,1,1
110.7208,8527,85501548,4095,0,0,0
110.7313,8528,85511549,4095,0,1,1
110.7413,8529,85521549,4095,0,0,0
110.7518,8530,85531549,4095,0,1,1
110.7617,8531,85541549,4095,0,0,0
110.7762,8532,85551549,4095,0,1,1
110.7847,8533,85561549,4095,0,0,0
110.7947,8534,85571549,4095,0,1,1
110.8015,8535,85581549,4095,0,0,0
110.8123,8536,85591549,4095,0,1,1
110.8246,8537,85601549,4095,0,0,0
110.8341,8538,85611549,4095,0,1,1
110.8446,8539,85621549,4095,0,0,0
110.8521,8540,85631549,4095,0,1,1
110.8604,8541,85641548,4095,0,0,0
110.8710,8542,85651549,4095,0,1,1
110.8812,8543,85661549,4095,0,0,0
110.8914,8544,85671549,4095,0,1,1
110.9015,8545,85681549,4095,0,0,0
110.9111,8546,85691549,4095,0,1,1
110.9284,8547,85701549,4095,0,0,0
110.9313,8548,85711549,4095,0,1,1
110.9431,8549,85721549,4095,0,0,0
110.9538,8550,85731549,4095,0,1,1
110.9661,8551,85741549,4095,0,0,0
110.9741,8552,85751549,4095,0,1,1
110.9842,8553,85761549,4095,0,0,0
110.9920,8554,85771549,4095,0,1,1
111.0032,8555,85781549,4095,0,0,0
111.0124,8556,85791549,4095,0,1,1
111.0228,8557,85801549,4095,0,0,0
111.0343,8558,85811549,4095,0,1,1
111.0441,8559,85821549,4095,0,0,0
111.0534,8560,85831549,4095,0,1,1
111.0608,8561,85841549,4095,0,0,0
111.0711,8562,85851549,4095,0,1,1
111.0811,8563,85861548,4095,0,0,0
111.0913,8564,85871549,4095,0,1,1
111.1021,8565,85881548,4095,0,0,0
111.1117,8566,85891549,4095,0,1,1
111.1257,8567,85901548,4095,0,0,0
111.1335,8568,85911548,4095,0,1,1
111.1469,8569,85921549,4095,0,0,0
111.1555,8570,85931549,4095,0,1,1
111.1639,8571,85941549,4095,0,0,0
111.1744,8572,85951549,4095,0,1,1
111.1841,8573,85961549,4095,0,0,0
111.1926,8574,85971549,4095,0,1,1
111.2039,8575,85981549,4095,0,0,0
111.2141,8576,85991549,4095,0,1,1
111.2229,8577,86001549,4095,0,0,0
111.2353,8578,86011549,4095,0,1,1
111.2430,8579,86021549,4095,0,0,0
111.2548,8580,86031549,4095,0,1,1
111.2607,8581,86041549,4095,0,0,0
111.2708,8582,86051549,4095,0,1,1
111.2818,8583,86061549,4095,0,0,0
111.2910,8584,86071549,4095,0,1,1
111.3020,8585,86081549,4095,0,0,0
111.3108,8586,86091549,4095,0,1,1
111.3213,8587,86101549,4095,0,0,0
111.3310,8588,86111549,4095,0,1,1
111.3443,8589,86121548,4095,0,0,0
111.3542,8590,86131549,4095,0,1,1
111.3618,8591,86141548,4095,0,0,0
111.3751,8592,86151549,4095,0,1,1
111.3809,8593,86161549,4095,0,0,0
111.3925,8594,86171549,4095,0,1,1
111.4046,8595,86181549,4095,0,0,0
111.4140,8596,86191549,4095,0,1,1
111.4217,8597,86201549,4095,0,0,0
111.4318,8598,86211549,4095,0,1,1
111.4409,8599,86221549,4095,0,0,0
111.4514,8600,86231549,4095,0,1,1
111.4605,8601,86241548,4095,0,0,0
111.4705,8602,86251549,4095,0,1,1
111.4805,8603,86261548,4095,0,0,0
111.4912,8604,86271549,4095,0,1,1
111.5013,8605,86281549,4095,0,0,0
111.5148,8606,86291549,4095,0,1,1
111.5220,8607,86301549,4095,0,0,0
111.5316,8608,86311549,4095,0,1,1
111.5419,8609,86321548,4095,0,0,0
111.5541,8610,86331549,4095,0,1,1
111.5657,8611,86341549,4095,0,0,0
111.5720,8612,86351549,4095,0,1,1
111.5839,8613,86361548,4095,0,0,0
111.5912,8614,86371549,4095,0,1,1
111.6015,8615,86381549,4095,0,0,0
111.6121,8616,86391549,4095,0,1,1
111.6282,8617,86401549,4095,0,0,0
111.6322,8618,86411549,4095,0,1,1
111.6440,8619,86421549,4095,0,0,0
111.6510,8620,86431549,4095,0,1,1
111.6609,8621,86441549,4095,0,0,0
111.6713,8622,86451549,4095,0,1,1
111.6810,8623,86461548,4095,0,0,0
111.6909,8624,86471549,4095,0,1,1
111.7012,8625,86481549,4095,0,0,0
111.7111,8626,86491549,4095,0,1,1
111.7270,8627,86501548,4095,0,0,0
111.7322,8628,86511548,4095,0,1,1
111.7472,8629,86521549,4095,0,0,0
111.7537,8630,86531549,4095,0,1,1
111.7655,8631,86541549,4095,0,0,0
111.7736,8632,86551549,4095,0,1,1
111.7824,8633,86561548,4095,0,0,0
111.7940,8634,86571549,4095,0,1,1
111.8053,8635,86581548,4095,0,0,0
111.8150,8636,86591549,4095,0,1,1
111.8233,8637,86601549,4095,0,0,0
111.8386,8638,86611549,4095,0,1,1
111.8444,8639,86621549,4095,0,0,0
111.8516,8640,86631549,4095,0,1,1
111.8607,8641,86641548,4095,0,0,0
111.8706,8642,86651549,4095,0,1,1
111.8812,8643,86661549,4095,0,0,0
111.8911,8644,86671549,4095,0,1,1
111.9016,8645,86681548,4095,0,0,0
111.9120,8646,86691549,4095,0,1,1
111.9299,8647,86701549,4095,0,0,0
111.9333,8648,86711549,4095,0,1,1
111.9427,8649,86721549,4095,0,0,0
111.9513,8650,86731549,4095,0,1,1
111.9621,8651,86741549,4095,0,0,0
111.9732,8652,86751549,4095,0,1,1
111.9848,8653,86761549,4095,0,0,0
111.9929,8654,86771549,4095,0,1,1
112.0053,8655,86781549,4095,0,0,0
112.0116,8656,86791549,4095,0,1,1
112.0231,8657,86801549,4095,0,0,0
112.0315,8658,86811549,4095,0,1,1
112.0430,8659,86821549,4095,0,0,0
112.0508,8660,86831549,4095,0,1,1
112.0611,8661,86841549,4095,0,0,0
112.0716,8662,86851549,4095,0,1,1
112.0816,8663,86861549,4095,0,0,0
112.0917,8664,86871549,4095,0,1,1
112.1017,8665,86881548,4095,0,0,0
112.1137,8666,86891549,4095,0,1,1
112.1238,8667,86901549,4095,0,0,0
112.1339,8668,86911549,4095,0,1,1
112.1430,8669,86921549,4095,0,0,0
112.1539,8670,86931549,4095,0,1,1
112.1681,8671,86941549,4095,0,0,0
112.1805,8672,86951549,4095,0,1,1
112.1929,8673,86961549,4095,0,0,0
112.2001,8674,86971549,4095,0,1,1
112.2021,8675,86981549,4095,0,0,0
112.2179,8676,86991549,4095,0,1,1
112.2269,8677,87001549,4095,0,0,0
112.2341,8678,87011549,4095,0,1,1
112.2462,8679,87021549,4095,0,0,0
112.2514,8680,87031549,4095,0,1,1
112.2645,8681,87041549,4095,0,0,0
112.2732,8682,87051549,4095,0,1,1
112.2808,8683,87061549,4095,0,0,0
112.2908,8684,87071549,4095,0,1,1
112.3005,8685,87081549,4095,0,0,0
112.3112,8686,87091549,4095,0,1,1
112.3213,8687,87101548,4095,0,0,0
112.3312,8688,87111549,4095,0,1,1
112.3468,8689,87121548,4095,0,0,0
112.3532,8690,87131549,4095,0,1,1
112.3630,8691,87141549,4095,0,0,0
112.3724,8692,87151549,4095,0,1,1
112.3877,8693,87161549,4095,0,0,0
112.3943,8694,87171549,4095,0,1,1
112.4052,8695,87181549,4095,0,0,0
112.4113,8696,87191549,4095,0,1,1
112.4220,8697,87201549,4095,0,0,0
112.4326,8698,87211549,4095,0,1,1
112.4440,8699,87221549,4095,0,0,0
112.4554,8700,87231549,4095,0,1,1
112.4642,8701,87241549,4095,0,0,0
112.4721,8702,87251549,4095,0,1,1
112.4816,8703,87261549,4095,0,0,0
112.4910,8704,87271549,4095,0,1,1
112.5011,8705,87281549,4095,0,0,0
112.5112,8706,87291549,4095,0,1,1
112.5212,8707,87301549,4095,0,0,0
112.5316,8708,87311549,4095,0,1,1
112.5420,8709,87321549,4095,0,0,0
112.5519,8710,87331549,4095,0,1,1
112.5623,8711,87341549,4095,0,0,0
112.5724,8712,87351549,4095,0,1,1
112.5836,8713,87361548,4095,0,0,0
112.5927,8714,87371549,4095,0,1,1
112.6058,8715,87381549,4095,0,0,0
112.6133,8716,87391549,4095,0,1,1
112.6212,8717,87401549,4095,0,0,0
112.6317,8718,87411549,4095,0,1,1
112.6416,8719,87421549,4095,0,0,0
112.6548,8720,87431549,4095,0,1,1
112.6610,8721,87441548,4095,0,0,0
112.6713,8722,87451549,4095,0,1,1
112.6816,8723,87461549,4095,0,0,0
112.6910,8724,87471549,4095,0,1,1
112.7015,8725,87481548,4095,0,0,0
112.7107,8726,87491549,4095,0,1,1
112.7218,8727,87501549,4095,0,0,0
112.7351,8728,87511549,4095,0,1,1
112.7434,8729,87521549,4095,0,0,0
112.7547,8730,87531549,4095,0,1,1
112.7617,8731,87541548,4095,0,0,0
112.7732,8732,87551549,4095,0,1,1
112.7828,8733,87561549,4095,0,0,0
112.7937,8734,87571549,4095,0,1,1
112.8025,8735,87581549,4095,0,0,0
112.8135,8736,87591549,4095,0,1,1
112.8237,8737,87601549,4095,0,0,0
112.8306,8738,87611549,4095,0,1,1
112.8408,8739,87621549,4095,0,0,0
112.8505,8740,87631549,4095,0,1,1
112.8611,8741,87641549,4095,0,0,0
112.8714,8742,87651549,4095,0,1,1
112.8848,8743,87661549,4095,0,0,0
112.8917,8744,87671549,4095,0,1,1
112.9031,8745,87681548,4095,0,0,0
112.9151,8746,87691549,4095,0,1,1
112.9244,8747,87701549,4095,0,0,0
112.9335,8748,87711549,4095,0,1,1
112.9446,8749,87721549,4095,0,0,0
112.9508,8750,87731549,4095,0,1,1
112.9605,8751,87741548,4095,0,0,0
112.9706,8752,87751549,4095,0,1,1
112.9805,8753,87761549,4095,0,0,0
112.9912,8754,87771549,4095,0,1,1
113.0021,8755,87781549,4095,0,0,0
113.0113,8756,87791549,4095,0,1,1
113.0259,8757,87801549,4095,0,0,0
113.0323,8758,87811549,4095,0,1,1
113.0425,8759,87821548,4095,0,0,0
113.0588,8760,87831548,4095,0,1,1
113.0635,8761,87841549,4095,0,0,0
113.0725,8762,87851549,4095,0,1,1
113.0831,8763,87861549,4095,0,0,0
113.0970,8764,87871549,4095,0,1,1
113.1095,8765,87881549,4095,0,0,0
113.1124,8766,87891549,4095,0,1,1
113.1214,8767,87901549,4095,0,0,0
113.1337,8768,87911549,4095,0,1,1
113.1414,8769,87921548,4095,0,0,0
113.1506,8770,87931548,4095,0,1,1
113.1607,8771,87941549,4095,0,0,0
113.1708,8772,87951549,4095,0,1,1
113.1805,8773,87961548,4095,0,0,0
113.1906,8774,87971549,4095,0,1,1
113.2008,8775,87981548,4095,0,0,0
113.2127,8776,87991549,4095,0,1,1
113.2229,8777,88001549,4095,0,0,0
113.2345,8778,88011549,4095,0,1,1
113.2447,8779,88021549,4095,0,0,0
113.2528,8780,88031549,4095,0,1,1
113.2640,8781,88041549,4095,0,0,0
113.2728,8782,88051549,4095,0,1,1
113.2834,8783,88061549,4095,0,0,0
113.2942,8784,88071549,4095,0,1,1
113.3039,8785,88081549,4095,0,0,0
113.3144,8786,88091549,4095,0,1,1
113.3237,8787,88101549,4095,0,0,0
113.3347,8788,88111549,4095,0,1,1
113.3439,8789,88121548,4095,0,0,0
113.3537,8790,88131549,4095,0,1,1
113.3629,8791,88141549,4095,0,0,0
113.3711,8792,88151549,4095,0,1,1
113.3809,8793,88161549,4095,0,0,0
113.3909,8794,88171549,4095,0,1,1
113.4009,8795,88181549,4095,0,0,0
113.4108,8796,88191548,4095,0,1,1
113.4213,8797,88201549,4095,0,0,0
113.4311,8798,88211549,4095,0,1,1
113.4442,8799,88221549,4095,0,0,0
113.4515,8800,88231549,4095,0,1,1
113.4656,8801,88241549,4095,0,0,0
113.4715,8802,88251549,4095,0,1,1
113.4837,8803,88261549,4095,0,0,0
113.4972,8804,88271549,4095,0,1,1
113.5053,8805,88281549,4095,0,0,0
113.5119,8806,88291549,4095,0,1,1
113.5238,8807,88301549,4095,0,0,0
113.5342,8808,88311549,4095,0,1,1
113.5432,8809,88321549,4095,0,0,0
113.5514,8810,88331549,4095,0,1,1
113.5622,8811,88341549,4095,0,0,0
113.5707,8812,88351549,4095,0,1,1
113.5805,8813,88361549,4095,0,0,0
113.5908,8814,88371549,4095,0,1,1
113.6011,8815,88381548,4095,0,0,0
113.6111,8816,88391549,4095,0,1,1
113.6222,8817,88401549,4095,0,0,0
113.6348,8818,88411549,4095,0,1,1
113.6430,8819,88421549,4095,0,0,0
113.6552,8820,88431549,4095,0,1,1
113.6616,8821,88441549,4095,0,0,0
113.6714,8822,88451549,4095,0,1,1
113.6832,8823,88461549,4095,0,0,0
113.6914,8824,88471549,4095,0,1,1
113.7008,8825,88481549,4095,0,0,0
113.7149,8826,88491549,4095,0,1,1
113.7260,8827,88501549,4095,0,0,0
113.7307,8828,88511549,4095,0,1,1
113.7409,8829,88521549,4095,0,0,0
113.7504,8830,88531549,4095,0,1,1
113.7605,8831,88541548,4095,0,0,0
113.7706,8832,88551549,4095,0,1,1
113.7805,8833,88561549,4095,0,0,0
113.7905,8834,88571549,4095,0,1,1
113.8007,8835,88581549,4095,0,0,0
113.8125,8836,88591549,4095,0,1,1
113.8216,8837,88601549,4095,0,0,0
113.8319,8838,88611549,4095,0,1,1
113.8444,8839,88621549,4095,0,0,0
113.8548,8840,88631549,4095,0,1,1
113.8608,8841,88641549,4095,0,0,0
113.8729,8842,88651549,4095,0,1,1
113.8817,8843,88661549,4095,0,0,0
113.8942,8844,88671549,4095,0,1,1
113.9062,8845,88681549,4095,0,0,0
113.9130,8846,88691549,4095,0,1,1
113.9209,8847,88701548,4095,0,0,0
113.9308,8848,88711548,4095,0,1,1
113.9410,8849,88721549,4095,0,0,0
113.9510,8850,88731549,4095,0,1,1
113.9610,8851,88741548,4095,0,0,0
113.9714,8852,88751549,4095,0,1,1
113.9815,8853,88761549,4095,0,0,0
113.9922,8854,88771549,4095,0,1,1
114.0044,8855,88781549,4095,0,0,0
114.0110,8856,88791549,4095,0,0,0
114.0254,8857,88801549,4095,0,1,1
114.0330,8858,88811549,4095,0,0,0
114.0447,8859,88821549,4095,0,1,1
114.0528,8860,88831549,4095,0,0,0
114.0639,8861,88841549,4095,0,1,1
114.0738,8862,88851549,4095,0,0,0
114.0876,8863,88861549,4095,0,1,1
114.0907,8864,88871549,4095,0,0,0
114.1028,8865,88881549,4095,0,1,1
114.1140,8866,88891549,4095,0,0,0
114.1208,8867,88901549,4095,0,1,1
114.1307,8868,88911549,4095,0,0,0
114.1410,8869,88921548,4095,0,1,1
114.1510,8870,88931549,4095,0,0,0
114.1613,8871,88941549,4095,0,1,1
114.1720,8872,88951549,4095,0,0,0
114.1809,8873,88961549,4095,0,1,1
114.1933,8874,88971549,4095,0,0,0
114.2044,8875,88981549,4095,0,1,1
114.2174,8876,88991549,4095,0,0,0
114.2283,8877,89001549,4095,0,1,1
114.2317,8878,89011549,4095,0,0,0
114.2432,8879,89021548,4095,0,1,1
114.2543,8880,89031549,4095,0,0,0
114.2673,8881,89041549,4095,0,1,1
114.2751,8882,89051549,4095,0,0,0
114.2836,8883,89061548,4095,0,1,1
114.2932,8884,89071549,4095,0,0,0
114.3032,8885,89081549,4095,0,1,1
114.3141,8886,89091549,4095,0,0,0
114.3250,8887,89101549,4095,0,1,1
114.3349,8888,89111549,4095,0,0,0
114.3425,8889,89121549,4095,0,1,1
114.3517,8890,89131549,4095,0,0,0
114.3610,8891,89141549,4095,0,1,1
114.3716,8892,89151549,4095,0,0,0
114.3813,8893,89161549,4095,0,1,1
114.3911,8894,89171549,4095,0,0,0
114.4011,8895,89181549,4095,0,1,1
114.4111,8896,89191549,4095,0,0,0
114.4256,8897,89201549,4095,0,1,1
114.4320,8898,89211549,4095,0,0,0
114.4507,8899,89221548,4095,0,1,1
114.4529,8900,89231549,4095,0,0,0
114.4646,8901,89241549,4095,0,1,1
114.4727,8902,89251549,4095,0,0,0
114.4844,8903,89261549,4095,0,1,1
114.4959,8904,89271549,4095,0,0,0
114.5059,8905,89281549,4095,0,1,1
114.5151,8906,89291549,4095,0,0,0
114.5250,8907,89301549,4095,0,1,1
114.5337,8908,89311549,4095,0,0,0
114.5450,8909,89321549,4095,0,1,1
114.5529,8910,89331549,4095,0,0,0
114.5652,8911,89341549,4095,0,1,1
114.5775,8912,89351549,4095,0,0,0
114.5850,8913,89361549,4095,0,1,1
114.5940,8914,89371549,4095,0,0,0
114.6022,8915,89381549,4095,0,1,1
114.6108,8916,89391549,4095,0,0,0
114.6222,8917,89401549,4095,0,1,1
114.6311,8918,89411549,4095,0,0,0
114.6407,8919,89421549,4095,0,1,1
114.6512,8920,89431549,4095,0,0,0
114.6611,8921,89441549,4095,0,1,1
114.6712,8922,89451549,4095,0,0,0
114.6814,8923,89461548,4095,0,1,1
114.6912,8924,89471549,4095,0,0,0
114.7053,8925,89481549,4095,0,1,1
114.7161,8926,89491549,4095,0,0,0
114.7214,8927,89501549,4095,0,1,1
114.7335,8928,89511549,4095,0,0,0
114.7463,8929,89521549,4095,0,1,1
114.7532,8930,89531549,4095,0,0,0
114.7636,8931,89541549,4095,0,1,1
114.7743,8932,89551549,4095,0,0,0
114.7843,8933,89561548,4095,0,1,1
114.7940,8934,89571549,4095,0,0,0
114.8009,8935,89581549,4095,0,1,1
114.8142,8936,89591549,4095,0,0,0
114.8248,8937,89601549,4095,0,1,1
114.8312,8938,89611549,4095,0,0,0
114.8408,8939,89621549,4095,0,1,1
114.8505,8940,89631549,4095,0,0,0
114.8606,8941,89641549,4095,0,1,1
114.8705,8942,89651549,4095,0,0,0
114.8810,8943,89661549,4095,0,1,1
114.8907,8944,89671549,4095,0,0,0
114.9009,8945,89681549,4095,0,1,1
114.9117,8946,89691549,4095,0,0,0
114.9217,8947,89701548,4095,0,1,1
114.9339,8948,89711549,4095,0,0,0
114.9428,8949,89721548,4095,0,1,1
114.9566,8950,89731549,4095,0,0,0
114.9615,8951,89741549,4095,0,1,1
114.9721,8952,89751549,4095,0,0,0
114.9845,8953,89761549,4095,0,1,1
114.9926,8954,89771549,4095,0,0,0
115.0039,8955,89781549,4095,0,1,1
115.0110,8956,89791549,4095,0,0,0
115.0206,8957,89801549,4095,0,1,1
115.0308,8958,89811549,4095,0,0,0
115.0411,8959,89821549,4095,0,1,1
115.0516,8960,89831549,4095,0,0,0
115.0614,8961,89841548,4095,0,1,1
115.0710,8962,89851549,4095,0,0,0
115.0840,8963,89861549,4095,0,1,1
115.0944,8964,89871549,4095,0,0,0
115.1074,8965,89881549,4095,0,1,1
115.1157,8966,89891549,4095,0,0,0
115.1213,8967,89901549,4095,0,1,1
115.1315,8968,89911549,4095,0,0,0
115.1444,8969,89921549,4095,0,1,1
115.1553,8970,89931549,4095,0,0,0
115.1654,8971,89941549,4095,0,1,1
115.1723,8972,89951549,4095,0,0,0
115.1844,8973,89961549,4095,0,1,1
115.1921,8974,89971549,4095,0,0,0
115.2042,8975,89981548,4095,0,1,1
115.2107,8976,89991549,4095,0,0,0
115.2209,8977,90001549,4095,0,1,1
115.2305,8978,90011549,4095,0,0,0
115.2417,8979,90021549,4095,0,1,1
115.2511,8980,90031549,4095,0,0,0
115.2605,8981,90041549,4095,0,1,1
115.2709,8982,90051549,4095,0,0,0
115.2817,8983,90061549,4095,0,1,1
115.2941,8984,90071549,4095,0,0,0
115.3050,8985,90081549,4095,0,1,1
115.3137,8986,90091549,4095,0,0,0
115.3231,8987,90101548,4095,0,1,1
115.3323,8988,90111549,4095,0,0,0
115.3417,8989,90121549,4095,0,1,1
115.3513,8990,90131549,4095,0,0,0
115.3610,8991,90141549,4095,0,1,1
115.3717,8992,90151549,4095,0,0,0
115.3810,8993,90161548,4095,0,1,1
115.3905,8994,90171549,4095,0,0,0
115.4008,8995,90181548,4095,0,1,1
115.4113,8996,90191549,4095,0,0,0
115.4220,8997,90201549,4095,0,1,1
115.4320,8998,90211549,4095,0,0,0
115.4454,8999,90221548,4095,0,1,1
115.4524,9000,90231549,4095,0,0,0
115.4674,9001,90241549,4095,0,1,1
115.4721,9002,90251549,4095,0,0,0
115.4900,9003,90261548,4095,0,1,1
115.4909,9004,90271549,4095,0,0,0
115.5032,9005,90281549,4095,0,1,1
115.5148,9006,90291549,4095,0,0,0
115.5254,9007,90301549,4095,0,1,1
115.5315,9008,90311549,4095,0,0,0
115.5443,9009,90321549,4095,0,1,1
115.5548,9010,90331549,4095,0,0,0
115.5633,9011,90341549,4095,0,1,1
115.5724,9012,90351549,4095,0,0,0
115.5849,9013,90361549,4095,0,1,1
115.5908,9014,90371549,4095,0,0,0
115.6010,9015,90381549,4095,0,1,1
115.6105,9016,90391549,4095,0,0,0
115.6209,9017,90401548,4095,0,1,1
115.6311,9018,90411549,4095,0,0,0
115.6415,9019,90421549,4095,0,1,1
115.6510,9020,90431549,4095,0,0,0
115.6627,9021,90441548,4095,0,1,1
115.6767,9022,90451549,4095,0,0,0
115.6825,9023,90461548,4095,0,1,1
115.6914,9024,90471549,4095,0,0,0
115.7050,9025,90481548,4095,0,1,1
115.7119,9026,90491549,4095,0,0,0
115.7232,9027,90501549,4095,0,1,1
115.7327,9028,90511549,4095,0,0,0
115.7451,9029,90521549,4095,0,1,1
115.7514,9030,90531549,4095,0,0,0
115.7617,9031,90541548,4095,0,1,1
115.7757,9032,90551549,4095,0,0,0
115.7828,9033,90561549,4095,0,1,1
115.7934,9034,90571549,4095,0,0,0
115.8009,9035,90581549,4095,0,1,1
115.8108,9036,90591549,4095,0,0,0
115.8209,9037,90601549,4095,0,1,1
115.8319,9038,90611549,4095,0,0,0
115.8413,9039,90621549,4095,0,1,1
115.8512,9040,90631549,4095,0,0,0
115.8653,9041,90641549,4095,0,1,1
115.8719,9042,90651549,4095,0,0,0
115.8818,9043,90661548,4095,0,1,1
115.8930,9044,90671549,4095,0,0,0
115.9014,9045,90681549,4095,0,1,1
115.9142,9046,90691549,4095,0,0,0
115.9243,9047,90701549,4095,0,1,1
115.9332,9048,90711549,4095,0,0,0
115.9441,9049,90721548,4095,0,1,1
115.9526,9050,90731548,4095,0,0,0
115.9617,9051,90741549,4095,0,1,1
115.9728,9052,90751549,4095,0,0,0
115.9810,9053,90761549,4095,0,1,1
115.9912,9054,90771549,4095,0,0,0
116.0015,9055,90781549,4095,0,1,1
116.0111,9056,90791549,4095,0,0,0
116.0208,9057,90801549,4095,0,1,1
116.0313,9058,90811549,4095,0,0,0
116.0474,9059,90821548,4095,0,1,1
116.0513,9060,90831548,4095,0,0,0
116.0618,9061,90841549,4095,0,1,1
116.0739,9062,90851549,4095,0,0,0
116.0831,9063,90861549,4095,0,1,1
116.0924,9064,90871549,4095,0,0,0
116.1036,9065,90881549,4095,0,1,1
116.1127,9066,90891549,4095,0,0,0
116.1224,9067,90901548,4095,0,1,1
116.1320,9068,90911549,4095,0,0,0
116.1464,9069,90921549,4095,0,1,1
116.1513,9070,90931549,4095,0,0,0
116.1638,9071,90941548,4095,0,1,1
116.1713,9072,90951549,4095,0,0,0
116.1808,9073,90961548,4095,0,1,1
116.1912,9074,90971549,4095,0,0,0
116.2005,9075,90981549,4095,0,1,1
116.2111,9076,90991549,4095,0,0,0
116.2206,9077,91001549,4095,0,1,1
116.2311,9078,91011549,4095,0,0,0
116.2424,9079,91021548,4095,0,1,1
116.2521,9080,91031549,4095,0,0,0
116.2649,9081,91041549,4095,0,1,1
116.2746,9082,91051549,4095,0,0,0
116.2839,9083,91061549,4095,0,1,1
116.2916,9084,91071549,4095,0,0,0
116.3042,9085,91081549,4095,0,1,1
116.3146,9086,91091549,4095,0,0,0
116.3215,9087,91101549,4095,0,1,1
116.3335,9088,91111549,4095,0,0,0
116.3408,9089,91121549,4095,0,1,1
116.3506,9090,91131549,4095,0,0,0
116.3610,9091,91141549,4095,0,1,1
116.3722,9092,91151549,4095,0,0,0
116.3805,9093,91161548,4095,0,1,1
116.3905,9094,91171549,4095,0,0,0
116.4014,9095,91181549,4095,0,1,1
116.4123,9096,91191549,4095,0,0,0
116.4233,9097,91201548,4095,0,1,1
116.4355,9098,91211549,4095,0,0,0
116.4425,9099,91221549,4095,0,1,1
116.4562,9100,91231549,4095,0,0,0
116.4640,9101,91241548,4095,0,1,1
116.4739,9102,91251549,4095,0,0,0
116.4838,9103,91261548,4095,0,1,1
116.4925,9104,91271549,4095,0,0,0
116.5022,9105,91281548,4095,0,1,1
116.5165,9106,91291549,4095,0,0,0
116.5222,9107,91301548,4095,0,1,1
116.5346,9108,91311549,4095,0,0,0
116.5408,9109,91321549,4095,0,1,1
116.5507,9110,91331549,4095,0,0,0
116.5605,9111,91341548,4095,0,1,1
116.5709,9112,91351549,4095,0,0,0
116.5810,9113,91361549,4095,0,1,1
116.5905,9114,91371549,4095,0,0,0
116.6016,9115,91381549,4095,0,1,1
116.6105,9116,91391549,4095,0,0,0
116.6237,9117,91401549,4095,0,1,1
116.6317,9118,91411549,4095,0,0,0
116.6441,9119,91421549,4095,0,1,1
116.6531,9120,91431549,4095,0,0,0
116.6610,9121,91441548,4095,0,1,1
116.6722,9122,91451549,4095,0,0,0
116.6829,9123,91461549,4095,0,1,1
116.6910,9124,91471549,4095,0,0,0
116.7010,9125,91481549,4095,0,1,1
116.7110,9126,91491549,4095,0,0,0
116.7215,9127,91501549,4095,0,1,1
116.7315,9128,91511549,4095,0,0,0
116.7414,9129,91521549,4095,0,1,1
116.7516,9130,91531549,4095,0,0,0
116.7616,9131,91541549,4095,0,1,1
116.7822,9132,91551549,4095,0,0,0
116.7846,9133,91561549,4095,0,1,1
116.7916,9134,91571549,4095,0,0,0
116.8056,9135,91581549,4095,0,1,1
116.8114,9136,91591549,4095,0,0,0
116.8252,9137,91601549,4095,0,1,1
116.8347,9138,91611548,4095,0,0,0
116.8429,9139,91621549,4095,0,1,1
116.8555,9140,91631549,4095,0,0,0
116.8645,9141,91641549,4095,0,1,1
116.8764,9142,91651549,4095,0,0,0
116.8827,9143,91661549,4095,0,1,1
116.8926,9144,91671549,4095,0,0,0
116.9010,9145,91681549,4095,0,1,1
116.9109,9146,91691549,4095,0,0,0
116.9208,9147,91701549,4095,0,1,1
116.9311,9148,91711549,4095,0,0,0
116.9410,9149,91721549,4095,0,1,1
116.9512,9150,91731549,4095,0,0,0
116.9615,9151,91741549,4095,0,1,1
116.9800,9152,91751549,4095,0,0,0
116.9831,9153,91761549,4095,0,1,1
116.9923,9154,91771549,4095,0,0,0
117.0016,9155,91781548,4095,0,1,1
117.0131,9156,91791549,4095,0,0,0
117.0254,9157,91801549,4095,0,1,1
117.0314,9158,91811549,4095,0,0,0
117.0459,9159,91821549,4095,0,1,1
117.0566,9160,91831549,4095,0,0,0
117.0615,9161,91841549,4095,0,1,1
117.0732,9162,91851549,4095,0,0,0
117.0826,9163,91861548,4095,0,1,1
117.0934,9164,91871549,4095,0,0,0
117.1039,9165,91881548,4095,0,1,1
117.1111,9166,91891549,4095,0,0,0
117.1209,9167,91901549,4095,0,1,1
117.1314,9168,91911549,4095,0,0,0
117.1416,9169,91921549,4095,0,1,1
117.1521,9170,91931549,4095,0,0,0
117.1616,9171,91941549,4095,0,1,1
117.1787,9172,91951549,4095,0,0,0
117.1826,9173,91961549,4095,0,1,1
117.1923,9174,91971549,4095,0,0,0
117.2015,9175,91981549,4095,0,1,1
117.2134,9176,91991549,4095,0,0,0
117.2212,9177,92001549,4095,0,1,1
117.2360,9178,92011549,4095,0,0,0
117.2427,9179,92021549,4095,0,1,1
117.2551,9180,92031549,4095,0,0,0
117.2631,9181,92041549,4095,0,1,1
117.2742,9182,92051549,4095,0,0,0
117.2816,9183,92061549,4095,0,1,1
117.2908,9184,92071549,4095,0,0,0
117.3008,9185,92081549,4095,0,1,1
117.3105,9186,92091549,4095,0,0,0
117.3207,9187,92101549,4095,0,1,1
117.3311,9188,92111549,4095,0,0,0
117.3409,9189,92121549,4095,0,1,1
117.3524,9190,92131549,4095,0,0,0
117.3642,9191,92141549,4095,0,1,1
117.3729,9192,92151549,4095,0,0,0
117.3813,9193,92161549,4095,0,1,1
117.3926,9194,92171549,4095,0,0,0
117.4033,9195,92181548,4095,0,1,1
117.4122,9196,92191549,4095,0,0,0
117.4242,9197,92201549,4095,0,1,1
117.4311,9198,92211549,4095,0,0,0
117.4413,9199,92221549,4095,0,1,1
117.4509,9200,92231549,4095,0,0,0
117.4616,9201,92241548,4095,0,1,1
117.4714,9202,92251549,4095,0,0,0
117.4807,9203,92261549,4095,0,1,1
117.4909,9204,92271549,4095,0,0,0
117.5014,9205,92281548,4095,0,1,1
117.5126,9206,92291549,4095,0,0,0
117.5228,9207,92301549,4095,0,1,1
117.5329,9208,92311549,4095,0,0,0
117.5440,9209,92321549,4095,0,1,1
117.5536,9210,92331549,4095,0,0,0
117.5615,9211,92341549,4095,0,0,0
117.5709,9212,92351549,4095,0,0,0
117.5806,9213,92361549,4095,0,0,0
117.5906,9214,92371549,4095,0,1,1
117.6017,9215,92381549,4095,0,0,0
117.6122,9216,92391549,4095,0,1,1
117.6213,9217,92401549,4095,0,0,0
117.6309,9218,92411549,4095,0,1,1
117.6408,9219,92421549,4095,0,0,0
117.6512,9220,92431549,4095,0,1,1
117.6625,9221,92441549,4095,0,0,0
117.6714,9222,92451549,4095,0,1,1
117.6810,9223,92461549,4095,0,0,0
117.6917,9224,92471549,4095,0,1,1
117.7006,9225,92481549,4095,0,0,0
117.7110,9226,92491549,4095,0,1,1
117.7206,9227,92501548,4095,0,0,0
117.7311,9228,92511549,4095,0,1,1
117.7411,9229,92521549,4095,0,0,0
117.7508,9230,92531549,4095,0,1,1
117.7610,9231,92541548,4095,0,0,0
117.7740,9232,92551548,4095,0,1,1
117.7836,9233,92561549,4095,0,0,0
117.7928,9234,92571549,4095,0,1,1
117.8050,9235,92581549,4095,0,0,0
117.8141,9236,92591549,4095,0,1,1
117.8226,9237,92601549,4095,0,0,0
117.8340,9238,92611549,4095,0,1,1
117.8454,9239,92621549,4095,0,0,0
117.8552,9240,92631549,4095,0,1,1
117.8619,9241,92641549,4095,0,0,0
117.8732,9242,92651549,4095,0,1,1
117.8824,9243,92661549,4095,0,0,0
117.8907,9244,92671549,4095,0,1,1
117.9014,9245,92681548,4095,0,0,0
117.9114,9246,92691549,4095,0,1,1
117.9213,9247,92701549,4095,0,0,0
117.9313,9248,92711549,4095,0,1,1
117.9406,9249,92721549,4095,0,0,0
117.9514,9250,92731549,4095,0,1,1
117.9630,9251,92741549,4095,0,0,0
117.9759,9252,92751549,4095,0,1,1
117.9829,9253,92761549,4095,0,0,0
117.9930,9254,92771549,4095,0,1,1
118.0063,9255,92781549,4095,0,0,0
118.0156,9256,92791549,4095,0,1,1
118.0216,9257,92801548,4095,0,0,0
118.0356,9258,92811549,4095,0,1,1
118.0446,9259,92821549,4095,0,0,0
118.0528,9260,92831549,4095,0,1,1
118.0618,9261,92841549,4095,0,0,0
118.0760,9262,92851549,4095,0,1,1
118.0809,9263,92861548,4095,0,0,0
118.0908,9264,92871549,4095,0,1,1
118.1009,9265,92881549,4095,0,0,0
118.1108,9266,92891549,4095,0,1,1
118.1211,9267,92901549,4095,0,0,0
118.1311,9268,92911549,4095,0,1,1
118.1428,9269,92921548,4095,0,0,0
118.1550,9270,92931548,4095,0,1,1
118.1635,9271,92941549,4095,0,0,0
118.1719,9272,92951549,4095,0,1,1
118.1826,9273,92961549,4095,0,0,0
118.1935,9274,92971549,4095,0,1,1
118.2035,9275,92981548,4095,0,0,0
118.2140,9276,92991549,4095,0,1,1
118.2276,9277,93001549,4095,0,0,0
118.2320,9278,93011549,4095,0,1,1
118.2456,9279,93021549,4095,0,0,0
118.2535,9280,93031549,4095,0,1,1
118.2638,9281,93041549,4095,0,0,0
118.2744,9282,93051549,4095,0,1,1
118.2813,9283,93061549,4095,0,0,0
118.2908,9284,93071549,4095,0,1,1
118.3010,9285,93081549,4095,0,0,0
118.3111,9286,93091549,4095,0,1,1
118.3205,9287,93101549,4095,0,0,0
118.3308,9288,93111549,4095,0,1,1
118.3408,9289,93121549,4095,0,0,0
118.3511,9290,93131549,4095,0,1,1
118.3620,9291,93141549,4095,0,0,0
118.3729,9292,93151549,4095,0,1,1
118.3833,9293,93161549,4095,0,0,0
118.3921,9294,93171549,4095,0,1,1
118.4021,9295,93181549,4095,0,0,0
118.4136,9296,93191549,4095,0,1,1
118.4226,9297,93201549,4095,0,0,0
118.4312,9298,93211549,4095,0,1,1
118.4445,9299,93221549,4095,0,0,0
118.4548,9300,93231549,4095,0,1,1
118.4607,9301,93241548,4095,0,0,0
118.4708,9302,93251549,4095,0,1,1
118.4811,9303,93261549,4095,0,0,0
118.4912,9304,93271549,4095,0,1,1
118.5007,9305,93281549,4095,0,0,0
118.5120,9306,93291549,4095,0,1,1
118.5228,9307,93301549,4095,0,0,0
118.5323,9308,93311549,4095,0,1,1
118.5438,9309,93321549,4095,0,0,0
118.5523,9310,93331549,4095,0,1,1
118.5643,9311,93341549,4095,0,0,0
118.5750,9312,93351549,4095,0,1,1
118.5824,9313,93361548,4095,0,0,0
118.5933,9314,93371549,4095,0,1,1
118.6037,9315,93381549,4095,0,0,0
118.6124,9316,93391549,4095,0,1,1
118.6232,9317,93401549,4095,0,0,0
118.6307,9318,93411549,4095,0,1,1
118.6405,9319,93421549,4095,0,0,0
118.6510,9320,93431549,4095,0,1,1
118.6609,9321,93441548,4095,0,0,0
118.6711,9322,93451549,4095,0,1,1
118.6808,9323,93461549,4095,0,0,0
118.6931,9324,93471549,4095,0,1,1
118.7038,9325,93481549,4095,0,0,0
118.7146,9326,93491549,4095,0,1,1
118.7228,9327,93501549,4095,0,0,0
118.7317,9328,93511549,4095,0,1,1
118.7432,9329,93521549,4095,0,0,0
118.7530,9330,93531549,4095,0,1,1
118.7626,9331,93541548,4095,0,0,0
118.7747,9332,93551549,4095,0,1,1
118.7837,9333,93561549,4095,0,0,0
118.7931,9334,93571549,4095,0,1,1
118.8009,9335,93581548,4095,0,0,0
118.8108,9336,93591549,4095,0,1,1
118.8209,9337,93601548,4095,0,0,0
118.8310,9338,93611549,4095,0,1,1
118.8407,9339,93621548,4095,0,0,0
118.8509,9340,93631549,4095,0,1,1
118.8610,9341,93641549,4095,0,0,0
118.8736,9342,93651549,4095,0,1,1
118.8848,9343,93661548,4095,0,0,0
118.8915,9344,93671549,4095,0,1,1
118.9072,9345,93681548,4095,0,0,0
118.9125,9346,93691549,4095,0,1,1
118.9240,9347,93701549,4095,0,0,0
118.9355,9348,93711549,4095,0,1,1
118.9431,9349,93721549,4095,0,0,0
118.9556,9350,93731549,4095,0,1,1
118.9644,9351,93741549,4095,0,0,0
118.9772,9352,93751549,4095,0,1,1
118.9808,9353,93761549,4095,0,0,0
118.9909,9354,93771549,4095,0,1,1
119.0009,9355,93781548,4095,0,0,0
119.0109,9356,93791549,4095,0,1,1
119.0207,9357,93801549,4095,0,0,0
119.0310,9358,93811549,4095,0,1,1
119.0408,9359,93821548,4095,0,0,0
119.0508,9360,93831549,4095,0,1,1
119.0615,9361,93841548,4095,0,0,0
119.0732,9362,93851549,4095,0,1,1
119.0831,9363,93861549,4095,0,0,0
119.0991,9364,93871549,4095,0,1,1
119.1030,9365,93881549,4095,0,0,0
119.1144,9366,93891549,4095,0,1,1
119.1230,9367,93901549,4095,0,0,0
119.1355,9368,93911549,4095,0,1,1
119.1460,9369,93921549,4095,0,0,0
119.1541,9370,93931549,4095,0,1,1
119.1611,9371,93941549,4095,0,0,0
119.1709,9372,93951549,4095,0,1,1
119.1809,9373,93961549,4095,0,0,0
119.1908,9374,93971549,4095,0,1,1
119.2009,9375,93981548,4095,0,0,0
119.2104,9376,93991549,4095,0,1,1
119.2209,9377,94001549,4095,0,0,0
119.2319,9378,94011549,4095,0,1,1
119.2417,9379,94021548,4095,0,0,0
119.2540,9380,94031549,4095,0,1,1
119.2637,9381,94041549,4095,0,0,0
119.2740,9382,94051549,4095,0,1,1
119.2837,9383,94061549,4095,0,0,0
119.2932,9384,94071549,4095,0,1,1
119.3051,9385,94081549,4095,0,0,0
119.3119,9386,94091549,4095,0,1,1
119.3216,9387,94101548,4095,0,0,0
119.3309,9388,94111548,4095,0,1,1
119.3405,9389,94121549,4095,0,0,0
119.3508,9390,94131549,4095,0,1,1
119.3607,9391,94141549,4095,0,0,0
119.3706,9392,94151549,4095,0,1,1
119.3808,9393,94161548,4095,0,0,0
119.3908,9394,94171549,4095,0,1,1
119.4014,9395,94181548,4095,0,0,0
119.4146,9396,94191549,4095,0,1,1
119.4253,9397,94201549,4095,0,0,0
119.4339,9398,94211549,4095,0,1,1
119.4411,9399,94221549,4095,0,0,0
119.4537,9400,94231549,4095,0,1,1
119.4612,9401,94241549,4095,0,0,0
119.4738,9402,94251549,4095,0,1,1
119.4809,9403,94261549,4095,0,0,0
119.4913,9404,94271549,4095,0,1,1
119.5004,9405,94281549,4095,0,0,0
119.5107,9406,94291549,4095,0,1,1
119.5210,9407,94301549,4095,0,0,0
119.5309,9408,94311549,4095,0,1,1
119.5420,9409,94321549,4095,0,0,0
119.5517,9410,94331549,4095,0,1,1
119.5641,9411,94341548,4095,0,0,0
119.5743,9412,94351549,4095,0,1,1
119.5839,9413,94361549,4095,0,0,0
119.5943,9414,94371549,4095,0,1,1
119.6055,9415,94381549,4095,0,0,0
119.6114,9416,94391549,4095,0,1,1
119.6219,9417,94401549,4095,0,0,0
119.6335,9418,94411549,4095,0,1,1
119.6448,9419,94421549,4095,0,0,0
119.6507,9420,94431549,4095,0,1,1
119.6609,9421,94441549,4095,0,0,0
119.6708,9422,94451549,4095,0,1,1
119.6808,9423,94461549,4095,0,0,0
119.6908,9424,94471549,4095,0,1,1
119.7009,9425,94481549,4095,0,0,0
119.7126,9426,94491549,4095,0,1,1
119.7220,9427,94501548,4095,0,0,0
119.7335,9428,94511549,4095,0,1,1
119.7445,9429,94521549,4095,0,0,0
119.7516,9430,94531549,4095,0,1,1
119.7643,9431,94541548,4095,0,0,0
119.7737,9432,94551549,4095,0,1,1
119.7815,9433,94561548,4095,0,0,0
119.7921,9434,94571549,4095,0,1,1
119.8019,9435,94581548,4095,0,0,0
119.8147,9436,94591549,4095,0,1,1
119.8229,9437,94601549,4095,0,0,0
119.8307,9438,94611549,4095,0,1,1
119.8406,9439,94621548,4095,0,0,0
119.8509,9440,94631549,4095,0,1,1
119.8611,9441,94641549,4095,0,0,0
119.8707,9442,94651549,4095,0,1,1
119.8811,9443,94661548,4095,0,0,0
119.8919,9444,94671549,4095,0,1,1
119.9024,9445,94681549,4095,0,0,0
119.9129,9446,94691549,4095,0,1,1
119.9251,9447,94701549,4095,0,0,0
119.9342,9448,94711549,4095,0,1,1
119.9417,9449,94721549,4095,0,0,0
119.9519,9450,94731549,4095,0,1,1
119.9637,9451,94741549,4095,0,0,0
119.9761,9452,94751549,4095,0,1,1
119.9810,9453,94761549,4095,0,0,0
119.9908,9454,94771549,4095,0,1,1
120.0009,9455,94781548,4095,0,0,0
120.0110,9456,94791549,4095,0,1,1
120.0205,9457,94801548,4095,0,0,0
120.0310,9458,94811548,4095,0,1,1
120.0410,9459,94821549,4095,0,0,0
120.0510,9460,94831549,4095,0,1,1
120.0622,9461,94841549,4095,0,0,0
120.0713,9462,94851549,4095,0,1,1
120.0816,9463,94861549,4095,0,0,0
120.0947,9464,94871549,4095,0,1,1
120.1041,9465,94881548,4095,0,0,0
120.1115,9466,94891549,4095,0,1,1
120.1233,9467,94901549,4095,0,0,0
120.1337,9468,94911549,4095,0,1,1
120.1446,9469,94921548,4095,0,0,0
120.1533,9470,94931549,4095,0,1,1
120.1617,9471,94941548,4095,0,0,0
120.1707,9472,94951549,4095,0,1,1
120.1808,9473,94961549,4095,0,0,0
120.1905,9474,94971549,4095,0,1,1
120.2010,9475,94981548,4095,0,0,0
120.2107,9476,94991549,4095,0,1,1
120.2209,9477,95001549,4095,0,0,0
120.2305,9478,95011549,4095,0,1,1
120.2460,9479,95021548,4095,0,0,0
120.2519,9480,95031549,4095,0,1,1
120.2614,9481,95041549,4095,0,0,0
120.2753,9482,95051549,4095,0,1,1
120.2846,9483,95061548,4095,0,0,0
120.2922,9484,95071549,4095,0,1,1
120.3043,9485,95081549,4095,0,0,0
120.3122,9486,95091549,4095,0,1,1
120.3234,9487,95101549,4095,0,0,0
120.3327,9488,95111549,4095,0,1,1
120.3421,9489,95121549,4095,0,0,0
120.3512,9490,95131549,4095,0,1,1
120.3607,9491,95141549,4095,0,0,0
120.3709,9492,95151549,4095,0,1,1
120.3808,9493,95161549,4095,0,0,0
120.3905,9494,95171549,4095,0,1,1
120.4005,9495,95181548,4095,0,0,0
120.4106,9496,95191549,4095,0,1,1
120.4219,9497,95201549,4095,0,0,0
120.4336,9498,95211549,4095,0,1,1
120.4440,9499,95221549,4095,0,0,0
120.4518,9500,95231549,4095,0,1,1
120.4644,9501,95241548,4095,0,0,0
120.4755,9502,95251548,4095,0,1,1
120.4818,9503,95261549,4095,0,0,0
120.4938,9504,95271549,4095,0,1,1
120.5060,9505,95281549,4095,0,0,0
120.5138,9506,95291549,4095,0,1,1
120.5231,9507,95301549,4095,0,0,0
120.5318,9508,95311549,4095,0,1,1
120.5411,9509,95321549,4095,0,0,0
120.5508,9510,95331549,4095,0,1,1
120.5610,9511,95341549,4095,0,0,0
120.5709,9512,95351549,4095,0,1,1
120.5811,9513,95361549,4095,0,0,0
120.5910,9514,95371549,4095,0,1,1
120.6010,9515,95381549,4095,0,0,0
120.6115,9516,95391549,4095,0,1,1
120.6214,9517,95401549,4095,0,0,0
120.6369,9518,95411549,4095,0,1,1
120.6441,9519,95421548,4095,0,0,0
120.6531,9520,95431549,4095,0,1,1
120.6659,9521,95441549,4095,0,0,0
120.6711,9522,95451549,4095,0,1,1
120.6821,9523,95461549,4095,0,0,0
120.6920,9524,95471549,4095,0,1,1
120.7041,9525,95481548,4095,0,0,0
120.7119,9526,95491549,4095,0,1,1
120.7209,9527,95501549,4095,0,0,0
120.7308,9528,95511549,4095,0,1,1
120.7410,9529,95521548,4095,0,0,0
120.7509,9530,95531549,4095,0,1,1
120.7606,9531,95541549,4095,0,0,0
120.7710,9532,95551549,4095,0,0,0
120.7810,9533,95561549,4095,0,1,1
120.7933,9534,95571549,4095,0,0,0
120.8037,9535,95581549,4095,0,1,1
120.8153,9536,95591549,4095,0,0,0
120.8248,9537,95601549,4095,0,1,1
120.8328,9538,95611549,4095,0,0,0
120.8447,9539,95621549,4095,0,1,1
120.8551,9540,95631549,4095,0,0,0
120.8638,9541,95641549,4095,0,1,1
120.8739,9542,95651549,4095,0,0,0
120.8840,9543,95661548,4095,0,1,1
120.8920,9544,95671549,4095,0,0,0
120.9051,9545,95681548,4095,0,1,1
120.9109,9546,95691549,4095,0,0,0
120.9208,9547,95701549,4095,0,1,1
120.9310,9548,95711549,4095,0,0,0
120.9410,9549,95721548,4095,0,1,1
120.9508,9550,95731549,4095,0,0,0
120.9605,9551,95741548,4095,0,1,1
120.9704,9552,95751549,4095,0,0,0
120.9824,9553,95761549,4095,0,1,1
120.9952,9554,95771549,4095,0,0,0
121.0031,9555,95781549,4095,0,1,1
121.0141,9556,95791549,4095,0,0,0
121.0230,9557,95801549,4095,0,1,1
121.0341,9558,95811549,4095,0,0,0
121.0425,9559,95821548,4095,0,1,1
121.0519,9560,95831548,4095,0,0,0
121.0643,9561,95841549,4095,0,1,1
121.0754,9562,95851549,4095,0,0,0
121.0805,9563,95861549,4095,0,1,1
121.0908,9564,95871549,4095,0,0,0
121.1010,9565,95881549,4095,0,1,1
121.1109,9566,95891549,4095,0,0,0
121.1210,9567,95901549,4095,0,1,1
121.1310,9568,95911549,4095,0,0,0
121.1410,9569,95921548,4095,0,1,1
121.1517,9570,95931549,4095,0,0,0
121.1626,9571,95941549,4095,0,1,1
121.1743,9572,95951549,4095,0,0,0
121.1808,9573,95961549,4095,0,1,1
121.1915,9574,95971549,4095,0,0,0
121.2058,9575,95981549,4095,0,1,1
121.2144,9576,95991549,4095,0,0,0
121.2254,9577,96001549,4095,0,1,1
121.2334,9578,96011549,4095,0,0,0
121.2455,9579,96021549,4095,0,1,1
121.2508,9580,96031549,4095,0,0,0
121.2608,9581,96041549,4095,0,1,1
121.2711,9582,96051549,4095,0,0,0
121.2808,9583,96061549,4095,0,1,1
121.2911,9584,96071549,4095,0,0,0
121.3010,9585,96081549,4095,0,1,1
121.3150,9586,96091549,4095,0,0,0
121.3220,9587,96101549,4095,0,1,1
121.3344,9588,96111549,4095,0,0,0
121.3416,9589,96121548,4095,0,1,1
121.3540,9590,96131549,4095,0,0,0
121.3643,9591,96141549,4095,0,1,1
121.3740,9592,96151549,4095,0,0,0
121.3825,9593,96161549,4095,0,1,1
121.3934,9594,96171549,4095,0,0,0
121.4019,9595,96181549,4095,0,1,1
121.4146,9596,96191549,4095,0,0,0
121.4239,9597,96201548,4095,0,1,1
121.4308,9598,96211549,4095,0,0,0
121.4408,9599,96221549,4095,0,1,1
121.4508,9600,96231549,4095,0,0,0
121.4608,9601,96241549,4095,0,1,1
121.4710,9602,96251549,4095,0,0,0
121.4807,9603,96261549,4095,0,1,1
121.4905,9604,96271549,4095,0,0,0
121.5015,9605,96281549,4095,0,1,1
121.5118,9606,96291549,4095,0,0,0
121.5217,9607,96301549,4095,0,1,1
121.5342,9608,96311549,4095,0,0,0
121.5445,9609,96321548,4095,0,1,1
121.5520,9610,96331549,4095,0,0,0
121.5631,9611,96341549,4095,0,1,1
121.5759,9612,96351549,4095,0,0,0
121.5849,9613,96361548,4095,0,1,1
121.5931,9614,96371549,4095,0,0,0
121.6012,9615,96381549,4095,0,1,1
121.6149,9616,96391549,4095,0,0,0
121.6206,9617,96401548,4095,0,1,1
121.6310,9618,96411549,4095,0,0,0
121.6405,9619,96421549,4095,0,1,1
121.6510,9620,96431549,4095,0,0,0
121.6611,9621,96441549,4095,0,1,1
121.6708,9622,96451549,4095,0,0,0
121.6808,9623,96461548,4095,0,1,1
121.6912,9624,96471549,4095,0,0,0
121.7015,9625,96481549,4095,0,1,1
121.7143,9626,96491549,4095,0,0,0
121.7239,9627,96501549,4095,0,1,1
121.7347,9628,96511549,4095,0,0,0
121.7417,9629,96521549,4095,0,1,1
121.7513,9630,96531549,4095,0,0,0
121.7641,9631,96541548,4095,0,1,1
121.7707,9632,96551549,4095,0,0,0
121.7811,9633,96561549,4095,0,1,1
121.7911,9634,96571549,4095,0,0,0
121.8014,9635,96581549,4095,0,1,1
121.8120,9636,96591549,4095,0,0,0
121.8213,9637,96601549,4095,0,1,1
121.8317,9638,96611549,4095,0,0,0
121.8438,9639,96621549,4095,0,1,1
121.8515,9640,96631549,4095,0,0,0
121.8639,9641,96641548,4095,0,1,1
121.8741,9642,96651549,4095,0,0,0
121.8814,9643,96661549,4095,0,1,1
121.8939,9644,96671549,4095,0,0,0
121.9075,9645,96681549,4095,0,1,1
121.9142,9646,96691549,4095,0,0,0
121.9237,9647,96701549,4095,0,1,1
121.9359,9648,96711549,4095,0,0,0
121.9427,9649,96721549,4095,0,1,1
121.9511,9650,96731549,4095,0,0,0
121.9609,9651,96741549,4095,0,1,1
121.9715,9652,96751549,4095,0,0,0
121.9812,9653,96761549,4095,0,1,1
121.9908,9654,96771549,4095,0,0,0
122.0015,9655,96781548,4095,0,1,1
122.0114,9656,96791549,4095,0,0,0
122.0218,9657,96801549,4095,0,1,1
122.0310,9658,96811549,4095,0,0,0
122.0420,9659,96821548,4095,0,1,1
122.0530,9660,96831549,4095,0,0,0
122.0642,9661,96841549,4095,0,1,1
122.0716,9662,96851549,4095,0,0,0
122.0832,9663,96861549,4095,0,1,1
122.0924,9664,96871549,4095,0,0,0
122.1022,9665,96881549,4095,0,1,1
122.1145,9666,96891549,4095,0,0,0
122.1207,9667,96901548,4095,0,1,1
122.1309,9668,96911549,4095,0,0,0
122.1410,9669,96921549,4095,0,1,1
122.1512,9670,96931549,4095,0,0,0
122.1613,9671,96941548,4095,0,1,1
122.1718,9672,96951548,4095,0,0,0
122.1820,9673,96961549,4095,0,1,1
122.1923,9674,96971549,4095,0,0,0
122.2024,9675,96981549,4095,0,1,1
122.2117,9676,96991549,4095,0,0,0
122.2225,9677,97001548,4095,0,1,1
122.2359,9678,97011549,4095,0,0,0
122.2448,9679,97021549,4095,0,1,1
122.2555,9680,97031549,4095,0,0,0
122.2647,9681,97041548,4095,0,1,1
122.2726,9682,97051548,4095,0,0,0
122.2837,9683,97061549,4095,0,1,1
122.2908,9684,97071549,4095,0,0,0
122.3010,9685,97081549,4095,0,1,1
122.3112,9686,97091549,4095,0,0,0
122.3214,9687,97101548,4095,0,1,1
122.3313,9688,97111549,4095,0,0,0
122.3411,9689,97121549,4095,0,1,1
122.3507,9690,97131549,4095,0,0,0
122.3623,9691,97141549,4095,0,1,1
122.3713,9692,97151549,4095,0,0,0
122.3828,9693,97161549,4095,0,1,1
122.3915,9694,97171549,4095,0,0,0
122.4040,9695,97181549,4095,0,1,1
122.4137,9696,97191549,4095,0,0,0
122.4236,9697,97201548,4095,0,1,1
122.4340,9698,97211549,4095,0,0,0
122.4430,9699,97221549,4095,0,1,1
122.4515,9700,97231549,4095,0,0,0
122.4607,9701,97241549,4095,0,1,1
122.4710,9702,97251549,4095,0,0,0
122.4821,9703,97261549,4095,0,1,1
122.4911,9704,97271549,4095,0,0,0
122.5012,9705,97281549,4095,0,1,1
122.5106,9706,97291549,4095,0,0,0
122.5212,9707,97301549,4095,0,1,1
122.5310,9708,97311549,4095,0,0,0
122.5412,9709,97321548,4095,0,1,1
122.5514,9710,97331549,4095,0,0,0
122.5612,9711,97341549,4095,0,1,1
122.5713,9712,97351549,4095,0,0,0
122.5827,9713,97361549,4095,0,1,1
122.5933,9714,97371549,4095,0,0,0
122.6015,9715,97381549,4095,0,1,1
122.6107,9716,97391549,4095,0,0,0
122.6215,9717,97401549,4095,0,1,1
122.6306,9718,97411549,4095,0,0,0
122.6405,9719,97421549,4095,0,1,1
122.6507,9720,97431549,4095,0,0,0
122.6610,9721,97441548,4095,0,1,1
122.6740,9722,97451549,4095,0,0,0
122.6836,9723,97461549,4095,0,1,1
122.6937,9724,97471549,4095,0,0,0
122.7036,9725,97481549,4095,0,1,1
122.7115,9726,97491549,4095,0,0,0
122.7238,9727,97501549,4095,0,1,1
122.7357,9728,97511549,4095,0,0,0
122.7428,9729,97521549,4095,0,1,1
122.7524,9730,97531549,4095,0,0,0
122.7696,9731,97541548,4095,0,1,1
122.7847,9732,97551549,4095,0,0,0
122.7888,9733,97561549,4095,0,1,1
122.7927,9734,97571549,4095,0,0,0
122.8024,9735,97581549,4095,0,1,1
122.8109,9736,97591549,4095,0,0,0
122.8210,9737,97601549,4095,0,1,1
122.8315,9738,97611549,4095,0,0,0
122.8423,9739,97621548,4095,0,1,1
122.8513,9740,97631549,4095,0,0,0
122.8614,9741,97641549,4095,0,1,1
122.8783,9742,97651549,4095,0,0,0
122.8827,9743,97661548,4095,0,1,1
122.8924,9744,97671549,4095,0,0,0
122.9014,9745,97681548,4095,0,1,1
122.9168,9746,97691549,4095,0,0,0
122.9209,9747,97701549,4095,0,1,1
122.9341,9748,97711549,4095,0,0,0
122.9416,9749,97721549,4095,0,1,1
122.9526,9750,97731549,4095,0,0,0
122.9645,9751,97741548,4095,0,1,1
122.9766,9752,97751549,4095,0,0,0
122.9816,9753,97761549,4095,0,1,1
122.9923,9754,97771549,4095,0,0,0
123.0048,9755,97781549,4095,0,1,1
123.0109,9756,97791549,4095,0,0,0
123.0213,9757,97801549,4095,0,1,1
123.0318,9758,97811549,4095,0,0,0
123.0418,9759,97821549,4095,0,1,1
123.0514,9760,97831549,4095,0,0,0
123.0611,9761,97841549,4095,0,1,1
123.0765,9762,97851549,4095,0,0,0
123.0829,9763,97861548,4095,0,1,1
123.0949,9764,97871549,4095,0,0,0
123.1080,9765,97881548,4095,0,1,1
123.1116,9766,97891549,4095,0,0,0
123.1246,9767,97901548,4095,0,1,1
123.1314,9768,97911549,4095,0,0,0
123.1423,9769,97921549,4095,0,1,1
123.1529,9770,97931549,4095,0,0,0
123.1619,9771,97941549,4095,0,1,1
123.1773,9772,97951549,4095,0,0,0
123.1814,9773,97961549,4095,0,1,1
123.1925,9774,97971549,4095,0,0,0
123.2008,9775,97981549,4095,0,1,1
123.2111,9776,97991549,4095,0,0,0
123.2219,9777,98001549,4095,0,1,1
123.2321,9778,98011549,4095,0,0,0
123.2411,9779,98021548,4095,0,1,1
123.2512,9780,98031549,4095,0,0,0
123.2618,9781,98041549,4095,0,1,1
123.2783,9782,98051549,4095,0,0,0
123.2831,9783,98061549,4095,0,1,1
123.2923,9784,98071549,4095,0,0,0
123.3064,9785,98081548,4095,0,1,1
123.3118,9786,98091549,4095,0,0,0
123.3251,9787,98101549,4095,0,1,1
123.3370,9788,98111549,4095,0,0,0
123.3415,9789,98121549,4095,0,1,1
123.3518,9790,98131549,4095,0,0,0
123.3647,9791,98141548,4095,0,1,1
123.3768,9792,98151549,4095,0,0,0
123.3851,9793,98161548,4095,0,1,1
123.3938,9794,98171549,4095,0,0,0
123.4057,9795,98181549,4095,0,1,1
123.4107,9796,98191549,4095,0,0,0
123.4210,9797,98201549,4095,0,1,1
123.4310,9798,98211549,4095,0,0,0
123.4412,9799,98221549,4095,0,1,1
123.4512,9800,98231549,4095,0,0,0
123.4614,9801,98241548,4095,0,1,1
123.4797,9802,98251549,4095,0,0,0
123.4832,9803,98261549,4095,0,1,1
123.4929,9804,98271549,4095,0,0,0
123.5016,9805,98281548,4095,0,1,1
123.5143,9806,98291549,4095,0,0,0
123.5226,9807,98301549,4095,0,1,1
123.5325,9808,98311549,4095,0,0,0
123.5449,9809,98321548,4095,0,1,1
123.5566,9810,98331549,4095,0,0,0
123.5608,9811,98341549,4095,0,1,1
123.5708,9812,98351549,4095,0,0,0
123.5812,9813,98361549,4095,0,1,1
123.5906,9814,98371549,4095,0,0,0
123.6016,9815,98381549,4095,0,1,1
123.6112,9816,98391549,4095,0,0,0
123.6216,9817,98401549,4095,0,1,1
123.6316,9818,98411549,4095,0,0,0
123.6435,9819,98421549,4095,0,1,1
123.6552,9820,98431549,4095,0,0,0
123.6615,9821,98441548,4095,0,0,0
123.6747,9822,98451548,4095,0,0,0
123.6831,9823,98461549,4095,0,0,0
123.6941,9824,98471549,4095,0,1,1
123.7049,9825,98481549,4095,0,0,0
123.7161,9826,98491549,4095,0,1,1
123.7234,9827,98501549,4095,0,0,0
123.7344,9828,98511549,4095,0,1,1
123.7409,9829,98521549,4095,0,0,0
123.7508,9830,98531549,4095,0,1,1
123.7615,9831,98541549,4095,0,0,0
123.7714,9832,98551549,4095,0,1,1
123.7807,9833,98561549,4095,0,0,0
123.7910,9834,98571549,4095,0,1,1
123.8041,9835,98581549,4095,0,0,0
123.8121,9836,98591549,4095,0,1,1
123.8253,9837,98601549,4095,0,0,0
123.8320,9838,98611549,4095,0,1,1
123.8416,9839,98621548,4095,0,0,0
123.8516,9840,98631549,4095,0,1,1
123.8619,9841,98641549,4095,0,0,0
123.8740,9842,98651549,4095,0,1,1
123.8811,9843,98661549,4095,0,0,0
123.8905,9844,98671549,4095,0,1,1
123.9006,9845,98681548,4095,0,0,0
123.9111,9846,98691548,4095,0,1,1
123.9210,9847,98701549,4095,0,0,0
123.9305,9848,98711549,4095,0,1,1
123.9419,9849,98721549,4095,0,0,0
123.9524,9850,98731549,4095,0,1,1
123.9647,9851,98741549,4095,0,0,0
123.9745,9852,98751549,4095,0,1,1
123.9812,9853,98761549,4095,0,0,0
123.9922,9854,98771549,4095,0,1,1
124.0020,9855,98781549,4095,0,0,0
124.0130,9856,98791549,4095,0,1,1
124.0217,9857,98801549,4095,0,0,0
124.0307,9858,98811549,4095,0,1,1
124.0409,9859,98821549,4095,0,0,0
124.0509,9860,98831549,4095,0,1,1
124.0617,9861,98841549,4095,0,0,0
124.0711,9862,98851549,4095,0,1,1
124.0810,9863,98861549,4095,0,0,0
124.0915,9864,98871549,4095,0,1,1
124.1068,9865,98881549,4095,0,0,0
124.1108,9866,98891549,4095,0,1,1
124.1265,9867,98901548,4095,0,0,0
124.1345,9868,98911549,4095,0,1,1
124.1438,9869,98921549,4095,0,0,0
124.1515,9870,98931549,4095,0,1,1
124.1643,9871,98941549,4095,0,0,0
124.1723,9872,98951549,4095,0,1,1
124.1843,9873,98961549,4095,0,0,0
124.1948,9874,98971549,4095,0,1,1
124.2009,9875,98981549,4095,0,0,0
124.2114,9876,98991549,4095,0,1,1
124.2210,9877,99001548,4095,0,0,0
124.2305,9878,99011549,4095,0,1,1
124.2415,9879,99021549,4095,0,0,0
124.2505,9880,99031549,4095,0,1,1
124.2613,9881,99041549,4095,0,0,0
124.2737,9882,99051549,4095,0,1,1
124.2840,9883,99061549,4095,0,0,0
124.2940,9884,99071549,4095,0,1,1
124.3039,9885,99081549,4095,0,0,0
124.3133,9886,99091549,4095,0,1,1
124.3213,9887,99101548,4095,0,0,0
124.3332,9888,99111549,4095,0,1,1
124.3407,9889,99121548,4095,0,0,0
124.3506,9890,99131549,4095,0,1,1
124.3608,9891,99141549,4095,0,0,0
124.3707,9892,99151549,4095,0,1,1
124.3805,9893,99161549,4095,0,0,0
124.3910,9894,99171549,4095,0,1,1
124.4004,9895,99181549,4095,0,0,0
124.4121,9896,99191549,4095,0,1,1
124.4256,9897,99201549,4095,0,0,0
124.4338,9898,99211549,4095,0,1,1
124.4412,9899,99221549,4095,0,0,0
124.4517,9900,99231549,4095,0,1,1
124.4618,9901,99241549,4095,0,0,0
124.4724,9902,99251549,4095,0,1,1
124.4838,9903,99261548,4095,0,0,0
124.4908,9904,99271549,4095,0,1,1
124.5011,9905,99281549,4095,0,0,0
124.5115,9906,99291549,4095,0,1,1
124.5205,9907,99301549,4095,0,0,0
124.5318,9908,99311549,4095,0,1,1
124.5415,9909,99321549,4095,0,0,0
124.5592,9910,99331549,4095,0,1,1
124.5631,9911,99341548,4095,0,0,0
124.5738,9912,99351549,4095,0,1,1
124.5847,9913,99361548,4095,0,0,0
124.5916,9914,99371549,4095,0,1,1
124.6087,9915,99381549,4095,0,0,0
124.6114,9916,99391549,4095,0,1,1
124.6223,9917,99401549,4095,0,0,0
124.6333,9918,99411549,4095,0,1,1
124.6436,9919,99421549,4095,0,0,0
124.6515,9920,99431549,4095,0,1,1
124.6609,9921,99441548,4095,0,0,0
124.6711,9922,99451549,4095,0,1,1
124.6806,9923,99461549,4095,0,0,0
124.6909,9924,99471549,4095,0,1,1
124.7011,9925,99481549,4095,0,0,0
124.7111,9926,99491549,4095,0,1,1
124.7220,9927,99501549,4095,0,0,0
124.7325,9928,99511549,4095,0,1,1
124.7474,9929,99521549,4095,0,0,0
124.7551,9930,99531549,4095,0,1,1
124.7615,9931,99541549,4095,0,0,0
124.7783,9932,99551549,4095,0,1,1
124.7827,9933,99561549,4095,0,0,0
124.7941,9934,99571549,4095,0,1,1
124.8038,9935,99581549,4095,0,0,0
124.8125,9936,99591549,4095,0,1,1
124.8215,9937,99601548,4095,0,0,0
124.8310,9938,99611549,4095,0,1,1
124.8413,9939,99621549,4095,0,0,0
124.8508,9940,99631549,4095,0,1,1
124.8610,9941,99641549,4095,0,0,0
124.8710,9942,99651549,4095,0,1,1
124.8810,9943,99661549,4095,0,0,0
124.8915,9944,99671549,4095,0,1,1
124.9023,9945,99681549,4095,0,0,0
124.9141,9946,99691549,4095,0,1,1
124.9241,9947,99701549,4095,0,0,0
124.9345,9948,99711549,4095,0,1,1
124.9421,9949,99721549,4095,0,0,0
124.9553,9950,99731549,4095,0,1,1
124.9649,9951,99741549,4095,0,0,0
124.9719,9952,99751549,4095,0,1,1
124.9844,9953,99761548,4095,0,0,0
124.9907,9954,99771549,4095,0,1,1
125.0009,9955,99781549,4095,0,0,0
125.0106,9956,99791549,4095,0,1,1
125.0219,9957,99801549,4095,0,0,0
125.0309,9958,99811549,4095,0,1,1
125.0424,9959,99821548,4095,0,0,0
125.0514,9960,99831549,4095,0,1,1
125.0619,9961,99841549,4095,0,0,0
125.0730,9962,99851549,4095,0,1,1
125.0890,9963,99861549,4095,0,0,0
125.0922,9964,99871549,4095,0,1,1
125.1007,9965,99881549,4095,0,0,0
125.1107,9966,99891549,4095,0,1,1
125.1233,9967,99901548,4095,0,0,0
125.1347,9968,99911549,4095,0,1,1
125.1442,9969,99921549,4095,0,0,0
125.1529,9970,99931549,4095,0,1,1
125.1608,9971,99941548,4095,0,0,0
125.1715,9972,99951549,4095,0,1,1
125.1811,9973,99961549,4095,0,0,0
125.1914,9974,99971549,4095,0,1,1
125.2014,9975,99981549,4095,0,0,0
125.2115,9976,99991549,4095,0,1,1
125.2215,9977,100001549,4095,0,0,0
125.2403,9978,100011549,4095,0,1,1
125.2408,9979,100021549,4095,0,0,0
125.2507,9980,100031549,4095,0,1,1
125.2659,9981,100041549,4095,0,0,0
125.2781,9982,100051549,4095,0,1,1
125.2816,9983,100061549,4095,0,0,0
125.2939,9984,100071549,4095,0,1,1
125.3029,9985,100081549,4095,0,0,0
125.3118,9986,100091549,4095,0,1,1
125.3208,9987,100101548,4095,0,0,0
125.3306,9988,100111549,4095,0,1,1
125.3407,9989,100121549,4095,0,0,0
125.3512,9990,100131549,4095,0,1,1
125.3612,9991,100141549,4095,0,0,0
125.3782,9992,100151549,4095,0,1,1
125.3807,9993,100161549,4095,0,0,0
125.3909,9994,100171549,4095,0,1,1
125.4029,9995,100181549,4095,0,0,0
125.4154,9996,100191549,4095,0,1,1
125.4236,9997,100201549,4095,0,0,0
125.4339,9998,100211549,4095,0,1,1
125.4426,9999,100221549,4095,0,0,0
125.4511,10000,100231549,4095,0,1,1
125.4611,10001,100241549,4095,0,0,0
125.4709,10002,100251549,4095,0,1,1
125.4816,10003,100261549,4095,0,0,0
125.4920,10004,100271549,4095,0,1,1
125.5024,10005,100281549,4095,0,0,0
125.5119,10006,100291549,4095,0,1,1
125.5223,10007,100301549,4095,0,0,0
125.5347,10008,100311549,4095,0,1,1
125.5422,10009,100321548,4095,0,0,0
125.5519,10010,100331549,4095,0,1,1
125.5614,10011,100341549,4095,0,0,0
125.5715,10012,100351549,4095,0,1,1
125.5842,10013,100361548,4095,0,0,0
125.5933,10014,100371549,4095,0,1,1
125.6016,10015,100381549,4095,0,0,0
125.6133,10016,100391549,4095,0,1,1
125.6210,10017,100401549,4095,0,0,0
125.6315,10018,100411549,4095,0,1,1
125.6423,10019,100421549,4095,0,0,0
125.6510,10020,100431549,4095,0,1,1
125.6607,10021,100441549,4095,0,0,0
125.6712,10022,100451549,4095,0,1,1
125.6832,10023,100461549,4095,0,0,0
125.6952,10024,100471549,4095,0,1,1
125.7021,10025,100481549,4095,0,0,0
125.7137,10026,100491549,4095,0,1,1
125.7243,10027,100501549,4095,0,0,0
125.7353,10028,100511549,4095,0,1,1
125.7444,10029,100521548,4095,0,0,0
125.7553,10030,100531549,4095,0,1,1
125.7649,10031,100541549,4095,0,0,0
125.7723,10032,100551549,4095,0,1,1
125.7824,10033,100561549,4095,0,0,0
125.7914,10034,100571549,4095,0,1,1
125.8007,10035,100581549,4095,0,0,0
125.8118,10036,100591549,4095,0,1,1
125.8218,10037,100601549,4095,0,0,0
125.8322,10038,100611549,4095,0,1,1
125.8415,10039,100621549,4095,0,0,0
125.8515,10040,100631549,4095,0,1,1
125.8637,10041,100641549,4095,0,0,0
125.8738,10042,100651549,4095,0,1,1
125.8842,10043,100661549,4095,0,0,0
125.8976,10044,100671549,4095,0,1,1
125.9053,10045,100681549,4095,0,0,0
125.9169,10046,100691549,4095,0,1,1
125.9240,10047,100701549,4095,0,0,0
125.9319,10048,100711549,4095,0,1,1
125.9439,10049,100721549,4095,0,0,0
125.9528,10050,100731549,4095,0,1,1
125.9653,10051,100741548,4095,0,0,0
125.9766,10052,100751549,4095,0,1,1
125.9810,10053,100761549,4095,0,0,0
125.9908,10054,100771548,4095,0,1,1
126.0015,10055,100781549,4095,0,0,0
126.0112,10056,100791549,4095,0,1,1
126.0213,10057,100801549,4095,0,0,0
126.0316,10058,100811549,4095,0,1,1
126.0410,10059,100821548,4095,0,0,0
126.0550,10060,100831549,4095,0,1,1
126.0637,10061,100841549,4095,0,0,0
126.0715,10062,100851549,4095,0,1,1
126.0841,10063,100861549,4095,0,0,0
126.0934,10064,100871549,4095,0,1,1
126.1037,10065,100881548,4095,0,0,0
126.1139,10066,100891549,4095,0,1,1
126.1226,10067,100901549,4095,0,0,0
126.1310,10068,100911549,4095,0,1,1
126.1415,10069,100921548,4095,0,0,0
126.1520,10070,100931549,4095,0,1,1
126.1614,10071,100941548,4095,0,0,0
126.1711,10072,100951549,4095,0,1,1
126.1809,10073,100961549,4095,0,0,0
126.1918,10074,100971549,4095,0,1,1
126.2038,10075,100981548,4095,0,0,0
126.2145,10076,100991548,4095,0,1,1
126.2215,10077,101001549,4095,0,0,0
126.2322,10078,101011549,4095,0,1,1
126.2433,10079,101021549,4095,0,0,0
126.2533,10080,101031549,4095,0,0,0
126.2608,10081,101041548,4095,0,0,0
126.2710,10082,101051549,4095,0,0,0
126.2817,10083,101061549,4095,0,1,1
126.2914,10084,101071549,4095,0,0,0
126.3016,10085,101081549,4095,0,1,1
126.3113,10086,101091549,4095,0,0,0
126.3209,10087,101101549,4095,0,1,1
126.3310,10088,101111549,4095,0,0,0
126.3420,10089,101121549,4095,0,1,1
126.3558,10090,101131549,4095,0,0,0
126.3646,10091,101141549,4095,0,1,1
126.3732,10092,101151549,4095,0,0,0
126.3821,10093,101161548,4095,0,1,1
126.3920,10094,101171549,4095,0,0,0
126.4039,10095,101181549,4095,0,1,1
126.4112,10096,101191549,4095,0,0,0
126.4208,10097,101201549,4095,0,1,1
126.4308,10098,101211549,4095,0,0,0
126.4408,10099,101221549,4095,0,1,1
126.4514,10100,101231549,4095,0,0,0
126.4606,10101,101241549,4095,0,1,1
126.4720,10102,101251549,4095,0,0,0
126.4824,10103,101261549,4095,0,1,1
126.4924,10104,101271549,4095,0,0,0
126.5022,10105,101281548,4095,0,1,1
126.5115,10106,101291548,4095,0,0,0
126.5209,10107,101301549,4095,0,1,1
126.5327,10108,101311549,4095,0,0,0
126.5408,10109,101321549,4095,0,1,1
126.5508,10110,101331549,4095,0,0,0
126.5608,10111,101341549,4095,0,1,1
126.5707,10112,101351549,4095,0,0,0
126.5812,10113,101361549,4095,0,1,1
126.5906,10114,101371549,4095,0,0,0
126.6031,10115,101381549,4095,0,1,1
126.6129,10116,101391549,4095,0,0,0
126.6246,10117,101401548,4095,0,1,1
126.6333,10118,101411549,4095,0,0,0
126.6412,10119,101421549,4095,0,1,1
126.6517,10120,101431549,4095,0,0,0
126.6607,10121,101441549,4095,0,1,1
126.6717,10122,101451549,4095,0,0,0
126.6807,10123,101461549,4095,0,1,1
126.6909,10124,101471549,4095,0,0,0
126.7014,10125,101481549,4095,0,1,1
126.7115,10126,101491549,4095,0,0,0
126.7214,10127,101501548,4095,0,1,1
126.7330,10128,101511548,4095,0,0,0
126.7463,10129,101521549,4095,0,1,1
126.7539,10130,101531549,4095,0,0,0
126.7626,10131,101541549,4095,0,1,1
126.7748,10132,101551549,4095,0,0,0
126.7837,10133,101561549,4095,0,1,1
126.7929,10134,101571549,4095,0,0,0
126.8049,10135,101581548,4095,0,1,1
126.8139,10136,101591549,4095,0,0,0
126.8211,10137,101601549,4095,0,1,1
126.8311,10138,101611549,4095,0,0,0
126.8407,10139,101621549,4095,0,1,1
126.8511,10140,101631549,4095,0,0,0
126.8608,10141,101641549,4095,0,1,1
126.8715,10142,101651549,4095,0,0,0
126.8814,10143,101661549,4095,0,1,1
126.8928,10144,101671549,4095,0,0,0
126.9032,10145,101681548,4095,0,1,1
126.9134,10146,101691549,4095,0,0,0
126.9234,10147,101701549,4095,0,1,1
126.9312,10148,101711549,4095,0,0,0
126.9441,10149,101721549,4095,0,1,1
126.9524,10150,101731549,4095,0,0,0
126.9609,10151,101741548,4095,0,1,1
126.9711,10152,101751549,4095,0,0,0
126.9809,10153,101761548,4095,0,1,1
126.9906,10154,101771549,4095,0,0,0
127.0006,10155,101781549,4095,0,1,1
127.0111,10156,101791549,4095,0,0,0
127.0211,10157,101801549,4095,0,1,1
127.0334,10158,101811549,4095,0,0,0
127.0443,10159,101821549,4095,0,1,1
127.0515,10160,101831549,4095,0,0,0
127.0651,10161,101841549,4095,0,1,1
127.0747,10162,101851549,4095,0,0,0
127.0845,10163,101861549,4095,0,1,1
127.0909,10164,101871549,4095,0,0,0
127.1010,10165,101881549,4095,0,1,1
127.1107,10166,101891549,4095,0,0,0
127.1209,10167,101901549,4095,0,1,1
127.1310,10168,101911549,4095,0,0,0
127.1407,10169,101921548,4095,0,1,1
127.1516,10170,101931549,4095,0,0,0
127.1617,10171,101941549,4095,0,1,1
127.1777,10172,101951549,4095,0,0,0
127.1826,10173,101961548,4095,0,1,1
127.1934,10174,101971549,4095,0,0,0
127.2052,10175,101981549,4095,0,1,1
127.2147,10176,101991549,4095,0,0,0
127.2216,10177,102001549,4095,0,1,1
127.2327,10178,102011549,4095,0,0,0
127.2435,10179,102021549,4095,0,1,1
127.2535,10180,102031549,4095,0,0,0
127.2632,10181,102041548,4095,0,1,1
127.2753,10182,102051549,4095,0,0,0
127.2809,10183,102061549,4095,0,1,1
127.2912,10184,102071549,4095,0,0,0
127.3010,10185,102081549,4095,0,1,1
127.3113,10186,102091549,4095,0,0,0
127.3209,10187,102101549,4095,0,1,1
127.3310,10188,102111549,4095,0,0,0
127.3413,10189,102121549,4095,0,1,1
127.3518,10190,102131549,4095,0,0,0
127.3630,10191,102141549,4095,0,1,1
127.3721,10192,102151549,4095,0,0,0
127.3817,10193,102161549,4095,0,1,1
127.3958,10194,102171549,4095,0,0,0
127.4033,10195,102181548,4095,0,1,1
127.4107,10196,102191548,4095,0,0,0
127.4209,10197,102201549,4095,0,1,1
127.4308,10198,102211549,4095,0,0,0
127.4415,10199,102221549,4095,0,1,1
127.4511,10200,102231549,4095,0,0,0
127.4607,10201,102241549,4095,0,1,1
127.4729,10202,102251549,4095,0,0,0
127.4852,10203,102261549,4095,0,1,1
127.4976,10204,102271549,4095,0,0,0
127.5019,10205,102281549,4095,0,1,1
127.5141,10206,102291549,4095,0,0,0
127.5243,10207,102301549,4095,0,1,1
127.5336,10208,102311549,4095,0,0,0
127.5451,10209,102321549,4095,0,1,1
127.5525,10210,102331549,4095,0,0,0
127.5649,10211,102341549,4095,0,1,1
127.5769,10212,102351549,4095,0,0,0
127.5810,10213,102361549,4095,0,1,1
127.5911,10214,102371549,4095,0,0,0
127.6015,10215,102381548,4095,0,1,1
127.6116,10216,102391549,4095,0,0,0
127.6217,10217,102401549,4095,0,1,1
127.6322,10218,102411549,4095,0,0,0
127.6412,10219,102421549,4095,0,1,1
127.6513,10220,102431549,4095,0,0,0
127.6632,10221,102441548,4095,0,1,1
127.6738,10222,102451549,4095,0,0,0
127.6823,10223,102461549,4095,0,1,1
127.6928,10224,102471549,4095,0,0,0
127.7039,10225,102481549,4095,0,1,1
127.7153,10226,102491549,4095,0,0,0
127.7244,10227,102501549,4095,0,1,1
127.7343,10228,102511549,4095,0,0,0
127.7420,10229,102521549,4095,0,1,1
127.7531,10230,102531549,4095,0,0,0
127.7631,10231,102541549,4095,0,1,1
127.7741,10232,102551549,4095,0,0,0
127.7863,10233,102561549,4095,0,1,1
127.7911,10234,102571549,4095,0,0,0
127.8011,10235,102581548,4095,0,1,1
127.8113,10236,102591549,4095,0,0,0
127.8210,10237,102601549,4095,0,1,1
127.8315,10238,102611549,4095,0,0,0
127.8418,10239,102621549,4095,0,1,1
127.8517,10240,102631549,4095,0,0,0
127.8620,10241,102641548,4095,0,1,1
127.8717,10242,102651549,4095,0,0,0
127.8819,10243,102661549,4095,0,1,1
127.8928,10244,102671549,4095,0,0,0
127.9035,10245,102681549,4095,0,1,1
127.9135,10246,102691549,4095,0,0,0
127.9217,10247,102701549,4095,0,1,1
127.9324,10248,102711549,4095,0,0,0
127.9441,10249,102721549,4095,0,1,1
127.9552,10250,102731549,4095,0,0,0
127.9618,10251,102741549,4095,0,1,1
127.9714,10252,102751549,4095,0,0,0
127.9809,10253,102761548,4095,0,1,1
127.9915,10254,102771549,4095,0,0,0
128.0020,10255,102781549,4095,0,1,1
128.0119,10256,102791549,4095,0,0,0
128.0212,10257,102801548,4095,0,1,1
128.0320,10258,102811549,4095,0,0,0
128.0473,10259,102821549,4095,0,1,1
128.0538,10260,102831549,4095,0,0,0
128.0626,10261,102841548,4095,0,1,1
128.0729,10262,102851549,4095,0,0,0
128.0831,10263,102861549,4095,0,1,1
128.0963,10264,102871549,4095,0,0,0
128.1016,10265,102881549,4095,0,1,1
128.1124,10266,102891549,4095,0,0,0
128.1240,10267,102901549,4095,0,1,1
128.1353,10268,102911549,4095,0,0,0
128.1420,10269,102921549,4095,0,1,1
128.1519,10270,102931549,4095,0,0,0
128.1654,10271,102941549,4095,0,1,1
128.1715,10272,102951549,4095,0,0,0
128.1812,10273,102961548,4095,0,1,1
128.1913,10274,102971549,4095,0,0,0
128.2017,10275,102981549,4095,0,1,1
128.2110,10276,102991549,4095,0,0,0
128.2211,10277,103001548,4095,0,1,1
128.2311,10278,103011549,4095,0,0,0
128.2477,10279,103021549,4095,0,1,1
128.2526,10280,103031549,4095,0,0,0
128.2643,10281,103041548,4095,0,1,1
128.2737,10282,103051549,4095,0,0,0
128.2849,10283,103061548,4095,0,1,1
128.2922,10284,103071549,4095,0,0,0
128.3050,10285,103081549,4095,0,1,1
128.3133,10286,103091549,4095,0,0,0
128.3225,10287,103101549,4095,0,1,1
128.3315,10288,103111549,4095,0,0,0
128.3406,10289,103121548,4095,0,1,1
128.3509,10290,103131549,4095,0,0,0
128.3612,10291,103141549,4095,0,1,1
128.3708,10292,103151549,4095,0,0,0
128.3808,10293,103161548,4095,0,1,1
128.3914,10294,103171549,4095,0,0,0
128.4010,10295,103181549,4095,0,1,1
128.4111,10296,103191549,4095,0,0,0
128.4240,10297,103201549,4095,0,1,1
128.4336,10298,103211549,4095,0,0,0
128.4443,10299,103221549,4095,0,1,1
128.4528,10300,103231549,4095,0,0,0
128.4620,10301,103241549,4095,0,1,1
128.4772,10302,103251549,4095,0,0,0
128.4809,10303,103261548,4095,0,1,1
128.4909,10304,103271548,4095,0,0,0
128.5011,10305,103281549,4095,0,1,1
128.5112,10306,103291549,4095,0,0,0
128.5210,10307,103301549,4095,0,1,1
128.5309,10308,103311549,4095,0,0,0
128.5411,10309,103321549,4095,0,1,1
128.5540,10310,103331549,4095,0,0,0
128.5615,10311,103341549,4095,0,1,1
128.5722,10312,103351549,4095,0,0,0
128.5817,10313,103361549,4095,0,1,1
128.5964,10314,103371549,4095,0,0,0
128.6048,10315,103381549,4095,0,0,0
128.6142,10316,103391549,4095,0,0,0
128.6245,10317,103401549,4095,0,0,0
128.6309,10318,103411549,4095,0,1,1
128.6481,10319,103421549,4095,0,0,0
128.6525,10320,103431549,4095,0,1,1
128.6651,10321,103441549,4095,0,0,0
128.6711,10322,103451549,4095,0,1,1
128.6807,10323,103461549,4095,0,0,0
128.6910,10324,103471549,4095,0,1,1
128.7006,10325,103481549,4095,0,0,0
128.7117,10326,103491549,4095,0,1,1
128.7215,10327,103501549,4095,0,0,0
128.7312,10328,103511549,4095,0,1,1
128.7421,10329,103521549,4095,0,0,0
128.7526,10330,103531549,4095,0,1,1
128.7668,10331,103541548,4095,0,0,0
128.7836,10332,103551549,4095,0,1,1
128.7865,10333,103561549,4095,0,0,0
128.7937,10334,103571549,4095,0,1,1
128.8039,10335,103581549,4095,0,0,0
128.8146,10336,103591549,4095,0,1,1
128.8218,10337,103601549,4095,0,0,0
128.8312,10338,103611549,4095,0,1,1
128.8451,10339,103621548,4095,0,0,0
128.8512,10340,103631549,4095,0,1,1
128.8610,10341,103641549,4095,0,0,0
128.8709,10342,103651549,4095,0,1,1
128.8814,10343,103661548,4095,0,0,0
128.8917,10344,103671549,4095,0,1,1
128.9023,10345,103681549,4095,0,0,0
128.9113,10346,103691549,4095,0,1,1
128.9222,10347,103701549,4095,0,0,0
128.9333,10348,103711549,4095,0,1,1
128.9474,10349,103721548,4095,0,0,0
128.9545,10350,103731549,4095,0,1,1
128.9650,10351,103741549,4095,0,0,0
128.9718,10352,103751549,4095,0,1,1
128.9819,10353,103761549,4095,0,0,0
128.9921,10354,103771549,4095,0,1,1
129.0028,10355,103781549,4095,0,0,0
129.0118,10356,103791549,4095,0,1,1
129.0233,10357,103801548,4095,0,0,0
129.0312,10358,103811549,4095,0,1,1
129.0408,10359,103821549,4095,0,0,0
129.0507,10360,103831549,4095,0,1,1
129.0613,10361,103841549,4095,0,0,0
129.0712,10362,103851549,4095,0,1,1
129.0814,10363,103861548,4095,0,0,0
129.0917,10364,103871549,4095,0,1,1
129.1022,10365,103881549,4095,0,0,0
129.1199,10366,103891549,4095,0,1,1
129.1238,10367,103901549,4095,0,0,0
129.1336,10368,103911549,4095,0,1,1
129.1415,10369,103921549,4095,0,0,0
129.1510,10370,103931549,4095,0,1,1
129.1623,10371,103941549,4095,0,0,0
129.1759,10372,103951549,4095,0,1,1
129.1848,10373,103961549,4095,0,0,0
129.1960,10374,103971549,4095,0,1,1
129.2020,10375,103981548,4095,0,0,0
129.2121,10376,103991549,4095,0,1,1
129.2235,10377,104001549,4095,0,0,0
129.2310,10378,104011549,4095,0,1,1
129.2410,10379,104021548,4095,0,0,0
129.2510,10380,104031549,4095,0,1,1
129.2610,10381,104041549,4095,0,0,0
129.2707,10382,104051549,4095,0,1,1
129.2814,10383,104061549,4095,0,0,0
129.2935,10384,104071549,4095,0,1,1
129.3017,10385,104081549,4095,0,0,0
129.3157,10386,104091549,4095,0,1,1
129.3238,10387,104101549,4095,0,0,0
129.3334,10388,104111549,4095,0,1,1
129.3426,10389,104121549,4095,0,0,0
129.3533,10390,104131549,4095,0,1,1
129.3632,10391,104141548,4095,0,0,0
129.3802,10392,104151549,4095,0,1,1
129.3820,10393,104161549,4095,0,0,0
129.3967,10394,104171549,4095,0,1,1
129.4020,10395,104181548,4095,0,0,0
129.4109,10396,104191549,4095,0,1,1
129.4209,10397,104201549,4095,0,0,0
129.4310,10398,104211549,4095,0,1,1
129.4412,10399,104221549,4095,0,0,0
129.4511,10400,104231549,4095,0,1,1
129.4615,10401,104241549,4095,0,0,0
129.4715,10402,104251549,4095,0,1,1
129.4855,10403,104261549,4095,0,0,0
129.4941,10404,104271549,4095,0,1,1
129.5062,10405,104281549,4095,0,0,0
129.5121,10406,104291549,4095,0,1,1
129.5233,10407,104301549,4095,0,0,0
129.5347,10408,104311549,4095,0,1,1
129.5415,10409,104321548,4095,0,0,0
129.5516,10410,104331549,4095,0,1,1
129.5638,10411,104341549,4095,0,0,0
129.5750,10412,104351549,4095,0,1,1
129.5810,10413,104361549,4095,0,0,0
129.5916,10414,104371549,4095,0,1,1
129.6011,10415,104381548,4095,0,0,0
129.6114,10416,104391549,4095,0,1,1
129.6212,10417,104401549,4095,0,0,0
129.6314,10418,104411549,4095,0,1,1
129.6420,10419,104421549,4095,0,0,0
129.6518,10420,104431549,4095,0,1,1
129.6643,10421,104441549,4095,0,0,0
129.6747,10422,104451549,4095,0,1,1
129.6853,10423,104461548,4095,0,0,0
129.6929,10424,104471549,4095,0,1,1
129.7017,10425,104481549,4095,0,0,0
129.7156,10426,104491549,4095,0,1,1
129.7237,10427,104501549,4095,0,0,0
129.7342,10428,104511549,4095,0,1,1
129.7427,10429,104521549,4095,0,0,0
129.7557,10430,104531549,4095,0,1,1
129.7610,10431,104541549,4095,0,0,0
129.7711,10432,104551549,4095,0,1,1
129.7812,10433,104561549,4095,0,0,0
129.7913,10434,104571549,4095,0,1,1
129.8016,10435,104581549,4095,0,0,0
129.8119,10436,104591549,4095,0,1,1
129.8210,10437,104601549,4095,0,0,0
129.8316,10438,104611549,4095,0,1,1
129.8414,10439,104621549,4095,0,0,0
129.8506,10440,104631549,4095,0,1,1
129.8607,10441,104641549,4095,0,0,0
129.8706,10442,104651549,4095,0,1,1
129.8808,10443,104661548,4095,0,0,0
129.8908,10444,104671549,4095,0,1,1
129.9006,10445,104681549,4095,0,0,0
129.9108,10446,104691549,4095,0,1,1
129.9207,10447,104701549,4095,0,0,0
129.9308,10448,104711549,4095,0,1,1
129.9409,10449,104721549,4095,0,0,0
129.9513,10450,104731549,4095,0,1,1
129.9612,10451,104741548,4095,0,0,0
129.9713,10452,104751549,4095,0,1,1
129.9809,10453,104761549,4095,0,0,0
129.9908,10454,104771549,4095,0,1,1
130.0008,10455,104781549,4095,0,0,0
130.0110,10456,104791549,4095,0,1,1
130.0211,10457,104801549,4095,0,0,0
130.0310,10458,104811549,4095,0,1,1
130.0406,10459,104821548,4095,0,0,0
130.0508,10460,104831549,4095,0,1,1
130.0606,10461,104841548,4095,0,0,0
130.0711,10462,104851549,4095,0,1,1
130.0806,10463,104861549,4095,0,0,0
