pc_time_s,seq,t_us,ecg_adc,lo_plus,lo_minus,lead_off
0.0037,25328,253510544,1819,0,0,0
0.0147,25329,253520544,1815,0,0,0
0.0238,25330,253530544,1829,0,0,0
0.0341,25331,253540544,1815,0,0,0
0.0440,25332,253550544,1823,0,0,0
0.0539,25333,253560544,1815,0,0,0
0.0643,25334,253570544,1814,0,0,0
0.0739,25335,253580544,1808,0,0,0
0.0839,25336,253590544,1819,0,0,0
0.0940,25337,253600544,1808,0,0,0
0.1038,25338,253610544,1825,0,0,0
0.1139,25339,253620544,1822,0,0,0
0.1243,25340,253630544,1829,0,0,0
0.1340,25341,253640544,1818,0,0,0
0.1439,25342,253650544,1839,0,0,0
0.1542,25343,253660544,1828,0,0,0
0.1640,25344,253670544,1857,0,0,0
0.1739,25345,253680544,1893,0,0,0
0.1842,25346,253690544,1933,0,0,0
0.1940,25347,253700544,1973,0,0,0
0.2041,25348,253710544,1949,0,0,0
0.2140,25349,253720544,1870,0,0,0
0.2239,25350,253730544,1846,0,0,0
0.2342,25351,253740544,1815,0,0,0
0.2441,25352,253750544,1822,0,0,0
0.2538,25353,253760544,1806,0,0,0
0.2644,25354,253770544,1808,0,0,0
0.2740,25355,253780544,1791,0,0,0
0.2842,25356,253790544,1801,0,0,0
0.2938,25357,253800544,1721,0,0,0
0.3038,25358,253810544,1773,0,0,0
0.3137,25359,253820544,2267,0,0,0
0.3237,25360,253830544,3102,0,0,0
0.3338,25361,253840544,3095,0,0,0
0.3438,25362,253850544,1851,0,0,0
0.3538,25363,253860544,1520,0,0,0
0.3638,25364,253870544,1435,0,0,0
0.3738,25365,253880544,1663,0,0,0
0.3840,25366,253890544,1744,0,0,0
0.3941,25367,253900544,1735,0,0,0
0.4039,25368,253910544,1776,0,0,0
0.4139,25369,253920544,1781,0,0,0
0.4241,25370,253930544,1798,0,0,0
0.4340,25371,253940544,1797,0,0,0
0.4438,25372,253950544,1823,0,0,0
0.4540,25373,253960544,1823,0,0,0
0.4638,25374,253970544,1839,0,0,0
0.4742,25375,253980544,1847,0,0,0
0.4845,25376,253990544,1872,0,0,0
0.4940,25377,254000544,1879,0,0,0
0.5038,25378,254010544,1920,0,0,0
0.5140,25379,254020544,1933,0,0,0
0.5242,25380,254030544,1966,0,0,0
0.5338,25381,254040544,1985,0,0,0
0.5440,25382,254050544,2000,0,0,0
0.5539,25383,254060544,2002,0,0,0
0.5638,25384,254070544,2000,0,0,0
0.5739,25385,254080544,1943,0,0,0
0.5845,25386,254090544,1886,0,0,0
0.5942,25387,254100544,1840,0,0,0
0.6040,25388,254110544,1794,0,0,0
0.6141,25389,254120544,1757,0,0,0
0.6241,25390,254130544,1749,0,0,0
0.6338,25391,254140544,1737,0,0,0
0.6439,25392,254150544,1747,0,0,0
0.6540,25393,254160544,1744,0,0,0
0.6638,25394,254170544,1762,0,0,0
0.6738,25395,254180544,1748,0,0,0
0.6839,25396,254190544,1776,0,0,0
0.6937,25397,254200544,1767,0,0,0
0.7038,25398,254210544,1776,0,0,0
0.7138,25399,254220544,1779,0,0,0
0.7238,25400,254230544,1786,0,0,0
0.7338,25401,254240544,1782,0,0,0
0.7439,25402,254250544,1791,0,0,0
0.7540,25403,254260544,1785,0,0,0
0.7638,25404,254270544,1808,0,0,0
0.7739,25405,254280544,1807,0,0,0
0.7838,25406,254290544,1813,0,0,0
0.7939,25407,254300544,1808,0,0,0
0.8038,25408,254310544,1819,0,0,0
0.8139,25409,254320544,1826,0,0,0
0.8239,25410,254330544,1840,0,0,0
0.8340,25411,254340544,1827,0,0,0
0.8439,25412,254350544,1831,0,0,0
0.8539,25413,254360544,1827,0,0,0
0.8643,25414,254370544,1839,0,0,0
0.8738,25415,254380544,1827,0,0,0
0.8838,25416,254390544,1842,0,0,0
0.8939,25417,254400544,1837,0,0,0
0.9040,25418,254410544,1851,0,0,0
0.9139,25419,254420544,1843,0,0,0
0.9241,25420,254430544,1849,0,0,0
0.9340,25421,254440544,1848,0,0,0
0.9439,25422,254450544,1858,0,0,0
0.9539,25423,254460544,1847,0,0,0
0.9638,25424,254470544,1854,0,0,0
0.9739,25425,254480544,1847,0,0,0
0.9838,25426,254490544,1858,0,0,0
0.9939,25427,254500544,1846,0,0,0
1.0040,25428,254510544,1854,0,0,0
1.0138,25429,254520544,1865,0,0,0
1.0240,25430,254530544,1904,0,0,0
1.0339,25431,254540544,1941,0,0,0
1.0439,25432,254550544,1985,0,0,0
1.0542,25433,254560544,1981,0,0,0
1.0638,25434,254570544,1913,0,0,0
1.0740,25435,254580544,1871,0,0,0
1.0838,25436,254590544,1856,0,0,0
1.0939,25437,254600544,1830,0,0,0
1.1039,25438,254610544,1831,0,0,0
1.1140,25439,254620544,1808,0,0,0
1.1238,25440,254630544,1819,0,0,0
1.1339,25441,254640544,1798,0,0,0
1.1439,25442,254650544,1765,0,0,0
1.1540,25443,254660544,1736,0,0,0
1.1639,25444,254670544,2135,0,0,0
1.1740,25445,254680544,2855,0,0,0
1.1840,25446,254690544,3429,0,0,0
1.1942,25447,254700544,2103,0,0,0
1.2038,25448,254710544,1615,0,0,0
1.2141,25449,254720544,1399,0,0,0
1.2241,25450,254730544,1606,0,0,0
1.2340,25451,254740544,1744,0,0,0
1.2442,25452,254750544,1749,0,0,0
1.2540,25453,254760544,1774,0,0,0
1.2641,25454,254770544,1793,0,0,0
1.2742,25455,254780544,1801,0,0,0
1.2840,25456,254790544,1813,0,0,0
1.2939,25457,254800544,1819,0,0,0
1.3045,25458,254810544,1838,0,0,0
1.3139,25459,254820544,1842,0,0,0
1.3240,25460,254830544,1871,0,0,0
1.3338,25461,254840544,1872,0,0,0
1.3437,25462,254850544,1904,0,0,0
1.3538,25463,254860544,1919,0,0,0
1.3640,25464,254870544,1951,0,0,0
1.3739,25465,254880544,1968,0,0,0
1.3841,25466,254890544,2000,0,0,0
1.3939,25467,254900544,2014,0,0,0
1.4038,25468,254910544,2019,0,0,0
1.4137,25469,254920544,1993,0,0,0
1.4239,25470,254930544,1971,0,0,0
1.4338,25471,254940544,1917,0,0,0
1.4439,25472,254950544,1858,0,0,0
1.4538,25473,254960544,1817,0,0,0
1.4637,25474,254970544,1791,0,0,0
1.4738,25475,254980544,1777,0,0,0
1.4841,25476,254990544,1767,0,0,0
1.4939,25477,255000544,1769,0,0,0
1.5040,25478,255010544,1776,0,0,0
1.5140,25479,255020544,1766,0,0,0
1.5238,25480,255030544,1776,0,0,0
1.5339,25481,255040544,1776,0,0,0
1.5438,25482,255050544,1783,0,0,0
1.5540,25483,255060544,1789,0,0,0
1.5645,25484,255070544,1792,0,0,0
1.5738,25485,255080544,1792,0,0,0
1.5839,25486,255090544,1801,0,0,0
1.5938,25487,255100544,1803,0,0,0
1.6039,25488,255110544,1808,0,0,0
1.6140,25489,255120544,1806,0,0,0
1.6237,25490,255130544,1814,0,0,0
1.6338,25491,255140544,1814,0,0,0
1.6439,25492,255150544,1810,0,0,0
1.6539,25493,255160544,1811,0,0,0
1.6638,25494,255170544,1821,0,0,0
1.6739,25495,255180544,1813,0,0,0
1.6839,25496,255190544,1819,0,0,0
1.6940,25497,255200544,1820,0,0,0
1.7040,25498,255210544,1826,0,0,0
1.7139,25499,255220544,1818,0,0,0
1.7239,25500,255230544,1822,0,0,0
1.7339,25501,255240544,1825,0,0,0
1.7440,25502,255250544,1825,0,0,0
1.7540,25503,255260544,1822,0,0,0
1.7641,25504,255270544,1822,0,0,0
1.7739,25505,255280544,1818,0,0,0
1.7840,25506,255290544,1825,0,0,0
1.7939,25507,255300544,1825,0,0,0
1.8039,25508,255310544,1824,0,0,0
1.8139,25509,255320544,1829,0,0,0
1.8239,25510,255330544,1867,0,0,0
1.8339,25511,255340544,1900,0,0,0
1.8439,25512,255350544,1936,0,0,0
1.8538,25513,255360544,1983,0,0,0
1.8641,25514,255370544,1923,0,0,0
1.8738,25515,255380544,1846,0,0,0
1.8839,25516,255390544,1824,0,0,0
1.8939,25517,255400544,1805,0,0,0
1.9041,25518,255410544,1783,0,0,0
1.9139,25519,255420544,1782,0,0,0
1.9240,25520,255430544,1776,0,0,0
1.9339,25521,255440544,1790,0,0,0
1.9439,25522,255450544,1761,0,0,0
1.9537,25523,255460544,1680,0,0,0
1.9638,25524,255470544,1840,0,0,0
1.9740,25525,255480544,2421,0,0,0
1.9837,25526,255490544,3311,0,0,0
1.9938,25527,255500544,2727,0,0,0
2.0038,25528,255510544,1681,0,0,0
2.0139,25529,255520544,1399,0,0,0
2.0240,25530,255530544,1487,0,0,0
2.0340,25531,255540544,1691,0,0,0
2.0439,25532,255550544,1712,0,0,0
2.0538,25533,255560544,1733,0,0,0
2.0638,25534,255570544,1757,0,0,0
2.0750,25535,255580544,1770,0,0,0
2.0840,25536,255590544,1771,0,0,0
2.0938,25537,255600544,1790,0,0,0
2.1040,25538,255610544,1799,0,0,0
2.1139,25539,255620544,1814,0,0,0
2.1238,25540,255630544,1819,0,0,0
2.1339,25541,255640544,1855,0,0,0
2.1438,25542,255650544,1878,0,0,0
2.1539,25543,255660544,1891,0,0,0
2.1645,25544,255670544,1914,0,0,0
2.1741,25545,255680544,1942,0,0,0
2.1839,25546,255690544,1962,0,0,0
2.1940,25547,255700544,1994,0,0,0
2.2039,25548,255710544,1996,0,0,0
2.2138,25549,255720544,1998,0,0,0
2.2241,25550,255730544,1968,0,0,0
2.2340,25551,255740544,1922,0,0,0
2.2439,25552,255750544,1870,0,0,0
2.2537,25553,255760544,1822,0,0,0
2.2638,25554,255770544,1776,0,0,0
2.2740,25555,255780544,1761,0,0,0
2.2839,25556,255790544,1749,0,0,0
2.2937,25557,255800544,1747,0,0,0
2.3040,25558,255810544,1751,0,0,0
2.3144,25559,255820544,1757,0,0,0
2.3240,25560,255830544,1757,0,0,0
2.3339,25561,255840544,1764,0,0,0
2.3437,25562,255850544,1767,0,0,0
2.3539,25563,255860544,1779,0,0,0
2.3640,25564,255870544,1787,0,0,0
2.3748,25565,255880544,1791,0,0,0
2.3841,25566,255890544,1791,0,0,0
2.3940,25567,255900544,1797,0,0,0
2.4044,25568,255910544,1801,0,0,0
2.4140,25569,255920544,1806,0,0,0
2.4238,25570,255930544,1808,0,0,0
2.4339,25571,255940544,1811,0,0,0
2.4440,25572,255950544,1808,0,0,0
2.4538,25573,255960544,1813,0,0,0
2.4638,25574,255970544,1811,0,0,0
2.4739,25575,255980544,1814,0,0,0
2.4838,25576,255990544,1806,0,0,0
2.4937,25577,256000544,1815,0,0,0
2.5038,25578,256010544,1809,0,0,0
2.5138,25579,256020544,1817,0,0,0
2.5241,25580,256030544,1815,0,0,0
2.5340,25581,256040544,1825,0,0,0
2.5438,25582,256050544,1821,0,0,0
2.5540,25583,256060544,1830,0,0,0
2.5639,25584,256070544,1822,0,0,0
2.5740,25585,256080544,1831,0,0,0
2.5840,25586,256090544,1830,0,0,0
2.5941,25587,256100544,1834,0,0,0
2.6039,25588,256110544,1829,0,0,0
2.6139,25589,256120544,1843,0,0,0
2.6239,25590,256130544,1837,0,0,0
2.6339,25591,256140544,1840,0,0,0
2.6437,25592,256150544,1840,0,0,0
2.6537,25593,256160544,1843,0,0,0
2.6638,25594,256170544,1843,0,0,0
2.6740,25595,256180544,1844,0,0,0
2.6838,25596,256190544,1862,0,0,0
2.6939,25597,256200544,1904,0,0,0
2.7040,25598,256210544,1946,0,0,0
2.7140,25599,256220544,1984,0,0,0
2.7241,25600,256230544,1974,0,0,0
2.7338,25601,256240544,1895,0,0,0
2.7438,25602,256250544,1861,0,0,0
2.7540,25603,256260544,1839,0,0,0
2.7640,25604,256270544,1817,0,0,0
2.7740,25605,256280544,1808,0,0,0
2.7840,25606,256290544,1797,0,0,0
2.7940,25607,256300544,1807,0,0,0
2.8040,25608,256310544,1797,0,0,0
2.8140,25609,256320544,1759,0,0,0
2.8239,25610,256330544,1701,0,0,0
2.8339,25611,256340544,2094,0,0,0
2.8438,25612,256350544,2818,0,0,0
2.8539,25613,256360544,3386,0,0,0
2.8639,25614,256370544,2055,0,0,0
2.8740,25615,256380544,1535,0,0,0
2.8838,25616,256390544,1425,0,0,0
2.8938,25617,256400544,1659,0,0,0
2.9039,25618,256410544,1729,0,0,0
2.9138,25619,256420544,1731,0,0,0
2.9244,25620,256430544,1751,0,0,0
2.9339,25621,256440544,1777,0,0,0
2.9441,25622,256450544,1778,0,0,0
2.9540,25623,256460544,1795,0,0,0
2.9638,25624,256470544,1808,0,0,0
2.9739,25625,256480544,1825,0,0,0
2.9838,25626,256490544,1828,0,0,0
2.9938,25627,256500544,1840,0,0,0
3.0039,25628,256510544,1856,0,0,0
3.0138,25629,256520544,1883,0,0,0
3.0240,25630,256530544,1905,0,0,0
3.0338,25631,256540544,1945,0,0,0
3.0438,25632,256550544,1966,0,0,0
3.0539,25633,256560544,1991,0,0,0
3.0649,25634,256570544,1998,0,0,0
3.0738,25635,256580544,2023,0,0,0
3.0839,25636,256590544,1997,0,0,0
3.0939,25637,256600544,1966,0,0,0
3.1039,25638,256610544,1903,0,0,0
3.1139,25639,256620544,1862,0,0,0
3.1239,25640,256630544,1807,0,0,0
3.1339,25641,256640544,1779,0,0,0
3.1438,25642,256650544,1759,0,0,0
3.1540,25643,256660544,1758,0,0,0
3.1638,25644,256670544,1747,0,0,0
3.1738,25645,256680544,1766,0,0,0
3.1838,25646,256690544,1754,0,0,0
3.1939,25647,256700544,1763,0,0,0
3.2038,25648,256710544,1766,0,0,0
3.2140,25649,256720544,1775,0,0,0
3.2239,25650,256730544,1767,0,0,0
3.2339,25651,256740544,1789,0,0,0
3.2438,25652,256750544,1783,0,0,0
3.2539,25653,256760544,1797,0,0,0
3.2638,25654,256770544,1792,0,0,0
3.2739,25655,256780544,1808,0,0,0
3.2839,25656,256790544,1810,0,0,0
3.2937,25657,256800544,1821,0,0,0
3.3053,25658,256810544,1803,0,0,0
3.3138,25659,256820544,1811,0,0,0
3.3240,25660,256830544,1806,0,0,0
3.3338,25661,256840544,1811,0,0,0
3.3439,25662,256850544,1813,0,0,0
3.3539,25663,256860544,1819,0,0,0
3.3640,25664,256870544,1810,0,0,0
3.3740,25665,256880544,1829,0,0,0
3.3838,25666,256890544,1814,0,0,0
3.3938,25667,256900544,1827,0,0,0
3.4039,25668,256910544,1814,0,0,0
3.4138,25669,256920544,1821,0,0,0
3.4240,25670,256930544,1822,0,0,0
3.4340,25671,256940544,1836,0,0,0
3.4439,25672,256950544,1821,0,0,0
3.4540,25673,256960544,1829,0,0,0
3.4644,25674,256970544,1817,0,0,0
3.4739,25675,256980544,1829,0,0,0
3.4839,25676,256990544,1823,0,0,0
3.4939,25677,257000544,1837,0,0,0
3.5038,25678,257010544,1820,0,0,0
3.5140,25679,257020544,1835,0,0,0
3.5239,25680,257030544,1822,0,0,0
3.5338,25681,257040544,1829,0,0,0
3.5439,25682,257050544,1831,0,0,0
3.5538,25683,257060544,1839,0,0,0
3.5638,25684,257070544,1829,0,0,0
3.5740,25685,257080544,1834,0,0,0
3.5838,25686,257090544,1825,0,0,0
3.5941,25687,257100544,1835,0,0,0
3.6038,25688,257110544,1829,0,0,0
3.6138,25689,257120544,1865,0,0,0
3.6239,25690,257130544,1904,0,0,0
3.6340,25691,257140544,1939,0,0,0
3.6442,25692,257150544,1968,0,0,0
3.6541,25693,257160544,1915,0,0,0
3.6639,25694,257170544,1854,0,0,0
3.6739,25695,257180544,1842,0,0,0
3.6842,25696,257190544,1811,0,0,0
3.6943,25697,257200544,1809,0,0,0
3.7038,25698,257210544,1799,0,0,0
3.7139,25699,257220544,1805,0,0,0
3.7240,25700,257230544,1797,0,0,0
3.7339,25701,257240544,1792,0,0,0
3.7438,25702,257250544,1694,0,0,0
3.7540,25703,257260544,1853,0,0,0
3.7639,25704,257270544,2413,0,0,0
3.7739,25705,257280544,3303,0,0,0
3.7839,25706,257290544,2736,0,0,0
3.7939,25707,257300544,1722,0,0,0
3.8052,25708,257310544,1443,0,0,0
3.8138,25709,257320544,1497,0,0,0
3.8239,25710,257330544,1701,0,0,0
3.8340,25711,257340544,1740,0,0,0
3.8438,25712,257350544,1744,0,0,0
3.8538,25713,257360544,1774,0,0,0
3.8637,25714,257370544,1777,0,0,0
3.8738,25715,257380544,1794,0,0,0
3.8838,25716,257390544,1797,0,0,0
3.8941,25717,257400544,1818,0,0,0
3.9041,25718,257410544,1825,0,0,0
3.9138,25719,257420544,1851,0,0,0
3.9240,25720,257430544,1853,0,0,0
3.9343,25721,257440544,1872,0,0,0
3.9438,25722,257450544,1885,0,0,0
3.9538,25723,257460544,1914,0,0,0
3.9638,25724,257470544,1935,0,0,0
3.9741,25725,257480544,1968,0,0,0
3.9838,25726,257490544,1971,0,0,0
3.9939,25727,257500544,1998,0,0,0
4.0041,25728,257510544,1990,0,0,0
4.0139,25729,257520544,1975,0,0,0
4.0239,25730,257530544,1918,0,0,0
4.0339,25731,257540544,1871,0,0,0
4.0438,25732,257550544,1813,0,0,0
4.0539,25733,257560544,1776,0,0,0
4.0641,25734,257570544,1745,0,0,0
4.0748,25735,257580544,1747,0,0,0
4.0838,25736,257590544,1738,0,0,0
4.0939,25737,257600544,1742,0,0,0
4.1038,25738,257610544,1744,0,0,0
4.1138,25739,257620544,1756,0,0,0
4.1239,25740,257630544,1759,0,0,0
4.1337,25741,257640544,1766,0,0,0
4.1439,25742,257650544,1757,0,0,0
4.1538,25743,257660544,1775,0,0,0
4.1638,25744,257670544,1776,0,0,0
4.1739,25745,257680544,1791,0,0,0
4.1839,25746,257690544,1793,0,0,0
4.1939,25747,257700544,1795,0,0,0
4.2038,25748,257710544,1801,0,0,0
4.2139,25749,257720544,1811,0,0,0
4.2239,25750,257730544,1808,0,0,0
4.2339,25751,257740544,1823,0,0,0
4.2440,25752,257750544,1821,0,0,0
4.2539,25753,257760544,1824,0,0,0
4.2640,25754,257770544,1822,0,0,0
4.2739,25755,257780544,1825,0,0,0
4.2839,25756,257790544,1824,0,0,0
4.2938,25757,257800544,1834,0,0,0
4.3038,25758,257810544,1829,0,0,0
4.3141,25759,257820544,1836,0,0,0
4.3237,25760,257830544,1834,0,0,0
4.3338,25761,257840544,1840,0,0,0
4.3440,25762,257850544,1840,0,0,0
4.3537,25763,257860544,1842,0,0,0
4.3638,25764,257870544,1837,0,0,0
4.3738,25765,257880544,1843,0,0,0
4.3839,25766,257890544,1840,0,0,0
4.3938,25767,257900544,1843,0,0,0
4.4037,25768,257910544,1829,0,0,0
4.4137,25769,257920544,1834,0,0,0
4.4239,25770,257930544,1834,0,0,0
4.4339,25771,257940544,1843,0,0,0
4.4438,25772,257950544,1839,0,0,0
4.4541,25773,257960544,1850,0,0,0
4.4639,25774,257970544,1858,0,0,0
4.4737,25775,257980544,1854,0,0,0
4.4839,25776,257990544,1859,0,0,0
4.4938,25777,258000544,1877,0,0,0
4.5038,25778,258010544,1851,0,0,0
4.5140,25779,258020544,1863,0,0,0
4.5238,25780,258030544,1878,0,0,0
4.5338,25781,258040544,1904,0,0,0
4.5439,25782,258050544,1935,0,0,0
4.5538,25783,258060544,1984,0,0,0
4.5669,25784,258070544,2003,0,0,0
4.5738,25785,258080544,1926,0,0,0
4.5837,25786,258090544,1874,0,0,0
4.5938,25787,258100544,1865,0,0,0
4.6038,25788,258110544,1837,0,0,0
4.6138,25789,258120544,1838,0,0,0
4.6239,25790,258130544,1814,0,0,0
4.6338,25791,258140544,1824,0,0,0
4.6438,25792,258150544,1817,0,0,0
4.6538,25793,258160544,1806,0,0,0
4.6639,25794,258170544,1727,0,0,0
4.6738,25795,258180544,1950,0,0,0
4.6841,25796,258190544,2559,0,0,0
4.6938,25797,258200544,3437,0,0,0
4.7040,25798,258210544,2559,0,0,0
4.7139,25799,258220544,1711,0,0,0
4.7238,25800,258230544,1443,0,0,0
4.7341,25801,258240544,1529,0,0,0
4.7439,25802,258250544,1743,0,0,0
4.7538,25803,258260544,1766,0,0,0
4.7640,25804,258270544,1782,0,0,0
4.7740,25805,258280544,1803,0,0,0
4.7839,25806,258290544,1810,0,0,0
4.7939,25807,258300544,1827,0,0,0
4.8039,25808,258310544,1830,0,0,0
4.8140,25809,258320544,1847,0,0,0
4.8240,25810,258330544,1856,0,0,0
4.8339,25811,258340544,1867,0,0,0
4.8438,25812,258350544,1871,0,0,0
4.8542,25813,258360544,1902,0,0,0
4.8639,25814,258370544,1911,0,0,0
4.8738,25815,258380544,1936,0,0,0
4.8838,25816,258390544,1965,0,0,0
4.8938,25817,258400544,1986,0,0,0
4.9037,25818,258410544,2004,0,0,0
4.9138,25819,258420544,2001,0,0,0
4.9238,25820,258430544,1995,0,0,0
4.9339,25821,258440544,1968,0,0,0
4.9438,25822,258450544,1913,0,0,0
4.9538,25823,258460544,1872,0,0,0
4.9637,25824,258470544,1824,0,0,0
4.9740,25825,258480544,1790,0,0,0
4.9838,25826,258490544,1773,0,0,0
4.9937,25827,258500544,1761,0,0,0
5.0038,25828,258510544,1756,0,0,0
5.0138,25829,258520544,1750,0,0,0
5.0238,25830,258530544,1760,0,0,0
5.0339,25831,258540544,1762,0,0,0
5.0438,25832,258550544,1758,0,0,0
5.0538,25833,258560544,1762,0,0,0
5.0650,25834,258570544,1769,0,0,0
5.0745,25835,258580544,1771,0,0,0
5.0837,25836,258590544,1776,0,0,0
5.0938,25837,258600544,1781,0,0,0
5.1039,25838,258610544,1783,0,0,0
5.1139,25839,258620544,1792,0,0,0
5.1240,25840,258630544,1788,0,0,0
5.1338,25841,258640544,1791,0,0,0
5.1437,25842,258650544,1791,0,0,0
5.1538,25843,258660544,1799,0,0,0
5.1637,25844,258670544,1797,0,0,0
5.1740,25845,258680544,1803,0,0,0
5.1840,25846,258690544,1800,0,0,0
5.1939,25847,258700544,1799,0,0,0
5.2040,25848,258710544,1794,0,0,0
5.2139,25849,258720544,1794,0,0,0
5.2240,25850,258730544,1807,0,0,0
5.2339,25851,258740544,1808,0,0,0
5.2440,25852,258750544,1808,0,0,0
5.2538,25853,258760544,1813,0,0,0
5.2640,25854,258770544,1813,0,0,0
5.2742,25855,258780544,1810,0,0,0
5.2841,25856,258790544,1809,0,0,0
5.2941,25857,258800544,1821,0,0,0
5.3040,25858,258810544,1815,0,0,0
5.3138,25859,258820544,1818,0,0,0
5.3256,25860,258830544,1824,0,0,0
5.3342,25861,258840544,1825,0,0,0
5.3440,25862,258850544,1825,0,0,0
5.3540,25863,258860544,1824,0,0,0
5.3640,25864,258870544,1831,0,0,0
5.3740,25865,258880544,1825,0,0,0
5.3839,25866,258890544,1831,0,0,0
5.3938,25867,258900544,1821,0,0,0
5.4038,25868,258910544,1827,0,0,0
5.4138,25869,258920544,1819,0,0,0
5.4239,25870,258930544,1830,0,0,0
5.4337,25871,258940544,1839,0,0,0
5.4437,25872,258950544,1840,0,0,0
5.4540,25873,258960544,1837,0,0,0
5.4638,25874,258970544,1859,0,0,0
5.4738,25875,258980544,1895,0,0,0
5.4838,25876,258990544,1945,0,0,0
5.4938,25877,259000544,1980,0,0,0
5.5038,25878,259010544,1967,0,0,0
5.5141,25879,259020544,1881,0,0,0
5.5238,25880,259030544,1867,0,0,0
5.5339,25881,259040544,1838,0,0,0
5.5439,25882,259050544,1826,0,0,0
5.5538,25883,259060544,1811,0,0,0
5.5638,25884,259070544,1805,0,0,0
5.5740,25885,259080544,1807,0,0,0
5.5838,25886,259090544,1801,0,0,0
5.5938,25887,259100544,1751,0,0,0
5.6038,25888,259110544,1712,0,0,0
5.6139,25889,259120544,2096,0,0,0
5.6239,25890,259130544,2830,0,0,0
5.6339,25891,259140544,3395,0,0,0
5.6438,25892,259150544,2070,0,0,0
5.6538,25893,259160544,1535,0,0,0
5.6639,25894,259170544,1441,0,0,0
5.6738,25895,259180544,1664,0,0,0
5.6839,25896,259190544,1744,0,0,0
5.6939,25897,259200544,1743,0,0,0
5.7038,25898,259210544,1768,0,0,0
5.7138,25899,259220544,1776,0,0,0
5.7241,25900,259230544,1791,0,0,0
5.7339,25901,259240544,1799,0,0,0
5.7439,25902,259250544,1818,0,0,0
5.7541,25903,259260544,1829,0,0,0
5.7639,25904,259270544,1851,0,0,0
5.7740,25905,259280544,1860,0,0,0
5.7843,25906,259290544,1881,0,0,0
5.7939,25907,259300544,1890,0,0,0
5.8040,25908,259310544,1920,0,0,0
5.8152,25909,259320544,1943,0,0,0
5.8239,25910,259330544,1983,0,0,0
5.8340,25911,259340544,2000,0,0,0
5.8438,25912,259350544,2021,0,0,0
5.8537,25913,259360544,2015,0,0,0
5.8639,25914,259370544,2003,0,0,0
5.8739,25915,259380544,1965,0,0,0
5.8840,25916,259390544,1918,0,0,0
5.8939,25917,259400544,1868,0,0,0
5.9037,25918,259410544,1826,0,0,0
5.9137,25919,259420544,1787,0,0,0
5.9239,25920,259430544,1767,0,0,0
5.9337,25921,259440544,1751,0,0,0
5.9438,25922,259450544,1764,0,0,0
5.9540,25923,259460544,1749,0,0,0
5.9638,25924,259470544,1765,0,0,0
5.9738,25925,259480544,1754,0,0,0
5.9839,25926,259490544,1770,0,0,0
5.9939,25927,259500544,1767,0,0,0
6.0040,25928,259510544,1783,0,0,0
6.0140,25929,259520544,1775,0,0,0
6.0239,25930,259530544,1786,0,0,0
6.0340,25931,259540544,1776,0,0,0
6.0441,25932,259550544,1797,0,0,0
6.0540,25933,259560544,1801,0,0,0
6.0649,25934,259570544,1807,0,0,0
6.0740,25935,259580544,1807,0,0,0
6.0840,25936,259590544,1815,0,0,0
6.0938,25937,259600544,1808,0,0,0
6.1038,25938,259610544,1812,0,0,0
6.1138,25939,259620544,1805,0,0,0
6.1239,25940,259630544,1814,0,0,0
6.1338,25941,259640544,1808,0,0,0
6.1437,25942,259650544,1811,0,0,0
6.1539,25943,259660544,1802,0,0,0
6.1642,25944,259670544,1815,0,0,0
6.1740,25945,259680544,1807,0,0,0
6.1841,25946,259690544,1810,0,0,0
6.1942,25947,259700544,1808,0,0,0
6.2039,25948,259710544,1814,0,0,0
6.2140,25949,259720544,1812,0,0,0
6.2240,25950,259730544,1823,0,0,0
6.2340,25951,259740544,1812,0,0,0
6.2440,25952,259750544,1831,0,0,0
6.2540,25953,259760544,1833,0,0,0
6.2637,25954,259770544,1842,0,0,0
6.2739,25955,259780544,1843,0,0,0
6.2841,25956,259790544,1847,0,0,0
6.2942,25957,259800544,1837,0,0,0
6.3038,25958,259810544,1841,0,0,0
6.3147,25959,259820544,1840,0,0,0
6.3240,25960,259830544,1853,0,0,0
6.3339,25961,259840544,1841,0,0,0
6.3437,25962,259850544,1846,0,0,0
6.3538,25963,259860544,1838,0,0,0
6.3640,25964,259870544,1847,0,0,0
6.3738,25965,259880544,1837,0,0,0
6.3838,25966,259890544,1845,0,0,0
6.3939,25967,259900544,1839,0,0,0
6.4037,25968,259910544,1849,0,0,0
6.4138,25969,259920544,1840,0,0,0
6.4238,25970,259930544,1860,0,0,0
6.4339,25971,259940544,1902,0,0,0
6.4438,25972,259950544,1946,0,0,0
6.4538,25973,259960544,1983,0,0,0
6.4641,25974,259970544,1959,0,0,0
6.4739,25975,259980544,1863,0,0,0
6.4838,25976,259990544,1853,0,0,0
6.4939,25977,260000544,1821,0,0,0
6.5044,25978,260010544,1827,0,0,0
6.5140,25979,260020544,1809,0,0,0
6.5241,25980,260030544,1810,0,0,0
6.5338,25981,260040544,1805,0,0,0
6.5438,25982,260050544,1801,0,0,0
6.5540,25983,260060544,1734,0,0,0
6.5638,25984,260070544,1767,0,0,0
6.5737,25985,260080544,2237,0,0,0
6.5839,25986,260090544,3063,0,0,0
6.5940,25987,260100544,3150,0,0,0
6.6038,25988,260110544,1851,0,0,0
6.6144,25989,260120544,1503,0,0,0
6.6238,25990,260130544,1478,0,0,0
6.6340,25991,260140544,1680,0,0,0
6.6438,25992,260150544,1733,0,0,0
6.6540,25993,260160544,1733,0,0,0
6.6639,25994,260170544,1767,0,0,0
6.6826,25995,260180544,1767,0,0,0
6.6837,25996,260190544,1794,0,0,0
6.6939,25997,260200544,1798,0,0,0
6.7038,25998,260210544,1815,0,0,0
6.7141,25999,260220544,1823,0,0,0
6.7239,26000,260230544,1846,0,0,0
6.7338,26001,260240544,1847,0,0,0
6.7438,26002,260250544,1872,0,0,0
6.7538,26003,260260544,1888,0,0,0
6.7639,26004,260270544,1920,0,0,0
6.7739,26005,260280544,1932,0,0,0
6.7839,26006,260290544,1971,0,0,0
6.7938,26007,260300544,1994,0,0,0
6.8038,26008,260310544,2009,0,0,0
6.8146,26009,260320544,2002,0,0,0
6.8239,26010,260330544,1991,0,0,0
6.8338,26011,260340544,1941,0,0,0
6.8438,26012,260350544,1910,0,0,0
6.8538,26013,260360544,1854,0,0,0
6.8639,26014,260370544,1815,0,0,0
6.8739,26015,260380544,1781,0,0,0
6.8841,26016,260390544,1780,0,0,0
6.8940,26017,260400544,1771,0,0,0
6.9040,26018,260410544,1776,0,0,0
6.9141,26019,260420544,1776,0,0,0
6.9240,26020,260430544,1789,0,0,0
6.9340,26021,260440544,1791,0,0,0
6.9439,26022,260450544,1808,0,0,0
6.9540,26023,260460544,1797,0,0,0
6.9641,26024,260470544,1808,0,0,0
6.9740,26025,260480544,1808,0,0,0
6.9839,26026,260490544,1808,0,0,0
6.9939,26027,260500544,1809,0,0,0
7.0039,26028,260510544,1812,0,0,0
7.0144,26029,260520544,1810,0,0,0
7.0239,26030,260530544,1822,0,0,0
7.0341,26031,260540544,1808,0,0,0
7.0440,26032,260550544,1814,0,0,0
7.0539,26033,260560544,1808,0,0,0
7.0640,26034,260570544,1808,0,0,0
7.0738,26035,260580544,1803,0,0,0
7.0838,26036,260590544,1808,0,0,0
7.0938,26037,260600544,1808,0,0,0
7.1038,26038,260610544,1811,0,0,0
7.1139,26039,260620544,1810,0,0,0
7.1238,26040,260630544,1811,0,0,0
7.1339,26041,260640544,1811,0,0,0
7.1438,26042,260650544,1825,0,0,0
7.1540,26043,260660544,1823,0,0,0
7.1642,26044,260670544,1827,0,0,0
7.1740,26045,260680544,1821,0,0,0
7.1841,26046,260690544,1827,0,0,0
7.1940,26047,260700544,1813,0,0,0
7.2039,26048,260710544,1819,0,0,0
7.2141,26049,260720544,1818,0,0,0
7.2238,26050,260730544,1829,0,0,0
7.2341,26051,260740544,1818,0,0,0
7.2445,26052,260750544,1837,0,0,0
7.2541,26053,260760544,1821,0,0,0
7.2640,26054,260770544,1835,0,0,0
7.2741,26055,260780544,1824,0,0,0
7.2842,26056,260790544,1827,0,0,0
7.2940,26057,260800544,1819,0,0,0
7.3039,26058,260810544,1827,0,0,0
7.3140,26059,260820544,1824,0,0,0
7.3240,26060,260830544,1829,0,0,0
7.3344,26061,260840544,1822,0,0,0
7.3441,26062,260850544,1827,0,0,0
7.3547,26063,260860544,1826,0,0,0
7.3640,26064,260870544,1827,0,0,0
7.3738,26065,260880544,1842,0,0,0
7.3844,26066,260890544,1872,0,0,0
7.3938,26067,260900544,1905,0,0,0
7.4038,26068,260910544,1968,0,0,0
7.4138,26069,260920544,1965,0,0,0
7.4239,26070,260930544,1888,0,0,0
7.4340,26071,260940544,1843,0,0,0
7.4438,26072,260950544,1815,0,0,0
7.4539,26073,260960544,1804,0,0,0
7.4638,26074,260970544,1809,0,0,0
7.4741,26075,260980544,1793,0,0,0
7.4838,26076,260990544,1795,0,0,0
7.4937,26077,261000544,1789,0,0,0
7.5039,26078,261010544,1766,0,0,0
7.5139,26079,261020544,1674,0,0,0
7.5239,26080,261030544,1996,0,0,0
7.5338,26081,261040544,2653,0,0,0
7.5439,26082,261050544,3467,0,0,0
7.5539,26083,261060544,2267,0,0,0
7.5650,26084,261070544,1622,0,0,0
7.5739,26085,261080544,1423,0,0,0
7.5839,26086,261090544,1590,0,0,0
7.5941,26087,261100544,1718,0,0,0
7.6038,26088,261110544,1728,0,0,0
7.6141,26089,261120544,1743,0,0,0
7.6250,26090,261130544,1778,0,0,0
7.6339,26091,261140544,1776,0,0,0
7.6439,26092,261150544,1792,0,0,0
7.6539,26093,261160544,1797,0,0,0
7.6639,26094,261170544,1819,0,0,0
7.6738,26095,261180544,1825,0,0,0
7.6839,26096,261190544,1847,0,0,0
7.6938,26097,261200544,1849,0,0,0
7.7038,26098,261210544,1863,0,0,0
7.7139,26099,261220544,1891,0,0,0
7.7237,26100,261230544,1908,0,0,0
7.7338,26101,261240544,1935,0,0,0
7.7439,26102,261250544,1978,0,0,0
7.7539,26103,261260544,1985,0,0,0
7.7637,26104,261270544,1998,0,0,0
7.7740,26105,261280544,1983,0,0,0
7.7839,26106,261290544,1966,0,0,0
7.7939,26107,261300544,1906,0,0,0
7.8041,26108,261310544,1857,0,0,0
7.8140,26109,261320544,1802,0,0,0
7.8238,26110,261330544,1776,0,0,0
7.8341,26111,261340544,1755,0,0,0
7.8439,26112,261350544,1733,0,0,0
7.8538,26113,261360544,1728,0,0,0
7.8639,26114,261370544,1746,0,0,0
7.8738,26115,261380544,1751,0,0,0
7.8837,26116,261390544,1757,0,0,0
7.8938,26117,261400544,1761,0,0,0
7.9038,26118,261410544,1758,0,0,0
7.9139,26119,261420544,1760,0,0,0
7.9240,26120,261430544,1771,0,0,0
7.9338,26121,261440544,1777,0,0,0
7.9440,26122,261450544,1779,0,0,0
7.9543,26123,261460544,1777,0,0,0
7.9641,26124,261470544,1794,0,0,0
7.9738,26125,261480544,1794,0,0,0
7.9842,26126,261490544,1802,0,0,0
7.9940,26127,261500544,1805,0,0,0
8.0040,26128,261510544,1798,0,0,0
8.0141,26129,261520544,1805,0,0,0
8.0239,26130,261530544,1813,0,0,0
8.0340,26131,261540544,1808,0,0,0
8.0441,26132,261550544,1813,0,0,0
8.0539,26133,261560544,1818,0,0,0
8.0660,26134,261570544,1819,0,0,0
8.0738,26135,261580544,1808,0,0,0
8.0844,26136,261590544,1825,0,0,0
8.0940,26137,261600544,1825,0,0,0
8.1040,26138,261610544,1835,0,0,0
8.1139,26139,261620544,1824,0,0,0
8.1237,26140,261630544,1821,0,0,0
8.1340,26141,261640544,1822,0,0,0
8.1438,26142,261650544,1840,0,0,0
8.1538,26143,261660544,1839,0,0,0
8.1639,26144,261670544,1840,0,0,0
8.1741,26145,261680544,1843,0,0,0
8.1838,26146,261690544,1841,0,0,0
8.1941,26147,261700544,1839,0,0,0
8.2040,26148,261710544,1856,0,0,0
8.2140,26149,261720544,1838,0,0,0
8.2239,26150,261730544,1840,0,0,0
8.2340,26151,261740544,1839,0,0,0
8.2438,26152,261750544,1849,0,0,0
8.2540,26153,261760544,1840,0,0,0
8.2672,26154,261770544,1840,0,0,0
8.2737,26155,261780544,1840,0,0,0
8.2843,26156,261790544,1857,0,0,0
8.2939,26157,261800544,1870,0,0,0
8.3038,26158,261810544,1915,0,0,0
8.3148,26159,261820544,1947,0,0,0
8.3237,26160,261830544,2000,0,0,0
8.3338,26161,261840544,1954,0,0,0
8.3438,26162,261850544,1883,0,0,0
8.3543,26163,261860544,1862,0,0,0
8.3639,26164,261870544,1839,0,0,0
8.3737,26165,261880544,1837,0,0,0
8.3838,26166,261890544,1833,0,0,0
8.3937,26167,261900544,1819,0,0,0
8.4038,26168,261910544,1812,0,0,0
8.4138,26169,261920544,1803,0,0,0
8.4237,26170,261930544,1746,0,0,0
8.4338,26171,261940544,1783,0,0,0
8.4439,26172,261950544,2295,0,0,0
8.4538,26173,261960544,3115,0,0,0
8.4639,26174,261970544,3118,0,0,0
8.4737,26175,261980544,1871,0,0,0
8.4838,26176,261990544,1535,0,0,0
8.4939,26177,262000544,1433,0,0,0
8.5038,26178,262010544,1658,0,0,0
8.5137,26179,262020544,1734,0,0,0
8.5239,26180,262030544,1747,0,0,0
8.5338,26181,262040544,1763,0,0,0
8.5438,26182,262050544,1791,0,0,0
8.5539,26183,262060544,1791,0,0,0
8.5640,26184,262070544,1814,0,0,0
8.5760,26185,262080544,1828,0,0,0
8.5843,26186,262090544,1846,0,0,0
8.5938,26187,262100544,1845,0,0,0
8.6039,26188,262110544,1857,0,0,0
8.6140,26189,262120544,1873,0,0,0
8.6238,26190,262130544,1893,0,0,0
8.6339,26191,262140544,1920,0,0,0
8.6438,26192,262150544,1947,0,0,0
8.6540,26193,262160544,1968,0,0,0
8.6638,26194,262170544,1996,0,0,0
8.6739,26195,262180544,2006,0,0,0
8.6838,26196,262190544,2007,0,0,0
8.6938,26197,262200544,1991,0,0,0
8.7039,26198,262210544,1952,0,0,0
8.7138,26199,262220544,1901,0,0,0
8.7239,26200,262230544,1850,0,0,0
8.7340,26201,262240544,1808,0,0,0
8.7438,26202,262250544,1779,0,0,0
8.7538,26203,262260544,1762,0,0,0
8.7640,26204,262270544,1766,0,0,0
8.7737,26205,262280544,1763,0,0,0
8.7840,26206,262290544,1763,0,0,0
8.7939,26207,262300544,1775,0,0,0
8.8039,26208,262310544,1780,0,0,0
8.8154,26209,262320544,1779,0,0,0
8.8238,26210,262330544,1776,0,0,0
8.8339,26211,262340544,1786,0,0,0
8.8438,26212,262350544,1790,0,0,0
8.8538,26213,262360544,1792,0,0,0
8.8639,26214,262370544,1799,0,0,0
8.8739,26215,262380544,1798,0,0,0
8.8838,26216,262390544,1799,0,0,0
8.8937,26217,262400544,1813,0,0,0
8.9038,26218,262410544,1809,0,0,0
8.9138,26219,262420544,1810,0,0,0
8.9240,26220,262430544,1811,0,0,0
8.9338,26221,262440544,1818,0,0,0
8.9438,26222,262450544,1814,0,0,0
8.9539,26223,262460544,1819,0,0,0
8.9639,26224,262470544,1825,0,0,0
8.9738,26225,262480544,1823,0,0,0
8.9838,26226,262490544,1825,0,0,0
8.9940,26227,262500544,1829,0,0,0
9.0038,26228,262510544,1829,0,0,0
9.0138,26229,262520544,1840,0,0,0
9.0238,26230,262530544,1831,0,0,0
9.0339,26231,262540544,1840,0,0,0
9.0440,26232,262550544,1843,0,0,0
9.0538,26233,262560544,1845,0,0,0
9.0659,26234,262570544,1845,0,0,0
9.0738,26235,262580544,1853,0,0,0
9.0838,26236,262590544,1849,0,0,0
9.0940,26237,262600544,1851,0,0,0
9.1040,26238,262610544,1845,0,0,0
9.1140,26239,262620544,1856,0,0,0
9.1237,26240,262630544,1851,0,0,0
9.1338,26241,262640544,1856,0,0,0
9.1439,26242,262650544,1855,0,0,0
9.1538,26243,262660544,1871,0,0,0
9.1638,26244,262670544,1902,0,0,0
9.1739,26245,262680544,1943,0,0,0
9.1839,26246,262690544,1986,0,0,0
9.1939,26247,262700544,1994,0,0,0
9.2040,26248,262710544,1915,0,0,0
9.2139,26249,262720544,1879,0,0,0
9.2239,26250,262730544,1847,0,0,0
9.2339,26251,262740544,1839,0,0,0
9.2439,26252,262750544,1812,0,0,0
9.2539,26253,262760544,1809,0,0,0
9.2641,26254,262770544,1809,0,0,0
9.2738,26255,262780544,1810,0,0,0
9.2840,26256,262790544,1776,0,0,0
9.2941,26257,262800544,1712,0,0,0
9.3040,26258,262810544,2032,0,0,0
9.3139,26259,262820544,2738,0,0,0
9.3241,26260,262830544,3504,0,0,0
9.3340,26261,262840544,2251,0,0,0
9.3440,26262,262850544,1600,0,0,0
9.3539,26263,262860544,1395,0,0,0
9.3642,26264,262870544,1591,0,0,0
9.3741,26265,262880544,1728,0,0,0
9.3841,26266,262890544,1729,0,0,0
9.3937,26267,262900544,1755,0,0,0
9.4038,26268,262910544,1762,0,0,0
9.4138,26269,262920544,1780,0,0,0
9.4238,26270,262930544,1791,0,0,0
9.4339,26271,262940544,1808,0,0,0
9.4438,26272,262950544,1823,0,0,0
9.4538,26273,262960544,1838,0,0,0
9.4638,26274,262970544,1840,0,0,0
9.4739,26275,262980544,1863,0,0,0
9.4839,26276,262990544,1869,0,0,0
9.4940,26277,263000544,1905,0,0,0
9.5039,26278,263010544,1929,0,0,0
9.5139,26279,263020544,1963,0,0,0
9.5239,26280,263030544,1978,0,0,0
9.5338,26281,263040544,2002,0,0,0
9.5439,26282,263050544,2000,0,0,0
9.5539,26283,263060544,1998,0,0,0
9.5643,26284,263070544,1953,0,0,0
9.5738,26285,263080544,1910,0,0,0
9.5840,26286,263090544,1856,0,0,0
9.5939,26287,263100544,1808,0,0,0
9.6038,26288,263110544,1769,0,0,0
9.6140,26289,263120544,1762,0,0,0
9.6238,26290,263130544,1746,0,0,0
9.6339,26291,263140544,1751,0,0,0
9.6438,26292,263150544,1745,0,0,0
9.6538,26293,263160544,1761,0,0,0
9.6638,26294,263170544,1758,0,0,0
9.6737,26295,263180544,1766,0,0,0
9.6837,26296,263190544,1771,0,0,0
9.6939,26297,263200544,1776,0,0,0
9.7039,26298,263210544,1779,0,0,0
9.7138,26299,263220544,1791,0,0,0
9.7241,26300,263230544,1788,0,0,0
9.7340,26301,263240544,1797,0,0,0
9.7440,26302,263250544,1789,0,0,0
9.7540,26303,263260544,1802,0,0,0
9.7640,26304,263270544,1802,0,0,0
9.7739,26305,263280544,1808,0,0,0
9.7837,26306,263290544,1799,0,0,0
9.7937,26307,263300544,1810,0,0,0
9.8038,26308,263310544,1807,0,0,0
9.8142,26309,263320544,1813,0,0,0
9.8238,26310,263330544,1809,0,0,0
9.8340,26311,263340544,1824,0,0,0
9.8439,26312,263350544,1811,0,0,0
9.8539,26313,263360544,1822,0,0,0
9.8639,26314,263370544,1820,0,0,0
9.8737,26315,263380544,1833,0,0,0
9.8839,26316,263390544,1819,0,0,0
9.8938,26317,263400544,1827,0,0,0
9.9038,26318,263410544,1823,0,0,0
9.9139,26319,263420544,1810,0,0,0
9.9237,26320,263430544,1810,0,0,0
9.9338,26321,263440544,1825,0,0,0
9.9439,26322,263450544,1822,0,0,0
9.9539,26323,263460544,1830,0,0,0
9.9637,26324,263470544,1824,0,0,0
9.9739,26325,263480544,1824,0,0,0
9.9838,26326,263490544,1823,0,0,0
9.9938,26327,263500544,1838,0,0,0
10.0039,26328,263510544,1829,0,0,0
10.0149,26329,263520544,1840,0,0,0
10.0278,26330,263530544,1827,0,0,0
10.0384,26331,263540544,1840,0,0,0
10.0448,26332,263550544,1836,0,0,0
10.0580,26333,263560544,1872,0,0,0
10.0648,26334,263570544,1919,0,0,0
10.0738,26335,263580544,1969,0,0,0
10.0839,26336,263590544,1975,0,0,0
10.0942,26337,263600544,1905,0,0,0
10.1037,26338,263610544,1859,0,0,0
10.1139,26339,263620544,1838,0,0,0
10.1238,26340,263630544,1817,0,0,0
10.1339,26341,263640544,1815,0,0,0
10.1447,26342,263650544,1795,0,0,0
10.1540,26343,263660544,1798,0,0,0
10.1639,26344,263670544,1795,0,0,0
10.1739,26345,263680544,1776,0,0,0
10.1839,26346,263690544,1690,0,0,0
10.1988,26347,263700544,1979,0,0,0
10.2049,26348,263710544,2635,0,0,0
10.2159,26349,263720544,3494,0,0,0
10.2320,26350,263730544,2319,0,0,0
10.2339,26351,263740544,1620,0,0,0
10.2502,26352,263750544,1417,0,0,0
10.2549,26353,263760544,1614,0,0,0
10.2637,26354,263770544,1734,0,0,0
10.2738,26355,263780544,1742,0,0,0
10.2840,26356,263790544,1762,0,0,0
10.2939,26357,263800544,1786,0,0,0
10.3040,26358,263810544,1789,0,0,0
10.3139,26359,263820544,1811,0,0,0
10.3243,26360,263830544,1818,0,0,0
10.3340,26361,263840544,1839,0,0,0
10.3442,26362,263850544,1844,0,0,0
10.3539,26363,263860544,1869,0,0,0
10.3672,26364,263870544,1882,0,0,0
10.3780,26365,263880544,1904,0,0,0
10.3903,26366,263890544,1923,0,0,0
10.3939,26367,263900544,1957,0,0,0
10.4065,26368,263910544,1979,0,0,0
10.4139,26369,263920544,2009,0,0,0
10.4238,26370,263930544,2015,0,0,0
10.4339,26371,263940544,2030,0,0,0
10.4438,26372,263950544,2005,0,0,0
10.4538,26373,263960544,1982,0,0,0
10.4638,26374,263970544,1919,0,0,0
10.4738,26375,263980544,1878,0,0,0
10.4838,26376,263990544,1821,0,0,0
10.4937,26377,264000544,1787,0,0,0
10.5038,26378,264010544,1762,0,0,0
10.5138,26379,264020544,1761,0,0,0
10.5239,26380,264030544,1749,0,0,0
10.5366,26381,264040544,1764,0,0,0
10.5481,26382,264050544,1754,0,0,0
10.5558,26383,264060544,1769,0,0,0
10.5669,26384,264070544,1766,0,0,0
10.5773,26385,264080544,1780,0,0,0
10.5842,26386,264090544,1785,0,0,0
10.5937,26387,264100544,1797,0,0,0
10.6040,26388,264110544,1786,0,0,0
10.6138,26389,264120544,1797,0,0,0
10.6238,26390,264130544,1798,0,0,0
10.6340,26391,264140544,1803,0,0,0
10.6439,26392,264150544,1795,0,0,0
10.6539,26393,264160544,1810,0,0,0
10.6640,26394,264170544,1808,0,0,0
10.6738,26395,264180544,1817,0,0,0
10.6878,26396,264190544,1805,0,0,0
10.6940,26397,264200544,1810,0,0,0
10.7084,26398,264210544,1803,0,0,0
10.7139,26399,264220544,1815,0,0,0
10.7245,26400,264230544,1810,0,0,0
10.7339,26401,264240544,1809,0,0,0
10.7440,26402,264250544,1808,0,0,0
10.7540,26403,264260544,1817,0,0,0
10.7640,26404,264270544,1814,0,0,0
10.7738,26405,264280544,1819,0,0,0
10.7839,26406,264290544,1818,0,0,0
10.7941,26407,264300544,1822,0,0,0
10.8038,26408,264310544,1813,0,0,0
10.8159,26409,264320544,1825,0,0,0
10.8238,26410,264330544,1825,0,0,0
10.8340,26411,264340544,1840,0,0,0
10.8440,26412,264350544,1831,0,0,0
10.8540,26413,264360544,1845,0,0,0
10.8638,26414,264370544,1839,0,0,0
10.8741,26415,264380544,1843,0,0,0
10.8840,26416,264390544,1840,0,0,0
10.8939,26417,264400544,1840,0,0,0
10.9039,26418,264410544,1839,0,0,0
10.9139,26419,264420544,1841,0,0,0
10.9238,26420,264430544,1840,0,0,0
10.9339,26421,264440544,1849,0,0,0
10.9438,26422,264450544,1841,0,0,0
10.9537,26423,264460544,1867,0,0,0
10.9638,26424,264470544,1898,0,0,0
10.9738,26425,264480544,1947,0,0,0
10.9841,26426,264490544,1985,0,0,0
10.9938,26427,264500544,1966,0,0,0
11.0039,26428,264510544,1872,0,0,0
11.0138,26429,264520544,1854,0,0,0
11.0238,26430,264530544,1829,0,0,0
11.0339,26431,264540544,1825,0,0,0
11.0439,26432,264550544,1808,0,0,0
11.0541,26433,264560544,1815,0,0,0
11.0638,26434,264570544,1809,0,0,0
11.0745,26435,264580544,1798,0,0,0
11.0840,26436,264590544,1729,0,0,0
11.0938,26437,264600544,1749,0,0,0
11.1039,26438,264610544,2217,0,0,0
11.1140,26439,264620544,3038,0,0,0
11.1237,26440,264630544,3158,0,0,0
11.1339,26441,264640544,1873,0,0,0
11.1439,26442,264650544,1533,0,0,0
11.1539,26443,264660544,1476,0,0,0
11.1639,26444,264670544,1680,0,0,0
11.1739,26445,264680544,1734,0,0,0
11.1839,26446,264690544,1741,0,0,0
11.1938,26447,264700544,1774,0,0,0
11.2041,26448,264710544,1766,0,0,0
11.2140,26449,264720544,1776,0,0,0
11.2239,26450,264730544,1797,0,0,0
11.2338,26451,264740544,1818,0,0,0
11.2438,26452,264750544,1829,0,0,0
11.2538,26453,264760544,1845,0,0,0
11.2639,26454,264770544,1847,0,0,0
11.2739,26455,264780544,1863,0,0,0
11.2838,26456,264790544,1876,0,0,0
11.2939,26457,264800544,1909,0,0,0
11.3038,26458,264810544,1926,0,0,0
11.3137,26459,264820544,1967,0,0,0
11.3264,26460,264830544,1983,0,0,0
11.3339,26461,264840544,2003,0,0,0
11.3439,26462,264850544,1994,0,0,0
11.3540,26463,264860544,1979,0,0,0
11.3639,26464,264870544,1946,0,0,0
11.3738,26465,264880544,1904,0,0,0
11.3838,26466,264890544,1839,0,0,0
11.3937,26467,264900544,1805,0,0,0
11.4038,26468,264910544,1765,0,0,0
11.4140,26469,264920544,1754,0,0,0
11.4239,26470,264930544,1743,0,0,0
11.4338,26471,264940544,1755,0,0,0
11.4439,26472,264950544,1749,0,0,0
11.4538,26473,264960544,1754,0,0,0
11.4639,26474,264970544,1759,0,0,0
11.4739,26475,264980544,1771,0,0,0
11.4839,26476,264990544,1771,0,0,0
11.4940,26477,265000544,1776,0,0,0
11.5039,26478,265010544,1776,0,0,0
11.5140,26479,265020544,1793,0,0,0
11.5238,26480,265030544,1791,0,0,0
11.5338,26481,265040544,1793,0,0,0
11.5439,26482,265050544,1792,0,0,0
11.5538,26483,265060544,1797,0,0,0
11.5638,26484,265070544,1808,0,0,0
11.5739,26485,265080544,1818,0,0,0
11.5839,26486,265090544,1804,0,0,0
11.5939,26487,265100544,1819,0,0,0
11.6039,26488,265110544,1812,0,0,0
11.6138,26489,265120544,1810,0,0,0
11.6238,26490,265130544,1819,0,0,0
11.6339,26491,265140544,1831,0,0,0
11.6439,26492,265150544,1810,0,0,0
11.6540,26493,265160544,1820,0,0,0
11.6637,26494,265170544,1822,0,0,0
11.6739,26495,265180544,1828,0,0,0
11.6838,26496,265190544,1825,0,0,0
11.6938,26497,265200544,1829,0,0,0
11.7038,26498,265210544,1819,0,0,0
11.7138,26499,265220544,1830,0,0,0
11.7238,26500,265230544,1828,0,0,0
11.7339,26501,265240544,1827,0,0,0
11.7438,26502,265250544,1818,0,0,0
11.7538,26503,265260544,1829,0,0,0
11.7638,26504,265270544,1815,0,0,0
11.7738,26505,265280544,1829,0,0,0
11.7838,26506,265290544,1826,0,0,0
11.7938,26507,265300544,1838,0,0,0
11.8038,26508,265310544,1877,0,0,0
11.8140,26509,265320544,1930,0,0,0
11.8237,26510,265330544,1975,0,0,0
11.8339,26511,265340544,1968,0,0,0
11.8438,26512,265350544,1873,0,0,0
11.8538,26513,265360544,1854,0,0,0
11.8639,26514,265370544,1834,0,0,0
11.8739,26515,265380544,1826,0,0,0
11.8840,26516,265390544,1809,0,0,0
11.8938,26517,265400544,1805,0,0,0
11.9039,26518,265410544,1794,0,0,0
11.9139,26519,265420544,1800,0,0,0
11.9238,26520,265430544,1759,0,0,0
11.9338,26521,265440544,1726,0,0,0
11.9438,26522,265450544,2123,0,0,0
11.9538,26523,265460544,2879,0,0,0
11.9639,26524,265470544,3344,0,0,0
11.9738,26525,265480544,2027,0,0,0
11.9839,26526,265490544,1599,0,0,0
11.9939,26527,265500544,1431,0,0,0
12.0039,26528,265510544,1624,0,0,0
12.0139,26529,265520544,1735,0,0,0
12.0239,26530,265530544,1743,0,0,0
12.0337,26531,265540544,1761,0,0,0
12.0440,26532,265550544,1782,0,0,0
12.0541,26533,265560544,1796,0,0,0
12.0638,26534,265570544,1806,0,0,0
12.0742,26535,265580544,1817,0,0,0
12.0841,26536,265590544,1834,0,0,0
12.0939,26537,265600544,1841,0,0,0
12.1039,26538,265610544,1858,0,0,0
12.1139,26539,265620544,1872,0,0,0
12.1238,26540,265630544,1886,0,0,0
12.1339,26541,265640544,1908,0,0,0
12.1439,26542,265650544,1935,0,0,0
12.1537,26543,265660544,1968,0,0,0
12.1637,26544,265670544,1985,0,0,0
12.1738,26545,265680544,2000,0,0,0
12.1838,26546,265690544,2005,0,0,0
12.1937,26547,265700544,1994,0,0,0
12.2039,26548,265710544,1962,0,0,0
12.2139,26549,265720544,1909,0,0,0
12.2238,26550,265730544,1853,0,0,0
12.2341,26551,265740544,1811,0,0,0
12.2439,26552,265750544,1779,0,0,0
12.2539,26553,265760544,1763,0,0,0
12.2637,26554,265770544,1758,0,0,0
12.2738,26555,265780544,1761,0,0,0
12.2837,26556,265790544,1770,0,0,0
12.2938,26557,265800544,1772,0,0,0
12.3037,26558,265810544,1775,0,0,0
12.3139,26559,265820544,1782,0,0,0
12.3240,26560,265830544,1783,0,0,0
12.3337,26561,265840544,1787,0,0,0
12.3438,26562,265850544,1785,0,0,0
12.3539,26563,265860544,1795,0,0,0
12.3640,26564,265870544,1805,0,0,0
12.3737,26565,265880544,1808,0,0,0
12.3838,26566,265890544,1801,0,0,0
12.3938,26567,265900544,1809,0,0,0
12.4037,26568,265910544,1808,0,0,0
12.4141,26569,265920544,1810,0,0,0
12.4238,26570,265930544,1808,0,0,0
12.4337,26571,265940544,1809,0,0,0
12.4439,26572,265950544,1815,0,0,0
12.4537,26573,265960544,1815,0,0,0
12.4637,26574,265970544,1821,0,0,0
12.4739,26575,265980544,1829,0,0,0
12.4839,26576,265990544,1834,0,0,0
12.4938,26577,266000544,1834,0,0,0
12.5041,26578,266010544,1835,0,0,0
12.5139,26579,266020544,1840,0,0,0
12.5238,26580,266030544,1839,0,0,0
12.5337,26581,266040544,1831,0,0,0
12.5438,26582,266050544,1839,0,0,0
12.5541,26583,266060544,1840,0,0,0
12.5637,26584,266070544,1842,0,0,0
12.5738,26585,266080544,1841,0,0,0
12.5840,26586,266090544,1846,0,0,0
12.5939,26587,266100544,1844,0,0,0
12.6039,26588,266110544,1855,0,0,0
12.6140,26589,266120544,1881,0,0,0
12.6239,26590,266130544,1931,0,0,0
12.6339,26591,266140544,1968,0,0,0
12.6438,26592,266150544,2005,0,0,0
12.6539,26593,266160544,1938,0,0,0
12.6638,26594,266170544,1875,0,0,0
12.6738,26595,266180544,1853,0,0,0
12.6839,26596,266190544,1840,0,0,0
12.6938,26597,266200544,1823,0,0,0
12.7038,26598,266210544,1818,0,0,0
12.7138,26599,266220544,1819,0,0,0
12.7238,26600,266230544,1814,0,0,0
12.7339,26601,266240544,1793,0,0,0
12.7439,26602,266250544,1712,0,0,0
12.7538,26603,266260544,1887,0,0,0
12.7640,26604,266270544,2429,0,0,0
12.7739,26605,266280544,3344,0,0,0
12.7839,26606,266290544,2783,0,0,0
12.7940,26607,266300544,1731,0,0,0
12.8039,26608,266310544,1467,0,0,0
12.8186,26609,266320544,1518,0,0,0
12.8239,26610,266330544,1728,0,0,0
12.8339,26611,266340544,1743,0,0,0
12.8439,26612,266350544,1757,0,0,0
12.8540,26613,266360544,1773,0,0,0
12.8638,26614,266370544,1795,0,0,0
12.8740,26615,266380544,1802,0,0,0
12.8838,26616,266390544,1809,0,0,0
12.8939,26617,266400544,1813,0,0,0
12.9039,26618,266410544,1840,0,0,0
12.9139,26619,266420544,1850,0,0,0
12.9239,26620,266430544,1869,0,0,0
12.9338,26621,266440544,1890,0,0,0
12.9439,26622,266450544,1905,0,0,0
12.9538,26623,266460544,1936,0,0,0
12.9638,26624,266470544,1977,0,0,0
12.9738,26625,266480544,1983,0,0,0
12.9840,26626,266490544,1999,0,0,0
12.9939,26627,266500544,2000,0,0,0
13.0041,26628,266510544,1993,0,0,0
13.0139,26629,266520544,1977,0,0,0
13.0238,26630,266530544,1958,0,0,0
13.0340,26631,266540544,1876,0,0,0
13.0439,26632,266550544,1827,0,0,0
13.0538,26633,266560544,1791,0,0,0
13.0669,26634,266570544,1767,0,0,0
13.0738,26635,266580544,1763,0,0,0
13.0843,26636,266590544,1759,0,0,0
13.0941,26637,266600544,1761,0,0,0
13.1037,26638,266610544,1773,0,0,0
13.1137,26639,266620544,1769,0,0,0
13.1239,26640,266630544,1775,0,0,0
13.1338,26641,266640544,1777,0,0,0
13.1438,26642,266650544,1786,0,0,0
13.1538,26643,266660544,1796,0,0,0
13.1637,26644,266670544,1802,0,0,0
13.1738,26645,266680544,1797,0,0,0
13.1840,26646,266690544,1807,0,0,0
13.1937,26647,266700544,1802,0,0,0
13.2039,26648,266710544,1807,0,0,0
13.2140,26649,266720544,1803,0,0,0
13.2238,26650,266730544,1806,0,0,0
13.2340,26651,266740544,1807,0,0,0
13.2441,26652,266750544,1810,0,0,0
13.2538,26653,266760544,1811,0,0,0
13.2639,26654,266770544,1811,0,0,0
13.2739,26655,266780544,1818,0,0,0
13.2837,26656,266790544,1825,0,0,0
13.2939,26657,266800544,1825,0,0,0
13.3038,26658,266810544,1825,0,0,0
13.3139,26659,266820544,1823,0,0,0
13.3241,26660,266830544,1835,0,0,0
13.3339,26661,266840544,1827,0,0,0
13.3439,26662,266850544,1830,0,0,0
13.3538,26663,266860544,1837,0,0,0
13.3639,26664,266870544,1843,0,0,0
13.3738,26665,266880544,1840,0,0,0
13.3840,26666,266890544,1843,0,0,0
13.3939,26667,266900544,1833,0,0,0
13.4038,26668,266910544,1838,0,0,0
13.4139,26669,266920544,1839,0,0,0
13.4238,26670,266930544,1839,0,0,0
13.4338,26671,266940544,1839,0,0,0
13.4438,26672,266950544,1840,0,0,0
13.4539,26673,266960544,1847,0,0,0
13.4638,26674,266970544,1871,0,0,0
13.4740,26675,266980544,1904,0,0,0
13.4837,26676,266990544,1950,0,0,0
13.4940,26677,267000544,1985,0,0,0
13.5040,26678,267010544,1962,0,0,0
13.5139,26679,267020544,1872,0,0,0
13.5239,26680,267030544,1851,0,0,0
13.5338,26681,267040544,1823,0,0,0
13.5437,26682,267050544,1829,0,0,0
13.5537,26683,267060544,1811,0,0,0
13.5644,26684,267070544,1808,0,0,0
13.5737,26685,267080544,1799,0,0,0
13.5838,26686,267090544,1799,0,0,0
13.5939,26687,267100544,1739,0,0,0
13.6037,26688,267110544,1743,0,0,0
13.6138,26689,267120544,2194,0,0,0
13.6238,26690,267130544,3013,0,0,0
13.6340,26691,267140544,3222,0,0,0
13.6438,26692,267150544,1904,0,0,0
13.6538,26693,267160544,1531,0,0,0
13.6637,26694,267170544,1470,0,0,0
13.6738,26695,267180544,1685,0,0,0
13.6838,26696,267190544,1742,0,0,0
13.6937,26697,267200544,1735,0,0,0
13.7037,26698,267210544,1765,0,0,0
13.7139,26699,267220544,1771,0,0,0
13.7238,26700,267230544,1796,0,0,0
13.7338,26701,267240544,1803,0,0,0
13.7440,26702,267250544,1815,0,0,0
13.7539,26703,267260544,1824,0,0,0
13.7640,26704,267270544,1847,0,0,0
13.7740,26705,267280544,1855,0,0,0
13.7838,26706,267290544,1877,0,0,0
13.7939,26707,267300544,1891,0,0,0
13.8040,26708,267310544,1913,0,0,0
13.8137,26709,267320544,1936,0,0,0
13.8237,26710,267330544,1977,0,0,0
13.8339,26711,267340544,1991,0,0,0
13.8439,26712,267350544,2009,0,0,0
13.8540,26713,267360544,2004,0,0,0
13.8639,26714,267370544,1987,0,0,0
13.8738,26715,267380544,1940,0,0,0
13.8839,26716,267390544,1904,0,0,0
13.8948,26717,267400544,1845,0,0,0
13.9038,26718,267410544,1807,0,0,0
13.9139,26719,267420544,1776,0,0,0
13.9237,26720,267430544,1769,0,0,0
13.9339,26721,267440544,1758,0,0,0
13.9438,26722,267450544,1761,0,0,0
13.9539,26723,267460544,1760,0,0,0
13.9639,26724,267470544,1771,0,0,0
13.9738,26725,267480544,1770,0,0,0
13.9839,26726,267490544,1776,0,0,0
13.9939,26727,267500544,1777,0,0,0
14.0039,26728,267510544,1787,0,0,0
14.0140,26729,267520544,1779,0,0,0
14.0238,26730,267530544,1799,0,0,0
14.0339,26731,267540544,1792,0,0,0
14.0439,26732,267550544,1801,0,0,0
14.0536,26733,267560544,1791,0,0,0
14.0637,26734,267570544,1803,0,0,0
14.0737,26735,267580544,1795,0,0,0
14.0837,26736,267590544,1805,0,0,0
14.0938,26737,267600544,1789,0,0,0
14.1039,26738,267610544,1801,0,0,0
14.1140,26739,267620544,1793,0,0,0
14.1239,26740,267630544,1808,0,0,0
14.1342,26741,267640544,1791,0,0,0
14.1439,26742,267650544,1809,0,0,0
14.1540,26743,267660544,1803,0,0,0
14.1642,26744,267670544,1809,0,0,0
14.1738,26745,267680544,1802,0,0,0
14.1840,26746,267690544,1813,0,0,0
14.1941,26747,267700544,1813,0,0,0
14.2040,26748,267710544,1823,0,0,0
14.2141,26749,267720544,1810,0,0,0
14.2244,26750,267730544,1827,0,0,0
14.2340,26751,267740544,1829,0,0,0
14.2439,26752,267750544,1831,0,0,0
14.2537,26753,267760544,1825,0,0,0
14.2638,26754,267770544,1827,0,0,0
14.2737,26755,267780544,1821,0,0,0
14.2838,26756,267790544,1839,0,0,0
14.2939,26757,267800544,1820,0,0,0
14.3038,26758,267810544,1835,0,0,0
14.3138,26759,267820544,1835,0,0,0
14.3249,26760,267830544,1847,0,0,0
14.3340,26761,267840544,1841,0,0,0
14.3438,26762,267850544,1870,0,0,0
14.3538,26763,267860544,1910,0,0,0
14.3638,26764,267870544,1951,0,0,0
14.3739,26765,267880544,1989,0,0,0
14.3839,26766,267890544,1939,0,0,0
14.3938,26767,267900544,1851,0,0,0
14.4038,26768,267910544,1846,0,0,0
14.4139,26769,267920544,1827,0,0,0
14.4239,26770,267930544,1815,0,0,0
14.4337,26771,267940544,1797,0,0,0
14.4438,26772,267950544,1805,0,0,0
14.4540,26773,267960544,1795,0,0,0
14.4638,26774,267970544,1787,0,0,0
14.4739,26775,267980544,1710,0,0,0
14.4838,26776,267990544,1801,0,0,0
14.4938,26777,268000544,2325,0,0,0
14.5038,26778,268010544,3216,0,0,0
14.5139,26779,268020544,2882,0,0,0
14.5237,26780,268030544,1754,0,0,0
14.5341,26781,268040544,1482,0,0,0
14.5438,26782,268050544,1502,0,0,0
14.5539,26783,268060544,1701,0,0,0
14.5640,26784,268070544,1741,0,0,0
14.5741,26785,268080544,1735,0,0,0
14.5837,26786,268090544,1770,0,0,0
14.5939,26787,268100544,1775,0,0,0
14.6046,26788,268110544,1786,0,0,0
14.6137,26789,268120544,1797,0,0,0
14.6236,26790,268130544,1813,0,0,0
14.6340,26791,268140544,1823,0,0,0
14.6438,26792,268150544,1834,0,0,0
14.6537,26793,268160544,1847,0,0,0
14.6638,26794,268170544,1871,0,0,0
14.6739,26795,268180544,1883,0,0,0
14.6838,26796,268190544,1911,0,0,0
14.6937,26797,268200544,1936,0,0,0
14.7038,26798,268210544,1968,0,0,0
14.7137,26799,268220544,1978,0,0,0
14.7238,26800,268230544,1987,0,0,0
14.7340,26801,268240544,1979,0,0,0
14.7440,26802,268250544,1966,0,0,0
14.7541,26803,268260544,1911,0,0,0
14.7641,26804,268270544,1872,0,0,0
14.7739,26805,268280544,1834,0,0,0
14.7840,26806,268290544,1791,0,0,0
14.7943,26807,268300544,1759,0,0,0
14.8042,26808,268310544,1753,0,0,0
14.8138,26809,268320544,1748,0,0,0
14.8239,26810,268330544,1757,0,0,0
14.8340,26811,268340544,1746,0,0,0
14.8439,26812,268350544,1757,0,0,0
14.8545,26813,268360544,1751,0,0,0
14.8640,26814,268370544,1759,0,0,0
14.8739,26815,268380544,1772,0,0,0
14.8840,26816,268390544,1777,0,0,0
14.8940,26817,268400544,1777,0,0,0
14.9037,26818,268410544,1791,0,0,0
14.9140,26819,268420544,1788,0,0,0
14.9238,26820,268430544,1798,0,0,0
14.9340,26821,268440544,1795,0,0,0
14.9439,26822,268450544,1805,0,0,0
14.9537,26823,268460544,1808,0,0,0
14.9638,26824,268470544,1808,0,0,0
14.9739,26825,268480544,1798,0,0,0
14.9839,26826,268490544,1811,0,0,0
14.9940,26827,268500544,1808,0,0,0
15.0041,26828,268510544,1817,0,0,0
15.0138,26829,268520544,1814,0,0,0
15.0239,26830,268530544,1815,0,0,0
15.0340,26831,268540544,1819,0,0,0
15.0440,26832,268550544,1825,0,0,0
15.0539,26833,268560544,1818,0,0,0
15.0651,26834,268570544,1823,0,0,0
15.0736,26835,268580544,1823,0,0,0
15.0841,26836,268590544,1830,0,0,0
15.0938,26837,268600544,1814,0,0,0
15.1037,26838,268610544,1825,0,0,0
15.1140,26839,268620544,1818,0,0,0
15.1238,26840,268630544,1831,0,0,0
15.1337,26841,268640544,1823,0,0,0
15.1438,26842,268650544,1830,0,0,0
15.1539,26843,268660544,1833,0,0,0
15.1640,26844,268670544,1837,0,0,0
15.1739,26845,268680544,1829,0,0,0
15.1839,26846,268690544,1835,0,0,0
15.1940,26847,268700544,1827,0,0,0
15.2038,26848,268710544,1845,0,0,0
15.2138,26849,268720544,1873,0,0,0
15.2238,26850,268730544,1919,0,0,0
15.2341,26851,268740544,1967,0,0,0
15.2441,26852,268750544,1968,0,0,0
15.2541,26853,268760544,1883,0,0,0
15.2640,26854,268770544,1863,0,0,0
15.2739,26855,268780544,1822,0,0,0
15.2839,26856,268790544,1822,0,0,0
15.2940,26857,268800544,1804,0,0,0
15.3039,26858,268810544,1803,0,0,0
15.3142,26859,268820544,1792,0,0,0
15.3265,26860,268830544,1783,0,0,0
15.3339,26861,268840544,1770,0,0,0
15.3440,26862,268850544,1712,0,0,0
15.3538,26863,268860544,2021,0,0,0
15.3640,26864,268870544,2717,0,0,0
15.3741,26865,268880544,3429,0,0,0
15.3840,26866,268890544,2208,0,0,0
15.3939,26867,268900544,1620,0,0,0
15.4039,26868,268910544,1413,0,0,0
15.4138,26869,268920544,1591,0,0,0
15.4238,26870,268930544,1735,0,0,0
15.4338,26871,268940544,1728,0,0,0
15.4437,26872,268950544,1760,0,0,0
15.4541,26873,268960544,1776,0,0,0
15.4638,26874,268970544,1787,0,0,0
15.4736,26875,268980544,1807,0,0,0
15.4837,26876,268990544,1811,0,0,0
15.4938,26877,269000544,1826,0,0,0
15.5037,26878,269010544,1843,0,0,0
15.5139,26879,269020544,1854,0,0,0
15.5237,26880,269030544,1871,0,0,0
15.5339,26881,269040544,1887,0,0,0
15.5439,26882,269050544,1910,0,0,0
15.5539,26883,269060544,1927,0,0,0
15.5656,26884,269070544,1954,0,0,0
15.5738,26885,269080544,1973,0,0,0
15.5837,26886,269090544,1997,0,0,0
15.5938,26887,269100544,1991,0,0,0
15.6040,26888,269110544,1984,0,0,0
15.6140,26889,269120544,1952,0,0,0
15.6237,26890,269130544,1906,0,0,0
15.6339,26891,269140544,1858,0,0,0
15.6437,26892,269150544,1809,0,0,0
15.6537,26893,269160544,1781,0,0,0
15.6640,26894,269170544,1771,0,0,0
15.6737,26895,269180544,1757,0,0,0
15.6838,26896,269190544,1768,0,0,0
15.6938,26897,269200544,1770,0,0,0
15.7039,26898,269210544,1771,0,0,0
15.7141,26899,269220544,1771,0,0,0
15.7239,26900,269230544,1776,0,0,0
15.7341,26901,269240544,1777,0,0,0
15.7438,26902,269250544,1787,0,0,0
15.7538,26903,269260544,1798,0,0,0
15.7639,26904,269270544,1808,0,0,0
15.7740,26905,269280544,1808,0,0,0
15.7840,26906,269290544,1808,0,0,0
15.7940,26907,269300544,1810,0,0,0
15.8039,26908,269310544,1821,0,0,0
15.8153,26909,269320544,1821,0,0,0
15.8238,26910,269330544,1827,0,0,0
15.8338,26911,269340544,1827,0,0,0
15.8441,26912,269350544,1834,0,0,0
15.8539,26913,269360544,1835,0,0,0
15.8639,26914,269370544,1838,0,0,0
15.8741,26915,269380544,1835,0,0,0
15.8838,26916,269390544,1840,0,0,0
15.8941,26917,269400544,1841,0,0,0
15.9039,26918,269410544,1841,0,0,0
15.9138,26919,269420544,1840,0,0,0
15.9238,26920,269430544,1840,0,0,0
15.9340,26921,269440544,1846,0,0,0
15.9438,26922,269450544,1844,0,0,0
15.9537,26923,269460544,1842,0,0,0
15.9640,26924,269470544,1835,0,0,0
15.9737,26925,269480544,1837,0,0,0
15.9838,26926,269490544,1840,0,0,0
15.9938,26927,269500544,1840,0,0,0
16.0039,26928,269510544,1847,0,0,0
16.0137,26929,269520544,1855,0,0,0
16.0238,26930,269530544,1872,0,0,0
16.0341,26931,269540544,1906,0,0,0
16.0440,26932,269550544,1941,0,0,0
16.0541,26933,269560544,1998,0,0,0
16.0638,26934,269570544,1986,0,0,0
16.0742,26935,269580544,1897,0,0,0
16.0842,26936,269590544,1864,0,0,0
16.0940,26937,269600544,1841,0,0,0
16.1038,26938,269610544,1825,0,0,0
16.1140,26939,269620544,1808,0,0,0
16.1239,26940,269630544,1801,0,0,0
16.1341,26941,269640544,1797,0,0,0
16.1439,26942,269650544,1798,0,0,0
16.1541,26943,269660544,1751,0,0,0
16.1640,26944,269670544,1714,0,0,0
16.1750,26945,269680544,2107,0,0,0
16.1837,26946,269690544,2839,0,0,0
16.1938,26947,269700544,3363,0,0,0
16.2038,26948,269710544,2037,0,0,0
16.2140,26949,269720544,1579,0,0,0
16.2237,26950,269730544,1424,0,0,0
16.2338,26951,269740544,1648,0,0,0
16.2437,26952,269750544,1746,0,0,0
16.2538,26953,269760544,1743,0,0,0
16.2638,26954,269770544,1763,0,0,0
16.2737,26955,269780544,1783,0,0,0
16.2839,26956,269790544,1795,0,0,0
16.2940,26957,269800544,1811,0,0,0
16.3037,26958,269810544,1813,0,0,0
16.3139,26959,269820544,1835,0,0,0
16.3239,26960,269830544,1840,0,0,0
16.3340,26961,269840544,1861,0,0,0
16.3438,26962,269850544,1867,0,0,0
16.3539,26963,269860544,1891,0,0,0
16.3639,26964,269870544,1905,0,0,0
16.3738,26965,269880544,1933,0,0,0
16.3837,26966,269890544,1963,0,0,0
16.3939,26967,269900544,1991,0,0,0
16.4040,26968,269910544,1998,0,0,0
16.4139,26969,269920544,2002,0,0,0
16.4239,26970,269930544,1987,0,0,0
16.4342,26971,269940544,1957,0,0,0
16.4441,26972,269950544,1898,0,0,0
16.4540,26973,269960544,1853,0,0,0
16.4639,26974,269970544,1806,0,0,0
16.4739,26975,269980544,1782,0,0,0
16.4839,26976,269990544,1760,0,0,0
16.4939,26977,270000544,1760,0,0,0
16.5038,26978,270010544,1751,0,0,0
16.5140,26979,270020544,1759,0,0,0
16.5238,26980,270030544,1751,0,0,0
16.5338,26981,270040544,1773,0,0,0
16.5438,26982,270050544,1766,0,0,0
16.5540,26983,270060544,1781,0,0,0
16.5644,26984,270070544,1781,0,0,0
16.5739,26985,270080544,1792,0,0,0
16.5839,26986,270090544,1791,0,0,0
16.5938,26987,270100544,1805,0,0,0
16.6038,26988,270110544,1797,0,0,0
16.6143,26989,270120544,1808,0,0,0
16.6238,26990,270130544,1808,0,0,0
16.6337,26991,270140544,1808,0,0,0
16.6438,26992,270150544,1809,0,0,0
16.6538,26993,270160544,1808,0,0,0
16.6639,26994,270170544,1803,0,0,0
16.6738,26995,270180544,1809,0,0,0
16.6839,26996,270190544,1811,0,0,0
16.6937,26997,270200544,1815,0,0,0
16.7038,26998,270210544,1819,0,0,0
16.7138,26999,270220544,1821,0,0,0
16.7238,27000,270230544,1817,0,0,0
16.7339,27001,270240544,1822,0,0,0
16.7438,27002,270250544,1819,0,0,0
16.7539,27003,270260544,1827,0,0,0
16.7639,27004,270270544,1825,0,0,0
16.7738,27005,270280544,1831,0,0,0
16.7838,27006,270290544,1836,0,0,0
16.7939,27007,270300544,1840,0,0,0
16.8037,27008,270310544,1829,0,0,0
16.8138,27009,270320544,1830,0,0,0
16.8238,27010,270330544,1830,0,0,0
16.8341,27011,270340544,1849,0,0,0
16.8439,27012,270350544,1879,0,0,0
16.8540,27013,270360544,1931,0,0,0
16.8638,27014,270370544,1967,0,0,0
16.8737,27015,270380544,1975,0,0,0
16.8845,27016,270390544,1891,0,0,0
16.8939,27017,270400544,1855,0,0,0
16.9038,27018,270410544,1822,0,0,0
16.9140,27019,270420544,1813,0,0,0
16.9238,27020,270430544,1802,0,0,0
16.9337,27021,270440544,1794,0,0,0
16.9440,27022,270450544,1790,0,0,0
16.9538,27023,270460544,1790,0,0,0
16.9638,27024,270470544,1763,0,0,0
16.9740,27025,270480544,1689,0,0,0
16.9838,27026,270490544,1937,0,0,0
16.9937,27027,270500544,2602,0,0,0
17.0038,27028,270510544,3458,0,0,0
17.0140,27029,270520544,2366,0,0,0
17.0240,27030,270530544,1629,0,0,0
17.0338,27031,270540544,1424,0,0,0
17.0440,27032,270550544,1593,0,0,0
17.0540,27033,270560544,1744,0,0,0
17.0654,27034,270570544,1739,0,0,0
17.0738,27035,270580544,1764,0,0,0
17.0841,27036,270590544,1776,0,0,0
17.0938,27037,270600544,1792,0,0,0
17.1038,27038,270610544,1799,0,0,0
17.1140,27039,270620544,1823,0,0,0
17.1239,27040,270630544,1826,0,0,0
17.1338,27041,270640544,1840,0,0,0
17.1440,27042,270650544,1855,0,0,0
17.1542,27043,270660544,1872,0,0,0
17.1639,27044,270670544,1882,0,0,0
17.1738,27045,270680544,1904,0,0,0
17.1838,27046,270690544,1924,0,0,0
17.1939,27047,270700544,1956,0,0,0
17.2040,27048,270710544,1968,0,0,0
17.2138,27049,270720544,1990,0,0,0
17.2239,27050,270730544,1991,0,0,0
17.2340,27051,270740544,1981,0,0,0
17.2438,27052,270750544,1947,0,0,0
17.2540,27053,270760544,1904,0,0,0
17.2640,27054,270770544,1845,0,0,0
17.2739,27055,270780544,1806,0,0,0
17.2839,27056,270790544,1759,0,0,0
17.2942,27057,270800544,1755,0,0,0
17.3038,27058,270810544,1741,0,0,0
17.3139,27059,270820544,1744,0,0,0
17.3266,27060,270830544,1743,0,0,0
17.3338,27061,270840544,1734,0,0,0
17.3438,27062,270850544,1749,0,0,0
17.3541,27063,270860544,1754,0,0,0
17.3640,27064,270870544,1755,0,0,0
17.3737,27065,270880544,1765,0,0,0
17.3839,27066,270890544,1767,0,0,0
17.3939,27067,270900544,1782,0,0,0
17.4039,27068,270910544,1781,0,0,0
17.4141,27069,270920544,1778,0,0,0
17.4237,27070,270930544,1781,0,0,0
17.4340,27071,270940544,1799,0,0,0
17.4440,27072,270950544,1791,0,0,0
17.4538,27073,270960544,1798,0,0,0
17.4638,27074,270970544,1795,0,0,0
17.4738,27075,270980544,1799,0,0,0
17.4837,27076,270990544,1791,0,0,0
17.4940,27077,271000544,1807,0,0,0
17.5039,27078,271010544,1806,0,0,0
17.5137,27079,271020544,1808,0,0,0
17.5237,27080,271030544,1805,0,0,0
17.5339,27081,271040544,1808,0,0,0
17.5438,27082,271050544,1811,0,0,0
17.5538,27083,271060544,1819,0,0,0
17.5643,27084,271070544,1814,0,0,0
17.5737,27085,271080544,1819,0,0,0
17.5837,27086,271090544,1821,0,0,0
17.5941,27087,271100544,1822,0,0,0
17.6038,27088,271110544,1822,0,0,0
17.6139,27089,271120544,1821,0,0,0
17.6238,27090,271130544,1810,0,0,0
17.6339,27091,271140544,1826,0,0,0
17.6440,27092,271150544,1830,0,0,0
17.6540,27093,271160544,1866,0,0,0
17.6638,27094,271170544,1902,0,0,0
17.6738,27095,271180544,1949,0,0,0
17.6839,27096,271190544,1983,0,0,0
17.6938,27097,271200544,1915,0,0,0
17.7037,27098,271210544,1859,0,0,0
17.7139,27099,271220544,1835,0,0,0
17.7241,27100,271230544,1821,0,0,0
17.7339,27101,271240544,1814,0,0,0
17.7439,27102,271250544,1803,0,0,0
17.7540,27103,271260544,1798,0,0,0
17.7640,27104,271270544,1803,0,0,0
17.7740,27105,271280544,1795,0,0,0
17.7839,27106,271290544,1711,0,0,0
17.7937,27107,271300544,1877,0,0,0
17.8042,27108,271310544,2452,0,0,0
17.8143,27109,271320544,3344,0,0,0
17.8238,27110,271330544,2726,0,0,0
17.8340,27111,271340544,1737,0,0,0
17.8440,27112,271350544,1464,0,0,0
17.8537,27113,271360544,1503,0,0,0
17.8639,27114,271370544,1729,0,0,0
17.8739,27115,271380544,1758,0,0,0
17.8838,27116,271390544,1766,0,0,0
17.8937,27117,271400544,1792,0,0,0
17.9037,27118,271410544,1797,0,0,0
17.9137,27119,271420544,1815,0,0,0
17.9238,27120,271430544,1814,0,0,0
17.9339,27121,271440544,1851,0,0,0
17.9438,27122,271450544,1846,0,0,0
17.9538,27123,271460544,1870,0,0,0
17.9638,27124,271470544,1877,0,0,0
17.9737,27125,271480544,1891,0,0,0
17.9839,27126,271490544,1913,0,0,0
17.9938,27127,271500544,1934,0,0,0
18.0038,27128,271510544,1957,0,0,0
18.0139,27129,271520544,1979,0,0,0
18.0237,27130,271530544,1999,0,0,0
18.0340,27131,271540544,2000,0,0,0
18.0438,27132,271550544,1999,0,0,0
18.0538,27133,271560544,1965,0,0,0
18.0664,27134,271570544,1921,0,0,0
18.0739,27135,271580544,1878,0,0,0
18.0838,27136,271590544,1818,0,0,0
18.0942,27137,271600544,1776,0,0,0
18.1039,27138,271610544,1769,0,0,0
18.1141,27139,271620544,1762,0,0,0
18.1239,27140,271630544,1751,0,0,0
18.1340,27141,271640544,1764,0,0,0
18.1439,27142,271650544,1762,0,0,0
18.1541,27143,271660544,1762,0,0,0
18.1640,27144,271670544,1765,0,0,0
18.1741,27145,271680544,1775,0,0,0
18.1839,27146,271690544,1779,0,0,0
18.1940,27147,271700544,1792,0,0,0
18.2040,27148,271710544,1778,0,0,0
18.2140,27149,271720544,1791,0,0,0
18.2237,27150,271730544,1797,0,0,0
18.2339,27151,271740544,1798,0,0,0
18.2439,27152,271750544,1802,0,0,0
18.2538,27153,271760544,1808,0,0,0
18.2639,27154,271770544,1811,0,0,0
18.2738,27155,271780544,1818,0,0,0
18.2839,27156,271790544,1819,0,0,0
18.2939,27157,271800544,1824,0,0,0
18.3037,27158,271810544,1847,0,0,0
18.3137,27159,271820544,1827,0,0,0
18.3239,27160,271830544,1822,0,0,0
18.3337,27161,271840544,1833,0,0,0
18.3436,27162,271850544,1836,0,0,0
18.3538,27163,271860544,1834,0,0,0
18.3638,27164,271870544,1834,0,0,0
18.3748,27165,271880544,1839,0,0,0
18.3840,27166,271890544,1831,0,0,0
18.3937,27167,271900544,1846,0,0,0
18.4038,27168,271910544,1826,0,0,0
18.4142,27169,271920544,1831,0,0,0
18.4239,27170,271930544,1839,0,0,0
18.4337,27171,271940544,1838,0,0,0
18.4437,27172,271950544,1839,0,0,0
18.4539,27173,271960544,1858,0,0,0
18.4638,27174,271970544,1894,0,0,0
18.4740,27175,271980544,1930,0,0,0
18.4840,27176,271990544,1989,0,0,0
18.4939,27177,272000544,1973,0,0,0
18.5038,27178,272010544,1877,0,0,0
18.5138,27179,272020544,1861,0,0,0
18.5238,27180,272030544,1839,0,0,0
18.5338,27181,272040544,1829,0,0,0
18.5440,27182,272050544,1819,0,0,0
18.5540,27183,272060544,1808,0,0,0
18.5638,27184,272070544,1803,0,0,0
18.5744,27185,272080544,1806,0,0,0
18.5837,27186,272090544,1759,0,0,0
18.5939,27187,272100544,1718,0,0,0
18.6039,27188,272110544,2091,0,0,0
18.6140,27189,272120544,2791,0,0,0
18.6238,27190,272130544,3401,0,0,0
18.6337,27191,272140544,2144,0,0,0
18.6437,27192,272150544,1602,0,0,0
18.6538,27193,272160544,1392,0,0,0
18.6638,27194,272170544,1603,0,0,0
18.6741,27195,272180544,1742,0,0,0
18.6837,27196,272190544,1744,0,0,0
18.6937,27197,272200544,1756,0,0,0
18.7039,27198,272210544,1775,0,0,0
18.7138,27199,272220544,1790,0,0,0
18.7239,27200,272230544,1805,0,0,0
18.7341,27201,272240544,1821,0,0,0
18.7440,27202,272250544,1829,0,0,0
18.7538,27203,272260544,1847,0,0,0
18.7640,27204,272270544,1858,0,0,0
18.7739,27205,272280544,1871,0,0,0
18.7838,27206,272290544,1891,0,0,0
18.7941,27207,272300544,1915,0,0,0
18.8039,27208,272310544,1942,0,0,0
18.8138,27209,272320544,1968,0,0,0
18.8239,27210,272330544,1984,0,0,0
18.8340,27211,272340544,1995,0,0,0
18.8439,27212,272350544,1993,0,0,0
18.8538,27213,272360544,1981,0,0,0
18.8638,27214,272370544,1943,0,0,0
18.8738,27215,272380544,1888,0,0,0
18.8838,27216,272390544,1838,0,0,0
18.8939,27217,272400544,1794,0,0,0
18.9038,27218,272410544,1769,0,0,0
18.9138,27219,272420544,1757,0,0,0
18.9238,27220,272430544,1755,0,0,0
18.9338,27221,272440544,1752,0,0,0
18.9438,27222,272450544,1759,0,0,0
18.9537,27223,272460544,1764,0,0,0
18.9638,27224,272470544,1767,0,0,0
18.9738,27225,272480544,1766,0,0,0
18.9838,27226,272490544,1774,0,0,0
18.9939,27227,272500544,1776,0,0,0
19.0039,27228,272510544,1785,0,0,0
19.0138,27229,272520544,1789,0,0,0
19.0238,27230,272530544,1797,0,0,0
19.0340,27231,272540544,1802,0,0,0
19.0438,27232,272550544,1803,0,0,0
19.0540,27233,272560544,1808,0,0,0
19.0639,27234,272570544,1809,0,0,0
19.0741,27235,272580544,1808,0,0,0
19.0837,27236,272590544,1817,0,0,0
19.0939,27237,272600544,1813,0,0,0
19.1038,27238,272610544,1820,0,0,0
19.1139,27239,272620544,1814,0,0,0
19.1240,27240,272630544,1824,0,0,0
19.1339,27241,272640544,1822,0,0,0
19.1438,27242,272650544,1826,0,0,0
19.1540,27243,272660544,1827,0,0,0
19.1639,27244,272670544,1829,0,0,0
19.1739,27245,272680544,1831,0,0,0
19.1838,27246,272690544,1825,0,0,0
19.1939,27247,272700544,1822,0,0,0
19.2039,27248,272710544,1834,0,0,0
19.2139,27249,272720544,1833,0,0,0
19.2239,27250,272730544,1840,0,0,0
19.2342,27251,272740544,1838,0,0,0
19.2439,27252,272750544,1840,0,0,0
19.2541,27253,272760544,1843,0,0,0
19.2640,27254,272770544,1841,0,0,0
19.2741,27255,272780544,1843,0,0,0
19.2840,27256,272790544,1851,0,0,0
19.2939,27257,272800544,1876,0,0,0
19.3039,27258,272810544,1927,0,0,0
19.3139,27259,272820544,1952,0,0,0
19.3239,27260,272830544,2002,0,0,0
19.3337,27261,272840544,1966,0,0,0
19.3438,27262,272850544,1888,0,0,0
19.3540,27263,272860544,1859,0,0,0
19.3639,27264,272870544,1843,0,0,0
19.3738,27265,272880544,1834,0,0,0
19.3839,27266,272890544,1827,0,0,0
19.3940,27267,272900544,1818,0,0,0
19.4038,27268,272910544,1823,0,0,0
19.4141,27269,272920544,1808,0,0,0
19.4237,27270,272930544,1759,0,0,0
19.4338,27271,272940544,1762,0,0,0
19.4439,27272,272950544,2211,0,0,0
19.4538,27273,272960544,2992,0,0,0
19.4640,27274,272970544,3245,0,0,0
19.4738,27275,272980544,1919,0,0,0
19.4838,27276,272990544,1523,0,0,0
19.4937,27277,273000544,1477,0,0,0
19.5039,27278,273010544,1702,0,0,0
19.5138,27279,273020544,1750,0,0,0
19.5239,27280,273030544,1771,0,0,0
19.5338,27281,273040544,1775,0,0,0
19.5438,27282,273050544,1799,0,0,0
19.5539,27283,273060544,1808,0,0,0
19.5640,27284,273070544,1814,0,0,0
19.5756,27285,273080544,1827,0,0,0
19.5837,27286,273090544,1843,0,0,0
19.5937,27287,273100544,1861,0,0,0
19.6038,27288,273110544,1884,0,0,0
19.6139,27289,273120544,1886,0,0,0
19.6239,27290,273130544,1911,0,0,0
19.6337,27291,273140544,1936,0,0,0
19.6437,27292,273150544,1968,0,0,0
19.6539,27293,273160544,1983,0,0,0
19.6639,27294,273170544,2011,0,0,0
19.6738,27295,273180544,2015,0,0,0
19.6840,27296,273190544,2014,0,0,0
19.6938,27297,273200544,1990,0,0,0
19.7039,27298,273210544,1951,0,0,0
19.7138,27299,273220544,1889,0,0,0
19.7239,27300,273230544,1843,0,0,0
19.7339,27301,273240544,1797,0,0,0
19.7439,27302,273250544,1775,0,0,0
19.7542,27303,273260544,1750,0,0,0
19.7641,27304,273270544,1758,0,0,0
19.7740,27305,273280544,1745,0,0,0
19.7840,27306,273290544,1751,0,0,0
19.7938,27307,273300544,1744,0,0,0
19.8042,27308,273310544,1755,0,0,0
19.8143,27309,273320544,1755,0,0,0
19.8239,27310,273330544,1767,0,0,0
19.8342,27311,273340544,1773,0,0,0
19.8440,27312,273350544,1783,0,0,0
19.8539,27313,273360544,1786,0,0,0
19.8644,27314,273370544,1795,0,0,0
19.8738,27315,273380544,1793,0,0,0
19.8841,27316,273390544,1803,0,0,0
19.8939,27317,273400544,1797,0,0,0
19.9038,27318,273410544,1813,0,0,0
19.9140,27319,273420544,1807,0,0,0
19.9239,27320,273430544,1805,0,0,0
19.9339,27321,273440544,1801,0,0,0
19.9439,27322,273450544,1808,0,0,0
19.9538,27323,273460544,1803,0,0,0
19.9639,27324,273470544,1808,0,0,0
19.9738,27325,273480544,1805,0,0,0
19.9840,27326,273490544,1818,0,0,0
19.9937,27327,273500544,1812,0,0,0
20.0051,27328,273510544,1811,0,0,0
20.0189,27329,273520544,1812,0,0,0
20.0277,27330,273530544,1815,0,0,0
20.0342,27331,273540544,1808,0,0,0
20.0438,27332,273550544,1813,0,0,0
20.0537,27333,273560544,1819,0,0,0
20.0639,27334,273570544,1817,0,0,0
20.0739,27335,273580544,1823,0,0,0
20.0838,27336,273590544,1822,0,0,0
20.0938,27337,273600544,1820,0,0,0
20.1039,27338,273610544,1831,0,0,0
20.1141,27339,273620544,1822,0,0,0
20.1238,27340,273630544,1829,0,0,0
20.1339,27341,273640544,1827,0,0,0
20.1438,27342,273650544,1823,0,0,0
20.1539,27343,273660544,1824,0,0,0
20.1642,27344,273670544,1831,0,0,0
20.1750,27345,273680544,1826,0,0,0
20.1890,27346,273690544,1849,0,0,0
20.1970,27347,273700544,1872,0,0,0
20.2038,27348,273710544,1936,0,0,0
20.2146,27349,273720544,1963,0,0,0
20.2238,27350,273730544,1936,0,0,0
20.2338,27351,273740544,1841,0,0,0
20.2440,27352,273750544,1831,0,0,0
20.2539,27353,273760544,1808,0,0,0
20.2639,27354,273770544,1803,0,0,0
20.2743,27355,273780544,1799,0,0,0
20.2838,27356,273790544,1779,0,0,0
20.2938,27357,273800544,1782,0,0,0
20.3038,27358,273810544,1782,0,0,0
20.3137,27359,273820544,1727,0,0,0
20.3238,27360,273830544,1733,0,0,0
20.3366,27361,273840544,2149,0,0,0
20.3437,27362,273850544,2898,0,0,0
20.3556,27363,273860544,3255,0,0,0
20.3645,27364,273870544,1965,0,0,0
20.3737,27365,273880544,1520,0,0,0
20.3886,27366,273890544,1434,0,0,0
20.3938,27367,273900544,1655,0,0,0
20.4038,27368,273910544,1742,0,0,0
20.4137,27369,273920544,1737,0,0,0
20.4238,27370,273930544,1765,0,0,0
20.4337,27371,273940544,1777,0,0,0
20.4438,27372,273950544,1795,0,0,0
20.4538,27373,273960544,1808,0,0,0
20.4639,27374,273970544,1826,0,0,0
20.4738,27375,273980544,1839,0,0,0
20.4838,27376,273990544,1846,0,0,0
20.4976,27377,274000544,1854,0,0,0
20.5073,27378,274010544,1886,0,0,0
20.5170,27379,274020544,1903,0,0,0
20.5238,27380,274030544,1921,0,0,0
20.5368,27381,274040544,1942,0,0,0
20.5439,27382,274050544,1985,0,0,0
20.5540,27383,274060544,2000,0,0,0
20.5649,27384,274070544,2014,0,0,0
20.5738,27385,274080544,2012,0,0,0
20.5838,27386,274090544,1987,0,0,0
20.5938,27387,274100544,1943,0,0,0
20.6038,27388,274110544,1906,0,0,0
20.6139,27389,274120544,1846,0,0,0
20.6239,27390,274130544,1805,0,0,0
20.6339,27391,274140544,1762,0,0,0
20.6439,27392,274150544,1755,0,0,0
20.6542,27393,274160544,1743,0,0,0
20.6674,27394,274170544,1743,0,0,0
20.6746,27395,274180544,1746,0,0,0
20.6838,27396,274190544,1761,0,0,0
20.6937,27397,274200544,1745,0,0,0
20.7083,27398,274210544,1767,0,0,0
20.7141,27399,274220544,1763,0,0,0
20.7238,27400,274230544,1775,0,0,0
20.7338,27401,274240544,1774,0,0,0
20.7438,27402,274250544,1781,0,0,0
20.7538,27403,274260544,1782,0,0,0
20.7638,27404,274270544,1798,0,0,0
20.7737,27405,274280544,1797,0,0,0
20.7839,27406,274290544,1815,0,0,0
20.7938,27407,274300544,1808,0,0,0
20.8037,27408,274310544,1808,0,0,0
20.8156,27409,274320544,1820,0,0,0
20.8238,27410,274330544,1818,0,0,0
20.8338,27411,274340544,1819,0,0,0
20.8439,27412,274350544,1831,0,0,0
20.8538,27413,274360544,1823,0,0,0
20.8638,27414,274370544,1817,0,0,0
20.8738,27415,274380544,1828,0,0,0
20.8838,27416,274390544,1826,0,0,0
20.8938,27417,274400544,1825,0,0,0
20.9038,27418,274410544,1817,0,0,0
20.9138,27419,274420544,1824,0,0,0
20.9238,27420,274430544,1827,0,0,0
20.9339,27421,274440544,1838,0,0,0
20.9438,27422,274450544,1834,0,0,0
20.9538,27423,274460544,1838,0,0,0
20.9638,27424,274470544,1841,0,0,0
20.9738,27425,274480544,1837,0,0,0
20.9837,27426,274490544,1837,0,0,0
20.9939,27427,274500544,1835,0,0,0
21.0038,27428,274510544,1839,0,0,0
21.0138,27429,274520544,1845,0,0,0
21.0239,27430,274530544,1841,0,0,0
21.0339,27431,274540544,1845,0,0,0
21.0440,27432,274550544,1840,0,0,0
21.0540,27433,274560544,1843,0,0,0
21.0638,27434,274570544,1856,0,0,0
21.0737,27435,274580544,1840,0,0,0
21.0838,27436,274590544,1843,0,0,0
21.0938,27437,274600544,1887,0,0,0
21.1038,27438,274610544,1926,0,0,0
21.1138,27439,274620544,1968,0,0,0
21.1237,27440,274630544,1994,0,0,0
21.1339,27441,274640544,1916,0,0,0
21.1438,27442,274650544,1866,0,0,0
21.1537,27443,274660544,1851,0,0,0
21.1638,27444,274670544,1837,0,0,0
21.1739,27445,274680544,1839,0,0,0
21.1838,27446,274690544,1821,0,0,0
21.1938,27447,274700544,1819,0,0,0
21.2039,27448,274710544,1821,0,0,0
21.2138,27449,274720544,1806,0,0,0
21.2237,27450,274730544,1742,0,0,0
21.2339,27451,274740544,1975,0,0,0
21.2439,27452,274750544,2595,0,0,0
21.2537,27453,274760544,3427,0,0,0
21.2638,27454,274770544,2506,0,0,0
21.2738,27455,274780544,1680,0,0,0
21.2840,27456,274790544,1417,0,0,0
21.2940,27457,274800544,1535,0,0,0
21.3039,27458,274810544,1735,0,0,0
21.3137,27459,274820544,1749,0,0,0
21.3242,27460,274830544,1773,0,0,0
21.3338,27461,274840544,1793,0,0,0
21.3438,27462,274850544,1801,0,0,0
21.3538,27463,274860544,1808,0,0,0
21.3638,27464,274870544,1822,0,0,0
21.3739,27465,274880544,1839,0,0,0
21.3839,27466,274890544,1847,0,0,0
21.3939,27467,274900544,1861,0,0,0
21.4038,27468,274910544,1889,0,0,0
21.4138,27469,274920544,1907,0,0,0
21.4237,27470,274930544,1933,0,0,0
21.4337,27471,274940544,1957,0,0,0
21.4438,27472,274950544,1977,0,0,0
21.4538,27473,274960544,2002,0,0,0
21.4639,27474,274970544,2020,0,0,0
21.4738,27475,274980544,2023,0,0,0
21.4838,27476,274990544,2007,0,0,0
21.4938,27477,275000544,1980,0,0,0
21.5039,27478,275010544,1932,0,0,0
21.5138,27479,275020544,1872,0,0,0
21.5238,27480,275030544,1820,0,0,0
21.5337,27481,275040544,1787,0,0,0
21.5438,27482,275050544,1764,0,0,0
21.5545,27483,275060544,1765,0,0,0
21.5651,27484,275070544,1771,0,0,0
21.5739,27485,275080544,1773,0,0,0
21.5838,27486,275090544,1773,0,0,0
21.5937,27487,275100544,1777,0,0,0
21.6038,27488,275110544,1776,0,0,0
21.6137,27489,275120544,1785,0,0,0
21.6239,27490,275130544,1787,0,0,0
21.6337,27491,275140544,1792,0,0,0
21.6438,27492,275150544,1803,0,0,0
21.6539,27493,275160544,1812,0,0,0
21.6638,27494,275170544,1813,0,0,0
21.6738,27495,275180544,1814,0,0,0
21.6838,27496,275190544,1823,0,0,0
21.6938,27497,275200544,1826,0,0,0
21.7038,27498,275210544,1819,0,0,0
21.7138,27499,275220544,1823,0,0,0
21.7239,27500,275230544,1823,0,0,0
21.7338,27501,275240544,1822,0,0,0
21.7438,27502,275250544,1815,0,0,0
21.7539,27503,275260544,1825,0,0,0
21.7638,27504,275270544,1829,0,0,0
21.7738,27505,275280544,1828,0,0,0
21.7837,27506,275290544,1833,0,0,0
21.7939,27507,275300544,1831,0,0,0
21.8046,27508,275310544,1830,0,0,0
21.8140,27509,275320544,1834,0,0,0
21.8245,27510,275330544,1834,0,0,0
21.8338,27511,275340544,1838,0,0,0
21.8441,27512,275350544,1840,0,0,0
21.8538,27513,275360544,1838,0,0,0
21.8638,27514,275370544,1837,0,0,0
21.8738,27515,275380544,1841,0,0,0
21.8838,27516,275390544,1840,0,0,0
21.8938,27517,275400544,1840,0,0,0
21.9037,27518,275410544,1837,0,0,0
21.9137,27519,275420544,1839,0,0,0
21.9240,27520,275430544,1833,0,0,0
21.9339,27521,275440544,1829,0,0,0
21.9438,27522,275450544,1821,0,0,0
21.9539,27523,275460544,1825,0,0,0
21.9638,27524,275470544,1835,0,0,0
21.9737,27525,275480544,1829,0,0,0
21.9838,27526,275490544,1819,0,0,0
21.9938,27527,275500544,1843,0,0,0
22.0037,27528,275510544,1887,0,0,0
22.0138,27529,275520544,1922,0,0,0
22.0238,27530,275530544,1957,0,0,0
22.0339,27531,275540544,1954,0,0,0
22.0439,27532,275550544,1856,0,0,0
22.0539,27533,275560544,1831,0,0,0
22.0640,27534,275570544,1810,0,0,0
22.0747,27535,275580544,1803,0,0,0
22.0839,27536,275590544,1794,0,0,0
22.0939,27537,275600544,1786,0,0,0
22.1038,27538,275610544,1787,0,0,0
22.1137,27539,275620544,1792,0,0,0
22.1238,27540,275630544,1750,0,0,0
22.1338,27541,275640544,1718,0,0,0
22.1439,27542,275650544,2097,0,0,0
22.1539,27543,275660544,2827,0,0,0
22.1639,27544,275670544,3366,0,0,0
22.1738,27545,275680544,2047,0,0,0
22.1839,27546,275690544,1533,0,0,0
22.1937,27547,275700544,1428,0,0,0
22.2038,27548,275710544,1659,0,0,0
22.2140,27549,275720544,1751,0,0,0
22.2238,27550,275730544,1745,0,0,0
22.2339,27551,275740544,1777,0,0,0
22.2439,27552,275750544,1793,0,0,0
22.2538,27553,275760544,1804,0,0,0
22.2638,27554,275770544,1808,0,0,0
22.2738,27555,275780544,1825,0,0,0
22.2839,27556,275790544,1840,0,0,0
22.2939,27557,275800544,1855,0,0,0
22.3041,27558,275810544,1866,0,0,0
22.3139,27559,275820544,1885,0,0,0
22.3237,27560,275830544,1903,0,0,0
22.3339,27561,275840544,1925,0,0,0
22.3438,27562,275850544,1945,0,0,0
22.3538,27563,275860544,1982,0,0,0
22.3641,27564,275870544,2002,0,0,0
22.3738,27565,275880544,2021,0,0,0
22.3846,27566,275890544,2014,0,0,0
22.3939,27567,275900544,2000,0,0,0
22.4038,27568,275910544,1955,0,0,0
22.4143,27569,275920544,1904,0,0,0
22.4237,27570,275930544,1840,0,0,0
22.4338,27571,275940544,1795,0,0,0
22.4438,27572,275950544,1754,0,0,0
22.4537,27573,275960544,1744,0,0,0
22.4638,27574,275970544,1734,0,0,0
22.4739,27575,275980544,1731,0,0,0
22.4837,27576,275990544,1737,0,0,0
22.4938,27577,276000544,1743,0,0,0
22.5039,27578,276010544,1744,0,0,0
22.5139,27579,276020544,1757,0,0,0
22.5237,27580,276030544,1750,0,0,0
22.5340,27581,276040544,1762,0,0,0
22.5438,27582,276050544,1776,0,0,0
22.5538,27583,276060544,1783,0,0,0
22.5639,27584,276070544,1779,0,0,0
22.5763,27585,276080544,1794,0,0,0
22.5838,27586,276090544,1792,0,0,0
22.5938,27587,276100544,1794,0,0,0
22.6039,27588,276110544,1792,0,0,0
22.6139,27589,276120544,1803,0,0,0
22.6238,27590,276130544,1804,0,0,0
22.6337,27591,276140544,1815,0,0,0
22.6437,27592,276150544,1807,0,0,0
22.6538,27593,276160544,1808,0,0,0
22.6638,27594,276170544,1808,0,0,0
22.6739,27595,276180544,1815,0,0,0
22.6839,27596,276190544,1813,0,0,0
22.6938,27597,276200544,1818,0,0,0
22.7038,27598,276210544,1810,0,0,0
22.7140,27599,276220544,1823,0,0,0
22.7239,27600,276230544,1817,0,0,0
22.7339,27601,276240544,1813,0,0,0
22.7437,27602,276250544,1818,0,0,0
22.7539,27603,276260544,1825,0,0,0
22.7640,27604,276270544,1815,0,0,0
22.7738,27605,276280544,1822,0,0,0
22.7838,27606,276290544,1813,0,0,0
22.7940,27607,276300544,1826,0,0,0
22.8040,27608,276310544,1819,0,0,0
22.8163,27609,276320544,1834,0,0,0
22.8238,27610,276330544,1825,0,0,0
22.8340,27611,276340544,1834,0,0,0
22.8440,27612,276350544,1833,0,0,0
22.8540,27613,276360544,1840,0,0,0
22.8638,27614,276370544,1834,0,0,0
22.8738,27615,276380544,1840,0,0,0
22.8838,27616,276390544,1840,0,0,0
22.8937,27617,276400544,1830,0,0,0
22.9038,27618,276410544,1837,0,0,0
22.9138,27619,276420544,1849,0,0,0
22.9239,27620,276430544,1851,0,0,0
22.9337,27621,276440544,1901,0,0,0
22.9438,27622,276450544,1930,0,0,0
22.9537,27623,276460544,1986,0,0,0
22.9637,27624,276470544,1964,0,0,0
22.9739,27625,276480544,1886,0,0,0
22.9838,27626,276490544,1853,0,0,0
22.9938,27627,276500544,1831,0,0,0
23.0037,27628,276510544,1821,0,0,0
23.0138,27629,276520544,1810,0,0,0
23.0238,27630,276530544,1800,0,0,0
23.0338,27631,276540544,1794,0,0,0
23.0439,27632,276550544,1789,0,0,0
23.0539,27633,276560544,1759,0,0,0
23.0637,27634,276570544,1726,0,0,0
23.0742,27635,276580544,2118,0,0,0
23.0838,27636,276590544,2837,0,0,0
23.0939,27637,276600544,3344,0,0,0
23.1038,27638,276610544,2021,0,0,0
23.1138,27639,276620544,1535,0,0,0
23.1237,27640,276630544,1425,0,0,0
23.1337,27641,276640544,1663,0,0,0
23.1438,27642,276650544,1730,0,0,0
23.1537,27643,276660544,1743,0,0,0
23.1638,27644,276670544,1747,0,0,0
23.1738,27645,276680544,1776,0,0,0
23.1838,27646,276690544,1787,0,0,0
23.1938,27647,276700544,1795,0,0,0
23.2039,27648,276710544,1808,0,0,0
23.2138,27649,276720544,1835,0,0,0
23.2239,27650,276730544,1840,0,0,0
23.2340,27651,276740544,1858,0,0,0
23.2441,27652,276750544,1857,0,0,0
23.2540,27653,276760544,1893,0,0,0
23.2638,27654,276770544,1914,0,0,0
23.2737,27655,276780544,1950,0,0,0
23.2838,27656,276790544,1969,0,0,0
23.2940,27657,276800544,2000,0,0,0
23.3039,27658,276810544,2014,0,0,0
23.3140,27659,276820544,2018,0,0,0
23.3251,27660,276830544,1996,0,0,0
23.3338,27661,276840544,1972,0,0,0
23.3437,27662,276850544,1915,0,0,0
23.3538,27663,276860544,1858,0,0,0
23.3638,27664,276870544,1807,0,0,0
23.3738,27665,276880544,1773,0,0,0
23.3839,27666,276890544,1746,0,0,0
23.3938,27667,276900544,1744,0,0,0
23.4037,27668,276910544,1742,0,0,0
23.4138,27669,276920544,1747,0,0,0
23.4238,27670,276930544,1739,0,0,0
23.4337,27671,276940544,1749,0,0,0
23.4437,27672,276950544,1758,0,0,0
23.4538,27673,276960544,1774,0,0,0
23.4638,27674,276970544,1769,0,0,0
23.4738,27675,276980544,1781,0,0,0
23.4837,27676,276990544,1787,0,0,0
23.4938,27677,277000544,1795,0,0,0
23.5038,27678,277010544,1793,0,0,0
23.5136,27679,277020544,1801,0,0,0
23.5237,27680,277030544,1793,0,0,0
23.5337,27681,277040544,1810,0,0,0
23.5437,27682,277050544,1799,0,0,0
23.5537,27683,277060544,1821,0,0,0
23.5638,27684,277070544,1811,0,0,0
23.5737,27685,277080544,1813,0,0,0
23.5838,27686,277090544,1821,0,0,0
23.5936,27687,277100544,1814,0,0,0
23.6041,27688,277110544,1823,0,0,0
23.6141,27689,277120544,1813,0,0,0
23.6237,27690,277130544,1819,0,0,0
23.6339,27691,277140544,1838,0,0,0
23.6442,27692,277150544,1823,0,0,0
23.6538,27693,277160544,1825,0,0,0
23.6640,27694,277170544,1826,0,0,0
23.6737,27695,277180544,1840,0,0,0
23.6839,27696,277190544,1827,0,0,0
23.6941,27697,277200544,1825,0,0,0
23.7039,27698,277210544,1830,0,0,0
23.7139,27699,277220544,1840,0,0,0
23.7240,27700,277230544,1829,0,0,0
23.7338,27701,277240544,1838,0,0,0
23.7438,27702,277250544,1841,0,0,0
23.7538,27703,277260544,1841,0,0,0
23.7638,27704,277270544,1844,0,0,0
23.7737,27705,277280544,1855,0,0,0
23.7839,27706,277290544,1847,0,0,0
23.7938,27707,277300544,1844,0,0,0
23.8038,27708,277310544,1843,0,0,0
23.8144,27709,277320544,1842,0,0,0
23.8238,27710,277330544,1855,0,0,0
23.8337,27711,277340544,1872,0,0,0
23.8439,27712,277350544,1899,0,0,0
23.8541,27713,277360544,1936,0,0,0
23.8640,27714,277370544,1990,0,0,0
23.8740,27715,277380544,1953,0,0,0
23.8838,27716,277390544,1872,0,0,0
23.8938,27717,277400544,1853,0,0,0
23.9038,27718,277410544,1834,0,0,0
23.9138,27719,277420544,1824,0,0,0
23.9241,27720,277430544,1820,0,0,0
23.9338,27721,277440544,1807,0,0,0
23.9440,27722,277450544,1808,0,0,0
23.9538,27723,277460544,1808,0,0,0
23.9638,27724,277470544,1743,0,0,0
23.9738,27725,277480544,1761,0,0,0
23.9838,27726,277490544,2209,0,0,0
23.9937,27727,277500544,2966,0,0,0
24.0038,27728,277510544,3248,0,0,0
24.0139,27729,277520544,1967,0,0,0
24.0237,27730,277530544,1535,0,0,0
24.0337,27731,277540544,1424,0,0,0
24.0440,27732,277550544,1653,0,0,0
24.0547,27733,277560544,1750,0,0,0
24.0647,27734,277570544,1747,0,0,0
24.0739,27735,277580544,1776,0,0,0
24.0840,27736,277590544,1792,0,0,0
24.0939,27737,277600544,1804,0,0,0
24.1040,27738,277610544,1808,0,0,0
24.1150,27739,277620544,1823,0,0,0
24.1239,27740,277630544,1829,0,0,0
24.1340,27741,277640544,1846,0,0,0
24.1438,27742,277650544,1863,0,0,0
24.1540,27743,277660544,1872,0,0,0
24.1639,27744,277670544,1894,0,0,0
24.1739,27745,277680544,1913,0,0,0
24.1838,27746,277690544,1934,0,0,0
24.1938,27747,277700544,1987,0,0,0
24.2038,27748,277710544,1991,0,0,0
24.2138,27749,277720544,2014,0,0,0
24.2239,27750,277730544,1994,0,0,0
24.2338,27751,277740544,1995,0,0,0
24.2438,27752,277750544,1945,0,0,0
24.2538,27753,277760544,1901,0,0,0
24.2639,27754,277770544,1839,0,0,0
24.2737,27755,277780544,1792,0,0,0
24.2839,27756,277790544,1759,0,0,0
24.2940,27757,277800544,1751,0,0,0
24.3040,27758,277810544,1747,0,0,0
24.3141,27759,277820544,1755,0,0,0
24.3238,27760,277830544,1756,0,0,0
24.3337,27761,277840544,1762,0,0,0
24.3440,27762,277850544,1758,0,0,0
24.3539,27763,277860544,1766,0,0,0
24.3640,27764,277870544,1767,0,0,0
24.3738,27765,277880544,1782,0,0,0
24.3839,27766,277890544,1786,0,0,0
24.3939,27767,277900544,1789,0,0,0
24.4038,27768,277910544,1794,0,0,0
24.4137,27769,277920544,1801,0,0,0
24.4237,27770,277930544,1804,0,0,0
24.4338,27771,277940544,1808,0,0,0
24.4439,27772,277950544,1808,0,0,0
24.4539,27773,277960544,1808,0,0,0
24.4639,27774,277970544,1808,0,0,0
24.4738,27775,277980544,1811,0,0,0
24.4837,27776,277990544,1813,0,0,0
24.4940,27777,278000544,1813,0,0,0
24.5039,27778,278010544,1826,0,0,0
24.5139,27779,278020544,1835,0,0,0
24.5239,27780,278030544,1823,0,0,0
24.5338,27781,278040544,1834,0,0,0
24.5438,27782,278050544,1822,0,0,0
24.5542,27783,278060544,1835,0,0,0
24.5645,27784,278070544,1840,0,0,0
24.5739,27785,278080544,1838,0,0,0
24.5839,27786,278090544,1830,0,0,0
24.5939,27787,278100544,1841,0,0,0
24.6042,27788,278110544,1840,0,0,0
24.6142,27789,278120544,1840,0,0,0
24.6238,27790,278130544,1841,0,0,0
24.6339,27791,278140544,1843,0,0,0
24.6439,27792,278150544,1840,0,0,0
24.6538,27793,278160544,1841,0,0,0
24.6638,27794,278170544,1845,0,0,0
24.6737,27795,278180544,1841,0,0,0
24.6837,27796,278190544,1840,0,0,0
24.6939,27797,278200544,1853,0,0,0
24.7039,27798,278210544,1877,0,0,0
24.7141,27799,278220544,1913,0,0,0
24.7239,27800,278230544,1954,0,0,0
24.7339,27801,278240544,2007,0,0,0
24.7438,27802,278250544,1937,0,0,0
24.7542,27803,278260544,1876,0,0,0
24.7642,27804,278270544,1853,0,0,0
24.7741,27805,278280544,1830,0,0,0
24.7840,27806,278290544,1820,0,0,0
24.7942,27807,278300544,1818,0,0,0
24.8038,27808,278310544,1810,0,0,0
24.8166,27809,278320544,1808,0,0,0
24.8238,27810,278330544,1779,0,0,0
24.8339,27811,278340544,1712,0,0,0
24.8441,27812,278350544,1875,0,0,0
24.8539,27813,278360544,2445,0,0,0
24.8638,27814,278370544,3308,0,0,0
24.8738,27815,278380544,2800,0,0,0
24.8837,27816,278390544,1743,0,0,0
24.8939,27817,278400544,1456,0,0,0
24.9038,27818,278410544,1493,0,0,0
24.9138,27819,278420544,1727,0,0,0
24.9239,27820,278430544,1755,0,0,0
24.9341,27821,278440544,1775,0,0,0
24.9438,27822,278450544,1795,0,0,0
24.9540,27823,278460544,1814,0,0,0
24.9638,27824,278470544,1821,0,0,0
24.9739,27825,278480544,1831,0,0,0
24.9841,27826,278490544,1847,0,0,0
24.9940,27827,278500544,1853,0,0,0
25.0039,27828,278510544,1866,0,0,0
25.0142,27829,278520544,1874,0,0,0
25.0237,27830,278530544,1893,0,0,0
25.0341,27831,278540544,1914,0,0,0
25.0441,27832,278550544,1939,0,0,0
25.0541,27833,278560544,1963,0,0,0
25.0639,27834,278570544,1997,0,0,0
25.0739,27835,278580544,2021,0,0,0
25.0840,27836,278590544,2025,0,0,0
25.0939,27837,278600544,2015,0,0,0
25.1038,27838,278610544,1990,0,0,0
25.1140,27839,278620544,1941,0,0,0
25.1238,27840,278630544,1893,0,0,0
25.1339,27841,278640544,1837,0,0,0
25.1439,27842,278650544,1789,0,0,0
25.1538,27843,278660544,1761,0,0,0
25.1638,27844,278670544,1754,0,0,0
25.1738,27845,278680544,1745,0,0,0
25.1839,27846,278690544,1750,0,0,0
25.1939,27847,278700544,1758,0,0,0
25.2038,27848,278710544,1762,0,0,0
25.2138,27849,278720544,1764,0,0,0
25.2238,27850,278730544,1771,0,0,0
25.2339,27851,278740544,1776,0,0,0
25.2442,27852,278750544,1789,0,0,0
25.2541,27853,278760544,1786,0,0,0
25.2640,27854,278770544,1792,0,0,0
25.2739,27855,278780544,1791,0,0,0
25.2841,27856,278790544,1797,0,0,0
25.2941,27857,278800544,1797,0,0,0
25.3041,27858,278810544,1799,0,0,0
25.3141,27859,278820544,1794,0,0,0
25.3238,27860,278830544,1807,0,0,0
25.3338,27861,278840544,1798,0,0,0
25.3439,27862,278850544,1802,0,0,0
25.3540,27863,278860544,1805,0,0,0
25.3638,27864,278870544,1814,0,0,0
25.3738,27865,278880544,1808,0,0,0
25.3839,27866,278890544,1815,0,0,0
25.3938,27867,278900544,1809,0,0,0
25.4042,27868,278910544,1817,0,0,0
25.4139,27869,278920544,1817,0,0,0
25.4239,27870,278930544,1815,0,0,0
25.4340,27871,278940544,1808,0,0,0
25.4439,27872,278950544,1812,0,0,0
25.4540,27873,278960544,1817,0,0,0
25.4638,27874,278970544,1826,0,0,0
25.4739,27875,278980544,1811,0,0,0
25.4840,27876,278990544,1816,0,0,0
25.4939,27877,279000544,1815,0,0,0
25.5037,27878,279010544,1824,0,0,0
25.5139,27879,279020544,1819,0,0,0
25.5238,27880,279030544,1826,0,0,0
25.5338,27881,279040544,1820,0,0,0
25.5440,27882,279050544,1826,0,0,0
25.5540,27883,279060544,1823,0,0,0
25.5639,27884,279070544,1833,0,0,0
25.5739,27885,279080544,1818,0,0,0
25.5838,27886,279090544,1831,0,0,0
25.5940,27887,279100544,1833,0,0,0
25.6038,27888,279110544,1838,0,0,0
25.6142,27889,279120544,1857,0,0,0
25.6238,27890,279130544,1909,0,0,0
25.6338,27891,279140544,1941,0,0,0
25.6438,27892,279150544,1983,0,0,0
25.6537,27893,279160544,1919,0,0,0
25.6638,27894,279170544,1859,0,0,0
25.6737,27895,279180544,1840,0,0,0
25.6837,27896,279190544,1824,0,0,0
25.6938,27897,279200544,1813,0,0,0
25.7037,27898,279210544,1809,0,0,0
25.7137,27899,279220544,1792,0,0,0
25.7239,27900,279230544,1794,0,0,0
25.7339,27901,279240544,1776,0,0,0
25.7439,27902,279250544,1714,0,0,0
25.7538,27903,279260544,1844,0,0,0
25.7642,27904,279270544,2402,0,0,0
25.7736,27905,279280544,3274,0,0,0
25.7839,27906,279290544,2793,0,0,0
25.7938,27907,279300544,1698,0,0,0
25.8039,27908,279310544,1429,0,0,0
25.8137,27909,279320544,1531,0,0,0
25.8268,27910,279330544,1728,0,0,0
25.8337,27911,279340544,1737,0,0,0
25.8442,27912,279350544,1755,0,0,0
25.8541,27913,279360544,1774,0,0,0
25.8642,27914,279370544,1793,0,0,0
25.8741,27915,279380544,1797,0,0,0
25.8839,27916,279390544,1817,0,0,0
25.8938,27917,279400544,1823,0,0,0
25.9039,27918,279410544,1840,0,0,0
25.9139,27919,279420544,1856,0,0,0
25.9238,27920,279430544,1873,0,0,0
25.9338,27921,279440544,1885,0,0,0
25.9438,27922,279450544,1915,0,0,0
25.9538,27923,279460544,1933,0,0,0
25.9640,27924,279470544,1968,0,0,0
25.9738,27925,279480544,1984,0,0,0
25.9838,27926,279490544,2017,0,0,0
25.9940,27927,279500544,2015,0,0,0
26.0037,27928,279510544,2007,0,0,0
26.0139,27929,279520544,1984,0,0,0
26.0239,27930,279530544,1942,0,0,0
26.0340,27931,279540544,1885,0,0,0
26.0440,27932,279550544,1837,0,0,0
26.0539,27933,279560544,1781,0,0,0
26.0655,27934,279570544,1765,0,0,0
26.0738,27935,279580544,1748,0,0,0
26.0841,27936,279590544,1741,0,0,0
26.0941,27937,279600544,1739,0,0,0
26.1039,27938,279610544,1747,0,0,0
26.1139,27939,279620544,1737,0,0,0
26.1238,27940,279630544,1759,0,0,0
26.1338,27941,279640544,1758,0,0,0
26.1441,27942,279650544,1771,0,0,0
26.1538,27943,279660544,1760,0,0,0
26.1638,27944,279670544,1786,0,0,0
26.1738,27945,279680544,1795,0,0,0
26.1839,27946,279690544,1803,0,0,0
26.1938,27947,279700544,1798,0,0,0
26.2038,27948,279710544,1806,0,0,0
26.2140,27949,279720544,1799,0,0,0
26.2239,27950,279730544,1813,0,0,0
26.2340,27951,279740544,1801,0,0,0
26.2440,27952,279750544,1807,0,0,0
26.2539,27953,279760544,1808,0,0,0
26.2640,27954,279770544,1814,0,0,0
26.2748,27955,279780544,1801,0,0,0
26.2841,27956,279790544,1814,0,0,0
26.2939,27957,279800544,1822,0,0,0
26.3040,27958,279810544,1829,0,0,0
26.3139,27959,279820544,1821,0,0,0
26.3237,27960,279830544,1825,0,0,0
26.3338,27961,279840544,1811,0,0,0
26.3439,27962,279850544,1830,0,0,0
26.3541,27963,279860544,1827,0,0,0
26.3640,27964,279870544,1833,0,0,0
26.3740,27965,279880544,1828,0,0,0
26.3839,27966,279890544,1840,0,0,0
26.3938,27967,279900544,1837,0,0,0
26.4038,27968,279910544,1835,0,0,0
26.4138,27969,279920544,1840,0,0,0
26.4240,27970,279930544,1839,0,0,0
26.4339,27971,279940544,1829,0,0,0
26.4439,27972,279950544,1838,0,0,0
26.4540,27973,279960544,1830,0,0,0
26.4639,27974,279970544,1837,0,0,0
26.4739,27975,279980544,1831,0,0,0
26.4839,27976,279990544,1845,0,0,0
26.4940,27977,280000544,1840,0,0,0
26.5039,27978,280010544,1847,0,0,0
26.5141,27979,280020544,1840,0,0,0
26.5238,27980,280030544,1854,0,0,0
26.5337,27981,280040544,1856,0,0,0
26.5438,27982,280050544,1854,0,0,0
26.5543,27983,280060544,1840,0,0,0
26.5641,27984,280070544,1853,0,0,0
26.5739,27985,280080544,1852,0,0,0
26.5838,27986,280090544,1872,0,0,0
26.5942,27987,280100544,1878,0,0,0
26.6037,27988,280110544,1936,0,0,0
26.6139,27989,280120544,1964,0,0,0
26.6239,27990,280130544,2001,0,0,0
26.6339,27991,280140544,1947,0,0,0
26.6438,27992,280150544,1886,0,0,0
26.6538,27993,280160544,1853,0,0,0
26.6640,27994,280170544,1840,0,0,0
26.6739,27995,280180544,1825,0,0,0
26.6837,27996,280190544,1824,0,0,0
26.6940,27997,280200544,1813,0,0,0
26.7040,27998,280210544,1821,0,0,0
26.7140,27999,280220544,1802,0,0,0
26.7239,28000,280230544,1728,0,0,0
26.7342,28001,280240544,1826,0,0,0
26.7438,28002,280250544,2375,0,0,0
26.7538,28003,280260544,3233,0,0,0
26.7639,28004,280270544,2889,0,0,0
26.7738,28005,280280544,1733,0,0,0
26.7838,28006,280290544,1465,0,0,0
26.7941,28007,280300544,1523,0,0,0
26.8037,28008,280310544,1729,0,0,0
26.8139,28009,280320544,1743,0,0,0
26.8238,28010,280330544,1759,0,0,0
26.8341,28011,280340544,1779,0,0,0
26.8439,28012,280350544,1793,0,0,0
26.8540,28013,280360544,1791,0,0,0
26.8638,28014,280370544,1808,0,0,0
26.8738,28015,280380544,1819,0,0,0
26.8838,28016,280390544,1837,0,0,0
26.8938,28017,280400544,1842,0,0,0
26.9037,28018,280410544,1857,0,0,0
26.9141,28019,280420544,1870,0,0,0
26.9239,28020,280430544,1901,0,0,0
26.9338,28021,280440544,1919,0,0,0
26.9441,28022,280450544,1948,0,0,0
26.9539,28023,280460544,1961,0,0,0
26.9638,28024,280470544,1986,0,0,0
26.9739,28025,280480544,1998,0,0,0
26.9837,28026,280490544,2001,0,0,0
26.9939,28027,280500544,1968,0,0,0
27.0040,28028,280510544,1936,0,0,0
27.0137,28029,280520544,1867,0,0,0
27.0237,28030,280530544,1825,0,0,0
27.0338,28031,280540544,1780,0,0,0
27.0437,28032,280550544,1758,0,0,0
27.0538,28033,280560544,1741,0,0,0
27.0639,28034,280570544,1739,0,0,0
27.0744,28035,280580544,1733,0,0,0
27.0838,28036,280590544,1744,0,0,0
27.0938,28037,280600544,1743,0,0,0
27.1039,28038,280610544,1745,0,0,0
27.1138,28039,280620544,1754,0,0,0
27.1238,28040,280630544,1768,0,0,0
27.1340,28041,280640544,1775,0,0,0
27.1440,28042,280650544,1776,0,0,0
27.1540,28043,280660544,1776,0,0,0
27.1638,28044,280670544,1789,0,0,0
27.1739,28045,280680544,1791,0,0,0
27.1839,28046,280690544,1798,0,0,0
27.1939,28047,280700544,1803,0,0,0
27.2038,28048,280710544,1807,0,0,0
27.2140,28049,280720544,1793,0,0,0
27.2239,28050,280730544,1808,0,0,0
27.2340,28051,280740544,1799,0,0,0
27.2441,28052,280750544,1818,0,0,0
27.2538,28053,280760544,1811,0,0,0
27.2638,28054,280770544,1821,0,0,0
27.2739,28055,280780544,1823,0,0,0
27.2839,28056,280790544,1827,0,0,0
27.2939,28057,280800544,1821,0,0,0
27.3039,28058,280810544,1811,0,0,0
27.3139,28059,280820544,1817,0,0,0
27.3251,28060,280830544,1812,0,0,0
27.3338,28061,280840544,1820,0,0,0
27.3438,28062,280850544,1813,0,0,0
27.3538,28063,280860544,1821,0,0,0
27.3639,28064,280870544,1825,0,0,0
27.3738,28065,280880544,1825,0,0,0
27.3840,28066,280890544,1833,0,0,0
27.3939,28067,280900544,1828,0,0,0
27.4038,28068,280910544,1830,0,0,0
27.4138,28069,280920544,1840,0,0,0
27.4238,28070,280930544,1834,0,0,0
27.4338,28071,280940544,1829,0,0,0
27.4439,28072,280950544,1838,0,0,0
27.4538,28073,280960544,1841,0,0,0
27.4638,28074,280970544,1840,0,0,0
27.4738,28075,280980544,1835,0,0,0
27.4839,28076,280990544,1842,0,0,0
27.4938,28077,281000544,1842,0,0,0
27.5038,28078,281010544,1846,0,0,0
27.5138,28079,281020544,1846,0,0,0
27.5238,28080,281030544,1840,0,0,0
27.5359,28081,281040544,1854,0,0,0
27.5438,28082,281050544,1869,0,0,0
27.5537,28083,281060544,1907,0,0,0
27.5639,28084,281070544,1942,0,0,0
27.5738,28085,281080544,1997,0,0,0
27.5838,28086,281090544,1968,0,0,0
27.5940,28087,281100544,1881,0,0,0
27.6040,28088,281110544,1863,0,0,0
27.6138,28089,281120544,1843,0,0,0
27.6239,28090,281130544,1827,0,0,0
27.6341,28091,281140544,1810,0,0,0
27.6439,28092,281150544,1810,0,0,0
27.6541,28093,281160544,1807,0,0,0
27.6644,28094,281170544,1799,0,0,0
27.6738,28095,281180544,1743,0,0,0
27.6839,28096,281190544,1749,0,0,0
27.6938,28097,281200544,2218,0,0,0
27.7039,28098,281210544,2995,0,0,0
27.7138,28099,281220544,3231,0,0,0
27.7238,28100,281230544,1936,0,0,0
27.7338,28101,281240544,1553,0,0,0
27.7438,28102,281250544,1424,0,0,0
27.7541,28103,281260544,1649,0,0,0
27.7644,28104,281270544,1737,0,0,0
27.7743,28105,281280544,1742,0,0,0
27.7838,28106,281290544,1770,0,0,0
27.7940,28107,281300544,1777,0,0,0
27.8038,28108,281310544,1796,0,0,0
27.8137,28109,281320544,1809,0,0,0
27.8245,28110,281330544,1809,0,0,0
27.8338,28111,281340544,1830,0,0,0
27.8438,28112,281350544,1846,0,0,0
27.8540,28113,281360544,1863,0,0,0
27.8639,28114,281370544,1872,0,0,0
27.8738,28115,281380544,1891,0,0,0
27.8840,28116,281390544,1917,0,0,0
27.8938,28117,281400544,1943,0,0,0
27.9037,28118,281410544,1966,0,0,0
27.9137,28119,281420544,1991,0,0,0
27.9237,28120,281430544,2003,0,0,0
27.9339,28121,281440544,2005,0,0,0
27.9438,28122,281450544,1994,0,0,0
27.9538,28123,281460544,1951,0,0,0
27.9640,28124,281470544,1906,0,0,0
27.9739,28125,281480544,1842,0,0,0
27.9837,28126,281490544,1791,0,0,0
27.9938,28127,281500544,1779,0,0,0
28.0038,28128,281510544,1756,0,0,0
28.0138,28129,281520544,1762,0,0,0
28.0236,28130,281530544,1762,0,0,0
28.0339,28131,281540544,1771,0,0,0
28.0439,28132,281550544,1776,0,0,0
28.0538,28133,281560544,1783,0,0,0
28.0643,28134,281570544,1782,0,0,0
28.0760,28135,281580544,1802,0,0,0
28.0838,28136,281590544,1798,0,0,0
28.0940,28137,281600544,1801,0,0,0
28.1041,28138,281610544,1807,0,0,0
28.1140,28139,281620544,1815,0,0,0
28.1240,28140,281630544,1808,0,0,0
28.1337,28141,281640544,1825,0,0,0
28.1440,28142,281650544,1815,0,0,0
28.1540,28143,281660544,1823,0,0,0
28.1637,28144,281670544,1822,0,0,0
28.1737,28145,281680544,1840,0,0,0
28.1840,28146,281690544,1834,0,0,0
28.1940,28147,281700544,1840,0,0,0
28.2038,28148,281710544,1835,0,0,0
28.2143,28149,281720544,1837,0,0,0
28.2237,28150,281730544,1831,0,0,0
28.2339,28151,281740544,1842,0,0,0
28.2441,28152,281750544,1841,0,0,0
28.2538,28153,281760544,1847,0,0,0
28.2638,28154,281770544,1839,0,0,0
28.2737,28155,281780544,1847,0,0,0
28.2840,28156,281790544,1843,0,0,0
28.2940,28157,281800544,1844,0,0,0
28.3039,28158,281810544,1855,0,0,0
28.3137,28159,281820544,1860,0,0,0
28.3236,28160,281830544,1846,0,0,0
28.3340,28161,281840544,1854,0,0,0
28.3437,28162,281850544,1853,0,0,0
28.3538,28163,281860544,1861,0,0,0
28.3640,28164,281870544,1850,0,0,0
28.3739,28165,281880544,1862,0,0,0
28.3838,28166,281890544,1854,0,0,0
28.3938,28167,281900544,1857,0,0,0
28.4038,28168,281910544,1855,0,0,0
28.4138,28169,281920544,1856,0,0,0
28.4238,28170,281930544,1856,0,0,0
28.4339,28171,281940544,1858,0,0,0
28.4439,28172,281950544,1867,0,0,0
28.4538,28173,281960544,1919,0,0,0
28.4640,28174,281970544,1951,0,0,0
28.4738,28175,281980544,2001,0,0,0
28.4841,28176,281990544,1968,0,0,0
28.4942,28177,282000544,1891,0,0,0
28.5038,28178,282010544,1851,0,0,0
28.5139,28179,282020544,1841,0,0,0
28.5238,28180,282030544,1831,0,0,0
28.5337,28181,282040544,1816,0,0,0
28.5438,28182,282050544,1801,0,0,0
28.5538,28183,282060544,1811,0,0,0
28.5639,28184,282070544,1795,0,0,0
28.5739,28185,282080544,1749,0,0,0
28.5839,28186,282090544,1735,0,0,0
28.5940,28187,282100544,2192,0,0,0
28.6038,28188,282110544,2960,0,0,0
28.6138,28189,282120544,3324,0,0,0
28.6243,28190,282130544,1970,0,0,0
28.6340,28191,282140544,1554,0,0,0
28.6438,28192,282150544,1422,0,0,0
28.6537,28193,282160544,1661,0,0,0
28.6638,28194,282170544,1731,0,0,0
28.6739,28195,282180544,1744,0,0,0
28.6839,28196,282190544,1765,0,0,0
28.6937,28197,282200544,1785,0,0,0
28.7037,28198,282210544,1787,0,0,0
28.7138,28199,282220544,1807,0,0,0
28.7237,28200,282230544,1815,0,0,0
28.7338,28201,282240544,1835,0,0,0
28.7439,28202,282250544,1844,0,0,0
28.7541,28203,282260544,1863,0,0,0
28.7642,28204,282270544,1872,0,0,0
28.7739,28205,282280544,1894,0,0,0
28.7838,28206,282290544,1913,0,0,0
28.7944,28207,282300544,1950,0,0,0
28.8037,28208,282310544,1971,0,0,0
28.8142,28209,282320544,2000,0,0,0
28.8250,28210,282330544,2012,0,0,0
28.8339,28211,282340544,2011,0,0,0
28.8439,28212,282350544,1991,0,0,0
28.8537,28213,282360544,1967,0,0,0
28.8638,28214,282370544,1909,0,0,0
28.8736,28215,282380544,1855,0,0,0
28.8840,28216,282390544,1795,0,0,0
28.8939,28217,282400544,1771,0,0,0
28.9036,28218,282410544,1747,0,0,0
28.9139,28219,282420544,1744,0,0,0
28.9238,28220,282430544,1739,0,0,0
28.9338,28221,282440544,1745,0,0,0
28.9437,28222,282450544,1749,0,0,0
28.9537,28223,282460544,1751,0,0,0
28.9637,28224,282470544,1755,0,0,0
28.9737,28225,282480544,1767,0,0,0
28.9838,28226,282490544,1758,0,0,0
28.9937,28227,282500544,1771,0,0,0
29.0039,28228,282510544,1771,0,0,0
29.0138,28229,282520544,1785,0,0,0
29.0238,28230,282530544,1777,0,0,0
29.0338,28231,282540544,1791,0,0,0
29.0438,28232,282550544,1790,0,0,0
29.0538,28233,282560544,1788,0,0,0
29.0638,28234,282570544,1793,0,0,0
29.0749,28235,282580544,1795,0,0,0
29.0839,28236,282590544,1795,0,0,0
29.0939,28237,282600544,1806,0,0,0
29.1039,28238,282610544,1803,0,0,0
29.1137,28239,282620544,1808,0,0,0
29.1238,28240,282630544,1799,0,0,0
29.1339,28241,282640544,1806,0,0,0
29.1437,28242,282650544,1804,0,0,0
29.1538,28243,282660544,1810,0,0,0
29.1639,28244,282670544,1809,0,0,0
29.1738,28245,282680544,1811,0,0,0
29.1839,28246,282690544,1811,0,0,0
29.1940,28247,282700544,1826,0,0,0
29.2038,28248,282710544,1808,0,0,0
29.2137,28249,282720544,1817,0,0,0
29.2239,28250,282730544,1811,0,0,0
29.2339,28251,282740544,1821,0,0,0
29.2440,28252,282750544,1815,0,0,0
29.2543,28253,282760544,1835,0,0,0
29.2640,28254,282770544,1825,0,0,0
29.2742,28255,282780544,1840,0,0,0
29.2841,28256,282790544,1823,0,0,0
29.2940,28257,282800544,1837,0,0,0
29.3037,28258,282810544,1831,0,0,0
29.3142,28259,282820544,1840,0,0,0
29.3238,28260,282830544,1826,0,0,0
29.3339,28261,282840544,1831,0,0,0
29.3437,28262,282850544,1824,0,0,0
29.3542,28263,282860544,1840,0,0,0
29.3643,28264,282870544,1837,0,0,0
29.3739,28265,282880544,1842,0,0,0
29.3837,28266,282890544,1851,0,0,0
29.3950,28267,282900544,1902,0,0,0
29.4038,28268,282910544,1938,0,0,0
29.4139,28269,282920544,1986,0,0,0
29.4237,28270,282930544,1968,0,0,0
29.4338,28271,282940544,1895,0,0,0
29.4437,28272,282950544,1866,0,0,0
29.4537,28273,282960544,1843,0,0,0
29.4638,28274,282970544,1825,0,0,0
29.4738,28275,282980544,1824,0,0,0
29.4837,28276,282990544,1808,0,0,0
29.4938,28277,283000544,1808,0,0,0
29.5039,28278,283010544,1803,0,0,0
29.5138,28279,283020544,1767,0,0,0
29.5239,28280,283030544,1711,0,0,0
29.5340,28281,283040544,2082,0,0,0
29.5438,28282,283050544,2803,0,0,0
29.5541,28283,283060544,3436,0,0,0
29.5639,28284,283070544,2099,0,0,0
29.5742,28285,283080544,1577,0,0,0
29.5838,28286,283090544,1439,0,0,0
29.5940,28287,283100544,1653,0,0,0
29.6039,28288,283110544,1729,0,0,0
29.6138,28289,283120544,1744,0,0,0
29.6237,28290,283130544,1753,0,0,0
29.6337,28291,283140544,1773,0,0,0
29.6439,28292,283150544,1780,0,0,0
29.6539,28293,283160544,1803,0,0,0
29.6639,28294,283170544,1818,0,0,0
29.6739,28295,283180544,1830,0,0,0
29.6839,28296,283190544,1850,0,0,0
29.6941,28297,283200544,1867,0,0,0
29.7039,28298,283210544,1873,0,0,0
29.7139,28299,283220544,1894,0,0,0
29.7238,28300,283230544,1911,0,0,0
29.7341,28301,283240544,1936,0,0,0
29.7438,28302,283250544,1968,0,0,0
29.7538,28303,283260544,2000,0,0,0
29.7642,28304,283270544,2006,0,0,0
29.7738,28305,283280544,2011,0,0,0
29.7840,28306,283290544,2000,0,0,0
29.7941,28307,283300544,1956,0,0,0
29.8040,28308,283310544,1905,0,0,0
29.8161,28309,283320544,1856,0,0,0
29.8239,28310,283330544,1806,0,0,0
29.8338,28311,283340544,1776,0,0,0
29.8442,28312,283350544,1745,0,0,0
29.8540,28313,283360544,1744,0,0,0
29.8637,28314,283370544,1744,0,0,0
29.8738,28315,283380544,1744,0,0,0
29.8840,28316,283390544,1748,0,0,0
29.8939,28317,283400544,1755,0,0,0
29.9037,28318,283410544,1756,0,0,0
29.9139,28319,283420544,1765,0,0,0
29.9237,28320,283430544,1771,0,0,0
29.9339,28321,283440544,1781,0,0,0
29.9439,28322,283450544,1789,0,0,0
29.9537,28323,283460544,1793,0,0,0
29.9638,28324,283470544,1792,0,0,0
29.9738,28325,283480544,1792,0,0,0
29.9838,28326,283490544,1794,0,0,0
29.9938,28327,283500544,1794,0,0,0
30.0054,28328,283510544,1798,0,0,0
30.0170,28329,283520544,1800,0,0,0
30.0251,28330,283530544,1803,0,0,0
30.0350,28331,283540544,1808,0,0,0
30.0450,28332,283550544,1806,0,0,0
30.0541,28333,283560544,1807,0,0,0
30.0640,28334,283570544,1813,0,0,0
30.0739,28335,283580544,1810,0,0,0
30.0838,28336,283590544,1814,0,0,0
30.0939,28337,283600544,1819,0,0,0
30.1042,28338,283610544,1824,0,0,0
30.1139,28339,283620544,1821,0,0,0
30.1238,28340,283630544,1820,0,0,0
30.1338,28341,283640544,1825,0,0,0
30.1438,28342,283650544,1829,0,0,0
30.1538,28343,283660544,1829,0,0,0
30.1640,28344,283670544,1838,0,0,0
30.1781,28345,283680544,1838,0,0,0
30.1843,28346,283690544,1840,0,0,0
30.1979,28347,283700544,1838,0,0,0
30.2083,28348,283710544,1835,0,0,0
30.2138,28349,283720544,1841,0,0,0
30.2297,28350,283730544,1841,0,0,0
30.2338,28351,283740544,1845,0,0,0
30.2438,28352,283750544,1847,0,0,0
30.2539,28353,283760544,1845,0,0,0
30.2638,28354,283770544,1854,0,0,0
30.2738,28355,283780544,1846,0,0,0
30.2839,28356,283790544,1850,0,0,0
30.2939,28357,283800544,1845,0,0,0
30.3040,28358,283810544,1853,0,0,0
30.3150,28359,283820544,1850,0,0,0
30.3275,28360,283830544,1847,0,0,0
30.3340,28361,283840544,1853,0,0,0
30.3466,28362,283850544,1861,0,0,0
30.3539,28363,283860544,1890,0,0,0
30.3681,28364,283870544,1939,0,0,0
30.3754,28365,283880544,1980,0,0,0
30.3838,28366,283890544,1999,0,0,0
30.3939,28367,283900544,1904,0,0,0
30.4107,28368,283910544,1867,0,0,0
30.4143,28369,283920544,1840,0,0,0
30.4248,28370,283930544,1830,0,0,0
30.4338,28371,283940544,1818,0,0,0
30.4437,28372,283950544,1817,0,0,0
30.4539,28373,283960544,1813,0,0,0
30.4638,28374,283970544,1809,0,0,0
30.4738,28375,283980544,1776,0,0,0
30.4839,28376,283990544,1691,0,0,0
30.4938,28377,284000544,1947,0,0,0
30.5037,28378,284010544,2603,0,0,0
30.5141,28379,284020544,3479,0,0,0
30.5237,28380,284030544,2397,0,0,0
30.5359,28381,284040544,1643,0,0,0
30.5439,28382,284050544,1442,0,0,0
30.5539,28383,284060544,1603,0,0,0
30.5645,28384,284070544,1741,0,0,0
30.5744,28385,284080544,1739,0,0,0
30.5838,28386,284090544,1760,0,0,0
30.5939,28387,284100544,1776,0,0,0
30.6038,28388,284110544,1795,0,0,0
30.6138,28389,284120544,1799,0,0,0
30.6238,28390,284130544,1815,0,0,0
30.6344,28391,284140544,1823,0,0,0
30.6438,28392,284150544,1843,0,0,0
30.6538,28393,284160544,1845,0,0,0
30.6638,28394,284170544,1856,0,0,0
30.6737,28395,284180544,1873,0,0,0
30.6858,28396,284190544,1908,0,0,0
30.6948,28397,284200544,1921,0,0,0
30.7041,28398,284210544,1958,0,0,0
30.7140,28399,284220544,1979,0,0,0
30.7253,28400,284230544,2001,0,0,0
30.7340,28401,284240544,2002,0,0,0
30.7439,28402,284250544,2000,0,0,0
30.7540,28403,284260544,1968,0,0,0
30.7642,28404,284270544,1919,0,0,0
30.7738,28405,284280544,1870,0,0,0
30.7838,28406,284290544,1823,0,0,0
30.7938,28407,284300544,1777,0,0,0
30.8042,28408,284310544,1763,0,0,0
30.8139,28409,284320544,1745,0,0,0
30.8238,28410,284330544,1744,0,0,0
30.8340,28411,284340544,1741,0,0,0
30.8442,28412,284350544,1746,0,0,0
30.8540,28413,284360544,1757,0,0,0
30.8640,28414,284370544,1764,0,0,0
30.8738,28415,284380544,1761,0,0,0
30.8838,28416,284390544,1773,0,0,0
30.8940,28417,284400544,1776,0,0,0
30.9038,28418,284410544,1789,0,0,0
30.9139,28419,284420544,1780,0,0,0
30.9239,28420,284430544,1786,0,0,0
30.9341,28421,284440544,1791,0,0,0
30.9438,28422,284450544,1805,0,0,0
30.9538,28423,284460544,1799,0,0,0
30.9638,28424,284470544,1808,0,0,0
30.9738,28425,284480544,1799,0,0,0
30.9838,28426,284490544,1804,0,0,0
30.9937,28427,284500544,1797,0,0,0
31.0038,28428,284510544,1805,0,0,0
31.0139,28429,284520544,1807,0,0,0
31.0238,28430,284530544,1813,0,0,0
31.0339,28431,284540544,1810,0,0,0
31.0439,28432,284550544,1820,0,0,0
31.0538,28433,284560544,1810,0,0,0
31.0638,28434,284570544,1815,0,0,0
31.0774,28435,284580544,1818,0,0,0
31.0839,28436,284590544,1819,0,0,0
31.0939,28437,284600544,1808,0,0,0
31.1041,28438,284610544,1823,0,0,0
31.1140,28439,284620544,1824,0,0,0
31.1239,28440,284630544,1826,0,0,0
31.1340,28441,284640544,1823,0,0,0
31.1438,28442,284650544,1834,0,0,0
31.1540,28443,284660544,1822,0,0,0
31.1638,28444,284670544,1835,0,0,0
31.1738,28445,284680544,1827,0,0,0
31.1838,28446,284690544,1843,0,0,0
31.1939,28447,284700544,1831,0,0,0
31.2038,28448,284710544,1840,0,0,0
31.2138,28449,284720544,1845,0,0,0
31.2238,28450,284730544,1847,0,0,0
31.2337,28451,284740544,1839,0,0,0
31.2438,28452,284750544,1855,0,0,0
31.2538,28453,284760544,1841,0,0,0
31.2637,28454,284770544,1846,0,0,0
31.2738,28455,284780544,1844,0,0,0
31.2841,28456,284790544,1877,0,0,0
31.2938,28457,284800544,1919,0,0,0
31.3037,28458,284810544,1964,0,0,0
31.3140,28459,284820544,1996,0,0,0
31.3236,28460,284830544,1947,0,0,0
31.3339,28461,284840544,1883,0,0,0
31.3438,28462,284850544,1851,0,0,0
31.3537,28463,284860544,1826,0,0,0
31.3638,28464,284870544,1830,0,0,0
31.3739,28465,284880544,1809,0,0,0
31.3841,28466,284890544,1823,0,0,0
31.3938,28467,284900544,1803,0,0,0
31.4038,28468,284910544,1799,0,0,0
31.4138,28469,284920544,1712,0,0,0
31.4238,28470,284930544,1844,0,0,0
31.4339,28471,284940544,2416,0,0,0
31.4437,28472,284950544,3312,0,0,0
31.4538,28473,284960544,2793,0,0,0
31.4639,28474,284970544,1743,0,0,0
31.4738,28475,284980544,1466,0,0,0
31.4838,28476,284990544,1488,0,0,0
31.4938,28477,285000544,1712,0,0,0
31.5038,28478,285010544,1737,0,0,0
31.5138,28479,285020544,1746,0,0,0
31.5238,28480,285030544,1776,0,0,0
31.5339,28481,285040544,1789,0,0,0
31.5438,28482,285050544,1807,0,0,0
31.5540,28483,285060544,1813,0,0,0
31.5683,28484,285070544,1839,0,0,0
31.5738,28485,285080544,1833,0,0,0
31.5839,28486,285090544,1861,0,0,0
31.5938,28487,285100544,1883,0,0,0
31.6037,28488,285110544,1904,0,0,0
31.6139,28489,285120544,1906,0,0,0
31.6237,28490,285130544,1942,0,0,0
31.6338,28491,285140544,1959,0,0,0
31.6439,28492,285150544,1995,0,0,0
31.6537,28493,285160544,2013,0,0,0
31.6638,28494,285170544,2029,0,0,0
31.6738,28495,285180544,2018,0,0,0
31.6837,28496,285190544,2016,0,0,0
31.6939,28497,285200544,1959,0,0,0
31.7040,28498,285210544,1911,0,0,0
31.7138,28499,285220544,1840,0,0,0
31.7238,28500,285230544,1808,0,0,0
31.7338,28501,285240544,1769,0,0,0
31.7439,28502,285250544,1769,0,0,0
31.7538,28503,285260544,1770,0,0,0
31.7639,28504,285270544,1770,0,0,0
31.7737,28505,285280544,1759,0,0,0
31.7838,28506,285290544,1776,0,0,0
31.7941,28507,285300544,1764,0,0,0
31.8038,28508,285310544,1776,0,0,0
31.8157,28509,285320544,1776,0,0,0
31.8239,28510,285330544,1787,0,0,0
31.8339,28511,285340544,1787,0,0,0
31.8439,28512,285350544,1793,0,0,0
31.8540,28513,285360544,1789,0,0,0
31.8638,28514,285370544,1808,0,0,0
31.8738,28515,285380544,1797,0,0,0
31.8837,28516,285390544,1805,0,0,0
31.8938,28517,285400544,1803,0,0,0
31.9039,28518,285410544,1821,0,0,0
31.9138,28519,285420544,1819,0,0,0
31.9239,28520,285430544,1821,0,0,0
31.9338,28521,285440544,1809,0,0,0
31.9437,28522,285450544,1818,0,0,0
31.9538,28523,285460544,1823,0,0,0
31.9638,28524,285470544,1831,0,0,0
31.9737,28525,285480544,1834,0,0,0
31.9838,28526,285490544,1837,0,0,0
31.9938,28527,285500544,1830,0,0,0
32.0039,28528,285510544,1840,0,0,0
32.0139,28529,285520544,1841,0,0,0
32.0238,28530,285530544,1842,0,0,0
32.0338,28531,285540544,1839,0,0,0
32.0439,28532,285550544,1840,0,0,0
32.0537,28533,285560544,1840,0,0,0
32.0640,28534,285570544,1842,0,0,0
32.0739,28535,285580544,1840,0,0,0
32.0838,28536,285590544,1841,0,0,0
32.0939,28537,285600544,1845,0,0,0
32.1038,28538,285610544,1849,0,0,0
32.1139,28539,285620544,1841,0,0,0
32.1237,28540,285630544,1856,0,0,0
32.1340,28541,285640544,1861,0,0,0
32.1437,28542,285650544,1858,0,0,0
32.1538,28543,285660544,1857,0,0,0
32.1639,28544,285670544,1886,0,0,0
32.1738,28545,285680544,1916,0,0,0
32.1842,28546,285690544,1951,0,0,0
32.1939,28547,285700544,2001,0,0,0
32.2038,28548,285710544,1951,0,0,0
32.2138,28549,285720544,1875,0,0,0
32.2238,28550,285730544,1862,0,0,0
32.2338,28551,285740544,1837,0,0,0
32.2438,28552,285750544,1828,0,0,0
32.2539,28553,285760544,1808,0,0,0
32.2638,28554,285770544,1811,0,0,0
32.2738,28555,285780544,1810,0,0,0
32.2839,28556,285790544,1814,0,0,0
32.2938,28557,285800544,1731,0,0,0
32.3038,28558,285810544,1807,0,0,0
32.3137,28559,285820544,2342,0,0,0
32.3245,28560,285830544,3191,0,0,0
32.3338,28561,285840544,3050,0,0,0
32.3440,28562,285850544,1845,0,0,0
32.3538,28563,285860544,1520,0,0,0
32.3638,28564,285870544,1457,0,0,0
32.3739,28565,285880544,1702,0,0,0
32.3838,28566,285890544,1751,0,0,0
32.3939,28567,285900544,1755,0,0,0
32.4037,28568,285910544,1779,0,0,0
32.4137,28569,285920544,1787,0,0,0
32.4238,28570,285930544,1806,0,0,0
32.4339,28571,285940544,1813,0,0,0
32.4438,28572,285950544,1831,0,0,0
32.4539,28573,285960544,1836,0,0,0
32.4641,28574,285970544,1857,0,0,0
32.4737,28575,285980544,1867,0,0,0
32.4838,28576,285990544,1886,0,0,0
32.4939,28577,286000544,1904,0,0,0
32.5039,28578,286010544,1922,0,0,0
32.5137,28579,286020544,1947,0,0,0
32.5237,28580,286030544,1984,0,0,0
32.5338,28581,286040544,2000,0,0,0
32.5438,28582,286050544,2013,0,0,0
32.5540,28583,286060544,2009,0,0,0
32.5655,28584,286070544,1991,0,0,0
32.5738,28585,286080544,1952,0,0,0
32.5839,28586,286090544,1895,0,0,0
32.5939,28587,286100544,1840,0,0,0
32.6039,28588,286110544,1806,0,0,0
32.6139,28589,286120544,1773,0,0,0
32.6238,28590,286130544,1760,0,0,0
32.6340,28591,286140544,1754,0,0,0
32.6439,28592,286150544,1757,0,0,0
32.6538,28593,286160544,1759,0,0,0
32.6639,28594,286170544,1759,0,0,0
32.6739,28595,286180544,1758,0,0,0
32.6839,28596,286190544,1769,0,0,0
32.6938,28597,286200544,1770,0,0,0
32.7039,28598,286210544,1773,0,0,0
32.7139,28599,286220544,1776,0,0,0
32.7240,28600,286230544,1787,0,0,0
32.7339,28601,286240544,1776,0,0,0
32.7438,28602,286250544,1777,0,0,0
32.7540,28603,286260544,1776,0,0,0
32.7639,28604,286270544,1786,0,0,0
32.7739,28605,286280544,1779,0,0,0
32.7838,28606,286290544,1779,0,0,0
32.7938,28607,286300544,1785,0,0,0
32.8039,28608,286310544,1779,0,0,0
32.8148,28609,286320544,1791,0,0,0
32.8238,28610,286330544,1787,0,0,0
32.8339,28611,286340544,1792,0,0,0
32.8442,28612,286350544,1794,0,0,0
32.8540,28613,286360544,1798,0,0,0
32.8637,28614,286370544,1799,0,0,0
32.8739,28615,286380544,1809,0,0,0
32.8838,28616,286390544,1807,0,0,0
32.8937,28617,286400544,1808,0,0,0
32.9039,28618,286410544,1809,0,0,0
32.9137,28619,286420544,1818,0,0,0
32.9238,28620,286430544,1817,0,0,0
32.9338,28621,286440544,1820,0,0,0
32.9438,28622,286450544,1822,0,0,0
32.9538,28623,286460544,1828,0,0,0
32.9639,28624,286470544,1826,0,0,0
32.9738,28625,286480544,1830,0,0,0
32.9838,28626,286490544,1827,0,0,0
32.9940,28627,286500544,1830,0,0,0
33.0039,28628,286510544,1830,0,0,0
33.0139,28629,286520544,1837,0,0,0
33.0239,28630,286530544,1837,0,0,0
33.0338,28631,286540544,1840,0,0,0
33.0438,28632,286550544,1841,0,0,0
33.0539,28633,286560544,1864,0,0,0
33.0638,28634,286570544,1909,0,0,0
33.0738,28635,286580544,1953,0,0,0
33.0838,28636,286590544,1987,0,0,0
33.0938,28637,286600544,1949,0,0,0
33.1039,28638,286610544,1867,0,0,0
33.1139,28639,286620544,1846,0,0,0
33.1238,28640,286630544,1823,0,0,0
33.1337,28641,286640544,1823,0,0,0
33.1438,28642,286650544,1807,0,0,0
33.1537,28643,286660544,1808,0,0,0
33.1639,28644,286670544,1799,0,0,0
33.1738,28645,286680544,1803,0,0,0
33.1841,28646,286690544,1737,0,0,0
33.1938,28647,286700544,1764,0,0,0
33.2039,28648,286710544,2239,0,0,0
33.2139,28649,286720544,3061,0,0,0
33.2238,28650,286730544,3198,0,0,0
33.2338,28651,286740544,1872,0,0,0
33.2438,28652,286750544,1506,0,0,0
33.2539,28653,286760544,1482,0,0,0
33.2638,28654,286770544,1690,0,0,0
33.2737,28655,286780544,1741,0,0,0
33.2839,28656,286790544,1739,0,0,0
33.2937,28657,286800544,1769,0,0,0
33.3037,28658,286810544,1781,0,0,0
33.3138,28659,286820544,1793,0,0,0
33.3237,28660,286830544,1806,0,0,0
33.3337,28661,286840544,1824,0,0,0
33.3437,28662,286850544,1838,0,0,0
33.3541,28663,286860544,1856,0,0,0
33.3638,28664,286870544,1866,0,0,0
33.3738,28665,286880544,1894,0,0,0
33.3838,28666,286890544,1904,0,0,0
33.3939,28667,286900544,1926,0,0,0
33.4038,28668,286910544,1950,0,0,0
33.4139,28669,286920544,1974,0,0,0
33.4238,28670,286930544,1996,0,0,0
33.4338,28671,286940544,2011,0,0,0
33.4438,28672,286950544,2000,0,0,0
33.4538,28673,286960544,1987,0,0,0
33.4638,28674,286970544,1940,0,0,0
33.4737,28675,286980544,1893,0,0,0
33.4839,28676,286990544,1840,0,0,0
33.4939,28677,287000544,1799,0,0,0
33.5040,28678,287010544,1761,0,0,0
33.5139,28679,287020544,1757,0,0,0
33.5239,28680,287030544,1741,0,0,0
33.5340,28681,287040544,1745,0,0,0
33.5440,28682,287050544,1744,0,0,0
33.5539,28683,287060544,1758,0,0,0
33.5650,28684,287070544,1747,0,0,0
33.5740,28685,287080544,1760,0,0,0
33.5840,28686,287090544,1753,0,0,0
33.5940,28687,287100544,1771,0,0,0
33.6040,28688,287110544,1776,0,0,0
33.6140,28689,287120544,1785,0,0,0
33.6239,28690,287130544,1779,0,0,0
33.6342,28691,287140544,1792,0,0,0
33.6440,28692,287150544,1792,0,0,0
33.6542,28693,287160544,1806,0,0,0
33.6639,28694,287170544,1795,0,0,0
33.6742,28695,287180544,1802,0,0,0
33.6840,28696,287190544,1795,0,0,0
33.6937,28697,287200544,1803,0,0,0
33.7038,28698,287210544,1794,0,0,0
33.7139,28699,287220544,1803,0,0,0
33.7239,28700,287230544,1802,0,0,0
33.7337,28701,287240544,1811,0,0,0
33.7439,28702,287250544,1808,0,0,0
33.7538,28703,287260544,1815,0,0,0
33.7638,28704,287270544,1810,0,0,0
33.7739,28705,287280544,1811,0,0,0
33.7839,28706,287290544,1810,0,0,0
33.7940,28707,287300544,1819,0,0,0
33.8041,28708,287310544,1815,0,0,0
33.8140,28709,287320544,1819,0,0,0
33.8238,28710,287330544,1819,0,0,0
33.8338,28711,287340544,1838,0,0,0
33.8440,28712,287350544,1826,0,0,0
33.8539,28713,287360544,1837,0,0,0
33.8639,28714,287370544,1825,0,0,0
33.8739,28715,287380544,1830,0,0,0
33.8839,28716,287390544,1831,0,0,0
33.8938,28717,287400544,1840,0,0,0
33.9040,28718,287410544,1835,0,0,0
33.9138,28719,287420544,1840,0,0,0
33.9240,28720,287430544,1833,0,0,0
33.9341,28721,287440544,1840,0,0,0
33.9439,28722,287450544,1833,0,0,0
33.9539,28723,287460544,1834,0,0,0
33.9641,28724,287470544,1840,0,0,0
33.9739,28725,287480544,1872,0,0,0
33.9840,28726,287490544,1917,0,0,0
33.9942,28727,287500544,1951,0,0,0
34.0038,28728,287510544,1984,0,0,0
34.0138,28729,287520544,1922,0,0,0
34.0238,28730,287530544,1861,0,0,0
34.0340,28731,287540544,1840,0,0,0
34.0439,28732,287550544,1820,0,0,0
34.0540,28733,287560544,1822,0,0,0
34.0638,28734,287570544,1810,0,0,0
34.0743,28735,287580544,1807,0,0,0
34.0837,28736,287590544,1803,0,0,0
34.0938,28737,287600544,1798,0,0,0
34.1038,28738,287610544,1705,0,0,0
34.1138,28739,287620544,1841,0,0,0
34.1239,28740,287630544,2398,0,0,0
34.1339,28741,287640544,3323,0,0,0
34.1438,28742,287650544,2779,0,0,0
34.1539,28743,287660544,1715,0,0,0
34.1639,28744,287670544,1458,0,0,0
34.1738,28745,287680544,1535,0,0,0
34.1838,28746,287690544,1722,0,0,0
34.1939,28747,287700544,1741,0,0,0
34.2038,28748,287710544,1745,0,0,0
34.2140,28749,287720544,1786,0,0,0
34.2238,28750,287730544,1788,0,0,0
34.2340,28751,287740544,1799,0,0,0
34.2438,28752,287750544,1806,0,0,0
34.2540,28753,287760544,1826,0,0,0
34.2638,28754,287770544,1837,0,0,0
34.2741,28755,287780544,1851,0,0,0
34.2842,28756,287790544,1859,0,0,0
34.2939,28757,287800544,1886,0,0,0
34.3039,28758,287810544,1903,0,0,0
34.3137,28759,287820544,1930,0,0,0
34.3241,28760,287830544,1947,0,0,0
34.3337,28761,287840544,1982,0,0,0
34.3438,28762,287850544,2000,0,0,0
34.3538,28763,287860544,2030,0,0,0
34.3639,28764,287870544,2000,0,0,0
34.3738,28765,287880544,1983,0,0,0
34.3838,28766,287890544,1937,0,0,0
34.3939,28767,287900544,1882,0,0,0
34.4039,28768,287910544,1829,0,0,0
34.4139,28769,287920544,1795,0,0,0
34.4238,28770,287930544,1757,0,0,0
34.4339,28771,287940544,1745,0,0,0
34.4439,28772,287950544,1735,0,0,0
34.4540,28773,287960544,1741,0,0,0
34.4637,28774,287970544,1735,0,0,0
34.4741,28775,287980544,1745,0,0,0
34.4838,28776,287990544,1754,0,0,0
34.4939,28777,288000544,1762,0,0,0
34.5039,28778,288010544,1757,0,0,0
34.5139,28779,288020544,1772,0,0,0
34.5238,28780,288030544,1771,0,0,0
34.5341,28781,288040544,1783,0,0,0
34.5439,28782,288050544,1788,0,0,0
34.5542,28783,288060544,1802,0,0,0
34.5639,28784,288070544,1814,0,0,0
34.5740,28785,288080544,1808,0,0,0
34.5838,28786,288090544,1794,0,0,0
34.5940,28787,288100544,1805,0,0,0
34.6038,28788,288110544,1790,0,0,0
34.6140,28789,288120544,1798,0,0,0
34.6240,28790,288130544,1803,0,0,0
34.6337,28791,288140544,1809,0,0,0
34.6437,28792,288150544,1808,0,0,0
34.6538,28793,288160544,1818,0,0,0
34.6638,28794,288170544,1821,0,0,0
34.6737,28795,288180544,1824,0,0,0
34.6839,28796,288190544,1810,0,0,0
34.6938,28797,288200544,1829,0,0,0
34.7037,28798,288210544,1822,0,0,0
34.7140,28799,288220544,1824,0,0,0
34.7239,28800,288230544,1825,0,0,0
34.7339,28801,288240544,1823,0,0,0
34.7440,28802,288250544,1825,0,0,0
34.7540,28803,288260544,1834,0,0,0
34.7641,28804,288270544,1824,0,0,0
34.7739,28805,288280544,1836,0,0,0
34.7840,28806,288290544,1835,0,0,0
34.7940,28807,288300544,1835,0,0,0
34.8042,28808,288310544,1833,0,0,0
34.8138,28809,288320544,1838,0,0,0
34.8238,28810,288330544,1830,0,0,0
34.8338,28811,288340544,1847,0,0,0
34.8437,28812,288350544,1842,0,0,0
34.8538,28813,288360544,1845,0,0,0
34.8640,28814,288370544,1840,0,0,0
34.8738,28815,288380544,1843,0,0,0
34.8838,28816,288390544,1871,0,0,0
34.8939,28817,288400544,1914,0,0,0
34.9038,28818,288410544,1963,0,0,0
34.9138,28819,288420544,1986,0,0,0
34.9238,28820,288430544,1917,0,0,0
34.9339,28821,288440544,1869,0,0,0
34.9439,28822,288450544,1838,0,0,0
34.9543,28823,288460544,1834,0,0,0
34.9641,28824,288470544,1810,0,0,0
34.9739,28825,288480544,1807,0,0,0
34.9838,28826,288490544,1795,0,0,0
34.9940,28827,288500544,1798,0,0,0
35.0039,28828,288510544,1776,0,0,0
35.0141,28829,288520544,1696,0,0,0
35.0239,28830,288530544,1903,0,0,0
35.0340,28831,288540544,2507,0,0,0
35.0441,28832,288550544,3409,0,0,0
35.0538,28833,288560544,2589,0,0,0
35.0640,28834,288570544,1680,0,0,0
35.0739,28835,288580544,1443,0,0,0
35.0842,28836,288590544,1526,0,0,0
35.0939,28837,288600544,1723,0,0,0
35.1040,28838,288610544,1741,0,0,0
35.1140,28839,288620544,1760,0,0,0
35.1240,28840,288630544,1773,0,0,0
35.1340,28841,288640544,1791,0,0,0
35.1439,28842,288650544,1797,0,0,0
35.1540,28843,288660544,1813,0,0,0
35.1640,28844,288670544,1835,0,0,0
35.1738,28845,288680544,1840,0,0,0
35.1839,28846,288690544,1854,0,0,0
35.1939,28847,288700544,1870,0,0,0
35.2038,28848,288710544,1886,0,0,0
35.2138,28849,288720544,1911,0,0,0
35.2239,28850,288730544,1931,0,0,0
35.2340,28851,288740544,1957,0,0,0
35.2442,28852,288750544,1984,0,0,0
35.2541,28853,288760544,2002,0,0,0
35.2638,28854,288770544,2015,0,0,0
35.2738,28855,288780544,2001,0,0,0
35.2838,28856,288790544,1983,0,0,0
35.2939,28857,288800544,1937,0,0,0
35.3038,28858,288810544,1876,0,0,0
35.3139,28859,288820544,1838,0,0,0
35.3237,28860,288830544,1795,0,0,0
35.3338,28861,288840544,1762,0,0,0
35.3441,28862,288850544,1761,0,0,0
35.3541,28863,288860544,1758,0,0,0
35.3638,28864,288870544,1750,0,0,0
35.3740,28865,288880544,1766,0,0,0
35.3839,28866,288890544,1761,0,0,0
35.3942,28867,288900544,1771,0,0,0
35.4042,28868,288910544,1771,0,0,0
35.4140,28869,288920544,1779,0,0,0
35.4240,28870,288930544,1778,0,0,0
35.4341,28871,288940544,1786,0,0,0
35.4441,28872,288950544,1786,0,0,0
35.4540,28873,288960544,1797,0,0,0
35.4641,28874,288970544,1797,0,0,0
35.4740,28875,288980544,1807,0,0,0
35.4839,28876,288990544,1810,0,0,0
35.4941,28877,289000544,1819,0,0,0
35.5040,28878,289010544,1819,0,0,0
35.5138,28879,289020544,1819,0,0,0
35.5239,28880,289030544,1831,0,0,0
35.5338,28881,289040544,1825,0,0,0
35.5439,28882,289050544,1835,0,0,0
35.5543,28883,289060544,1822,0,0,0
35.5640,28884,289070544,1829,0,0,0
35.5739,28885,289080544,1839,0,0,0
35.5842,28886,289090544,1829,0,0,0
35.5938,28887,289100544,1835,0,0,0
35.6039,28888,289110544,1850,0,0,0
35.6138,28889,289120544,1840,0,0,0
35.6239,28890,289130544,1846,0,0,0
35.6338,28891,289140544,1846,0,0,0
35.6438,28892,289150544,1860,0,0,0
35.6539,28893,289160544,1859,0,0,0
35.6638,28894,289170544,1866,0,0,0
35.6740,28895,289180544,1858,0,0,0
35.6837,28896,289190544,1866,0,0,0
35.6939,28897,289200544,1863,0,0,0
35.7039,28898,289210544,1872,0,0,0
35.7138,28899,289220544,1872,0,0,0
35.7239,28900,289230544,1871,0,0,0
35.7339,28901,289240544,1861,0,0,0
35.7439,28902,289250544,1872,0,0,0
35.7540,28903,289260544,1870,0,0,0
35.7640,28904,289270544,1897,0,0,0
35.7738,28905,289280544,1921,0,0,0
35.7840,28906,289290544,1968,0,0,0
35.7939,28907,289300544,2017,0,0,0
35.8038,28908,289310544,1982,0,0,0
35.8145,28909,289320544,1904,0,0,0
35.8239,28910,289330544,1883,0,0,0
35.8339,28911,289340544,1849,0,0,0
35.8442,28912,289350544,1853,0,0,0
35.8540,28913,289360544,1839,0,0,0
35.8639,28914,289370544,1839,0,0,0
35.8738,28915,289380544,1827,0,0,0
35.8837,28916,289390544,1829,0,0,0
35.8937,28917,289400544,1770,0,0,0
35.9041,28918,289410544,1783,0,0,0
35.9139,28919,289420544,2231,0,0,0
35.9239,28920,289430544,3026,0,0,0
35.9338,28921,289440544,3308,0,0,0
35.9438,28922,289450544,1973,0,0,0
35.9538,28923,289460544,1597,0,0,0
35.9639,28924,289470544,1433,0,0,0
35.9739,28925,289480544,1648,0,0,0
35.9838,28926,289490544,1754,0,0,0
35.9941,28927,289500544,1747,0,0,0
36.0038,28928,289510544,1782,0,0,0
36.0139,28929,289520544,1795,0,0,0
36.0240,28930,289530544,1808,0,0,0
36.0340,28931,289540544,1815,0,0,0
36.0443,28932,289550544,1839,0,0,0
36.0540,28933,289560544,1839,0,0,0
36.0642,28934,289570544,1861,0,0,0
36.0748,28935,289580544,1863,0,0,0
36.0840,28936,289590544,1885,0,0,0
36.0939,28937,289600544,1897,0,0,0
36.1038,28938,289610544,1923,0,0,0
36.1139,28939,289620544,1939,0,0,0
36.1238,28940,289630544,1968,0,0,0
36.1340,28941,289640544,1986,0,0,0
36.1440,28942,289650544,2002,0,0,0
36.1540,28943,289660544,1997,0,0,0
36.1638,28944,289670544,1997,0,0,0
36.1739,28945,289680544,1949,0,0,0
36.1839,28946,289690544,1898,0,0,0
36.1939,28947,289700544,1841,0,0,0
36.2038,28948,289710544,1801,0,0,0
36.2139,28949,289720544,1765,0,0,0
36.2239,28950,289730544,1759,0,0,0
36.2339,28951,289740544,1743,0,0,0
36.2439,28952,289750544,1750,0,0,0
36.2540,28953,289760544,1745,0,0,0
36.2641,28954,289770544,1761,0,0,0
36.2739,28955,289780544,1760,0,0,0
36.2839,28956,289790544,1771,0,0,0
36.2941,28957,289800544,1770,0,0,0
36.3039,28958,289810544,1775,0,0,0
36.3154,28959,289820544,1771,0,0,0
36.3239,28960,289830544,1779,0,0,0
36.3342,28961,289840544,1772,0,0,0
36.3440,28962,289850544,1789,0,0,0
36.3538,28963,289860544,1774,0,0,0
36.3641,28964,289870544,1783,0,0,0
36.3738,28965,289880544,1783,0,0,0
36.3838,28966,289890544,1793,0,0,0
36.3937,28967,289900544,1777,0,0,0
36.4038,28968,289910544,1797,0,0,0
36.4137,28969,289920544,1789,0,0,0
36.4237,28970,289930544,1797,0,0,0
36.4340,28971,289940544,1789,0,0,0
36.4443,28972,289950544,1802,0,0,0
36.4543,28973,289960544,1799,0,0,0
36.4638,28974,289970544,1806,0,0,0
36.4741,28975,289980544,1804,0,0,0
36.4843,28976,289990544,1815,0,0,0
36.4939,28977,290000544,1808,0,0,0
36.5038,28978,290010544,1814,0,0,0
36.5139,28979,290020544,1811,0,0,0
36.5238,28980,290030544,1819,0,0,0
36.5337,28981,290040544,1809,0,0,0
36.5438,28982,290050544,1824,0,0,0
36.5539,28983,290060544,1819,0,0,0
36.5641,28984,290070544,1829,0,0,0
36.5738,28985,290080544,1823,0,0,0
36.5839,28986,290090544,1829,0,0,0
36.5940,28987,290100544,1823,0,0,0
36.6036,28988,290110544,1840,0,0,0
36.6138,28989,290120544,1835,0,0,0
36.6237,28990,290130544,1843,0,0,0
36.6337,28991,290140544,1865,0,0,0
36.6438,28992,290150544,1923,0,0,0
36.6539,28993,290160544,1946,0,0,0
36.6637,28994,290170544,1989,0,0,0
36.6738,28995,290180544,1909,0,0,0
36.6840,28996,290190544,1859,0,0,0
36.6940,28997,290200544,1830,0,0,0
36.7040,28998,290210544,1829,0,0,0
36.7139,28999,290220544,1808,0,0,0
36.7238,29000,290230544,1806,0,0,0
36.7340,29001,290240544,1797,0,0,0
36.7439,29002,290250544,1799,0,0,0
36.7540,29003,290260544,1779,0,0,0
36.7640,29004,290270544,1703,0,0,0
36.7738,29005,290280544,1847,0,0,0
36.7840,29006,290290544,2433,0,0,0
36.7938,29007,290300544,3327,0,0,0
36.8042,29008,290310544,2746,0,0,0
36.8138,29009,290320544,1689,0,0,0
36.8238,29010,290330544,1441,0,0,0
36.8339,29011,290340544,1535,0,0,0
36.8437,29012,290350544,1725,0,0,0
36.8547,29013,290360544,1729,0,0,0
36.8637,29014,290370544,1755,0,0,0
36.8737,29015,290380544,1759,0,0,0
36.8838,29016,290390544,1780,0,0,0
36.8937,29017,290400544,1786,0,0,0
36.9037,29018,290410544,1805,0,0,0
36.9138,29019,290420544,1809,0,0,0
36.9238,29020,290430544,1830,0,0,0
36.9337,29021,290440544,1840,0,0,0
36.9438,29022,290450544,1858,0,0,0
36.9537,29023,290460544,1872,0,0,0
36.9637,29024,290470544,1904,0,0,0
36.9738,29025,290480544,1923,0,0,0
36.9839,29026,290490544,1959,0,0,0
36.9938,29027,290500544,1974,0,0,0
37.0038,29028,290510544,1999,0,0,0
37.0137,29029,290520544,2029,0,0,0
37.0238,29030,290530544,2002,0,0,0
37.0340,29031,290540544,1973,0,0,0
37.0439,29032,290550544,1935,0,0,0
37.0544,29033,290560544,1871,0,0,0
37.0641,29034,290570544,1828,0,0,0
37.0738,29035,290580544,1770,0,0,0
37.0838,29036,290590544,1759,0,0,0
37.0941,29037,290600544,1744,0,0,0
37.1038,29038,290610544,1743,0,0,0
37.1141,29039,290620544,1741,0,0,0
37.1237,29040,290630544,1757,0,0,0
37.1342,29041,290640544,1744,0,0,0
37.1439,29042,290650544,1762,0,0,0
37.1541,29043,290660544,1766,0,0,0
37.1642,29044,290670544,1783,0,0,0
37.1739,29045,290680544,1776,0,0,0
37.1839,29046,290690544,1790,0,0,0
37.1939,29047,290700544,1787,0,0,0
37.2039,29048,290710544,1778,0,0,0
37.2138,29049,290720544,1798,0,0,0
37.2238,29050,290730544,1805,0,0,0
37.2337,29051,290740544,1808,0,0,0
37.2437,29052,290750544,1814,0,0,0
37.2537,29053,290760544,1809,0,0,0
37.2638,29054,290770544,1818,0,0,0
37.2737,29055,290780544,1818,0,0,0
37.2839,29056,290790544,1833,0,0,0
37.2939,29057,290800544,1826,0,0,0
37.3039,29058,290810544,1808,0,0,0
37.3143,29059,290820544,1839,0,0,0
37.3238,29060,290830544,1847,0,0,0
37.3338,29061,290840544,1842,0,0,0
37.3438,29062,290850544,1841,0,0,0
37.3538,29063,290860544,1840,0,0,0
37.3642,29064,290870544,1853,0,0,0
37.3739,29065,290880544,1840,0,0,0
37.3838,29066,290890544,1850,0,0,0
37.3937,29067,290900544,1842,0,0,0
37.4037,29068,290910544,1855,0,0,0
37.4137,29069,290920544,1850,0,0,0
37.4238,29070,290930544,1855,0,0,0
37.4340,29071,290940544,1849,0,0,0
37.4437,29072,290950544,1860,0,0,0
37.4536,29073,290960544,1859,0,0,0
37.4638,29074,290970544,1865,0,0,0
37.4738,29075,290980544,1861,0,0,0
37.4837,29076,290990544,1860,0,0,0
37.4939,29077,291000544,1872,0,0,0
37.5038,29078,291010544,1910,0,0,0
37.5143,29079,291020544,1954,0,0,0
37.5239,29080,291030544,1998,0,0,0
37.5339,29081,291040544,2003,0,0,0
37.5439,29082,291050544,1932,0,0,0
37.5539,29083,291060544,1886,0,0,0
37.5639,29084,291070544,1867,0,0,0
37.5738,29085,291080544,1855,0,0,0
37.5838,29086,291090544,1853,0,0,0
37.5942,29087,291100544,1840,0,0,0
37.6037,29088,291110544,1840,0,0,0
37.6139,29089,291120544,1838,0,0,0
37.6237,29090,291130544,1819,0,0,0
37.6337,29091,291140544,1729,0,0,0
37.6440,29092,291150544,1990,0,0,0
37.6539,29093,291160544,2642,0,0,0
37.6637,29094,291170544,3526,0,0,0
37.6740,29095,291180544,2377,0,0,0
37.6840,29096,291190544,1656,0,0,0
37.6939,29097,291200544,1461,0,0,0
37.7039,29098,291210544,1637,0,0,0
37.7138,29099,291220544,1771,0,0,0
37.7240,29100,291230544,1774,0,0,0
37.7341,29101,291240544,1792,0,0,0
37.7438,29102,291250544,1813,0,0,0
37.7543,29103,291260544,1815,0,0,0
37.7639,29104,291270544,1825,0,0,0
37.7737,29105,291280544,1835,0,0,0
37.7838,29106,291290544,1850,0,0,0
37.7939,29107,291300544,1870,0,0,0
37.8039,29108,291310544,1883,0,0,0
37.8144,29109,291320544,1899,0,0,0
37.8237,29110,291330544,1917,0,0,0
37.8339,29111,291340544,1931,0,0,0
37.8437,29112,291350544,1960,0,0,0
37.8537,29113,291360544,1993,0,0,0
37.8638,29114,291370544,2018,0,0,0
37.8738,29115,291380544,2032,0,0,0
37.8838,29116,291390544,2032,0,0,0
37.8937,29117,291400544,2023,0,0,0
37.9037,29118,291410544,1995,0,0,0
37.9137,29119,291420544,1942,0,0,0
37.9238,29120,291430544,1886,0,0,0
37.9338,29121,291440544,1839,0,0,0
37.9437,29122,291450544,1807,0,0,0
37.9537,29123,291460544,1777,0,0,0
37.9638,29124,291470544,1776,0,0,0
37.9737,29125,291480544,1761,0,0,0
37.9838,29126,291490544,1776,0,0,0
37.9938,29127,291500544,1781,0,0,0
38.0037,29128,291510544,1777,0,0,0
38.0138,29129,291520544,1783,0,0,0
38.0238,29130,291530544,1783,0,0,0
38.0338,29131,291540544,1786,0,0,0
38.0438,29132,291550544,1795,0,0,0
38.0539,29133,291560544,1805,0,0,0
38.0638,29134,291570544,1805,0,0,0
38.0740,29135,291580544,1808,0,0,0
38.0840,29136,291590544,1808,0,0,0
38.0940,29137,291600544,1810,0,0,0
38.1038,29138,291610544,1803,0,0,0
38.1139,29139,291620544,1812,0,0,0
38.1239,29140,291630544,1822,0,0,0
38.1339,29141,291640544,1813,0,0,0
38.1438,29142,291650544,1821,0,0,0
38.1537,29143,291660544,1823,0,0,0
38.1638,29144,291670544,1819,0,0,0
38.1738,29145,291680544,1826,0,0,0
38.1837,29146,291690544,1823,0,0,0
38.1947,29147,291700544,1830,0,0,0
38.2037,29148,291710544,1839,0,0,0
38.2139,29149,291720544,1836,0,0,0
38.2237,29150,291730544,1839,0,0,0
38.2340,29151,291740544,1840,0,0,0
38.2437,29152,291750544,1840,0,0,0
38.2537,29153,291760544,1835,0,0,0
38.2636,29154,291770544,1844,0,0,0
38.2738,29155,291780544,1848,0,0,0
38.2837,29156,291790544,1840,0,0,0
38.2938,29157,291800544,1846,0,0,0
38.3037,29158,291810544,1843,0,0,0
38.3142,29159,291820544,1844,0,0,0
38.3243,29160,291830544,1839,0,0,0
38.3337,29161,291840544,1857,0,0,0
38.3439,29162,291850544,1886,0,0,0
38.3538,29163,291860544,1941,0,0,0
38.3640,29164,291870544,1982,0,0,0
38.3738,29165,291880544,1977,0,0,0
38.3838,29166,291890544,1885,0,0,0
38.3938,29167,291900544,1857,0,0,0
38.4039,29168,291910544,1821,0,0,0
38.4138,29169,291920544,1823,0,0,0
38.4238,29170,291930544,1809,0,0,0
38.4338,29171,291940544,1810,0,0,0
38.4439,29172,291950544,1801,0,0,0
38.4540,29173,291960544,1803,0,0,0
38.4637,29174,291970544,1761,0,0,0
38.4738,29175,291980544,1716,0,0,0
38.4838,29176,291990544,2054,0,0,0
38.4938,29177,292000544,2766,0,0,0
38.5039,29178,292010544,3403,0,0,0
38.5138,29179,292020544,2157,0,0,0
38.5238,29180,292030544,1605,0,0,0
38.5339,29181,292040544,1398,0,0,0
38.5438,29182,292050544,1595,0,0,0
38.5538,29183,292060544,1743,0,0,0
38.5638,29184,292070544,1735,0,0,0
38.5737,29185,292080544,1761,0,0,0
38.5838,29186,292090544,1775,0,0,0
38.5939,29187,292100544,1789,0,0,0
38.6037,29188,292110544,1797,0,0,0
38.6139,29189,292120544,1822,0,0,0
38.6238,29190,292130544,1822,0,0,0
38.6337,29191,292140544,1849,0,0,0
38.6437,29192,292150544,1857,0,0,0
38.6538,29193,292160544,1874,0,0,0
38.6638,29194,292170544,1894,0,0,0
38.6739,29195,292180544,1919,0,0,0
38.6838,29196,292190544,1936,0,0,0
38.6938,29197,292200544,1970,0,0,0
38.7037,29198,292210544,1989,0,0,0
38.7138,29199,292220544,2013,0,0,0
38.7237,29200,292230544,1987,0,0,0
38.7338,29201,292240544,1987,0,0,0
38.7438,29202,292250544,1951,0,0,0
38.7537,29203,292260544,1899,0,0,0
38.7639,29204,292270544,1840,0,0,0
38.7739,29205,292280544,1801,0,0,0
38.7838,29206,292290544,1759,0,0,0
38.7939,29207,292300544,1744,0,0,0
38.8039,29208,292310544,1725,0,0,0
38.8138,29209,292320544,1734,0,0,0
38.8238,29210,292330544,1727,0,0,0
38.8338,29211,292340544,1739,0,0,0
38.8437,29212,292350544,1744,0,0,0
38.8537,29213,292360544,1747,0,0,0
38.8638,29214,292370544,1746,0,0,0
38.8737,29215,292380544,1758,0,0,0
38.8841,29216,292390544,1759,0,0,0
38.8943,29217,292400544,1777,0,0,0
38.9037,29218,292410544,1773,0,0,0
38.9137,29219,292420544,1785,0,0,0
38.9238,29220,292430544,1787,0,0,0
38.9338,29221,292440544,1786,0,0,0
38.9438,29222,292450544,1791,0,0,0
38.9539,29223,292460544,1791,0,0,0
38.9638,29224,292470544,1774,0,0,0
38.9737,29225,292480544,1790,0,0,0
38.9838,29226,292490544,1786,0,0,0
38.9938,29227,292500544,1797,0,0,0
39.0039,29228,292510544,1778,0,0,0
39.0139,29229,292520544,1797,0,0,0
39.0237,29230,292530544,1782,0,0,0
39.0337,29231,292540544,1795,0,0,0
39.0438,29232,292550544,1777,0,0,0
39.0538,29233,292560544,1786,0,0,0
39.0640,29234,292570544,1779,0,0,0
39.0738,29235,292580544,1783,0,0,0
39.0838,29236,292590544,1766,0,0,0
39.0938,29237,292600544,1783,0,0,0
39.1037,29238,292610544,1779,0,0,0
39.1137,29239,292620544,1808,0,0,0
39.1237,29240,292630544,1847,0,0,0
39.1338,29241,292640544,1891,0,0,0
39.1438,29242,292650544,1945,0,0,0
39.1537,29243,292660544,1942,0,0,0
39.1638,29244,292670544,1862,0,0,0
39.1737,29245,292680544,1841,0,0,0
39.1839,29246,292690544,1818,0,0,0
39.1937,29247,292700544,1814,0,0,0
39.2037,29248,292710544,1792,0,0,0
39.2142,29249,292720544,1803,0,0,0
39.2239,29250,292730544,1796,0,0,0
39.2337,29251,292740544,1814,0,0,0
39.2437,29252,292750544,1770,0,0,0
39.2538,29253,292760544,1732,0,0,0
39.2637,29254,292770544,2073,0,0,0
39.2737,29255,292780544,2787,0,0,0
39.2839,29256,292790544,3409,0,0,0
39.2937,29257,292800544,2177,0,0,0
39.3038,29258,292810544,1622,0,0,0
39.3154,29259,292820544,1393,0,0,0
39.3237,29260,292830544,1584,0,0,0
39.3337,29261,292840544,1743,0,0,0
39.3437,29262,292850544,1742,0,0,0
39.3537,29263,292860544,1772,0,0,0
39.3638,29264,292870544,1777,0,0,0
39.3737,29265,292880544,1792,0,0,0
39.3837,29266,292890544,1807,0,0,0
39.3937,29267,292900544,1824,0,0,0
39.4039,29268,292910544,1816,0,0,0
39.4138,29269,292920544,1832,0,0,0
39.4237,29270,292930544,1843,0,0,0
39.4339,29271,292940544,1851,0,0,0
39.4438,29272,292950544,1862,0,0,0
39.4538,29273,292960544,1882,0,0,0
39.4638,29274,292970544,1905,0,0,0
39.4738,29275,292980544,1943,0,0,0
39.4839,29276,292990544,1962,0,0,0
39.4939,29277,293000544,1991,0,0,0
39.5036,29278,293010544,1982,0,0,0
39.5136,29279,293020544,1967,0,0,0
39.5236,29280,293030544,1933,0,0,0
39.5336,29281,293040544,1882,0,0,0
39.5436,29282,293050544,1830,0,0,0
39.5546,29283,293060544,1779,0,0,0
39.5636,29284,293070544,1741,0,0,0
39.5736,29285,293080544,1742,0,0,0
39.5837,29286,293090544,1727,0,0,0
39.5936,29287,293100544,1743,0,0,0
39.6037,29288,293110544,1729,0,0,0
39.6138,29289,293120544,1749,0,0,0
39.6237,29290,293130544,1745,0,0,0
39.6337,29291,293140544,1756,0,0,0
39.6437,29292,293150544,1760,0,0,0
39.6537,29293,293160544,1776,0,0,0
39.6637,29294,293170544,1777,0,0,0
39.6738,29295,293180544,1788,0,0,0
39.6839,29296,293190544,1791,0,0,0
39.6939,29297,293200544,1802,0,0,0
39.7038,29298,293210544,1807,0,0,0
39.7137,29299,293220544,1821,0,0,0
39.7238,29300,293230544,1808,0,0,0
39.7339,29301,293240544,1811,0,0,0
39.7438,29302,293250544,1807,0,0,0
39.7537,29303,293260544,1811,0,0,0
39.7639,29304,293270544,1813,0,0,0
39.7738,29305,293280544,1825,0,0,0
39.7838,29306,293290544,1825,0,0,0
39.7939,29307,293300544,1824,0,0,0
39.8039,29308,293310544,1815,0,0,0
39.8137,29309,293320544,1821,0,0,0
39.8237,29310,293330544,1815,0,0,0
39.8339,29311,293340544,1819,0,0,0
39.8437,29312,293350544,1832,0,0,0
39.8538,29313,293360544,1836,0,0,0
39.8638,29314,293370544,1827,0,0,0
39.8736,29315,293380544,1850,0,0,0
39.8839,29316,293390544,1890,0,0,0
39.8938,29317,293400544,1919,0,0,0
39.9037,29318,293410544,1974,0,0,0
39.9137,29319,293420544,1969,0,0,0
39.9237,29320,293430544,1877,0,0,0
39.9337,29321,293440544,1857,0,0,0
39.9444,29322,293450544,1823,0,0,0
39.9537,29323,293460544,1809,0,0,0
39.9637,29324,293470544,1806,0,0,0
39.9739,29325,293480544,1787,0,0,0
39.9839,29326,293490544,1787,0,0,0
39.9941,29327,293500544,1788,0,0,0
40.0080,29328,293510544,1762,0,0,0
40.0137,29329,293520544,1695,0,0,0
40.0264,29330,293530544,1997,0,0,0
40.0358,29331,293540544,2651,0,0,0
40.0441,29332,293550544,3439,0,0,0
40.0575,29333,293560544,2305,0,0,0
40.0655,29334,293570544,1615,0,0,0
40.0744,29335,293580544,1394,0,0,0
40.0837,29336,293590544,1600,0,0,0
40.0944,29337,293600544,1734,0,0,0
40.1037,29338,293610544,1727,0,0,0
40.1138,29339,293620544,1759,0,0,0
40.1237,29340,293630544,1775,0,0,0
40.1337,29341,293640544,1789,0,0,0
40.1438,29342,293650544,1792,0,0,0
40.1538,29343,293660544,1808,0,0,0
40.1638,29344,293670544,1821,0,0,0
40.1768,29345,293680544,1840,0,0,0
40.1837,29346,293690544,1855,0,0,0
40.1971,29347,293700544,1872,0,0,0
40.2060,29348,293710544,1888,0,0,0
40.2139,29349,293720544,1909,0,0,0
40.2275,29350,293730544,1937,0,0,0
40.2338,29351,293740544,1967,0,0,0
40.2437,29352,293750544,1987,0,0,0
40.2537,29353,293760544,2005,0,0,0
40.2638,29354,293770544,2012,0,0,0
40.2737,29355,293780544,1990,0,0,0
40.2838,29356,293790544,1952,0,0,0
40.2938,29357,293800544,1903,0,0,0
40.3038,29358,293810544,1840,0,0,0
40.3138,29359,293820544,1795,0,0,0
40.3287,29360,293830544,1759,0,0,0
40.3337,29361,293840544,1744,0,0,0
40.3470,29362,293850544,1744,0,0,0
40.3548,29363,293860544,1748,0,0,0
40.3639,29364,293870544,1746,0,0,0
40.3744,29365,293880544,1746,0,0,0
40.3837,29366,293890544,1758,0,0,0
40.3937,29367,293900544,1766,0,0,0
40.4039,29368,293910544,1767,0,0,0
40.4142,29369,293920544,1776,0,0,0
40.4237,29370,293930544,1786,0,0,0
40.4338,29371,293940544,1793,0,0,0
40.4438,29372,293950544,1797,0,0,0
40.4537,29373,293960544,1803,0,0,0
40.4676,29374,293970544,1796,0,0,0
40.4738,29375,293980544,1806,0,0,0
40.4852,29376,293990544,1807,0,0,0
40.4945,29377,294000544,1803,0,0,0
40.5046,29378,294010544,1808,0,0,0
40.5137,29379,294020544,1811,0,0,0
40.5238,29380,294030544,1808,0,0,0
40.5337,29381,294040544,1808,0,0,0
40.5438,29382,294050544,1811,0,0,0
40.5538,29383,294060544,1813,0,0,0
40.5651,29384,294070544,1823,0,0,0
40.5737,29385,294080544,1824,0,0,0
40.5839,29386,294090544,1831,0,0,0
40.5939,29387,294100544,1829,0,0,0
40.6037,29388,294110544,1829,0,0,0
40.6207,29389,294120544,1821,0,0,0
40.6251,29390,294130544,1825,0,0,0
40.6348,29391,294140544,1824,0,0,0
40.6473,29392,294150544,1825,0,0,0
40.6549,29393,294160544,1821,0,0,0
40.6641,29394,294170544,1830,0,0,0
40.6774,29395,294180544,1831,0,0,0
40.6837,29396,294190544,1837,0,0,0
40.6936,29397,294200544,1837,0,0,0
40.7038,29398,294210544,1838,0,0,0
40.7137,29399,294220544,1838,0,0,0
40.7237,29400,294230544,1840,0,0,0
40.7341,29401,294240544,1839,0,0,0
40.7438,29402,294250544,1840,0,0,0
40.7538,29403,294260544,1839,0,0,0
40.7638,29404,294270544,1839,0,0,0
40.7737,29405,294280544,1854,0,0,0
40.7837,29406,294290544,1888,0,0,0
40.7938,29407,294300544,1941,0,0,0
40.8038,29408,294310544,1972,0,0,0
40.8137,29409,294320544,1978,0,0,0
40.8257,29410,294330544,1888,0,0,0
40.8339,29411,294340544,1861,0,0,0
40.8438,29412,294350544,1839,0,0,0
40.8540,29413,294360544,1835,0,0,0
40.8641,29414,294370544,1822,0,0,0
40.8738,29415,294380544,1809,0,0,0
40.8838,29416,294390544,1815,0,0,0
40.8937,29417,294400544,1810,0,0,0
40.9037,29418,294410544,1791,0,0,0
40.9138,29419,294420544,1703,0,0,0
40.9238,29420,294430544,1995,0,0,0
40.9338,29421,294440544,2643,0,0,0
40.9439,29422,294450544,3437,0,0,0
40.9538,29423,294460544,2302,0,0,0
40.9638,29424,294470544,1595,0,0,0
40.9739,29425,294480544,1421,0,0,0
40.9837,29426,294490544,1634,0,0,0
40.9937,29427,294500544,1741,0,0,0
41.0038,29428,294510544,1744,0,0,0
41.0138,29429,294520544,1760,0,0,0
41.0238,29430,294530544,1783,0,0,0
41.0338,29431,294540544,1786,0,0,0
41.0437,29432,294550544,1797,0,0,0
41.0537,29433,294560544,1802,0,0,0
41.0638,29434,294570544,1825,0,0,0
41.0737,29435,294580544,1838,0,0,0
41.0838,29436,294590544,1856,0,0,0
41.0940,29437,294600544,1865,0,0,0
41.1037,29438,294610544,1895,0,0,0
41.1138,29439,294620544,1911,0,0,0
41.1240,29440,294630544,1947,0,0,0
41.1337,29441,294640544,1971,0,0,0
41.1438,29442,294650544,2010,0,0,0
41.1537,29443,294660544,2014,0,0,0
41.1637,29444,294670544,2018,0,0,0
41.1737,29445,294680544,2000,0,0,0
41.1838,29446,294690544,1971,0,0,0
41.1937,29447,294700544,1917,0,0,0
41.2038,29448,294710544,1863,0,0,0
41.2142,29449,294720544,1808,0,0,0
41.2237,29450,294730544,1776,0,0,0
41.2337,29451,294740544,1755,0,0,0
41.2439,29452,294750544,1744,0,0,0
41.2537,29453,294760544,1738,0,0,0
41.2637,29454,294770544,1746,0,0,0
41.2738,29455,294780544,1743,0,0,0
41.2838,29456,294790544,1757,0,0,0
41.2938,29457,294800544,1751,0,0,0
41.3048,29458,294810544,1767,0,0,0
41.3138,29459,294820544,1754,0,0,0
41.3238,29460,294830544,1774,0,0,0
41.3338,29461,294840544,1774,0,0,0
41.3437,29462,294850544,1786,0,0,0
41.3537,29463,294860544,1783,0,0,0
41.3638,29464,294870544,1797,0,0,0
41.3739,29465,294880544,1791,0,0,0
41.3838,29466,294890544,1802,0,0,0
41.3940,29467,294900544,1798,0,0,0
41.4037,29468,294910544,1805,0,0,0
41.4137,29469,294920544,1805,0,0,0
41.4238,29470,294930544,1808,0,0,0
41.4337,29471,294940544,1799,0,0,0
41.4437,29472,294950544,1805,0,0,0
41.4538,29473,294960544,1806,0,0,0
41.4638,29474,294970544,1811,0,0,0
41.4737,29475,294980544,1802,0,0,0
41.4838,29476,294990544,1811,0,0,0
41.4938,29477,295000544,1808,0,0,0
41.5037,29478,295010544,1817,0,0,0
41.5137,29479,295020544,1818,0,0,0
41.5237,29480,295030544,1826,0,0,0
41.5337,29481,295040544,1819,0,0,0
41.5439,29482,295050544,1834,0,0,0
41.5537,29483,295060544,1817,0,0,0
41.5638,29484,295070544,1826,0,0,0
41.5738,29485,295080544,1821,0,0,0
41.5837,29486,295090544,1823,0,0,0
41.5937,29487,295100544,1814,0,0,0
41.6038,29488,295110544,1834,0,0,0
41.6137,29489,295120544,1827,0,0,0
41.6238,29490,295130544,1833,0,0,0
41.6338,29491,295140544,1823,0,0,0
41.6437,29492,295150544,1827,0,0,0
41.6537,29493,295160544,1819,0,0,0
41.6638,29494,295170544,1835,0,0,0
41.6737,29495,295180544,1824,0,0,0
41.6840,29496,295190544,1827,0,0,0
41.6937,29497,295200544,1822,0,0,0
41.7038,29498,295210544,1833,0,0,0
41.7137,29499,295220544,1821,0,0,0
41.7237,29500,295230544,1835,0,0,0
41.7337,29501,295240544,1823,0,0,0
41.7437,29502,295250544,1833,0,0,0
41.7537,29503,295260544,1825,0,0,0
41.7638,29504,295270544,1829,0,0,0
41.7736,29505,295280544,1821,0,0,0
41.7837,29506,295290544,1831,0,0,0
41.7937,29507,295300544,1825,0,0,0
41.8037,29508,295310544,1827,0,0,0
41.8151,29509,295320544,1815,0,0,0
41.8238,29510,295330544,1841,0,0,0
41.8337,29511,295340544,1857,0,0,0
41.8436,29512,295350544,1897,0,0,0
41.8537,29513,295360544,1887,0,0,0
41.8638,29514,295370544,1917,0,0,0
41.8737,29515,295380544,1845,0,0,0
41.8837,29516,295390544,1830,0,0,0
41.8938,29517,295400544,1814,0,0,0
41.9038,29518,295410544,1813,0,0,0
41.9141,29519,295420544,1802,0,0,0
41.9237,29520,295430544,1808,0,0,0
41.9337,29521,295440544,1813,0,0,0
41.9439,29522,295450544,1808,0,0,0
41.9538,29523,295460544,1769,0,0,0
41.9637,29524,295470544,1731,0,0,0
41.9736,29525,295480544,2096,0,0,0
41.9838,29526,295490544,2821,0,0,0
41.9937,29527,295500544,3367,0,0,0
42.0037,29528,295510544,2093,0,0,0
42.0137,29529,295520544,1577,0,0,0
42.0236,29530,295530544,1468,0,0,0
42.0338,29531,295540544,1661,0,0,0
42.0437,29532,295550544,1751,0,0,0
42.0537,29533,295560544,1746,0,0,0
42.0638,29534,295570544,1777,0,0,0
42.0744,29535,295580544,1788,0,0,0
42.0839,29536,295590544,1808,0,0,0
42.0937,29537,295600544,1807,0,0,0
42.1037,29538,295610544,1822,0,0,0
42.1138,29539,295620544,1825,0,0,0
42.1238,29540,295630544,1840,0,0,0
42.1337,29541,295640544,1843,0,0,0
42.1437,29542,295650544,1867,0,0,0
42.1538,29543,295660544,1878,0,0,0
42.1637,29544,295670544,1913,0,0,0
42.1737,29545,295680544,1931,0,0,0
42.1838,29546,295690544,1969,0,0,0
42.1937,29547,295700544,1979,0,0,0
42.2037,29548,295710544,2002,0,0,0
42.2138,29549,295720544,2005,0,0,0
42.2238,29550,295730544,1999,0,0,0
42.2338,29551,295740544,1957,0,0,0
42.2438,29552,295750544,1917,0,0,0
42.2537,29553,295760544,1847,0,0,0
42.2637,29554,295770544,1807,0,0,0
42.2738,29555,295780544,1757,0,0,0
42.2837,29556,295790544,1749,0,0,0
42.2939,29557,295800544,1733,0,0,0
42.3037,29558,295810544,1745,0,0,0
42.3141,29559,295820544,1736,0,0,0
42.3238,29560,295830544,1746,0,0,0
42.3339,29561,295840544,1747,0,0,0
42.3437,29562,295850544,1760,0,0,0
42.3537,29563,295860544,1763,0,0,0
42.3639,29564,295870544,1774,0,0,0
42.3737,29565,295880544,1767,0,0,0
42.3839,29566,295890544,1777,0,0,0
42.3937,29567,295900544,1788,0,0,0
42.4037,29568,295910544,1795,0,0,0
42.4139,29569,295920544,1798,0,0,0
42.4239,29570,295930544,1803,0,0,0
42.4337,29571,295940544,1801,0,0,0
42.4437,29572,295950544,1811,0,0,0
42.4538,29573,295960544,1777,0,0,0
42.4637,29574,295970544,1811,0,0,0
42.4737,29575,295980544,1801,0,0,0
42.4838,29576,295990544,1819,0,0,0
42.4936,29577,296000544,1826,0,0,0
42.5038,29578,296010544,1827,0,0,0
42.5138,29579,296020544,1821,0,0,0
42.5237,29580,296030544,1831,0,0,0
42.5338,29581,296040544,1835,0,0,0
42.5438,29582,296050544,1838,0,0,0
42.5537,29583,296060544,1827,0,0,0
42.5640,29584,296070544,1839,0,0,0
42.5738,29585,296080544,1831,0,0,0
42.5837,29586,296090544,1852,0,0,0
42.5937,29587,296100544,1835,0,0,0
42.6038,29588,296110544,1851,0,0,0
42.6137,29589,296120544,1845,0,0,0
42.6239,29590,296130544,1846,0,0,0
42.6341,29591,296140544,1850,0,0,0
42.6437,29592,296150544,1856,0,0,0
42.6536,29593,296160544,1845,0,0,0
42.6638,29594,296170544,1855,0,0,0
42.6737,29595,296180544,1845,0,0,0
42.6839,29596,296190544,1855,0,0,0
42.6938,29597,296200544,1850,0,0,0
42.7037,29598,296210544,1857,0,0,0
42.7137,29599,296220544,1854,0,0,0
42.7238,29600,296230544,1856,0,0,0
42.7337,29601,296240544,1857,0,0,0
42.7436,29602,296250544,1862,0,0,0
42.7538,29603,296260544,1851,0,0,0
42.7639,29604,296270544,1857,0,0,0
42.7737,29605,296280544,1869,0,0,0
42.7838,29606,296290544,1866,0,0,0
42.7938,29607,296300544,1851,0,0,0
42.8038,29608,296310544,1868,0,0,0
42.8152,29609,296320544,1871,0,0,0
42.8238,29610,296330544,1863,0,0,0
42.8337,29611,296340544,1871,0,0,0
42.8440,29612,296350544,1883,0,0,0
42.8537,29613,296360544,1919,0,0,0
42.8639,29614,296370544,1936,0,0,0
42.8739,29615,296380544,1948,0,0,0
42.8837,29616,296390544,1931,0,0,0
42.8937,29617,296400544,1872,0,0,0
42.9037,29618,296410544,1857,0,0,0
42.9136,29619,296420544,1847,0,0,0
42.9239,29620,296430544,1846,0,0,0
42.9338,29621,296440544,1835,0,0,0
42.9438,29622,296450544,1843,0,0,0
42.9536,29623,296460544,1842,0,0,0
42.9639,29624,296470544,1824,0,0,0
42.9739,29625,296480544,1744,0,0,0
42.9838,29626,296490544,1949,0,0,0
42.9938,29627,296500544,2544,0,0,0
43.0038,29628,296510544,3409,0,0,0
43.0137,29629,296520544,2622,0,0,0
43.0241,29630,296530544,1723,0,0,0
43.0338,29631,296540544,1453,0,0,0
43.0437,29632,296550544,1535,0,0,0
43.0538,29633,296560544,1761,0,0,0
43.0643,29634,296570544,1780,0,0,0
43.0767,29635,296580544,1794,0,0,0
43.0839,29636,296590544,1819,0,0,0
43.0938,29637,296600544,1822,0,0,0
43.1037,29638,296610544,1834,0,0,0
43.1138,29639,296620544,1845,0,0,0
43.1238,29640,296630544,1853,0,0,0
43.1337,29641,296640544,1863,0,0,0
43.1438,29642,296650544,1870,0,0,0
43.1537,29643,296660544,1879,0,0,0
43.1637,29644,296670544,1898,0,0,0
43.1738,29645,296680544,1907,0,0,0
43.1837,29646,296690544,1931,0,0,0
43.1937,29647,296700544,1955,0,0,0
43.2037,29648,296710544,1982,0,0,0
43.2137,29649,296720544,2000,0,0,0
43.2238,29650,296730544,2006,0,0,0
43.2338,29651,296740544,1994,0,0,0
43.2442,29652,296750544,1971,0,0,0
43.2539,29653,296760544,1923,0,0,0
43.2637,29654,296770544,1871,0,0,0
43.2738,29655,296780544,1814,0,0,0
43.2837,29656,296790544,1765,0,0,0
43.2938,29657,296800544,1749,0,0,0
43.3038,29658,296810544,1739,0,0,0
43.3137,29659,296820544,1732,0,0,0
43.3239,29660,296830544,1730,0,0,0
43.3338,29661,296840544,1742,0,0,0
43.3438,29662,296850544,1755,0,0,0
43.3538,29663,296860544,1747,0,0,0
43.3639,29664,296870544,1759,0,0,0
43.3738,29665,296880544,1765,0,0,0
43.3839,29666,296890544,1776,0,0,0
43.3939,29667,296900544,1781,0,0,0
43.4040,29668,296910544,1791,0,0,0
43.4138,29669,296920544,1790,0,0,0
43.4238,29670,296930544,1808,0,0,0
43.4339,29671,296940544,1808,0,0,0
43.4439,29672,296950544,1808,0,0,0
43.4538,29673,296960544,1808,0,0,0
43.4637,29674,296970544,1817,0,0,0
43.4738,29675,296980544,1813,0,0,0
43.4838,29676,296990544,1818,0,0,0
43.4939,29677,297000544,1818,0,0,0
43.5038,29678,297010544,1819,0,0,0
43.5138,29679,297020544,1821,0,0,0
43.5239,29680,297030544,1825,0,0,0
43.5341,29681,297040544,1823,0,0,0
43.5438,29682,297050544,1825,0,0,0
43.5538,29683,297060544,1826,0,0,0
43.5640,29684,297070544,1824,0,0,0
43.5739,29685,297080544,1827,0,0,0
43.5837,29686,297090544,1829,0,0,0
43.5940,29687,297100544,1830,0,0,0
43.6040,29688,297110544,1826,0,0,0
43.6138,29689,297120544,1822,0,0,0
43.6240,29690,297130544,1830,0,0,0
43.6338,29691,297140544,1827,0,0,0
43.6437,29692,297150544,1825,0,0,0
43.6537,29693,297160544,1835,0,0,0
43.6638,29694,297170544,1836,0,0,0
43.6737,29695,297180544,1832,0,0,0
43.6838,29696,297190544,1837,0,0,0
43.6937,29697,297200544,1839,0,0,0
43.7038,29698,297210544,1839,0,0,0
43.7138,29699,297220544,1840,0,0,0
43.7236,29700,297230544,1841,0,0,0
43.7338,29701,297240544,1841,0,0,0
43.7438,29702,297250544,1839,0,0,0
43.7537,29703,297260544,1829,0,0,0
43.7637,29704,297270544,1838,0,0,0
43.7738,29705,297280544,1840,0,0,0
43.7837,29706,297290544,1840,0,0,0
43.7938,29707,297300544,1840,0,0,0
43.8039,29708,297310544,1843,0,0,0
43.8137,29709,297320544,1853,0,0,0
43.8240,29710,297330544,1872,0,0,0
43.8343,29711,297340544,1903,0,0,0
43.8439,29712,297350544,1917,0,0,0
43.8537,29713,297360544,1936,0,0,0
43.8639,29714,297370544,1906,0,0,0
43.8737,29715,297380544,1863,0,0,0
43.8837,29716,297390544,1849,0,0,0
43.8937,29717,297400544,1840,0,0,0
43.9037,29718,297410544,1831,0,0,0
43.9138,29719,297420544,1830,0,0,0
43.9237,29720,297430544,1838,0,0,0
43.9337,29721,297440544,1838,0,0,0
43.9438,29722,297450544,1802,0,0,0
43.9538,29723,297460544,1723,0,0,0
43.9637,29724,297470544,2032,0,0,0
43.9737,29725,297480544,2709,0,0,0
43.9839,29726,297490544,3526,0,0,0
43.9938,29727,297500544,2318,0,0,0
44.0038,29728,297510544,1605,0,0,0
44.0139,29729,297520544,1412,0,0,0
44.0238,29730,297530544,1617,0,0,0
44.0337,29731,297540544,1743,0,0,0
44.0439,29732,297550544,1742,0,0,0
44.0540,29733,297560544,1758,0,0,0
44.0638,29734,297570544,1776,0,0,0
44.0739,29735,297580544,1786,0,0,0
44.0837,29736,297590544,1802,0,0,0
44.0939,29737,297600544,1815,0,0,0
44.1038,29738,297610544,1819,0,0,0
44.1138,29739,297620544,1836,0,0,0
44.1237,29740,297630544,1843,0,0,0
44.1337,29741,297640544,1857,0,0,0
44.1437,29742,297650544,1873,0,0,0
44.1537,29743,297660544,1890,0,0,0
44.1637,29744,297670544,1921,0,0,0
44.1738,29745,297680544,1954,0,0,0
44.1838,29746,297690544,1978,0,0,0
44.1937,29747,297700544,1993,0,0,0
44.2038,29748,297710544,2000,0,0,0
44.2139,29749,297720544,1991,0,0,0
44.2237,29750,297730544,1953,0,0,0
44.2339,29751,297740544,1909,0,0,0
44.2439,29752,297750544,1853,0,0,0
44.2539,29753,297760544,1795,0,0,0
44.2640,29754,297770544,1747,0,0,0
44.2738,29755,297780544,1739,0,0,0
44.2838,29756,297790544,1715,0,0,0
44.2937,29757,297800544,1718,0,0,0
44.3041,29758,297810544,1722,0,0,0
44.3138,29759,297820544,1728,0,0,0
44.3238,29760,297830544,1725,0,0,0
44.3337,29761,297840544,1739,0,0,0
44.3438,29762,297850544,1740,0,0,0
44.3538,29763,297860544,1751,0,0,0
44.3637,29764,297870544,1761,0,0,0
44.3738,29765,297880544,1774,0,0,0
44.3841,29766,297890544,1773,0,0,0
44.3937,29767,297900544,1777,0,0,0
44.4039,29768,297910544,1781,0,0,0
44.4138,29769,297920544,1787,0,0,0
44.4237,29770,297930544,1786,0,0,0
44.4339,29771,297940544,1795,0,0,0
44.4440,29772,297950544,1792,0,0,0
44.4538,29773,297960544,1798,0,0,0
44.4637,29774,297970544,1797,0,0,0
44.4739,29775,297980544,1807,0,0,0
44.4837,29776,297990544,1805,0,0,0
44.4939,29777,298000544,1808,0,0,0
44.5037,29778,298010544,1805,0,0,0
44.5136,29779,298020544,1805,0,0,0
44.5236,29780,298030544,1808,0,0,0
44.5338,29781,298040544,1808,0,0,0
44.5437,29782,298050544,1803,0,0,0
44.5548,29783,298060544,1803,0,0,0
44.5639,29784,298070544,1818,0,0,0
44.5736,29785,298080544,1814,0,0,0
44.5838,29786,298090544,1810,0,0,0
44.5937,29787,298100544,1815,0,0,0
44.6039,29788,298110544,1819,0,0,0
44.6140,29789,298120544,1819,0,0,0
44.6237,29790,298130544,1821,0,0,0
44.6337,29791,298140544,1827,0,0,0
44.6436,29792,298150544,1828,0,0,0
44.6538,29793,298160544,1825,0,0,0
44.6637,29794,298170544,1827,0,0,0
44.6737,29795,298180544,1834,0,0,0
44.6837,29796,298190544,1831,0,0,0
44.6939,29797,298200544,1838,0,0,0
44.7037,29798,298210544,1834,0,0,0
44.7139,29799,298220544,1840,0,0,0
44.7237,29800,298230544,1842,0,0,0
44.7337,29801,298240544,1841,0,0,0
44.7437,29802,298250544,1840,0,0,0
44.7538,29803,298260544,1854,0,0,0
44.7637,29804,298270544,1847,0,0,0
44.7737,29805,298280544,1843,0,0,0
44.7837,29806,298290544,1840,0,0,0
44.7937,29807,298300544,1847,0,0,0
44.8039,29808,298310544,1847,0,0,0
44.8146,29809,298320544,1853,0,0,0
44.8237,29810,298330544,1853,0,0,0
44.8338,29811,298340544,1856,0,0,0
44.8438,29812,298350544,1859,0,0,0
44.8537,29813,298360544,1878,0,0,0
44.8639,29814,298370544,1895,0,0,0
44.8737,29815,298380544,1923,0,0,0
44.8838,29816,298390544,1923,0,0,0
44.8937,29817,298400544,1947,0,0,0
44.9037,29818,298410544,1883,0,0,0
44.9137,29819,298420544,1857,0,0,0
44.9237,29820,298430544,1851,0,0,0
44.9338,29821,298440544,1850,0,0,0
44.9437,29822,298450544,1833,0,0,0
44.9538,29823,298460544,1841,0,0,0
44.9637,29824,298470544,1838,0,0,0
44.9737,29825,298480544,1827,0,0,0
44.9838,29826,298490544,1741,0,0,0
44.9938,29827,298500544,1909,0,0,0
45.0037,29828,298510544,2483,0,0,0
45.0140,29829,298520544,3408,0,0,0
45.0237,29830,298530544,2718,0,0,0
45.0339,29831,298540544,1700,0,0,0
45.0440,29832,298550544,1463,0,0,0
45.0538,29833,298560544,1617,0,0,0
45.0637,29834,298570544,1758,0,0,0
45.0753,29835,298580544,1766,0,0,0
45.0837,29836,298590544,1773,0,0,0
45.0938,29837,298600544,1795,0,0,0
45.1037,29838,298610544,1801,0,0,0
45.1138,29839,298620544,1819,0,0,0
45.1236,29840,298630544,1825,0,0,0
45.1337,29841,298640544,1840,0,0,0
45.1438,29842,298650544,1851,0,0,0
45.1537,29843,298660544,1872,0,0,0
45.1638,29844,298670544,1882,0,0,0
45.1739,29845,298680544,1899,0,0,0
45.1837,29846,298690544,1911,0,0,0
45.1938,29847,298700544,1945,0,0,0
45.2038,29848,298710544,1963,0,0,0
45.2139,29849,298720544,1999,0,0,0
45.2239,29850,298730544,2012,0,0,0
45.2342,29851,298740544,2026,0,0,0
45.2437,29852,298750544,2012,0,0,0
45.2539,29853,298760544,1997,0,0,0
45.2640,29854,298770544,1946,0,0,0
45.2737,29855,298780544,1895,0,0,0
45.2840,29856,298790544,1834,0,0,0
45.2938,29857,298800544,1794,0,0,0
45.3038,29858,298810544,1762,0,0,0
45.3139,29859,298820544,1758,0,0,0
45.3243,29860,298830544,1741,0,0,0
45.3337,29861,298840544,1744,0,0,0
45.3439,29862,298850544,1744,0,0,0
45.3539,29863,298860544,1750,0,0,0
45.3640,29864,298870544,1757,0,0,0
45.3739,29865,298880544,1765,0,0,0
45.3837,29866,298890544,1772,0,0,0
45.3938,29867,298900544,1776,0,0,0
45.4041,29868,298910544,1776,0,0,0
45.4143,29869,298920544,1795,0,0,0
45.4240,29870,298930544,1793,0,0,0
45.4339,29871,298940544,1797,0,0,0
45.4445,29872,298950544,1794,0,0,0
45.4539,29873,298960544,1808,0,0,0
45.4637,29874,298970544,1799,0,0,0
45.4740,29875,298980544,1805,0,0,0
45.4839,29876,298990544,1803,0,0,0
45.4943,29877,299000544,1797,0,0,0
45.5039,29878,299010544,1789,0,0,0
45.5142,29879,299020544,1797,0,0,0
45.5239,29880,299030544,1791,0,0,0
45.5338,29881,299040544,1795,0,0,0
45.5438,29882,299050544,1797,0,0,0
45.5542,29883,299060544,1808,0,0,0
45.5638,29884,299070544,1799,0,0,0
45.5739,29885,299080544,1806,0,0,0
45.5837,29886,299090544,1808,0,0,0
45.5939,29887,299100544,1812,0,0,0
45.6039,29888,299110544,1805,0,0,0
45.6138,29889,299120544,1817,0,0,0
45.6237,29890,299130544,1808,0,0,0
45.6336,29891,299140544,1809,0,0,0
45.6436,29892,299150544,1805,0,0,0
45.6537,29893,299160544,1819,0,0,0
45.6637,29894,299170544,1809,0,0,0
45.6739,29895,299180544,1823,0,0,0
45.6837,29896,299190544,1817,0,0,0
45.6937,29897,299200544,1827,0,0,0
45.7038,29898,299210544,1813,0,0,0
45.7138,29899,299220544,1835,0,0,0
45.7238,29900,299230544,1831,0,0,0
45.7337,29901,299240544,1831,0,0,0
45.7437,29902,299250544,1829,0,0,0
45.7539,29903,299260544,1835,0,0,0
45.7640,29904,299270544,1825,0,0,0
45.7738,29905,299280544,1825,0,0,0
45.7838,29906,299290544,1827,0,0,0
45.7938,29907,299300544,1837,0,0,0
45.8038,29908,299310544,1830,0,0,0
45.8141,29909,299320544,1841,0,0,0
45.8238,29910,299330544,1830,0,0,0
45.8337,29911,299340544,1843,0,0,0
45.8438,29912,299350544,1837,0,0,0
45.8539,29913,299360544,1844,0,0,0
45.8637,29914,299370544,1855,0,0,0
45.8738,29915,299380544,1878,0,0,0
45.8837,29916,299390544,1904,0,0,0
45.8937,29917,299400544,1906,0,0,0
45.9037,29918,299410544,1924,0,0,0
45.9140,29919,299420544,1885,0,0,0
45.9237,29920,299430544,1846,0,0,0
45.9337,29921,299440544,1849,0,0,0
45.9440,29922,299450544,1826,0,0,0
45.9538,29923,299460544,1839,0,0,0
45.9639,29924,299470544,1831,0,0,0
45.9738,29925,299480544,1837,0,0,0
45.9838,29926,299490544,1818,0,0,0
45.9937,29927,299500544,1765,0,0,0
46.0037,29928,299510544,1810,0,0,0
46.0138,29929,299520544,2320,0,0,0
46.0237,29930,299530544,3167,0,0,0
46.0338,29931,299540544,3088,0,0,0
46.0436,29932,299550544,1837,0,0,0
46.0536,29933,299560544,1535,0,0,0
46.0645,29934,299570544,1493,0,0,0
46.0737,29935,299580544,1713,0,0,0
46.0839,29936,299590544,1751,0,0,0
46.0941,29937,299600544,1776,0,0,0
46.1038,29938,299610544,1790,0,0,0
46.1139,29939,299620544,1818,0,0,0
46.1241,29940,299630544,1813,0,0,0
46.1341,29941,299640544,1840,0,0,0
46.1438,29942,299650544,1826,0,0,0
46.1539,29943,299660544,1837,0,0,0
46.1639,29944,299670544,1850,0,0,0
46.1739,29945,299680544,1877,0,0,0
46.1838,29946,299690544,1882,0,0,0
46.1943,29947,299700544,1895,0,0,0
46.2038,29948,299710544,1915,0,0,0
46.2140,29949,299720544,1964,0,0,0
46.2237,29950,299730544,1967,0,0,0
46.2341,29951,299740544,2000,0,0,0
46.2443,29952,299750544,2018,0,0,0
46.2538,29953,299760544,2031,0,0,0
46.2638,29954,299770544,2003,0,0,0
46.2740,29955,299780544,1971,0,0,0
46.2837,29956,299790544,1909,0,0,0
46.2937,29957,299800544,1855,0,0,0
46.3038,29958,299810544,1804,0,0,0
46.3139,29959,299820544,1770,0,0,0
46.3272,29960,299830544,1744,0,0,0
46.3338,29961,299840544,1747,0,0,0
46.3440,29962,299850544,1748,0,0,0
46.3538,29963,299860544,1747,0,0,0
46.3640,29964,299870544,1742,0,0,0
46.3740,29965,299880544,1755,0,0,0
46.3840,29966,299890544,1747,0,0,0
46.3937,29967,299900544,1757,0,0,0
46.4037,29968,299910544,1766,0,0,0
46.4139,29969,299920544,1776,0,0,0
46.4238,29970,299930544,1766,0,0,0
46.4339,29971,299940544,1789,0,0,0
46.4439,29972,299950544,1790,0,0,0
46.4539,29973,299960544,1799,0,0,0
46.4638,29974,299970544,1805,0,0,0
46.4738,29975,299980544,1807,0,0,0
46.4841,29976,299990544,1802,0,0,0
46.4941,29977,300000544,1810,0,0,0
46.5040,29978,300010544,1808,0,0,0
46.5144,29979,300020544,1808,0,0,0
46.5238,29980,300030544,1808,0,0,0
46.5338,29981,300040544,1827,0,0,0
46.5438,29982,300050544,1826,0,0,0
46.5539,29983,300060544,1840,0,0,0
46.5640,29984,300070544,1839,0,0,0
46.5741,29985,300080544,1851,0,0,0
46.5837,29986,300090544,1854,0,0,0
46.5937,29987,300100544,1862,0,0,0
46.6040,29988,300110544,1853,0,0,0
46.6136,29989,300120544,1856,0,0,0
46.6237,29990,300130544,1853,0,0,0
46.6338,29991,300140544,1857,0,0,0
46.6438,29992,300150544,1856,0,0,0
46.6537,29993,300160544,1869,0,0,0
46.6638,29994,300170544,1859,0,0,0
46.6737,29995,300180544,1866,0,0,0
46.6837,29996,300190544,1861,0,0,0
46.6938,29997,300200544,1870,0,0,0
46.7037,29998,300210544,1863,0,0,0
46.7137,29999,300220544,1868,0,0,0
46.7240,30000,300230544,1865,0,0,0
46.7340,30001,300240544,1873,0,0,0
46.7438,30002,300250544,1873,0,0,0
46.7540,30003,300260544,1872,0,0,0
46.7639,30004,300270544,1852,0,0,0
46.7737,30005,300280544,1869,0,0,0
46.7837,30006,300290544,1858,0,0,0
46.7941,30007,300300544,1866,0,0,0
46.8039,30008,300310544,1853,0,0,0
46.8142,30009,300320544,1869,0,0,0
46.8238,30010,300330544,1865,0,0,0
46.8342,30011,300340544,1909,0,0,0
46.8443,30012,300350544,1936,0,0,0
46.8543,30013,300360544,1949,0,0,0
46.8640,30014,300370544,1959,0,0,0
46.8737,30015,300380544,1911,0,0,0
46.8838,30016,300390544,1877,0,0,0
46.8940,30017,300400544,1856,0,0,0
46.9039,30018,300410544,1831,0,0,0
46.9138,30019,300420544,1836,0,0,0
46.9238,30020,300430544,1817,0,0,0
46.9339,30021,300440544,1834,0,0,0
46.9437,30022,300450544,1814,0,0,0
46.9537,30023,300460544,1793,0,0,0
46.9638,30024,300470544,1728,0,0,0
46.9737,30025,300480544,2080,0,0,0
46.9837,30026,300490544,2763,0,0,0
46.9938,30027,300500544,3511,0,0,0
47.0038,30028,300510544,2249,0,0,0
47.0139,30029,300520544,1649,0,0,0
47.0239,30030,300530544,1408,0,0,0
47.0337,30031,300540544,1606,0,0,0
47.0438,30032,300550544,1760,0,0,0
47.0542,30033,300560544,1773,0,0,0
47.0650,30034,300570544,1773,0,0,0
47.0746,30035,300580544,1802,0,0,0
47.0838,30036,300590544,1797,0,0,0
47.0938,30037,300600544,1821,0,0,0
47.1038,30038,300610544,1817,0,0,0
47.1138,30039,300620544,1836,0,0,0
47.1240,30040,300630544,1840,0,0,0
47.1337,30041,300640544,1870,0,0,0
47.1439,30042,300650544,1863,0,0,0
47.1538,30043,300660544,1887,0,0,0
47.1639,30044,300670544,1904,0,0,0
47.1739,30045,300680544,1937,0,0,0
47.1838,30046,300690544,1959,0,0,0
47.1938,30047,300700544,1990,0,0,0
47.2038,30048,300710544,2006,0,0,0
47.2138,30049,300720544,2015,0,0,0
47.2237,30050,300730544,1992,0,0,0
47.2339,30051,300740544,1970,0,0,0
47.2441,30052,300750544,1911,0,0,0
47.2537,30053,300760544,1869,0,0,0
47.2640,30054,300770544,1807,0,0,0
47.2748,30055,300780544,1779,0,0,0
47.2837,30056,300790544,1742,0,0,0
47.2939,30057,300800544,1743,0,0,0
47.3038,30058,300810544,1731,0,0,0
47.3149,30059,300820544,1743,0,0,0
47.3254,30060,300830544,1742,0,0,0
47.3340,30061,300840544,1747,0,0,0
47.3438,30062,300850544,1745,0,0,0
47.3538,30063,300860544,1758,0,0,0
47.3637,30064,300870544,1758,0,0,0
47.3738,30065,300880544,1767,0,0,0
47.3839,30066,300890544,1766,0,0,0
47.3939,30067,300900544,1777,0,0,0
47.4040,30068,300910544,1776,0,0,0
47.4140,30069,300920544,1791,0,0,0
47.4237,30070,300930544,1776,0,0,0
47.4339,30071,300940544,1790,0,0,0
47.4453,30072,300950544,1790,0,0,0
47.4542,30073,300960544,1802,0,0,0
47.4639,30074,300970544,1795,0,0,0
47.4738,30075,300980544,1808,0,0,0
47.4840,30076,300990544,1794,0,0,0
47.4938,30077,301000544,1811,0,0,0
47.5039,30078,301010544,1807,0,0,0
47.5143,30079,301020544,1809,0,0,0
47.5239,30080,301030544,1799,0,0,0
47.5340,30081,301040544,1817,0,0,0
47.5438,30082,301050544,1810,0,0,0
47.5544,30083,301060544,1825,0,0,0
47.5639,30084,301070544,1810,0,0,0
47.5738,30085,301080544,1821,0,0,0
47.5836,30086,301090544,1819,0,0,0
47.5939,30087,301100544,1830,0,0,0
47.6036,30088,301110544,1821,0,0,0
47.6138,30089,301120544,1824,0,0,0
47.6237,30090,301130544,1824,0,0,0
47.6338,30091,301140544,1833,0,0,0
47.6437,30092,301150544,1822,0,0,0
47.6538,30093,301160544,1840,0,0,0
47.6637,30094,301170544,1827,0,0,0
47.6737,30095,301180544,1840,0,0,0
47.6838,30096,301190544,1831,0,0,0
47.6936,30097,301200544,1841,0,0,0
47.7037,30098,301210544,1840,0,0,0
47.7139,30099,301220544,1818,0,0,0
47.7239,30100,301230544,1838,0,0,0
47.7340,30101,301240544,1875,0,0,0
47.7439,30102,301250544,1909,0,0,0
47.7538,30103,301260544,1962,0,0,0
47.7638,30104,301270544,1965,0,0,0
47.7738,30105,301280544,1893,0,0,0
47.7836,30106,301290544,1840,0,0,0
47.7940,30107,301300544,1830,0,0,0
47.8038,30108,301310544,1807,0,0,0
47.8143,30109,301320544,1811,0,0,0
47.8239,30110,301330544,1793,0,0,0
47.8338,30111,301340544,1802,0,0,0
47.8438,30112,301350544,1786,0,0,0
47.8541,30113,301360544,1760,0,0,0
47.8639,30114,301370544,1675,0,0,0
47.8738,30115,301380544,2002,0,0,0
47.8838,30116,301390544,2683,0,0,0
47.8938,30117,301400544,3494,0,0,0
47.9037,30118,301410544,2250,0,0,0
47.9137,30119,301420544,1593,0,0,0
47.9237,30120,301430544,1409,0,0,0
47.9337,30121,301440544,1616,0,0,0
47.9437,30122,301450544,1735,0,0,0
47.9545,30123,301460544,1740,0,0,0
47.9644,30124,301470544,1754,0,0,0
47.9739,30125,301480544,1776,0,0,0
47.9838,30126,301490544,1781,0,0,0
47.9939,30127,301500544,1807,0,0,0
48.0038,30128,301510544,1811,0,0,0
48.0136,30129,301520544,1835,0,0,0
48.0238,30130,301530544,1840,0,0,0
48.0343,30131,301540544,1862,0,0,0
48.0444,30132,301550544,1864,0,0,0
48.0537,30133,301560544,1895,0,0,0
48.0637,30134,301570544,1910,0,0,0
48.0757,30135,301580544,1943,0,0,0
48.0836,30136,301590544,1987,0,0,0
48.0939,30137,301600544,2005,0,0,0
48.1037,30138,301610544,2023,0,0,0
48.1137,30139,301620544,2044,0,0,0
48.1237,30140,301630544,1979,0,0,0
48.1337,30141,301640544,1997,0,0,0
48.1437,30142,301650544,1933,0,0,0
48.1537,30143,301660544,1883,0,0,0
48.1638,30144,301670544,1817,0,0,0
48.1737,30145,301680544,1781,0,0,0
48.1837,30146,301690544,1751,0,0,0
48.1938,30147,301700544,1758,0,0,0
48.2037,30148,301710544,1744,0,0,0
48.2138,30149,301720544,1749,0,0,0
48.2237,30150,301730544,1751,0,0,0
48.2337,30151,301740544,1757,0,0,0
48.2438,30152,301750544,1759,0,0,0
48.2536,30153,301760544,1771,0,0,0
48.2638,30154,301770544,1774,0,0,0
48.2742,30155,301780544,1787,0,0,0
48.2844,30156,301790544,1779,0,0,0
48.2947,30157,301800544,1792,0,0,0
48.3039,30158,301810544,1791,0,0,0
48.3136,30159,301820544,1803,0,0,0
48.3237,30160,301830544,1801,0,0,0
48.3338,30161,301840544,1807,0,0,0
48.3438,30162,301850544,1806,0,0,0
48.3539,30163,301860544,1811,0,0,0
48.3637,30164,301870544,1808,0,0,0
48.3739,30165,301880544,1821,0,0,0
48.3838,30166,301890544,1811,0,0,0
48.3939,30167,301900544,1827,0,0,0
48.4038,30168,301910544,1823,0,0,0
48.4139,30169,301920544,1836,0,0,0
48.4239,30170,301930544,1823,0,0,0
48.4338,30171,301940544,1830,0,0,0
48.4437,30172,301950544,1826,0,0,0
48.4537,30173,301960544,1833,0,0,0
48.4637,30174,301970544,1839,0,0,0
48.4737,30175,301980544,1841,0,0,0
48.4840,30176,301990544,1840,0,0,0
48.4938,30177,302000544,1839,0,0,0
48.5037,30178,302010544,1828,0,0,0
48.5137,30179,302020544,1840,0,0,0
48.5237,30180,302030544,1841,0,0,0
48.5339,30181,302040544,1844,0,0,0
48.5439,30182,302050544,1842,0,0,0
48.5540,30183,302060544,1849,0,0,0
48.5638,30184,302070544,1840,0,0,0
48.5738,30185,302080544,1845,0,0,0
48.5838,30186,302090544,1845,0,0,0
48.5938,30187,302100544,1853,0,0,0
48.6039,30188,302110544,1847,0,0,0
48.6139,30189,302120544,1856,0,0,0
48.6238,30190,302130544,1877,0,0,0
48.6338,30191,302140544,1936,0,0,0
48.6436,30192,302150544,1963,0,0,0
48.6536,30193,302160544,1997,0,0,0
48.6638,30194,302170544,1920,0,0,0
48.6737,30195,302180544,1872,0,0,0
48.6838,30196,302190544,1850,0,0,0
48.6937,30197,302200544,1835,0,0,0
48.7038,30198,302210544,1824,0,0,0
48.7138,30199,302220544,1824,0,0,0
48.7241,30200,302230544,1815,0,0,0
48.7339,30201,302240544,1813,0,0,0
48.7436,30202,302250544,1793,0,0,0
48.7538,30203,302260544,1713,0,0,0
48.7637,30204,302270544,1922,0,0,0
48.7737,30205,302280544,2554,0,0,0
48.7839,30206,302290544,3472,0,0,0
48.7939,30207,302300544,2517,0,0,0
48.8038,30208,302310544,1650,0,0,0
48.8137,30209,302320544,1442,0,0,0
48.8237,30210,302330544,1589,0,0,0
48.8337,30211,302340544,1743,0,0,0
48.8439,30212,302350544,1744,0,0,0
48.8542,30213,302360544,1763,0,0,0
48.8637,30214,302370544,1773,0,0,0
48.8738,30215,302380544,1793,0,0,0
48.8837,30216,302390544,1796,0,0,0
48.8936,30217,302400544,1817,0,0,0
48.9037,30218,302410544,1815,0,0,0
48.9137,30219,302420544,1826,0,0,0
48.9239,30220,302430544,1840,0,0,0
48.9337,30221,302440544,1861,0,0,0
48.9437,30222,302450544,1875,0,0,0
48.9538,30223,302460544,1888,0,0,0
48.9644,30224,302470544,1915,0,0,0
48.9739,30225,302480544,1953,0,0,0
48.9839,30226,302490544,1968,0,0,0
48.9939,30227,302500544,2000,0,0,0
49.0039,30228,302510544,2006,0,0,0
49.0138,30229,302520544,2007,0,0,0
49.0244,30230,302530544,1977,0,0,0
49.0338,30231,302540544,1936,0,0,0
49.0440,30232,302550544,1872,0,0,0
49.0541,30233,302560544,1823,0,0,0
49.0638,30234,302570544,1776,0,0,0
49.0755,30235,302580544,1758,0,0,0
49.0838,30236,302590544,1741,0,0,0
49.0940,30237,302600544,1741,0,0,0
49.1039,30238,302610544,1738,0,0,0
49.1139,30239,302620544,1737,0,0,0
49.1239,30240,302630544,1735,0,0,0
49.1338,30241,302640544,1742,0,0,0
49.1436,30242,302650544,1741,0,0,0
49.1538,30243,302660544,1763,0,0,0
49.1638,30244,302670544,1763,0,0,0
49.1738,30245,302680544,1774,0,0,0
49.1838,30246,302690544,1770,0,0,0
49.1946,30247,302700544,1774,0,0,0
49.2037,30248,302710544,1776,0,0,0
49.2140,30249,302720544,1778,0,0,0
49.2239,30250,302730544,1787,0,0,0
49.2341,30251,302740544,1796,0,0,0
49.2442,30252,302750544,1787,0,0,0
49.2544,30253,302760544,1798,0,0,0
49.2639,30254,302770544,1799,0,0,0
49.2741,30255,302780544,1808,0,0,0
49.2844,30256,302790544,1807,0,0,0
49.2939,30257,302800544,1808,0,0,0
49.3040,30258,302810544,1803,0,0,0
49.3153,30259,302820544,1807,0,0,0
49.3243,30260,302830544,1806,0,0,0
49.3337,30261,302840544,1808,0,0,0
49.3444,30262,302850544,1805,0,0,0
49.3538,30263,302860544,1808,0,0,0
49.3638,30264,302870544,1809,0,0,0
49.3738,30265,302880544,1827,0,0,0
49.3837,30266,302890544,1818,0,0,0
49.3941,30267,302900544,1815,0,0,0
49.4039,30268,302910544,1819,0,0,0
49.4139,30269,302920544,1825,0,0,0
49.4238,30270,302930544,1825,0,0,0
49.4340,30271,302940544,1825,0,0,0
49.4437,30272,302950544,1817,0,0,0
49.4537,30273,302960544,1828,0,0,0
49.4638,30274,302970544,1822,0,0,0
49.4738,30275,302980544,1832,0,0,0
49.4844,30276,302990544,1829,0,0,0
49.4943,30277,303000544,1837,0,0,0
49.5038,30278,303010544,1833,0,0,0
49.5141,30279,303020544,1840,0,0,0
49.5239,30280,303030544,1849,0,0,0
49.5337,30281,303040544,1889,0,0,0
49.5437,30282,303050544,1940,0,0,0
49.5541,30283,303060544,1987,0,0,0
49.5643,30284,303070544,1943,0,0,0
49.5739,30285,303080544,1870,0,0,0
49.5839,30286,303090544,1842,0,0,0
49.5944,30287,303100544,1827,0,0,0
49.6040,30288,303110544,1810,0,0,0
49.6138,30289,303120544,1808,0,0,0
49.6239,30290,303130544,1793,0,0,0
49.6339,30291,303140544,1801,0,0,0
49.6440,30292,303150544,1795,0,0,0
49.6539,30293,303160544,1718,0,0,0
49.6638,30294,303170544,1839,0,0,0
49.6738,30295,303180544,2391,0,0,0
49.6838,30296,303190544,3276,0,0,0
49.6936,30297,303200544,2864,0,0,0
49.7039,30298,303210544,1752,0,0,0
49.7137,30299,303220544,1484,0,0,0
49.7237,30300,303230544,1494,0,0,0
49.7339,30301,303240544,1709,0,0,0
49.7437,30302,303250544,1744,0,0,0
49.7537,30303,303260544,1754,0,0,0
49.7639,30304,303270544,1779,0,0,0
49.7739,30305,303280544,1793,0,0,0
49.7838,30306,303290544,1811,0,0,0
49.7942,30307,303300544,1822,0,0,0
49.8040,30308,303310544,1833,0,0,0
49.8137,30309,303320544,1849,0,0,0
49.8240,30310,303330544,1857,0,0,0
49.8338,30311,303340544,1867,0,0,0
49.8442,30312,303350544,1893,0,0,0
49.8539,30313,303360544,1904,0,0,0
49.8638,30314,303370544,1923,0,0,0
49.8738,30315,303380544,1953,0,0,0
49.8841,30316,303390544,1982,0,0,0
49.8940,30317,303400544,2014,0,0,0
49.9037,30318,303410544,2018,0,0,0
49.9138,30319,303420544,2010,0,0,0
49.9238,30320,303430544,1995,0,0,0
49.9339,30321,303440544,1958,0,0,0
49.9437,30322,303450544,1902,0,0,0
49.9540,30323,303460544,1840,0,0,0
49.9638,30324,303470544,1802,0,0,0
49.9738,30325,303480544,1769,0,0,0
49.9839,30326,303490544,1761,0,0,0
49.9943,30327,303500544,1757,0,0,0
50.0080,30328,303510544,1756,0,0,0
50.0138,30329,303520544,1761,0,0,0
50.0282,30330,303530544,1776,0,0,0
50.0369,30331,303540544,1765,0,0,0
50.0439,30332,303550544,1776,0,0,0
50.0564,30333,303560544,1775,0,0,0
50.0669,30334,303570544,1785,0,0,0
50.0741,30335,303580544,1779,0,0,0
50.0838,30336,303590544,1793,0,0,0
50.0940,30337,303600544,1791,0,0,0
50.1039,30338,303610544,1808,0,0,0
50.1138,30339,303620544,1805,0,0,0
50.1240,30340,303630544,1799,0,0,0
50.1337,30341,303640544,1799,0,0,0
50.1437,30342,303650544,1802,0,0,0
50.1540,30343,303660544,1808,0,0,0
50.1639,30344,303670544,1811,0,0,0
50.1738,30345,303680544,1809,0,0,0
50.1863,30346,303690544,1818,0,0,0
50.1964,30347,303700544,1821,0,0,0
50.2105,30348,303710544,1840,0,0,0
50.2138,30349,303720544,1825,0,0,0
50.2237,30350,303730544,1831,0,0,0
50.2344,30351,303740544,1823,0,0,0
50.2439,30352,303750544,1831,0,0,0
50.2538,30353,303760544,1823,0,0,0
50.2638,30354,303770544,1833,0,0,0
50.2740,30355,303780544,1830,0,0,0
50.2838,30356,303790544,1843,0,0,0
50.2938,30357,303800544,1839,0,0,0
50.3039,30358,303810544,1839,0,0,0
50.3140,30359,303820544,1836,0,0,0
50.3237,30360,303830544,1841,0,0,0
50.3426,30361,303840544,1840,0,0,0
50.3437,30362,303850544,1851,0,0,0
50.3546,30363,303860544,1859,0,0,0
50.3639,30364,303870544,1870,0,0,0
50.3736,30365,303880544,1863,0,0,0
50.3841,30366,303890544,1866,0,0,0
50.3962,30367,303900544,1863,0,0,0
50.4044,30368,303910544,1886,0,0,0
50.4174,30369,303920544,1899,0,0,0
50.4245,30370,303930544,1943,0,0,0
50.4337,30371,303940544,1989,0,0,0
50.4437,30372,303950544,2000,0,0,0
50.4537,30373,303960544,1914,0,0,0
50.4637,30374,303970544,1885,0,0,0
50.4737,30375,303980544,1853,0,0,0
50.4838,30376,303990544,1856,0,0,0
50.4937,30377,304000544,1840,0,0,0
50.5037,30378,304010544,1837,0,0,0
50.5137,30379,304020544,1821,0,0,0
50.5237,30380,304030544,1829,0,0,0
50.5338,30381,304040544,1792,0,0,0
50.5441,30382,304050544,1755,0,0,0
50.5546,30383,304060544,2119,0,0,0
50.5639,30384,304070544,2850,0,0,0
50.5738,30385,304080544,3426,0,0,0
50.5846,30386,304090544,2141,0,0,0
50.5937,30387,304100544,1635,0,0,0
50.6037,30388,304110544,1421,0,0,0
50.6140,30389,304120544,1616,0,0,0
50.6238,30390,304130544,1759,0,0,0
50.6337,30391,304140544,1753,0,0,0
50.6437,30392,304150544,1781,0,0,0
50.6537,30393,304160544,1793,0,0,0
50.6638,30394,304170544,1813,0,0,0
50.6744,30395,304180544,1815,0,0,0
50.6865,30396,304190544,1839,0,0,0
50.6990,30397,304200544,1841,0,0,0
50.7037,30398,304210544,1855,0,0,0
50.7206,30399,304220544,1861,0,0,0
50.7237,30400,304230544,1883,0,0,0
50.7337,30401,304240544,1887,0,0,0
50.7437,30402,304250544,1921,0,0,0
50.7538,30403,304260544,1935,0,0,0
50.7637,30404,304270544,1967,0,0,0
50.7737,30405,304280544,1983,0,0,0
50.7837,30406,304290544,2007,0,0,0
50.7938,30407,304300544,1998,0,0,0
50.8040,30408,304310544,2014,0,0,0
50.8139,30409,304320544,1959,0,0,0
50.8238,30410,304330544,1920,0,0,0
50.8338,30411,304340544,1843,0,0,0
50.8440,30412,304350544,1805,0,0,0
50.8538,30413,304360544,1771,0,0,0
50.8638,30414,304370544,1750,0,0,0
50.8738,30415,304380544,1743,0,0,0
50.8839,30416,304390544,1753,0,0,0
50.8937,30417,304400544,1744,0,0,0
50.9038,30418,304410544,1763,0,0,0
50.9136,30419,304420544,1758,0,0,0
50.9237,30420,304430544,1775,0,0,0
50.9338,30421,304440544,1771,0,0,0
50.9438,30422,304450544,1777,0,0,0
50.9537,30423,304460544,1773,0,0,0
50.9638,30424,304470544,1789,0,0,0
50.9738,30425,304480544,1787,0,0,0
50.9838,30426,304490544,1799,0,0,0
50.9938,30427,304500544,1789,0,0,0
51.0038,30428,304510544,1805,0,0,0
51.0137,30429,304520544,1786,0,0,0
51.0237,30430,304530544,1806,0,0,0
51.0337,30431,304540544,1798,0,0,0
51.0438,30432,304550544,1797,0,0,0
51.0540,30433,304560544,1792,0,0,0
51.0638,30434,304570544,1808,0,0,0
51.0742,30435,304580544,1795,0,0,0
51.0850,30436,304590544,1810,0,0,0
51.0938,30437,304600544,1806,0,0,0
51.1037,30438,304610544,1813,0,0,0
51.1137,30439,304620544,1803,0,0,0
51.1237,30440,304630544,1820,0,0,0
51.1338,30441,304640544,1818,0,0,0
51.1439,30442,304650544,1835,0,0,0
51.1537,30443,304660544,1823,0,0,0
51.1637,30444,304670544,1838,0,0,0
51.1738,30445,304680544,1829,0,0,0
51.1838,30446,304690544,1841,0,0,0
51.1937,30447,304700544,1829,0,0,0
51.2037,30448,304710544,1842,0,0,0
51.2139,30449,304720544,1829,0,0,0
51.2238,30450,304730544,1831,0,0,0
51.2338,30451,304740544,1827,0,0,0
51.2440,30452,304750544,1841,0,0,0
51.2538,30453,304760544,1839,0,0,0
51.2637,30454,304770544,1840,0,0,0
51.2741,30455,304780544,1831,0,0,0
51.2839,30456,304790544,1841,0,0,0
51.2939,30457,304800544,1831,0,0,0
51.3038,30458,304810544,1862,0,0,0
51.3138,30459,304820544,1903,0,0,0
51.3238,30460,304830544,1949,0,0,0
51.3339,30461,304840544,1982,0,0,0
51.3437,30462,304850544,1958,0,0,0
51.3542,30463,304860544,1872,0,0,0
51.3638,30464,304870544,1846,0,0,0
51.3737,30465,304880544,1832,0,0,0
51.3837,30466,304890544,1830,0,0,0
51.3938,30467,304900544,1805,0,0,0
51.4037,30468,304910544,1803,0,0,0
51.4138,30469,304920544,1803,0,0,0
51.4238,30470,304930544,1798,0,0,0
51.4337,30471,304940544,1715,0,0,0
51.4437,30472,304950544,1823,0,0,0
51.4538,30473,304960544,2352,0,0,0
51.4637,30474,304970544,3231,0,0,0
51.4737,30475,304980544,2937,0,0,0
51.4840,30476,304990544,1766,0,0,0
51.4943,30477,305000544,1463,0,0,0
51.5038,30478,305010544,1512,0,0,0
51.5138,30479,305020544,1710,0,0,0
51.5238,30480,305030544,1745,0,0,0
51.5338,30481,305040544,1743,0,0,0
51.5438,30482,305050544,1774,0,0,0
51.5538,30483,305060544,1779,0,0,0
51.5673,30484,305070544,1797,0,0,0
51.5738,30485,305080544,1806,0,0,0
51.5837,30486,305090544,1823,0,0,0
51.5940,30487,305100544,1822,0,0,0
51.6038,30488,305110544,1840,0,0,0
51.6138,30489,305120544,1845,0,0,0
51.6238,30490,305130544,1870,0,0,0
51.6339,30491,305140544,1877,0,0,0
51.6437,30492,305150544,1920,0,0,0
51.6537,30493,305160544,1939,0,0,0
51.6640,30494,305170544,1977,0,0,0
51.6737,30495,305180544,1984,0,0,0
51.6838,30496,305190544,2002,0,0,0
51.6939,30497,305200544,1989,0,0,0
51.7038,30498,305210544,1983,0,0,0
51.7138,30499,305220544,1934,0,0,0
51.7238,30500,305230544,1891,0,0,0
51.7339,30501,305240544,1814,0,0,0
51.7438,30502,305250544,1779,0,0,0
51.7539,30503,305260544,1744,0,0,0
51.7638,30504,305270544,1742,0,0,0
51.7738,30505,305280544,1723,0,0,0
51.7839,30506,305290544,1734,0,0,0
51.7939,30507,305300544,1730,0,0,0
51.8037,30508,305310544,1742,0,0,0
51.8139,30509,305320544,1730,0,0,0
51.8238,30510,305330544,1745,0,0,0
51.8339,30511,305340544,1741,0,0,0
51.8439,30512,305350544,1763,0,0,0
51.8538,30513,305360544,1755,0,0,0
51.8638,30514,305370544,1774,0,0,0
51.8739,30515,305380544,1773,0,0,0
51.8836,30516,305390544,1783,0,0,0
51.8937,30517,305400544,1781,0,0,0
51.9038,30518,305410544,1791,0,0,0
51.9138,30519,305420544,1783,0,0,0
51.9237,30520,305430544,1798,0,0,0
51.9338,30521,305440544,1794,0,0,0
51.9437,30522,305450544,1808,0,0,0
51.9537,30523,305460544,1805,0,0,0
51.9639,30524,305470544,1805,0,0,0
51.9737,30525,305480544,1795,0,0,0
51.9837,30526,305490544,1808,0,0,0
51.9938,30527,305500544,1799,0,0,0
52.0038,30528,305510544,1808,0,0,0
52.0138,30529,305520544,1803,0,0,0
52.0238,30530,305530544,1810,0,0,0
52.0338,30531,305540544,1799,0,0,0
52.0439,30532,305550544,1811,0,0,0
52.0539,30533,305560544,1805,0,0,0
52.0661,30534,305570544,1813,0,0,0
52.0737,30535,305580544,1804,0,0,0
52.0845,30536,305590544,1811,0,0,0
52.0937,30537,305600544,1808,0,0,0
52.1038,30538,305610544,1826,0,0,0
52.1140,30539,305620544,1818,0,0,0
52.1237,30540,305630544,1830,0,0,0
52.1337,30541,305640544,1823,0,0,0
52.1438,30542,305650544,1836,0,0,0
52.1538,30543,305660544,1831,0,0,0
52.1638,30544,305670544,1843,0,0,0
52.1738,30545,305680544,1831,0,0,0
52.1839,30546,305690544,1835,0,0,0
52.1938,30547,305700544,1826,0,0,0
52.2038,30548,305710544,1843,0,0,0
52.2138,30549,305720544,1835,0,0,0
52.2238,30550,305730544,1862,0,0,0
52.2339,30551,305740544,1891,0,0,0
52.2437,30552,305750544,1947,0,0,0
52.2538,30553,305760544,1971,0,0,0
52.2638,30554,305770544,1959,0,0,0
52.2738,30555,305780544,1858,0,0,0
52.2838,30556,305790544,1851,0,0,0
52.2939,30557,305800544,1823,0,0,0
52.3038,30558,305810544,1829,0,0,0
52.3138,30559,305820544,1804,0,0,0
52.3240,30560,305830544,1808,0,0,0
52.3339,30561,305840544,1797,0,0,0
52.3437,30562,305850544,1801,0,0,0
52.3537,30563,305860544,1729,0,0,0
52.3637,30564,305870544,1776,0,0,0
52.3738,30565,305880544,2251,0,0,0
52.3838,30566,305890544,3088,0,0,0
52.3937,30567,305900544,3122,0,0,0
52.4042,30568,305910544,1845,0,0,0
52.4138,30569,305920544,1500,0,0,0
52.4237,30570,305930544,1487,0,0,0
52.4338,30571,305940544,1698,0,0,0
52.4439,30572,305950544,1753,0,0,0
52.4538,30573,305960544,1751,0,0,0
52.4638,30574,305970544,1777,0,0,0
52.4740,30575,305980544,1782,0,0,0
52.4838,30576,305990544,1805,0,0,0
52.4938,30577,306000544,1807,0,0,0
52.5038,30578,306010544,1831,0,0,0
52.5139,30579,306020544,1840,0,0,0
52.5238,30580,306030544,1866,0,0,0
52.5339,30581,306040544,1868,0,0,0
52.5439,30582,306050544,1885,0,0,0
52.5549,30583,306060544,1900,0,0,0
52.5639,30584,306070544,1933,0,0,0
52.5737,30585,306080544,1946,0,0,0
52.5837,30586,306090544,1979,0,0,0
52.5942,30587,306100544,1995,0,0,0
52.6037,30588,306110544,2014,0,0,0
52.6138,30589,306120544,2000,0,0,0
52.6238,30590,306130544,1997,0,0,0
52.6337,30591,306140544,1956,0,0,0
52.6439,30592,306150544,1907,0,0,0
52.6536,30593,306160544,1850,0,0,0
52.6636,30594,306170544,1808,0,0,0
52.6738,30595,306180544,1770,0,0,0
52.6837,30596,306190544,1761,0,0,0
52.6937,30597,306200544,1744,0,0,0
52.7037,30598,306210544,1750,0,0,0
52.7137,30599,306220544,1750,0,0,0
52.7236,30600,306230544,1751,0,0,0
52.7338,30601,306240544,1752,0,0,0
52.7437,30602,306250544,1773,0,0,0
52.7539,30603,306260544,1763,0,0,0
52.7638,30604,306270544,1776,0,0,0
52.7737,30605,306280544,1771,0,0,0
52.7838,30606,306290544,1780,0,0,0
52.7937,30607,306300544,1778,0,0,0
52.8038,30608,306310544,1796,0,0,0
52.8137,30609,306320544,1791,0,0,0
52.8238,30610,306330544,1802,0,0,0
52.8337,30611,306340544,1801,0,0,0
52.8439,30612,306350544,1807,0,0,0
52.8537,30613,306360544,1801,0,0,0
52.8637,30614,306370544,1808,0,0,0
52.8737,30615,306380544,1808,0,0,0
52.8837,30616,306390544,1812,0,0,0
52.8938,30617,306400544,1808,0,0,0
52.9037,30618,306410544,1808,0,0,0
52.9138,30619,306420544,1805,0,0,0
52.9237,30620,306430544,1813,0,0,0
52.9337,30621,306440544,1809,0,0,0
52.9440,30622,306450544,1811,0,0,0
52.9537,30623,306460544,1809,0,0,0
52.9638,30624,306470544,1825,0,0,0
52.9738,30625,306480544,1815,0,0,0
52.9837,30626,306490544,1831,0,0,0
52.9939,30627,306500544,1811,0,0,0
53.0041,30628,306510544,1823,0,0,0
53.0140,30629,306520544,1823,0,0,0
53.0238,30630,306530544,1831,0,0,0
53.0338,30631,306540544,1823,0,0,0
53.0439,30632,306550544,1833,0,0,0
53.0538,30633,306560544,1826,0,0,0
53.0636,30634,306570544,1833,0,0,0
53.0736,30635,306580544,1830,0,0,0
53.0837,30636,306590544,1844,0,0,0
53.0938,30637,306600544,1839,0,0,0
53.1037,30638,306610544,1840,0,0,0
53.1137,30639,306620544,1842,0,0,0
53.1239,30640,306630544,1858,0,0,0
53.1337,30641,306640544,1869,0,0,0
53.1437,30642,306650544,1905,0,0,0
53.1537,30643,306660544,1943,0,0,0
53.1637,30644,306670544,1986,0,0,0
53.1738,30645,306680544,1966,0,0,0
53.1839,30646,306690544,1885,0,0,0
53.1938,30647,306700544,1851,0,0,0
53.2038,30648,306710544,1825,0,0,0
53.2141,30649,306720544,1818,0,0,0
53.2239,30650,306730544,1824,0,0,0
53.2339,30651,306740544,1802,0,0,0
53.2439,30652,306750544,1808,0,0,0
53.2537,30653,306760544,1791,0,0,0
53.2637,30654,306770544,1743,0,0,0
53.2738,30655,306780544,1744,0,0,0
53.2839,30656,306790544,2217,0,0,0
53.2939,30657,306800544,3004,0,0,0
53.3038,30658,306810544,3185,0,0,0
53.3137,30659,306820544,1885,0,0,0
53.3239,30660,306830544,1535,0,0,0
53.3340,30661,306840544,1449,0,0,0
53.3439,30662,306850544,1665,0,0,0
53.3540,30663,306860544,1734,0,0,0
53.3637,30664,306870544,1747,0,0,0
53.3739,30665,306880544,1760,0,0,0
53.3837,30666,306890544,1784,0,0,0
53.3937,30667,306900544,1786,0,0,0
53.4040,30668,306910544,1823,0,0,0
53.4137,30669,306920544,1818,0,0,0
53.4237,30670,306930544,1829,0,0,0
53.4341,30671,306940544,1839,0,0,0
53.4440,30672,306950544,1874,0,0,0
53.4541,30673,306960544,1873,0,0,0
53.4636,30674,306970544,1898,0,0,0
53.4738,30675,306980544,1917,0,0,0
53.4838,30676,306990544,1948,0,0,0
53.4941,30677,307000544,1969,0,0,0
53.5038,30678,307010544,1999,0,0,0
53.5140,30679,307020544,2005,0,0,0
53.5238,30680,307030544,2027,0,0,0
53.5338,30681,307040544,1997,0,0,0
53.5439,30682,307050544,1969,0,0,0
53.5538,30683,307060544,1904,0,0,0
53.5645,30684,307070544,1858,0,0,0
53.5739,30685,307080544,1802,0,0,0
53.5838,30686,307090544,1776,0,0,0
53.5938,30687,307100544,1759,0,0,0
53.6041,30688,307110544,1753,0,0,0
53.6138,30689,307120544,1747,0,0,0
53.6237,30690,307130544,1760,0,0,0
53.6339,30691,307140544,1756,0,0,0
53.6436,30692,307150544,1765,0,0,0
53.6537,30693,307160544,1755,0,0,0
53.6637,30694,307170544,1776,0,0,0
53.6737,30695,307180544,1777,0,0,0
53.6837,30696,307190544,1779,0,0,0
53.6938,30697,307200544,1779,0,0,0
53.7038,30698,307210544,1797,0,0,0
53.7140,30699,307220544,1791,0,0,0
53.7240,30700,307230544,1814,0,0,0
53.7338,30701,307240544,1808,0,0,0
53.7439,30702,307250544,1808,0,0,0
53.7539,30703,307260544,1807,0,0,0
53.7640,30704,307270544,1823,0,0,0
53.7739,30705,307280544,1818,0,0,0
53.7839,30706,307290544,1823,0,0,0
53.7940,30707,307300544,1827,0,0,0
53.8043,30708,307310544,1831,0,0,0
53.8138,30709,307320544,1823,0,0,0
53.8237,30710,307330544,1839,0,0,0
53.8341,30711,307340544,1837,0,0,0
53.8438,30712,307350544,1834,0,0,0
53.8538,30713,307360544,1840,0,0,0
53.8640,30714,307370544,1849,0,0,0
53.8740,30715,307380544,1840,0,0,0
53.8841,30716,307390544,1840,0,0,0
53.8938,30717,307400544,1846,0,0,0
53.9038,30718,307410544,1841,0,0,0
53.9137,30719,307420544,1845,0,0,0
53.9239,30720,307430544,1847,0,0,0
53.9336,30721,307440544,1853,0,0,0
53.9437,30722,307450544,1851,0,0,0
53.9538,30723,307460544,1857,0,0,0
53.9637,30724,307470544,1852,0,0,0
53.9740,30725,307480544,1846,0,0,0
53.9839,30726,307490544,1859,0,0,0
53.9940,30727,307500544,1864,0,0,0
54.0039,30728,307510544,1887,0,0,0
54.0138,30729,307520544,1923,0,0,0
54.0239,30730,307530544,1967,0,0,0
54.0340,30731,307540544,2000,0,0,0
54.0440,30732,307550544,1943,0,0,0
54.0544,30733,307560544,1878,0,0,0
54.0638,30734,307570544,1870,0,0,0
54.0763,30735,307580544,1842,0,0,0
54.0840,30736,307590544,1839,0,0,0
54.0938,30737,307600544,1816,0,0,0
54.1039,30738,307610544,1833,0,0,0
54.1138,30739,307620544,1818,0,0,0
54.1237,30740,307630544,1806,0,0,0
54.1339,30741,307640544,1730,0,0,0
54.1440,30742,307650544,1915,0,0,0
54.1538,30743,307660544,2518,0,0,0
54.1637,30744,307670544,3420,0,0,0
54.1738,30745,307680544,2709,0,0,0
54.1838,30746,307690544,1744,0,0,0
54.1938,30747,307700544,1478,0,0,0
54.2036,30748,307710544,1521,0,0,0
54.2137,30749,307720544,1738,0,0,0
54.2237,30750,307730544,1773,0,0,0
54.2340,30751,307740544,1776,0,0,0
54.2439,30752,307750544,1797,0,0,0
54.2539,30753,307760544,1809,0,0,0
54.2638,30754,307770544,1834,0,0,0
54.2739,30755,307780544,1830,0,0,0
54.2837,30756,307790544,1853,0,0,0
54.2941,30757,307800544,1860,0,0,0
54.3039,30758,307810544,1863,0,0,0
54.3142,30759,307820544,1883,0,0,0
54.3240,30760,307830544,1891,0,0,0
54.3337,30761,307840544,1906,0,0,0
54.3436,30762,307850544,1927,0,0,0
54.3537,30763,307860544,1951,0,0,0
54.3637,30764,307870544,1982,0,0,0
54.3737,30765,307880544,2000,0,0,0
54.3837,30766,307890544,2005,0,0,0
54.3937,30767,307900544,1998,0,0,0
54.4042,30768,307910544,1974,0,0,0
54.4140,30769,307920544,1929,0,0,0
54.4239,30770,307930544,1879,0,0,0
54.4341,30771,307940544,1825,0,0,0
54.4439,30772,307950544,1776,0,0,0
54.4543,30773,307960544,1761,0,0,0
54.4640,30774,307970544,1742,0,0,0
54.4737,30775,307980544,1749,0,0,0
54.4839,30776,307990544,1735,0,0,0
54.4937,30777,308000544,1745,0,0,0
54.5035,30778,308010544,1758,0,0,0
54.5139,30779,308020544,1749,0,0,0
54.5239,30780,308030544,1763,0,0,0
54.5337,30781,308040544,1774,0,0,0
54.5438,30782,308050544,1772,0,0,0
54.5543,30783,308060544,1776,0,0,0
54.5637,30784,308070544,1775,0,0,0
54.5741,30785,308080544,1793,0,0,0
54.5837,30786,308090544,1805,0,0,0
54.5942,30787,308100544,1801,0,0,0
54.6039,30788,308110544,1806,0,0,0
54.6139,30789,308120544,1815,0,0,0
54.6237,30790,308130544,1811,0,0,0
54.6337,30791,308140544,1823,0,0,0
54.6437,30792,308150544,1823,0,0,0
54.6537,30793,308160544,1825,0,0,0
54.6638,30794,308170544,1831,0,0,0
54.6739,30795,308180544,1829,0,0,0
54.6837,30796,308190544,1826,0,0,0
54.6938,30797,308200544,1834,0,0,0
54.7039,30798,308210544,1835,0,0,0
54.7139,30799,308220544,1837,0,0,0
54.7239,30800,308230544,1835,0,0,0
54.7337,30801,308240544,1834,0,0,0
54.7436,30802,308250544,1833,0,0,0
54.7539,30803,308260544,1830,0,0,0
54.7638,30804,308270544,1837,0,0,0
54.7739,30805,308280544,1840,0,0,0
54.7840,30806,308290544,1833,0,0,0
54.7940,30807,308300544,1838,0,0,0
54.8042,30808,308310544,1853,0,0,0
54.8174,30809,308320544,1902,0,0,0
54.8237,30810,308330544,1921,0,0,0
54.8338,30811,308340544,1989,0,0,0
54.8439,30812,308350544,1923,0,0,0
54.8549,30813,308360544,1853,0,0,0
54.8637,30814,308370544,1828,0,0,0
54.8739,30815,308380544,1808,0,0,0
54.8838,30816,308390544,1801,0,0,0
54.8938,30817,308400544,1793,0,0,0
54.9037,30818,308410544,1783,0,0,0
54.9137,30819,308420544,1791,0,0,0
54.9238,30820,308430544,1776,0,0,0
54.9338,30821,308440544,1697,0,0,0
54.9438,30822,308450544,1839,0,0,0
54.9539,30823,308460544,2391,0,0,0
54.9638,30824,308470544,3231,0,0,0
54.9740,30825,308480544,2842,0,0,0
54.9839,30826,308490544,1735,0,0,0
54.9942,30827,308500544,1441,0,0,0
55.0038,30828,308510544,1443,0,0,0
55.0140,30829,308520544,1680,0,0,0
55.0240,30830,308530544,1719,0,0,0
55.0339,30831,308540544,1741,0,0,0
55.0437,30832,308550544,1755,0,0,0
55.0539,30833,308560544,1791,0,0,0
55.0639,30834,308570544,1793,0,0,0
55.0738,30835,308580544,1808,0,0,0
55.0842,30836,308590544,1825,0,0,0
55.0939,30837,308600544,1839,0,0,0
55.1039,30838,308610544,1846,0,0,0
55.1140,30839,308620544,1874,0,0,0
55.1238,30840,308630544,1883,0,0,0
55.1337,30841,308640544,1910,0,0,0
55.1439,30842,308650544,1938,0,0,0
55.1537,30843,308660544,1982,0,0,0
55.1639,30844,308670544,1989,0,0,0
55.1739,30845,308680544,2017,0,0,0
55.1838,30846,308690544,2020,0,0,0
55.1938,30847,308700544,2015,0,0,0
55.2040,30848,308710544,1990,0,0,0
55.2138,30849,308720544,1951,0,0,0
55.2238,30850,308730544,1885,0,0,0
55.2340,30851,308740544,1831,0,0,0
55.2438,30852,308750544,1787,0,0,0
55.2542,30853,308760544,1763,0,0,0
55.2639,30854,308770544,1747,0,0,0
55.2740,30855,308780544,1755,0,0,0
55.2842,30856,308790544,1751,0,0,0
55.2940,30857,308800544,1745,0,0,0
55.3039,30858,308810544,1754,0,0,0
55.3148,30859,308820544,1773,0,0,0
55.3241,30860,308830544,1765,0,0,0
55.3337,30861,308840544,1777,0,0,0
55.3439,30862,308850544,1776,0,0,0
55.3538,30863,308860544,1785,0,0,0
55.3639,30864,308870544,1785,0,0,0
55.3738,30865,308880544,1797,0,0,0
55.3839,30866,308890544,1798,0,0,0
55.3937,30867,308900544,1804,0,0,0
55.4036,30868,308910544,1802,0,0,0
55.4138,30869,308920544,1809,0,0,0
55.4238,30870,308930544,1807,0,0,0
55.4344,30871,308940544,1809,0,0,0
55.4440,30872,308950544,1811,0,0,0
55.4539,30873,308960544,1815,0,0,0
55.4639,30874,308970544,1808,0,0,0
55.4739,30875,308980544,1810,0,0,0
55.4839,30876,308990544,1814,0,0,0
55.4940,30877,309000544,1820,0,0,0
55.5038,30878,309010544,1813,0,0,0
55.5140,30879,309020544,1829,0,0,0
55.5236,30880,309030544,1822,0,0,0
55.5337,30881,309040544,1830,0,0,0
55.5438,30882,309050544,1826,0,0,0
55.5537,30883,309060544,1827,0,0,0
55.5658,30884,309070544,1828,0,0,0
55.5738,30885,309080544,1829,0,0,0
55.5839,30886,309090544,1826,0,0,0
55.5938,30887,309100544,1840,0,0,0
55.6038,30888,309110544,1851,0,0,0
55.6138,30889,309120544,1904,0,0,0
55.6237,30890,309130544,1940,0,0,0
55.6338,30891,309140544,1995,0,0,0
55.6437,30892,309150544,1955,0,0,0
55.6537,30893,309160544,1874,0,0,0
55.6637,30894,309170544,1842,0,0,0
55.6737,30895,309180544,1811,0,0,0
55.6838,30896,309190544,1801,0,0,0
55.6938,30897,309200544,1793,0,0,0
55.7038,30898,309210544,1783,0,0,0
55.7136,30899,309220544,1786,0,0,0
55.7238,30900,309230544,1767,0,0,0
55.7338,30901,309240544,1717,0,0,0
55.7438,30902,309250544,1775,0,0,0
55.7539,30903,309260544,2288,0,0,0
55.7640,30904,309270544,3095,0,0,0
55.7738,30905,309280544,3065,0,0,0
55.7837,30906,309290544,1795,0,0,0
55.7939,30907,309300544,1461,0,0,0
55.8038,30908,309310544,1451,0,0,0
55.8139,30909,309320544,1680,0,0,0
55.8237,30910,309330544,1725,0,0,0
55.8337,30911,309340544,1744,0,0,0
55.8438,30912,309350544,1753,0,0,0
55.8537,30913,309360544,1782,0,0,0
55.8638,30914,309370544,1791,0,0,0
55.8738,30915,309380544,1808,0,0,0
55.8837,30916,309390544,1817,0,0,0
55.8937,30917,309400544,1829,0,0,0
55.9037,30918,309410544,1834,0,0,0
55.9137,30919,309420544,1858,0,0,0
55.9237,30920,309430544,1874,0,0,0
55.9337,30921,309440544,1916,0,0,0
55.9437,30922,309450544,1917,0,0,0
55.9537,30923,309460544,1953,0,0,0
55.9637,30924,309470544,1979,0,0,0
55.9739,30925,309480544,1998,0,0,0
55.9838,30926,309490544,2021,0,0,0
55.9938,30927,309500544,2020,0,0,0
56.0039,30928,309510544,1998,0,0,0
56.0138,30929,309520544,1967,0,0,0
56.0240,30930,309530544,1901,0,0,0
56.0339,30931,309540544,1853,0,0,0
56.0439,30932,309550544,1807,0,0,0
56.0539,30933,309560544,1783,0,0,0
56.0641,30934,309570544,1759,0,0,0
56.0738,30935,309580544,1761,0,0,0
56.0838,30936,309590544,1755,0,0,0
56.0939,30937,309600544,1773,0,0,0
56.1039,30938,309610544,1765,0,0,0
56.1137,30939,309620544,1777,0,0,0
56.1238,30940,309630544,1769,0,0,0
56.1337,30941,309640544,1777,0,0,0
56.1437,30942,309650544,1776,0,0,0
56.1538,30943,309660544,1791,0,0,0
56.1636,30944,309670544,1792,0,0,0
56.1739,30945,309680544,1802,0,0,0
56.1839,30946,309690544,1798,0,0,0
56.1938,30947,309700544,1813,0,0,0
56.2037,30948,309710544,1808,0,0,0
56.2140,30949,309720544,1821,0,0,0
56.2239,30950,309730544,1811,0,0,0
56.2339,30951,309740544,1820,0,0,0
56.2441,30952,309750544,1821,0,0,0
56.2538,30953,309760544,1835,0,0,0
56.2640,30954,309770544,1824,0,0,0
56.2739,30955,309780544,1835,0,0,0
56.2837,30956,309790544,1823,0,0,0
56.2944,30957,309800544,1835,0,0,0
56.3051,30958,309810544,1823,0,0,0
56.3139,30959,309820544,1831,0,0,0
56.3240,30960,309830544,1826,0,0,0
56.3339,30961,309840544,1835,0,0,0
56.3437,30962,309850544,1829,0,0,0
56.3539,30963,309860544,1838,0,0,0
56.3638,30964,309870544,1828,0,0,0
56.3738,30965,309880544,1841,0,0,0
56.3837,30966,309890544,1831,0,0,0
56.3937,30967,309900544,1840,0,0,0
56.4037,30968,309910544,1840,0,0,0
56.4138,30969,309920544,1844,0,0,0
56.4238,30970,309930544,1840,0,0,0
56.4336,30971,309940544,1849,0,0,0
56.4438,30972,309950544,1863,0,0,0
56.4540,30973,309960544,1915,0,0,0
56.4640,30974,309970544,1962,0,0,0
56.4738,30975,309980544,2000,0,0,0
56.4840,30976,309990544,1947,0,0,0
56.4939,30977,310000544,1879,0,0,0
56.5044,30978,310010544,1853,0,0,0
56.5139,30979,310020544,1835,0,0,0
56.5239,30980,310030544,1823,0,0,0
56.5339,30981,310040544,1815,0,0,0
56.5437,30982,310050544,1805,0,0,0
56.5536,30983,310060544,1808,0,0,0
56.5642,30984,310070544,1790,0,0,0
56.5741,30985,310080544,1730,0,0,0
56.5836,30986,310090544,1820,0,0,0
56.5938,30987,310100544,2359,0,0,0
56.6037,30988,310110544,3227,0,0,0
56.6137,30989,310120544,2910,0,0,0
56.6239,30990,310130544,1738,0,0,0
56.6337,30991,310140544,1457,0,0,0
56.6437,30992,310150544,1520,0,0,0
56.6537,30993,310160544,1728,0,0,0
56.6637,30994,310170544,1740,0,0,0
56.6737,30995,310180544,1758,0,0,0
56.6839,30996,310190544,1773,0,0,0
56.6936,30997,310200544,1792,0,0,0
56.7037,30998,310210544,1802,0,0,0
56.7138,30999,310220544,1820,0,0,0
56.7240,31000,310230544,1819,0,0,0
56.7338,31001,310240544,1841,0,0,0
56.7441,31002,310250544,1845,0,0,0
56.7538,31003,310260544,1872,0,0,0
56.7639,31004,310270544,1881,0,0,0
56.7740,31005,310280544,1896,0,0,0
56.7839,31006,310290544,1923,0,0,0
56.7939,31007,310300544,1954,0,0,0
56.8038,31008,310310544,1972,0,0,0
56.8145,31009,310320544,1997,0,0,0
56.8238,31010,310330544,2000,0,0,0
56.8339,31011,310340544,2001,0,0,0
56.8440,31012,310350544,1973,0,0,0
56.8538,31013,310360544,1936,0,0,0
56.8639,31014,310370544,1874,0,0,0
56.8738,31015,310380544,1823,0,0,0
56.8838,31016,310390544,1779,0,0,0
56.8937,31017,310400544,1758,0,0,0
56.9038,31018,310410544,1725,0,0,0
56.9138,31019,310420544,1735,0,0,0
56.9237,31020,310430544,1739,0,0,0
56.9336,31021,310440544,1743,0,0,0
56.9438,31022,310450544,1739,0,0,0
56.9543,31023,310460544,1751,0,0,0
56.9644,31024,310470544,1750,0,0,0
56.9738,31025,310480544,1764,0,0,0
56.9840,31026,310490544,1762,0,0,0
56.9937,31027,310500544,1778,0,0,0
57.0044,31028,310510544,1772,0,0,0
57.0142,31029,310520544,1791,0,0,0
57.0238,31030,310530544,1783,0,0,0
57.0337,31031,310540544,1788,0,0,0
57.0442,31032,310550544,1791,0,0,0
57.0539,31033,310560544,1801,0,0,0
57.0638,31034,310570544,1788,0,0,0
57.0746,31035,310580544,1798,0,0,0
57.0847,31036,310590544,1794,0,0,0
57.0945,31037,310600544,1798,0,0,0
57.1038,31038,310610544,1802,0,0,0
57.1138,31039,310620544,1808,0,0,0
57.1238,31040,310630544,1806,0,0,0
57.1337,31041,310640544,1813,0,0,0
57.1437,31042,310650544,1808,0,0,0
57.1537,31043,310660544,1807,0,0,0
57.1636,31044,310670544,1801,0,0,0
57.1737,31045,310680544,1808,0,0,0
57.1837,31046,310690544,1803,0,0,0
57.1937,31047,310700544,1825,0,0,0
57.2038,31048,310710544,1808,0,0,0
57.2138,31049,310720544,1828,0,0,0
57.2238,31050,310730544,1826,0,0,0
57.2337,31051,310740544,1823,0,0,0
57.2437,31052,310750544,1821,0,0,0
57.2537,31053,310760544,1839,0,0,0
57.2638,31054,310770544,1822,0,0,0
57.2738,31055,310780544,1827,0,0,0
57.2838,31056,310790544,1822,0,0,0
57.2940,31057,310800544,1840,0,0,0
57.3037,31058,310810544,1835,0,0,0
57.3142,31059,310820544,1869,0,0,0
57.3242,31060,310830544,1914,0,0,0
57.3337,31061,310840544,1952,0,0,0
57.3437,31062,310850544,1981,0,0,0
57.3539,31063,310860544,1920,0,0,0
57.3637,31064,310870544,1857,0,0,0
57.3737,31065,310880544,1832,0,0,0
57.3837,31066,310890544,1820,0,0,0
57.3937,31067,310900544,1818,0,0,0
57.4037,31068,310910544,1807,0,0,0
57.4138,31069,310920544,1799,0,0,0
57.4237,31070,310930544,1802,0,0,0
57.4338,31071,310940544,1788,0,0,0
57.4439,31072,310950544,1711,0,0,0
57.4538,31073,310960544,1919,0,0,0
57.4638,31074,310970544,2531,0,0,0
57.4738,31075,310980544,3397,0,0,0
57.4838,31076,310990544,2511,0,0,0
57.4939,31077,311000544,1680,0,0,0
57.5039,31078,311010544,1431,0,0,0
57.5138,31079,311020544,1535,0,0,0
57.5237,31080,311030544,1744,0,0,0
57.5338,31081,311040544,1773,0,0,0
57.5440,31082,311050544,1776,0,0,0
57.5542,31083,311060544,1807,0,0,0
57.5639,31084,311070544,1824,0,0,0
57.5741,31085,311080544,1818,0,0,0
57.5838,31086,311090544,1826,0,0,0
57.5938,31087,311100544,1851,0,0,0
57.6038,31088,311110544,1859,0,0,0
57.6138,31089,311120544,1874,0,0,0
57.6240,31090,311130544,1883,0,0,0
57.6339,31091,311140544,1898,0,0,0
57.6439,31092,311150544,1919,0,0,0
57.6539,31093,311160544,1936,0,0,0
57.6638,31094,311170544,1967,0,0,0
57.6737,31095,311180544,1994,0,0,0
57.6840,31096,311190544,2007,0,0,0
57.6937,31097,311200544,2016,0,0,0
57.7039,31098,311210544,1999,0,0,0
57.7139,31099,311220544,1987,0,0,0
57.7237,31100,311230544,1930,0,0,0
57.7338,31101,311240544,1872,0,0,0
57.7438,31102,311250544,1823,0,0,0
57.7537,31103,311260544,1787,0,0,0
57.7636,31104,311270544,1765,0,0,0
57.7738,31105,311280544,1761,0,0,0
57.7837,31106,311290544,1744,0,0,0
57.7939,31107,311300544,1758,0,0,0
57.8041,31108,311310544,1754,0,0,0
57.8152,31109,311320544,1770,0,0,0
57.8239,31110,311330544,1762,0,0,0
57.8339,31111,311340544,1771,0,0,0
57.8439,31112,311350544,1776,0,0,0
57.8537,31113,311360544,1783,0,0,0
57.8640,31114,311370544,1790,0,0,0
57.8737,31115,311380544,1793,0,0,0
57.8837,31116,311390544,1805,0,0,0
57.8937,31117,311400544,1810,0,0,0
57.9037,31118,311410544,1819,0,0,0
57.9136,31119,311420544,1819,0,0,0
57.9238,31120,311430544,1823,0,0,0
57.9338,31121,311440544,1830,0,0,0
57.9437,31122,311450544,1820,0,0,0
57.9537,31123,311460544,1825,0,0,0
57.9638,31124,311470544,1815,0,0,0
57.9739,31125,311480544,1822,0,0,0
57.9840,31126,311490544,1823,0,0,0
57.9938,31127,311500544,1825,0,0,0
58.0038,31128,311510544,1831,0,0,0
58.0139,31129,311520544,1837,0,0,0
58.0239,31130,311530544,1829,0,0,0
58.0338,31131,311540544,1826,0,0,0
58.0440,31132,311550544,1840,0,0,0
58.0539,31133,311560544,1824,0,0,0
58.0637,31134,311570544,1840,0,0,0
58.0753,31135,311580544,1840,0,0,0
58.0843,31136,311590544,1818,0,0,0
58.0939,31137,311600544,1845,0,0,0
58.1041,31138,311610544,1832,0,0,0
58.1137,31139,311620544,1838,0,0,0
58.1236,31140,311630544,1836,0,0,0
58.1340,31141,311640544,1839,0,0,0
58.1437,31142,311650544,1829,0,0,0
58.1539,31143,311660544,1853,0,0,0
58.1637,31144,311670544,1900,0,0,0
58.1736,31145,311680544,1927,0,0,0
58.1837,31146,311690544,1981,0,0,0
58.1939,31147,311700544,1984,0,0,0
58.2040,31148,311710544,1890,0,0,0
58.2140,31149,311720544,1872,0,0,0
58.2240,31150,311730544,1840,0,0,0
58.2339,31151,311740544,1831,0,0,0
58.2439,31152,311750544,1808,0,0,0
58.2537,31153,311760544,1815,0,0,0
58.2642,31154,311770544,1807,0,0,0
58.2738,31155,311780544,1809,0,0,0
58.2838,31156,311790544,1773,0,0,0
58.2937,31157,311800544,1733,0,0,0
58.3036,31158,311810544,2099,0,0,0
58.3138,31159,311820544,2803,0,0,0
58.3238,31160,311830544,3410,0,0,0
58.3337,31161,311840544,2156,0,0,0
58.3441,31162,311850544,1603,0,0,0
58.3540,31163,311860544,1400,0,0,0
58.3638,31164,311870544,1602,0,0,0
58.3738,31165,311880544,1758,0,0,0
58.3837,31166,311890544,1761,0,0,0
58.3939,31167,311900544,1776,0,0,0
58.4037,31168,311910544,1783,0,0,0
58.4137,31169,311920544,1802,0,0,0
58.4238,31170,311930544,1811,0,0,0
58.4340,31171,311940544,1831,0,0,0
58.4439,31172,311950544,1830,0,0,0
58.4539,31173,311960544,1849,0,0,0
58.4638,31174,311970544,1861,0,0,0
58.4738,31175,311980544,1884,0,0,0
58.4843,31176,311990544,1894,0,0,0
58.4939,31177,312000544,1911,0,0,0
58.5042,31178,312010544,1948,0,0,0
58.5137,31179,312020544,1969,0,0,0
58.5239,31180,312030544,1984,0,0,0
58.5337,31181,312040544,2011,0,0,0
58.5437,31182,312050544,2002,0,0,0
58.5547,31183,312060544,1981,0,0,0
58.5640,31184,312070544,1950,0,0,0
58.5739,31185,312080544,1899,0,0,0
58.5840,31186,312090544,1841,0,0,0
58.5937,31187,312100544,1799,0,0,0
58.6039,31188,312110544,1776,0,0,0
58.6140,31189,312120544,1749,0,0,0
58.6237,31190,312130544,1747,0,0,0
58.6336,31191,312140544,1745,0,0,0
58.6438,31192,312150544,1747,0,0,0
58.6537,31193,312160544,1750,0,0,0
58.6637,31194,312170544,1754,0,0,0
58.6738,31195,312180544,1779,0,0,0
58.6837,31196,312190544,1771,0,0,0
58.6938,31197,312200544,1776,0,0,0
58.7039,31198,312210544,1778,0,0,0
58.7139,31199,312220544,1779,0,0,0
58.7239,31200,312230544,1787,0,0,0
58.7340,31201,312240544,1790,0,0,0
58.7437,31202,312250544,1797,0,0,0
58.7538,31203,312260544,1801,0,0,0
58.7640,31204,312270544,1808,0,0,0
58.7739,31205,312280544,1804,0,0,0
58.7839,31206,312290544,1808,0,0,0
58.7939,31207,312300544,1799,0,0,0
58.8039,31208,312310544,1808,0,0,0
58.8137,31209,312320544,1808,0,0,0
58.8238,31210,312330544,1806,0,0,0
58.8339,31211,312340544,1813,0,0,0
58.8441,31212,312350544,1813,0,0,0
58.8539,31213,312360544,1811,0,0,0
58.8639,31214,312370544,1815,0,0,0
58.8738,31215,312380544,1819,0,0,0
58.8838,31216,312390544,1826,0,0,0
58.8937,31217,312400544,1809,0,0,0
58.9037,31218,312410544,1821,0,0,0
58.9138,31219,312420544,1824,0,0,0
58.9236,31220,312430544,1824,0,0,0
58.9337,31221,312440544,1820,0,0,0
58.9439,31222,312450544,1823,0,0,0
58.9538,31223,312460544,1823,0,0,0
58.9637,31224,312470544,1831,0,0,0
58.9738,31225,312480544,1828,0,0,0
58.9837,31226,312490544,1838,0,0,0
58.9937,31227,312500544,1840,0,0,0
59.0038,31228,312510544,1878,0,0,0
59.0139,31229,312520544,1931,0,0,0
59.0238,31230,312530544,1967,0,0,0
59.0341,31231,312540544,1968,0,0,0
59.0440,31232,312550544,1895,0,0,0
59.0547,31233,312560544,1862,0,0,0
59.0641,31234,312570544,1831,0,0,0
59.0738,31235,312580544,1808,0,0,0
59.0840,31236,312590544,1809,0,0,0
59.0939,31237,312600544,1798,0,0,0
59.1043,31238,312610544,1799,0,0,0
59.1139,31239,312620544,1790,0,0,0
59.1245,31240,312630544,1757,0,0,0
59.1342,31241,312640544,1704,0,0,0
59.1437,31242,312650544,2075,0,0,0
59.1537,31243,312660544,2762,0,0,0
59.1639,31244,312670544,3385,0,0,0
59.1739,31245,312680544,2103,0,0,0
59.1838,31246,312690544,1535,0,0,0
59.1937,31247,312700544,1394,0,0,0
59.2039,31248,312710544,1634,0,0,0
59.2138,31249,312720544,1725,0,0,0
59.2236,31250,312730544,1727,0,0,0
59.2338,31251,312740544,1753,0,0,0
59.2438,31252,312750544,1771,0,0,0
59.2537,31253,312760544,1779,0,0,0
59.2637,31254,312770544,1799,0,0,0
59.2738,31255,312780544,1811,0,0,0
59.2838,31256,312790544,1839,0,0,0
59.2940,31257,312800544,1846,0,0,0
59.3038,31258,312810544,1861,0,0,0
59.3136,31259,312820544,1872,0,0,0
59.3238,31260,312830544,1904,0,0,0
59.3337,31261,312840544,1915,0,0,0
59.3438,31262,312850544,1955,0,0,0
59.3538,31263,312860544,1975,0,0,0
59.3637,31264,312870544,2000,0,0,0
59.3737,31265,312880544,2015,0,0,0
59.3837,31266,312890544,2018,0,0,0
59.3937,31267,312900544,1991,0,0,0
59.4037,31268,312910544,1957,0,0,0
59.4138,31269,312920544,1904,0,0,0
59.4237,31270,312930544,1857,0,0,0
59.4337,31271,312940544,1803,0,0,0
59.4439,31272,312950544,1774,0,0,0
59.4539,31273,312960544,1748,0,0,0
59.4638,31274,312970544,1744,0,0,0
59.4737,31275,312980544,1744,0,0,0
59.4838,31276,312990544,1750,0,0,0
59.4937,31277,313000544,1750,0,0,0
59.5036,31278,313010544,1761,0,0,0
59.5137,31279,313020544,1771,0,0,0
59.5237,31280,313030544,1779,0,0,0
59.5337,31281,313040544,1783,0,0,0
59.5438,31282,313050544,1791,0,0,0
59.5538,31283,313060544,1793,0,0,0
59.5648,31284,313070544,1801,0,0,0
59.5737,31285,313080544,1805,0,0,0
59.5838,31286,313090544,1811,0,0,0
59.5939,31287,313100544,1808,0,0,0
59.6036,31288,313110544,1810,0,0,0
59.6138,31289,313120544,1808,0,0,0
59.6238,31290,313130544,1813,0,0,0
59.6338,31291,313140544,1809,0,0,0
59.6437,31292,313150544,1814,0,0,0
59.6537,31293,313160544,1809,0,0,0
59.6637,31294,313170544,1818,0,0,0
59.6738,31295,313180544,1814,0,0,0
59.6840,31296,313190544,1821,0,0,0
59.6939,31297,313200544,1811,0,0,0
59.7038,31298,313210544,1828,0,0,0
59.7139,31299,313220544,1822,0,0,0
59.7239,31300,313230544,1829,0,0,0
59.7338,31301,313240544,1826,0,0,0
59.7437,31302,313250544,1837,0,0,0
59.7537,31303,313260544,1835,0,0,0
59.7637,31304,313270544,1843,0,0,0
59.7737,31305,313280544,1834,0,0,0
59.7838,31306,313290544,1840,0,0,0
59.7939,31307,313300544,1838,0,0,0
59.8039,31308,313310544,1840,0,0,0
59.8142,31309,313320544,1829,0,0,0
59.8240,31310,313330544,1841,0,0,0
59.8339,31311,313340544,1827,0,0,0
59.8438,31312,313350544,1841,0,0,0
59.8540,31313,313360544,1831,0,0,0
59.8638,31314,313370544,1843,0,0,0
59.8738,31315,313380544,1840,0,0,0
59.8837,31316,313390544,1857,0,0,0
59.8937,31317,313400544,1887,0,0,0
59.9038,31318,313410544,1944,0,0,0
59.9137,31319,313420544,1965,0,0,0
59.9237,31320,313430544,1968,0,0,0
59.9337,31321,313440544,1872,0,0,0
59.9437,31322,313450544,1856,0,0,0
59.9540,31323,313460544,1829,0,0,0
59.9639,31324,313470544,1819,0,0,0
59.9738,31325,313480544,1807,0,0,0
59.9840,31326,313490544,1808,0,0,0
59.9941,31327,313500544,1801,0,0,0
60.0048,31328,313510544,1808,0,0,0
60.0138,31329,313520544,1757,0,0,0
60.0240,31330,313530544,1726,0,0,0
60.0343,31331,313540544,2090,0,0,0
60.0438,31332,313550544,2811,0,0,0
60.0538,31333,313560544,3383,0,0,0
60.0637,31334,313570544,2079,0,0,0
60.0745,31335,313580544,1535,0,0,0
60.0837,31336,313590544,1435,0,0,0
60.0938,31337,313600544,1646,0,0,0
60.1039,31338,313610544,1737,0,0,0
60.1138,31339,313620544,1728,0,0,0
60.1239,31340,313630544,1761,0,0,0
60.1337,31341,313640544,1770,0,0,0
60.1437,31342,313650544,1786,0,0,0
60.1537,31343,313660544,1793,0,0,0
60.1638,31344,313670544,1814,0,0,0
60.1738,31345,313680544,1813,0,0,0
60.1846,31346,313690544,1829,0,0,0
60.1938,31347,313700544,1840,0,0,0
60.2067,31348,313710544,1858,0,0,0
60.2150,31349,313720544,1871,0,0,0
60.2240,31350,313730544,1899,0,0,0
60.2354,31351,313740544,1915,0,0,0
60.2446,31352,313750544,1963,0,0,0
60.2538,31353,313760544,1971,0,0,0
60.2637,31354,313770544,1995,0,0,0
60.2737,31355,313780544,1984,0,0,0
60.2839,31356,313790544,1975,0,0,0
60.2937,31357,313800544,1943,0,0,0
60.3038,31358,313810544,1895,0,0,0
60.3140,31359,313820544,1838,0,0,0
60.3251,31360,313830544,1790,0,0,0
60.3339,31361,313840544,1758,0,0,0
60.3438,31362,313850544,1743,0,0,0
60.3538,31363,313860544,1721,0,0,0
60.3637,31364,313870544,1735,0,0,0
60.3751,31365,313880544,1735,0,0,0
60.3836,31366,313890544,1741,0,0,0
60.3969,31367,313900544,1736,0,0,0
60.4038,31368,313910544,1751,0,0,0
60.4137,31369,313920544,1747,0,0,0
60.4316,31370,313930544,1761,0,0,0
60.4360,31371,313940544,1762,0,0,0
60.4438,31372,313950544,1773,0,0,0
60.4538,31373,313960544,1773,0,0,0
60.4639,31374,313970544,1789,0,0,0
60.4738,31375,313980544,1791,0,0,0
60.4841,31376,313990544,1798,0,0,0
60.4937,31377,314000544,1790,0,0,0
60.5037,31378,314010544,1819,0,0,0
60.5137,31379,314020544,1795,0,0,0
60.5238,31380,314030544,1813,0,0,0
60.5337,31381,314040544,1808,0,0,0
60.5437,31382,314050544,1809,0,0,0
60.5536,31383,314060544,1802,0,0,0
60.5664,31384,314070544,1812,0,0,0
60.5759,31385,314080544,1808,0,0,0
60.5861,31386,314090544,1821,0,0,0
60.5961,31387,314100544,1815,0,0,0
60.6038,31388,314110544,1827,0,0,0
60.6169,31389,314120544,1838,0,0,0
60.6238,31390,314130544,1841,0,0,0
60.6343,31391,314140544,1838,0,0,0
60.6438,31392,314150544,1843,0,0,0
60.6538,31393,314160544,1844,0,0,0
60.6638,31394,314170544,1840,0,0,0
60.6738,31395,314180544,1839,0,0,0
60.6836,31396,314190544,1844,0,0,0
60.6937,31397,314200544,1841,0,0,0
60.7039,31398,314210544,1854,0,0,0
60.7137,31399,314220544,1845,0,0,0
60.7238,31400,314230544,1858,0,0,0
60.7374,31401,314240544,1851,0,0,0
60.7437,31402,314250544,1856,0,0,0
60.7561,31403,314260544,1844,0,0,0
60.7660,31404,314270544,1874,0,0,0
60.7742,31405,314280544,1904,0,0,0
60.7877,31406,314290544,1943,0,0,0
60.7937,31407,314300544,1984,0,0,0
60.8038,31408,314310544,1950,0,0,0
60.8142,31409,314320544,1871,0,0,0
60.8236,31410,314330544,1857,0,0,0
60.8337,31411,314340544,1810,0,0,0
60.8437,31412,314350544,1818,0,0,0
60.8537,31413,314360544,1807,0,0,0
60.8637,31414,314370544,1806,0,0,0
60.8736,31415,314380544,1813,0,0,0
60.8837,31416,314390544,1806,0,0,0
60.8937,31417,314400544,1719,0,0,0
60.9037,31418,314410544,1802,0,0,0
60.9138,31419,314420544,2306,0,0,0
60.9238,31420,314430544,3149,0,0,0
60.9337,31421,314440544,3009,0,0,0
60.9436,31422,314450544,1824,0,0,0
60.9537,31423,314460544,1488,0,0,0
60.9638,31424,314470544,1447,0,0,0
60.9738,31425,314480544,1669,0,0,0
60.9838,31426,314490544,1744,0,0,0
60.9937,31427,314500544,1742,0,0,0
61.0037,31428,314510544,1776,0,0,0
61.0138,31429,314520544,1779,0,0,0
61.0238,31430,314530544,1799,0,0,0
61.0337,31431,314540544,1811,0,0,0
61.0438,31432,314550544,1824,0,0,0
61.0538,31433,314560544,1837,0,0,0
61.0639,31434,314570544,1859,0,0,0
61.0762,31435,314580544,1865,0,0,0
61.0838,31436,314590544,1890,0,0,0
61.0939,31437,314600544,1901,0,0,0
61.1041,31438,314610544,1930,0,0,0
61.1153,31439,314620544,1950,0,0,0
61.1236,31440,314630544,1979,0,0,0
61.1337,31441,314640544,1997,0,0,0
61.1438,31442,314650544,2019,0,0,0
61.1537,31443,314660544,1995,0,0,0
61.1637,31444,314670544,1984,0,0,0
61.1737,31445,314680544,1938,0,0,0
61.1837,31446,314690544,1885,0,0,0
61.1938,31447,314700544,1827,0,0,0
61.2039,31448,314710544,1791,0,0,0
61.2139,31449,314720544,1758,0,0,0
61.2240,31450,314730544,1748,0,0,0
61.2338,31451,314740544,1730,0,0,0
61.2439,31452,314750544,1755,0,0,0
61.2539,31453,314760544,1739,0,0,0
61.2637,31454,314770544,1747,0,0,0
61.2738,31455,314780544,1744,0,0,0
61.2838,31456,314790544,1761,0,0,0
61.2939,31457,314800544,1757,0,0,0
61.3038,31458,314810544,1770,0,0,0
61.3137,31459,314820544,1769,0,0,0
61.3236,31460,314830544,1779,0,0,0
61.3337,31461,314840544,1786,0,0,0
61.3440,31462,314850544,1807,0,0,0
61.3537,31463,314860544,1791,0,0,0
61.3637,31464,314870544,1806,0,0,0
61.3736,31465,314880544,1795,0,0,0
61.3836,31466,314890544,1810,0,0,0
61.3944,31467,314900544,1805,0,0,0
61.4037,31468,314910544,1808,0,0,0
61.4137,31469,314920544,1807,0,0,0
61.4238,31470,314930544,1827,0,0,0
61.4338,31471,314940544,1822,0,0,0
61.4438,31472,314950544,1814,0,0,0
61.4538,31473,314960544,1813,0,0,0
61.4637,31474,314970544,1834,0,0,0
61.4737,31475,314980544,1828,0,0,0
61.4838,31476,314990544,1840,0,0,0
61.4939,31477,315000544,1831,0,0,0
61.5038,31478,315010544,1840,0,0,0
61.5138,31479,315020544,1842,0,0,0
61.5238,31480,315030544,1843,0,0,0
61.5338,31481,315040544,1838,0,0,0
61.5439,31482,315050544,1855,0,0,0
61.5538,31483,315060544,1847,0,0,0
61.5657,31484,315070544,1872,0,0,0
61.5738,31485,315080544,1851,0,0,0
61.5844,31486,315090544,1887,0,0,0
61.5938,31487,315100544,1914,0,0,0
61.6047,31488,315110544,1955,0,0,0
61.6138,31489,315120544,1994,0,0,0
61.6237,31490,315130544,1974,0,0,0
61.6340,31491,315140544,1873,0,0,0
61.6437,31492,315150544,1853,0,0,0
61.6538,31493,315160544,1833,0,0,0
61.6638,31494,315170544,1811,0,0,0
61.6737,31495,315180544,1793,0,0,0
61.6837,31496,315190544,1794,0,0,0
61.6937,31497,315200544,1787,0,0,0
61.7036,31498,315210544,1778,0,0,0
61.7137,31499,315220544,1712,0,0,0
61.7239,31500,315230544,1781,0,0,0
61.7339,31501,315240544,2287,0,0,0
61.7438,31502,315250544,3110,0,0,0
61.7538,31503,315260544,3061,0,0,0
61.7639,31504,315270544,1822,0,0,0
61.7736,31505,315280544,1486,0,0,0
61.7839,31506,315290544,1454,0,0,0
61.7937,31507,315300544,1673,0,0,0
61.8037,31508,315310544,1742,0,0,0
61.8164,31509,315320544,1744,0,0,0
61.8237,31510,315330544,1776,0,0,0
61.8337,31511,315340544,1780,0,0,0
61.8437,31512,315350544,1808,0,0,0
61.8538,31513,315360544,1808,0,0,0
61.8637,31514,315370544,1831,0,0,0
61.8738,31515,315380544,1836,0,0,0
61.8837,31516,315390544,1850,0,0,0
61.8937,31517,315400544,1857,0,0,0
61.9037,31518,315410544,1897,0,0,0
61.9137,31519,315420544,1890,0,0,0
61.9237,31520,315430544,1921,0,0,0
61.9338,31521,315440544,1954,0,0,0
61.9437,31522,315450544,1974,0,0,0
61.9538,31523,315460544,1998,0,0,0
61.9638,31524,315470544,2027,0,0,0
61.9739,31525,315480544,2003,0,0,0
61.9838,31526,315490544,1986,0,0,0
61.9938,31527,315500544,1939,0,0,0
62.0038,31528,315510544,1889,0,0,0
62.0139,31529,315520544,1826,0,0,0
62.0238,31530,315530544,1795,0,0,0
62.0339,31531,315540544,1761,0,0,0
62.0438,31532,315550544,1744,0,0,0
62.0539,31533,315560544,1743,0,0,0
62.0641,31534,315570544,1750,0,0,0
62.0739,31535,315580544,1744,0,0,0
62.0837,31536,315590544,1761,0,0,0
62.0939,31537,315600544,1766,0,0,0
62.1041,31538,315610544,1774,0,0,0
62.1138,31539,315620544,1778,0,0,0
62.1238,31540,315630544,1786,0,0,0
62.1337,31541,315640544,1789,0,0,0
62.1440,31542,315650544,1794,0,0,0
62.1538,31543,315660544,1799,0,0,0
62.1638,31544,315670544,1803,0,0,0
62.1736,31545,315680544,1809,0,0,0
62.1836,31546,315690544,1815,0,0,0
62.1938,31547,315700544,1815,0,0,0
62.2037,31548,315710544,1818,0,0,0
62.2137,31549,315720544,1808,0,0,0
62.2239,31550,315730544,1814,0,0,0
62.2336,31551,315740544,1805,0,0,0
62.2437,31552,315750544,1821,0,0,0
62.2539,31553,315760544,1815,0,0,0
62.2638,31554,315770544,1826,0,0,0
62.2737,31555,315780544,1813,0,0,0
62.2838,31556,315790544,1815,0,0,0
62.2938,31557,315800544,1819,0,0,0
62.3038,31558,315810544,1817,0,0,0
62.3137,31559,315820544,1819,0,0,0
62.3237,31560,315830544,1834,0,0,0
62.3337,31561,315840544,1842,0,0,0
62.3441,31562,315850544,1886,0,0,0
62.3538,31563,315860544,1917,0,0,0
62.3638,31564,315870544,1979,0,0,0
62.3737,31565,315880544,1940,0,0,0
62.3837,31566,315890544,1867,0,0,0
62.3938,31567,315900544,1840,0,0,0
62.4039,31568,315910544,1820,0,0,0
62.4138,31569,315920544,1792,0,0,0
62.4238,31570,315930544,1779,0,0,0
62.4339,31571,315940544,1774,0,0,0
62.4438,31572,315950544,1776,0,0,0
62.4538,31573,315960544,1763,0,0,0
62.4639,31574,315970544,1722,0,0,0
62.4738,31575,315980544,1727,0,0,0
62.4840,31576,315990544,2188,0,0,0
62.4940,31577,316000544,2920,0,0,0
62.5038,31578,316010544,3247,0,0,0
62.5139,31579,316020544,1919,0,0,0
62.5238,31580,316030544,1494,0,0,0
62.5339,31581,316040544,1409,0,0,0
62.5438,31582,316050544,1649,0,0,0
62.5538,31583,316060544,1728,0,0,0
62.5639,31584,316070544,1728,0,0,0
62.5739,31585,316080544,1753,0,0,0
62.5836,31586,316090544,1775,0,0,0
62.5937,31587,316100544,1787,0,0,0
62.6038,31588,316110544,1806,0,0,0
62.6138,31589,316120544,1808,0,0,0
62.6237,31590,316130544,1837,0,0,0
62.6337,31591,316140544,1845,0,0,0
62.6437,31592,316150544,1867,0,0,0
62.6537,31593,316160544,1872,0,0,0
62.6637,31594,316170544,1898,0,0,0
62.6737,31595,316180544,1918,0,0,0
62.6837,31596,316190544,1945,0,0,0
62.6938,31597,316200544,1973,0,0,0
62.7037,31598,316210544,1999,0,0,0
62.7137,31599,316220544,2014,0,0,0
62.7239,31600,316230544,2010,0,0,0
62.7337,31601,316240544,1984,0,0,0
62.7437,31602,316250544,1947,0,0,0
62.7537,31603,316260544,1885,0,0,0
62.7638,31604,316270544,1829,0,0,0
62.7739,31605,316280544,1776,0,0,0
62.7840,31606,316290544,1760,0,0,0
62.7936,31607,316300544,1745,0,0,0
62.8039,31608,316310544,1744,0,0,0
62.8138,31609,316320544,1745,0,0,0
62.8239,31610,316330544,1755,0,0,0
62.8337,31611,316340544,1749,0,0,0
62.8439,31612,316350544,1761,0,0,0
62.8537,31613,316360544,1766,0,0,0
62.8639,31614,316370544,1773,0,0,0
62.8739,31615,316380544,1776,0,0,0
62.8838,31616,316390544,1786,0,0,0
62.8939,31617,316400544,1791,0,0,0
62.9039,31618,316410544,1794,0,0,0
62.9140,31619,316420544,1807,0,0,0
62.9238,31620,316430544,1810,0,0,0
62.9337,31621,316440544,1810,0,0,0
62.9436,31622,316450544,1810,0,0,0
62.9538,31623,316460544,1815,0,0,0
62.9637,31624,316470544,1820,0,0,0
62.9736,31625,316480544,1819,0,0,0
62.9837,31626,316490544,1824,0,0,0
62.9937,31627,316500544,1831,0,0,0
63.0039,31628,316510544,1837,0,0,0
63.0137,31629,316520544,1838,0,0,0
63.0238,31630,316530544,1836,0,0,0
63.0337,31631,316540544,1838,0,0,0
63.0438,31632,316550544,1841,0,0,0
63.0539,31633,316560544,1871,0,0,0
63.0663,31634,316570544,1917,0,0,0
63.0738,31635,316580544,1962,0,0,0
63.0838,31636,316590544,2000,0,0,0
63.0938,31637,316600544,1950,0,0,0
63.1037,31638,316610544,1873,0,0,0
63.1139,31639,316620544,1855,0,0,0
63.1237,31640,316630544,1818,0,0,0
63.1337,31641,316640544,1815,0,0,0
63.1437,31642,316650544,1807,0,0,0
63.1538,31643,316660544,1797,0,0,0
63.1637,31644,316670544,1789,0,0,0
63.1738,31645,316680544,1787,0,0,0
63.1837,31646,316690544,1719,0,0,0
63.1937,31647,316700544,1770,0,0,0
63.2039,31648,316710544,2256,0,0,0
63.2138,31649,316720544,3061,0,0,0
63.2238,31650,316730544,3069,0,0,0
63.2337,31651,316740544,1822,0,0,0
63.2443,31652,316750544,1486,0,0,0
63.2539,31653,316760544,1469,0,0,0
63.2638,31654,316770544,1696,0,0,0
63.2739,31655,316780544,1741,0,0,0
63.2842,31656,316790544,1745,0,0,0
63.2945,31657,316800544,1773,0,0,0
63.3038,31658,316810544,1789,0,0,0
63.3142,31659,316820544,1795,0,0,0
63.3243,31660,316830544,1808,0,0,0
63.3346,31661,316840544,1825,0,0,0
63.3438,31662,316850544,1843,0,0,0
63.3538,31663,316860544,1857,0,0,0
63.3638,31664,316870544,1863,0,0,0
63.3739,31665,316880544,1881,0,0,0
63.3837,31666,316890544,1903,0,0,0
63.3939,31667,316900544,1930,0,0,0
63.4037,31668,316910544,1958,0,0,0
63.4138,31669,316920544,1984,0,0,0
63.4236,31670,316930544,2000,0,0,0
63.4338,31671,316940544,2003,0,0,0
63.4438,31672,316950544,1998,0,0,0
63.4537,31673,316960544,1979,0,0,0
63.4641,31674,316970544,1934,0,0,0
63.4738,31675,316980544,1880,0,0,0
63.4840,31676,316990544,1835,0,0,0
63.4940,31677,317000544,1792,0,0,0
63.5041,31678,317010544,1775,0,0,0
63.5136,31679,317020544,1770,0,0,0
63.5242,31680,317030544,1763,0,0,0
63.5337,31681,317040544,1765,0,0,0
63.5436,31682,317050544,1765,0,0,0
63.5538,31683,317060544,1776,0,0,0
63.5647,31684,317070544,1782,0,0,0
63.5741,31685,317080544,1791,0,0,0
63.5839,31686,317090544,1792,0,0,0
63.5937,31687,317100544,1802,0,0,0
63.6040,31688,317110544,1803,0,0,0
63.6137,31689,317120544,1809,0,0,0
63.6237,31690,317130544,1809,0,0,0
63.6341,31691,317140544,1814,0,0,0
63.6437,31692,317150544,1814,0,0,0
63.6537,31693,317160544,1823,0,0,0
63.6638,31694,317170544,1821,0,0,0
63.6738,31695,317180544,1817,0,0,0
63.6838,31696,317190544,1820,0,0,0
63.6937,31697,317200544,1822,0,0,0
63.7037,31698,317210544,1815,0,0,0
63.7140,31699,317220544,1830,0,0,0
63.7240,31700,317230544,1822,0,0,0
63.7338,31701,317240544,1819,0,0,0
63.7437,31702,317250544,1825,0,0,0
63.7539,31703,317260544,1826,0,0,0
63.7638,31704,317270544,1819,0,0,0
63.7738,31705,317280544,1829,0,0,0
63.7845,31706,317290544,1813,0,0,0
63.7938,31707,317300544,1821,0,0,0
63.8039,31708,317310544,1840,0,0,0
63.8138,31709,317320544,1893,0,0,0
63.8240,31710,317330544,1926,0,0,0
63.8337,31711,317340544,1966,0,0,0
63.8439,31712,317350544,1895,0,0,0
63.8538,31713,317360544,1839,0,0,0
63.8639,31714,317370544,1803,0,0,0
63.8738,31715,317380544,1791,0,0,0
63.8838,31716,317390544,1782,0,0,0
63.8936,31717,317400544,1774,0,0,0
63.9039,31718,317410544,1762,0,0,0
63.9136,31719,317420544,1774,0,0,0
63.9236,31720,317430544,1746,0,0,0
63.9338,31721,317440544,1680,0,0,0
63.9437,31722,317450544,1794,0,0,0
63.9537,31723,317460544,2352,0,0,0
63.9640,31724,317470544,3198,0,0,0
63.9738,31725,317480544,2768,0,0,0
63.9836,31726,317490544,1691,0,0,0
63.9938,31727,317500544,1429,0,0,0
64.0036,31728,317510544,1477,0,0,0
64.0138,31729,317520544,1686,0,0,0
64.0240,31730,317530544,1702,0,0,0
64.0337,31731,317540544,1713,0,0,0
64.0438,31732,317550544,1727,0,0,0
64.0537,31733,317560544,1750,0,0,0
64.0636,31734,317570544,1771,0,0,0
64.0737,31735,317580544,1793,0,0,0
64.0838,31736,317590544,1786,0,0,0
64.0941,31737,317600544,1807,0,0,0
64.1037,31738,317610544,1820,0,0,0
64.1138,31739,317620544,1841,0,0,0
64.1237,31740,317630544,1843,0,0,0
64.1336,31741,317640544,1871,0,0,0
64.1440,31742,317650544,1877,0,0,0
64.1538,31743,317660544,1923,0,0,0
64.1637,31744,317670544,1941,0,0,0
64.1737,31745,317680544,1961,0,0,0
64.1836,31746,317690544,1959,0,0,0
64.1936,31747,317700544,1968,0,0,0
64.2037,31748,317710544,1946,0,0,0
64.2136,31749,317720544,1895,0,0,0
64.2236,31750,317730544,1840,0,0,0
64.2337,31751,317740544,1787,0,0,0
64.2438,31752,317750544,1758,0,0,0
64.2543,31753,317760544,1748,0,0,0
64.2638,31754,317770544,1744,0,0,0
64.2739,31755,317780544,1735,0,0,0
64.2842,31756,317790544,1743,0,0,0
64.2939,31757,317800544,1750,0,0,0
64.3040,31758,317810544,1750,0,0,0
64.3150,31759,317820544,1766,0,0,0
64.3242,31760,317830544,1751,0,0,0
64.3336,31761,317840544,1774,0,0,0
64.3437,31762,317850544,1776,0,0,0
64.3540,31763,317860544,1780,0,0,0
64.3643,31764,317870544,1789,0,0,0
64.3746,31765,317880544,1792,0,0,0
64.3839,31766,317890544,1799,0,0,0
64.3956,31767,317900544,1808,0,0,0
64.4039,31768,317910544,1795,0,0,0
64.4137,31769,317920544,1809,0,0,0
64.4239,31770,317930544,1808,0,0,0
64.4338,31771,317940544,1819,0,0,0
64.4437,31772,317950544,1795,0,0,0
64.4536,31773,317960544,1815,0,0,0
64.4637,31774,317970544,1812,0,0,0
64.4737,31775,317980544,1812,0,0,0
64.4836,31776,317990544,1814,0,0,0
64.4938,31777,318000544,1830,0,0,0
64.5040,31778,318010544,1813,0,0,0
64.5140,31779,318020544,1823,0,0,0
64.5242,31780,318030544,1815,0,0,0
64.5337,31781,318040544,1838,0,0,0
64.5438,31782,318050544,1829,0,0,0
64.5535,31783,318060544,1851,0,0,0
64.5638,31784,318070544,1873,0,0,0
64.5742,31785,318080544,1917,0,0,0
64.5837,31786,318090544,1949,0,0,0
64.5937,31787,318100544,1990,0,0,0
64.6042,31788,318110544,1933,0,0,0
64.6138,31789,318120544,1872,0,0,0
64.6236,31790,318130544,1826,0,0,0
64.6341,31791,318140544,1827,0,0,0
64.6440,31792,318150544,1816,0,0,0
64.6542,31793,318160544,1809,0,0,0
64.6639,31794,318170544,1797,0,0,0
64.6736,31795,318180544,1807,0,0,0
64.6838,31796,318190544,1767,0,0,0
64.6938,31797,318200544,1712,0,0,0
64.7037,31798,318210544,1883,0,0,0
64.7136,31799,318220544,2461,0,0,0
64.7237,31800,318230544,3312,0,0,0
64.7337,31801,318240544,2721,0,0,0
64.7438,31802,318250544,1725,0,0,0
64.7538,31803,318260544,1465,0,0,0
64.7642,31804,318270544,1482,0,0,0
64.7740,31805,318280544,1712,0,0,0
64.7842,31806,318290544,1742,0,0,0
64.7940,31807,318300544,1764,0,0,0
64.8041,31808,318310544,1778,0,0,0
64.8150,31809,318320544,1802,0,0,0
64.8240,31810,318330544,1806,0,0,0
64.8337,31811,318340544,1826,0,0,0
64.8444,31812,318350544,1831,0,0,0
64.8539,31813,318360544,1845,0,0,0
64.8643,31814,318370544,1846,0,0,0
64.8740,31815,318380544,1885,0,0,0
64.8838,31816,318390544,1898,0,0,0
64.8943,31817,318400544,1919,0,0,0
64.9039,31818,318410544,1926,0,0,0
64.9138,31819,318420544,1970,0,0,0
64.9238,31820,318430544,1984,0,0,0
64.9339,31821,318440544,2015,0,0,0
64.9439,31822,318450544,2010,0,0,0
64.9537,31823,318460544,2007,0,0,0
64.9639,31824,318470544,1973,0,0,0
64.9738,31825,318480544,1939,0,0,0
64.9838,31826,318490544,1872,0,0,0
64.9940,31827,318500544,1839,0,0,0
65.0038,31828,318510544,1797,0,0,0
65.0136,31829,318520544,1804,0,0,0
65.0237,31830,318530544,1783,0,0,0
65.0338,31831,318540544,1794,0,0,0
65.0440,31832,318550544,1777,0,0,0
65.0542,31833,318560544,1799,0,0,0
65.0637,31834,318570544,1793,0,0,0
65.0740,31835,318580544,1799,0,0,0
65.0841,31836,318590544,1799,0,0,0
65.0940,31837,318600544,1803,0,0,0
65.1043,31838,318610544,1791,0,0,0
65.1139,31839,318620544,1807,0,0,0
65.1239,31840,318630544,1803,0,0,0
65.1340,31841,318640544,1821,0,0,0
65.1441,31842,318650544,1817,0,0,0
65.1537,31843,318660544,1821,0,0,0
65.1637,31844,318670544,1815,0,0,0
65.1739,31845,318680544,1827,0,0,0
65.1837,31846,318690544,1818,0,0,0
65.1938,31847,318700544,1841,0,0,0
65.2037,31848,318710544,1827,0,0,0
65.2137,31849,318720544,1834,0,0,0
65.2237,31850,318730544,1823,0,0,0
65.2338,31851,318740544,1833,0,0,0
65.2438,31852,318750544,1825,0,0,0
65.2539,31853,318760544,1840,0,0,0
65.2646,31854,318770544,1826,0,0,0
65.2737,31855,318780544,1835,0,0,0
65.2838,31856,318790544,1837,0,0,0
65.2940,31857,318800544,1843,0,0,0
65.3039,31858,318810544,1838,0,0,0
65.3137,31859,318820544,1856,0,0,0
65.3237,31860,318830544,1872,0,0,0
65.3337,31861,318840544,1933,0,0,0
65.3438,31862,318850544,1951,0,0,0
65.3539,31863,318860544,1998,0,0,0
65.3637,31864,318870544,1920,0,0,0
65.3737,31865,318880544,1873,0,0,0
65.3838,31866,318890544,1840,0,0,0
65.3937,31867,318900544,1822,0,0,0
65.4038,31868,318910544,1805,0,0,0
65.4139,31869,318920544,1808,0,0,0
65.4239,31870,318930544,1781,0,0,0
65.4338,31871,318940544,1801,0,0,0
65.4441,31872,318950544,1779,0,0,0
65.4541,31873,318960544,1709,0,0,0
65.4638,31874,318970544,1871,0,0,0
65.4739,31875,318980544,2453,0,0,0
65.4840,31876,318990544,3313,0,0,0
65.4945,31877,319000544,2731,0,0,0
65.5039,31878,319010544,1680,0,0,0
65.5138,31879,319020544,1426,0,0,0
65.5240,31880,319030544,1492,0,0,0
65.5337,31881,319040544,1723,0,0,0
65.5439,31882,319050544,1729,0,0,0
65.5539,31883,319060544,1760,0,0,0
65.5638,31884,319070544,1767,0,0,0
65.5741,31885,319080544,1791,0,0,0
65.5837,31886,319090544,1785,0,0,0
65.5938,31887,319100544,1803,0,0,0
65.6040,31888,319110544,1808,0,0,0
65.6146,31889,319120544,1825,0,0,0
65.6237,31890,319130544,1829,0,0,0
65.6336,31891,319140544,1854,0,0,0
65.6438,31892,319150544,1851,0,0,0
65.6536,31893,319160544,1883,0,0,0
65.6637,31894,319170544,1887,0,0,0
65.6737,31895,319180544,1927,0,0,0
65.6836,31896,319190544,1941,0,0,0
65.6938,31897,319200544,1973,0,0,0
65.7039,31898,319210544,1968,0,0,0
65.7138,31899,319220544,1969,0,0,0
65.7240,31900,319230544,1921,0,0,0
65.7338,31901,319240544,1891,0,0,0
65.7440,31902,319250544,1840,0,0,0
65.7538,31903,319260544,1808,0,0,0
65.7640,31904,319270544,1764,0,0,0
65.7739,31905,319280544,1761,0,0,0
65.7839,31906,319290544,1745,0,0,0
65.7939,31907,319300544,1758,0,0,0
65.8037,31908,319310544,1751,0,0,0
65.8144,31909,319320544,1759,0,0,0
65.8239,31910,319330544,1759,0,0,0
65.8337,31911,319340544,1776,0,0,0
65.8437,31912,319350544,1775,0,0,0
65.8540,31913,319360544,1790,0,0,0
65.8637,31914,319370544,1785,0,0,0
65.8741,31915,319380544,1794,0,0,0
65.8838,31916,319390544,1787,0,0,0
65.8937,31917,319400544,1809,0,0,0
65.9038,31918,319410544,1806,0,0,0
65.9137,31919,319420544,1815,0,0,0
65.9238,31920,319430544,1805,0,0,0
65.9338,31921,319440544,1820,0,0,0
65.9437,31922,319450544,1808,0,0,0
65.9537,31923,319460544,1823,0,0,0
65.9639,31924,319470544,1811,0,0,0
65.9738,31925,319480544,1824,0,0,0
65.9838,31926,319490544,1815,0,0,0
65.9941,31927,319500544,1829,0,0,0
66.0038,31928,319510544,1809,0,0,0
66.0138,31929,319520544,1836,0,0,0
66.0238,31930,319530544,1819,0,0,0
66.0337,31931,319540544,1831,0,0,0
66.0436,31932,319550544,1821,0,0,0
66.0537,31933,319560544,1840,0,0,0
66.0661,31934,319570544,1829,0,0,0
66.0752,31935,319580544,1841,0,0,0
66.0838,31936,319590544,1829,0,0,0
66.0937,31937,319600544,1839,0,0,0
66.1037,31938,319610544,1827,0,0,0
66.1138,31939,319620544,1848,0,0,0
66.1237,31940,319630544,1851,0,0,0
66.1336,31941,319640544,1902,0,0,0
66.1437,31942,319650544,1936,0,0,0
66.1537,31943,319660544,1984,0,0,0
66.1637,31944,319670544,1978,0,0,0
66.1737,31945,319680544,1902,0,0,0
66.1838,31946,319690544,1857,0,0,0
66.1937,31947,319700544,1840,0,0,0
66.2039,31948,319710544,1815,0,0,0
66.2139,31949,319720544,1817,0,0,0
66.2237,31950,319730544,1803,0,0,0
66.2339,31951,319740544,1809,0,0,0
66.2441,31952,319750544,1797,0,0,0
66.2536,31953,319760544,1753,0,0,0
66.2639,31954,319770544,1726,0,0,0
66.2738,31955,319780544,2161,0,0,0
66.2843,31956,319790544,2910,0,0,0
66.2937,31957,319800544,3308,0,0,0
66.3040,31958,319810544,1973,0,0,0
66.3137,31959,319820544,1535,0,0,0
66.3238,31960,319830544,1439,0,0,0
66.3338,31961,319840544,1673,0,0,0
66.3439,31962,319850544,1741,0,0,0
66.3538,31963,319860544,1744,0,0,0
66.3637,31964,319870544,1757,0,0,0
66.3737,31965,319880544,1790,0,0,0
66.3837,31966,319890544,1788,0,0,0
66.3938,31967,319900544,1808,0,0,0
66.4038,31968,319910544,1809,0,0,0
66.4136,31969,319920544,1840,0,0,0
66.4237,31970,319930544,1851,0,0,0
66.4337,31971,319940544,1875,0,0,0
66.4437,31972,319950544,1878,0,0,0
66.4540,31973,319960544,1911,0,0,0
66.4639,31974,319970544,1929,0,0,0
66.4737,31975,319980544,1963,0,0,0
66.4840,31976,319990544,1980,0,0,0
66.4939,31977,320000544,2011,0,0,0
66.5038,31978,320010544,2002,0,0,0
66.5139,31979,320020544,2017,0,0,0
66.5240,31980,320030544,1981,0,0,0
66.5339,31981,320040544,1956,0,0,0
66.5438,31982,320050544,1891,0,0,0
66.5544,31983,320060544,1855,0,0,0
66.5639,31984,320070544,1803,0,0,0
66.5738,31985,320080544,1788,0,0,0
66.5837,31986,320090544,1771,0,0,0
66.5938,31987,320100544,1776,0,0,0
66.6039,31988,320110544,1775,0,0,0
66.6138,31989,320120544,1785,0,0,0
66.6237,31990,320130544,1773,0,0,0
66.6338,31991,320140544,1781,0,0,0
66.6437,31992,320150544,1781,0,0,0
66.6539,31993,320160544,1801,0,0,0
66.6640,31994,320170544,1795,0,0,0
66.6737,31995,320180544,1803,0,0,0
66.6839,31996,320190544,1795,0,0,0
66.6939,31997,320200544,1808,0,0,0
66.7039,31998,320210544,1799,0,0,0
66.7138,31999,320220544,1811,0,0,0
66.7238,32000,320230544,1799,0,0,0
66.7337,32001,320240544,1817,0,0,0
66.7438,32002,320250544,1799,0,0,0
66.7537,32003,320260544,1814,0,0,0
66.7638,32004,320270544,1801,0,0,0
66.7737,32005,320280544,1809,0,0,0
66.7837,32006,320290544,1803,0,0,0
66.7938,32007,320300544,1808,0,0,0
66.8037,32008,320310544,1807,0,0,0
66.8139,32009,320320544,1817,0,0,0
66.8237,32010,320330544,1807,0,0,0
66.8336,32011,320340544,1821,0,0,0
66.8439,32012,320350544,1809,0,0,0
66.8538,32013,320360544,1821,0,0,0
66.8637,32014,320370544,1817,0,0,0
66.8737,32015,320380544,1822,0,0,0
66.8836,32016,320390544,1810,0,0,0
66.8937,32017,320400544,1819,0,0,0
66.9038,32018,320410544,1808,0,0,0
66.9138,32019,320420544,1821,0,0,0
66.9236,32020,320430544,1822,0,0,0
66.9338,32021,320440544,1829,0,0,0
66.9438,32022,320450544,1868,0,0,0
66.9537,32023,320460544,1920,0,0,0
66.9639,32024,320470544,1957,0,0,0
66.9737,32025,320480544,1958,0,0,0
66.9837,32026,320490544,1857,0,0,0
66.9940,32027,320500544,1834,0,0,0
67.0038,32028,320510544,1806,0,0,0
67.0138,32029,320520544,1806,0,0,0
67.0240,32030,320530544,1777,0,0,0
67.0337,32031,320540544,1776,0,0,0
67.0438,32032,320550544,1776,0,0,0
67.0542,32033,320560544,1775,0,0,0
67.0637,32034,320570544,1718,0,0,0
67.0738,32035,320580544,1714,0,0,0
67.0844,32036,320590544,2131,0,0,0
67.0939,32037,320600544,2901,0,0,0
67.1040,32038,320610544,3214,0,0,0
67.1140,32039,320620544,1949,0,0,0
67.1238,32040,320630544,1526,0,0,0
67.1336,32041,320640544,1412,0,0,0
67.1440,32042,320650544,1626,0,0,0
67.1538,32043,320660544,1727,0,0,0
67.1639,32044,320670544,1712,0,0,0
67.1738,32045,320680544,1741,0,0,0
67.1836,32046,320690544,1755,0,0,0
67.1937,32047,320700544,1774,0,0,0
67.2037,32048,320710544,1782,0,0,0
67.2139,32049,320720544,1804,0,0,0
67.2239,32050,320730544,1808,0,0,0
67.2339,32051,320740544,1830,0,0,0
67.2438,32052,320750544,1837,0,0,0
67.2538,32053,320760544,1857,0,0,0
67.2639,32054,320770544,1874,0,0,0
67.2738,32055,320780544,1903,0,0,0
67.2841,32056,320790544,1914,0,0,0
67.2940,32057,320800544,1952,0,0,0
67.3037,32058,320810544,1963,0,0,0
67.3148,32059,320820544,1977,0,0,0
67.3240,32060,320830544,1981,0,0,0
67.3337,32061,320840544,1965,0,0,0
67.3443,32062,320850544,1927,0,0,0
67.3540,32063,320860544,1878,0,0,0
67.3638,32064,320870544,1810,0,0,0
67.3741,32065,320880544,1785,0,0,0
67.3837,32066,320890544,1755,0,0,0
67.4034,32067,320900544,1746,0,0,0
67.4036,32068,320910544,1735,0,0,0
67.4140,32069,320920544,1744,0,0,0
67.4236,32070,320930544,1745,0,0,0
67.4337,32071,320940544,1757,0,0,0
67.4441,32072,320950544,1756,0,0,0
67.4537,32073,320960544,1759,0,0,0
67.4637,32074,320970544,1757,0,0,0
67.4740,32075,320980544,1775,0,0,0
67.4837,32076,320990544,1775,0,0,0
67.4939,32077,321000544,1790,0,0,0
67.5039,32078,321010544,1786,0,0,0
67.5138,32079,321020544,1802,0,0,0
67.5238,32080,321030544,1790,0,0,0
67.5338,32081,321040544,1797,0,0,0
67.5440,32082,321050544,1799,0,0,0
67.5542,32083,321060544,1795,0,0,0
67.5638,32084,321070544,1799,0,0,0
67.5740,32085,321080544,1808,0,0,0
67.5839,32086,321090544,1811,0,0,0
67.5939,32087,321100544,1810,0,0,0
67.6038,32088,321110544,1817,0,0,0
67.6140,32089,321120544,1823,0,0,0
67.6238,32090,321130544,1814,0,0,0
67.6338,32091,321140544,1824,0,0,0
67.6437,32092,321150544,1825,0,0,0
67.6537,32093,321160544,1836,0,0,0
67.6637,32094,321170544,1829,0,0,0
67.6738,32095,321180544,1838,0,0,0
67.6840,32096,321190544,1840,0,0,0
67.6941,32097,321200544,1862,0,0,0
67.7040,32098,321210544,1892,0,0,0
67.7139,32099,321220544,1930,0,0,0
67.7240,32100,321230544,1978,0,0,0
67.7339,32101,321240544,1958,0,0,0
67.7439,32102,321250544,1882,0,0,0
67.7538,32103,321260544,1846,0,0,0
67.7641,32104,321270544,1815,0,0,0
67.7738,32105,321280544,1822,0,0,0
67.7837,32106,321290544,1799,0,0,0
67.7939,32107,321300544,1813,0,0,0
67.8041,32108,321310544,1799,0,0,0
67.8168,32109,321320544,1791,0,0,0
67.8240,32110,321330544,1737,0,0,0
67.8338,32111,321340544,1749,0,0,0
67.8440,32112,321350544,2218,0,0,0
67.8537,32113,321360544,2993,0,0,0
67.8637,32114,321370544,3161,0,0,0
67.8738,32115,321380544,1924,0,0,0
67.8837,32116,321390544,1559,0,0,0
67.8938,32117,321400544,1410,0,0,0
67.9037,32118,321410544,1635,0,0,0
67.9139,32119,321420544,1744,0,0,0
67.9238,32120,321430544,1743,0,0,0
67.9337,32121,321440544,1760,0,0,0
67.9437,32122,321450544,1776,0,0,0
67.9538,32123,321460544,1796,0,0,0
67.9638,32124,321470544,1808,0,0,0
67.9738,32125,321480544,1824,0,0,0
67.9839,32126,321490544,1836,0,0,0
67.9939,32127,321500544,1854,0,0,0
68.0039,32128,321510544,1861,0,0,0
68.0138,32129,321520544,1879,0,0,0
68.0239,32130,321530544,1893,0,0,0
68.0338,32131,321540544,1918,0,0,0
68.0439,32132,321550544,1943,0,0,0
68.0538,32133,321560544,1967,0,0,0
68.0654,32134,321570544,1983,0,0,0
68.0738,32135,321580544,1994,0,0,0
68.0843,32136,321590544,1985,0,0,0
68.0938,32137,321600544,1970,0,0,0
68.1037,32138,321610544,1930,0,0,0
68.1140,32139,321620544,1882,0,0,0
68.1237,32140,321630544,1831,0,0,0
68.1339,32141,321640544,1799,0,0,0
68.1439,32142,321650544,1776,0,0,0
68.1537,32143,321660544,1779,0,0,0
68.1639,32144,321670544,1771,0,0,0
68.1739,32145,321680544,1791,0,0,0
68.1837,32146,321690544,1787,0,0,0
68.1938,32147,321700544,1790,0,0,0
68.2038,32148,321710544,1799,0,0,0
68.2138,32149,321720544,1806,0,0,0
68.2237,32150,321730544,1811,0,0,0
68.2339,32151,321740544,1817,0,0,0
68.2440,32152,321750544,1814,0,0,0
68.2541,32153,321760544,1813,0,0,0
68.2640,32154,321770544,1813,0,0,0
68.2738,32155,321780544,1825,0,0,0
68.2838,32156,321790544,1826,0,0,0
68.2939,32157,321800544,1835,0,0,0
68.3042,32158,321810544,1826,0,0,0
68.3137,32159,321820544,1829,0,0,0
68.3240,32160,321830544,1827,0,0,0
68.3349,32161,321840544,1834,0,0,0
68.3437,32162,321850544,1833,0,0,0
68.3537,32163,321860544,1843,0,0,0
68.3638,32164,321870544,1843,0,0,0
68.3737,32165,321880544,1841,0,0,0
68.3837,32166,321890544,1841,0,0,0
68.3938,32167,321900544,1842,0,0,0
68.4037,32168,321910544,1842,0,0,0
68.4137,32169,321920544,1856,0,0,0
68.4236,32170,321930544,1894,0,0,0
68.4337,32171,321940544,1936,0,0,0
68.4437,32172,321950544,1979,0,0,0
68.4538,32173,321960544,2000,0,0,0
68.4637,32174,321970544,1931,0,0,0
68.4738,32175,321980544,1873,0,0,0
68.4839,32176,321990544,1847,0,0,0
68.4938,32177,322000544,1830,0,0,0
68.5040,32178,322010544,1818,0,0,0
68.5138,32179,322020544,1808,0,0,0
68.5237,32180,322030544,1792,0,0,0
68.5339,32181,322040544,1795,0,0,0
68.5437,32182,322050544,1783,0,0,0
68.5536,32183,322060544,1690,0,0,0
68.5637,32184,322070544,1899,0,0,0
68.5737,32185,322080544,2497,0,0,0
68.5837,32186,322090544,3370,0,0,0
68.5936,32187,322100544,2559,0,0,0
68.6039,32188,322110544,1661,0,0,0
68.6138,32189,322120544,1418,0,0,0
68.6236,32190,322130544,1534,0,0,0
68.6336,32191,322140544,1728,0,0,0
68.6437,32192,322150544,1741,0,0,0
68.6537,32193,322160544,1760,0,0,0
68.6638,32194,322170544,1779,0,0,0
68.6737,32195,322180544,1790,0,0,0
68.6838,32196,322190544,1803,0,0,0
68.6938,32197,322200544,1817,0,0,0
68.7038,32198,322210544,1836,0,0,0
68.7138,32199,322220544,1841,0,0,0
68.7238,32200,322230544,1858,0,0,0
68.7339,32201,322240544,1869,0,0,0
68.7439,32202,322250544,1887,0,0,0
68.7538,32203,322260544,1908,0,0,0
68.7641,32204,322270544,1934,0,0,0
68.7738,32205,322280544,1955,0,0,0
68.7840,32206,322290544,1982,0,0,0
68.7939,32207,322300544,1985,0,0,0
68.8037,32208,322310544,1992,0,0,0
68.8148,32209,322320544,1970,0,0,0
68.8239,32210,322330544,1945,0,0,0
68.8339,32211,322340544,1895,0,0,0
68.8439,32212,322350544,1846,0,0,0
68.8555,32213,322360544,1794,0,0,0
68.8637,32214,322370544,1776,0,0,0
68.8737,32215,322380544,1764,0,0,0
68.8839,32216,322390544,1756,0,0,0
68.8936,32217,322400544,1750,0,0,0
68.9037,32218,322410544,1760,0,0,0
68.9138,32219,322420544,1763,0,0,0
68.9238,32220,322430544,1775,0,0,0
68.9337,32221,322440544,1774,0,0,0
68.9437,32222,322450544,1781,0,0,0
68.9538,32223,322460544,1782,0,0,0
68.9637,32224,322470544,1786,0,0,0
68.9737,32225,322480544,1790,0,0,0
68.9839,32226,322490544,1795,0,0,0
68.9938,32227,322500544,1798,0,0,0
69.0040,32228,322510544,1798,0,0,0
69.0138,32229,322520544,1798,0,0,0
69.0238,32230,322530544,1808,0,0,0
69.0338,32231,322540544,1807,0,0,0
69.0438,32232,322550544,1807,0,0,0
69.0539,32233,322560544,1813,0,0,0
69.0657,32234,322570544,1819,0,0,0
69.0738,32235,322580544,1813,0,0,0
69.0838,32236,322590544,1821,0,0,0
69.0939,32237,322600544,1823,0,0,0
69.1039,32238,322610544,1830,0,0,0
69.1138,32239,322620544,1818,0,0,0
69.1237,32240,322630544,1829,0,0,0
69.1338,32241,322640544,1823,0,0,0
69.1437,32242,322650544,1836,0,0,0
69.1539,32243,322660544,1842,0,0,0
69.1638,32244,322670544,1890,0,0,0
69.1738,32245,322680544,1920,0,0,0
69.1840,32246,322690544,1975,0,0,0
69.1937,32247,322700544,1962,0,0,0
69.2040,32248,322710544,1879,0,0,0
69.2139,32249,322720544,1837,0,0,0
69.2240,32250,322730544,1821,0,0,0
69.2341,32251,322740544,1799,0,0,0
69.2436,32252,322750544,1798,0,0,0
69.2538,32253,322760544,1783,0,0,0
69.2642,32254,322770544,1792,0,0,0
69.2736,32255,322780544,1787,0,0,0
69.2838,32256,322790544,1744,0,0,0
69.2943,32257,322800544,1712,0,0,0
69.3038,32258,322810544,2096,0,0,0
69.3143,32259,322820544,2813,0,0,0
69.3239,32260,322830544,3333,0,0,0
69.3337,32261,322840544,2033,0,0,0
69.3442,32262,322850544,1555,0,0,0
69.3538,32263,322860544,1423,0,0,0
69.3637,32264,322870544,1653,0,0,0
69.3737,32265,322880544,1725,0,0,0
69.3838,32266,322890544,1730,0,0,0
69.3936,32267,322900544,1763,0,0,0
69.4037,32268,322910544,1775,0,0,0
69.4137,32269,322920544,1769,0,0,0
69.4237,32270,322930544,1797,0,0,0
69.4336,32271,322940544,1803,0,0,0
69.4442,32272,322950544,1817,0,0,0
69.4539,32273,322960544,1830,0,0,0
69.4638,32274,322970544,1857,0,0,0
69.4738,32275,322980544,1866,0,0,0
69.4838,32276,322990544,1897,0,0,0
69.4938,32277,323000544,1906,0,0,0
69.5040,32278,323010544,1927,0,0,0
69.5136,32279,323020544,1950,0,0,0
69.5236,32280,323030544,1972,0,0,0
69.5338,32281,323040544,1980,0,0,0
69.5437,32282,323050544,1985,0,0,0
69.5536,32283,323060544,1965,0,0,0
69.5639,32284,323070544,1934,0,0,0
69.5736,32285,323080544,1885,0,0,0
69.5838,32286,323090544,1845,0,0,0
69.5938,32287,323100544,1797,0,0,0
69.6036,32288,323110544,1744,0,0,0
69.6136,32289,323120544,1770,0,0,0
69.6237,32290,323130544,1771,0,0,0
69.6337,32291,323140544,1771,0,0,0
69.6438,32292,323150544,1775,0,0,0
69.6540,32293,323160544,1776,0,0,0
69.6639,32294,323170544,1790,0,0,0
69.6738,32295,323180544,1792,0,0,0
69.6842,32296,323190544,1795,0,0,0
69.6937,32297,323200544,1787,0,0,0
69.7038,32298,323210544,1803,0,0,0
69.7139,32299,323220544,1791,0,0,0
69.7239,32300,323230544,1804,0,0,0
69.7343,32301,323240544,1802,0,0,0
69.7440,32302,323250544,1808,0,0,0
69.7539,32303,323260544,1805,0,0,0
69.7639,32304,323270544,1807,0,0,0
69.7739,32305,323280544,1796,0,0,0
69.7839,32306,323290544,1808,0,0,0
69.7938,32307,323300544,1802,0,0,0
69.8041,32308,323310544,1808,0,0,0
69.8145,32309,323320544,1804,0,0,0
69.8239,32310,323330544,1817,0,0,0
69.8339,32311,323340544,1808,0,0,0
69.8443,32312,323350544,1810,0,0,0
69.8539,32313,323360544,1814,0,0,0
69.8648,32314,323370544,1821,0,0,0
69.8738,32315,323380544,1818,0,0,0
69.8839,32316,323390544,1829,0,0,0
69.8941,32317,323400544,1829,0,0,0
69.9037,32318,323410544,1866,0,0,0
69.9138,32319,323420544,1909,0,0,0
69.9238,32320,323430544,1947,0,0,0
69.9337,32321,323440544,1979,0,0,0
69.9436,32322,323450544,1942,0,0,0
69.9537,32323,323460544,1856,0,0,0
69.9636,32324,323470544,1838,0,0,0
69.9737,32325,323480544,1807,0,0,0
69.9838,32326,323490544,1808,0,0,0
69.9938,32327,323500544,1781,0,0,0
70.0059,32328,323510544,1782,0,0,0
70.0138,32329,323520544,1779,0,0,0
70.0324,32330,323530544,1765,0,0,0
70.0337,32331,323540544,1680,0,0,0
70.0475,32332,323550544,1783,0,0,0
70.0537,32333,323560544,2303,0,0,0
70.0637,32334,323570544,3168,0,0,0
70.0738,32335,323580544,2851,0,0,0
70.0838,32336,323590544,1741,0,0,0
70.0939,32337,323600544,1453,0,0,0
70.1038,32338,323610544,1486,0,0,0
70.1138,32339,323620544,1679,0,0,0
70.1238,32340,323630544,1710,0,0,0
70.1338,32341,323640544,1712,0,0,0
70.1436,32342,323650544,1748,0,0,0
70.1537,32343,323660544,1755,0,0,0
70.1638,32344,323670544,1765,0,0,0
70.1739,32345,323680544,1774,0,0,0
70.1837,32346,323690544,1793,0,0,0
70.1937,32347,323700544,1795,0,0,0
70.2058,32348,323710544,1814,0,0,0
70.2179,32349,323720544,1829,0,0,0
70.2245,32350,323730544,1849,0,0,0
70.2344,32351,323740544,1871,0,0,0
70.2442,32352,323750544,1903,0,0,0
70.2537,32353,323760544,1915,0,0,0
70.2638,32354,323770544,1943,0,0,0
70.2738,32355,323780544,1965,0,0,0
70.2836,32356,323790544,1973,0,0,0
70.2938,32357,323800544,1959,0,0,0
70.3039,32358,323810544,1939,0,0,0
70.3153,32359,323820544,1884,0,0,0
70.3237,32360,323830544,1851,0,0,0
70.3337,32361,323840544,1796,0,0,0
70.3438,32362,323850544,1777,0,0,0
70.3568,32363,323860544,1741,0,0,0
70.3639,32364,323870544,1753,0,0,0
70.3782,32365,323880544,1739,0,0,0
70.3838,32366,323890544,1744,0,0,0
70.3995,32367,323900544,1749,0,0,0
70.4050,32368,323910544,1774,0,0,0
70.4147,32369,323920544,1768,0,0,0
70.4238,32370,323930544,1777,0,0,0
70.4338,32371,323940544,1770,0,0,0
70.4439,32372,323950544,1781,0,0,0
70.4537,32373,323960544,1776,0,0,0
70.4641,32374,323970544,1791,0,0,0
70.4740,32375,323980544,1788,0,0,0
70.4838,32376,323990544,1798,0,0,0
70.4937,32377,324000544,1795,0,0,0
70.5037,32378,324010544,1804,0,0,0
70.5137,32379,324020544,1794,0,0,0
70.5236,32380,324030544,1811,0,0,0
70.5341,32381,324040544,1801,0,0,0
70.5437,32382,324050544,1809,0,0,0
70.5567,32383,324060544,1803,0,0,0
70.5646,32384,324070544,1822,0,0,0
70.5744,32385,324080544,1806,0,0,0
70.5873,32386,324090544,1811,0,0,0
70.5938,32387,324100544,1806,0,0,0
70.6038,32388,324110544,1827,0,0,0
70.6138,32389,324120544,1811,0,0,0
70.6238,32390,324130544,1819,0,0,0
70.6338,32391,324140544,1819,0,0,0
70.6438,32392,324150544,1827,0,0,0
70.6537,32393,324160544,1837,0,0,0
70.6637,32394,324170544,1877,0,0,0
70.6737,32395,324180544,1915,0,0,0
70.6837,32396,324190544,1975,0,0,0
70.6937,32397,324200544,1962,0,0,0
70.7075,32398,324210544,1871,0,0,0
70.7137,32399,324220544,1838,0,0,0
70.7261,32400,324230544,1821,0,0,0
70.7338,32401,324240544,1805,0,0,0
70.7437,32402,324250544,1801,0,0,0
70.7545,32403,324260544,1789,0,0,0
70.7644,32404,324270544,1799,0,0,0
70.7737,32405,324280544,1782,0,0,0
70.7837,32406,324290544,1744,0,0,0
70.7938,32407,324300544,1727,0,0,0
70.8037,32408,324310544,2149,0,0,0
70.8137,32409,324320544,2885,0,0,0
70.8268,32410,324330544,3317,0,0,0
70.8337,32411,324340544,2017,0,0,0
70.8437,32412,324350544,1601,0,0,0
70.8538,32413,324360544,1409,0,0,0
70.8639,32414,324370544,1619,0,0,0
70.8737,32415,324380544,1743,0,0,0
70.8839,32416,324390544,1751,0,0,0
70.8938,32417,324400544,1765,0,0,0
70.9036,32418,324410544,1787,0,0,0
70.9138,32419,324420544,1797,0,0,0
70.9237,32420,324430544,1818,0,0,0
70.9337,32421,324440544,1819,0,0,0
70.9437,32422,324450544,1843,0,0,0
70.9537,32423,324460544,1841,0,0,0
70.9636,32424,324470544,1871,0,0,0
70.9738,32425,324480544,1858,0,0,0
70.9837,32426,324490544,1902,0,0,0
70.9937,32427,324500544,1913,0,0,0
71.0038,32428,324510544,1953,0,0,0
71.0137,32429,324520544,1955,0,0,0
71.0238,32430,324530544,1984,0,0,0
71.0338,32431,324540544,1981,0,0,0
71.0437,32432,324550544,1982,0,0,0
71.0537,32433,324560544,1955,0,0,0
71.0637,32434,324570544,1934,0,0,0
71.0737,32435,324580544,1872,0,0,0
71.0838,32436,324590544,1836,0,0,0
71.0937,32437,324600544,1801,0,0,0
71.1037,32438,324610544,1786,0,0,0
71.1138,32439,324620544,1758,0,0,0
71.1236,32440,324630544,1773,0,0,0
71.1336,32441,324640544,1767,0,0,0
71.1438,32442,324650544,1780,0,0,0
71.1538,32443,324660544,1776,0,0,0
71.1636,32444,324670544,1779,0,0,0
71.1738,32445,324680544,1785,0,0,0
71.1837,32446,324690544,1794,0,0,0
71.1938,32447,324700544,1787,0,0,0
71.2038,32448,324710544,1797,0,0,0
71.2138,32449,324720544,1795,0,0,0
71.2237,32450,324730544,1811,0,0,0
71.2337,32451,324740544,1814,0,0,0
71.2440,32452,324750544,1819,0,0,0
71.2538,32453,324760544,1813,0,0,0
71.2642,32454,324770544,1824,0,0,0
71.2738,32455,324780544,1825,0,0,0
71.2837,32456,324790544,1829,0,0,0
71.2938,32457,324800544,1830,0,0,0
71.3039,32458,324810544,1840,0,0,0
71.3136,32459,324820544,1834,0,0,0
71.3237,32460,324830544,1834,0,0,0
71.3337,32461,324840544,1840,0,0,0
71.3438,32462,324850544,1850,0,0,0
71.3539,32463,324860544,1840,0,0,0
71.3638,32464,324870544,1844,0,0,0
71.3738,32465,324880544,1838,0,0,0
71.3840,32466,324890544,1856,0,0,0
71.3937,32467,324900544,1891,0,0,0
71.4037,32468,324910544,1921,0,0,0
71.4136,32469,324920544,1958,0,0,0
71.4237,32470,324930544,1989,0,0,0
71.4337,32471,324940544,1924,0,0,0
71.4438,32472,324950544,1873,0,0,0
71.4536,32473,324960544,1842,0,0,0
71.4637,32474,324970544,1835,0,0,0
71.4738,32475,324980544,1813,0,0,0
71.4837,32476,324990544,1803,0,0,0
71.4937,32477,325000544,1806,0,0,0
71.5038,32478,325010544,1806,0,0,0
71.5136,32479,325020544,1776,0,0,0
71.5236,32480,325030544,1706,0,0,0
71.5337,32481,325040544,1924,0,0,0
71.5438,32482,325050544,2556,0,0,0
71.5537,32483,325060544,3408,0,0,0
71.5642,32484,325070544,2499,0,0,0
71.5737,32485,325080544,1674,0,0,0
71.5836,32486,325090544,1415,0,0,0
71.5938,32487,325100544,1520,0,0,0
71.6038,32488,325110544,1735,0,0,0
71.6138,32489,325120544,1735,0,0,0
71.6239,32490,325130544,1760,0,0,0
71.6338,32491,325140544,1773,0,0,0
71.6437,32492,325150544,1794,0,0,0
71.6539,32493,325160544,1802,0,0,0
71.6636,32494,325170544,1826,0,0,0
71.6738,32495,325180544,1824,0,0,0
71.6837,32496,325190544,1845,0,0,0
71.6936,32497,325200544,1863,0,0,0
71.7038,32498,325210544,1874,0,0,0
71.7138,32499,325220544,1882,0,0,0
71.7238,32500,325230544,1920,0,0,0
71.7338,32501,325240544,1931,0,0,0
71.7438,32502,325250544,1968,0,0,0
71.7538,32503,325260544,1979,0,0,0
71.7642,32504,325270544,1990,0,0,0
71.7739,32505,325280544,1977,0,0,0
71.7837,32506,325290544,1969,0,0,0
71.7938,32507,325300544,1934,0,0,0
71.8040,32508,325310544,1895,0,0,0
71.8136,32509,325320544,1839,0,0,0
71.8242,32510,325330544,1804,0,0,0
71.8338,32511,325340544,1775,0,0,0
71.8440,32512,325350544,1777,0,0,0
71.8537,32513,325360544,1763,0,0,0
71.8637,32514,325370544,1765,0,0,0
71.8736,32515,325380544,1767,0,0,0
71.8837,32516,325390544,1777,0,0,0
71.8937,32517,325400544,1776,0,0,0
71.9038,32518,325410544,1780,0,0,0
71.9138,32519,325420544,1781,0,0,0
71.9236,32520,325430544,1783,0,0,0
71.9337,32521,325440544,1780,0,0,0
71.9437,32522,325450544,1804,0,0,0
71.9538,32523,325460544,1791,0,0,0
71.9637,32524,325470544,1799,0,0,0
71.9737,32525,325480544,1801,0,0,0
71.9837,32526,325490544,1811,0,0,0
71.9937,32527,325500544,1804,0,0,0
72.0037,32528,325510544,1810,0,0,0
72.0136,32529,325520544,1810,0,0,0
72.0238,32530,325530544,1815,0,0,0
72.0338,32531,325540544,1777,0,0,0
72.0438,32532,325550544,1829,0,0,0
72.0538,32533,325560544,1824,0,0,0
72.0649,32534,325570544,1837,0,0,0
72.0737,32535,325580544,1819,0,0,0
72.0837,32536,325590544,1821,0,0,0
72.0938,32537,325600544,1822,0,0,0
72.1039,32538,325610544,1837,0,0,0
72.1137,32539,325620544,1837,0,0,0
72.1237,32540,325630544,1833,0,0,0
72.1337,32541,325640544,1841,0,0,0
72.1438,32542,325650544,1886,0,0,0
72.1538,32543,325660544,1920,0,0,0
72.1637,32544,325670544,1974,0,0,0
72.1737,32545,325680544,1978,0,0,0
72.1837,32546,325690544,1898,0,0,0
72.1937,32547,325700544,1850,0,0,0
72.2037,32548,325710544,1836,0,0,0
72.2138,32549,325720544,1817,0,0,0
72.2239,32550,325730544,1811,0,0,0
72.2337,32551,325740544,1792,0,0,0
72.2437,32552,325750544,1799,0,0,0
72.2536,32553,325760544,1787,0,0,0
72.2638,32554,325770544,1758,0,0,0
72.2736,32555,325780544,1690,0,0,0
72.2837,32556,325790544,2014,0,0,0
72.2939,32557,325800544,2702,0,0,0
72.3038,32558,325810544,3461,0,0,0
72.3140,32559,325820544,2198,0,0,0
72.3238,32560,325830544,1535,0,0,0
72.3344,32561,325840544,1406,0,0,0
72.3438,32562,325850544,1615,0,0,0
72.3539,32563,325860544,1719,0,0,0
72.3637,32564,325870544,1734,0,0,0
72.3737,32565,325880544,1747,0,0,0
72.3837,32566,325890544,1767,0,0,0
72.3937,32567,325900544,1779,0,0,0
72.4037,32568,325910544,1801,0,0,0
72.4137,32569,325920544,1811,0,0,0
72.4237,32570,325930544,1830,0,0,0
72.4337,32571,325940544,1840,0,0,0
72.4438,32572,325950544,1861,0,0,0
72.4537,32573,325960544,1870,0,0,0
72.4638,32574,325970544,1895,0,0,0
72.4739,32575,325980544,1913,0,0,0
72.4837,32576,325990544,1942,0,0,0
72.4938,32577,326000544,1968,0,0,0
72.5040,32578,326010544,1991,0,0,0
72.5139,32579,326020544,1986,0,0,0
72.5238,32580,326030544,1984,0,0,0
72.5339,32581,326040544,1963,0,0,0
72.5437,32582,326050544,1934,0,0,0
72.5537,32583,326060544,1884,0,0,0
72.5638,32584,326070544,1837,0,0,0
72.5737,32585,326080544,1795,0,0,0
72.5838,32586,326090544,1776,0,0,0
72.5937,32587,326100544,1751,0,0,0
72.6037,32588,326110544,1761,0,0,0
72.6137,32589,326120544,1762,0,0,0
72.6238,32590,326130544,1770,0,0,0
72.6337,32591,326140544,1767,0,0,0
72.6436,32592,326150544,1776,0,0,0
72.6539,32593,326160544,1779,0,0,0
72.6637,32594,326170544,1786,0,0,0
72.6737,32595,326180544,1778,0,0,0
72.6838,32596,326190544,1790,0,0,0
72.6937,32597,326200544,1791,0,0,0
72.7037,32598,326210544,1803,0,0,0
72.7138,32599,326220544,1798,0,0,0
72.7238,32600,326230544,1798,0,0,0
72.7337,32601,326240544,1801,0,0,0
72.7439,32602,326250544,1807,0,0,0
72.7537,32603,326260544,1811,0,0,0
72.7638,32604,326270544,1811,0,0,0
72.7739,32605,326280544,1814,0,0,0
72.7838,32606,326290544,1814,0,0,0
72.7937,32607,326300544,1815,0,0,0
72.8037,32608,326310544,1820,0,0,0
72.8139,32609,326320544,1814,0,0,0
72.8238,32610,326330544,1823,0,0,0
72.8338,32611,326340544,1822,0,0,0
72.8437,32612,326350544,1825,0,0,0
72.8538,32613,326360544,1822,0,0,0
72.8638,32614,326370544,1827,0,0,0
72.8736,32615,326380544,1818,0,0,0
72.8837,32616,326390544,1829,0,0,0
72.8938,32617,326400544,1836,0,0,0
72.9037,32618,326410544,1842,0,0,0
72.9137,32619,326420544,1861,0,0,0
72.9238,32620,326430544,1911,0,0,0
72.9337,32621,326440544,1947,0,0,0
72.9439,32622,326450544,1996,0,0,0
72.9538,32623,326460544,1942,0,0,0
72.9636,32624,326470544,1870,0,0,0
72.9736,32625,326480544,1842,0,0,0
72.9837,32626,326490544,1834,0,0,0
72.9937,32627,326500544,1819,0,0,0
73.0038,32628,326510544,1810,0,0,0
73.0139,32629,326520544,1808,0,0,0
73.0236,32630,326530544,1797,0,0,0
73.0337,32631,326540544,1787,0,0,0
73.0438,32632,326550544,1715,0,0,0
73.0536,32633,326560544,1824,0,0,0
73.0646,32634,326570544,2375,0,0,0
73.0738,32635,326580544,3269,0,0,0
73.0837,32636,326590544,2801,0,0,0
73.0937,32637,326600544,1723,0,0,0
73.1040,32638,326610544,1467,0,0,0
73.1138,32639,326620544,1529,0,0,0
73.1238,32640,326630544,1723,0,0,0
73.1338,32641,326640544,1742,0,0,0
73.1438,32642,326650544,1758,0,0,0
73.1538,32643,326660544,1775,0,0,0
73.1641,32644,326670544,1777,0,0,0
73.1740,32645,326680544,1798,0,0,0
73.1839,32646,326690544,1808,0,0,0
73.1940,32647,326700544,1823,0,0,0
73.2037,32648,326710544,1841,0,0,0
73.2138,32649,326720544,1843,0,0,0
73.2241,32650,326730544,1859,0,0,0
73.2339,32651,326740544,1885,0,0,0
73.2439,32652,326750544,1893,0,0,0
73.2539,32653,326760544,1919,0,0,0
73.2638,32654,326770544,1941,0,0,0
73.2738,32655,326780544,1958,0,0,0
73.2837,32656,326790544,1966,0,0,0
73.2938,32657,326800544,1974,0,0,0
73.3039,32658,326810544,1959,0,0,0
73.3145,32659,326820544,1934,0,0,0
73.3237,32660,326830544,1881,0,0,0
73.3337,32661,326840544,1839,0,0,0
73.3440,32662,326850544,1791,0,0,0
73.3539,32663,326860544,1772,0,0,0
73.3637,32664,326870544,1747,0,0,0
73.3736,32665,326880544,1742,0,0,0
73.3837,32666,326890544,1734,0,0,0
73.3938,32667,326900544,1746,0,0,0
73.4037,32668,326910544,1746,0,0,0
73.4138,32669,326920544,1746,0,0,0
73.4237,32670,326930544,1763,0,0,0
73.4338,32671,326940544,1773,0,0,0
73.4439,32672,326950544,1774,0,0,0
73.4537,32673,326960544,1779,0,0,0
73.4638,32674,326970544,1777,0,0,0
73.4738,32675,326980544,1791,0,0,0
73.4838,32676,326990544,1801,0,0,0
73.4939,32677,327000544,1791,0,0,0
73.5040,32678,327010544,1791,0,0,0
73.5138,32679,327020544,1793,0,0,0
73.5239,32680,327030544,1795,0,0,0
73.5340,32681,327040544,1807,0,0,0
73.5443,32682,327050544,1801,0,0,0
73.5538,32683,327060544,1807,0,0,0
73.5639,32684,327070544,1793,0,0,0
73.5739,32685,327080544,1808,0,0,0
73.5842,32686,327090544,1813,0,0,0
73.5937,32687,327100544,1819,0,0,0
73.6038,32688,327110544,1808,0,0,0
73.6138,32689,327120544,1822,0,0,0
73.6238,32690,327130544,1809,0,0,0
73.6337,32691,327140544,1823,0,0,0
73.6437,32692,327150544,1823,0,0,0
73.6537,32693,327160544,1818,0,0,0
73.6637,32694,327170544,1815,0,0,0
73.6737,32695,327180544,1835,0,0,0
73.6838,32696,327190544,1830,0,0,0
73.6939,32697,327200544,1833,0,0,0
73.7039,32698,327210544,1837,0,0,0
73.7138,32699,327220544,1859,0,0,0
73.7238,32700,327230544,1902,0,0,0
73.7337,32701,327240544,1937,0,0,0
73.7438,32702,327250544,1982,0,0,0
73.7538,32703,327260544,1914,0,0,0
73.7639,32704,327270544,1853,0,0,0
73.7741,32705,327280544,1825,0,0,0
73.7840,32706,327290544,1805,0,0,0
73.7937,32707,327300544,1804,0,0,0
73.8039,32708,327310544,1783,0,0,0
73.8139,32709,327320544,1785,0,0,0
73.8237,32710,327330544,1777,0,0,0
73.8338,32711,327340544,1759,0,0,0
73.8440,32712,327350544,1674,0,0,0
73.8537,32713,327360544,1905,0,0,0
73.8637,32714,327370544,2529,0,0,0
73.8737,32715,327380544,3376,0,0,0
73.8838,32716,327390544,2429,0,0,0
73.8939,32717,327400544,1652,0,0,0
73.9038,32718,327410544,1392,0,0,0
73.9137,32719,327420544,1515,0,0,0
73.9239,32720,327430544,1703,0,0,0
73.9339,32721,327440544,1712,0,0,0
73.9438,32722,327450544,1725,0,0,0
73.9538,32723,327460544,1758,0,0,0
73.9637,32724,327470544,1773,0,0,0
73.9736,32725,327480544,1782,0,0,0
73.9838,32726,327490544,1801,0,0,0
73.9937,32727,327500544,1817,0,0,0
74.0038,32728,327510544,1831,0,0,0
74.0138,32729,327520544,1847,0,0,0
74.0239,32730,327530544,1857,0,0,0
74.0337,32731,327540544,1893,0,0,0
74.0437,32732,327550544,1904,0,0,0
74.0537,32733,327560544,1930,0,0,0
74.0636,32734,327570544,1953,0,0,0
74.0739,32735,327580544,1977,0,0,0
74.0837,32736,327590544,1987,0,0,0
74.0939,32737,327600544,1998,0,0,0
74.1039,32738,327610544,1981,0,0,0
74.1138,32739,327620544,1950,0,0,0
74.1238,32740,327630544,1903,0,0,0
74.1338,32741,327640544,1861,0,0,0
74.1440,32742,327650544,1811,0,0,0
74.1536,32743,327660544,1791,0,0,0
74.1636,32744,327670544,1772,0,0,0
74.1736,32745,327680544,1776,0,0,0
74.1836,32746,327690544,1770,0,0,0
74.1936,32747,327700544,1775,0,0,0
74.2038,32748,327710544,1776,0,0,0
74.2137,32749,327720544,1790,0,0,0
74.2243,32750,327730544,1777,0,0,0
74.2338,32751,327740544,1795,0,0,0
74.2437,32752,327750544,1791,0,0,0
74.2538,32753,327760544,1809,0,0,0
74.2639,32754,327770544,1795,0,0,0
74.2738,32755,327780544,1809,0,0,0
74.2839,32756,327790544,1813,0,0,0
74.2940,32757,327800544,1814,0,0,0
74.3037,32758,327810544,1818,0,0,0
74.3143,32759,327820544,1825,0,0,0
74.3242,32760,327830544,1815,0,0,0
74.3344,32761,327840544,1829,0,0,0
74.3439,32762,327850544,1821,0,0,0
74.3538,32763,327860544,1840,0,0,0
74.3638,32764,327870544,1825,0,0,0
74.3738,32765,327880544,1839,0,0,0
74.3842,32766,327890544,1834,0,0,0
74.3943,32767,327900544,1839,0,0,0
74.4036,32768,327910544,1834,0,0,0
74.4142,32769,327920544,1840,0,0,0
74.4238,32770,327930544,1826,0,0,0
74.4337,32771,327940544,1840,0,0,0
74.4439,32772,327950544,1830,0,0,0
74.4539,32773,327960544,1836,0,0,0
74.4637,32774,327970544,1825,0,0,0
74.4737,32775,327980544,1840,0,0,0
74.4836,32776,327990544,1858,0,0,0
74.4936,32777,328000544,1915,0,0,0
74.5037,32778,328010544,1935,0,0,0
74.5137,32779,328020544,1997,0,0,0
74.5236,32780,328030544,1947,0,0,0
74.5338,32781,328040544,1872,0,0,0
74.5437,32782,328050544,1842,0,0,0
74.5537,32783,328060544,1837,0,0,0
74.5691,32784,328070544,1818,0,0,0
74.5736,32785,328080544,1811,0,0,0
74.5836,32786,328090544,1803,0,0,0
74.5937,32787,328100544,1808,0,0,0
74.6055,32788,328110544,1788,0,0,0
74.6136,32789,328120544,1717,0,0,0
74.6238,32790,328130544,1833,0,0,0
74.6336,32791,328140544,2394,0,0,0
74.6440,32792,328150544,3229,0,0,0
74.6539,32793,328160544,2874,0,0,0
74.6638,32794,328170544,1789,0,0,0
74.6737,32795,328180544,1506,0,0,0
74.6836,32796,328190544,1462,0,0,0
74.6936,32797,328200544,1717,0,0,0
74.7036,32798,328210544,1746,0,0,0
74.7137,32799,328220544,1772,0,0,0
74.7238,32800,328230544,1782,0,0,0
74.7337,32801,328240544,1797,0,0,0
74.7438,32802,328250544,1803,0,0,0
74.7539,32803,328260544,1824,0,0,0
74.7638,32804,328270544,1815,0,0,0
74.7737,32805,328280544,1840,0,0,0
74.7839,32806,328290544,1859,0,0,0
74.7938,32807,328300544,1873,0,0,0
74.8039,32808,328310544,1881,0,0,0
74.8151,32809,328320544,1910,0,0,0
74.8238,32810,328330544,1926,0,0,0
74.8339,32811,328340544,1952,0,0,0
74.8439,32812,328350544,1968,0,0,0
74.8543,32813,328360544,2006,0,0,0
74.8637,32814,328370544,1979,0,0,0
74.8738,32815,328380544,1936,0,0,0
74.8839,32816,328390544,1941,0,0,0
74.8941,32817,328400544,1918,0,0,0
74.9043,32818,328410544,1847,0,0,0
74.9231,32819,328420544,1809,0,0,0
74.9237,32820,328430544,1783,0,0,0
74.9337,32821,328440544,1773,0,0,0
74.9437,32822,328450544,1763,0,0,0
74.9537,32823,328460544,1771,0,0,0
74.9637,32824,328470544,1757,0,0,0
74.9738,32825,328480544,1769,0,0,0
74.9837,32826,328490544,1762,0,0,0
74.9936,32827,328500544,1779,0,0,0
75.0037,32828,328510544,1776,0,0,0
75.0137,32829,328520544,1783,0,0,0
75.0237,32830,328530544,1783,0,0,0
75.0337,32831,328540544,1799,0,0,0
75.0436,32832,328550544,1797,0,0,0
75.0537,32833,328560544,1808,0,0,0
75.0645,32834,328570544,1802,0,0,0
75.0738,32835,328580544,1815,0,0,0
75.0837,32836,328590544,1805,0,0,0
75.0936,32837,328600544,1819,0,0,0
75.1037,32838,328610544,1818,0,0,0
75.1137,32839,328620544,1823,0,0,0
75.1237,32840,328630544,1808,0,0,0
75.1337,32841,328640544,1821,0,0,0
75.1438,32842,328650544,1812,0,0,0
75.1537,32843,328660544,1821,0,0,0
75.1638,32844,328670544,1813,0,0,0
75.1737,32845,328680544,1830,0,0,0
75.1837,32846,328690544,1818,0,0,0
75.1940,32847,328700544,1834,0,0,0
75.2037,32848,328710544,1823,0,0,0
75.2136,32849,328720544,1827,0,0,0
75.2236,32850,328730544,1820,0,0,0
75.2337,32851,328740544,1829,0,0,0
75.2437,32852,328750544,1838,0,0,0
75.2538,32853,328760544,1879,0,0,0
75.2636,32854,328770544,1919,0,0,0
75.2738,32855,328780544,1966,0,0,0
75.2838,32856,328790544,1971,0,0,0
75.2938,32857,328800544,1909,0,0,0
75.3038,32858,328810544,1856,0,0,0
75.3137,32859,328820544,1840,0,0,0
75.3242,32860,328830544,1807,0,0,0
75.3336,32861,328840544,1810,0,0,0
75.3439,32862,328850544,1787,0,0,0
75.3538,32863,328860544,1785,0,0,0
75.3638,32864,328870544,1787,0,0,0
75.3737,32865,328880544,1767,0,0,0
75.3837,32866,328890544,1687,0,0,0
75.3936,32867,328900544,2019,0,0,0
75.4043,32868,328910544,2704,0,0,0
75.4143,32869,328920544,3451,0,0,0
75.4239,32870,328930544,2215,0,0,0
75.4338,32871,328940544,1595,0,0,0
75.4439,32872,328950544,1401,0,0,0
75.4538,32873,328960544,1615,0,0,0
75.4638,32874,328970544,1731,0,0,0
75.4737,32875,328980544,1743,0,0,0
75.4839,32876,328990544,1756,0,0,0
75.4937,32877,329000544,1785,0,0,0
75.5039,32878,329010544,1791,0,0,0
75.5138,32879,329020544,1811,0,0,0
75.5245,32880,329030544,1811,0,0,0
75.5337,32881,329040544,1839,0,0,0
75.5441,32882,329050544,1850,0,0,0
75.5540,32883,329060544,1872,0,0,0
75.5637,32884,329070544,1879,0,0,0
75.5738,32885,329080544,1917,0,0,0
75.5839,32886,329090544,1930,0,0,0
75.5938,32887,329100544,1958,0,0,0
75.6036,32888,329110544,1968,0,0,0
75.6139,32889,329120544,1993,0,0,0
75.6238,32890,329130544,1999,0,0,0
75.6339,32891,329140544,2000,0,0,0
75.6438,32892,329150544,1968,0,0,0
75.6543,32893,329160544,1939,0,0,0
75.6637,32894,329170544,1889,0,0,0
75.6737,32895,329180544,1840,0,0,0
75.6838,32896,329190544,1797,0,0,0
75.6938,32897,329200544,1782,0,0,0
75.7041,32898,329210544,1758,0,0,0
75.7139,32899,329220544,1758,0,0,0
75.7243,32900,329230544,1749,0,0,0
75.7341,32901,329240544,1762,0,0,0
75.7439,32902,329250544,1760,0,0,0
75.7538,32903,329260544,1779,0,0,0
75.7639,32904,329270544,1781,0,0,0
75.7743,32905,329280544,1792,0,0,0
75.7839,32906,329290544,1797,0,0,0
75.7940,32907,329300544,1804,0,0,0
75.8050,32908,329310544,1807,0,0,0
75.8139,32909,329320544,1809,0,0,0
75.8240,32910,329330544,1810,0,0,0
75.8345,32911,329340544,1809,0,0,0
75.8437,32912,329350544,1808,0,0,0
75.8540,32913,329360544,1815,0,0,0
75.8637,32914,329370544,1811,0,0,0
75.8736,32915,329380544,1824,0,0,0
75.8840,32916,329390544,1818,0,0,0
75.8938,32917,329400544,1824,0,0,0
75.9037,32918,329410544,1819,0,0,0
75.9137,32919,329420544,1827,0,0,0
75.9236,32920,329430544,1827,0,0,0
75.9337,32921,329440544,1825,0,0,0
75.9440,32922,329450544,1823,0,0,0
75.9538,32923,329460544,1835,0,0,0
75.9640,32924,329470544,1830,0,0,0
75.9741,32925,329480544,1838,0,0,0
75.9840,32926,329490544,1821,0,0,0
75.9938,32927,329500544,1827,0,0,0
76.0039,32928,329510544,1825,0,0,0
76.0140,32929,329520544,1829,0,0,0
76.0238,32930,329530544,1826,0,0,0
76.0338,32931,329540544,1839,0,0,0
76.0437,32932,329550544,1851,0,0,0
76.0540,32933,329560544,1904,0,0,0
76.0641,32934,329570544,1935,0,0,0
76.0739,32935,329580544,1983,0,0,0
76.0838,32936,329590544,1943,0,0,0
76.0943,32937,329600544,1871,0,0,0
76.1050,32938,329610544,1834,0,0,0
76.1139,32939,329620544,1831,0,0,0
76.1237,32940,329630544,1808,0,0,0
76.1336,32941,329640544,1808,0,0,0
76.1439,32942,329650544,1799,0,0,0
76.1537,32943,329660544,1793,0,0,0
76.1638,32944,329670544,1777,0,0,0
76.1736,32945,329680544,1711,0,0,0
76.1837,32946,329690544,1779,0,0,0
76.1937,32947,329700544,2320,0,0,0
76.2038,32948,329710544,3189,0,0,0
76.2138,32949,329720544,2919,0,0,0
76.2240,32950,329730544,1744,0,0,0
76.2338,32951,329740544,1467,0,0,0
76.2439,32952,329750544,1505,0,0,0
76.2538,32953,329760544,1712,0,0,0
76.2641,32954,329770544,1719,0,0,0
76.2739,32955,329780544,1744,0,0,0
76.2843,32956,329790544,1760,0,0,0
76.2940,32957,329800544,1778,0,0,0
76.3037,32958,329810544,1782,0,0,0
76.3138,32959,329820544,1798,0,0,0
76.3240,32960,329830544,1806,0,0,0
76.3337,32961,329840544,1833,0,0,0
76.3440,32962,329850544,1835,0,0,0
76.3540,32963,329860544,1856,0,0,0
76.3638,32964,329870544,1871,0,0,0
76.3738,32965,329880544,1901,0,0,0
76.3838,32966,329890544,1911,0,0,0
76.3939,32967,329900544,1938,0,0,0
76.4037,32968,329910544,1956,0,0,0
76.4138,32969,329920544,1975,0,0,0
76.4237,32970,329930544,1968,0,0,0
76.4337,32971,329940544,1959,0,0,0
76.4438,32972,329950544,1930,0,0,0
76.4543,32973,329960544,1885,0,0,0
76.4641,32974,329970544,1840,0,0,0
76.4740,32975,329980544,1791,0,0,0
76.4839,32976,329990544,1762,0,0,0
76.4939,32977,330000544,1757,0,0,0
76.5042,32978,330010544,1742,0,0,0
76.5138,32979,330020544,1744,0,0,0
76.5239,32980,330030544,1735,0,0,0
76.5338,32981,330040544,1746,0,0,0
76.5437,32982,330050544,1747,0,0,0
76.5540,32983,330060544,1758,0,0,0
76.5640,32984,330070544,1761,0,0,0
76.5737,32985,330080544,1776,0,0,0
76.5840,32986,330090544,1776,0,0,0
76.5940,32987,330100544,1778,0,0,0
76.6041,32988,330110544,1773,0,0,0
76.6139,32989,330120544,1792,0,0,0
76.6237,32990,330130544,1779,0,0,0
76.6339,32991,330140544,1789,0,0,0
76.6440,32992,330150544,1779,0,0,0
76.6538,32993,330160544,1791,0,0,0
76.6643,32994,330170544,1791,0,0,0
76.6738,32995,330180544,1794,0,0,0
76.6841,32996,330190544,1794,0,0,0
76.6939,32997,330200544,1805,0,0,0
76.7039,32998,330210544,1803,0,0,0
76.7139,32999,330220544,1806,0,0,0
76.7241,33000,330230544,1803,0,0,0
76.7339,33001,330240544,1809,0,0,0
76.7438,33002,330250544,1807,0,0,0
76.7538,33003,330260544,1809,0,0,0
76.7645,33004,330270544,1809,0,0,0
76.7741,33005,330280544,1808,0,0,0
76.7843,33006,330290544,1812,0,0,0
76.7938,33007,330300544,1817,0,0,0
76.8044,33008,330310544,1813,0,0,0
76.8140,33009,330320544,1827,0,0,0
76.8242,33010,330330544,1825,0,0,0
76.8337,33011,330340544,1826,0,0,0
76.8439,33012,330350544,1824,0,0,0
76.8538,33013,330360544,1831,0,0,0
76.8638,33014,330370544,1840,0,0,0
76.8737,33015,330380544,1865,0,0,0
76.8836,33016,330390544,1907,0,0,0
76.8937,33017,330400544,1941,0,0,0
76.9038,33018,330410544,1981,0,0,0
76.9138,33019,330420544,1936,0,0,0
76.9236,33020,330430544,1856,0,0,0
76.9336,33021,330440544,1837,0,0,0
76.9436,33022,330450544,1812,0,0,0
76.9537,33023,330460544,1808,0,0,0
76.9637,33024,330470544,1798,0,0,0
76.9736,33025,330480544,1803,0,0,0
76.9838,33026,330490544,1796,0,0,0
76.9938,33027,330500544,1783,0,0,0
77.0038,33028,330510544,1708,0,0,0
77.0139,33029,330520544,1827,0,0,0
77.0238,33030,330530544,2385,0,0,0
77.0337,33031,330540544,3293,0,0,0
77.0440,33032,330550544,2743,0,0,0
77.0538,33033,330560544,1703,0,0,0
77.0637,33034,330570544,1453,0,0,0
77.0750,33035,330580544,1535,0,0,0
77.0837,33036,330590544,1726,0,0,0
77.0937,33037,330600544,1735,0,0,0
77.1038,33038,330610544,1750,0,0,0
77.1138,33039,330620544,1774,0,0,0
77.1246,33040,330630544,1781,0,0,0
77.1338,33041,330640544,1789,0,0,0
77.1436,33042,330650544,1811,0,0,0
77.1537,33043,330660544,1824,0,0,0
77.1637,33044,330670544,1835,0,0,0
77.1736,33045,330680544,1856,0,0,0
77.1837,33046,330690544,1865,0,0,0
77.1937,33047,330700544,1884,0,0,0
77.2036,33048,330710544,1898,0,0,0
77.2138,33049,330720544,1919,0,0,0
77.2238,33050,330730544,1948,0,0,0
77.2337,33051,330740544,1961,0,0,0
77.2439,33052,330750544,1977,0,0,0
77.2538,33053,330760544,1981,0,0,0
77.2638,33054,330770544,1968,0,0,0
77.2739,33055,330780544,1936,0,0,0
77.2837,33056,330790544,1891,0,0,0
77.2937,33057,330800544,1845,0,0,0
77.3038,33058,330810544,1804,0,0,0
77.3137,33059,330820544,1771,0,0,0
77.3237,33060,330830544,1755,0,0,0
77.3337,33061,330840544,1745,0,0,0
77.3437,33062,330850544,1745,0,0,0
77.3536,33063,330860544,1753,0,0,0
77.3639,33064,330870544,1754,0,0,0
77.3737,33065,330880544,1751,0,0,0
77.3839,33066,330890544,1774,0,0,0
77.3938,33067,330900544,1777,0,0,0
77.4036,33068,330910544,1776,0,0,0
77.4136,33069,330920544,1790,0,0,0
77.4236,33070,330930544,1794,0,0,0
77.4337,33071,330940544,1792,0,0,0
77.4438,33072,330950544,1793,0,0,0
77.4538,33073,330960544,1797,0,0,0
77.4638,33074,330970544,1791,0,0,0
77.4737,33075,330980544,1805,0,0,0
77.4836,33076,330990544,1803,0,0,0
77.4937,33077,331000544,1791,0,0,0
77.5039,33078,331010544,1806,0,0,0
77.5138,33079,331020544,1799,0,0,0
77.5238,33080,331030544,1811,0,0,0
77.5339,33081,331040544,1809,0,0,0
77.5438,33082,331050544,1817,0,0,0
77.5544,33083,331060544,1828,0,0,0
77.5640,33084,331070544,1814,0,0,0
77.5738,33085,331080544,1821,0,0,0
77.5838,33086,331090544,1833,0,0,0
77.5938,33087,331100544,1837,0,0,0
77.6039,33088,331110544,1846,0,0,0
77.6140,33089,331120544,1827,0,0,0
77.6238,33090,331130544,1842,0,0,0
77.6338,33091,331140544,1839,0,0,0
77.6441,33092,331150544,1841,0,0,0
77.6539,33093,331160544,1841,0,0,0
77.6639,33094,331170544,1842,0,0,0
77.6738,33095,331180544,1836,0,0,0
77.6839,33096,331190544,1840,0,0,0
77.6936,33097,331200544,1838,0,0,0
77.7038,33098,331210544,1840,0,0,0
77.7139,33099,331220544,1867,0,0,0
77.7239,33100,331230544,1907,0,0,0
77.7338,33101,331240544,1936,0,0,0
77.7440,33102,331250544,1986,0,0,0
77.7539,33103,331260544,1962,0,0,0
77.7638,33104,331270544,1878,0,0,0
77.7738,33105,331280544,1835,0,0,0
77.7838,33106,331290544,1833,0,0,0
77.7939,33107,331300544,1802,0,0,0
77.8038,33108,331310544,1807,0,0,0
77.8137,33109,331320544,1797,0,0,0
77.8238,33110,331330544,1785,0,0,0
77.8338,33111,331340544,1783,0,0,0
77.8438,33112,331350544,1712,0,0,0
77.8540,33113,331360544,1764,0,0,0
77.8638,33114,331370544,2269,0,0,0
77.8738,33115,331380544,3093,0,0,0
77.8837,33116,331390544,3023,0,0,0
77.8936,33117,331400544,1822,0,0,0
77.9038,33118,331410544,1505,0,0,0
77.9137,33119,331420544,1440,0,0,0
77.9238,33120,331430544,1681,0,0,0
77.9338,33121,331440544,1727,0,0,0
77.9437,33122,331450544,1735,0,0,0
77.9537,33123,331460544,1751,0,0,0
77.9637,33124,331470544,1793,0,0,0
77.9737,33125,331480544,1788,0,0,0
77.9839,33126,331490544,1799,0,0,0
77.9938,33127,331500544,1813,0,0,0
78.0038,33128,331510544,1826,0,0,0
78.0140,33129,331520544,1840,0,0,0
78.0239,33130,331530544,1857,0,0,0
78.0337,33131,331540544,1868,0,0,0
78.0442,33132,331550544,1902,0,0,0
78.0540,33133,331560544,1907,0,0,0
78.0643,33134,331570544,1938,0,0,0
78.0739,33135,331580544,1957,0,0,0
78.0840,33136,331590544,1977,0,0,0
78.0940,33137,331600544,1981,0,0,0
78.1039,33138,331610544,1988,0,0,0
78.1136,33139,331620544,1950,0,0,0
78.1238,33140,331630544,1915,0,0,0
78.1337,33141,331640544,1859,0,0,0
78.1436,33142,331650544,1808,0,0,0
78.1538,33143,331660544,1776,0,0,0
78.1638,33144,331670544,1763,0,0,0
78.1736,33145,331680544,1747,0,0,0
78.1837,33146,331690544,1759,0,0,0
78.1938,33147,331700544,1759,0,0,0
78.2038,33148,331710544,1763,0,0,0
78.2139,33149,331720544,1773,0,0,0
78.2239,33150,331730544,1783,0,0,0
78.2341,33151,331740544,1777,0,0,0
78.2437,33152,331750544,1791,0,0,0
78.2538,33153,331760544,1791,0,0,0
78.2636,33154,331770544,1803,0,0,0
78.2737,33155,331780544,1808,0,0,0
78.2842,33156,331790544,1819,0,0,0
78.2941,33157,331800544,1808,0,0,0
78.3037,33158,331810544,1827,0,0,0
78.3140,33159,331820544,1829,0,0,0
78.3238,33160,331830544,1827,0,0,0
78.3337,33161,331840544,1824,0,0,0
78.3438,33162,331850544,1839,0,0,0
78.3538,33163,331860544,1827,0,0,0
78.3637,33164,331870544,1841,0,0,0
78.3737,33165,331880544,1835,0,0,0
78.3837,33166,331890544,1840,0,0,0
78.3937,33167,331900544,1835,0,0,0
78.4038,33168,331910544,1840,0,0,0
78.4137,33169,331920544,1841,0,0,0
78.4236,33170,331930544,1851,0,0,0
78.4337,33171,331940544,1841,0,0,0
78.4437,33172,331950544,1853,0,0,0
78.4540,33173,331960544,1856,0,0,0
78.4642,33174,331970544,1860,0,0,0
78.4737,33175,331980544,1849,0,0,0
78.4839,33176,331990544,1863,0,0,0
78.4941,33177,332000544,1855,0,0,0
78.5038,33178,332010544,1872,0,0,0
78.5138,33179,332020544,1867,0,0,0
78.5237,33180,332030544,1872,0,0,0
78.5336,33181,332040544,1891,0,0,0
78.5439,33182,332050544,1937,0,0,0
78.5539,33183,332060544,1966,0,0,0
78.5637,33184,332070544,2017,0,0,0
78.5737,33185,332080544,1959,0,0,0
78.5841,33186,332090544,1899,0,0,0
78.5938,33187,332100544,1863,0,0,0
78.6038,33188,332110544,1842,0,0,0
78.6139,33189,332120544,1833,0,0,0
78.6237,33190,332130544,1831,0,0,0
78.6339,33191,332140544,1811,0,0,0
78.6440,33192,332150544,1821,0,0,0
78.6541,33193,332160544,1803,0,0,0
78.6641,33194,332170544,1729,0,0,0
78.6738,33195,332180544,1862,0,0,0
78.6843,33196,332190544,2440,0,0,0
78.6941,33197,332200544,3320,0,0,0
78.7038,33198,332210544,2769,0,0,0
78.7136,33199,332220544,1744,0,0,0
78.7238,33200,332230544,1482,0,0,0
78.7337,33201,332240544,1502,0,0,0
78.7437,33202,332250544,1727,0,0,0
78.7537,33203,332260544,1751,0,0,0
78.7642,33204,332270544,1776,0,0,0
78.7739,33205,332280544,1787,0,0,0
78.7839,33206,332290544,1806,0,0,0
78.7939,33207,332300544,1808,0,0,0
78.8038,33208,332310544,1830,0,0,0
78.8152,33209,332320544,1839,0,0,0
78.8242,33210,332330544,1852,0,0,0
78.8337,33211,332340544,1860,0,0,0
78.8436,33212,332350544,1885,0,0,0
78.8540,33213,332360544,1900,0,0,0
78.8668,33214,332370544,1917,0,0,0
78.8737,33215,332380544,1938,0,0,0
78.8837,33216,332390544,1968,0,0,0
78.8936,33217,332400544,1980,0,0,0
78.9036,33218,332410544,1999,0,0,0
78.9137,33219,332420544,1988,0,0,0
78.9238,33220,332430544,1990,0,0,0
78.9337,33221,332440544,1948,0,0,0
78.9437,33222,332450544,1913,0,0,0
78.9537,33223,332460544,1857,0,0,0
78.9638,33224,332470544,1819,0,0,0
78.9736,33225,332480544,1781,0,0,0
78.9838,33226,332490544,1776,0,0,0
78.9937,33227,332500544,1771,0,0,0
79.0038,33228,332510544,1771,0,0,0
79.0139,33229,332520544,1762,0,0,0
79.0238,33230,332530544,1775,0,0,0
79.0338,33231,332540544,1764,0,0,0
79.0439,33232,332550544,1779,0,0,0
79.0538,33233,332560544,1777,0,0,0
79.0637,33234,332570544,1795,0,0,0
79.0755,33235,332580544,1783,0,0,0
79.0841,33236,332590544,1806,0,0,0
79.0937,33237,332600544,1798,0,0,0
79.1039,33238,332610544,1809,0,0,0
79.1137,33239,332620544,1808,0,0,0
79.1238,33240,332630544,1813,0,0,0
79.1338,33241,332640544,1808,0,0,0
79.1437,33242,332650544,1817,0,0,0
79.1537,33243,332660544,1808,0,0,0
79.1638,33244,332670544,1820,0,0,0
79.1737,33245,332680544,1811,0,0,0
79.1837,33246,332690544,1813,0,0,0
79.1937,33247,332700544,1810,0,0,0
79.2038,33248,332710544,1817,0,0,0
79.2138,33249,332720544,1808,0,0,0
79.2238,33250,332730544,1819,0,0,0
79.2338,33251,332740544,1808,0,0,0
79.2437,33252,332750544,1818,0,0,0
79.2537,33253,332760544,1810,0,0,0
79.2637,33254,332770544,1819,0,0,0
79.2737,33255,332780544,1814,0,0,0
79.2839,33256,332790544,1822,0,0,0
79.2938,33257,332800544,1808,0,0,0
79.3038,33258,332810544,1823,0,0,0
79.3167,33259,332820544,1813,0,0,0
79.3239,33260,332830544,1822,0,0,0
79.3338,33261,332840544,1818,0,0,0
79.3437,33262,332850544,1825,0,0,0
79.3538,33263,332860544,1825,0,0,0
79.3640,33264,332870544,1823,0,0,0
79.3738,33265,332880544,1825,0,0,0
79.3838,33266,332890544,1838,0,0,0
79.3938,33267,332900544,1873,0,0,0
79.4038,33268,332910544,1933,0,0,0
79.4137,33269,332920544,1967,0,0,0
79.4238,33270,332930544,1977,0,0,0
79.4336,33271,332940544,1895,0,0,0
79.4437,33272,332950544,1863,0,0,0
79.4537,33273,332960544,1827,0,0,0
79.4636,33274,332970544,1827,0,0,0
79.4737,33275,332980544,1802,0,0,0
79.4837,33276,332990544,1798,0,0,0
79.4937,33277,333000544,1791,0,0,0
79.5037,33278,333010544,1793,0,0,0
79.5137,33279,333020544,1759,0,0,0
79.5237,33280,333030544,1695,0,0,0
79.5337,33281,333040544,2013,0,0,0
79.5438,33282,333050544,2719,0,0,0
79.5538,33283,333060544,3429,0,0,0
79.5661,33284,333070544,2187,0,0,0
79.5737,33285,333080544,1589,0,0,0
79.5836,33286,333090544,1439,0,0,0
79.5937,33287,333100544,1633,0,0,0
79.6037,33288,333110544,1742,0,0,0
79.6139,33289,333120544,1732,0,0,0
79.6239,33290,333130544,1762,0,0,0
79.6339,33291,333140544,1774,0,0,0
79.6438,33292,333150544,1791,0,0,0
79.6539,33293,333160544,1803,0,0,0
79.6637,33294,333170544,1824,0,0,0
79.6736,33295,333180544,1823,0,0,0
79.6837,33296,333190544,1860,0,0,0
79.6937,33297,333200544,1858,0,0,0
79.7036,33298,333210544,1887,0,0,0
79.7138,33299,333220544,1890,0,0,0
79.7240,33300,333230544,1911,0,0,0
79.7340,33301,333240544,1936,0,0,0
79.7438,33302,333250544,1965,0,0,0
79.7539,33303,333260544,1981,0,0,0
79.7641,33304,333270544,1993,0,0,0
79.7741,33305,333280544,1986,0,0,0
79.7838,33306,333290544,1973,0,0,0
79.7938,33307,333300544,1934,0,0,0
79.8042,33308,333310544,1883,0,0,0
79.8138,33309,333320544,1839,0,0,0
79.8237,33310,333330544,1802,0,0,0
79.8337,33311,333340544,1766,0,0,0
79.8440,33312,333350544,1765,0,0,0
79.8539,33313,333360544,1747,0,0,0
79.8637,33314,333370544,1750,0,0,0
79.8738,33315,333380544,1744,0,0,0
79.8838,33316,333390544,1747,0,0,0
79.8936,33317,333400544,1754,0,0,0
79.9037,33318,333410544,1772,0,0,0
79.9139,33319,333420544,1774,0,0,0
79.9239,33320,333430544,1785,0,0,0
79.9337,33321,333440544,1778,0,0,0
79.9439,33322,333450544,1791,0,0,0
79.9538,33323,333460544,1787,0,0,0
79.9638,33324,333470544,1792,0,0,0
79.9739,33325,333480544,1790,0,0,0
79.9838,33326,333490544,1802,0,0,0
79.9938,33327,333500544,1790,0,0,0
80.0059,33328,333510544,1797,0,0,0
80.0148,33329,333520544,1791,0,0,0
80.0258,33330,333530544,1798,0,0,0
80.0361,33331,333540544,1806,0,0,0
80.0438,33332,333550544,1808,0,0,0
80.0632,33333,333560544,1808,0,0,0
80.0653,33334,333570544,1808,0,0,0
80.0768,33335,333580544,1808,0,0,0
80.0839,33336,333590544,1817,0,0,0
80.0937,33337,333600544,1817,0,0,0
80.1039,33338,333610544,1820,0,0,0
80.1138,33339,333620544,1808,0,0,0
80.1238,33340,333630544,1815,0,0,0
80.1338,33341,333640544,1805,0,0,0
80.1437,33342,333650544,1809,0,0,0
80.1537,33343,333660544,1810,0,0,0
80.1637,33344,333670544,1811,0,0,0
80.1737,33345,333680544,1815,0,0,0
80.1836,33346,333690544,1822,0,0,0
80.1936,33347,333700544,1821,0,0,0
80.2064,33348,333710544,1824,0,0,0
80.2140,33349,333720544,1824,0,0,0
80.2254,33350,333730544,1827,0,0,0
80.2338,33351,333740544,1821,0,0,0
80.2437,33352,333750544,1833,0,0,0
80.2537,33353,333760544,1811,0,0,0
80.2638,33354,333770544,1837,0,0,0
80.2737,33355,333780544,1840,0,0,0
80.2838,33356,333790544,1872,0,0,0
80.2939,33357,333800544,1920,0,0,0
80.3038,33358,333810544,1961,0,0,0
80.3137,33359,333820544,1968,0,0,0
80.3249,33360,333830544,1889,0,0,0
80.3337,33361,333840544,1842,0,0,0
80.3440,33362,333850544,1823,0,0,0
80.3566,33363,333860544,1808,0,0,0
80.3650,33364,333870544,1802,0,0,0
80.3742,33365,333880544,1797,0,0,0
80.3844,33366,333890544,1794,0,0,0
80.3939,33367,333900544,1791,0,0,0
80.4051,33368,333910544,1765,0,0,0
80.4138,33369,333920544,1682,0,0,0
80.4237,33370,333930544,1993,0,0,0
80.4337,33371,333940544,2682,0,0,0
80.4436,33372,333950544,3411,0,0,0
80.4536,33373,333960544,2170,0,0,0
80.4637,33374,333970544,1590,0,0,0
80.4737,33375,333980544,1429,0,0,0
80.4837,33376,333990544,1630,0,0,0
80.4939,33377,334000544,1728,0,0,0
80.5038,33378,334010544,1737,0,0,0
80.5138,33379,334020544,1754,0,0,0
80.5258,33380,334030544,1772,0,0,0
80.5337,33381,334040544,1778,0,0,0
80.5489,33382,334050544,1779,0,0,0
80.5564,33383,334060544,1803,0,0,0
80.5678,33384,334070544,1819,0,0,0
80.5775,33385,334080544,1834,0,0,0
80.5838,33386,334090544,1851,0,0,0
80.5937,33387,334100544,1867,0,0,0
80.6037,33388,334110544,1887,0,0,0
80.6137,33389,334120544,1904,0,0,0
80.6236,33390,334130544,1934,0,0,0
80.6341,33391,334140544,1954,0,0,0
80.6438,33392,334150544,1968,0,0,0
80.6538,33393,334160544,1974,0,0,0
80.6639,33394,334170544,1974,0,0,0
80.6738,33395,334180544,1967,0,0,0
80.6838,33396,334190544,1929,0,0,0
80.7045,33397,334200544,1878,0,0,0
80.7047,33398,334210544,1824,0,0,0
80.7158,33399,334220544,1782,0,0,0
80.7240,33400,334230544,1751,0,0,0
80.7339,33401,334240544,1744,0,0,0
80.7493,33402,334250544,1734,0,0,0
80.7538,33403,334260544,1737,0,0,0
80.7638,33404,334270544,1729,0,0,0
80.7738,33405,334280544,1744,0,0,0
80.7839,33406,334290544,1746,0,0,0
80.7939,33407,334300544,1749,0,0,0
80.8037,33408,334310544,1763,0,0,0
80.8152,33409,334320544,1773,0,0,0
80.8247,33410,334330544,1771,0,0,0
80.8337,33411,334340544,1775,0,0,0
80.8437,33412,334350544,1781,0,0,0
80.8540,33413,334360544,1797,0,0,0
80.8638,33414,334370544,1788,0,0,0
80.8738,33415,334380544,1797,0,0,0
80.8839,33416,334390544,1799,0,0,0
80.8937,33417,334400544,1801,0,0,0
80.9036,33418,334410544,1799,0,0,0
80.9137,33419,334420544,1803,0,0,0
80.9237,33420,334430544,1797,0,0,0
80.9337,33421,334440544,1805,0,0,0
80.9437,33422,334450544,1806,0,0,0
80.9537,33423,334460544,1814,0,0,0
80.9638,33424,334470544,1809,0,0,0
80.9738,33425,334480544,1818,0,0,0
80.9838,33426,334490544,1814,0,0,0
80.9937,33427,334500544,1821,0,0,0
81.0038,33428,334510544,1819,0,0,0
81.0138,33429,334520544,1824,0,0,0
81.0237,33430,334530544,1824,0,0,0
81.0339,33431,334540544,1824,0,0,0
81.0439,33432,334550544,1829,0,0,0
81.0539,33433,334560544,1831,0,0,0
81.0639,33434,334570544,1823,0,0,0
81.0737,33435,334580544,1834,0,0,0
81.0847,33436,334590544,1826,0,0,0
81.0938,33437,334600544,1833,0,0,0
81.1038,33438,334610544,1831,0,0,0
81.1136,33439,334620544,1830,0,0,0
81.1236,33440,334630544,1830,0,0,0
81.1337,33441,334640544,1840,0,0,0
81.1436,33442,334650544,1837,0,0,0
81.1538,33443,334660544,1846,0,0,0
81.1637,33444,334670544,1863,0,0,0
81.1736,33445,334680544,1905,0,0,0
81.1838,33446,334690544,1933,0,0,0
81.1939,33447,334700544,1991,0,0,0
81.2037,33448,334710544,1942,0,0,0
81.2139,33449,334720544,1871,0,0,0
81.2238,33450,334730544,1841,0,0,0
81.2336,33451,334740544,1835,0,0,0
81.2437,33452,334750544,1813,0,0,0
81.2538,33453,334760544,1820,0,0,0
81.2637,33454,334770544,1808,0,0,0
81.2739,33455,334780544,1807,0,0,0
81.2839,33456,334790544,1802,0,0,0
81.2939,33457,334800544,1727,0,0,0
81.3040,33458,334810544,1811,0,0,0
81.3142,33459,334820544,2358,0,0,0
81.3244,33460,334830544,3234,0,0,0
81.3337,33461,334840544,2878,0,0,0
81.3436,33462,334850544,1776,0,0,0
81.3537,33463,334860544,1502,0,0,0
81.3640,33464,334870544,1488,0,0,0
81.3737,33465,334880544,1718,0,0,0
81.3836,33466,334890544,1750,0,0,0
81.3937,33467,334900544,1771,0,0,0
81.4036,33468,334910544,1778,0,0,0
81.4137,33469,334920544,1798,0,0,0
81.4238,33470,334930544,1807,0,0,0
81.4337,33471,334940544,1821,0,0,0
81.4438,33472,334950544,1829,0,0,0
81.4537,33473,334960544,1853,0,0,0
81.4637,33474,334970544,1857,0,0,0
81.4737,33475,334980544,1885,0,0,0
81.4838,33476,334990544,1895,0,0,0
81.4937,33477,335000544,1923,0,0,0
81.5036,33478,335010544,1935,0,0,0
81.5137,33479,335020544,1966,0,0,0
81.5236,33480,335030544,1980,0,0,0
81.5337,33481,335040544,2005,0,0,0
81.5438,33482,335050544,2000,0,0,0
81.5537,33483,335060544,2001,0,0,0
81.5643,33484,335070544,1968,0,0,0
81.5738,33485,335080544,1931,0,0,0
81.5837,33486,335090544,1871,0,0,0
81.5937,33487,335100544,1839,0,0,0
81.6038,33488,335110544,1789,0,0,0
81.6137,33489,335120544,1781,0,0,0
81.6238,33490,335130544,1766,0,0,0
81.6337,33491,335140544,1776,0,0,0
81.6439,33492,335150544,1773,0,0,0
81.6539,33493,335160544,1781,0,0,0
81.6639,33494,335170544,1779,0,0,0
81.6737,33495,335180544,1795,0,0,0
81.6837,33496,335190544,1806,0,0,0
81.6939,33497,335200544,1821,0,0,0
81.7037,33498,335210544,1811,0,0,0
81.7136,33499,335220544,1824,0,0,0
81.7238,33500,335230544,1811,0,0,0
81.7337,33501,335240544,1831,0,0,0
81.7438,33502,335250544,1822,0,0,0
81.7539,33503,335260544,1831,0,0,0
81.7638,33504,335270544,1820,0,0,0
81.7737,33505,335280544,1829,0,0,0
81.7838,33506,335290544,1814,0,0,0
81.7937,33507,335300544,1826,0,0,0
81.8036,33508,335310544,1814,0,0,0
81.8148,33509,335320544,1825,0,0,0
81.8236,33510,335330544,1814,0,0,0
81.8336,33511,335340544,1826,0,0,0
81.8439,33512,335350544,1815,0,0,0
81.8538,33513,335360544,1826,0,0,0
81.8639,33514,335370544,1817,0,0,0
81.8738,33515,335380544,1831,0,0,0
81.8837,33516,335390544,1827,0,0,0
81.8936,33517,335400544,1831,0,0,0
81.9039,33518,335410544,1822,0,0,0
81.9136,33519,335420544,1837,0,0,0
81.9237,33520,335430544,1825,0,0,0
81.9338,33521,335440544,1839,0,0,0
81.9437,33522,335450544,1830,0,0,0
81.9537,33523,335460544,1842,0,0,0
81.9638,33524,335470544,1829,0,0,0
81.9738,33525,335480544,1846,0,0,0
81.9838,33526,335490544,1835,0,0,0
81.9938,33527,335500544,1840,0,0,0
82.0036,33528,335510544,1838,0,0,0
82.0136,33529,335520544,1847,0,0,0
82.0239,33530,335530544,1840,0,0,0
82.0337,33531,335540544,1872,0,0,0
82.0440,33532,335550544,1904,0,0,0
82.0539,33533,335560544,1949,0,0,0
82.0639,33534,335570544,1985,0,0,0
82.0737,33535,335580544,1952,0,0,0
82.0837,33536,335590544,1862,0,0,0
82.0937,33537,335600544,1850,0,0,0
82.1036,33538,335610544,1823,0,0,0
82.1139,33539,335620544,1821,0,0,0
82.1237,33540,335630544,1804,0,0,0
82.1336,33541,335640544,1808,0,0,0
82.1438,33542,335650544,1796,0,0,0
82.1536,33543,335660544,1795,0,0,0
82.1637,33544,335670544,1712,0,0,0
82.1737,33545,335680544,1807,0,0,0
82.1837,33546,335690544,2336,0,0,0
82.1938,33547,335700544,3228,0,0,0
82.2038,33548,335710544,2863,0,0,0
82.2137,33549,335720544,1741,0,0,0
82.2238,33550,335730544,1457,0,0,0
82.2337,33551,335740544,1510,0,0,0
82.2439,33552,335750544,1699,0,0,0
82.2540,33553,335760544,1735,0,0,0
82.2638,33554,335770544,1737,0,0,0
82.2737,33555,335780544,1765,0,0,0
82.2837,33556,335790544,1774,0,0,0
82.2939,33557,335800544,1798,0,0,0
82.3038,33558,335810544,1803,0,0,0
82.3168,33559,335820544,1829,0,0,0
82.3236,33560,335830544,1830,0,0,0
82.3339,33561,335840544,1853,0,0,0
82.3438,33562,335850544,1856,0,0,0
82.3537,33563,335860544,1885,0,0,0
82.3638,33564,335870544,1893,0,0,0
82.3736,33565,335880544,1935,0,0,0
82.3837,33566,335890544,1951,0,0,0
82.3937,33567,335900544,1989,0,0,0
82.4037,33568,335910544,1997,0,0,0
82.4137,33569,335920544,2010,0,0,0
82.4236,33570,335930544,1993,0,0,0
82.4336,33571,335940544,1975,0,0,0
82.4439,33572,335950544,1919,0,0,0
82.4538,33573,335960544,1873,0,0,0
82.4637,33574,335970544,1814,0,0,0
82.4738,33575,335980544,1781,0,0,0
82.4837,33576,335990544,1759,0,0,0
82.4940,33577,336000544,1756,0,0,0
82.5037,33578,336010544,1745,0,0,0
82.5136,33579,336020544,1757,0,0,0
82.5235,33580,336030544,1746,0,0,0
82.5338,33581,336040544,1763,0,0,0
82.5441,33582,336050544,1759,0,0,0
82.5537,33583,336060544,1767,0,0,0
82.5640,33584,336070544,1771,0,0,0
82.5737,33585,336080544,1792,0,0,0
82.5836,33586,336090544,1790,0,0,0
82.5937,33587,336100544,1803,0,0,0
82.6039,33588,336110544,1795,0,0,0
82.6143,33589,336120544,1808,0,0,0
82.6238,33590,336130544,1798,0,0,0
82.6336,33591,336140544,1808,0,0,0
82.6438,33592,336150544,1805,0,0,0
82.6536,33593,336160544,1807,0,0,0
82.6637,33594,336170544,1807,0,0,0
82.6737,33595,336180544,1811,0,0,0
82.6836,33596,336190544,1808,0,0,0
82.6936,33597,336200544,1819,0,0,0
82.7036,33598,336210544,1817,0,0,0
82.7138,33599,336220544,1826,0,0,0
82.7238,33600,336230544,1824,0,0,0
82.7336,33601,336240544,1824,0,0,0
82.7439,33602,336250544,1813,0,0,0
82.7537,33603,336260544,1827,0,0,0
82.7636,33604,336270544,1826,0,0,0
82.7736,33605,336280544,1834,0,0,0
82.7838,33606,336290544,1834,0,0,0
82.7936,33607,336300544,1833,0,0,0
82.8040,33608,336310544,1834,0,0,0
82.8135,33609,336320544,1839,0,0,0
82.8237,33610,336330544,1834,0,0,0
82.8337,33611,336340544,1837,0,0,0
82.8438,33612,336350544,1829,0,0,0
82.8537,33613,336360544,1840,0,0,0
82.8638,33614,336370544,1840,0,0,0
82.8737,33615,336380544,1843,0,0,0
82.8836,33616,336390544,1840,0,0,0
82.8936,33617,336400544,1870,0,0,0
82.9036,33618,336410544,1914,0,0,0
82.9137,33619,336420544,1951,0,0,0
82.9237,33620,336430544,1990,0,0,0
82.9336,33621,336440544,1936,0,0,0
82.9436,33622,336450544,1861,0,0,0
82.9539,33623,336460544,1839,0,0,0
82.9637,33624,336470544,1807,0,0,0
82.9737,33625,336480544,1803,0,0,0
82.9837,33626,336490544,1788,0,0,0
82.9939,33627,336500544,1789,0,0,0
83.0036,33628,336510544,1786,0,0,0
83.0136,33629,336520544,1779,0,0,0
83.0236,33630,336530544,1701,0,0,0
83.0337,33631,336540544,1805,0,0,0
83.0437,33632,336550544,2333,0,0,0
83.0537,33633,336560544,3200,0,0,0
83.0637,33634,336570544,2825,0,0,0
83.0736,33635,336580544,1744,0,0,0
83.0837,33636,336590544,1462,0,0,0
83.0938,33637,336600544,1509,0,0,0
83.1036,33638,336610544,1709,0,0,0
83.1136,33639,336620544,1734,0,0,0
83.1236,33640,336630544,1744,0,0,0
83.1337,33641,336640544,1773,0,0,0
83.1437,33642,336650544,1776,0,0,0
83.1537,33643,336660544,1791,0,0,0
83.1637,33644,336670544,1794,0,0,0
83.1737,33645,336680544,1823,0,0,0
83.1837,33646,336690544,1827,0,0,0
83.1937,33647,336700544,1845,0,0,0
83.2036,33648,336710544,1856,0,0,0
83.2139,33649,336720544,1872,0,0,0
83.2237,33650,336730544,1890,0,0,0
83.2337,33651,336740544,1917,0,0,0
83.2439,33652,336750544,1943,0,0,0
83.2538,33653,336760544,1979,0,0,0
83.2638,33654,336770544,1983,0,0,0
83.2737,33655,336780544,2006,0,0,0
83.2842,33656,336790544,1993,0,0,0
83.2946,33657,336800544,1966,0,0,0
83.3038,33658,336810544,1910,0,0,0
83.3143,33659,336820544,1867,0,0,0
83.3239,33660,336830544,1820,0,0,0
83.3337,33661,336840544,1767,0,0,0
83.3437,33662,336850544,1737,0,0,0
83.3537,33663,336860544,1755,0,0,0
83.3638,33664,336870544,1741,0,0,0
83.3737,33665,336880544,1740,0,0,0
83.3837,33666,336890544,1743,0,0,0
83.3938,33667,336900544,1759,0,0,0
83.4040,33668,336910544,1758,0,0,0
83.4137,33669,336920544,1758,0,0,0
83.4239,33670,336930544,1767,0,0,0
83.4344,33671,336940544,1776,0,0,0
83.4437,33672,336950544,1777,0,0,0
83.4538,33673,336960544,1779,0,0,0
83.4637,33674,336970544,1793,0,0,0
83.4737,33675,336980544,1803,0,0,0
83.4840,33676,336990544,1798,0,0,0
83.4941,33677,337000544,1809,0,0,0
83.5039,33678,337010544,1799,0,0,0
83.5143,33679,337020544,1808,0,0,0
83.5238,33680,337030544,1803,0,0,0
83.5339,33681,337040544,1816,0,0,0
83.5439,33682,337050544,1837,0,0,0
83.5537,33683,337060544,1830,0,0,0
83.5637,33684,337070544,1820,0,0,0
83.5764,33685,337080544,1830,0,0,0
83.5838,33686,337090544,1840,0,0,0
83.5937,33687,337100544,1837,0,0,0
83.6038,33688,337110544,1827,0,0,0
83.6138,33689,337120544,1840,0,0,0
83.6236,33690,337130544,1841,0,0,0
83.6338,33691,337140544,1840,0,0,0
83.6437,33692,337150544,1835,0,0,0
83.6538,33693,337160544,1846,0,0,0
83.6638,33694,337170544,1847,0,0,0
83.6737,33695,337180544,1849,0,0,0
83.6838,33696,337190544,1847,0,0,0
83.6938,33697,337200544,1855,0,0,0
83.7037,33698,337210544,1850,0,0,0
83.7137,33699,337220544,1883,0,0,0
83.7238,33700,337230544,1915,0,0,0
83.7337,33701,337240544,1952,0,0,0
83.7438,33702,337250544,2005,0,0,0
83.7537,33703,337260544,1963,0,0,0
83.7639,33704,337270544,1885,0,0,0
83.7738,33705,337280544,1860,0,0,0
83.7837,33706,337290544,1823,0,0,0
83.7936,33707,337300544,1824,0,0,0
83.8048,33708,337310544,1813,0,0,0
83.8137,33709,337320544,1809,0,0,0
83.8237,33710,337330544,1808,0,0,0
83.8337,33711,337340544,1802,0,0,0
83.8439,33712,337350544,1743,0,0,0
83.8537,33713,337360544,1803,0,0,0
83.8638,33714,337370544,2331,0,0,0
83.8738,33715,337380544,3179,0,0,0
83.8836,33716,337390544,2975,0,0,0
83.8938,33717,337400544,1833,0,0,0
83.9038,33718,337410544,1535,0,0,0
83.9137,33719,337420544,1455,0,0,0
83.9237,33720,337430544,1691,0,0,0
83.9338,33721,337440544,1756,0,0,0
83.9440,33722,337450544,1759,0,0,0
83.9536,33723,337460544,1777,0,0,0
83.9639,33724,337470544,1807,0,0,0
83.9736,33725,337480544,1819,0,0,0
83.9836,33726,337490544,1811,0,0,0
83.9938,33727,337500544,1837,0,0,0
84.0037,33728,337510544,1837,0,0,0
84.0137,33729,337520544,1855,0,0,0
84.0237,33730,337530544,1871,0,0,0
84.0336,33731,337540544,1886,0,0,0
84.0437,33732,337550544,1895,0,0,0
84.0552,33733,337560544,1929,0,0,0
84.0636,33734,337570544,1954,0,0,0
84.0739,33735,337580544,1975,0,0,0
84.0841,33736,337590544,1986,0,0,0
84.0937,33737,337600544,2007,0,0,0
84.1042,33738,337610544,1999,0,0,0
84.1141,33739,337620544,1967,0,0,0
84.1238,33740,337630544,1919,0,0,0
84.1336,33741,337640544,1873,0,0,0
84.1441,33742,337650544,1827,0,0,0
84.1537,33743,337660544,1791,0,0,0
84.1638,33744,337670544,1762,0,0,0
84.1739,33745,337680544,1747,0,0,0
84.1837,33746,337690544,1766,0,0,0
84.1939,33747,337700544,1758,0,0,0
84.2037,33748,337710544,1758,0,0,0
84.2137,33749,337720544,1760,0,0,0
84.2238,33750,337730544,1766,0,0,0
84.2337,33751,337740544,1771,0,0,0
84.2437,33752,337750544,1775,0,0,0
84.2538,33753,337760544,1780,0,0,0
84.2637,33754,337770544,1790,0,0,0
84.2737,33755,337780544,1778,0,0,0
84.2837,33756,337790544,1787,0,0,0
84.2938,33757,337800544,1799,0,0,0
84.3038,33758,337810544,1808,0,0,0
84.3149,33759,337820544,1808,0,0,0
84.3237,33760,337830544,1808,0,0,0
84.3337,33761,337840544,1814,0,0,0
84.3439,33762,337850544,1824,0,0,0
84.3538,33763,337860544,1815,0,0,0
84.3637,33764,337870544,1825,0,0,0
84.3739,33765,337880544,1827,0,0,0
84.3838,33766,337890544,1824,0,0,0
84.3941,33767,337900544,1827,0,0,0
84.4039,33768,337910544,1831,0,0,0
84.4137,33769,337920544,1825,0,0,0
84.4239,33770,337930544,1840,0,0,0
84.4338,33771,337940544,1835,0,0,0
84.4436,33772,337950544,1840,0,0,0
84.4538,33773,337960544,1840,0,0,0
84.4638,33774,337970544,1839,0,0,0
84.4738,33775,337980544,1841,0,0,0
84.4838,33776,337990544,1870,0,0,0
84.4937,33777,338000544,1907,0,0,0
84.5038,33778,338010544,1936,0,0,0
84.5139,33779,338020544,1995,0,0,0
84.5238,33780,338030544,1982,0,0,0
84.5337,33781,338040544,1894,0,0,0
84.5437,33782,338050544,1863,0,0,0
84.5540,33783,338060544,1834,0,0,0
84.5672,33784,338070544,1823,0,0,0
84.5737,33785,338080544,1806,0,0,0
84.5839,33786,338090544,1803,0,0,0
84.5947,33787,338100544,1791,0,0,0
84.6037,33788,338110544,1793,0,0,0
84.6138,33789,338120544,1746,0,0,0
84.6238,33790,338130544,1702,0,0,0
84.6345,33791,338140544,2071,0,0,0
84.6437,33792,338150544,2783,0,0,0
84.6537,33793,338160544,3357,0,0,0
84.6638,33794,338170544,2101,0,0,0
84.6738,33795,338180544,1582,0,0,0
84.6838,33796,338190544,1394,0,0,0
84.6938,33797,338200544,1615,0,0,0
84.7039,33798,338210544,1741,0,0,0
84.7138,33799,338220544,1735,0,0,0
84.7238,33800,338230544,1766,0,0,0
84.7342,33801,338240544,1776,0,0,0
84.7438,33802,338250544,1794,0,0,0
84.7538,33803,338260544,1800,0,0,0
84.7640,33804,338270544,1812,0,0,0
84.7737,33805,338280544,1831,0,0,0
84.7838,33806,338290544,1851,0,0,0
84.7937,33807,338300544,1856,0,0,0
84.8040,33808,338310544,1877,0,0,0
84.8151,33809,338320544,1890,0,0,0
84.8237,33810,338330544,1919,0,0,0
84.8338,33811,338340544,1936,0,0,0
84.8437,33812,338350544,1968,0,0,0
84.8537,33813,338360544,1987,0,0,0
84.8637,33814,338370544,1999,0,0,0
84.8737,33815,338380544,1984,0,0,0
84.8838,33816,338390544,1968,0,0,0
84.8937,33817,338400544,1920,0,0,0
84.9038,33818,338410544,1881,0,0,0
84.9137,33819,338420544,1812,0,0,0
84.9237,33820,338430544,1783,0,0,0
84.9336,33821,338440544,1755,0,0,0
84.9438,33822,338450544,1751,0,0,0
84.9537,33823,338460544,1745,0,0,0
84.9637,33824,338470544,1751,0,0,0
84.9737,33825,338480544,1746,0,0,0
84.9840,33826,338490544,1762,0,0,0
84.9938,33827,338500544,1755,0,0,0
85.0038,33828,338510544,1776,0,0,0
85.0137,33829,338520544,1776,0,0,0
85.0237,33830,338530544,1789,0,0,0
85.0339,33831,338540544,1776,0,0,0
85.0437,33832,338550544,1801,0,0,0
85.0537,33833,338560544,1795,0,0,0
85.0650,33834,338570544,1808,0,0,0
85.0749,33835,338580544,1808,0,0,0
85.0838,33836,338590544,1811,0,0,0
85.0939,33837,338600544,1808,0,0,0
85.1037,33838,338610544,1813,0,0,0
85.1137,33839,338620544,1799,0,0,0
85.1240,33840,338630544,1808,0,0,0
85.1337,33841,338640544,1808,0,0,0
85.1438,33842,338650544,1819,0,0,0
85.1539,33843,338660544,1799,0,0,0
85.1636,33844,338670544,1809,0,0,0
85.1736,33845,338680544,1810,0,0,0
85.1839,33846,338690544,1817,0,0,0
85.1937,33847,338700544,1809,0,0,0
85.2037,33848,338710544,1818,0,0,0
85.2144,33849,338720544,1811,0,0,0
85.2243,33850,338730544,1825,0,0,0
85.2338,33851,338740544,1815,0,0,0
85.2439,33852,338750544,1831,0,0,0
85.2539,33853,338760544,1827,0,0,0
85.2638,33854,338770544,1835,0,0,0
85.2740,33855,338780544,1823,0,0,0
85.2839,33856,338790544,1829,0,0,0
85.2938,33857,338800544,1824,0,0,0
85.3040,33858,338810544,1861,0,0,0
85.3144,33859,338820544,1907,0,0,0
85.3236,33860,338830544,1952,0,0,0
85.3341,33861,338840544,1987,0,0,0
85.3447,33862,338850544,1962,0,0,0
85.3560,33863,338860544,1874,0,0,0
85.3638,33864,338870544,1862,0,0,0
85.3737,33865,338880544,1829,0,0,0
85.3837,33866,338890544,1833,0,0,0
85.3976,33867,338900544,1809,0,0,0
85.4038,33868,338910544,1809,0,0,0
85.4137,33869,338920544,1802,0,0,0
85.4237,33870,338930544,1805,0,0,0
85.4336,33871,338940544,1743,0,0,0
85.4437,33872,338950544,1773,0,0,0
85.4537,33873,338960544,2231,0,0,0
85.4637,33874,338970544,3045,0,0,0
85.4736,33875,338980544,3127,0,0,0
85.4838,33876,338990544,1854,0,0,0
85.4936,33877,339000544,1487,0,0,0
85.5036,33878,339010544,1498,0,0,0
85.5138,33879,339020544,1712,0,0,0
85.5238,33880,339030544,1751,0,0,0
85.5337,33881,339040544,1746,0,0,0
85.5438,33882,339050544,1776,0,0,0
85.5538,33883,339060544,1787,0,0,0
85.5682,33884,339070544,1798,0,0,0
85.5738,33885,339080544,1808,0,0,0
85.5838,33886,339090544,1823,0,0,0
85.5938,33887,339100544,1837,0,0,0
85.6039,33888,339110544,1856,0,0,0
85.6138,33889,339120544,1861,0,0,0
85.6274,33890,339130544,1888,0,0,0
85.6340,33891,339140544,1907,0,0,0
85.6438,33892,339150544,1937,0,0,0
85.6579,33893,339160544,1954,0,0,0
85.6675,33894,339170544,1982,0,0,0
85.6737,33895,339180544,1997,0,0,0
85.6837,33896,339190544,2013,0,0,0
85.6937,33897,339200544,2000,0,0,0
85.7036,33898,339210544,1981,0,0,0
85.7138,33899,339220544,1926,0,0,0
85.7240,33900,339230544,1879,0,0,0
85.7337,33901,339240544,1822,0,0,0
85.7439,33902,339250544,1791,0,0,0
85.7540,33903,339260544,1766,0,0,0
85.7639,33904,339270544,1759,0,0,0
85.7738,33905,339280544,1749,0,0,0
85.7840,33906,339290544,1749,0,0,0
85.7939,33907,339300544,1752,0,0,0
85.8038,33908,339310544,1766,0,0,0
85.8168,33909,339320544,1758,0,0,0
85.8238,33910,339330544,1771,0,0,0
85.8338,33911,339340544,1776,0,0,0
85.8440,33912,339350544,1786,0,0,0
85.8539,33913,339360544,1783,0,0,0
85.8637,33914,339370544,1799,0,0,0
85.8738,33915,339380544,1802,0,0,0
85.8846,33916,339390544,1808,0,0,0
85.8938,33917,339400544,1808,0,0,0
85.9040,33918,339410544,1814,0,0,0
85.9139,33919,339420544,1809,0,0,0
85.9237,33920,339430544,1818,0,0,0
85.9340,33921,339440544,1805,0,0,0
85.9437,33922,339450544,1817,0,0,0
85.9537,33923,339460544,1808,0,0,0
85.9637,33924,339470544,1814,0,0,0
85.9738,33925,339480544,1811,0,0,0
85.9836,33926,339490544,1818,0,0,0
85.9937,33927,339500544,1810,0,0,0
86.0036,33928,339510544,1823,0,0,0
86.0137,33929,339520544,1819,0,0,0
86.0238,33930,339530544,1823,0,0,0
86.0337,33931,339540544,1813,0,0,0
86.0438,33932,339550544,1829,0,0,0
86.0539,33933,339560544,1822,0,0,0
86.0642,33934,339570544,1826,0,0,0
86.0737,33935,339580544,1825,0,0,0
86.0837,33936,339590544,1833,0,0,0
86.0938,33937,339600544,1824,0,0,0
86.1037,33938,339610544,1835,0,0,0
86.1138,33939,339620544,1829,0,0,0
86.1238,33940,339630544,1840,0,0,0
86.1337,33941,339640544,1838,0,0,0
86.1440,33942,339650544,1846,0,0,0
86.1539,33943,339660544,1839,0,0,0
86.1637,33944,339670544,1841,0,0,0
86.1737,33945,339680544,1839,0,0,0
