pc_time_s,seq,t_us,ecg_adc,lo_plus,lo_minus,lead_off
0.3631,0,231557,0,0,0,0
0.3718,1,241551,4095,1,1,1
0.3816,2,251551,0,0,0,0
0.3919,3,261551,4095,1,1,1
0.4018,4,271551,0,0,0,0
0.4119,5,281551,4095,1,1,1
0.4216,6,291551,0,0,0,0
0.4319,7,301551,4095,1,1,1
0.4415,8,311551,0,0,0,0
0.4519,9,321551,4095,1,1,1
0.4632,10,331551,0,0,0,0
0.4723,11,341551,4095,1,1,1
0.4826,12,351551,0,0,0,0
0.4920,13,361551,4095,1,1,1
0.5017,14,371551,0,0,0,0
0.5119,15,381551,4095,1,1,1
0.5220,16,391551,0,0,0,0
0.5320,17,401551,4095,1,1,1
0.5418,18,411551,0,0,0,0
0.5520,19,421551,4095,1,1,1
0.5681,20,431551,0,0,0,0
0.5772,21,441551,4095,1,1,1
0.5843,22,451551,0,0,0,0
0.6033,23,461551,4095,1,1,1
0.6037,24,471551,0,0,0,0
0.6171,25,481551,4095,1,1,1
0.6347,26,491551,0,0,0,0
0.6352,27,501551,4095,1,1,1
0.6417,28,511551,0,0,0,0
0.6519,29,521551,4095,1,1,1
0.6652,30,531551,0,0,0,0
0.6808,31,541551,4095,1,1,1
0.6816,32,551551,0,0,0,0
0.6920,33,561551,4095,1,1,1
0.7072,34,571551,0,0,0,0
0.7146,35,581551,4095,1,1,1
0.7224,36,591551,0,0,0,0
0.7322,37,601551,4095,1,1,1
0.7416,38,611551,0,0,0,0
0.7519,39,621551,4095,1,0,1
0.7616,40,631551,0,0,0,0
0.7719,41,641551,4095,1,1,1
0.7817,42,651551,0,0,0,0
0.7919,43,661551,4095,1,0,1
0.8016,44,671551,0,0,0,0
0.8119,45,681551,4095,1,0,1
0.8216,46,691551,0,0,0,0
0.8319,47,701551,4095,1,1,1
0.8416,48,711551,0,0,0,0
0.8519,49,721551,2928,1,0,1
0.8618,50,731551,0,0,0,0
0.8720,51,741551,2913,1,0,1
0.8817,52,751551,0,0,0,0
0.8920,53,761551,4066,1,0,1
0.9018,54,771551,0,0,0,0
0.9119,55,781551,4080,1,1,1
0.9218,56,791551,0,0,0,0
0.9320,57,801551,4095,1,1,1
0.9417,58,811551,0,0,0,0
0.9519,59,821551,2913,1,0,1
0.9618,60,831551,0,0,0,0
0.9719,61,841551,2912,1,0,1
0.9817,62,851551,0,0,0,0
0.9919,63,861551,2895,1,0,1
1.0016,64,871551,0,0,0,0
1.0120,65,881551,4011,1,0,1
1.0218,66,891551,0,0,0,0
1.0320,67,901551,2898,1,1,1
1.0417,68,911551,0,0,0,0
1.0520,69,921551,2853,1,0,1
1.0617,70,931551,0,0,0,0
1.0719,71,941551,2867,1,0,1
1.0817,72,951551,0,0,0,0
1.0919,73,961551,2849,1,0,1
1.1018,74,971551,0,0,0,0
1.1119,75,981551,2864,1,0,1
1.1218,76,991551,0,0,0,0
1.1319,77,1001551,2845,1,0,1
1.1418,78,1011551,0,0,0,0
1.1520,79,1021551,2807,1,0,1
1.1618,80,1031551,0,0,0,0
1.1719,81,1041551,2781,1,0,1
1.1817,82,1051551,0,0,0,0
1.1919,83,1061551,2752,1,0,1
1.2017,84,1071551,0,0,0,0
1.2120,85,1081551,2717,1,0,1
1.2217,86,1091551,0,0,0,0
1.2320,87,1101551,2699,1,0,1
1.2419,88,1111551,0,0,0,0
1.2520,89,1121551,2666,1,0,1
1.2619,90,1131551,0,0,0,0
1.2721,91,1141551,2640,1,0,1
1.2819,92,1151551,0,0,0,0
1.2921,93,1161551,2626,1,0,1
1.3021,94,1171551,0,0,0,0
1.3121,95,1181551,2591,1,0,1
1.3219,96,1191551,0,0,0,0
1.3321,97,1201551,2559,1,0,1
1.3418,98,1211551,0,0,0,0
1.3520,99,1221551,2559,1,0,1
1.3620,100,1231551,11,0,0,0
1.3722,101,1241551,2522,1,0,1
1.3820,102,1251551,36,0,0,0
1.3921,103,1261551,2479,1,0,1
1.4020,104,1271551,75,0,0,0
1.4121,105,1281551,2418,1,0,1
1.4221,106,1291551,131,0,0,0
1.4322,107,1301551,2354,1,0,1
1.4420,108,1311551,157,0,0,0
1.4523,109,1321551,2304,1,0,1
1.4621,110,1331551,179,0,0,0
1.4722,111,1341551,2222,1,0,1
1.4822,112,1351551,225,0,0,0
1.4921,113,1361551,2171,1,0,1
1.5021,114,1371551,284,0,0,0
1.5122,115,1381551,2129,0,0,0
1.5220,116,1391551,345,0,0,0
1.5322,117,1401551,2047,1,0,1
1.5420,118,1411551,434,0,0,0
1.5522,119,1421551,1942,1,0,1
1.5621,120,1431551,501,0,0,0
1.5722,121,1441551,1857,0,0,0
1.5821,122,1451551,558,0,0,0
1.5922,123,1461551,1783,1,0,1
1.6021,124,1471551,612,0,0,0
1.6123,125,1481551,1702,0,0,0
1.6221,126,1491551,681,0,0,0
1.6322,127,1501551,1578,0,0,0
1.6420,128,1511551,771,0,0,0
1.6522,129,1521551,1485,0,0,0
1.6621,130,1531551,880,0,0,0
1.6722,131,1541551,1323,0,0,0
1.6820,132,1551551,997,0,0,0
1.6921,133,1561551,1252,0,0,0
1.7022,134,1571551,1103,0,0,0
1.7121,135,1581551,1062,0,0,0
1.7222,136,1591551,1225,0,0,0
1.7321,137,1601551,946,0,0,0
1.7422,138,1611551,1348,0,0,0
1.7520,139,1621551,763,0,0,0
1.7621,140,1631551,1535,0,0,0
1.7721,141,1641551,620,0,0,0
1.7821,142,1651551,1683,0,0,0
1.7920,143,1661551,429,0,0,0
1.8021,144,1671551,1825,0,0,0
1.8120,145,1681551,259,0,0,0
1.8221,146,1691551,1960,0,0,0
1.8321,147,1701551,145,0,0,0
1.8422,148,1711551,2066,0,0,0
1.8520,149,1721551,21,0,0,0
1.8620,150,1731551,2159,1,0,1
1.8718,151,1741551,0,0,0,0
1.8822,152,1751551,2218,1,0,1
1.8918,153,1761551,0,0,0,0
1.9021,154,1771551,2326,1,0,1
1.9118,155,1781551,0,0,0,0
1.9221,156,1791551,2457,1,0,1
1.9318,157,1801551,0,0,0,0
1.9420,158,1811551,2609,1,0,1
1.9518,159,1821551,0,0,0,0
1.9621,160,1831551,2724,1,0,1
1.9720,161,1841551,0,0,0,0
1.9821,162,1851551,2823,1,0,1
1.9918,163,1861551,0,0,0,0
2.0022,164,1871551,2911,1,0,1
2.0118,165,1881551,0,0,0,0
2.0221,166,1891551,3009,1,0,1
2.0320,167,1901551,0,0,0,0
2.0424,168,1911551,3134,1,0,1
2.0520,169,1921551,0,0,0,0
2.0623,170,1931551,3310,1,0,1
2.0720,171,1941551,0,0,0,0
2.0821,172,1951551,3472,1,0,1
2.0920,173,1961551,0,0,0,0
2.1022,174,1971551,3583,1,0,1
2.1118,175,1981551,0,0,0,0
2.1221,176,1991551,3760,1,0,1
2.1319,177,2001551,0,0,0,0
2.1421,178,2011551,3920,1,0,1
2.1518,179,2021551,0,0,0,0
2.1622,180,2031551,4095,1,0,1
2.1718,181,2041551,0,0,0,0
2.1821,182,2051551,4095,1,0,1
2.1919,183,2061551,0,0,0,0
2.2021,184,2071551,4095,1,0,1
2.2119,185,2081551,0,0,0,0
2.2221,186,2091551,4095,1,0,1
2.2319,187,2101551,0,0,0,0
2.2421,188,2111551,4095,1,0,1
2.2518,189,2121551,0,0,0,0
2.2620,190,2131551,4095,1,0,1
2.2718,191,2141551,0,0,0,0
2.2821,192,2151551,4095,1,0,1
2.2918,193,2161551,0,0,0,0
2.3021,194,2171551,4095,1,0,1
2.3119,195,2181551,0,0,0,0
2.3222,196,2191551,4095,1,0,1
2.3318,197,2201551,0,0,0,0
2.3425,198,2211551,4095,1,0,1
2.3521,199,2221551,0,0,0,0
2.3624,200,2231551,4095,1,0,1
2.3720,201,2241551,0,0,0,0
2.3823,202,2251551,4095,1,0,1
2.3921,203,2261551,0,0,0,0
2.4022,204,2271551,4095,1,0,1
2.4123,205,2281551,0,0,0,0
2.4221,206,2291551,4095,1,0,1
2.4322,207,2301551,0,0,0,0
2.4423,208,2311551,4095,1,0,1
2.4521,209,2321551,0,0,0,0
2.4624,210,2331551,4095,1,0,1
2.4719,211,2341551,0,0,0,0
2.4821,212,2351551,4095,1,0,1
2.4919,213,2361551,0,0,0,0
2.5022,214,2371551,4095,1,0,1
2.5118,215,2381551,0,0,0,0
2.5222,216,2391551,4095,1,0,1
2.5318,217,2401551,0,0,0,0
2.5425,218,2411551,4095,1,0,1
2.5520,219,2421551,0,0,0,0
2.5622,220,2431551,4095,1,0,1
2.5720,221,2441551,0,0,0,0
2.5825,222,2451551,4095,1,0,1
2.5919,223,2461551,0,0,0,0
2.6023,224,2471551,4095,1,0,1
2.6122,225,2481551,0,0,0,0
2.6224,226,2491551,4095,1,0,1
2.6319,227,2501551,0,0,0,0
2.6424,228,2511551,4095,1,0,1
2.6519,229,2521551,0,0,0,0
2.6622,230,2531551,4095,1,0,1
2.6721,231,2541551,0,0,0,0
2.6824,232,2551551,4095,1,0,1
2.6922,233,2561551,0,0,0,0
2.7025,234,2571551,4095,1,0,1
2.7120,235,2581551,0,0,0,0
2.7223,236,2591551,4095,1,0,1
2.7321,237,2601551,0,0,0,0
2.7422,238,2611551,4095,1,0,1
2.7518,239,2621551,0,0,0,0
2.7621,240,2631551,4095,1,0,1
2.7720,241,2641551,0,0,0,0
2.7822,242,2651551,4095,1,0,1
2.7921,243,2661551,0,0,0,0
2.8021,244,2671551,4095,1,0,1
2.8121,245,2681551,0,0,0,0
2.8221,246,2691551,4095,1,0,1
2.8318,247,2701551,0,0,0,0
2.8422,248,2711551,4095,1,0,1
2.8522,249,2721551,0,0,0,0
2.8622,250,2731551,4095,1,0,1
2.8718,251,2741551,0,0,0,0
2.8825,252,2751551,4095,1,0,1
2.8921,253,2761551,0,0,0,0
2.9023,254,2771551,4095,1,0,1
2.9118,255,2781551,0,0,0,0
2.9222,256,2791551,4095,1,0,1
2.9321,257,2801551,0,0,0,0
2.9422,258,2811551,4095,1,0,1
2.9521,259,2821551,0,0,0,0
2.9621,260,2831551,4095,1,0,1
2.9719,261,2841551,0,0,0,0
2.9821,262,2851551,4095,1,0,1
2.9921,263,2861551,0,0,0,0
3.0023,264,2871551,4095,1,0,1
3.0120,265,2881551,0,0,0,0
3.0222,266,2891551,4095,1,0,1
3.0320,267,2901551,0,0,0,0
3.0422,268,2911551,4095,1,0,1
3.0518,269,2921551,0,0,0,0
3.0623,270,2931551,4095,1,0,1
3.0721,271,2941551,0,0,0,0
3.0822,272,2951551,4095,1,0,1
3.0924,273,2961551,0,0,0,0
3.1022,274,2971551,4095,1,0,1
3.1120,275,2981551,0,0,0,0
3.1222,276,2991551,4095,1,0,1
3.1319,277,3001551,0,0,0,0
3.1421,278,3011551,4095,1,0,1
3.1518,279,3021551,0,0,0,0
3.1621,280,3031551,4095,1,0,1
3.1719,281,3041551,0,0,0,0
3.1820,282,3051551,4095,1,0,1
3.1918,283,3061551,0,0,0,0
3.2022,284,3071551,4095,1,0,1
3.2118,285,3081551,0,0,0,0
3.2222,286,3091551,4095,1,0,1
3.2318,287,3101551,0,0,0,0
3.2422,288,3111551,4095,1,0,1
3.2522,289,3121551,0,0,0,0
3.2622,290,3131551,4095,1,0,1
3.2720,291,3141551,0,0,0,0
3.2821,292,3151551,4095,1,0,1
3.2919,293,3161551,0,0,0,0
3.3023,294,3171551,4095,1,0,1
3.3119,295,3181551,0,0,0,0
3.3223,296,3191551,4095,1,0,1
3.3319,297,3201551,0,0,0,0
3.3422,298,3211551,4095,1,0,1
3.3520,299,3221551,0,0,0,0
3.3621,300,3231551,4095,1,0,1
3.3719,301,3241551,0,0,0,0
3.3823,302,3251551,4095,1,0,1
3.3921,303,3261551,0,0,0,0
3.4026,304,3271551,4095,1,0,1
3.4119,305,3281551,0,0,0,0
3.4224,306,3291551,4095,1,0,1
3.4319,307,3301551,0,0,0,0
3.4425,308,3311551,4095,1,0,1
3.4521,309,3321551,0,0,0,0
3.4621,310,3331551,4095,1,0,1
3.4721,311,3341551,0,0,0,0
3.4824,312,3351551,4095,1,0,1
3.4918,313,3361551,0,0,0,0
3.5024,314,3371551,4095,1,0,1
3.5119,315,3381551,0,0,0,0
3.5222,316,3391551,4095,1,0,1
3.5320,317,3401551,0,0,0,0
3.5421,318,3411551,4095,1,0,1
3.5525,319,3421551,0,0,0,0
3.5622,320,3431551,4095,1,0,1
3.5721,321,3441551,0,0,0,0
3.5821,322,3451551,4095,1,0,1
3.5922,323,3461551,0,0,0,0
3.6021,324,3471551,4095,1,0,1
3.6119,325,3481551,0,0,0,0
3.6221,326,3491551,4095,1,0,1
3.6321,327,3501551,0,0,0,0
3.6421,328,3511551,4095,1,0,1
3.6522,329,3521551,0,0,0,0
3.6622,330,3531551,4095,1,0,1
3.6720,331,3541551,0,0,0,0
3.6821,332,3551551,4095,1,0,1
3.6921,333,3561551,0,0,0,0
3.7021,334,3571551,4095,1,0,1
3.7120,335,3581551,0,0,0,0
3.7224,336,3591551,4095,1,0,1
3.7321,337,3601551,0,0,0,0
3.7423,338,3611551,4095,1,0,1
3.7518,339,3621551,0,0,0,0
3.7622,340,3631551,4095,1,0,1
3.7721,341,3641551,0,0,0,0
3.7824,342,3651551,4095,1,0,1
3.7924,343,3661551,0,0,0,0
3.8023,344,3671551,4095,1,0,1
3.8121,345,3681551,0,0,0,0
3.8222,346,3691551,4095,1,0,1
3.8319,347,3701551,0,0,0,0
3.8421,348,3711551,4095,1,0,1
3.8522,349,3721551,0,0,0,0
3.8624,350,3731551,4095,1,0,1
3.8722,351,3741551,0,0,0,0
3.8822,352,3751551,4095,1,0,1
3.8921,353,3761551,0,0,0,0
3.9022,354,3771551,4095,1,0,1
3.9120,355,3781551,0,0,0,0
3.9223,356,3791551,4095,1,0,1
3.9319,357,3801551,0,0,0,0
3.9423,358,3811551,4095,1,0,1
3.9520,359,3821551,0,0,0,0
3.9628,360,3831551,4095,1,0,1
3.9722,361,3841551,0,0,0,0
3.9821,362,3851551,4095,1,0,1
3.9921,363,3861551,0,0,0,0
4.0024,364,3871551,4095,1,0,1
4.0119,365,3881551,0,0,0,0
4.0223,366,3891551,4095,1,0,1
4.0322,367,3901551,0,0,0,0
4.0427,368,3911551,4095,1,0,1
4.0520,369,3921551,0,0,0,0
4.0622,370,3931551,4095,1,0,1
4.0721,371,3941551,0,0,0,0
4.0821,372,3951551,4095,1,0,1
4.0919,373,3961551,0,0,0,0
4.1021,374,3971551,4095,1,0,1
4.1120,375,3981551,0,0,0,0
4.1225,376,3991551,4095,1,0,1
4.1318,377,4001551,0,0,0,0
4.1426,378,4011551,4095,1,0,1
4.1519,379,4021551,0,0,0,0
4.1622,380,4031551,4095,1,0,1
4.1719,381,4041551,0,0,0,0
4.1821,382,4051551,4095,1,0,1
4.1920,383,4061551,0,0,0,0
4.2024,384,4071551,4095,1,0,1
4.2122,385,4081551,0,0,0,0
4.2226,386,4091551,4095,1,0,1
4.2328,387,4101551,0,0,0,0
4.2422,388,4111551,4095,1,0,1
4.2521,389,4121551,0,0,0,0
4.2623,390,4131551,4095,1,0,1
4.2720,391,4141551,0,0,0,0
4.2822,392,4151551,4095,1,0,1
4.2919,393,4161551,0,0,0,0
4.3021,394,4171551,4095,1,0,1
4.3118,395,4181551,0,0,0,0
4.3222,396,4191551,4095,1,0,1
4.3319,397,4201551,0,0,0,0
4.3426,398,4211551,4095,1,0,1
4.3521,399,4221551,0,0,0,0
4.3623,400,4231551,4095,1,0,1
4.3720,401,4241551,0,0,0,0
4.3822,402,4251551,4095,1,0,1
4.3920,403,4261551,0,0,0,0
4.4024,404,4271551,4095,1,0,1
4.4120,405,4281551,0,0,0,0
4.4230,406,4291551,4095,1,0,1
4.4319,407,4301551,0,0,0,0
4.4430,408,4311551,4095,1,0,1
4.4519,409,4321551,0,0,0,0
4.4621,410,4331551,4095,1,0,1
4.4724,411,4341551,0,0,0,0
4.4823,412,4351551,4095,1,0,1
4.4922,413,4361551,0,0,0,0
4.5021,414,4371551,4095,1,0,1
4.5121,415,4381551,0,0,0,0
4.5221,416,4391551,4095,1,0,1
4.5321,417,4401551,0,0,0,0
4.5422,418,4411551,4095,1,0,1
4.5520,419,4421551,0,0,0,0
4.5623,420,4431551,4095,1,0,1
4.5720,421,4441551,0,0,0,0
4.5823,422,4451551,4095,1,0,1
4.5921,423,4461551,0,0,0,0
4.6021,424,4471551,4095,1,1,1
4.6119,425,4481551,0,0,0,0
4.6223,426,4491551,4095,1,0,1
4.6321,427,4501551,0,0,0,0
4.6423,428,4511551,4095,1,1,1
4.6518,429,4521551,0,0,0,0
4.6622,430,4531551,4095,1,1,1
4.6719,431,4541551,0,0,0,0
4.6822,432,4551551,4095,1,1,1
4.6921,433,4561551,0,0,0,0
4.7022,434,4571551,4095,1,1,1
4.7118,435,4581551,0,0,0,0
4.7225,436,4591551,4095,1,1,1
4.7321,437,4601551,0,0,0,0
4.7424,438,4611551,4095,1,1,1
4.7526,439,4621551,0,0,0,0
4.7625,440,4631551,4095,1,1,1
4.7718,441,4641551,0,0,0,0
4.7821,442,4651551,4095,1,1,1
4.7923,443,4661551,0,0,0,0
4.8024,444,4671551,4095,1,1,1
4.8121,445,4681551,0,0,0,0
4.8223,446,4691551,4095,1,1,1
4.8320,447,4701551,0,0,0,0
4.8421,448,4711551,4095,1,1,1
4.8519,449,4721551,0,0,0,0
4.8623,450,4731551,4095,1,1,1
4.8721,451,4741551,0,0,0,0
4.8821,452,4751551,4095,1,1,1
4.8920,453,4761551,0,0,0,0
4.9021,454,4771551,4095,1,1,1
4.9120,455,4781551,0,0,0,0
4.9225,456,4791551,4095,1,1,1
4.9323,457,4801551,0,0,0,0
4.9422,458,4811551,4095,1,1,1
4.9521,459,4821551,0,0,0,0
4.9623,460,4831551,4095,1,1,1
4.9723,461,4841551,0,0,0,0
4.9823,462,4851551,4095,1,1,1
4.9922,463,4861551,0,0,0,0
5.0022,464,4871551,4095,1,1,1
5.0122,465,4881551,0,0,0,0
5.0221,466,4891551,4095,1,1,1
5.0320,467,4901551,0,0,0,0
5.0424,468,4911551,4095,1,1,1
5.0520,469,4921551,0,0,0,0
5.0622,470,4931551,4095,1,1,1
5.0722,471,4941551,0,0,0,0
5.0826,472,4951551,4095,1,1,1
5.0933,473,4961551,0,0,0,0
5.1022,474,4971551,4095,1,1,1
5.1121,475,4981551,0,0,0,0
5.1221,476,4991551,4095,1,1,1
5.1319,477,5001551,0,0,0,0
5.1422,478,5011551,4095,1,1,1
5.1520,479,5021551,0,0,0,0
5.1621,480,5031551,4095,1,1,1
5.1723,481,5041551,0,0,0,0
5.1822,482,5051551,4095,1,1,1
5.1922,483,5061551,0,0,0,0
5.2023,484,5071551,4095,1,1,1
5.2119,485,5081551,0,0,0,0
5.2221,486,5091551,4095,1,1,1
5.2320,487,5101551,0,0,0,0
5.2421,488,5111551,4095,1,1,1
5.2520,489,5121551,0,0,0,0
5.2622,490,5131551,4095,1,1,1
5.2718,491,5141551,0,0,0,0
5.2823,492,5151551,4095,1,1,1
5.2923,493,5161551,0,0,0,0
5.3024,494,5171551,4095,1,1,1
5.3121,495,5181551,0,0,0,0
5.3221,496,5191551,4095,1,1,1
5.3318,497,5201551,0,0,0,0
5.3420,498,5211551,4095,1,1,1
5.3518,499,5221551,0,0,0,0
5.3621,500,5231551,4095,1,1,1
5.3719,501,5241551,0,0,0,0
5.3822,502,5251551,4095,1,1,1
5.3919,503,5261551,0,0,0,0
5.4021,504,5271551,4095,1,1,1
5.4122,505,5281551,0,0,0,0
5.4223,506,5291551,4095,1,1,1
5.4321,507,5301551,0,0,0,0
5.4423,508,5311551,4095,1,1,1
5.4527,509,5321551,0,0,0,0
5.4623,510,5331551,4095,1,1,1
5.4721,511,5341551,0,0,0,0
5.4823,512,5351551,4095,1,1,1
5.4925,513,5361551,0,0,0,0
5.5023,514,5371551,4095,1,1,1
5.5121,515,5381551,0,0,0,0
5.5224,516,5391551,4095,1,1,1
5.5322,517,5401551,0,0,0,0
5.5424,518,5411551,4095,1,1,1
5.5520,519,5421551,0,0,0,0
5.5622,520,5431551,4095,1,1,1
5.5723,521,5441551,0,0,0,0
5.5821,522,5451551,4095,1,1,1
5.5921,523,5461551,0,0,0,0
5.6022,524,5471551,4095,1,1,1
5.6121,525,5481551,0,0,0,0
5.6221,526,5491551,4095,1,1,1
5.6321,527,5501551,0,0,0,0
5.6423,528,5511551,4095,1,1,1
5.6521,529,5521551,0,0,0,0
5.6622,530,5531551,4095,1,1,1
5.6719,531,5541551,0,0,0,0
5.6822,532,5551551,4095,1,1,1
5.6921,533,5561551,0,0,0,0
5.7021,534,5571551,4095,1,1,1
5.7121,535,5581551,0,0,0,0
5.7221,536,5591551,4095,1,1,1
5.7319,537,5601551,0,0,0,0
5.7421,538,5611551,4095,1,1,1
5.7522,539,5621551,0,0,0,0
5.7623,540,5631551,4095,1,1,1
5.7720,541,5641551,0,0,0,0
5.7824,542,5651551,4095,1,1,1
5.7924,543,5661551,0,0,0,0
5.8023,544,5671551,4095,1,1,1
5.8120,545,5681551,0,0,0,0
5.8220,546,5691551,4095,1,1,1
5.8322,547,5701551,0,0,0,0
5.8421,548,5711551,4095,1,1,1
5.8522,549,5721551,0,0,0,0
5.8627,550,5731551,4095,1,1,1
5.8721,551,5741551,0,0,0,0
5.8821,552,5751551,4095,1,1,1
5.8925,553,5761551,0,0,0,0
5.9023,554,5771551,4095,1,1,1
5.9126,555,5781551,0,0,0,0
5.9221,556,5791551,4095,1,1,1
5.9321,557,5801551,0,0,0,0
5.9423,558,5811551,4095,1,1,1
5.9522,559,5821551,0,0,0,0
5.9621,560,5831551,4095,1,0,1
5.9723,561,5841551,0,0,0,0
5.9821,562,5851551,4095,1,1,1
5.9920,563,5861551,0,0,0,0
6.0021,564,5871551,4095,1,1,1
6.0121,565,5881551,0,0,0,0
6.0222,566,5891551,4095,1,1,1
6.0323,567,5901551,0,0,0,0
6.0422,568,5911551,4095,1,1,1
6.0519,569,5921551,0,0,0,0
6.0623,570,5931551,4095,1,1,1
6.0720,571,5941551,0,0,0,0
6.0823,572,5951551,4071,1,0,1
6.0919,573,5961551,0,0,0,0
6.1021,574,5971551,2896,1,0,1
6.1122,575,5981551,0,0,0,0
6.1223,576,5991551,2911,1,1,1
6.1322,577,6001551,0,0,0,0
6.1423,578,6011551,3993,1,0,1
6.1523,579,6021551,0,0,0,0
6.1621,580,6031551,4076,1,1,1
6.1722,581,6041551,0,0,0,0
6.1822,582,6051551,4078,1,1,1
6.1921,583,6061551,0,0,0,0
6.2021,584,6071551,4053,1,0,1
6.2120,585,6081551,0,0,0,0
6.2229,586,6091551,2863,1,0,1
6.2320,587,6101551,0,0,0,0
6.2425,588,6111551,2877,1,0,1
6.2518,589,6121551,0,0,0,0
6.2621,590,6131551,2867,1,0,1
6.2719,591,6141551,0,0,0,0
6.2821,592,6151551,3941,1,1,1
6.2927,593,6161551,0,0,0,0
6.3022,594,6171551,2843,1,0,1
6.3121,595,6181551,0,0,0,0
6.3221,596,6191551,2850,1,0,1
6.3321,597,6201551,0,0,0,0
6.3423,598,6211551,2843,1,0,1
6.3520,599,6221551,0,0,0,0
6.3622,600,6231551,2803,1,0,1
6.3719,601,6241551,0,0,0,0
6.3821,602,6251551,2800,1,0,1
6.3919,603,6261551,0,0,0,0
6.4022,604,6271551,2800,1,0,1
6.4119,605,6281551,0,0,0,0
6.4221,606,6291551,2779,1,0,1
6.4320,607,6301551,0,0,0,0
6.4421,608,6311551,2761,1,0,1
6.4519,609,6321551,0,0,0,0
6.4623,610,6331551,2810,1,0,1
6.4720,611,6341551,0,0,0,0
6.4821,612,6351551,2736,1,0,1
6.4926,613,6361551,0,0,0,0
6.5024,614,6371551,2741,1,0,1
6.5121,615,6381551,0,0,0,0
6.5224,616,6391551,2750,1,0,1
6.5320,617,6401551,0,0,0,0
6.5421,618,6411551,2709,1,0,1
6.5521,619,6421551,0,0,0,0
6.5621,620,6431551,2722,1,0,1
6.5721,621,6441551,0,0,0,0
6.5825,622,6451551,2682,1,0,1
6.5923,623,6461551,0,0,0,0
6.6023,624,6471551,2672,1,0,1
6.6120,625,6481551,0,0,0,0
6.6221,626,6491551,2655,1,0,1
6.6320,627,6501551,0,0,0,0
6.6422,628,6511551,2624,1,0,1
6.6519,629,6521551,0,0,0,0
6.6621,630,6531551,2602,1,0,1
6.6721,631,6541551,0,0,0,0
6.6823,632,6551551,2549,1,0,1
6.6919,633,6561551,0,0,0,0
6.7026,634,6571551,2559,1,0,1
6.7121,635,6581551,18,0,0,0
6.7221,636,6591551,2527,1,0,1
6.7321,637,6601551,40,0,0,0
6.7426,638,6611551,2450,1,0,1
6.7520,639,6621551,48,0,0,0
6.7622,640,6631551,2462,1,0,1
6.7721,641,6641551,86,0,0,0
6.7821,642,6651551,2373,1,0,1
6.7921,643,6661551,125,0,0,0
6.8023,644,6671551,2347,1,0,1
6.8123,645,6681551,150,0,0,0
6.8223,646,6691551,2306,1,0,1
6.8321,647,6701551,169,0,0,0
6.8426,648,6711551,2235,1,0,1
6.8521,649,6721551,208,0,0,0
6.8623,650,6731551,2160,1,0,1
6.8722,651,6741551,258,0,0,0
6.8822,652,6751551,2096,1,0,1
6.8921,653,6761551,306,0,0,0
6.9028,654,6771551,2064,1,0,1
6.9123,655,6781551,378,0,0,0
6.9224,656,6791551,1983,0,0,0
6.9323,657,6801551,439,0,0,0
6.9423,658,6811551,1904,0,0,0
6.9521,659,6821551,486,0,0,0
6.9622,660,6831551,1845,1,0,1
6.9720,661,6841551,537,0,0,0
6.9821,662,6851551,1767,0,0,0
6.9923,663,6861551,591,0,0,0
7.0023,664,6871551,1709,0,0,0
7.0124,665,6881551,651,0,0,0
7.0223,666,6891551,1645,0,0,0
7.0320,667,6901551,717,0,0,0
7.0423,668,6911551,1564,0,0,0
7.0523,669,6921551,793,0,0,0
7.0622,670,6931551,1468,1,0,1
7.0720,671,6941551,893,0,0,0
7.0821,672,6951551,1313,0,0,0
7.0926,673,6961551,1015,0,0,0
7.1022,674,6971551,1117,0,0,0
7.1124,675,6981551,1142,0,0,0
7.1222,676,6991551,1040,0,0,0
7.1323,677,7001551,1264,0,0,0
7.1422,678,7011551,913,0,0,0
7.1524,679,7021551,1329,0,0,0
7.1621,680,7031551,811,0,0,0
7.1723,681,7041551,1470,0,0,0
7.1823,682,7051551,663,0,0,0
7.1922,683,7061551,1597,0,0,0
7.2020,684,7071551,506,0,0,0
7.2121,685,7081551,1734,0,0,0
7.2222,686,7091551,342,0,0,0
7.2325,687,7101551,1872,0,0,0
7.2421,688,7111551,196,0,0,0
7.2522,689,7121551,1961,0,0,0
7.2621,690,7131551,116,0,0,0
7.2722,691,7141551,2055,0,0,0
7.2823,692,7151551,2,0,0,0
7.2921,693,7161551,2131,1,0,1
7.3018,694,7171551,0,0,0,0
7.3123,695,7181551,2201,1,0,1
7.3218,696,7191551,0,0,0,0
7.3322,697,7201551,2259,1,0,1
7.3418,698,7211551,0,0,0,0
7.3521,699,7221551,2309,1,0,1
7.3619,700,7231551,0,0,0,0
7.3723,701,7241551,2402,1,0,1
7.3822,702,7251551,0,0,0,0
7.3924,703,7261551,2511,1,0,1
7.4023,704,7271551,0,0,0,0
7.4122,705,7281551,2636,1,0,1
7.4218,706,7291551,0,0,0,0
7.4323,707,7301551,2718,1,0,1
7.4423,708,7311551,0,0,0,0
7.4521,709,7321551,2800,1,0,1
7.4618,710,7331551,0,0,0,0
7.4723,711,7341551,2881,1,0,1
7.4820,712,7351551,0,0,0,0
7.4923,713,7361551,2945,1,0,1
7.5018,714,7371551,0,0,0,0
7.5120,715,7381551,3017,1,0,1
7.5218,716,7391551,0,0,0,0
7.5320,717,7401551,3141,1,0,1
7.5418,718,7411551,0,0,0,0
7.5521,719,7421551,3234,1,0,1
7.5620,720,7431551,0,0,0,0
7.5722,721,7441551,3427,1,0,1
7.5819,722,7451551,0,0,0,0
7.5921,723,7461551,3518,1,0,1
7.6020,724,7471551,0,0,0,0
7.6121,725,7481551,3646,1,0,1
7.6218,726,7491551,0,0,0,0
7.6323,727,7501551,3778,1,0,1
7.6420,728,7511551,0,0,0,0
7.6523,729,7521551,3897,1,0,1
7.6621,730,7531551,0,0,0,0
7.6723,731,7541551,4029,1,0,1
7.6819,732,7551551,0,0,0,0
7.6923,733,7561551,4095,1,0,1
7.7022,734,7571551,0,0,0,0
7.7122,735,7581551,4095,1,0,1
7.7218,736,7591551,0,0,0,0
7.7322,737,7601551,4095,1,0,1
7.7420,738,7611551,0,0,0,0
7.7522,739,7621551,4095,1,0,1
7.7619,740,7631551,0,0,0,0
7.7721,741,7641551,4095,1,0,1
7.7820,742,7651551,0,0,0,0
7.7922,743,7661551,4095,1,0,1
7.8019,744,7671551,0,0,0,0
7.8122,745,7681551,4095,1,0,1
7.8219,746,7691551,0,0,0,0
7.8322,747,7701551,4095,1,0,1
7.8419,748,7711551,0,0,0,0
7.8522,749,7721551,4095,1,0,1
7.8619,750,7731551,0,0,0,0
7.8722,751,7741551,4095,1,0,1
7.8819,752,7751551,0,0,0,0
7.8922,753,7761551,4095,1,0,1
7.9020,754,7771551,0,0,0,0
7.9121,755,7781551,4095,1,0,1
7.9222,756,7791551,0,0,0,0
7.9321,757,7801551,4095,1,0,1
7.9427,758,7811551,0,0,0,0
7.9522,759,7821551,4095,1,0,1
7.9621,760,7831551,0,0,0,0
7.9721,761,7841551,4095,1,0,1
7.9818,762,7851551,0,0,0,0
7.9922,763,7861551,4095,1,0,1
8.0020,764,7871551,0,0,0,0
8.0122,765,7881551,4095,1,0,1
8.0222,766,7891551,0,0,0,0
8.0321,767,7901551,4095,1,0,1
8.0423,768,7911551,0,0,0,0
8.0523,769,7921551,4095,1,0,1
8.0622,770,7931551,0,0,0,0
8.0721,771,7941551,4095,1,0,1
8.0821,772,7951551,0,0,0,0
8.0921,773,7961551,4095,1,0,1
8.1020,774,7971551,0,0,0,0
8.1121,775,7981551,4095,1,0,1
8.1221,776,7991551,0,0,0,0
8.1325,777,8001551,4095,1,0,1
8.1419,778,8011551,0,0,0,0
8.1521,779,8021551,4095,1,0,1
8.1620,780,8031551,0,0,0,0
8.1722,781,8041551,4095,1,0,1
8.1818,782,8051551,0,0,0,0
8.1922,783,8061551,4095,1,0,1
8.2020,784,8071551,0,0,0,0
8.2121,785,8081551,4095,1,0,1
8.2219,786,8091551,0,0,0,0
8.2321,787,8101551,4095,1,0,1
8.2423,788,8111551,0,0,0,0
8.2521,789,8121551,4095,1,0,1
8.2620,790,8131551,0,0,0,0
8.2723,791,8141551,4095,1,0,1
8.2819,792,8151551,0,0,0,0
8.2924,793,8161551,4095,1,0,1
8.3020,794,8171551,0,0,0,0
8.3121,795,8181551,4095,1,0,1
8.3220,796,8191551,0,0,0,0
8.3321,797,8201551,4095,1,0,1
8.3420,798,8211551,0,0,0,0
8.3521,799,8221551,4095,1,0,1
8.3621,800,8231551,0,0,0,0
8.3724,801,8241551,4095,1,0,1
8.3819,802,8251551,0,0,0,0
8.3921,803,8261551,4095,1,0,1
8.4021,804,8271551,0,0,0,0
8.4122,805,8281551,4095,1,0,1
8.4221,806,8291551,0,0,0,0
8.4325,807,8301551,4095,1,0,1
8.4427,808,8311551,0,0,0,0
8.4521,809,8321551,4095,1,0,1
8.4620,810,8331551,0,0,0,0
8.4724,811,8341551,4095,1,0,1
8.4824,812,8351551,0,0,0,0
8.4923,813,8361551,4095,1,0,1
8.5019,814,8371551,0,0,0,0
8.5124,815,8381551,4095,1,0,1
8.5223,816,8391551,0,0,0,0
8.5321,817,8401551,4095,1,0,1
8.5420,818,8411551,0,0,0,0
8.5522,819,8421551,4095,1,0,1
8.5620,820,8431551,0,0,0,0
8.5724,821,8441551,4095,1,0,1
8.5822,822,8451551,0,0,0,0
8.5921,823,8461551,4095,1,0,1
8.6019,824,8471551,0,0,0,0
8.6122,825,8481551,4095,1,0,1
8.6219,826,8491551,0,0,0,0
8.6322,827,8501551,4095,1,0,1
8.6421,828,8511551,0,0,0,0
8.6523,829,8521551,4095,1,0,1
8.6619,830,8531551,0,0,0,0
8.6723,831,8541551,4095,1,0,1
8.6822,832,8551551,0,0,0,0
8.6923,833,8561551,4095,1,0,1
8.7019,834,8571551,0,0,0,0
8.7123,835,8581551,4095,1,0,1
8.7222,836,8591551,0,0,0,0
8.7322,837,8601551,4095,1,0,1
8.7420,838,8611551,0,0,0,0
8.7521,839,8621551,4095,1,0,1
8.7621,840,8631551,0,0,0,0
8.7723,841,8641551,4095,1,0,1
8.7824,842,8651551,0,0,0,0
8.7928,843,8661551,4095,1,0,1
8.8019,844,8671551,0,0,0,0
8.8122,845,8681551,4095,1,0,1
8.8221,846,8691551,0,0,0,0
8.8323,847,8701551,4095,1,0,1
8.8421,848,8711551,0,0,0,0
8.8521,849,8721551,4095,1,0,1
8.8619,850,8731551,0,0,0,0
8.8721,851,8741551,4095,1,0,1
8.8821,852,8751551,0,0,0,0
8.8924,853,8761551,4095,1,0,1
8.9019,854,8771551,0,0,0,0
8.9122,855,8781551,4095,1,0,1
8.9220,856,8791551,0,0,0,0
8.9321,857,8801551,4095,1,0,1
8.9421,858,8811551,0,0,0,0
8.9527,859,8821551,4095,1,0,1
8.9621,860,8831551,0,0,0,0
8.9724,861,8841551,4095,1,0,1
8.9820,862,8851551,0,0,0,0
8.9923,863,8861551,4095,1,0,1
9.0022,864,8871551,0,0,0,0
9.0122,865,8881551,4095,1,0,1
9.0229,866,8891551,0,0,0,0
9.0323,867,8901551,4095,1,0,1
9.0418,868,8911551,0,0,0,0
9.0523,869,8921551,4095,1,0,1
9.0619,870,8931551,0,0,0,0
9.0723,871,8941551,4095,1,0,1
9.0820,872,8951551,0,0,0,0
9.0921,873,8961551,4095,1,0,1
9.1020,874,8971551,0,0,0,0
9.1121,875,8981551,4095,1,0,1
9.1224,876,8991551,0,0,0,0
9.1323,877,9001551,4095,1,0,1
9.1419,878,9011551,0,0,0,0
9.1522,879,9021551,4095,1,0,1
9.1621,880,9031551,0,0,0,0
9.1722,881,9041551,4095,1,0,1
9.1821,882,9051551,0,0,0,0
9.1922,883,9061551,4095,1,0,1
9.2020,884,9071551,0,0,0,0
9.2123,885,9081551,4095,1,0,1
9.2223,886,9091551,0,0,0,0
9.2326,887,9101551,4095,1,0,1
9.2419,888,9111551,0,0,0,0
9.2522,889,9121551,4095,1,0,1
9.2618,890,9131551,0,0,0,0
9.2721,891,9141551,4095,1,0,1
9.2821,892,9151551,0,0,0,0
9.2926,893,9161551,4095,1,0,1
9.3019,894,9171551,0,0,0,0
9.3121,895,9181551,4095,1,0,1
9.3219,896,9191551,0,0,0,0
9.3321,897,9201551,4095,1,0,1
9.3420,898,9211551,0,0,0,0
9.3522,899,9221551,4095,1,0,1
9.3623,900,9231551,0,0,0,0
9.3724,901,9241551,4095,1,0,1
9.3820,902,9251551,0,0,0,0
9.3922,903,9261551,4095,1,0,1
9.4018,904,9271551,0,0,0,0
9.4121,905,9281551,4095,1,0,1
9.4219,906,9291551,0,0,0,0
9.4320,907,9301551,4095,1,0,1
9.4422,908,9311551,0,0,0,0
9.4522,909,9321551,4095,1,0,1
9.4621,910,9331551,0,0,0,0
9.4724,911,9341551,4095,1,0,1
9.4821,912,9351551,0,0,0,0
9.4929,913,9361551,4095,1,0,1
9.5022,914,9371551,0,0,0,0
9.5122,915,9381551,4095,1,0,1
9.5219,916,9391551,0,0,0,0
9.5322,917,9401551,4095,1,0,1
9.5421,918,9411551,0,0,0,0
9.5522,919,9421551,4095,1,0,1
9.5620,920,9431551,0,0,0,0
9.5721,921,9441551,4095,1,0,1
9.5819,922,9451551,0,0,0,0
9.5921,923,9461551,4095,1,0,1
9.6021,924,9471551,0,0,0,0
9.6122,925,9481551,4095,1,0,1
9.6221,926,9491551,0,0,0,0
9.6323,927,9501551,4095,1,0,1
9.6422,928,9511551,0,0,0,0
9.6533,929,9521551,4095,1,0,1
9.6618,930,9531551,0,0,0,0
9.6723,931,9541551,4095,1,0,1
9.6823,932,9551551,0,0,0,0
9.6921,933,9561551,4095,1,0,1
9.7020,934,9571551,0,0,0,0
9.7121,935,9581551,4095,1,0,1
9.7219,936,9591551,0,0,0,0
9.7321,937,9601551,4095,1,0,1
9.7420,938,9611551,0,0,0,0
9.7521,939,9621551,4095,1,0,1
9.7623,940,9631551,0,0,0,0
9.7721,941,9641551,4095,1,0,1
9.7818,942,9651551,0,0,0,0
9.7921,943,9661551,4095,1,0,1
9.8018,944,9671551,0,0,0,0
9.8121,945,9681551,4095,1,0,1
9.8218,946,9691551,0,0,0,0
9.8320,947,9701551,4095,1,0,1
9.8418,948,9711551,0,0,0,0
9.8521,949,9721551,4095,1,0,1
9.8618,950,9731551,0,0,0,0
9.8720,951,9741551,4095,1,0,1
9.8818,952,9751551,0,0,0,0
9.8920,953,9761551,4095,1,0,1
9.9018,954,9771551,0,0,0,0
9.9121,955,9781551,4095,1,0,1
9.9218,956,9791551,0,0,0,0
9.9320,957,9801551,4095,1,0,1
9.9418,958,9811551,0,0,0,0
9.9520,959,9821551,4095,1,0,1
9.9618,960,9831551,0,0,0,0
9.9720,961,9841551,4095,1,0,1
9.9817,962,9851551,0,0,0,0
9.9921,963,9861551,4095,1,0,1
10.0018,964,9871551,0,0,0,0
10.0123,965,9881551,4095,1,0,1
10.0218,966,9891551,0,0,0,0
10.0321,967,9901551,4095,1,0,1
10.0421,968,9911551,0,0,0,0
10.0521,969,9921551,4095,1,0,1
10.0618,970,9931551,0,0,0,0
10.0721,971,9941551,4095,1,0,1
10.0818,972,9951551,0,0,0,0
10.0922,973,9961551,4095,1,0,1
10.1019,974,9971551,0,0,0,0
10.1122,975,9981551,4095,1,0,1
10.1218,976,9991551,0,0,0,0
10.1327,977,10001551,4095,1,0,1
10.1420,978,10011551,0,0,0,0
10.1522,979,10021551,4095,1,0,1
10.1622,980,10031551,0,0,0,0
10.1721,981,10041551,4095,1,0,1
10.1819,982,10051551,0,0,0,0
10.1922,983,10061551,4095,1,0,1
10.2019,984,10071551,0,0,0,0
10.2123,985,10081551,4095,1,0,1
10.2219,986,10091551,0,0,0,0
10.2322,987,10101551,4095,1,0,1
10.2421,988,10111551,0,0,0,0
10.2521,989,10121551,4095,1,0,1
10.2619,990,10131551,0,0,0,0
10.2721,991,10141551,4095,1,0,1
10.2819,992,10151551,0,0,0,0
10.2922,993,10161551,4095,1,0,1
10.3019,994,10171551,0,0,0,0
10.3122,995,10181551,4095,1,0,1
10.3220,996,10191551,0,0,0,0
10.3324,997,10201551,4095,1,0,1
10.3419,998,10211551,0,0,0,0
10.3522,999,10221551,4095,1,0,1
10.3619,1000,10231551,0,0,0,0
10.3722,1001,10241551,4095,1,0,1
10.3820,1002,10251551,0,0,0,0
10.3925,1003,10261551,4095,1,0,1
10.4020,1004,10271551,0,0,0,0
10.4123,1005,10281551,4095,1,0,1
10.4222,1006,10291551,0,0,0,0
10.4322,1007,10301551,4095,1,0,1
10.4420,1008,10311551,0,0,0,0
10.4523,1009,10321551,4095,1,0,1
10.4620,1010,10331551,0,0,0,0
10.4727,1011,10341551,4095,1,0,1
10.4820,1012,10351551,0,0,0,0
10.4923,1013,10361551,4095,1,0,1
10.5023,1014,10371551,0,0,0,0
10.5123,1015,10381551,4095,1,0,1
10.5222,1016,10391551,0,0,0,0
10.5324,1017,10401551,4095,1,0,1
10.5420,1018,10411551,0,0,0,0
10.5525,1019,10421551,4095,1,0,1
10.5620,1020,10431551,0,0,0,0
10.5723,1021,10441551,4095,1,0,1
10.5821,1022,10451551,0,0,0,0
10.5925,1023,10461551,4095,1,0,1
10.6022,1024,10471551,0,0,0,0
10.6131,1025,10481551,4095,1,0,1
10.6221,1026,10491551,0,0,0,0
10.6322,1027,10501551,4095,1,0,1
10.6421,1028,10511551,0,0,0,0
10.6527,1029,10521551,4095,1,0,1
10.6622,1030,10531551,0,0,0,0
10.6723,1031,10541551,4095,1,1,1
10.6820,1032,10551551,0,0,0,0
10.6923,1033,10561551,3221,1,1,1
10.7021,1034,10571551,0,0,0,0
10.7122,1035,10581551,3254,1,1,1
10.7220,1036,10591551,0,0,0,0
10.7322,1037,10601551,3295,1,1,1
10.7421,1038,10611551,0,0,0,0
10.7524,1039,10621551,4095,1,1,1
10.7622,1040,10631551,0,0,0,0
10.7725,1041,10641551,4095,1,1,1
10.7822,1042,10651551,0,0,0,0
10.7924,1043,10661551,4095,1,1,1
10.8021,1044,10671551,0,0,0,0
10.8124,1045,10681551,4095,1,1,1
10.8221,1046,10691551,0,0,0,0
10.8324,1047,10701551,4095,1,1,1
10.8422,1048,10711551,0,0,0,0
10.8523,1049,10721551,4095,1,1,1
10.8621,1050,10731551,0,0,0,0
10.8724,1051,10741551,4095,1,1,1
10.8822,1052,10751551,0,0,0,0
10.8925,1053,10761551,4095,1,1,1
10.9022,1054,10771551,0,0,0,0
10.9124,1055,10781551,4095,1,1,1
10.9220,1056,10791551,0,0,0,0
10.9326,1057,10801551,4095,1,1,1
10.9421,1058,10811551,0,0,0,0
10.9523,1059,10821551,4095,1,1,1
10.9620,1060,10831551,0,0,0,0
10.9724,1061,10841551,4095,1,1,1
10.9820,1062,10851551,0,0,0,0
10.9922,1063,10861551,4095,1,1,1
11.0020,1064,10871551,0,0,0,0
11.0122,1065,10881551,4095,1,1,1
11.0220,1066,10891551,0,0,0,0
11.0324,1067,10901551,4095,1,1,1
11.0420,1068,10911551,0,0,0,0
11.0522,1069,10921551,4095,1,1,1
11.0620,1070,10931551,0,0,0,0
11.0722,1071,10941551,4095,1,1,1
11.0821,1072,10951551,0,0,0,0
11.0922,1073,10961551,4095,1,1,1
11.1020,1074,10971551,0,0,0,0
11.1123,1075,10981551,4095,1,1,1
11.1221,1076,10991551,0,0,0,0
11.1324,1077,11001551,4095,1,1,1
11.1420,1078,11011551,0,0,0,0
11.1522,1079,11021551,4095,1,1,1
11.1621,1080,11031551,0,0,0,0
11.1724,1081,11041551,4095,1,1,1
11.1822,1082,11051551,0,0,0,0
11.1923,1083,11061551,4095,1,1,1
11.2020,1084,11071551,0,0,0,0
11.2123,1085,11081551,4095,1,1,1
11.2220,1086,11091551,0,0,0,0
11.2323,1087,11101551,4095,1,1,1
11.2420,1088,11111551,0,0,0,0
11.2523,1089,11121551,4095,1,1,1
11.2620,1090,11131551,0,0,0,0
11.2723,1091,11141551,4095,1,1,1
11.2820,1092,11151551,0,0,0,0
11.2923,1093,11161551,4095,1,1,1
11.3021,1094,11171551,0,0,0,0
11.3123,1095,11181551,4095,1,1,1
11.3220,1096,11191551,0,0,0,0
11.3325,1097,11201551,4095,1,1,1
11.3421,1098,11211551,0,0,0,0
11.3523,1099,11221551,4095,1,1,1
11.3620,1100,11231551,0,0,0,0
11.3722,1101,11241551,4095,1,1,1
11.3820,1102,11251551,0,0,0,0
11.3922,1103,11261551,4095,1,1,1
11.4020,1104,11271551,0,0,0,0
11.4122,1105,11281551,4095,1,1,1
11.4221,1106,11291551,0,0,0,0
11.4323,1107,11301551,4095,1,1,1
11.4421,1108,11311551,0,0,0,0
11.4522,1109,11321551,4095,1,1,1
11.4622,1110,11331551,0,0,0,0
11.4722,1111,11341551,4095,1,1,1
11.4819,1112,11351551,0,0,0,0
11.4927,1113,11361551,4095,1,1,1
11.5020,1114,11371551,0,0,0,0
11.5122,1115,11381551,4095,1,1,1
11.5223,1116,11391551,0,0,0,0
11.5322,1117,11401551,4095,1,1,1
11.5419,1118,11411551,0,0,0,0
11.5522,1119,11421551,4095,1,1,1
11.5620,1120,11431551,0,0,0,0
11.5723,1121,11441551,4095,1,1,1
11.5820,1122,11451551,0,0,0,0
11.5922,1123,11461551,4095,1,1,1
11.6020,1124,11471551,0,0,0,0
11.6123,1125,11481551,4095,1,1,1
11.6219,1126,11491551,0,0,0,0
11.6322,1127,11501551,4095,1,1,1
11.6419,1128,11511551,0,0,0,0
11.6522,1129,11521551,4095,1,1,1
11.6619,1130,11531551,0,0,0,0
11.6722,1131,11541551,4095,1,1,1
11.6822,1132,11551551,0,0,0,0
11.6923,1133,11561551,4095,1,1,1
11.7019,1134,11571551,0,0,0,0
11.7123,1135,11581551,4095,1,1,1
11.7220,1136,11591551,0,0,0,0
11.7323,1137,11601551,4095,1,1,1
11.7421,1138,11611551,0,0,0,0
11.7522,1139,11621551,4095,1,1,1
11.7620,1140,11631551,0,0,0,0
11.7723,1141,11641551,4095,1,1,1
11.7822,1142,11651551,0,0,0,0
11.7922,1143,11661551,4095,1,1,1
11.8021,1144,11671551,0,0,0,0
11.8122,1145,11681551,4095,1,1,1
11.8220,1146,11691551,0,0,0,0
11.8324,1147,11701551,4095,1,1,1
11.8420,1148,11711551,0,0,0,0
11.8524,1149,11721551,4095,1,1,1
11.8620,1150,11731551,0,0,0,0
11.8723,1151,11741551,4095,1,1,1
11.8819,1152,11751551,0,0,0,0
11.8922,1153,11761551,4095,1,1,1
11.9020,1154,11771551,0,0,0,0
11.9122,1155,11781551,4095,1,1,1
11.9220,1156,11791551,0,0,0,0
11.9323,1157,11801551,4095,1,1,1
11.9420,1158,11811551,0,0,0,0
11.9524,1159,11821551,4095,1,1,1
11.9620,1160,11831551,0,0,0,0
11.9723,1161,11841551,4095,1,1,1
11.9820,1162,11851551,0,0,0,0
11.9922,1163,11861551,4095,1,1,1
12.0020,1164,11871551,0,0,0,0
12.0122,1165,11881551,4095,1,1,1
12.0219,1166,11891551,0,0,0,0
12.0325,1167,11901551,4095,1,1,1
12.0420,1168,11911551,0,0,0,0
12.0522,1169,11921551,4095,1,1,1
12.0620,1170,11931551,0,0,0,0
12.0722,1171,11941551,4095,1,1,1
12.0820,1172,11951551,0,0,0,0
12.0922,1173,11961551,4095,1,1,1
12.1019,1174,11971551,0,0,0,0
12.1122,1175,11981551,4095,1,1,1
12.1219,1176,11991551,0,0,0,0
12.1323,1177,12001551,4095,1,1,1
12.1421,1178,12011551,0,0,0,0
12.1523,1179,12021551,4095,1,1,1
12.1621,1180,12031551,0,0,0,0
12.1727,1181,12041551,4095,1,1,1
12.1821,1182,12051551,0,0,0,0
12.1926,1183,12061551,4095,1,1,1
12.2024,1184,12071551,0,0,0,0
12.2124,1185,12081551,4095,1,1,1
12.2223,1186,12091551,0,0,0,0
12.2325,1187,12101551,4095,1,1,1
12.2420,1188,12111551,0,0,0,0
12.2523,1189,12121551,4095,1,1,1
12.2621,1190,12131551,0,0,0,0
12.2726,1191,12141551,4095,1,1,1
12.2822,1192,12151551,0,0,0,0
12.2924,1193,12161551,2999,1,1,1
12.3023,1194,12171551,0,0,0,0
12.3123,1195,12181551,4095,1,1,1
12.3222,1196,12191551,0,0,0,0
12.3325,1197,12201551,4095,1,1,1
12.3421,1198,12211551,0,0,0,0
12.3525,1199,12221551,4095,1,1,1
12.3621,1200,12231551,0,0,0,0
12.3723,1201,12241551,4095,1,1,1
12.3823,1202,12251551,0,0,0,0
12.3922,1203,12261551,4095,1,1,1
12.4026,1204,12271551,0,0,0,0
12.4123,1205,12281551,4095,1,1,1
12.4222,1206,12291551,0,0,0,0
12.4326,1207,12301551,4095,1,1,1
12.4421,1208,12311551,0,0,0,0
12.4523,1209,12321551,4095,1,0,1
12.4621,1210,12331551,0,0,0,0
12.4725,1211,12341551,2927,1,1,1
12.4820,1212,12351551,0,0,0,0
12.4923,1213,12361551,2913,1,0,1
12.5020,1214,12371551,0,0,0,0
12.5123,1215,12381551,4037,1,0,1
12.5220,1216,12391551,0,0,0,0
12.5323,1217,12401551,4095,1,1,1
12.5421,1218,12411551,0,0,0,0
12.5522,1219,12421551,4031,1,1,1
12.5622,1220,12431551,0,0,0,0
12.5724,1221,12441551,2914,1,0,1
12.5821,1222,12451551,0,0,0,0
12.5922,1223,12461551,4095,1,1,1
12.6021,1224,12471551,0,0,0,0
12.6123,1225,12481551,2907,1,0,1
12.6221,1226,12491551,0,0,0,0
12.6323,1227,12501551,2886,1,0,1
12.6421,1228,12511551,0,0,0,0
12.6524,1229,12521551,2883,1,0,1
12.6621,1230,12531551,0,0,0,0
12.6724,1231,12541551,2864,1,0,1
12.6820,1232,12551551,0,0,0,0
12.6922,1233,12561551,2923,1,0,1
12.7021,1234,12571551,0,0,0,0
12.7124,1235,12581551,2864,1,0,1
12.7222,1236,12591551,0,0,0,0
12.7323,1237,12601551,2864,1,0,1
12.7421,1238,12611551,0,0,0,0
12.7523,1239,12621551,2842,1,0,1
12.7622,1240,12631551,0,0,0,0
12.7723,1241,12641551,2832,1,0,1
12.7821,1242,12651551,0,0,0,0
12.7922,1243,12661551,2805,1,0,1
12.8023,1244,12671551,0,0,0,0
12.8122,1245,12681551,2806,1,0,1
12.8221,1246,12691551,0,0,0,0
12.8324,1247,12701551,2827,1,0,1
12.8420,1248,12711551,0,0,0,0
12.8522,1249,12721551,2770,1,0,1
12.8622,1250,12731551,0,0,0,0
12.8722,1251,12741551,2799,1,0,1
12.8821,1252,12751551,0,0,0,0
12.8924,1253,12761551,2773,1,0,1
12.9022,1254,12771551,0,0,0,0
12.9127,1255,12781551,2768,1,0,1
12.9221,1256,12791551,0,0,0,0
12.9322,1257,12801551,2768,1,0,1
12.9420,1258,12811551,0,0,0,0
12.9523,1259,12821551,2751,1,0,1
12.9620,1260,12831551,0,0,0,0
12.9722,1261,12841551,2721,1,0,1
12.9819,1262,12851551,0,0,0,0
12.9923,1263,12861551,2706,1,0,1
13.0020,1264,12871551,0,0,0,0
13.0123,1265,12881551,2719,1,0,1
13.0219,1266,12891551,0,0,0,0
13.0323,1267,12901551,2685,1,0,1
13.0420,1268,12911551,0,0,0,0
13.0524,1269,12921551,2681,1,0,1
13.0619,1270,12931551,0,0,0,0
13.0722,1271,12941551,2643,1,0,1
13.0819,1272,12951551,0,0,0,0
13.0924,1273,12961551,2624,1,0,1
13.1020,1274,12971551,0,0,0,0
13.1122,1275,12981551,2608,1,0,1
13.1220,1276,12991551,0,0,0,0
13.1325,1277,13001551,2559,1,0,1
13.1420,1278,13011551,0,0,0,0
13.1524,1279,13021551,2559,1,0,1
13.1620,1280,13031551,0,0,0,0
13.1722,1281,13041551,2547,1,0,1
13.1819,1282,13051551,7,0,0,0
13.1923,1283,13061551,2501,1,0,1
13.2021,1284,13071551,18,0,0,0
13.2123,1285,13081551,2463,1,0,1
13.2221,1286,13091551,48,0,0,0
13.2322,1287,13101551,2467,1,0,1
13.2422,1288,13111551,90,0,0,0
13.2522,1289,13121551,2422,1,0,1
13.2622,1290,13131551,107,0,0,0
13.2723,1291,13141551,2368,1,0,1
13.2821,1292,13151551,140,0,0,0
13.2923,1293,13161551,2328,1,0,1
13.3022,1294,13171551,161,0,0,0
13.3123,1295,13181551,2269,1,0,1
13.3221,1296,13191551,203,0,0,0
13.3323,1297,13201551,2218,1,0,1
13.3422,1298,13211551,235,0,0,0
13.3522,1299,13221551,2160,1,0,1
13.3621,1300,13231551,264,0,0,0
13.3722,1301,13241551,2117,1,0,1
13.3822,1302,13251551,321,0,0,0
13.3923,1303,13261551,2067,1,0,1
13.4021,1304,13271551,378,0,0,0
13.4122,1305,13281551,1995,0,0,0
13.4221,1306,13291551,418,0,0,0
13.4323,1307,13301551,1923,1,0,1
13.4423,1308,13311551,479,0,0,0
13.4522,1309,13321551,1889,0,0,0
13.4623,1310,13331551,521,0,0,0
13.4722,1311,13341551,1869,1,0,1
13.4821,1312,13351551,546,0,0,0
13.4923,1313,13361551,1777,0,0,0
13.5022,1314,13371551,602,0,0,0
13.5123,1315,13381551,1705,0,0,0
13.5221,1316,13391551,655,0,0,0
13.5323,1317,13401551,1639,0,0,0
13.5422,1318,13411551,707,0,0,0
13.5522,1319,13421551,1612,0,0,0
13.5622,1320,13431551,753,0,0,0
13.5723,1321,13441551,1488,0,0,0
13.5824,1322,13451551,870,0,0,0
13.5924,1323,13461551,1332,0,0,0
13.6021,1324,13471551,963,0,0,0
13.6122,1325,13481551,1211,0,0,0
13.6222,1326,13491551,1077,0,0,0
13.6322,1327,13501551,1134,0,0,0
13.6423,1328,13511551,1168,0,0,0
13.6522,1329,13521551,1055,0,0,0
13.6622,1330,13531551,1261,0,0,0
13.6721,1331,13541551,933,0,0,0
13.6822,1332,13551551,1355,0,0,0
13.6923,1333,13561551,848,0,0,0
13.7022,1334,13571551,1446,0,0,0
13.7123,1335,13581551,719,0,0,0
13.7222,1336,13591551,1561,0,0,0
13.7321,1337,13601551,593,0,0,0
13.7422,1338,13611551,1675,0,0,0
13.7521,1339,13621551,466,0,0,0
13.7623,1340,13631551,1775,0,0,0
13.7722,1341,13641551,380,0,0,0
13.7823,1342,13651551,1877,0,0,0
13.7922,1343,13661551,224,0,0,0
13.8022,1344,13671551,1991,0,0,0
13.8121,1345,13681551,112,0,0,0
13.8222,1346,13691551,2057,0,0,0
13.8322,1347,13701551,47,0,0,0
13.8422,1348,13711551,2117,1,0,1
13.8520,1349,13721551,0,0,0,0
13.8622,1350,13731551,2192,1,0,1
13.8720,1351,13741551,0,0,0,0
13.8823,1352,13751551,2260,1,0,1
13.8919,1353,13761551,0,0,0,0
13.9022,1354,13771551,2325,1,0,1
13.9119,1355,13781551,0,0,0,0
13.9222,1356,13791551,2401,1,0,1
13.9320,1357,13801551,0,0,0,0
13.9422,1358,13811551,2496,1,0,1
13.9519,1359,13821551,0,0,0,0
13.9622,1360,13831551,2532,1,0,1
13.9719,1361,13841551,0,0,0,0
13.9822,1362,13851551,2669,1,0,1
13.9920,1363,13861551,0,0,0,0
14.0023,1364,13871551,2761,1,0,1
14.0119,1365,13881551,0,0,0,0
14.0222,1366,13891551,2837,1,0,1
14.0320,1367,13901551,0,0,0,0
14.0423,1368,13911551,2905,1,0,1
14.0520,1369,13921551,0,0,0,0
14.0623,1370,13931551,2964,1,0,1
14.0721,1371,13941551,0,0,0,0
14.0822,1372,13951551,3042,1,0,1
14.0920,1373,13961551,0,0,0,0
14.1022,1374,13971551,3120,1,0,1
14.1120,1375,13981551,0,0,0,0
14.1222,1376,13991551,3221,1,0,1
14.1320,1377,14001551,0,0,0,0
14.1422,1378,14011551,3344,1,0,1
14.1520,1379,14021551,0,0,0,0
14.1622,1380,14031551,3474,1,0,1
14.1721,1381,14041551,0,0,0,0
14.1823,1382,14051551,3583,1,0,1
14.1920,1383,14061551,0,0,0,0
14.2023,1384,14071551,3728,1,0,1
14.2120,1385,14081551,0,0,0,0
14.2222,1386,14091551,3801,1,0,1
14.2320,1387,14101551,0,0,0,0
14.2422,1388,14111551,3897,1,0,1
14.2520,1389,14121551,0,0,0,0
14.2623,1390,14131551,4006,1,0,1
14.2720,1391,14141551,0,0,0,0
14.2823,1392,14151551,4095,1,0,1
14.2921,1393,14161551,0,0,0,0
14.3024,1394,14171551,4095,1,0,1
14.3120,1395,14181551,0,0,0,0
14.3222,1396,14191551,4095,1,0,1
14.3320,1397,14201551,0,0,0,0
14.3424,1398,14211551,4095,1,0,1
14.3519,1399,14221551,0,0,0,0
14.3623,1400,14231551,4095,1,0,1
14.3719,1401,14241551,0,0,0,0
14.3824,1402,14251551,4095,1,0,1
14.3920,1403,14261551,0,0,0,0
14.4023,1404,14271551,4095,1,0,1
14.4120,1405,14281551,0,0,0,0
14.4224,1406,14291551,4095,1,0,1
14.4320,1407,14301551,0,0,0,0
14.4423,1408,14311551,4095,1,0,1
14.4520,1409,14321551,0,0,0,0
14.4622,1410,14331551,4095,1,0,1
14.4719,1411,14341551,0,0,0,0
14.4823,1412,14351551,4095,1,0,1
14.4920,1413,14361551,0,0,0,0
14.5024,1414,14371551,4095,1,0,1
14.5120,1415,14381551,0,0,0,0
14.5222,1416,14391551,4095,1,0,1
14.5320,1417,14401551,0,0,0,0
14.5423,1418,14411551,4095,1,0,1
14.5520,1419,14421551,0,0,0,0
14.5623,1420,14431551,4095,1,0,1
14.5719,1421,14441551,0,0,0,0
14.5828,1422,14451551,4095,1,0,1
14.5920,1423,14461551,0,0,0,0
14.6022,1424,14471551,4095,1,0,1
14.6122,1425,14481551,0,0,0,0
14.6222,1426,14491551,4095,1,0,1
14.6319,1427,14501551,0,0,0,0
14.6422,1428,14511551,4095,1,0,1
14.6520,1429,14521551,0,0,0,0
14.6622,1430,14531551,4095,1,0,1
14.6719,1431,14541551,0,0,0,0
14.6822,1432,14551551,4095,1,0,1
14.6919,1433,14561551,0,0,0,0
14.7022,1434,14571551,4095,1,0,1
14.7119,1435,14581551,0,0,0,0
14.7222,1436,14591551,4095,1,0,1
14.7320,1437,14601551,0,0,0,0
14.7423,1438,14611551,4095,1,0,1
14.7519,1439,14621551,0,0,0,0
14.7622,1440,14631551,4095,1,0,1
14.7719,1441,14641551,0,0,0,0
14.7823,1442,14651551,4095,1,0,1
14.7920,1443,14661551,0,0,0,0
14.8022,1444,14671551,4095,1,0,1
14.8120,1445,14681551,0,0,0,0
14.8222,1446,14691551,4095,1,0,1
14.8322,1447,14701551,0,0,0,0
14.8422,1448,14711551,4095,1,0,1
14.8521,1449,14721551,0,0,0,0
14.8623,1450,14731551,4095,1,0,1
14.8721,1451,14741551,0,0,0,0
14.8823,1452,14751551,4095,1,0,1
14.8919,1453,14761551,0,0,0,0
14.9022,1454,14771551,4095,1,0,1
14.9120,1455,14781551,0,0,0,0
14.9222,1456,14791551,4095,1,0,1
14.9320,1457,14801551,0,0,0,0
14.9422,1458,14811551,4095,1,0,1
14.9523,1459,14821551,0,0,0,0
14.9622,1460,14831551,4095,1,0,1
14.9719,1461,14841551,0,0,0,0
14.9822,1462,14851551,4095,1,0,1
14.9921,1463,14861551,0,0,0,0
15.0025,1464,14871551,4095,1,0,1
15.0121,1465,14881551,0,0,0,0
15.0225,1466,14891551,4095,1,0,1
15.0321,1467,14901551,0,0,0,0
15.0424,1468,14911551,4095,1,0,1
15.0522,1469,14921551,0,0,0,0
15.0624,1470,14931551,4095,1,0,1
15.0723,1471,14941551,0,0,0,0
15.0825,1472,14951551,4095,1,0,1
15.0929,1473,14961551,0,0,0,0
15.1025,1474,14971551,4095,1,0,1
15.1120,1475,14981551,0,0,0,0
15.1226,1476,14991551,4095,1,0,1
15.1323,1477,15001551,0,0,0,0
15.1425,1478,15011551,4095,1,0,1
15.1521,1479,15021551,0,0,0,0
15.1623,1480,15031551,4095,1,0,1
15.1720,1481,15041551,0,0,0,0
15.1825,1482,15051551,4095,1,0,1
15.1923,1483,15061551,0,0,0,0
15.2024,1484,15071551,4095,1,0,1
15.2121,1485,15081551,0,0,0,0
15.2225,1486,15091551,4095,1,0,1
15.2321,1487,15101551,0,0,0,0
15.2424,1488,15111551,4095,1,0,1
15.2521,1489,15121551,0,0,0,0
15.2623,1490,15131551,4095,1,0,1
15.2721,1491,15141551,0,0,0,0
15.2822,1492,15151551,4095,1,0,1
15.2921,1493,15161551,0,0,0,0
15.3022,1494,15171551,4095,1,0,1
15.3121,1495,15181551,0,0,0,0
15.3222,1496,15191551,4095,1,0,1
15.3320,1497,15201551,0,0,0,0
15.3422,1498,15211551,4095,1,0,1
15.3519,1499,15221551,0,0,0,0
15.3622,1500,15231551,4095,1,0,1
15.3720,1501,15241551,0,0,0,0
15.3822,1502,15251551,4095,1,0,1
15.3920,1503,15261551,0,0,0,0
15.4023,1504,15271551,4095,1,0,1
15.4119,1505,15281551,0,0,0,0
15.4222,1506,15291551,4095,1,0,1
15.4319,1507,15301551,0,0,0,0
15.4425,1508,15311551,4095,1,0,1
15.4519,1509,15321551,0,0,0,0
15.4626,1510,15331551,4095,1,0,1
15.4719,1511,15341551,0,0,0,0
15.4822,1512,15351551,4095,1,0,1
15.4920,1513,15361551,0,0,0,0
15.5022,1514,15371551,4095,1,0,1
15.5121,1515,15381551,0,0,0,0
15.5224,1516,15391551,4095,1,0,1
15.5319,1517,15401551,0,0,0,0
15.5424,1518,15411551,4095,1,0,1
15.5520,1519,15421551,0,0,0,0
15.5622,1520,15431551,4095,1,0,1
15.5721,1521,15441551,0,0,0,0
15.5824,1522,15451551,4095,1,0,1
15.5922,1523,15461551,0,0,0,0
15.6022,1524,15471551,4095,1,0,1
15.6120,1525,15481551,0,0,0,0
15.6223,1526,15491551,4095,1,0,1
15.6324,1527,15501551,0,0,0,0
15.6424,1528,15511551,4095,1,0,1
15.6520,1529,15521551,0,0,0,0
15.6623,1530,15531551,4095,1,0,1
15.6721,1531,15541551,0,0,0,0
15.6822,1532,15551551,4095,1,0,1
15.6925,1533,15561551,0,0,0,0
15.7022,1534,15571551,4095,1,0,1
15.7120,1535,15581551,0,0,0,0
15.7224,1536,15591551,4095,1,0,1
15.7321,1537,15601551,0,0,0,0
15.7424,1538,15611551,4095,1,0,1
15.7521,1539,15621551,0,0,0,0
15.7623,1540,15631551,4095,1,0,1
15.7721,1541,15641551,0,0,0,0
15.7825,1542,15651551,4095,1,0,1
15.7920,1543,15661551,0,0,0,0
15.8026,1544,15671551,4095,1,0,1
15.8121,1545,15681551,0,0,0,0
15.8223,1546,15691551,4095,1,0,1
15.8320,1547,15701551,0,0,0,0
15.8422,1548,15711551,4095,1,0,1
15.8519,1549,15721551,0,0,0,0
15.8623,1550,15731551,4095,1,0,1
15.8720,1551,15741551,0,0,0,0
15.8822,1552,15751551,4095,1,0,1
15.8921,1553,15761551,0,0,0,0
15.9023,1554,15771551,4095,1,0,1
15.9121,1555,15781551,0,0,0,0
15.9222,1556,15791551,4095,1,0,1
15.9323,1557,15801551,0,0,0,0
15.9429,1558,15811551,4095,1,0,1
15.9520,1559,15821551,0,0,0,0
15.9622,1560,15831551,4095,1,0,1
15.9725,1561,15841551,0,0,0,0
15.9822,1562,15851551,4095,1,0,1
15.9919,1563,15861551,0,0,0,0
16.0022,1564,15871551,4095,1,0,1
16.0120,1565,15881551,0,0,0,0
16.0222,1566,15891551,4095,1,0,1
16.0321,1567,15901551,0,0,0,0
16.0423,1568,15911551,4095,1,0,1
16.0520,1569,15921551,0,0,0,0
16.0622,1570,15931551,4095,1,0,1
16.0720,1571,15941551,0,0,0,0
16.0823,1572,15951551,4095,1,0,1
16.0922,1573,15961551,0,0,0,0
16.1024,1574,15971551,4095,1,0,1
16.1122,1575,15981551,0,0,0,0
16.1225,1576,15991551,4095,1,0,1
16.1323,1577,16001551,0,0,0,0
16.1423,1578,16011551,4095,1,0,1
16.1521,1579,16021551,0,0,0,0
16.1624,1580,16031551,4095,1,0,1
16.1722,1581,16041551,0,0,0,0
16.1823,1582,16051551,4095,1,0,1
16.1921,1583,16061551,0,0,0,0
16.2023,1584,16071551,4095,1,0,1
16.2121,1585,16081551,0,0,0,0
16.2223,1586,16091551,4095,1,0,1
16.2320,1587,16101551,0,0,0,0
16.2422,1588,16111551,4095,1,0,1
16.2520,1589,16121551,0,0,0,0
16.2622,1590,16131551,4095,1,0,1
16.2721,1591,16141551,0,0,0,0
16.2822,1592,16151551,4095,1,0,1
16.2920,1593,16161551,0,0,0,0
16.3022,1594,16171551,4095,1,0,1
16.3120,1595,16181551,0,0,0,0
16.3222,1596,16191551,4095,1,0,1
16.3321,1597,16201551,0,0,0,0
16.3424,1598,16211551,4095,1,0,1
16.3525,1599,16221551,0,0,0,0
16.3626,1600,16231551,4095,1,0,1
16.3720,1601,16241551,0,0,0,0
16.3825,1602,16251551,4095,1,0,1
16.3921,1603,16261551,0,0,0,0
16.4023,1604,16271551,4095,1,0,1
16.4123,1605,16281551,0,0,0,0
16.4223,1606,16291551,4095,1,0,1
16.4321,1607,16301551,0,0,0,0
16.4423,1608,16311551,4095,1,0,1
16.4522,1609,16321551,0,0,0,0
16.4623,1610,16331551,4095,1,0,1
16.4724,1611,16341551,0,0,0,0
16.4826,1612,16351551,4095,1,0,1
16.4924,1613,16361551,0,0,0,0
16.5023,1614,16371551,4095,1,0,1
16.5122,1615,16381551,0,0,0,0
16.5225,1616,16391551,4095,1,0,1
16.5328,1617,16401551,0,0,0,0
16.5424,1618,16411551,4095,1,0,1
16.5521,1619,16421551,0,0,0,0
16.5623,1620,16431551,4095,1,0,1
16.5726,1621,16441551,0,0,0,0
16.5824,1622,16451551,4095,1,0,1
16.5922,1623,16461551,0,0,0,0
16.6023,1624,16471551,4095,1,0,1
16.6123,1625,16481551,0,0,0,0
16.6224,1626,16491551,4095,1,0,1
16.6319,1627,16501551,0,0,0,0
16.6422,1628,16511551,4095,1,0,1
16.6519,1629,16521551,0,0,0,0
16.6623,1630,16531551,4095,1,0,1
16.6720,1631,16541551,0,0,0,0
16.6822,1632,16551551,4095,1,0,1
16.6920,1633,16561551,0,0,0,0
16.7023,1634,16571551,4095,1,0,1
16.7120,1635,16581551,0,0,0,0
16.7223,1636,16591551,4095,1,0,1
16.7319,1637,16601551,0,0,0,0
16.7423,1638,16611551,4095,1,0,1
16.7521,1639,16621551,0,0,0,0
16.7622,1640,16631551,4095,1,0,1
16.7721,1641,16641551,0,0,0,0
16.7823,1642,16651551,4095,1,0,1
16.7919,1643,16661551,0,0,0,0
16.8023,1644,16671551,4095,1,0,1
16.8119,1645,16681551,0,0,0,0
16.8227,1646,16691551,4095,1,0,1
16.8321,1647,16701551,0,0,0,0
16.8422,1648,16711551,4095,1,0,1
16.8523,1649,16721551,0,0,0,0
16.8623,1650,16731551,4095,1,0,1
16.8719,1651,16741551,0,0,0,0
16.8822,1652,16751551,4095,1,0,1
16.8922,1653,16761551,0,0,0,0
16.9022,1654,16771551,4095,1,0,1
16.9119,1655,16781551,0,0,0,0
16.9222,1656,16791551,4095,1,0,1
16.9322,1657,16801551,0,0,0,0
16.9424,1658,16811551,4095,1,0,1
16.9524,1659,16821551,0,0,0,0
16.9623,1660,16831551,4095,1,0,1
16.9722,1661,16841551,0,0,0,0
16.9823,1662,16851551,4095,1,0,1
16.9922,1663,16861551,0,0,0,0
17.0022,1664,16871551,4095,1,0,1
17.0120,1665,16881551,0,0,0,0
17.0222,1666,16891551,4095,1,0,1
17.0321,1667,16901551,0,0,0,0
17.0423,1668,16911551,4095,1,0,1
17.0521,1669,16921551,0,0,0,0
17.0625,1670,16931551,4095,1,0,1
17.0724,1671,16941551,0,0,0,0
17.0825,1672,16951551,4095,1,0,1
17.0923,1673,16961551,0,0,0,0
17.1025,1674,16971551,4095,1,0,1
17.1123,1675,16981551,0,0,0,0
17.1224,1676,16991551,4095,1,0,1
17.1324,1677,17001551,0,0,0,0
17.1423,1678,17011551,4095,1,0,1
17.1527,1679,17021551,0,0,0,0
17.1626,1680,17031551,4095,1,0,1
17.1724,1681,17041551,0,0,0,0
17.1824,1682,17051551,4095,1,0,1
17.1922,1683,17061551,0,0,0,0
17.2026,1684,17071551,4095,1,0,1
17.2120,1685,17081551,0,0,0,0
17.2223,1686,17091551,4095,1,0,1
17.2320,1687,17101551,0,0,0,0
17.2423,1688,17111551,4095,1,0,1
17.2521,1689,17121551,0,0,0,0
17.2623,1690,17131551,4095,1,0,1
17.2721,1691,17141551,0,0,0,0
17.2825,1692,17151551,4095,1,0,1
17.2922,1693,17161551,0,0,0,0
17.3029,1694,17171551,4095,1,0,1
17.3120,1695,17181551,0,0,0,0
17.3227,1696,17191551,4095,1,0,1
17.3322,1697,17201551,0,0,0,0
17.3423,1698,17211551,4095,1,0,1
17.3523,1699,17221551,0,0,0,0
17.3623,1700,17231551,4095,1,0,1
17.3720,1701,17241551,0,0,0,0
17.3824,1702,17251551,4095,1,0,1
17.3920,1703,17261551,0,0,0,0
17.4024,1704,17271551,4095,1,0,1
17.4122,1705,17281551,0,0,0,0
17.4227,1706,17291551,4095,1,0,1
17.4321,1707,17301551,0,0,0,0
17.4422,1708,17311551,4095,1,0,1
17.4520,1709,17321551,0,0,0,0
17.4624,1710,17331551,4095,1,0,1
17.4721,1711,17341551,0,0,0,0
17.4823,1712,17351551,4095,1,0,1
17.4921,1713,17361551,0,0,0,0
17.5026,1714,17371551,4095,1,0,1
17.5124,1715,17381551,0,0,0,0
17.5223,1716,17391551,4095,1,1,1
17.5326,1717,17401551,0,0,0,0
17.5422,1718,17411551,4095,1,1,1
17.5521,1719,17421551,0,0,0,0
17.5623,1720,17431551,4095,1,1,1
17.5720,1721,17441551,0,0,0,0
17.5823,1722,17451551,4095,1,1,1
17.5919,1723,17461551,0,0,0,0
17.6023,1724,17471551,4095,1,1,1
17.6121,1725,17481551,0,0,0,0
17.6224,1726,17491551,4095,1,1,1
17.6319,1727,17501551,0,0,0,0
17.6422,1728,17511551,4095,1,1,1
17.6520,1729,17521551,0,0,0,0
17.6625,1730,17531551,4095,1,1,1
17.6726,1731,17541551,0,0,0,0
17.6826,1732,17551551,4095,1,1,1
17.6923,1733,17561551,0,0,0,0
17.7025,1734,17571551,4095,1,1,1
17.7123,1735,17581551,0,0,0,0
17.7225,1736,17591551,4095,1,1,1
17.7323,1737,17601551,0,0,0,0
17.7424,1738,17611551,4095,1,1,1
17.7522,1739,17621551,0,0,0,0
17.7625,1740,17631551,4095,1,1,1
17.7722,1741,17641551,0,0,0,0
17.7826,1742,17651551,4095,1,1,1
17.7923,1743,17661551,0,0,0,0
17.8025,1744,17671551,4095,1,1,1
17.8121,1745,17681551,0,0,0,0
17.8224,1746,17691551,4095,1,1,1
17.8323,1747,17701551,0,0,0,0
17.8426,1748,17711551,4095,1,1,1
17.8524,1749,17721551,0,0,0,0
17.8627,1750,17731551,4095,1,1,1
17.8722,1751,17741551,0,0,0,0
17.8826,1752,17751551,4095,1,1,1
17.8922,1753,17761551,0,0,0,0
17.9023,1754,17771551,4095,1,1,1
17.9122,1755,17781551,0,0,0,0
17.9224,1756,17791551,4095,1,1,1
17.9320,1757,17801551,0,0,0,0
17.9426,1758,17811551,4095,1,1,1
17.9524,1759,17821551,0,0,0,0
17.9625,1760,17831551,4095,1,1,1
17.9721,1761,17841551,0,0,0,0
17.9825,1762,17851551,4095,1,1,1
17.9924,1763,17861551,0,0,0,0
18.0024,1764,17871551,4095,1,1,1
18.0122,1765,17881551,0,0,0,0
18.0224,1766,17891551,4095,1,1,1
18.0321,1767,17901551,0,0,0,0
18.0426,1768,17911551,4095,1,1,1
18.0520,1769,17921551,0,0,0,0
18.0623,1770,17931551,4095,1,1,1
18.0722,1771,17941551,0,0,0,0
18.0824,1772,17951551,4095,1,1,1
18.0922,1773,17961551,0,0,0,0
18.1025,1774,17971551,4095,1,1,1
18.1124,1775,17981551,0,0,0,0
18.1225,1776,17991551,4095,1,1,1
18.1321,1777,18001551,0,0,0,0
18.1422,1778,18011551,4095,1,1,1
18.1522,1779,18021551,0,0,0,0
18.1623,1780,18031551,4095,1,1,1
18.1721,1781,18041551,0,0,0,0
18.1830,1782,18051551,4095,1,1,1
18.1921,1783,18061551,0,0,0,0
18.2022,1784,18071551,4095,1,1,1
18.2124,1785,18081551,0,0,0,0
18.2224,1786,18091551,4095,1,1,1
18.2320,1787,18101551,0,0,0,0
18.2423,1788,18111551,4095,1,1,1
18.2521,1789,18121551,0,0,0,0
18.2622,1790,18131551,4095,1,1,1
18.2721,1791,18141551,0,0,0,0
18.2823,1792,18151551,4095,1,1,1
18.2921,1793,18161551,0,0,0,0
18.3024,1794,18171551,4095,1,1,1
18.3122,1795,18181551,0,0,0,0
18.3232,1796,18191551,4095,1,1,1
18.3324,1797,18201551,0,0,0,0
18.3425,1798,18211551,4095,1,1,1
18.3520,1799,18221551,0,0,0,0
18.3623,1800,18231551,4095,1,1,1
18.3720,1801,18241551,0,0,0,0
18.3824,1802,18251551,4095,1,1,1
18.3921,1803,18261551,0,0,0,0
18.4024,1804,18271551,4095,1,1,1
18.4120,1805,18281551,0,0,0,0
18.4223,1806,18291551,4095,1,1,1
18.4320,1807,18301551,0,0,0,0
18.4423,1808,18311551,4095,1,1,1
18.4520,1809,18321551,0,0,0,0
18.4623,1810,18331551,4095,1,1,1
18.4719,1811,18341551,0,0,0,0
18.4822,1812,18351551,4095,1,1,1
18.4920,1813,18361551,0,0,0,0
18.5023,1814,18371551,4095,1,1,1
18.5120,1815,18381551,0,0,0,0
18.5223,1816,18391551,4095,1,1,1
18.5321,1817,18401551,0,0,0,0
18.5423,1818,18411551,4095,1,1,1
18.5523,1819,18421551,0,0,0,0
18.5625,1820,18431551,4095,1,1,1
18.5723,1821,18441551,0,0,0,0
18.5825,1822,18451551,4095,1,1,1
18.5922,1823,18461551,0,0,0,0
18.6025,1824,18471551,4095,1,1,1
18.6122,1825,18481551,0,0,0,0
18.6226,1826,18491551,4095,1,1,1
18.6321,1827,18501551,0,0,0,0
18.6424,1828,18511551,4095,1,1,1
18.6529,1829,18521551,0,0,0,0
18.6625,1830,18531551,4095,1,1,1
18.6721,1831,18541551,0,0,0,0
18.6825,1832,18551551,4095,1,1,1
18.6921,1833,18561551,0,0,0,0
18.7026,1834,18571551,4095,1,1,1
18.7120,1835,18581551,0,0,0,0
18.7229,1836,18591551,4095,1,1,1
18.7322,1837,18601551,0,0,0,0
18.7424,1838,18611551,4095,1,1,1
18.7522,1839,18621551,0,0,0,0
18.7624,1840,18631551,4095,1,1,1
18.7720,1841,18641551,0,0,0,0
18.7823,1842,18651551,4095,1,1,1
18.7921,1843,18661551,0,0,0,0
18.8025,1844,18671551,4095,1,1,1
18.8120,1845,18681551,0,0,0,0
18.8225,1846,18691551,4095,1,1,1
18.8319,1847,18701551,0,0,0,0
18.8424,1848,18711551,4095,1,1,1
18.8519,1849,18721551,0,0,0,0
18.8624,1850,18731551,4095,1,1,1
18.8722,1851,18741551,0,0,0,0
18.8824,1852,18751551,4095,1,1,1
18.8927,1853,18761551,0,0,0,0
18.9025,1854,18771551,4095,1,1,1
18.9120,1855,18781551,0,0,0,0
18.9225,1856,18791551,4095,1,1,1
18.9323,1857,18801551,0,0,0,0
18.9424,1858,18811551,4095,1,1,1
18.9519,1859,18821551,0,0,0,0
18.9624,1860,18831551,4095,1,1,1
18.9721,1861,18841551,0,0,0,0
18.9823,1862,18851551,4095,1,1,1
18.9923,1863,18861551,0,0,0,0
19.0026,1864,18871551,4095,1,1,1
19.0123,1865,18881551,0,0,0,0
19.0226,1866,18891551,4095,1,1,1
19.0322,1867,18901551,0,0,0,0
19.0424,1868,18911551,4095,1,1,1
19.0523,1869,18921551,0,0,0,0
19.0624,1870,18931551,4095,1,1,1
19.0720,1871,18941551,0,0,0,0
19.0824,1872,18951551,4095,1,1,1
19.0924,1873,18961551,0,0,0,0
19.1024,1874,18971551,4095,1,1,1
19.1120,1875,18981551,0,0,0,0
19.1223,1876,18991551,4095,1,1,1
19.1323,1877,19001551,0,0,0,0
19.1424,1878,19011551,4095,1,1,1
19.1521,1879,19021551,0,0,0,0
19.1623,1880,19031551,4095,1,1,1
19.1726,1881,19041551,0,0,0,0
19.1825,1882,19051551,4095,1,1,1
19.1927,1883,19061551,0,0,0,0
19.2024,1884,19071551,4095,1,1,1
19.2124,1885,19081551,0,0,0,0
19.2226,1886,19091551,4095,1,1,1
19.2320,1887,19101551,0,0,0,0
19.2423,1888,19111551,2927,1,0,1
19.2523,1889,19121551,0,0,0,0
19.2623,1890,19131551,2915,1,0,1
19.2720,1891,19141551,0,0,0,0
19.2825,1892,19151551,2979,1,0,1
19.2920,1893,19161551,0,0,0,0
19.3023,1894,19171551,2928,1,0,1
19.3122,1895,19181551,0,0,0,0
19.3223,1896,19191551,2916,1,0,1
19.3323,1897,19201551,0,0,0,0
19.3427,1898,19211551,2927,1,1,1
19.3524,1899,19221551,0,0,0,0
19.3623,1900,19231551,2926,1,0,1
19.3724,1901,19241551,0,0,0,0
19.3824,1902,19251551,2913,1,0,1
19.3926,1903,19261551,0,0,0,0
19.4024,1904,19271551,2912,1,0,1
19.4123,1905,19281551,0,0,0,0
19.4225,1906,19291551,2911,1,0,1
19.4323,1907,19301551,0,0,0,0
19.4426,1908,19311551,2890,1,1,1
19.4521,1909,19321551,0,0,0,0
19.4624,1910,19331551,4095,1,1,1
19.4723,1911,19341551,0,0,0,0
19.4824,1912,19351551,4016,1,0,1
19.4919,1913,19361551,0,0,0,0
19.5023,1914,19371551,4089,1,1,1
19.5119,1915,19381551,0,0,0,0
19.5224,1916,19391551,2887,1,0,1
19.5319,1917,19401551,0,0,0,0
19.5423,1918,19411551,2865,1,0,1
19.5521,1919,19421551,0,0,0,0
19.5623,1920,19431551,2859,1,0,1
19.5721,1921,19441551,0,0,0,0
19.5823,1922,19451551,2864,1,0,1
19.5920,1923,19461551,0,0,0,0
19.6024,1924,19471551,2832,1,0,1
19.6122,1925,19481551,0,0,0,0
19.6225,1926,19491551,2837,1,0,1
19.6324,1927,19501551,0,0,0,0
19.6424,1928,19511551,2835,1,0,1
19.6520,1929,19521551,0,0,0,0
19.6624,1930,19531551,2780,1,0,1
19.6723,1931,19541551,0,0,0,0
19.6826,1932,19551551,2787,1,0,1
19.6920,1933,19561551,0,0,0,0
19.7024,1934,19571551,2767,1,0,1
19.7121,1935,19581551,0,0,0,0
19.7225,1936,19591551,2768,1,0,1
19.7322,1937,19601551,0,0,0,0
19.7428,1938,19611551,2786,1,0,1
19.7523,1939,19621551,0,0,0,0
19.7623,1940,19631551,2710,1,0,1
19.7724,1941,19641551,0,0,0,0
19.7823,1942,19651551,2765,1,0,1
19.7921,1943,19661551,0,0,0,0
19.8024,1944,19671551,2701,1,0,1
19.8120,1945,19681551,0,0,0,0
19.8225,1946,19691551,2719,1,0,1
19.8320,1947,19701551,0,0,0,0
19.8425,1948,19711551,2658,1,0,1
19.8521,1949,19721551,0,0,0,0
19.8624,1950,19731551,2626,1,0,1
19.8723,1951,19741551,0,0,0,0
19.8825,1952,19751551,2594,1,0,1
19.8924,1953,19761551,0,0,0,0
19.9024,1954,19771551,2604,1,0,1
19.9120,1955,19781551,0,0,0,0
19.9224,1956,19791551,2551,1,0,1
19.9322,1957,19801551,11,0,0,0
19.9424,1958,19811551,2509,1,0,1
19.9524,1959,19821551,41,0,0,0
19.9625,1960,19831551,2464,1,0,1
19.9721,1961,19841551,66,0,0,0
19.9823,1962,19851551,2438,1,0,1
19.9921,1963,19861551,83,0,0,0
20.0022,1964,19871551,2357,1,0,1
20.0123,1965,19881551,117,0,0,0
20.0225,1966,19891551,2320,1,0,1
20.0323,1967,19901551,143,0,0,0
20.0428,1968,19911551,2261,1,0,1
20.0522,1969,19921551,198,0,0,0
20.0623,1970,19931551,2217,1,0,1
20.0724,1971,19941551,248,0,0,0
20.0823,1972,19951551,2171,1,0,1
20.0923,1973,19961551,303,0,0,0
20.1022,1974,19971551,2047,1,0,1
20.1124,1975,19981551,362,0,0,0
20.1223,1976,19991551,2000,1,0,1
20.1324,1977,20001551,432,0,0,0
20.1422,1978,20011551,1941,1,0,1
20.1521,1979,20021551,460,0,0,0
20.1623,1980,20031551,1895,0,0,0
20.1723,1981,20041551,493,0,0,0
20.1822,1982,20051551,1809,0,0,0
20.1922,1983,20061551,555,0,0,0
20.2023,1984,20071551,1745,0,0,0
20.2123,1985,20081551,607,0,0,0
20.2224,1986,20091551,1698,0,0,0
20.2322,1987,20101551,656,0,0,0
20.2424,1988,20111551,1625,1,0,1
20.2523,1989,20121551,732,0,0,0
20.2625,1990,20131551,1520,0,0,0
20.2725,1991,20141551,819,0,0,0
20.2823,1992,20151551,1412,0,0,0
20.2923,1993,20161551,961,0,0,0
20.3024,1994,20171551,1255,0,0,0
20.3128,1995,20181551,1056,0,0,0
20.3224,1996,20191551,1169,0,0,0
20.3326,1997,20201551,1138,0,0,0
20.3425,1998,20211551,1050,0,0,0
20.3530,1999,20221551,1264,0,0,0
20.3622,2000,20231551,881,0,0,0
20.3725,2001,20241551,1351,0,0,0
20.3825,2002,20251551,766,0,0,0
20.3925,2003,20261551,1504,0,0,0
20.4024,2004,20271551,610,0,0,0
20.4123,2005,20281551,1686,0,0,0
20.4224,2006,20291551,448,0,0,0
20.4326,2007,20301551,1799,0,0,0
20.4422,2008,20311551,321,0,0,0
20.4523,2009,20321551,1877,0,0,0
20.4623,2010,20331551,240,0,0,0
20.4729,2011,20341551,1952,0,0,0
20.4823,2012,20351551,134,0,0,0
20.4924,2013,20361551,2021,0,0,0
20.5022,2014,20371551,48,0,0,0
20.5123,2015,20381551,2069,0,0,0
20.5223,2016,20391551,0,0,0,0
20.5324,2017,20401551,2175,1,0,1
20.5424,2018,20411551,0,0,0,0
20.5526,2019,20421551,2287,1,0,1
20.5620,2020,20431551,0,0,0,0
20.5723,2021,20441551,2405,1,0,1
20.5824,2022,20451551,0,0,0,0
20.5925,2023,20461551,2503,1,0,1
20.6020,2024,20471551,0,0,0,0
20.6122,2025,20481551,2599,1,0,1
20.6220,2026,20491551,0,0,0,0
20.6323,2027,20501551,2675,1,0,1
20.6421,2028,20511551,0,0,0,0
20.6524,2029,20521551,2750,1,0,1
20.6623,2030,20531551,0,0,0,0
20.6727,2031,20541551,2848,1,0,1
20.6821,2032,20551551,0,0,0,0
20.6926,2033,20561551,2927,1,0,1
20.7022,2034,20571551,0,0,0,0
20.7123,2035,20581551,3089,1,0,1
20.7225,2036,20591551,0,0,0,0
20.7326,2037,20601551,3195,1,0,1
20.7421,2038,20611551,0,0,0,0
20.7522,2039,20621551,3303,1,0,1
20.7621,2040,20631551,0,0,0,0
20.7725,2041,20641551,3398,1,0,1
20.7821,2042,20651551,0,0,0,0
20.7922,2043,20661551,3511,1,0,1
20.8021,2044,20671551,0,0,0,0
20.8123,2045,20681551,3670,1,0,1
20.8221,2046,20691551,0,0,0,0
20.8326,2047,20701551,3803,1,0,1
20.8426,2048,20711551,0,0,0,0
20.8523,2049,20721551,4005,1,0,1
20.8621,2050,20731551,0,0,0,0
20.8723,2051,20741551,4095,1,0,1
20.8822,2052,20751551,0,0,0,0
20.8922,2053,20761551,4095,1,0,1
20.9021,2054,20771551,0,0,0,0
20.9124,2055,20781551,4095,1,0,1
20.9222,2056,20791551,0,0,0,0
20.9325,2057,20801551,4095,1,0,1
20.9422,2058,20811551,0,0,0,0
20.9523,2059,20821551,4095,1,0,1
20.9621,2060,20831551,0,0,0,0
20.9727,2061,20841551,4095,1,0,1
20.9820,2062,20851551,0,0,0,0
20.9923,2063,20861551,4095,1,0,1
21.0021,2064,20871551,0,0,0,0
21.0123,2065,20881551,4095,1,0,1
21.0221,2066,20891551,0,0,0,0
21.0323,2067,20901551,4095,1,0,1
21.0422,2068,20911551,0,0,0,0
21.0524,2069,20921551,4095,1,0,1
21.0620,2070,20931551,0,0,0,0
21.0723,2071,20941551,4095,1,0,1
21.0823,2072,20951551,0,0,0,0
21.0924,2073,20961551,4095,1,0,1
21.1021,2074,20971551,0,0,0,0
21.1126,2075,20981551,4095,1,0,1
21.1222,2076,20991551,0,0,0,0
21.1324,2077,21001551,4095,1,0,1
21.1423,2078,21011551,0,0,0,0
21.1526,2079,21021551,4095,1,0,1
21.1624,2080,21031551,0,0,0,0
21.1724,2081,21041551,4095,1,0,1
21.1820,2082,21051551,0,0,0,0
21.1923,2083,21061551,4095,1,0,1
21.2020,2084,21071551,0,0,0,0
21.2124,2085,21081551,4095,1,0,1
21.2220,2086,21091551,0,0,0,0
21.2324,2087,21101551,4095,1,0,1
21.2425,2088,21111551,0,0,0,0
21.2526,2089,21121551,4095,1,0,1
21.2622,2090,21131551,0,0,0,0
21.2723,2091,21141551,4095,1,0,1
21.2820,2092,21151551,0,0,0,0
21.2924,2093,21161551,4095,1,0,1
21.3021,2094,21171551,0,0,0,0
21.3125,2095,21181551,4095,1,0,1
21.3220,2096,21191551,0,0,0,0
21.3324,2097,21201551,4095,1,0,1
21.3420,2098,21211551,0,0,0,0
21.3526,2099,21221551,4095,1,0,1
21.3622,2100,21231551,0,0,0,0
21.3723,2101,21241551,4095,1,0,1
21.3823,2102,21251551,0,0,0,0
21.3923,2103,21261551,4095,1,0,1
21.4021,2104,21271551,0,0,0,0
21.4123,2105,21281551,4095,1,0,1
21.4221,2106,21291551,0,0,0,0
21.4325,2107,21301551,4095,1,0,1
21.4420,2108,21311551,0,0,0,0
21.4525,2109,21321551,4095,1,0,1
21.4621,2110,21331551,0,0,0,0
21.4724,2111,21341551,4095,1,0,1
21.4822,2112,21351551,0,0,0,0
21.4925,2113,21361551,4095,1,0,1
21.5020,2114,21371551,0,0,0,0
21.5123,2115,21381551,4095,1,0,1
21.5223,2116,21391551,0,0,0,0
21.5326,2117,21401551,4095,1,0,1
21.5422,2118,21411551,0,0,0,0
21.5523,2119,21421551,4095,1,0,1
21.5621,2120,21431551,0,0,0,0
21.5729,2121,21441551,4095,1,0,1
21.5821,2122,21451551,0,0,0,0
21.5925,2123,21461551,4095,1,0,1
21.6022,2124,21471551,0,0,0,0
21.6123,2125,21481551,4095,1,0,1
21.6221,2126,21491551,0,0,0,0
21.6324,2127,21501551,4095,1,0,1
21.6420,2128,21511551,0,0,0,0
21.6523,2129,21521551,4095,1,0,1
21.6620,2130,21531551,0,0,0,0
21.6725,2131,21541551,4095,1,0,1
21.6820,2132,21551551,0,0,0,0
21.6923,2133,21561551,4095,1,0,1
21.7021,2134,21571551,0,0,0,0
21.7124,2135,21581551,4095,1,0,1
21.7220,2136,21591551,0,0,0,0
21.7322,2137,21601551,4095,1,0,1
21.7424,2138,21611551,0,0,0,0
21.7523,2139,21621551,4095,1,0,1
21.7621,2140,21631551,0,0,0,0
21.7724,2141,21641551,4095,1,0,1
21.7821,2142,21651551,0,0,0,0
21.7923,2143,21661551,4095,1,0,1
21.8020,2144,21671551,0,0,0,0
21.8124,2145,21681551,4095,1,0,1
21.8225,2146,21691551,0,0,0,0
21.8323,2147,21701551,4095,1,0,1
21.8421,2148,21711551,0,0,0,0
21.8524,2149,21721551,4095,1,0,1
21.8620,2150,21731551,0,0,0,0
21.8727,2151,21741551,4095,1,0,1
21.8822,2152,21751551,0,0,0,0
21.8922,2153,21761551,4095,1,0,1
21.9024,2154,21771551,0,0,0,0
21.9124,2155,21781551,4095,1,0,1
21.9221,2156,21791551,0,0,0,0
21.9324,2157,21801551,4095,1,0,1
21.9420,2158,21811551,0,0,0,0
21.9523,2159,21821551,4095,1,0,1
21.9622,2160,21831551,0,0,0,0
21.9729,2161,21841551,4095,1,0,1
21.9821,2162,21851551,0,0,0,0
21.9924,2163,21861551,4095,1,0,1
22.0022,2164,21871551,0,0,0,0
22.0125,2165,21881551,4095,1,0,1
22.0221,2166,21891551,0,0,0,0
22.0324,2167,21901551,4095,1,0,1
22.0420,2168,21911551,0,0,0,0
22.0525,2169,21921551,4095,1,0,1
22.0621,2170,21931551,0,0,0,0
22.0726,2171,21941551,4095,1,0,1
22.0823,2172,21951551,0,0,0,0
22.0923,2173,21961551,4095,1,0,1
22.1021,2174,21971551,0,0,0,0
22.1123,2175,21981551,4095,1,0,1
22.1223,2176,21991551,0,0,0,0
22.1325,2177,22001551,4095,1,0,1
22.1421,2178,22011551,0,0,0,0
22.1523,2179,22021551,4095,1,0,1
22.1621,2180,22031551,0,0,0,0
22.1727,2181,22041551,4095,1,0,1
22.1820,2182,22051551,0,0,0,0
22.1923,2183,22061551,4095,1,0,1
22.2021,2184,22071551,0,0,0,0
22.2123,2185,22081551,4095,1,0,1
22.2221,2186,22091551,0,0,0,0
22.2323,2187,22101551,4095,1,0,1
22.2420,2188,22111551,0,0,0,0
22.2523,2189,22121551,4095,1,0,1
22.2623,2190,22131551,0,0,0,0
22.2726,2191,22141551,4095,1,0,1
22.2822,2192,22151551,0,0,0,0
22.2924,2193,22161551,4095,1,0,1
22.3022,2194,22171551,0,0,0,0
22.3123,2195,22181551,4095,1,0,1
22.3221,2196,22191551,0,0,0,0
22.3325,2197,22201551,4095,1,0,1
22.3422,2198,22211551,0,0,0,0
22.3525,2199,22221551,4095,1,0,1
22.3623,2200,22231551,0,0,0,0
22.3725,2201,22241551,4095,1,0,1
22.3823,2202,22251551,0,0,0,0
22.3923,2203,22261551,4095,1,0,1
22.4022,2204,22271551,0,0,0,0
22.4123,2205,22281551,4095,1,0,1
22.4221,2206,22291551,0,0,0,0
22.4324,2207,22301551,4095,1,0,1
22.4421,2208,22311551,0,0,0,0
22.4525,2209,22321551,4095,1,0,1
22.4621,2210,22331551,0,0,0,0
22.4723,2211,22341551,4095,1,0,1
22.4821,2212,22351551,0,0,0,0
22.4923,2213,22361551,4095,1,0,1
22.5023,2214,22371551,0,0,0,0
22.5123,2215,22381551,4095,1,0,1
22.5222,2216,22391551,0,0,0,0
22.5325,2217,22401551,4095,1,0,1
22.5421,2218,22411551,0,0,0,0
22.5525,2219,22421551,4095,1,0,1
22.5623,2220,22431551,0,0,0,0
22.5723,2221,22441551,4095,1,0,1
22.5822,2222,22451551,0,0,0,0
22.5925,2223,22461551,4095,1,0,1
22.6023,2224,22471551,0,0,0,0
22.6126,2225,22481551,4095,1,0,1
22.6221,2226,22491551,0,0,0,0
22.6323,2227,22501551,4095,1,0,1
22.6422,2228,22511551,0,0,0,0
22.6523,2229,22521551,4095,1,0,1
22.6621,2230,22531551,0,0,0,0
22.6728,2231,22541551,4095,1,0,1
22.6823,2232,22551551,0,0,0,0
22.6925,2233,22561551,4095,1,0,1
22.7020,2234,22571551,0,0,0,0
22.7124,2235,22581551,4095,1,0,1
22.7222,2236,22591551,0,0,0,0
22.7323,2237,22601551,4095,1,0,1
22.7422,2238,22611551,0,0,0,0
22.7523,2239,22621551,4095,1,0,1
22.7620,2240,22631551,0,0,0,0
22.7722,2241,22641551,4095,1,0,1
22.7820,2242,22651551,0,0,0,0
22.7923,2243,22661551,4095,1,0,1
22.8021,2244,22671551,0,0,0,0
22.8123,2245,22681551,4095,1,0,1
22.8220,2246,22691551,0,0,0,0
22.8324,2247,22701551,4095,1,0,1
22.8420,2248,22711551,0,0,0,0
22.8524,2249,22721551,4095,1,0,1
22.8623,2250,22731551,0,0,0,0
22.8725,2251,22741551,4095,1,0,1
22.8830,2252,22751551,0,0,0,0
22.8925,2253,22761551,4095,1,0,1
22.9023,2254,22771551,0,0,0,0
22.9124,2255,22781551,4095,1,0,1
22.9221,2256,22791551,0,0,0,0
22.9324,2257,22801551,4095,1,0,1
22.9421,2258,22811551,0,0,0,0
22.9523,2259,22821551,4095,1,0,1
22.9622,2260,22831551,0,0,0,0
22.9726,2261,22841551,4095,1,0,1
22.9821,2262,22851551,0,0,0,0
22.9925,2263,22861551,4095,1,0,1
23.0022,2264,22871551,0,0,0,0
23.0123,2265,22881551,4095,1,0,1
23.0221,2266,22891551,0,0,0,0
23.0324,2267,22901551,4095,1,0,1
23.0424,2268,22911551,0,0,0,0
23.0524,2269,22921551,4095,1,0,1
23.0621,2270,22931551,0,0,0,0
23.0725,2271,22941551,4095,1,0,1
23.0821,2272,22951551,0,0,0,0
23.0924,2273,22961551,4095,1,0,1
23.1022,2274,22971551,0,0,0,0
23.1123,2275,22981551,4095,1,0,1
23.1222,2276,22991551,0,0,0,0
23.1323,2277,23001551,4095,1,0,1
23.1420,2278,23011551,0,0,0,0
23.1523,2279,23021551,4095,1,0,1
23.1621,2280,23031551,0,0,0,0
23.1723,2281,23041551,4095,1,0,1
23.1822,2282,23051551,0,0,0,0
23.1926,2283,23061551,4095,1,0,1
23.2023,2284,23071551,0,0,0,0
23.2123,2285,23081551,4095,1,0,1
23.2222,2286,23091551,0,0,0,0
23.2324,2287,23101551,4095,1,0,1
23.2422,2288,23111551,0,0,0,0
23.2524,2289,23121551,4095,1,0,1
23.2624,2290,23131551,0,0,0,0
23.2724,2291,23141551,4095,1,0,1
23.2821,2292,23151551,0,0,0,0
23.2924,2293,23161551,4095,1,0,1
23.3022,2294,23171551,0,0,0,0
23.3123,2295,23181551,4095,1,0,1
23.3222,2296,23191551,0,0,0,0
23.3323,2297,23201551,4095,1,0,1
23.3422,2298,23211551,0,0,0,0
23.3524,2299,23221551,4095,1,0,1
23.3624,2300,23231551,0,0,0,0
23.3724,2301,23241551,4095,1,0,1
23.3822,2302,23251551,0,0,0,0
23.3925,2303,23261551,4095,1,0,1
23.4024,2304,23271551,0,0,0,0
23.4123,2305,23281551,4095,1,0,1
23.4226,2306,23291551,0,0,0,0
23.4324,2307,23301551,4095,1,0,1
23.4424,2308,23311551,0,0,0,0
23.4524,2309,23321551,4095,1,1,1
23.4622,2310,23331551,0,0,0,0
23.4726,2311,23341551,4095,1,1,1
23.4820,2312,23351551,0,0,0,0
23.4923,2313,23361551,4095,1,1,1
23.5025,2314,23371551,0,0,0,0
23.5124,2315,23381551,4095,1,1,1
23.5221,2316,23391551,0,0,0,0
23.5323,2317,23401551,4095,1,1,1
23.5421,2318,23411551,0,0,0,0
23.5526,2319,23421551,4095,1,1,1
23.5622,2320,23431551,0,0,0,0
23.5725,2321,23441551,4095,1,1,1
23.5822,2322,23451551,0,0,0,0
23.5926,2323,23461551,4095,1,1,1
23.6020,2324,23471551,0,0,0,0
23.6124,2325,23481551,4095,1,1,1
23.6221,2326,23491551,0,0,0,0
23.6329,2327,23501551,4095,1,1,1
23.6424,2328,23511551,0,0,0,0
23.6524,2329,23521551,4095,1,1,1
23.6625,2330,23531551,0,0,0,0
23.6726,2331,23541551,4095,1,1,1
23.6824,2332,23551551,0,0,0,0
23.6924,2333,23561551,4095,1,1,1
23.7023,2334,23571551,0,0,0,0
23.7124,2335,23581551,4095,1,1,1
23.7223,2336,23591551,0,0,0,0
23.7325,2337,23601551,4095,1,1,1
23.7422,2338,23611551,0,0,0,0
23.7524,2339,23621551,4095,1,1,1
23.7623,2340,23631551,0,0,0,0
23.7724,2341,23641551,4095,1,1,1
23.7824,2342,23651551,0,0,0,0
23.7925,2343,23661551,4095,1,1,1
23.8021,2344,23671551,0,0,0,0
23.8124,2345,23681551,4095,1,1,1
23.8222,2346,23691551,0,0,0,0
23.8323,2347,23701551,4095,1,1,1
23.8426,2348,23711551,0,0,0,0
23.8524,2349,23721551,4095,1,1,1
23.8622,2350,23731551,0,0,0,0
23.8726,2351,23741551,4095,1,1,1
23.8821,2352,23751551,0,0,0,0
23.8924,2353,23761551,4095,1,1,1
23.9021,2354,23771551,0,0,0,0
23.9125,2355,23781551,4095,1,1,1
23.9220,2356,23791551,0,0,0,0
23.9325,2357,23801551,4095,1,1,1
23.9423,2358,23811551,0,0,0,0
23.9525,2359,23821551,4095,1,1,1
23.9620,2360,23831551,0,0,0,0
23.9724,2361,23841551,4095,1,1,1
23.9820,2362,23851551,0,0,0,0
23.9929,2363,23861551,4095,1,1,1
24.0020,2364,23871551,0,0,0,0
24.0123,2365,23881551,4095,1,1,1
24.0220,2366,23891551,0,0,0,0
24.0326,2367,23901551,4095,1,1,1
24.0422,2368,23911551,0,0,0,0
24.0524,2369,23921551,4095,1,1,1
24.0620,2370,23931551,0,0,0,0
24.0724,2371,23941551,4095,1,1,1
24.0820,2372,23951551,0,0,0,0
24.0925,2373,23961551,4095,1,1,1
24.1024,2374,23971551,0,0,0,0
24.1124,2375,23981551,4095,1,1,1
24.1221,2376,23991551,0,0,0,0
24.1325,2377,24001551,4095,1,1,1
24.1421,2378,24011551,0,0,0,0
24.1526,2379,24021551,4095,1,1,1
24.1620,2380,24031551,0,0,0,0
24.1725,2381,24041551,4095,1,1,1
24.1822,2382,24051551,0,0,0,0
24.1923,2383,24061551,4095,1,1,1
24.2020,2384,24071551,0,0,0,0
24.2123,2385,24081551,4095,1,1,1
24.2220,2386,24091551,0,0,0,0
24.2322,2387,24101551,4095,1,1,1
24.2420,2388,24111551,0,0,0,0
24.2524,2389,24121551,4095,1,1,1
24.2623,2390,24131551,0,0,0,0
24.2727,2391,24141551,4095,1,1,1
24.2823,2392,24151551,0,0,0,0
24.2925,2393,24161551,4095,1,1,1
24.3021,2394,24171551,0,0,0,0
24.3125,2395,24181551,4095,1,1,1
24.3222,2396,24191551,0,0,0,0
24.3325,2397,24201551,4095,1,1,1
24.3421,2398,24211551,0,0,0,0
24.3525,2399,24221551,4095,1,1,1
24.3623,2400,24231551,0,0,0,0
24.3723,2401,24241551,4095,1,1,1
24.3822,2402,24251551,0,0,0,0
24.3925,2403,24261551,4095,1,1,1
24.4022,2404,24271551,0,0,0,0
24.4125,2405,24281551,4095,1,1,1
24.4220,2406,24291551,0,0,0,0
24.4324,2407,24301551,4095,1,1,1
24.4422,2408,24311551,0,0,0,0
24.4523,2409,24321551,4095,1,1,1
24.4622,2410,24331551,0,0,0,0
24.4727,2411,24341551,4095,1,1,1
24.4822,2412,24351551,0,0,0,0
24.4924,2413,24361551,4095,1,1,1
24.5022,2414,24371551,0,0,0,0
24.5125,2415,24381551,4095,1,1,1
24.5220,2416,24391551,0,0,0,0
24.5324,2417,24401551,4095,1,1,1
24.5422,2418,24411551,0,0,0,0
24.5526,2419,24421551,4095,1,1,1
24.5620,2420,24431551,0,0,0,0
24.5725,2421,24441551,4095,1,1,1
24.5822,2422,24451551,0,0,0,0
24.5926,2423,24461551,4095,1,1,1
24.6020,2424,24471551,0,0,0,0
24.6124,2425,24481551,4095,1,1,1
24.6224,2426,24491551,0,0,0,0
24.6324,2427,24501551,4095,1,1,1
24.6422,2428,24511551,0,0,0,0
24.6524,2429,24521551,4095,1,1,1
24.6620,2430,24531551,0,0,0,0
24.6724,2431,24541551,4095,1,1,1
24.6820,2432,24551551,0,0,0,0
24.6925,2433,24561551,4095,1,1,1
24.7023,2434,24571551,0,0,0,0
24.7124,2435,24581551,4095,1,1,1
24.7220,2436,24591551,0,0,0,0
24.7324,2437,24601551,4095,1,1,1
24.7423,2438,24611551,0,0,0,0
24.7527,2439,24621551,4095,1,1,1
24.7620,2440,24631551,0,0,0,0
24.7726,2441,24641551,4095,1,1,1
24.7822,2442,24651551,0,0,0,0
24.7926,2443,24661551,4095,1,1,1
24.8021,2444,24671551,0,0,0,0
24.8125,2445,24681551,4095,1,0,1
24.8220,2446,24691551,0,0,0,0
24.8323,2447,24701551,4095,1,1,1
24.8423,2448,24711551,0,0,0,0
24.8525,2449,24721551,4095,1,1,1
24.8622,2450,24731551,0,0,0,0
24.8723,2451,24741551,4095,1,1,1
24.8824,2452,24751551,0,0,0,0
24.8922,2453,24761551,4095,1,0,1
24.9020,2454,24771551,0,0,0,0
24.9123,2455,24781551,2948,1,0,1
24.9220,2456,24791551,0,0,0,0
24.9322,2457,24801551,2930,1,0,1
24.9419,2458,24811551,0,0,0,0
24.9522,2459,24821551,2935,1,0,1
24.9620,2460,24831551,0,0,0,0
24.9724,2461,24841551,2947,1,0,1
24.9821,2462,24851551,0,0,0,0
24.9922,2463,24861551,4095,1,1,1
25.0019,2464,24871551,0,0,0,0
25.0122,2465,24881551,2938,1,1,1
25.0220,2466,24891551,0,0,0,0
25.0324,2467,24901551,4063,1,0,1
25.0421,2468,24911551,0,0,0,0
25.0524,2469,24921551,2902,1,1,1
25.0621,2470,24931551,0,0,0,0
25.0724,2471,24941551,2928,1,1,1
25.0821,2472,24951551,0,0,0,0
25.0923,2473,24961551,4095,1,1,1
25.1026,2474,24971551,0,0,0,0
25.1123,2475,24981551,4011,1,0,1
25.1220,2476,24991551,0,0,0,0
25.1324,2477,25001551,4037,1,1,1
25.1420,2478,25011551,0,0,0,0
25.1524,2479,25021551,4010,1,0,1
25.1620,2480,25031551,0,0,0,0
25.1725,2481,25041551,2858,1,0,1
25.1821,2482,25051551,0,0,0,0
25.1924,2483,25061551,2883,1,0,1
25.2023,2484,25071551,0,0,0,0
25.2126,2485,25081551,2835,1,0,1
25.2222,2486,25091551,0,0,0,0
25.2323,2487,25101551,2891,1,0,1
25.2423,2488,25111551,0,0,0,0
25.2525,2489,25121551,2835,1,0,1
25.2620,2490,25131551,0,0,0,0
25.2724,2491,25141551,2835,1,0,1
25.2820,2492,25151551,0,0,0,0
25.2923,2493,25161551,2773,1,0,1
25.3021,2494,25171551,0,0,0,0
25.3126,2495,25181551,2764,1,0,1
25.3223,2496,25191551,0,0,0,0
25.3323,2497,25201551,2757,1,0,1
25.3424,2498,25211551,0,0,0,0
25.3523,2499,25221551,2768,1,0,1
25.3623,2500,25231551,0,0,0,0
25.3724,2501,25241551,2738,1,0,1
25.3821,2502,25251551,0,0,0,0
25.3924,2503,25261551,2727,1,0,1
25.4021,2504,25271551,0,0,0,0
25.4124,2505,25281551,2704,1,0,1
25.4220,2506,25291551,0,0,0,0
25.4324,2507,25301551,2687,1,0,1
25.4421,2508,25311551,0,0,0,0
25.4525,2509,25321551,2704,1,0,1
25.4624,2510,25331551,0,0,0,0
25.4723,2511,25341551,2625,1,0,1
25.4822,2512,25351551,0,0,0,0
25.4923,2513,25361551,2583,1,0,1
25.5023,2514,25371551,0,0,0,0
25.5124,2515,25381551,2559,1,0,1
25.5224,2516,25391551,16,0,0,0
25.5322,2517,25401551,2493,1,0,1
25.5421,2518,25411551,51,0,0,0
25.5525,2519,25421551,2486,1,0,1
25.5622,2520,25431551,93,0,0,0
25.5725,2521,25441551,2442,1,0,1
25.5824,2522,25451551,112,0,0,0
25.5926,2523,25461551,2368,1,0,1
25.6024,2524,25471551,127,0,0,0
25.6125,2525,25481551,2305,1,0,1
25.6223,2526,25491551,164,0,0,0
25.6325,2527,25501551,2263,1,0,1
25.6425,2528,25511551,208,0,0,0
25.6524,2529,25521551,2185,1,0,1
25.6623,2530,25531551,273,0,0,0
25.6723,2531,25541551,2108,1,0,1
25.6826,2532,25551551,354,0,0,0
25.6925,2533,25561551,2047,1,0,1
25.7023,2534,25571551,391,0,0,0
25.7125,2535,25581551,2005,1,0,1
25.7222,2536,25591551,464,0,0,0
25.7323,2537,25601551,1872,0,0,0
25.7423,2538,25611551,528,0,0,0
25.7523,2539,25621551,1808,0,0,0
25.7625,2540,25631551,591,0,0,0
25.7724,2541,25641551,1744,0,0,0
25.7827,2542,25651551,641,0,0,0
25.7924,2543,25661551,1691,0,0,0
25.8023,2544,25671551,700,0,0,0
25.8123,2545,25681551,1605,1,0,1
25.8224,2546,25691551,766,0,0,0
25.8325,2547,25701551,1473,0,0,0
25.8424,2548,25711551,844,0,0,0
25.8525,2549,25721551,1378,0,0,0
25.8624,2550,25731551,967,0,0,0
25.8725,2551,25741551,1265,0,0,0
25.8823,2552,25751551,1053,0,0,0
25.8926,2553,25761551,1159,0,0,0
25.9025,2554,25771551,1159,0,0,0
25.9122,2555,25781551,991,0,0,0
25.9227,2556,25791551,1289,0,0,0
25.9325,2557,25801551,845,0,0,0
25.9424,2558,25811551,1434,0,0,0
25.9522,2559,25821551,703,0,0,0
25.9623,2560,25831551,1554,0,0,0
25.9724,2561,25841551,566,0,0,0
25.9823,2562,25851551,1714,0,0,0
25.9924,2563,25861551,411,0,0,0
26.0023,2564,25871551,1839,0,0,0
26.0124,2565,25881551,267,0,0,0
26.0223,2566,25891551,1926,0,0,0
26.0322,2567,25901551,167,0,0,0
26.0424,2568,25911551,2000,0,0,0
26.0523,2569,25921551,71,0,0,0
26.0625,2570,25931551,2079,0,0,0
26.0723,2571,25941551,0,0,0,0
26.0824,2572,25951551,2219,1,0,1
26.0923,2573,25961551,0,0,0,0
26.1025,2574,25971551,2347,1,0,1
26.1122,2575,25981551,0,0,0,0
26.1225,2576,25991551,2464,1,0,1
26.1324,2577,26001551,0,0,0,0
26.1424,2578,26011551,2602,1,0,1
26.1523,2579,26021551,0,0,0,0
26.1624,2580,26031551,2684,1,0,1
26.1725,2581,26041551,0,0,0,0
26.1825,2582,26051551,2772,1,0,1
26.1922,2583,26061551,0,0,0,0
26.2024,2584,26071551,2845,1,0,1
26.2120,2585,26081551,0,0,0,0
26.2224,2586,26091551,2961,1,0,1
26.2322,2587,26101551,0,0,0,0
26.2422,2588,26111551,3083,1,0,1
26.2522,2589,26121551,0,0,0,0
26.2623,2590,26131551,3225,1,0,1
26.2722,2591,26141551,0,0,0,0
26.2824,2592,26151551,3366,1,0,1
26.2921,2593,26161551,0,0,0,0
26.3023,2594,26171551,3455,1,0,1
26.3123,2595,26181551,0,0,0,0
26.3225,2596,26191551,3579,1,0,1
26.3322,2597,26201551,0,0,0,0
26.3423,2598,26211551,3751,1,0,1
26.3524,2599,26221551,0,0,0,0
26.3623,2600,26231551,3943,1,0,1
26.3720,2601,26241551,0,0,0,0
26.3824,2602,26251551,4095,1,0,1
26.3921,2603,26261551,0,0,0,0
26.4025,2604,26271551,4095,1,0,1
26.4123,2605,26281551,0,0,0,0
26.4225,2606,26291551,4095,1,0,1
26.4320,2607,26301551,0,0,0,0
26.4423,2608,26311551,4095,1,0,1
26.4524,2609,26321551,0,0,0,0
26.4627,2610,26331551,4095,1,0,1
26.4720,2611,26341551,0,0,0,0
26.4824,2612,26351551,4095,1,0,1
26.4922,2613,26361551,0,0,0,0
26.5024,2614,26371551,4095,1,0,1
26.5121,2615,26381551,0,0,0,0
26.5223,2616,26391551,4095,1,0,1
26.5324,2617,26401551,0,0,0,0
26.5423,2618,26411551,4095,1,0,1
26.5524,2619,26421551,0,0,0,0
26.5624,2620,26431551,4095,1,0,1
26.5724,2621,26441551,0,0,0,0
26.5823,2622,26451551,4095,1,0,1
26.5922,2623,26461551,0,0,0,0
26.6023,2624,26471551,4095,1,0,1
26.6122,2625,26481551,0,0,0,0
26.6225,2626,26491551,4095,1,0,1
26.6322,2627,26501551,0,0,0,0
26.6425,2628,26511551,4095,1,0,1
26.6524,2629,26521551,0,0,0,0
26.6623,2630,26531551,4095,1,0,1
26.6725,2631,26541551,0,0,0,0
26.6822,2632,26551551,4095,1,0,1
26.6922,2633,26561551,0,0,0,0
26.7025,2634,26571551,4095,1,0,1
26.7123,2635,26581551,0,0,0,0
26.7226,2636,26591551,4095,1,0,1
26.7324,2637,26601551,0,0,0,0
26.7424,2638,26611551,4095,1,0,1
26.7522,2639,26621551,0,0,0,0
26.7624,2640,26631551,4095,1,0,1
26.7721,2641,26641551,0,0,0,0
26.7824,2642,26651551,4095,1,0,1
26.7923,2643,26661551,0,0,0,0
26.8025,2644,26671551,4095,1,0,1
26.8125,2645,26681551,0,0,0,0
26.8228,2646,26691551,4095,1,0,1
26.8320,2647,26701551,0,0,0,0
26.8425,2648,26711551,4095,1,0,1
26.8522,2649,26721551,0,0,0,0
26.8623,2650,26731551,4095,1,0,1
26.8724,2651,26741551,0,0,0,0
26.8826,2652,26751551,4095,1,0,1
26.8923,2653,26761551,0,0,0,0
26.9023,2654,26771551,4095,1,0,1
26.9124,2655,26781551,0,0,0,0
26.9222,2656,26791551,4095,1,0,1
26.9327,2657,26801551,0,0,0,0
26.9425,2658,26811551,4095,1,0,1
26.9526,2659,26821551,0,0,0,0
26.9625,2660,26831551,4095,1,0,1
26.9722,2661,26841551,0,0,0,0
26.9823,2662,26851551,4095,1,0,1
26.9920,2663,26861551,0,0,0,0
27.0025,2664,26871551,4095,1,0,1
27.0121,2665,26881551,0,0,0,0
27.0227,2666,26891551,4095,1,0,1
27.0323,2667,26901551,0,0,0,0
27.0433,2668,26911551,4095,1,0,1
27.0523,2669,26921551,0,0,0,0
27.0623,2670,26931551,4095,1,0,1
27.0724,2671,26941551,0,0,0,0
27.0826,2672,26951551,4095,1,0,1
27.0923,2673,26961551,0,0,0,0
27.1023,2674,26971551,4095,1,0,1
27.1122,2675,26981551,0,0,0,0
27.1222,2676,26991551,4095,1,0,1
27.1320,2677,27001551,0,0,0,0
27.1422,2678,27011551,4095,1,0,1
27.1520,2679,27021551,0,0,0,0
27.1624,2680,27031551,4095,1,0,1
27.1721,2681,27041551,0,0,0,0
27.1824,2682,27051551,4095,1,0,1
27.1922,2683,27061551,0,0,0,0
27.2024,2684,27071551,4095,1,0,1
27.2123,2685,27081551,0,0,0,0
27.2234,2686,27091551,4095,1,0,1
27.2324,2687,27101551,0,0,0,0
27.2424,2688,27111551,4095,1,0,1
27.2523,2689,27121551,0,0,0,0
27.2625,2690,27131551,4095,1,0,1
27.2722,2691,27141551,0,0,0,0
27.2824,2692,27151551,4095,1,0,1
27.2923,2693,27161551,0,0,0,0
27.3023,2694,27171551,4095,1,0,1
27.3120,2695,27181551,0,0,0,0
27.3224,2696,27191551,4095,1,0,1
27.3321,2697,27201551,0,0,0,0
27.3422,2698,27211551,4095,1,0,1
27.3522,2699,27221551,0,0,0,0
27.3623,2700,27231551,4095,1,0,1
27.3725,2701,27241551,0,0,0,0
27.3823,2702,27251551,4095,1,0,1
27.3922,2703,27261551,0,0,0,0
27.4024,2704,27271551,4095,1,0,1
27.4123,2705,27281551,0,0,0,0
27.4225,2706,27291551,4095,1,0,1
27.4322,2707,27301551,0,0,0,0
27.4425,2708,27311551,4095,1,0,1
27.4523,2709,27321551,0,0,0,0
27.4625,2710,27331551,4095,1,0,1
27.4723,2711,27341551,0,0,0,0
27.4822,2712,27351551,4095,1,0,1
27.4924,2713,27361551,0,0,0,0
27.5025,2714,27371551,4095,1,0,1
27.5125,2715,27381551,0,0,0,0
27.5224,2716,27391551,4095,1,0,1
27.5322,2717,27401551,0,0,0,0
27.5425,2718,27411551,4095,1,0,1
27.5524,2719,27421551,0,0,0,0
27.5623,2720,27431551,4095,1,0,1
27.5721,2721,27441551,0,0,0,0
27.5824,2722,27451551,4095,1,0,1
27.5922,2723,27461551,0,0,0,0
27.6024,2724,27471551,4095,1,0,1
27.6121,2725,27481551,0,0,0,0
27.6223,2726,27491551,4095,1,0,1
27.6323,2727,27501551,0,0,0,0
27.6424,2728,27511551,4095,1,0,1
27.6522,2729,27521551,0,0,0,0
27.6624,2730,27531551,4095,1,0,1
27.6723,2731,27541551,0,0,0,0
27.6825,2732,27551551,4095,1,0,1
27.6924,2733,27561551,0,0,0,0
27.7025,2734,27571551,4095,1,0,1
27.7120,2735,27581551,0,0,0,0
27.7224,2736,27591551,4095,1,0,1
27.7321,2737,27601551,0,0,0,0
27.7423,2738,27611551,4095,1,0,1
27.7520,2739,27621551,0,0,0,0
27.7624,2740,27631551,4095,1,0,1
27.7721,2741,27641551,0,0,0,0
27.7824,2742,27651551,4095,1,0,1
27.7920,2743,27661551,0,0,0,0
27.8025,2744,27671551,4095,1,0,1
27.8124,2745,27681551,0,0,0,0
27.8225,2746,27691551,4095,1,0,1
27.8328,2747,27701551,0,0,0,0
27.8424,2748,27711551,4095,1,0,1
27.8520,2749,27721551,0,0,0,0
27.8623,2750,27731551,4095,1,0,1
27.8722,2751,27741551,0,0,0,0
27.8824,2752,27751551,4095,1,0,1
27.8925,2753,27761551,0,0,0,0
27.9026,2754,27771551,4095,1,0,1
27.9123,2755,27781551,0,0,0,0
27.9224,2756,27791551,4095,1,0,1
27.9328,2757,27801551,0,0,0,0
27.9422,2758,27811551,4095,1,0,1
27.9526,2759,27821551,0,0,0,0
27.9623,2760,27831551,4095,1,0,1
27.9720,2761,27841551,0,0,0,0
27.9824,2762,27851551,4095,1,0,1
27.9926,2763,27861551,0,0,0,0
28.0025,2764,27871551,4095,1,0,1
28.0120,2765,27881551,0,0,0,0
28.0224,2766,27891551,4095,1,0,1
28.0320,2767,27901551,0,0,0,0
28.0424,2768,27911551,4095,1,0,1
28.0525,2769,27921551,0,0,0,0
28.0623,2770,27931551,4095,1,0,1
28.0720,2771,27941551,0,0,0,0
28.0825,2772,27951551,4095,1,0,1
28.0921,2773,27961551,0,0,0,0
28.1031,2774,27971551,4095,1,0,1
28.1120,2775,27981551,0,0,0,0
28.1225,2776,27991551,4095,1,0,1
28.1321,2777,28001551,0,0,0,0
28.1423,2778,28011551,4095,1,0,1
28.1520,2779,28021551,0,0,0,0
28.1624,2780,28031551,4095,1,0,1
28.1720,2781,28041551,0,0,0,0
28.1824,2782,28051551,4095,1,0,1
28.1921,2783,28061551,0,0,0,0
28.2023,2784,28071551,4095,1,0,1
28.2123,2785,28081551,0,0,0,0
28.2223,2786,28091551,4095,1,0,1
28.2320,2787,28101551,0,0,0,0
28.2423,2788,28111551,4095,1,0,1
28.2523,2789,28121551,0,0,0,0
28.2624,2790,28131551,4095,1,0,1
28.2722,2791,28141551,0,0,0,0
28.2822,2792,28151551,4095,1,0,1
28.2921,2793,28161551,0,0,0,0
28.3023,2794,28171551,4095,1,0,1
28.3120,2795,28181551,0,0,0,0
28.3223,2796,28191551,4095,1,0,1
28.3322,2797,28201551,0,0,0,0
28.3427,2798,28211551,4095,1,0,1
28.3521,2799,28221551,0,0,0,0
28.3623,2800,28231551,4095,1,0,1
28.3721,2801,28241551,0,0,0,0
28.3824,2802,28251551,4095,1,0,1
28.3923,2803,28261551,0,0,0,0
28.4025,2804,28271551,4095,1,0,1
28.4120,2805,28281551,0,0,0,0
28.4223,2806,28291551,4095,1,0,1
28.4322,2807,28301551,0,0,0,0
28.4423,2808,28311551,4095,1,0,1
28.4523,2809,28321551,0,0,0,0
28.4623,2810,28331551,4095,1,0,1
28.4724,2811,28341551,0,0,0,0
28.4824,2812,28351551,4095,1,0,1
28.4921,2813,28361551,0,0,0,0
28.5023,2814,28371551,4095,1,0,1
28.5121,2815,28381551,0,0,0,0
28.5223,2816,28391551,4095,1,0,1
28.5321,2817,28401551,0,0,0,0
28.5423,2818,28411551,4095,1,0,1
28.5521,2819,28421551,0,0,0,0
28.5625,2820,28431551,4095,1,0,1
28.5723,2821,28441551,0,0,0,0
28.5826,2822,28451551,4095,1,0,1
28.5919,2823,28461551,0,0,0,0
28.6025,2824,28471551,4095,1,0,1
28.6120,2825,28481551,0,0,0,0
28.6224,2826,28491551,4095,1,0,1
28.6323,2827,28501551,0,0,0,0
28.6425,2828,28511551,4095,1,0,1
28.6521,2829,28521551,0,0,0,0
28.6623,2830,28531551,4095,1,0,1
28.6723,2831,28541551,0,0,0,0
28.6825,2832,28551551,4095,1,0,1
28.6920,2833,28561551,0,0,0,0
28.7022,2834,28571551,4095,1,0,1
28.7120,2835,28581551,0,0,0,0
28.7225,2836,28591551,4095,1,0,1
28.7321,2837,28601551,0,0,0,0
28.7425,2838,28611551,4095,1,1,1
28.7522,2839,28621551,0,0,0,0
28.7625,2840,28631551,4095,1,0,1
28.7722,2841,28641551,0,0,0,0
28.7823,2842,28651551,4095,1,1,1
28.7921,2843,28661551,0,0,0,0
28.8023,2844,28671551,4095,1,1,1
28.8123,2845,28681551,0,0,0,0
28.8226,2846,28691551,4095,1,1,1
28.8321,2847,28701551,0,0,0,0
28.8424,2848,28711551,4095,1,1,1
28.8522,2849,28721551,0,0,0,0
28.8625,2850,28731551,4095,1,1,1
28.8720,2851,28741551,0,0,0,0
28.8822,2852,28751551,4095,1,1,1
28.8920,2853,28761551,0,0,0,0
28.9023,2854,28771551,4095,1,1,1
28.9122,2855,28781551,0,0,0,0
28.9225,2856,28791551,4095,1,1,1
28.9320,2857,28801551,0,0,0,0
28.9427,2858,28811551,4095,1,1,1
28.9520,2859,28821551,0,0,0,0
28.9625,2860,28831551,4095,1,1,1
28.9725,2861,28841551,0,0,0,0
28.9825,2862,28851551,4095,1,1,1
28.9921,2863,28861551,0,0,0,0
29.0025,2864,28871551,4095,1,1,1
29.0121,2865,28881551,0,0,0,0
29.0225,2866,28891551,4095,1,1,1
29.0320,2867,28901551,0,0,0,0
29.0426,2868,28911551,4095,1,1,1
29.0524,2869,28921551,0,0,0,0
29.0623,2870,28931551,4095,1,1,1
29.0722,2871,28941551,0,0,0,0
29.0823,2872,28951551,4095,1,1,1
29.0923,2873,28961551,0,0,0,0
29.1025,2874,28971551,4095,1,1,1
29.1121,2875,28981551,0,0,0,0
29.1225,2876,28991551,4095,1,1,1
29.1322,2877,29001551,0,0,0,0
29.1424,2878,29011551,4095,1,1,1
29.1522,2879,29021551,0,0,0,0
29.1624,2880,29031551,4095,1,1,1
29.1723,2881,29041551,0,0,0,0
29.1823,2882,29051551,4095,1,1,1
29.1920,2883,29061551,0,0,0,0
29.2025,2884,29071551,4095,1,1,1
29.2124,2885,29081551,0,0,0,0
29.2225,2886,29091551,4095,1,1,1
29.2323,2887,29101551,0,0,0,0
29.2423,2888,29111551,4095,1,1,1
29.2524,2889,29121551,0,0,0,0
29.2623,2890,29131551,4095,1,1,1
29.2721,2891,29141551,0,0,0,0
29.2824,2892,29151551,4095,1,1,1
29.2922,2893,29161551,0,0,0,0
29.3023,2894,29171551,4095,1,1,1
29.3119,2895,29181551,0,0,0,0
29.3222,2896,29191551,4095,1,1,1
29.3319,2897,29201551,0,0,0,0
29.3423,2898,29211551,4095,1,1,1
29.3519,2899,29221551,0,0,0,0
29.3623,2900,29231551,4095,1,1,1
29.3722,2901,29241551,0,0,0,0
29.3822,2902,29251551,4095,1,1,1
29.3922,2903,29261551,0,0,0,0
29.4024,2904,29271551,4095,1,1,1
29.4122,2905,29281551,0,0,0,0
29.4224,2906,29291551,4095,1,1,1
29.4320,2907,29301551,0,0,0,0
29.4423,2908,29311551,4095,1,1,1
29.4523,2909,29321551,0,0,0,0
29.4623,2910,29331551,4095,1,1,1
29.4722,2911,29341551,0,0,0,0
29.4825,2912,29351551,4095,1,1,1
29.4923,2913,29361551,0,0,0,0
29.5023,2914,29371551,4095,1,1,1
29.5121,2915,29381551,0,0,0,0
29.5224,2916,29391551,4095,1,1,1
29.5323,2917,29401551,0,0,0,0
29.5424,2918,29411551,4095,1,1,1
29.5524,2919,29421551,0,0,0,0
29.5625,2920,29431551,4095,1,1,1
29.5724,2921,29441551,0,0,0,0
29.5823,2922,29451551,4095,1,1,1
29.5922,2923,29461551,0,0,0,0
29.6025,2924,29471551,4095,1,1,1
29.6123,2925,29481551,0,0,0,0
29.6224,2926,29491551,4095,1,1,1
29.6324,2927,29501551,0,0,0,0
29.6424,2928,29511551,4095,1,1,1
29.6521,2929,29521551,0,0,0,0
29.6624,2930,29531551,4095,1,1,1
29.6722,2931,29541551,0,0,0,0
29.6824,2932,29551551,4095,1,1,1
29.6921,2933,29561551,0,0,0,0
29.7024,2934,29571551,4095,1,1,1
29.7122,2935,29581551,0,0,0,0
29.7224,2936,29591551,4095,1,1,1
29.7323,2937,29601551,0,0,0,0
29.7425,2938,29611551,4095,1,1,1
29.7521,2939,29621551,0,0,0,0
29.7624,2940,29631551,4095,1,1,1
29.7724,2941,29641551,0,0,0,0
29.7825,2942,29651551,4095,1,1,1
29.7921,2943,29661551,0,0,0,0
29.8023,2944,29671551,4095,1,1,1
29.8123,2945,29681551,0,0,0,0
29.8228,2946,29691551,4095,1,1,1
29.8321,2947,29701551,0,0,0,0
29.8423,2948,29711551,4095,1,1,1
29.8523,2949,29721551,0,0,0,0
29.8623,2950,29731551,4095,1,1,1
29.8721,2951,29741551,0,0,0,0
29.8826,2952,29751551,4095,1,1,1
29.8925,2953,29761551,0,0,0,0
29.9026,2954,29771551,4095,1,1,1
29.9121,2955,29781551,0,0,0,0
29.9224,2956,29791551,4095,1,1,1
29.9320,2957,29801551,0,0,0,0
29.9423,2958,29811551,4095,1,1,1
29.9521,2959,29821551,0,0,0,0
29.9623,2960,29831551,4095,1,1,1
29.9720,2961,29841551,0,0,0,0
29.9823,2962,29851551,4095,1,1,1
29.9921,2963,29861551,0,0,0,0
30.0022,2964,29871551,4095,1,1,1
30.0120,2965,29881551,0,0,0,0
30.0223,2966,29891551,4095,1,1,1
30.0319,2967,29901551,0,0,0,0
30.0422,2968,29911551,4095,1,0,1
30.0520,2969,29921551,0,0,0,0
30.0623,2970,29931551,4095,1,1,1
30.0721,2971,29941551,0,0,0,0
30.0823,2972,29951551,4095,1,1,1
30.0923,2973,29961551,0,0,0,0
30.1023,2974,29971551,4095,1,1,1
30.1121,2975,29981551,0,0,0,0
30.1224,2976,29991551,4095,1,1,1
30.1322,2977,30001551,0,0,0,0
30.1424,2978,30011551,2941,1,0,1
30.1523,2979,30021551,0,0,0,0
30.1625,2980,30031551,2913,1,0,1
30.1723,2981,30041551,0,0,0,0
30.1825,2982,30051551,2909,1,0,1
30.1921,2983,30061551,0,0,0,0
30.2025,2984,30071551,2972,1,1,1
30.2122,2985,30081551,0,0,0,0
30.2224,2986,30091551,4095,1,1,1
30.2321,2987,30101551,0,0,0,0
30.2426,2988,30111551,4095,1,1,1
30.2525,2989,30121551,0,0,0,0
30.2624,2990,30131551,2893,1,0,1
30.2723,2991,30141551,0,0,0,0
30.2824,2992,30151551,4048,1,0,1
30.2921,2993,30161551,0,0,0,0
30.3023,2994,30171551,2919,1,1,1
30.3122,2995,30181551,0,0,0,0
30.3225,2996,30191551,4076,1,1,1
30.3323,2997,30201551,0,0,0,0
30.3424,2998,30211551,2903,1,1,1
30.3522,2999,30221551,0,0,0,0
30.3624,3000,30231551,2870,1,0,1
30.3721,3001,30241551,0,0,0,0
30.3823,3002,30251551,4091,1,0,1
30.3921,3003,30261551,0,0,0,0
30.4024,3004,30271551,2879,1,0,1
30.4122,3005,30281551,0,0,0,0
30.4224,3006,30291551,2817,1,0,1
30.4321,3007,30301551,0,0,0,0
30.4423,3008,30311551,2857,1,0,1
30.4523,3009,30321551,0,0,0,0
30.4624,3010,30331551,2816,1,0,1
30.4724,3011,30341551,0,0,0,0
30.4825,3012,30351551,2843,1,0,1
30.4920,3013,30361551,0,0,0,0
30.5023,3014,30371551,2803,1,0,1
30.5123,3015,30381551,0,0,0,0
30.5224,3016,30391551,2759,1,0,1
30.5324,3017,30401551,0,0,0,0
30.5423,3018,30411551,2747,1,0,1
30.5525,3019,30421551,0,0,0,0
30.5622,3020,30431551,2739,1,0,1
30.5727,3021,30441551,0,0,0,0
30.5823,3022,30451551,2707,1,0,1
30.5922,3023,30461551,0,0,0,0
30.6023,3024,30471551,2705,1,0,1
30.6120,3025,30481551,0,0,0,0
30.6223,3026,30491551,2690,1,0,1
30.6321,3027,30501551,0,0,0,0
30.6426,3028,30511551,2614,1,0,1
30.6523,3029,30521551,0,0,0,0
30.6625,3030,30531551,2595,1,0,1
30.6724,3031,30541551,0,0,0,0
30.6826,3032,30551551,2559,1,0,1
30.6921,3033,30561551,0,0,0,0
30.7023,3034,30571551,2512,1,0,1
30.7121,3035,30581551,21,0,0,0
30.7223,3036,30591551,2522,1,0,1
30.7323,3037,30601551,54,0,0,0
30.7424,3038,30611551,2447,1,0,1
30.7521,3039,30621551,84,0,0,0
30.7625,3040,30631551,2407,1,0,1
30.7726,3041,30641551,112,0,0,0
30.7825,3042,30651551,2350,1,0,1
30.7923,3043,30661551,151,0,0,0
30.8024,3044,30671551,2277,1,0,1
30.8122,3045,30681551,198,0,0,0
30.8225,3046,30691551,2213,1,0,1
30.8323,3047,30701551,256,0,0,0
30.8424,3048,30711551,2138,1,0,1
30.8522,3049,30721551,324,0,0,0
30.8624,3050,30731551,2046,1,0,1
30.8721,3051,30741551,381,0,0,0
30.8823,3052,30751551,1986,1,0,1
30.8922,3053,30761551,449,0,0,0
30.9023,3054,30771551,1919,0,0,0
30.9122,3055,30781551,510,0,0,0
30.9223,3056,30791551,1823,0,0,0
30.9322,3057,30801551,572,0,0,0
30.9423,3058,30811551,1746,0,0,0
30.9522,3059,30821551,634,0,0,0
30.9622,3060,30831551,1675,1,0,1
30.9722,3061,30841551,699,0,0,0
30.9822,3062,30851551,1584,1,0,1
30.9921,3063,30861551,787,0,0,0
31.0022,3064,30871551,1436,0,0,0
31.0121,3065,30881551,933,0,0,0
31.0223,3066,30891551,1285,0,0,0
31.0322,3067,30901551,1052,0,0,0
31.0422,3068,30911551,1174,0,0,0
31.0522,3069,30921551,1141,0,0,0
31.0623,3070,30931551,1039,0,0,0
31.0723,3071,30941551,1259,0,0,0
31.0822,3072,30951551,889,0,0,0
31.0922,3073,30961551,1371,0,0,0
31.1021,3074,30971551,706,0,0,0
31.1123,3075,30981551,1569,0,0,0
31.1221,3076,30991551,511,0,0,0
31.1322,3077,31001551,1712,0,0,0
31.1421,3078,31011551,352,0,0,0
31.1522,3079,31021551,1831,0,0,0
31.1622,3080,31031551,274,0,0,0
31.1724,3081,31041551,1920,0,0,0
31.1824,3082,31051551,153,0,0,0
31.1924,3083,31061551,1991,0,0,0
31.2020,3084,31071551,3,0,0,0
31.2122,3085,31081551,2141,1,0,1
31.2221,3086,31091551,0,0,0,0
31.2323,3087,31101551,2241,1,0,1
31.2421,3088,31111551,0,0,0,0
31.2522,3089,31121551,2416,1,0,1
31.2620,3090,31131551,0,0,0,0
31.2722,3091,31141551,2512,1,0,1
31.2820,3092,31151551,0,0,0,0
31.2923,3093,31161551,2660,1,0,1
31.3020,3094,31171551,0,0,0,0
31.3122,3095,31181551,2766,1,0,1
31.3220,3096,31191551,0,0,0,0
31.3322,3097,31201551,2827,1,0,1
31.3419,3098,31211551,0,0,0,0
31.3522,3099,31221551,2955,1,0,1
31.3620,3100,31231551,0,0,0,0
31.3722,3101,31241551,3100,1,0,1
31.3820,3102,31251551,0,0,0,0
31.3922,3103,31261551,3269,1,0,1
31.4020,3104,31271551,0,0,0,0
31.4122,3105,31281551,3381,1,0,1
31.4221,3106,31291551,0,0,0,0
31.4322,3107,31301551,3478,1,0,1
31.4420,3108,31311551,0,0,0,0
31.4522,3109,31321551,3657,1,0,1
31.4619,3110,31331551,0,0,0,0
31.4723,3111,31341551,3914,1,0,1
31.4820,3112,31351551,0,0,0,0
31.4923,3113,31361551,4095,1,0,1
31.5021,3114,31371551,0,0,0,0
31.5122,3115,31381551,4095,1,0,1
31.5220,3116,31391551,0,0,0,0
31.5322,3117,31401551,4095,1,0,1
31.5419,3118,31411551,0,0,0,0
31.5522,3119,31421551,4095,1,0,1
31.5619,3120,31431551,0,0,0,0
31.5722,3121,31441551,4095,1,0,1
31.5820,3122,31451551,0,0,0,0
31.5923,3123,31461551,4095,1,0,1
31.6019,3124,31471551,0,0,0,0
31.6122,3125,31481551,4095,1,0,1
31.6219,3126,31491551,0,0,0,0
31.6322,3127,31501551,4095,1,0,1
31.6419,3128,31511551,0,0,0,0
31.6522,3129,31521551,4095,1,0,1
31.6620,3130,31531551,0,0,0,0
31.6722,3131,31541551,4095,1,0,1
31.6819,3132,31551551,0,0,0,0
31.6922,3133,31561551,4095,1,0,1
31.7019,3134,31571551,0,0,0,0
31.7123,3135,31581551,4095,1,0,1
31.7219,3136,31591551,0,0,0,0
31.7322,3137,31601551,4095,1,0,1
31.7419,3138,31611551,0,0,0,0
31.7522,3139,31621551,4095,1,0,1
31.7620,3140,31631551,0,0,0,0
31.7722,3141,31641551,4095,1,0,1
31.7820,3142,31651551,0,0,0,0
31.7923,3143,31661551,4095,1,0,1
31.8019,3144,31671551,0,0,0,0
31.8122,3145,31681551,4095,1,0,1
31.8219,3146,31691551,0,0,0,0
31.8322,3147,31701551,4095,1,0,1
31.8419,3148,31711551,0,0,0,0
31.8522,3149,31721551,4095,1,0,1
31.8620,3150,31731551,0,0,0,0
31.8722,3151,31741551,4095,1,0,1
31.8819,3152,31751551,0,0,0,0
31.8922,3153,31761551,4095,1,0,1
31.9020,3154,31771551,0,0,0,0
31.9122,3155,31781551,4095,1,0,1
31.9219,3156,31791551,0,0,0,0
31.9323,3157,31801551,4095,1,0,1
31.9420,3158,31811551,0,0,0,0
31.9523,3159,31821551,4095,1,0,1
31.9619,3160,31831551,0,0,0,0
31.9722,3161,31841551,4095,1,0,1
31.9820,3162,31851551,0,0,0,0
31.9923,3163,31861551,4095,1,0,1
32.0020,3164,31871551,0,0,0,0
32.0122,3165,31881551,4095,1,0,1
32.0220,3166,31891551,0,0,0,0
32.0323,3167,31901551,4095,1,0,1
32.0419,3168,31911551,0,0,0,0
32.0522,3169,31921551,4095,1,0,1
32.0621,3170,31931551,0,0,0,0
32.0722,3171,31941551,4095,1,0,1
32.0819,3172,31951551,0,0,0,0
32.0922,3173,31961551,4095,1,0,1
32.1020,3174,31971551,0,0,0,0
32.1123,3175,31981551,4095,1,0,1
32.1221,3176,31991551,0,0,0,0
32.1322,3177,32001551,4095,1,0,1
32.1420,3178,32011551,0,0,0,0
32.1522,3179,32021551,4095,1,0,1
32.1619,3180,32031551,0,0,0,0
32.1722,3181,32041551,4095,1,0,1
32.1819,3182,32051551,0,0,0,0
32.1923,3183,32061551,4095,1,0,1
32.2019,3184,32071551,0,0,0,0
32.2122,3185,32081551,4095,1,0,1
32.2219,3186,32091551,0,0,0,0
32.2322,3187,32101551,4095,1,0,1
32.2419,3188,32111551,0,0,0,0
32.2523,3189,32121551,4095,1,0,1
32.2619,3190,32131551,0,0,0,0
32.2723,3191,32141551,4095,1,0,1
32.2819,3192,32151551,0,0,0,0
32.2922,3193,32161551,4095,1,0,1
32.3019,3194,32171551,0,0,0,0
32.3122,3195,32181551,4095,1,0,1
32.3220,3196,32191551,0,0,0,0
32.3322,3197,32201551,4095,1,0,1
32.3420,3198,32211551,0,0,0,0
32.3522,3199,32221551,4095,1,0,1
32.3620,3200,32231551,0,0,0,0
32.3724,3201,32241551,4095,1,0,1
32.3821,3202,32251551,0,0,0,0
32.3924,3203,32261551,4095,1,0,1
32.4021,3204,32271551,0,0,0,0
32.4122,3205,32281551,4095,1,0,1
32.4219,3206,32291551,0,0,0,0
32.4323,3207,32301551,4095,1,0,1
32.4419,3208,32311551,0,0,0,0
32.4523,3209,32321551,4095,1,0,1
32.4619,3210,32331551,0,0,0,0
32.4723,3211,32341551,4095,1,0,1
32.4820,3212,32351551,0,0,0,0
32.4923,3213,32361551,4095,1,0,1
32.5021,3214,32371551,0,0,0,0
32.5123,3215,32381551,4095,1,0,1
32.5220,3216,32391551,0,0,0,0
32.5323,3217,32401551,4095,1,0,1
32.5421,3218,32411551,0,0,0,0
32.5523,3219,32421551,4095,1,0,1
32.5619,3220,32431551,0,0,0,0
32.5723,3221,32441551,4095,1,0,1
32.5820,3222,32451551,0,0,0,0
32.5923,3223,32461551,4095,1,0,1
32.6019,3224,32471551,0,0,0,0
32.6122,3225,32481551,4095,1,0,1
32.6221,3226,32491551,0,0,0,0
32.6322,3227,32501551,4095,1,0,1
32.6419,3228,32511551,0,0,0,0
32.6522,3229,32521551,4095,1,0,1
32.6619,3230,32531551,0,0,0,0
32.6722,3231,32541551,4095,1,0,1
32.6819,3232,32551551,0,0,0,0
32.6922,3233,32561551,4095,1,0,1
32.7019,3234,32571551,0,0,0,0
32.7123,3235,32581551,4095,1,0,1
32.7221,3236,32591551,0,0,0,0
32.7322,3237,32601551,4095,1,0,1
32.7420,3238,32611551,0,0,0,0
32.7522,3239,32621551,4095,1,0,1
32.7621,3240,32631551,0,0,0,0
32.7722,3241,32641551,4095,1,0,1
32.7821,3242,32651551,0,0,0,0
32.7922,3243,32661551,4095,1,0,1
32.8019,3244,32671551,0,0,0,0
32.8122,3245,32681551,4095,1,0,1
32.8220,3246,32691551,0,0,0,0
32.8322,3247,32701551,4095,1,0,1
32.8419,3248,32711551,0,0,0,0
32.8522,3249,32721551,4095,1,0,1
32.8619,3250,32731551,0,0,0,0
32.8723,3251,32741551,4095,1,0,1
32.8819,3252,32751551,0,0,0,0
32.8923,3253,32761551,4095,1,0,1
32.9021,3254,32771551,0,0,0,0
32.9122,3255,32781551,4095,1,0,1
32.9220,3256,32791551,0,0,0,0
32.9322,3257,32801551,4095,1,0,1
32.9419,3258,32811551,0,0,0,0
32.9524,3259,32821551,4095,1,0,1
32.9621,3260,32831551,0,0,0,0
32.9724,3261,32841551,4095,1,0,1
32.9821,3262,32851551,0,0,0,0
32.9923,3263,32861551,4095,1,0,1
33.0021,3264,32871551,0,0,0,0
33.0123,3265,32881551,4095,1,0,1
33.0221,3266,32891551,0,0,0,0
33.0323,3267,32901551,4095,1,0,1
33.0421,3268,32911551,0,0,0,0
33.0523,3269,32921551,4095,1,0,1
33.0621,3270,32931551,0,0,0,0
33.0723,3271,32941551,4095,1,0,1
33.0821,3272,32951551,0,0,0,0
33.0922,3273,32961551,4095,1,0,1
33.1021,3274,32971551,0,0,0,0
33.1123,3275,32981551,4095,1,0,1
33.1220,3276,32991551,0,0,0,0
33.1323,3277,33001551,4095,1,0,1
33.1421,3278,33011551,0,0,0,0
33.1522,3279,33021551,4095,1,0,1
33.1619,3280,33031551,0,0,0,0
33.1722,3281,33041551,4095,1,0,1
33.1820,3282,33051551,0,0,0,0
33.1923,3283,33061551,4095,1,0,1
33.2020,3284,33071551,0,0,0,0
33.2123,3285,33081551,4095,1,0,1
33.2221,3286,33091551,0,0,0,0
33.2323,3287,33101551,4095,1,0,1
33.2421,3288,33111551,0,0,0,0
33.2523,3289,33121551,4095,1,0,1
33.2620,3290,33131551,0,0,0,0
33.2723,3291,33141551,4095,1,0,1
33.2819,3292,33151551,0,0,0,0
33.2923,3293,33161551,4095,1,0,1
33.3021,3294,33171551,0,0,0,0
33.3122,3295,33181551,4095,1,0,1
33.3221,3296,33191551,0,0,0,0
33.3322,3297,33201551,4095,1,0,1
33.3420,3298,33211551,0,0,0,0
33.3522,3299,33221551,4095,1,0,1
33.3621,3300,33231551,0,0,0,0
33.3723,3301,33241551,4095,1,0,1
33.3820,3302,33251551,0,0,0,0
33.3923,3303,33261551,4095,1,0,1
33.4020,3304,33271551,0,0,0,0
33.4123,3305,33281551,4095,1,0,1
33.4221,3306,33291551,0,0,0,0
33.4322,3307,33301551,4095,1,0,1
33.4419,3308,33311551,0,0,0,0
33.4524,3309,33321551,4095,1,0,1
33.4621,3310,33331551,0,0,0,0
33.4724,3311,33341551,4095,1,0,1
33.4821,3312,33351551,0,0,0,0
33.4923,3313,33361551,4095,1,0,1
33.5020,3314,33371551,0,0,0,0
33.5122,3315,33381551,4095,1,0,1
33.5220,3316,33391551,0,0,0,0
33.5323,3317,33401551,4095,1,0,1
33.5421,3318,33411551,0,0,0,0
33.5522,3319,33421551,4095,1,0,1
33.5621,3320,33431551,0,0,0,0
33.5722,3321,33441551,4095,1,0,1
33.5821,3322,33451551,0,0,0,0
33.5922,3323,33461551,4095,1,0,1
33.6020,3324,33471551,0,0,0,0
33.6122,3325,33481551,4095,1,0,1
33.6220,3326,33491551,0,0,0,0
33.6322,3327,33501551,4095,1,1,1
33.6421,3328,33511551,0,0,0,0
33.6522,3329,33521551,3298,1,0,1
33.6621,3330,33531551,0,0,0,0
33.6723,3331,33541551,4095,1,1,1
33.6821,3332,33551551,0,0,0,0
33.6924,3333,33561551,3319,1,1,1
33.7022,3334,33571551,0,0,0,0
33.7123,3335,33581551,4095,1,1,1
33.7221,3336,33591551,0,0,0,0
33.7327,3337,33601551,4095,1,1,1
33.7421,3338,33611551,0,0,0,0
33.7522,3339,33621551,4095,1,1,1
33.7620,3340,33631551,0,0,0,0
33.7722,3341,33641551,4095,1,1,1
33.7822,3342,33651551,0,0,0,0
33.7923,3343,33661551,4095,1,1,1
33.8021,3344,33671551,0,0,0,0
33.8123,3345,33681551,4095,1,1,1
33.8221,3346,33691551,0,0,0,0
33.8324,3347,33701551,4095,1,1,1
33.8421,3348,33711551,0,0,0,0
33.8523,3349,33721551,4095,1,1,1
33.8621,3350,33731551,0,0,0,0
33.8723,3351,33741551,4095,1,1,1
33.8821,3352,33751551,0,0,0,0
33.8923,3353,33761551,4095,1,1,1
33.9021,3354,33771551,0,0,0,0
33.9123,3355,33781551,4095,1,1,1
33.9221,3356,33791551,0,0,0,0
33.9322,3357,33801551,4095,1,1,1
33.9421,3358,33811551,0,0,0,0
33.9524,3359,33821551,4095,1,1,1
33.9621,3360,33831551,0,0,0,0
33.9722,3361,33841551,4095,1,1,1
33.9821,3362,33851551,0,0,0,0
33.9923,3363,33861551,4095,1,1,1
34.0021,3364,33871551,0,0,0,0
34.0123,3365,33881551,4095,1,1,1
34.0220,3366,33891551,0,0,0,0
34.0324,3367,33901551,4095,1,1,1
34.0421,3368,33911551,0,0,0,0
34.0522,3369,33921551,4095,1,1,1
34.0621,3370,33931551,0,0,0,0
34.0722,3371,33941551,4095,1,1,1
34.0821,3372,33951551,0,0,0,0
34.0924,3373,33961551,4095,1,1,1
34.1021,3374,33971551,0,0,0,0
34.1123,3375,33981551,4095,1,1,1
34.1223,3376,33991551,0,0,0,0
34.1322,3377,34001551,4095,1,1,1
34.1422,3378,34011551,0,0,0,0
34.1524,3379,34021551,4095,1,1,1
34.1623,3380,34031551,0,0,0,0
34.1724,3381,34041551,4095,1,1,1
34.1822,3382,34051551,0,0,0,0
34.1924,3383,34061551,4095,1,1,1
34.2023,3384,34071551,0,0,0,0
34.2123,3385,34081551,4095,1,1,1
34.2220,3386,34091551,0,0,0,0
34.2325,3387,34101551,4095,1,1,1
34.2422,3388,34111551,0,0,0,0
34.2525,3389,34121551,4095,1,1,1
34.2623,3390,34131551,0,0,0,0
34.2723,3391,34141551,4095,1,1,1
34.2821,3392,34151551,0,0,0,0
34.2923,3393,34161551,4095,1,1,1
34.3021,3394,34171551,0,0,0,0
34.3123,3395,34181551,4095,1,1,1
34.3221,3396,34191551,0,0,0,0
34.3324,3397,34201551,4095,1,1,1
34.3421,3398,34211551,0,0,0,0
34.3524,3399,34221551,4095,1,1,1
34.3621,3400,34231551,0,0,0,0
34.3723,3401,34241551,4095,1,1,1
34.3821,3402,34251551,0,0,0,0
34.3925,3403,34261551,4095,1,1,1
34.4023,3404,34271551,0,0,0,0
34.4123,3405,34281551,4095,1,1,1
34.4221,3406,34291551,0,0,0,0
34.4322,3407,34301551,4095,1,1,1
34.4422,3408,34311551,0,0,0,0
34.4524,3409,34321551,4095,1,1,1
34.4622,3410,34331551,0,0,0,0
34.4722,3411,34341551,4095,1,1,1
34.4820,3412,34351551,0,0,0,0
34.4923,3413,34361551,4095,1,1,1
34.5023,3414,34371551,0,0,0,0
34.5122,3415,34381551,4095,1,1,1
34.5222,3416,34391551,0,0,0,0
34.5324,3417,34401551,4095,1,1,1
34.5420,3418,34411551,0,0,0,0
34.5523,3419,34421551,4095,1,1,1
34.5621,3420,34431551,0,0,0,0
34.5726,3421,34441551,4095,1,1,1
34.5821,3422,34451551,0,0,0,0
34.5923,3423,34461551,4095,1,1,1
34.6020,3424,34471551,0,0,0,0
34.6123,3425,34481551,4095,1,1,1
34.6221,3426,34491551,0,0,0,0
34.6325,3427,34501551,4095,1,1,1
34.6421,3428,34511551,0,0,0,0
34.6524,3429,34521551,4095,1,1,1
34.6622,3430,34531551,0,0,0,0
34.6722,3431,34541551,4095,1,1,1
34.6821,3432,34551551,0,0,0,0
34.6923,3433,34561551,4095,1,1,1
34.7022,3434,34571551,0,0,0,0
34.7122,3435,34581551,2993,1,0,1
34.7221,3436,34591551,0,0,0,0
34.7323,3437,34601551,2992,1,1,1
34.7420,3438,34611551,0,0,0,0
34.7523,3439,34621551,4095,1,1,1
34.7621,3440,34631551,0,0,0,0
34.7722,3441,34641551,4095,1,1,1
34.7821,3442,34651551,0,0,0,0
34.7922,3443,34661551,2983,1,0,1
34.8021,3444,34671551,0,0,0,0
34.8124,3445,34681551,2951,1,0,1
34.8221,3446,34691551,0,0,0,0
34.8324,3447,34701551,2967,1,0,1
34.8421,3448,34711551,0,0,0,0
34.8523,3449,34721551,4095,1,1,1
34.8621,3450,34731551,0,0,0,0
34.8723,3451,34741551,4095,1,1,1
34.8820,3452,34751551,0,0,0,0
34.8923,3453,34761551,3019,1,0,1
34.9020,3454,34771551,0,0,0,0
34.9124,3455,34781551,3009,1,0,1
34.9221,3456,34791551,0,0,0,0
34.9324,3457,34801551,2948,1,0,1
34.9421,3458,34811551,0,0,0,0
34.9524,3459,34821551,2971,1,0,1
34.9620,3460,34831551,0,0,0,0
34.9724,3461,34841551,3027,1,0,1
34.9820,3462,34851551,0,0,0,0
34.9924,3463,34861551,3022,1,0,1
35.0021,3464,34871551,0,0,0,0
35.0123,3465,34881551,2982,1,0,1
35.0221,3466,34891551,0,0,0,0
35.0325,3467,34901551,2938,1,0,1
35.0421,3468,34911551,0,0,0,0
35.0522,3469,34921551,2943,1,0,1
35.0622,3470,34931551,0,0,0,0
35.0724,3471,34941551,2885,1,0,1
35.0821,3472,34951551,0,0,0,0
35.0924,3473,34961551,2895,1,0,1
35.1021,3474,34971551,0,0,0,0
35.1126,3475,34981551,2928,1,0,1
35.1220,3476,34991551,0,0,0,0
35.1324,3477,35001551,2861,1,0,1
35.1420,3478,35011551,0,0,0,0
35.1523,3479,35021551,2864,1,0,1
35.1620,3480,35031551,0,0,0,0
35.1724,3481,35041551,2863,1,0,1
35.1821,3482,35051551,0,0,0,0
35.1924,3483,35061551,2832,1,0,1
35.2021,3484,35071551,0,0,0,0
35.2124,3485,35081551,2785,1,0,1
35.2221,3486,35091551,0,0,0,0
35.2325,3487,35101551,2782,1,0,1
35.2422,3488,35111551,0,0,0,0
35.2524,3489,35121551,2727,1,0,1
35.2621,3490,35131551,0,0,0,0
35.2723,3491,35141551,2658,1,0,1
35.2820,3492,35151551,0,0,0,0
35.2924,3493,35161551,2651,1,0,1
35.3022,3494,35171551,0,0,0,0
35.3123,3495,35181551,2625,1,0,1
35.3220,3496,35191551,0,0,0,0
35.3323,3497,35201551,2581,1,0,1
35.3421,3498,35211551,44,0,0,0
35.3524,3499,35221551,2505,1,0,1
35.3622,3500,35231551,71,0,0,0
35.3725,3501,35241551,2460,1,0,1
35.3822,3502,35251551,113,0,0,0
35.3923,3503,35261551,2394,1,0,1
35.4022,3504,35271551,171,0,0,0
35.4123,3505,35281551,2375,1,0,1
35.4223,3506,35291551,213,0,0,0
35.4323,3507,35301551,2283,1,0,1
35.4423,3508,35311551,272,0,0,0
35.4523,3509,35321551,2177,1,0,1
35.4622,3510,35331551,356,0,0,0
35.4724,3511,35341551,2133,1,0,1
35.4823,3512,35351551,414,0,0,0
35.4923,3513,35361551,2060,1,0,1
35.5021,3514,35371551,459,0,0,0
35.5122,3515,35381551,1983,1,0,1
35.5224,3516,35391551,509,0,0,0
35.5323,3517,35401551,1904,1,0,1
35.5422,3518,35411551,567,0,0,0
35.5524,3519,35421551,1849,0,0,0
35.5623,3520,35431551,645,0,0,0
35.5724,3521,35441551,1774,0,0,0
35.5822,3522,35451551,751,0,0,0
35.5924,3523,35461551,1615,0,0,0
35.6022,3524,35471551,839,0,0,0
35.6124,3525,35481551,1503,0,0,0
35.6223,3526,35491551,977,0,0,0
35.6324,3527,35501551,1360,0,0,0
35.6424,3528,35511551,1083,0,0,0
35.6523,3529,35521551,1226,0,0,0
35.6624,3530,35531551,1231,0,0,0
35.6723,3531,35541551,1023,0,0,0
35.6824,3532,35551551,1424,0,0,0
35.6922,3533,35561551,865,0,0,0
35.7024,3534,35571551,1525,0,0,0
35.7122,3535,35581551,701,0,0,0
35.7223,3536,35591551,1665,0,0,0
35.7323,3537,35601551,575,0,0,0
35.7423,3538,35611551,1781,0,0,0
35.7523,3539,35621551,474,0,0,0
35.7624,3540,35631551,1859,0,0,0
35.7722,3541,35641551,336,0,0,0
35.7824,3542,35651551,2001,0,0,0
35.7922,3543,35661551,157,0,0,0
35.8023,3544,35671551,2123,1,0,1
35.8121,3545,35681551,0,0,0,0
35.8224,3546,35691551,2295,1,0,1
35.8321,3547,35701551,0,0,0,0
35.8422,3548,35711551,2417,1,0,1
35.8521,3549,35721551,0,0,0,0
35.8622,3550,35731551,2519,1,0,1
35.8720,3551,35741551,0,0,0,0
35.8822,3552,35751551,2639,1,0,1
35.8920,3553,35761551,0,0,0,0
35.9022,3554,35771551,2736,1,0,1
35.9121,3555,35781551,0,0,0,0
35.9224,3556,35791551,2893,1,0,1
35.9321,3557,35801551,0,0,0,0
35.9423,3558,35811551,3042,1,0,1
35.9521,3559,35821551,0,0,0,0
35.9623,3560,35831551,3186,1,0,1
35.9720,3561,35841551,0,0,0,0
35.9825,3562,35851551,3312,1,0,1
35.9921,3563,35861551,0,0,0,0
36.0022,3564,35871551,3465,1,0,1
36.0121,3565,35881551,0,0,0,0
36.0223,3566,35891551,3658,1,0,1
36.0321,3567,35901551,0,0,0,0
36.0422,3568,35911551,3830,1,0,1
36.0520,3569,35921551,0,0,0,0
36.0622,3570,35931551,4080,1,0,1
36.0720,3571,35941551,0,0,0,0
36.0824,3572,35951551,4095,1,0,1
36.0920,3573,35961551,0,0,0,0
36.1023,3574,35971551,4095,1,0,1
36.1120,3575,35981551,0,0,0,0
36.1223,3576,35991551,4095,1,0,1
36.1320,3577,36001551,0,0,0,0
36.1423,3578,36011551,4095,1,0,1
36.1520,3579,36021551,0,0,0,0
36.1622,3580,36031551,4095,1,0,1
36.1721,3581,36041551,0,0,0,0
36.1822,3582,36051551,4095,1,0,1
36.1920,3583,36061551,0,0,0,0
36.2024,3584,36071551,4095,1,0,1
36.2121,3585,36081551,0,0,0,0
36.2224,3586,36091551,4095,1,0,1
36.2321,3587,36101551,0,0,0,0
36.2424,3588,36111551,4095,1,0,1
36.2522,3589,36121551,0,0,0,0
36.2623,3590,36131551,4095,1,0,1
36.2721,3591,36141551,0,0,0,0
36.2824,3592,36151551,4095,1,0,1
36.2920,3593,36161551,0,0,0,0
36.3023,3594,36171551,4095,1,0,1
36.3121,3595,36181551,0,0,0,0
36.3224,3596,36191551,4095,1,0,1
36.3321,3597,36201551,0,0,0,0
36.3423,3598,36211551,4095,1,0,1
36.3521,3599,36221551,0,0,0,0
36.3622,3600,36231551,4095,1,0,1
36.3721,3601,36241551,0,0,0,0
36.3824,3602,36251551,4095,1,0,1
36.3923,3603,36261551,0,0,0,0
36.4025,3604,36271551,4095,1,0,1
36.4121,3605,36281551,0,0,0,0
36.4223,3606,36291551,4095,1,0,1
36.4321,3607,36301551,0,0,0,0
36.4424,3608,36311551,4095,1,0,1
36.4521,3609,36321551,0,0,0,0
36.4622,3610,36331551,4095,1,0,1
36.4721,3611,36341551,0,0,0,0
36.4823,3612,36351551,4095,1,0,1
36.4920,3613,36361551,0,0,0,0
36.5023,3614,36371551,4095,1,0,1
36.5123,3615,36381551,0,0,0,0
36.5226,3616,36391551,4095,1,0,1
36.5323,3617,36401551,0,0,0,0
36.5423,3618,36411551,4095,1,0,1
36.5523,3619,36421551,0,0,0,0
36.5624,3620,36431551,4095,1,0,1
36.5725,3621,36441551,0,0,0,0
36.5824,3622,36451551,4095,1,0,1
36.5925,3623,36461551,0,0,0,0
36.6024,3624,36471551,4095,1,0,1
36.6122,3625,36481551,0,0,0,0
36.6222,3626,36491551,4095,1,0,1
36.6322,3627,36501551,0,0,0,0
36.6424,3628,36511551,4095,1,0,1
36.6522,3629,36521551,0,0,0,0
36.6625,3630,36531551,4095,1,0,1
36.6724,3631,36541551,0,0,0,0
36.6823,3632,36551551,4095,1,0,1
36.6921,3633,36561551,0,0,0,0
36.7024,3634,36571551,4095,1,0,1
36.7121,3635,36581551,0,0,0,0
36.7224,3636,36591551,4095,1,0,1
36.7322,3637,36601551,0,0,0,0
36.7425,3638,36611551,4095,1,0,1
36.7524,3639,36621551,0,0,0,0
36.7625,3640,36631551,4095,1,0,1
36.7723,3641,36641551,0,0,0,0
36.7823,3642,36651551,4095,1,0,1
36.7921,3643,36661551,0,0,0,0
36.8023,3644,36671551,4095,1,0,1
36.8122,3645,36681551,0,0,0,0
36.8225,3646,36691551,4095,1,0,1
36.8321,3647,36701551,0,0,0,0
36.8424,3648,36711551,4095,1,0,1
36.8522,3649,36721551,0,0,0,0
36.8626,3650,36731551,4095,1,0,1
36.8721,3651,36741551,0,0,0,0
36.8825,3652,36751551,4095,1,0,1
36.8923,3653,36761551,0,0,0,0
36.9026,3654,36771551,4095,1,0,1
36.9122,3655,36781551,0,0,0,0
36.9223,3656,36791551,4095,1,0,1
36.9323,3657,36801551,0,0,0,0
36.9423,3658,36811551,4095,1,0,1
36.9524,3659,36821551,0,0,0,0
36.9626,3660,36831551,4095,1,0,1
36.9722,3661,36841551,0,0,0,0
36.9828,3662,36851551,4095,1,0,1
36.9921,3663,36861551,0,0,0,0
37.0033,3664,36871551,4095,1,0,1
37.0122,3665,36881551,0,0,0,0
37.0223,3666,36891551,4095,1,0,1
37.0323,3667,36901551,0,0,0,0
37.0423,3668,36911551,4095,1,0,1
37.0522,3669,36921551,0,0,0,0
37.0624,3670,36931551,4095,1,0,1
37.0722,3671,36941551,0,0,0,0
37.0825,3672,36951551,4095,1,0,1
37.0923,3673,36961551,0,0,0,0
37.1023,3674,36971551,4095,1,0,1
37.1123,3675,36981551,0,0,0,0
37.1224,3676,36991551,4095,1,0,1
37.1323,3677,37001551,0,0,0,0
37.1424,3678,37011551,4095,1,0,1
37.1522,3679,37021551,0,0,0,0
37.1624,3680,37031551,4095,1,0,1
37.1723,3681,37041551,0,0,0,0
37.1824,3682,37051551,4095,1,0,1
37.1923,3683,37061551,0,0,0,0
37.2024,3684,37071551,4095,1,0,1
37.2122,3685,37081551,0,0,0,0
37.2225,3686,37091551,4095,1,0,1
37.2322,3687,37101551,0,0,0,0
37.2423,3688,37111551,4095,1,0,1
37.2527,3689,37121551,0,0,0,0
37.2625,3690,37131551,4095,1,0,1
37.2730,3691,37141551,0,0,0,0
37.2826,3692,37151551,4095,1,0,1
37.2923,3693,37161551,0,0,0,0
37.3025,3694,37171551,4095,1,0,1
37.3120,3695,37181551,0,0,0,0
37.3224,3696,37191551,4095,1,0,1
37.3322,3697,37201551,0,0,0,0
37.3424,3698,37211551,4095,1,0,1
37.3523,3699,37221551,0,0,0,0
37.3624,3700,37231551,4095,1,0,1
37.3724,3701,37241551,0,0,0,0
37.3826,3702,37251551,4095,1,0,1
37.3920,3703,37261551,0,0,0,0
37.4024,3704,37271551,4095,1,0,1
37.4123,3705,37281551,0,0,0,0
37.4227,3706,37291551,4095,1,0,1
37.4323,3707,37301551,0,0,0,0
37.4424,3708,37311551,4095,1,0,1
37.4525,3709,37321551,0,0,0,0
37.4624,3710,37331551,4095,1,0,1
37.4726,3711,37341551,0,0,0,0
37.4824,3712,37351551,4095,1,0,1
37.4923,3713,37361551,0,0,0,0
37.5023,3714,37371551,4095,1,0,1
37.5128,3715,37381551,0,0,0,0
37.5225,3716,37391551,4095,1,0,1
37.5323,3717,37401551,0,0,0,0
37.5424,3718,37411551,4095,1,0,1
37.5523,3719,37421551,0,0,0,0
37.5626,3720,37431551,4095,1,0,1
37.5724,3721,37441551,0,0,0,0
37.5824,3722,37451551,4095,1,0,1
37.5923,3723,37461551,0,0,0,0
37.6023,3724,37471551,4095,1,0,1
37.6123,3725,37481551,0,0,0,0
37.6223,3726,37491551,4095,1,0,1
37.6324,3727,37501551,0,0,0,0
37.6424,3728,37511551,4095,1,0,1
37.6528,3729,37521551,0,0,0,0
37.6624,3730,37531551,4095,1,0,1
37.6722,3731,37541551,0,0,0,0
37.6825,3732,37551551,4095,1,0,1
37.6925,3733,37561551,0,0,0,0
37.7025,3734,37571551,4095,1,0,1
37.7122,3735,37581551,0,0,0,0
37.7223,3736,37591551,4095,1,0,1
37.7323,3737,37601551,0,0,0,0
37.7424,3738,37611551,4095,1,0,1
37.7521,3739,37621551,0,0,0,0
37.7625,3740,37631551,4095,1,0,1
37.7720,3741,37641551,0,0,0,0
37.7825,3742,37651551,4095,1,0,1
37.7923,3743,37661551,0,0,0,0
37.8023,3744,37671551,4095,1,0,1
37.8124,3745,37681551,0,0,0,0
37.8224,3746,37691551,4095,1,0,1
37.8321,3747,37701551,0,0,0,0
37.8423,3748,37711551,4095,1,0,1
37.8523,3749,37721551,0,0,0,0
37.8625,3750,37731551,4095,1,0,1
37.8723,3751,37741551,0,0,0,0
37.8824,3752,37751551,4095,1,0,1
37.8923,3753,37761551,0,0,0,0
37.9022,3754,37771551,4095,1,0,1
37.9124,3755,37781551,0,0,0,0
37.9224,3756,37791551,4095,1,0,1
37.9324,3757,37801551,0,0,0,0
37.9424,3758,37811551,4095,1,0,1
37.9524,3759,37821551,0,0,0,0
37.9624,3760,37831551,4095,1,0,1
37.9724,3761,37841551,0,0,0,0
37.9824,3762,37851551,4095,1,0,1
37.9929,3763,37861551,0,0,0,0
38.0027,3764,37871551,4095,1,0,1
38.0123,3765,37881551,0,0,0,0
38.0224,3766,37891551,4095,1,0,1
38.0320,3767,37901551,0,0,0,0
38.0422,3768,37911551,4095,1,0,1
38.0519,3769,37921551,0,0,0,0
38.0622,3770,37931551,4095,1,0,1
38.0720,3771,37941551,0,0,0,0
38.0823,3772,37951551,4095,1,0,1
38.0920,3773,37961551,0,0,0,0
38.1022,3774,37971551,4095,1,0,1
38.1121,3775,37981551,0,0,0,0
38.1224,3776,37991551,4095,1,0,1
38.1320,3777,38001551,0,0,0,0
38.1423,3778,38011551,4095,1,0,1
38.1525,3779,38021551,0,0,0,0
38.1622,3780,38031551,4095,1,0,1
38.1723,3781,38041551,0,0,0,0
38.1823,3782,38051551,4095,1,0,1
38.1921,3783,38061551,0,0,0,0
38.2025,3784,38071551,4095,1,0,1
38.2125,3785,38081551,0,0,0,0
38.2224,3786,38091551,4095,1,0,1
38.2322,3787,38101551,0,0,0,0
38.2423,3788,38111551,4095,1,0,1
38.2522,3789,38121551,0,0,0,0
38.2624,3790,38131551,4095,1,0,1
38.2724,3791,38141551,0,0,0,0
38.2824,3792,38151551,4095,1,0,1
38.2923,3793,38161551,0,0,0,0
38.3024,3794,38171551,4095,1,0,1
38.3124,3795,38181551,0,0,0,0
38.3223,3796,38191551,4095,1,0,1
38.3321,3797,38201551,0,0,0,0
38.3427,3798,38211551,4095,1,0,1
38.3523,3799,38221551,0,0,0,0
38.3623,3800,38231551,4095,1,1,1
38.3723,3801,38241551,0,0,0,0
38.3826,3802,38251551,4095,1,0,1
38.3922,3803,38261551,0,0,0,0
38.4024,3804,38271551,3199,1,0,1
38.4121,3805,38281551,0,0,0,0
38.4225,3806,38291551,3223,1,0,1
38.4323,3807,38301551,0,0,0,0
38.4426,3808,38311551,3207,1,0,1
38.4524,3809,38321551,0,0,0,0
38.4623,3810,38331551,4095,1,1,1
38.4723,3811,38341551,0,0,0,0
38.4825,3812,38351551,3175,1,0,1
38.4924,3813,38361551,0,0,0,0
38.5025,3814,38371551,4095,1,1,1
38.5122,3815,38381551,0,0,0,0
38.5224,3816,38391551,4095,1,1,1
38.5323,3817,38401551,0,0,0,0
38.5427,3818,38411551,4095,1,1,1
38.5520,3819,38421551,0,0,0,0
38.5623,3820,38431551,4095,1,1,1
38.5722,3821,38441551,0,0,0,0
38.5825,3822,38451551,4095,1,1,1
38.5925,3823,38461551,0,0,0,0
38.6025,3824,38471551,4095,1,1,1
38.6122,3825,38481551,0,0,0,0
38.6225,3826,38491551,4095,1,1,1
38.6322,3827,38501551,0,0,0,0
38.6424,3828,38511551,4095,1,1,1
38.6524,3829,38521551,0,0,0,0
38.6622,3830,38531551,4095,1,1,1
38.6723,3831,38541551,0,0,0,0
38.6825,3832,38551551,4095,1,1,1
38.6923,3833,38561551,0,0,0,0
38.7022,3834,38571551,4095,1,1,1
38.7123,3835,38581551,0,0,0,0
38.7224,3836,38591551,4095,1,1,1
38.7323,3837,38601551,0,0,0,0
38.7425,3838,38611551,4095,1,1,1
38.7521,3839,38621551,0,0,0,0
38.7623,3840,38631551,4095,1,1,1
38.7721,3841,38641551,0,0,0,0
38.7823,3842,38651551,4095,1,1,1
38.7926,3843,38661551,0,0,0,0
38.8024,3844,38671551,4095,1,1,1
38.8121,3845,38681551,0,0,0,0
38.8226,3846,38691551,4095,1,1,1
38.8321,3847,38701551,0,0,0,0
38.8425,3848,38711551,4095,1,1,1
38.8523,3849,38721551,0,0,0,0
38.8624,3850,38731551,4095,1,1,1
38.8722,3851,38741551,0,0,0,0
38.8823,3852,38751551,4095,1,1,1
38.8921,3853,38761551,0,0,0,0
38.9026,3854,38771551,4095,1,1,1
38.9124,3855,38781551,0,0,0,0
38.9223,3856,38791551,4095,1,1,1
38.9320,3857,38801551,0,0,0,0
38.9427,3858,38811551,4095,1,1,1
38.9522,3859,38821551,0,0,0,0
38.9624,3860,38831551,4095,1,1,1
38.9723,3861,38841551,0,0,0,0
38.9824,3862,38851551,4095,1,1,1
38.9920,3863,38861551,0,0,0,0
39.0027,3864,38871551,4095,1,1,1
39.0120,3865,38881551,0,0,0,0
39.0224,3866,38891551,4095,1,1,1
39.0321,3867,38901551,0,0,0,0
39.0425,3868,38911551,4095,1,1,1
39.0522,3869,38921551,0,0,0,0
39.0624,3870,38931551,4095,1,1,1
39.0720,3871,38941551,0,0,0,0
39.0823,3872,38951551,3121,1,0,1
39.0920,3873,38961551,0,0,0,0
39.1026,3874,38971551,4095,1,1,1
39.1122,3875,38981551,0,0,0,0
39.1230,3876,38991551,4095,1,1,1
39.1323,3877,39001551,0,0,0,0
39.1423,3878,39011551,4095,1,1,1
39.1520,3879,39021551,0,0,0,0
39.1624,3880,39031551,4095,1,1,1
39.1722,3881,39041551,0,0,0,0
39.1824,3882,39051551,4095,1,1,1
39.1925,3883,39061551,0,0,0,0
39.2024,3884,39071551,4095,1,1,1
39.2121,3885,39081551,0,0,0,0
39.2225,3886,39091551,4095,1,1,1
39.2321,3887,39101551,0,0,0,0
39.2427,3888,39111551,4095,1,1,1
39.2523,3889,39121551,0,0,0,0
39.2626,3890,39131551,4095,1,1,1
39.2724,3891,39141551,0,0,0,0
39.2824,3892,39151551,4095,1,1,1
39.2922,3893,39161551,0,0,0,0
39.3023,3894,39171551,4095,1,1,1
39.3120,3895,39181551,0,0,0,0
39.3224,3896,39191551,4095,1,1,1
39.3320,3897,39201551,0,0,0,0
39.3424,3898,39211551,4095,1,1,1
39.3524,3899,39221551,0,0,0,0
39.3624,3900,39231551,4095,1,1,1
39.3721,3901,39241551,0,0,0,0
39.3824,3902,39251551,4095,1,1,1
39.3922,3903,39261551,0,0,0,0
39.4026,3904,39271551,4095,1,1,1
39.4123,3905,39281551,0,0,0,0
39.4225,3906,39291551,4095,1,1,1
39.4322,3907,39301551,0,0,0,0
39.4425,3908,39311551,4095,1,1,1
39.4521,3909,39321551,0,0,0,0
39.4625,3910,39331551,4095,1,0,1
39.4722,3911,39341551,0,0,0,0
39.4824,3912,39351551,4095,1,1,1
39.4924,3913,39361551,0,0,0,0
39.5027,3914,39371551,4095,1,1,1
39.5123,3915,39381551,0,0,0,0
39.5227,3916,39391551,4095,1,1,1
39.5324,3917,39401551,0,0,0,0
39.5432,3918,39411551,4095,1,1,1
39.5524,3919,39421551,0,0,0,0
39.5625,3920,39431551,4095,1,1,1
39.5723,3921,39441551,0,0,0,0
39.5824,3922,39451551,3027,1,0,1
39.5922,3923,39461551,0,0,0,0
39.6023,3924,39471551,3062,1,0,1
39.6123,3925,39481551,0,0,0,0
39.6225,3926,39491551,3103,1,1,1
39.6324,3927,39501551,0,0,0,0
39.6423,3928,39511551,4095,1,1,1
39.6524,3929,39521551,0,0,0,0
39.6626,3930,39531551,4095,1,1,1
39.6722,3931,39541551,0,0,0,0
39.6825,3932,39551551,4095,1,0,1
39.6924,3933,39561551,0,0,0,0
39.7026,3934,39571551,4095,1,0,1
39.7121,3935,39581551,0,0,0,0
39.7226,3936,39591551,3041,1,0,1
39.7323,3937,39601551,0,0,0,0
39.7426,3938,39611551,3088,1,0,1
39.7521,3939,39621551,0,0,0,0
39.7623,3940,39631551,3107,1,0,1
39.7724,3941,39641551,0,0,0,0
39.7827,3942,39651551,3061,1,0,1
39.7922,3943,39661551,0,0,0,0
39.8026,3944,39671551,3097,1,0,1
39.8124,3945,39681551,0,0,0,0
39.8224,3946,39691551,3053,1,0,1
39.8321,3947,39701551,0,0,0,0
39.8427,3948,39711551,3024,1,0,1
39.8523,3949,39721551,0,0,0,0
39.8628,3950,39731551,3049,1,0,1
39.8721,3951,39741551,0,0,0,0
39.8825,3952,39751551,3105,1,0,1
39.8924,3953,39761551,0,0,0,0
39.9028,3954,39771551,3088,1,0,1
39.9123,3955,39781551,0,0,0,0
39.9224,3956,39791551,3117,1,0,1
39.9320,3957,39801551,0,0,0,0
39.9424,3958,39811551,3106,1,0,1
39.9523,3959,39821551,0,0,0,0
39.9625,3960,39831551,3085,1,0,1
39.9722,3961,39841551,0,0,0,0
39.9827,3962,39851551,3071,1,0,1
39.9923,3963,39861551,0,0,0,0
40.0025,3964,39871551,3090,1,0,1
40.0122,3965,39881551,0,0,0,0
40.0225,3966,39891551,3056,1,0,1
40.0325,3967,39901551,0,0,0,0
40.0424,3968,39911551,3043,1,0,1
40.0523,3969,39921551,0,0,0,0
40.0624,3970,39931551,3009,1,0,1
40.0723,3971,39941551,0,0,0,0
40.0826,3972,39951551,2992,1,0,1
40.0924,3973,39961551,0,0,0,0
40.1025,3974,39971551,3003,1,0,1
40.1120,3975,39981551,0,0,0,0
40.1223,3976,39991551,2991,1,0,1
40.1320,3977,40001551,0,0,0,0
40.1424,3978,40011551,2975,1,0,1
40.1523,3979,40021551,0,0,0,0
40.1625,3980,40031551,2973,1,0,1
40.1720,3981,40041551,0,0,0,0
40.1826,3982,40051551,2927,1,0,1
40.1922,3983,40061551,0,0,0,0
40.2022,3984,40071551,2903,1,0,1
40.2120,3985,40081551,0,0,0,0
40.2222,3986,40091551,2890,1,0,1
40.2320,3987,40101551,0,0,0,0
40.2423,3988,40111551,2871,1,0,1
40.2520,3989,40121551,0,0,0,0
40.2624,3990,40131551,2827,1,0,1
40.2722,3991,40141551,0,0,0,0
40.2831,3992,40151551,2790,1,0,1
40.2921,3993,40161551,0,0,0,0
40.3027,3994,40171551,2762,1,0,1
40.3120,3995,40181551,0,0,0,0
40.3224,3996,40191551,2707,1,0,1
40.3324,3997,40201551,11,0,0,0
40.3425,3998,40211551,2669,1,0,1
40.3523,3999,40221551,43,0,0,0
40.3625,4000,40231551,2625,1,0,1
40.3724,4001,40241551,69,0,0,0
40.3824,4002,40251551,2596,1,0,1
40.3924,4003,40261551,99,0,0,0
40.4023,4004,40271551,2527,1,0,1
40.4125,4005,40281551,127,0,0,0
40.4226,4006,40291551,2480,1,0,1
40.4325,4007,40301551,175,0,0,0
40.4424,4008,40311551,2422,1,0,1
40.4526,4009,40321551,219,0,0,0
40.4624,4010,40331551,2366,1,0,1
40.4724,4011,40341551,279,0,0,0
40.4824,4012,40351551,2287,1,0,1
40.4926,4013,40361551,334,0,0,0
40.5024,4014,40371551,2207,1,0,1
40.5126,4015,40381551,382,0,0,0
40.5224,4016,40391551,2142,1,0,1
40.5323,4017,40401551,427,0,0,0
40.5423,4018,40411551,2083,1,0,1
40.5525,4019,40421551,483,0,0,0
40.5626,4020,40431551,2002,1,0,1
40.5723,4021,40441551,528,0,0,0
40.5825,4022,40451551,1935,0,0,0
40.5924,4023,40461551,581,0,0,0
40.6025,4024,40471551,1829,0,0,0
40.6124,4025,40481551,656,0,0,0
40.6226,4026,40491551,1746,0,0,0
40.6325,4027,40501551,749,0,0,0
40.6426,4028,40511551,1635,0,0,0
40.6523,4029,40521551,848,0,0,0
40.6625,4030,40531551,1516,0,0,0
40.6724,4031,40541551,951,0,0,0
40.6827,4032,40551551,1437,0,0,0
40.6926,4033,40561551,1019,0,0,0
40.7027,4034,40571551,1313,0,0,0
40.7127,4035,40581551,1130,0,0,0
40.7225,4036,40591551,1187,0,0,0
40.7324,4037,40601551,1249,0,0,0
40.7424,4038,40611551,1008,0,0,0
40.7524,4039,40621551,1404,0,0,0
40.7624,4040,40631551,858,0,0,0
40.7725,4041,40641551,1535,0,0,0
40.7826,4042,40651551,741,0,0,0
40.7928,4043,40661551,1641,0,0,0
40.8024,4044,40671551,656,0,0,0
40.8123,4045,40681551,1715,0,0,0
40.8222,4046,40691551,546,0,0,0
40.8325,4047,40701551,1803,0,0,0
40.8421,4048,40711551,431,0,0,0
40.8522,4049,40721551,1906,0,0,0
40.8623,4050,40731551,310,0,0,0
40.8728,4051,40741551,1983,0,0,0
40.8822,4052,40751551,192,0,0,0
40.8924,4053,40761551,2133,1,0,1
40.9023,4054,40771551,45,0,0,0
40.9123,4055,40781551,2220,1,0,1
40.9227,4056,40791551,0,0,0,0
40.9323,4057,40801551,2331,1,0,1
40.9425,4058,40811551,0,0,0,0
40.9525,4059,40821551,2435,1,0,1
40.9622,4060,40831551,0,0,0,0
40.9723,4061,40841551,2486,1,0,1
40.9825,4062,40851551,0,0,0,0
40.9926,4063,40861551,2580,1,0,1
41.0022,4064,40871551,0,0,0,0
41.0122,4065,40881551,2683,1,0,1
41.0227,4066,40891551,0,0,0,0
41.0326,4067,40901551,2799,1,0,1
41.0422,4068,40911551,0,0,0,0
41.0524,4069,40921551,2903,1,0,1
41.0625,4070,40931551,0,0,0,0
41.0730,4071,40941551,3047,1,0,1
41.0822,4072,40951551,0,0,0,0
41.0924,4073,40961551,3175,1,0,1
41.1023,4074,40971551,0,0,0,0
41.1122,4075,40981551,3301,1,0,1
41.1224,4076,40991551,0,0,0,0
41.1322,4077,41001551,3521,1,0,1
41.1422,4078,41011551,0,0,0,0
41.1524,4079,41021551,3713,1,0,1
41.1620,4080,41031551,0,0,0,0
41.1726,4081,41041551,3901,1,0,1
41.1824,4082,41051551,0,0,0,0
41.1925,4083,41061551,4095,1,0,1
41.2023,4084,41071551,0,0,0,0
41.2125,4085,41081551,4095,1,0,1
41.2224,4086,41091551,0,0,0,0
41.2324,4087,41101551,4095,1,0,1
41.2423,4088,41111551,0,0,0,0
41.2524,4089,41121551,4095,1,0,1
41.2623,4090,41131551,0,0,0,0
41.2723,4091,41141551,4095,1,0,1
41.2824,4092,41151551,0,0,0,0
41.2925,4093,41161551,4095,1,0,1
41.3023,4094,41171551,0,0,0,0
41.3124,4095,41181551,4095,1,0,1
41.3222,4096,41191551,0,0,0,0
41.3324,4097,41201551,4095,1,0,1
41.3423,4098,41211551,0,0,0,0
41.3523,4099,41221551,4095,1,0,1
41.3626,4100,41231551,0,0,0,0
41.3725,4101,41241551,4095,1,0,1
41.3824,4102,41251551,0,0,0,0
41.3924,4103,41261551,4095,1,0,1
41.4024,4104,41271551,0,0,0,0
41.4124,4105,41281551,4095,1,0,1
41.4222,4106,41291551,0,0,0,0
41.4323,4107,41301551,4095,1,0,1
41.4423,4108,41311551,0,0,0,0
41.4523,4109,41321551,4095,1,0,1
41.4622,4110,41331551,0,0,0,0
41.4724,4111,41341551,4095,1,0,1
41.4822,4112,41351551,0,0,0,0
41.4925,4113,41361551,4095,1,0,1
41.5023,4114,41371551,0,0,0,0
41.5123,4115,41381551,4095,1,0,1
41.5222,4116,41391551,0,0,0,0
41.5322,4117,41401551,4095,1,0,1
41.5425,4118,41411551,0,0,0,0
41.5526,4119,41421551,4095,1,0,1
41.5623,4120,41431551,0,0,0,0
41.5724,4121,41441551,4095,1,0,1
41.5823,4122,41451551,0,0,0,0
41.5925,4123,41461551,4095,1,0,1
41.6022,4124,41471551,0,0,0,0
41.6125,4125,41481551,4095,1,0,1
41.6220,4126,41491551,0,0,0,0
41.6325,4127,41501551,4095,1,0,1
41.6424,4128,41511551,0,0,0,0
41.6523,4129,41521551,4095,1,0,1
41.6623,4130,41531551,0,0,0,0
41.6728,4131,41541551,4095,1,0,1
41.6821,4132,41551551,0,0,0,0
41.6925,4133,41561551,4095,1,0,1
41.7021,4134,41571551,0,0,0,0
41.7124,4135,41581551,4095,1,0,1
41.7223,4136,41591551,0,0,0,0
41.7324,4137,41601551,4095,1,0,1
41.7423,4138,41611551,0,0,0,0
41.7523,4139,41621551,4095,1,0,1
41.7624,4140,41631551,0,0,0,0
41.7724,4141,41641551,4095,1,0,1
41.7825,4142,41651551,0,0,0,0
41.7923,4143,41661551,4095,1,0,1
41.8025,4144,41671551,0,0,0,0
41.8126,4145,41681551,4095,1,0,1
41.8224,4146,41691551,0,0,0,0
41.8326,4147,41701551,4095,1,0,1
41.8424,4148,41711551,0,0,0,0
41.8525,4149,41721551,4095,1,0,1
41.8621,4150,41731551,0,0,0,0
41.8723,4151,41741551,4095,1,0,1
41.8820,4152,41751551,0,0,0,0
41.8922,4153,41761551,4095,1,0,1
41.9020,4154,41771551,0,0,0,0
41.9122,4155,41781551,4095,1,0,1
41.9219,4156,41791551,0,0,0,0
41.9323,4157,41801551,4095,1,0,1
41.9421,4158,41811551,0,0,0,0
41.9523,4159,41821551,4095,1,0,1
41.9622,4160,41831551,0,0,0,0
41.9722,4161,41841551,4095,1,0,1
41.9820,4162,41851551,0,0,0,0
41.9922,4163,41861551,4095,1,0,1
42.0020,4164,41871551,0,0,0,0
42.0122,4165,41881551,4095,1,0,1
42.0220,4166,41891551,0,0,0,0
42.0322,4167,41901551,4095,1,0,1
42.0419,4168,41911551,0,0,0,0
42.0524,4169,41921551,4095,1,0,1
42.0623,4170,41931551,0,0,0,0
42.0725,4171,41941551,4095,1,0,1
42.0824,4172,41951551,0,0,0,0
42.0927,4173,41961551,4095,1,0,1
42.1022,4174,41971551,0,0,0,0
42.1124,4175,41981551,4095,1,0,1
42.1228,4176,41991551,0,0,0,0
42.1325,4177,42001551,4095,1,0,1
42.1423,4178,42011551,0,0,0,0
42.1526,4179,42021551,4095,1,0,1
42.1624,4180,42031551,0,0,0,0
42.1728,4181,42041551,4095,1,0,1
42.1824,4182,42051551,0,0,0,0
42.1923,4183,42061551,4095,1,0,1
42.2021,4184,42071551,0,0,0,0
42.2123,4185,42081551,4095,1,0,1
42.2226,4186,42091551,0,0,0,0
42.2327,4187,42101551,4095,1,0,1
42.2424,4188,42111551,0,0,0,0
42.2525,4189,42121551,4095,1,0,1
42.2622,4190,42131551,0,0,0,0
42.2727,4191,42141551,4095,1,0,1
42.2822,4192,42151551,0,0,0,0
42.2923,4193,42161551,4095,1,0,1
42.3023,4194,42171551,0,0,0,0
42.3125,4195,42181551,4095,1,0,1
42.3222,4196,42191551,0,0,0,0
42.3324,4197,42201551,4095,1,0,1
42.3421,4198,42211551,0,0,0,0
42.3525,4199,42221551,4095,1,0,1
42.3622,4200,42231551,0,0,0,0
42.3723,4201,42241551,4095,1,0,1
42.3819,4202,42251551,0,0,0,0
42.3922,4203,42261551,4095,1,0,1
42.4020,4204,42271551,0,0,0,0
42.4122,4205,42281551,4095,1,0,1
42.4219,4206,42291551,0,0,0,0
42.4323,4207,42301551,4095,1,0,1
42.4420,4208,42311551,0,0,0,0
42.4525,4209,42321551,4095,1,0,1
42.4621,4210,42331551,0,0,0,0
42.4723,4211,42341551,4095,1,0,1
42.4821,4212,42351551,0,0,0,0
42.4922,4213,42361551,4095,1,0,1
42.5023,4214,42371551,0,0,0,0
42.5123,4215,42381551,4095,1,0,1
42.5221,4216,42391551,0,0,0,0
42.5323,4217,42401551,4095,1,0,1
42.5422,4218,42411551,0,0,0,0
42.5523,4219,42421551,4095,1,0,1
42.5624,4220,42431551,0,0,0,0
42.5724,4221,42441551,4095,1,0,1
42.5821,4222,42451551,0,0,0,0
42.5923,4223,42461551,4095,1,0,1
42.6023,4224,42471551,0,0,0,0
42.6126,4225,42481551,4095,1,0,1
42.6224,4226,42491551,0,0,0,0
42.6326,4227,42501551,4095,1,0,1
42.6422,4228,42511551,0,0,0,0
42.6526,4229,42521551,4095,1,0,1
42.6623,4230,42531551,0,0,0,0
42.6726,4231,42541551,4095,1,0,1
42.6822,4232,42551551,0,0,0,0
42.6924,4233,42561551,4095,1,0,1
42.7023,4234,42571551,0,0,0,0
42.7125,4235,42581551,4095,1,0,1
42.7223,4236,42591551,0,0,0,0
42.7324,4237,42601551,4095,1,0,1
42.7422,4238,42611551,0,0,0,0
42.7525,4239,42621551,4095,1,0,1
42.7621,4240,42631551,0,0,0,0
42.7725,4241,42641551,4095,1,0,1
42.7823,4242,42651551,0,0,0,0
42.7924,4243,42661551,4095,1,0,1
42.8024,4244,42671551,0,0,0,0
42.8122,4245,42681551,4095,1,0,1
42.8220,4246,42691551,0,0,0,0
42.8324,4247,42701551,4095,1,0,1
42.8423,4248,42711551,0,0,0,0
42.8525,4249,42721551,4095,1,0,1
42.8622,4250,42731551,0,0,0,0
42.8724,4251,42741551,4095,1,0,1
42.8820,4252,42751551,0,0,0,0
42.8923,4253,42761551,4095,1,0,1
42.9020,4254,42771551,0,0,0,0
42.9122,4255,42781551,4095,1,0,1
42.9225,4256,42791551,0,0,0,0
42.9325,4257,42801551,4095,1,0,1
42.9421,4258,42811551,0,0,0,0
42.9525,4259,42821551,4095,1,0,1
42.9620,4260,42831551,0,0,0,0
42.9725,4261,42841551,4095,1,0,1
42.9821,4262,42851551,0,0,0,0
42.9924,4263,42861551,4095,1,0,1
43.0022,4264,42871551,0,0,0,0
43.0123,4265,42881551,4095,1,0,1
43.0223,4266,42891551,0,0,0,0
43.0322,4267,42901551,4095,1,0,1
43.0423,4268,42911551,0,0,0,0
43.0526,4269,42921551,4095,1,0,1
43.0620,4270,42931551,0,0,0,0
43.0725,4271,42941551,4095,1,0,1
43.0823,4272,42951551,0,0,0,0
43.0924,4273,42961551,4095,1,0,1
43.1021,4274,42971551,0,0,0,0
43.1125,4275,42981551,4095,1,0,1
43.1221,4276,42991551,0,0,0,0
43.1323,4277,43001551,4095,1,0,1
43.1424,4278,43011551,0,0,0,0
43.1523,4279,43021551,4095,1,0,1
43.1622,4280,43031551,0,0,0,0
43.1724,4281,43041551,4095,1,0,1
43.1822,4282,43051551,0,0,0,0
43.1926,4283,43061551,4095,1,0,1
43.2022,4284,43071551,0,0,0,0
43.2123,4285,43081551,4095,1,0,1
43.2221,4286,43091551,0,0,0,0
43.2325,4287,43101551,4095,1,0,1
43.2420,4288,43111551,0,0,0,0
43.2524,4289,43121551,4095,1,0,1
43.2622,4290,43131551,0,0,0,0
43.2724,4291,43141551,4095,1,0,1
43.2822,4292,43151551,0,0,0,0
43.2925,4293,43161551,4095,1,0,1
43.3023,4294,43171551,0,0,0,0
43.3122,4295,43181551,4095,1,0,1
43.3223,4296,43191551,0,0,0,0
43.3324,4297,43201551,4095,1,0,1
43.3423,4298,43211551,0,0,0,0
43.3528,4299,43221551,4095,1,0,1
43.3622,4300,43231551,0,0,0,0
43.3731,4301,43241551,4095,1,0,1
43.3824,4302,43251551,0,0,0,0
43.3927,4303,43261551,4095,1,0,1
43.4025,4304,43271551,0,0,0,0
43.4124,4305,43281551,4095,1,0,1
43.4224,4306,43291551,0,0,0,0
43.4323,4307,43301551,4095,1,0,1
43.4423,4308,43311551,0,0,0,0
43.4524,4309,43321551,4095,1,0,1
43.4622,4310,43331551,0,0,0,0
43.4725,4311,43341551,4095,1,0,1
43.4822,4312,43351551,0,0,0,0
43.4925,4313,43361551,4095,1,0,1
43.5024,4314,43371551,0,0,0,0
43.5125,4315,43381551,4095,1,0,1
43.5225,4316,43391551,0,0,0,0
43.5323,4317,43401551,4095,1,0,1
43.5423,4318,43411551,0,0,0,0
43.5527,4319,43421551,4095,1,0,1
43.5622,4320,43431551,0,0,0,0
43.5728,4321,43441551,4095,1,0,1
43.5821,4322,43451551,0,0,0,0
43.5926,4323,43461551,4095,1,0,1
43.6023,4324,43471551,0,0,0,0
43.6126,4325,43481551,4095,1,0,1
43.6224,4326,43491551,0,0,0,0
43.6324,4327,43501551,4095,1,0,1
43.6423,4328,43511551,0,0,0,0
43.6525,4329,43521551,4095,1,0,1
43.6622,4330,43531551,0,0,0,0
43.6725,4331,43541551,4095,1,0,1
43.6820,4332,43551551,0,0,0,0
43.6925,4333,43561551,4095,1,0,1
43.7024,4334,43571551,0,0,0,0
43.7125,4335,43581551,4095,1,0,1
43.7227,4336,43591551,0,0,0,0
43.7324,4337,43601551,4095,1,0,1
43.7424,4338,43611551,0,0,0,0
43.7524,4339,43621551,4095,1,0,1
43.7623,4340,43631551,0,0,0,0
43.7726,4341,43641551,4095,1,0,1
43.7821,4342,43651551,0,0,0,0
43.7927,4343,43661551,4095,1,0,1
43.8024,4344,43671551,0,0,0,0
43.8126,4345,43681551,4095,1,0,1
43.8223,4346,43691551,0,0,0,0
43.8326,4347,43701551,4095,1,0,1
43.8422,4348,43711551,0,0,0,0
43.8528,4349,43721551,4095,1,0,1
43.8625,4350,43731551,0,0,0,0
43.8727,4351,43741551,4095,1,0,1
43.8826,4352,43751551,0,0,0,0
43.8925,4353,43761551,4095,1,0,1
43.9024,4354,43771551,0,0,0,0
43.9125,4355,43781551,4095,1,0,1
43.9222,4356,43791551,0,0,0,0
43.9325,4357,43801551,4095,1,0,1
43.9425,4358,43811551,0,0,0,0
43.9526,4359,43821551,4095,1,0,1
43.9622,4360,43831551,0,0,0,0
43.9727,4361,43841551,4095,1,0,1
43.9823,4362,43851551,0,0,0,0
43.9923,4363,43861551,4095,1,0,1
44.0022,4364,43871551,0,0,0,0
44.0126,4365,43881551,4095,1,0,1
44.0223,4366,43891551,0,0,0,0
44.0323,4367,43901551,4095,1,0,1
44.0422,4368,43911551,0,0,0,0
44.0525,4369,43921551,4095,1,0,1
44.0623,4370,43931551,0,0,0,0
44.0724,4371,43941551,4095,1,0,1
44.0822,4372,43951551,0,0,0,0
44.0923,4373,43961551,4095,1,0,1
44.1023,4374,43971551,0,0,0,0
44.1126,4375,43981551,4095,1,0,1
44.1221,4376,43991551,0,0,0,0
44.1323,4377,44001551,4095,1,0,1
44.1421,4378,44011551,0,0,0,0
44.1523,4379,44021551,4095,1,0,1
44.1621,4380,44031551,0,0,0,0
44.1723,4381,44041551,4095,1,0,1
44.1823,4382,44051551,0,0,0,0
44.1923,4383,44061551,4095,1,0,1
44.2023,4384,44071551,0,0,0,0
44.2124,4385,44081551,4095,1,0,1
44.2222,4386,44091551,0,0,0,0
44.2324,4387,44101551,3317,1,1,1
44.2420,4388,44111551,0,0,0,0
44.2525,4389,44121551,4095,1,1,1
44.2622,4390,44131551,0,0,0,0
44.2723,4391,44141551,4095,1,1,1
44.2822,4392,44151551,0,0,0,0
44.2925,4393,44161551,4095,1,1,1
44.3023,4394,44171551,0,0,0,0
44.3123,4395,44181551,4095,1,1,1
44.3221,4396,44191551,0,0,0,0
44.3322,4397,44201551,4095,1,1,1
44.3420,4398,44211551,0,0,0,0
44.3523,4399,44221551,4095,1,1,1
44.3621,4400,44231551,0,0,0,0
44.3723,4401,44241551,4095,1,1,1
44.3822,4402,44251551,0,0,0,0
44.3923,4403,44261551,4095,1,1,1
44.4021,4404,44271551,0,0,0,0
44.4125,4405,44281551,4095,1,1,1
44.4222,4406,44291551,0,0,0,0
44.4324,4407,44301551,4095,1,1,1
44.4421,4408,44311551,0,0,0,0
44.4523,4409,44321551,4095,1,1,1
44.4622,4410,44331551,0,0,0,0
44.4723,4411,44341551,4095,1,1,1
44.4823,4412,44351551,0,0,0,0
44.4925,4413,44361551,4095,1,1,1
44.5022,4414,44371551,0,0,0,0
44.5124,4415,44381551,4095,1,1,1
44.5222,4416,44391551,0,0,0,0
44.5324,4417,44401551,4095,1,1,1
44.5421,4418,44411551,0,0,0,0
44.5522,4419,44421551,4095,1,1,1
44.5619,4420,44431551,0,0,0,0
44.5723,4421,44441551,4095,1,1,1
44.5820,4422,44451551,0,0,0,0
44.5923,4423,44461551,4095,1,1,1
44.6021,4424,44471551,0,0,0,0
44.6124,4425,44481551,4095,1,1,1
44.6220,4426,44491551,0,0,0,0
44.6324,4427,44501551,4095,1,1,1
44.6422,4428,44511551,0,0,0,0
44.6523,4429,44521551,4095,1,1,1
44.6621,4430,44531551,0,0,0,0
44.6724,4431,44541551,4095,1,1,1
44.6822,4432,44551551,0,0,0,0
44.6923,4433,44561551,4095,1,1,1
44.7022,4434,44571551,0,0,0,0
44.7124,4435,44581551,4095,1,1,1
44.7222,4436,44591551,0,0,0,0
44.7323,4437,44601551,4095,1,1,1
44.7420,4438,44611551,0,0,0,0
44.7525,4439,44621551,4095,1,1,1
44.7623,4440,44631551,0,0,0,0
44.7724,4441,44641551,4095,1,1,1
44.7822,4442,44651551,0,0,0,0
44.7923,4443,44661551,4095,1,1,1
44.8022,4444,44671551,0,0,0,0
44.8126,4445,44681551,4095,1,1,1
44.8225,4446,44691551,0,0,0,0
44.8323,4447,44701551,4095,1,1,1
44.8422,4448,44711551,0,0,0,0
44.8525,4449,44721551,4095,1,1,1
44.8624,4450,44731551,0,0,0,0
44.8725,4451,44741551,4095,1,1,1
44.8825,4452,44751551,0,0,0,0
44.8925,4453,44761551,4095,1,1,1
44.9025,4454,44771551,0,0,0,0
44.9123,4455,44781551,4095,1,1,1
44.9220,4456,44791551,0,0,0,0
44.9324,4457,44801551,4095,1,1,1
44.9420,4458,44811551,0,0,0,0
44.9522,4459,44821551,4095,1,1,1
44.9622,4460,44831551,0,0,0,0
44.9724,4461,44841551,4095,1,1,1
44.9821,4462,44851551,0,0,0,0
44.9926,4463,44861551,4095,1,1,1
45.0021,4464,44871551,0,0,0,0
45.0126,4465,44881551,4095,1,1,1
45.0222,4466,44891551,0,0,0,0
45.0324,4467,44901551,4095,1,1,1
45.0423,4468,44911551,0,0,0,0
45.0525,4469,44921551,4095,1,1,1
45.0622,4470,44931551,0,0,0,0
45.0725,4471,44941551,4095,1,1,1
45.0824,4472,44951551,0,0,0,0
45.0926,4473,44961551,4095,1,1,1
45.1020,4474,44971551,0,0,0,0
45.1122,4475,44981551,4095,1,1,1
45.1222,4476,44991551,0,0,0,0
45.1324,4477,45001551,4095,1,1,1
45.1425,4478,45011551,0,0,0,0
45.1526,4479,45021551,4095,1,1,1
45.1622,4480,45031551,0,0,0,0
45.1726,4481,45041551,4095,1,1,1
45.1823,4482,45051551,0,0,0,0
45.1924,4483,45061551,4095,1,1,1
45.2024,4484,45071551,0,0,0,0
45.2123,4485,45081551,4095,1,1,1
45.2223,4486,45091551,0,0,0,0
45.2341,4487,45101551,4095,1,1,1
45.2422,4488,45111551,0,0,0,0
45.2524,4489,45121551,3103,1,1,1
45.2623,4490,45131551,0,0,0,0
45.2726,4491,45141551,4095,1,1,1
45.2824,4492,45151551,0,0,0,0
45.2926,4493,45161551,4095,1,1,1
45.3024,4494,45171551,0,0,0,0
45.3125,4495,45181551,4095,1,1,1
45.3222,4496,45191551,0,0,0,0
45.3325,4497,45201551,4095,1,1,1
45.3422,4498,45211551,0,0,0,0
45.3525,4499,45221551,4095,1,1,1
45.3621,4500,45231551,0,0,0,0
45.3726,4501,45241551,4095,1,1,1
45.3822,4502,45251551,0,0,0,0
45.3927,4503,45261551,4095,1,1,1
45.4022,4504,45271551,0,0,0,0
45.4127,4505,45281551,4095,1,1,1
45.4224,4506,45291551,0,0,0,0
45.4327,4507,45301551,4095,1,1,1
45.4424,4508,45311551,0,0,0,0
45.4527,4509,45321551,4095,1,1,1
45.4621,4510,45331551,0,0,0,0
45.4728,4511,45341551,4095,1,1,1
45.4823,4512,45351551,0,0,0,0
45.4926,4513,45361551,4095,1,1,1
45.5025,4514,45371551,0,0,0,0
45.5125,4515,45381551,4095,1,1,1
45.5221,4516,45391551,0,0,0,0
45.5323,4517,45401551,4095,1,1,1
45.5422,4518,45411551,0,0,0,0
45.5525,4519,45421551,4095,1,1,1
45.5621,4520,45431551,0,0,0,0
45.5724,4521,45441551,4095,1,1,1
45.5822,4522,45451551,0,0,0,0
45.5924,4523,45461551,4095,1,1,1
45.6022,4524,45471551,0,0,0,0
45.6124,4525,45481551,4095,1,1,1
45.6222,4526,45491551,0,0,0,0
45.6325,4527,45501551,3071,1,1,1
45.6421,4528,45511551,0,0,0,0
45.6525,4529,45521551,4095,1,1,1
45.6623,4530,45531551,0,0,0,0
45.6729,4531,45541551,4095,1,1,1
45.6823,4532,45551551,0,0,0,0
45.6922,4533,45561551,4095,1,1,1
45.7024,4534,45571551,0,0,0,0
45.7123,4535,45581551,4095,1,1,1
45.7220,4536,45591551,0,0,0,0
45.7323,4537,45601551,4095,1,1,1
45.7422,4538,45611551,0,0,0,0
45.7524,4539,45621551,4095,1,1,1
45.7623,4540,45631551,0,0,0,0
45.7726,4541,45641551,4095,1,1,1
45.7822,4542,45651551,0,0,0,0
45.7922,4543,45661551,4095,1,1,1
45.8023,4544,45671551,0,0,0,0
45.8124,4545,45681551,4095,1,0,1
45.8220,4546,45691551,0,0,0,0
45.8323,4547,45701551,3039,1,0,1
45.8421,4548,45711551,0,0,0,0
45.8525,4549,45721551,4095,1,1,1
45.8621,4550,45731551,0,0,0,0
45.8724,4551,45741551,3037,1,0,1
45.8821,4552,45751551,0,0,0,0
45.8924,4553,45761551,4095,1,1,1
45.9024,4554,45771551,0,0,0,0
45.9124,4555,45781551,3021,1,0,1
45.9222,4556,45791551,0,0,0,0
45.9323,4557,45801551,4095,1,1,1
45.9420,4558,45811551,0,0,0,0
45.9525,4559,45821551,3025,1,0,1
45.9623,4560,45831551,0,0,0,0
45.9725,4561,45841551,3027,1,0,1
45.9823,4562,45851551,0,0,0,0
45.9925,4563,45861551,3017,1,0,1
46.0023,4564,45871551,0,0,0,0
46.0125,4565,45881551,2993,1,0,1
46.0223,4566,45891551,0,0,0,0
46.0322,4567,45901551,3020,1,0,1
46.0422,4568,45911551,0,0,0,0
46.0526,4569,45921551,3023,1,0,1
46.0621,4570,45931551,0,0,0,0
46.0724,4571,45941551,3071,1,0,1
46.0824,4572,45951551,0,0,0,0
46.0925,4573,45961551,3085,1,0,1
46.1020,4574,45971551,0,0,0,0
46.1124,4575,45981551,3060,1,0,1
46.1220,4576,45991551,0,0,0,0
46.1324,4577,46001551,3069,1,0,1
46.1424,4578,46011551,0,0,0,0
46.1526,4579,46021551,3057,1,0,1
46.1623,4580,46031551,0,0,0,0
46.1730,4581,46041551,3068,1,0,1
46.1822,4582,46051551,0,0,0,0
46.1924,4583,46061551,3029,1,0,1
46.2025,4584,46071551,0,0,0,0
46.2126,4585,46081551,3063,1,0,1
46.2224,4586,46091551,0,0,0,0
46.2324,4587,46101551,3053,1,0,1
46.2423,4588,46111551,0,0,0,0
46.2522,4589,46121551,3058,1,0,1
46.2622,4590,46131551,0,0,0,0
46.2723,4591,46141551,3042,1,0,1
46.2821,4592,46151551,0,0,0,0
46.2926,4593,46161551,3057,1,0,1
46.3022,4594,46171551,0,0,0,0
46.3123,4595,46181551,3071,1,0,1
46.3222,4596,46191551,0,0,0,0
46.3324,4597,46201551,3058,1,0,1
46.3424,4598,46211551,0,0,0,0
46.3529,4599,46221551,3086,1,0,1
46.3623,4600,46231551,0,0,0,0
46.3724,4601,46241551,3106,1,0,1
46.3821,4602,46251551,0,0,0,0
46.3923,4603,46261551,3055,1,0,1
46.4022,4604,46271551,0,0,0,0
46.4123,4605,46281551,3055,1,0,1
46.4222,4606,46291551,0,0,0,0
46.4324,4607,46301551,3057,1,0,1
46.4423,4608,46311551,0,0,0,0
46.4527,4609,46321551,3014,1,0,1
46.4623,4610,46331551,0,0,0,0
46.4726,4611,46341551,3040,1,0,1
46.4821,4612,46351551,0,0,0,0
46.4925,4613,46361551,3031,1,0,1
46.5024,4614,46371551,0,0,0,0
46.5125,4615,46381551,3008,1,0,1
46.5224,4616,46391551,0,0,0,0
46.5324,4617,46401551,3008,1,0,1
46.5422,4618,46411551,0,0,0,0
46.5524,4619,46421551,2960,1,0,1
46.5624,4620,46431551,0,0,0,0
46.5726,4621,46441551,2977,1,0,1
46.5822,4622,46451551,0,0,0,0
46.5925,4623,46461551,3006,1,0,1
46.6022,4624,46471551,0,0,0,0
46.6124,4625,46481551,2946,1,0,1
46.6222,4626,46491551,0,0,0,0
46.6325,4627,46501551,2912,1,0,1
46.6424,4628,46511551,0,0,0,0
46.6526,4629,46521551,2915,1,0,1
46.6622,4630,46531551,0,0,0,0
46.6723,4631,46541551,2922,1,0,1
46.6823,4632,46551551,0,0,0,0
46.6926,4633,46561551,2875,1,0,1
46.7024,4634,46571551,0,0,0,0
46.7123,4635,46581551,2879,1,0,1
46.7220,4636,46591551,0,0,0,0
46.7322,4637,46601551,2871,1,0,1
46.7420,4638,46611551,0,0,0,0
46.7523,4639,46621551,2860,1,0,1
46.7619,4640,46631551,0,0,0,0
46.7722,4641,46641551,2877,1,0,1
46.7820,4642,46651551,0,0,0,0
46.7924,4643,46661551,2865,1,0,1
46.8022,4644,46671551,0,0,0,0
46.8124,4645,46681551,2852,1,0,1
46.8223,4646,46691551,0,0,0,0
46.8326,4647,46701551,2861,1,0,1
46.8423,4648,46711551,0,0,0,0
46.8527,4649,46721551,2864,1,0,1
46.8623,4650,46731551,0,0,0,0
46.8722,4651,46741551,2802,1,0,1
46.8821,4652,46751551,0,0,0,0
46.8925,4653,46761551,2832,1,0,1
46.9020,4654,46771551,0,0,0,0
46.9125,4655,46781551,2829,1,0,1
46.9221,4656,46791551,0,0,0,0
46.9326,4657,46801551,2809,1,0,1
46.9426,4658,46811551,0,0,0,0
46.9526,4659,46821551,2773,1,0,1
46.9624,4660,46831551,0,0,0,0
46.9724,4661,46841551,2751,1,0,1
46.9822,4662,46851551,0,0,0,0
46.9923,4663,46861551,2738,1,0,1
47.0022,4664,46871551,0,0,0,0
47.0125,4665,46881551,2704,1,0,1
47.0228,4666,46891551,0,0,0,0
47.0325,4667,46901551,2688,1,0,1
47.0421,4668,46911551,0,0,0,0
47.0524,4669,46921551,2689,1,0,1
47.0624,4670,46931551,0,0,0,0
47.0726,4671,46941551,2653,1,0,1
47.0824,4672,46951551,0,0,0,0
47.0923,4673,46961551,2661,1,0,1
47.1024,4674,46971551,30,0,0,0
47.1126,4675,46981551,2592,1,0,1
47.1224,4676,46991551,41,0,0,0
47.1330,4677,47001551,2559,1,0,1
47.1423,4678,47011551,47,0,0,0
47.1525,4679,47021551,2598,1,0,1
47.1623,4680,47031551,64,0,0,0
47.1725,4681,47041551,2542,1,0,1
47.1824,4682,47051551,94,0,0,0
47.1924,4683,47061551,2495,1,0,1
47.2024,4684,47071551,85,0,0,0
47.2128,4685,47081551,2495,1,0,1
47.2225,4686,47091551,117,0,0,0
47.2326,4687,47101551,2467,1,0,1
47.2425,4688,47111551,141,0,0,0
47.2526,4689,47121551,2448,1,0,1
47.2623,4690,47131551,153,0,0,0
47.2726,4691,47141551,2415,1,0,1
47.2825,4692,47151551,174,0,0,0
47.2928,4693,47161551,2384,1,0,1
47.3029,4694,47171551,205,0,0,0
47.3124,4695,47181551,2359,1,0,1
47.3225,4696,47191551,220,0,0,0
47.3326,4697,47201551,2326,1,0,1
47.3423,4698,47211551,240,0,0,0
47.3525,4699,47221551,2293,1,0,1
47.3625,4700,47231551,288,0,0,0
47.3724,4701,47241551,2260,1,0,1
47.3826,4702,47251551,299,0,0,0
47.3923,4703,47261551,2240,1,0,1
47.4026,4704,47271551,317,0,0,0
47.4126,4705,47281551,2235,1,0,1
47.4225,4706,47291551,350,0,0,0
47.4326,4707,47301551,2162,1,0,1
47.4425,4708,47311551,390,0,0,0
47.4525,4709,47321551,2140,1,0,1
47.4625,4710,47331551,419,0,0,0
47.4724,4711,47341551,2109,1,0,1
47.4824,4712,47351551,423,0,0,0
47.4926,4713,47361551,2083,1,0,1
47.5025,4714,47371551,457,0,0,0
47.5124,4715,47381551,2037,0,0,0
47.5225,4716,47391551,474,0,0,0
47.5325,4717,47401551,2010,0,0,0
47.5425,4718,47411551,522,0,0,0
47.5526,4719,47421551,1939,0,0,0
47.5626,4720,47431551,541,0,0,0
47.5726,4721,47441551,1911,1,0,1
47.5825,4722,47451551,560,0,0,0
47.5925,4723,47461551,1882,1,0,1
47.6026,4724,47471551,605,0,0,0
47.6126,4725,47481551,1843,0,0,0
47.6228,4726,47491551,655,0,0,0
47.6323,4727,47501551,1742,0,0,0
47.6425,4728,47511551,678,0,0,0
47.6525,4729,47521551,1744,0,0,0
47.6624,4730,47531551,726,0,0,0
47.6723,4731,47541551,1664,0,0,0
47.6824,4732,47551551,747,0,0,0
47.6924,4733,47561551,1629,0,0,0
47.7023,4734,47571551,785,0,0,0
47.7125,4735,47581551,1558,0,0,0
47.7225,4736,47591551,847,0,0,0
47.7324,4737,47601551,1523,0,0,0
47.7423,4738,47611551,885,0,0,0
47.7526,4739,47621551,1506,1,0,1
47.7622,4740,47631551,916,0,0,0
47.7725,4741,47641551,1425,0,0,0
47.7825,4742,47651551,969,0,0,0
47.7922,4743,47661551,1394,0,0,0
47.8024,4744,47671551,990,0,0,0
47.8125,4745,47681551,1363,0,0,0
47.8229,4746,47691551,1015,0,0,0
47.8325,4747,47701551,1306,0,0,0
47.8424,4748,47711551,1088,0,0,0
47.8523,4749,47721551,1253,0,0,0
47.8623,4750,47731551,1157,0,0,0
47.8722,4751,47741551,1171,0,0,0
47.8822,4752,47751551,1230,0,0,0
47.8924,4753,47761551,1138,0,0,0
47.9023,4754,47771551,1260,0,0,0
47.9125,4755,47781551,1063,0,0,0
47.9225,4756,47791551,1313,0,0,0
47.9325,4757,47801551,970,0,0,0
47.9424,4758,47811551,1367,0,0,0
47.9526,4759,47821551,944,0,0,0
47.9622,4760,47831551,1429,0,0,0
47.9723,4761,47841551,899,0,0,0
47.9823,4762,47851551,1483,0,0,0
47.9924,4763,47861551,816,0,0,0
48.0023,4764,47871551,1535,0,0,0
48.0122,4765,47881551,767,0,0,0
48.0228,4766,47891551,1584,0,0,0
48.0324,4767,47901551,738,0,0,0
48.0425,4768,47911551,1629,0,0,0
48.0524,4769,47921551,645,0,0,0
48.0625,4770,47931551,1690,0,0,0
48.0727,4771,47941551,601,0,0,0
48.0824,4772,47951551,1741,0,0,0
48.0925,4773,47961551,579,0,0,0
48.1025,4774,47971551,1761,0,0,0
48.1125,4775,47981551,527,0,0,0
48.1226,4776,47991551,1783,0,0,0
48.1323,4777,48001551,481,0,0,0
48.1425,4778,48011551,1834,0,0,0
48.1526,4779,48021551,446,0,0,0
48.1625,4780,48031551,1869,0,0,0
48.1722,4781,48041551,393,0,0,0
48.1825,4782,48051551,1887,0,0,0
48.1927,4783,48061551,330,0,0,0
48.2027,4784,48071551,1930,0,0,0
48.2125,4785,48081551,288,0,0,0
48.2226,4786,48091551,1993,0,0,0
48.2324,4787,48101551,263,0,0,0
48.2425,4788,48111551,2019,0,0,0
48.2525,4789,48121551,213,0,0,0
48.2626,4790,48131551,2086,1,0,1
48.2726,4791,48141551,134,0,0,0
48.2823,4792,48151551,2137,1,0,1
48.2928,4793,48161551,90,0,0,0
48.3027,4794,48171551,2171,1,0,1
48.3125,4795,48181551,25,0,0,0
48.3230,4796,48191551,2234,1,0,1
48.3321,4797,48201551,0,0,0,0
48.3422,4798,48211551,2272,1,0,1
48.3522,4799,48221551,0,0,0,0
48.3623,4800,48231551,2311,1,0,1
48.3725,4801,48241551,0,0,0,0
48.3824,4802,48251551,2369,1,0,1
48.3925,4803,48261551,0,0,0,0
48.4025,4804,48271551,2405,1,0,1
48.4124,4805,48281551,0,0,0,0
48.4225,4806,48291551,2453,1,0,1
48.4322,4807,48301551,0,0,0,0
48.4424,4808,48311551,2474,1,0,1
48.4521,4809,48321551,0,0,0,0
48.4626,4810,48331551,2507,1,0,1
48.4724,4811,48341551,0,0,0,0
48.4824,4812,48351551,2554,1,0,1
48.4924,4813,48361551,0,0,0,0
48.5029,4814,48371551,2592,1,0,1
48.5124,4815,48381551,0,0,0,0
48.5227,4816,48391551,2619,1,0,1
48.5322,4817,48401551,0,0,0,0
48.5425,4818,48411551,2675,1,0,1
48.5524,4819,48421551,0,0,0,0
48.5626,4820,48431551,2711,1,0,1
48.5721,4821,48441551,0,0,0,0
48.5824,4822,48451551,2753,1,0,1
48.5923,4823,48461551,0,0,0,0
48.6027,4824,48471551,2807,1,0,1
48.6120,4825,48481551,0,0,0,0
48.6223,4826,48491551,2861,1,0,1
48.6321,4827,48501551,0,0,0,0
48.6424,4828,48511551,2876,1,0,1
48.6523,4829,48521551,0,0,0,0
48.6626,4830,48531551,2939,1,0,1
48.6722,4831,48541551,0,0,0,0
48.6824,4832,48551551,2992,1,0,1
48.6922,4833,48561551,0,0,0,0
48.7028,4834,48571551,3022,1,0,1
48.7121,4835,48581551,0,0,0,0
48.7226,4836,48591551,3057,1,0,1
48.7322,4837,48601551,0,0,0,0
48.7424,4838,48611551,3095,1,0,1
48.7523,4839,48621551,0,0,0,0
48.7625,4840,48631551,3137,1,0,1
48.7722,4841,48641551,0,0,0,0
48.7824,4842,48651551,3184,1,0,1
48.7922,4843,48661551,0,0,0,0
48.8026,4844,48671551,3225,1,0,1
48.8121,4845,48681551,0,0,0,0
48.8229,4846,48691551,3278,1,0,1
48.8319,4847,48701551,0,0,0,0
48.8425,4848,48711551,3331,1,0,1
48.8522,4849,48721551,0,0,0,0
48.8628,4850,48731551,3376,1,0,1
48.8724,4851,48741551,0,0,0,0
48.8827,4852,48751551,3402,1,0,1
48.8920,4853,48761551,0,0,0,0
48.9022,4854,48771551,3479,1,0,1
48.9120,4855,48781551,0,0,0,0
48.9222,4856,48791551,3540,1,0,1
48.9319,4857,48801551,0,0,0,0
48.9423,4858,48811551,3617,1,0,1
48.9520,4859,48821551,0,0,0,0
48.9622,4860,48831551,3678,1,0,1
48.9721,4861,48841551,0,0,0,0
48.9822,4862,48851551,3745,1,0,1
48.9922,4863,48861551,0,0,0,0
49.0028,4864,48871551,3792,1,0,1
49.0122,4865,48881551,0,0,0,0
49.0225,4866,48891551,3901,1,0,1
49.0324,4867,48901551,0,0,0,0
49.0426,4868,48911551,3966,1,0,1
49.0523,4869,48921551,0,0,0,0
49.0623,4870,48931551,4011,1,0,1
49.0722,4871,48941551,0,0,0,0
49.0825,4872,48951551,4023,1,0,1
49.0924,4873,48961551,0,0,0,0
49.1026,4874,48971551,4095,1,0,1
49.1123,4875,48981551,0,0,0,0
49.1226,4876,48991551,4095,1,0,1
49.1324,4877,49001551,0,0,0,0
49.1425,4878,49011551,4095,1,0,1
49.1524,4879,49021551,0,0,0,0
49.1627,4880,49031551,4095,1,0,1
49.1724,4881,49041551,0,0,0,0
49.1826,4882,49051551,4095,1,0,1
49.1923,4883,49061551,0,0,0,0
49.2027,4884,49071551,4095,1,0,1
49.2124,4885,49081551,0,0,0,0
49.2226,4886,49091551,4095,1,0,1
49.2324,4887,49101551,0,0,0,0
49.2427,4888,49111551,4095,1,0,1
49.2523,4889,49121551,0,0,0,0
49.2626,4890,49131551,4095,1,0,1
49.2723,4891,49141551,0,0,0,0
49.2826,4892,49151551,4095,1,0,1
49.2922,4893,49161551,0,0,0,0
49.3024,4894,49171551,4095,1,0,1
49.3122,4895,49181551,0,0,0,0
49.3226,4896,49191551,4095,1,0,1
49.3323,4897,49201551,0,0,0,0
49.3425,4898,49211551,4095,1,0,1
49.3524,4899,49221551,0,0,0,0
49.3626,4900,49231551,4095,1,0,1
49.3722,4901,49241551,0,0,0,0
49.3826,4902,49251551,4095,1,0,1
49.3923,4903,49261551,0,0,0,0
49.4028,4904,49271551,4095,1,0,1
49.4124,4905,49281551,0,0,0,0
49.4223,4906,49291551,4095,1,0,1
49.4323,4907,49301551,0,0,0,0
49.4425,4908,49311551,4095,1,0,1
49.4523,4909,49321551,0,0,0,0
49.4626,4910,49331551,4095,1,0,1
49.4723,4911,49341551,0,0,0,0
49.4825,4912,49351551,4095,1,0,1
49.4923,4913,49361551,0,0,0,0
49.5025,4914,49371551,4095,1,0,1
49.5123,4915,49381551,0,0,0,0
49.5225,4916,49391551,4095,1,0,1
49.5320,4917,49401551,0,0,0,0
49.5422,4918,49411551,4095,1,0,1
49.5524,4919,49421551,0,0,0,0
49.5624,4920,49431551,4095,1,0,1
49.5725,4921,49441551,0,0,0,0
49.5826,4922,49451551,4095,1,0,1
49.5921,4923,49461551,0,0,0,0
49.6025,4924,49471551,4095,1,0,1
49.6120,4925,49481551,0,0,0,0
49.6227,4926,49491551,4095,1,0,1
49.6323,4927,49501551,0,0,0,0
49.6426,4928,49511551,4095,1,0,1
49.6523,4929,49521551,0,0,0,0
49.6622,4930,49531551,4095,1,0,1
49.6722,4931,49541551,0,0,0,0
49.6827,4932,49551551,4095,1,0,1
49.6923,4933,49561551,0,0,0,0
49.7027,4934,49571551,4095,1,0,1
49.7123,4935,49581551,0,0,0,0
49.7228,4936,49591551,4095,1,0,1
49.7323,4937,49601551,0,0,0,0
49.7425,4938,49611551,4095,1,0,1
49.7523,4939,49621551,0,0,0,0
49.7625,4940,49631551,4095,1,0,1
49.7721,4941,49641551,0,0,0,0
49.7826,4942,49651551,4095,1,0,1
49.7925,4943,49661551,0,0,0,0
49.8025,4944,49671551,4095,1,0,1
49.8123,4945,49681551,0,0,0,0
49.8225,4946,49691551,4095,1,0,1
49.8326,4947,49701551,0,0,0,0
49.8426,4948,49711551,4095,1,0,1
49.8524,4949,49721551,0,0,0,0
49.8625,4950,49731551,4095,1,0,1
49.8724,4951,49741551,0,0,0,0
49.8824,4952,49751551,4095,1,0,1
49.8921,4953,49761551,0,0,0,0
49.9026,4954,49771551,4095,1,0,1
49.9122,4955,49781551,0,0,0,0
49.9225,4956,49791551,4095,1,0,1
49.9322,4957,49801551,0,0,0,0
49.9426,4958,49811551,4095,1,0,1
49.9524,4959,49821551,0,0,0,0
49.9624,4960,49831551,4095,1,0,1
49.9721,4961,49841551,0,0,0,0
49.9831,4962,49851551,4095,1,0,1
49.9920,4963,49861551,0,0,0,0
50.0024,4964,49871551,4095,1,0,1
50.0120,4965,49881551,0,0,0,0
50.0224,4966,49891551,4095,1,0,1
50.0320,4967,49901551,0,0,0,0
50.0424,4968,49911551,4095,1,0,1
50.0523,4969,49921551,0,0,0,0
50.0623,4970,49931551,4095,1,0,1
50.0723,4971,49941551,0,0,0,0
50.0827,4972,49951551,4095,1,0,1
50.0926,4973,49961551,0,0,0,0
50.1027,4974,49971551,4095,1,0,1
50.1121,4975,49981551,0,0,0,0
50.1229,4976,49991551,4095,1,0,1
50.1322,4977,50001551,0,0,0,0
50.1424,4978,50011551,4095,1,0,1
50.1523,4979,50021551,0,0,0,0
50.1626,4980,50031551,4095,1,0,1
50.1724,4981,50041551,0,0,0,0
50.1829,4982,50051551,4095,1,0,1
50.1923,4983,50061551,0,0,0,0
50.2026,4984,50071551,4095,1,0,1
50.2123,4985,50081551,0,0,0,0
50.2227,4986,50091551,4095,1,0,1
50.2324,4987,50101551,0,0,0,0
50.2426,4988,50111551,4095,1,0,1
50.2521,4989,50121551,0,0,0,0
50.2624,4990,50131551,4095,1,0,1
50.2724,4991,50141551,0,0,0,0
50.2826,4992,50151551,4095,1,0,1
50.2923,4993,50161551,0,0,0,0
50.3026,4994,50171551,4095,1,0,1
50.3124,4995,50181551,0,0,0,0
50.3227,4996,50191551,4095,1,0,1
50.3323,4997,50201551,0,0,0,0
50.3425,4998,50211551,4095,1,0,1
50.3524,4999,50221551,0,0,0,0
50.3624,5000,50231551,4095,1,0,1
50.3722,5001,50241551,0,0,0,0
50.3824,5002,50251551,4095,1,0,1
50.3925,5003,50261551,0,0,0,0
50.4026,5004,50271551,4095,1,0,1
50.4123,5005,50281551,0,0,0,0
50.4225,5006,50291551,4095,1,0,1
50.4323,5007,50301551,0,0,0,0
50.4423,5008,50311551,4095,1,0,1
50.4524,5009,50321551,0,0,0,0
50.4623,5010,50331551,4095,1,0,1
50.4723,5011,50341551,0,0,0,0
50.4824,5012,50351551,4095,1,0,1
50.4922,5013,50361551,0,0,0,0
50.5027,5014,50371551,4095,1,0,1
50.5124,5015,50381551,0,0,0,0
50.5225,5016,50391551,4095,1,0,1
50.5323,5017,50401551,0,0,0,0
50.5423,5018,50411551,4095,1,0,1
50.5522,5019,50421551,0,0,0,0
50.5628,5020,50431551,4095,1,0,1
50.5723,5021,50441551,0,0,0,0
50.5823,5022,50451551,4095,1,0,1
50.5924,5023,50461551,0,0,0,0
50.6027,5024,50471551,4095,1,0,1
50.6123,5025,50481551,0,0,0,0
50.6224,5026,50491551,4095,1,0,1
50.6322,5027,50501551,0,0,0,0
50.6424,5028,50511551,4095,1,0,1
50.6522,5029,50521551,0,0,0,0
50.6626,5030,50531551,4095,1,0,1
50.6724,5031,50541551,0,0,0,0
50.6824,5032,50551551,4095,1,0,1
50.6922,5033,50561551,0,0,0,0
50.7032,5034,50571551,4095,1,0,1
50.7124,5035,50581551,0,0,0,0
50.7224,5036,50591551,4095,1,0,1
50.7322,5037,50601551,0,0,0,0
50.7424,5038,50611551,4095,1,0,1
50.7523,5039,50621551,0,0,0,0
50.7626,5040,50631551,4095,1,0,1
50.7723,5041,50641551,0,0,0,0
50.7826,5042,50651551,4095,1,0,1
50.7923,5043,50661551,0,0,0,0
50.8024,5044,50671551,4095,1,0,1
50.8124,5045,50681551,0,0,0,0
50.8227,5046,50691551,4095,1,0,1
50.8324,5047,50701551,0,0,0,0
50.8423,5048,50711551,4095,1,0,1
50.8521,5049,50721551,0,0,0,0
50.8625,5050,50731551,4095,1,0,1
50.8725,5051,50741551,0,0,0,0
50.8824,5052,50751551,4095,1,0,1
50.8924,5053,50761551,0,0,0,0
50.9025,5054,50771551,4095,1,0,1
50.9121,5055,50781551,0,0,0,0
50.9223,5056,50791551,4095,1,0,1
50.9322,5057,50801551,0,0,0,0
50.9424,5058,50811551,4095,1,0,1
50.9523,5059,50821551,0,0,0,0
50.9627,5060,50831551,4095,1,0,1
50.9728,5061,50841551,0,0,0,0
50.9825,5062,50851551,4095,1,0,1
50.9926,5063,50861551,0,0,0,0
51.0026,5064,50871551,4095,1,0,1
51.0121,5065,50881551,0,0,0,0
51.0229,5066,50891551,4095,1,0,1
51.0321,5067,50901551,0,0,0,0
51.0424,5068,50911551,4095,1,0,1
51.0524,5069,50921551,0,0,0,0
51.0626,5070,50931551,4095,1,0,1
51.0720,5071,50941551,0,0,0,0
51.0823,5072,50951551,4095,1,0,1
51.0920,5073,50961551,0,0,0,0
51.1023,5074,50971551,4095,1,0,1
51.1120,5075,50981551,0,0,0,0
51.1222,5076,50991551,4095,1,0,1
51.1320,5077,51001551,0,0,0,0
51.1423,5078,51011551,4095,1,0,1
51.1520,5079,51021551,0,0,0,0
51.1624,5080,51031551,4095,1,0,1
51.1725,5081,51041551,0,0,0,0
51.1825,5082,51051551,4095,1,0,1
51.1923,5083,51061551,0,0,0,0
51.2023,5084,51071551,4095,1,0,1
51.2122,5085,51081551,0,0,0,0
51.2223,5086,51091551,4095,1,0,1
51.2323,5087,51101551,0,0,0,0
51.2423,5088,51111551,4095,1,0,1
51.2521,5089,51121551,0,0,0,0
51.2625,5090,51131551,4095,1,0,1
51.2722,5091,51141551,0,0,0,0
51.2824,5092,51151551,4095,1,0,1
51.2922,5093,51161551,0,0,0,0
51.3024,5094,51171551,4095,1,0,1
51.3121,5095,51181551,0,0,0,0
51.3224,5096,51191551,4095,1,0,1
51.3323,5097,51201551,0,0,0,0
51.3424,5098,51211551,4095,1,0,1
51.3521,5099,51221551,0,0,0,0
51.3625,5100,51231551,4095,1,0,1
51.3723,5101,51241551,0,0,0,0
51.3826,5102,51251551,4095,1,0,1
51.3922,5103,51261551,0,0,0,0
51.4022,5104,51271551,4095,1,0,1
51.4122,5105,51281551,0,0,0,0
51.4223,5106,51291551,4095,1,0,1
51.4321,5107,51301551,0,0,0,0
51.4426,5108,51311551,4095,1,0,1
51.4525,5109,51321551,0,0,0,0
51.4624,5110,51331551,4095,1,0,1
51.4724,5111,51341551,0,0,0,0
51.4824,5112,51351551,4095,1,0,1
51.4924,5113,51361551,0,0,0,0
51.5027,5114,51371551,4095,1,0,1
51.5124,5115,51381551,0,0,0,0
51.5224,5116,51391551,4095,1,0,1
51.5323,5117,51401551,0,0,0,0
51.5425,5118,51411551,4095,1,0,1
51.5524,5119,51421551,0,0,0,0
51.5625,5120,51431551,4095,1,0,1
51.5721,5121,51441551,0,0,0,0
51.5825,5122,51451551,4095,1,0,1
51.5920,5123,51461551,0,0,0,0
51.6027,5124,51471551,4095,1,0,1
51.6123,5125,51481551,0,0,0,0
51.6225,5126,51491551,4095,1,0,1
51.6322,5127,51501551,0,0,0,0
51.6425,5128,51511551,4095,1,0,1
51.6523,5129,51521551,0,0,0,0
51.6623,5130,51531551,4095,1,0,1
51.6728,5131,51541551,0,0,0,0
51.6826,5132,51551551,4095,1,0,1
51.6922,5133,51561551,0,0,0,0
51.7025,5134,51571551,4095,1,0,1
51.7122,5135,51581551,0,0,0,0
51.7228,5136,51591551,4095,1,0,1
51.7324,5137,51601551,0,0,0,0
51.7426,5138,51611551,4095,1,0,1
51.7525,5139,51621551,0,0,0,0
51.7625,5140,51631551,4095,1,0,1
51.7723,5141,51641551,0,0,0,0
51.7827,5142,51651551,4095,1,0,1
51.7924,5143,51661551,0,0,0,0
51.8025,5144,51671551,4095,1,0,1
51.8123,5145,51681551,0,0,0,0
51.8228,5146,51691551,4095,1,0,1
51.8322,5147,51701551,0,0,0,0
51.8424,5148,51711551,4095,1,0,1
51.8521,5149,51721551,0,0,0,0
51.8626,5150,51731551,4095,1,0,1
51.8725,5151,51741551,0,0,0,0
51.8827,5152,51751551,4095,1,0,1
51.8923,5153,51761551,0,0,0,0
51.9025,5154,51771551,4095,1,0,1
51.9122,5155,51781551,0,0,0,0
51.9223,5156,51791551,4095,1,0,1
51.9321,5157,51801551,0,0,0,0
51.9424,5158,51811551,4095,1,0,1
51.9524,5159,51821551,0,0,0,0
51.9625,5160,51831551,4095,1,0,1
51.9726,5161,51841551,0,0,0,0
51.9826,5162,51851551,4095,1,0,1
51.9925,5163,51861551,0,0,0,0
52.0027,5164,51871551,4095,1,0,1
52.0124,5165,51881551,0,0,0,0
52.0226,5166,51891551,4095,1,0,1
52.0323,5167,51901551,0,0,0,0
52.0425,5168,51911551,4095,1,0,1
52.0524,5169,51921551,0,0,0,0
52.0629,5170,51931551,4095,1,0,1
52.0722,5171,51941551,0,0,0,0
52.0828,5172,51951551,4095,1,0,1
52.0922,5173,51961551,0,0,0,0
52.1024,5174,51971551,4095,1,0,1
52.1124,5175,51981551,0,0,0,0
52.1224,5176,51991551,4095,1,0,1
52.1323,5177,52001551,0,0,0,0
52.1423,5178,52011551,4095,1,0,1
52.1521,5179,52021551,0,0,0,0
52.1626,5180,52031551,4095,1,0,1
52.1724,5181,52041551,0,0,0,0
52.1826,5182,52051551,4095,1,0,1
52.1921,5183,52061551,0,0,0,0
52.2026,5184,52071551,4095,1,0,1
52.2125,5185,52081551,0,0,0,0
52.2224,5186,52091551,4095,1,0,1
52.2324,5187,52101551,0,0,0,0
52.2424,5188,52111551,4095,1,0,1
52.2523,5189,52121551,0,0,0,0
52.2625,5190,52131551,4095,1,0,1
52.2724,5191,52141551,0,0,0,0
52.2824,5192,52151551,4095,1,0,1
52.2925,5193,52161551,0,0,0,0
52.3028,5194,52171551,4095,1,0,1
52.3121,5195,52181551,0,0,0,0
52.3225,5196,52191551,4095,1,0,1
52.3324,5197,52201551,0,0,0,0
52.3426,5198,52211551,4095,1,0,1
52.3524,5199,52221551,0,0,0,0
52.3625,5200,52231551,4095,1,0,1
52.3722,5201,52241551,0,0,0,0
52.3826,5202,52251551,4095,1,0,1
52.3922,5203,52261551,0,0,0,0
52.4026,5204,52271551,4095,1,0,1
52.4124,5205,52281551,0,0,0,0
52.4224,5206,52291551,4095,1,0,1
52.4325,5207,52301551,0,0,0,0
52.4427,5208,52311551,4095,1,0,1
52.4526,5209,52321551,0,0,0,0
52.4628,5210,52331551,4095,1,0,1
52.4729,5211,52341551,0,0,0,0
52.4823,5212,52351551,4095,1,0,1
52.4923,5213,52361551,0,0,0,0
52.5027,5214,52371551,4095,1,0,1
52.5124,5215,52381551,0,0,0,0
52.5227,5216,52391551,4095,1,0,1
52.5324,5217,52401551,0,0,0,0
52.5427,5218,52411551,4095,1,0,1
52.5523,5219,52421551,0,0,0,0
52.5626,5220,52431551,4095,1,0,1
52.5722,5221,52441551,0,0,0,0
52.5826,5222,52451551,4095,1,0,1
52.5921,5223,52461551,0,0,0,0
52.6026,5224,52471551,4095,1,0,1
52.6124,5225,52481551,0,0,0,0
52.6224,5226,52491551,4095,1,0,1
52.6322,5227,52501551,0,0,0,0
52.6425,5228,52511551,4095,1,0,1
52.6523,5229,52521551,0,0,0,0
52.6623,5230,52531551,4095,1,0,1
52.6721,5231,52541551,0,0,0,0
52.6823,5232,52551551,4095,1,0,1
52.6921,5233,52561551,0,0,0,0
52.7027,5234,52571551,4095,1,0,1
52.7126,5235,52581551,0,0,0,0
52.7226,5236,52591551,4095,1,0,1
52.7323,5237,52601551,0,0,0,0
52.7426,5238,52611551,4095,1,0,1
52.7524,5239,52621551,0,0,0,0
52.7624,5240,52631551,4095,1,0,1
52.7721,5241,52641551,0,0,0,0
52.7826,5242,52651551,4095,1,0,1
52.7922,5243,52661551,0,0,0,0
52.8026,5244,52671551,4095,1,0,1
52.8125,5245,52681551,0,0,0,0
52.8230,5246,52691551,4095,1,0,1
52.8324,5247,52701551,0,0,0,0
52.8426,5248,52711551,4095,1,0,1
52.8521,5249,52721551,0,0,0,0
52.8624,5250,52731551,4095,1,0,1
52.8724,5251,52741551,0,0,0,0
52.8827,5252,52751551,4095,1,0,1
52.8923,5253,52761551,0,0,0,0
52.9024,5254,52771551,4095,1,0,1
52.9122,5255,52781551,0,0,0,0
52.9225,5256,52791551,4095,1,0,1
52.9321,5257,52801551,0,0,0,0
52.9424,5258,52811551,4095,1,0,1
52.9524,5259,52821551,0,0,0,0
52.9625,5260,52831551,4095,1,0,1
52.9722,5261,52841551,0,0,0,0
52.9823,5262,52851551,4095,1,0,1
52.9922,5263,52861551,0,0,0,0
53.0025,5264,52871551,4095,1,0,1
53.0123,5265,52881551,0,0,0,0
53.0227,5266,52891551,4095,1,0,1
53.0324,5267,52901551,0,0,0,0
53.0427,5268,52911551,4095,1,0,1
53.0523,5269,52921551,0,0,0,0
53.0624,5270,52931551,4095,1,0,1
53.0724,5271,52941551,0,0,0,0
53.0826,5272,52951551,4095,1,0,1
53.0920,5273,52961551,0,0,0,0
53.1027,5274,52971551,4095,1,0,1
53.1122,5275,52981551,0,0,0,0
53.1229,5276,52991551,4095,1,0,1
53.1323,5277,53001551,0,0,0,0
53.1423,5278,53011551,4095,1,0,1
53.1524,5279,53021551,0,0,0,0
53.1627,5280,53031551,4095,1,0,1
53.1721,5281,53041551,0,0,0,0
53.1827,5282,53051551,4095,1,0,1
53.1924,5283,53061551,0,0,0,0
53.2024,5284,53071551,4095,1,0,1
53.2123,5285,53081551,0,0,0,0
53.2228,5286,53091551,4095,1,0,1
53.2324,5287,53101551,0,0,0,0
53.2425,5288,53111551,4095,1,0,1
53.2520,5289,53121551,0,0,0,0
53.2622,5290,53131551,4095,1,0,1
53.2720,5291,53141551,0,0,0,0
53.2822,5292,53151551,4095,1,0,1
53.2920,5293,53161551,0,0,0,0
53.3023,5294,53171551,4095,1,0,1
53.3120,5295,53181551,0,0,0,0
53.3222,5296,53191551,4095,1,0,1
53.3321,5297,53201551,0,0,0,0
53.3423,5298,53211551,4095,1,0,1
53.3520,5299,53221551,0,0,0,0
53.3627,5300,53231551,4095,1,0,1
53.3722,5301,53241551,0,0,0,0
53.3826,5302,53251551,4095,1,0,1
53.3924,5303,53261551,0,0,0,0
53.4024,5304,53271551,4095,1,0,1
53.4122,5305,53281551,0,0,0,0
53.4225,5306,53291551,4095,1,0,1
53.4323,5307,53301551,0,0,0,0
53.4424,5308,53311551,4095,1,0,1
53.4521,5309,53321551,0,0,0,0
53.4626,5310,53331551,4095,1,0,1
53.4726,5311,53341551,0,0,0,0
53.4826,5312,53351551,4095,1,0,1
53.4922,5313,53361551,0,0,0,0
53.5027,5314,53371551,4095,1,0,1
53.5124,5315,53381551,0,0,0,0
53.5228,5316,53391551,4095,1,0,1
53.5324,5317,53401551,0,0,0,0
53.5425,5318,53411551,4095,1,0,1
53.5523,5319,53421551,0,0,0,0
53.5625,5320,53431551,4095,1,0,1
53.5722,5321,53441551,0,0,0,0
53.5826,5322,53451551,4095,1,0,1
53.5921,5323,53461551,0,0,0,0
53.6025,5324,53471551,4095,1,0,1
53.6123,5325,53481551,0,0,0,0
53.6226,5326,53491551,4095,1,0,1
53.6322,5327,53501551,0,0,0,0
53.6424,5328,53511551,4095,1,0,1
53.6522,5329,53521551,0,0,0,0
53.6624,5330,53531551,4095,1,0,1
53.6724,5331,53541551,0,0,0,0
53.6826,5332,53551551,4095,1,0,1
53.6926,5333,53561551,0,0,0,0
53.7026,5334,53571551,4095,1,0,1
53.7121,5335,53581551,0,0,0,0
53.7223,5336,53591551,4095,1,0,1
53.7323,5337,53601551,0,0,0,0
53.7424,5338,53611551,4095,1,0,1
53.7522,5339,53621551,0,0,0,0
53.7625,5340,53631551,4095,1,0,1
53.7724,5341,53641551,0,0,0,0
53.7824,5342,53651551,4095,1,0,1
53.7921,5343,53661551,0,0,0,0
53.8023,5344,53671551,4095,1,0,1
53.8122,5345,53681551,0,0,0,0
53.8232,5346,53691551,4095,1,0,1
53.8321,5347,53701551,0,0,0,0
53.8425,5348,53711551,4095,1,0,1
53.8523,5349,53721551,0,0,0,0
53.8624,5350,53731551,4095,1,0,1
53.8724,5351,53741551,0,0,0,0
53.8826,5352,53751551,4095,1,0,1
53.8922,5353,53761551,0,0,0,0
53.9023,5354,53771551,4095,1,0,1
53.9124,5355,53781551,0,0,0,0
53.9230,5356,53791551,4095,1,0,1
53.9321,5357,53801551,0,0,0,0
53.9424,5358,53811551,4095,1,0,1
53.9524,5359,53821551,0,0,0,0
53.9625,5360,53831551,4095,1,0,1
53.9722,5361,53841551,0,0,0,0
53.9822,5362,53851551,4095,1,0,1
53.9923,5363,53861551,0,0,0,0
54.0024,5364,53871551,4095,1,0,1
54.0122,5365,53881551,0,0,0,0
54.0225,5366,53891551,4095,1,0,1
54.0321,5367,53901551,0,0,0,0
54.0424,5368,53911551,4095,1,0,1
54.0524,5369,53921551,0,0,0,0
54.0625,5370,53931551,4095,1,0,1
54.0722,5371,53941551,0,0,0,0
54.0824,5372,53951551,4095,1,0,1
54.0923,5373,53961551,0,0,0,0
54.1024,5374,53971551,4095,1,0,1
54.1121,5375,53981551,0,0,0,0
54.1225,5376,53991551,4095,1,0,1
54.1323,5377,54001551,0,0,0,0
54.1424,5378,54011551,4095,1,0,1
54.1522,5379,54021551,0,0,0,0
54.1624,5380,54031551,4095,1,0,1
54.1720,5381,54041551,0,0,0,0
54.1823,5382,54051551,4095,1,0,1
54.1919,5383,54061551,0,0,0,0
54.2023,5384,54071551,4095,1,0,1
54.2120,5385,54081551,0,0,0,0
54.2223,5386,54091551,4095,1,0,1
54.2320,5387,54101551,0,0,0,0
54.2422,5388,54111551,4095,1,0,1
54.2520,5389,54121551,0,0,0,0
54.2623,5390,54131551,4095,1,0,1
54.2723,5391,54141551,0,0,0,0
54.2822,5392,54151551,4095,1,0,1
54.2920,5393,54161551,0,0,0,0
54.3024,5394,54171551,4095,1,0,1
54.3122,5395,54181551,0,0,0,0
54.3225,5396,54191551,4095,1,0,1
54.3321,5397,54201551,0,0,0,0
54.3422,5398,54211551,4095,1,0,1
54.3524,5399,54221551,0,0,0,0
54.3623,5400,54231551,4095,1,0,1
54.3726,5401,54241551,0,0,0,0
54.3826,5402,54251551,4095,1,0,1
54.3925,5403,54261551,0,0,0,0
54.4024,5404,54271551,4095,1,0,1
54.4123,5405,54281551,0,0,0,0
54.4227,5406,54291551,4095,1,0,1
54.4323,5407,54301551,0,0,0,0
54.4424,5408,54311551,4095,1,0,1
54.4523,5409,54321551,0,0,0,0
54.4622,5410,54331551,4095,1,0,1
54.4724,5411,54341551,0,0,0,0
54.4826,5412,54351551,4095,1,0,1
54.4924,5413,54361551,0,0,0,0
54.5025,5414,54371551,4095,1,0,1
54.5122,5415,54381551,0,0,0,0
54.5224,5416,54391551,4095,1,0,1
54.5323,5417,54401551,0,0,0,0
54.5424,5418,54411551,4095,1,0,1
54.5523,5419,54421551,0,0,0,0
54.5625,5420,54431551,4095,1,0,1
54.5722,5421,54441551,0,0,0,0
54.5827,5422,54451551,4095,1,0,1
54.5920,5423,54461551,0,0,0,0
54.6024,5424,54471551,4095,1,0,1
54.6122,5425,54481551,0,0,0,0
54.6230,5426,54491551,4095,1,0,1
54.6324,5427,54501551,0,0,0,0
54.6425,5428,54511551,4095,1,0,1
54.6524,5429,54521551,0,0,0,0
54.6624,5430,54531551,4095,1,0,1
54.6723,5431,54541551,0,0,0,0
54.6824,5432,54551551,4095,1,0,1
54.6923,5433,54561551,0,0,0,0
54.7025,5434,54571551,4095,1,0,1
54.7121,5435,54581551,0,0,0,0
54.7225,5436,54591551,4095,1,0,1
54.7322,5437,54601551,0,0,0,0
54.7423,5438,54611551,4095,1,0,1
54.7524,5439,54621551,0,0,0,0
54.7628,5440,54631551,4095,1,0,1
54.7722,5441,54641551,0,0,0,0
54.7827,5442,54651551,4095,1,0,1
54.7923,5443,54661551,0,0,0,0
54.8025,5444,54671551,4095,1,0,1
54.8123,5445,54681551,0,0,0,0
54.8227,5446,54691551,4095,1,0,1
54.8323,5447,54701551,0,0,0,0
54.8424,5448,54711551,4095,1,0,1
54.8523,5449,54721551,0,0,0,0
54.8628,5450,54731551,4095,1,0,1
54.8724,5451,54741551,0,0,0,0
54.8827,5452,54751551,4095,1,0,1
54.8922,5453,54761551,0,0,0,0
54.9025,5454,54771551,4095,1,0,1
54.9124,5455,54781551,0,0,0,0
54.9228,5456,54791551,4095,1,0,1
54.9320,5457,54801551,0,0,0,0
54.9424,5458,54811551,4095,1,0,1
54.9522,5459,54821551,0,0,0,0
54.9627,5460,54831551,4095,1,0,1
54.9721,5461,54841551,0,0,0,0
54.9825,5462,54851551,4095,1,0,1
54.9923,5463,54861551,0,0,0,0
55.0029,5464,54871551,4095,1,0,1
55.0123,5465,54881551,0,0,0,0
55.0224,5466,54891551,4095,1,0,1
55.0323,5467,54901551,0,0,0,0
55.0423,5468,54911551,4095,1,0,1
55.0522,5469,54921551,0,0,0,0
55.0624,5470,54931551,4095,1,0,1
55.0720,5471,54941551,0,0,0,0
55.0824,5472,54951551,4095,1,0,1
55.0920,5473,54961551,0,0,0,0
55.1024,5474,54971551,4095,1,0,1
55.1120,5475,54981551,0,0,0,0
55.1224,5476,54991551,4095,1,0,1
55.1320,5477,55001551,0,0,0,0
55.1423,5478,55011551,4095,1,1,1
55.1520,5479,55021551,0,0,0,0
55.1623,5480,55031551,4095,1,0,1
55.1719,5481,55041551,0,0,0,0
55.1823,5482,55051551,4095,1,1,1
55.1920,5483,55061551,0,0,0,0
55.2023,5484,55071551,3473,1,0,1
55.2120,5485,55081551,0,0,0,0
55.2224,5486,55091551,4095,1,0,1
55.2320,5487,55101551,0,0,0,0
55.2422,5488,55111551,4095,1,1,1
55.2520,5489,55121551,0,0,0,0
55.2623,5490,55131551,4095,1,0,1
55.2720,5491,55141551,0,0,0,0
55.2823,5492,55151551,4095,1,0,1
55.2920,5493,55161551,0,0,0,0
55.3023,5494,55171551,4095,1,0,1
55.3120,5495,55181551,0,0,0,0
55.3223,5496,55191551,4095,1,0,1
55.3320,5497,55201551,0,0,0,0
55.3422,5498,55211551,3235,1,0,1
55.3520,5499,55221551,0,0,0,0
55.3623,5500,55231551,3247,1,1,1
55.3721,5501,55241551,0,0,0,0
55.3824,5502,55251551,4095,1,1,1
55.3922,5503,55261551,0,0,0,0
55.4022,5504,55271551,4095,1,1,1
55.4120,5505,55281551,0,0,0,0
55.4223,5506,55291551,4095,1,1,1
55.4320,5507,55301551,0,0,0,0
55.4422,5508,55311551,4095,1,1,1
55.4520,5509,55321551,0,0,0,0
55.4622,5510,55331551,4095,1,1,1
55.4720,5511,55341551,0,0,0,0
55.4823,5512,55351551,4095,1,1,1
55.4920,5513,55361551,0,0,0,0
55.5023,5514,55371551,4095,1,1,1
55.5119,5515,55381551,0,0,0,0
55.5223,5516,55391551,4095,1,1,1
55.5320,5517,55401551,0,0,0,0
55.5423,5518,55411551,4095,1,1,1
55.5519,5519,55421551,0,0,0,0
55.5622,5520,55431551,4095,1,1,1
55.5719,5521,55441551,0,0,0,0
55.5822,5522,55451551,4095,1,1,1
55.5919,5523,55461551,0,0,0,0
55.6023,5524,55471551,4095,1,1,1
55.6120,5525,55481551,0,0,0,0
55.6223,5526,55491551,4095,1,1,1
55.6320,5527,55501551,0,0,0,0
55.6423,5528,55511551,4095,1,1,1
55.6520,5529,55521551,0,0,0,0
55.6623,5530,55531551,4095,1,1,1
55.6720,5531,55541551,0,0,0,0
55.6822,5532,55551551,4095,1,1,1
55.6920,5533,55561551,0,0,0,0
55.7024,5534,55571551,4095,1,1,1
55.7120,5535,55581551,0,0,0,0
55.7224,5536,55591551,4095,1,1,1
55.7320,5537,55601551,0,0,0,0
55.7424,5538,55611551,4095,1,1,1
55.7520,5539,55621551,0,0,0,0
55.7624,5540,55631551,4095,1,1,1
55.7719,5541,55641551,0,0,0,0
55.7823,5542,55651551,4095,1,1,1
55.7920,5543,55661551,0,0,0,0
55.8024,5544,55671551,4095,1,1,1
55.8119,5545,55681551,0,0,0,0
55.8223,5546,55691551,4095,1,1,1
55.8321,5547,55701551,0,0,0,0
55.8423,5548,55711551,4095,1,1,1
55.8520,5549,55721551,0,0,0,0
55.8623,5550,55731551,4095,1,1,1
55.8720,5551,55741551,0,0,0,0
55.8823,5552,55751551,4095,1,1,1
55.8920,5553,55761551,0,0,0,0
55.9023,5554,55771551,4095,1,1,1
55.9120,5555,55781551,0,0,0,0
55.9223,5556,55791551,4095,1,1,1
55.9321,5557,55801551,0,0,0,0
55.9423,5558,55811551,4095,1,1,1
55.9521,5559,55821551,0,0,0,0
55.9624,5560,55831551,4095,1,1,1
55.9720,5561,55841551,0,0,0,0
55.9823,5562,55851551,4095,1,1,1
55.9920,5563,55861551,0,0,0,0
56.0023,5564,55871551,4095,1,1,1
56.0120,5565,55881551,0,0,0,0
56.0223,5566,55891551,4095,1,1,1
56.0320,5567,55901551,0,0,0,0
56.0422,5568,55911551,4095,1,1,1
56.0520,5569,55921551,0,0,0,0
56.0623,5570,55931551,4095,1,1,1
56.0721,5571,55941551,0,0,0,0
56.0824,5572,55951551,4095,1,1,1
56.0920,5573,55961551,0,0,0,0
56.1023,5574,55971551,4095,1,1,1
56.1120,5575,55981551,0,0,0,0
56.1223,5576,55991551,4095,1,1,1
56.1320,5577,56001551,0,0,0,0
56.1424,5578,56011551,4095,1,1,1
56.1521,5579,56021551,0,0,0,0
56.1622,5580,56031551,4095,1,1,1
56.1721,5581,56041551,0,0,0,0
56.1823,5582,56051551,4095,1,1,1
56.1920,5583,56061551,0,0,0,0
56.2022,5584,56071551,4095,1,1,1
56.2120,5585,56081551,0,0,0,0
56.2222,5586,56091551,4095,1,1,1
56.2319,5587,56101551,0,0,0,0
56.2423,5588,56111551,4095,1,1,1
56.2519,5589,56121551,0,0,0,0
56.2623,5590,56131551,4095,1,1,1
56.2720,5591,56141551,0,0,0,0
56.2823,5592,56151551,4095,1,1,1
56.2920,5593,56161551,0,0,0,0
56.3022,5594,56171551,4095,1,1,1
56.3120,5595,56181551,0,0,0,0
56.3223,5596,56191551,4095,1,1,1
56.3320,5597,56201551,0,0,0,0
56.3423,5598,56211551,4095,1,1,1
56.3520,5599,56221551,0,0,0,0
56.3623,5600,56231551,4095,1,1,1
56.3721,5601,56241551,0,0,0,0
56.3823,5602,56251551,4095,1,1,1
56.3920,5603,56261551,0,0,0,0
56.4023,5604,56271551,4095,1,1,1
56.4120,5605,56281551,0,0,0,0
56.4223,5606,56291551,4095,1,1,1
56.4320,5607,56301551,0,0,0,0
56.4423,5608,56311551,4095,1,1,1
56.4520,5609,56321551,0,0,0,0
56.4622,5610,56331551,4095,1,1,1
56.4721,5611,56341551,0,0,0,0
56.4823,5612,56351551,4095,1,1,1
56.4919,5613,56361551,0,0,0,0
56.5023,5614,56371551,4095,1,1,1
56.5120,5615,56381551,0,0,0,0
56.5222,5616,56391551,4095,1,1,1
56.5320,5617,56401551,0,0,0,0
56.5423,5618,56411551,4095,1,1,1
56.5520,5619,56421551,0,0,0,0
56.5623,5620,56431551,4095,1,1,1
56.5722,5621,56441551,0,0,0,0
56.5822,5622,56451551,4095,1,1,1
56.5920,5623,56461551,0,0,0,0
56.6024,5624,56471551,4095,1,1,1
56.6119,5625,56481551,0,0,0,0
56.6222,5626,56491551,4095,1,1,1
56.6319,5627,56501551,0,0,0,0
56.6422,5628,56511551,4095,1,1,1
56.6520,5629,56521551,0,0,0,0
56.6622,5630,56531551,4095,1,1,1
56.6719,5631,56541551,0,0,0,0
56.6822,5632,56551551,4095,1,1,1
56.6919,5633,56561551,0,0,0,0
56.7022,5634,56571551,4095,1,1,1
56.7120,5635,56581551,0,0,0,0
56.7223,5636,56591551,4095,1,1,1
56.7321,5637,56601551,0,0,0,0
56.7423,5638,56611551,4095,1,1,1
56.7519,5639,56621551,0,0,0,0
56.7622,5640,56631551,4095,1,1,1
56.7720,5641,56641551,0,0,0,0
56.7822,5642,56651551,4095,1,1,1
56.7919,5643,56661551,0,0,0,0
56.8022,5644,56671551,4095,1,1,1
56.8119,5645,56681551,0,0,0,0
56.8222,5646,56691551,4095,1,1,1
56.8319,5647,56701551,0,0,0,0
56.8422,5648,56711551,4095,1,1,1
56.8520,5649,56721551,0,0,0,0
56.8623,5650,56731551,4095,1,1,1
56.8720,5651,56741551,0,0,0,0
56.8823,5652,56751551,4095,1,1,1
56.8920,5653,56761551,0,0,0,0
56.9023,5654,56771551,4095,1,1,1
56.9120,5655,56781551,0,0,0,0
56.9223,5656,56791551,4095,1,1,1
56.9319,5657,56801551,0,0,0,0
56.9422,5658,56811551,4095,1,1,1
56.9520,5659,56821551,0,0,0,0
56.9622,5660,56831551,4095,1,1,1
56.9720,5661,56841551,0,0,0,0
56.9822,5662,56851551,4095,1,1,1
56.9921,5663,56861551,0,0,0,0
57.0023,5664,56871551,4095,1,1,1
57.0120,5665,56881551,0,0,0,0
57.0223,5666,56891551,4095,1,1,1
57.0319,5667,56901551,0,0,0,0
57.0422,5668,56911551,4095,1,1,1
57.0520,5669,56921551,0,0,0,0
57.0622,5670,56931551,4095,1,1,1
57.0719,5671,56941551,0,0,0,0
57.0822,5672,56951551,4095,1,1,1
57.0920,5673,56961551,0,0,0,0
57.1022,5674,56971551,4095,1,0,1
57.1119,5675,56981551,0,0,0,0
57.1222,5676,56991551,4095,1,1,1
57.1320,5677,57001551,0,0,0,0
57.1422,5678,57011551,4095,1,0,1
57.1520,5679,57021551,0,0,0,0
57.1622,5680,57031551,4095,1,1,1
57.1719,5681,57041551,0,0,0,0
57.1822,5682,57051551,3023,1,1,1
57.1920,5683,57061551,0,0,0,0
57.2022,5684,57071551,4095,1,1,1
57.2119,5685,57081551,0,0,0,0
57.2223,5686,57091551,3001,1,1,1
57.2319,5687,57101551,0,0,0,0
57.2422,5688,57111551,4095,1,1,1
57.2519,5689,57121551,0,0,0,0
57.2622,5690,57131551,2980,1,1,1
57.2720,5691,57141551,0,0,0,0
57.2823,5692,57151551,2970,1,0,1
57.2920,5693,57161551,0,0,0,0
57.3022,5694,57171551,3006,1,0,1
57.3120,5695,57181551,0,0,0,0
57.3222,5696,57191551,3014,1,0,1
57.3320,5697,57201551,0,0,0,0
57.3423,5698,57211551,4095,1,1,1
57.3520,5699,57221551,0,0,0,0
57.3624,5700,57231551,3004,1,0,1
57.3720,5701,57241551,0,0,0,0
57.3822,5702,57251551,2967,1,0,1
57.3919,5703,57261551,0,0,0,0
57.4023,5704,57271551,2995,1,1,1
57.4120,5705,57281551,0,0,0,0
57.4222,5706,57291551,4095,1,0,1
57.4320,5707,57301551,0,0,0,0
57.4423,5708,57311551,2966,1,0,1
57.4520,5709,57321551,0,0,0,0
57.4622,5710,57331551,3008,1,0,1
57.4720,5711,57341551,0,0,0,0
57.4822,5712,57351551,2979,1,0,1
57.4919,5713,57361551,0,0,0,0
57.5022,5714,57371551,3006,1,0,1
57.5120,5715,57381551,0,0,0,0
57.5229,5716,57391551,2982,1,0,1
57.5320,5717,57401551,0,0,0,0
57.5423,5718,57411551,3002,1,0,1
57.5520,5719,57421551,0,0,0,0
57.5622,5720,57431551,3009,1,0,1
57.5719,5721,57441551,0,0,0,0
57.5822,5722,57451551,3026,1,0,1
57.5919,5723,57461551,0,0,0,0
57.6022,5724,57471551,2985,1,0,1
57.6120,5725,57481551,0,0,0,0
57.6223,5726,57491551,2961,1,0,1
57.6320,5727,57501551,0,0,0,0
57.6422,5728,57511551,2960,1,0,1
57.6520,5729,57521551,0,0,0,0
57.6622,5730,57531551,2985,1,0,1
57.6720,5731,57541551,0,0,0,0
57.6822,5732,57551551,2960,1,0,1
57.6919,5733,57561551,0,0,0,0
57.7022,5734,57571551,2983,1,0,1
57.7119,5735,57581551,0,0,0,0
57.7222,5736,57591551,2915,1,0,1
57.7319,5737,57601551,0,0,0,0
57.7422,5738,57611551,2960,1,0,1
57.7520,5739,57621551,0,0,0,0
57.7622,5740,57631551,2928,1,0,1
57.7719,5741,57641551,0,0,0,0
57.7822,5742,57651551,2897,1,0,1
57.7920,5743,57661551,0,0,0,0
57.8023,5744,57671551,2859,1,0,1
57.8119,5745,57681551,0,0,0,0
57.8223,5746,57691551,2864,1,0,1
57.8319,5747,57701551,0,0,0,0
57.8422,5748,57711551,2922,1,0,1
57.8520,5749,57721551,0,0,0,0
57.8623,5750,57731551,2848,1,0,1
57.8720,5751,57741551,0,0,0,0
57.8824,5752,57751551,2818,1,0,1
57.8921,5753,57761551,0,0,0,0
57.9024,5754,57771551,2837,1,0,1
57.9122,5755,57781551,0,0,0,0
57.9225,5756,57791551,2827,1,0,1
57.9323,5757,57801551,0,0,0,0
57.9423,5758,57811551,2795,1,0,1
57.9522,5759,57821551,0,0,0,0
57.9627,5760,57831551,2771,1,0,1
57.9721,5761,57841551,0,0,0,0
57.9826,5762,57851551,2733,1,0,1
57.9920,5763,57861551,0,0,0,0
58.0025,5764,57871551,2724,1,0,1
58.0122,5765,57881551,0,0,0,0
58.0225,5766,57891551,2717,1,0,1
58.0321,5767,57901551,0,0,0,0
58.0424,5768,57911551,2701,1,0,1
58.0523,5769,57921551,0,0,0,0
58.0623,5770,57931551,2655,1,0,1
58.0723,5771,57941551,3,0,0,0
58.0824,5772,57951551,2639,1,0,1
58.0927,5773,57961551,29,0,0,0
58.1026,5774,57971551,2559,1,0,1
58.1124,5775,57981551,61,0,0,0
58.1224,5776,57991551,2559,1,0,1
58.1324,5777,58001551,66,0,0,0
58.1424,5778,58011551,2541,1,0,1
58.1526,5779,58021551,96,0,0,0
58.1625,5780,58031551,2448,1,0,1
58.1725,5781,58041551,133,0,0,0
58.1825,5782,58051551,2427,1,0,1
58.1924,5783,58061551,164,0,0,0
58.2027,5784,58071551,2357,1,0,1
58.2127,5785,58081551,211,0,0,0
58.2225,5786,58091551,2321,1,0,1
58.2324,5787,58101551,258,0,0,0
58.2426,5788,58111551,2258,1,0,1
58.2526,5789,58121551,301,0,0,0
58.2626,5790,58131551,2242,1,0,1
58.2728,5791,58141551,326,0,0,0
58.2824,5792,58151551,2170,1,0,1
58.2926,5793,58161551,383,0,0,0
58.3026,5794,58171551,2110,1,0,1
58.3122,5795,58181551,432,0,0,0
58.3226,5796,58191551,2061,1,0,1
58.3322,5797,58201551,471,0,0,0
58.3427,5798,58211551,1987,0,0,0
58.3525,5799,58221551,504,0,0,0
58.3625,5800,58231551,1933,1,0,1
58.3726,5801,58241551,576,0,0,0
58.3823,5802,58251551,1884,1,0,1
58.3925,5803,58261551,606,0,0,0
58.4025,5804,58271551,1778,0,0,0
58.4124,5805,58281551,680,0,0,0
58.4228,5806,58291551,1744,0,0,0
58.4325,5807,58301551,764,0,0,0
58.4430,5808,58311551,1627,0,0,0
58.4526,5809,58321551,871,0,0,0
58.4624,5810,58331551,1515,1,0,1
58.4727,5811,58341551,928,0,0,0
58.4824,5812,58351551,1423,0,0,0
58.4925,5813,58361551,1023,0,0,0
58.5026,5814,58371551,1323,0,0,0
58.5127,5815,58381551,1104,0,0,0
58.5227,5816,58391551,1200,0,0,0
58.5325,5817,58401551,1187,0,0,0
58.5426,5818,58411551,1117,0,0,0
58.5526,5819,58421551,1277,0,0,0
58.5623,5820,58431551,945,0,0,0
58.5727,5821,58441551,1429,0,0,0
58.5824,5822,58451551,866,0,0,0
58.5925,5823,58461551,1520,0,0,0
58.6026,5824,58471551,752,0,0,0
58.6126,5825,58481551,1639,0,0,0
58.6227,5826,58491551,642,0,0,0
58.6325,5827,58501551,1706,0,0,0
58.6426,5828,58511551,550,0,0,0
58.6526,5829,58521551,1788,0,0,0
58.6625,5830,58531551,413,0,0,0
58.6727,5831,58541551,1872,0,0,0
58.6823,5832,58551551,327,0,0,0
58.6926,5833,58561551,1944,0,0,0
58.7024,5834,58571551,233,0,0,0
58.7125,5835,58581551,2047,0,0,0
58.7230,5836,58591551,126,0,0,0
58.7324,5837,58601551,2122,1,0,1
58.7424,5838,58611551,31,0,0,0
58.7528,5839,58621551,2270,1,0,1
58.7621,5840,58631551,0,0,0,0
58.7725,5841,58641551,2371,1,0,1
58.7821,5842,58651551,0,0,0,0
58.7928,5843,58661551,2448,1,0,1
58.8021,5844,58671551,0,0,0,0
58.8124,5845,58681551,2525,1,0,1
58.8223,5846,58691551,0,0,0,0
58.8324,5847,58701551,2618,1,0,1
58.8426,5848,58711551,0,0,0,0
58.8526,5849,58721551,2722,1,0,1
58.8623,5850,58731551,0,0,0,0
58.8731,5851,58741551,2791,1,0,1
58.8823,5852,58751551,0,0,0,0
58.8926,5853,58761551,2864,1,0,1
58.9025,5854,58771551,0,0,0,0
58.9125,5855,58781551,2971,1,0,1
58.9223,5856,58791551,0,0,0,0
58.9328,5857,58801551,3070,1,0,1
58.9424,5858,58811551,0,0,0,0
58.9527,5859,58821551,3153,1,0,1
58.9623,5860,58831551,0,0,0,0
58.9729,5861,58841551,3252,1,0,1
58.9824,5862,58851551,0,0,0,0
58.9925,5863,58861551,3376,1,0,1
59.0023,5864,58871551,0,0,0,0
59.0128,5865,58881551,3491,1,0,1
59.0227,5866,58891551,0,0,0,0
59.0327,5867,58901551,3625,1,0,1
59.0422,5868,58911551,0,0,0,0
59.0526,5869,58921551,3824,1,0,1
59.0623,5870,58931551,0,0,0,0
59.0726,5871,58941551,3938,1,0,1
59.0822,5872,58951551,0,0,0,0
59.0924,5873,58961551,4089,1,0,1
59.1022,5874,58971551,0,0,0,0
59.1128,5875,58981551,4095,1,0,1
59.1224,5876,58991551,0,0,0,0
59.1323,5877,59001551,4095,1,0,1
59.1421,5878,59011551,0,0,0,0
59.1525,5879,59021551,4095,1,0,1
59.1623,5880,59031551,0,0,0,0
59.1728,5881,59041551,4095,1,0,1
59.1824,5882,59051551,0,0,0,0
59.1926,5883,59061551,4095,1,0,1
59.2022,5884,59071551,0,0,0,0
59.2125,5885,59081551,4095,1,0,1
59.2223,5886,59091551,0,0,0,0
59.2327,5887,59101551,4095,1,0,1
59.2423,5888,59111551,0,0,0,0
59.2525,5889,59121551,4095,1,0,1
59.2621,5890,59131551,0,0,0,0
59.2725,5891,59141551,4095,1,0,1
59.2822,5892,59151551,0,0,0,0
59.2926,5893,59161551,4095,1,0,1
59.3022,5894,59171551,0,0,0,0
59.3126,5895,59181551,4095,1,0,1
59.3224,5896,59191551,0,0,0,0
59.3326,5897,59201551,4095,1,0,1
59.3421,5898,59211551,0,0,0,0
59.3526,5899,59221551,4095,1,0,1
59.3623,5900,59231551,0,0,0,0
59.3725,5901,59241551,4095,1,0,1
59.3821,5902,59251551,0,0,0,0
59.3924,5903,59261551,4095,1,0,1
59.4022,5904,59271551,0,0,0,0
59.4128,5905,59281551,4095,1,0,1
59.4224,5906,59291551,0,0,0,0
59.4326,5907,59301551,4095,1,0,1
59.4423,5908,59311551,0,0,0,0
59.4526,5909,59321551,4095,1,0,1
59.4623,5910,59331551,0,0,0,0
59.4725,5911,59341551,4095,1,0,1
59.4823,5912,59351551,0,0,0,0
59.4924,5913,59361551,4095,1,0,1
59.5021,5914,59371551,0,0,0,0
59.5126,5915,59381551,4095,1,0,1
59.5224,5916,59391551,0,0,0,0
59.5325,5917,59401551,4095,1,0,1
59.5423,5918,59411551,0,0,0,0
59.5527,5919,59421551,4095,1,0,1
59.5622,5920,59431551,0,0,0,0
59.5726,5921,59441551,4095,1,0,1
59.5825,5922,59451551,0,0,0,0
59.5924,5923,59461551,4095,1,0,1
59.6021,5924,59471551,0,0,0,0
59.6127,5925,59481551,4095,1,0,1
59.6220,5926,59491551,0,0,0,0
59.6328,5927,59501551,4095,1,0,1
59.6422,5928,59511551,0,0,0,0
59.6528,5929,59521551,4095,1,0,1
59.6623,5930,59531551,0,0,0,0
59.6727,5931,59541551,4095,1,0,1
59.6822,5932,59551551,0,0,0,0
59.6924,5933,59561551,4095,1,0,1
59.7023,5934,59571551,0,0,0,0
59.7125,5935,59581551,4095,1,0,1
59.7221,5936,59591551,0,0,0,0
59.7325,5937,59601551,4095,1,0,1
59.7422,5938,59611551,0,0,0,0
59.7526,5939,59621551,4095,1,0,1
59.7620,5940,59631551,0,0,0,0
59.7722,5941,59641551,4095,1,0,1
59.7819,5942,59651551,0,0,0,0
59.7922,5943,59661551,4095,1,0,1
59.8019,5944,59671551,0,0,0,0
59.8122,5945,59681551,4095,1,0,1
59.8223,5946,59691551,0,0,0,0
59.8324,5947,59701551,4095,1,0,1
59.8423,5948,59711551,0,0,0,0
59.8527,5949,59721551,4095,1,0,1
59.8622,5950,59731551,0,0,0,0
59.8725,5951,59741551,4095,1,0,1
59.8823,5952,59751551,0,0,0,0
59.8924,5953,59761551,4095,1,0,1
59.9025,5954,59771551,0,0,0,0
59.9125,5955,59781551,4095,1,0,1
59.9222,5956,59791551,0,0,0,0
59.9328,5957,59801551,4095,1,0,1
59.9421,5958,59811551,0,0,0,0
59.9526,5959,59821551,4095,1,0,1
59.9624,5960,59831551,0,0,0,0
59.9728,5961,59841551,4095,1,0,1
59.9824,5962,59851551,0,0,0,0
59.9925,5963,59861551,4095,1,0,1
60.0022,5964,59871551,0,0,0,0
60.0125,5965,59881551,4095,1,0,1
60.0224,5966,59891551,0,0,0,0
60.0326,5967,59901551,4095,1,0,1
60.0424,5968,59911551,0,0,0,0
60.0525,5969,59921551,4095,1,0,1
60.0621,5970,59931551,0,0,0,0
60.0727,5971,59941551,4095,1,0,1
60.0825,5972,59951551,0,0,0,0
60.0925,5973,59961551,4095,1,0,1
60.1022,5974,59971551,0,0,0,0
60.1126,5975,59981551,4095,1,0,1
60.1228,5976,59991551,0,0,0,0
60.1326,5977,60001551,4095,1,0,1
60.1424,5978,60011551,0,0,0,0
60.1527,5979,60021551,4095,1,0,1
60.1623,5980,60031551,0,0,0,0
60.1723,5981,60041551,4095,1,0,1
60.1823,5982,60051551,0,0,0,0
60.1926,5983,60061551,4095,1,0,1
60.2025,5984,60071551,0,0,0,0
60.2124,5985,60081551,4095,1,0,1
60.2224,5986,60091551,0,0,0,0
60.2325,5987,60101551,4095,1,0,1
60.2422,5988,60111551,0,0,0,0
60.2527,5989,60121551,4095,1,0,1
60.2622,5990,60131551,0,0,0,0
60.2727,5991,60141551,4095,1,0,1
60.2823,5992,60151551,0,0,0,0
60.2927,5993,60161551,4095,1,0,1
60.3022,5994,60171551,0,0,0,0
60.3129,5995,60181551,4095,1,0,1
60.3223,5996,60191551,0,0,0,0
60.3326,5997,60201551,4095,1,0,1
60.3422,5998,60211551,0,0,0,0
60.3527,5999,60221551,4095,1,0,1
60.3622,6000,60231551,0,0,0,0
60.3730,6001,60241551,4095,1,0,1
60.3826,6002,60251551,0,0,0,0
60.3922,6003,60261551,4095,1,0,1
60.4022,6004,60271551,0,0,0,0
60.4127,6005,60281551,4095,1,0,1
60.4221,6006,60291551,0,0,0,0
60.4327,6007,60301551,4095,1,0,1
60.4421,6008,60311551,0,0,0,0
60.4524,6009,60321551,4095,1,0,1
60.4621,6010,60331551,0,0,0,0
60.4730,6011,60341551,4095,1,0,1
60.4824,6012,60351551,0,0,0,0
60.4927,6013,60361551,4095,1,0,1
60.5022,6014,60371551,0,0,0,0
60.5127,6015,60381551,4095,1,0,1
60.5222,6016,60391551,0,0,0,0
60.5325,6017,60401551,4095,1,0,1
60.5423,6018,60411551,0,0,0,0
60.5526,6019,60421551,4095,1,0,1
60.5622,6020,60431551,0,0,0,0
60.5726,6021,60441551,4095,1,0,1
60.5823,6022,60451551,0,0,0,0
60.5925,6023,60461551,4095,1,0,1
60.6025,6024,60471551,0,0,0,0
60.6125,6025,60481551,4095,1,0,1
60.6229,6026,60491551,0,0,0,0
60.6325,6027,60501551,4095,1,0,1
60.6422,6028,60511551,0,0,0,0
60.6525,6029,60521551,4095,1,0,1
60.6623,6030,60531551,0,0,0,0
60.6727,6031,60541551,4095,1,0,1
60.6825,6032,60551551,0,0,0,0
60.6927,6033,60561551,4095,1,0,1
60.7022,6034,60571551,0,0,0,0
60.7123,6035,60581551,4095,1,0,1
60.7220,6036,60591551,0,0,0,0
60.7327,6037,60601551,4095,1,0,1
