pc_time_s,seq,t_us,ecg_adc,lo_plus,lo_minus,lead_off
0.0107,72621,726440539,1835,0,0,0
0.0202,72622,726450538,1821,0,0,0
0.0302,72623,726460539,1827,0,0,0
0.0402,72624,726470539,1811,0,0,0
0.0502,72625,726480539,1837,0,0,0
0.0606,72626,726490539,1810,0,0,0
0.0701,72627,726500539,1826,0,0,0
0.0802,72628,726510539,1824,0,0,0
0.0903,72629,726520539,1836,0,0,0
0.1002,72630,726530539,1821,0,0,0
0.1102,72631,726540539,1840,0,0,0
0.1201,72632,726550539,1820,0,0,0
0.1302,72633,726560539,1840,0,0,0
0.1401,72634,726570539,1829,0,0,0
0.1503,72635,726580539,1842,0,0,0
0.1602,72636,726590539,1825,0,0,0
0.1701,72637,726600539,1834,0,0,0
0.1803,72638,726610539,1837,0,0,0
0.1902,72639,726620539,1843,0,0,0
0.2001,72640,726630539,1845,0,0,0
0.2101,72641,726640539,1851,0,0,0
0.2201,72642,726650539,1849,0,0,0
0.2300,72643,726660538,1847,0,0,0
0.2410,72644,726670539,1861,0,0,0
0.2514,72645,726680538,1872,0,0,0
0.2602,72646,726690539,1847,0,0,0
0.2702,72647,726700539,1861,0,0,0
0.2802,72648,726710539,1855,0,0,0
0.2910,72649,726720539,1860,0,0,0
0.3002,72650,726730539,1852,0,0,0
0.3101,72651,726740539,1872,0,0,0
0.3203,72652,726750538,1858,0,0,0
0.3302,72653,726760539,1869,0,0,0
0.3401,72654,726770539,1862,0,0,0
0.3508,72655,726780539,1869,0,0,0
0.3601,72656,726790539,1856,0,0,0
0.3702,72657,726800539,1871,0,0,0
0.3803,72658,726810539,1867,0,0,0
0.3902,72659,726820538,1875,0,0,0
0.4001,72660,726830539,1892,0,0,0
0.4103,72661,726840539,1917,0,0,0
0.4202,72662,726850539,1920,0,0,0
0.4302,72663,726860539,1975,0,0,0
0.4402,72664,726870539,1997,0,0,0
0.4502,72665,726880539,1952,0,0,0
0.4601,72666,726890538,1901,0,0,0
0.4702,72667,726900538,1858,0,0,0
0.4802,72668,726910539,1852,0,0,0
0.4901,72669,726920539,1839,0,0,0
0.5002,72670,726930539,1825,0,0,0
0.5103,72671,726940538,1824,0,0,0
0.5202,72672,726950539,1817,0,0,0
0.5301,72673,726960539,1842,0,0,0
0.5401,72674,726970539,1712,0,0,0
0.5502,72675,726980538,1521,0,0,0
0.5601,72676,726990539,1958,0,0,0
0.5701,72677,727000539,3398,0,0,0
0.5803,72678,727010539,3010,0,0,0
0.5901,72679,727020539,1965,0,0,0
0.6001,72680,727030539,1734,0,0,0
0.6102,72681,727040539,1839,0,0,0
0.6202,72682,727050539,1807,0,0,0
0.6303,72683,727060539,1760,0,0,0
0.6401,72684,727070538,1772,0,0,0
0.6502,72685,727080539,1786,0,0,0
0.6603,72686,727090539,1777,0,0,0
0.6702,72687,727100539,1808,0,0,0
0.6803,72688,727110539,1797,0,0,0
0.6901,72689,727120539,1804,0,0,0
0.7000,72690,727130539,1805,0,0,0
0.7100,72691,727140539,1810,0,0,0
0.7201,72692,727150539,1810,0,0,0
0.7300,72693,727160539,1826,0,0,0
0.7429,72694,727170538,1823,0,0,0
0.7508,72695,727180538,1834,0,0,0
0.7602,72696,727190539,1829,0,0,0
0.7701,72697,727200539,1846,0,0,0
0.7803,72698,727210539,1850,0,0,0
0.7901,72699,727220539,1866,0,0,0
0.8003,72700,727230539,1869,0,0,0
0.8105,72701,727240538,1890,0,0,0
0.8201,72702,727250539,1904,0,0,0
0.8301,72703,727260539,1929,0,0,0
0.8402,72704,727270538,1930,0,0,0
0.8501,72705,727280539,1957,0,0,0
0.8602,72706,727290539,1955,0,0,0
0.8704,72707,727300539,1959,0,0,0
0.8802,72708,727310539,1933,0,0,0
0.8902,72709,727320539,1902,0,0,0
0.9003,72710,727330538,1856,0,0,0
0.9102,72711,727340539,1838,0,0,0
0.9202,72712,727350539,1808,0,0,0
0.9301,72713,727360539,1802,0,0,0
0.9410,72714,727370539,1786,0,0,0
0.9500,72715,727380538,1791,0,0,0
0.9600,72716,727390539,1778,0,0,0
0.9701,72717,727400539,1787,0,0,0
0.9800,72718,727410538,1777,0,0,0
0.9904,72719,727420539,1790,0,0,0
1.0001,72720,727430539,1787,0,0,0
1.0108,72721,727440539,1787,0,0,0
1.0202,72722,727450539,1793,0,0,0
1.0310,72723,727460539,1803,0,0,0
1.0403,72724,727470539,1803,0,0,0
1.0501,72725,727480539,1808,0,0,0
1.0602,72726,727490539,1793,0,0,0
1.0701,72727,727500539,1811,0,0,0
1.0802,72728,727510539,1801,0,0,0
1.0902,72729,727520539,1813,0,0,0
1.1002,72730,727530539,1811,0,0,0
1.1103,72731,727540539,1819,0,0,0
1.1201,72732,727550538,1818,0,0,0
1.1301,72733,727560538,1821,0,0,0
1.1402,72734,727570539,1809,0,0,0
1.1502,72735,727580539,1824,0,0,0
1.1601,72736,727590538,1826,0,0,0
1.1701,72737,727600538,1826,0,0,0
1.1802,72738,727610539,1817,0,0,0
1.1903,72739,727620539,1835,0,0,0
1.2002,72740,727630538,1826,0,0,0
1.2101,72741,727640539,1827,0,0,0
1.2202,72742,727650539,1810,0,0,0
1.2301,72743,727660539,1827,0,0,0
1.2401,72744,727670539,1819,0,0,0
1.2501,72745,727680538,1835,0,0,0
1.2600,72746,727690539,1834,0,0,0
1.2706,72747,727700538,1839,0,0,0
1.2803,72748,727710539,1840,0,0,0
1.2907,72749,727720539,1844,0,0,0
1.3043,72750,727730539,1827,0,0,0
1.3103,72751,727740539,1831,0,0,0
1.3201,72752,727750538,1840,0,0,0
1.3301,72753,727760539,1846,0,0,0
1.3402,72754,727770539,1830,0,0,0
1.3502,72755,727780539,1847,0,0,0
1.3602,72756,727790539,1831,0,0,0
1.3702,72757,727800539,1840,0,0,0
1.3803,72758,727810538,1840,0,0,0
1.3902,72759,727820539,1850,0,0,0
1.4001,72760,727830539,1840,0,0,0
1.4102,72761,727840539,1840,0,0,0
1.4203,72762,727850538,1840,0,0,0
1.4303,72763,727860539,1846,0,0,0
1.4402,72764,727870539,1839,0,0,0
1.4502,72765,727880539,1850,0,0,0
1.4603,72766,727890539,1841,0,0,0
1.4719,72767,727900538,1852,0,0,0
1.4801,72768,727910539,1850,0,0,0
1.4908,72769,727920538,1851,0,0,0
1.5001,72770,727930539,1856,0,0,0
1.5105,72771,727940539,1855,0,0,0
1.5206,72772,727950538,1878,0,0,0
1.5301,72773,727960539,1906,0,0,0
1.5403,72774,727970539,1905,0,0,0
1.5505,72775,727980538,1968,0,0,0
1.5601,72776,727990539,1952,0,0,0
1.5701,72777,728000538,1927,0,0,0
1.5803,72778,728010539,1869,0,0,0
1.5901,72779,728020539,1840,0,0,0
1.6001,72780,728030539,1825,0,0,0
1.6106,72781,728040538,1819,0,0,0
1.6201,72782,728050539,1808,0,0,0
1.6303,72783,728060539,1817,0,0,0
1.6402,72784,728070538,1798,0,0,0
1.6501,72785,728080539,1809,0,0,0
1.6602,72786,728090539,1609,0,0,0
1.6700,72787,728100539,1521,0,0,0
1.6801,72788,728110538,2135,0,0,0
1.6903,72789,728120539,3886,0,0,0
1.7001,72790,728130539,2722,0,0,0
1.7101,72791,728140539,1783,0,0,0
1.7203,72792,728150539,1675,0,0,0
1.7334,72793,728160539,1828,0,0,0
1.7405,72794,728170538,1743,0,0,0
1.7502,72795,728180539,1738,0,0,0
1.7601,72796,728190539,1738,0,0,0
1.7701,72797,728200539,1744,0,0,0
1.7801,72798,728210539,1754,0,0,0
1.7901,72799,728220539,1771,0,0,0
1.8002,72800,728230539,1768,0,0,0
1.8101,72801,728240539,1794,0,0,0
1.8201,72802,728250538,1787,0,0,0
1.8302,72803,728260539,1798,0,0,0
1.8401,72804,728270539,1795,0,0,0
1.8501,72805,728280539,1815,0,0,0
1.8602,72806,728290539,1814,0,0,0
1.8702,72807,728300539,1823,0,0,0
1.8801,72808,728310539,1830,0,0,0
1.8901,72809,728320539,1840,0,0,0
1.9003,72810,728330539,1849,0,0,0
1.9103,72811,728340539,1869,0,0,0
1.9201,72812,728350539,1883,0,0,0
1.9302,72813,728360538,1902,0,0,0
1.9401,72814,728370539,1914,0,0,0
1.9501,72815,728380539,1937,0,0,0
1.9603,72816,728390539,1947,0,0,0
1.9701,72817,728400539,1968,0,0,0
1.9802,72818,728410539,1963,0,0,0
1.9902,72819,728420539,1950,0,0,0
2.0000,72820,728430539,1920,0,0,0
2.0102,72821,728440539,1888,0,0,0
2.0206,72822,728450539,1855,0,0,0
2.0302,72823,728460538,1834,0,0,0
2.0402,72824,728470539,1808,0,0,0
2.0503,72825,728480539,1803,0,0,0
2.0602,72826,728490539,1787,0,0,0
2.0701,72827,728500538,1786,0,0,0
2.0806,72828,728510539,1788,0,0,0
2.0902,72829,728520539,1787,0,0,0
2.1007,72830,728530539,1788,0,0,0
2.1102,72831,728540539,1787,0,0,0
2.1201,72832,728550538,1793,0,0,0
2.1305,72833,728560539,1796,0,0,0
2.1403,72834,728570539,1808,0,0,0
2.1504,72835,728580539,1802,0,0,0
2.1603,72836,728590538,1807,0,0,0
2.1703,72837,728600539,1825,0,0,0
2.1806,72838,728610539,1806,0,0,0
2.1903,72839,728620539,1815,0,0,0
2.2002,72840,728630539,1811,0,0,0
2.2104,72841,728640539,1813,0,0,0
2.2201,72842,728650539,1811,0,0,0
2.2300,72843,728660538,1811,0,0,0
2.2401,72844,728670538,1809,0,0,0
2.2502,72845,728680539,1814,0,0,0
2.2601,72846,728690539,1818,0,0,0
2.2704,72847,728700539,1822,0,0,0
2.2801,72848,728710539,1842,0,0,0
2.2905,72849,728720538,1821,0,0,0
2.3002,72850,728730539,1819,0,0,0
2.3101,72851,728740539,1827,0,0,0
2.3202,72852,728750538,1831,0,0,0
2.3303,72853,728760539,1840,0,0,0
2.3402,72854,728770539,1837,0,0,0
2.3501,72855,728780539,1833,0,0,0
2.3601,72856,728790539,1819,0,0,0
2.3702,72857,728800539,1827,0,0,0
2.3801,72858,728810538,1818,0,0,0
2.3902,72859,728820538,1825,0,0,0
2.4003,72860,728830539,1840,0,0,0
2.4101,72861,728840538,1833,0,0,0
2.4201,72862,728850539,1847,0,0,0
2.4302,72863,728860539,1844,0,0,0
2.4403,72864,728870539,1853,0,0,0
2.4502,72865,728880538,1850,0,0,0
2.4602,72866,728890539,1851,0,0,0
2.4701,72867,728900539,1850,0,0,0
2.4801,72868,728910539,1847,0,0,0
2.4901,72869,728920538,1846,0,0,0
2.5001,72870,728930539,1845,0,0,0
2.5101,72871,728940538,1851,0,0,0
2.5201,72872,728950539,1851,0,0,0
2.5302,72873,728960539,1856,0,0,0
2.5401,72874,728970539,1861,0,0,0
2.5501,72875,728980539,1853,0,0,0
2.5601,72876,728990539,1852,0,0,0
2.5703,72877,729000539,1859,0,0,0
2.5802,72878,729010539,1860,0,0,0
2.5902,72879,729020539,1863,0,0,0
2.6002,72880,729030539,1861,0,0,0
2.6101,72881,729040539,1868,0,0,0
2.6202,72882,729050539,1854,0,0,0
2.6300,72883,729060539,1862,0,0,0
2.6402,72884,729070539,1867,0,0,0
2.6502,72885,729080539,1873,0,0,0
2.6605,72886,729090539,1890,0,0,0
2.6700,72887,729100539,1904,0,0,0
2.6847,72888,729110538,1904,0,0,0
2.6906,72889,729120539,1961,0,0,0
2.7001,72890,729130539,1978,0,0,0
2.7119,72891,729140538,1947,0,0,0
2.7209,72892,729150539,1890,0,0,0
2.7305,72893,729160539,1850,0,0,0
2.7401,72894,729170539,1830,0,0,0
2.7502,72895,729180538,1823,0,0,0
2.7602,72896,729190539,1821,0,0,0
2.7701,72897,729200538,1808,0,0,0
2.7802,72898,729210539,1818,0,0,0
2.7901,72899,729220539,1818,0,0,0
2.8001,72900,729230539,1648,0,0,0
2.8102,72901,729240539,1503,0,0,0
2.8204,72902,729250538,2055,0,0,0
2.8303,72903,729260539,3703,0,0,0
2.8401,72904,729270539,2833,0,0,0
2.8503,72905,729280539,1878,0,0,0
2.8603,72906,729290539,1706,0,0,0
2.8702,72907,729300539,1833,0,0,0
2.8802,72908,729310539,1775,0,0,0
2.8901,72909,729320539,1741,0,0,0
2.9001,72910,729330538,1756,0,0,0
2.9102,72911,729340539,1777,0,0,0
2.9202,72912,729350538,1781,0,0,0
2.9301,72913,729360538,1802,0,0,0
2.9402,72914,729370539,1791,0,0,0
2.9502,72915,729380539,1807,0,0,0
2.9602,72916,729390539,1805,0,0,0
2.9702,72917,729400539,1813,0,0,0
2.9801,72918,729410539,1824,0,0,0
2.9901,72919,729420538,1837,0,0,0
3.0001,72920,729430539,1840,0,0,0
3.0103,72921,729440538,1853,0,0,0
3.0201,72922,729450539,1847,0,0,0
3.0301,72923,729460539,1859,0,0,0
3.0402,72924,729470539,1872,0,0,0
3.0501,72925,729480539,1873,0,0,0
3.0602,72926,729490538,1907,0,0,0
3.0702,72927,729500538,1921,0,0,0
3.0801,72928,729510539,1936,0,0,0
3.0902,72929,729520539,1957,0,0,0
3.1002,72930,729530538,1979,0,0,0
3.1101,72931,729540539,1995,0,0,0
3.1202,72932,729550539,2000,0,0,0
3.1302,72933,729560539,1972,0,0,0
3.1401,72934,729570538,1939,0,0,0
3.1501,72935,729580538,1919,0,0,0
3.1615,72936,729590539,1878,0,0,0
3.1737,72937,729600538,1841,0,0,0
3.1802,72938,729610539,1825,0,0,0
3.1902,72939,729620538,1808,0,0,0
3.2002,72940,729630539,1811,0,0,0
3.2101,72941,729640539,1818,0,0,0
3.2203,72942,729650539,1805,0,0,0
3.2302,72943,729660538,1807,0,0,0
3.2401,72944,729670539,1815,0,0,0
3.2501,72945,729680539,1821,0,0,0
3.2601,72946,729690538,1813,0,0,0
3.2707,72947,729700538,1811,0,0,0
3.2801,72948,729710539,1808,0,0,0
3.2902,72949,729720539,1810,0,0,0
3.3003,72950,729730539,1815,0,0,0
3.3101,72951,729740539,1815,0,0,0
3.3202,72952,729750539,1822,0,0,0
3.3302,72953,729760539,1819,0,0,0
3.3402,72954,729770538,1833,0,0,0
3.3501,72955,729780539,1815,0,0,0
3.3601,72956,729790539,1839,0,0,0
3.3702,72957,729800539,1837,0,0,0
3.3801,72958,729810539,1812,0,0,0
3.3902,72959,729820538,1821,0,0,0
3.4002,72960,729830539,1841,0,0,0
3.4101,72961,729840538,1823,0,0,0
3.4201,72962,729850539,1839,0,0,0
3.4302,72963,729860539,1842,0,0,0
3.4401,72964,729870539,1851,0,0,0
3.4502,72965,729880538,1853,0,0,0
3.4601,72966,729890539,1860,0,0,0
3.4701,72967,729900538,1854,0,0,0
3.4802,72968,729910539,1857,0,0,0
3.4913,72969,729920538,1855,0,0,0
3.5001,72970,729930539,1851,0,0,0
3.5102,72971,729940539,1857,0,0,0
3.5201,72972,729950538,1859,0,0,0
3.5301,72973,729960539,1856,0,0,0
3.5401,72974,729970539,1857,0,0,0
3.5501,72975,729980538,1861,0,0,0
3.5602,72976,729990539,1867,0,0,0
3.5702,72977,730000539,1860,0,0,0
3.5801,72978,730010539,1875,0,0,0
3.5902,72979,730020539,1875,0,0,0
3.6001,72980,730030539,1866,0,0,0
3.6102,72981,730040538,1854,0,0,0
3.6201,72982,730050539,1872,0,0,0
3.6302,72983,730060539,1872,0,0,0
3.6402,72984,730070538,1862,0,0,0
3.6502,72985,730080539,1863,0,0,0
3.6602,72986,730090539,1866,0,0,0
3.6701,72987,730100539,1858,0,0,0
3.6802,72988,730110539,1871,0,0,0
3.6901,72989,730120538,1865,0,0,0
3.7003,72990,730130539,1872,0,0,0
3.7101,72991,730140539,1868,0,0,0
3.7201,72992,730150539,1871,0,0,0
3.7306,72993,730160539,1875,0,0,0
3.7409,72994,730170539,1915,0,0,0
3.7501,72995,730180539,1923,0,0,0
3.7603,72996,730190539,1977,0,0,0
3.7701,72997,730200539,1969,0,0,0
3.7801,72998,730210538,1954,0,0,0
3.7904,72999,730220539,1895,0,0,0
3.8003,73000,730230539,1847,0,0,0
3.8102,73001,730240539,1827,0,0,0
3.8202,73002,730250539,1835,0,0,0
3.8302,73003,730260539,1813,0,0,0
3.8404,73004,730270539,1808,0,0,0
3.8502,73005,730280539,1799,0,0,0
3.8602,73006,730290539,1803,0,0,0
3.8701,73007,730300539,1668,0,0,0
3.8803,73008,730310539,1482,0,0,0
3.8901,73009,730320539,1968,0,0,0
3.9001,73010,730330538,3468,0,0,0
3.9167,73011,730340539,2951,0,0,0
3.9201,73012,730350539,1926,0,0,0
3.9328,73013,730360538,1683,0,0,0
3.9402,73014,730370539,1813,0,0,0
3.9585,73015,730380539,1758,0,0,0
3.9601,73016,730390539,1726,0,0,0
3.9710,73017,730400539,1741,0,0,0
3.9802,73018,730410538,1734,0,0,0
3.9908,73019,730420538,1741,0,0,0
4.0001,73020,730430539,1755,0,0,0
4.0102,73021,730440539,1761,0,0,0
4.0202,73022,730450539,1767,0,0,0
4.0302,73023,730460539,1763,0,0,0
4.0401,73024,730470538,1778,0,0,0
4.0503,73025,730480538,1776,0,0,0
4.0606,73026,730490539,1781,0,0,0
4.0703,73027,730500538,1789,0,0,0
4.0801,73028,730510539,1805,0,0,0
4.0901,73029,730520539,1803,0,0,0
4.1002,73030,730530539,1811,0,0,0
4.1101,73031,730540539,1826,0,0,0
4.1203,73032,730550539,1831,0,0,0
4.1301,73033,730560538,1838,0,0,0
4.1401,73034,730570539,1872,0,0,0
4.1502,73035,730580538,1879,0,0,0
4.1602,73036,730590539,1904,0,0,0
4.1702,73037,730600539,1911,0,0,0
4.1802,73038,730610539,1927,0,0,0
4.1901,73039,730620538,1931,0,0,0
4.2001,73040,730630539,1920,0,0,0
4.2102,73041,730640539,1890,0,0,0
4.2201,73042,730650538,1877,0,0,0
4.2301,73043,730660539,1841,0,0,0
4.2401,73044,730670539,1813,0,0,0
4.2515,73045,730680539,1790,0,0,0
4.2601,73046,730690539,1787,0,0,0
4.2702,73047,730700539,1786,0,0,0
4.2802,73048,730710538,1783,0,0,0
4.2902,73049,730720539,1776,0,0,0
4.3005,73050,730730539,1787,0,0,0
4.3103,73051,730740539,1790,0,0,0
4.3202,73052,730750539,1791,0,0,0
4.3301,73053,730760539,1781,0,0,0
4.3402,73054,730770538,1794,0,0,0
4.3503,73055,730780538,1802,0,0,0
4.3603,73056,730790539,1808,0,0,0
4.3702,73057,730800539,1805,0,0,0
4.3803,73058,730810539,1808,0,0,0
4.3901,73059,730820539,1808,0,0,0
4.4002,73060,730830538,1813,0,0,0
4.4102,73061,730840539,1808,0,0,0
4.4202,73062,730850539,1821,0,0,0
4.4303,73063,730860539,1812,0,0,0
4.4402,73064,730870539,1830,0,0,0
4.4503,73065,730880539,1815,0,0,0
4.4604,73066,730890539,1823,0,0,0
4.4702,73067,730900539,1813,0,0,0
4.4802,73068,730910539,1829,0,0,0
4.4903,73069,730920539,1808,0,0,0
4.5019,73070,730930539,1818,0,0,0
4.5102,73071,730940538,1808,0,0,0
4.5203,73072,730950539,1819,0,0,0
4.5302,73073,730960539,1808,0,0,0
4.5403,73074,730970538,1828,0,0,0
4.5502,73075,730980538,1813,0,0,0
4.5602,73076,730990539,1822,0,0,0
4.5702,73077,731000538,1813,0,0,0
4.5802,73078,731010539,1821,0,0,0
4.5901,73079,731020538,1822,0,0,0
4.6002,73080,731030539,1824,0,0,0
4.6102,73081,731040539,1827,0,0,0
4.6203,73082,731050539,1825,0,0,0
4.6302,73083,731060538,1818,0,0,0
4.6402,73084,731070539,1838,0,0,0
4.6502,73085,731080538,1834,0,0,0
4.6601,73086,731090539,1840,0,0,0
4.6701,73087,731100539,1835,0,0,0
4.6801,73088,731110539,1839,0,0,0
4.6902,73089,731120539,1833,0,0,0
4.7003,73090,731130538,1838,0,0,0
4.7102,73091,731140538,1839,0,0,0
4.7201,73092,731150539,1854,0,0,0
4.7302,73093,731160538,1830,0,0,0
4.7430,73094,731170539,1840,0,0,0
4.7502,73095,731180539,1841,0,0,0
4.7601,73096,731190539,1855,0,0,0
4.7701,73097,731200538,1847,0,0,0
4.7801,73098,731210539,1857,0,0,0
4.7903,73099,731220539,1854,0,0,0
4.8002,73100,731230539,1863,0,0,0
4.8101,73101,731240538,1846,0,0,0
4.8204,73102,731250539,1863,0,0,0
4.8301,73103,731260539,1856,0,0,0
4.8401,73104,731270538,1886,0,0,0
4.8501,73105,731280539,1890,0,0,0
4.8603,73106,731290539,1931,0,0,0
4.8702,73107,731300539,1951,0,0,0
4.8802,73108,731310539,1983,0,0,0
4.8902,73109,731320538,1968,0,0,0
4.9001,73110,731330539,1952,0,0,0
4.9101,73111,731340539,1890,0,0,0
4.9202,73112,731350539,1862,0,0,0
4.9301,73113,731360538,1841,0,0,0
4.9414,73114,731370539,1842,0,0,0
4.9501,73115,731380539,1827,0,0,0
4.9602,73116,731390539,1835,0,0,0
4.9701,73117,731400539,1829,0,0,0
4.9801,73118,731410539,1827,0,0,0
4.9913,73119,731420539,1535,0,0,0
5.0002,73120,731430539,1619,0,0,0
5.0102,73121,731440539,2391,0,0,0
5.0201,73122,731450539,4015,0,0,0
5.0303,73123,731460539,2455,0,0,0
5.0404,73124,731470538,1697,0,0,0
5.0502,73125,731480539,1743,0,0,0
5.0603,73126,731490539,1835,0,0,0
5.0701,73127,731500539,1744,0,0,0
5.0804,73128,731510538,1770,0,0,0
5.0902,73129,731520539,1767,0,0,0
5.1001,73130,731530539,1781,0,0,0
5.1102,73131,731540539,1779,0,0,0
5.1202,73132,731550539,1782,0,0,0
5.1302,73133,731560539,1773,0,0,0
5.1402,73134,731570539,1793,0,0,0
5.1502,73135,731580539,1791,0,0,0
5.1602,73136,731590538,1793,0,0,0
5.1702,73137,731600539,1789,0,0,0
5.1802,73138,731610539,1815,0,0,0
5.1900,73139,731620539,1814,0,0,0
5.2000,73140,731630538,1812,0,0,0
5.2102,73141,731640538,1809,0,0,0
5.2201,73142,731650539,1822,0,0,0
5.2305,73143,731660538,1829,0,0,0
5.2436,73144,731670539,1857,0,0,0
5.2502,73145,731680539,1856,0,0,0
5.2609,73146,731690538,1895,0,0,0
5.2703,73147,731700539,1911,0,0,0
5.2801,73148,731710539,1936,0,0,0
5.2900,73149,731720539,1939,0,0,0
5.3003,73150,731730539,1956,0,0,0
5.3101,73151,731740539,1942,0,0,0
5.3201,73152,731750538,1939,0,0,0
5.3303,73153,731760538,1896,0,0,0
5.3402,73154,731770539,1877,0,0,0
5.3502,73155,731780539,1833,0,0,0
5.3602,73156,731790539,1820,0,0,0
5.3701,73157,731800539,1782,0,0,0
5.3801,73158,731810539,1785,0,0,0
5.3903,73159,731820539,1786,0,0,0
5.4002,73160,731830539,1795,0,0,0
5.4103,73161,731840539,1784,0,0,0
5.4205,73162,731850538,1814,0,0,0
5.4301,73163,731860539,1795,0,0,0
5.4402,73164,731870539,1814,0,0,0
5.4500,73165,731880538,1808,0,0,0
5.4603,73166,731890539,1820,0,0,0
5.4701,73167,731900538,1809,0,0,0
5.4803,73168,731910539,1808,0,0,0
5.4902,73169,731920539,1799,0,0,0
5.5009,73170,731930539,1834,0,0,0
5.5103,73171,731940539,1823,0,0,0
5.5201,73172,731950538,1823,0,0,0
5.5301,73173,731960539,1814,0,0,0
5.5401,73174,731970539,1823,0,0,0
5.5501,73175,731980539,1833,0,0,0
5.5601,73176,731990539,1862,0,0,0
5.5703,73177,732000538,1840,0,0,0
5.5801,73178,732010539,1840,0,0,0
5.5901,73179,732020539,1828,0,0,0
5.6001,73180,732030538,1840,0,0,0
5.6101,73181,732040539,1829,0,0,0
5.6201,73182,732050539,1838,0,0,0
5.6302,73183,732060538,1825,0,0,0
5.6401,73184,732070539,1845,0,0,0
5.6501,73185,732080538,1840,0,0,0
5.6602,73186,732090539,1857,0,0,0
5.6701,73187,732100539,1845,0,0,0
5.6801,73188,732110538,1855,0,0,0
5.6903,73189,732120539,1856,0,0,0
5.7002,73190,732130539,1856,0,0,0
5.7102,73191,732140539,1837,0,0,0
5.7203,73192,732150539,1852,0,0,0
5.7303,73193,732160539,1841,0,0,0
5.7402,73194,732170539,1852,0,0,0
5.7503,73195,732180539,1843,0,0,0
5.7602,73196,732190539,1866,0,0,0
5.7702,73197,732200539,1853,0,0,0
5.7802,73198,732210539,1856,0,0,0
5.7903,73199,732220539,1858,0,0,0
5.8005,73200,732230539,1872,0,0,0
5.8104,73201,732240539,1859,0,0,0
5.8202,73202,732250539,1858,0,0,0
5.8301,73203,732260539,1856,0,0,0
5.8401,73204,732270538,1869,0,0,0
5.8501,73205,732280539,1857,0,0,0
5.8602,73206,732290539,1863,0,0,0
5.8710,73207,732300538,1855,0,0,0
5.8802,73208,732310539,1875,0,0,0
5.8901,73209,732320539,1871,0,0,0
5.9002,73210,732330539,1870,0,0,0
5.9101,73211,732340538,1861,0,0,0
5.9202,73212,732350539,1878,0,0,0
5.9303,73213,732360539,1867,0,0,0
5.9402,73214,732370538,1891,0,0,0
5.9501,73215,732380539,1911,0,0,0
5.9602,73216,732390539,1939,0,0,0
5.9701,73217,732400538,1941,0,0,0
5.9801,73218,732410539,2016,0,0,0
5.9907,73219,732420538,1986,0,0,0
6.0002,73220,732430539,1950,0,0,0
6.0103,73221,732440539,1874,0,0,0
6.0203,73222,732450539,1858,0,0,0
6.0301,73223,732460539,1861,0,0,0
6.0402,73224,732470539,1851,0,0,0
6.0501,73225,732480538,1827,0,0,0
6.0601,73226,732490539,1826,0,0,0
6.0702,73227,732500539,1831,0,0,0
6.0803,73228,732510539,1819,0,0,0
6.0900,73229,732520539,1531,0,0,0
6.1002,73230,732530538,1634,0,0,0
6.1102,73231,732540539,2470,0,0,0
6.1202,73232,732550539,3817,0,0,0
6.1303,73233,732560539,2295,0,0,0
6.1402,73234,732570538,1814,0,0,0
6.1502,73235,732580539,1749,0,0,0
6.1602,73236,732590539,1838,0,0,0
6.1701,73237,732600539,1745,0,0,0
6.1802,73238,732610539,1746,0,0,0
6.1903,73239,732620539,1751,0,0,0
6.2002,73240,732630539,1760,0,0,0
6.2101,73241,732640539,1760,0,0,0
6.2211,73242,732650539,1786,0,0,0
6.2301,73243,732660538,1776,0,0,0
6.2400,73244,732670539,1790,0,0,0
6.2503,73245,732680539,1794,0,0,0
6.2603,73246,732690539,1802,0,0,0
6.2702,73247,732700538,1791,0,0,0
6.2801,73248,732710539,1813,0,0,0
6.2901,73249,732720539,1811,0,0,0
6.3002,73250,732730539,1813,0,0,0
6.3103,73251,732740539,1809,0,0,0
6.3203,73252,732750539,1831,0,0,0
6.3303,73253,732760538,1827,0,0,0
6.3403,73254,732770539,1841,0,0,0
6.3503,73255,732780539,1856,0,0,0
6.3603,73256,732790539,1877,0,0,0
6.3703,73257,732800539,1888,0,0,0
6.3804,73258,732810538,1904,0,0,0
6.3904,73259,732820538,1910,0,0,0
6.4004,73260,732830539,1931,0,0,0
6.4104,73261,732840539,1919,0,0,0
6.4210,73262,732850539,1908,0,0,0
6.4303,73263,732860539,1872,0,0,0
6.4410,73264,732870538,1850,0,0,0
6.4504,73265,732880539,1799,0,0,0
6.4603,73266,732890539,1795,0,0,0
6.4707,73267,732900539,1767,0,0,0
6.4803,73268,732910538,1759,0,0,0
6.4901,73269,732920539,1738,0,0,0
6.5002,73270,732930539,1743,0,0,0
6.5108,73271,732940538,1744,0,0,0
6.5203,73272,732950539,1759,0,0,0
6.5302,73273,732960538,1749,0,0,0
6.5401,73274,732970539,1774,0,0,0
6.5502,73275,732980538,1761,0,0,0
6.5601,73276,732990539,1766,0,0,0
6.5704,73277,733000539,1775,0,0,0
6.5802,73278,733010539,1796,0,0,0
6.5902,73279,733020539,1779,0,0,0
6.6002,73280,733030539,1795,0,0,0
6.6101,73281,733040539,1798,0,0,0
6.6202,73282,733050539,1803,0,0,0
6.6303,73283,733060539,1798,0,0,0
6.6403,73284,733070538,1803,0,0,0
6.6503,73285,733080538,1794,0,0,0
6.6604,73286,733090539,1802,0,0,0
6.6703,73287,733100539,1799,0,0,0
6.6801,73288,733110538,1814,0,0,0
6.6902,73289,733120539,1806,0,0,0
6.7001,73290,733130539,1811,0,0,0
6.7103,73291,733140539,1810,0,0,0
6.7210,73292,733150539,1810,0,0,0
6.7304,73293,733160539,1803,0,0,0
6.7406,73294,733170539,1814,0,0,0
6.7501,73295,733180538,1808,0,0,0
6.7601,73296,733190539,1821,0,0,0
6.7706,73297,733200538,1801,0,0,0
6.7802,73298,733210539,1807,0,0,0
6.7901,73299,733220539,1808,0,0,0
6.8002,73300,733230538,1812,0,0,0
6.8101,73301,733240538,1808,0,0,0
6.8201,73302,733250539,1809,0,0,0
6.8301,73303,733260538,1806,0,0,0
6.8403,73304,733270539,1811,0,0,0
6.8503,73305,733280539,1821,0,0,0
6.8602,73306,733290538,1818,0,0,0
6.8703,73307,733300539,1811,0,0,0
6.8804,73308,733310539,1828,0,0,0
6.8904,73309,733320538,1819,0,0,0
6.9005,73310,733330539,1827,0,0,0
6.9102,73311,733340538,1829,0,0,0
6.9209,73312,733350539,1839,0,0,0
6.9304,73313,733360539,1836,0,0,0
6.9402,73314,733370539,1840,0,0,0
6.9506,73315,733380539,1835,0,0,0
6.9603,73316,733390539,1841,0,0,0
6.9702,73317,733400539,1840,0,0,0
6.9803,73318,733410539,1845,0,0,0
6.9901,73319,733420539,1854,0,0,0
7.0001,73320,733430539,1856,0,0,0
7.0102,73321,733440539,1861,0,0,0
7.0204,73322,733450538,1869,0,0,0
7.0307,73323,733460539,1872,0,0,0
7.0402,73324,733470538,1915,0,0,0
7.0503,73325,733480539,1926,0,0,0
7.0601,73326,733490539,1951,0,0,0
7.0701,73327,733500539,1979,0,0,0
7.0805,73328,733510539,1968,0,0,0
7.0902,73329,733520538,1919,0,0,0
7.1001,73330,733530539,1872,0,0,0
7.1103,73331,733540539,1850,0,0,0
7.1203,73332,733550539,1851,0,0,0
7.1303,73333,733560538,1833,0,0,0
7.1405,73334,733570539,1830,0,0,0
7.1504,73335,733580539,1827,0,0,0
7.1605,73336,733590538,1816,0,0,0
7.1703,73337,733600539,1774,0,0,0
7.1803,73338,733610538,1504,0,0,0
7.1902,73339,733620539,1744,0,0,0
7.2001,73340,733630539,2851,0,0,0
7.2103,73341,733640539,3573,0,0,0
7.2217,73342,733650539,2160,0,0,0
7.2309,73343,733660538,1631,0,0,0
7.2401,73344,733670539,1808,0,0,0
7.2502,73345,733680539,1793,0,0,0
7.2601,73346,733690539,1744,0,0,0
7.2702,73347,733700539,1741,0,0,0
7.2802,73348,733710538,1755,0,0,0
7.2902,73349,733720538,1771,0,0,0
7.3002,73350,733730539,1782,0,0,0
7.3102,73351,733740539,1776,0,0,0
7.3201,73352,733750539,1794,0,0,0
7.3300,73353,733760539,1795,0,0,0
7.3403,73354,733770539,1807,0,0,0
7.3501,73355,733780538,1807,0,0,0
7.3601,73356,733790539,1808,0,0,0
7.3702,73357,733800539,1809,0,0,0
7.3802,73358,733810538,1827,0,0,0
7.3902,73359,733820539,1828,0,0,0
7.4002,73360,733830539,1840,0,0,0
7.4103,73361,733840538,1847,0,0,0
7.4204,73362,733850539,1857,0,0,0
7.4302,73363,733860539,1883,0,0,0
7.4403,73364,733870539,1899,0,0,0
7.4504,73365,733880539,1907,0,0,0
7.4604,73366,733890539,1936,0,0,0
7.4709,73367,733900539,1953,0,0,0
7.4815,73368,733910539,1961,0,0,0
7.4906,73369,733920539,1966,0,0,0
7.5001,73370,733930539,1958,0,0,0
7.5101,73371,733940539,1931,0,0,0
7.5202,73372,733950539,1903,0,0,0
7.5302,73373,733960538,1869,0,0,0
7.5403,73374,733970539,1842,0,0,0
7.5501,73375,733980539,1808,0,0,0
7.5602,73376,733990538,1794,0,0,0
7.5702,73377,734000539,1786,0,0,0
7.5803,73378,734010539,1790,0,0,0
7.5902,73379,734020539,1785,0,0,0
7.6005,73380,734030539,1791,0,0,0
7.6104,73381,734040539,1787,0,0,0
7.6203,73382,734050538,1786,0,0,0
7.6302,73383,734060539,1783,0,0,0
7.6404,73384,734070539,1792,0,0,0
7.6503,73385,734080539,1797,0,0,0
7.6603,73386,734090539,1797,0,0,0
7.6703,73387,734100538,1797,0,0,0
7.6803,73388,734110539,1802,0,0,0
7.6903,73389,734120539,1807,0,0,0
7.7002,73390,734130539,1796,0,0,0
7.7103,73391,734140538,1801,0,0,0
7.7201,73392,734150539,1812,0,0,0
7.7311,73393,734160539,1802,0,0,0
7.7401,73394,734170539,1813,0,0,0
7.7501,73395,734180538,1837,0,0,0
7.7600,73396,734190539,1819,0,0,0
7.7700,73397,734200538,1823,0,0,0
7.7802,73398,734210539,1835,0,0,0
7.7901,73399,734220539,1827,0,0,0
7.8002,73400,734230538,1843,0,0,0
7.8102,73401,734240539,1840,0,0,0
7.8201,73402,734250539,1840,0,0,0
7.8301,73403,734260539,1830,0,0,0
7.8402,73404,734270539,1824,0,0,0
7.8501,73405,734280539,1835,0,0,0
7.8601,73406,734290539,1836,0,0,0
7.8702,73407,734300539,1840,0,0,0
7.8803,73408,734310538,1845,0,0,0
7.8902,73409,734320539,1839,0,0,0
7.9003,73410,734330538,1842,0,0,0
7.9102,73411,734340539,1840,0,0,0
7.9202,73412,734350539,1822,0,0,0
7.9303,73413,734360538,1840,0,0,0
7.9401,73414,734370539,1857,0,0,0
7.9501,73415,734380539,1855,0,0,0
7.9602,73416,734390539,1840,0,0,0
7.9701,73417,734400539,1853,0,0,0
7.9802,73418,734410538,1856,0,0,0
7.9906,73419,734420539,1871,0,0,0
8.0009,73420,734430539,1869,0,0,0
8.0101,73421,734440538,1865,0,0,0
8.0201,73422,734450539,1872,0,0,0
8.0301,73423,734460539,1870,0,0,0
8.0401,73424,734470538,1862,0,0,0
8.0503,73425,734480539,1858,0,0,0
8.0601,73426,734490539,1875,0,0,0
8.0701,73427,734500538,1873,0,0,0
8.0802,73428,734510539,1866,0,0,0
8.0901,73429,734520539,1870,0,0,0
8.1001,73430,734530539,1887,0,0,0
8.1103,73431,734540539,1898,0,0,0
8.1203,73432,734550539,1886,0,0,0
8.1304,73433,734560539,1889,0,0,0
8.1403,73434,734570539,1883,0,0,0
8.1503,73435,734580539,1874,0,0,0
8.1604,73436,734590539,1886,0,0,0
8.1710,73437,734600539,1910,0,0,0
8.1802,73438,734610539,1937,0,0,0
8.1901,73439,734620538,1957,0,0,0
8.2003,73440,734630539,2006,0,0,0
8.2103,73441,734640539,2017,0,0,0
8.2203,73442,734650539,1972,0,0,0
8.2304,73443,734660539,1906,0,0,0
8.2401,73444,734670538,1875,0,0,0
8.2501,73445,734680539,1873,0,0,0
8.2603,73446,734690539,1841,0,0,0
8.2700,73447,734700538,1840,0,0,0
8.2801,73448,734710538,1825,0,0,0
8.2900,73449,734720539,1831,0,0,0
8.3004,73450,734730539,1817,0,0,0
8.3102,73451,734740539,1661,0,0,0
8.3201,73452,734750539,1502,0,0,0
8.3301,73453,734760539,2067,0,0,0
8.3401,73454,734770538,3686,0,0,0
8.3501,73455,734780539,2785,0,0,0
8.3602,73456,734790539,1887,0,0,0
8.3702,73457,734800539,1728,0,0,0
8.3803,73458,734810539,1852,0,0,0
8.3904,73459,734820538,1787,0,0,0
8.4003,73460,734830539,1761,0,0,0
8.4102,73461,734840539,1790,0,0,0
8.4205,73462,734850538,1791,0,0,0
8.4304,73463,734860539,1808,0,0,0
8.4404,73464,734870539,1802,0,0,0
8.4504,73465,734880538,1811,0,0,0
8.4603,73466,734890539,1824,0,0,0
8.4703,73467,734900539,1840,0,0,0
8.4802,73468,734910539,1843,0,0,0
8.4901,73469,734920539,1849,0,0,0
8.5001,73470,734930539,1845,0,0,0
8.5103,73471,734940539,1863,0,0,0
8.5235,73472,734950539,1856,0,0,0
8.5302,73473,734960538,1866,0,0,0
8.5401,73474,734970539,1872,0,0,0
8.5501,73475,734980539,1890,0,0,0
8.5600,73476,734990539,1897,0,0,0
8.5702,73477,735000539,1915,0,0,0
8.5801,73478,735010539,1928,0,0,0
8.5903,73479,735020539,1942,0,0,0
8.6002,73480,735030538,1966,0,0,0
8.6102,73481,735040539,1982,0,0,0
8.6203,73482,735050539,2005,0,0,0
8.6303,73483,735060538,2015,0,0,0
8.6403,73484,735070538,1968,0,0,0
8.6503,73485,735080539,1946,0,0,0
8.6604,73486,735090539,1900,0,0,0
8.6703,73487,735100539,1877,0,0,0
8.6801,73488,735110539,1831,0,0,0
8.6904,73489,735120539,1815,0,0,0
8.7004,73490,735130538,1789,0,0,0
8.7103,73491,735140539,1782,0,0,0
8.7202,73492,735150539,1776,0,0,0
8.7301,73493,735160539,1776,0,0,0
8.7543,73494,735170539,1775,0,0,0
8.7544,73495,735180539,1791,0,0,0
8.7602,73496,735190539,1792,0,0,0
8.7707,73497,735200538,1795,0,0,0
8.7801,73498,735210539,1777,0,0,0
8.7900,73499,735220539,1801,0,0,0
8.8001,73500,735230539,1800,0,0,0
8.8101,73501,735240538,1808,0,0,0
8.8202,73502,735250539,1808,0,0,0
8.8311,73503,735260539,1823,0,0,0
8.8402,73504,735270539,1807,0,0,0
8.8502,73505,735280539,1821,0,0,0
8.8603,73506,735290539,1815,0,0,0
8.8702,73507,735300539,1829,0,0,0
8.8801,73508,735310539,1817,0,0,0
8.8902,73509,735320539,1822,0,0,0
8.9004,73510,735330539,1822,0,0,0
8.9102,73511,735340538,1822,0,0,0
8.9203,73512,735350539,1811,0,0,0
8.9303,73513,735360539,1813,0,0,0
8.9403,73514,735370539,1813,0,0,0
8.9505,73515,735380538,1819,0,0,0
8.9603,73516,735390539,1821,0,0,0
8.9703,73517,735400538,1818,0,0,0
8.9802,73518,735410539,1815,0,0,0
8.9903,73519,735420539,1822,0,0,0
9.0014,73520,735430539,1818,0,0,0
9.0101,73521,735440538,1815,0,0,0
9.0202,73522,735450539,1823,0,0,0
9.0318,73523,735460538,1825,0,0,0
9.0401,73524,735470539,1808,0,0,0
9.0503,73525,735480539,1811,0,0,0
9.0603,73526,735490539,1814,0,0,0
9.0701,73527,735500539,1810,0,0,0
9.0802,73528,735510539,1808,0,0,0
9.0901,73529,735520539,1822,0,0,0
9.1003,73530,735530539,1819,0,0,0
9.1103,73531,735540538,1825,0,0,0
9.1202,73532,735550539,1821,0,0,0
9.1302,73533,735560539,1807,0,0,0
9.1404,73534,735570538,1809,0,0,0
9.1503,73535,735580538,1821,0,0,0
9.1603,73536,735590539,1810,0,0,0
9.1704,73537,735600539,1825,0,0,0
9.1805,73538,735610538,1817,0,0,0
9.1904,73539,735620539,1822,0,0,0
9.2005,73540,735630539,1815,0,0,0
9.2102,73541,735640539,1823,0,0,0
9.2201,73542,735650539,1825,0,0,0
9.2303,73543,735660539,1833,0,0,0
9.2410,73544,735670539,1830,0,0,0
9.2505,73545,735680539,1856,0,0,0
9.2601,73546,735690538,1877,0,0,0
9.2700,73547,735700539,1904,0,0,0
9.2802,73548,735710539,1927,0,0,0
9.2901,73549,735720538,1955,0,0,0
9.3001,73550,735730539,1927,0,0,0
9.3101,73551,735740539,1891,0,0,0
9.3202,73552,735750539,1837,0,0,0
9.3301,73553,735760538,1825,0,0,0
9.3403,73554,735770539,1802,0,0,0
9.3503,73555,735780539,1799,0,0,0
9.3603,73556,735790539,1796,0,0,0
9.3703,73557,735800538,1799,0,0,0
9.3804,73558,735810539,1779,0,0,0
9.3904,73559,735820539,1714,0,0,0
9.4004,73560,735830539,1461,0,0,0
9.4105,73561,735840539,1836,0,0,0
9.4203,73562,735850539,3136,0,0,0
9.4306,73563,735860539,3173,0,0,0
9.4411,73564,735870539,1946,0,0,0
9.4505,73565,735880538,1645,0,0,0
9.4605,73566,735890539,1791,0,0,0
9.4702,73567,735900539,1766,0,0,0
9.4809,73568,735910539,1706,0,0,0
9.4901,73569,735920539,1733,0,0,0
9.5013,73570,735930539,1743,0,0,0
9.5112,73571,735940539,1759,0,0,0
9.5203,73572,735950539,1747,0,0,0
9.5304,73573,735960538,1759,0,0,0
9.5403,73574,735970539,1744,0,0,0
9.5502,73575,735980538,1774,0,0,0
9.5602,73576,735990539,1770,0,0,0
9.5702,73577,736000539,1775,0,0,0
9.5802,73578,736010538,1776,0,0,0
9.5903,73579,736020539,1793,0,0,0
9.6001,73580,736030539,1787,0,0,0
9.6101,73581,736040538,1805,0,0,0
9.6202,73582,736050539,1802,0,0,0
9.6301,73583,736060539,1808,0,0,0
9.6401,73584,736070538,1823,0,0,0
9.6503,73585,736080539,1850,0,0,0
9.6605,73586,736090539,1866,0,0,0
9.6701,73587,736100539,1892,0,0,0
9.6801,73588,736110539,1909,0,0,0
9.6901,73589,736120538,1934,0,0,0
9.7000,73590,736130539,1934,0,0,0
9.7104,73591,736140539,1954,0,0,0
9.7201,73592,736150539,1926,0,0,0
9.7304,73593,736160539,1911,0,0,0
9.7413,73594,736170539,1871,0,0,0
9.7501,73595,736180539,1845,0,0,0
9.7605,73596,736190539,1808,0,0,0
9.7701,73597,736200539,1796,0,0,0
9.7801,73598,736210539,1771,0,0,0
9.7900,73599,736220538,1787,0,0,0
9.8002,73600,736230539,1762,0,0,0
9.8111,73601,736240539,1776,0,0,0
9.8202,73602,736250539,1763,0,0,0
9.8302,73603,736260538,1776,0,0,0
9.8401,73604,736270539,1774,0,0,0
9.8501,73605,736280539,1783,0,0,0
9.8601,73606,736290539,1776,0,0,0
9.8702,73607,736300539,1789,0,0,0
9.8803,73608,736310539,1786,0,0,0
9.8902,73609,736320539,1792,0,0,0
9.9003,73610,736330539,1778,0,0,0
9.9104,73611,736340539,1792,0,0,0
9.9203,73612,736350539,1783,0,0,0
9.9304,73613,736360539,1804,0,0,0
9.9406,73614,736370538,1792,0,0,0
9.9505,73615,736380539,1809,0,0,0
9.9603,73616,736390539,1795,0,0,0
9.9703,73617,736400539,1814,0,0,0
9.9815,73618,736410539,1795,0,0,0
9.9902,73619,736420538,1815,0,0,0
10.0002,73620,736430539,1807,0,0,0
10.0101,73621,736440539,1813,0,0,0
10.0231,73622,736450539,1809,0,0,0
10.0315,73623,736460539,1827,0,0,0
10.0412,73624,736470538,1817,0,0,0
10.0501,73625,736480539,1838,0,0,0
10.0602,73626,736490539,1811,0,0,0
10.0716,73627,736500538,1828,0,0,0
10.0837,73628,736510539,1825,0,0,0
10.0910,73629,736520538,1828,0,0,0
10.1001,73630,736530539,1827,0,0,0
10.1138,73631,736540538,1847,0,0,0
10.1211,73632,736550539,1817,0,0,0
10.1301,73633,736560539,1846,0,0,0
10.1403,73634,736570539,1858,0,0,0
10.1502,73635,736580539,1857,0,0,0
10.1601,73636,736590539,1849,0,0,0
10.1704,73637,736600539,1851,0,0,0
10.1801,73638,736610539,1857,0,0,0
10.1901,73639,736620539,1875,0,0,0
10.2002,73640,736630538,1853,0,0,0
10.2101,73641,736640539,1872,0,0,0
10.2202,73642,736650539,1872,0,0,0
10.2305,73643,736660539,1858,0,0,0
10.2402,73644,736670539,1859,0,0,0
10.2530,73645,736680539,1889,0,0,0
10.2601,73646,736690539,1872,0,0,0
10.2722,73647,736700538,1883,0,0,0
10.2841,73648,736710539,1856,0,0,0
10.2903,73649,736720539,1873,0,0,0
10.3022,73650,736730539,1875,0,0,0
10.3102,73651,736740539,1885,0,0,0
10.3220,73652,736750539,1872,0,0,0
10.3301,73653,736760539,1904,0,0,0
10.3401,73654,736770539,1922,0,0,0
10.3501,73655,736780539,1934,0,0,0
10.3601,73656,736790539,1936,0,0,0
10.3702,73657,736800539,2009,0,0,0
10.3801,73658,736810539,2000,0,0,0
10.3901,73659,736820538,1985,0,0,0
10.4001,73660,736830539,1906,0,0,0
10.4102,73661,736840539,1872,0,0,0
10.4233,73662,736850539,1866,0,0,0
10.4301,73663,736860538,1866,0,0,0
10.4477,73664,736870539,1839,0,0,0
10.4501,73665,736880538,1851,0,0,0
10.4641,73666,736890539,1855,0,0,0
10.4701,73667,736900539,1863,0,0,0
10.4801,73668,736910539,1706,0,0,0
10.4921,73669,736920539,1535,0,0,0
10.5002,73670,736930539,2017,0,0,0
10.5101,73671,736940538,3583,0,0,0
10.5202,73672,736950539,2946,0,0,0
10.5302,73673,736960539,1943,0,0,0
10.5401,73674,736970539,1735,0,0,0
10.5503,73675,736980539,1854,0,0,0
10.5603,73676,736990539,1821,0,0,0
10.5704,73677,737000539,1793,0,0,0
10.5802,73678,737010539,1815,0,0,0
10.5901,73679,737020538,1809,0,0,0
10.6014,73680,737030539,1798,0,0,0
10.6114,73681,737040539,1821,0,0,0
10.6211,73682,737050538,1835,0,0,0
10.6302,73683,737060539,1835,0,0,0
10.6436,73684,737070539,1840,0,0,0
10.6501,73685,737080538,1868,0,0,0
10.6602,73686,737090539,1851,0,0,0
10.6712,73687,737100539,1861,0,0,0
10.6802,73688,737110539,1884,0,0,0
10.6902,73689,737120539,1890,0,0,0
10.7001,73690,737130539,1865,0,0,0
10.7101,73691,737140539,1904,0,0,0
10.7201,73692,737150538,1911,0,0,0
10.7302,73693,737160539,1933,0,0,0
10.7411,73694,737170539,1911,0,0,0
10.7504,73695,737180539,1947,0,0,0
10.7601,73696,737190539,1966,0,0,0
10.7702,73697,737200539,2000,0,0,0
10.7802,73698,737210539,1968,0,0,0
10.7901,73699,737220538,2010,0,0,0
10.8030,73700,737230539,2002,0,0,0
10.8127,73701,737240539,1991,0,0,0
10.8210,73702,737250539,1957,0,0,0
10.8303,73703,737260539,1930,0,0,0
10.8453,73704,737270539,1890,0,0,0
10.8507,73705,737280539,1858,0,0,0
10.8603,73706,737290539,1823,0,0,0
10.8701,73707,737300539,1837,0,0,0
10.8801,73708,737310539,1805,0,0,0
10.8902,73709,737320539,1819,0,0,0
10.9001,73710,737330538,1808,0,0,0
10.9101,73711,737340538,1831,0,0,0
10.9202,73712,737350539,1817,0,0,0
10.9302,73713,737360539,1822,0,0,0
10.9403,73714,737370539,1817,0,0,0
10.9502,73715,737380538,1841,0,0,0
10.9602,73716,737390539,1840,0,0,0
10.9701,73717,737400539,1840,0,0,0
10.9803,73718,737410538,1840,0,0,0
10.9901,73719,737420539,1862,0,0,0
11.0047,73720,737430539,1836,0,0,0
11.0102,73721,737440538,1847,0,0,0
11.0201,73722,737450539,1829,0,0,0
11.0301,73723,737460538,1883,0,0,0
11.0402,73724,737470539,1872,0,0,0
11.0501,73725,737480539,1875,0,0,0
11.0601,73726,737490538,1858,0,0,0
11.0702,73727,737500539,1866,0,0,0
11.0801,73728,737510538,1843,0,0,0
11.0901,73729,737520539,1847,0,0,0
11.1003,73730,737530539,1827,0,0,0
11.1104,73731,737540539,1835,0,0,0
11.1202,73732,737550539,1834,0,0,0
11.1302,73733,737560538,1821,0,0,0
11.1402,73734,737570539,1813,0,0,0
11.1501,73735,737580539,1809,0,0,0
11.1602,73736,737590538,1797,0,0,0
11.1700,73737,737600539,1808,0,0,0
11.1801,73738,737610539,1792,0,0,0
11.1901,73739,737620539,1804,0,0,0
11.2001,73740,737630539,1791,0,0,0
11.2100,73741,737640538,1798,0,0,0
11.2200,73742,737650539,1783,0,0,0
11.2304,73743,737660539,1797,0,0,0
11.2403,73744,737670539,1786,0,0,0
11.2501,73745,737680539,1791,0,0,0
11.2602,73746,737690539,1789,0,0,0
11.2709,73747,737700539,1791,0,0,0
11.2814,73748,737710539,1789,0,0,0
11.2906,73749,737720538,1808,0,0,0
11.3002,73750,737730539,1782,0,0,0
11.3103,73751,737740539,1805,0,0,0
11.3210,73752,737750539,1792,0,0,0
11.3301,73753,737760539,1808,0,0,0
11.3402,73754,737770539,1793,0,0,0
11.3501,73755,737780538,1808,0,0,0
11.3602,73756,737790539,1807,0,0,0
11.3702,73757,737800539,1828,0,0,0
11.3802,73758,737810539,1834,0,0,0
11.3902,73759,737820539,1883,0,0,0
11.4003,73760,737830539,1874,0,0,0
11.4103,73761,737840539,1935,0,0,0
11.4202,73762,737850539,1925,0,0,0
11.4302,73763,737860539,1914,0,0,0
11.4403,73764,737870539,1852,0,0,0
11.4503,73765,737880539,1822,0,0,0
11.4603,73766,737890538,1798,0,0,0
11.4702,73767,737900539,1795,0,0,0
11.4801,73768,737910539,1780,0,0,0
11.4903,73769,737920539,1781,0,0,0
11.5003,73770,737930539,1777,0,0,0
11.5102,73771,737940539,1792,0,0,0
11.5202,73772,737950539,1686,0,0,0
11.5302,73773,737960539,1469,0,0,0
11.5403,73774,737970539,1846,0,0,0
11.5503,73775,737980538,3227,0,0,0
11.5602,73776,737990539,3131,0,0,0
11.5701,73777,738000539,1961,0,0,0
11.5802,73778,738010539,1622,0,0,0
11.5902,73779,738020539,1823,0,0,0
11.6001,73780,738030538,1772,0,0,0
11.6102,73781,738040539,1739,0,0,0
11.6202,73782,738050539,1747,0,0,0
11.6302,73783,738060539,1749,0,0,0
11.6402,73784,738070539,1763,0,0,0
11.6501,73785,738080538,1764,0,0,0
11.6601,73786,738090539,1774,0,0,0
11.6700,73787,738100539,1776,0,0,0
11.6801,73788,738110539,1783,0,0,0
11.6901,73789,738120539,1789,0,0,0
11.7000,73790,738130539,1790,0,0,0
11.7100,73791,738140539,1804,0,0,0
11.7202,73792,738150538,1803,0,0,0
11.7302,73793,738160539,1821,0,0,0
11.7401,73794,738170539,1818,0,0,0
11.7500,73795,738180539,1840,0,0,0
11.7602,73796,738190539,1824,0,0,0
11.7700,73797,738200538,1853,0,0,0
11.7801,73798,738210539,1858,0,0,0
11.7902,73799,738220538,1897,0,0,0
11.8001,73800,738230539,1909,0,0,0
11.8101,73801,738240539,1936,0,0,0
11.8203,73802,738250539,1945,0,0,0
11.8303,73803,738260538,1971,0,0,0
11.8401,73804,738270539,1975,0,0,0
11.8502,73805,738280539,1958,0,0,0
11.8601,73806,738290538,1916,0,0,0
11.8702,73807,738300539,1877,0,0,0
11.8803,73808,738310538,1843,0,0,0
11.8902,73809,738320539,1829,0,0,0
11.9001,73810,738330539,1794,0,0,0
11.9102,73811,738340538,1791,0,0,0
11.9201,73812,738350539,1790,0,0,0
11.9302,73813,738360539,1803,0,0,0
11.9403,73814,738370538,1793,0,0,0
11.9502,73815,738380539,1802,0,0,0
11.9602,73816,738390539,1793,0,0,0
11.9702,73817,738400538,1809,0,0,0
11.9806,73818,738410539,1794,0,0,0
11.9901,73819,738420539,1808,0,0,0
12.0002,73820,738430539,1808,0,0,0
12.0102,73821,738440539,1814,0,0,0
12.0226,73822,738450539,1808,0,0,0
12.0302,73823,738460539,1823,0,0,0
12.0400,73824,738470538,1821,0,0,0
12.0501,73825,738480539,1822,0,0,0
12.0602,73826,738490539,1817,0,0,0
12.0702,73827,738500538,1833,0,0,0
12.0801,73828,738510539,1822,0,0,0
12.0903,73829,738520539,1837,0,0,0
12.1002,73830,738530538,1835,0,0,0
12.1101,73831,738540539,1841,0,0,0
12.1201,73832,738550539,1830,0,0,0
12.1301,73833,738560539,1847,0,0,0
12.1401,73834,738570539,1838,0,0,0
12.1501,73835,738580538,1840,0,0,0
12.1601,73836,738590539,1840,0,0,0
12.1701,73837,738600538,1851,0,0,0
12.1801,73838,738610539,1840,0,0,0
12.1901,73839,738620539,1843,0,0,0
12.2001,73840,738630539,1834,0,0,0
12.2101,73841,738640539,1847,0,0,0
12.2201,73842,738650539,1843,0,0,0
12.2301,73843,738660539,1849,0,0,0
12.2403,73844,738670538,1841,0,0,0
12.2501,73845,738680539,1842,0,0,0
12.2602,73846,738690539,1851,0,0,0
12.2703,73847,738700539,1854,0,0,0
12.2801,73848,738710539,1841,0,0,0
12.2902,73849,738720539,1843,0,0,0
12.3003,73850,738730539,1842,0,0,0
12.3101,73851,738740538,1843,0,0,0
12.3202,73852,738750539,1846,0,0,0
12.3303,73853,738760538,1853,0,0,0
12.3403,73854,738770539,1844,0,0,0
12.3503,73855,738780538,1853,0,0,0
12.3602,73856,738790539,1842,0,0,0
12.3702,73857,738800539,1855,0,0,0
12.3802,73858,738810539,1851,0,0,0
12.3902,73859,738820539,1859,0,0,0
12.4001,73860,738830539,1854,0,0,0
12.4104,73861,738840538,1842,0,0,0
12.4200,73862,738850539,1863,0,0,0
12.4301,73863,738860539,1846,0,0,0
12.4401,73864,738870538,1840,0,0,0
12.4501,73865,738880539,1856,0,0,0
12.4601,73866,738890539,1858,0,0,0
12.4700,73867,738900539,1871,0,0,0
12.4810,73868,738910539,1893,0,0,0
12.4901,73869,738920538,1915,0,0,0
12.5001,73870,738930539,1918,0,0,0
12.5100,73871,738940539,1971,0,0,0
12.5208,73872,738950539,1950,0,0,0
12.5302,73873,738960539,1936,0,0,0
12.5404,73874,738970539,1893,0,0,0
12.5501,73875,738980538,1842,0,0,0
12.5601,73876,738990539,1827,0,0,0
12.5702,73877,739000538,1818,0,0,0
12.5801,73878,739010539,1817,0,0,0
12.5901,73879,739020539,1811,0,0,0
12.6002,73880,739030539,1799,0,0,0
12.6101,73881,739040538,1808,0,0,0
12.6201,73882,739050539,1616,0,0,0
12.6301,73883,739060539,1508,0,0,0
12.6401,73884,739070539,2075,0,0,0
12.6502,73885,739080539,3809,0,0,0
12.6603,73886,739090539,2758,0,0,0
12.6702,73887,739100539,1776,0,0,0
12.6801,73888,739110538,1664,0,0,0
12.6900,73889,739120538,1829,0,0,0
12.7000,73890,739130539,1738,0,0,0
12.7101,73891,739140539,1730,0,0,0
12.7203,73892,739150539,1744,0,0,0
12.7300,73893,739160539,1745,0,0,0
12.7401,73894,739170538,1749,0,0,0
12.7501,73895,739180539,1758,0,0,0
12.7605,73896,739190539,1760,0,0,0
12.7702,73897,739200538,1765,0,0,0
12.7803,73898,739210539,1773,0,0,0
12.7903,73899,739220539,1778,0,0,0
12.8001,73900,739230539,1777,0,0,0
12.8101,73901,739240539,1782,0,0,0
12.8207,73902,739250539,1787,0,0,0
12.8301,73903,739260538,1808,0,0,0
12.8402,73904,739270539,1809,0,0,0
12.8502,73905,739280539,1808,0,0,0
12.8601,73906,739290539,1829,0,0,0
12.8702,73907,739300539,1830,0,0,0
12.8802,73908,739310538,1853,0,0,0
12.8902,73909,739320539,1882,0,0,0
12.9004,73910,739330539,1904,0,0,0
12.9101,73911,739340539,1918,0,0,0
12.9201,73912,739350539,1939,0,0,0
12.9301,73913,739360539,1937,0,0,0
12.9401,73914,739370539,1930,0,0,0
12.9500,73915,739380538,1911,0,0,0
12.9601,73916,739390539,1887,0,0,0
12.9700,73917,739400538,1866,0,0,0
12.9801,73918,739410539,1835,0,0,0
12.9907,73919,739420539,1809,0,0,0
13.0000,73920,739430539,1796,0,0,0
13.0101,73921,739440539,1789,0,0,0
13.0202,73922,739450539,1777,0,0,0
13.0304,73923,739460538,1783,0,0,0
13.0402,73924,739470539,1791,0,0,0
13.0501,73925,739480538,1787,0,0,0
13.0600,73926,739490539,1786,0,0,0
13.0701,73927,739500539,1799,0,0,0
13.0803,73928,739510539,1793,0,0,0
13.0902,73929,739520538,1804,0,0,0
13.1001,73930,739530539,1811,0,0,0
13.1103,73931,739540539,1813,0,0,0
13.1201,73932,739550539,1818,0,0,0
13.1301,73933,739560539,1825,0,0,0
13.1402,73934,739570538,1829,0,0,0
13.1502,73935,739580539,1814,0,0,0
13.1601,73936,739590539,1823,0,0,0
13.1702,73937,739600538,1834,0,0,0
13.1801,73938,739610539,1835,0,0,0
13.1902,73939,739620538,1838,0,0,0
13.2004,73940,739630539,1850,0,0,0
13.2102,73941,739640539,1849,0,0,0
13.2201,73942,739650539,1843,0,0,0
13.2303,73943,739660539,1852,0,0,0
13.2401,73944,739670539,1843,0,0,0
13.2509,73945,739680538,1850,0,0,0
13.2602,73946,739690539,1858,0,0,0
13.2700,73947,739700539,1845,0,0,0
13.2800,73948,739710539,1855,0,0,0
13.2901,73949,739720539,1808,0,0,0
13.3000,73950,739730539,1856,0,0,0
13.3101,73951,739740539,1853,0,0,0
13.3202,73952,739750538,1856,0,0,0
13.3301,73953,739760539,1842,0,0,0
13.3402,73954,739770538,1850,0,0,0
13.3503,73955,739780539,1844,0,0,0
13.3602,73956,739790539,1856,0,0,0
13.3703,73957,739800539,1847,0,0,0
13.3805,73958,739810539,1850,0,0,0
13.3903,73959,739820539,1861,0,0,0
13.4001,73960,739830538,1872,0,0,0
13.4105,73961,739840539,1824,0,0,0
13.4203,73962,739850539,1862,0,0,0
13.4302,73963,739860538,1867,0,0,0
13.4404,73964,739870539,1872,0,0,0
13.4504,73965,739880539,1872,0,0,0
13.4605,73966,739890539,1879,0,0,0
13.4706,73967,739900538,1874,0,0,0
13.4802,73968,739910539,1865,0,0,0
13.4903,73969,739920539,1868,0,0,0
13.5012,73970,739930539,1888,0,0,0
13.5101,73971,739940539,1872,0,0,0
13.5202,73972,739950539,1872,0,0,0
13.5302,73973,739960538,1872,0,0,0
13.5402,73974,739970539,1873,0,0,0
13.5502,73975,739980539,1877,0,0,0
13.5601,73976,739990539,1876,0,0,0
13.5701,73977,740000539,1883,0,0,0
13.5801,73978,740010538,1899,0,0,0
13.5902,73979,740020539,1931,0,0,0
13.6002,73980,740030539,1936,0,0,0
13.6102,73981,740040539,1954,0,0,0
13.6202,73982,740050539,1984,0,0,0
13.6301,73983,740060539,1970,0,0,0
13.6402,73984,740070539,1936,0,0,0
13.6502,73985,740080538,1878,0,0,0
13.6602,73986,740090539,1844,0,0,0
13.6703,73987,740100538,1856,0,0,0
13.6801,73988,740110539,1853,0,0,0
13.6901,73989,740120538,1843,0,0,0
13.7001,73990,740130539,1839,0,0,0
13.7102,73991,740140539,1841,0,0,0
13.7201,73992,740150538,1811,0,0,0
13.7302,73993,740160538,1524,0,0,0
13.7401,73994,740170539,1673,0,0,0
13.7501,73995,740180538,2609,0,0,0
13.7601,73996,740190539,3851,0,0,0
13.7711,73997,740200539,2288,0,0,0
13.7801,73998,740210539,1652,0,0,0
13.7900,73999,740220538,1794,0,0,0
13.8001,74000,740230539,1824,0,0,0
13.8102,74001,740240539,1762,0,0,0
13.8202,74002,740250539,1767,0,0,0
13.8301,74003,740260539,1792,0,0,0
13.8401,74004,740270539,1791,0,0,0
13.8503,74005,740280538,1793,0,0,0
13.8601,74006,740290539,1797,0,0,0
13.8701,74007,740300539,1796,0,0,0
13.8803,74008,740310539,1798,0,0,0
13.8902,74009,740320539,1802,0,0,0
13.9002,74010,740330539,1803,0,0,0
13.9103,74011,740340539,1806,0,0,0
13.9201,74012,740350539,1806,0,0,0
13.9302,74013,740360539,1803,0,0,0
13.9403,74014,740370538,1810,0,0,0
13.9501,74015,740380539,1812,0,0,0
13.9602,74016,740390539,1822,0,0,0
13.9703,74017,740400539,1840,0,0,0
13.9801,74018,740410539,1855,0,0,0
13.9905,74019,740420539,1861,0,0,0
14.0006,74020,740430538,1893,0,0,0
14.0100,74021,740440539,1917,0,0,0
14.0213,74022,740450538,1939,0,0,0
14.0303,74023,740460539,1949,0,0,0
14.0403,74024,740470539,1951,0,0,0
14.0504,74025,740480538,1943,0,0,0
14.0602,74026,740490539,1919,0,0,0
14.0702,74027,740500539,1891,0,0,0
14.0801,74028,740510539,1862,0,0,0
14.0902,74029,740520539,1821,0,0,0
14.1002,74030,740530539,1808,0,0,0
14.1101,74031,740540539,1793,0,0,0
14.1202,74032,740550539,1782,0,0,0
14.1302,74033,740560539,1793,0,0,0
14.1400,74034,740570539,1771,0,0,0
14.1502,74035,740580538,1777,0,0,0
14.1601,74036,740590539,1790,0,0,0
14.1701,74037,740600539,1769,0,0,0
14.1803,74038,740610538,1779,0,0,0
14.1901,74039,740620539,1783,0,0,0
14.2013,74040,740630539,1795,0,0,0
14.2119,74041,740640539,1785,0,0,0
14.2202,74042,740650539,1803,0,0,0
14.2302,74043,740660539,1797,0,0,0
14.2401,74044,740670538,1807,0,0,0
14.2501,74045,740680538,1797,0,0,0
14.2601,74046,740690539,1808,0,0,0
14.2716,74047,740700539,1821,0,0,0
14.2807,74048,740710538,1823,0,0,0
14.2902,74049,740720538,1836,0,0,0
14.3001,74050,740730539,1835,0,0,0
14.3101,74051,740740539,1826,0,0,0
14.3202,74052,740750538,1835,0,0,0
14.3302,74053,740760539,1829,0,0,0
14.3402,74054,740770539,1840,0,0,0
14.3503,74055,740780538,1840,0,0,0
14.3601,74056,740790539,1839,0,0,0
14.3703,74057,740800539,1847,0,0,0
14.3803,74058,740810538,1856,0,0,0
14.3904,74059,740820538,1855,0,0,0
14.4002,74060,740830539,1846,0,0,0
14.4105,74061,740840539,1844,0,0,0
14.4202,74062,740850539,1867,0,0,0
14.4304,74063,740860539,1842,0,0,0
14.4402,74064,740870538,1867,0,0,0
14.4504,74065,740880539,1858,0,0,0
14.4604,74066,740890539,1847,0,0,0
14.4701,74067,740900538,1840,0,0,0
14.4803,74068,740910539,1874,0,0,0
14.4924,74069,740920539,1862,0,0,0
14.5001,74070,740930539,1855,0,0,0
14.5101,74071,740940539,1853,0,0,0
14.5201,74072,740950539,1847,0,0,0
14.5302,74073,740960538,1851,0,0,0
14.5401,74074,740970539,1869,0,0,0
14.5501,74075,740980539,1819,0,0,0
14.5604,74076,740990539,1833,0,0,0
14.5702,74077,741000539,1847,0,0,0
14.5802,74078,741010539,1853,0,0,0
14.5901,74079,741020539,1849,0,0,0
14.6001,74080,741030539,1844,0,0,0
14.6101,74081,741040538,1856,0,0,0
14.6201,74082,741050539,1864,0,0,0
14.6302,74083,741060538,1862,0,0,0
14.6401,74084,741070539,1853,0,0,0
14.6501,74085,741080538,1841,0,0,0
14.6603,74086,741090539,1861,0,0,0
14.6703,74087,741100539,1855,0,0,0
14.6802,74088,741110539,1863,0,0,0
14.6902,74089,741120539,1863,0,0,0
14.7003,74090,741130538,1879,0,0,0
14.7101,74091,741140539,1869,0,0,0
14.7209,74092,741150539,1891,0,0,0
14.7302,74093,741160539,1865,0,0,0
14.7413,74094,741170539,1894,0,0,0
14.7505,74095,741180539,1936,0,0,0
14.7602,74096,741190539,1937,0,0,0
14.7701,74097,741200539,1969,0,0,0
14.7801,74098,741210539,2004,0,0,0
14.7902,74099,741220539,1971,0,0,0
14.8001,74100,741230539,1927,0,0,0
14.8101,74101,741240539,1873,0,0,0
14.8202,74102,741250539,1856,0,0,0
14.8301,74103,741260539,1834,0,0,0
14.8401,74104,741270539,1838,0,0,0
14.8502,74105,741280539,1812,0,0,0
14.8602,74106,741290539,1827,0,0,0
14.8702,74107,741300538,1837,0,0,0
14.8803,74108,741310539,1776,0,0,0
14.8902,74109,741320539,1499,0,0,0
14.9002,74110,741330539,1808,0,0,0
14.9102,74111,741340539,2945,0,0,0
14.9202,74112,741350538,3271,0,0,0
14.9303,74113,741360539,2000,0,0,0
14.9414,74114,741370539,1761,0,0,0
14.9501,74115,741380539,1778,0,0,0
14.9602,74116,741390539,1791,0,0,0
14.9704,74117,741400538,1727,0,0,0
14.9825,74118,741410539,1744,0,0,0
14.9902,74119,741420539,1739,0,0,0
15.0001,74120,741430539,1758,0,0,0
15.0102,74121,741440538,1765,0,0,0
15.0202,74122,741450539,1776,0,0,0
15.0303,74123,741460538,1771,0,0,0
15.0403,74124,741470539,1775,0,0,0
15.0502,74125,741480539,1789,0,0,0
15.0603,74126,741490539,1790,0,0,0
15.0701,74127,741500539,1783,0,0,0
15.0802,74128,741510539,1802,0,0,0
15.0903,74129,741520539,1791,0,0,0
15.1003,74130,741530539,1814,0,0,0
15.1102,74131,741540539,1812,0,0,0
15.1203,74132,741550538,1820,0,0,0
15.1303,74133,741560539,1830,0,0,0
15.1402,74134,741570539,1858,0,0,0
15.1503,74135,741580538,1862,0,0,0
15.1602,74136,741590539,1900,0,0,0
15.1703,74137,741600539,1904,0,0,0
15.1803,74138,741610539,1937,0,0,0
15.1903,74139,741620538,1947,0,0,0
15.2004,74140,741630539,1959,0,0,0
15.2104,74141,741640539,1937,0,0,0
15.2201,74142,741650538,1918,0,0,0
15.2304,74143,741660539,1890,0,0,0
15.2404,74144,741670539,1858,0,0,0
15.2503,74145,741680539,1820,0,0,0
15.2601,74146,741690539,1801,0,0,0
15.2701,74147,741700539,1793,0,0,0
15.2801,74148,741710539,1787,0,0,0
15.2901,74149,741720538,1764,0,0,0
15.3001,74150,741730539,1772,0,0,0
15.3100,74151,741740539,1777,0,0,0
15.3201,74152,741750539,1763,0,0,0
15.3302,74153,741760539,1767,0,0,0
15.3401,74154,741770538,1776,0,0,0
15.3502,74155,741780539,1776,0,0,0
15.3605,74156,741790539,1782,0,0,0
15.3702,74157,741800538,1781,0,0,0
15.3803,74158,741810539,1790,0,0,0
15.3904,74159,741820539,1779,0,0,0
15.4002,74160,741830539,1799,0,0,0
15.4105,74161,741840539,1801,0,0,0
15.4203,74162,741850538,1809,0,0,0
15.4302,74163,741860539,1802,0,0,0
15.4402,74164,741870539,1808,0,0,0
15.4506,74165,741880539,1792,0,0,0
15.4606,74166,741890539,1808,0,0,0
15.4702,74167,741900539,1806,0,0,0
15.4803,74168,741910539,1811,0,0,0
15.4902,74169,741920539,1793,0,0,0
15.5001,74170,741930538,1804,0,0,0
15.5104,74171,741940539,1795,0,0,0
15.5201,74172,741950538,1798,0,0,0
15.5302,74173,741960539,1791,0,0,0
15.5403,74174,741970539,1801,0,0,0
15.5503,74175,741980539,1803,0,0,0
15.5614,74176,741990539,1803,0,0,0
15.5702,74177,742000539,1798,0,0,0
15.5801,74178,742010539,1808,0,0,0
15.5901,74179,742020539,1808,0,0,0
15.6001,74180,742030539,1813,0,0,0
15.6101,74181,742040539,1808,0,0,0
15.6202,74182,742050539,1812,0,0,0
15.6301,74183,742060539,1810,0,0,0
15.6402,74184,742070539,1808,0,0,0
15.6503,74185,742080539,1807,0,0,0
15.6602,74186,742090539,1815,0,0,0
15.6702,74187,742100539,1808,0,0,0
15.6802,74188,742110539,1813,0,0,0
15.6902,74189,742120539,1815,0,0,0
15.7004,74190,742130539,1831,0,0,0
15.7103,74191,742140539,1821,0,0,0
15.7202,74192,742150539,1827,0,0,0
15.7306,74193,742160538,1811,0,0,0
15.7405,74194,742170539,1821,0,0,0
15.7505,74195,742180538,1808,0,0,0
15.7602,74196,742190539,1825,0,0,0
15.7712,74197,742200539,1826,0,0,0
15.7801,74198,742210539,1833,0,0,0
15.7903,74199,742220539,1825,0,0,0
15.8001,74200,742230538,1837,0,0,0
15.8102,74201,742240539,1825,0,0,0
15.8202,74202,742250539,1837,0,0,0
15.8303,74203,742260539,1840,0,0,0
15.8401,74204,742270539,1854,0,0,0
15.8501,74205,742280538,1843,0,0,0
15.8602,74206,742290539,1875,0,0,0
15.8702,74207,742300539,1894,0,0,0
15.8803,74208,742310538,1909,0,0,0
15.8902,74209,742320538,1951,0,0,0
15.9004,74210,742330539,1940,0,0,0
15.9105,74211,742340538,1905,0,0,0
15.9202,74212,742350538,1868,0,0,0
15.9303,74213,742360538,1823,0,0,0
15.9404,74214,742370539,1825,0,0,0
15.9504,74215,742380539,1809,0,0,0
15.9602,74216,742390538,1795,0,0,0
15.9705,74217,742400539,1789,0,0,0
15.9802,74218,742410539,1795,0,0,0
15.9902,74219,742420538,1773,0,0,0
16.0002,74220,742430539,1497,0,0,0
16.0102,74221,742440539,1634,0,0,0
16.0202,74222,742450539,2551,0,0,0
16.0301,74223,742460538,3807,0,0,0
16.0401,74224,742470539,2299,0,0,0
16.0502,74225,742480539,1600,0,0,0
16.0601,74226,742490538,1750,0,0,0
16.0701,74227,742500538,1776,0,0,0
16.0802,74228,742510539,1703,0,0,0
16.0901,74229,742520539,1713,0,0,0
16.1002,74230,742530539,1733,0,0,0
16.1105,74231,742540539,1735,0,0,0
16.1203,74232,742550538,1744,0,0,0
16.1302,74233,742560539,1744,0,0,0
16.1402,74234,742570539,1753,0,0,0
16.1506,74235,742580539,1753,0,0,0
16.1601,74236,742590539,1775,0,0,0
16.1701,74237,742600539,1776,0,0,0
16.1801,74238,742610539,1794,0,0,0
16.1903,74239,742620538,1787,0,0,0
16.2005,74240,742630539,1808,0,0,0
16.2103,74241,742640539,1809,0,0,0
16.2202,74242,742650539,1808,0,0,0
16.2304,74243,742660539,1813,0,0,0
16.2403,74244,742670538,1838,0,0,0
16.2505,74245,742680539,1850,0,0,0
16.2603,74246,742690539,1870,0,0,0
16.2703,74247,742700538,1889,0,0,0
16.2802,74248,742710539,1921,0,0,0
16.2900,74249,742720539,1932,0,0,0
16.3002,74250,742730539,1953,0,0,0
16.3102,74251,742740539,1953,0,0,0
16.3202,74252,742750539,1957,0,0,0
16.3306,74253,742760538,1920,0,0,0
16.3405,74254,742770539,1904,0,0,0
16.3505,74255,742780539,1859,0,0,0
16.3603,74256,742790539,1846,0,0,0
16.3702,74257,742800539,1813,0,0,0
16.3806,74258,742810539,1803,0,0,0
16.3902,74259,742820538,1792,0,0,0
16.4006,74260,742830539,1804,0,0,0
16.4104,74261,742840539,1803,0,0,0
16.4202,74262,742850539,1802,0,0,0
16.4301,74263,742860539,1788,0,0,0
16.4403,74264,742870539,1806,0,0,0
16.4502,74265,742880539,1794,0,0,0
16.4602,74266,742890539,1809,0,0,0
16.4702,74267,742900538,1799,0,0,0
16.4807,74268,742910539,1814,0,0,0
16.4905,74269,742920539,1809,0,0,0
16.5000,74270,742930538,1823,0,0,0
16.5101,74271,742940539,1810,0,0,0
16.5200,74272,742950538,1824,0,0,0
16.5305,74273,742960539,1815,0,0,0
16.5401,74274,742970539,1832,0,0,0
16.5501,74275,742980538,1821,0,0,0
16.5602,74276,742990539,1819,0,0,0
16.5702,74277,743000539,1818,0,0,0
16.5801,74278,743010539,1835,0,0,0
16.5902,74279,743020539,1834,0,0,0
16.6001,74280,743030539,1842,0,0,0
16.6100,74281,743040539,1829,0,0,0
16.6202,74282,743050539,1830,0,0,0
16.6305,74283,743060538,1829,0,0,0
16.6403,74284,743070539,1839,0,0,0
16.6503,74285,743080539,1827,0,0,0
16.6602,74286,743090539,1830,0,0,0
16.6709,74287,743100539,1835,0,0,0
16.6814,74288,743110538,1847,0,0,0
16.6902,74289,743120539,1838,0,0,0
16.7004,74290,743130539,1840,0,0,0
16.7105,74291,743140539,1826,0,0,0
16.7201,74292,743150539,1844,0,0,0
16.7303,74293,743160539,1833,0,0,0
16.7404,74294,743170539,1837,0,0,0
16.7500,74295,743180539,1840,0,0,0
16.7601,74296,743190539,1854,0,0,0
16.7701,74297,743200539,1830,0,0,0
16.7802,74298,743210539,1850,0,0,0
16.7902,74299,743220538,1841,0,0,0
16.8003,74300,743230539,1850,0,0,0
16.8101,74301,743240539,1851,0,0,0
16.8201,74302,743250539,1847,0,0,0
16.8302,74303,743260538,1844,0,0,0
16.8402,74304,743270539,1849,0,0,0
16.8501,74305,743280539,1833,0,0,0
16.8603,74306,743290538,1850,0,0,0
16.8702,74307,743300539,1843,0,0,0
16.8802,74308,743310539,1867,0,0,0
16.8902,74309,743320539,1851,0,0,0
16.9002,74310,743330539,1855,0,0,0
16.9103,74311,743340538,1840,0,0,0
16.9204,74312,743350539,1845,0,0,0
16.9303,74313,743360539,1834,0,0,0
16.9404,74314,743370539,1845,0,0,0
16.9502,74315,743380538,1840,0,0,0
16.9601,74316,743390539,1841,0,0,0
16.9701,74317,743400539,1846,0,0,0
16.9810,74318,743410539,1863,0,0,0
16.9901,74319,743420538,1861,0,0,0
17.0000,74320,743430539,1882,0,0,0
17.0100,74321,743440539,1901,0,0,0
17.0200,74322,743450538,1927,0,0,0
17.0301,74323,743460539,1922,0,0,0
17.0401,74324,743470538,1978,0,0,0
17.0501,74325,743480539,1955,0,0,0
17.0600,74326,743490539,1915,0,0,0
17.0702,74327,743500539,1857,0,0,0
17.0801,74328,743510539,1862,0,0,0
17.0900,74329,743520539,1842,0,0,0
17.1002,74330,743530539,1840,0,0,0
17.1103,74331,743540538,1813,0,0,0
17.1202,74332,743550539,1826,0,0,0
17.1303,74333,743560539,1825,0,0,0
17.1403,74334,743570538,1766,0,0,0
17.1506,74335,743580539,1488,0,0,0
17.1603,74336,743590539,1820,0,0,0
17.1702,74337,743600539,3014,0,0,0
17.1804,74338,743610539,3345,0,0,0
17.1903,74339,743620539,2036,0,0,0
17.2003,74340,743630539,1699,0,0,0
17.2101,74341,743640539,1805,0,0,0
17.2201,74342,743650538,1799,0,0,0
17.2303,74343,743660539,1756,0,0,0
17.2421,74344,743670539,1775,0,0,0
17.2503,74345,743680538,1759,0,0,0
17.2602,74346,743690539,1776,0,0,0
17.2703,74347,743700539,1759,0,0,0
17.2803,74348,743710539,1801,0,0,0
17.2902,74349,743720538,1787,0,0,0
17.3004,74350,743730539,1809,0,0,0
17.3102,74351,743740539,1815,0,0,0
17.3203,74352,743750538,1811,0,0,0
17.3303,74353,743760539,1808,0,0,0
17.3401,74354,743770538,1824,0,0,0
17.3501,74355,743780539,1825,0,0,0
17.3603,74356,743790539,1846,0,0,0
17.3702,74357,743800538,1842,0,0,0
17.3805,74358,743810539,1845,0,0,0
17.3906,74359,743820539,1861,0,0,0
17.4002,74360,743830538,1899,0,0,0
17.4102,74361,743840539,1904,0,0,0
17.4203,74362,743850539,1935,0,0,0
17.4303,74363,743860538,1936,0,0,0
17.4403,74364,743870539,1960,0,0,0
17.4507,74365,743880538,1967,0,0,0
17.4606,74366,743890539,2000,0,0,0
17.4703,74367,743900539,1976,0,0,0
17.4805,74368,743910538,1953,0,0,0
17.4901,74369,743920539,1915,0,0,0
17.5004,74370,743930539,1893,0,0,0
17.5105,74371,743940539,1850,0,0,0
17.5202,74372,743950539,1819,0,0,0
17.5306,74373,743960539,1804,0,0,0
17.5402,74374,743970539,1809,0,0,0
17.5503,74375,743980538,1808,0,0,0
17.5614,74376,743990539,1808,0,0,0
17.5703,74377,744000539,1787,0,0,0
17.5802,74378,744010538,1791,0,0,0
17.5901,74379,744020539,1793,0,0,0
17.6002,74380,744030539,1811,0,0,0
17.6103,74381,744040539,1808,0,0,0
17.6201,74382,744050538,1815,0,0,0
17.6301,74383,744060539,1809,0,0,0
17.6401,74384,744070539,1821,0,0,0
17.6502,74385,744080539,1815,0,0,0
17.6604,74386,744090539,1831,0,0,0
17.6703,74387,744100538,1825,0,0,0
17.6803,74388,744110539,1840,0,0,0
17.6904,74389,744120539,1836,0,0,0
17.7004,74390,744130539,1850,0,0,0
17.7106,74391,744140538,1831,0,0,0
17.7202,74392,744150539,1843,0,0,0
17.7304,74393,744160539,1844,0,0,0
17.7402,74394,744170539,1853,0,0,0
17.7502,74395,744180538,1828,0,0,0
17.7606,74396,744190539,1837,0,0,0
17.7701,74397,744200539,1838,0,0,0
17.7801,74398,744210539,1840,0,0,0
17.7900,74399,744220539,1835,0,0,0
17.8002,74400,744230539,1840,0,0,0
17.8102,74401,744240539,1826,0,0,0
17.8201,74402,744250539,1840,0,0,0
17.8301,74403,744260538,1830,0,0,0
17.8402,74404,744270539,1842,0,0,0
17.8504,74405,744280538,1830,0,0,0
17.8605,74406,744290539,1840,0,0,0
17.8702,74407,744300539,1831,0,0,0
17.8805,74408,744310539,1837,0,0,0
17.8905,74409,744320539,1835,0,0,0
17.9003,74410,744330539,1844,0,0,0
17.9106,74411,744340539,1841,0,0,0
17.9203,74412,744350539,1840,0,0,0
17.9303,74413,744360539,1830,0,0,0
17.9402,74414,744370539,1837,0,0,0
17.9501,74415,744380539,1835,0,0,0
17.9602,74416,744390539,1841,0,0,0
17.9701,74417,744400539,1830,0,0,0
17.9802,74418,744410538,1853,0,0,0
17.9906,74419,744420538,1843,0,0,0
18.0010,74420,744430539,1851,0,0,0
18.0102,74421,744440539,1845,0,0,0
18.0204,74422,744450539,1856,0,0,0
18.0302,74423,744460539,1840,0,0,0
18.0403,74424,744470539,1846,0,0,0
18.0504,74425,744480538,1839,0,0,0
18.0602,74426,744490539,1851,0,0,0
18.0703,74427,744500538,1830,0,0,0
18.0801,74428,744510539,1850,0,0,0
18.0901,74429,744520539,1852,0,0,0
18.1004,74430,744530539,1892,0,0,0
18.1101,74431,744540538,1898,0,0,0
18.1202,74432,744550539,1930,0,0,0
18.1302,74433,744560539,1962,0,0,0
18.1404,74434,744570539,1957,0,0,0
18.1506,74435,744580539,1903,0,0,0
18.1603,74436,744590539,1861,0,0,0
18.1703,74437,744600539,1824,0,0,0
18.1806,74438,744610539,1834,0,0,0
18.1910,74439,744620538,1808,0,0,0
18.2001,74440,744630539,1815,0,0,0
18.2100,74441,744640539,1791,0,0,0
18.2200,74442,744650539,1803,0,0,0
18.2304,74443,744660539,1769,0,0,0
18.2415,74444,744670539,1509,0,0,0
18.2502,74445,744680539,1661,0,0,0
18.2607,74446,744690539,2619,0,0,0
18.2703,74447,744700538,3739,0,0,0
18.2802,74448,744710539,2255,0,0,0
18.2902,74449,744720538,1649,0,0,0
18.3002,74450,744730539,1757,0,0,0
18.3102,74451,744740539,1794,0,0,0
18.3202,74452,744750539,1715,0,0,0
18.3302,74453,744760539,1719,0,0,0
18.3412,74454,744770539,1747,0,0,0
18.3503,74455,744780539,1735,0,0,0
18.3605,74456,744790539,1754,0,0,0
18.3702,74457,744800539,1745,0,0,0
18.3806,74458,744810539,1762,0,0,0
18.3902,74459,744820538,1763,0,0,0
18.4003,74460,744830539,1781,0,0,0
18.4104,74461,744840539,1766,0,0,0
18.4202,74462,744850538,1786,0,0,0
18.4304,74463,744860539,1775,0,0,0
18.4403,74464,744870539,1803,0,0,0
18.4505,74465,744880539,1791,0,0,0
18.4606,74466,744890539,1815,0,0,0
18.4702,74467,744900539,1821,0,0,0
18.4803,74468,744910539,1839,0,0,0
18.4902,74469,744920538,1833,0,0,0
18.5003,74470,744930539,1862,0,0,0
18.5103,74471,744940538,1877,0,0,0
18.5202,74472,744950539,1902,0,0,0
18.5302,74473,744960539,1909,0,0,0
18.5403,74474,744970539,1933,0,0,0
18.5501,74475,744980538,1925,0,0,0
18.5603,74476,744990539,1936,0,0,0
18.5702,74477,745000539,1898,0,0,0
18.5801,74478,745010538,1877,0,0,0
18.5901,74479,745020539,1842,0,0,0
18.6001,74480,745030539,1814,0,0,0
18.6101,74481,745040539,1776,0,0,0
18.6201,74482,745050539,1785,0,0,0
18.6302,74483,745060539,1770,0,0,0
18.6401,74484,745070539,1776,0,0,0
18.6506,74485,745080539,1776,0,0,0
18.6602,74486,745090538,1775,0,0,0
18.6702,74487,745100539,1763,0,0,0
18.6802,74488,745110539,1780,0,0,0
18.6901,74489,745120538,1785,0,0,0
18.7004,74490,745130539,1793,0,0,0
18.7102,74491,745140539,1782,0,0,0
18.7200,74492,745150539,1799,0,0,0
18.7304,74493,745160539,1792,0,0,0
18.7401,74494,745170538,1808,0,0,0
18.7513,74495,745180539,1793,0,0,0
18.7600,74496,745190539,1807,0,0,0
18.7700,74497,745200538,1765,0,0,0
18.7801,74498,745210539,1807,0,0,0
18.7901,74499,745220539,1802,0,0,0
18.8000,74500,745230539,1818,0,0,0
18.8101,74501,745240539,1808,0,0,0
18.8202,74502,745250539,1817,0,0,0
18.8301,74503,745260538,1814,0,0,0
18.8402,74504,745270539,1817,0,0,0
18.8503,74505,745280539,1799,0,0,0
18.8603,74506,745290539,1814,0,0,0
18.8702,74507,745300539,1810,0,0,0
18.8803,74508,745310539,1809,0,0,0
18.8902,74509,745320539,1803,0,0,0
18.9003,74510,745330539,1825,0,0,0
18.9107,74511,745340539,1811,0,0,0
18.9202,74512,745350539,1822,0,0,0
18.9305,74513,745360539,1813,0,0,0
18.9403,74514,745370538,1839,0,0,0
18.9503,74515,745380539,1822,0,0,0
18.9609,74516,745390539,1838,0,0,0
18.9711,74517,745400539,1840,0,0,0
18.9803,74518,745410539,1852,0,0,0
18.9902,74519,745420539,1847,0,0,0
19.0001,74520,745430539,1851,0,0,0
19.0102,74521,745440538,1849,0,0,0
19.0202,74522,745450539,1854,0,0,0
19.0301,74523,745460539,1842,0,0,0
19.0403,74524,745470539,1863,0,0,0
19.0501,74525,745480538,1860,0,0,0
19.0608,74526,745490539,1849,0,0,0
19.0702,74527,745500538,1840,0,0,0
19.0801,74528,745510539,1857,0,0,0
19.0902,74529,745520539,1851,0,0,0
19.1002,74530,745530539,1859,0,0,0
19.1101,74531,745540539,1851,0,0,0
19.1202,74532,745550539,1895,0,0,0
19.1301,74533,745560538,1861,0,0,0
19.1402,74534,745570539,1919,0,0,0
19.1502,74535,745580539,1856,0,0,0
19.1602,74536,745590538,1872,0,0,0
19.1701,74537,745600538,1864,0,0,0
19.1804,74538,745610539,1909,0,0,0
19.1905,74539,745620539,1859,0,0,0
19.2002,74540,745630539,1879,0,0,0
19.2111,74541,745640539,1861,0,0,0
19.2202,74542,745650539,1888,0,0,0
19.2302,74543,745660539,1891,0,0,0
19.2402,74544,745670539,1889,0,0,0
19.2502,74545,745680539,1904,0,0,0
19.2602,74546,745690539,1939,0,0,0
19.2713,74547,745700539,1939,0,0,0
19.2803,74548,745710539,2011,0,0,0
19.2903,74549,745720538,1997,0,0,0
19.3003,74550,745730539,1967,0,0,0
19.3101,74551,745740539,1904,0,0,0
19.3201,74552,745750539,1890,0,0,0
19.3302,74553,745760539,1871,0,0,0
19.3402,74554,745770539,1873,0,0,0
19.3505,74555,745780539,1864,0,0,0
19.3605,74556,745790539,1871,0,0,0
19.3702,74557,745800539,1865,0,0,0
19.3802,74558,745810539,1877,0,0,0
19.3904,74559,745820539,1621,0,0,0
19.4001,74560,745830539,1601,0,0,0
19.4104,74561,745840539,2258,0,0,0
19.4213,74562,745850539,3957,0,0,0
19.4302,74563,745860539,2607,0,0,0
19.4404,74564,745870539,1818,0,0,0
19.4501,74565,745880539,1742,0,0,0
19.4601,74566,745890539,1859,0,0,0
19.4701,74567,745900538,1771,0,0,0
19.4801,74568,745910539,1778,0,0,0
19.4905,74569,745920539,1781,0,0,0
19.5000,74570,745930539,1803,0,0,0
19.5101,74571,745940539,1803,0,0,0
19.5200,74572,745950539,1807,0,0,0
19.5301,74573,745960539,1806,0,0,0
19.5401,74574,745970539,1814,0,0,0
19.5501,74575,745980539,1808,0,0,0
19.5602,74576,745990539,1838,0,0,0
19.5702,74577,746000539,1840,0,0,0
19.5802,74578,746010538,1838,0,0,0
19.5901,74579,746020539,1839,0,0,0
19.6002,74580,746030539,1856,0,0,0
19.6101,74581,746040539,1868,0,0,0
19.6201,74582,746050539,1871,0,0,0
19.6302,74583,746060538,1862,0,0,0
19.6402,74584,746070539,1891,0,0,0
19.6505,74585,746080539,1904,0,0,0
19.6603,74586,746090539,1947,0,0,0
19.6702,74587,746100539,1941,0,0,0
19.6803,74588,746110539,1963,0,0,0
19.6905,74589,746120538,1974,0,0,0
19.7005,74590,746130539,2000,0,0,0
19.7105,74591,746140538,1998,0,0,0
19.7201,74592,746150539,1971,0,0,0
19.7301,74593,746160539,1933,0,0,0
19.7400,74594,746170539,1909,0,0,0
19.7503,74595,746180538,1872,0,0,0
19.7613,74596,746190539,1853,0,0,0
19.7715,74597,746200539,1810,0,0,0
19.7811,74598,746210539,1823,0,0,0
19.7903,74599,746220539,1791,0,0,0
19.8003,74600,746230538,1794,0,0,0
19.8103,74601,746240538,1797,0,0,0
19.8201,74602,746250539,1791,0,0,0
19.8301,74603,746260539,1782,0,0,0
19.8401,74604,746270538,1787,0,0,0
19.8503,74605,746280539,1798,0,0,0
19.8601,74606,746290539,1823,0,0,0
19.8701,74607,746300539,1792,0,0,0
19.8802,74608,746310538,1808,0,0,0
19.8902,74609,746320539,1804,0,0,0
19.9002,74610,746330539,1831,0,0,0
19.9103,74611,746340538,1813,0,0,0
19.9202,74612,746350539,1810,0,0,0
19.9303,74613,746360539,1821,0,0,0
19.9402,74614,746370538,1830,0,0,0
19.9503,74615,746380539,1819,0,0,0
19.9603,74616,746390539,1818,0,0,0
19.9702,74617,746400539,1827,0,0,0
19.9803,74618,746410539,1836,0,0,0
19.9923,74619,746420539,1811,0,0,0
20.0002,74620,746430539,1826,0,0,0
20.0103,74621,746440539,1819,0,0,0
20.0262,74622,746450539,1823,0,0,0
20.0302,74623,746460539,1821,0,0,0
20.0494,74624,746470539,1840,0,0,0
20.0511,74625,746480538,1830,0,0,0
20.0613,74626,746490539,1846,0,0,0
20.0701,74627,746500539,1827,0,0,0
20.0802,74628,746510539,1843,0,0,0
20.0902,74629,746520539,1827,0,0,0
20.1001,74630,746530539,1839,0,0,0
20.1103,74631,746540538,1834,0,0,0
20.1201,74632,746550539,1833,0,0,0
20.1301,74633,746560539,1834,0,0,0
20.1401,74634,746570539,1845,0,0,0
20.1501,74635,746580539,1813,0,0,0
20.1601,74636,746590538,1851,0,0,0
20.1702,74637,746600539,1840,0,0,0
20.1847,74638,746610539,1850,0,0,0
20.1901,74639,746620539,1831,0,0,0
20.2026,74640,746630539,1842,0,0,0
20.2104,74641,746640539,1840,0,0,0
20.2202,74642,746650539,1849,0,0,0
20.2323,74643,746660539,1839,0,0,0
20.2435,74644,746670539,1846,0,0,0
20.2579,74645,746680538,1839,0,0,0
20.2601,74646,746690539,1867,0,0,0
20.2708,74647,746700538,1836,0,0,0
20.2802,74648,746710539,1844,0,0,0
20.2903,74649,746720539,1841,0,0,0
20.3002,74650,746730539,1851,0,0,0
20.3101,74651,746740539,1835,0,0,0
20.3201,74652,746750538,1865,0,0,0
20.3301,74653,746760539,1871,0,0,0
20.3403,74654,746770539,1900,0,0,0
20.3540,74655,746780538,1909,0,0,0
20.3602,74656,746790539,1979,0,0,0
20.3777,74657,746800539,1968,0,0,0
20.3828,74658,746810539,1950,0,0,0
20.3901,74659,746820538,1869,0,0,0
20.4036,74660,746830539,1840,0,0,0
20.4101,74661,746840539,1815,0,0,0
20.4202,74662,746850539,1805,0,0,0
20.4303,74663,746860539,1791,0,0,0
20.4402,74664,746870538,1793,0,0,0
20.4502,74665,746880539,1776,0,0,0
20.4603,74666,746890539,1787,0,0,0
20.4702,74667,746900539,1535,0,0,0
20.4801,74668,746910539,1566,0,0,0
20.4932,74669,746920538,2273,0,0,0
20.5002,74670,746930539,3911,0,0,0
20.5114,74671,746940538,2495,0,0,0
20.5202,74672,746950539,1776,0,0,0
20.5303,74673,746960538,1701,0,0,0
20.5402,74674,746970539,1810,0,0,0
20.5503,74675,746980538,1717,0,0,0
20.5602,74676,746990539,1723,0,0,0
20.5711,74677,747000539,1725,0,0,0
20.5802,74678,747010539,1739,0,0,0
20.5901,74679,747020539,1738,0,0,0
20.6001,74680,747030538,1750,0,0,0
20.6113,74681,747040539,1745,0,0,0
20.6201,74682,747050539,1758,0,0,0
20.6301,74683,747060538,1750,0,0,0
20.6403,74684,747070539,1770,0,0,0
20.6502,74685,747080539,1762,0,0,0
20.6601,74686,747090539,1777,0,0,0
20.6713,74687,747100539,1776,0,0,0
20.6821,74688,747110538,1790,0,0,0
20.6918,74689,747120538,1795,0,0,0
20.7002,74690,747130539,1818,0,0,0
20.7106,74691,747140539,1804,0,0,0
20.7202,74692,747150538,1834,0,0,0
20.7301,74693,747160539,1854,0,0,0
20.7401,74694,747170539,1872,0,0,0
20.7502,74695,747180539,1868,0,0,0
20.7602,74696,747190538,1906,0,0,0
20.7702,74697,747200539,1919,0,0,0
20.7802,74698,747210539,1935,0,0,0
20.7902,74699,747220539,1920,0,0,0
20.8002,74700,747230539,1920,0,0,0
20.8101,74701,747240538,1872,0,0,0
20.8201,74702,747250539,1855,0,0,0
20.8306,74703,747260539,1810,0,0,0
20.8401,74704,747270538,1803,0,0,0
20.8502,74705,747280538,1777,0,0,0
20.8601,74706,747290539,1776,0,0,0
20.8702,74707,747300538,1762,0,0,0
20.8801,74708,747310539,1776,0,0,0
20.8901,74709,747320539,1760,0,0,0
20.9002,74710,747330539,1773,0,0,0
20.9101,74711,747340539,1779,0,0,0
20.9200,74712,747350539,1793,0,0,0
20.9301,74713,747360539,1778,0,0,0
20.9402,74714,747370538,1789,0,0,0
20.9501,74715,747380539,1792,0,0,0
20.9601,74716,747390539,1821,0,0,0
20.9701,74717,747400539,1817,0,0,0
20.9801,74718,747410539,1802,0,0,0
20.9902,74719,747420539,1786,0,0,0
21.0016,74720,747430538,1811,0,0,0
21.0102,74721,747440539,1808,0,0,0
21.0201,74722,747450539,1810,0,0,0
21.0326,74723,747460539,1808,0,0,0
21.0402,74724,747470539,1813,0,0,0
21.0502,74725,747480538,1812,0,0,0
21.0601,74726,747490539,1825,0,0,0
21.0701,74727,747500538,1818,0,0,0
21.0802,74728,747510539,1839,0,0,0
21.0903,74729,747520539,1815,0,0,0
21.1002,74730,747530538,1830,0,0,0
21.1100,74731,747540539,1826,0,0,0
21.1202,74732,747550538,1830,0,0,0
21.1302,74733,747560539,1813,0,0,0
21.1401,74734,747570539,1834,0,0,0
21.1501,74735,747580538,1817,0,0,0
21.1601,74736,747590539,1842,0,0,0
21.1700,74737,747600538,1828,0,0,0
21.1803,74738,747610539,1836,0,0,0
21.1901,74739,747620539,1823,0,0,0
21.2001,74740,747630538,1840,0,0,0
21.2100,74741,747640539,1834,0,0,0
21.2206,74742,747650539,1851,0,0,0
21.2301,74743,747660539,1850,0,0,0
21.2409,74744,747670539,1840,0,0,0
21.2500,74745,747680538,1838,0,0,0
21.2601,74746,747690539,1861,0,0,0
21.2701,74747,747700539,1850,0,0,0
21.2801,74748,747710539,1852,0,0,0
21.2902,74749,747720538,1856,0,0,0
21.3001,74750,747730539,1857,0,0,0
21.3101,74751,747740539,1841,0,0,0
21.3202,74752,747750539,1855,0,0,0
21.3301,74753,747760539,1855,0,0,0
21.3402,74754,747770538,1871,0,0,0
21.3502,74755,747780539,1861,0,0,0
21.3600,74756,747790539,1872,0,0,0
21.3700,74757,747800539,1857,0,0,0
21.3801,74758,747810538,1872,0,0,0
21.3901,74759,747820539,1872,0,0,0
21.4002,74760,747830539,1875,0,0,0
21.4101,74761,747840539,1861,0,0,0
21.4202,74762,747850539,1888,0,0,0
21.4302,74763,747860539,1872,0,0,0
21.4401,74764,747870539,1886,0,0,0
21.4501,74765,747880538,1897,0,0,0
21.4603,74766,747890539,1935,0,0,0
21.4700,74767,747900538,1936,0,0,0
21.4800,74768,747910539,1995,0,0,0
21.4902,74769,747920539,2007,0,0,0
21.5001,74770,747930539,2003,0,0,0
21.5101,74771,747940539,1941,0,0,0
21.5201,74772,747950539,1873,0,0,0
21.5303,74773,747960538,1845,0,0,0
21.5401,74774,747970539,1847,0,0,0
21.5501,74775,747980538,1835,0,0,0
21.5601,74776,747990539,1840,0,0,0
21.5701,74777,748000539,1808,0,0,0
21.5803,74778,748010539,1811,0,0,0
21.5901,74779,748020539,1686,0,0,0
21.6001,74780,748030539,1519,0,0,0
21.6101,74781,748040539,1971,0,0,0
21.6202,74782,748050538,3517,0,0,0
21.6301,74783,748060539,2974,0,0,0
21.6402,74784,748070539,1870,0,0,0
21.6501,74785,748080539,1616,0,0,0
21.6602,74786,748090539,1783,0,0,0
21.6701,74787,748100538,1723,0,0,0
21.6801,74788,748110539,1706,0,0,0
21.6902,74789,748120539,1718,0,0,0
21.7000,74790,748130539,1712,0,0,0
21.7101,74791,748140538,1719,0,0,0
21.7201,74792,748150539,1734,0,0,0
21.7301,74793,748160539,1728,0,0,0
21.7410,74794,748170538,1754,0,0,0
21.7501,74795,748180539,1755,0,0,0
21.7602,74796,748190539,1767,0,0,0
21.7701,74797,748200538,1763,0,0,0
21.7803,74798,748210539,1769,0,0,0
21.7902,74799,748220539,1777,0,0,0
21.8003,74800,748230539,1798,0,0,0
21.8101,74801,748240539,1801,0,0,0
21.8201,74802,748250539,1814,0,0,0
21.8302,74803,748260539,1806,0,0,0
21.8402,74804,748270539,1839,0,0,0
21.8501,74805,748280538,1849,0,0,0
21.8602,74806,748290539,1883,0,0,0
21.8701,74807,748300538,1895,0,0,0
21.8801,74808,748310539,1923,0,0,0
21.8901,74809,748320539,1923,0,0,0
21.9000,74810,748330538,1952,0,0,0
21.9100,74811,748340539,1949,0,0,0
21.9202,74812,748350539,1946,0,0,0
21.9300,74813,748360539,1909,0,0,0
21.9400,74814,748370539,1881,0,0,0
21.9501,74815,748380538,1834,0,0,0
21.9600,74816,748390539,1813,0,0,0
21.9702,74817,748400538,1798,0,0,0
21.9802,74818,748410539,1798,0,0,0
21.9900,74819,748420539,1776,0,0,0
22.0000,74820,748430539,1794,0,0,0
22.0100,74821,748440539,1776,0,0,0
22.0201,74822,748450539,1787,0,0,0
22.0301,74823,748460539,1773,0,0,0
22.0404,74824,748470539,1791,0,0,0
22.0503,74825,748480539,1794,0,0,0
22.0602,74826,748490538,1799,0,0,0
22.0702,74827,748500539,1783,0,0,0
22.0800,74828,748510539,1807,0,0,0
22.0902,74829,748520538,1795,0,0,0
22.1001,74830,748530539,1809,0,0,0
22.1101,74831,748540539,1807,0,0,0
22.1201,74832,748550539,1822,0,0,0
22.1302,74833,748560539,1815,0,0,0
22.1401,74834,748570539,1819,0,0,0
22.1501,74835,748580538,1808,0,0,0
22.1602,74836,748590539,1826,0,0,0
22.1701,74837,748600538,1825,0,0,0
22.1802,74838,748610539,1829,0,0,0
22.1902,74839,748620539,1829,0,0,0
22.2002,74840,748630538,1829,0,0,0
22.2103,74841,748640539,1815,0,0,0
22.2201,74842,748650539,1829,0,0,0
22.2302,74843,748660539,1825,0,0,0
22.2408,74844,748670538,1831,0,0,0
22.2504,74845,748680539,1817,0,0,0
22.2601,74846,748690538,1829,0,0,0
22.2702,74847,748700539,1825,0,0,0
22.2804,74848,748710539,1837,0,0,0
22.2901,74849,748720539,1833,0,0,0
22.3001,74850,748730538,1841,0,0,0
22.3102,74851,748740539,1835,0,0,0
22.3201,74852,748750539,1840,0,0,0
22.3302,74853,748760538,1847,0,0,0
22.3403,74854,748770539,1839,0,0,0
22.3501,74855,748780539,1829,0,0,0
22.3612,74856,748790539,1845,0,0,0
22.3701,74857,748800539,1838,0,0,0
22.3801,74858,748810539,1841,0,0,0
22.3901,74859,748820538,1840,0,0,0
22.4001,74860,748830538,1856,0,0,0
22.4101,74861,748840539,1860,0,0,0
22.4201,74862,748850538,1866,0,0,0
22.4301,74863,748860539,1843,0,0,0
22.4400,74864,748870539,1841,0,0,0
22.4500,74865,748880539,1847,0,0,0
22.4601,74866,748890538,1862,0,0,0
22.4700,74867,748900539,1855,0,0,0
22.4801,74868,748910539,1862,0,0,0
22.4902,74869,748920538,1856,0,0,0
22.5002,74870,748930539,1856,0,0,0
22.5102,74871,748940539,1849,0,0,0
22.5201,74872,748950539,1858,0,0,0
22.5301,74873,748960538,1859,0,0,0
22.5402,74874,748970539,1875,0,0,0
22.5501,74875,748980539,1867,0,0,0
22.5601,74876,748990538,1870,0,0,0
22.5701,74877,749000539,1867,0,0,0
22.5805,74878,749010539,1891,0,0,0
22.5901,74879,749020539,1870,0,0,0
22.6001,74880,749030539,1878,0,0,0
22.6102,74881,749040539,1895,0,0,0
22.6202,74882,749050539,1923,0,0,0
22.6302,74883,749060538,1926,0,0,0
22.6402,74884,749070539,2007,0,0,0
22.6501,74885,749080539,2021,0,0,0
22.6602,74886,749090539,2001,0,0,0
22.6701,74887,749100538,1935,0,0,0
22.6801,74888,749110539,1887,0,0,0
22.6901,74889,749120539,1867,0,0,0
22.7001,74890,749130539,1863,0,0,0
22.7101,74891,749140539,1823,0,0,0
22.7202,74892,749150538,1818,0,0,0
22.7302,74893,749160538,1829,0,0,0
22.7401,74894,749170539,1842,0,0,0
22.7501,74895,749180539,1645,0,0,0
22.7602,74896,749190539,1535,0,0,0
22.7702,74897,749200539,2130,0,0,0
22.7801,74898,749210538,3792,0,0,0
22.7902,74899,749220539,2728,0,0,0
22.8002,74900,749230539,1867,0,0,0
22.8102,74901,749240539,1744,0,0,0
22.8201,74902,749250538,1862,0,0,0
22.8301,74903,749260539,1794,0,0,0
22.8402,74904,749270539,1776,0,0,0
22.8502,74905,749280539,1779,0,0,0
22.8601,74906,749290539,1795,0,0,0
22.8701,74907,749300539,1802,0,0,0
22.8802,74908,749310539,1823,0,0,0
22.8903,74909,749320539,1823,0,0,0
22.9002,74910,749330539,1835,0,0,0
22.9102,74911,749340538,1835,0,0,0
22.9202,74912,749350539,1839,0,0,0
22.9302,74913,749360539,1849,0,0,0
22.9402,74914,749370538,1854,0,0,0
22.9502,74915,749380539,1861,0,0,0
22.9602,74916,749390539,1872,0,0,0
22.9709,74917,749400539,1861,0,0,0
22.9814,74918,749410539,1879,0,0,0
22.9904,74919,749420539,1871,0,0,0
23.0001,74920,749430539,1893,0,0,0
23.0102,74921,749440539,1887,0,0,0
23.0201,74922,749450539,1927,0,0,0
23.0301,74923,749460539,1931,0,0,0
23.0401,74924,749470538,1950,0,0,0
23.0501,74925,749480539,1954,0,0,0
23.0602,74926,749490539,1972,0,0,0
23.0702,74927,749500539,1967,0,0,0
23.0801,74928,749510538,1957,0,0,0
23.0901,74929,749520539,1914,0,0,0
23.1001,74930,749530539,1898,0,0,0
23.1101,74931,749540539,1850,0,0,0
23.1201,74932,749550539,1826,0,0,0
23.1301,74933,749560539,1797,0,0,0
23.1401,74934,749570538,1795,0,0,0
23.1502,74935,749580539,1779,0,0,0
23.1601,74936,749590539,1781,0,0,0
23.1701,74937,749600539,1771,0,0,0
23.1802,74938,749610538,1779,0,0,0
23.1901,74939,749620538,1782,0,0,0
23.2001,74940,749630539,1787,0,0,0
23.2102,74941,749640539,1776,0,0,0
23.2208,74942,749650539,1775,0,0,0
23.2302,74943,749660539,1771,0,0,0
23.2401,74944,749670539,1778,0,0,0
23.2501,74945,749680539,1773,0,0,0
23.2601,74946,749690539,1787,0,0,0
23.2702,74947,749700538,1780,0,0,0
23.2801,74948,749710539,1790,0,0,0
23.2902,74949,749720539,1780,0,0,0
23.3002,74950,749730539,1795,0,0,0
23.3102,74951,749740539,1773,0,0,0
23.3202,74952,749750538,1784,0,0,0
23.3302,74953,749760539,1776,0,0,0
23.3403,74954,749770539,1786,0,0,0
23.3505,74955,749780539,1776,0,0,0
23.3602,74956,749790538,1786,0,0,0
23.3704,74957,749800539,1767,0,0,0
23.3805,74958,749810539,1779,0,0,0
23.3904,74959,749820538,1776,0,0,0
23.4003,74960,749830539,1776,0,0,0
23.4105,74961,749840539,1772,0,0,0
23.4201,74962,749850539,1779,0,0,0
23.4301,74963,749860539,1769,0,0,0
23.4414,74964,749870539,1776,0,0,0
23.4501,74965,749880538,1767,0,0,0
23.4600,74966,749890539,1785,0,0,0
23.4701,74967,749900538,1773,0,0,0
23.4800,74968,749910539,1783,0,0,0
23.4900,74969,749920539,1776,0,0,0
23.5000,74970,749930539,1791,0,0,0
23.5101,74971,749940539,1775,0,0,0
23.5201,74972,749950539,1790,0,0,0
23.5305,74973,749960539,1792,0,0,0
23.5400,74974,749970539,1808,0,0,0
23.5502,74975,749980538,1786,0,0,0
23.5601,74976,749990539,1808,0,0,0
23.5701,74977,750000539,1797,0,0,0
23.5802,74978,750010539,1819,0,0,0
23.5901,74979,750020539,1806,0,0,0
23.6001,74980,750030539,1809,0,0,0
23.6102,74981,750040538,1809,0,0,0
23.6201,74982,750050539,1818,0,0,0
23.6301,74983,750060539,1810,0,0,0
23.6403,74984,750070539,1824,0,0,0
23.6501,74985,750080539,1823,0,0,0
23.6601,74986,750090539,1843,0,0,0
23.6702,74987,750100539,1840,0,0,0
23.6802,74988,750110539,1845,0,0,0
23.6902,74989,750120539,1831,0,0,0
23.7003,74990,750130539,1840,0,0,0
23.7102,74991,750140538,1839,0,0,0
23.7201,74992,750150539,1850,0,0,0
23.7301,74993,750160539,1840,0,0,0
23.7401,74994,750170539,1869,0,0,0
23.7500,74995,750180539,1873,0,0,0
23.7601,74996,750190538,1905,0,0,0
23.7700,74997,750200539,1918,0,0,0
23.7801,74998,750210539,1991,0,0,0
23.7903,74999,750220538,2000,0,0,0
23.8001,75000,750230539,1982,0,0,0
23.8101,75001,750240538,1919,0,0,0
23.8202,75002,750250539,1873,0,0,0
23.8302,75003,750260538,1829,0,0,0
23.8401,75004,750270539,1840,0,0,0
23.8502,75005,750280539,1829,0,0,0
23.8602,75006,750290538,1830,0,0,0
23.8702,75007,750300539,1818,0,0,0
23.8803,75008,750310539,1811,0,0,0
23.8903,75009,750320539,1535,0,0,0
23.9003,75010,750330538,1610,0,0,0
23.9102,75011,750340539,2406,0,0,0
23.9203,75012,750350539,4023,0,0,0
23.9303,75013,750360539,2450,0,0,0
23.9403,75014,750370539,1661,0,0,0
23.9505,75015,750380539,1744,0,0,0
23.9600,75016,750390539,1819,0,0,0
23.9702,75017,750400539,1725,0,0,0
23.9813,75018,750410539,1744,0,0,0
23.9901,75019,750420538,1739,0,0,0
24.0001,75020,750430539,1754,0,0,0
24.0100,75021,750440539,1763,0,0,0
24.0200,75022,750450538,1767,0,0,0
24.0301,75023,750460539,1776,0,0,0
24.0402,75024,750470539,1787,0,0,0
24.0501,75025,750480539,1781,0,0,0
24.0602,75026,750490539,1794,0,0,0
24.0701,75027,750500539,1791,0,0,0
24.0800,75028,750510539,1809,0,0,0
24.0901,75029,750520538,1801,0,0,0
24.1002,75030,750530539,1829,0,0,0
24.1102,75031,750540539,1816,0,0,0
24.1203,75032,750550538,1825,0,0,0
24.1303,75033,750560538,1839,0,0,0
24.1402,75034,750570539,1852,0,0,0
24.1503,75035,750580538,1862,0,0,0
24.1601,75036,750590539,1892,0,0,0
24.1700,75037,750600539,1909,0,0,0
24.1806,75038,750610539,1936,0,0,0
24.1901,75039,750620539,1944,0,0,0
24.2004,75040,750630539,1958,0,0,0
24.2105,75041,750640538,1949,0,0,0
24.2200,75042,750650539,1936,0,0,0
24.2303,75043,750660539,1904,0,0,0
24.2401,75044,750670539,1881,0,0,0
24.2500,75045,750680539,1841,0,0,0
24.2601,75046,750690539,1819,0,0,0
24.2702,75047,750700539,1801,0,0,0
24.2801,75048,750710539,1802,0,0,0
24.2903,75049,750720538,1777,0,0,0
24.3006,75050,750730539,1794,0,0,0
24.3102,75051,750740538,1788,0,0,0
24.3202,75052,750750539,1805,0,0,0
24.3303,75053,750760539,1790,0,0,0
24.3402,75054,750770539,1799,0,0,0
24.3503,75055,750780539,1810,0,0,0
24.3603,75056,750790539,1818,0,0,0
24.3702,75057,750800539,1811,0,0,0
24.3805,75058,750810539,1807,0,0,0
24.3906,75059,750820539,1808,0,0,0
24.4004,75060,750830539,1828,0,0,0
24.4105,75061,750840539,1813,0,0,0
24.4200,75062,750850538,1822,0,0,0
24.4305,75063,750860539,1809,0,0,0
24.4401,75064,750870539,1840,0,0,0
24.4506,75065,750880539,1829,0,0,0
24.4605,75066,750890539,1846,0,0,0
24.4700,75067,750900538,1825,0,0,0
24.4808,75068,750910539,1825,0,0,0
24.4924,75069,750920539,1823,0,0,0
24.5003,75070,750930539,1839,0,0,0
24.5106,75071,750940539,1821,0,0,0
24.5201,75072,750950539,1846,0,0,0
24.5301,75073,750960539,1837,0,0,0
24.5412,75074,750970539,1845,0,0,0
24.5503,75075,750980539,1856,0,0,0
24.5601,75076,750990538,1857,0,0,0
24.5702,75077,751000539,1840,0,0,0
24.5801,75078,751010539,1843,0,0,0
24.5901,75079,751020539,1834,0,0,0
24.6001,75080,751030539,1823,0,0,0
24.6103,75081,751040538,1840,0,0,0
24.6201,75082,751050539,1840,0,0,0
24.6302,75083,751060539,1847,0,0,0
24.6401,75084,751070539,1836,0,0,0
24.6502,75085,751080539,1842,0,0,0
24.6602,75086,751090539,1847,0,0,0
24.6702,75087,751100539,1847,0,0,0
24.6802,75088,751110539,1862,0,0,0
24.6903,75089,751120539,1851,0,0,0
24.7002,75090,751130539,1861,0,0,0
24.7104,75091,751140539,1854,0,0,0
24.7201,75092,751150539,1888,0,0,0
24.7304,75093,751160539,1851,0,0,0
24.7401,75094,751170538,1863,0,0,0
24.7503,75095,751180539,1871,0,0,0
24.7600,75096,751190539,1867,0,0,0
24.7701,75097,751200538,1850,0,0,0
24.7803,75098,751210539,1879,0,0,0
24.7902,75099,751220539,1870,0,0,0
24.8001,75100,751230539,1872,0,0,0
24.8102,75101,751240539,1868,0,0,0
24.8201,75102,751250538,1899,0,0,0
24.8302,75103,751260539,1875,0,0,0
24.8400,75104,751270539,1883,0,0,0
24.8501,75105,751280538,1890,0,0,0
24.8600,75106,751290539,1885,0,0,0
24.8701,75107,751300539,1872,0,0,0
24.8805,75108,751310538,1909,0,0,0
24.8906,75109,751320538,1904,0,0,0
24.9006,75110,751330539,1927,0,0,0
24.9105,75111,751340539,1937,0,0,0
24.9202,75112,751350539,1982,0,0,0
24.9307,75113,751360538,2022,0,0,0
24.9406,75114,751370539,2058,0,0,0
24.9506,75115,751380538,1997,0,0,0
24.9602,75116,751390539,1918,0,0,0
24.9701,75117,751400539,1883,0,0,0
24.9803,75118,751410539,1901,0,0,0
24.9911,75119,751420539,1872,0,0,0
25.0001,75120,751430539,1866,0,0,0
25.0101,75121,751440539,1842,0,0,0
25.0202,75122,751450539,1856,0,0,0
25.0303,75123,751460539,1797,0,0,0
25.0403,75124,751470539,1535,0,0,0
25.0516,75125,751480538,1778,0,0,0
25.0601,75126,751490539,2847,0,0,0
25.0703,75127,751500539,3526,0,0,0
25.0801,75128,751510539,2119,0,0,0
25.0902,75129,751520539,1802,0,0,0
25.1002,75130,751530538,1818,0,0,0
25.1101,75131,751540538,1859,0,0,0
25.1202,75132,751550539,1791,0,0,0
25.1306,75133,751560539,1781,0,0,0
25.1403,75134,751570538,1808,0,0,0
25.1501,75135,751580538,1786,0,0,0
25.1603,75136,751590539,1812,0,0,0
25.1703,75137,751600539,1804,0,0,0
25.1803,75138,751610538,1807,0,0,0
25.1904,75139,751620539,1828,0,0,0
25.2003,75140,751630539,1822,0,0,0
25.2107,75141,751640539,1810,0,0,0
25.2201,75142,751650539,1839,0,0,0
25.2302,75143,751660539,1845,0,0,0
25.2401,75144,751670539,1829,0,0,0
25.2501,75145,751680539,1840,0,0,0
25.2601,75146,751690539,1847,0,0,0
25.2701,75147,751700538,1853,0,0,0
25.2803,75148,751710538,1865,0,0,0
25.2903,75149,751720538,1885,0,0,0
25.3003,75150,751730539,1908,0,0,0
25.3102,75151,751740539,1903,0,0,0
25.3203,75152,751750539,1941,0,0,0
25.3304,75153,751760539,1957,0,0,0
25.3403,75154,751770538,1958,0,0,0
25.3502,75155,751780539,1973,0,0,0
25.3607,75156,751790539,1966,0,0,0
25.3703,75157,751800539,1934,0,0,0
25.3806,75158,751810539,1911,0,0,0
25.3905,75159,751820538,1873,0,0,0
25.4000,75160,751830539,1853,0,0,0
25.4101,75161,751840539,1811,0,0,0
25.4201,75162,751850538,1808,0,0,0
25.4303,75163,751860539,1804,0,0,0
25.4401,75164,751870539,1808,0,0,0
25.4505,75165,751880539,1780,0,0,0
25.4613,75166,751890538,1781,0,0,0
25.4702,75167,751900539,1783,0,0,0
25.4813,75168,751910539,1797,0,0,0
25.4901,75169,751920538,1790,0,0,0
25.5006,75170,751930539,1814,0,0,0
25.5102,75171,751940539,1806,0,0,0
25.5215,75172,751950539,1808,0,0,0
25.5303,75173,751960539,1799,0,0,0
25.5402,75174,751970539,1809,0,0,0
25.5500,75175,751980539,1815,0,0,0
25.5612,75176,751990539,1828,0,0,0
25.5702,75177,752000539,1828,0,0,0
25.5801,75178,752010539,1827,0,0,0
25.5902,75179,752020539,1815,0,0,0
25.6002,75180,752030538,1837,0,0,0
25.6102,75181,752040539,1825,0,0,0
25.6201,75182,752050539,1829,0,0,0
25.6302,75183,752060539,1821,0,0,0
25.6400,75184,752070538,1819,0,0,0
25.6501,75185,752080539,1826,0,0,0
25.6602,75186,752090539,1819,0,0,0
25.6702,75187,752100538,1815,0,0,0
25.6802,75188,752110539,1823,0,0,0
25.6903,75189,752120538,1813,0,0,0
25.7002,75190,752130539,1834,0,0,0
25.7103,75191,752140539,1809,0,0,0
25.7203,75192,752150538,1821,0,0,0
25.7303,75193,752160539,1808,0,0,0
25.7401,75194,752170539,1822,0,0,0
25.7502,75195,752180538,1820,0,0,0
25.7606,75196,752190539,1833,0,0,0
25.7700,75197,752200539,1822,0,0,0
25.7801,75198,752210539,1831,0,0,0
25.7902,75199,752220539,1818,0,0,0
25.8005,75200,752230539,1830,0,0,0
25.8101,75201,752240539,1827,0,0,0
25.8201,75202,752250539,1835,0,0,0
25.8302,75203,752260539,1828,0,0,0
25.8402,75204,752270539,1831,0,0,0
25.8500,75205,752280538,1834,0,0,0
25.8601,75206,752290539,1831,0,0,0
25.8701,75207,752300539,1833,0,0,0
25.8802,75208,752310539,1825,0,0,0
25.8902,75209,752320539,1826,0,0,0
25.9003,75210,752330539,1829,0,0,0
25.9103,75211,752340539,1827,0,0,0
25.9201,75212,752350538,1837,0,0,0
25.9304,75213,752360539,1841,0,0,0
25.9405,75214,752370539,1840,0,0,0
25.9507,75215,752380539,1835,0,0,0
25.9602,75216,752390538,1829,0,0,0
25.9702,75217,752400538,1834,0,0,0
25.9801,75218,752410539,1841,0,0,0
25.9907,75219,752420539,1855,0,0,0
26.0002,75220,752430539,1840,0,0,0
26.0103,75221,752440539,1855,0,0,0
26.0203,75222,752450539,1881,0,0,0
26.0301,75223,752460539,1902,0,0,0
26.0402,75224,752470539,1941,0,0,0
26.0502,75225,752480539,1983,0,0,0
26.0602,75226,752490539,1983,0,0,0
26.0701,75227,752500538,1962,0,0,0
26.0801,75228,752510539,1867,0,0,0
26.0901,75229,752520539,1823,0,0,0
26.1003,75230,752530539,1815,0,0,0
26.1102,75231,752540539,1805,0,0,0
26.1201,75232,752550539,1806,0,0,0
26.1304,75233,752560538,1779,0,0,0
26.1402,75234,752570539,1791,0,0,0
26.1502,75235,752580539,1731,0,0,0
26.1602,75236,752590539,1475,0,0,0
26.1703,75237,752600539,1734,0,0,0
26.1800,75238,752610538,2901,0,0,0
26.1900,75239,752620538,3470,0,0,0
26.2001,75240,752630539,2112,0,0,0
26.2100,75241,752640539,1607,0,0,0
26.2201,75242,752650539,1791,0,0,0
26.2300,75243,752660538,1756,0,0,0
26.2400,75244,752670539,1703,0,0,0
26.2505,75245,752680539,1724,0,0,0
26.2601,75246,752690539,1733,0,0,0
26.2701,75247,752700539,1739,0,0,0
26.2803,75248,752710539,1744,0,0,0
26.2904,75249,752720539,1758,0,0,0
26.3002,75250,752730538,1765,0,0,0
26.3102,75251,752740539,1762,0,0,0
26.3202,75252,752750539,1776,0,0,0
26.3303,75253,752760539,1776,0,0,0
26.3403,75254,752770539,1795,0,0,0
26.3504,75255,752780539,1782,0,0,0
26.3601,75256,752790539,1795,0,0,0
26.3703,75257,752800538,1806,0,0,0
26.3802,75258,752810539,1809,0,0,0
26.3904,75259,752820539,1813,0,0,0
26.4003,75260,752830539,1839,0,0,0
26.4105,75261,752840538,1839,0,0,0
26.4200,75262,752850539,1856,0,0,0
26.4302,75263,752860539,1883,0,0,0
26.4400,75264,752870538,1901,0,0,0
26.4502,75265,752880539,1903,0,0,0
26.4602,75266,752890539,1925,0,0,0
26.4700,75267,752900539,1934,0,0,0
26.4802,75268,752910538,1921,0,0,0
26.4900,75269,752920539,1894,0,0,0
26.5001,75270,752930539,1872,0,0,0
26.5102,75271,752940538,1846,0,0,0
26.5202,75272,752950539,1810,0,0,0
26.5302,75273,752960538,1792,0,0,0
26.5401,75274,752970539,1789,0,0,0
26.5501,75275,752980539,1779,0,0,0
26.5601,75276,752990539,1778,0,0,0
26.5702,75277,753000539,1789,0,0,0
26.5802,75278,753010538,1791,0,0,0
26.5902,75279,753020539,1791,0,0,0
26.6001,75280,753030539,1795,0,0,0
26.6101,75281,753040539,1795,0,0,0
26.6202,75282,753050538,1809,0,0,0
26.6303,75283,753060539,1808,0,0,0
26.6402,75284,753070538,1814,0,0,0
26.6502,75285,753080539,1821,0,0,0
26.6604,75286,753090538,1825,0,0,0
26.6703,75287,753100539,1818,0,0,0
26.6801,75288,753110539,1825,0,0,0
26.6903,75289,753120538,1831,0,0,0
26.7005,75290,753130539,1830,0,0,0
26.7102,75291,753140539,1826,0,0,0
26.7203,75292,753150538,1835,0,0,0
26.7310,75293,753160539,1833,0,0,0
26.7407,75294,753170539,1839,0,0,0
26.7500,75295,753180539,1843,0,0,0
26.7600,75296,753190539,1839,0,0,0
26.7700,75297,753200538,1840,0,0,0
26.7802,75298,753210539,1842,0,0,0
26.7900,75299,753220539,1840,0,0,0
26.8001,75300,753230539,1849,0,0,0
26.8101,75301,753240539,1837,0,0,0
26.8201,75302,753250539,1854,0,0,0
26.8301,75303,753260539,1844,0,0,0
26.8401,75304,753270539,1855,0,0,0
26.8501,75305,753280539,1853,0,0,0
26.8602,75306,753290539,1855,0,0,0
26.8703,75307,753300539,1863,0,0,0
26.8802,75308,753310539,1859,0,0,0
26.8902,75309,753320539,1846,0,0,0
26.9007,75310,753330539,1857,0,0,0
26.9103,75311,753340539,1859,0,0,0
26.9202,75312,753350539,1862,0,0,0
26.9307,75313,753360538,1866,0,0,0
26.9405,75314,753370539,1868,0,0,0
26.9505,75315,753380539,1869,0,0,0
26.9605,75316,753390539,1873,0,0,0
26.9706,75317,753400538,1866,0,0,0
26.9801,75318,753410539,1872,0,0,0
26.9912,75319,753420539,1870,0,0,0
27.0002,75320,753430539,1872,0,0,0
27.0102,75321,753440538,1867,0,0,0
27.0200,75322,753450539,1872,0,0,0
27.0301,75323,753460539,1873,0,0,0
27.0401,75324,753470539,1872,0,0,0
27.0501,75325,753480539,1871,0,0,0
27.0600,75326,753490539,1873,0,0,0
27.0701,75327,753500539,1874,0,0,0
27.0801,75328,753510538,1879,0,0,0
27.0901,75329,753520539,1877,0,0,0
27.1001,75330,753530539,1878,0,0,0
27.1102,75331,753540539,1872,0,0,0
27.1202,75332,753550539,1891,0,0,0
27.1302,75333,753560538,1883,0,0,0
27.1403,75334,753570539,1886,0,0,0
27.1503,75335,753580539,1882,0,0,0
27.1602,75336,753590538,1893,0,0,0
27.1702,75337,753600539,1879,0,0,0
27.1801,75338,753610539,1888,0,0,0
27.1904,75339,753620539,1904,0,0,0
27.2000,75340,753630538,1921,0,0,0
27.2102,75341,753640539,1942,0,0,0
27.2208,75342,753650539,1984,0,0,0
27.2302,75343,753660538,2034,0,0,0
27.2400,75344,753670539,2021,0,0,0
27.2501,75345,753680539,1980,0,0,0
27.2602,75346,753690539,1903,0,0,0
27.2702,75347,753700539,1877,0,0,0
27.2802,75348,753710539,1872,0,0,0
27.2903,75349,753720539,1854,0,0,0
27.3001,75350,753730538,1845,0,0,0
27.3101,75351,753740539,1835,0,0,0
27.3201,75352,753750538,1834,0,0,0
27.3302,75353,753760539,1727,0,0,0
27.3403,75354,753770539,1494,0,0,0
27.3502,75355,753780539,1891,0,0,0
27.3602,75356,753790538,3357,0,0,0
27.3703,75357,753800539,3209,0,0,0
27.3803,75358,753810539,1964,0,0,0
27.3902,75359,753820539,1640,0,0,0
27.4003,75360,753830539,1846,0,0,0
27.4104,75361,753840539,1781,0,0,0
27.4211,75362,753850539,1747,0,0,0
27.4305,75363,753860538,1764,0,0,0
27.4401,75364,753870539,1773,0,0,0
27.4504,75365,753880539,1775,0,0,0
27.4607,75366,753890538,1790,0,0,0
27.4701,75367,753900539,1805,0,0,0
27.4802,75368,753910539,1802,0,0,0
27.4911,75369,753920539,1808,0,0,0
27.5001,75370,753930538,1808,0,0,0
27.5102,75371,753940539,1815,0,0,0
27.5202,75372,753950539,1829,0,0,0
27.5302,75373,753960539,1829,0,0,0
27.5411,75374,753970539,1831,0,0,0
27.5512,75375,753980539,1829,0,0,0
27.5603,75376,753990538,1841,0,0,0
27.5701,75377,754000539,1855,0,0,0
27.5802,75378,754010538,1872,0,0,0
27.5900,75379,754020539,1885,0,0,0
27.6001,75380,754030539,1904,0,0,0
27.6103,75381,754040538,1914,0,0,0
27.6200,75382,754050539,1945,0,0,0
27.6301,75383,754060538,1962,0,0,0
27.6403,75384,754070539,1965,0,0,0
27.6502,75385,754080539,1968,0,0,0
27.6602,75386,754090539,1967,0,0,0
27.6704,75387,754100538,1923,0,0,0
27.6800,75388,754110539,1901,0,0,0
27.6901,75389,754120539,1867,0,0,0
27.7001,75390,754130539,1841,0,0,0
27.7101,75391,754140539,1824,0,0,0
27.7202,75392,754150539,1807,0,0,0
27.7302,75393,754160539,1797,0,0,0
27.7413,75394,754170539,1805,0,0,0
27.7501,75395,754180538,1806,0,0,0
27.7615,75396,754190539,1800,0,0,0
27.7703,75397,754200538,1791,0,0,0
27.7803,75398,754210539,1797,0,0,0
27.7901,75399,754220539,1807,0,0,0
27.8002,75400,754230538,1813,0,0,0
27.8101,75401,754240539,1810,0,0,0
27.8201,75402,754250539,1814,0,0,0
27.8301,75403,754260539,1827,0,0,0
27.8402,75404,754270539,1821,0,0,0
27.8503,75405,754280539,1830,0,0,0
27.8602,75406,754290539,1831,0,0,0
27.8703,75407,754300538,1830,0,0,0
27.8806,75408,754310539,1840,0,0,0
27.8906,75409,754320539,1841,0,0,0
27.9006,75410,754330539,1843,0,0,0
27.9107,75411,754340539,1840,0,0,0
27.9202,75412,754350539,1856,0,0,0
27.9305,75413,754360539,1855,0,0,0
27.9401,75414,754370539,1855,0,0,0
27.9504,75415,754380539,1857,0,0,0
27.9601,75416,754390538,1846,0,0,0
27.9705,75417,754400539,1856,0,0,0
27.9805,75418,754410539,1857,0,0,0
27.9907,75419,754420539,1849,0,0,0
28.0001,75420,754430539,1852,0,0,0
28.0100,75421,754440539,1847,0,0,0
28.0201,75422,754450539,1863,0,0,0
28.0304,75423,754460538,1857,0,0,0
28.0401,75424,754470539,1865,0,0,0
28.0501,75425,754480539,1857,0,0,0
28.0601,75426,754490539,1859,0,0,0
28.0701,75427,754500539,1846,0,0,0
28.0800,75428,754510539,1865,0,0,0
28.0901,75429,754520539,1863,0,0,0
28.1001,75430,754530539,1856,0,0,0
28.1101,75431,754540539,1863,0,0,0
28.1202,75432,754550539,1853,0,0,0
28.1300,75433,754560539,1867,0,0,0
28.1402,75434,754570538,1869,0,0,0
28.1502,75435,754580538,1855,0,0,0
28.1601,75436,754590539,1853,0,0,0
28.1701,75437,754600539,1858,0,0,0
28.1802,75438,754610539,1849,0,0,0
28.1905,75439,754620539,1853,0,0,0
28.2001,75440,754630538,1858,0,0,0
28.2103,75441,754640539,1867,0,0,0
28.2201,75442,754650539,1875,0,0,0
28.2301,75443,754660539,1862,0,0,0
28.2425,75444,754670539,1872,0,0,0
28.2501,75445,754680538,1870,0,0,0
28.2603,75446,754690539,1869,0,0,0
28.2713,75447,754700539,1870,0,0,0
28.2802,75448,754710539,1872,0,0,0
28.2902,75449,754720539,1887,0,0,0
28.3001,75450,754730539,1886,0,0,0
28.3101,75451,754740539,1870,0,0,0
28.3201,75452,754750539,1889,0,0,0
28.3302,75453,754760539,1909,0,0,0
28.3403,75454,754770538,1925,0,0,0
28.3502,75455,754780539,1936,0,0,0
28.3608,75456,754790539,2007,0,0,0
28.3701,75457,754800539,2017,0,0,0
28.3802,75458,754810539,1996,0,0,0
28.3903,75459,754820539,1936,0,0,0
28.4002,75460,754830539,1872,0,0,0
28.4100,75461,754840539,1855,0,0,0
28.4202,75462,754850539,1846,0,0,0
28.4301,75463,754860539,1829,0,0,0
28.4401,75464,754870538,1833,0,0,0
28.4502,75465,754880538,1825,0,0,0
28.4602,75466,754890539,1808,0,0,0
28.4701,75467,754900539,1602,0,0,0
28.4803,75468,754910539,1502,0,0,0
28.4922,75469,754920538,2135,0,0,0
28.5012,75470,754930539,3776,0,0,0
28.5102,75471,754940539,2672,0,0,0
28.5203,75472,754950539,1845,0,0,0
28.5310,75473,754960538,1715,0,0,0
28.5402,75474,754970539,1808,0,0,0
28.5500,75475,754980539,1776,0,0,0
28.5601,75476,754990539,1742,0,0,0
28.5701,75477,755000539,1746,0,0,0
28.5801,75478,755010539,1753,0,0,0
28.5902,75479,755020539,1776,0,0,0
28.6001,75480,755030539,1785,0,0,0
28.6101,75481,755040538,1780,0,0,0
28.6202,75482,755050539,1778,0,0,0
28.6303,75483,755060539,1795,0,0,0
28.6402,75484,755070538,1812,0,0,0
28.6503,75485,755080538,1820,0,0,0
28.6603,75486,755090539,1811,0,0,0
28.6702,75487,755100539,1816,0,0,0
28.6803,75488,755110539,1810,0,0,0
28.6903,75489,755120538,1829,0,0,0
28.7003,75490,755130539,1849,0,0,0
28.7106,75491,755140539,1840,0,0,0
28.7200,75492,755150539,1859,0,0,0
28.7301,75493,755160538,1873,0,0,0
28.7402,75494,755170539,1903,0,0,0
28.7501,75495,755180539,1913,0,0,0
28.7615,75496,755190539,1935,0,0,0
28.7703,75497,755200538,1955,0,0,0
28.7803,75498,755210539,1959,0,0,0
28.7902,75499,755220539,1969,0,0,0
28.8027,75500,755230539,1952,0,0,0
28.8102,75501,755240538,1919,0,0,0
28.8203,75502,755250539,1887,0,0,0
28.8301,75503,755260539,1855,0,0,0
28.8400,75504,755270539,1840,0,0,0
28.8501,75505,755280539,1813,0,0,0
28.8603,75506,755290539,1801,0,0,0
28.8702,75507,755300539,1807,0,0,0
28.8801,75508,755310538,1787,0,0,0
28.8902,75509,755320539,1790,0,0,0
28.9002,75510,755330539,1789,0,0,0
28.9102,75511,755340538,1792,0,0,0
28.9203,75512,755350539,1786,0,0,0
28.9302,75513,755360539,1782,0,0,0
28.9403,75514,755370538,1790,0,0,0
28.9504,75515,755380539,1792,0,0,0
28.9602,75516,755390539,1795,0,0,0
28.9702,75517,755400539,1801,0,0,0
28.9810,75518,755410539,1803,0,0,0
28.9902,75519,755420539,1807,0,0,0
29.0002,75520,755430538,1806,0,0,0
29.0103,75521,755440539,1803,0,0,0
29.0203,75522,755450539,1808,0,0,0
29.0301,75523,755460539,1811,0,0,0
29.0402,75524,755470539,1814,0,0,0
29.0501,75525,755480539,1813,0,0,0
29.0602,75526,755490539,1817,0,0,0
29.0701,75527,755500539,1810,0,0,0
29.0802,75528,755510539,1807,0,0,0
29.0902,75529,755520539,1809,0,0,0
29.1003,75530,755530539,1815,0,0,0
29.1103,75531,755540539,1809,0,0,0
29.1202,75532,755550539,1815,0,0,0
29.1304,75533,755560539,1818,0,0,0
29.1403,75534,755570539,1814,0,0,0
29.1503,75535,755580538,1827,0,0,0
29.1603,75536,755590539,1821,0,0,0
29.1702,75537,755600538,1827,0,0,0
29.1802,75538,755610539,1817,0,0,0
29.1904,75539,755620539,1820,0,0,0
29.2002,75540,755630538,1825,0,0,0
29.2104,75541,755640539,1842,0,0,0
29.2205,75542,755650539,1840,0,0,0
29.2314,75543,755660539,1849,0,0,0
29.2402,75544,755670539,1843,0,0,0
29.2505,75545,755680538,1851,0,0,0
29.2601,75546,755690539,1845,0,0,0
29.2717,75547,755700539,1847,0,0,0
29.2818,75548,755710539,1845,0,0,0
29.2917,75549,755720539,1851,0,0,0
29.3002,75550,755730539,1848,0,0,0
29.3101,75551,755740539,1853,0,0,0
29.3201,75552,755750538,1856,0,0,0
29.3301,75553,755760539,1860,0,0,0
29.3402,75554,755770539,1845,0,0,0
29.3500,75555,755780539,1855,0,0,0
29.3602,75556,755790538,1865,0,0,0
29.3704,75557,755800538,1861,0,0,0
29.3802,75558,755810539,1858,0,0,0
29.3902,75559,755820539,1862,0,0,0
29.4003,75560,755830539,1855,0,0,0
29.4103,75561,755840538,1855,0,0,0
29.4203,75562,755850539,1862,0,0,0
29.4304,75563,755860539,1872,0,0,0
29.4402,75564,755870538,1879,0,0,0
29.4505,75565,755880539,1904,0,0,0
29.4607,75566,755890539,1954,0,0,0
29.4703,75567,755900539,1996,0,0,0
29.4806,75568,755910539,1988,0,0,0
29.4902,75569,755920539,1956,0,0,0
29.5001,75570,755930538,1853,0,0,0
29.5103,75571,755940539,1831,0,0,0
29.5206,75572,755950539,1822,0,0,0
29.5303,75573,755960539,1818,0,0,0
29.5403,75574,755970539,1795,0,0,0
29.5503,75575,755980539,1776,0,0,0
29.5610,75576,755990539,1779,0,0,0
29.5703,75577,756000538,1685,0,0,0
29.5802,75578,756010539,1448,0,0,0
29.5901,75579,756020538,1840,0,0,0
29.6001,75580,756030539,3215,0,0,0
29.6101,75581,756040538,3193,0,0,0
29.6201,75582,756050539,1970,0,0,0
29.6302,75583,756060538,1613,0,0,0
29.6402,75584,756070539,1779,0,0,0
29.6502,75585,756080538,1742,0,0,0
29.6603,75586,756090539,1695,0,0,0
29.6702,75587,756100539,1706,0,0,0
29.6802,75588,756110539,1712,0,0,0
29.6906,75589,756120539,1725,0,0,0
29.7003,75590,756130539,1738,0,0,0
29.7105,75591,756140538,1744,0,0,0
29.7202,75592,756150539,1757,0,0,0
29.7302,75593,756160539,1761,0,0,0
29.7403,75594,756170539,1755,0,0,0
29.7503,75595,756180539,1764,0,0,0
29.7601,75596,756190539,1775,0,0,0
29.7701,75597,756200539,1776,0,0,0
29.7801,75598,756210538,1787,0,0,0
29.7901,75599,756220539,1792,0,0,0
29.8000,75600,756230539,1803,0,0,0
29.8102,75601,756240538,1813,0,0,0
29.8201,75602,756250539,1833,0,0,0
29.8302,75603,756260539,1845,0,0,0
29.8407,75604,756270539,1879,0,0,0
29.8502,75605,756280539,1891,0,0,0
29.8605,75606,756290539,1908,0,0,0
29.8703,75607,756300538,1927,0,0,0
29.8803,75608,756310539,1936,0,0,0
29.8903,75609,756320538,1945,0,0,0
29.9007,75610,756330539,1935,0,0,0
29.9101,75611,756340539,1906,0,0,0
29.9203,75612,756350539,1869,0,0,0
29.9305,75613,756360539,1842,0,0,0
29.9404,75614,756370539,1817,0,0,0
29.9504,75615,756380539,1798,0,0,0
29.9603,75616,756390538,1779,0,0,0
29.9705,75617,756400539,1783,0,0,0
29.9803,75618,756410539,1774,0,0,0
29.9904,75619,756420539,1770,0,0,0
30.0003,75620,756430539,1775,0,0,0
30.0118,75621,756440539,1782,0,0,0
30.0202,75622,756450539,1790,0,0,0
30.0312,75623,756460538,1776,0,0,0
30.0400,75624,756470539,1783,0,0,0
30.0502,75625,756480539,1789,0,0,0
30.0601,75626,756490539,1798,0,0,0
30.0700,75627,756500539,1805,0,0,0
30.0801,75628,756510539,1803,0,0,0
30.0901,75629,756520538,1806,0,0,0
30.1001,75630,756530539,1804,0,0,0
30.1102,75631,756540539,1809,0,0,0
30.1202,75632,756550539,1807,0,0,0
30.1302,75633,756560539,1818,0,0,0
30.1401,75634,756570539,1798,0,0,0
30.1501,75635,756580539,1807,0,0,0
30.1602,75636,756590539,1808,0,0,0
30.1726,75637,756600539,1808,0,0,0
30.1801,75638,756610539,1810,0,0,0
30.1905,75639,756620539,1807,0,0,0
30.2004,75640,756630539,1808,0,0,0
30.2101,75641,756640539,1808,0,0,0
30.2205,75642,756650539,1812,0,0,0
30.2307,75643,756660539,1814,0,0,0
30.2415,75644,756670538,1807,0,0,0
30.2505,75645,756680539,1812,0,0,0
30.2602,75646,756690538,1818,0,0,0
30.2701,75647,756700539,1813,0,0,0
30.2801,75648,756710539,1810,0,0,0
30.2902,75649,756720539,1825,0,0,0
30.3000,75650,756730539,1814,0,0,0
30.3101,75651,756740538,1827,0,0,0
30.3203,75652,756750539,1831,0,0,0
30.3301,75653,756760539,1837,0,0,0
30.3400,75654,756770539,1825,0,0,0
30.3501,75655,756780538,1841,0,0,0
30.3615,75656,756790539,1827,0,0,0
30.3719,75657,756800538,1843,0,0,0
30.3845,75658,756810539,1834,0,0,0
30.3966,75659,756820539,1839,0,0,0
30.4011,75660,756830538,1840,0,0,0
30.4115,75661,756840538,1841,0,0,0
30.4200,75662,756850539,1835,0,0,0
30.4301,75663,756860539,1840,0,0,0
30.4402,75664,756870539,1833,0,0,0
30.4501,75665,756880538,1833,0,0,0
30.4601,75666,756890539,1844,0,0,0
30.4707,75667,756900538,1843,0,0,0
30.4801,75668,756910539,1840,0,0,0
30.4933,75669,756920539,1840,0,0,0
30.5001,75670,756930538,1842,0,0,0
30.5101,75671,756940539,1844,0,0,0
30.5201,75672,756950539,1853,0,0,0
30.5302,75673,756960539,1855,0,0,0
30.5400,75674,756970538,1846,0,0,0
30.5513,75675,756980539,1867,0,0,0
30.5608,75676,756990539,1883,0,0,0
30.5707,75677,757000539,1904,0,0,0
30.5814,75678,757010539,1938,0,0,0
30.5902,75679,757020539,1995,0,0,0
30.6029,75680,757030539,1995,0,0,0
30.6103,75681,757040538,1963,0,0,0
30.6202,75682,757050539,1872,0,0,0
30.6301,75683,757060539,1840,0,0,0
30.6401,75684,757070539,1833,0,0,0
30.6502,75685,757080539,1831,0,0,0
30.6601,75686,757090538,1809,0,0,0
30.6701,75687,757100538,1813,0,0,0
30.6802,75688,757110539,1822,0,0,0
30.6901,75689,757120539,1735,0,0,0
30.7001,75690,757130538,1471,0,0,0
30.7101,75691,757140538,1831,0,0,0
30.7200,75692,757150539,3133,0,0,0
30.7324,75693,757160538,3282,0,0,0
30.7421,75694,757170539,2028,0,0,0
30.7504,75695,757180538,1677,0,0,0
30.7618,75696,757190539,1807,0,0,0
30.7702,75697,757200539,1785,0,0,0
30.7801,75698,757210538,1739,0,0,0
30.7914,75699,757220539,1753,0,0,0
30.8002,75700,757230539,1761,0,0,0
30.8101,75701,757240539,1791,0,0,0
30.8201,75702,757250539,1788,0,0,0
30.8302,75703,757260539,1793,0,0,0
30.8402,75704,757270538,1801,0,0,0
30.8501,75705,757280539,1803,0,0,0
30.8602,75706,757290539,1808,0,0,0
30.8701,75707,757300539,1818,0,0,0
30.8802,75708,757310538,1814,0,0,0
30.8901,75709,757320539,1823,0,0,0
30.9005,75710,757330539,1815,0,0,0
30.9102,75711,757340539,1846,0,0,0
30.9203,75712,757350539,1856,0,0,0
30.9302,75713,757360539,1858,0,0,0
30.9401,75714,757370538,1875,0,0,0
30.9503,75715,757380539,1889,0,0,0
30.9601,75716,757390539,1920,0,0,0
30.9702,75717,757400539,1938,0,0,0
30.9802,75718,757410539,1953,0,0,0
30.9901,75719,757420539,1977,0,0,0
31.0001,75720,757430539,1993,0,0,0
31.0104,75721,757440539,1992,0,0,0
31.0201,75722,757450539,1981,0,0,0
31.0302,75723,757460539,1936,0,0,0
31.0406,75724,757470538,1901,0,0,0
31.0501,75725,757480539,1899,0,0,0
31.0602,75726,757490539,1859,0,0,0
31.0702,75727,757500538,1819,0,0,0
31.0801,75728,757510539,1801,0,0,0
31.0901,75729,757520539,1814,0,0,0
31.1002,75730,757530539,1807,0,0,0
31.1101,75731,757540539,1811,0,0,0
31.1201,75732,757550539,1798,0,0,0
31.1301,75733,757560539,1810,0,0,0
31.1401,75734,757570539,1805,0,0,0
31.1501,75735,757580539,1826,0,0,0
31.1604,75736,757590539,1814,0,0,0
31.1700,75737,757600539,1815,0,0,0
31.1800,75738,757610539,1811,0,0,0
31.1901,75739,757620539,1826,0,0,0
31.2000,75740,757630538,1823,0,0,0
31.2101,75741,757640539,1834,0,0,0
31.2200,75742,757650538,1823,0,0,0
31.2300,75743,757660539,1827,0,0,0
31.2401,75744,757670539,1831,0,0,0
31.2511,75745,757680538,1827,0,0,0
31.2601,75746,757690539,1839,0,0,0
31.2731,75747,757700539,1836,0,0,0
31.2808,75748,757710539,1833,0,0,0
31.2901,75749,757720538,1840,0,0,0
31.3000,75750,757730539,1849,0,0,0
31.3104,75751,757740539,1843,0,0,0
31.3205,75752,757750539,1847,0,0,0
31.3301,75753,757760539,1846,0,0,0
31.3402,75754,757770538,1851,0,0,0
31.3501,75755,757780539,1840,0,0,0
31.3602,75756,757790539,1840,0,0,0
31.3701,75757,757800539,1846,0,0,0
31.3803,75758,757810539,1840,0,0,0
31.3901,75759,757820539,1854,0,0,0
31.4002,75760,757830539,1849,0,0,0
31.4103,75761,757840539,1851,0,0,0
31.4201,75762,757850539,1843,0,0,0
31.4302,75763,757860539,1850,0,0,0
31.4403,75764,757870538,1842,0,0,0
31.4504,75765,757880539,1841,0,0,0
31.4601,75766,757890538,1843,0,0,0
31.4702,75767,757900539,1858,0,0,0
31.4801,75768,757910539,1850,0,0,0
31.4923,75769,757920538,1854,0,0,0
31.5002,75770,757930539,1840,0,0,0
31.5101,75771,757940539,1841,0,0,0
31.5202,75772,757950538,1844,0,0,0
31.5303,75773,757960539,1852,0,0,0
31.5401,75774,757970539,1847,0,0,0
31.5501,75775,757980539,1847,0,0,0
31.5601,75776,757990539,1842,0,0,0
31.5701,75777,758000539,1849,0,0,0
31.5801,75778,758010539,1851,0,0,0
31.5901,75779,758020539,1862,0,0,0
31.6001,75780,758030539,1873,0,0,0
31.6101,75781,758040539,1904,0,0,0
31.6201,75782,758050539,1911,0,0,0
31.6302,75783,758060539,1979,0,0,0
31.6401,75784,758070539,1998,0,0,0
31.6502,75785,758080539,1994,0,0,0
31.6602,75786,758090539,1904,0,0,0
31.6703,75787,758100539,1840,0,0,0
31.6801,75788,758110539,1823,0,0,0
31.6902,75789,758120539,1830,0,0,0
31.7001,75790,758130538,1808,0,0,0
31.7102,75791,758140539,1794,0,0,0
31.7202,75792,758150539,1794,0,0,0
31.7302,75793,758160538,1794,0,0,0
31.7411,75794,758170539,1591,0,0,0
31.7503,75795,758180538,1501,0,0,0
31.7606,75796,758190539,2117,0,0,0
31.7701,75797,758200538,3826,0,0,0
31.7813,75798,758210539,2709,0,0,0
31.7902,75799,758220539,1808,0,0,0
31.8001,75800,758230539,1668,0,0,0
31.8101,75801,758240539,1808,0,0,0
31.8202,75802,758250539,1728,0,0,0
31.8301,75803,758260539,1706,0,0,0
31.8401,75804,758270539,1723,0,0,0
31.8501,75805,758280538,1734,0,0,0
31.8601,75806,758290539,1731,0,0,0
31.8701,75807,758300539,1745,0,0,0
31.8801,75808,758310538,1744,0,0,0
31.8901,75809,758320539,1753,0,0,0
31.9001,75810,758330538,1762,0,0,0
31.9102,75811,758340539,1767,0,0,0
31.9265,75812,758350538,1761,0,0,0
31.9301,75813,758360539,1779,0,0,0
31.9401,75814,758370539,1779,0,0,0
31.9501,75815,758380538,1789,0,0,0
31.9600,75816,758390539,1793,0,0,0
31.9700,75817,758400539,1813,0,0,0
31.9800,75818,758410539,1808,0,0,0
31.9906,75819,758420539,1824,0,0,0
32.0001,75820,758430539,1839,0,0,0
32.0111,75821,758440538,1863,0,0,0
32.0202,75822,758450539,1887,0,0,0
32.0301,75823,758460539,1911,0,0,0
32.0415,75824,758470539,1923,0,0,0
32.0503,75825,758480539,1941,0,0,0
32.0601,75826,758490538,1937,0,0,0
32.0700,75827,758500539,1922,0,0,0
32.0801,75828,758510538,1889,0,0,0
32.0901,75829,758520539,1873,0,0,0
32.1002,75830,758530538,1821,0,0,0
32.1101,75831,758540539,1809,0,0,0
32.1201,75832,758550539,1782,0,0,0
32.1301,75833,758560538,1788,0,0,0
32.1401,75834,758570539,1776,0,0,0
32.1500,75835,758580539,1791,0,0,0
32.1601,75836,758590539,1782,0,0,0
32.1701,75837,758600538,1795,0,0,0
32.1801,75838,758610539,1793,0,0,0
32.1901,75839,758620539,1792,0,0,0
32.2001,75840,758630538,1792,0,0,0
32.2101,75841,758640539,1792,0,0,0
32.2200,75842,758650539,1801,0,0,0
32.2302,75843,758660539,1805,0,0,0
32.2401,75844,758670538,1802,0,0,0
32.2501,75845,758680539,1814,0,0,0
32.2603,75846,758690539,1813,0,0,0
32.2701,75847,758700539,1817,0,0,0
32.2802,75848,758710538,1815,0,0,0
32.2902,75849,758720539,1823,0,0,0
32.3001,75850,758730539,1815,0,0,0
32.3101,75851,758740539,1825,0,0,0
32.3203,75852,758750539,1823,0,0,0
32.3300,75853,758760538,1825,0,0,0
32.3401,75854,758770539,1825,0,0,0
32.3503,75855,758780539,1838,0,0,0
32.3602,75856,758790539,1824,0,0,0
32.3702,75857,758800539,1833,0,0,0
32.3802,75858,758810538,1822,0,0,0
32.3901,75859,758820539,1827,0,0,0
32.4003,75860,758830539,1827,0,0,0
32.4102,75861,758840539,1837,0,0,0
32.4201,75862,758850539,1835,0,0,0
32.4301,75863,758860538,1837,0,0,0
32.4403,75864,758870539,1840,0,0,0
32.4502,75865,758880539,1840,0,0,0
32.4601,75866,758890538,1840,0,0,0
32.4701,75867,758900539,1847,0,0,0
32.4800,75868,758910539,1845,0,0,0
32.4901,75869,758920538,1853,0,0,0
32.5001,75870,758930539,1852,0,0,0
32.5102,75871,758940539,1855,0,0,0
32.5201,75872,758950539,1840,0,0,0
32.5303,75873,758960539,1855,0,0,0
32.5401,75874,758970538,1849,0,0,0
32.5500,75875,758980539,1858,0,0,0
32.5601,75876,758990539,1862,0,0,0
32.5702,75877,759000539,1862,0,0,0
32.5802,75878,759010539,1853,0,0,0
32.5901,75879,759020539,1862,0,0,0
32.6001,75880,759030539,1854,0,0,0
32.6101,75881,759040539,1860,0,0,0
32.6202,75882,759050539,1853,0,0,0
32.6301,75883,759060539,1859,0,0,0
32.6401,75884,759070539,1861,0,0,0
32.6501,75885,759080539,1869,0,0,0
32.6601,75886,759090539,1857,0,0,0
32.6701,75887,759100539,1865,0,0,0
32.6802,75888,759110539,1861,0,0,0
32.6901,75889,759120538,1881,0,0,0
32.7001,75890,759130539,1879,0,0,0
32.7102,75891,759140538,1920,0,0,0
32.7201,75892,759150539,1872,0,0,0
32.7302,75893,759160539,1893,0,0,0
32.7445,75894,759170539,1918,0,0,0
32.7502,75895,759180539,1934,0,0,0
32.7600,75896,759190539,1999,0,0,0
32.7702,75897,759200539,2017,0,0,0
32.7803,75898,759210539,1989,0,0,0
32.7901,75899,759220539,1899,0,0,0
32.8003,75900,759230539,1850,0,0,0
32.8102,75901,759240539,1844,0,0,0
32.8201,75902,759250539,1829,0,0,0
32.8301,75903,759260538,1823,0,0,0
32.8401,75904,759270539,1809,0,0,0
32.8501,75905,759280539,1825,0,0,0
32.8602,75906,759290538,1773,0,0,0
32.8700,75907,759300539,1492,0,0,0
32.8800,75908,759310539,1712,0,0,0
32.8901,75909,759320539,2823,0,0,0
32.9000,75910,759330539,3619,0,0,0
32.9101,75911,759340539,2170,0,0,0
32.9202,75912,759350538,1611,0,0,0
32.9301,75913,759360538,1803,0,0,0
32.9401,75914,759370539,1795,0,0,0
32.9501,75915,759380539,1731,0,0,0
32.9600,75916,759390539,1748,0,0,0
32.9700,75917,759400538,1757,0,0,0
32.9805,75918,759410539,1770,0,0,0
32.9905,75919,759420539,1790,0,0,0
33.0001,75920,759430539,1783,0,0,0
33.0100,75921,759440538,1793,0,0,0
33.0200,75922,759450539,1798,0,0,0
33.0301,75923,759460539,1803,0,0,0
33.0402,75924,759470539,1807,0,0,0
33.0500,75925,759480539,1818,0,0,0
33.0601,75926,759490539,1827,0,0,0
33.0701,75927,759500539,1819,0,0,0
33.0801,75928,759510539,1827,0,0,0
33.0903,75929,759520539,1842,0,0,0
33.1001,75930,759530538,1857,0,0,0
33.1101,75931,759540539,1872,0,0,0
33.1202,75932,759550539,1872,0,0,0
33.1301,75933,759560539,1913,0,0,0
33.1400,75934,759570538,1936,0,0,0
33.1502,75935,759580539,1954,0,0,0
33.1601,75936,759590539,1962,0,0,0
33.1701,75937,759600539,1995,0,0,0
33.1802,75938,759610539,1985,0,0,0
33.1902,75939,759620539,1981,0,0,0
33.2002,75940,759630539,1941,0,0,0
33.2101,75941,759640539,1905,0,0,0
33.2200,75942,759650538,1872,0,0,0
33.2304,75943,759660538,1851,0,0,0
33.2401,75944,759670539,1825,0,0,0
33.2508,75945,759680539,1808,0,0,0
33.2600,75946,759690539,1792,0,0,0
33.2701,75947,759700539,1803,0,0,0
33.2801,75948,759710539,1805,0,0,0
33.2900,75949,759720539,1795,0,0,0
33.3001,75950,759730539,1799,0,0,0
33.3108,75951,759740539,1817,0,0,0
33.3202,75952,759750538,1797,0,0,0
33.3301,75953,759760538,1808,0,0,0
33.3401,75954,759770539,1811,0,0,0
33.3502,75955,759780539,1826,0,0,0
33.3601,75956,759790539,1827,0,0,0
33.3701,75957,759800538,1811,0,0,0
33.3802,75958,759810539,1804,0,0,0
33.3902,75959,759820539,1824,0,0,0
33.4002,75960,759830539,1815,0,0,0
33.4102,75961,759840539,1823,0,0,0
33.4201,75962,759850539,1812,0,0,0
33.4302,75963,759860538,1842,0,0,0
33.4403,75964,759870539,1819,0,0,0
33.4502,75965,759880539,1821,0,0,0
33.4602,75966,759890538,1835,0,0,0
33.4704,75967,759900539,1827,0,0,0
33.4802,75968,759910539,1813,0,0,0
33.4901,75969,759920539,1823,0,0,0
33.5008,75970,759930539,1830,0,0,0
33.5101,75971,759940538,1838,0,0,0
33.5200,75972,759950539,1831,0,0,0
33.5302,75973,759960538,1835,0,0,0
33.5402,75974,759970539,1835,0,0,0
33.5502,75975,759980538,1835,0,0,0
33.5604,75976,759990539,1829,0,0,0
33.5702,75977,760000538,1825,0,0,0
33.5801,75978,760010539,1832,0,0,0
33.5902,75979,760020539,1834,0,0,0
33.6001,75980,760030538,1834,0,0,0
33.6101,75981,760040539,1837,0,0,0
33.6203,75982,760050539,1838,0,0,0
33.6302,75983,760060539,1842,0,0,0
33.6406,75984,760070539,1839,0,0,0
33.6503,75985,760080539,1855,0,0,0
33.6604,75986,760090539,1856,0,0,0
33.6703,75987,760100539,1871,0,0,0
33.6803,75988,760110539,1851,0,0,0
33.6903,75989,760120539,1865,0,0,0
33.7004,75990,760130539,1856,0,0,0
33.7102,75991,760140538,1858,0,0,0
33.7202,75992,760150539,1865,0,0,0
33.7307,75993,760160539,1872,0,0,0
33.7403,75994,760170538,1872,0,0,0
33.7530,75995,760180539,1887,0,0,0
33.7609,75996,760190539,1872,0,0,0
33.7702,75997,760200539,1883,0,0,0
33.7804,75998,760210538,1872,0,0,0
33.7902,75999,760220539,1874,0,0,0
33.8013,76000,760230539,1872,0,0,0
33.8101,76001,760240538,1879,0,0,0
33.8202,76002,760250539,1889,0,0,0
33.8302,76003,760260539,1887,0,0,0
33.8401,76004,760270539,1878,0,0,0
33.8502,76005,760280539,1892,0,0,0
33.8602,76006,760290539,1904,0,0,0
33.8701,76007,760300539,1936,0,0,0
33.8803,76008,760310539,1934,0,0,0
33.8903,76009,760320538,2018,0,0,0
33.9002,76010,760330539,2018,0,0,0
33.9102,76011,760340539,1999,0,0,0
33.9202,76012,760350539,1911,0,0,0
33.9302,76013,760360539,1856,0,0,0
33.9407,76014,760370539,1837,0,0,0
33.9503,76015,760380538,1843,0,0,0
33.9606,76016,760390539,1826,0,0,0
33.9701,76017,760400539,1823,0,0,0
33.9806,76018,760410538,1808,0,0,0
33.9904,76019,760420539,1793,0,0,0
34.0002,76020,760430538,1513,0,0,0
34.0105,76021,760440539,1666,0,0,0
34.0200,76022,760450539,2540,0,0,0
34.0301,76023,760460539,3811,0,0,0
34.0402,76024,760470539,2258,0,0,0
34.0501,76025,760480538,1753,0,0,0
34.0601,76026,760490539,1756,0,0,0
34.0702,76027,760500539,1838,0,0,0
34.0801,76028,760510539,1734,0,0,0
34.0902,76029,760520539,1743,0,0,0
34.1002,76030,760530539,1746,0,0,0
34.1100,76031,760540538,1751,0,0,0
34.1202,76032,760550539,1753,0,0,0
34.1303,76033,760560539,1767,0,0,0
34.1406,76034,760570539,1762,0,0,0
34.1503,76035,760580539,1778,0,0,0
34.1603,76036,760590539,1776,0,0,0
34.1703,76037,760600538,1786,0,0,0
34.1803,76038,760610539,1791,0,0,0
34.1903,76039,760620539,1808,0,0,0
34.2002,76040,760630539,1799,0,0,0
34.2107,76041,760640539,1817,0,0,0
34.2204,76042,760650539,1807,0,0,0
34.2301,76043,760660538,1825,0,0,0
34.2410,76044,760670539,1823,0,0,0
34.2502,76045,760680539,1850,0,0,0
34.2601,76046,760690539,1855,0,0,0
34.2701,76047,760700538,1876,0,0,0
34.2803,76048,760710539,1888,0,0,0
34.2901,76049,760720539,1906,0,0,0
34.3001,76050,760730539,1919,0,0,0
34.3101,76051,760740538,1936,0,0,0
34.3202,76052,760750539,1915,0,0,0
34.3302,76053,760760538,1916,0,0,0
34.3401,76054,760770539,1870,0,0,0
34.3501,76055,760780539,1851,0,0,0
34.3602,76056,760790538,1821,0,0,0
34.3702,76057,760800539,1805,0,0,0
34.3806,76058,760810539,1787,0,0,0
34.3907,76059,760820539,1778,0,0,0
34.4006,76060,760830539,1766,0,0,0
34.4106,76061,760840539,1781,0,0,0
34.4201,76062,760850538,1776,0,0,0
34.4308,76063,760860539,1776,0,0,0
34.4402,76064,760870539,1770,0,0,0
34.4506,76065,760880539,1778,0,0,0
34.4603,76066,760890539,1776,0,0,0
34.4700,76067,760900538,1789,0,0,0
34.4806,76068,760910539,1777,0,0,0
34.4901,76069,760920539,1797,0,0,0
34.5000,76070,760930539,1783,0,0,0
34.5103,76071,760940538,1796,0,0,0
34.5201,76072,760950539,1795,0,0,0
34.5301,76073,760960538,1808,0,0,0
34.5402,76074,760970539,1799,0,0,0
34.5500,76075,760980539,1810,0,0,0
34.5602,76076,760990539,1803,0,0,0
34.5703,76077,761000539,1808,0,0,0
34.5803,76078,761010539,1807,0,0,0
34.5901,76079,761020538,1822,0,0,0
34.6002,76080,761030539,1809,0,0,0
34.6102,76081,761040539,1821,0,0,0
34.6202,76082,761050538,1815,0,0,0
34.6307,76083,761060539,1821,0,0,0
34.6406,76084,761070539,1806,0,0,0
34.6503,76085,761080539,1815,0,0,0
34.6607,76086,761090539,1808,0,0,0
34.6703,76087,761100538,1827,0,0,0
34.6804,76088,761110539,1824,0,0,0
34.6904,76089,761120539,1832,0,0,0
34.7002,76090,761130539,1821,0,0,0
34.7106,76091,761140539,1837,0,0,0
34.7214,76092,761150539,1829,0,0,0
34.7305,76093,761160538,1836,0,0,0
34.7410,76094,761170539,1827,0,0,0
34.7502,76095,761180538,1843,0,0,0
34.7601,76096,761190539,1835,0,0,0
34.7700,76097,761200538,1839,0,0,0
34.7801,76098,761210539,1827,0,0,0
34.7916,76099,761220539,1841,0,0,0
34.8001,76100,761230539,1838,0,0,0
34.8100,76101,761240539,1848,0,0,0
34.8201,76102,761250539,1855,0,0,0
34.8302,76103,761260539,1861,0,0,0
34.8400,76104,761270539,1842,0,0,0
34.8501,76105,761280539,1856,0,0,0
34.8604,76106,761290539,1850,0,0,0
34.8701,76107,761300539,1859,0,0,0
34.8801,76108,761310539,1854,0,0,0
34.8903,76109,761320539,1861,0,0,0
34.9002,76110,761330538,1846,0,0,0
34.9103,76111,761340539,1866,0,0,0
34.9203,76112,761350539,1858,0,0,0
34.9302,76113,761360539,1872,0,0,0
34.9406,76114,761370539,1857,0,0,0
34.9506,76115,761380539,1866,0,0,0
34.9601,76116,761390538,1861,0,0,0
34.9701,76117,761400538,1867,0,0,0
34.9802,76118,761410539,1863,0,0,0
34.9921,76119,761420538,1883,0,0,0
35.0001,76120,761430539,1886,0,0,0
35.0113,76121,761440539,1917,0,0,0
35.0200,76122,761450539,1927,0,0,0
35.0302,76123,761460538,2002,0,0,0
35.0414,76124,761470539,2007,0,0,0
35.0501,76125,761480538,2000,0,0,0
35.0601,76126,761490539,1914,0,0,0
35.0702,76127,761500539,1856,0,0,0
35.0801,76128,761510539,1855,0,0,0
35.0902,76129,761520539,1846,0,0,0
35.1001,76130,761530539,1829,0,0,0
35.1103,76131,761540538,1828,0,0,0
35.1203,76132,761550539,1805,0,0,0
35.1303,76133,761560538,1795,0,0,0
35.1402,76134,761570539,1494,0,0,0
35.1507,76135,761580539,1679,0,0,0
35.1604,76136,761590539,2658,0,0,0
35.1702,76137,761600539,3814,0,0,0
35.1808,76138,761610539,2255,0,0,0
35.1913,76139,761620539,1626,0,0,0
35.2004,76140,761630538,1776,0,0,0
35.2105,76141,761640539,1799,0,0,0
35.2204,76142,761650539,1712,0,0,0
35.2302,76143,761660539,1742,0,0,0
35.2406,76144,761670539,1744,0,0,0
35.2501,76145,761680539,1754,0,0,0
35.2608,76146,761690539,1749,0,0,0
35.2700,76147,761700539,1776,0,0,0
35.2801,76148,761710538,1772,0,0,0
35.2901,76149,761720539,1790,0,0,0
35.3003,76150,761730539,1770,0,0,0
35.3101,76151,761740539,1790,0,0,0
35.3201,76152,761750539,1782,0,0,0
35.3301,76153,761760539,1795,0,0,0
35.3401,76154,761770538,1799,0,0,0
35.3501,76155,761780539,1802,0,0,0
35.3601,76156,761790539,1820,0,0,0
35.3700,76157,761800539,1835,0,0,0
35.3803,76158,761810538,1835,0,0,0
35.3902,76159,761820539,1861,0,0,0
35.4002,76160,761830539,1870,0,0,0
35.4103,76161,761840539,1908,0,0,0
35.4203,76162,761850539,1916,0,0,0
35.4307,76163,761860538,1938,0,0,0
35.4406,76164,761870539,1942,0,0,0
35.4500,76165,761880539,1967,0,0,0
35.4605,76166,761890538,1959,0,0,0
35.4701,76167,761900539,1925,0,0,0
35.4810,76168,761910539,1888,0,0,0
35.4918,76169,761920539,1874,0,0,0
35.5001,76170,761930539,1830,0,0,0
35.5101,76171,761940539,1824,0,0,0
35.5200,76172,761950539,1781,0,0,0
35.5303,76173,761960539,1794,0,0,0
35.5402,76174,761970538,1787,0,0,0
35.5500,76175,761980539,1810,0,0,0
35.5600,76176,761990539,1783,0,0,0
35.5701,76177,762000539,1781,0,0,0
35.5801,76178,762010539,1777,0,0,0
35.5900,76179,762020539,1781,0,0,0
35.6002,76180,762030539,1792,0,0,0
35.6102,76181,762040539,1810,0,0,0
35.6202,76182,762050539,1805,0,0,0
35.6303,76183,762060538,1808,0,0,0
35.6407,76184,762070539,1794,0,0,0
35.6502,76185,762080538,1815,0,0,0
35.6604,76186,762090539,1813,0,0,0
35.6703,76187,762100539,1808,0,0,0
35.6802,76188,762110539,1799,0,0,0
35.6907,76189,762120539,1825,0,0,0
35.7007,76190,762130538,1827,0,0,0
35.7107,76191,762140538,1826,0,0,0
35.7203,76192,762150539,1819,0,0,0
35.7302,76193,762160539,1839,0,0,0
35.7402,76194,762170539,1821,0,0,0
35.7501,76195,762180539,1845,0,0,0
35.7601,76196,762190539,1872,0,0,0
35.7700,76197,762200539,1840,0,0,0
35.7802,76198,762210538,1844,0,0,0
35.7903,76199,762220539,1854,0,0,0
35.8002,76200,762230539,1843,0,0,0
35.8101,76201,762240538,1839,0,0,0
35.8201,76202,762250539,1842,0,0,0
35.8300,76203,762260539,1843,0,0,0
35.8401,76204,762270538,1840,0,0,0
35.8501,76205,762280539,1863,0,0,0
35.8601,76206,762290539,1846,0,0,0
35.8702,76207,762300539,1855,0,0,0
35.8802,76208,762310539,1837,0,0,0
35.8901,76209,762320539,1856,0,0,0
35.9002,76210,762330539,1843,0,0,0
35.9103,76211,762340538,1855,0,0,0
35.9202,76212,762350539,1810,0,0,0
35.9303,76213,762360538,1856,0,0,0
35.9405,76214,762370539,1850,0,0,0
35.9501,76215,762380539,1850,0,0,0
35.9602,76216,762390538,1872,0,0,0
35.9706,76217,762400538,1861,0,0,0
35.9805,76218,762410539,1843,0,0,0
35.9902,76219,762420539,1861,0,0,0
36.0001,76220,762430539,1867,0,0,0
36.0102,76221,762440539,1872,0,0,0
36.0201,76222,762450539,1851,0,0,0
36.0303,76223,762460539,1859,0,0,0
36.0400,76224,762470538,1857,0,0,0
36.0500,76225,762480539,1871,0,0,0
36.0601,76226,762490539,1867,0,0,0
36.0701,76227,762500538,1873,0,0,0
36.0800,76228,762510539,1856,0,0,0
36.0901,76229,762520539,1863,0,0,0
36.1000,76230,762530538,1867,0,0,0
36.1103,76231,762540539,1846,0,0,0
36.1202,76232,762550539,1879,0,0,0
36.1302,76233,762560539,1932,0,0,0
36.1402,76234,762570539,1908,0,0,0
36.1503,76235,762580538,1987,0,0,0
36.1602,76236,762590539,2014,0,0,0
36.1702,76237,762600538,2003,0,0,0
36.1808,76238,762610539,1930,0,0,0
36.1906,76239,762620539,1874,0,0,0
36.2008,76240,762630539,1843,0,0,0
36.2119,76241,762640539,1846,0,0,0
36.2201,76242,762650539,1838,0,0,0
36.2301,76243,762660538,1840,0,0,0
36.2402,76244,762670539,1823,0,0,0
36.2502,76245,762680539,1825,0,0,0
36.2602,76246,762690539,1607,0,0,0
36.2703,76247,762700539,1557,0,0,0
36.2803,76248,762710539,2167,0,0,0
36.2902,76249,762720539,3802,0,0,0
36.3001,76250,762730539,2598,0,0,0
36.3102,76251,762740539,1858,0,0,0
36.3202,76252,762750539,1737,0,0,0
36.3303,76253,762760539,1840,0,0,0
36.3401,76254,762770539,1766,0,0,0
36.3503,76255,762780538,1762,0,0,0
36.3601,76256,762790539,1765,0,0,0
36.3703,76257,762800539,1775,0,0,0
36.3804,76258,762810538,1774,0,0,0
36.3903,76259,762820539,1774,0,0,0
36.4002,76260,762830539,1785,0,0,0
36.4104,76261,762840538,1789,0,0,0
36.4202,76262,762850539,1788,0,0,0
36.4305,76263,762860538,1798,0,0,0
36.4404,76264,762870539,1802,0,0,0
36.4502,76265,762880539,1817,0,0,0
36.4606,76266,762890539,1814,0,0,0
36.4701,76267,762900539,1821,0,0,0
36.4800,76268,762910539,1827,0,0,0
36.4901,76269,762920539,1846,0,0,0
36.5002,76270,762930538,1840,0,0,0
36.5116,76271,762940539,1858,0,0,0
36.5202,76272,762950539,1872,0,0,0
36.5313,76273,762960539,1894,0,0,0
36.5401,76274,762970538,1893,0,0,0
36.5501,76275,762980539,1921,0,0,0
36.5602,76276,762990539,1931,0,0,0
36.5702,76277,763000539,1941,0,0,0
36.5801,76278,763010538,1936,0,0,0
36.5903,76279,763020538,1935,0,0,0
36.6001,76280,763030539,1909,0,0,0
36.6106,76281,763040538,1891,0,0,0
36.6202,76282,763050539,1843,0,0,0
36.6302,76283,763060539,1828,0,0,0
36.6407,76284,763070539,1805,0,0,0
36.6506,76285,763080539,1794,0,0,0
36.6601,76286,763090539,1782,0,0,0
36.6702,76287,763100538,1781,0,0,0
36.6805,76288,763110539,1776,0,0,0
36.6901,76289,763120539,1791,0,0,0
36.7002,76290,763130538,1779,0,0,0
36.7105,76291,763140539,1791,0,0,0
36.7200,76292,763150539,1773,0,0,0
36.7314,76293,763160539,1795,0,0,0
36.7400,76294,763170539,1785,0,0,0
36.7514,76295,763180539,1805,0,0,0
36.7603,76296,763190539,1795,0,0,0
36.7700,76297,763200539,1794,0,0,0
36.7802,76298,763210539,1790,0,0,0
36.7900,76299,763220538,1796,0,0,0
36.8001,76300,763230539,1792,0,0,0
36.8101,76301,763240539,1809,0,0,0
36.8200,76302,763250538,1802,0,0,0
36.8300,76303,763260539,1806,0,0,0
36.8401,76304,763270539,1802,0,0,0
36.8501,76305,763280539,1803,0,0,0
36.8601,76306,763290539,1793,0,0,0
36.8700,76307,763300538,1807,0,0,0
36.8802,76308,763310539,1795,0,0,0
36.8902,76309,763320539,1806,0,0,0
36.9003,76310,763330538,1791,0,0,0
36.9103,76311,763340538,1794,0,0,0
36.9202,76312,763350539,1789,0,0,0
36.9303,76313,763360538,1808,0,0,0
36.9401,76314,763370539,1794,0,0,0
36.9502,76315,763380539,1811,0,0,0
36.9601,76316,763390539,1796,0,0,0
36.9700,76317,763400539,1806,0,0,0
36.9802,76318,763410539,1808,0,0,0
36.9904,76319,763420539,1815,0,0,0
37.0001,76320,763430538,1805,0,0,0
37.0101,76321,763440539,1808,0,0,0
37.0201,76322,763450539,1810,0,0,0
37.0300,76323,763460539,1814,0,0,0
37.0412,76324,763470539,1809,0,0,0
37.0512,76325,763480539,1825,0,0,0
37.0611,76326,763490538,1818,0,0,0
37.0700,76327,763500538,1830,0,0,0
37.0802,76328,763510539,1825,0,0,0
37.0901,76329,763520539,1840,0,0,0
37.1000,76330,763530538,1827,0,0,0
37.1102,76331,763540539,1840,0,0,0
37.1200,76332,763550539,1840,0,0,0
37.1302,76333,763560539,1847,0,0,0
37.1402,76334,763570538,1846,0,0,0
37.1502,76335,763580539,1845,0,0,0
37.1600,76336,763590539,1840,0,0,0
37.1703,76337,763600539,1850,0,0,0
37.1800,76338,763610539,1840,0,0,0
37.1905,76339,763620539,1847,0,0,0
37.2005,76340,763630539,1838,0,0,0
37.2105,76341,763640539,1858,0,0,0
37.2200,76342,763650539,1857,0,0,0
37.2300,76343,763660539,1858,0,0,0
37.2433,76344,763670539,1847,0,0,0
37.2516,76345,763680538,1866,0,0,0
37.2603,76346,763690539,1879,0,0,0
37.2699,76347,763700538,1919,0,0,0
37.2800,76348,763710539,1919,0,0,0
37.2902,76349,763720538,2009,0,0,0
37.3001,76350,763730539,2017,0,0,0
37.3101,76351,763740538,1996,0,0,0
37.3202,76352,763750539,1920,0,0,0
37.3304,76353,763760539,1872,0,0,0
37.3402,76354,763770539,1856,0,0,0
37.3503,76355,763780539,1859,0,0,0
37.3601,76356,763790539,1838,0,0,0
37.3701,76357,763800538,1840,0,0,0
37.3802,76358,763810539,1823,0,0,0
37.3902,76359,763820539,1808,0,0,0
37.4002,76360,763830538,1507,0,0,0
37.4101,76361,763840539,1677,0,0,0
37.4202,76362,763850539,2635,0,0,0
37.4303,76363,763860539,3878,0,0,0
37.4403,76364,763870539,2273,0,0,0
37.4504,76365,763880538,1623,0,0,0
37.4603,76366,763890539,1785,0,0,0
37.4702,76367,763900539,1825,0,0,0
37.4800,76368,763910539,1751,0,0,0
37.4900,76369,763920538,1776,0,0,0
37.5002,76370,763930539,1765,0,0,0
37.5100,76371,763940538,1775,0,0,0
37.5202,76372,763950539,1777,0,0,0
37.5302,76373,763960538,1791,0,0,0
37.5401,76374,763970539,1794,0,0,0
37.5501,76375,763980539,1787,0,0,0
37.5603,76376,763990539,1779,0,0,0
37.5700,76377,764000538,1808,0,0,0
37.5802,76378,764010539,1799,0,0,0
37.5901,76379,764020539,1809,0,0,0
37.6001,76380,764030539,1808,0,0,0
37.6101,76381,764040538,1826,0,0,0
37.6203,76382,764050539,1814,0,0,0
37.6302,76383,764060538,1829,0,0,0
37.6402,76384,764070539,1839,0,0,0
37.6503,76385,764080539,1871,0,0,0
37.6602,76386,764090539,1875,0,0,0
37.6703,76387,764100538,1892,0,0,0
37.6803,76388,764110539,1911,0,0,0
37.6902,76389,764120539,1943,0,0,0
37.7003,76390,764130539,1939,0,0,0
37.7104,76391,764140538,1951,0,0,0
37.7202,76392,764150539,1931,0,0,0
37.7304,76393,764160539,1931,0,0,0
37.7406,76394,764170539,1893,0,0,0
37.7500,76395,764180538,1865,0,0,0
37.7601,76396,764190539,1830,0,0,0
37.7701,76397,764200539,1814,0,0,0
37.7801,76398,764210539,1779,0,0,0
37.7901,76399,764220539,1765,0,0,0
37.8002,76400,764230539,1783,0,0,0
37.8101,76401,764240539,1799,0,0,0
37.8200,76402,764250538,1777,0,0,0
37.8301,76403,764260539,1791,0,0,0
37.8401,76404,764270539,1780,0,0,0
37.8501,76405,764280539,1802,0,0,0
37.8602,76406,764290538,1801,0,0,0
37.8702,76407,764300539,1808,0,0,0
37.8802,76408,764310539,1795,0,0,0
37.8903,76409,764320539,1809,0,0,0
37.9003,76410,764330539,1795,0,0,0
37.9101,76411,764340539,1807,0,0,0
37.9203,76412,764350539,1806,0,0,0
37.9303,76413,764360538,1831,0,0,0
37.9402,76414,764370539,1820,0,0,0
37.9503,76415,764380538,1837,0,0,0
37.9602,76416,764390539,1840,0,0,0
37.9701,76417,764400539,1856,0,0,0
37.9808,76418,764410538,1831,0,0,0
37.9901,76419,764420539,1840,0,0,0
38.0001,76420,764430539,1826,0,0,0
38.0104,76421,764440538,1838,0,0,0
38.0200,76422,764450539,1840,0,0,0
38.0300,76423,764460539,1862,0,0,0
38.0401,76424,764470539,1840,0,0,0
38.0501,76425,764480539,1856,0,0,0
38.0601,76426,764490539,1852,0,0,0
38.0702,76427,764500538,1848,0,0,0
38.0802,76428,764510539,1842,0,0,0
38.0902,76429,764520538,1841,0,0,0
38.1003,76430,764530539,1843,0,0,0
38.1102,76431,764540539,1844,0,0,0
38.1202,76432,764550538,1835,0,0,0
38.1303,76433,764560539,1853,0,0,0
38.1403,76434,764570539,1859,0,0,0
38.1503,76435,764580539,1862,0,0,0
38.1603,76436,764590539,1845,0,0,0
38.1702,76437,764600539,1846,0,0,0
38.1801,76438,764610539,1843,0,0,0
38.1902,76439,764620539,1856,0,0,0
38.1999,76440,764630538,1841,0,0,0
38.2100,76441,764640538,1851,0,0,0
38.2201,76442,764650539,1854,0,0,0
38.2300,76443,764660539,1883,0,0,0
38.2401,76444,764670539,1867,0,0,0
38.2503,76445,764680539,1872,0,0,0
38.2600,76446,764690538,1849,0,0,0
38.2709,76447,764700539,1882,0,0,0
38.2800,76448,764710539,1873,0,0,0
38.2901,76449,764720539,1872,0,0,0
38.3001,76450,764730539,1867,0,0,0
38.3103,76451,764740538,1875,0,0,0
38.3200,76452,764750539,1885,0,0,0
38.3301,76453,764760539,1885,0,0,0
38.3402,76454,764770539,1884,0,0,0
38.3501,76455,764780539,1872,0,0,0
38.3600,76456,764790539,1873,0,0,0
38.3701,76457,764800539,1920,0,0,0
38.3800,76458,764810539,1917,0,0,0
38.3903,76459,764820539,1953,0,0,0
38.4001,76460,764830538,2015,0,0,0
38.4102,76461,764840539,2036,0,0,0
38.4202,76462,764850539,2012,0,0,0
38.4303,76463,764860539,1947,0,0,0
38.4402,76464,764870539,1871,0,0,0
38.4501,76465,764880538,1871,0,0,0
38.4600,76466,764890539,1850,0,0,0
38.4700,76467,764900539,1849,0,0,0
38.4801,76468,764910538,1819,0,0,0
38.4900,76469,764920538,1829,0,0,0
38.5001,76470,764930539,1810,0,0,0
38.5101,76471,764940538,1581,0,0,0
38.5200,76472,764950539,1578,0,0,0
38.5304,76473,764960539,2317,0,0,0
38.5401,76474,764970538,3841,0,0,0
38.5503,76475,764980538,2442,0,0,0
38.5601,76476,764990539,1811,0,0,0
38.5700,76477,765000539,1742,0,0,0
38.5803,76478,765010539,1827,0,0,0
38.5902,76479,765020539,1746,0,0,0
38.6001,76480,765030539,1707,0,0,0
38.6103,76481,765040539,1751,0,0,0
38.6202,76482,765050539,1747,0,0,0
38.6302,76483,765060539,1776,0,0,0
38.6403,76484,765070539,1759,0,0,0
38.6503,76485,765080539,1771,0,0,0
38.6605,76486,765090539,1773,0,0,0
38.6701,76487,765100539,1788,0,0,0
38.6800,76488,765110539,1776,0,0,0
38.6900,76489,765120538,1806,0,0,0
38.7002,76490,765130539,1791,0,0,0
38.7100,76491,765140539,1801,0,0,0
38.7200,76492,765150539,1819,0,0,0
38.7342,76493,765160539,1815,0,0,0
38.7399,76494,765170539,1817,0,0,0
38.7502,76495,765180539,1823,0,0,0
38.7601,76496,765190539,1825,0,0,0
38.7700,76497,765200539,1842,0,0,0
38.7802,76498,765210539,1835,0,0,0
38.7901,76499,765220538,1869,0,0,0
38.8001,76500,765230539,1875,0,0,0
38.8101,76501,765240538,1904,0,0,0
38.8215,76502,765250539,1903,0,0,0
38.8302,76503,765260539,1907,0,0,0
38.8402,76504,765270539,1879,0,0,0
38.8500,76505,765280539,1862,0,0,0
38.8600,76506,765290539,1831,0,0,0
38.8704,76507,765300538,1809,0,0,0
38.8802,76508,765310539,1776,0,0,0
38.8902,76509,765320538,1771,0,0,0
38.9003,76510,765330539,1759,0,0,0
38.9102,76511,765340538,1764,0,0,0
38.9202,76512,765350539,1751,0,0,0
38.9303,76513,765360539,1759,0,0,0
38.9403,76514,765370539,1750,0,0,0
38.9507,76515,765380539,1759,0,0,0
38.9603,76516,765390539,1759,0,0,0
38.9702,76517,765400538,1773,0,0,0
38.9806,76518,765410539,1772,0,0,0
38.9902,76519,765420538,1777,0,0,0
39.0002,76520,765430539,1778,0,0,0
39.0132,76521,765440538,1795,0,0,0
39.0203,76522,765450539,1787,0,0,0
39.0303,76523,765460539,1795,0,0,0
39.0411,76524,765470539,1794,0,0,0
39.0501,76525,765480539,1810,0,0,0
39.0600,76526,765490538,1789,0,0,0
39.0701,76527,765500538,1808,0,0,0
39.0802,76528,765510539,1791,0,0,0
39.0901,76529,765520539,1806,0,0,0
39.1001,76530,765530539,1801,0,0,0
39.1101,76531,765540539,1801,0,0,0
39.1201,76532,765550538,1798,0,0,0
39.1302,76533,765560539,1801,0,0,0
39.1401,76534,765570539,1797,0,0,0
39.1502,76535,765580539,1803,0,0,0
39.1602,76536,765590539,1797,0,0,0
39.1703,76537,765600539,1809,0,0,0
39.1806,76538,765610539,1807,0,0,0
39.1906,76539,765620539,1809,0,0,0
39.2006,76540,765630539,1807,0,0,0
39.2101,76541,765640539,1810,0,0,0
39.2204,76542,765650538,1808,0,0,0
39.2326,76543,765660539,1817,0,0,0
39.2402,76544,765670539,1808,0,0,0
39.2503,76545,765680539,1824,0,0,0
39.2601,76546,765690538,1814,0,0,0
39.2701,76547,765700539,1829,0,0,0
39.2804,76548,765710539,1823,0,0,0
39.2904,76549,765720539,1838,0,0,0
39.3000,76550,765730539,1823,0,0,0
39.3111,76551,765740539,1840,0,0,0
39.3200,76552,765750538,1824,0,0,0
39.3301,76553,765760539,1846,0,0,0
39.3402,76554,765770539,1837,0,0,0
39.3502,76555,765780539,1854,0,0,0
39.3600,76556,765790539,1847,0,0,0
39.3702,76557,765800539,1855,0,0,0
39.3802,76558,765810539,1847,0,0,0
39.3902,76559,765820539,1854,0,0,0
39.4003,76560,765830539,1840,0,0,0
39.4102,76561,765840539,1854,0,0,0
39.4200,76562,765850538,1852,0,0,0
39.4303,76563,765860539,1863,0,0,0
39.4399,76564,765870539,1852,0,0,0
39.4500,76565,765880538,1866,0,0,0
39.4600,76566,765890539,1856,0,0,0
39.4700,76567,765900538,1866,0,0,0
39.4835,76568,765910539,1877,0,0,0
39.4903,76569,765920539,1904,0,0,0
39.5001,76570,765930539,1907,0,0,0
39.5100,76571,765940539,1967,0,0,0
39.5201,76572,765950539,1990,0,0,0
39.5305,76573,765960539,2000,0,0,0
39.5401,76574,765970539,1950,0,0,0
39.5533,76575,765980539,1865,0,0,0
39.5600,76576,765990539,1843,0,0,0
39.5701,76577,766000539,1840,0,0,0
39.5800,76578,766010538,1823,0,0,0
39.5902,76579,766020539,1833,0,0,0
39.6003,76580,766030539,1812,0,0,0
39.6102,76581,766040539,1819,0,0,0
39.6202,76582,766050539,1669,0,0,0
39.6302,76583,766060539,1497,0,0,0
39.6401,76584,766070538,1967,0,0,0
39.6504,76585,766080539,3632,0,0,0
39.6603,76586,766090539,2978,0,0,0
39.6702,76587,766100538,1841,0,0,0
39.6801,76588,766110539,1647,0,0,0
39.6902,76589,766120538,1847,0,0,0
39.7001,76590,766130539,1761,0,0,0
39.7102,76591,766140539,1757,0,0,0
39.7200,76592,766150538,1769,0,0,0
39.7302,76593,766160538,1777,0,0,0
39.7407,76594,766170539,1767,0,0,0
39.7501,76595,766180539,1806,0,0,0
39.7602,76596,766190539,1801,0,0,0
39.7703,76597,766200538,1791,0,0,0
39.7804,76598,766210539,1791,0,0,0
39.7902,76599,766220539,1808,0,0,0
39.8001,76600,766230539,1794,0,0,0
39.8101,76601,766240538,1823,0,0,0
39.8201,76602,766250539,1824,0,0,0
39.8301,76603,766260539,1824,0,0,0
39.8401,76604,766270539,1827,0,0,0
39.8502,76605,766280538,1834,0,0,0
39.8602,76606,766290539,1849,0,0,0
39.8701,76607,766300538,1878,0,0,0
39.8801,76608,766310539,1887,0,0,0
39.8902,76609,766320539,1923,0,0,0
39.9002,76610,766330539,1936,0,0,0
39.9103,76611,766340539,1959,0,0,0
39.9202,76612,766350539,1970,0,0,0
39.9302,76613,766360539,1993,0,0,0
39.9404,76614,766370538,1971,0,0,0
39.9503,76615,766380539,1963,0,0,0
39.9604,76616,766390539,1929,0,0,0
39.9703,76617,766400539,1902,0,0,0
39.9803,76618,766410539,1863,0,0,0
39.9903,76619,766420539,1837,0,0,0
40.0055,76620,766430539,1809,0,0,0
40.0109,76621,766440538,1797,0,0,0
40.0231,76622,766450539,1806,0,0,0
40.0303,76623,766460539,1814,0,0,0
40.0458,76624,766470538,1795,0,0,0
40.0531,76625,766480538,1809,0,0,0
40.0646,76626,766490539,1791,0,0,0
40.0701,76627,766500539,1811,0,0,0
40.0804,76628,766510539,1820,0,0,0
40.0901,76629,766520538,1830,0,0,0
40.1001,76630,766530539,1808,0,0,0
40.1102,76631,766540539,1839,0,0,0
40.1202,76632,766550539,1831,0,0,0
40.1301,76633,766560538,1838,0,0,0
40.1402,76634,766570539,1828,0,0,0
40.1500,76635,766580539,1846,0,0,0
40.1601,76636,766590539,1830,0,0,0
40.1702,76637,766600539,1844,0,0,0
40.1800,76638,766610539,1849,0,0,0
40.1928,76639,766620539,1856,0,0,0
40.2032,76640,766630539,1839,0,0,0
40.2144,76641,766640538,1833,0,0,0
40.2205,76642,766650539,1839,0,0,0
40.2331,76643,766660539,1836,0,0,0
40.2425,76644,766670539,1840,0,0,0
40.2504,76645,766680538,1840,0,0,0
40.2602,76646,766690539,1821,0,0,0
40.2701,76647,766700538,1847,0,0,0
40.2803,76648,766710539,1828,0,0,0
40.2901,76649,766720539,1839,0,0,0
40.3001,76650,766730539,1841,0,0,0
40.3101,76651,766740538,1857,0,0,0
40.3201,76652,766750539,1841,0,0,0
40.3300,76653,766760539,1831,0,0,0
40.3407,76654,766770539,1814,0,0,0
40.3517,76655,766780539,1840,0,0,0
40.3643,76656,766790539,1837,0,0,0
40.3734,76657,766800539,1861,0,0,0
40.3800,76658,766810538,1843,0,0,0
40.3980,76659,766820538,1869,0,0,0
40.4001,76660,766830539,1847,0,0,0
40.4100,76661,766840539,1851,0,0,0
40.4201,76662,766850538,1847,0,0,0
40.4302,76663,766860539,1867,0,0,0
40.4403,76664,766870539,1855,0,0,0
40.4512,76665,766880538,1853,0,0,0
40.4601,76666,766890539,1857,0,0,0
40.4702,76667,766900538,1868,0,0,0
40.4801,76668,766910539,1861,0,0,0
40.4907,76669,766920539,1866,0,0,0
40.5004,76670,766930539,1853,0,0,0
40.5151,76671,766940539,1889,0,0,0
40.5201,76672,766950539,1881,0,0,0
40.5308,76673,766960539,1869,0,0,0
40.5407,76674,766970539,1856,0,0,0
40.5511,76675,766980539,1879,0,0,0
40.5614,76676,766990539,1852,0,0,0
40.5705,76677,767000538,1883,0,0,0
40.5802,76678,767010539,1909,0,0,0
40.5902,76679,767020539,1919,0,0,0
40.6001,76680,767030539,1952,0,0,0
40.6100,76681,767040538,2030,0,0,0
40.6203,76682,767050539,1991,0,0,0
40.6301,76683,767060539,1975,0,0,0
40.6401,76684,767070538,1900,0,0,0
40.6501,76685,767080538,1869,0,0,0
40.6604,76686,767090539,1843,0,0,0
40.6742,76687,767100539,1839,0,0,0
40.6800,76688,767110539,1808,0,0,0
40.7012,76689,767120539,1810,0,0,0
40.7029,76690,767130539,1813,0,0,0
40.7102,76691,767140539,1792,0,0,0
40.7222,76692,767150539,1491,0,0,0
40.7303,76693,767160539,1729,0,0,0
40.7419,76694,767170539,2743,0,0,0
40.7501,76695,767180538,3522,0,0,0
40.7600,76696,767190539,2107,0,0,0
40.7702,76697,767200539,1797,0,0,0
40.7800,76698,767210539,1782,0,0,0
40.7901,76699,767220539,1840,0,0,0
40.8003,76700,767230538,1759,0,0,0
40.8101,76701,767240539,1762,0,0,0
40.8201,76702,767250539,1764,0,0,0
40.8301,76703,767260539,1773,0,0,0
40.8400,76704,767270539,1777,0,0,0
40.8501,76705,767280539,1788,0,0,0
40.8601,76706,767290538,1788,0,0,0
40.8702,76707,767300538,1808,0,0,0
40.8802,76708,767310539,1805,0,0,0
40.8900,76709,767320539,1810,0,0,0
40.9000,76710,767330539,1806,0,0,0
40.9102,76711,767340538,1821,0,0,0
40.9201,76712,767350539,1810,0,0,0
40.9301,76713,767360538,1819,0,0,0
40.9402,76714,767370539,1827,0,0,0
40.9502,76715,767380538,1851,0,0,0
40.9614,76716,767390539,1843,0,0,0
40.9708,76717,767400539,1867,0,0,0
40.9802,76718,767410539,1873,0,0,0
40.9901,76719,767420539,1903,0,0,0
41.0002,76720,767430539,1907,0,0,0
41.0101,76721,767440539,1937,0,0,0
41.0200,76722,767450539,1946,0,0,0
41.0302,76723,767460539,1950,0,0,0
41.0402,76724,767470539,1936,0,0,0
41.0501,76725,767480539,1937,0,0,0
41.0602,76726,767490539,1891,0,0,0
41.0700,76727,767500538,1856,0,0,0
41.0800,76728,767510539,1829,0,0,0
41.0902,76729,767520538,1814,0,0,0
41.1001,76730,767530539,1784,0,0,0
41.1102,76731,767540539,1781,0,0,0
41.1201,76732,767550539,1776,0,0,0
41.1301,76733,767560539,1776,0,0,0
41.1401,76734,767570538,1751,0,0,0
41.1501,76735,767580538,1749,0,0,0
41.1600,76736,767590539,1762,0,0,0
41.1701,76737,767600539,1775,0,0,0
41.1802,76738,767610539,1767,0,0,0
41.1901,76739,767620539,1776,0,0,0
41.2001,76740,767630539,1776,0,0,0
41.2101,76741,767640539,1783,0,0,0
41.2201,76742,767650539,1787,0,0,0
41.2302,76743,767660539,1794,0,0,0
41.2402,76744,767670539,1787,0,0,0
41.2500,76745,767680538,1795,0,0,0
41.2600,76746,767690539,1791,0,0,0
41.2702,76747,767700539,1805,0,0,0
41.2815,76748,767710539,1782,0,0,0
41.2900,76749,767720538,1808,0,0,0
41.3001,76750,767730539,1794,0,0,0
41.3101,76751,767740539,1803,0,0,0
41.3200,76752,767750538,1791,0,0,0
41.3301,76753,767760539,1798,0,0,0
41.3403,76754,767770539,1786,0,0,0
41.3502,76755,767780539,1803,0,0,0
41.3602,76756,767790539,1789,0,0,0
41.3700,76757,767800539,1789,0,0,0
41.3802,76758,767810539,1789,0,0,0
41.3901,76759,767820539,1803,0,0,0
41.4001,76760,767830539,1787,0,0,0
41.4100,76761,767840539,1793,0,0,0
41.4202,76762,767850539,1793,0,0,0
41.4301,76763,767860539,1795,0,0,0
41.4417,76764,767870539,1788,0,0,0
41.4501,76765,767880539,1798,0,0,0
41.4601,76766,767890539,1781,0,0,0
41.4701,76767,767900539,1810,0,0,0
41.4801,76768,767910538,1795,0,0,0
41.4913,76769,767920539,1808,0,0,0
41.5020,76770,767930539,1808,0,0,0
41.5102,76771,767940538,1809,0,0,0
41.5200,76772,767950539,1808,0,0,0
41.5301,76773,767960538,1822,0,0,0
41.5401,76774,767970539,1814,0,0,0
41.5500,76775,767980539,1826,0,0,0
41.5600,76776,767990539,1815,0,0,0
41.5701,76777,768000538,1828,0,0,0
41.5801,76778,768010539,1808,0,0,0
41.5900,76779,768020539,1825,0,0,0
41.6003,76780,768030539,1823,0,0,0
41.6101,76781,768040539,1825,0,0,0
41.6201,76782,768050539,1823,0,0,0
41.6303,76783,768060539,1834,0,0,0
41.6401,76784,768070539,1819,0,0,0
41.6500,76785,768080539,1830,0,0,0
41.6602,76786,768090539,1830,0,0,0
41.6701,76787,768100539,1850,0,0,0
41.6800,76788,768110539,1857,0,0,0
41.6902,76789,768120539,1903,0,0,0
41.7001,76790,768130539,1906,0,0,0
41.7101,76791,768140539,1991,0,0,0
41.7202,76792,768150539,1990,0,0,0
41.7302,76793,768160538,1981,0,0,0
41.7420,76794,768170539,1901,0,0,0
41.7502,76795,768180539,1850,0,0,0
41.7601,76796,768190538,1823,0,0,0
41.7701,76797,768200539,1825,0,0,0
41.7803,76798,768210539,1806,0,0,0
41.7903,76799,768220539,1806,0,0,0
41.8003,76800,768230539,1793,0,0,0
41.8102,76801,768240538,1776,0,0,0
41.8203,76802,768250539,1488,0,0,0
41.8302,76803,768260539,1610,0,0,0
41.8401,76804,768270538,2477,0,0,0
41.8501,76805,768280538,3910,0,0,0
41.8602,76806,768290539,2330,0,0,0
41.8701,76807,768300539,1616,0,0,0
41.8803,76808,768310538,1741,0,0,0
41.8902,76809,768320538,1809,0,0,0
41.9001,76810,768330539,1710,0,0,0
41.9100,76811,768340538,1729,0,0,0
41.9201,76812,768350539,1731,0,0,0
41.9301,76813,768360539,1744,0,0,0
41.9400,76814,768370539,1749,0,0,0
41.9501,76815,768380538,1760,0,0,0
41.9602,76816,768390539,1758,0,0,0
41.9700,76817,768400539,1781,0,0,0
41.9805,76818,768410539,1777,0,0,0
41.9899,76819,768420539,1783,0,0,0
42.0000,76820,768430538,1792,0,0,0
42.0100,76821,768440539,1803,0,0,0
42.0202,76822,768450539,1813,0,0,0
42.0302,76823,768460538,1817,0,0,0
42.0400,76824,768470539,1819,0,0,0
42.0502,76825,768480539,1839,0,0,0
42.0601,76826,768490538,1842,0,0,0
42.0701,76827,768500539,1870,0,0,0
42.0802,76828,768510539,1874,0,0,0
42.0900,76829,768520538,1909,0,0,0
42.1001,76830,768530539,1919,0,0,0
42.1102,76831,768540539,1939,0,0,0
42.1201,76832,768550539,1955,0,0,0
42.1301,76833,768560538,1970,0,0,0
42.1401,76834,768570539,1937,0,0,0
42.1501,76835,768580539,1936,0,0,0
42.1601,76836,768590539,1901,0,0,0
42.1702,76837,768600539,1871,0,0,0
42.1800,76838,768610539,1837,0,0,0
42.1902,76839,768620538,1821,0,0,0
42.2002,76840,768630539,1798,0,0,0
42.2101,76841,768640539,1799,0,0,0
42.2202,76842,768650539,1791,0,0,0
42.2302,76843,768660539,1797,0,0,0
42.2400,76844,768670539,1795,0,0,0
42.2501,76845,768680539,1806,0,0,0
42.2601,76846,768690538,1808,0,0,0
42.2702,76847,768700539,1800,0,0,0
42.2807,76848,768710539,1807,0,0,0
42.2901,76849,768720539,1811,0,0,0
42.3001,76850,768730538,1815,0,0,0
42.3101,76851,768740539,1821,0,0,0
42.3201,76852,768750539,1811,0,0,0
42.3301,76853,768760538,1832,0,0,0
42.3402,76854,768770539,1825,0,0,0
42.3501,76855,768780539,1839,0,0,0
42.3602,76856,768790538,1836,0,0,0
42.3702,76857,768800539,1829,0,0,0
42.3801,76858,768810539,1808,0,0,0
42.3901,76859,768820539,1830,0,0,0
42.4001,76860,768830538,1837,0,0,0
42.4101,76861,768840539,1841,0,0,0
42.4200,76862,768850539,1824,0,0,0
42.4302,76863,768860538,1842,0,0,0
42.4402,76864,768870539,1835,0,0,0
42.4501,76865,768880538,1828,0,0,0
42.4603,76866,768890539,1829,0,0,0
42.4699,76867,768900539,1845,0,0,0
42.4801,76868,768910539,1831,0,0,0
42.4901,76869,768920539,1840,0,0,0
42.5000,76870,768930538,1839,0,0,0
42.5101,76871,768940539,1856,0,0,0
42.5201,76872,768950539,1841,0,0,0
42.5304,76873,768960539,1841,0,0,0
42.5400,76874,768970539,1857,0,0,0
42.5503,76875,768980538,1865,0,0,0
42.5603,76876,768990539,1863,0,0,0
42.5700,76877,769000538,1872,0,0,0
42.5801,76878,769010539,1840,0,0,0
42.5901,76879,769020538,1867,0,0,0
42.6001,76880,769030539,1858,0,0,0
42.6102,76881,769040539,1872,0,0,0
42.6202,76882,769050539,1870,0,0,0
42.6301,76883,769060538,1881,0,0,0
42.6402,76884,769070539,1878,0,0,0
42.6501,76885,769080538,1871,0,0,0
42.6602,76886,769090539,1869,0,0,0
42.6701,76887,769100539,1878,0,0,0
42.6802,76888,769110538,1873,0,0,0
42.6902,76889,769120539,1877,0,0,0
42.7002,76890,769130539,1872,0,0,0
42.7101,76891,769140538,1893,0,0,0
42.7201,76892,769150539,1878,0,0,0
42.7301,76893,769160538,1886,0,0,0
42.7408,76894,769170539,1888,0,0,0
42.7501,76895,769180539,1901,0,0,0
42.7604,76896,769190538,1891,0,0,0
42.7701,76897,769200539,1883,0,0,0
42.7802,76898,769210539,1889,0,0,0
42.7902,76899,769220539,1894,0,0,0
42.8001,76900,769230538,1920,0,0,0
42.8103,76901,769240539,1953,0,0,0
42.8202,76902,769250539,1984,0,0,0
42.8301,76903,769260539,2032,0,0,0
42.8401,76904,769270538,2020,0,0,0
42.8501,76905,769280539,1977,0,0,0
42.8602,76906,769290539,1900,0,0,0
42.8702,76907,769300538,1874,0,0,0
42.8802,76908,769310539,1858,0,0,0
42.8902,76909,769320538,1862,0,0,0
42.9001,76910,769330539,1841,0,0,0
42.9101,76911,769340539,1829,0,0,0
42.9201,76912,769350538,1838,0,0,0
42.9300,76913,769360539,1695,0,0,0
42.9401,76914,769370539,1511,0,0,0
42.9500,76915,769380539,2022,0,0,0
42.9601,76916,769390539,3568,0,0,0
42.9700,76917,769400538,2922,0,0,0
42.9801,76918,769410539,1904,0,0,0
42.9901,76919,769420538,1729,0,0,0
43.0001,76920,769430539,1840,0,0,0
43.0100,76921,769440539,1798,0,0,0
43.0203,76922,769450539,1774,0,0,0
43.0300,76923,769460539,1787,0,0,0
43.0401,76924,769470539,1787,0,0,0
43.0502,76925,769480538,1809,0,0,0
43.0601,76926,769490539,1779,0,0,0
43.0701,76927,769500539,1807,0,0,0
43.0801,76928,769510538,1815,0,0,0
43.0901,76929,769520539,1824,0,0,0
43.1002,76930,769530539,1805,0,0,0
43.1103,76931,769540538,1817,0,0,0
43.1201,76932,769550539,1833,0,0,0
43.1302,76933,769560539,1840,0,0,0
43.1402,76934,769570539,1840,0,0,0
43.1502,76935,769580538,1843,0,0,0
43.1603,76936,769590539,1841,0,0,0
43.1703,76937,769600539,1873,0,0,0
43.1802,76938,769610539,1857,0,0,0
43.1901,76939,769620539,1886,0,0,0
43.2000,76940,769630539,1903,0,0,0
43.2100,76941,769640539,1935,0,0,0
43.2200,76942,769650539,1931,0,0,0
43.2301,76943,769660539,1947,0,0,0
43.2401,76944,769670538,1951,0,0,0
43.2501,76945,769680538,1968,0,0,0
43.2615,76946,769690539,1943,0,0,0
43.2715,76947,769700538,1922,0,0,0
43.2812,76948,769710539,1877,0,0,0
43.2910,76949,769720538,1862,0,0,0
43.3007,76950,769730539,1829,0,0,0
43.3100,76951,769740538,1807,0,0,0
43.3201,76952,769750539,1780,0,0,0
43.3300,76953,769760539,1781,0,0,0
43.3401,76954,769770538,1786,0,0,0
43.3503,76955,769780539,1790,0,0,0
43.3603,76956,769790538,1790,0,0,0
43.3703,76957,769800539,1777,0,0,0
43.3803,76958,769810539,1782,0,0,0
43.3903,76959,769820539,1794,0,0,0
43.4003,76960,769830539,1779,0,0,0
43.4104,76961,769840539,1793,0,0,0
43.4203,76962,769850539,1802,0,0,0
43.4304,76963,769860538,1808,0,0,0
43.4401,76964,769870539,1803,0,0,0
43.4501,76965,769880539,1817,0,0,0
43.4604,76966,769890539,1804,0,0,0
43.4702,76967,769900538,1813,0,0,0
43.4802,76968,769910539,1821,0,0,0
43.4902,76969,769920539,1823,0,0,0
43.5013,76970,769930539,1808,0,0,0
43.5102,76971,769940539,1814,0,0,0
43.5201,76972,769950539,1813,0,0,0
43.5302,76973,769960539,1815,0,0,0
43.5400,76974,769970539,1812,0,0,0
43.5502,76975,769980539,1817,0,0,0
43.5601,76976,769990539,1803,0,0,0
43.5701,76977,770000538,1805,0,0,0
43.5802,76978,770010539,1803,0,0,0
43.5902,76979,770020538,1809,0,0,0
43.6004,76980,770030539,1809,0,0,0
43.6103,76981,770040539,1809,0,0,0
43.6202,76982,770050539,1808,0,0,0
43.6302,76983,770060539,1818,0,0,0
43.6403,76984,770070539,1809,0,0,0
43.6503,76985,770080538,1809,0,0,0
43.6608,76986,770090539,1808,0,0,0
43.6703,76987,770100538,1827,0,0,0
43.6801,76988,770110539,1819,0,0,0
43.6905,76989,770120539,1825,0,0,0
43.7003,76990,770130538,1815,0,0,0
43.7101,76991,770140539,1831,0,0,0
43.7202,76992,770150538,1822,0,0,0
43.7300,76993,770160539,1826,0,0,0
43.7405,76994,770170539,1815,0,0,0
43.7501,76995,770180539,1831,0,0,0
43.7601,76996,770190539,1827,0,0,0
43.7700,76997,770200538,1835,0,0,0
43.7811,76998,770210539,1827,0,0,0
43.7901,76999,770220538,1831,0,0,0
43.8001,77000,770230539,1827,0,0,0
43.8102,77001,770240538,1849,0,0,0
43.8201,77002,770250539,1847,0,0,0
43.8302,77003,770260539,1878,0,0,0
43.8403,77004,770270539,1891,0,0,0
43.8501,77005,770280539,1945,0,0,0
43.8601,77006,770290538,1983,0,0,0
43.8702,77007,770300539,1985,0,0,0
43.8802,77008,770310539,1951,0,0,0
43.8903,77009,770320539,1862,0,0,0
43.9002,77010,770330539,1831,0,0,0
43.9101,77011,770340539,1822,0,0,0
43.9201,77012,770350539,1808,0,0,0
43.9301,77013,770360538,1810,0,0,0
43.9401,77014,770370539,1797,0,0,0
43.9502,77015,770380538,1797,0,0,0
43.9601,77016,770390539,1757,0,0,0
43.9702,77017,770400539,1493,0,0,0
43.9806,77018,770410539,1712,0,0,0
43.9900,77019,770420539,2765,0,0,0
44.0001,77020,770430539,3625,0,0,0
44.0102,77021,770440538,2176,0,0,0
44.0200,77022,770450539,1648,0,0,0
44.0302,77023,770460539,1778,0,0,0
44.0402,77024,770470539,1799,0,0,0
44.0502,77025,770480539,1728,0,0,0
44.0601,77026,770490539,1731,0,0,0
44.0702,77027,770500539,1745,0,0,0
44.0800,77028,770510539,1755,0,0,0
44.0900,77029,770520538,1762,0,0,0
44.1001,77030,770530539,1762,0,0,0
44.1101,77031,770540539,1789,0,0,0
44.1201,77032,770550538,1787,0,0,0
44.1301,77033,770560538,1795,0,0,0
44.1402,77034,770570539,1791,0,0,0
44.1502,77035,770580539,1799,0,0,0
44.1603,77036,770590539,1794,0,0,0
44.1702,77037,770600539,1817,0,0,0
44.1802,77038,770610538,1808,0,0,0
44.1904,77039,770620539,1835,0,0,0
44.2002,77040,770630539,1827,0,0,0
44.2101,77041,770640539,1847,0,0,0
44.2202,77042,770650539,1850,0,0,0
44.2301,77043,770660538,1871,0,0,0
44.2402,77044,770670539,1890,0,0,0
44.2501,77045,770680539,1914,0,0,0
44.2600,77046,770690538,1922,0,0,0
44.2701,77047,770700539,1939,0,0,0
44.2811,77048,770710539,1935,0,0,0
44.2901,77049,770720538,1936,0,0,0
44.3002,77050,770730539,1904,0,0,0
44.3100,77051,770740539,1878,0,0,0
44.3201,77052,770750538,1845,0,0,0
44.3301,77053,770760539,1813,0,0,0
44.3403,77054,770770539,1791,0,0,0
44.3502,77055,770780538,1780,0,0,0
44.3601,77056,770790539,1776,0,0,0
44.3703,77057,770800539,1787,0,0,0
44.3802,77058,770810539,1779,0,0,0
44.3902,77059,770820539,1787,0,0,0
44.4002,77060,770830539,1778,0,0,0
44.4102,77061,770840539,1787,0,0,0
44.4203,77062,770850539,1790,0,0,0
44.4304,77063,770860538,1803,0,0,0
44.4401,77064,770870539,1793,0,0,0
44.4503,77065,770880539,1807,0,0,0
44.4603,77066,770890539,1798,0,0,0
44.4702,77067,770900539,1808,0,0,0
44.4802,77068,770910538,1810,0,0,0
44.4903,77069,770920539,1815,0,0,0
44.5002,77070,770930539,1808,0,0,0
44.5106,77071,770940539,1826,0,0,0
44.5202,77072,770950539,1815,0,0,0
44.5302,77073,770960539,1818,0,0,0
44.5403,77074,770970539,1825,0,0,0
44.5507,77075,770980538,1819,0,0,0
44.5603,77076,770990539,1818,0,0,0
44.5702,77077,771000539,1836,0,0,0
44.5803,77078,771010539,1826,0,0,0
44.5900,77079,771020539,1827,0,0,0
44.6002,77080,771030539,1821,0,0,0
44.6102,77081,771040539,1821,0,0,0
44.6200,77082,771050539,1828,0,0,0
44.6302,77083,771060539,1823,0,0,0
44.6402,77084,771070538,1822,0,0,0
44.6502,77085,771080539,1826,0,0,0
44.6602,77086,771090539,1823,0,0,0
44.6703,77087,771100538,1835,0,0,0
44.6801,77088,771110539,1827,0,0,0
44.6905,77089,771120539,1847,0,0,0
44.7008,77090,771130539,1833,0,0,0
44.7104,77091,771140539,1847,0,0,0
44.7201,77092,771150539,1840,0,0,0
44.7307,77093,771160539,1850,0,0,0
44.7401,77094,771170538,1849,0,0,0
44.7505,77095,771180539,1856,0,0,0
44.7601,77096,771190539,1854,0,0,0
44.7699,77097,771200539,1859,0,0,0
44.7802,77098,771210539,1857,0,0,0
44.7900,77099,771220539,1856,0,0,0
44.8000,77100,771230539,1858,0,0,0
44.8101,77101,771240538,1863,0,0,0
44.8201,77102,771250539,1853,0,0,0
44.8301,77103,771260539,1857,0,0,0
44.8401,77104,771270539,1858,0,0,0
44.8503,77105,771280539,1862,0,0,0
44.8608,77106,771290539,1861,0,0,0
44.8704,77107,771300539,1867,0,0,0
44.8808,77108,771310539,1871,0,0,0
44.8902,77109,771320538,1857,0,0,0
44.9007,77110,771330539,1866,0,0,0
44.9104,77111,771340539,1872,0,0,0
44.9204,77112,771350539,1855,0,0,0
44.9306,77113,771360539,1871,0,0,0
44.9407,77114,771370539,1874,0,0,0
44.9504,77115,771380539,1902,0,0,0
44.9602,77116,771390539,1922,0,0,0
44.9701,77117,771400539,1953,0,0,0
44.9806,77118,771410539,2018,0,0,0
44.9914,77119,771420538,2014,0,0,0
45.0000,77120,771430539,1991,0,0,0
45.0110,77121,771440539,1909,0,0,0
45.0200,77122,771450538,1858,0,0,0
45.0303,77123,771460539,1858,0,0,0
45.0402,77124,771470539,1854,0,0,0
45.0502,77125,771480539,1836,0,0,0
45.0602,77126,771490539,1823,0,0,0
45.0701,77127,771500539,1823,0,0,0
45.0802,77128,771510539,1801,0,0,0
45.0902,77129,771520539,1511,0,0,0
45.1002,77130,771530539,1644,0,0,0
45.1101,77131,771540539,2542,0,0,0
45.1202,77132,771550539,3889,0,0,0
45.1302,77133,771560538,2319,0,0,0
45.1402,77134,771570539,1633,0,0,0
45.1503,77135,771580539,1766,0,0,0
45.1602,77136,771590539,1808,0,0,0
45.1702,77137,771600539,1737,0,0,0
45.1803,77138,771610538,1754,0,0,0
45.1903,77139,771620539,1774,0,0,0
45.2001,77140,771630539,1773,0,0,0
45.2104,77141,771640538,1787,0,0,0
45.2202,77142,771650539,1795,0,0,0
45.2303,77143,771660539,1799,0,0,0
45.2412,77144,771670539,1808,0,0,0
45.2502,77145,771680539,1824,0,0,0
45.2602,77146,771690538,1821,0,0,0
45.2702,77147,771700539,1820,0,0,0
45.2804,77148,771710539,1815,0,0,0
45.2906,77149,771720539,1841,0,0,0
45.3002,77150,771730539,1844,0,0,0
45.3102,77151,771740539,1845,0,0,0
45.3203,77152,771750538,1849,0,0,0
45.3302,77153,771760539,1876,0,0,0
45.3402,77154,771770539,1907,0,0,0
45.3501,77155,771780538,1924,0,0,0
45.3600,77156,771790539,1927,0,0,0
45.3702,77157,771800538,1957,0,0,0
45.3803,77158,771810539,1979,0,0,0
45.3902,77159,771820539,1987,0,0,0
45.4003,77160,771830538,1978,0,0,0
45.4103,77161,771840539,1971,0,0,0
45.4203,77162,771850539,1967,0,0,0
45.4305,77163,771860539,1932,0,0,0
45.4401,77164,771870539,1922,0,0,0
45.4505,77165,771880539,1867,0,0,0
45.4606,77166,771890539,1840,0,0,0
45.4703,77167,771900539,1846,0,0,0
45.4807,77168,771910539,1834,0,0,0
45.4902,77169,771920539,1825,0,0,0
45.5005,77170,771930539,1840,0,0,0
45.5102,77171,771940539,1839,0,0,0
45.5201,77172,771950539,1840,0,0,0
45.5303,77173,771960539,1840,0,0,0
45.5402,77174,771970539,1833,0,0,0
45.5501,77175,771980538,1840,0,0,0
45.5604,77176,771990539,1830,0,0,0
45.5702,77177,772000539,1840,0,0,0
45.5802,77178,772010539,1841,0,0,0
45.5901,77179,772020539,1843,0,0,0
45.6001,77180,772030539,1841,0,0,0
45.6106,77181,772040538,1851,0,0,0
45.6204,77182,772050539,1859,0,0,0
45.6302,77183,772060538,1863,0,0,0
45.6403,77184,772070539,1843,0,0,0
45.6507,77185,772080538,1847,0,0,0
45.6607,77186,772090539,1858,0,0,0
45.6704,77187,772100539,1860,0,0,0
45.6802,77188,772110538,1854,0,0,0
45.6903,77189,772120538,1855,0,0,0
45.7004,77190,772130539,1855,0,0,0
45.7107,77191,772140538,1872,0,0,0
45.7203,77192,772150539,1872,0,0,0
45.7306,77193,772160539,1849,0,0,0
45.7402,77194,772170539,1858,0,0,0
45.7501,77195,772180539,1861,0,0,0
45.7603,77196,772190538,1863,0,0,0
45.7701,77197,772200539,1863,0,0,0
45.7805,77198,772210538,1864,0,0,0
45.7901,77199,772220538,1847,0,0,0
45.8002,77200,772230539,1858,0,0,0
45.8101,77201,772240538,1858,0,0,0
45.8201,77202,772250539,1863,0,0,0
45.8302,77203,772260538,1853,0,0,0
45.8402,77204,772270539,1856,0,0,0
45.8500,77205,772280539,1867,0,0,0
45.8602,77206,772290539,1856,0,0,0
45.8704,77207,772300539,1856,0,0,0
45.8802,77208,772310538,1847,0,0,0
45.8904,77209,772320539,1851,0,0,0
45.9007,77210,772330539,1867,0,0,0
45.9105,77211,772340539,1842,0,0,0
45.9204,77212,772350538,1838,0,0,0
45.9308,77213,772360538,1840,0,0,0
45.9405,77214,772370539,1829,0,0,0
45.9504,77215,772380539,1851,0,0,0
45.9602,77216,772390539,1856,0,0,0
45.9702,77217,772400539,1865,0,0,0
45.9801,77218,772410539,1859,0,0,0
45.9903,77219,772420539,1870,0,0,0
46.0001,77220,772430539,1866,0,0,0
46.0103,77221,772440539,1879,0,0,0
46.0201,77222,772450539,1885,0,0,0
46.0310,77223,772460538,1899,0,0,0
46.0403,77224,772470539,1921,0,0,0
46.0503,77225,772480539,2000,0,0,0
46.0601,77226,772490539,2019,0,0,0
46.0703,77227,772500539,2009,0,0,0
46.0802,77228,772510539,1919,0,0,0
46.0902,77229,772520539,1869,0,0,0
46.1002,77230,772530538,1838,0,0,0
46.1101,77231,772540538,1836,0,0,0
46.1201,77232,772550539,1826,0,0,0
46.1304,77233,772560538,1825,0,0,0
46.1403,77234,772570539,1812,0,0,0
46.1503,77235,772580538,1805,0,0,0
46.1602,77236,772590539,1556,0,0,0
46.1703,77237,772600539,1575,0,0,0
46.1803,77238,772610539,2311,0,0,0
46.1903,77239,772620539,3850,0,0,0
46.2004,77240,772630539,2391,0,0,0
46.2107,77241,772640538,1813,0,0,0
46.2202,77242,772650539,1728,0,0,0
46.2302,77243,772660539,1814,0,0,0
46.2417,77244,772670539,1743,0,0,0
46.2505,77245,772680539,1733,0,0,0
46.2607,77246,772690539,1739,0,0,0
46.2714,77247,772700538,1758,0,0,0
46.2802,77248,772710539,1759,0,0,0
46.2902,77249,772720539,1744,0,0,0
46.3002,77250,772730539,1767,0,0,0
46.3101,77251,772740539,1775,0,0,0
46.3201,77252,772750539,1779,0,0,0
46.3300,77253,772760538,1776,0,0,0
46.3401,77254,772770539,1782,0,0,0
46.3501,77255,772780539,1792,0,0,0
46.3603,77256,772790539,1801,0,0,0
46.3702,77257,772800539,1811,0,0,0
46.3803,77258,772810539,1811,0,0,0
46.3903,77259,772820539,1820,0,0,0
46.4003,77260,772830539,1839,0,0,0
46.4103,77261,772840539,1843,0,0,0
46.4203,77262,772850538,1863,0,0,0
46.4308,77263,772860538,1869,0,0,0
46.4407,77264,772870539,1875,0,0,0
46.4502,77265,772880538,1899,0,0,0
46.4607,77266,772890539,1911,0,0,0
46.4703,77267,772900538,1928,0,0,0
46.4806,77268,772910539,1931,0,0,0
46.4916,77269,772920539,1906,0,0,0
46.5004,77270,772930539,1875,0,0,0
46.5100,77271,772940539,1859,0,0,0
46.5201,77272,772950538,1809,0,0,0
46.5303,77273,772960539,1801,0,0,0
46.5401,77274,772970539,1787,0,0,0
46.5501,77275,772980539,1785,0,0,0
46.5601,77276,772990539,1781,0,0,0
46.5701,77277,773000539,1779,0,0,0
46.5801,77278,773010538,1786,0,0,0
46.5908,77279,773020538,1793,0,0,0
46.6005,77280,773030539,1788,0,0,0
46.6108,77281,773040539,1792,0,0,0
46.6205,77282,773050538,1808,0,0,0
46.6303,77283,773060538,1803,0,0,0
46.6402,77284,773070539,1808,0,0,0
46.6507,77285,773080538,1807,0,0,0
46.6603,77286,773090539,1818,0,0,0
46.6704,77287,773100539,1821,0,0,0
46.6803,77288,773110539,1818,0,0,0
46.6903,77289,773120539,1823,0,0,0
46.7005,77290,773130539,1825,0,0,0
46.7102,77291,773140539,1824,0,0,0
46.7201,77292,773150539,1824,0,0,0
46.7304,77293,773160539,1819,0,0,0
46.7403,77294,773170539,1821,0,0,0
46.7510,77295,773180538,1828,0,0,0
46.7600,77296,773190539,1826,0,0,0
46.7703,77297,773200539,1824,0,0,0
46.7801,77298,773210539,1815,0,0,0
46.7901,77299,773220538,1813,0,0,0
46.8002,77300,773230539,1827,0,0,0
46.8101,77301,773240539,1820,0,0,0
46.8201,77302,773250539,1818,0,0,0
46.8302,77303,773260539,1825,0,0,0
46.8401,77304,773270539,1824,0,0,0
46.8502,77305,773280538,1824,0,0,0
46.8602,77306,773290539,1825,0,0,0
46.8703,77307,773300539,1827,0,0,0
46.8802,77308,773310539,1840,0,0,0
46.8903,77309,773320539,1840,0,0,0
46.9002,77310,773330539,1839,0,0,0
46.9103,77311,773340538,1840,0,0,0
46.9203,77312,773350539,1849,0,0,0
46.9303,77313,773360539,1850,0,0,0
46.9402,77314,773370538,1868,0,0,0
46.9505,77315,773380539,1849,0,0,0
46.9603,77316,773390539,1855,0,0,0
46.9705,77317,773400538,1854,0,0,0
46.9802,77318,773410539,1859,0,0,0
46.9910,77319,773420538,1856,0,0,0
47.0001,77320,773430539,1859,0,0,0
47.0102,77321,773440539,1847,0,0,0
47.0203,77322,773450539,1858,0,0,0
47.0301,77323,773460538,1853,0,0,0
47.0403,77324,773470539,1860,0,0,0
47.0505,77325,773480539,1856,0,0,0
47.0602,77326,773490538,1865,0,0,0
47.0702,77327,773500539,1851,0,0,0
47.0800,77328,773510539,1856,0,0,0
47.0901,77329,773520539,1862,0,0,0
47.1002,77330,773530538,1863,0,0,0
47.1102,77331,773540539,1861,0,0,0
47.1201,77332,773550539,1867,0,0,0
47.1301,77333,773560539,1887,0,0,0
47.1401,77334,773570538,1916,0,0,0
47.1503,77335,773580538,1930,0,0,0
47.1602,77336,773590539,1990,0,0,0
47.1701,77337,773600539,2003,0,0,0
47.1802,77338,773610538,1990,0,0,0
47.1902,77339,773620539,1933,0,0,0
47.2002,77340,773630539,1856,0,0,0
47.2102,77341,773640539,1841,0,0,0
47.2203,77342,773650539,1847,0,0,0
47.2305,77343,773660539,1831,0,0,0
47.2402,77344,773670539,1823,0,0,0
47.2502,77345,773680538,1807,0,0,0
47.2603,77346,773690539,1789,0,0,0
47.2703,77347,773700539,1494,0,0,0
47.2802,77348,773710538,1625,0,0,0
47.2902,77349,773720539,2554,0,0,0
47.3001,77350,773730539,3879,0,0,0
47.3102,77351,773740539,2295,0,0,0
47.3201,77352,773750539,1621,0,0,0
47.3302,77353,773760539,1772,0,0,0
47.3408,77354,773770539,1808,0,0,0
47.3503,77355,773780539,1730,0,0,0
47.3603,77356,773790539,1743,0,0,0
47.3703,77357,773800538,1745,0,0,0
47.3802,77358,773810539,1761,0,0,0
47.3900,77359,773820538,1761,0,0,0
47.4003,77360,773830539,1776,0,0,0
47.4103,77361,773840538,1774,0,0,0
47.4203,77362,773850539,1794,0,0,0
47.4303,77363,773860539,1786,0,0,0
47.4402,77364,773870539,1788,0,0,0
47.4507,77365,773880539,1792,0,0,0
47.4606,77366,773890539,1808,0,0,0
47.4701,77367,773900539,1815,0,0,0
47.4808,77368,773910539,1826,0,0,0
47.4902,77369,773920539,1825,0,0,0
47.5005,77370,773930539,1829,0,0,0
47.5102,77371,773940538,1843,0,0,0
47.5201,77372,773950539,1861,0,0,0
47.5303,77373,773960539,1872,0,0,0
47.5401,77374,773970539,1891,0,0,0
47.5502,77375,773980539,1915,0,0,0
47.5600,77376,773990538,1936,0,0,0
47.5702,77377,774000538,1943,0,0,0
47.5803,77378,774010539,1957,0,0,0
47.5904,77379,774020539,1939,0,0,0
47.6008,77380,774030539,1919,0,0,0
47.6107,77381,774040538,1894,0,0,0
47.6204,77382,774050539,1866,0,0,0
47.6307,77383,774060539,1833,0,0,0
47.6407,77384,774070539,1825,0,0,0
47.6509,77385,774080539,1794,0,0,0
47.6608,77386,774090539,1802,0,0,0
47.6703,77387,774100539,1789,0,0,0
47.6803,77388,774110538,1789,0,0,0
47.6908,77389,774120539,1791,0,0,0
47.7006,77390,774130539,1792,0,0,0
47.7101,77391,774140539,1786,0,0,0
47.7204,77392,774150539,1785,0,0,0
47.7302,77393,774160539,1803,0,0,0
47.7413,77394,774170539,1795,0,0,0
47.7501,77395,774180539,1780,0,0,0
47.7607,77396,774190539,1795,0,0,0
47.7715,77397,774200538,1801,0,0,0
47.7808,77398,774210539,1808,0,0,0
47.7903,77399,774220539,1805,0,0,0
47.8001,77400,774230539,1814,0,0,0
47.8101,77401,774240538,1811,0,0,0
47.8203,77402,774250539,1838,0,0,0
47.8301,77403,774260539,1825,0,0,0
47.8402,77404,774270539,1825,0,0,0
47.8502,77405,774280539,1822,0,0,0
47.8601,77406,774290538,1819,0,0,0
47.8704,77407,774300538,1827,0,0,0
47.8803,77408,774310539,1830,0,0,0
47.8902,77409,774320539,1827,0,0,0
47.9004,77410,774330539,1829,0,0,0
47.9103,77411,774340538,1831,0,0,0
47.9202,77412,774350539,1825,0,0,0
47.9308,77413,774360539,1827,0,0,0
47.9408,77414,774370538,1834,0,0,0
47.9508,77415,774380539,1837,0,0,0
47.9604,77416,774390539,1841,0,0,0
47.9701,77417,774400538,1841,0,0,0
47.9806,77418,774410539,1841,0,0,0
47.9915,77419,774420539,1845,0,0,0
48.0002,77420,774430539,1857,0,0,0
48.0103,77421,774440538,1851,0,0,0
48.0204,77422,774450539,1861,0,0,0
48.0302,77423,774460539,1855,0,0,0
48.0403,77424,774470539,1866,0,0,0
48.0503,77425,774480538,1854,0,0,0
48.0601,77426,774490539,1854,0,0,0
48.0701,77427,774500538,1868,0,0,0
48.0803,77428,774510539,1875,0,0,0
48.0900,77429,774520539,1858,0,0,0
48.1001,77430,774530539,1878,0,0,0
48.1103,77431,774540539,1872,0,0,0
48.1201,77432,774550539,1877,0,0,0
48.1303,77433,774560539,1877,0,0,0
48.1405,77434,774570539,1873,0,0,0
48.1504,77435,774580539,1878,0,0,0
48.1603,77436,774590539,1885,0,0,0
48.1705,77437,774600539,1878,0,0,0
48.1802,77438,774610539,1894,0,0,0
48.1906,77439,774620539,1888,0,0,0
48.2003,77440,774630538,1891,0,0,0
48.2102,77441,774640539,1890,0,0,0
48.2204,77442,774650539,1921,0,0,0
48.2303,77443,774660538,1925,0,0,0
48.2408,77444,774670539,1987,0,0,0
48.2504,77445,774680539,2027,0,0,0
48.2603,77446,774690538,2027,0,0,0
48.2702,77447,774700539,1947,0,0,0
48.2802,77448,774710539,1865,0,0,0
48.2903,77449,774720539,1847,0,0,0
48.3002,77450,774730538,1858,0,0,0
48.3101,77451,774740538,1840,0,0,0
48.3205,77452,774750539,1839,0,0,0
48.3303,77453,774760539,1822,0,0,0
48.3402,77454,774770539,1808,0,0,0
48.3502,77455,774780538,1643,0,0,0
48.3601,77456,774790539,1501,0,0,0
48.3701,77457,774800539,2066,0,0,0
48.3802,77458,774810539,3641,0,0,0
48.3903,77459,774820539,2736,0,0,0
48.4002,77460,774830539,1845,0,0,0
48.4104,77461,774840539,1710,0,0,0
48.4203,77462,774850539,1814,0,0,0
48.4302,77463,774860539,1763,0,0,0
48.4404,77464,774870538,1744,0,0,0
48.4504,77465,774880539,1745,0,0,0
48.4604,77466,774890539,1772,0,0,0
48.4706,77467,774900538,1767,0,0,0
48.4803,77468,774910539,1786,0,0,0
48.4904,77469,774920538,1779,0,0,0
48.5003,77470,774930539,1779,0,0,0
48.5101,77471,774940539,1785,0,0,0
48.5200,77472,774950539,1801,0,0,0
48.5304,77473,774960539,1803,0,0,0
48.5404,77474,774970538,1811,0,0,0
48.5503,77475,774980539,1817,0,0,0
48.5603,77476,774990539,1825,0,0,0
48.5701,77477,775000539,1828,0,0,0
48.5801,77478,775010539,1833,0,0,0
48.5901,77479,775020538,1840,0,0,0
48.6003,77480,775030539,1861,0,0,0
48.6105,77481,775040539,1863,0,0,0
48.6203,77482,775050539,1891,0,0,0
48.6303,77483,775060539,1900,0,0,0
48.6403,77484,775070539,1925,0,0,0
48.6503,77485,775080538,1933,0,0,0
48.6603,77486,775090539,1943,0,0,0
48.6704,77487,775100538,1938,0,0,0
48.6802,77488,775110539,1937,0,0,0
48.6903,77489,775120539,1904,0,0,0
48.7005,77490,775130539,1877,0,0,0
48.7102,77491,775140539,1846,0,0,0
48.7202,77492,775150539,1824,0,0,0
48.7305,77493,775160539,1797,0,0,0
48.7403,77494,775170538,1792,0,0,0
48.7502,77495,775180539,1781,0,0,0
48.7602,77496,775190539,1792,0,0,0
48.7702,77497,775200539,1787,0,0,0
48.7806,77498,775210538,1792,0,0,0
48.7901,77499,775220539,1779,0,0,0
48.8002,77500,775230539,1797,0,0,0
48.8103,77501,775240539,1778,0,0,0
48.8201,77502,775250538,1802,0,0,0
48.8302,77503,775260539,1795,0,0,0
48.8403,77504,775270538,1794,0,0,0
48.8504,77505,775280539,1803,0,0,0
48.8602,77506,775290539,1803,0,0,0
48.8703,77507,775300539,1797,0,0,0
48.8803,77508,775310538,1810,0,0,0
48.8904,77509,775320538,1803,0,0,0
48.9002,77510,775330539,1807,0,0,0
48.9106,77511,775340539,1795,0,0,0
48.9204,77512,775350539,1809,0,0,0
48.9305,77513,775360539,1792,0,0,0
48.9405,77514,775370539,1794,0,0,0
48.9507,77515,775380539,1787,0,0,0
48.9606,77516,775390539,1791,0,0,0
48.9704,77517,775400538,1793,0,0,0
48.9813,77518,775410539,1806,0,0,0
48.9903,77519,775420539,1790,0,0,0
49.0006,77520,775430538,1792,0,0,0
49.0100,77521,775440539,1794,0,0,0
49.0202,77522,775450539,1805,0,0,0
49.0302,77523,775460539,1786,0,0,0
49.0403,77524,775470539,1807,0,0,0
49.0503,77525,775480538,1795,0,0,0
49.0604,77526,775490539,1809,0,0,0
49.0701,77527,775500539,1807,0,0,0
49.0802,77528,775510539,1817,0,0,0
49.0903,77529,775520538,1808,0,0,0
49.1001,77530,775530539,1820,0,0,0
49.1101,77531,775540539,1815,0,0,0
49.1203,77532,775550539,1825,0,0,0
49.1303,77533,775560538,1813,0,0,0
49.1402,77534,775570539,1839,0,0,0
49.1502,77535,775580539,1830,0,0,0
49.1606,77536,775590538,1838,0,0,0
49.1702,77537,775600539,1838,0,0,0
49.1804,77538,775610539,1837,0,0,0
49.1906,77539,775620538,1829,0,0,0
49.2005,77540,775630539,1839,0,0,0
49.2101,77541,775640539,1837,0,0,0
49.2202,77542,775650539,1843,0,0,0
49.2306,77543,775660539,1837,0,0,0
49.2403,77544,775670539,1849,0,0,0
49.2500,77545,775680539,1839,0,0,0
49.2603,77546,775690538,1844,0,0,0
49.2702,77547,775700539,1842,0,0,0
49.2802,77548,775710539,1851,0,0,0
49.2901,77549,775720538,1857,0,0,0
49.3011,77550,775730539,1872,0,0,0
49.3103,77551,775740539,1883,0,0,0
49.3201,77552,775750539,1907,0,0,0
49.3305,77553,775760539,1968,0,0,0
49.3401,77554,775770538,2002,0,0,0
49.3507,77555,775780539,1983,0,0,0
49.3603,77556,775790539,1936,0,0,0
49.3703,77557,775800539,1854,0,0,0
49.3803,77558,775810539,1841,0,0,0
49.3905,77559,775820539,1823,0,0,0
49.4003,77560,775830539,1826,0,0,0
49.4103,77561,775840538,1805,0,0,0
49.4203,77562,775850539,1809,0,0,0
49.4305,77563,775860539,1808,0,0,0
49.4404,77564,775870539,1602,0,0,0
49.4504,77565,775880539,1514,0,0,0
49.4607,77566,775890539,2165,0,0,0
49.4702,77567,775900538,3981,0,0,0
49.4818,77568,775910539,2697,0,0,0
49.4914,77569,775920539,1730,0,0,0
49.5005,77570,775930538,1712,0,0,0
49.5102,77571,775940539,1831,0,0,0
49.5209,77572,775950539,1755,0,0,0
49.5303,77573,775960538,1745,0,0,0
49.5403,77574,775970539,1771,0,0,0
49.5503,77575,775980538,1773,0,0,0
49.5613,77576,775990539,1787,0,0,0
49.5702,77577,776000539,1783,0,0,0
49.5802,77578,776010539,1796,0,0,0
49.5902,77579,776020538,1792,0,0,0
49.6002,77580,776030539,1805,0,0,0
49.6103,77581,776040539,1795,0,0,0
49.6203,77582,776050539,1809,0,0,0
49.6303,77583,776060539,1811,0,0,0
49.6403,77584,776070538,1818,0,0,0
49.6503,77585,776080539,1826,0,0,0
49.6606,77586,776090539,1838,0,0,0
49.6703,77587,776100538,1840,0,0,0
49.6804,77588,776110539,1851,0,0,0
49.6909,77589,776120539,1854,0,0,0
49.7006,77590,776130539,1889,0,0,0
49.7106,77591,776140539,1901,0,0,0
49.7203,77592,776150539,1926,0,0,0
49.7311,77593,776160538,1931,0,0,0
49.7405,77594,776170539,1958,0,0,0
49.7526,77595,776180539,1950,0,0,0
49.7603,77596,776190538,1954,0,0,0
49.7701,77597,776200539,1930,0,0,0
49.7801,77598,776210539,1915,0,0,0
49.7901,77599,776220539,1867,0,0,0
49.8001,77600,776230538,1865,0,0,0
49.8101,77601,776240538,1840,0,0,0
49.8201,77602,776250539,1815,0,0,0
49.8302,77603,776260539,1802,0,0,0
49.8403,77604,776270538,1799,0,0,0
49.8501,77605,776280539,1794,0,0,0
49.8601,77606,776290539,1796,0,0,0
49.8704,77607,776300539,1791,0,0,0
49.8802,77608,776310538,1807,0,0,0
49.8903,77609,776320539,1791,0,0,0
49.9004,77610,776330538,1799,0,0,0
49.9104,77611,776340539,1793,0,0,0
49.9203,77612,776350539,1808,0,0,0
49.9304,77613,776360539,1789,0,0,0
49.9406,77614,776370539,1808,0,0,0
49.9504,77615,776380538,1803,0,0,0
49.9603,77616,776390539,1809,0,0,0
49.9702,77617,776400539,1799,0,0,0
49.9806,77618,776410539,1815,0,0,0
49.9901,77619,776420539,1817,0,0,0
50.0001,77620,776430538,1828,0,0,0
50.0110,77621,776440539,1808,0,0,0
50.0206,77622,776450539,1817,0,0,0
50.0305,77623,776460539,1808,0,0,0
50.0402,77624,776470539,1826,0,0,0
50.0506,77625,776480539,1805,0,0,0
50.0607,77626,776490538,1811,0,0,0
50.0703,77627,776500539,1799,0,0,0
50.0802,77628,776510539,1808,0,0,0
50.0902,77629,776520539,1821,0,0,0
50.1003,77630,776530539,1840,0,0,0
50.1101,77631,776540539,1820,0,0,0
50.1202,77632,776550538,1830,0,0,0
50.1303,77633,776560539,1826,0,0,0
50.1402,77634,776570539,1847,0,0,0
50.1502,77635,776580539,1833,0,0,0
50.1608,77636,776590539,1840,0,0,0
50.1717,77637,776600539,1840,0,0,0
50.1827,77638,776610539,1840,0,0,0
50.1920,77639,776620539,1840,0,0,0
50.2002,77640,776630539,1855,0,0,0
50.2105,77641,776640539,1840,0,0,0
50.2201,77642,776650539,1863,0,0,0
50.2302,77643,776660539,1846,0,0,0
50.2406,77644,776670539,1843,0,0,0
50.2503,77645,776680538,1846,0,0,0
50.2602,77646,776690539,1857,0,0,0
50.2701,77647,776700539,1849,0,0,0
50.2804,77648,776710539,1857,0,0,0
50.2904,77649,776720538,1856,0,0,0
50.3003,77650,776730539,1859,0,0,0
50.3102,77651,776740538,1855,0,0,0
50.3211,77652,776750539,1870,0,0,0
50.3335,77653,776760538,1872,0,0,0
50.3403,77654,776770539,1869,0,0,0
50.3517,77655,776780539,1866,0,0,0
50.3601,77656,776790538,1872,0,0,0
50.3703,77657,776800539,1866,0,0,0
50.3818,77658,776810539,1881,0,0,0
50.3903,77659,776820539,1875,0,0,0
50.4003,77660,776830539,1898,0,0,0
50.4102,77661,776840538,1898,0,0,0
50.4200,77662,776850539,1925,0,0,0
50.4304,77663,776860539,1951,0,0,0
50.4403,77664,776870539,1995,0,0,0
50.4504,77665,776880538,2022,0,0,0
50.4605,77666,776890539,2028,0,0,0
50.4702,77667,776900538,1986,0,0,0
50.4803,77668,776910539,1904,0,0,0
50.4937,77669,776920539,1859,0,0,0
50.5026,77670,776930539,1867,0,0,0
50.5109,77671,776940538,1853,0,0,0
50.5220,77672,776950539,1860,0,0,0
50.5303,77673,776960538,1842,0,0,0
50.5406,77674,776970539,1829,0,0,0
50.5502,77675,776980539,1723,0,0,0
50.5628,77676,776990539,1486,0,0,0
50.5700,77677,777000539,1896,0,0,0
50.5801,77678,777010539,3241,0,0,0
50.5904,77679,777020538,3135,0,0,0
50.6002,77680,777030539,1995,0,0,0
50.6102,77681,777040538,1714,0,0,0
50.6204,77682,777050539,1818,0,0,0
50.6301,77683,777060538,1799,0,0,0
50.6403,77684,777070539,1759,0,0,0
50.6503,77685,777080538,1744,0,0,0
50.6601,77686,777090539,1759,0,0,0
50.6702,77687,777100539,1759,0,0,0
50.6803,77688,777110539,1782,0,0,0
50.6914,77689,777120539,1769,0,0,0
50.7015,77690,777130538,1791,0,0,0
50.7143,77691,777140539,1776,0,0,0
50.7209,77692,777150539,1793,0,0,0
50.7311,77693,777160539,1795,0,0,0
50.7402,77694,777170539,1808,0,0,0
50.7512,77695,777180538,1807,0,0,0
50.7604,77696,777190539,1815,0,0,0
50.7702,77697,777200538,1817,0,0,0
50.7802,77698,777210539,1835,0,0,0
50.7904,77699,777220539,1840,0,0,0
50.8001,77700,777230538,1851,0,0,0
50.8103,77701,777240539,1860,0,0,0
50.8205,77702,777250539,1889,0,0,0
50.8302,77703,777260539,1887,0,0,0
50.8404,77704,777270538,1921,0,0,0
50.8503,77705,777280538,1928,0,0,0
50.8602,77706,777290539,1965,0,0,0
50.8701,77707,777300539,1949,0,0,0
50.8802,77708,777310539,1936,0,0,0
50.8902,77709,777320539,1915,0,0,0
50.9002,77710,777330538,1891,0,0,0
50.9104,77711,777340538,1851,0,0,0
50.9202,77712,777350539,1833,0,0,0
50.9302,77713,777360538,1803,0,0,0
50.9403,77714,777370539,1799,0,0,0
50.9501,77715,777380539,1782,0,0,0
50.9602,77716,777390538,1785,0,0,0
50.9702,77717,777400539,1771,0,0,0
50.9801,77718,777410539,1796,0,0,0
50.9901,77719,777420538,1781,0,0,0
51.0002,77720,777430539,1791,0,0,0
51.0101,77721,777440539,1775,0,0,0
51.0201,77722,777450538,1798,0,0,0
51.0301,77723,777460539,1778,0,0,0
51.0401,77724,777470538,1807,0,0,0
51.0501,77725,777480538,1795,0,0,0
51.0602,77726,777490539,1820,0,0,0
51.0701,77727,777500539,1808,0,0,0
51.0801,77728,777510538,1821,0,0,0
51.0902,77729,777520539,1821,0,0,0
51.1001,77730,777530539,1825,0,0,0
51.1101,77731,777540539,1814,0,0,0
51.1201,77732,777550539,1838,0,0,0
51.1301,77733,777560538,1819,0,0,0
51.1403,77734,777570539,1831,0,0,0
51.1502,77735,777580538,1824,0,0,0
51.1603,77736,777590539,1823,0,0,0
51.1703,77737,777600539,1806,0,0,0
51.1802,77738,777610539,1824,0,0,0
51.1903,77739,777620538,1808,0,0,0
51.2001,77740,777630539,1823,0,0,0
51.2100,77741,777640539,1808,0,0,0
51.2203,77742,777650538,1821,0,0,0
51.2302,77743,777660538,1808,0,0,0
51.2403,77744,777670538,1813,0,0,0
51.2502,77745,777680539,1808,0,0,0
51.2603,77746,777690539,1823,0,0,0
51.2703,77747,777700538,1817,0,0,0
51.2804,77748,777710539,1826,0,0,0
51.2902,77749,777720539,1811,0,0,0
51.3001,77750,777730539,1830,0,0,0
51.3103,77751,777740539,1821,0,0,0
51.3202,77752,777750539,1821,0,0,0
51.3302,77753,777760538,1825,0,0,0
51.3402,77754,777770539,1827,0,0,0
51.3501,77755,777780538,1814,0,0,0
51.3602,77756,777790539,1834,0,0,0
51.3702,77757,777800539,1818,0,0,0
51.3802,77758,777810538,1833,0,0,0
51.3904,77759,777820538,1824,0,0,0
51.4004,77760,777830539,1835,0,0,0
51.4102,77761,777840539,1829,0,0,0
51.4203,77762,777850538,1840,0,0,0
51.4302,77763,777860539,1826,0,0,0
51.4402,77764,777870539,1843,0,0,0
51.4503,77765,777880539,1837,0,0,0
51.4602,77766,777890539,1843,0,0,0
51.4703,77767,777900539,1824,0,0,0
51.4806,77768,777910539,1849,0,0,0
51.4902,77769,777920539,1839,0,0,0
51.5003,77770,777930538,1844,0,0,0
51.5103,77771,777940539,1838,0,0,0
51.5204,77772,777950539,1851,0,0,0
51.5305,77773,777960538,1856,0,0,0
51.5404,77774,777970539,1881,0,0,0
51.5502,77775,777980539,1898,0,0,0
51.5603,77776,777990539,1927,0,0,0
51.5703,77777,778000539,1985,0,0,0
51.5801,77778,778010539,1999,0,0,0
51.5902,77779,778020538,1959,0,0,0
51.6004,77780,778030539,1892,0,0,0
51.6103,77781,778040539,1840,0,0,0
51.6203,77782,778050538,1840,0,0,0
51.6304,77783,778060539,1823,0,0,0
51.6403,77784,778070539,1823,0,0,0
51.6504,77785,778080538,1805,0,0,0
51.6650,77786,778090539,1811,0,0,0
51.6703,77787,778100539,1764,0,0,0
51.6803,77788,778110538,1475,0,0,0
51.6901,77789,778120538,1666,0,0,0
51.7002,77790,778130539,2693,0,0,0
51.7103,77791,778140538,3697,0,0,0
51.7204,77792,778150539,2207,0,0,0
51.7303,77793,778160539,1615,0,0,0
51.7402,77794,778170538,1795,0,0,0
51.7504,77795,778180539,1792,0,0,0
51.7600,77796,778190539,1729,0,0,0
51.7701,77797,778200539,1728,0,0,0
51.7805,77798,778210538,1742,0,0,0
51.7901,77799,778220538,1740,0,0,0
51.8001,77800,778230539,1751,0,0,0
51.8101,77801,778240539,1757,0,0,0
51.8202,77802,778250539,1764,0,0,0
51.8302,77803,778260539,1763,0,0,0
51.8402,77804,778270539,1771,0,0,0
51.8502,77805,778280538,1779,0,0,0
51.8602,77806,778290539,1788,0,0,0
51.8703,77807,778300538,1790,0,0,0
51.8802,77808,778310539,1810,0,0,0
51.8903,77809,778320539,1808,0,0,0
51.9002,77810,778330538,1823,0,0,0
51.9102,77811,778340539,1818,0,0,0
51.9202,77812,778350539,1834,0,0,0
51.9302,77813,778360539,1844,0,0,0
51.9401,77814,778370539,1875,0,0,0
51.9502,77815,778380539,1889,0,0,0
51.9603,77816,778390539,1909,0,0,0
51.9702,77817,778400539,1926,0,0,0
51.9802,77818,778410539,1936,0,0,0
51.9906,77819,778420538,1939,0,0,0
52.0001,77820,778430539,1943,0,0,0
52.0102,77821,778440539,1903,0,0,0
52.0203,77822,778450538,1890,0,0,0
52.0301,77823,778460539,1845,0,0,0
52.0401,77824,778470539,1823,0,0,0
52.0502,77825,778480539,1797,0,0,0
52.0601,77826,778490539,1791,0,0,0
52.0702,77827,778500539,1778,0,0,0
52.0802,77828,778510539,1787,0,0,0
52.0902,77829,778520539,1780,0,0,0
52.1001,77830,778530538,1787,0,0,0
52.1103,77831,778540538,1794,0,0,0
52.1202,77832,778550539,1795,0,0,0
52.1302,77833,778560539,1792,0,0,0
52.1402,77834,778570539,1795,0,0,0
52.1504,77835,778580538,1829,0,0,0
52.1603,77836,778590539,1807,0,0,0
52.1704,77837,778600539,1817,0,0,0
52.1803,77838,778610539,1807,0,0,0
52.1902,77839,778620539,1835,0,0,0
52.2003,77840,778630538,1822,0,0,0
52.2102,77841,778640539,1799,0,0,0
52.2201,77842,778650539,1814,0,0,0
52.2303,77843,778660538,1807,0,0,0
52.2435,77844,778670539,1820,0,0,0
52.2510,77845,778680539,1809,0,0,0
52.2604,77846,778690538,1835,0,0,0
52.2703,77847,778700538,1807,0,0,0
52.2803,77848,778710539,1817,0,0,0
52.2902,77849,778720539,1817,0,0,0
52.3003,77850,778730538,1827,0,0,0
52.3105,77851,778740538,1811,0,0,0
52.3204,77852,778750539,1826,0,0,0
52.3301,77853,778760539,1835,0,0,0
52.3404,77854,778770539,1815,0,0,0
52.3503,77855,778780539,1817,0,0,0
52.3601,77856,778790539,1829,0,0,0
52.3703,77857,778800539,1819,0,0,0
52.3802,77858,778810538,1838,0,0,0
52.3901,77859,778820539,1829,0,0,0
52.4002,77860,778830539,1827,0,0,0
52.4105,77861,778840539,1834,0,0,0
52.4202,77862,778850539,1841,0,0,0
52.4302,77863,778860539,1838,0,0,0
52.4402,77864,778870539,1850,0,0,0
52.4501,77865,778880538,1841,0,0,0
52.4603,77866,778890539,1853,0,0,0
52.4703,77867,778900539,1840,0,0,0
52.4803,77868,778910539,1854,0,0,0
52.4904,77869,778920539,1840,0,0,0
52.5003,77870,778930539,1857,0,0,0
52.5103,77871,778940539,1843,0,0,0
52.5203,77872,778950539,1854,0,0,0
52.5305,77873,778960539,1851,0,0,0
52.5401,77874,778970539,1874,0,0,0
52.5504,77875,778980538,1850,0,0,0
52.5602,77876,778990539,1860,0,0,0
52.5702,77877,779000538,1845,0,0,0
52.5803,77878,779010539,1851,0,0,0
52.5904,77879,779020539,1853,0,0,0
52.6003,77880,779030538,1863,0,0,0
52.6102,77881,779040538,1856,0,0,0
52.6204,77882,779050539,1853,0,0,0
52.6303,77883,779060539,1857,0,0,0
52.6402,77884,779070538,1866,0,0,0
52.6503,77885,779080539,1871,0,0,0
52.6602,77886,779090538,1873,0,0,0
52.6701,77887,779100539,1872,0,0,0
52.6803,77888,779110539,1875,0,0,0
52.6901,77889,779120539,1875,0,0,0
52.7001,77890,779130539,1913,0,0,0
52.7103,77891,779140539,1933,0,0,0
52.7202,77892,779150538,2007,0,0,0
52.7302,77893,779160538,2005,0,0,0
52.7402,77894,779170539,1994,0,0,0
52.7503,77895,779180538,1920,0,0,0
52.7602,77896,779190539,1871,0,0,0
52.7702,77897,779200539,1867,0,0,0
52.7805,77898,779210538,1847,0,0,0
52.7902,77899,779220539,1828,0,0,0
52.8001,77900,779230539,1830,0,0,0
52.8101,77901,779240539,1811,0,0,0
52.8203,77902,779250539,1793,0,0,0
52.8302,77903,779260539,1498,0,0,0
52.8401,77904,779270539,1630,0,0,0
52.8502,77905,779280539,2541,0,0,0
52.8601,77906,779290539,3823,0,0,0
52.8702,77907,779300539,2277,0,0,0
52.8802,77908,779310538,1685,0,0,0
52.8902,77909,779320538,1735,0,0,0
52.9002,77910,779330539,1825,0,0,0
52.9102,77911,779340539,1746,0,0,0
52.9202,77912,779350538,1745,0,0,0
52.9302,77913,779360539,1757,0,0,0
52.9403,77914,779370539,1764,0,0,0
52.9502,77915,779380539,1777,0,0,0
52.9601,77916,779390538,1804,0,0,0
52.9702,77917,779400539,1812,0,0,0
52.9801,77918,779410539,1818,0,0,0
52.9902,77919,779420539,1838,0,0,0
53.0001,77920,779430539,1831,0,0,0
53.0113,77921,779440538,1825,0,0,0
53.0202,77922,779450539,1830,0,0,0
53.0308,77923,779460539,1838,0,0,0
53.0401,77924,779470539,1846,0,0,0
53.0501,77925,779480538,1860,0,0,0
53.0602,77926,779490539,1858,0,0,0
53.0701,77927,779500539,1879,0,0,0
53.0802,77928,779510539,1903,0,0,0
53.0902,77929,779520539,1909,0,0,0
53.1002,77930,779530539,1938,0,0,0
53.1101,77931,779540538,1943,0,0,0
53.1202,77932,779550539,1971,0,0,0
53.1302,77933,779560539,1977,0,0,0
53.1403,77934,779570539,1995,0,0,0
53.1503,77935,779580539,1982,0,0,0
53.1603,77936,779590539,1967,0,0,0
53.1704,77937,779600539,1922,0,0,0
53.1805,77938,779610539,1890,0,0,0
53.1902,77939,779620539,1861,0,0,0
53.2003,77940,779630538,1830,0,0,0
53.2103,77941,779640539,1791,0,0,0
53.2203,77942,779650539,1795,0,0,0
53.2306,77943,779660538,1801,0,0,0
53.2405,77944,779670539,1795,0,0,0
53.2507,77945,779680539,1807,0,0,0
53.2608,77946,779690539,1808,0,0,0
53.2703,77947,779700539,1809,0,0,0
53.2815,77948,779710538,1792,0,0,0
53.2905,77949,779720538,1794,0,0,0
53.3008,77950,779730539,1817,0,0,0
53.3105,77951,779740538,1808,0,0,0
53.3206,77952,779750539,1811,0,0,0
53.3303,77953,779760539,1808,0,0,0
53.3402,77954,779770539,1833,0,0,0
53.3501,77955,779780539,1827,0,0,0
53.3602,77956,779790538,1827,0,0,0
53.3702,77957,779800538,1829,0,0,0
53.3802,77958,779810539,1829,0,0,0
53.3902,77959,779820539,1821,0,0,0
53.4003,77960,779830539,1831,0,0,0
53.4106,77961,779840539,1838,0,0,0
53.4205,77962,779850539,1840,0,0,0
53.4301,77963,779860538,1840,0,0,0
53.4407,77964,779870539,1850,0,0,0
53.4508,77965,779880539,1844,0,0,0
53.4608,77966,779890538,1852,0,0,0
53.4704,77967,779900538,1853,0,0,0
53.4807,77968,779910539,1859,0,0,0
53.4903,77969,779920539,1863,0,0,0
53.5007,77970,779930539,1858,0,0,0
53.5115,77971,779940538,1855,0,0,0
53.5200,77972,779950539,1855,0,0,0
53.5303,77973,779960539,1855,0,0,0
53.5402,77974,779970538,1850,0,0,0
53.5502,77975,779980539,1846,0,0,0
53.5602,77976,779990539,1858,0,0,0
53.5702,77977,780000538,1859,0,0,0
53.5809,77978,780010539,1863,0,0,0
53.5908,77979,780020538,1842,0,0,0
53.6007,77980,780030539,1862,0,0,0
53.6107,77981,780040539,1853,0,0,0
53.6203,77982,780050539,1846,0,0,0
53.6309,77983,780060539,1856,0,0,0
53.6404,77984,780070538,1858,0,0,0
53.6505,77985,780080539,1854,0,0,0
53.6608,77986,780090539,1862,0,0,0
53.6703,77987,780100539,1849,0,0,0
53.6805,77988,780110538,1859,0,0,0
53.6906,77989,780120539,1840,0,0,0
53.7001,77990,780130539,1851,0,0,0
53.7107,77991,780140538,1846,0,0,0
53.7203,77992,780150539,1847,0,0,0
53.7302,77993,780160539,1855,0,0,0
53.7402,77994,780170539,1878,0,0,0
53.7511,77995,780180539,1897,0,0,0
53.7610,77996,780190538,1901,0,0,0
53.7702,77997,780200539,1952,0,0,0
53.7804,77998,780210539,2000,0,0,0
53.7903,77999,780220539,2000,0,0,0
53.8002,78000,780230539,1947,0,0,0
53.8102,78001,780240538,1853,0,0,0
53.8202,78002,780250539,1840,0,0,0
53.8301,78003,780260539,1837,0,0,0
53.8403,78004,780270539,1811,0,0,0
53.8501,78005,780280538,1800,0,0,0
53.8601,78006,780290539,1793,0,0,0
53.8703,78007,780300538,1795,0,0,0
53.8807,78008,780310539,1743,0,0,0
53.8904,78009,780320539,1472,0,0,0
53.9003,78010,780330539,1776,0,0,0
53.9103,78011,780340539,2955,0,0,0
53.9203,78012,780350538,3370,0,0,0
53.9303,78013,780360539,2044,0,0,0
53.9403,78014,780370539,1680,0,0,0
53.9506,78015,780380539,1775,0,0,0
53.9603,78016,780390539,1781,0,0,0
53.9702,78017,780400538,1712,0,0,0
53.9802,78018,780410539,1729,0,0,0
53.9908,78019,780420539,1741,0,0,0
54.0001,78020,780430539,1741,0,0,0
54.0101,78021,780440538,1743,0,0,0
54.0202,78022,780450539,1751,0,0,0
54.0301,78023,780460539,1757,0,0,0
54.0402,78024,780470539,1761,0,0,0
54.0502,78025,780480538,1766,0,0,0
54.0602,78026,780490539,1773,0,0,0
54.0702,78027,780500539,1765,0,0,0
54.0802,78028,780510538,1780,0,0,0
54.0903,78029,780520539,1781,0,0,0
54.1004,78030,780530539,1789,0,0,0
54.1102,78031,780540539,1803,0,0,0
54.1203,78032,780550539,1798,0,0,0
54.1304,78033,780560539,1810,0,0,0
54.1403,78034,780570538,1830,0,0,0
54.1504,78035,780580539,1854,0,0,0
54.1604,78036,780590539,1870,0,0,0
54.1706,78037,780600539,1893,0,0,0
54.1802,78038,780610539,1903,0,0,0
54.1907,78039,780620538,1921,0,0,0
54.2007,78040,780630539,1923,0,0,0
54.2106,78041,780640539,1917,0,0,0
54.2203,78042,780650539,1895,0,0,0
54.2317,78043,780660538,1883,0,0,0
54.2419,78044,780670539,1840,0,0,0
54.2503,78045,780680539,1807,0,0,0
54.2605,78046,780690539,1791,0,0,0
54.2702,78047,780700539,1786,0,0,0
54.2802,78048,780710538,1778,0,0,0
54.2901,78049,780720539,1782,0,0,0
54.3004,78050,780730539,1778,0,0,0
54.3103,78051,780740538,1776,0,0,0
54.3201,78052,780750539,1775,0,0,0
54.3302,78053,780760538,1783,0,0,0
54.3401,78054,780770539,1795,0,0,0
54.3502,78055,780780539,1797,0,0,0
54.3603,78056,780790539,1795,0,0,0
54.3701,78057,780800539,1795,0,0,0
54.3802,78058,780810539,1795,0,0,0
54.3902,78059,780820539,1799,0,0,0
54.4002,78060,780830539,1795,0,0,0
54.4103,78061,780840538,1808,0,0,0
54.4201,78062,780850539,1808,0,0,0
54.4304,78063,780860539,1815,0,0,0
54.4404,78064,780870539,1808,0,0,0
54.4503,78065,780880539,1819,0,0,0
54.4604,78066,780890539,1815,0,0,0
54.4708,78067,780900539,1817,0,0,0
54.4801,78068,780910539,1822,0,0,0
54.4903,78069,780920539,1816,0,0,0
54.5012,78070,780930538,1819,0,0,0
54.5106,78071,780940539,1813,0,0,0
54.5202,78072,780950538,1812,0,0,0
54.5304,78073,780960539,1815,0,0,0
54.5404,78074,780970539,1813,0,0,0
54.5506,78075,780980539,1824,0,0,0
54.5604,78076,780990539,1821,0,0,0
54.5702,78077,781000538,1831,0,0,0
54.5807,78078,781010539,1833,0,0,0
54.5907,78079,781020538,1838,0,0,0
54.6005,78080,781030539,1835,0,0,0
54.6105,78081,781040539,1831,0,0,0
54.6204,78082,781050539,1839,0,0,0
54.6304,78083,781060538,1844,0,0,0
54.6404,78084,781070539,1840,0,0,0
54.6503,78085,781080539,1852,0,0,0
54.6603,78086,781090539,1854,0,0,0
54.6704,78087,781100538,1856,0,0,0
54.6805,78088,781110539,1849,0,0,0
54.6904,78089,781120539,1857,0,0,0
54.7002,78090,781130538,1850,0,0,0
54.7105,78091,781140538,1869,0,0,0
54.7202,78092,781150539,1850,0,0,0
54.7311,78093,781160538,1860,0,0,0
54.7440,78094,781170539,1856,0,0,0
54.7503,78095,781180539,1867,0,0,0
54.7603,78096,781190538,1865,0,0,0
54.7703,78097,781200539,1870,0,0,0
54.7805,78098,781210539,1866,0,0,0
54.7901,78099,781220538,1874,0,0,0
54.8003,78100,781230539,1868,0,0,0
54.8102,78101,781240539,1872,0,0,0
54.8202,78102,781250539,1873,0,0,0
54.8301,78103,781260538,1877,0,0,0
54.8401,78104,781270539,1885,0,0,0
54.8502,78105,781280539,1913,0,0,0
54.8603,78106,781290539,1922,0,0,0
54.8703,78107,781300539,1978,0,0,0
54.8804,78108,781310539,2031,0,0,0
54.8901,78109,781320539,2014,0,0,0
54.9004,78110,781330539,1979,0,0,0
54.9104,78111,781340539,1902,0,0,0
54.9204,78112,781350539,1866,0,0,0
54.9302,78113,781360539,1867,0,0,0
54.9400,78114,781370539,1855,0,0,0
54.9504,78115,781380538,1851,0,0,0
54.9604,78116,781390539,1829,0,0,0
54.9704,78117,781400539,1826,0,0,0
54.9808,78118,781410539,1721,0,0,0
54.9901,78119,781420539,1495,0,0,0
55.0003,78120,781430539,1899,0,0,0
55.0101,78121,781440539,3376,0,0,0
55.0202,78122,781450539,3169,0,0,0
55.0314,78123,781460538,1943,0,0,0
55.0402,78124,781470539,1635,0,0,0
55.0502,78125,781480539,1855,0,0,0
55.0602,78126,781490538,1773,0,0,0
55.0702,78127,781500539,1759,0,0,0
55.0802,78128,781510538,1760,0,0,0
55.0901,78129,781520539,1779,0,0,0
55.1004,78130,781530539,1765,0,0,0
55.1102,78131,781540538,1790,0,0,0
55.1202,78132,781550539,1775,0,0,0
55.1302,78133,781560539,1778,0,0,0
55.1402,78134,781570538,1799,0,0,0
55.1503,78135,781580539,1791,0,0,0
55.1604,78136,781590539,1795,0,0,0
55.1701,78137,781600539,1806,0,0,0
55.1802,78138,781610538,1815,0,0,0
55.1902,78139,781620539,1818,0,0,0
55.2001,78140,781630539,1831,0,0,0
55.2107,78141,781640539,1845,0,0,0
55.2204,78142,781650539,1842,0,0,0
55.2303,78143,781660539,1857,0,0,0
55.2410,78144,781670539,1871,0,0,0
55.2504,78145,781680539,1906,0,0,0
55.2603,78146,781690539,1919,0,0,0
55.2703,78147,781700539,1963,0,0,0
55.2806,78148,781710539,1965,0,0,0
55.2903,78149,781720539,1979,0,0,0
55.3002,78150,781730539,1965,0,0,0
55.3102,78151,781740539,1967,0,0,0
55.3201,78152,781750539,1943,0,0,0
55.3301,78153,781760539,1904,0,0,0
55.3402,78154,781770539,1881,0,0,0
55.3502,78155,781780538,1853,0,0,0
55.3603,78156,781790539,1822,0,0,0
55.3704,78157,781800539,1829,0,0,0
55.3803,78158,781810539,1811,0,0,0
55.3903,78159,781820539,1808,0,0,0
55.4004,78160,781830539,1808,0,0,0
55.4104,78161,781840539,1824,0,0,0
55.4204,78162,781850539,1821,0,0,0
55.4305,78163,781860539,1814,0,0,0
55.4404,78164,781870539,1814,0,0,0
55.4504,78165,781880539,1835,0,0,0
55.4609,78166,781890539,1823,0,0,0
55.4703,78167,781900539,1831,0,0,0
55.4803,78168,781910539,1822,0,0,0
55.4914,78169,781920539,1840,0,0,0
55.5003,78170,781930539,1841,0,0,0
55.5103,78171,781940539,1840,0,0,0
55.5204,78172,781950539,1829,0,0,0
55.5303,78173,781960539,1841,0,0,0
55.5401,78174,781970539,1843,0,0,0
55.5502,78175,781980539,1847,0,0,0
55.5605,78176,781990539,1839,0,0,0
55.5702,78177,782000539,1846,0,0,0
55.5804,78178,782010539,1828,0,0,0
55.5904,78179,782020539,1854,0,0,0
55.6003,78180,782030539,1847,0,0,0
55.6106,78181,782040538,1853,0,0,0
55.6204,78182,782050539,1834,0,0,0
55.6307,78183,782060539,1847,0,0,0
55.6404,78184,782070538,1846,0,0,0
55.6502,78185,782080538,1872,0,0,0
55.6604,78186,782090539,1829,0,0,0
55.6705,78187,782100538,1840,0,0,0
55.6806,78188,782110539,1838,0,0,0
55.6905,78189,782120539,1834,0,0,0
55.7006,78190,782130539,1840,0,0,0
55.7107,78191,782140538,1853,0,0,0
55.7202,78192,782150539,1838,0,0,0
55.7312,78193,782160538,1863,0,0,0
55.7417,78194,782170539,1846,0,0,0
55.7502,78195,782180538,1859,0,0,0
55.7615,78196,782190539,1852,0,0,0
55.7702,78197,782200539,1867,0,0,0
55.7803,78198,782210538,1863,0,0,0
55.7902,78199,782220538,1863,0,0,0
55.8001,78200,782230539,1853,0,0,0
55.8102,78201,782240539,1867,0,0,0
55.8202,78202,782250538,1851,0,0,0
55.8303,78203,782260539,1871,0,0,0
55.8401,78204,782270539,1853,0,0,0
55.8502,78205,782280539,1875,0,0,0
55.8603,78206,782290539,1863,0,0,0
55.8702,78207,782300539,1871,0,0,0
55.8803,78208,782310538,1850,0,0,0
55.8903,78209,782320539,1863,0,0,0
55.9004,78210,782330539,1870,0,0,0
55.9102,78211,782340539,1870,0,0,0
55.9204,78212,782350539,1847,0,0,0
55.9304,78213,782360539,1878,0,0,0
55.9401,78214,782370539,1890,0,0,0
55.9501,78215,782380539,1920,0,0,0
55.9601,78216,782390539,1937,0,0,0
55.9701,78217,782400539,2022,0,0,0
55.9802,78218,782410539,2003,0,0,0
55.9920,78219,782420539,1994,0,0,0
56.0001,78220,782430539,1885,0,0,0
56.0101,78221,782440539,1863,0,0,0
56.0202,78222,782450539,1851,0,0,0
56.0305,78223,782460539,1856,0,0,0
56.0402,78224,782470539,1823,0,0,0
56.0501,78225,782480538,1835,0,0,0
56.0603,78226,782490539,1808,0,0,0
56.0702,78227,782500539,1797,0,0,0
56.0801,78228,782510538,1485,0,0,0
56.0903,78229,782520539,1674,0,0,0
56.1003,78230,782530538,2626,0,0,0
56.1103,78231,782540539,3661,0,0,0
56.1204,78232,782550538,2149,0,0,0
56.1306,78233,782560539,1778,0,0,0
56.1405,78234,782570539,1751,0,0,0
56.1507,78235,782580539,1820,0,0,0
56.1605,78236,782590538,1731,0,0,0
56.1705,78237,782600539,1744,0,0,0
56.1806,78238,782610539,1738,0,0,0
56.1904,78239,782620539,1746,0,0,0
56.2004,78240,782630538,1749,0,0,0
56.2105,78241,782640539,1772,0,0,0
56.2203,78242,782650538,1767,0,0,0
56.2308,78243,782660539,1777,0,0,0
56.2401,78244,782670539,1765,0,0,0
56.2504,78245,782680538,1777,0,0,0
56.2601,78246,782690539,1773,0,0,0
56.2716,78247,782700539,1791,0,0,0
56.2806,78248,782710538,1787,0,0,0
56.2902,78249,782720538,1805,0,0,0
56.3002,78250,782730539,1785,0,0,0
56.3102,78251,782740538,1815,0,0,0
56.3203,78252,782750539,1813,0,0,0
56.3303,78253,782760539,1826,0,0,0
56.3402,78254,782770539,1830,0,0,0
56.3502,78255,782780539,1854,0,0,0
56.3602,78256,782790538,1858,0,0,0
56.3703,78257,782800539,1895,0,0,0
56.3804,78258,782810539,1883,0,0,0
56.3904,78259,782820538,1896,0,0,0
56.4006,78260,782830539,1889,0,0,0
56.4107,78261,782840538,1875,0,0,0
56.4203,78262,782850539,1846,0,0,0
56.4303,78263,782860539,1815,0,0,0
56.4401,78264,782870539,1783,0,0,0
56.4503,78265,782880538,1766,0,0,0
56.4608,78266,782890539,1746,0,0,0
56.4705,78267,782900539,1754,0,0,0
56.4815,78268,782910539,1739,0,0,0
56.4902,78269,782920539,1753,0,0,0
56.5015,78270,782930539,1747,0,0,0
56.5107,78271,782940539,1759,0,0,0
56.5214,78272,782950538,1751,0,0,0
56.5304,78273,782960539,1765,0,0,0
56.5404,78274,782970538,1760,0,0,0
56.5505,78275,782980538,1775,0,0,0
56.5620,78276,782990539,1767,0,0,0
56.5702,78277,783000538,1776,0,0,0
56.5802,78278,783010539,1766,0,0,0
56.5908,78279,783020539,1781,0,0,0
56.6004,78280,783030539,1770,0,0,0
56.6107,78281,783040539,1789,0,0,0
56.6205,78282,783050539,1779,0,0,0
56.6308,78283,783060539,1796,0,0,0
56.6402,78284,783070539,1788,0,0,0
56.6510,78285,783080539,1798,0,0,0
56.6607,78286,783090539,1786,0,0,0
56.6704,78287,783100539,1793,0,0,0
56.6807,78288,783110538,1782,0,0,0
56.6907,78289,783120539,1804,0,0,0
56.7003,78290,783130538,1787,0,0,0
56.7103,78291,783140539,1802,0,0,0
56.7202,78292,783150539,1797,0,0,0
56.7308,78293,783160539,1808,0,0,0
56.7405,78294,783170538,1803,0,0,0
56.7507,78295,783180539,1808,0,0,0
56.7603,78296,783190539,1809,0,0,0
56.7703,78297,783200538,1811,0,0,0
56.7803,78298,783210539,1810,0,0,0
56.7903,78299,783220538,1822,0,0,0
56.8002,78300,783230539,1808,0,0,0
56.8103,78301,783240539,1823,0,0,0
56.8202,78302,783250539,1813,0,0,0
56.8302,78303,783260538,1824,0,0,0
56.8402,78304,783270539,1823,0,0,0
56.8503,78305,783280538,1842,0,0,0
56.8602,78306,783290539,1831,0,0,0
56.8702,78307,783300539,1839,0,0,0
56.8802,78308,783310539,1840,0,0,0
56.8903,78309,783320538,1857,0,0,0
56.9005,78310,783330539,1851,0,0,0
56.9105,78311,783340539,1866,0,0,0
56.9204,78312,783350539,1855,0,0,0
56.9304,78313,783360539,1856,0,0,0
56.9406,78314,783370539,1855,0,0,0
56.9505,78315,783380539,1867,0,0,0
56.9604,78316,783390539,1855,0,0,0
56.9705,78317,783400539,1865,0,0,0
56.9805,78318,783410539,1861,0,0,0
56.9907,78319,783420539,1869,0,0,0
57.0001,78320,783430539,1857,0,0,0
57.0106,78321,783440538,1872,0,0,0
57.0219,78322,783450539,1861,0,0,0
57.0305,78323,783460539,1871,0,0,0
57.0402,78324,783470539,1856,0,0,0
57.0501,78325,783480538,1874,0,0,0
57.0601,78326,783490539,1867,0,0,0
57.0702,78327,783500538,1894,0,0,0
57.0802,78328,783510539,1904,0,0,0
57.0901,78329,783520539,1929,0,0,0
57.1002,78330,783530539,1971,0,0,0
57.1104,78331,783540539,2015,0,0,0
57.1203,78332,783550539,1997,0,0,0
57.1303,78333,783560538,1957,0,0,0
57.1404,78334,783570539,1857,0,0,0
57.1503,78335,783580539,1855,0,0,0
57.1603,78336,783590539,1837,0,0,0
57.1704,78337,783600538,1840,0,0,0
57.1805,78338,783610539,1817,0,0,0
57.1904,78339,783620539,1826,0,0,0
57.2002,78340,783630539,1808,0,0,0
57.2107,78341,783640539,1622,0,0,0
57.2201,78342,783650539,1526,0,0,0
57.2306,78343,783660538,2150,0,0,0
57.2413,78344,783670539,3949,0,0,0
57.2503,78345,783680538,2704,0,0,0
57.2602,78346,783690539,1726,0,0,0
57.2702,78347,783700539,1694,0,0,0
57.2802,78348,783710539,1840,0,0,0
57.2905,78349,783720539,1746,0,0,0
57.3003,78350,783730539,1744,0,0,0
57.3103,78351,783740539,1754,0,0,0
57.3201,78352,783750539,1744,0,0,0
57.3301,78353,783760539,1763,0,0,0
57.3401,78354,783770538,1767,0,0,0
57.3502,78355,783780539,1777,0,0,0
57.3602,78356,783790539,1774,0,0,0
57.3701,78357,783800539,1790,0,0,0
57.3803,78358,783810539,1778,0,0,0
57.3903,78359,783820538,1805,0,0,0
57.4003,78360,783830539,1783,0,0,0
57.4101,78361,783840539,1808,0,0,0
57.4200,78362,783850539,1801,0,0,0
57.4302,78363,783860539,1818,0,0,0
57.4403,78364,783870538,1810,0,0,0
57.4501,78365,783880539,1841,0,0,0
57.4601,78366,783890539,1851,0,0,0
57.4703,78367,783900539,1870,0,0,0
57.4802,78368,783910538,1887,0,0,0
57.4900,78369,783920539,1906,0,0,0
57.5004,78370,783930539,1922,0,0,0
57.5103,78371,783940539,1936,0,0,0
57.5202,78372,783950538,1935,0,0,0
57.5303,78373,783960538,1944,0,0,0
57.5403,78374,783970539,1926,0,0,0
57.5503,78375,783980539,1887,0,0,0
57.5604,78376,783990538,1862,0,0,0
57.5703,78377,784000539,1843,0,0,0
57.5804,78378,784010539,1811,0,0,0
57.5905,78379,784020539,1809,0,0,0
57.6002,78380,784030539,1791,0,0,0
57.6103,78381,784040539,1798,0,0,0
57.6204,78382,784050539,1791,0,0,0
57.6302,78383,784060539,1801,0,0,0
57.6402,78384,784070539,1803,0,0,0
57.6505,78385,784080539,1803,0,0,0
57.6603,78386,784090539,1795,0,0,0
57.6702,78387,784100539,1805,0,0,0
57.6801,78388,784110538,1794,0,0,0
57.6902,78389,784120538,1798,0,0,0
57.7002,78390,784130539,1795,0,0,0
57.7103,78391,784140539,1810,0,0,0
57.7202,78392,784150539,1802,0,0,0
57.7301,78393,784160539,1801,0,0,0
57.7400,78394,784170538,1807,0,0,0
57.7502,78395,784180539,1809,0,0,0
57.7602,78396,784190539,1797,0,0,0
57.7703,78397,784200539,1818,0,0,0
57.7802,78398,784210538,1810,0,0,0
57.7902,78399,784220538,1815,0,0,0
57.8004,78400,784230539,1790,0,0,0
57.8101,78401,784240539,1791,0,0,0
57.8202,78402,784250538,1789,0,0,0
57.8301,78403,784260538,1799,0,0,0
57.8400,78404,784270539,1798,0,0,0
57.8502,78405,784280539,1818,0,0,0
57.8602,78406,784290539,1803,0,0,0
57.8703,78407,784300538,1810,0,0,0
57.8801,78408,784310539,1807,0,0,0
57.8904,78409,784320539,1828,0,0,0
57.9002,78410,784330539,1825,0,0,0
57.9103,78411,784340539,1815,0,0,0
57.9202,78412,784350539,1807,0,0,0
57.9303,78413,784360538,1820,0,0,0
57.9402,78414,784370539,1811,0,0,0
57.9503,78415,784380538,1823,0,0,0
57.9602,78416,784390539,1821,0,0,0
57.9703,78417,784400538,1834,0,0,0
57.9803,78418,784410539,1870,0,0,0
57.9902,78419,784420538,1836,0,0,0
58.0020,78420,784430539,1818,0,0,0
58.0102,78421,784440539,1843,0,0,0
58.0202,78422,784450539,1833,0,0,0
58.0303,78423,784460539,1827,0,0,0
58.0405,78424,784470539,1840,0,0,0
58.0503,78425,784480539,1843,0,0,0
58.0601,78426,784490539,1841,0,0,0
58.0702,78427,784500539,1850,0,0,0
58.0801,78428,784510539,1843,0,0,0
58.0902,78429,784520538,1860,0,0,0
58.1002,78430,784530539,1856,0,0,0
58.1102,78431,784540539,1871,0,0,0
58.1201,78432,784550539,1834,0,0,0
58.1306,78433,784560539,1863,0,0,0
58.1401,78434,784570538,1855,0,0,0
58.1502,78435,784580539,1862,0,0,0
58.1602,78436,784590539,1863,0,0,0
58.1701,78437,784600539,1875,0,0,0
58.1801,78438,784610538,1889,0,0,0
58.1903,78439,784620539,1934,0,0,0
58.2002,78440,784630538,1938,0,0,0
58.2101,78441,784640539,2010,0,0,0
58.2202,78442,784650538,2016,0,0,0
58.2312,78443,784660539,2015,0,0,0
58.2401,78444,784670539,1927,0,0,0
58.2503,78445,784680538,1870,0,0,0
58.2602,78446,784690539,1872,0,0,0
58.2701,78447,784700539,1851,0,0,0
58.2801,78448,784710539,1847,0,0,0
58.2901,78449,784720539,1847,0,0,0
58.3003,78450,784730538,1840,0,0,0
58.3102,78451,784740539,1822,0,0,0
58.3202,78452,784750539,1559,0,0,0
58.3302,78453,784760538,1603,0,0,0
58.3402,78454,784770539,2391,0,0,0
58.3503,78455,784780538,3952,0,0,0
58.3602,78456,784790539,2391,0,0,0
58.3702,78457,784800539,1777,0,0,0
58.3802,78458,784810538,1754,0,0,0
58.3901,78459,784820539,1859,0,0,0
58.4036,78460,784830539,1773,0,0,0
58.4101,78461,784840539,1774,0,0,0
58.4202,78462,784850539,1776,0,0,0
58.4303,78463,784860539,1793,0,0,0
58.4402,78464,784870539,1805,0,0,0
58.4502,78465,784880539,1810,0,0,0
58.4603,78466,784890538,1831,0,0,0
58.4702,78467,784900539,1815,0,0,0
58.4812,78468,784910539,1808,0,0,0
58.4903,78469,784920539,1831,0,0,0
58.5002,78470,784930539,1834,0,0,0
58.5103,78471,784940538,1829,0,0,0
58.5203,78472,784950539,1838,0,0,0
58.5302,78473,784960538,1841,0,0,0
58.5401,78474,784970539,1862,0,0,0
58.5502,78475,784980539,1872,0,0,0
58.5603,78476,784990539,1866,0,0,0
58.5702,78477,785000539,1879,0,0,0
58.5802,78478,785010539,1898,0,0,0
58.5902,78479,785020539,1933,0,0,0
58.6001,78480,785030539,1953,0,0,0
58.6105,78481,785040539,1967,0,0,0
58.6201,78482,785050539,1989,0,0,0
58.6302,78483,785060538,1998,0,0,0
58.6402,78484,785070539,1987,0,0,0
58.6503,78485,785080539,1954,0,0,0
58.6603,78486,785090539,1935,0,0,0
58.6703,78487,785100539,1899,0,0,0
58.6801,78488,785110539,1875,0,0,0
58.6901,78489,785120538,1840,0,0,0
58.7002,78490,785130539,1818,0,0,0
58.7102,78491,785140539,1814,0,0,0
58.7202,78492,785150539,1808,0,0,0
58.7302,78493,785160539,1822,0,0,0
58.7403,78494,785170538,1811,0,0,0
58.7501,78495,785180539,1803,0,0,0
58.7601,78496,785190538,1803,0,0,0
58.7702,78497,785200539,1799,0,0,0
58.7801,78498,785210539,1802,0,0,0
58.7903,78499,785220539,1808,0,0,0
58.8002,78500,785230539,1807,0,0,0
58.8101,78501,785240539,1808,0,0,0
58.8201,78502,785250538,1818,0,0,0
58.8302,78503,785260539,1822,0,0,0
58.8402,78504,785270539,1834,0,0,0
58.8502,78505,785280539,1827,0,0,0
58.8604,78506,785290538,1830,0,0,0
58.8702,78507,785300539,1840,0,0,0
58.8802,78508,785310539,1840,0,0,0
58.8902,78509,785320539,1842,0,0,0
58.9002,78510,785330538,1840,0,0,0
58.9104,78511,785340539,1840,0,0,0
58.9202,78512,785350538,1842,0,0,0
58.9302,78513,785360539,1846,0,0,0
58.9401,78514,785370539,1837,0,0,0
58.9502,78515,785380539,1838,0,0,0
58.9601,78516,785390539,1847,0,0,0
58.9702,78517,785400539,1840,0,0,0
58.9801,78518,785410538,1831,0,0,0
58.9901,78519,785420539,1835,0,0,0
59.0002,78520,785430539,1852,0,0,0
59.0101,78521,785440539,1840,0,0,0
59.0202,78522,785450539,1838,0,0,0
59.0302,78523,785460539,1838,0,0,0
59.0403,78524,785470539,1844,0,0,0
59.0501,78525,785480538,1857,0,0,0
59.0603,78526,785490539,1839,0,0,0
59.0702,78527,785500539,1845,0,0,0
59.0803,78528,785510539,1842,0,0,0
59.0903,78529,785520539,1845,0,0,0
59.1002,78530,785530539,1847,0,0,0
59.1102,78531,785540539,1849,0,0,0
59.1202,78532,785550539,1850,0,0,0
59.1302,78533,785560539,1839,0,0,0
59.1402,78534,785570538,1840,0,0,0
59.1501,78535,785580539,1846,0,0,0
59.1602,78536,785590539,1847,0,0,0
59.1702,78537,785600538,1845,0,0,0
59.1802,78538,785610539,1835,0,0,0
59.1902,78539,785620539,1840,0,0,0
59.2002,78540,785630538,1870,0,0,0
59.2103,78541,785640538,1885,0,0,0
59.2202,78542,785650539,1904,0,0,0
59.2300,78543,785660539,1955,0,0,0
59.2403,78544,785670539,1984,0,0,0
59.2501,78545,785680539,1982,0,0,0
59.2600,78546,785690538,1930,0,0,0
59.2701,78547,785700538,1846,0,0,0
59.2801,78548,785710539,1819,0,0,0
59.2901,78549,785720539,1808,0,0,0
59.3002,78550,785730539,1795,0,0,0
59.3105,78551,785740539,1794,0,0,0
59.3202,78552,785750539,1791,0,0,0
59.3302,78553,785760539,1789,0,0,0
59.3403,78554,785770538,1707,0,0,0
59.3503,78555,785780539,1461,0,0,0
59.3601,78556,785790539,1824,0,0,0
59.3702,78557,785800539,3081,0,0,0
59.3802,78558,785810539,3249,0,0,0
59.3902,78559,785820539,1997,0,0,0
59.4005,78560,785830539,1646,0,0,0
59.4105,78561,785840539,1767,0,0,0
59.4202,78562,785850539,1744,0,0,0
59.4302,78563,785860539,1697,0,0,0
59.4403,78564,785870539,1713,0,0,0
59.4501,78565,785880539,1714,0,0,0
59.4606,78566,785890539,1727,0,0,0
59.4703,78567,785900539,1734,0,0,0
59.4814,78568,785910539,1747,0,0,0
59.4902,78569,785920538,1751,0,0,0
59.5003,78570,785930539,1761,0,0,0
59.5101,78571,785940539,1763,0,0,0
59.5202,78572,785950539,1771,0,0,0
59.5303,78573,785960539,1775,0,0,0
59.5401,78574,785970538,1770,0,0,0
59.5501,78575,785980539,1771,0,0,0
59.5603,78576,785990539,1777,0,0,0
59.5704,78577,786000538,1789,0,0,0
59.5802,78578,786010539,1808,0,0,0
59.5905,78579,786020538,1815,0,0,0
59.6001,78580,786030539,1835,0,0,0
59.6102,78581,786040539,1859,0,0,0
59.6202,78582,786050539,1890,0,0,0
59.6302,78583,786060539,1903,0,0,0
59.6402,78584,786070539,1909,0,0,0
59.6503,78585,786080539,1920,0,0,0
59.6601,78586,786090539,1926,0,0,0
59.6702,78587,786100539,1915,0,0,0
59.6802,78588,786110538,1899,0,0,0
59.6901,78589,786120539,1862,0,0,0
59.7001,78590,786130539,1831,0,0,0
59.7101,78591,786140539,1794,0,0,0
59.7201,78592,786150538,1790,0,0,0
59.7345,78593,786160539,1788,0,0,0
59.7402,78594,786170539,1782,0,0,0
59.7502,78595,786180539,1776,0,0,0
59.7604,78596,786190538,1776,0,0,0
59.7703,78597,786200539,1775,0,0,0
59.7802,78598,786210539,1786,0,0,0
59.7902,78599,786220539,1776,0,0,0
59.8003,78600,786230539,1791,0,0,0
59.8102,78601,786240538,1783,0,0,0
59.8202,78602,786250539,1796,0,0,0
59.8307,78603,786260539,1795,0,0,0
59.8405,78604,786270539,1797,0,0,0
59.8502,78605,786280539,1787,0,0,0
59.8601,78606,786290539,1805,0,0,0
59.8701,78607,786300539,1802,0,0,0
59.8802,78608,786310539,1812,0,0,0
59.8902,78609,786320539,1808,0,0,0
59.9000,78610,786330538,1813,0,0,0
59.9100,78611,786340538,1807,0,0,0
59.9202,78612,786350539,1811,0,0,0
59.9301,78613,786360539,1810,0,0,0
59.9402,78614,786370538,1813,0,0,0
59.9501,78615,786380539,1807,0,0,0
59.9602,78616,786390539,1815,0,0,0
59.9700,78617,786400539,1808,0,0,0
59.9802,78618,786410539,1808,0,0,0
59.9900,78619,786420539,1810,0,0,0
60.0001,78620,786430539,1811,0,0,0
60.0110,78621,786440539,1817,0,0,0
60.0224,78622,786450538,1827,0,0,0
60.0303,78623,786460538,1819,0,0,0
60.0400,78624,786470539,1826,0,0,0
60.0522,78625,786480539,1825,0,0,0
60.0600,78626,786490538,1834,0,0,0
60.0702,78627,786500539,1825,0,0,0
60.0802,78628,786510538,1835,0,0,0
60.0906,78629,786520538,1823,0,0,0
60.1003,78630,786530539,1833,0,0,0
60.1109,78631,786540538,1827,0,0,0
60.1201,78632,786550539,1836,0,0,0
60.1301,78633,786560539,1835,0,0,0
60.1402,78634,786570539,1839,0,0,0
60.1561,78635,786580538,1831,0,0,0
60.1602,78636,786590539,1842,0,0,0
60.1722,78637,786600539,1840,0,0,0
60.1828,78638,786610539,1859,0,0,0
60.1902,78639,786620538,1850,0,0,0
60.2039,78640,786630539,1845,0,0,0
60.2101,78641,786640539,1847,0,0,0
60.2201,78642,786650538,1845,0,0,0
60.2301,78643,786660538,1846,0,0,0
60.2402,78644,786670539,1865,0,0,0
60.2500,78645,786680539,1840,0,0,0
60.2600,78646,786690538,1860,0,0,0
60.2701,78647,786700539,1855,0,0,0
60.2801,78648,786710539,1870,0,0,0
60.2903,78649,786720539,1857,0,0,0
60.3003,78650,786730539,1872,0,0,0
60.3110,78651,786740538,1862,0,0,0
60.3216,78652,786750539,1872,0,0,0
60.3342,78653,786760539,1884,0,0,0
60.3402,78654,786770539,1920,0,0,0
60.3549,78655,786780539,1921,0,0,0
60.3601,78656,786790538,1996,0,0,0
60.3700,78657,786800539,2001,0,0,0
60.3800,78658,786810539,1999,0,0,0
60.3902,78659,786820538,1936,0,0,0
60.4001,78660,786830539,1872,0,0,0
60.4102,78661,786840539,1847,0,0,0
60.4201,78662,786850539,1856,0,0,0
60.4300,78663,786860539,1827,0,0,0
60.4401,78664,786870539,1825,0,0,0
60.4500,78665,786880539,1812,0,0,0
60.4612,78666,786890539,1811,0,0,0
60.4753,78667,786900539,1587,0,0,0
60.4827,78668,786910538,1559,0,0,0
60.4908,78669,786920538,2219,0,0,0
60.5002,78670,786930539,3998,0,0,0
60.5132,78671,786940539,2597,0,0,0
60.5212,78672,786950539,1705,0,0,0
60.5301,78673,786960539,1710,0,0,0
60.5402,78674,786970539,1839,0,0,0
60.5501,78675,786980539,1746,0,0,0
60.5603,78676,786990538,1750,0,0,0
60.5700,78677,787000538,1760,0,0,0
60.5801,78678,787010539,1775,0,0,0
60.5901,78679,787020539,1765,0,0,0
60.6001,78680,787030539,1787,0,0,0
60.6105,78681,787040539,1791,0,0,0
60.6221,78682,787050538,1808,0,0,0
60.6327,78683,787060539,1803,0,0,0
60.6441,78684,787070539,1819,0,0,0
60.6511,78685,787080539,1824,0,0,0
60.6623,78686,787090538,1835,0,0,0
60.6704,78687,787100539,1830,0,0,0
60.6800,78688,787110539,1850,0,0,0
60.6903,78689,787120538,1850,0,0,0
60.7000,78690,787130539,1871,0,0,0
60.7100,78691,787140539,1875,0,0,0
60.7202,78692,787150539,1895,0,0,0
60.7302,78693,787160539,1898,0,0,0
60.7405,78694,787170539,1922,0,0,0
60.7503,78695,787180539,1945,0,0,0
60.7605,78696,787190538,1974,0,0,0
60.7701,78697,787200539,1959,0,0,0
60.7802,78698,787210539,1983,0,0,0
60.7903,78699,787220538,1969,0,0,0
60.8001,78700,787230539,1967,0,0,0
60.8102,78701,787240539,1934,0,0,0
60.8201,78702,787250539,1905,0,0,0
60.8301,78703,787260539,1867,0,0,0
60.8402,78704,787270539,1843,0,0,0
60.8501,78705,787280539,1831,0,0,0
60.8601,78706,787290538,1821,0,0,0
60.8702,78707,787300539,1810,0,0,0
60.8802,78708,787310539,1819,0,0,0
60.8901,78709,787320539,1801,0,0,0
60.9003,78710,787330539,1810,0,0,0
60.9102,78711,787340539,1808,0,0,0
60.9202,78712,787350538,1827,0,0,0
60.9316,78713,787360539,1814,0,0,0
60.9402,78714,787370539,1827,0,0,0
60.9502,78715,787380539,1810,0,0,0
60.9603,78716,787390539,1830,0,0,0
60.9701,78717,787400538,1828,0,0,0
60.9803,78718,787410539,1824,0,0,0
60.9902,78719,787420539,1811,0,0,0
61.0002,78720,787430538,1840,0,0,0
61.0101,78721,787440539,1821,0,0,0
61.0202,78722,787450539,1830,0,0,0
61.0301,78723,787460538,1826,0,0,0
61.0402,78724,787470539,1843,0,0,0
61.0501,78725,787480539,1846,0,0,0
61.0602,78726,787490539,1863,0,0,0
61.0701,78727,787500538,1851,0,0,0
61.0801,78728,787510539,1813,0,0,0
61.0901,78729,787520539,1823,0,0,0
61.1004,78730,787530539,1842,0,0,0
61.1101,78731,787540539,1831,0,0,0
61.1202,78732,787550539,1843,0,0,0
61.1303,78733,787560538,1840,0,0,0
61.1403,78734,787570539,1840,0,0,0
61.1501,78735,787580539,1843,0,0,0
61.1600,78736,787590539,1859,0,0,0
61.1701,78737,787600539,1846,0,0,0
61.1801,78738,787610539,1854,0,0,0
61.1900,78739,787620539,1869,0,0,0
61.2001,78740,787630538,1857,0,0,0
61.2100,78741,787640539,1843,0,0,0
61.2202,78742,787650539,1866,0,0,0
61.2300,78743,787660538,1840,0,0,0
61.2400,78744,787670539,1866,0,0,0
61.2501,78745,787680539,1844,0,0,0
61.2606,78746,787690539,1867,0,0,0
61.2700,78747,787700539,1863,0,0,0
61.2801,78748,787710539,1875,0,0,0
61.2903,78749,787720539,1858,0,0,0
61.3003,78750,787730539,1871,0,0,0
61.3103,78751,787740538,1856,0,0,0
61.3201,78752,787750539,1871,0,0,0
61.3302,78753,787760538,1866,0,0,0
61.3400,78754,787770539,1869,0,0,0
61.3500,78755,787780539,1886,0,0,0
61.3602,78756,787790539,1889,0,0,0
61.3701,78757,787800539,1879,0,0,0
61.3801,78758,787810538,1887,0,0,0
61.3901,78759,787820539,1873,0,0,0
61.4001,78760,787830539,1893,0,0,0
61.4101,78761,787840539,1891,0,0,0
61.4201,78762,787850539,1893,0,0,0
61.4300,78763,787860539,1912,0,0,0
61.4400,78764,787870539,1920,0,0,0
61.4501,78765,787880538,1927,0,0,0
61.4601,78766,787890539,2018,0,0,0
61.4700,78767,787900539,2039,0,0,0
61.4803,78768,787910539,2039,0,0,0
61.4901,78769,787920539,1951,0,0,0
61.5001,78770,787930538,1887,0,0,0
61.5101,78771,787940539,1870,0,0,0
61.5201,78772,787950539,1888,0,0,0
61.5301,78773,787960539,1858,0,0,0
61.5400,78774,787970539,1837,0,0,0
61.5501,78775,787980539,1826,0,0,0
61.5603,78776,787990539,1854,0,0,0
61.5701,78777,788000538,1670,0,0,0
61.5800,78778,788010539,1521,0,0,0
61.5901,78779,788020539,2047,0,0,0
61.6001,78780,788030539,3632,0,0,0
61.6101,78781,788040538,2802,0,0,0
61.6201,78782,788050539,1890,0,0,0
61.6300,78783,788060539,1712,0,0,0
61.6401,78784,788070538,1850,0,0,0
61.6502,78785,788080539,1780,0,0,0
61.6604,78786,788090539,1755,0,0,0
61.6702,78787,788100539,1754,0,0,0
61.6800,78788,788110539,1750,0,0,0
61.6902,78789,788120539,1763,0,0,0
61.7001,78790,788130539,1794,0,0,0
61.7100,78791,788140539,1778,0,0,0
61.7200,78792,788150539,1801,0,0,0
61.7301,78793,788160539,1789,0,0,0
61.7408,78794,788170539,1825,0,0,0
61.7501,78795,788180539,1819,0,0,0
61.7601,78796,788190538,1819,0,0,0
61.7702,78797,788200539,1806,0,0,0
61.7804,78798,788210539,1817,0,0,0
61.7901,78799,788220539,1821,0,0,0
61.8003,78800,788230539,1851,0,0,0
61.8100,78801,788240538,1850,0,0,0
61.8201,78802,788250539,1863,0,0,0
61.8300,78803,788260539,1891,0,0,0
61.8402,78804,788270538,1904,0,0,0
61.8501,78805,788280539,1920,0,0,0
61.8603,78806,788290539,1953,0,0,0
61.8700,78807,788300539,1965,0,0,0
61.8800,78808,788310539,1980,0,0,0
61.8900,78809,788320538,1966,0,0,0
61.9001,78810,788330539,1961,0,0,0
61.9101,78811,788340539,1936,0,0,0
61.9202,78812,788350539,1902,0,0,0
61.9300,78813,788360539,1851,0,0,0
61.9401,78814,788370539,1849,0,0,0
61.9500,78815,788380539,1815,0,0,0
61.9606,78816,788390538,1813,0,0,0
61.9701,78817,788400539,1806,0,0,0
61.9803,78818,788410539,1808,0,0,0
61.9902,78819,788420539,1787,0,0,0
62.0003,78820,788430539,1803,0,0,0
62.0106,78821,788440539,1782,0,0,0
62.0202,78822,788450539,1802,0,0,0
62.0301,78823,788460539,1778,0,0,0
62.0403,78824,788470539,1802,0,0,0
62.0502,78825,788480539,1799,0,0,0
62.0601,78826,788490538,1806,0,0,0
62.0700,78827,788500539,1796,0,0,0
62.0801,78828,788510539,1812,0,0,0
62.0904,78829,788520538,1814,0,0,0
62.1001,78830,788530539,1822,0,0,0
62.1101,78831,788540538,1815,0,0,0
62.1201,78832,788550539,1826,0,0,0
62.1300,78833,788560539,1812,0,0,0
62.1402,78834,788570539,1828,0,0,0
62.1500,78835,788580539,1833,0,0,0
62.1600,78836,788590538,1826,0,0,0
62.1701,78837,788600539,1805,0,0,0
62.1830,78838,788610539,1821,0,0,0
62.1902,78839,788620539,1809,0,0,0
62.2003,78840,788630539,1828,0,0,0
62.2102,78841,788640539,1817,0,0,0
62.2201,78842,788650538,1841,0,0,0
62.2302,78843,788660539,1829,0,0,0
62.2406,78844,788670539,1833,0,0,0
62.2502,78845,788680538,1826,0,0,0
62.2602,78846,788690539,1840,0,0,0
62.2701,78847,788700539,1841,0,0,0
62.2800,78848,788710539,1838,0,0,0
62.2903,78849,788720539,1823,0,0,0
62.3002,78850,788730538,1843,0,0,0
62.3100,78851,788740539,1828,0,0,0
62.3202,78852,788750539,1837,0,0,0
62.3302,78853,788760538,1827,0,0,0
62.3402,78854,788770539,1839,0,0,0
62.3501,78855,788780539,1836,0,0,0
62.3600,78856,788790539,1847,0,0,0
62.3701,78857,788800539,1840,0,0,0
62.3801,78858,788810539,1853,0,0,0
62.3900,78859,788820539,1841,0,0,0
62.4002,78860,788830539,1857,0,0,0
62.4102,78861,788840539,1840,0,0,0
62.4201,78862,788850539,1855,0,0,0
62.4302,78863,788860539,1840,0,0,0
62.4401,78864,788870539,1856,0,0,0
62.4501,78865,788880538,1845,0,0,0
62.4601,78866,788890539,1860,0,0,0
62.4700,78867,788900539,1873,0,0,0
62.4802,78868,788910539,1909,0,0,0
62.4910,78869,788920539,1910,0,0,0
62.5002,78870,788930538,1979,0,0,0
62.5100,78871,788940539,1994,0,0,0
62.5202,78872,788950539,2001,0,0,0
62.5302,78873,788960539,1944,0,0,0
62.5401,78874,788970539,1869,0,0,0
62.5501,78875,788980538,1825,0,0,0
62.5603,78876,788990539,1822,0,0,0
62.5700,78877,789000539,1821,0,0,0
62.5801,78878,789010538,1813,0,0,0
62.5901,78879,789020539,1787,0,0,0
62.6001,78880,789030538,1805,0,0,0
62.6101,78881,789040538,1726,0,0,0
62.6200,78882,789050539,1459,0,0,0
62.6301,78883,789060539,1773,0,0,0
62.6403,78884,789070539,3004,0,0,0
62.6500,78885,789080539,3353,0,0,0
62.6600,78886,789090539,2043,0,0,0
62.6703,78887,789100539,1610,0,0,0
62.6802,78888,789110538,1783,0,0,0
62.6901,78889,789120539,1757,0,0,0
62.7004,78890,789130539,1711,0,0,0
62.7104,78891,789140539,1725,0,0,0
62.7203,78892,789150539,1737,0,0,0
62.7302,78893,789160538,1730,0,0,0
62.7403,78894,789170539,1754,0,0,0
62.7502,78895,789180539,1745,0,0,0
62.7602,78896,789190538,1759,0,0,0
62.7701,78897,789200539,1769,0,0,0
62.7801,78898,789210539,1776,0,0,0
62.7903,78899,789220539,1777,0,0,0
62.8003,78900,789230539,1791,0,0,0
62.8100,78901,789240539,1787,0,0,0
62.8201,78902,789250538,1809,0,0,0
62.8304,78903,789260539,1808,0,0,0
62.8401,78904,789270539,1820,0,0,0
62.8501,78905,789280538,1823,0,0,0
62.8602,78906,789290539,1839,0,0,0
62.8701,78907,789300539,1842,0,0,0
62.8801,78908,789310538,1861,0,0,0
62.8900,78909,789320539,1885,0,0,0
62.9001,78910,789330539,1907,0,0,0
62.9102,78911,789340539,1914,0,0,0
62.9201,78912,789350539,1934,0,0,0
62.9301,78913,789360539,1936,0,0,0
62.9403,78914,789370538,1934,0,0,0
62.9501,78915,789380538,1905,0,0,0
62.9601,78916,789390539,1872,0,0,0
62.9701,78917,789400539,1840,0,0,0
62.9803,78918,789410539,1811,0,0,0
62.9901,78919,789420538,1781,0,0,0
63.0030,78920,789430539,1780,0,0,0
63.0101,78921,789440538,1776,0,0,0
63.0201,78922,789450539,1790,0,0,0
63.0305,78923,789460539,1783,0,0,0
63.0407,78924,789470539,1787,0,0,0
63.0500,78925,789480539,1787,0,0,0
63.0602,78926,789490538,1785,0,0,0
63.0700,78927,789500539,1776,0,0,0
63.0801,78928,789510539,1791,0,0,0
63.0901,78929,789520538,1781,0,0,0
63.1001,78930,789530539,1793,0,0,0
63.1100,78931,789540538,1789,0,0,0
63.1202,78932,789550539,1805,0,0,0
63.1302,78933,789560538,1799,0,0,0
63.1402,78934,789570539,1803,0,0,0
63.1501,78935,789580539,1795,0,0,0
63.1601,78936,789590539,1808,0,0,0
63.1702,78937,789600539,1808,0,0,0
63.1802,78938,789610538,1823,0,0,0
63.1902,78939,789620539,1805,0,0,0
63.2002,78940,789630539,1813,0,0,0
63.2100,78941,789640539,1814,0,0,0
63.2201,78942,789650538,1827,0,0,0
63.2302,78943,789660539,1819,0,0,0
63.2402,78944,789670539,1824,0,0,0
63.2500,78945,789680539,1824,0,0,0
63.2603,78946,789690539,1820,0,0,0
63.2702,78947,789700539,1824,0,0,0
63.2804,78948,789710539,1827,0,0,0
63.2901,78949,789720539,1811,0,0,0
63.3000,78950,789730539,1829,0,0,0
63.3100,78951,789740539,1823,0,0,0
63.3202,78952,789750539,1829,0,0,0
63.3302,78953,789760538,1809,0,0,0
63.3401,78954,789770539,1840,0,0,0
63.3501,78955,789780539,1826,0,0,0
63.3603,78956,789790539,1837,0,0,0
63.3702,78957,789800539,1841,0,0,0
63.3802,78958,789810538,1840,0,0,0
63.3902,78959,789820539,1806,0,0,0
63.4002,78960,789830539,1845,0,0,0
63.4103,78961,789840539,1841,0,0,0
63.4201,78962,789850539,1849,0,0,0
63.4303,78963,789860539,1856,0,0,0
63.4404,78964,789870539,1855,0,0,0
63.4500,78965,789880538,1846,0,0,0
63.4603,78966,789890539,1857,0,0,0
63.4703,78967,789900539,1846,0,0,0
63.4802,78968,789910538,1858,0,0,0
63.4911,78969,789920538,1847,0,0,0
63.5002,78970,789930539,1853,0,0,0
63.5110,78971,789940539,1857,0,0,0
63.5200,78972,789950539,1855,0,0,0
63.5305,78973,789960538,1844,0,0,0
63.5402,78974,789970539,1854,0,0,0
63.5502,78975,789980538,1855,0,0,0
63.5604,78976,789990539,1856,0,0,0
63.5701,78977,790000539,1856,0,0,0
63.5801,78978,790010539,1872,0,0,0
63.5901,78979,790020539,1865,0,0,0
63.6001,78980,790030539,1865,0,0,0
63.6102,78981,790040539,1863,0,0,0
63.6201,78982,790050539,1886,0,0,0
63.6300,78983,790060539,1902,0,0,0
63.6402,78984,790070539,1915,0,0,0
63.6501,78985,790080538,1984,0,0,0
63.6602,78986,790090539,2006,0,0,0
63.6703,78987,790100538,1996,0,0,0
63.6804,78988,790110539,1933,0,0,0
63.6903,78989,790120539,1855,0,0,0
63.7004,78990,790130539,1857,0,0,0
63.7106,78991,790140539,1840,0,0,0
63.7202,78992,790150539,1833,0,0,0
63.7301,78993,790160539,1833,0,0,0
63.7429,78994,790170538,1823,0,0,0
63.7501,78995,790180539,1811,0,0,0
63.7604,78996,790190539,1606,0,0,0
63.7705,78997,790200539,1529,0,0,0
63.7803,78998,790210539,2172,0,0,0
63.7903,78999,790220538,3957,0,0,0
63.8003,79000,790230539,2679,0,0,0
63.8102,79001,790240539,1717,0,0,0
63.8200,79002,790250539,1691,0,0,0
63.8301,79003,790260538,1829,0,0,0
63.8403,79004,790270539,1741,0,0,0
63.8502,79005,790280539,1732,0,0,0
63.8608,79006,790290539,1749,0,0,0
63.8708,79007,790300539,1747,0,0,0
63.8805,79008,790310539,1765,0,0,0
63.8903,79009,790320539,1771,0,0,0
63.9003,79010,790330539,1777,0,0,0
63.9105,79011,790340539,1780,0,0,0
63.9202,79012,790350539,1792,0,0,0
63.9307,79013,790360538,1790,0,0,0
63.9401,79014,790370539,1802,0,0,0
63.9506,79015,790380539,1802,0,0,0
63.9604,79016,790390539,1812,0,0,0
63.9701,79017,790400539,1819,0,0,0
63.9807,79018,790410539,1828,0,0,0
63.9903,79019,790420539,1843,0,0,0
64.0019,79020,790430539,1856,0,0,0
64.0100,79021,790440538,1863,0,0,0
64.0202,79022,790450539,1891,0,0,0
64.0301,79023,790460538,1907,0,0,0
64.0402,79024,790470539,1936,0,0,0
64.0500,79025,790480539,1942,0,0,0
64.0602,79026,790490539,1959,0,0,0
64.0700,79027,790500539,1967,0,0,0
64.0800,79028,790510539,1963,0,0,0
64.0901,79029,790520538,1935,0,0,0
64.1002,79030,790530539,1899,0,0,0
64.1101,79031,790540539,1868,0,0,0
64.1201,79032,790550538,1837,0,0,0
64.1302,79033,790560538,1810,0,0,0
64.1401,79034,790570539,1809,0,0,0
64.1501,79035,790580539,1795,0,0,0
64.1602,79036,790590538,1793,0,0,0
64.1701,79037,790600538,1782,0,0,0
64.1801,79038,790610539,1782,0,0,0
64.1902,79039,790620539,1776,0,0,0
64.2001,79040,790630538,1787,0,0,0
64.2107,79041,790640539,1787,0,0,0
64.2201,79042,790650539,1789,0,0,0
64.2301,79043,790660538,1789,0,0,0
64.2402,79044,790670539,1787,0,0,0
64.2500,79045,790680539,1803,0,0,0
64.2600,79046,790690539,1808,0,0,0
64.2701,79047,790700539,1802,0,0,0
64.2803,79048,790710538,1799,0,0,0
64.2900,79049,790720539,1810,0,0,0
64.3001,79050,790730539,1808,0,0,0
64.3101,79051,790740539,1827,0,0,0
64.3201,79052,790750539,1825,0,0,0
64.3300,79053,790760539,1808,0,0,0
64.3402,79054,790770539,1808,0,0,0
64.3503,79055,790780538,1833,0,0,0
64.3602,79056,790790539,1834,0,0,0
64.3702,79057,790800538,1827,0,0,0
64.3803,79058,790810539,1829,0,0,0
64.3902,79059,790820539,1825,0,0,0
64.4003,79060,790830539,1823,0,0,0
64.4103,79061,790840539,1814,0,0,0
64.4201,79062,790850539,1823,0,0,0
64.4304,79063,790860539,1840,0,0,0
64.4404,79064,790870539,1840,0,0,0
64.4509,79065,790880538,1833,0,0,0
64.4606,79066,790890539,1835,0,0,0
64.4708,79067,790900539,1853,0,0,0
64.4814,79068,790910539,1850,0,0,0
64.4907,79069,790920538,1845,0,0,0
64.5003,79070,790930539,1841,0,0,0
64.5102,79071,790940539,1846,0,0,0
64.5202,79072,790950539,1858,0,0,0
64.5302,79073,790960538,1842,0,0,0
64.5401,79074,790970539,1846,0,0,0
64.5503,79075,790980539,1859,0,0,0
64.5600,79076,790990539,1861,0,0,0
64.5702,79077,791000539,1861,0,0,0
64.5802,79078,791010539,1866,0,0,0
64.5900,79079,791020538,1875,0,0,0
64.6002,79080,791030539,1860,0,0,0
64.6104,79081,791040539,1870,0,0,0
64.6202,79082,791050539,1861,0,0,0
64.6304,79083,791060539,1871,0,0,0
64.6403,79084,791070538,1877,0,0,0
64.6503,79085,791080539,1861,0,0,0
64.6602,79086,791090539,1855,0,0,0
64.6703,79087,791100539,1857,0,0,0
64.6806,79088,791110539,1870,0,0,0
64.6908,79089,791120539,1867,0,0,0
64.7009,79090,791130539,1872,0,0,0
64.7108,79091,791140539,1872,0,0,0
64.7205,79092,791150539,1873,0,0,0
64.7315,79093,791160539,1877,0,0,0
64.7403,79094,791170539,1878,0,0,0
64.7501,79095,791180538,1882,0,0,0
64.7604,79096,791190539,1891,0,0,0
64.7702,79097,791200539,1889,0,0,0
64.7800,79098,791210539,1895,0,0,0
64.7902,79099,791220539,1926,0,0,0
64.8001,79100,791230539,1936,0,0,0
64.8100,79101,791240538,2011,0,0,0
64.8202,79102,791250539,2027,0,0,0
64.8301,79103,791260539,1991,0,0,0
64.8402,79104,791270539,1905,0,0,0
64.8501,79105,791280539,1862,0,0,0
64.8602,79106,791290539,1854,0,0,0
64.8708,79107,791300539,1830,0,0,0
64.8808,79108,791310539,1831,0,0,0
64.8907,79109,791320539,1819,0,0,0
64.9004,79110,791330539,1817,0,0,0
64.9110,79111,791340538,1808,0,0,0
64.9204,79112,791350539,1557,0,0,0
64.9300,79113,791360538,1600,0,0,0
64.9405,79114,791370539,2370,0,0,0
64.9504,79115,791380539,3829,0,0,0
64.9606,79116,791390539,2346,0,0,0
64.9707,79117,791400538,1779,0,0,0
64.9807,79118,791410539,1729,0,0,0
64.9907,79119,791420538,1826,0,0,0
65.0001,79120,791430539,1737,0,0,0
65.0101,79121,791440539,1739,0,0,0
65.0201,79122,791450539,1737,0,0,0
65.0301,79123,791460538,1762,0,0,0
65.0401,79124,791470539,1770,0,0,0
65.0502,79125,791480539,1775,0,0,0
65.0601,79126,791490539,1769,0,0,0
65.0700,79127,791500539,1791,0,0,0
65.0802,79128,791510539,1776,0,0,0
65.0901,79129,791520539,1791,0,0,0
65.1001,79130,791530539,1793,0,0,0
65.1103,79131,791540538,1801,0,0,0
65.1204,79132,791550539,1808,0,0,0
65.1302,79133,791560539,1814,0,0,0
65.1405,79134,791570538,1815,0,0,0
65.1508,79135,791580539,1837,0,0,0
65.1604,79136,791590538,1841,0,0,0
65.1708,79137,791600539,1856,0,0,0
65.1803,79138,791610539,1872,0,0,0
65.1909,79139,791620539,1894,0,0,0
65.2006,79140,791630539,1910,0,0,0
65.2102,79141,791640538,1931,0,0,0
65.2208,79142,791650539,1935,0,0,0
65.2302,79143,791660539,1951,0,0,0
65.2402,79144,791670538,1939,0,0,0
65.2508,79145,791680539,1914,0,0,0
65.2601,79146,791690539,1895,0,0,0
65.2704,79147,791700539,1872,0,0,0
65.2803,79148,791710539,1826,0,0,0
65.2903,79149,791720539,1809,0,0,0
65.3001,79150,791730539,1783,0,0,0
65.3101,79151,791740539,1784,0,0,0
65.3203,79152,791750538,1782,0,0,0
65.3301,79153,791760539,1783,0,0,0
65.3400,79154,791770539,1775,0,0,0
65.3501,79155,791780539,1791,0,0,0
65.3601,79156,791790538,1777,0,0,0
65.3700,79157,791800539,1787,0,0,0
65.3802,79158,791810539,1791,0,0,0
65.3903,79159,791820539,1799,0,0,0
65.4002,79160,791830539,1791,0,0,0
65.4103,79161,791840539,1793,0,0,0
65.4201,79162,791850539,1798,0,0,0
65.4302,79163,791860539,1807,0,0,0
65.4403,79164,791870539,1809,0,0,0
65.4503,79165,791880539,1828,0,0,0
65.4604,79166,791890539,1815,0,0,0
65.4708,79167,791900538,1824,0,0,0
65.4812,79168,791910539,1805,0,0,0
65.4902,79169,791920539,1824,0,0,0
65.5001,79170,791930539,1822,0,0,0
65.5103,79171,791940539,1829,0,0,0
65.5204,79172,791950539,1823,0,0,0
65.5301,79173,791960539,1826,0,0,0
65.5401,79174,791970539,1815,0,0,0
65.5500,79175,791980538,1829,0,0,0
65.5601,79176,791990539,1819,0,0,0
65.5702,79177,792000538,1829,0,0,0
65.5802,79178,792010539,1810,0,0,0
65.5902,79179,792020539,1822,0,0,0
65.6002,79180,792030539,1808,0,0,0
65.6102,79181,792040538,1817,0,0,0
65.6202,79182,792050539,1808,0,0,0
65.6302,79183,792060538,1826,0,0,0
65.6402,79184,792070539,1819,0,0,0
65.6503,79185,792080539,1829,0,0,0
65.6601,79186,792090538,1815,0,0,0
65.6700,79187,792100539,1827,0,0,0
65.6800,79188,792110539,1824,0,0,0
65.6901,79189,792120539,1835,0,0,0
65.7001,79190,792130538,1830,0,0,0
65.7107,79191,792140539,1828,0,0,0
65.7207,79192,792150538,1826,0,0,0
65.7306,79193,792160539,1836,0,0,0
65.7404,79194,792170539,1828,0,0,0
65.7503,79195,792180539,1840,0,0,0
65.7605,79196,792190538,1836,0,0,0
65.7704,79197,792200539,1847,0,0,0
65.7802,79198,792210539,1845,0,0,0
65.7904,79199,792220539,1839,0,0,0
65.8004,79200,792230538,1840,0,0,0
65.8102,79201,792240539,1851,0,0,0
65.8202,79202,792250539,1845,0,0,0
65.8301,79203,792260539,1855,0,0,0
65.8401,79204,792270539,1840,0,0,0
65.8502,79205,792280539,1856,0,0,0
65.8603,79206,792290539,1851,0,0,0
65.8701,79207,792300539,1845,0,0,0
65.8802,79208,792310538,1839,0,0,0
65.8902,79209,792320539,1856,0,0,0
65.9002,79210,792330539,1870,0,0,0
65.9102,79211,792340539,1904,0,0,0
65.9202,79212,792350538,1933,0,0,0
65.9300,79213,792360539,1999,0,0,0
65.9399,79214,792370539,2000,0,0,0
65.9502,79215,792380539,1983,0,0,0
65.9601,79216,792390539,1886,0,0,0
65.9701,79217,792400539,1848,0,0,0
65.9804,79218,792410539,1826,0,0,0
65.9912,79219,792420539,1840,0,0,0
66.0000,79220,792430538,1803,0,0,0
66.0101,79221,792440539,1805,0,0,0
66.0200,79222,792450538,1803,0,0,0
66.0300,79223,792460538,1782,0,0,0
66.0401,79224,792470539,1514,0,0,0
66.0500,79225,792480539,1619,0,0,0
66.0601,79226,792490539,2446,0,0,0
66.0702,79227,792500539,3931,0,0,0
66.0801,79228,792510539,2365,0,0,0
66.0901,79229,792520539,1675,0,0,0
66.1003,79230,792530539,1741,0,0,0
66.1102,79231,792540539,1818,0,0,0
66.1202,79232,792550538,1727,0,0,0
66.1303,79233,792560539,1749,0,0,0
66.1403,79234,792570539,1744,0,0,0
66.1502,79235,792580539,1757,0,0,0
66.1603,79236,792590539,1753,0,0,0
66.1708,79237,792600538,1774,0,0,0
66.1807,79238,792610539,1773,0,0,0
66.1905,79239,792620539,1789,0,0,0
66.2006,79240,792630539,1786,0,0,0
66.2103,79241,792640539,1789,0,0,0
66.2206,79242,792650539,1776,0,0,0
66.2305,79243,792660538,1793,0,0,0
66.2416,79244,792670539,1795,0,0,0
66.2530,79245,792680538,1814,0,0,0
66.2600,79246,792690539,1798,0,0,0
66.2704,79247,792700539,1827,0,0,0
66.2801,79248,792710539,1825,0,0,0
66.2901,79249,792720539,1846,0,0,0
66.3001,79250,792730539,1871,0,0,0
66.3102,79251,792740539,1890,0,0,0
66.3200,79252,792750538,1902,0,0,0
66.3301,79253,792760538,1930,0,0,0
66.3400,79254,792770539,1938,0,0,0
66.3501,79255,792780539,1945,0,0,0
66.3602,79256,792790539,1937,0,0,0
66.3700,79257,792800539,1917,0,0,0
66.3802,79258,792810538,1882,0,0,0
66.3901,79259,792820538,1857,0,0,0
66.4001,79260,792830539,1819,0,0,0
66.4101,79261,792840539,1808,0,0,0
66.4203,79262,792850538,1791,0,0,0
66.4302,79263,792860539,1782,0,0,0
66.4401,79264,792870539,1776,0,0,0
66.4502,79265,792880539,1789,0,0,0
66.4601,79266,792890539,1775,0,0,0
66.4702,79267,792900539,1787,0,0,0
66.4801,79268,792910539,1778,0,0,0
66.4911,79269,792920539,1787,0,0,0
66.4999,79270,792930538,1778,0,0,0
66.5101,79271,792940539,1790,0,0,0
66.5201,79272,792950539,1787,0,0,0
66.5302,79273,792960539,1807,0,0,0
66.5401,79274,792970539,1795,0,0,0
66.5499,79275,792980539,1799,0,0,0
66.5600,79276,792990539,1799,0,0,0
66.5701,79277,793000539,1808,0,0,0
66.5802,79278,793010539,1804,0,0,0
66.5902,79279,793020539,1811,0,0,0
66.6002,79280,793030538,1799,0,0,0
66.6102,79281,793040538,1821,0,0,0
66.6202,79282,793050539,1811,0,0,0
66.6304,79283,793060539,1819,0,0,0
66.6405,79284,793070539,1808,0,0,0
66.6508,79285,793080538,1821,0,0,0
66.6609,79286,793090538,1808,0,0,0
66.6708,79287,793100538,1818,0,0,0
66.6807,79288,793110539,1810,0,0,0
66.6903,79289,793120539,1819,0,0,0
66.7006,79290,793130538,1810,0,0,0
66.7102,79291,793140539,1822,0,0,0
66.7206,79292,793150539,1816,0,0,0
66.7306,79293,793160539,1820,0,0,0
66.7402,79294,793170539,1815,0,0,0
66.7500,79295,793180538,1826,0,0,0
66.7602,79296,793190539,1825,0,0,0
66.7702,79297,793200539,1841,0,0,0
66.7804,79298,793210539,1822,0,0,0
66.7904,79299,793220539,1841,0,0,0
66.8002,79300,793230539,1823,0,0,0
66.8100,79301,793240539,1837,0,0,0
66.8200,79302,793250539,1841,0,0,0
66.8302,79303,793260539,1840,0,0,0
66.8400,79304,793270538,1833,0,0,0
66.8501,79305,793280539,1841,0,0,0
66.8601,79306,793290539,1833,0,0,0
66.8700,79307,793300539,1842,0,0,0
66.8800,79308,793310538,1841,0,0,0
66.8902,79309,793320538,1842,0,0,0
66.9002,79310,793330539,1845,0,0,0
66.9102,79311,793340539,1843,0,0,0
66.9203,79312,793350539,1840,0,0,0
66.9301,79313,793360539,1846,0,0,0
66.9403,79314,793370539,1846,0,0,0
66.9505,79315,793380538,1862,0,0,0
66.9601,79316,793390539,1850,0,0,0
66.9704,79317,793400538,1861,0,0,0
66.9805,79318,793410539,1849,0,0,0
66.9913,79319,793420539,1859,0,0,0
67.0005,79320,793430538,1854,0,0,0
67.0104,79321,793440539,1866,0,0,0
67.0202,79322,793450539,1863,0,0,0
67.0311,79323,793460539,1870,0,0,0
67.0401,79324,793470539,1878,0,0,0
67.0500,79325,793480539,1915,0,0,0
67.0600,79326,793490538,1919,0,0,0
67.0701,79327,793500538,1990,0,0,0
67.0801,79328,793510539,2001,0,0,0
67.0900,79329,793520539,2000,0,0,0
67.1004,79330,793530539,1943,0,0,0
67.1104,79331,793540539,1872,0,0,0
67.1203,79332,793550539,1847,0,0,0
67.1304,79333,793560539,1855,0,0,0
67.1404,79334,793570539,1830,0,0,0
67.1505,79335,793580539,1831,0,0,0
67.1605,79336,793590538,1821,0,0,0
67.1704,79337,793600539,1823,0,0,0
67.1801,79338,793610538,1670,0,0,0
67.1906,79339,793620538,1485,0,0,0
67.2005,79340,793630539,1938,0,0,0
67.2103,79341,793640539,3568,0,0,0
67.2206,79342,793650538,2978,0,0,0
67.2302,79343,793660538,1861,0,0,0
67.2404,79344,793670539,1635,0,0,0
67.2501,79345,793680538,1830,0,0,0
67.2607,79346,793690539,1754,0,0,0
67.2703,79347,793700538,1741,0,0,0
67.2801,79348,793710539,1747,0,0,0
67.2903,79349,793720539,1760,0,0,0
67.3002,79350,793730539,1754,0,0,0
67.3102,79351,793740539,1755,0,0,0
67.3201,79352,793750538,1763,0,0,0
67.3302,79353,793760538,1778,0,0,0
67.3401,79354,793770539,1767,0,0,0
67.3501,79355,793780539,1789,0,0,0
67.3600,79356,793790538,1791,0,0,0
67.3702,79357,793800538,1804,0,0,0
67.3801,79358,793810539,1791,0,0,0
67.3903,79359,793820539,1814,0,0,0
67.4002,79360,793830539,1820,0,0,0
67.4101,79361,793840538,1833,0,0,0
67.4202,79362,793850539,1821,0,0,0
67.4303,79363,793860539,1851,0,0,0
67.4400,79364,793870538,1872,0,0,0
67.4501,79365,793880539,1901,0,0,0
67.4603,79366,793890539,1903,0,0,0
67.4701,79367,793900539,1936,0,0,0
67.4801,79368,793910539,1936,0,0,0
67.4906,79369,793920539,1968,0,0,0
67.5001,79370,793930538,1964,0,0,0
67.5101,79371,793940539,1948,0,0,0
67.5213,79372,793950539,1907,0,0,0
67.5300,79373,793960539,1890,0,0,0
67.5402,79374,793970538,1847,0,0,0
67.5501,79375,793980539,1822,0,0,0
67.5601,79376,793990539,1798,0,0,0
67.5701,79377,794000538,1798,0,0,0
67.5807,79378,794010539,1778,0,0,0
67.5901,79379,794020538,1791,0,0,0
67.6000,79380,794030539,1779,0,0,0
67.6102,79381,794040539,1781,0,0,0
67.6201,79382,794050539,1778,0,0,0
67.6300,79383,794060538,1795,0,0,0
67.6401,79384,794070539,1783,0,0,0
67.6501,79385,794080539,1803,0,0,0
67.6602,79386,794090539,1799,0,0,0
67.6705,79387,794100539,1816,0,0,0
67.6802,79388,794110539,1815,0,0,0
67.6903,79389,794120539,1824,0,0,0
67.7004,79390,794130539,1812,0,0,0
67.7103,79391,794140538,1818,0,0,0
67.7201,79392,794150539,1822,0,0,0
67.7304,79393,794160538,1834,0,0,0
67.7406,79394,794170539,1823,0,0,0
67.7502,79395,794180539,1839,0,0,0
67.7602,79396,794190538,1815,0,0,0
67.7703,79397,794200539,1828,0,0,0
67.7802,79398,794210539,1817,0,0,0
67.7903,79399,794220538,1833,0,0,0
67.8002,79400,794230539,1825,0,0,0
67.8102,79401,794240539,1835,0,0,0
67.8201,79402,794250539,1829,0,0,0
67.8302,79403,794260539,1847,0,0,0
67.8402,79404,794270538,1834,0,0,0
67.8505,79405,794280539,1831,0,0,0
67.8601,79406,794290539,1834,0,0,0
67.8702,79407,794300539,1840,0,0,0
67.8804,79408,794310539,1845,0,0,0
67.8903,79409,794320539,1842,0,0,0
67.9013,79410,794330538,1827,0,0,0
67.9105,79411,794340539,1838,0,0,0
67.9204,79412,794350539,1833,0,0,0
67.9307,79413,794360539,1850,0,0,0
67.9405,79414,794370539,1840,0,0,0
67.9503,79415,794380539,1863,0,0,0
67.9605,79416,794390539,1851,0,0,0
67.9704,79417,794400539,1851,0,0,0
67.9805,79418,794410539,1841,0,0,0
67.9907,79419,794420539,1872,0,0,0
68.0001,79420,794430539,1854,0,0,0
68.0100,79421,794440538,1868,0,0,0
68.0204,79422,794450539,1872,0,0,0
68.0302,79423,794460539,1859,0,0,0
68.0414,79424,794470539,1850,0,0,0
68.0501,79425,794480538,1872,0,0,0
68.0600,79426,794490539,1882,0,0,0
68.0702,79427,794500538,1882,0,0,0
68.0802,79428,794510539,1858,0,0,0
68.0900,79429,794520539,1873,0,0,0
68.1000,79430,794530539,1869,0,0,0
68.1102,79431,794540539,1871,0,0,0
68.1203,79432,794550538,1872,0,0,0
68.1301,79433,794560539,1882,0,0,0
68.1404,79434,794570538,1896,0,0,0
68.1503,79435,794580539,1919,0,0,0
68.1607,79436,794590539,1936,0,0,0
68.1709,79437,794600538,2017,0,0,0
68.1807,79438,794610539,2014,0,0,0
68.1903,79439,794620538,2000,0,0,0
68.2006,79440,794630539,1899,0,0,0
68.2113,79441,794640539,1863,0,0,0
68.2206,79442,794650539,1842,0,0,0
68.2305,79443,794660538,1843,0,0,0
68.2401,79444,794670539,1826,0,0,0
68.2501,79445,794680538,1828,0,0,0
68.2601,79446,794690539,1802,0,0,0
68.2701,79447,794700539,1815,0,0,0
68.2801,79448,794710538,1582,0,0,0
68.2901,79449,794720539,1577,0,0,0
68.3002,79450,794730539,2288,0,0,0
68.3102,79451,794740539,3934,0,0,0
68.3201,79452,794750538,2473,0,0,0
68.3302,79453,794760538,1802,0,0,0
68.3400,79454,794770539,1718,0,0,0
68.3501,79455,794780539,1836,0,0,0
68.3602,79456,794790539,1742,0,0,0
68.3702,79457,794800538,1750,0,0,0
68.3801,79458,794810539,1747,0,0,0
68.3902,79459,794820539,1763,0,0,0
68.4002,79460,794830539,1767,0,0,0
68.4103,79461,794840539,1783,0,0,0
68.4207,79462,794850539,1780,0,0,0
68.4300,79463,794860539,1792,0,0,0
68.4402,79464,794870539,1785,0,0,0
68.4507,79465,794880539,1807,0,0,0
68.4601,79466,794890539,1808,0,0,0
68.4707,79467,794900538,1823,0,0,0
68.4802,79468,794910539,1814,0,0,0
68.4948,79469,794920539,1826,0,0,0
68.5002,79470,794930539,1828,0,0,0
68.5101,79471,794940538,1846,0,0,0
68.5200,79472,794950539,1853,0,0,0
68.5301,79473,794960538,1876,0,0,0
68.5401,79474,794970539,1877,0,0,0
68.5501,79475,794980538,1904,0,0,0
68.5600,79476,794990539,1907,0,0,0
68.5700,79477,795000539,1936,0,0,0
68.5801,79478,795010539,1937,0,0,0
68.5901,79479,795020538,1955,0,0,0
68.6000,79480,795030539,1946,0,0,0
68.6100,79481,795040539,1926,0,0,0
68.6202,79482,795050539,1902,0,0,0
68.6302,79483,795060539,1872,0,0,0
68.6402,79484,795070538,1840,0,0,0
68.6503,79485,795080539,1813,0,0,0
68.6602,79486,795090539,1796,0,0,0
68.6702,79487,795100539,1799,0,0,0
68.6803,79488,795110539,1791,0,0,0
68.6908,79489,795120538,1790,0,0,0
68.7017,79490,795130539,1785,0,0,0
68.7107,79491,795140538,1799,0,0,0
68.7201,79492,795150539,1790,0,0,0
68.7308,79493,795160538,1787,0,0,0
68.7404,79494,795170539,1794,0,0,0
68.7502,79495,795180539,1798,0,0,0
68.7601,79496,795190539,1789,0,0,0
68.7702,79497,795200538,1795,0,0,0
68.7815,79498,795210539,1791,0,0,0
68.7901,79499,795220538,1797,0,0,0
68.8001,79500,795230539,1790,0,0,0
68.8100,79501,795240538,1808,0,0,0
68.8202,79502,795250539,1809,0,0,0
68.8302,79503,795260539,1819,0,0,0
68.8402,79504,795270539,1804,0,0,0
68.8501,79505,795280538,1813,0,0,0
68.8601,79506,795290539,1808,0,0,0
68.8702,79507,795300539,1815,0,0,0
68.8802,79508,795310539,1805,0,0,0
68.8905,79509,795320539,1813,0,0,0
68.9001,79510,795330539,1808,0,0,0
68.9109,79511,795340539,1785,0,0,0
68.9202,79512,795350539,1808,0,0,0
68.9302,79513,795360539,1825,0,0,0
68.9408,79514,795370539,1809,0,0,0
68.9509,79515,795380539,1827,0,0,0
68.9614,79516,795390539,1815,0,0,0
68.9705,79517,795400538,1820,0,0,0
68.9801,79518,795410539,1821,0,0,0
68.9903,79519,795420539,1834,0,0,0
69.0015,79520,795430538,1822,0,0,0
69.0102,79521,795440539,1824,0,0,0
69.0203,79522,795450539,1814,0,0,0
69.0306,79523,795460539,1819,0,0,0
69.0414,79524,795470538,1814,0,0,0
69.0501,79525,795480539,1817,0,0,0
69.0601,79526,795490539,1826,0,0,0
69.0704,79527,795500538,1823,0,0,0
69.0802,79528,795510539,1817,0,0,0
69.0901,79529,795520538,1826,0,0,0
69.1001,79530,795530539,1826,0,0,0
69.1101,79531,795540538,1840,0,0,0
69.1203,79532,795550539,1838,0,0,0
69.1302,79533,795560539,1830,0,0,0
69.1408,79534,795570539,1835,0,0,0
69.1503,79535,795580539,1845,0,0,0
69.1605,79536,795590538,1839,0,0,0
69.1703,79537,795600539,1853,0,0,0
69.1807,79538,795610539,1851,0,0,0
69.1909,79539,795620538,1849,0,0,0
69.2007,79540,795630539,1840,0,0,0
69.2106,79541,795640539,1844,0,0,0
69.2207,79542,795650539,1839,0,0,0
69.2301,79543,795660539,1853,0,0,0
69.2407,79544,795670539,1858,0,0,0
69.2507,79545,795680539,1876,0,0,0
69.2601,79546,795690539,1902,0,0,0
69.2700,79547,795700539,1925,0,0,0
69.2804,79548,795710539,1988,0,0,0
69.2902,79549,795720539,1996,0,0,0
69.3002,79550,795730539,1975,0,0,0
69.3101,79551,795740538,1886,0,0,0
69.3201,79552,795750539,1843,0,0,0
69.3303,79553,795760539,1835,0,0,0
69.3402,79554,795770539,1831,0,0,0
69.3502,79555,795780538,1819,0,0,0
69.3600,79556,795790539,1799,0,0,0
69.3701,79557,795800539,1808,0,0,0
69.3801,79558,795810539,1782,0,0,0
69.3903,79559,795820539,1510,0,0,0
69.4003,79560,795830539,1601,0,0,0
69.4101,79561,795840538,2480,0,0,0
69.4202,79562,795850539,3920,0,0,0
69.4304,79563,795860539,2348,0,0,0
69.4404,79564,795870539,1632,0,0,0
69.4507,79565,795880539,1745,0,0,0
69.4609,79566,795890538,1801,0,0,0
69.4704,79567,795900539,1731,0,0,0
69.4802,79568,795910539,1733,0,0,0
69.4902,79569,795920539,1742,0,0,0
69.5007,79570,795930539,1751,0,0,0
69.5110,79571,795940539,1759,0,0,0
69.5201,79572,795950539,1763,0,0,0
69.5306,79573,795960539,1771,0,0,0
69.5402,79574,795970539,1767,0,0,0
69.5504,79575,795980539,1780,0,0,0
69.5602,79576,795990538,1782,0,0,0
69.5702,79577,796000539,1783,0,0,0
69.5803,79578,796010539,1794,0,0,0
69.5901,79579,796020538,1805,0,0,0
69.6000,79580,796030539,1808,0,0,0
69.6101,79581,796040539,1822,0,0,0
69.6201,79582,796050539,1825,0,0,0
69.6301,79583,796060539,1843,0,0,0
69.6403,79584,796070539,1849,0,0,0
69.6502,79585,796080538,1870,0,0,0
69.6602,79586,796090539,1898,0,0,0
69.6703,79587,796100539,1919,0,0,0
69.6802,79588,796110539,1933,0,0,0
69.6904,79589,796120539,1939,0,0,0
69.7004,79590,796130539,1942,0,0,0
69.7108,79591,796140539,1937,0,0,0
69.7207,79592,796150538,1910,0,0,0
69.7307,79593,796160539,1885,0,0,0
69.7410,79594,796170539,1847,0,0,0
69.7507,79595,796180539,1821,0,0,0
69.7602,79596,796190539,1803,0,0,0
69.7700,79597,796200539,1799,0,0,0
69.7803,79598,796210539,1789,0,0,0
69.7903,79599,796220538,1794,0,0,0
69.8001,79600,796230539,1791,0,0,0
69.8113,79601,796240539,1790,0,0,0
69.8202,79602,796250539,1785,0,0,0
69.8303,79603,796260539,1783,0,0,0
69.8401,79604,796270538,1790,0,0,0
69.8501,79605,796280539,1791,0,0,0
69.8601,79606,796290539,1789,0,0,0
69.8708,79607,796300539,1806,0,0,0
69.8803,79608,796310539,1810,0,0,0
69.8902,79609,796320539,1822,0,0,0
69.9002,79610,796330539,1815,0,0,0
69.9103,79611,796340539,1808,0,0,0
69.9201,79612,796350539,1825,0,0,0
69.9303,79613,796360539,1824,0,0,0
69.9409,79614,796370538,1812,0,0,0
69.9507,79615,796380539,1824,0,0,0
69.9604,79616,796390539,1826,0,0,0
69.9701,79617,796400539,1825,0,0,0
69.9806,79618,796410538,1839,0,0,0
69.9903,79619,796420539,1835,0,0,0
70.0002,79620,796430539,1833,0,0,0
70.0107,79621,796440539,1841,0,0,0
70.0201,79622,796450539,1836,0,0,0
70.0305,79623,796460539,1840,0,0,0
70.0437,79624,796470539,1838,0,0,0
70.0502,79625,796480538,1831,0,0,0
70.0609,79626,796490539,1841,0,0,0
70.0700,79627,796500539,1842,0,0,0
70.0802,79628,796510539,1840,0,0,0
70.0902,79629,796520539,1843,0,0,0
70.1001,79630,796530538,1841,0,0,0
70.1100,79631,796540538,1849,0,0,0
70.1200,79632,796550539,1844,0,0,0
70.1301,79633,796560539,1845,0,0,0
70.1401,79634,796570539,1844,0,0,0
70.1502,79635,796580538,1855,0,0,0
70.1601,79636,796590539,1854,0,0,0
70.1701,79637,796600539,1846,0,0,0
70.1801,79638,796610539,1853,0,0,0
70.1905,79639,796620538,1859,0,0,0
70.2006,79640,796630539,1863,0,0,0
70.2102,79641,796640538,1860,0,0,0
70.2203,79642,796650539,1863,0,0,0
70.2303,79643,796660538,1870,0,0,0
70.2400,79644,796670539,1871,0,0,0
70.2509,79645,796680539,1863,0,0,0
70.2611,79646,796690538,1869,0,0,0
70.2705,79647,796700539,1875,0,0,0
70.2819,79648,796710539,1869,0,0,0
70.2901,79649,796720538,1870,0,0,0
70.3003,79650,796730539,1872,0,0,0
70.3105,79651,796740538,1866,0,0,0
70.3202,79652,796750539,1872,0,0,0
70.3301,79653,796760539,1876,0,0,0
70.3401,79654,796770539,1875,0,0,0
70.3501,79655,796780539,1883,0,0,0
70.3613,79656,796790539,1879,0,0,0
70.3701,79657,796800539,1883,0,0,0
70.3838,79658,796810539,1889,0,0,0
70.3942,79659,796820538,1905,0,0,0
70.4002,79660,796830539,1920,0,0,0
70.4123,79661,796840539,1936,0,0,0
70.4201,79662,796850539,1999,0,0,0
70.4302,79663,796860539,2032,0,0,0
70.4401,79664,796870538,2013,0,0,0
70.4501,79665,796880538,1969,0,0,0
70.4607,79666,796890539,1879,0,0,0
70.4704,79667,796900539,1860,0,0,0
70.4803,79668,796910539,1858,0,0,0
70.4918,79669,796920539,1850,0,0,0
70.5002,79670,796930539,1835,0,0,0
70.5101,79671,796940538,1826,0,0,0
70.5223,79672,796950539,1821,0,0,0
70.5303,79673,796960538,1674,0,0,0
70.5433,79674,796970539,1487,0,0,0
70.5506,79675,796980538,1979,0,0,0
70.5603,79676,796990539,3631,0,0,0
70.5713,79677,797000539,2967,0,0,0
70.5801,79678,797010539,1856,0,0,0
70.5901,79679,797020538,1650,0,0,0
70.6001,79680,797030539,1831,0,0,0
70.6100,79681,797040539,1754,0,0,0
70.6201,79682,797050539,1745,0,0,0
70.6303,79683,797060538,1757,0,0,0
70.6402,79684,797070539,1765,0,0,0
70.6502,79685,797080539,1769,0,0,0
70.6603,79686,797090538,1776,0,0,0
70.6701,79687,797100538,1771,0,0,0
70.6802,79688,797110539,1803,0,0,0
70.6913,79689,797120539,1781,0,0,0
70.7048,79690,797130539,1785,0,0,0
70.7153,79691,797140539,1799,0,0,0
70.7221,79692,797150539,1796,0,0,0
70.7334,79693,797160539,1817,0,0,0
70.7415,79694,797170538,1818,0,0,0
70.7501,79695,797180539,1823,0,0,0
70.7631,79696,797190539,1840,0,0,0
70.7708,79697,797200539,1857,0,0,0
70.7813,79698,797210539,1871,0,0,0
70.7901,79699,797220538,1890,0,0,0
70.8001,79700,797230539,1914,0,0,0
70.8100,79701,797240539,1918,0,0,0
70.8201,79702,797250538,1943,0,0,0
70.8310,79703,797260539,1961,0,0,0
70.8400,79704,797270539,1969,0,0,0
70.8501,79705,797280539,1959,0,0,0
70.8602,79706,797290538,1949,0,0,0
70.8700,79707,797300539,1915,0,0,0
70.8800,79708,797310539,1893,0,0,0
70.8901,79709,797320539,1855,0,0,0
70.9001,79710,797330538,1834,0,0,0
70.9101,79711,797340539,1814,0,0,0
70.9202,79712,797350539,1802,0,0,0
70.9303,79713,797360539,1792,0,0,0
70.9403,79714,797370538,1795,0,0,0
70.9504,79715,797380539,1791,0,0,0
70.9601,79716,797390539,1786,0,0,0
70.9701,79717,797400539,1795,0,0,0
70.9804,79718,797410538,1808,0,0,0
70.9901,79719,797420539,1806,0,0,0
71.0001,79720,797430539,1813,0,0,0
71.0101,79721,797440538,1810,0,0,0
71.0203,79722,797450539,1813,0,0,0
71.0300,79723,797460539,1815,0,0,0
71.0402,79724,797470538,1838,0,0,0
71.0500,79725,797480539,1834,0,0,0
71.0600,79726,797490539,1840,0,0,0
71.0702,79727,797500538,1843,0,0,0
71.0801,79728,797510539,1856,0,0,0
71.0900,79729,797520539,1853,0,0,0
71.1002,79730,797530539,1856,0,0,0
71.1101,79731,797540539,1855,0,0,0
71.1201,79732,797550539,1856,0,0,0
71.1301,79733,797560539,1853,0,0,0
71.1401,79734,797570539,1859,0,0,0
71.1501,79735,797580539,1859,0,0,0
71.1601,79736,797590539,1863,0,0,0
71.1700,79737,797600538,1854,0,0,0
71.1801,79738,797610539,1861,0,0,0
71.1902,79739,797620538,1842,0,0,0
71.2002,79740,797630539,1847,0,0,0
71.2101,79741,797640538,1840,0,0,0
71.2201,79742,797650539,1851,0,0,0
71.2309,79743,797660539,1855,0,0,0
71.2399,79744,797670539,1872,0,0,0
71.2501,79745,797680539,1855,0,0,0
71.2600,79746,797690539,1843,0,0,0
71.2700,79747,797700539,1856,0,0,0
71.2801,79748,797710539,1849,0,0,0
71.2900,79749,797720539,1839,0,0,0
71.3000,79750,797730538,1857,0,0,0
71.3101,79751,797740539,1863,0,0,0
71.3200,79752,797750539,1860,0,0,0
71.3301,79753,797760539,1847,0,0,0
71.3402,79754,797770539,1851,0,0,0
71.3501,79755,797780538,1847,0,0,0
71.3601,79756,797790539,1846,0,0,0
71.3702,79757,797800539,1849,0,0,0
71.3801,79758,797810538,1859,0,0,0
71.3901,79759,797820539,1859,0,0,0
71.4001,79760,797830539,1858,0,0,0
71.4101,79761,797840539,1866,0,0,0
71.4201,79762,797850539,1872,0,0,0
71.4302,79763,797860538,1861,0,0,0
71.4401,79764,797870539,1866,0,0,0
71.4502,79765,797880539,1859,0,0,0
71.4602,79766,797890539,1858,0,0,0
71.4701,79767,797900539,1861,0,0,0
71.4810,79768,797910539,1858,0,0,0
71.4901,79769,797920538,1859,0,0,0
71.5001,79770,797930539,1899,0,0,0
71.5101,79771,797940539,1913,0,0,0
71.5202,79772,797950538,1927,0,0,0
71.5300,79773,797960539,1938,0,0,0
71.5401,79774,797970539,2015,0,0,0
71.5501,79775,797980538,2001,0,0,0
71.5600,79776,797990539,1987,0,0,0
71.5700,79777,798000539,1891,0,0,0
71.5801,79778,798010539,1851,0,0,0
71.5900,79779,798020539,1839,0,0,0
71.6000,79780,798030539,1819,0,0,0
71.6101,79781,798040538,1809,0,0,0
71.6200,79782,798050539,1809,0,0,0
71.6301,79783,798060539,1801,0,0,0
71.6401,79784,798070539,1778,0,0,0
71.6500,79785,798080538,1495,0,0,0
71.6601,79786,798090539,1623,0,0,0
71.6700,79787,798100538,2493,0,0,0
71.6801,79788,798110539,3745,0,0,0
71.6900,79789,798120538,2243,0,0,0
71.7001,79790,798130539,1779,0,0,0
71.7102,79791,798140539,1743,0,0,0
71.7201,79792,798150538,1825,0,0,0
71.7302,79793,798160539,1729,0,0,0
71.7400,79794,798170539,1738,0,0,0
71.7505,79795,798180539,1750,0,0,0
71.7602,79796,798190539,1747,0,0,0
71.7700,79797,798200539,1755,0,0,0
71.7802,79798,798210538,1761,0,0,0
71.7903,79799,798220539,1769,0,0,0
71.8001,79800,798230539,1776,0,0,0
71.8101,79801,798240539,1774,0,0,0
71.8200,79802,798250539,1793,0,0,0
71.8301,79803,798260539,1781,0,0,0
71.8401,79804,798270538,1787,0,0,0
71.8500,79805,798280539,1790,0,0,0
71.8601,79806,798290539,1808,0,0,0
71.8701,79807,798300538,1805,0,0,0
71.8802,79808,798310539,1817,0,0,0
71.8901,79809,798320539,1811,0,0,0
71.9001,79810,798330538,1840,0,0,0
71.9101,79811,798340539,1846,0,0,0
71.9201,79812,798350539,1873,0,0,0
71.9307,79813,798360539,1892,0,0,0
71.9402,79814,798370539,1919,0,0,0
71.9501,79815,798380539,1917,0,0,0
71.9601,79816,798390539,1935,0,0,0
71.9702,79817,798400539,1910,0,0,0
71.9801,79818,798410538,1897,0,0,0
71.9901,79819,798420539,1869,0,0,0
72.0002,79820,798430538,1847,0,0,0
72.0099,79821,798440539,1805,0,0,0
72.0201,79822,798450539,1780,0,0,0
72.0302,79823,798460539,1757,0,0,0
72.0400,79824,798470539,1767,0,0,0
72.0502,79825,798480539,1757,0,0,0
72.0601,79826,798490539,1751,0,0,0
72.0700,79827,798500538,1755,0,0,0
72.0801,79828,798510539,1763,0,0,0
72.0900,79829,798520539,1757,0,0,0
72.1002,79830,798530538,1757,0,0,0
72.1100,79831,798540539,1762,0,0,0
72.1201,79832,798550539,1775,0,0,0
72.1302,79833,798560538,1767,0,0,0
72.1402,79834,798570539,1784,0,0,0
72.1502,79835,798580539,1787,0,0,0
72.1602,79836,798590539,1787,0,0,0
72.1701,79837,798600539,1781,0,0,0
72.1801,79838,798610539,1799,0,0,0
72.1901,79839,798620539,1793,0,0,0
72.2000,79840,798630539,1801,0,0,0
72.2103,79841,798640539,1805,0,0,0
72.2202,79842,798650539,1805,0,0,0
72.2301,79843,798660538,1800,0,0,0
72.2401,79844,798670539,1811,0,0,0
72.2501,79845,798680539,1809,0,0,0
72.2602,79846,798690539,1808,0,0,0
72.2702,79847,798700539,1792,0,0,0
72.2803,79848,798710539,1811,0,0,0
72.2901,79849,798720539,1807,0,0,0
72.3001,79850,798730539,1823,0,0,0
72.3101,79851,798740539,1809,0,0,0
72.3201,79852,798750539,1811,0,0,0
72.3301,79853,798760538,1814,0,0,0
72.3401,79854,798770539,1827,0,0,0
72.3501,79855,798780539,1814,0,0,0
72.3602,79856,798790539,1830,0,0,0
72.3701,79857,798800538,1822,0,0,0
72.3800,79858,798810539,1830,0,0,0
72.3902,79859,798820539,1824,0,0,0
72.4001,79860,798830539,1830,0,0,0
72.4102,79861,798840539,1827,0,0,0
72.4203,79862,798850538,1835,0,0,0
72.4301,79863,798860539,1822,0,0,0
72.4414,79864,798870539,1836,0,0,0
72.4502,79865,798880538,1826,0,0,0
72.4602,79866,798890539,1839,0,0,0
72.4703,79867,798900539,1829,0,0,0
72.4808,79868,798910539,1840,0,0,0
72.4900,79869,798920538,1839,0,0,0
72.5003,79870,798930539,1846,0,0,0
72.5101,79871,798940539,1831,0,0,0
72.5201,79872,798950538,1850,0,0,0
72.5302,79873,798960539,1839,0,0,0
72.5401,79874,798970539,1847,0,0,0
72.5502,79875,798980539,1847,0,0,0
72.5601,79876,798990539,1845,0,0,0
72.5701,79877,799000539,1846,0,0,0
72.5800,79878,799010539,1847,0,0,0
72.5901,79879,799020539,1840,0,0,0
72.6001,79880,799030539,1846,0,0,0
72.6101,79881,799040539,1846,0,0,0
72.6200,79882,799050539,1841,0,0,0
72.6301,79883,799060539,1844,0,0,0
72.6402,79884,799070538,1871,0,0,0
72.6501,79885,799080539,1884,0,0,0
72.6601,79886,799090538,1905,0,0,0
72.6702,79887,799100539,1967,0,0,0
72.6801,79888,799110538,1994,0,0,0
72.6902,79889,799120539,1981,0,0,0
72.7003,79890,799130539,1943,0,0,0
72.7101,79891,799140539,1847,0,0,0
72.7202,79892,799150539,1831,0,0,0
72.7310,79893,799160538,1819,0,0,0
72.7404,79894,799170539,1814,0,0,0
72.7501,79895,799180539,1786,0,0,0
72.7602,79896,799190539,1798,0,0,0
72.7700,79897,799200539,1783,0,0,0
72.7800,79898,799210538,1633,0,0,0
72.7900,79899,799220539,1484,0,0,0
72.8000,79900,799230539,2015,0,0,0
72.8100,79901,799240539,3676,0,0,0
72.8201,79902,799250538,2864,0,0,0
72.8300,79903,799260538,1808,0,0,0
72.8400,79904,799270539,1648,0,0,0
72.8501,79905,799280539,1811,0,0,0
72.8601,79906,799290538,1719,0,0,0
72.8702,79907,799300539,1710,0,0,0
72.8803,79908,799310539,1733,0,0,0
72.8902,79909,799320538,1731,0,0,0
72.9001,79910,799330539,1747,0,0,0
72.9102,79911,799340539,1749,0,0,0
72.9202,79912,799350539,1758,0,0,0
72.9302,79913,799360538,1754,0,0,0
72.9403,79914,799370539,1774,0,0,0
72.9502,79915,799380539,1764,0,0,0
72.9602,79916,799390539,1782,0,0,0
72.9701,79917,799400539,1783,0,0,0
72.9802,79918,799410539,1793,0,0,0
72.9907,79919,799420538,1790,0,0,0
73.0001,79920,799430539,1811,0,0,0
73.0100,79921,799440539,1815,0,0,0
73.0201,79922,799450538,1831,0,0,0
73.0301,79923,799460539,1831,0,0,0
73.0400,79924,799470539,1866,0,0,0
73.0501,79925,799480539,1877,0,0,0
73.0602,79926,799490538,1902,0,0,0
73.0700,79927,799500538,1917,0,0,0
73.0801,79928,799510539,1942,0,0,0
73.0901,79929,799520539,1939,0,0,0
73.1000,79930,799530538,1951,0,0,0
73.1101,79931,799540538,1926,0,0,0
73.1201,79932,799550539,1905,0,0,0
73.1300,79933,799560538,1865,0,0,0
73.1401,79934,799570539,1844,0,0,0
73.1503,79935,799580539,1808,0,0,0
73.1601,79936,799590539,1805,0,0,0
73.1700,79937,799600538,1792,0,0,0
73.1802,79938,799610539,1791,0,0,0
73.1901,79939,799620539,1791,0,0,0
73.2001,79940,799630539,1803,0,0,0
73.2101,79941,799640539,1779,0,0,0
73.2203,79942,799650538,1802,0,0,0
73.2301,79943,799660539,1792,0,0,0
73.2403,79944,799670539,1795,0,0,0
73.2503,79945,799680539,1793,0,0,0
73.2601,79946,799690539,1808,0,0,0
73.2703,79947,799700539,1799,0,0,0
73.2800,79948,799710538,1813,0,0,0
73.2901,79949,799720539,1811,0,0,0
73.3002,79950,799730539,1830,0,0,0
73.3102,79951,799740539,1811,0,0,0
73.3200,79952,799750539,1829,0,0,0
73.3301,79953,799760538,1834,0,0,0
73.3402,79954,799770539,1838,0,0,0
73.3502,79955,799780539,1835,0,0,0
73.3603,79956,799790538,1841,0,0,0
73.3702,79957,799800539,1837,0,0,0
73.3802,79958,799810539,1849,0,0,0
73.3903,79959,799820539,1826,0,0,0
73.4002,79960,799830539,1841,0,0,0
73.4103,79961,799840538,1831,0,0,0
73.4203,79962,799850539,1840,0,0,0
73.4302,79963,799860538,1832,0,0,0
73.4400,79964,799870539,1842,0,0,0
73.4503,79965,799880539,1831,0,0,0
73.4602,79966,799890538,1840,0,0,0
73.4702,79967,799900539,1840,0,0,0
73.4802,79968,799910539,1847,0,0,0
73.4918,79969,799920539,1831,0,0,0
73.5008,79970,799930539,1845,0,0,0
73.5102,79971,799940538,1839,0,0,0
73.5201,79972,799950539,1844,0,0,0
73.5302,79973,799960539,1839,0,0,0
73.5403,79974,799970539,1851,0,0,0
73.5501,79975,799980539,1843,0,0,0
73.5603,79976,799990539,1847,0,0,0
73.5701,79977,800000539,1840,0,0,0
73.5800,79978,800010539,1851,0,0,0
73.5900,79979,800020539,1835,0,0,0
73.6001,79980,800030539,1846,0,0,0
73.6102,79981,800040538,1841,0,0,0
73.6202,79982,800050539,1847,0,0,0
73.6302,79983,800060539,1845,0,0,0
73.6402,79984,800070539,1850,0,0,0
73.6503,79985,800080539,1853,0,0,0
73.6602,79986,800090538,1859,0,0,0
73.6703,79987,800100539,1857,0,0,0
73.6803,79988,800110539,1863,0,0,0
73.6900,79989,800120539,1847,0,0,0
73.7011,79990,800130539,1859,0,0,0
73.7101,79991,800140539,1855,0,0,0
73.7200,79992,800150539,1862,0,0,0
73.7300,79993,800160539,1861,0,0,0
73.7399,79994,800170539,1872,0,0,0
73.7499,79995,800180538,1866,0,0,0
73.7601,79996,800190539,1873,0,0,0
73.7699,79997,800200539,1859,0,0,0
73.7807,79998,800210539,1872,0,0,0
73.7903,79999,800220539,1856,0,0,0
73.8002,80000,800230539,1862,0,0,0
73.8103,80001,800240539,1858,0,0,0
73.8202,80002,800250539,1889,0,0,0
73.8300,80003,800260539,1905,0,0,0
73.8401,80004,800270539,1920,0,0,0
73.8502,80005,800280539,1977,0,0,0
73.8600,80006,800290539,2010,0,0,0
73.8702,80007,800300539,1981,0,0,0
73.8802,80008,800310539,1946,0,0,0
73.8900,80009,800320539,1853,0,0,0
73.9000,80010,800330538,1842,0,0,0
73.9101,80011,800340538,1827,0,0,0
73.9202,80012,800350539,1830,0,0,0
73.9301,80013,800360539,1807,0,0,0
73.9402,80014,800370538,1814,0,0,0
73.9502,80015,800380539,1798,0,0,0
73.9604,80016,800390539,1610,0,0,0
73.9703,80017,800400538,1485,0,0,0
73.9808,80018,800410539,2097,0,0,0
73.9902,80019,800420539,3869,0,0,0
74.0001,80020,800430538,2737,0,0,0
74.0100,80021,800440538,1750,0,0,0
74.0200,80022,800450539,1677,0,0,0
74.0303,80023,800460539,1822,0,0,0
74.0402,80024,800470539,1737,0,0,0
74.0502,80025,800480539,1722,0,0,0
74.0600,80026,800490538,1753,0,0,0
74.0699,80027,800500539,1747,0,0,0
74.0800,80028,800510539,1765,0,0,0
74.0900,80029,800520539,1775,0,0,0
74.1003,80030,800530539,1787,0,0,0
74.1102,80031,800540539,1770,0,0,0
74.1202,80032,800550539,1798,0,0,0
74.1302,80033,800560539,1791,0,0,0
74.1402,80034,800570539,1808,0,0,0
74.1503,80035,800580538,1808,0,0,0
74.1603,80036,800590539,1828,0,0,0
74.1702,80037,800600538,1813,0,0,0
74.1804,80038,800610539,1837,0,0,0
74.1907,80039,800620539,1839,0,0,0
74.2008,80040,800630539,1867,0,0,0
74.2107,80041,800640538,1871,0,0,0
74.2206,80042,800650539,1890,0,0,0
74.2307,80043,800660539,1914,0,0,0
74.2401,80044,800670539,1955,0,0,0
74.2509,80045,800680539,1953,0,0,0
74.2603,80046,800690538,1968,0,0,0
74.2702,80047,800700539,1975,0,0,0
74.2799,80048,800710539,1988,0,0,0
74.2902,80049,800720539,1962,0,0,0
74.3003,80050,800730539,1941,0,0,0
74.3100,80051,800740539,1895,0,0,0
74.3200,80052,800750538,1872,0,0,0
74.3301,80053,800760539,1845,0,0,0
74.3400,80054,800770539,1825,0,0,0
74.3501,80055,800780538,1808,0,0,0
74.3600,80056,800790539,1808,0,0,0
74.3701,80057,800800539,1809,0,0,0
74.3801,80058,800810539,1837,0,0,0
74.3901,80059,800820539,1813,0,0,0
74.4001,80060,800830539,1803,0,0,0
74.4100,80061,800840539,1811,0,0,0
74.4200,80062,800850539,1831,0,0,0
74.4300,80063,800860539,1826,0,0,0
74.4402,80064,800870539,1840,0,0,0
74.4504,80065,800880539,1838,0,0,0
74.4603,80066,800890539,1858,0,0,0
74.4703,80067,800900539,1839,0,0,0
74.4801,80068,800910539,1839,0,0,0
74.4903,80069,800920538,1854,0,0,0
74.5001,80070,800930539,1865,0,0,0
74.5103,80071,800940539,1843,0,0,0
74.5202,80072,800950539,1818,0,0,0
74.5300,80073,800960538,1837,0,0,0
74.5401,80074,800970539,1863,0,0,0
74.5501,80075,800980539,1863,0,0,0
74.5601,80076,800990539,1870,0,0,0
74.5701,80077,801000539,1839,0,0,0
74.5800,80078,801010538,1847,0,0,0
74.5900,80079,801020539,1850,0,0,0
74.6006,80080,801030539,1870,0,0,0
74.6102,80081,801040539,1846,0,0,0
74.6202,80082,801050539,1867,0,0,0
74.6302,80083,801060539,1849,0,0,0
74.6402,80084,801070539,1869,0,0,0
74.6500,80085,801080538,1855,0,0,0
74.6603,80086,801090539,1872,0,0,0
74.6703,80087,801100538,1837,0,0,0
74.6807,80088,801110539,1862,0,0,0
74.6907,80089,801120539,1867,0,0,0
74.7007,80090,801130539,1873,0,0,0
74.7106,80091,801140538,1862,0,0,0
74.7204,80092,801150539,1899,0,0,0
74.7312,80093,801160538,1873,0,0,0
74.7405,80094,801170539,1872,0,0,0
74.7501,80095,801180539,1857,0,0,0
74.7602,80096,801190539,1895,0,0,0
74.7702,80097,801200539,1877,0,0,0
74.7802,80098,801210538,1889,0,0,0
74.7902,80099,801220539,1872,0,0,0
74.8009,80100,801230539,1897,0,0,0
74.8100,80101,801240539,1889,0,0,0
74.8201,80102,801250539,1893,0,0,0
74.8300,80103,801260538,1888,0,0,0
74.8401,80104,801270539,1897,0,0,0
74.8501,80105,801280539,1890,0,0,0
74.8601,80106,801290539,1891,0,0,0
74.8704,80107,801300539,1872,0,0,0
74.8807,80108,801310539,1904,0,0,0
74.8902,80109,801320539,1883,0,0,0
74.9009,80110,801330539,1897,0,0,0
74.9109,80111,801340538,1889,0,0,0
74.9202,80112,801350539,1904,0,0,0
74.9304,80113,801360539,1887,0,0,0
74.9408,80114,801370539,1906,0,0,0
74.9501,80115,801380538,1923,0,0,0
74.9605,80116,801390539,1957,0,0,0
74.9702,80117,801400538,2015,0,0,0
74.9807,80118,801410539,2039,0,0,0
74.9901,80119,801420539,2010,0,0,0
75.0000,80120,801430539,1933,0,0,0
75.0100,80121,801440539,1863,0,0,0
75.0205,80122,801450538,1855,0,0,0
75.0304,80123,801460539,1854,0,0,0
75.0403,80124,801470539,1831,0,0,0
75.0502,80125,801480539,1821,0,0,0
75.0600,80126,801490539,1826,0,0,0
75.0701,80127,801500539,1815,0,0,0
75.0800,80128,801510538,1584,0,0,0
75.0900,80129,801520539,1585,0,0,0
75.1001,80130,801530539,2349,0,0,0
75.1101,80131,801540539,3846,0,0,0
75.1200,80132,801550539,2416,0,0,0
75.1303,80133,801560539,1825,0,0,0
75.1402,80134,801570538,1751,0,0,0
75.1502,80135,801580538,1834,0,0,0
75.1603,80136,801590539,1757,0,0,0
75.1703,80137,801600539,1741,0,0,0
75.1810,80138,801610539,1759,0,0,0
75.1903,80139,801620539,1759,0,0,0
75.2016,80140,801630539,1769,0,0,0
75.2103,80141,801640539,1772,0,0,0
75.2206,80142,801650539,1788,0,0,0
75.2303,80143,801660539,1767,0,0,0
75.2403,80144,801670539,1795,0,0,0
75.2503,80145,801680539,1786,0,0,0
75.2600,80146,801690539,1792,0,0,0
75.2700,80147,801700538,1802,0,0,0
75.2803,80148,801710539,1814,0,0,0
75.2901,80149,801720539,1808,0,0,0
75.3001,80150,801730539,1837,0,0,0
75.3101,80151,801740539,1829,0,0,0
75.3201,80152,801750539,1840,0,0,0
75.3300,80153,801760538,1840,0,0,0
75.3401,80154,801770539,1872,0,0,0
75.3501,80155,801780539,1886,0,0,0
75.3601,80156,801790539,1905,0,0,0
75.3701,80157,801800539,1915,0,0,0
75.3802,80158,801810538,1936,0,0,0
75.3902,80159,801820539,1936,0,0,0
75.4002,80160,801830539,1942,0,0,0
75.4102,80161,801840539,1919,0,0,0
75.4202,80162,801850539,1903,0,0,0
75.4302,80163,801860539,1856,0,0,0
75.4402,80164,801870539,1831,0,0,0
75.4503,80165,801880539,1809,0,0,0
75.4603,80166,801890539,1797,0,0,0
75.4700,80167,801900538,1785,0,0,0
75.4800,80168,801910539,1795,0,0,0
75.4900,80169,801920538,1780,0,0,0
75.5000,80170,801930539,1778,0,0,0
75.5100,80171,801940539,1761,0,0,0
75.5201,80172,801950539,1778,0,0,0
75.5302,80173,801960539,1774,0,0,0
75.5400,80174,801970539,1792,0,0,0
75.5501,80175,801980539,1782,0,0,0
75.5600,80176,801990539,1798,0,0,0
75.5700,80177,802000538,1777,0,0,0
75.5801,80178,802010539,1798,0,0,0
75.5900,80179,802020539,1794,0,0,0
75.6000,80180,802030539,1809,0,0,0
75.6100,80181,802040538,1801,0,0,0
75.6201,80182,802050539,1810,0,0,0
75.6300,80183,802060538,1806,0,0,0
75.6401,80184,802070539,1811,0,0,0
75.6501,80185,802080539,1795,0,0,0
75.6601,80186,802090539,1813,0,0,0
75.6701,80187,802100538,1808,0,0,0
75.6800,80188,802110539,1807,0,0,0
75.6900,80189,802120538,1795,0,0,0
75.7000,80190,802130539,1811,0,0,0
75.7103,80191,802140539,1791,0,0,0
75.7205,80192,802150538,1792,0,0,0
75.7312,80193,802160539,1793,0,0,0
75.7401,80194,802170539,1808,0,0,0
75.7505,80195,802180539,1789,0,0,0
75.7601,80196,802190539,1808,0,0,0
75.7701,80197,802200539,1795,0,0,0
75.7801,80198,802210539,1803,0,0,0
75.7903,80199,802220539,1803,0,0,0
75.8000,80200,802230539,1811,0,0,0
75.8100,80201,802240539,1802,0,0,0
75.8200,80202,802250539,1817,0,0,0
75.8301,80203,802260539,1811,0,0,0
75.8401,80204,802270539,1819,0,0,0
75.8503,80205,802280539,1809,0,0,0
75.8603,80206,802290539,1819,0,0,0
75.8703,80207,802300538,1811,0,0,0
75.8807,80208,802310539,1830,0,0,0
75.8907,80209,802320539,1822,0,0,0
75.9001,80210,802330539,1826,0,0,0
75.9108,80211,802340539,1828,0,0,0
75.9204,80212,802350539,1831,0,0,0
75.9307,80213,802360539,1814,0,0,0
75.9406,80214,802370539,1838,0,0,0
75.9505,80215,802380539,1831,0,0,0
75.9604,80216,802390538,1840,0,0,0
75.9703,80217,802400538,1831,0,0,0
75.9805,80218,802410539,1839,0,0,0
75.9911,80219,802420539,1837,0,0,0
76.0001,80220,802430539,1841,0,0,0
76.0101,80221,802440538,1840,0,0,0
76.0202,80222,802450539,1843,0,0,0
76.0302,80223,802460539,1835,0,0,0
76.0400,80224,802470538,1843,0,0,0
76.0501,80225,802480539,1840,0,0,0
76.0600,80226,802490539,1849,0,0,0
76.0700,80227,802500539,1846,0,0,0
76.0800,80228,802510539,1852,0,0,0
76.0901,80229,802520539,1851,0,0,0
76.1000,80230,802530539,1877,0,0,0
76.1102,80231,802540539,1895,0,0,0
76.1202,80232,802550538,1915,0,0,0
76.1302,80233,802560539,1949,0,0,0
76.1403,80234,802570539,2013,0,0,0
76.1502,80235,802580539,1999,0,0,0
76.1602,80236,802590538,1979,0,0,0
76.1702,80237,802600539,1875,0,0,0
76.1803,80238,802610539,1863,0,0,0
76.1903,80239,802620539,1844,0,0,0
76.2009,80240,802630539,1836,0,0,0
76.2108,80241,802640538,1815,0,0,0
76.2203,80242,802650539,1825,0,0,0
76.2304,80243,802660539,1815,0,0,0
76.2409,80244,802670539,1696,0,0,0
76.2503,80245,802680539,1470,0,0,0
76.2600,80246,802690539,1919,0,0,0
76.2702,80247,802700539,3439,0,0,0
76.2801,80248,802710539,3085,0,0,0
76.2900,80249,802720539,1904,0,0,0
76.3000,80250,802730538,1635,0,0,0
76.3101,80251,802740539,1823,0,0,0
76.3201,80252,802750539,1755,0,0,0
76.3302,80253,802760539,1715,0,0,0
76.3401,80254,802770538,1744,0,0,0
76.3501,80255,802780538,1743,0,0,0
76.3602,80256,802790539,1760,0,0,0
76.3703,80257,802800539,1759,0,0,0
76.3802,80258,802810539,1777,0,0,0
76.3902,80259,802820539,1771,0,0,0
76.4003,80260,802830538,1786,0,0,0
76.4102,80261,802840539,1777,0,0,0
76.4202,80262,802850539,1788,0,0,0
76.4301,80263,802860539,1791,0,0,0
76.4400,80264,802870538,1805,0,0,0
76.4501,80265,802880539,1798,0,0,0
76.4603,80266,802890539,1824,0,0,0
76.4706,80267,802900538,1823,0,0,0
76.4802,80268,802910539,1835,0,0,0
76.4903,80269,802920538,1835,0,0,0
76.5001,80270,802930539,1866,0,0,0
76.5099,80271,802940538,1873,0,0,0
76.5202,80272,802950539,1909,0,0,0
76.5303,80273,802960539,1919,0,0,0
76.5401,80274,802970539,1936,0,0,0
76.5500,80275,802980539,1941,0,0,0
76.5600,80276,802990538,1954,0,0,0
76.5701,80277,803000539,1934,0,0,0
76.5802,80278,803010539,1919,0,0,0
76.5900,80279,803020538,1872,0,0,0
76.6000,80280,803030539,1845,0,0,0
76.6101,80281,803040538,1809,0,0,0
76.6202,80282,803050538,1807,0,0,0
76.6302,80283,803060539,1791,0,0,0
76.6408,80284,803070539,1779,0,0,0
76.6508,80285,803080539,1783,0,0,0
76.6607,80286,803090539,1791,0,0,0
76.6708,80287,803100538,1773,0,0,0
76.6802,80288,803110539,1783,0,0,0
76.6903,80289,803120539,1782,0,0,0
76.7003,80290,803130539,1790,0,0,0
76.7106,80291,803140538,1785,0,0,0
76.7202,80292,803150539,1790,0,0,0
76.7308,80293,803160538,1791,0,0,0
76.7407,80294,803170539,1808,0,0,0
76.7504,80295,803180539,1802,0,0,0
76.7606,80296,803190539,1808,0,0,0
76.7701,80297,803200538,1798,0,0,0
76.7803,80298,803210539,1806,0,0,0
76.7903,80299,803220539,1796,0,0,0
76.8001,80300,803230539,1814,0,0,0
76.8102,80301,803240539,1811,0,0,0
76.8200,80302,803250538,1823,0,0,0
76.8300,80303,803260539,1815,0,0,0
76.8400,80304,803270539,1837,0,0,0
76.8500,80305,803280539,1826,0,0,0
76.8601,80306,803290538,1819,0,0,0
76.8702,80307,803300539,1825,0,0,0
76.8802,80308,803310539,1839,0,0,0
76.8903,80309,803320538,1840,0,0,0
76.9002,80310,803330539,1841,0,0,0
76.9100,80311,803340539,1826,0,0,0
76.9200,80312,803350539,1831,0,0,0
76.9302,80313,803360538,1826,0,0,0
76.9403,80314,803370539,1834,0,0,0
76.9505,80315,803380539,1827,0,0,0
76.9601,80316,803390539,1843,0,0,0
76.9703,80317,803400539,1840,0,0,0
76.9803,80318,803410538,1838,0,0,0
76.9901,80319,803420539,1836,0,0,0
77.0002,80320,803430539,1835,0,0,0
77.0101,80321,803440539,1833,0,0,0
77.0199,80322,803450539,1843,0,0,0
77.0302,80323,803460539,1843,0,0,0
77.0400,80324,803470539,1847,0,0,0
77.0500,80325,803480539,1837,0,0,0
77.0601,80326,803490538,1849,0,0,0
77.0705,80327,803500539,1851,0,0,0
77.0800,80328,803510538,1872,0,0,0
77.0899,80329,803520539,1853,0,0,0
77.1001,80330,803530539,1847,0,0,0
77.1101,80331,803540539,1842,0,0,0
77.1202,80332,803550538,1856,0,0,0
77.1301,80333,803560539,1853,0,0,0
77.1402,80334,803570539,1869,0,0,0
77.1503,80335,803580539,1871,0,0,0
77.1601,80336,803590538,1870,0,0,0
77.1702,80337,803600539,1874,0,0,0
77.1800,80338,803610539,1871,0,0,0
77.1901,80339,803620538,1872,0,0,0
77.2001,80340,803630539,1872,0,0,0
77.2101,80341,803640539,1863,0,0,0
77.2202,80342,803650539,1872,0,0,0
77.2300,80343,803660539,1866,0,0,0
77.2413,80344,803670539,1874,0,0,0
77.2499,80345,803680539,1871,0,0,0
77.2601,80346,803690539,1917,0,0,0
77.2701,80347,803700539,1897,0,0,0
77.2800,80348,803710539,1937,0,0,0
77.2900,80349,803720539,1939,0,0,0
77.3001,80350,803730539,2022,0,0,0
77.3100,80351,803740539,2027,0,0,0
77.3200,80352,803750539,2004,0,0,0
77.3300,80353,803760539,1917,0,0,0
77.3400,80354,803770539,1870,0,0,0
77.3500,80355,803780539,1861,0,0,0
77.3601,80356,803790539,1863,0,0,0
77.3702,80357,803800539,1840,0,0,0
77.3801,80358,803810539,1851,0,0,0
77.3901,80359,803820539,1840,0,0,0
77.4001,80360,803830538,1825,0,0,0
77.4101,80361,803840539,1525,0,0,0
77.4202,80362,803850539,1680,0,0,0
77.4301,80363,803860538,2613,0,0,0
77.4402,80364,803870539,3805,0,0,0
77.4507,80365,803880539,2278,0,0,0
77.4601,80366,803890539,1702,0,0,0
77.4708,80367,803900539,1774,0,0,0
77.4814,80368,803910539,1838,0,0,0
77.4904,80369,803920538,1767,0,0,0
77.5045,80370,803930539,1763,0,0,0
77.5102,80371,803940539,1769,0,0,0
77.5202,80372,803950539,1773,0,0,0
77.5300,80373,803960539,1774,0,0,0
77.5402,80374,803970539,1792,0,0,0
77.5501,80375,803980539,1780,0,0,0
77.5601,80376,803990538,1791,0,0,0
77.5701,80377,804000539,1783,0,0,0
77.5805,80378,804010539,1802,0,0,0
77.5900,80379,804020539,1803,0,0,0
77.6001,80380,804030539,1824,0,0,0
77.6101,80381,804040539,1825,0,0,0
77.6200,80382,804050539,1840,0,0,0
77.6303,80383,804060539,1834,0,0,0
77.6402,80384,804070539,1851,0,0,0
77.6503,80385,804080538,1851,0,0,0
77.6600,80386,804090539,1872,0,0,0
77.6700,80387,804100538,1879,0,0,0
77.6801,80388,804110539,1918,0,0,0
77.6901,80389,804120539,1931,0,0,0
77.7005,80390,804130539,1951,0,0,0
77.7107,80391,804140538,1966,0,0,0
77.7203,80392,804150539,1980,0,0,0
77.7308,80393,804160539,1967,0,0,0
77.7404,80394,804170539,1945,0,0,0
77.7509,80395,804180539,1909,0,0,0
77.7603,80396,804190539,1871,0,0,0
77.7701,80397,804200539,1831,0,0,0
77.7805,80398,804210538,1809,0,0,0
77.7902,80399,804220539,1795,0,0,0
77.8002,80400,804230539,1793,0,0,0
77.8114,80401,804240539,1783,0,0,0
77.8200,80402,804250539,1792,0,0,0
77.8301,80403,804260539,1776,0,0,0
77.8401,80404,804270539,1799,0,0,0
77.8501,80405,804280538,1791,0,0,0
77.8600,80406,804290539,1797,0,0,0
77.8701,80407,804300539,1791,0,0,0
77.8802,80408,804310538,1803,0,0,0
77.8901,80409,804320539,1802,0,0,0
77.9008,80410,804330539,1808,0,0,0
77.9103,80411,804340538,1821,0,0,0
77.9208,80412,804350539,1837,0,0,0
77.9309,80413,804360538,1825,0,0,0
77.9408,80414,804370539,1823,0,0,0
77.9508,80415,804380539,1827,0,0,0
77.9607,80416,804390539,1850,0,0,0
77.9699,80417,804400539,1839,0,0,0
77.9808,80418,804410538,1850,0,0,0
77.9901,80419,804420538,1837,0,0,0
78.0002,80420,804430539,1851,0,0,0
78.0101,80421,804440539,1840,0,0,0
78.0200,80422,804450539,1837,0,0,0
78.0300,80423,804460539,1844,0,0,0
78.0400,80424,804470539,1845,0,0,0
78.0500,80425,804480539,1856,0,0,0
78.0600,80426,804490539,1845,0,0,0
78.0702,80427,804500538,1831,0,0,0
78.0801,80428,804510539,1852,0,0,0
78.0900,80429,804520539,1855,0,0,0
78.1001,80430,804530539,1856,0,0,0
78.1101,80431,804540538,1845,0,0,0
78.1201,80432,804550539,1866,0,0,0
78.1302,80433,804560539,1858,0,0,0
78.1402,80434,804570539,1846,0,0,0
78.1503,80435,804580539,1856,0,0,0
78.1601,80436,804590539,1868,0,0,0
78.1701,80437,804600538,1861,0,0,0
78.1809,80438,804610539,1855,0,0,0
78.1905,80439,804620539,1857,0,0,0
78.2002,80440,804630538,1854,0,0,0
78.2107,80441,804640538,1855,0,0,0
78.2206,80442,804650539,1859,0,0,0
78.2306,80443,804660539,1855,0,0,0
78.2411,80444,804670539,1857,0,0,0
78.2501,80445,804680538,1849,0,0,0
78.2601,80446,804690539,1853,0,0,0
78.2703,80447,804700538,1857,0,0,0
78.2800,80448,804710539,1866,0,0,0
78.2900,80449,804720539,1855,0,0,0
78.3001,80450,804730539,1856,0,0,0
78.3100,80451,804740538,1851,0,0,0
78.3201,80452,804750539,1865,0,0,0
78.3302,80453,804760539,1861,0,0,0
78.3401,80454,804770539,1862,0,0,0
78.3501,80455,804780539,1862,0,0,0
78.3602,80456,804790539,1867,0,0,0
78.3702,80457,804800539,1879,0,0,0
78.3803,80458,804810539,1911,0,0,0
78.3902,80459,804820539,1916,0,0,0
78.4002,80460,804830538,1985,0,0,0
78.4102,80461,804840538,2001,0,0,0
78.4202,80462,804850539,1994,0,0,0
78.4302,80463,804860538,1924,0,0,0
78.4420,80464,804870539,1861,0,0,0
78.4509,80465,804880539,1840,0,0,0
78.4602,80466,804890539,1836,0,0,0
78.4708,80467,804900539,1826,0,0,0
78.4802,80468,804910539,1823,0,0,0
78.4902,80469,804920538,1807,0,0,0
78.5002,80470,804930539,1810,0,0,0
78.5106,80471,804940539,1617,0,0,0
78.5216,80472,804950538,1530,0,0,0
78.5302,80473,804960539,2141,0,0,0
78.5403,80474,804970539,3870,0,0,0
78.5500,80475,804980539,2718,0,0,0
78.5602,80476,804990538,1806,0,0,0
78.5703,80477,805000538,1693,0,0,0
78.5805,80478,805010539,1833,0,0,0
78.5900,80479,805020539,1741,0,0,0
78.6000,80480,805030539,1728,0,0,0
78.6100,80481,805040539,1741,0,0,0
78.6200,80482,805050539,1757,0,0,0
78.6301,80483,805060539,1759,0,0,0
78.6400,80484,805070539,1776,0,0,0
78.6501,80485,805080538,1776,0,0,0
78.6601,80486,805090539,1793,0,0,0
78.6700,80487,805100538,1782,0,0,0
78.6801,80488,805110539,1790,0,0,0
78.6902,80489,805120539,1791,0,0,0
78.7003,80490,805130539,1805,0,0,0
78.7102,80491,805140539,1799,0,0,0
78.7203,80492,805150539,1808,0,0,0
78.7302,80493,805160539,1805,0,0,0
78.7404,80494,805170539,1817,0,0,0
78.7503,80495,805180539,1821,0,0,0
78.7602,80496,805190539,1843,0,0,0
78.7718,80497,805200539,1856,0,0,0
78.7801,80498,805210539,1874,0,0,0
78.7901,80499,805220538,1900,0,0,0
78.8001,80500,805230539,1917,0,0,0
78.8101,80501,805240539,1927,0,0,0
78.8207,80502,805250539,1943,0,0,0
78.8307,80503,805260539,1927,0,0,0
78.8408,80504,805270539,1915,0,0,0
78.8501,80505,805280538,1886,0,0,0
78.8609,80506,805290539,1857,0,0,0
78.8708,80507,805300539,1831,0,0,0
78.8803,80508,805310539,1808,0,0,0
78.8904,80509,805320538,1782,0,0,0
78.9008,80510,805330539,1783,0,0,0
78.9106,80511,805340539,1775,0,0,0
78.9203,80512,805350539,1783,0,0,0
78.9304,80513,805360538,1769,0,0,0
78.9407,80514,805370539,1777,0,0,0
78.9506,80515,805380538,1775,0,0,0
78.9605,80516,805390539,1776,0,0,0
78.9704,80517,805400539,1776,0,0,0
78.9802,80518,805410538,1789,0,0,0
78.9902,80519,805420538,1776,0,0,0
79.0017,80520,805430539,1784,0,0,0
79.0099,80521,805440539,1787,0,0,0
79.0202,80522,805450539,1798,0,0,0
79.0303,80523,805460539,1790,0,0,0
79.0402,80524,805470539,1798,0,0,0
79.0504,80525,805480538,1804,0,0,0
79.0600,80526,805490539,1802,0,0,0
79.0700,80527,805500539,1803,0,0,0
79.0800,80528,805510538,1809,0,0,0
79.0901,80529,805520539,1795,0,0,0
79.1003,80530,805530539,1809,0,0,0
79.1101,80531,805540539,1807,0,0,0
79.1201,80532,805550539,1804,0,0,0
79.1302,80533,805560538,1808,0,0,0
79.1403,80534,805570539,1808,0,0,0
79.1502,80535,805580538,1809,0,0,0
79.1602,80536,805590539,1810,0,0,0
79.1703,80537,805600539,1811,0,0,0
79.1803,80538,805610539,1821,0,0,0
79.1903,80539,805620538,1817,0,0,0
79.2013,80540,805630539,1819,0,0,0
79.2101,80541,805640539,1826,0,0,0
79.2204,80542,805650539,1830,0,0,0
79.2304,80543,805660538,1829,0,0,0
79.2400,80544,805670539,1839,0,0,0
79.2501,80545,805680539,1825,0,0,0
79.2601,80546,805690539,1834,0,0,0
79.2701,80547,805700539,1830,0,0,0
79.2804,80548,805710538,1843,0,0,0
79.2902,80549,805720539,1840,0,0,0
79.3001,80550,805730539,1842,0,0,0
79.3100,80551,805740539,1843,0,0,0
79.3201,80552,805750539,1847,0,0,0
79.3301,80553,805760539,1851,0,0,0
79.3400,80554,805770539,1862,0,0,0
79.3500,80555,805780539,1856,0,0,0
79.3601,80556,805790539,1853,0,0,0
79.3702,80557,805800539,1859,0,0,0
79.3802,80558,805810539,1861,0,0,0
79.3902,80559,805820539,1847,0,0,0
79.4003,80560,805830539,1867,0,0,0
79.4102,80561,805840539,1861,0,0,0
79.4201,80562,805850538,1867,0,0,0
79.4306,80563,805860539,1868,0,0,0
79.4403,80564,805870539,1861,0,0,0
79.4506,80565,805880538,1862,0,0,0
79.4605,80566,805890539,1860,0,0,0
79.4704,80567,805900539,1867,0,0,0
79.4806,80568,805910539,1872,0,0,0
79.4902,80569,805920539,1870,0,0,0
79.5005,80570,805930539,1871,0,0,0
79.5101,80571,805940538,1870,0,0,0
79.5202,80572,805950539,1878,0,0,0
79.5301,80573,805960539,1890,0,0,0
79.5402,80574,805970539,1917,0,0,0
79.5501,80575,805980538,1942,0,0,0
79.5600,80576,805990539,1999,0,0,0
79.5700,80577,806000538,2031,0,0,0
79.5800,80578,806010539,2029,0,0,0
79.5901,80579,806020538,1989,0,0,0
79.6009,80580,806030539,1895,0,0,0
79.6103,80581,806040539,1866,0,0,0
79.6202,80582,806050538,1869,0,0,0
79.6301,80583,806060539,1854,0,0,0
79.6401,80584,806070539,1853,0,0,0
79.6501,80585,806080539,1839,0,0,0
79.6602,80586,806090539,1834,0,0,0
79.6701,80587,806100539,1712,0,0,0
79.6803,80588,806110539,1495,0,0,0
79.6902,80589,806120539,1897,0,0,0
79.7002,80590,806130539,3431,0,0,0
79.7109,80591,806140539,3121,0,0,0
79.7214,80592,806150539,1915,0,0,0
79.7303,80593,806160538,1632,0,0,0
79.7403,80594,806170539,1830,0,0,0
79.7502,80595,806180539,1754,0,0,0
79.7601,80596,806190539,1728,0,0,0
79.7700,80597,806200539,1728,0,0,0
79.7800,80598,806210539,1741,0,0,0
79.7903,80599,806220539,1754,0,0,0
79.8000,80600,806230539,1766,0,0,0
79.8100,80601,806240538,1754,0,0,0
79.8202,80602,806250539,1771,0,0,0
79.8300,80603,806260539,1771,0,0,0
79.8400,80604,806270539,1786,0,0,0
79.8501,80605,806280539,1782,0,0,0
79.8600,80606,806290539,1785,0,0,0
79.8708,80607,806300538,1794,0,0,0
79.8800,80608,806310539,1807,0,0,0
79.8901,80609,806320538,1819,0,0,0
79.9002,80610,806330539,1823,0,0,0
79.9101,80611,806340538,1854,0,0,0
79.9202,80612,806350539,1855,0,0,0
79.9303,80613,806360538,1873,0,0,0
79.9403,80614,806370539,1902,0,0,0
79.9513,80615,806380539,1916,0,0,0
79.9601,80616,806390539,1935,0,0,0
79.9706,80617,806400538,1950,0,0,0
79.9804,80618,806410539,1969,0,0,0
79.9902,80619,806420539,1968,0,0,0
80.0000,80620,806430538,1961,0,0,0
80.0099,80621,806440538,1924,0,0,0
80.0208,80622,806450539,1903,0,0,0
80.0341,80623,806460539,1867,0,0,0
80.0407,80624,806470539,1833,0,0,0
80.0505,80625,806480539,1808,0,0,0
80.0627,80626,806490539,1791,0,0,0
80.0711,80627,806500539,1779,0,0,0
80.0801,80628,806510539,1787,0,0,0
80.0901,80629,806520539,1790,0,0,0
80.1005,80630,806530539,1780,0,0,0
80.1103,80631,806540538,1790,0,0,0
80.1201,80632,806550539,1799,0,0,0
80.1301,80633,806560539,1799,0,0,0
80.1403,80634,806570538,1799,0,0,0
80.1505,80635,806580539,1808,0,0,0
80.1602,80636,806590538,1797,0,0,0
80.1701,80637,806600539,1797,0,0,0
80.1802,80638,806610539,1808,0,0,0
80.1902,80639,806620539,1816,0,0,0
80.2002,80640,806630539,1824,0,0,0
80.2100,80641,806640539,1830,0,0,0
80.2242,80642,806650539,1829,0,0,0
80.2312,80643,806660539,1826,0,0,0
80.2402,80644,806670539,1828,0,0,0
80.2549,80645,806680539,1824,0,0,0
80.2602,80646,806690538,1815,0,0,0
80.2719,80647,806700539,1823,0,0,0
80.2803,80648,806710539,1834,0,0,0
80.2916,80649,806720538,1825,0,0,0
80.3001,80650,806730539,1819,0,0,0
80.3104,80651,806740539,1829,0,0,0
80.3201,80652,806750539,1825,0,0,0
80.3302,80653,806760538,1815,0,0,0
80.3400,80654,806770539,1825,0,0,0
80.3502,80655,806780538,1826,0,0,0
80.3603,80656,806790539,1831,0,0,0
80.3700,80657,806800539,1828,0,0,0
80.3800,80658,806810539,1830,0,0,0
80.3908,80659,806820538,1837,0,0,0
80.4037,80660,806830539,1829,0,0,0
80.4147,80661,806840539,1830,0,0,0
80.4200,80662,806850538,1840,0,0,0
80.4325,80663,806860539,1823,0,0,0
80.4403,80664,806870539,1829,0,0,0
80.4501,80665,806880538,1829,0,0,0
80.4600,80666,806890539,1837,0,0,0
80.4702,80667,806900539,1827,0,0,0
80.4816,80668,806910539,1830,0,0,0
80.4905,80669,806920538,1840,0,0,0
80.5003,80670,806930539,1846,0,0,0
80.5101,80671,806940539,1841,0,0,0
80.5200,80672,806950539,1850,0,0,0
80.5304,80673,806960539,1841,0,0,0
80.5400,80674,806970538,1847,0,0,0
80.5502,80675,806980539,1855,0,0,0
80.5621,80676,806990539,1854,0,0,0
80.5700,80677,807000539,1842,0,0,0
80.5814,80678,807010538,1846,0,0,0
80.5903,80679,807020539,1853,0,0,0
80.6072,80680,807030539,1850,0,0,0
80.6100,80681,807040538,1856,0,0,0
80.6201,80682,807050539,1854,0,0,0
80.6300,80683,807060539,1853,0,0,0
80.6400,80684,807070539,1859,0,0,0
80.6500,80685,807080539,1856,0,0,0
80.6601,80686,807090538,1862,0,0,0
80.6702,80687,807100539,1872,0,0,0
80.6804,80688,807110539,1897,0,0,0
80.6903,80689,807120539,1905,0,0,0
80.6999,80690,807130538,1967,0,0,0
80.7103,80691,807140539,2006,0,0,0
80.7228,80692,807150539,1985,0,0,0
80.7301,80693,807160538,1952,0,0,0
80.7473,80694,807170539,1869,0,0,0
80.7526,80695,807180538,1840,0,0,0
80.7623,80696,807190539,1838,0,0,0
80.7704,80697,807200539,1834,0,0,0
80.7843,80698,807210539,1813,0,0,0
80.7900,80699,807220539,1799,0,0,0
80.8003,80700,807230539,1809,0,0,0
80.8100,80701,807240539,1707,0,0,0
80.8200,80702,807250539,1456,0,0,0
80.8303,80703,807260539,1846,0,0,0
80.8400,80704,807270539,3197,0,0,0
80.8502,80705,807280539,3191,0,0,0
80.8603,80706,807290538,1968,0,0,0
80.8702,80707,807300539,1652,0,0,0
80.8801,80708,807310539,1819,0,0,0
80.8910,80709,807320539,1776,0,0,0
80.9000,80710,807330538,1717,0,0,0
80.9101,80711,807340539,1739,0,0,0
80.9202,80712,807350539,1739,0,0,0
80.9300,80713,807360539,1749,0,0,0
80.9403,80714,807370539,1759,0,0,0
80.9503,80715,807380539,1763,0,0,0
80.9601,80716,807390539,1757,0,0,0
80.9701,80717,807400539,1775,0,0,0
80.9801,80718,807410539,1778,0,0,0
80.9902,80719,807420538,1782,0,0,0
81.0002,80720,807430539,1783,0,0,0
81.0102,80721,807440538,1793,0,0,0
81.0201,80722,807450539,1805,0,0,0
81.0305,80723,807460538,1797,0,0,0
81.0401,80724,807470539,1818,0,0,0
81.0501,80725,807480539,1829,0,0,0
81.0601,80726,807490539,1837,0,0,0
81.0702,80727,807500539,1840,0,0,0
81.0801,80728,807510539,1872,0,0,0
81.0901,80729,807520538,1893,0,0,0
81.1002,80730,807530539,1904,0,0,0
81.1100,80731,807540539,1919,0,0,0
81.1202,80732,807550539,1929,0,0,0
81.1301,80733,807560539,1943,0,0,0
81.1403,80734,807570539,1919,0,0,0
81.1500,80735,807580539,1902,0,0,0
81.1602,80736,807590538,1874,0,0,0
81.1701,80737,807600539,1841,0,0,0
81.1800,80738,807610539,1817,0,0,0
81.1902,80739,807620539,1793,0,0,0
81.2001,80740,807630539,1782,0,0,0
81.2100,80741,807640539,1775,0,0,0
81.2201,80742,807650539,1778,0,0,0
81.2300,80743,807660539,1775,0,0,0
81.2417,80744,807670538,1777,0,0,0
81.2504,80745,807680539,1775,0,0,0
81.2601,80746,807690539,1775,0,0,0
81.2702,80747,807700538,1770,0,0,0
81.2803,80748,807710539,1773,0,0,0
81.2902,80749,807720539,1789,0,0,0
81.3001,80750,807730539,1790,0,0,0
81.3103,80751,807740539,1793,0,0,0
81.3200,80752,807750539,1798,0,0,0
81.3301,80753,807760539,1795,0,0,0
81.3401,80754,807770539,1805,0,0,0
81.3501,80755,807780538,1794,0,0,0
81.3601,80756,807790539,1801,0,0,0
81.3701,80757,807800538,1802,0,0,0
81.3801,80758,807810539,1801,0,0,0
81.3902,80759,807820539,1805,0,0,0
81.4003,80760,807830539,1805,0,0,0
81.4101,80761,807840539,1803,0,0,0
81.4202,80762,807850539,1803,0,0,0
81.4303,80763,807860539,1802,0,0,0
81.4401,80764,807870539,1799,0,0,0
81.4502,80765,807880539,1805,0,0,0
81.4603,80766,807890539,1808,0,0,0
81.4702,80767,807900539,1807,0,0,0
81.4801,80768,807910538,1813,0,0,0
81.4911,80769,807920539,1815,0,0,0
81.5001,80770,807930539,1810,0,0,0
81.5101,80771,807940539,1808,0,0,0
81.5201,80772,807950539,1809,0,0,0
81.5304,80773,807960539,1815,0,0,0
81.5401,80774,807970538,1808,0,0,0
81.5501,80775,807980539,1808,0,0,0
81.5601,80776,807990539,1811,0,0,0
81.5701,80777,808000539,1822,0,0,0
81.5801,80778,808010539,1822,0,0,0
81.5900,80779,808020538,1830,0,0,0
81.6000,80780,808030539,1833,0,0,0
81.6101,80781,808040539,1834,0,0,0
81.6202,80782,808050538,1829,0,0,0
81.6301,80783,808060538,1844,0,0,0
81.6402,80784,808070539,1835,0,0,0
81.6501,80785,808080539,1829,0,0,0
81.6601,80786,808090538,1840,0,0,0
81.6702,80787,808100539,1841,0,0,0
81.6801,80788,808110539,1845,0,0,0
81.6902,80789,808120538,1851,0,0,0
81.7001,80790,808130539,1851,0,0,0
81.7102,80791,808140538,1855,0,0,0
81.7201,80792,808150539,1859,0,0,0
81.7301,80793,808160539,1856,0,0,0
81.7415,80794,808170539,1857,0,0,0
81.7502,80795,808180539,1852,0,0,0
81.7601,80796,808190539,1869,0,0,0
81.7701,80797,808200538,1853,0,0,0
81.7802,80798,808210539,1854,0,0,0
81.7903,80799,808220539,1858,0,0,0
81.8001,80800,808230539,1853,0,0,0
81.8102,80801,808240538,1851,0,0,0
81.8201,80802,808250539,1861,0,0,0
81.8301,80803,808260539,1879,0,0,0
81.8401,80804,808270539,1904,0,0,0
81.8502,80805,808280539,1924,0,0,0
81.8603,80806,808290538,1990,0,0,0
81.8703,80807,808300539,2010,0,0,0
81.8802,80808,808310539,1977,0,0,0
81.8901,80809,808320539,1904,0,0,0
81.9006,80810,808330538,1859,0,0,0
81.9100,80811,808340539,1845,0,0,0
81.9202,80812,808350539,1847,0,0,0
81.9301,80813,808360539,1837,0,0,0
81.9400,80814,808370539,1824,0,0,0
81.9501,80815,808380538,1813,0,0,0
81.9599,80816,808390539,1802,0,0,0
