pc_time_s,seq,t_us,ecg_adc,lo_plus,lo_minus,lead_off
0.1799,130596,1306191546,2070,0,0,0
0.1898,130597,1306201546,2096,0,0,0
0.1998,130598,1306211546,2070,0,0,0
0.2105,130599,1306221546,2089,0,0,0
0.2205,130600,1306231546,2096,0,0,0
0.2299,130601,1306241546,2093,0,0,0
0.2407,130602,1306251546,2094,0,0,0
0.2497,130603,1306261546,2105,0,0,0
0.2598,130604,1306271546,2096,0,0,0
0.2702,130605,1306281546,2096,0,0,0
0.2798,130606,1306291546,2099,0,0,0
0.2905,130607,1306301546,2098,0,0,0
0.2999,130608,1306311546,2106,0,0,0
0.3098,130609,1306321546,2103,0,0,0
0.3198,130610,1306331546,2101,0,0,0
0.3298,130611,1306341546,2098,0,0,0
0.3398,130612,1306351546,2102,0,0,0
0.3497,130613,1306361546,2099,0,0,0
0.3596,130614,1306371546,2100,0,0,0
0.3700,130615,1306381546,2098,0,0,0
0.3797,130616,1306391546,2102,0,0,0
0.3902,130617,1306401546,2110,0,0,0
0.3996,130618,1306411546,2114,0,0,0
0.4099,130619,1306421546,2125,0,0,0
0.4199,130620,1306431546,2103,0,0,0
0.4304,130621,1306441546,2112,0,0,0
0.4397,130622,1306451546,2105,0,0,0
0.4497,130623,1306461546,2101,0,0,0
0.4598,130624,1306471546,2091,0,0,0
0.4697,130625,1306481546,2101,0,0,0
0.4799,130626,1306491546,2099,0,0,0
0.4902,130627,1306501546,2096,0,0,0
0.4997,130628,1306511546,2094,0,0,0
0.5099,130629,1306521546,2108,0,0,0
0.5197,130630,1306531546,2123,0,0,0
0.5296,130631,1306541546,2213,0,0,0
0.5400,130632,1306551546,2294,0,0,0
0.5497,130633,1306561546,2206,0,0,0
0.5598,130634,1306571546,1920,0,0,0
0.5702,130635,1306581546,1972,0,0,0
0.5796,130636,1306591546,2107,0,0,0
0.5899,130637,1306601546,2114,0,0,0
0.5999,130638,1306611546,2114,0,0,0
0.6099,130639,1306621546,2113,0,0,0
0.6197,130640,1306631546,2115,0,0,0
0.6298,130641,1306641546,2126,0,0,0
0.6398,130642,1306651546,2121,0,0,0
0.6496,130643,1306661546,2116,0,0,0
0.6597,130644,1306671546,2119,0,0,0
0.6697,130645,1306681546,2118,0,0,0
0.6801,130646,1306691546,2119,0,0,0
0.6897,130647,1306701546,2123,0,0,0
0.6997,130648,1306711546,2127,0,0,0
0.7098,130649,1306721546,2123,0,0,0
0.7196,130650,1306731546,2126,0,0,0
0.7299,130651,1306741546,2128,0,0,0
0.7400,130652,1306751546,2124,0,0,0
0.7503,130653,1306761546,2131,0,0,0
0.7596,130654,1306771546,2134,0,0,0
0.7698,130655,1306781546,2141,0,0,0
0.7799,130656,1306791546,2133,0,0,0
0.7900,130657,1306801546,2147,0,0,0
0.8008,130658,1306811546,2141,0,0,0
0.8099,130659,1306821546,2147,0,0,0
0.8198,130660,1306831546,2135,0,0,0
0.8301,130661,1306841546,2137,0,0,0
0.8398,130662,1306851546,2128,0,0,0
0.8500,130663,1306861546,2118,0,0,0
0.8596,130664,1306871546,2106,0,0,0
0.8698,130665,1306881546,2099,0,0,0
0.8800,130666,1306891546,2088,0,0,0
0.8897,130667,1306901546,2090,0,0,0
0.8997,130668,1306911546,2096,0,0,0
0.9099,130669,1306921546,2096,0,0,0
0.9197,130670,1306931546,2092,0,0,0
0.9305,130671,1306941546,2096,0,0,0
0.9397,130672,1306951546,2095,0,0,0
0.9498,130673,1306961546,2096,0,0,0
0.9598,130674,1306971546,2102,0,0,0
0.9697,130675,1306981546,2109,0,0,0
0.9797,130676,1306991546,2102,0,0,0
0.9896,130677,1307001546,2111,0,0,0
0.9996,130678,1307011546,2107,0,0,0
1.0096,130679,1307021546,2096,0,0,0
1.0202,130680,1307031546,2101,0,0,0
1.0296,130681,1307041546,2105,0,0,0
1.0397,130682,1307051546,2109,0,0,0
1.0502,130683,1307061546,2105,0,0,0
1.0596,130684,1307071546,2096,0,0,0
1.0704,130685,1307081546,2107,0,0,0
1.0798,130686,1307091546,2103,0,0,0
1.0896,130687,1307101546,2104,0,0,0
1.0996,130688,1307111546,2096,0,0,0
1.1099,130689,1307121546,2101,0,0,0
1.1199,130690,1307131546,2103,0,0,0
1.1297,130691,1307141546,2099,0,0,0
1.1402,130692,1307151546,2103,0,0,0
1.1498,130693,1307161546,2104,0,0,0
1.1600,130694,1307171546,2106,0,0,0
1.1703,130695,1307181546,2109,0,0,0
1.1802,130696,1307191546,2105,0,0,0
1.1902,130697,1307201546,2105,0,0,0
1.2003,130698,1307211546,2115,0,0,0
1.2097,130699,1307221546,2117,0,0,0
1.2201,130700,1307231546,2118,0,0,0
1.2297,130701,1307241546,2117,0,0,0
1.2397,130702,1307251546,2111,0,0,0
1.2498,130703,1307261546,2112,0,0,0
1.2598,130704,1307271546,2106,0,0,0
1.2698,130705,1307281546,2101,0,0,0
1.2801,130706,1307291546,2096,0,0,0
1.2898,130707,1307301546,2098,0,0,0
1.3003,130708,1307311546,2097,0,0,0
1.3097,130709,1307321546,2099,0,0,0
1.3200,130710,1307331546,2099,0,0,0
1.3297,130711,1307341546,2102,0,0,0
1.3402,130712,1307351546,2128,0,0,0
1.3498,130713,1307361546,2229,0,0,0
1.3598,130714,1307371546,2319,0,0,0
1.3702,130715,1307381546,2207,0,0,0
1.3798,130716,1307391546,1914,0,0,0
1.3903,130717,1307401546,1975,0,0,0
1.3998,130718,1307411546,2085,0,0,0
1.4098,130719,1307421546,2102,0,0,0
1.4199,130720,1307431546,2086,0,0,0
1.4298,130721,1307441546,2096,0,0,0
1.4404,130722,1307451546,2105,0,0,0
1.4498,130723,1307461546,2105,0,0,0
1.4597,130724,1307471546,2101,0,0,0
1.4701,130725,1307481546,2103,0,0,0
1.4797,130726,1307491546,2112,0,0,0
1.4901,130727,1307501546,2107,0,0,0
1.5000,130728,1307511546,2112,0,0,0
1.5098,130729,1307521546,2111,0,0,0
1.5196,130730,1307531546,2107,0,0,0
1.5299,130731,1307541546,2109,0,0,0
1.5399,130732,1307551546,2111,0,0,0
1.5498,130733,1307561546,2114,0,0,0
1.5600,130734,1307571546,2112,0,0,0
1.5697,130735,1307581546,2118,0,0,0
1.5796,130736,1307591546,2112,0,0,0
1.5898,130737,1307601546,2123,0,0,0
1.6002,130738,1307611546,2121,0,0,0
1.6097,130739,1307621546,2126,0,0,0
1.6200,130740,1307631546,2123,0,0,0
1.6299,130741,1307641546,2128,0,0,0
1.6405,130742,1307651546,2126,0,0,0
1.6506,130743,1307661546,2122,0,0,0
1.6597,130744,1307671546,2111,0,0,0
1.6698,130745,1307681546,2101,0,0,0
1.6797,130746,1307691546,2091,0,0,0
1.6902,130747,1307701546,2089,0,0,0
1.6998,130748,1307711546,2082,0,0,0
1.7098,130749,1307721546,2087,0,0,0
1.7198,130750,1307731546,2075,0,0,0
1.7297,130751,1307741546,2081,0,0,0
1.7408,130752,1307751546,2075,0,0,0
1.7498,130753,1307761546,2077,0,0,0
1.7598,130754,1307771546,2087,0,0,0
1.7697,130755,1307781546,2093,0,0,0
1.7796,130756,1307791546,2082,0,0,0
1.7899,130757,1307801546,2088,0,0,0
1.8004,130758,1307811546,2081,0,0,0
1.8098,130759,1307821546,2064,0,0,0
1.8201,130760,1307831546,2085,0,0,0
1.8299,130761,1307841546,2085,0,0,0
1.8399,130762,1307851546,2067,0,0,0
1.8498,130763,1307861546,2070,0,0,0
1.8599,130764,1307871546,2064,0,0,0
1.8698,130765,1307881546,2064,0,0,0
1.8798,130766,1307891546,2070,0,0,0
1.8906,130767,1307901546,2087,0,0,0
1.8998,130768,1307911546,2087,0,0,0
1.9097,130769,1307921546,2090,0,0,0
1.9202,130770,1307931546,2067,0,0,0
1.9297,130771,1307941546,2089,0,0,0
1.9403,130772,1307951546,2093,0,0,0
1.9499,130773,1307961546,2095,0,0,0
1.9597,130774,1307971546,2090,0,0,0
1.9698,130775,1307981546,2096,0,0,0
1.9798,130776,1307991546,2096,0,0,0
1.9900,130777,1308001546,2101,0,0,0
2.0000,130778,1308011546,2095,0,0,0
2.0097,130779,1308021546,2099,0,0,0
2.0197,130780,1308031546,2097,0,0,0
2.0296,130781,1308041546,2096,0,0,0
2.0396,130782,1308051546,2091,0,0,0
2.0497,130783,1308061546,2098,0,0,0
2.0596,130784,1308071546,2096,0,0,0
2.0696,130785,1308081546,2111,0,0,0
2.0795,130786,1308091546,2097,0,0,0
2.0896,130787,1308101546,2106,0,0,0
2.0996,130788,1308111546,2103,0,0,0
2.1096,130789,1308121546,2112,0,0,0
2.1196,130790,1308131546,2111,0,0,0
2.1298,130791,1308141546,2112,0,0,0
2.1397,130792,1308151546,2096,0,0,0
2.1496,130793,1308161546,2096,0,0,0
2.1599,130794,1308171546,2089,0,0,0
2.1697,130795,1308181546,2095,0,0,0
2.1796,130796,1308191546,2096,0,0,0
2.1901,130797,1308201546,2099,0,0,0
2.2004,130798,1308211546,2096,0,0,0
2.2097,130799,1308221546,2097,0,0,0
2.2207,130800,1308231546,2142,0,0,0
2.2297,130801,1308241546,2259,0,0,0
2.2405,130802,1308251546,2290,0,0,0
2.2498,130803,1308261546,2095,0,0,0
2.2599,130804,1308271546,1901,0,0,0
2.2698,130805,1308281546,2032,0,0,0
2.2798,130806,1308291546,2089,0,0,0
2.2898,130807,1308301546,2101,0,0,0
2.2996,130808,1308311546,2097,0,0,0
2.3099,130809,1308321546,2093,0,0,0
2.3197,130810,1308331546,2102,0,0,0
2.3297,130811,1308341546,2101,0,0,0
2.3399,130812,1308351546,2105,0,0,0
2.3498,130813,1308361546,2101,0,0,0
2.3598,130814,1308371546,2099,0,0,0
2.3697,130815,1308381546,2110,0,0,0
2.3797,130816,1308391546,2098,0,0,0
2.3898,130817,1308401546,2112,0,0,0
2.3996,130818,1308411546,2103,0,0,0
2.4096,130819,1308421546,2112,0,0,0
2.4195,130820,1308431546,2109,0,0,0
2.4299,130821,1308441546,2117,0,0,0
2.4397,130822,1308451546,2110,0,0,0
2.4509,130823,1308461546,2118,0,0,0
2.4597,130824,1308471546,2112,0,0,0
2.4702,130825,1308481546,2117,0,0,0
2.4798,130826,1308491546,2121,0,0,0
2.4909,130827,1308501546,2131,0,0,0
2.4997,130828,1308511546,2130,0,0,0
2.5097,130829,1308521546,2128,0,0,0
2.5206,130830,1308531546,2125,0,0,0
2.5298,130831,1308541546,2117,0,0,0
2.5399,130832,1308551546,2108,0,0,0
2.5501,130833,1308561546,2099,0,0,0
2.5597,130834,1308571546,2086,0,0,0
2.5698,130835,1308581546,2089,0,0,0
2.5797,130836,1308591546,2074,0,0,0
2.5899,130837,1308601546,2083,0,0,0
2.5998,130838,1308611546,2081,0,0,0
2.6097,130839,1308621546,2087,0,0,0
2.6204,130840,1308631546,2078,0,0,0
2.6298,130841,1308641546,2085,0,0,0
2.6405,130842,1308651546,2080,0,0,0
2.6500,130843,1308661546,2092,0,0,0
2.6597,130844,1308671546,2091,0,0,0
2.6697,130845,1308681546,2095,0,0,0
2.6799,130846,1308691546,2097,0,0,0
2.6898,130847,1308701546,2094,0,0,0
2.6997,130848,1308711546,2091,0,0,0
2.7098,130849,1308721546,2098,0,0,0
2.7197,130850,1308731546,2096,0,0,0
2.7297,130851,1308741546,2098,0,0,0
2.7406,130852,1308751546,2096,0,0,0
2.7497,130853,1308761546,2099,0,0,0
2.7597,130854,1308771546,2097,0,0,0
2.7700,130855,1308781546,2096,0,0,0
2.7800,130856,1308791546,2095,0,0,0
2.7903,130857,1308801546,2098,0,0,0
2.7999,130858,1308811546,2095,0,0,0
2.8098,130859,1308821546,2096,0,0,0
2.8199,130860,1308831546,2092,0,0,0
2.8297,130861,1308841546,2096,0,0,0
2.8400,130862,1308851546,2091,0,0,0
2.8496,130863,1308861546,2098,0,0,0
2.8598,130864,1308871546,2094,0,0,0
2.8702,130865,1308881546,2087,0,0,0
2.8799,130866,1308891546,2096,0,0,0
2.8905,130867,1308901546,2099,0,0,0
2.8998,130868,1308911546,2096,0,0,0
2.9101,130869,1308921546,2109,0,0,0
2.9197,130870,1308931546,2096,0,0,0
2.9305,130871,1308941546,2097,0,0,0
2.9398,130872,1308951546,2094,0,0,0
2.9499,130873,1308961546,2098,0,0,0
2.9602,130874,1308971546,2097,0,0,0
2.9697,130875,1308981546,2096,0,0,0
2.9798,130876,1308991546,2097,0,0,0
2.9898,130877,1309001546,2104,0,0,0
2.9998,130878,1309011546,2110,0,0,0
3.0097,130879,1309021546,2107,0,0,0
3.0198,130880,1309031546,2114,0,0,0
3.0297,130881,1309041546,2115,0,0,0
3.0400,130882,1309051546,2102,0,0,0
3.0498,130883,1309061546,2111,0,0,0
3.0597,130884,1309071546,2097,0,0,0
3.0705,130885,1309081546,2097,0,0,0
3.0804,130886,1309091546,2080,0,0,0
3.0897,130887,1309101546,2098,0,0,0
3.0999,130888,1309111546,2096,0,0,0
3.1098,130889,1309121546,2103,0,0,0
3.1197,130890,1309131546,2096,0,0,0
3.1300,130891,1309141546,2112,0,0,0
3.1396,130892,1309151546,2183,0,0,0
3.1500,130893,1309161546,2298,0,0,0
3.1598,130894,1309171546,2251,0,0,0
3.1705,130895,1309181546,1980,0,0,0
3.1797,130896,1309191546,1913,0,0,0
3.1900,130897,1309201546,2075,0,0,0
3.1996,130898,1309211546,2096,0,0,0
3.2098,130899,1309221546,2099,0,0,0
3.2198,130900,1309231546,2083,0,0,0
3.2297,130901,1309241546,2096,0,0,0
3.2400,130902,1309251546,2097,0,0,0
3.2501,130903,1309261546,2105,0,0,0
3.2596,130904,1309271546,2102,0,0,0
3.2697,130905,1309281546,2101,0,0,0
3.2799,130906,1309291546,2100,0,0,0
3.2899,130907,1309301546,2101,0,0,0
3.2999,130908,1309311546,2102,0,0,0
3.3098,130909,1309321546,2107,0,0,0
3.3197,130910,1309331546,2103,0,0,0
3.3298,130911,1309341546,2078,0,0,0
3.3397,130912,1309351546,2097,0,0,0
3.3500,130913,1309361546,2096,0,0,0
3.3597,130914,1309371546,2102,0,0,0
3.3702,130915,1309381546,2113,0,0,0
3.3798,130916,1309391546,2110,0,0,0
3.3904,130917,1309401546,2103,0,0,0
3.4005,130918,1309411546,2115,0,0,0
3.4097,130919,1309421546,2122,0,0,0
3.4198,130920,1309431546,2123,0,0,0
3.4297,130921,1309441546,2118,0,0,0
3.4402,130922,1309451546,2119,0,0,0
3.4501,130923,1309461546,2116,0,0,0
3.4598,130924,1309471546,2103,0,0,0
3.4705,130925,1309481546,2096,0,0,0
3.4799,130926,1309491546,2085,0,0,0
3.4898,130927,1309501546,2079,0,0,0
3.4997,130928,1309511546,2074,0,0,0
3.5097,130929,1309521546,2071,0,0,0
3.5204,130930,1309531546,2069,0,0,0
3.5297,130931,1309541546,2080,0,0,0
3.5400,130932,1309551546,2075,0,0,0
3.5498,130933,1309561546,2077,0,0,0
3.5597,130934,1309571546,2074,0,0,0
3.5703,130935,1309581546,2068,0,0,0
3.5799,130936,1309591546,2081,0,0,0
3.5898,130937,1309601546,2086,0,0,0
3.6003,130938,1309611546,2085,0,0,0
3.6098,130939,1309621546,2096,0,0,0
3.6204,130940,1309631546,2089,0,0,0
3.6298,130941,1309641546,2091,0,0,0
3.6408,130942,1309651546,2086,0,0,0
3.6498,130943,1309661546,2095,0,0,0
3.6598,130944,1309671546,2082,0,0,0
3.6698,130945,1309681546,2093,0,0,0
3.6802,130946,1309691546,2087,0,0,0
3.6897,130947,1309701546,2085,0,0,0
3.6998,130948,1309711546,2082,0,0,0
3.7098,130949,1309721546,2095,0,0,0
3.7198,130950,1309731546,2079,0,0,0
3.7297,130951,1309741546,2079,0,0,0
3.7398,130952,1309751546,2084,0,0,0
3.7496,130953,1309761546,2091,0,0,0
3.7597,130954,1309771546,2089,0,0,0
3.7701,130955,1309781546,2093,0,0,0
3.7804,130956,1309791546,2085,0,0,0
3.7905,130957,1309801546,2091,0,0,0
3.7996,130958,1309811546,2092,0,0,0
3.8096,130959,1309821546,2094,0,0,0
3.8197,130960,1309831546,2086,0,0,0
3.8295,130961,1309841546,2093,0,0,0
3.8396,130962,1309851546,2094,0,0,0
3.8503,130963,1309861546,2092,0,0,0
3.8598,130964,1309871546,2094,0,0,0
3.8697,130965,1309881546,2096,0,0,0
3.8800,130966,1309891546,2079,0,0,0
3.8897,130967,1309901546,2086,0,0,0
3.9000,130968,1309911546,2065,0,0,0
3.9097,130969,1309921546,2071,0,0,0
3.9198,130970,1309931546,2089,0,0,0
3.9297,130971,1309941546,2096,0,0,0
3.9399,130972,1309951546,2081,0,0,0
3.9497,130973,1309961546,2096,0,0,0
3.9597,130974,1309971546,2075,0,0,0
3.9699,130975,1309981546,2089,0,0,0
3.9798,130976,1309991546,2069,0,0,0
3.9896,130977,1310001546,2091,0,0,0
3.9998,130978,1310011546,2083,0,0,0
4.0097,130979,1310021546,2077,0,0,0
4.0199,130980,1310031546,2079,0,0,0
4.0300,130981,1310041546,2087,0,0,0
4.0402,130982,1310051546,2080,0,0,0
4.0496,130983,1310061546,2070,0,0,0
4.0598,130984,1310071546,2083,0,0,0
4.0698,130985,1310081546,2087,0,0,0
4.0796,130986,1310091546,2119,0,0,0
4.0902,130987,1310101546,2235,0,0,0
4.0997,130988,1310111546,2304,0,0,0
4.1096,130989,1310121546,2135,0,0,0
4.1197,130990,1310131546,1878,0,0,0
4.1297,130991,1310141546,2000,0,0,0
4.1398,130992,1310151546,2063,0,0,0
4.1498,130993,1310161546,2093,0,0,0
4.1596,130994,1310171546,2094,0,0,0
4.1698,130995,1310181546,2096,0,0,0
4.1797,130996,1310191546,2093,0,0,0
4.1898,130997,1310201546,2101,0,0,0
4.1998,130998,1310211546,2103,0,0,0
4.2097,130999,1310221546,2106,0,0,0
4.2201,131000,1310231546,2109,0,0,0
4.2297,131001,1310241546,2111,0,0,0
4.2398,131002,1310251546,2106,0,0,0
4.2496,131003,1310261546,2112,0,0,0
4.2596,131004,1310271546,2105,0,0,0
4.2696,131005,1310281546,2111,0,0,0
4.2796,131006,1310291546,2106,0,0,0
4.2896,131007,1310301546,2110,0,0,0
4.2996,131008,1310311546,2107,0,0,0
4.3095,131009,1310321546,2110,0,0,0
4.3195,131010,1310331546,2107,0,0,0
4.3299,131011,1310341546,2111,0,0,0
4.3395,131012,1310351546,2112,0,0,0
4.3498,131013,1310361546,2112,0,0,0
4.3598,131014,1310371546,2123,0,0,0
4.3698,131015,1310381546,2116,0,0,0
4.3798,131016,1310391546,2113,0,0,0
4.3899,131017,1310401546,2119,0,0,0
4.3997,131018,1310411546,2111,0,0,0
4.4098,131019,1310421546,2113,0,0,0
4.4198,131020,1310431546,2083,0,0,0
4.4296,131021,1310441546,2087,0,0,0
4.4399,131022,1310451546,2078,0,0,0
4.4512,131023,1310461546,2077,0,0,0
4.4597,131024,1310471546,2081,0,0,0
4.4698,131025,1310481546,2071,0,0,0
4.4796,131026,1310491546,2073,0,0,0
4.4898,131027,1310501546,2078,0,0,0
4.4998,131028,1310511546,2070,0,0,0
4.5097,131029,1310521546,2082,0,0,0
4.5197,131030,1310531546,2080,0,0,0
4.5304,131031,1310541546,2089,0,0,0
4.5397,131032,1310551546,2091,0,0,0
4.5497,131033,1310561546,2093,0,0,0
4.5598,131034,1310571546,2086,0,0,0
4.5701,131035,1310581546,2094,0,0,0
4.5798,131036,1310591546,2086,0,0,0
4.5896,131037,1310601546,2093,0,0,0
4.5999,131038,1310611546,2086,0,0,0
4.6099,131039,1310621546,2086,0,0,0
4.6200,131040,1310631546,2086,0,0,0
4.6297,131041,1310641546,2082,0,0,0
4.6403,131042,1310651546,2084,0,0,0
4.6498,131043,1310661546,2095,0,0,0
4.6599,131044,1310671546,2079,0,0,0
4.6703,131045,1310681546,2090,0,0,0
4.6796,131046,1310691546,2090,0,0,0
4.6902,131047,1310701546,2084,0,0,0
4.6998,131048,1310711546,2092,0,0,0
4.7097,131049,1310721546,2093,0,0,0
4.7201,131050,1310731546,2085,0,0,0
4.7302,131051,1310741546,2083,0,0,0
4.7404,131052,1310751546,2089,0,0,0
4.7497,131053,1310761546,2085,0,0,0
4.7597,131054,1310771546,2093,0,0,0
4.7704,131055,1310781546,2094,0,0,0
4.7803,131056,1310791546,2093,0,0,0
4.7897,131057,1310801546,2090,0,0,0
4.8003,131058,1310811546,2086,0,0,0
4.8098,131059,1310821546,2088,0,0,0
4.8203,131060,1310831546,2085,0,0,0
4.8298,131061,1310841546,2096,0,0,0
4.8405,131062,1310851546,2093,0,0,0
4.8498,131063,1310861546,2099,0,0,0
4.8601,131064,1310871546,2094,0,0,0
4.8697,131065,1310881546,2094,0,0,0
4.8798,131066,1310891546,2092,0,0,0
4.8905,131067,1310901546,2095,0,0,0
4.8997,131068,1310911546,2095,0,0,0
4.9097,131069,1310921546,2098,0,0,0
4.9198,131070,1310931546,2096,0,0,0
4.9297,131071,1310941546,2095,0,0,0
4.9399,131072,1310951546,2099,0,0,0
4.9497,131073,1310961546,2105,0,0,0
4.9599,131074,1310971546,2101,0,0,0
4.9699,131075,1310981546,2107,0,0,0
4.9796,131076,1310991546,2100,0,0,0
4.9901,131077,1311001546,2098,0,0,0
5.0003,131078,1311011546,2096,0,0,0
5.0097,131079,1311021546,2087,0,0,0
5.0198,131080,1311031546,2095,0,0,0
5.0298,131081,1311041546,2096,0,0,0
5.0400,131082,1311051546,2089,0,0,0
5.0497,131083,1311061546,2096,0,0,0
5.0599,131084,1311071546,2086,0,0,0
5.0697,131085,1311081546,2096,0,0,0
5.0798,131086,1311091546,2113,0,0,0
5.0899,131087,1311101546,2213,0,0,0
5.0998,131088,1311111546,2299,0,0,0
5.1098,131089,1311121546,2229,0,0,0
5.1197,131090,1311131546,1951,0,0,0
5.1298,131091,1311141546,1974,0,0,0
5.1398,131092,1311151546,2083,0,0,0
5.1498,131093,1311161546,2094,0,0,0
5.1596,131094,1311171546,2091,0,0,0
5.1704,131095,1311181546,2094,0,0,0
5.1801,131096,1311191546,2096,0,0,0
5.1896,131097,1311201546,2085,0,0,0
5.1999,131098,1311211546,2098,0,0,0
5.2098,131099,1311221546,2085,0,0,0
5.2199,131100,1311231546,2077,0,0,0
5.2304,131101,1311241546,2094,0,0,0
5.2399,131102,1311251546,2099,0,0,0
5.2496,131103,1311261546,2078,0,0,0
5.2610,131104,1311271546,2101,0,0,0
5.2698,131105,1311281546,2094,0,0,0
5.2797,131106,1311291546,2096,0,0,0
5.2910,131107,1311301546,2095,0,0,0
5.2997,131108,1311311546,2091,0,0,0
5.3100,131109,1311321546,2098,0,0,0
5.3197,131110,1311331546,2110,0,0,0
5.3304,131111,1311341546,2089,0,0,0
5.3397,131112,1311351546,2099,0,0,0
5.3497,131113,1311361546,2103,0,0,0
5.3598,131114,1311371546,2111,0,0,0
5.3697,131115,1311381546,2113,0,0,0
5.3799,131116,1311391546,2114,0,0,0
5.3902,131117,1311401546,2118,0,0,0
5.3998,131118,1311411546,2111,0,0,0
5.4101,131119,1311421546,2106,0,0,0
5.4199,131120,1311431546,2091,0,0,0
5.4302,131121,1311441546,2095,0,0,0
5.4398,131122,1311451546,2086,0,0,0
5.4497,131123,1311461546,2071,0,0,0
5.4597,131124,1311471546,2073,0,0,0
5.4697,131125,1311481546,2079,0,0,0
5.4802,131126,1311491546,2073,0,0,0
5.4898,131127,1311501546,2076,0,0,0
5.4997,131128,1311511546,2080,0,0,0
5.5099,131129,1311521546,2084,0,0,0
5.5201,131130,1311531546,2089,0,0,0
5.5301,131131,1311541546,2080,0,0,0
5.5401,131132,1311551546,2085,0,0,0
5.5497,131133,1311561546,2093,0,0,0
5.5598,131134,1311571546,2093,0,0,0
5.5698,131135,1311581546,2091,0,0,0
5.5797,131136,1311591546,2091,0,0,0
5.5902,131137,1311601546,2090,0,0,0
5.5998,131138,1311611546,2086,0,0,0
5.6097,131139,1311621546,2096,0,0,0
5.6203,131140,1311631546,2083,0,0,0
5.6298,131141,1311641546,2089,0,0,0
5.6400,131142,1311651546,2091,0,0,0
5.6498,131143,1311661546,2090,0,0,0
5.6597,131144,1311671546,2084,0,0,0
5.6698,131145,1311681546,2093,0,0,0
5.6799,131146,1311691546,2082,0,0,0
5.6898,131147,1311701546,2089,0,0,0
5.6997,131148,1311711546,2085,0,0,0
5.7098,131149,1311721546,2064,0,0,0
5.7197,131150,1311731546,2079,0,0,0
5.7301,131151,1311741546,2065,0,0,0
5.7398,131152,1311751546,2068,0,0,0
5.7502,131153,1311761546,2081,0,0,0
5.7598,131154,1311771546,2069,0,0,0
5.7696,131155,1311781546,2078,0,0,0
5.7802,131156,1311791546,2087,0,0,0
5.7897,131157,1311801546,2087,0,0,0
5.7998,131158,1311811546,2080,0,0,0
5.8097,131159,1311821546,2071,0,0,0
5.8198,131160,1311831546,2087,0,0,0
5.8297,131161,1311841546,2080,0,0,0
5.8399,131162,1311851546,2094,0,0,0
5.8497,131163,1311861546,2091,0,0,0
5.8598,131164,1311871546,2095,0,0,0
5.8697,131165,1311881546,2083,0,0,0
5.8798,131166,1311891546,2095,0,0,0
5.8899,131167,1311901546,2091,0,0,0
5.9000,131168,1311911546,2094,0,0,0
5.9098,131169,1311921546,2089,0,0,0
5.9203,131170,1311931546,2096,0,0,0
5.9297,131171,1311941546,2096,0,0,0
5.9401,131172,1311951546,2099,0,0,0
5.9498,131173,1311961546,2107,0,0,0
5.9597,131174,1311971546,2107,0,0,0
5.9704,131175,1311981546,2100,0,0,0
5.9804,131176,1311991546,2093,0,0,0
5.9898,131177,1312001546,2096,0,0,0
5.9999,131178,1312011546,2089,0,0,0
6.0098,131179,1312021546,2087,0,0,0
6.0199,131180,1312031546,2096,0,0,0
6.0305,131181,1312041546,2091,0,0,0
6.0396,131182,1312051546,2095,0,0,0
6.0497,131183,1312061546,2098,0,0,0
6.0598,131184,1312071546,2093,0,0,0
6.0700,131185,1312081546,2125,0,0,0
6.0799,131186,1312091546,2227,0,0,0
6.0898,131187,1312101546,2288,0,0,0
6.0998,131188,1312111546,2154,0,0,0
6.1097,131189,1312121546,1919,0,0,0
6.1198,131190,1312131546,1994,0,0,0
6.1297,131191,1312141546,2089,0,0,0
6.1395,131192,1312151546,2093,0,0,0
6.1496,131193,1312161546,2090,0,0,0
6.1596,131194,1312171546,2096,0,0,0
6.1697,131195,1312181546,2090,0,0,0
6.1802,131196,1312191546,2097,0,0,0
6.1897,131197,1312201546,2096,0,0,0
6.1997,131198,1312211546,2099,0,0,0
6.2099,131199,1312221546,2096,0,0,0
6.2197,131200,1312231546,2098,0,0,0
6.2298,131201,1312241546,2097,0,0,0
6.2403,131202,1312251546,2102,0,0,0
6.2502,131203,1312261546,2103,0,0,0
6.2599,131204,1312271546,2096,0,0,0
6.2702,131205,1312281546,2096,0,0,0
6.2796,131206,1312291546,2099,0,0,0
6.2902,131207,1312301546,2102,0,0,0
6.2999,131208,1312311546,2109,0,0,0
6.3098,131209,1312321546,2099,0,0,0
6.3202,131210,1312331546,2111,0,0,0
6.3305,131211,1312341546,2109,0,0,0
6.3404,131212,1312351546,2112,0,0,0
6.3497,131213,1312361546,2110,0,0,0
6.3600,131214,1312371546,2110,0,0,0
6.3698,131215,1312381546,2103,0,0,0
6.3797,131216,1312391546,2109,0,0,0
6.3902,131217,1312401546,2101,0,0,0
6.3997,131218,1312411546,2096,0,0,0
6.4099,131219,1312421546,2083,0,0,0
6.4200,131220,1312431546,2085,0,0,0
6.4297,131221,1312441546,2072,0,0,0
6.4403,131222,1312451546,2077,0,0,0
6.4498,131223,1312461546,2069,0,0,0
6.4596,131224,1312471546,2075,0,0,0
6.4695,131225,1312481546,2074,0,0,0
6.4796,131226,1312491546,2078,0,0,0
6.4895,131227,1312501546,2071,0,0,0
6.4996,131228,1312511546,2082,0,0,0
6.5096,131229,1312521546,2079,0,0,0
6.5196,131230,1312531546,2087,0,0,0
6.5297,131231,1312541546,2085,0,0,0
6.5397,131232,1312551546,2089,0,0,0
6.5498,131233,1312561546,2095,0,0,0
6.5596,131234,1312571546,2092,0,0,0
6.5699,131235,1312581546,2093,0,0,0
6.5797,131236,1312591546,2093,0,0,0
6.5908,131237,1312601546,2083,0,0,0
6.6003,131238,1312611546,2086,0,0,0
6.6096,131239,1312621546,2092,0,0,0
6.6199,131240,1312631546,2084,0,0,0
6.6299,131241,1312641546,2089,0,0,0
6.6397,131242,1312651546,2091,0,0,0
6.6496,131243,1312661546,2091,0,0,0
6.6598,131244,1312671546,2085,0,0,0
6.6697,131245,1312681546,2090,0,0,0
6.6798,131246,1312691546,2084,0,0,0
6.6906,131247,1312701546,2081,0,0,0
6.6996,131248,1312711546,2086,0,0,0
6.7097,131249,1312721546,2087,0,0,0
6.7198,131250,1312731546,2093,0,0,0
6.7298,131251,1312741546,2089,0,0,0
6.7403,131252,1312751546,2095,0,0,0
6.7498,131253,1312761546,2096,0,0,0
6.7597,131254,1312771546,2094,0,0,0
6.7701,131255,1312781546,2091,0,0,0
6.7796,131256,1312791546,2095,0,0,0
6.7899,131257,1312801546,2093,0,0,0
6.7997,131258,1312811546,2093,0,0,0
6.8097,131259,1312821546,2090,0,0,0
6.8197,131260,1312831546,2103,0,0,0
6.8301,131261,1312841546,2101,0,0,0
6.8396,131262,1312851546,2097,0,0,0
6.8498,131263,1312861546,2096,0,0,0
6.8598,131264,1312871546,2107,0,0,0
6.8698,131265,1312881546,2098,0,0,0
6.8797,131266,1312891546,2096,0,0,0
6.8898,131267,1312901546,2095,0,0,0
6.8996,131268,1312911546,2092,0,0,0
6.9097,131269,1312921546,2085,0,0,0
6.9197,131270,1312931546,2092,0,0,0
6.9296,131271,1312941546,2093,0,0,0
6.9400,131272,1312951546,2094,0,0,0
6.9503,131273,1312961546,2089,0,0,0
6.9596,131274,1312971546,2087,0,0,0
6.9698,131275,1312981546,2117,0,0,0
6.9803,131276,1312991546,2213,0,0,0
6.9899,131277,1313001546,2283,0,0,0
7.0001,131278,1313011546,2159,0,0,0
7.0098,131279,1313021546,1902,0,0,0
7.0200,131280,1313031546,1979,0,0,0
7.0297,131281,1313041546,2087,0,0,0
7.0400,131282,1313051546,2096,0,0,0
7.0499,131283,1313061546,2096,0,0,0
7.0597,131284,1313071546,2096,0,0,0
7.0702,131285,1313081546,2103,0,0,0
7.0801,131286,1313091546,2103,0,0,0
7.0896,131287,1313101546,2096,0,0,0
7.0998,131288,1313111546,2106,0,0,0
7.1097,131289,1313121546,2096,0,0,0
7.1197,131290,1313131546,2103,0,0,0
7.1298,131291,1313141546,2103,0,0,0
7.1397,131292,1313151546,2107,0,0,0
7.1497,131293,1313161546,2107,0,0,0
7.1597,131294,1313171546,2110,0,0,0
7.1698,131295,1313181546,2109,0,0,0
7.1802,131296,1313191546,2107,0,0,0
7.1897,131297,1313201546,2108,0,0,0
7.1997,131298,1313211546,2109,0,0,0
7.2096,131299,1313221546,2113,0,0,0
7.2198,131300,1313231546,2113,0,0,0
7.2297,131301,1313241546,2112,0,0,0
7.2399,131302,1313251546,2125,0,0,0
7.2496,131303,1313261546,2117,0,0,0
7.2598,131304,1313271546,2121,0,0,0
7.2697,131305,1313281546,2113,0,0,0
7.2799,131306,1313291546,2117,0,0,0
7.2903,131307,1313301546,2102,0,0,0
7.2996,131308,1313311546,2101,0,0,0
7.3097,131309,1313321546,2086,0,0,0
7.3202,131310,1313331546,2086,0,0,0
7.3296,131311,1313341546,2081,0,0,0
7.3401,131312,1313351546,2079,0,0,0
7.3498,131313,1313361546,2071,0,0,0
7.3598,131314,1313371546,2071,0,0,0
7.3698,131315,1313381546,2074,0,0,0
7.3804,131316,1313391546,2086,0,0,0
7.3897,131317,1313401546,2078,0,0,0
7.3998,131318,1313411546,2084,0,0,0
7.4096,131319,1313421546,2083,0,0,0
7.4198,131320,1313431546,2086,0,0,0
7.4299,131321,1313441546,2094,0,0,0
7.4397,131322,1313451546,2080,0,0,0
7.4501,131323,1313461546,2083,0,0,0
7.4597,131324,1313471546,2088,0,0,0
7.4702,131325,1313481546,2080,0,0,0
7.4797,131326,1313491546,2085,0,0,0
7.4899,131327,1313501546,2092,0,0,0
7.4998,131328,1313511546,2089,0,0,0
7.5096,131329,1313521546,2086,0,0,0
7.5199,131330,1313531546,2085,0,0,0
7.5297,131331,1313541546,2083,0,0,0
7.5398,131332,1313551546,2092,0,0,0
7.5499,131333,1313561546,2084,0,0,0
7.5597,131334,1313571546,2089,0,0,0
7.5700,131335,1313581546,2083,0,0,0
7.5798,131336,1313591546,2081,0,0,0
7.5897,131337,1313601546,2089,0,0,0
7.5999,131338,1313611546,2089,0,0,0
7.6097,131339,1313621546,2096,0,0,0
7.6201,131340,1313631546,2089,0,0,0
7.6296,131341,1313641546,2080,0,0,0
7.6398,131342,1313651546,2096,0,0,0
7.6501,131343,1313661546,2073,0,0,0
7.6597,131344,1313671546,2094,0,0,0
7.6702,131345,1313681546,2086,0,0,0
7.6798,131346,1313691546,2091,0,0,0
7.6896,131347,1313701546,2084,0,0,0
7.7004,131348,1313711546,2085,0,0,0
7.7097,131349,1313721546,2081,0,0,0
7.7197,131350,1313731546,2096,0,0,0
7.7298,131351,1313741546,2087,0,0,0
7.7402,131352,1313751546,2096,0,0,0
7.7498,131353,1313761546,2098,0,0,0
7.7597,131354,1313771546,2098,0,0,0
7.7701,131355,1313781546,2097,0,0,0
7.7797,131356,1313791546,2096,0,0,0
7.7899,131357,1313801546,2087,0,0,0
7.7997,131358,1313811546,2089,0,0,0
7.8097,131359,1313821546,2083,0,0,0
7.8198,131360,1313831546,2089,0,0,0
7.8298,131361,1313841546,2082,0,0,0
7.8398,131362,1313851546,2095,0,0,0
7.8499,131363,1313861546,2090,0,0,0
7.8598,131364,1313871546,2113,0,0,0
7.8697,131365,1313881546,2192,0,0,0
7.8799,131366,1313891546,2287,0,0,0
7.8897,131367,1313901546,2221,0,0,0
7.8997,131368,1313911546,1942,0,0,0
7.9096,131369,1313921546,1949,0,0,0
7.9202,131370,1313931546,2095,0,0,0
7.9302,131371,1313941546,2085,0,0,0
7.9397,131372,1313951546,2095,0,0,0
7.9497,131373,1313961546,2085,0,0,0
7.9600,131374,1313971546,2089,0,0,0
7.9697,131375,1313981546,2095,0,0,0
7.9798,131376,1313991546,2094,0,0,0
7.9902,131377,1314001546,2098,0,0,0
7.9998,131378,1314011546,2101,0,0,0
8.0099,131379,1314021546,2096,0,0,0
8.0197,131380,1314031546,2101,0,0,0
8.0297,131381,1314041546,2099,0,0,0
8.0398,131382,1314051546,2101,0,0,0
8.0500,131383,1314061546,2101,0,0,0
8.0598,131384,1314071546,2114,0,0,0
8.0696,131385,1314081546,2110,0,0,0
8.0798,131386,1314091546,2116,0,0,0
8.0898,131387,1314101546,2117,0,0,0
8.0997,131388,1314111546,2118,0,0,0
8.1098,131389,1314121546,2127,0,0,0
8.1198,131390,1314131546,2128,0,0,0
8.1297,131391,1314141546,2124,0,0,0
8.1397,131392,1314151546,2128,0,0,0
8.1497,131393,1314161546,2127,0,0,0
8.1597,131394,1314171546,2128,0,0,0
8.1697,131395,1314181546,2124,0,0,0
8.1796,131396,1314191546,2130,0,0,0
8.1898,131397,1314201546,2105,0,0,0
8.1997,131398,1314211546,2103,0,0,0
8.2097,131399,1314221546,2096,0,0,0
8.2202,131400,1314231546,2092,0,0,0
8.2298,131401,1314241546,2085,0,0,0
8.2399,131402,1314251546,2089,0,0,0
8.2503,131403,1314261546,2075,0,0,0
8.2597,131404,1314271546,2082,0,0,0
8.2698,131405,1314281546,2080,0,0,0
8.2801,131406,1314291546,2096,0,0,0
8.2898,131407,1314301546,2090,0,0,0
8.2998,131408,1314311546,2093,0,0,0
8.3097,131409,1314321546,2093,0,0,0
8.3198,131410,1314331546,2099,0,0,0
8.3298,131411,1314341546,2096,0,0,0
8.3396,131412,1314351546,2099,0,0,0
8.3503,131413,1314361546,2103,0,0,0
8.3598,131414,1314371546,2098,0,0,0
8.3705,131415,1314381546,2099,0,0,0
8.3804,131416,1314391546,2099,0,0,0
8.3898,131417,1314401546,2099,0,0,0
8.3998,131418,1314411546,2100,0,0,0
8.4097,131419,1314421546,2093,0,0,0
8.4205,131420,1314431546,2102,0,0,0
8.4297,131421,1314441546,2098,0,0,0
8.4397,131422,1314451546,2106,0,0,0
8.4504,131423,1314461546,2097,0,0,0
8.4597,131424,1314471546,2098,0,0,0
8.4699,131425,1314481546,2097,0,0,0
8.4799,131426,1314491546,2104,0,0,0
8.4897,131427,1314501546,2093,0,0,0
8.4999,131428,1314511546,2107,0,0,0
8.5102,131429,1314521546,2102,0,0,0
8.5203,131430,1314531546,2109,0,0,0
8.5297,131431,1314541546,2100,0,0,0
8.5399,131432,1314551546,2101,0,0,0
8.5505,131433,1314561546,2105,0,0,0
8.5597,131434,1314571546,2103,0,0,0
8.5703,131435,1314581546,2098,0,0,0
8.5798,131436,1314591546,2109,0,0,0
8.5901,131437,1314601546,2103,0,0,0
8.5998,131438,1314611546,2100,0,0,0
8.6097,131439,1314621546,2099,0,0,0
8.6198,131440,1314631546,2102,0,0,0
8.6297,131441,1314641546,2109,0,0,0
8.6399,131442,1314651546,2112,0,0,0
8.6504,131443,1314661546,2116,0,0,0
8.6597,131444,1314671546,2112,0,0,0
8.6697,131445,1314681546,2105,0,0,0
8.6795,131446,1314691546,2112,0,0,0
8.6895,131447,1314701546,2101,0,0,0
8.6996,131448,1314711546,2103,0,0,0
8.7095,131449,1314721546,2097,0,0,0
8.7196,131450,1314731546,2105,0,0,0
8.7296,131451,1314741546,2103,0,0,0
8.7396,131452,1314751546,2106,0,0,0
8.7496,131453,1314761546,2110,0,0,0
8.7596,131454,1314771546,2108,0,0,0
8.7697,131455,1314781546,2165,0,0,0
8.7797,131456,1314791546,2279,0,0,0
8.7900,131457,1314801546,2306,0,0,0
8.8001,131458,1314811546,2087,0,0,0
8.8103,131459,1314821546,1919,0,0,0
8.8198,131460,1314831546,2064,0,0,0
8.8303,131461,1314841546,2097,0,0,0
8.8397,131462,1314851546,2107,0,0,0
8.8499,131463,1314861546,2102,0,0,0
8.8598,131464,1314871546,2109,0,0,0
8.8704,131465,1314881546,2102,0,0,0
8.8798,131466,1314891546,2111,0,0,0
8.8897,131467,1314901546,2111,0,0,0
8.9000,131468,1314911546,2115,0,0,0
8.9098,131469,1314921546,2112,0,0,0
8.9197,131470,1314931546,2111,0,0,0
8.9297,131471,1314941546,2110,0,0,0
8.9398,131472,1314951546,2119,0,0,0
8.9498,131473,1314961546,2110,0,0,0
8.9598,131474,1314971546,2113,0,0,0
8.9698,131475,1314981546,2115,0,0,0
8.9797,131476,1314991546,2123,0,0,0
8.9898,131477,1315001546,2125,0,0,0
8.9999,131478,1315011546,2125,0,0,0
9.0098,131479,1315021546,2121,0,0,0
9.0198,131480,1315031546,2119,0,0,0
9.0299,131481,1315041546,2123,0,0,0
9.0402,131482,1315051546,2137,0,0,0
9.0498,131483,1315061546,2128,0,0,0
9.0597,131484,1315071546,2128,0,0,0
9.0697,131485,1315081546,2128,0,0,0
9.0798,131486,1315091546,2131,0,0,0
9.0897,131487,1315101546,2115,0,0,0
9.0997,131488,1315111546,2115,0,0,0
9.1099,131489,1315121546,2099,0,0,0
9.1198,131490,1315131546,2094,0,0,0
9.1297,131491,1315141546,2089,0,0,0
9.1397,131492,1315151546,2094,0,0,0
9.1496,131493,1315161546,2094,0,0,0
9.1598,131494,1315171546,2084,0,0,0
9.1699,131495,1315181546,2092,0,0,0
9.1797,131496,1315191546,2093,0,0,0
9.1903,131497,1315201546,2095,0,0,0
9.1997,131498,1315211546,2100,0,0,0
9.2098,131499,1315221546,2092,0,0,0
9.2203,131500,1315231546,2099,0,0,0
9.2298,131501,1315241546,2098,0,0,0
9.2404,131502,1315251546,2110,0,0,0
9.2498,131503,1315261546,2098,0,0,0
9.2597,131504,1315271546,2103,0,0,0
9.2698,131505,1315281546,2096,0,0,0
9.2801,131506,1315291546,2112,0,0,0
9.2899,131507,1315301546,2110,0,0,0
9.2998,131508,1315311546,2109,0,0,0
9.3104,131509,1315321546,2105,0,0,0
9.3197,131510,1315331546,2105,0,0,0
9.3304,131511,1315341546,2098,0,0,0
9.3398,131512,1315351546,2111,0,0,0
9.3497,131513,1315361546,2099,0,0,0
9.3600,131514,1315371546,2101,0,0,0
9.3703,131515,1315381546,2103,0,0,0
9.3797,131516,1315391546,2106,0,0,0
9.3897,131517,1315401546,2107,0,0,0
9.4002,131518,1315411546,2107,0,0,0
9.4104,131519,1315421546,2109,0,0,0
9.4205,131520,1315431546,2109,0,0,0
9.4298,131521,1315441546,2106,0,0,0
9.4406,131522,1315451546,2103,0,0,0
9.4497,131523,1315461546,2110,0,0,0
9.4599,131524,1315471546,2112,0,0,0
9.4704,131525,1315481546,2098,0,0,0
9.4798,131526,1315491546,2102,0,0,0
9.4907,131527,1315501546,2110,0,0,0
9.4997,131528,1315511546,2112,0,0,0
9.5099,131529,1315521546,2109,0,0,0
9.5196,131530,1315531546,2111,0,0,0
9.5296,131531,1315541546,2111,0,0,0
9.5400,131532,1315551546,2112,0,0,0
9.5497,131533,1315561546,2114,0,0,0
9.5603,131534,1315571546,2116,0,0,0
9.5699,131535,1315581546,2119,0,0,0
9.5797,131536,1315591546,2123,0,0,0
9.5898,131537,1315601546,2112,0,0,0
9.5999,131538,1315611546,2125,0,0,0
9.6100,131539,1315621546,2108,0,0,0
9.6201,131540,1315631546,2106,0,0,0
9.6298,131541,1315641546,2101,0,0,0
9.6398,131542,1315651546,2106,0,0,0
9.6498,131543,1315661546,2107,0,0,0
9.6598,131544,1315671546,2113,0,0,0
9.6696,131545,1315681546,2098,0,0,0
9.6804,131546,1315691546,2097,0,0,0
9.6898,131547,1315701546,2160,0,0,0
9.6996,131548,1315711546,2279,0,0,0
9.7102,131549,1315721546,2294,0,0,0
9.7196,131550,1315731546,2072,0,0,0
9.7309,131551,1315741546,1919,0,0,0
9.7403,131552,1315751546,2065,0,0,0
9.7499,131553,1315761546,2113,0,0,0
9.7599,131554,1315771546,2112,0,0,0
9.7698,131555,1315781546,2107,0,0,0
9.7799,131556,1315791546,2107,0,0,0
9.7905,131557,1315801546,2114,0,0,0
9.7999,131558,1315811546,2111,0,0,0
9.8100,131559,1315821546,2103,0,0,0
9.8197,131560,1315831546,2105,0,0,0
9.8299,131561,1315841546,2099,0,0,0
9.8397,131562,1315851546,2105,0,0,0
9.8497,131563,1315861546,2101,0,0,0
9.8598,131564,1315871546,2103,0,0,0
9.8697,131565,1315881546,2110,0,0,0
9.8797,131566,1315891546,2109,0,0,0
9.8898,131567,1315901546,2105,0,0,0
9.8999,131568,1315911546,2112,0,0,0
9.9099,131569,1315921546,2112,0,0,0
9.9198,131570,1315931546,2109,0,0,0
9.9297,131571,1315941546,2111,0,0,0
9.9397,131572,1315951546,2114,0,0,0
9.9497,131573,1315961546,2115,0,0,0
9.9597,131574,1315971546,2123,0,0,0
9.9701,131575,1315981546,2117,0,0,0
9.9797,131576,1315991546,2119,0,0,0
9.9903,131577,1316001546,2115,0,0,0
9.9997,131578,1316011546,2112,0,0,0
10.0098,131579,1316021546,2107,0,0,0
10.0197,131580,1316031546,2096,0,0,0
10.0301,131581,1316041546,2094,0,0,0
10.0398,131582,1316051546,2087,0,0,0
10.0497,131583,1316061546,2079,0,0,0
10.0598,131584,1316071546,2083,0,0,0
10.0697,131585,1316081546,2074,0,0,0
10.0799,131586,1316091546,2077,0,0,0
10.0897,131587,1316101546,2080,0,0,0
10.0997,131588,1316111546,2086,0,0,0
10.1098,131589,1316121546,2090,0,0,0
10.1202,131590,1316131546,2085,0,0,0
10.1301,131591,1316141546,2093,0,0,0
10.1397,131592,1316151546,2096,0,0,0
10.1496,131593,1316161546,2096,0,0,0
10.1597,131594,1316171546,2096,0,0,0
10.1696,131595,1316181546,2102,0,0,0
10.1843,131596,1316191546,2103,0,0,0
10.1925,131597,1316201546,2103,0,0,0
10.2003,131598,1316211546,2097,0,0,0
10.2142,131599,1316221546,2098,0,0,0
10.2196,131600,1316231546,2096,0,0,0
10.2296,131601,1316241546,2097,0,0,0
10.2396,131602,1316251546,2096,0,0,0
10.2509,131603,1316261546,2096,0,0,0
10.2678,131604,1316271546,2096,0,0,0
10.2730,131605,1316281546,2100,0,0,0
10.2847,131606,1316291546,2098,0,0,0
10.2898,131607,1316301546,2096,0,0,0
10.3025,131608,1316311546,2093,0,0,0
10.3122,131609,1316321546,2097,0,0,0
10.3216,131610,1316331546,2095,0,0,0
10.3310,131611,1316341546,2099,0,0,0
10.3419,131612,1316351546,2099,0,0,0
10.3514,131613,1316361546,2103,0,0,0
10.3683,131614,1316371546,2096,0,0,0
10.3718,131615,1316381546,2105,0,0,0
10.3827,131616,1316391546,2100,0,0,0
10.3895,131617,1316401546,2112,0,0,0
10.3996,131618,1316411546,2107,0,0,0
10.4096,131619,1316421546,2115,0,0,0
10.4196,131620,1316431546,2112,0,0,0
10.4296,131621,1316441546,2107,0,0,0
10.4396,131622,1316451546,2106,0,0,0
10.4497,131623,1316461546,2095,0,0,0
10.4596,131624,1316471546,2091,0,0,0
10.4696,131625,1316481546,2096,0,0,0
10.4795,131626,1316491546,2096,0,0,0
10.4895,131627,1316501546,2101,0,0,0
10.4996,131628,1316511546,2096,0,0,0
10.5095,131629,1316521546,2101,0,0,0
10.5195,131630,1316531546,2112,0,0,0
10.5296,131631,1316541546,2192,0,0,0
10.5403,131632,1316551546,2255,0,0,0
10.5496,131633,1316561546,2230,0,0,0
10.5595,131634,1316571546,1954,0,0,0
10.5696,131635,1316581546,1943,0,0,0
10.5795,131636,1316591546,2083,0,0,0
10.5895,131637,1316601546,2098,0,0,0
10.5997,131638,1316611546,2099,0,0,0
10.6095,131639,1316621546,2106,0,0,0
10.6196,131640,1316631546,2098,0,0,0
10.6296,131641,1316641546,2101,0,0,0
10.6398,131642,1316651546,2098,0,0,0
10.6497,131643,1316661546,2111,0,0,0
10.6597,131644,1316671546,2106,0,0,0
10.6695,131645,1316681546,2112,0,0,0
10.6796,131646,1316691546,2108,0,0,0
10.6896,131647,1316701546,2111,0,0,0
10.7003,131648,1316711546,2110,0,0,0
10.7095,131649,1316721546,2114,0,0,0
10.7199,131650,1316731546,2103,0,0,0
10.7295,131651,1316741546,2112,0,0,0
10.7414,131652,1316751546,2109,0,0,0
10.7516,131653,1316761546,2117,0,0,0
10.7609,131654,1316771546,2114,0,0,0
10.7743,131655,1316781546,2117,0,0,0
10.7864,131656,1316791546,2120,0,0,0
10.7936,131657,1316801546,2117,0,0,0
10.8009,131658,1316811546,2121,0,0,0
10.8100,131659,1316821546,2127,0,0,0
10.8211,131660,1316831546,2119,0,0,0
10.8313,131661,1316841546,2119,0,0,0
10.8402,131662,1316851546,2118,0,0,0
10.8529,131663,1316861546,2109,0,0,0
10.8620,131664,1316871546,2097,0,0,0
10.8695,131665,1316881546,2090,0,0,0
10.8796,131666,1316891546,2076,0,0,0
10.8896,131667,1316901546,2075,0,0,0
10.8996,131668,1316911546,2079,0,0,0
10.9095,131669,1316921546,2078,0,0,0
10.9196,131670,1316931546,2073,0,0,0
10.9297,131671,1316941546,2077,0,0,0
10.9395,131672,1316951546,2079,0,0,0
10.9497,131673,1316961546,2082,0,0,0
10.9596,131674,1316971546,2082,0,0,0
10.9697,131675,1316981546,2076,0,0,0
10.9796,131676,1316991546,2087,0,0,0
10.9895,131677,1317001546,2087,0,0,0
10.9996,131678,1317011546,2090,0,0,0
11.0097,131679,1317021546,2095,0,0,0
11.0196,131680,1317031546,2098,0,0,0
11.0295,131681,1317041546,2099,0,0,0
11.0397,131682,1317051546,2093,0,0,0
11.0495,131683,1317061546,2101,0,0,0
11.0596,131684,1317071546,2096,0,0,0
11.0696,131685,1317081546,2102,0,0,0
11.0796,131686,1317091546,2081,0,0,0
11.0896,131687,1317101546,2096,0,0,0
11.0996,131688,1317111546,2093,0,0,0
11.1097,131689,1317121546,2096,0,0,0
11.1195,131690,1317131546,2087,0,0,0
11.1296,131691,1317141546,2099,0,0,0
11.1395,131692,1317151546,2095,0,0,0
11.1496,131693,1317161546,2098,0,0,0
11.1626,131694,1317171546,2101,0,0,0
11.1705,131695,1317181546,2097,0,0,0
11.1795,131696,1317191546,2097,0,0,0
11.1916,131697,1317201546,2091,0,0,0
11.2001,131698,1317211546,2081,0,0,0
11.2158,131699,1317221546,2087,0,0,0
11.2232,131700,1317231546,2087,0,0,0
11.2313,131701,1317241546,2095,0,0,0
11.2406,131702,1317251546,2092,0,0,0
11.2544,131703,1317261546,2095,0,0,0
11.2603,131704,1317271546,2103,0,0,0
11.2706,131705,1317281546,2178,0,0,0
11.2833,131706,1317291546,2273,0,0,0
11.2895,131707,1317301546,2240,0,0,0
11.2998,131708,1317311546,1952,0,0,0
11.3096,131709,1317321546,1916,0,0,0
11.3196,131710,1317331546,2064,0,0,0
11.3296,131711,1317341546,2090,0,0,0
11.3396,131712,1317351546,2095,0,0,0
11.3504,131713,1317361546,2099,0,0,0
11.3596,131714,1317371546,2093,0,0,0
11.3697,131715,1317381546,2098,0,0,0
11.3796,131716,1317391546,2107,0,0,0
11.3895,131717,1317401546,2112,0,0,0
11.3996,131718,1317411546,2103,0,0,0
11.4096,131719,1317421546,2108,0,0,0
11.4196,131720,1317431546,2109,0,0,0
11.4296,131721,1317441546,2111,0,0,0
11.4395,131722,1317451546,2111,0,0,0
11.4496,131723,1317461546,2106,0,0,0
11.4596,131724,1317471546,2110,0,0,0
11.4696,131725,1317481546,2111,0,0,0
11.4796,131726,1317491546,2114,0,0,0
11.4896,131727,1317501546,2121,0,0,0
11.4996,131728,1317511546,2112,0,0,0
11.5097,131729,1317521546,2118,0,0,0
11.5196,131730,1317531546,2124,0,0,0
11.5296,131731,1317541546,2128,0,0,0
11.5396,131732,1317551546,2128,0,0,0
11.5497,131733,1317561546,2128,0,0,0
11.5596,131734,1317571546,2128,0,0,0
11.5696,131735,1317581546,2128,0,0,0
11.5796,131736,1317591546,2113,0,0,0
11.5896,131737,1317601546,2103,0,0,0
11.6002,131738,1317611546,2096,0,0,0
11.6095,131739,1317621546,2085,0,0,0
11.6195,131740,1317631546,2070,0,0,0
11.6296,131741,1317641546,2067,0,0,0
11.6402,131742,1317651546,2065,0,0,0
11.6507,131743,1317661546,2075,0,0,0
11.6603,131744,1317671546,2069,0,0,0
11.6710,131745,1317681546,2068,0,0,0
11.6851,131746,1317691546,2070,0,0,0
11.6902,131747,1317701546,2064,0,0,0
11.7007,131748,1317711546,2070,0,0,0
11.7139,131749,1317721546,2083,0,0,0
11.7229,131750,1317731546,2081,0,0,0
11.7343,131751,1317741546,2086,0,0,0
11.7478,131752,1317751546,2085,0,0,0
11.7519,131753,1317761546,2096,0,0,0
11.7623,131754,1317771546,2086,0,0,0
11.7696,131755,1317781546,2091,0,0,0
11.7796,131756,1317791546,2089,0,0,0
11.7895,131757,1317801546,2091,0,0,0
11.7996,131758,1317811546,2093,0,0,0
11.8095,131759,1317821546,2096,0,0,0
11.8195,131760,1317831546,2096,0,0,0
11.8299,131761,1317841546,2110,0,0,0
11.8396,131762,1317851546,2101,0,0,0
11.8496,131763,1317861546,2102,0,0,0
11.8597,131764,1317871546,2095,0,0,0
11.8696,131765,1317881546,2096,0,0,0
11.8796,131766,1317891546,2086,0,0,0
11.8896,131767,1317901546,2082,0,0,0
11.8996,131768,1317911546,2083,0,0,0
11.9096,131769,1317921546,2080,0,0,0
11.9196,131770,1317931546,2074,0,0,0
11.9297,131771,1317941546,2089,0,0,0
11.9397,131772,1317951546,2080,0,0,0
11.9496,131773,1317961546,2094,0,0,0
11.9596,131774,1317971546,2154,0,0,0
11.9696,131775,1317981546,2277,0,0,0
11.9796,131776,1317991546,2262,0,0,0
11.9896,131777,1318001546,2001,0,0,0
11.9996,131778,1318011546,1887,0,0,0
12.0096,131779,1318021546,2040,0,0,0
12.0196,131780,1318031546,2077,0,0,0
12.0297,131781,1318041546,2085,0,0,0
12.0395,131782,1318051546,2071,0,0,0
12.0517,131783,1318061546,2090,0,0,0
12.0602,131784,1318071546,2087,0,0,0
12.0699,131785,1318081546,2096,0,0,0
12.0797,131786,1318091546,2091,0,0,0
12.0901,131787,1318101546,2101,0,0,0
12.1036,131788,1318111546,2098,0,0,0
12.1117,131789,1318121546,2096,0,0,0
12.1222,131790,1318131546,2099,0,0,0
12.1325,131791,1318141546,2110,0,0,0
12.1423,131792,1318151546,2097,0,0,0
12.1531,131793,1318161546,2109,0,0,0
12.1598,131794,1318171546,2109,0,0,0
12.1707,131795,1318181546,2112,0,0,0
12.1807,131796,1318191546,2113,0,0,0
12.1915,131797,1318201546,2113,0,0,0
12.2031,131798,1318211546,2118,0,0,0
12.2165,131799,1318221546,2128,0,0,0
12.2206,131800,1318231546,2125,0,0,0
12.2296,131801,1318241546,2135,0,0,0
12.2395,131802,1318251546,2130,0,0,0
12.2496,131803,1318261546,2143,0,0,0
12.2596,131804,1318271546,2127,0,0,0
12.2695,131805,1318281546,2118,0,0,0
12.2796,131806,1318291546,2098,0,0,0
12.2896,131807,1318301546,2089,0,0,0
12.2996,131808,1318311546,2073,0,0,0
12.3097,131809,1318321546,2070,0,0,0
12.3196,131810,1318331546,2057,0,0,0
12.3298,131811,1318341546,2064,0,0,0
12.3397,131812,1318351546,2047,0,0,0
12.3496,131813,1318361546,2039,0,0,0
12.3596,131814,1318371546,2062,0,0,0
12.3698,131815,1318381546,2061,0,0,0
12.3797,131816,1318391546,2066,0,0,0
12.3895,131817,1318401546,2069,0,0,0
12.3996,131818,1318411546,2071,0,0,0
12.4096,131819,1318421546,2081,0,0,0
12.4196,131820,1318431546,2078,0,0,0
12.4296,131821,1318441546,2089,0,0,0
12.4396,131822,1318451546,2083,0,0,0
12.4497,131823,1318461546,2092,0,0,0
12.4597,131824,1318471546,2085,0,0,0
12.4696,131825,1318481546,2096,0,0,0
12.4796,131826,1318491546,2090,0,0,0
12.4897,131827,1318501546,2091,0,0,0
12.4996,131828,1318511546,2096,0,0,0
12.5095,131829,1318521546,2107,0,0,0
12.5197,131830,1318531546,2100,0,0,0
12.5296,131831,1318541546,2091,0,0,0
12.5396,131832,1318551546,2096,0,0,0
12.5496,131833,1318561546,2091,0,0,0
12.5597,131834,1318571546,2075,0,0,0
12.5697,131835,1318581546,2086,0,0,0
12.5796,131836,1318591546,2085,0,0,0
12.5896,131837,1318601546,2087,0,0,0
12.5997,131838,1318611546,2087,0,0,0
12.6097,131839,1318621546,2094,0,0,0
12.6197,131840,1318631546,2093,0,0,0
12.6297,131841,1318641546,2155,0,0,0
12.6397,131842,1318651546,2266,0,0,0
12.6496,131843,1318661546,2294,0,0,0
12.6597,131844,1318671546,2060,0,0,0
12.6697,131845,1318681546,1894,0,0,0
12.6796,131846,1318691546,2030,0,0,0
12.6897,131847,1318701546,2095,0,0,0
12.6996,131848,1318711546,2094,0,0,0
12.7097,131849,1318721546,2096,0,0,0
12.7197,131850,1318731546,2096,0,0,0
12.7296,131851,1318741546,2101,0,0,0
12.7396,131852,1318751546,2106,0,0,0
12.7498,131853,1318761546,2111,0,0,0
12.7596,131854,1318771546,2101,0,0,0
12.7696,131855,1318781546,2107,0,0,0
12.7798,131856,1318791546,2103,0,0,0
12.7896,131857,1318801546,2113,0,0,0
12.7996,131858,1318811546,2109,0,0,0
12.8097,131859,1318821546,2112,0,0,0
12.8195,131860,1318831546,2107,0,0,0
12.8296,131861,1318841546,2119,0,0,0
12.8399,131862,1318851546,2114,0,0,0
12.8496,131863,1318861546,2117,0,0,0
12.8597,131864,1318871546,2128,0,0,0
12.8696,131865,1318881546,2130,0,0,0
12.8797,131866,1318891546,2127,0,0,0
12.8896,131867,1318901546,2130,0,0,0
12.8998,131868,1318911546,2137,0,0,0
12.9096,131869,1318921546,2141,0,0,0
12.9197,131870,1318931546,2137,0,0,0
12.9297,131871,1318941546,2142,0,0,0
12.9397,131872,1318951546,2123,0,0,0
12.9498,131873,1318961546,2111,0,0,0
12.9598,131874,1318971546,2093,0,0,0
12.9696,131875,1318981546,2075,0,0,0
12.9797,131876,1318991546,2075,0,0,0
12.9896,131877,1319001546,2077,0,0,0
12.9997,131878,1319011546,2069,0,0,0
13.0097,131879,1319021546,2079,0,0,0
13.0196,131880,1319031546,2079,0,0,0
13.0297,131881,1319041546,2082,0,0,0
13.0396,131882,1319051546,2080,0,0,0
13.0498,131883,1319061546,2087,0,0,0
13.0596,131884,1319071546,2078,0,0,0
13.0696,131885,1319081546,2089,0,0,0
13.0796,131886,1319091546,2090,0,0,0
13.0896,131887,1319101546,2094,0,0,0
13.0996,131888,1319111546,2094,0,0,0
13.1097,131889,1319121546,2102,0,0,0
13.1195,131890,1319131546,2097,0,0,0
13.1296,131891,1319141546,2099,0,0,0
13.1397,131892,1319151546,2095,0,0,0
13.1496,131893,1319161546,2099,0,0,0
13.1596,131894,1319171546,2100,0,0,0
13.1696,131895,1319181546,2093,0,0,0
13.1796,131896,1319191546,2099,0,0,0
13.1896,131897,1319201546,2096,0,0,0
13.1997,131898,1319211546,2096,0,0,0
13.2095,131899,1319221546,2107,0,0,0
13.2196,131900,1319231546,2097,0,0,0
13.2296,131901,1319241546,2097,0,0,0
13.2395,131902,1319251546,2103,0,0,0
13.2496,131903,1319261546,2109,0,0,0
13.2596,131904,1319271546,2096,0,0,0
13.2696,131905,1319281546,2107,0,0,0
13.2796,131906,1319291546,2102,0,0,0
13.2896,131907,1319301546,2101,0,0,0
13.2996,131908,1319311546,2100,0,0,0
13.3095,131909,1319321546,2100,0,0,0
13.3196,131910,1319331546,2096,0,0,0
13.3296,131911,1319341546,2105,0,0,0
13.3397,131912,1319351546,2101,0,0,0
13.3496,131913,1319361546,2109,0,0,0
13.3596,131914,1319371546,2103,0,0,0
13.3697,131915,1319381546,2103,0,0,0
13.3796,131916,1319391546,2101,0,0,0
13.3895,131917,1319401546,2111,0,0,0
13.3996,131918,1319411546,2102,0,0,0
13.4097,131919,1319421546,2109,0,0,0
13.4197,131920,1319431546,2108,0,0,0
13.4297,131921,1319441546,2113,0,0,0
13.4397,131922,1319451546,2106,0,0,0
13.4497,131923,1319461546,2111,0,0,0
13.4597,131924,1319471546,2109,0,0,0
13.4697,131925,1319481546,2108,0,0,0
13.4797,131926,1319491546,2106,0,0,0
13.4896,131927,1319501546,2109,0,0,0
13.4998,131928,1319511546,2103,0,0,0
13.5097,131929,1319521546,2111,0,0,0
13.5197,131930,1319531546,2111,0,0,0
13.5296,131931,1319541546,2109,0,0,0
13.5396,131932,1319551546,2105,0,0,0
13.5498,131933,1319561546,2103,0,0,0
13.5597,131934,1319571546,2107,0,0,0
13.5698,131935,1319581546,2107,0,0,0
13.5797,131936,1319591546,2110,0,0,0
13.5897,131937,1319601546,2111,0,0,0
13.5997,131938,1319611546,2112,0,0,0
13.6097,131939,1319621546,2117,0,0,0
13.6199,131940,1319631546,2112,0,0,0
13.6297,131941,1319641546,2119,0,0,0
13.6396,131942,1319651546,2106,0,0,0
13.6499,131943,1319661546,2103,0,0,0
13.6597,131944,1319671546,2096,0,0,0
13.6696,131945,1319681546,2099,0,0,0
13.6798,131946,1319691546,2094,0,0,0
13.6897,131947,1319701546,2097,0,0,0
13.6998,131948,1319711546,2093,0,0,0
13.7097,131949,1319721546,2096,0,0,0
13.7197,131950,1319731546,2096,0,0,0
13.7297,131951,1319741546,2115,0,0,0
13.7397,131952,1319751546,2192,0,0,0
13.7496,131953,1319761546,2282,0,0,0
13.7598,131954,1319771546,2243,0,0,0
13.7697,131955,1319781546,1970,0,0,0
13.7796,131956,1319791546,1943,0,0,0
13.7898,131957,1319801546,2084,0,0,0
13.8013,131958,1319811546,2095,0,0,0
13.8097,131959,1319821546,2101,0,0,0
13.8197,131960,1319831546,2099,0,0,0
13.8297,131961,1319841546,2096,0,0,0
13.8397,131962,1319851546,2097,0,0,0
13.8496,131963,1319861546,2110,0,0,0
13.8597,131964,1319871546,2105,0,0,0
13.8697,131965,1319881546,2109,0,0,0
13.8798,131966,1319891546,2101,0,0,0
13.8898,131967,1319901546,2108,0,0,0
13.8996,131968,1319911546,2106,0,0,0
13.9097,131969,1319921546,2103,0,0,0
13.9197,131970,1319931546,2101,0,0,0
13.9295,131971,1319941546,2112,0,0,0
13.9397,131972,1319951546,2102,0,0,0
13.9496,131973,1319961546,2107,0,0,0
13.9598,131974,1319971546,2102,0,0,0
13.9698,131975,1319981546,2111,0,0,0
13.9797,131976,1319991546,2108,0,0,0
13.9897,131977,1320001546,2113,0,0,0
13.9997,131978,1320011546,2112,0,0,0
14.0097,131979,1320021546,2114,0,0,0
14.0196,131980,1320031546,2111,0,0,0
14.0297,131981,1320041546,2114,0,0,0
14.0396,131982,1320051546,2117,0,0,0
14.0497,131983,1320061546,2118,0,0,0
14.0598,131984,1320071546,2096,0,0,0
14.0697,131985,1320081546,2100,0,0,0
14.0797,131986,1320091546,2087,0,0,0
14.0898,131987,1320101546,2079,0,0,0
14.0997,131988,1320111546,2080,0,0,0
14.1097,131989,1320121546,2084,0,0,0
14.1197,131990,1320131546,2093,0,0,0
14.1297,131991,1320141546,2075,0,0,0
14.1397,131992,1320151546,2085,0,0,0
14.1498,131993,1320161546,2085,0,0,0
14.1597,131994,1320171546,2086,0,0,0
14.1696,131995,1320181546,2090,0,0,0
14.1797,131996,1320191546,2094,0,0,0
14.1897,131997,1320201546,2087,0,0,0
14.1996,131998,1320211546,2083,0,0,0
14.2096,131999,1320221546,2091,0,0,0
14.2197,132000,1320231546,2093,0,0,0
14.2296,132001,1320241546,2094,0,0,0
14.2397,132002,1320251546,2090,0,0,0
14.2497,132003,1320261546,2090,0,0,0
14.2596,132004,1320271546,2089,0,0,0
14.2697,132005,1320281546,2090,0,0,0
14.2797,132006,1320291546,2091,0,0,0
14.2896,132007,1320301546,2086,0,0,0
14.2998,132008,1320311546,2082,0,0,0
14.3096,132009,1320321546,2083,0,0,0
14.3197,132010,1320331546,2089,0,0,0
14.3296,132011,1320341546,2089,0,0,0
14.3397,132012,1320351546,2096,0,0,0
14.3498,132013,1320361546,2079,0,0,0
14.3597,132014,1320371546,2090,0,0,0
14.3696,132015,1320381546,2087,0,0,0
14.3797,132016,1320391546,2086,0,0,0
14.3897,132017,1320401546,2088,0,0,0
14.3996,132018,1320411546,2086,0,0,0
14.4098,132019,1320421546,2087,0,0,0
14.4198,132020,1320431546,2081,0,0,0
14.4297,132021,1320441546,2087,0,0,0
14.4395,132022,1320451546,2094,0,0,0
14.4500,132023,1320461546,2087,0,0,0
14.4603,132024,1320471546,2091,0,0,0
14.4698,132025,1320481546,2096,0,0,0
14.4798,132026,1320491546,2091,0,0,0
14.4897,132027,1320501546,2091,0,0,0
14.4997,132028,1320511546,2093,0,0,0
14.5097,132029,1320521546,2085,0,0,0
14.5196,132030,1320531546,2094,0,0,0
14.5297,132031,1320541546,2094,0,0,0
14.5398,132032,1320551546,2093,0,0,0
14.5498,132033,1320561546,2093,0,0,0
14.5598,132034,1320571546,2096,0,0,0
14.5698,132035,1320581546,2087,0,0,0
14.5797,132036,1320591546,2096,0,0,0
14.5895,132037,1320601546,2096,0,0,0
14.5997,132038,1320611546,2105,0,0,0
14.6103,132039,1320621546,2100,0,0,0
14.6196,132040,1320631546,2102,0,0,0
14.6297,132041,1320641546,2096,0,0,0
14.6398,132042,1320651546,2098,0,0,0
14.6497,132043,1320661546,2091,0,0,0
14.6597,132044,1320671546,2090,0,0,0
14.6697,132045,1320681546,2089,0,0,0
14.6797,132046,1320691546,2086,0,0,0
14.6898,132047,1320701546,2093,0,0,0
14.6997,132048,1320711546,2090,0,0,0
14.7096,132049,1320721546,2093,0,0,0
14.7197,132050,1320731546,2127,0,0,0
14.7297,132051,1320741546,2224,0,0,0
14.7395,132052,1320751546,2292,0,0,0
14.7498,132053,1320761546,2142,0,0,0
14.7598,132054,1320771546,1887,0,0,0
14.7698,132055,1320781546,1988,0,0,0
14.7797,132056,1320791546,2092,0,0,0
14.7896,132057,1320801546,2094,0,0,0
14.8001,132058,1320811546,2095,0,0,0
14.8101,132059,1320821546,2096,0,0,0
14.8198,132060,1320831546,2101,0,0,0
14.8302,132061,1320841546,2096,0,0,0
14.8397,132062,1320851546,2096,0,0,0
14.8502,132063,1320861546,2093,0,0,0
14.8598,132064,1320871546,2102,0,0,0
14.8698,132065,1320881546,2101,0,0,0
14.8802,132066,1320891546,2098,0,0,0
14.8898,132067,1320901546,2100,0,0,0
14.8997,132068,1320911546,2108,0,0,0
14.9097,132069,1320921546,2105,0,0,0
14.9198,132070,1320931546,2103,0,0,0
14.9298,132071,1320941546,2101,0,0,0
14.9404,132072,1320951546,2110,0,0,0
14.9497,132073,1320961546,2109,0,0,0
14.9598,132074,1320971546,2105,0,0,0
14.9703,132075,1320981546,2112,0,0,0
14.9797,132076,1320991546,2123,0,0,0
14.9899,132077,1321001546,2111,0,0,0
15.0004,132078,1321011546,2117,0,0,0
15.0098,132079,1321021546,2119,0,0,0
15.0210,132080,1321031546,2117,0,0,0
15.0299,132081,1321041546,2109,0,0,0
15.0397,132082,1321051546,2106,0,0,0
15.0499,132083,1321061546,2096,0,0,0
15.0599,132084,1321071546,2092,0,0,0
15.0702,132085,1321081546,2086,0,0,0
15.0798,132086,1321091546,2080,0,0,0
15.0902,132087,1321101546,2077,0,0,0
15.0998,132088,1321111546,2085,0,0,0
15.1097,132089,1321121546,2071,0,0,0
15.1199,132090,1321131546,2083,0,0,0
15.1297,132091,1321141546,2073,0,0,0
15.1397,132092,1321151546,2081,0,0,0
15.1499,132093,1321161546,2081,0,0,0
15.1598,132094,1321171546,2085,0,0,0
15.1698,132095,1321181546,2080,0,0,0
15.1797,132096,1321191546,2090,0,0,0
15.1896,132097,1321201546,2087,0,0,0
15.1996,132098,1321211546,2090,0,0,0
15.2099,132099,1321221546,2083,0,0,0
15.2198,132100,1321231546,2071,0,0,0
15.2298,132101,1321241546,2064,0,0,0
15.2403,132102,1321251546,2064,0,0,0
15.2499,132103,1321261546,2087,0,0,0
15.2597,132104,1321271546,2083,0,0,0
15.2698,132105,1321281546,2093,0,0,0
15.2796,132106,1321291546,2086,0,0,0
15.2897,132107,1321301546,2075,0,0,0
15.2996,132108,1321311546,2083,0,0,0
15.3096,132109,1321321546,2070,0,0,0
15.3196,132110,1321331546,2078,0,0,0
15.3297,132111,1321341546,2081,0,0,0
15.3396,132112,1321351546,2063,0,0,0
15.3496,132113,1321361546,2081,0,0,0
15.3597,132114,1321371546,2063,0,0,0
15.3696,132115,1321381546,2080,0,0,0
15.3797,132116,1321391546,2090,0,0,0
15.3897,132117,1321401546,2079,0,0,0
15.3997,132118,1321411546,2065,0,0,0
15.4096,132119,1321421546,2064,0,0,0
15.4199,132120,1321431546,2078,0,0,0
15.4298,132121,1321441546,2069,0,0,0
15.4403,132122,1321451546,2090,0,0,0
15.4499,132123,1321461546,2082,0,0,0
15.4597,132124,1321471546,2095,0,0,0
15.4697,132125,1321481546,2090,0,0,0
15.4797,132126,1321491546,2095,0,0,0
15.4898,132127,1321501546,2086,0,0,0
15.4999,132128,1321511546,2102,0,0,0
15.5098,132129,1321521546,2097,0,0,0
15.5198,132130,1321531546,2096,0,0,0
15.5303,132131,1321541546,2094,0,0,0
15.5398,132132,1321551546,2096,0,0,0
15.5498,132133,1321561546,2087,0,0,0
15.5603,132134,1321571546,2096,0,0,0
15.5698,132135,1321581546,2093,0,0,0
15.5797,132136,1321591546,2095,0,0,0
15.5905,132137,1321601546,2096,0,0,0
15.5998,132138,1321611546,2096,0,0,0
15.6097,132139,1321621546,2095,0,0,0
15.6199,132140,1321631546,2099,0,0,0
15.6298,132141,1321641546,2096,0,0,0
15.6403,132142,1321651546,2101,0,0,0
15.6499,132143,1321661546,2106,0,0,0
15.6597,132144,1321671546,2109,0,0,0
15.6698,132145,1321681546,2096,0,0,0
15.6797,132146,1321691546,2095,0,0,0
15.6905,132147,1321701546,2089,0,0,0
15.6998,132148,1321711546,2094,0,0,0
15.7098,132149,1321721546,2089,0,0,0
15.7199,132150,1321731546,2095,0,0,0
15.7299,132151,1321741546,2095,0,0,0
15.7397,132152,1321751546,2096,0,0,0
15.7499,132153,1321761546,2096,0,0,0
15.7603,132154,1321771546,2154,0,0,0
15.7698,132155,1321781546,2256,0,0,0
15.7804,132156,1321791546,2290,0,0,0
15.7899,132157,1321801546,2046,0,0,0
15.7997,132158,1321811546,1905,0,0,0
15.8099,132159,1321821546,2054,0,0,0
15.8198,132160,1321831546,2096,0,0,0
15.8297,132161,1321841546,2093,0,0,0
15.8406,132162,1321851546,2091,0,0,0
15.8502,132163,1321861546,2095,0,0,0
15.8598,132164,1321871546,2096,0,0,0
15.8697,132165,1321881546,2096,0,0,0
15.8798,132166,1321891546,2098,0,0,0
15.8905,132167,1321901546,2097,0,0,0
15.8997,132168,1321911546,2099,0,0,0
15.9097,132169,1321921546,2096,0,0,0
15.9204,132170,1321931546,2102,0,0,0
15.9305,132171,1321941546,2096,0,0,0
15.9399,132172,1321951546,2103,0,0,0
15.9499,132173,1321961546,2102,0,0,0
15.9600,132174,1321971546,2107,0,0,0
15.9704,132175,1321981546,2096,0,0,0
15.9798,132176,1321991546,2106,0,0,0
15.9900,132177,1322001546,2102,0,0,0
15.9999,132178,1322011546,2112,0,0,0
16.0097,132179,1322021546,2109,0,0,0
16.0205,132180,1322031546,2115,0,0,0
16.0297,132181,1322041546,2107,0,0,0
16.0400,132182,1322051546,2115,0,0,0
16.0505,132183,1322061546,2109,0,0,0
16.0597,132184,1322071546,2113,0,0,0
16.0703,132185,1322081546,2107,0,0,0
16.0798,132186,1322091546,2112,0,0,0
16.0905,132187,1322101546,2090,0,0,0
16.1002,132188,1322111546,2089,0,0,0
16.1097,132189,1322121546,2077,0,0,0
16.1203,132190,1322131546,2073,0,0,0
16.1304,132191,1322141546,2070,0,0,0
16.1398,132192,1322151546,2071,0,0,0
16.1504,132193,1322161546,2071,0,0,0
16.1599,132194,1322171546,2082,0,0,0
16.1701,132195,1322181546,2065,0,0,0
16.1804,132196,1322191546,2077,0,0,0
16.1897,132197,1322201546,2077,0,0,0
16.1997,132198,1322211546,2078,0,0,0
16.2098,132199,1322221546,2074,0,0,0
16.2200,132200,1322231546,2083,0,0,0
16.2298,132201,1322241546,2086,0,0,0
16.2398,132202,1322251546,2091,0,0,0
16.2497,132203,1322261546,2087,0,0,0
16.2597,132204,1322271546,2091,0,0,0
16.2699,132205,1322281546,2093,0,0,0
16.2804,132206,1322291546,2086,0,0,0
16.2897,132207,1322301546,2085,0,0,0
16.2998,132208,1322311546,2095,0,0,0
16.3104,132209,1322321546,2086,0,0,0
16.3201,132210,1322331546,2095,0,0,0
16.3298,132211,1322341546,2085,0,0,0
16.3404,132212,1322351546,2093,0,0,0
16.3498,132213,1322361546,2086,0,0,0
16.3600,132214,1322371546,2096,0,0,0
16.3698,132215,1322381546,2094,0,0,0
16.3799,132216,1322391546,2093,0,0,0
16.3910,132217,1322401546,2090,0,0,0
16.3999,132218,1322411546,2089,0,0,0
16.4098,132219,1322421546,2087,0,0,0
16.4202,132220,1322431546,2095,0,0,0
16.4299,132221,1322441546,2093,0,0,0
16.4404,132222,1322451546,2093,0,0,0
16.4500,132223,1322461546,2094,0,0,0
16.4598,132224,1322471546,2096,0,0,0
16.4698,132225,1322481546,2094,0,0,0
16.4798,132226,1322491546,2093,0,0,0
16.4904,132227,1322501546,2092,0,0,0
16.4997,132228,1322511546,2096,0,0,0
16.5100,132229,1322521546,2093,0,0,0
16.5197,132230,1322531546,2093,0,0,0
16.5299,132231,1322541546,2094,0,0,0
16.5404,132232,1322551546,2095,0,0,0
16.5499,132233,1322561546,2094,0,0,0
16.5597,132234,1322571546,2096,0,0,0
16.5700,132235,1322581546,2091,0,0,0
16.5799,132236,1322591546,2094,0,0,0
16.5900,132237,1322601546,2093,0,0,0
16.6002,132238,1322611546,2096,0,0,0
16.6097,132239,1322621546,2094,0,0,0
16.6198,132240,1322631546,2096,0,0,0
16.6298,132241,1322641546,2093,0,0,0
16.6398,132242,1322651546,2097,0,0,0
16.6510,132243,1322661546,2094,0,0,0
16.6597,132244,1322671546,2106,0,0,0
16.6699,132245,1322681546,2098,0,0,0
16.6799,132246,1322691546,2114,0,0,0
16.6899,132247,1322701546,2112,0,0,0
16.6999,132248,1322711546,2102,0,0,0
16.7097,132249,1322721546,2100,0,0,0
16.7200,132250,1322731546,2093,0,0,0
16.7297,132251,1322741546,2095,0,0,0
16.7397,132252,1322751546,2092,0,0,0
16.7500,132253,1322761546,2086,0,0,0
16.7598,132254,1322771546,2096,0,0,0
16.7699,132255,1322781546,2087,0,0,0
16.7799,132256,1322791546,2096,0,0,0
16.7900,132257,1322801546,2105,0,0,0
16.7999,132258,1322811546,2170,0,0,0
16.8100,132259,1322821546,2272,0,0,0
16.8197,132260,1322831546,2269,0,0,0
16.8297,132261,1322841546,2001,0,0,0
16.8398,132262,1322851546,1927,0,0,0
16.8497,132263,1322861546,2075,0,0,0
16.8598,132264,1322871546,2102,0,0,0
16.8699,132265,1322881546,2085,0,0,0
16.8797,132266,1322891546,2098,0,0,0
16.8897,132267,1322901546,2094,0,0,0
16.9000,132268,1322911546,2096,0,0,0
16.9098,132269,1322921546,2099,0,0,0
16.9200,132270,1322931546,2100,0,0,0
16.9298,132271,1322941546,2099,0,0,0
16.9405,132272,1322951546,2106,0,0,0
16.9497,132273,1322961546,2097,0,0,0
16.9600,132274,1322971546,2102,0,0,0
16.9699,132275,1322981546,2096,0,0,0
16.9797,132276,1322991546,2100,0,0,0
16.9901,132277,1323001546,2103,0,0,0
16.9998,132278,1323011546,2105,0,0,0
17.0097,132279,1323021546,2096,0,0,0
17.0198,132280,1323031546,2110,0,0,0
17.0300,132281,1323041546,2110,0,0,0
17.0398,132282,1323051546,2112,0,0,0
17.0498,132283,1323061546,2112,0,0,0
17.0614,132284,1323071546,2117,0,0,0
17.0701,132285,1323081546,2112,0,0,0
17.0800,132286,1323091546,2118,0,0,0
17.0901,132287,1323101546,2118,0,0,0
17.0998,132288,1323111546,2123,0,0,0
17.1098,132289,1323121546,2113,0,0,0
17.1197,132290,1323131546,2112,0,0,0
17.1297,132291,1323141546,2097,0,0,0
17.1398,132292,1323151546,2088,0,0,0
17.1498,132293,1323161546,2081,0,0,0
17.1597,132294,1323171546,2081,0,0,0
17.1699,132295,1323181546,2078,0,0,0
17.1800,132296,1323191546,2077,0,0,0
17.1902,132297,1323201546,2071,0,0,0
17.1998,132298,1323211546,2081,0,0,0
17.2098,132299,1323221546,2074,0,0,0
17.2197,132300,1323231546,2081,0,0,0
17.2296,132301,1323241546,2076,0,0,0
17.2397,132302,1323251546,2079,0,0,0
17.2497,132303,1323261546,2078,0,0,0
17.2604,132304,1323271546,2089,0,0,0
17.2702,132305,1323281546,2089,0,0,0
17.2797,132306,1323291546,2093,0,0,0
17.2904,132307,1323301546,2089,0,0,0
17.2997,132308,1323311546,2093,0,0,0
17.3100,132309,1323321546,2091,0,0,0
17.3198,132310,1323331546,2091,0,0,0
17.3302,132311,1323341546,2090,0,0,0
17.3398,132312,1323351546,2093,0,0,0
17.3499,132313,1323361546,2086,0,0,0
17.3598,132314,1323371546,2096,0,0,0
17.3698,132315,1323381546,2085,0,0,0
17.3798,132316,1323391546,2084,0,0,0
17.3899,132317,1323401546,2096,0,0,0
17.3998,132318,1323411546,2087,0,0,0
17.4097,132319,1323421546,2089,0,0,0
17.4204,132320,1323431546,2096,0,0,0
17.4298,132321,1323441546,2096,0,0,0
17.4404,132322,1323451546,2089,0,0,0
17.4499,132323,1323461546,2091,0,0,0
17.4597,132324,1323471546,2093,0,0,0
17.4704,132325,1323481546,2090,0,0,0
17.4797,132326,1323491546,2093,0,0,0
17.4897,132327,1323501546,2092,0,0,0
17.4997,132328,1323511546,2085,0,0,0
17.5096,132329,1323521546,2095,0,0,0
17.5197,132330,1323531546,2092,0,0,0
17.5298,132331,1323541546,2090,0,0,0
17.5397,132332,1323551546,2095,0,0,0
17.5496,132333,1323561546,2091,0,0,0
17.5597,132334,1323571546,2089,0,0,0
17.5697,132335,1323581546,2091,0,0,0
17.5796,132336,1323591546,2090,0,0,0
17.5900,132337,1323601546,2091,0,0,0
17.5999,132338,1323611546,2096,0,0,0
17.6104,132339,1323621546,2085,0,0,0
17.6198,132340,1323631546,2096,0,0,0
17.6297,132341,1323641546,2096,0,0,0
17.6411,132342,1323651546,2091,0,0,0
17.6500,132343,1323661546,2089,0,0,0
17.6597,132344,1323671546,2098,0,0,0
17.6697,132345,1323681546,2097,0,0,0
17.6798,132346,1323691546,2103,0,0,0
17.6906,132347,1323701546,2106,0,0,0
17.6998,132348,1323711546,2109,0,0,0
17.7098,132349,1323721546,2103,0,0,0
17.7205,132350,1323731546,2098,0,0,0
17.7304,132351,1323741546,2090,0,0,0
17.7398,132352,1323751546,2096,0,0,0
17.7498,132353,1323761546,2089,0,0,0
17.7600,132354,1323771546,2095,0,0,0
17.7699,132355,1323781546,2090,0,0,0
17.7804,132356,1323791546,2096,0,0,0
17.7898,132357,1323801546,2095,0,0,0
17.7999,132358,1323811546,2101,0,0,0
17.8098,132359,1323821546,2112,0,0,0
17.8198,132360,1323831546,2199,0,0,0
17.8303,132361,1323841546,2276,0,0,0
17.8401,132362,1323851546,2192,0,0,0
17.8497,132363,1323861546,1926,0,0,0
17.8599,132364,1323871546,1974,0,0,0
17.8697,132365,1323881546,2089,0,0,0
17.8801,132366,1323891546,2093,0,0,0
17.8917,132367,1323901546,2093,0,0,0
17.8997,132368,1323911546,2087,0,0,0
17.9099,132369,1323921546,2095,0,0,0
17.9198,132370,1323931546,2102,0,0,0
17.9298,132371,1323941546,2096,0,0,0
17.9399,132372,1323951546,2087,0,0,0
17.9499,132373,1323961546,2098,0,0,0
17.9604,132374,1323971546,2096,0,0,0
17.9698,132375,1323981546,2098,0,0,0
17.9799,132376,1323991546,2105,0,0,0
17.9900,132377,1324001546,2097,0,0,0
17.9998,132378,1324011546,2096,0,0,0
18.0099,132379,1324021546,2096,0,0,0
18.0200,132380,1324031546,2103,0,0,0
18.0299,132381,1324041546,2103,0,0,0
18.0400,132382,1324051546,2103,0,0,0
18.0497,132383,1324061546,2099,0,0,0
18.0602,132384,1324071546,2106,0,0,0
18.0698,132385,1324081546,2113,0,0,0
18.0804,132386,1324091546,2114,0,0,0
18.0898,132387,1324101546,2115,0,0,0
18.0998,132388,1324111546,2112,0,0,0
18.1102,132389,1324121546,2109,0,0,0
18.1198,132390,1324131546,2111,0,0,0
18.1298,132391,1324141546,2107,0,0,0
18.1402,132392,1324151546,2100,0,0,0
18.1499,132393,1324161546,2093,0,0,0
18.1598,132394,1324171546,2079,0,0,0
18.1702,132395,1324181546,2080,0,0,0
18.1798,132396,1324191546,2075,0,0,0
18.1899,132397,1324201546,2067,0,0,0
18.2003,132398,1324211546,2073,0,0,0
18.2097,132399,1324221546,2070,0,0,0
18.2199,132400,1324231546,2079,0,0,0
18.2297,132401,1324241546,2075,0,0,0
18.2399,132402,1324251546,2079,0,0,0
18.2505,132403,1324261546,2085,0,0,0
18.2598,132404,1324271546,2081,0,0,0
18.2705,132405,1324281546,2081,0,0,0
18.2798,132406,1324291546,2081,0,0,0
18.2898,132407,1324301546,2083,0,0,0
18.2997,132408,1324311546,2085,0,0,0
18.3099,132409,1324321546,2086,0,0,0
18.3205,132410,1324331546,2095,0,0,0
18.3297,132411,1324341546,2083,0,0,0
18.3403,132412,1324351546,2093,0,0,0
18.3498,132413,1324361546,2087,0,0,0
18.3597,132414,1324371546,2090,0,0,0
18.3698,132415,1324381546,2089,0,0,0
18.3796,132416,1324391546,2091,0,0,0
18.3901,132417,1324401546,2087,0,0,0
18.3999,132418,1324411546,2087,0,0,0
18.4097,132419,1324421546,2085,0,0,0
18.4197,132420,1324431546,2087,0,0,0
18.4299,132421,1324441546,2089,0,0,0
18.4400,132422,1324451546,2085,0,0,0
18.4500,132423,1324461546,2091,0,0,0
18.4597,132424,1324471546,2084,0,0,0
18.4701,132425,1324481546,2087,0,0,0
18.4798,132426,1324491546,2089,0,0,0
18.4898,132427,1324501546,2091,0,0,0
18.5000,132428,1324511546,2091,0,0,0
18.5098,132429,1324521546,2088,0,0,0
18.5200,132430,1324531546,2096,0,0,0
18.5298,132431,1324541546,2087,0,0,0
18.5396,132432,1324551546,2094,0,0,0
18.5502,132433,1324561546,2091,0,0,0
18.5597,132434,1324571546,2093,0,0,0
18.5703,132435,1324581546,2090,0,0,0
18.5798,132436,1324591546,2094,0,0,0
18.5904,132437,1324601546,2085,0,0,0
18.5998,132438,1324611546,2093,0,0,0
18.6098,132439,1324621546,2109,0,0,0
18.6205,132440,1324631546,2106,0,0,0
18.6298,132441,1324641546,2099,0,0,0
18.6401,132442,1324651546,2102,0,0,0
18.6505,132443,1324661546,2098,0,0,0
18.6598,132444,1324671546,2106,0,0,0
18.6702,132445,1324681546,2111,0,0,0
18.6798,132446,1324691546,2108,0,0,0
18.6909,132447,1324701546,2118,0,0,0
18.7011,132448,1324711546,2111,0,0,0
18.7097,132449,1324721546,2109,0,0,0
18.7199,132450,1324731546,2102,0,0,0
18.7301,132451,1324741546,2091,0,0,0
18.7397,132452,1324751546,2096,0,0,0
18.7499,132453,1324761546,2096,0,0,0
18.7603,132454,1324771546,2102,0,0,0
18.7698,132455,1324781546,2103,0,0,0
18.7802,132456,1324791546,2106,0,0,0
18.7904,132457,1324801546,2109,0,0,0
18.7999,132458,1324811546,2149,0,0,0
18.8098,132459,1324821546,2255,0,0,0
18.8205,132460,1324831546,2288,0,0,0
18.8298,132461,1324841546,2119,0,0,0
18.8409,132462,1324851546,1909,0,0,0
18.8498,132463,1324861546,2023,0,0,0
18.8598,132464,1324871546,2101,0,0,0
18.8697,132465,1324881546,2107,0,0,0
18.8806,132466,1324891546,2099,0,0,0
18.8897,132467,1324901546,2106,0,0,0
18.8998,132468,1324911546,2101,0,0,0
18.9097,132469,1324921546,2103,0,0,0
18.9201,132470,1324931546,2101,0,0,0
18.9298,132471,1324941546,2112,0,0,0
18.9399,132472,1324951546,2107,0,0,0
18.9501,132473,1324961546,2115,0,0,0
18.9598,132474,1324971546,2114,0,0,0
18.9698,132475,1324981546,2112,0,0,0
18.9799,132476,1324991546,2115,0,0,0
18.9897,132477,1325001546,2109,0,0,0
19.0003,132478,1325011546,2112,0,0,0
19.0097,132479,1325021546,2114,0,0,0
19.0198,132480,1325031546,2117,0,0,0
19.0300,132481,1325041546,2115,0,0,0
19.0402,132482,1325051546,2115,0,0,0
19.0499,132483,1325061546,2121,0,0,0
19.0598,132484,1325071546,2123,0,0,0
19.0698,132485,1325081546,2129,0,0,0
19.0797,132486,1325091546,2126,0,0,0
19.0899,132487,1325101546,2128,0,0,0
19.0999,132488,1325111546,2123,0,0,0
19.1100,132489,1325121546,2123,0,0,0
19.1198,132490,1325131546,2117,0,0,0
19.1308,132491,1325141546,2112,0,0,0
19.1402,132492,1325151546,2106,0,0,0
19.1496,132493,1325161546,2087,0,0,0
19.1603,132494,1325171546,2087,0,0,0
19.1698,132495,1325181546,2085,0,0,0
19.1800,132496,1325191546,2083,0,0,0
19.1899,132497,1325201546,2086,0,0,0
19.1998,132498,1325211546,2087,0,0,0
19.2099,132499,1325221546,2085,0,0,0
19.2197,132500,1325231546,2087,0,0,0
19.2297,132501,1325241546,2091,0,0,0
19.2397,132502,1325251546,2090,0,0,0
19.2496,132503,1325261546,2096,0,0,0
19.2596,132504,1325271546,2102,0,0,0
19.2699,132505,1325281546,2107,0,0,0
19.2797,132506,1325291546,2101,0,0,0
19.2900,132507,1325301546,2106,0,0,0
19.2999,132508,1325311546,2106,0,0,0
19.3098,132509,1325321546,2099,0,0,0
19.3201,132510,1325331546,2096,0,0,0
19.3296,132511,1325341546,2097,0,0,0
19.3401,132512,1325351546,2096,0,0,0
19.3499,132513,1325361546,2098,0,0,0
19.3599,132514,1325371546,2095,0,0,0
19.3698,132515,1325381546,2099,0,0,0
19.3798,132516,1325391546,2098,0,0,0
19.3899,132517,1325401546,2093,0,0,0
19.3997,132518,1325411546,2096,0,0,0
19.4108,132519,1325421546,2101,0,0,0
19.4198,132520,1325431546,2096,0,0,0
19.4296,132521,1325441546,2103,0,0,0
19.4411,132522,1325451546,2097,0,0,0
19.4498,132523,1325461546,2101,0,0,0
19.4598,132524,1325471546,2097,0,0,0
19.4698,132525,1325481546,2095,0,0,0
19.4801,132526,1325491546,2096,0,0,0
19.4902,132527,1325501546,2097,0,0,0
19.4997,132528,1325511546,2095,0,0,0
19.5105,132529,1325521546,2096,0,0,0
19.5200,132530,1325531546,2099,0,0,0
19.5298,132531,1325541546,2103,0,0,0
19.5399,132532,1325551546,2101,0,0,0
19.5502,132533,1325561546,2101,0,0,0
19.5599,132534,1325571546,2103,0,0,0
19.5704,132535,1325581546,2102,0,0,0
19.5799,132536,1325591546,2105,0,0,0
19.5901,132537,1325601546,2103,0,0,0
19.6001,132538,1325611546,2101,0,0,0
19.6098,132539,1325621546,2102,0,0,0
19.6202,132540,1325631546,2098,0,0,0
19.6302,132541,1325641546,2109,0,0,0
19.6399,132542,1325651546,2099,0,0,0
19.6498,132543,1325661546,2098,0,0,0
19.6596,132544,1325671546,2107,0,0,0
19.6697,132545,1325681546,2117,0,0,0
19.6803,132546,1325691546,2118,0,0,0
19.6897,132547,1325701546,2114,0,0,0
19.6998,132548,1325711546,2110,0,0,0
19.7096,132549,1325721546,2111,0,0,0
19.7196,132550,1325731546,2099,0,0,0
19.7297,132551,1325741546,2105,0,0,0
19.7396,132552,1325751546,2096,0,0,0
19.7495,132553,1325761546,2106,0,0,0
19.7597,132554,1325771546,2096,0,0,0
19.7696,132555,1325781546,2096,0,0,0
19.7796,132556,1325791546,2096,0,0,0
19.7897,132557,1325801546,2110,0,0,0
19.7998,132558,1325811546,2174,0,0,0
19.8096,132559,1325821546,2288,0,0,0
19.8197,132560,1325831546,2285,0,0,0
19.8295,132561,1325841546,2042,0,0,0
19.8402,132562,1325851546,1923,0,0,0
19.8503,132563,1325861546,2075,0,0,0
19.8596,132564,1325871546,2093,0,0,0
19.8698,132565,1325881546,2108,0,0,0
19.8800,132566,1325891546,2097,0,0,0
19.8898,132567,1325901546,2099,0,0,0
19.8997,132568,1325911546,2101,0,0,0
19.9097,132569,1325921546,2113,0,0,0
19.9203,132570,1325931546,2100,0,0,0
19.9295,132571,1325941546,2112,0,0,0
19.9401,132572,1325951546,2106,0,0,0
19.9497,132573,1325961546,2111,0,0,0
19.9597,132574,1325971546,2111,0,0,0
19.9703,132575,1325981546,2117,0,0,0
19.9797,132576,1325991546,2113,0,0,0
19.9900,132577,1326001546,2112,0,0,0
19.9998,132578,1326011546,2107,0,0,0
20.0097,132579,1326021546,2114,0,0,0
20.0205,132580,1326031546,2112,0,0,0
20.0297,132581,1326041546,2115,0,0,0
20.0410,132582,1326051546,2117,0,0,0
20.0497,132583,1326061546,2128,0,0,0
20.0597,132584,1326071546,2121,0,0,0
20.0696,132585,1326081546,2122,0,0,0
20.0799,132586,1326091546,2119,0,0,0
20.0910,132587,1326101546,2118,0,0,0
20.0997,132588,1326111546,2113,0,0,0
20.1105,132589,1326121546,2124,0,0,0
20.1204,132590,1326131546,2112,0,0,0
20.1298,132591,1326141546,2103,0,0,0
20.1397,132592,1326151546,2100,0,0,0
20.1500,132593,1326161546,2095,0,0,0
20.1598,132594,1326171546,2093,0,0,0
20.1705,132595,1326181546,2079,0,0,0
20.1841,132596,1326191546,2078,0,0,0
20.1944,132597,1326201546,2086,0,0,0
20.2025,132598,1326211546,2085,0,0,0
20.2096,132599,1326221546,2083,0,0,0
20.2196,132600,1326231546,2083,0,0,0
20.2296,132601,1326241546,2089,0,0,0
20.2397,132602,1326251546,2087,0,0,0
20.2504,132603,1326261546,2086,0,0,0
20.2599,132604,1326271546,2082,0,0,0
20.2698,132605,1326281546,2096,0,0,0
20.2796,132606,1326291546,2095,0,0,0
20.2897,132607,1326301546,2097,0,0,0
20.2995,132608,1326311546,2095,0,0,0
20.3095,132609,1326321546,2097,0,0,0
20.3197,132610,1326331546,2101,0,0,0
20.3305,132611,1326341546,2102,0,0,0
20.3395,132612,1326351546,2098,0,0,0
20.3495,132613,1326361546,2093,0,0,0
20.3596,132614,1326371546,2094,0,0,0
20.3695,132615,1326381546,2096,0,0,0
20.3797,132616,1326391546,2102,0,0,0
20.3896,132617,1326401546,2093,0,0,0
20.3996,132618,1326411546,2095,0,0,0
20.4096,132619,1326421546,2096,0,0,0
20.4196,132620,1326431546,2096,0,0,0
20.4295,132621,1326441546,2099,0,0,0
20.4396,132622,1326451546,2114,0,0,0
20.4513,132623,1326461546,2098,0,0,0
20.4596,132624,1326471546,2096,0,0,0
20.4696,132625,1326481546,2108,0,0,0
20.4796,132626,1326491546,2096,0,0,0
20.4896,132627,1326501546,2096,0,0,0
20.4997,132628,1326511546,2099,0,0,0
20.5100,132629,1326521546,2101,0,0,0
20.5197,132630,1326531546,2098,0,0,0
20.5296,132631,1326541546,2101,0,0,0
20.5397,132632,1326551546,2099,0,0,0
20.5496,132633,1326561546,2106,0,0,0
20.5597,132634,1326571546,2099,0,0,0
20.5697,132635,1326581546,2107,0,0,0
20.5797,132636,1326591546,2103,0,0,0
20.5896,132637,1326601546,2103,0,0,0
20.5997,132638,1326611546,2097,0,0,0
20.6097,132639,1326621546,2101,0,0,0
20.6197,132640,1326631546,2101,0,0,0
20.6296,132641,1326641546,2103,0,0,0
20.6397,132642,1326651546,2109,0,0,0
20.6497,132643,1326661546,2103,0,0,0
20.6597,132644,1326671546,2102,0,0,0
20.6697,132645,1326681546,2107,0,0,0
20.6798,132646,1326691546,2103,0,0,0
20.6898,132647,1326701546,2114,0,0,0
20.6998,132648,1326711546,2122,0,0,0
20.7096,132649,1326721546,2115,0,0,0
20.7197,132650,1326731546,2107,0,0,0
20.7297,132651,1326741546,2109,0,0,0
20.7398,132652,1326751546,2098,0,0,0
20.7497,132653,1326761546,2100,0,0,0
20.7596,132654,1326771546,2100,0,0,0
20.7698,132655,1326781546,2111,0,0,0
20.7797,132656,1326791546,2098,0,0,0
20.7897,132657,1326801546,2106,0,0,0
20.7997,132658,1326811546,2106,0,0,0
20.8096,132659,1326821546,2155,0,0,0
20.8197,132660,1326831546,2275,0,0,0
20.8297,132661,1326841546,2295,0,0,0
20.8400,132662,1326851546,2079,0,0,0
20.8496,132663,1326861546,1927,0,0,0
20.8597,132664,1326871546,2061,0,0,0
20.8697,132665,1326881546,2102,0,0,0
20.8796,132666,1326891546,2096,0,0,0
20.8898,132667,1326901546,2106,0,0,0
20.8996,132668,1326911546,2106,0,0,0
20.9095,132669,1326921546,2110,0,0,0
20.9196,132670,1326931546,2107,0,0,0
20.9297,132671,1326941546,2109,0,0,0
20.9396,132672,1326951546,2089,0,0,0
20.9497,132673,1326961546,2096,0,0,0
20.9597,132674,1326971546,2085,0,0,0
20.9696,132675,1326981546,2090,0,0,0
20.9797,132676,1326991546,2082,0,0,0
20.9897,132677,1327001546,2112,0,0,0
20.9997,132678,1327011546,2098,0,0,0
21.0096,132679,1327021546,2105,0,0,0
21.0196,132680,1327031546,2105,0,0,0
21.0295,132681,1327041546,2114,0,0,0
21.0397,132682,1327051546,2103,0,0,0
21.0496,132683,1327061546,2095,0,0,0
21.0596,132684,1327071546,2094,0,0,0
21.0696,132685,1327081546,2110,0,0,0
21.0797,132686,1327091546,2112,0,0,0
21.0896,132687,1327101546,2099,0,0,0
21.0996,132688,1327111546,2112,0,0,0
21.1097,132689,1327121546,2097,0,0,0
21.1197,132690,1327131546,2122,0,0,0
21.1297,132691,1327141546,2096,0,0,0
21.1397,132692,1327151546,2100,0,0,0
21.1496,132693,1327161546,2096,0,0,0
21.1596,132694,1327171546,2096,0,0,0
21.1695,132695,1327181546,2069,0,0,0
21.1795,132696,1327191546,2067,0,0,0
21.1896,132697,1327201546,2085,0,0,0
21.1996,132698,1327211546,2081,0,0,0
21.2096,132699,1327221546,2090,0,0,0
21.2195,132700,1327231546,2080,0,0,0
21.2297,132701,1327241546,2094,0,0,0
21.2395,132702,1327251546,2082,0,0,0
21.2497,132703,1327261546,2097,0,0,0
21.2596,132704,1327271546,2094,0,0,0
21.2697,132705,1327281546,2101,0,0,0
21.2797,132706,1327291546,2095,0,0,0
21.2897,132707,1327301546,2106,0,0,0
21.2997,132708,1327311546,2097,0,0,0
21.3097,132709,1327321546,2103,0,0,0
21.3196,132710,1327331546,2096,0,0,0
21.3296,132711,1327341546,2096,0,0,0
21.3398,132712,1327351546,2093,0,0,0
21.3496,132713,1327361546,2097,0,0,0
21.3596,132714,1327371546,2096,0,0,0
21.3697,132715,1327381546,2103,0,0,0
21.3795,132716,1327391546,2093,0,0,0
21.3897,132717,1327401546,2098,0,0,0
21.3995,132718,1327411546,2099,0,0,0
21.4097,132719,1327421546,2106,0,0,0
21.4196,132720,1327431546,2097,0,0,0
21.4296,132721,1327441546,2098,0,0,0
21.4395,132722,1327451546,2099,0,0,0
21.4496,132723,1327461546,2107,0,0,0
21.4596,132724,1327471546,2095,0,0,0
21.4696,132725,1327481546,2102,0,0,0
21.4798,132726,1327491546,2103,0,0,0
21.4897,132727,1327501546,2098,0,0,0
21.4998,132728,1327511546,2097,0,0,0
21.5097,132729,1327521546,2107,0,0,0
21.5198,132730,1327531546,2101,0,0,0
21.5297,132731,1327541546,2107,0,0,0
21.5397,132732,1327551546,2100,0,0,0
21.5497,132733,1327561546,2101,0,0,0
21.5597,132734,1327571546,2101,0,0,0
21.5697,132735,1327581546,2113,0,0,0
21.5797,132736,1327591546,2096,0,0,0
21.5897,132737,1327601546,2103,0,0,0
21.5997,132738,1327611546,2100,0,0,0
21.6097,132739,1327621546,2110,0,0,0
21.6196,132740,1327631546,2102,0,0,0
21.6296,132741,1327641546,2111,0,0,0
21.6396,132742,1327651546,2099,0,0,0
21.6497,132743,1327661546,2109,0,0,0
21.6597,132744,1327671546,2101,0,0,0
21.6697,132745,1327681546,2115,0,0,0
21.6796,132746,1327691546,2107,0,0,0
21.6896,132747,1327701546,2114,0,0,0
21.6998,132748,1327711546,2119,0,0,0
21.7097,132749,1327721546,2113,0,0,0
21.7196,132750,1327731546,2101,0,0,0
21.7298,132751,1327741546,2099,0,0,0
21.7398,132752,1327751546,2080,0,0,0
21.7496,132753,1327761546,2098,0,0,0
21.7597,132754,1327771546,2086,0,0,0
21.7696,132755,1327781546,2096,0,0,0
21.7796,132756,1327791546,2091,0,0,0
21.7900,132757,1327801546,2105,0,0,0
21.7996,132758,1327811546,2129,0,0,0
21.8097,132759,1327821546,2238,0,0,0
21.8198,132760,1327831546,2279,0,0,0
21.8297,132761,1327841546,2123,0,0,0
21.8398,132762,1327851546,1916,0,0,0
21.8496,132763,1327861546,2032,0,0,0
21.8596,132764,1327871546,2097,0,0,0
21.8696,132765,1327881546,2098,0,0,0
21.8797,132766,1327891546,2103,0,0,0
21.8898,132767,1327901546,2102,0,0,0
21.8997,132768,1327911546,2107,0,0,0
21.9098,132769,1327921546,2116,0,0,0
21.9196,132770,1327931546,2105,0,0,0
21.9295,132771,1327941546,2110,0,0,0
21.9396,132772,1327951546,2110,0,0,0
21.9496,132773,1327961546,2113,0,0,0
21.9596,132774,1327971546,2116,0,0,0
21.9696,132775,1327981546,2114,0,0,0
21.9796,132776,1327991546,2110,0,0,0
21.9896,132777,1328001546,2121,0,0,0
21.9996,132778,1328011546,2115,0,0,0
22.0096,132779,1328021546,2112,0,0,0
22.0196,132780,1328031546,2119,0,0,0
22.0297,132781,1328041546,2113,0,0,0
22.0400,132782,1328051546,2113,0,0,0
22.0497,132783,1328061546,2126,0,0,0
22.0597,132784,1328071546,2117,0,0,0
22.0697,132785,1328081546,2129,0,0,0
22.0797,132786,1328091546,2128,0,0,0
22.0899,132787,1328101546,2129,0,0,0
22.0996,132788,1328111546,2125,0,0,0
22.1097,132789,1328121546,2131,0,0,0
22.1197,132790,1328131546,2122,0,0,0
22.1297,132791,1328141546,2124,0,0,0
22.1400,132792,1328151546,2112,0,0,0
22.1498,132793,1328161546,2101,0,0,0
22.1596,132794,1328171546,2092,0,0,0
22.1696,132795,1328181546,2093,0,0,0
22.1797,132796,1328191546,2083,0,0,0
22.1897,132797,1328201546,2096,0,0,0
22.1998,132798,1328211546,2093,0,0,0
22.2097,132799,1328221546,2097,0,0,0
22.2196,132800,1328231546,2094,0,0,0
22.2296,132801,1328241546,2099,0,0,0
22.2398,132802,1328251546,2090,0,0,0
22.2497,132803,1328261546,2096,0,0,0
22.2598,132804,1328271546,2089,0,0,0
22.2696,132805,1328281546,2096,0,0,0
22.2797,132806,1328291546,2098,0,0,0
22.2900,132807,1328301546,2106,0,0,0
22.2997,132808,1328311546,2097,0,0,0
22.3096,132809,1328321546,2100,0,0,0
22.3197,132810,1328331546,2101,0,0,0
22.3297,132811,1328341546,2103,0,0,0
22.3398,132812,1328351546,2109,0,0,0
22.3504,132813,1328361546,2102,0,0,0
22.3597,132814,1328371546,2101,0,0,0
22.3696,132815,1328381546,2102,0,0,0
22.3798,132816,1328391546,2098,0,0,0
22.3899,132817,1328401546,2106,0,0,0
22.3995,132818,1328411546,2096,0,0,0
22.4097,132819,1328421546,2110,0,0,0
22.4196,132820,1328431546,2103,0,0,0
22.4296,132821,1328441546,2108,0,0,0
22.4399,132822,1328451546,2100,0,0,0
22.4497,132823,1328461546,2105,0,0,0
22.4597,132824,1328471546,2104,0,0,0
22.4696,132825,1328481546,2103,0,0,0
22.4797,132826,1328491546,2100,0,0,0
22.4895,132827,1328501546,2106,0,0,0
22.4998,132828,1328511546,2103,0,0,0
22.5097,132829,1328521546,2103,0,0,0
22.5196,132830,1328531546,2102,0,0,0
22.5296,132831,1328541546,2105,0,0,0
22.5395,132832,1328551546,2097,0,0,0
22.5497,132833,1328561546,2110,0,0,0
22.5596,132834,1328571546,2101,0,0,0
22.5697,132835,1328581546,2100,0,0,0
22.5795,132836,1328591546,2102,0,0,0
22.5896,132837,1328601546,2112,0,0,0
22.5997,132838,1328611546,2107,0,0,0
22.6097,132839,1328621546,2105,0,0,0
22.6195,132840,1328631546,2103,0,0,0
22.6296,132841,1328641546,2112,0,0,0
22.6398,132842,1328651546,2113,0,0,0
22.6497,132843,1328661546,2108,0,0,0
22.6595,132844,1328671546,2110,0,0,0
22.6697,132845,1328681546,2117,0,0,0
22.6796,132846,1328691546,2112,0,0,0
22.6899,132847,1328701546,2105,0,0,0
22.6997,132848,1328711546,2099,0,0,0
22.7096,132849,1328721546,2107,0,0,0
22.7195,132850,1328731546,2097,0,0,0
22.7295,132851,1328741546,2106,0,0,0
22.7396,132852,1328751546,2100,0,0,0
22.7496,132853,1328761546,2103,0,0,0
22.7607,132854,1328771546,2108,0,0,0
22.7696,132855,1328781546,2112,0,0,0
22.7797,132856,1328791546,2144,0,0,0
22.7897,132857,1328801546,2249,0,0,0
22.8001,132858,1328811546,2299,0,0,0
22.8101,132859,1328821546,2136,0,0,0
22.8197,132860,1328831546,1921,0,0,0
22.8296,132861,1328841546,2031,0,0,0
22.8402,132862,1328851546,2097,0,0,0
22.8503,132863,1328861546,2107,0,0,0
22.8596,132864,1328871546,2097,0,0,0
22.8698,132865,1328881546,2106,0,0,0
22.8798,132866,1328891546,2108,0,0,0
22.8896,132867,1328901546,2100,0,0,0
22.9004,132868,1328911546,2112,0,0,0
22.9097,132869,1328921546,2110,0,0,0
22.9196,132870,1328931546,2107,0,0,0
22.9305,132871,1328941546,2110,0,0,0
22.9405,132872,1328951546,2106,0,0,0
22.9500,132873,1328961546,2111,0,0,0
22.9596,132874,1328971546,2113,0,0,0
22.9698,132875,1328981546,2113,0,0,0
22.9799,132876,1328991546,2112,0,0,0
22.9900,132877,1329001546,2117,0,0,0
22.9996,132878,1329011546,2112,0,0,0
23.0097,132879,1329021546,2119,0,0,0
23.0197,132880,1329031546,2114,0,0,0
23.0300,132881,1329041546,2125,0,0,0
23.0399,132882,1329051546,2120,0,0,0
23.0498,132883,1329061546,2125,0,0,0
23.0597,132884,1329071546,2125,0,0,0
23.0698,132885,1329081546,2123,0,0,0
23.0800,132886,1329091546,2121,0,0,0
23.0899,132887,1329101546,2127,0,0,0
23.0997,132888,1329111546,2116,0,0,0
23.1099,132889,1329121546,2112,0,0,0
23.1197,132890,1329131546,2096,0,0,0
23.1297,132891,1329141546,2092,0,0,0
23.1399,132892,1329151546,2087,0,0,0
23.1497,132893,1329161546,2094,0,0,0
23.1597,132894,1329171546,2083,0,0,0
23.1698,132895,1329181546,2086,0,0,0
23.1797,132896,1329191546,2089,0,0,0
23.1899,132897,1329201546,2081,0,0,0
23.1998,132898,1329211546,2087,0,0,0
23.2097,132899,1329221546,2087,0,0,0
23.2202,132900,1329231546,2096,0,0,0
23.2297,132901,1329241546,2097,0,0,0
23.2398,132902,1329251546,2099,0,0,0
23.2498,132903,1329261546,2096,0,0,0
23.2596,132904,1329271546,2096,0,0,0
23.2697,132905,1329281546,2108,0,0,0
23.2797,132906,1329291546,2103,0,0,0
23.2897,132907,1329301546,2101,0,0,0
23.2996,132908,1329311546,2098,0,0,0
23.3097,132909,1329321546,2101,0,0,0
23.3203,132910,1329331546,2096,0,0,0
23.3296,132911,1329341546,2095,0,0,0
23.3399,132912,1329351546,2098,0,0,0
23.3503,132913,1329361546,2083,0,0,0
23.3596,132914,1329371546,2093,0,0,0
23.3697,132915,1329381546,2096,0,0,0
23.3797,132916,1329391546,2082,0,0,0
23.3899,132917,1329401546,2095,0,0,0
23.3998,132918,1329411546,2096,0,0,0
23.4096,132919,1329421546,2103,0,0,0
23.4197,132920,1329431546,2103,0,0,0
23.4298,132921,1329441546,2108,0,0,0
23.4402,132922,1329451546,2099,0,0,0
23.4498,132923,1329461546,2103,0,0,0
23.4601,132924,1329471546,2095,0,0,0
23.4697,132925,1329481546,2097,0,0,0
23.4797,132926,1329491546,2105,0,0,0
23.4899,132927,1329501546,2102,0,0,0
23.4997,132928,1329511546,2110,0,0,0
23.5102,132929,1329521546,2103,0,0,0
23.5197,132930,1329531546,2103,0,0,0
23.5297,132931,1329541546,2101,0,0,0
23.5402,132932,1329551546,2110,0,0,0
23.5497,132933,1329561546,2099,0,0,0
23.5598,132934,1329571546,2105,0,0,0
23.5697,132935,1329581546,2112,0,0,0
23.5797,132936,1329591546,2105,0,0,0
23.5901,132937,1329601546,2108,0,0,0
23.6001,132938,1329611546,2106,0,0,0
23.6096,132939,1329621546,2102,0,0,0
23.6199,132940,1329631546,2099,0,0,0
23.6297,132941,1329641546,2118,0,0,0
23.6402,132942,1329651546,2114,0,0,0
23.6503,132943,1329661546,2115,0,0,0
23.6596,132944,1329671546,2118,0,0,0
23.6701,132945,1329681546,2110,0,0,0
23.6801,132946,1329691546,2113,0,0,0
23.6899,132947,1329701546,2105,0,0,0
23.6997,132948,1329711546,2095,0,0,0
23.7105,132949,1329721546,2096,0,0,0
23.7197,132950,1329731546,2105,0,0,0
23.7305,132951,1329741546,2106,0,0,0
23.7403,132952,1329751546,2108,0,0,0
23.7497,132953,1329761546,2109,0,0,0
23.7597,132954,1329771546,2128,0,0,0
23.7705,132955,1329781546,2202,0,0,0
23.7799,132956,1329791546,2302,0,0,0
23.7902,132957,1329801546,2243,0,0,0
23.7997,132958,1329811546,1981,0,0,0
23.8099,132959,1329821546,1971,0,0,0
23.8197,132960,1329831546,2093,0,0,0
23.8305,132961,1329841546,2111,0,0,0
23.8399,132962,1329851546,2106,0,0,0
23.8497,132963,1329861546,2103,0,0,0
23.8606,132964,1329871546,2104,0,0,0
23.8697,132965,1329881546,2110,0,0,0
23.8798,132966,1329891546,2111,0,0,0
23.8905,132967,1329901546,2112,0,0,0
23.8997,132968,1329911546,2110,0,0,0
23.9098,132969,1329921546,2109,0,0,0
23.9205,132970,1329931546,2109,0,0,0
23.9304,132971,1329941546,2112,0,0,0
23.9399,132972,1329951546,2113,0,0,0
23.9498,132973,1329961546,2112,0,0,0
23.9598,132974,1329971546,2118,0,0,0
23.9697,132975,1329981546,2113,0,0,0
23.9807,132976,1329991546,2114,0,0,0
23.9904,132977,1330001546,2114,0,0,0
23.9999,132978,1330011546,2115,0,0,0
24.0100,132979,1330021546,2119,0,0,0
24.0197,132980,1330031546,2125,0,0,0
24.0298,132981,1330041546,2125,0,0,0
24.0403,132982,1330051546,2115,0,0,0
24.0498,132983,1330061546,2122,0,0,0
24.0596,132984,1330071546,2125,0,0,0
24.0698,132985,1330081546,2121,0,0,0
24.0797,132986,1330091546,2119,0,0,0
24.0899,132987,1330101546,2114,0,0,0
24.0997,132988,1330111546,2101,0,0,0
24.1099,132989,1330121546,2106,0,0,0
24.1196,132990,1330131546,2096,0,0,0
24.1296,132991,1330141546,2089,0,0,0
24.1396,132992,1330151546,2087,0,0,0
24.1497,132993,1330161546,2091,0,0,0
24.1595,132994,1330171546,2087,0,0,0
24.1696,132995,1330181546,2083,0,0,0
24.1796,132996,1330191546,2093,0,0,0
24.1896,132997,1330201546,2082,0,0,0
24.1996,132998,1330211546,2096,0,0,0
24.2096,132999,1330221546,2096,0,0,0
24.2197,133000,1330231546,2102,0,0,0
24.2302,133001,1330241546,2099,0,0,0
24.2400,133002,1330251546,2097,0,0,0
24.2504,133003,1330261546,2098,0,0,0
24.2597,133004,1330271546,2105,0,0,0
24.2696,133005,1330281546,2106,0,0,0
24.2797,133006,1330291546,2093,0,0,0
24.2898,133007,1330301546,2096,0,0,0
24.2999,133008,1330311546,2096,0,0,0
24.3096,133009,1330321546,2096,0,0,0
24.3203,133010,1330331546,2096,0,0,0
24.3297,133011,1330341546,2097,0,0,0
24.3402,133012,1330351546,2098,0,0,0
24.3498,133013,1330361546,2100,0,0,0
24.3598,133014,1330371546,2099,0,0,0
24.3700,133015,1330381546,2101,0,0,0
24.3798,133016,1330391546,2097,0,0,0
24.3897,133017,1330401546,2104,0,0,0
24.4002,133018,1330411546,2098,0,0,0
24.4101,133019,1330421546,2107,0,0,0
24.4198,133020,1330431546,2102,0,0,0
24.4298,133021,1330441546,2107,0,0,0
24.4400,133022,1330451546,2107,0,0,0
24.4497,133023,1330461546,2101,0,0,0
24.4598,133024,1330471546,2111,0,0,0
24.4699,133025,1330481546,2103,0,0,0
24.4798,133026,1330491546,2106,0,0,0
24.4905,133027,1330501546,2105,0,0,0
24.4997,133028,1330511546,2098,0,0,0
24.5097,133029,1330521546,2106,0,0,0
24.5197,133030,1330531546,2103,0,0,0
24.5299,133031,1330541546,2106,0,0,0
24.5398,133032,1330551546,2106,0,0,0
24.5498,133033,1330561546,2107,0,0,0
24.5601,133034,1330571546,2112,0,0,0
24.5698,133035,1330581546,2099,0,0,0
24.5797,133036,1330591546,2103,0,0,0
24.5902,133037,1330601546,2103,0,0,0
24.6003,133038,1330611546,2109,0,0,0
24.6097,133039,1330621546,2108,0,0,0
24.6198,133040,1330631546,2111,0,0,0
24.6297,133041,1330641546,2115,0,0,0
24.6400,133042,1330651546,2123,0,0,0
24.6499,133043,1330661546,2114,0,0,0
24.6598,133044,1330671546,2102,0,0,0
24.6698,133045,1330681546,2113,0,0,0
24.6803,133046,1330691546,2105,0,0,0
24.6898,133047,1330701546,2097,0,0,0
24.6997,133048,1330711546,2103,0,0,0
24.7097,133049,1330721546,2099,0,0,0
24.7196,133050,1330731546,2107,0,0,0
24.7299,133051,1330741546,2103,0,0,0
24.7397,133052,1330751546,2106,0,0,0
24.7504,133053,1330761546,2139,0,0,0
24.7597,133054,1330771546,2242,0,0,0
24.7697,133055,1330781546,2295,0,0,0
24.7800,133056,1330791546,2155,0,0,0
24.7901,133057,1330801546,1927,0,0,0
24.7998,133058,1330811546,2023,0,0,0
24.8097,133059,1330821546,2111,0,0,0
24.8204,133060,1330831546,2112,0,0,0
24.8297,133061,1330841546,2101,0,0,0
24.8400,133062,1330851546,2110,0,0,0
24.8504,133063,1330861546,2110,0,0,0
24.8598,133064,1330871546,2111,0,0,0
24.8698,133065,1330881546,2114,0,0,0
24.8799,133066,1330891546,2112,0,0,0
24.8904,133067,1330901546,2112,0,0,0
24.8999,133068,1330911546,2127,0,0,0
24.9098,133069,1330921546,2112,0,0,0
24.9198,133070,1330931546,2115,0,0,0
24.9297,133071,1330941546,2091,0,0,0
24.9402,133072,1330951546,2112,0,0,0
24.9498,133073,1330961546,2119,0,0,0
24.9597,133074,1330971546,2118,0,0,0
24.9699,133075,1330981546,2096,0,0,0
24.9801,133076,1330991546,2095,0,0,0
24.9898,133077,1331001546,2112,0,0,0
24.9999,133078,1331011546,2112,0,0,0
25.0097,133079,1331021546,2119,0,0,0
25.0202,133080,1331031546,2118,0,0,0
25.0297,133081,1331041546,2112,0,0,0
25.0397,133082,1331051546,2128,0,0,0
25.0498,133083,1331061546,2119,0,0,0
25.0598,133084,1331071546,2124,0,0,0
25.0697,133085,1331081546,2117,0,0,0
25.0803,133086,1331091546,2114,0,0,0
25.0898,133087,1331101546,2103,0,0,0
25.0997,133088,1331111546,2096,0,0,0
25.1097,133089,1331121546,2096,0,0,0
25.1203,133090,1331131546,2092,0,0,0
25.1298,133091,1331141546,2086,0,0,0
25.1404,133092,1331151546,2096,0,0,0
25.1500,133093,1331161546,2095,0,0,0
25.1600,133094,1331171546,2096,0,0,0
25.1698,133095,1331181546,2097,0,0,0
25.1798,133096,1331191546,2097,0,0,0
25.1898,133097,1331201546,2098,0,0,0
25.2021,133098,1331211546,2101,0,0,0
25.2099,133099,1331221546,2106,0,0,0
25.2197,133100,1331231546,2109,0,0,0
25.2299,133101,1331241546,2103,0,0,0
25.2398,133102,1331251546,2112,0,0,0
25.2504,133103,1331261546,2110,0,0,0
25.2598,133104,1331271546,2102,0,0,0
25.2697,133105,1331281546,2096,0,0,0
25.2798,133106,1331291546,2105,0,0,0
25.2899,133107,1331301546,2100,0,0,0
25.2997,133108,1331311546,2109,0,0,0
25.3097,133109,1331321546,2100,0,0,0
25.3197,133110,1331331546,2103,0,0,0
25.3299,133111,1331341546,2111,0,0,0
25.3400,133112,1331351546,2107,0,0,0
25.3498,133113,1331361546,2108,0,0,0
25.3599,133114,1331371546,2106,0,0,0
25.3697,133115,1331381546,2101,0,0,0
25.3804,133116,1331391546,2107,0,0,0
25.3899,133117,1331401546,2106,0,0,0
25.3996,133118,1331411546,2106,0,0,0
25.4104,133119,1331421546,2107,0,0,0
25.4196,133120,1331431546,2108,0,0,0
25.4296,133121,1331441546,2097,0,0,0
25.4402,133122,1331451546,2107,0,0,0
25.4501,133123,1331461546,2108,0,0,0
25.4596,133124,1331471546,2108,0,0,0
25.4697,133125,1331481546,2103,0,0,0
25.4799,133126,1331491546,2102,0,0,0
25.4899,133127,1331501546,2110,0,0,0
25.4998,133128,1331511546,2112,0,0,0
25.5096,133129,1331521546,2097,0,0,0
25.5198,133130,1331531546,2109,0,0,0
25.5297,133131,1331541546,2102,0,0,0
25.5397,133132,1331551546,2111,0,0,0
25.5498,133133,1331561546,2110,0,0,0
25.5600,133134,1331571546,2106,0,0,0
25.5696,133135,1331581546,2114,0,0,0
25.5800,133136,1331591546,2114,0,0,0
25.5899,133137,1331601546,2110,0,0,0
25.5999,133138,1331611546,2121,0,0,0
25.6097,133139,1331621546,2118,0,0,0
25.6198,133140,1331631546,2128,0,0,0
25.6298,133141,1331641546,2122,0,0,0
25.6400,133142,1331651546,2113,0,0,0
25.6496,133143,1331661546,2114,0,0,0
25.6598,133144,1331671546,2106,0,0,0
25.6698,133145,1331681546,2106,0,0,0
25.6797,133146,1331691546,2102,0,0,0
25.6900,133147,1331701546,2101,0,0,0
25.6997,133148,1331711546,2107,0,0,0
25.7097,133149,1331721546,2107,0,0,0
25.7198,133150,1331731546,2109,0,0,0
25.7296,133151,1331741546,2128,0,0,0
25.7398,133152,1331751546,2226,0,0,0
25.7497,133153,1331761546,2303,0,0,0
25.7602,133154,1331771546,2207,0,0,0
25.7697,133155,1331781546,1946,0,0,0
25.7796,133156,1331791546,1997,0,0,0
25.7902,133157,1331801546,2103,0,0,0
25.8002,133158,1331811546,2112,0,0,0
25.8097,133159,1331821546,2109,0,0,0
25.8199,133160,1331831546,2110,0,0,0
25.8296,133161,1331841546,2111,0,0,0
25.8400,133162,1331851546,2112,0,0,0
25.8499,133163,1331861546,2109,0,0,0
25.8596,133164,1331871546,2113,0,0,0
25.8698,133165,1331881546,2112,0,0,0
25.8798,133166,1331891546,2113,0,0,0
25.8904,133167,1331901546,2113,0,0,0
25.8996,133168,1331911546,2115,0,0,0
25.9098,133169,1331921546,2118,0,0,0
25.9199,133170,1331931546,2125,0,0,0
25.9297,133171,1331941546,2109,0,0,0
25.9398,133172,1331951546,2123,0,0,0
25.9496,133173,1331961546,2117,0,0,0
25.9597,133174,1331971546,2128,0,0,0
25.9699,133175,1331981546,2127,0,0,0
25.9797,133176,1331991546,2128,0,0,0
25.9898,133177,1332001546,2129,0,0,0
25.9999,133178,1332011546,2135,0,0,0
26.0105,133179,1332021546,2133,0,0,0
26.0198,133180,1332031546,2129,0,0,0
26.0297,133181,1332041546,2125,0,0,0
26.0402,133182,1332051546,2128,0,0,0
26.0503,133183,1332061546,2128,0,0,0
26.0597,133184,1332071546,2121,0,0,0
26.0697,133185,1332081546,2110,0,0,0
26.0801,133186,1332091546,2103,0,0,0
26.0902,133187,1332101546,2105,0,0,0
26.0996,133188,1332111546,2096,0,0,0
26.1096,133189,1332121546,2091,0,0,0
26.1203,133190,1332131546,2097,0,0,0
26.1303,133191,1332141546,2090,0,0,0
26.1398,133192,1332151546,2096,0,0,0
26.1504,133193,1332161546,2096,0,0,0
26.1600,133194,1332171546,2101,0,0,0
26.1698,133195,1332181546,2099,0,0,0
26.1797,133196,1332191546,2107,0,0,0
26.1902,133197,1332201546,2102,0,0,0
26.2002,133198,1332211546,2107,0,0,0
26.2098,133199,1332221546,2103,0,0,0
26.2198,133200,1332231546,2101,0,0,0
26.2300,133201,1332241546,2101,0,0,0
26.2397,133202,1332251546,2105,0,0,0
26.2498,133203,1332261546,2112,0,0,0
26.2598,133204,1332271546,2110,0,0,0
26.2698,133205,1332281546,2105,0,0,0
26.2802,133206,1332291546,2086,0,0,0
26.2902,133207,1332301546,2079,0,0,0
26.2997,133208,1332311546,2091,0,0,0
26.3097,133209,1332321546,2089,0,0,0
26.3197,133210,1332331546,2098,0,0,0
26.3295,133211,1332341546,2101,0,0,0
26.3395,133212,1332351546,2105,0,0,0
26.3496,133213,1332361546,2097,0,0,0
26.3596,133214,1332371546,2103,0,0,0
26.3696,133215,1332381546,2106,0,0,0
26.3796,133216,1332391546,2110,0,0,0
26.3895,133217,1332401546,2094,0,0,0
26.3996,133218,1332411546,2112,0,0,0
26.4096,133219,1332421546,2104,0,0,0
26.4196,133220,1332431546,2112,0,0,0
26.4300,133221,1332441546,2101,0,0,0
26.4398,133222,1332451546,2107,0,0,0
26.4498,133223,1332461546,2102,0,0,0
26.4597,133224,1332471546,2110,0,0,0
26.4700,133225,1332481546,2110,0,0,0
26.4798,133226,1332491546,2110,0,0,0
26.4900,133227,1332501546,2107,0,0,0
26.4998,133228,1332511546,2114,0,0,0
26.5097,133229,1332521546,2106,0,0,0
26.5199,133230,1332531546,2111,0,0,0
26.5297,133231,1332541546,2106,0,0,0
26.5399,133232,1332551546,2110,0,0,0
26.5501,133233,1332561546,2107,0,0,0
26.5597,133234,1332571546,2112,0,0,0
26.5697,133235,1332581546,2111,0,0,0
26.5797,133236,1332591546,2111,0,0,0
26.5900,133237,1332601546,2114,0,0,0
26.5998,133238,1332611546,2116,0,0,0
26.6098,133239,1332621546,2114,0,0,0
26.6201,133240,1332631546,2126,0,0,0
26.6298,133241,1332641546,2117,0,0,0
26.6401,133242,1332651546,2123,0,0,0
26.6497,133243,1332661546,2110,0,0,0
26.6598,133244,1332671546,2110,0,0,0
26.6697,133245,1332681546,2096,0,0,0
26.6798,133246,1332691546,2113,0,0,0
26.6900,133247,1332701546,2101,0,0,0
26.6997,133248,1332711546,2106,0,0,0
26.7099,133249,1332721546,2105,0,0,0
26.7199,133250,1332731546,2114,0,0,0
26.7297,133251,1332741546,2157,0,0,0
26.7399,133252,1332751546,2253,0,0,0
26.7498,133253,1332761546,2306,0,0,0
26.7599,133254,1332771546,2145,0,0,0
26.7698,133255,1332781546,1937,0,0,0
26.7796,133256,1332791546,2043,0,0,0
26.7899,133257,1332801546,2097,0,0,0
26.8000,133258,1332811546,2113,0,0,0
26.8097,133259,1332821546,2105,0,0,0
26.8197,133260,1332831546,2113,0,0,0
26.8297,133261,1332841546,2112,0,0,0
26.8401,133262,1332851546,2115,0,0,0
26.8498,133263,1332861546,2112,0,0,0
26.8598,133264,1332871546,2111,0,0,0
26.8699,133265,1332881546,2113,0,0,0
26.8798,133266,1332891546,2117,0,0,0
26.8900,133267,1332901546,2121,0,0,0
26.8997,133268,1332911546,2117,0,0,0
26.9097,133269,1332921546,2115,0,0,0
26.9200,133270,1332931546,2123,0,0,0
26.9298,133271,1332941546,2125,0,0,0
26.9398,133272,1332951546,2125,0,0,0
26.9504,133273,1332961546,2123,0,0,0
26.9597,133274,1332971546,2120,0,0,0
26.9697,133275,1332981546,2125,0,0,0
26.9798,133276,1332991546,2129,0,0,0
26.9898,133277,1333001546,2128,0,0,0
26.9998,133278,1333011546,2130,0,0,0
27.0097,133279,1333021546,2133,0,0,0
27.0198,133280,1333031546,2130,0,0,0
27.0298,133281,1333041546,2132,0,0,0
27.0400,133282,1333051546,2135,0,0,0
27.0496,133283,1333061546,2122,0,0,0
27.0598,133284,1333071546,2114,0,0,0
27.0697,133285,1333081546,2099,0,0,0
27.0797,133286,1333091546,2106,0,0,0
27.0897,133287,1333101546,2101,0,0,0
27.0997,133288,1333111546,2096,0,0,0
27.1098,133289,1333121546,2095,0,0,0
27.1197,133290,1333131546,2095,0,0,0
27.1296,133291,1333141546,2090,0,0,0
27.1400,133292,1333151546,2096,0,0,0
27.1501,133293,1333161546,2096,0,0,0
27.1598,133294,1333171546,2096,0,0,0
27.1697,133295,1333181546,2101,0,0,0
27.1796,133296,1333191546,2098,0,0,0
27.1898,133297,1333201546,2103,0,0,0
27.2001,133298,1333211546,2103,0,0,0
27.2097,133299,1333221546,2107,0,0,0
27.2199,133300,1333231546,2103,0,0,0
27.2299,133301,1333241546,2109,0,0,0
27.2399,133302,1333251546,2115,0,0,0
27.2502,133303,1333261546,2106,0,0,0
27.2597,133304,1333271546,2109,0,0,0
27.2699,133305,1333281546,2110,0,0,0
27.2797,133306,1333291546,2109,0,0,0
27.2898,133307,1333301546,2098,0,0,0
27.2997,133308,1333311546,2114,0,0,0
27.3097,133309,1333321546,2103,0,0,0
27.3200,133310,1333331546,2115,0,0,0
27.3299,133311,1333341546,2098,0,0,0
27.3399,133312,1333351546,2103,0,0,0
27.3499,133313,1333361546,2102,0,0,0
27.3598,133314,1333371546,2101,0,0,0
27.3697,133315,1333381546,2098,0,0,0
27.3797,133316,1333391546,2101,0,0,0
27.3898,133317,1333401546,2107,0,0,0
27.3997,133318,1333411546,2113,0,0,0
27.4099,133319,1333421546,2107,0,0,0
27.4197,133320,1333431546,2112,0,0,0
27.4297,133321,1333441546,2112,0,0,0
27.4397,133322,1333451546,2112,0,0,0
27.4504,133323,1333461546,2110,0,0,0
27.4598,133324,1333471546,2109,0,0,0
27.4698,133325,1333481546,2111,0,0,0
27.4797,133326,1333491546,2112,0,0,0
27.4901,133327,1333501546,2108,0,0,0
27.4997,133328,1333511546,2112,0,0,0
27.5097,133329,1333521546,2112,0,0,0
27.5200,133330,1333531546,2112,0,0,0
27.5296,133331,1333541546,2112,0,0,0
27.5398,133332,1333551546,2109,0,0,0
27.5498,133333,1333561546,2108,0,0,0
27.5597,133334,1333571546,2110,0,0,0
27.5699,133335,1333581546,2111,0,0,0
27.5798,133336,1333591546,2118,0,0,0
27.5898,133337,1333601546,2113,0,0,0
27.5997,133338,1333611546,2114,0,0,0
27.6097,133339,1333621546,2115,0,0,0
27.6198,133340,1333631546,2119,0,0,0
27.6302,133341,1333641546,2124,0,0,0
27.6398,133342,1333651546,2126,0,0,0
27.6496,133343,1333661546,2118,0,0,0
27.6601,133344,1333671546,2123,0,0,0
27.6696,133345,1333681546,2107,0,0,0
27.6797,133346,1333691546,2109,0,0,0
27.6897,133347,1333701546,2102,0,0,0
27.6997,133348,1333711546,2109,0,0,0
27.7101,133349,1333721546,2112,0,0,0
27.7203,133350,1333731546,2112,0,0,0
27.7299,133351,1333741546,2112,0,0,0
27.7401,133352,1333751546,2129,0,0,0
27.7500,133353,1333761546,2205,0,0,0
27.7602,133354,1333771546,2299,0,0,0
27.7697,133355,1333781546,2209,0,0,0
27.7802,133356,1333791546,1966,0,0,0
27.7903,133357,1333801546,1989,0,0,0
27.8001,133358,1333811546,2109,0,0,0
27.8097,133359,1333821546,2103,0,0,0
27.8199,133360,1333831546,2110,0,0,0
27.8297,133361,1333841546,2109,0,0,0
27.8400,133362,1333851546,2117,0,0,0
27.8497,133363,1333861546,2109,0,0,0
27.8597,133364,1333871546,2111,0,0,0
27.8702,133365,1333881546,2112,0,0,0
27.8797,133366,1333891546,2112,0,0,0
27.8900,133367,1333901546,2114,0,0,0
27.8998,133368,1333911546,2125,0,0,0
27.9097,133369,1333921546,2119,0,0,0
27.9198,133370,1333931546,2119,0,0,0
27.9297,133371,1333941546,2112,0,0,0
27.9397,133372,1333951546,2119,0,0,0
27.9498,133373,1333961546,2122,0,0,0
27.9598,133374,1333971546,2122,0,0,0
27.9702,133375,1333981546,2117,0,0,0
27.9801,133376,1333991546,2125,0,0,0
27.9899,133377,1334001546,2119,0,0,0
27.9999,133378,1334011546,2128,0,0,0
28.0098,133379,1334021546,2127,0,0,0
28.0198,133380,1334031546,2128,0,0,0
28.0303,133381,1334041546,2131,0,0,0
28.0398,133382,1334051546,2128,0,0,0
28.0504,133383,1334061546,2122,0,0,0
28.0601,133384,1334071546,2128,0,0,0
28.0697,133385,1334081546,2115,0,0,0
28.0801,133386,1334091546,2109,0,0,0
28.0897,133387,1334101546,2103,0,0,0
28.0999,133388,1334111546,2102,0,0,0
28.1102,133389,1334121546,2096,0,0,0
28.1204,133390,1334131546,2095,0,0,0
28.1301,133391,1334141546,2095,0,0,0
28.1398,133392,1334151546,2099,0,0,0
28.1497,133393,1334161546,2095,0,0,0
28.1604,133394,1334171546,2096,0,0,0
28.1697,133395,1334181546,2098,0,0,0
28.1797,133396,1334191546,2102,0,0,0
28.1900,133397,1334201546,2105,0,0,0
28.1998,133398,1334211546,2103,0,0,0
28.2098,133399,1334221546,2103,0,0,0
28.2197,133400,1334231546,2112,0,0,0
28.2301,133401,1334241546,2105,0,0,0
28.2397,133402,1334251546,2114,0,0,0
28.2497,133403,1334261546,2099,0,0,0
28.2602,133404,1334271546,2112,0,0,0
28.2697,133405,1334281546,2109,0,0,0
28.2804,133406,1334291546,2102,0,0,0
28.2898,133407,1334301546,2102,0,0,0
28.2998,133408,1334311546,2107,0,0,0
28.3098,133409,1334321546,2105,0,0,0
28.3198,133410,1334331546,2112,0,0,0
28.3298,133411,1334341546,2104,0,0,0
28.3399,133412,1334351546,2099,0,0,0
28.3497,133413,1334361546,2096,0,0,0
28.3597,133414,1334371546,2105,0,0,0
28.3696,133415,1334381546,2096,0,0,0
28.3799,133416,1334391546,2107,0,0,0
28.3897,133417,1334401546,2097,0,0,0
28.3999,133418,1334411546,2097,0,0,0
28.4101,133419,1334421546,2096,0,0,0
28.4197,133420,1334431546,2099,0,0,0
28.4298,133421,1334441546,2093,0,0,0
28.4398,133422,1334451546,2099,0,0,0
28.4502,133423,1334461546,2101,0,0,0
28.4603,133424,1334471546,2103,0,0,0
28.4696,133425,1334481546,2094,0,0,0
28.4796,133426,1334491546,2106,0,0,0
28.4897,133427,1334501546,2109,0,0,0
28.4997,133428,1334511546,2112,0,0,0
28.5098,133429,1334521546,2110,0,0,0
28.5196,133430,1334531546,2108,0,0,0
28.5296,133431,1334541546,2106,0,0,0
28.5396,133432,1334551546,2104,0,0,0
28.5498,133433,1334561546,2103,0,0,0
28.5596,133434,1334571546,2106,0,0,0
28.5696,133435,1334581546,2100,0,0,0
28.5796,133436,1334591546,2117,0,0,0
28.5896,133437,1334601546,2110,0,0,0
28.5997,133438,1334611546,2112,0,0,0
28.6100,133439,1334621546,2103,0,0,0
28.6200,133440,1334631546,2109,0,0,0
28.6296,133441,1334641546,2096,0,0,0
28.6398,133442,1334651546,2099,0,0,0
28.6498,133443,1334661546,2096,0,0,0
28.6597,133444,1334671546,2106,0,0,0
28.6701,133445,1334681546,2101,0,0,0
28.6797,133446,1334691546,2103,0,0,0
28.6897,133447,1334701546,2107,0,0,0
28.6998,133448,1334711546,2161,0,0,0
28.7097,133449,1334721546,2274,0,0,0
28.7196,133450,1334731546,2275,0,0,0
28.7298,133451,1334741546,2030,0,0,0
28.7397,133452,1334751546,1939,0,0,0
28.7497,133453,1334761546,2075,0,0,0
28.7598,133454,1334771546,2112,0,0,0
28.7696,133455,1334781546,2101,0,0,0
28.7797,133456,1334791546,2109,0,0,0
28.7896,133457,1334801546,2101,0,0,0
28.7996,133458,1334811546,2112,0,0,0
28.8096,133459,1334821546,2103,0,0,0
28.8198,133460,1334831546,2110,0,0,0
28.8296,133461,1334841546,2101,0,0,0
28.8398,133462,1334851546,2107,0,0,0
28.8498,133463,1334861546,2109,0,0,0
28.8598,133464,1334871546,2113,0,0,0
28.8701,133465,1334881546,2112,0,0,0
28.8799,133466,1334891546,2111,0,0,0
28.8896,133467,1334901546,2114,0,0,0
28.8997,133468,1334911546,2115,0,0,0
28.9096,133469,1334921546,2116,0,0,0
28.9198,133470,1334931546,2123,0,0,0
28.9301,133471,1334941546,2111,0,0,0
28.9397,133472,1334951546,2119,0,0,0
28.9497,133473,1334961546,2118,0,0,0
28.9596,133474,1334971546,2127,0,0,0
28.9698,133475,1334981546,2118,0,0,0
28.9797,133476,1334991546,2128,0,0,0
28.9897,133477,1335001546,2117,0,0,0
28.9998,133478,1335011546,2123,0,0,0
29.0098,133479,1335021546,2125,0,0,0
29.0197,133480,1335031546,2122,0,0,0
29.0298,133481,1335041546,2103,0,0,0
29.0402,133482,1335051546,2097,0,0,0
29.0502,133483,1335061546,2093,0,0,0
29.0598,133484,1335071546,2096,0,0,0
29.0698,133485,1335081546,2080,0,0,0
29.0798,133486,1335091546,2090,0,0,0
29.0900,133487,1335101546,2085,0,0,0
29.0997,133488,1335111546,2090,0,0,0
29.1101,133489,1335121546,2087,0,0,0
29.1205,133490,1335131546,2091,0,0,0
29.1297,133491,1335141546,2093,0,0,0
29.1399,133492,1335151546,2097,0,0,0
29.1499,133493,1335161546,2097,0,0,0
29.1597,133494,1335171546,2103,0,0,0
29.1707,133495,1335181546,2100,0,0,0
29.1801,133496,1335191546,2102,0,0,0
29.1896,133497,1335201546,2096,0,0,0
29.1998,133498,1335211546,2102,0,0,0
29.2098,133499,1335221546,2107,0,0,0
29.2197,133500,1335231546,2101,0,0,0
29.2298,133501,1335241546,2099,0,0,0
29.2398,133502,1335251546,2103,0,0,0
29.2497,133503,1335261546,2096,0,0,0
29.2597,133504,1335271546,2097,0,0,0
29.2699,133505,1335281546,2095,0,0,0
29.2797,133506,1335291546,2096,0,0,0
29.2899,133507,1335301546,2068,0,0,0
29.2997,133508,1335311546,2091,0,0,0
29.3100,133509,1335321546,2098,0,0,0
29.3198,133510,1335331546,2096,0,0,0
29.3296,133511,1335341546,2102,0,0,0
29.3399,133512,1335351546,2109,0,0,0
29.3498,133513,1335361546,2107,0,0,0
29.3596,133514,1335371546,2109,0,0,0
29.3701,133515,1335381546,2110,0,0,0
29.3797,133516,1335391546,2112,0,0,0
29.3897,133517,1335401546,2112,0,0,0
29.3999,133518,1335411546,2113,0,0,0
29.4098,133519,1335421546,2106,0,0,0
29.4196,133520,1335431546,2111,0,0,0
29.4296,133521,1335441546,2106,0,0,0
29.4398,133522,1335451546,2112,0,0,0
29.4497,133523,1335461546,2102,0,0,0
29.4600,133524,1335471546,2112,0,0,0
29.4696,133525,1335481546,2107,0,0,0
29.4801,133526,1335491546,2114,0,0,0
29.4897,133527,1335501546,2113,0,0,0
29.4998,133528,1335511546,2112,0,0,0
29.5103,133529,1335521546,2111,0,0,0
29.5199,133530,1335531546,2111,0,0,0
29.5303,133531,1335541546,2112,0,0,0
29.5399,133532,1335551546,2124,0,0,0
29.5497,133533,1335561546,2115,0,0,0
29.5597,133534,1335571546,2129,0,0,0
29.5702,133535,1335581546,2121,0,0,0
29.5801,133536,1335591546,2115,0,0,0
29.5898,133537,1335601546,2122,0,0,0
29.5997,133538,1335611546,2112,0,0,0
29.6098,133539,1335621546,2101,0,0,0
29.6198,133540,1335631546,2112,0,0,0
29.6297,133541,1335641546,2103,0,0,0
29.6398,133542,1335651546,2117,0,0,0
29.6502,133543,1335661546,2113,0,0,0
29.6598,133544,1335671546,2113,0,0,0
29.6697,133545,1335681546,2123,0,0,0
29.6799,133546,1335691546,2207,0,0,0
29.6897,133547,1335701546,2303,0,0,0
29.6998,133548,1335711546,2256,0,0,0
29.7097,133549,1335721546,1978,0,0,0
29.7201,133550,1335731546,1987,0,0,0
29.7298,133551,1335741546,2098,0,0,0
29.7397,133552,1335751546,2111,0,0,0
29.7497,133553,1335761546,2116,0,0,0
29.7598,133554,1335771546,2112,0,0,0
29.7701,133555,1335781546,2109,0,0,0
29.7797,133556,1335791546,2118,0,0,0
29.7899,133557,1335801546,2115,0,0,0
29.7998,133558,1335811546,2118,0,0,0
29.8096,133559,1335821546,2117,0,0,0
29.8199,133560,1335831546,2116,0,0,0
29.8300,133561,1335841546,2123,0,0,0
29.8397,133562,1335851546,2121,0,0,0
29.8497,133563,1335861546,2118,0,0,0
29.8597,133564,1335871546,2123,0,0,0
29.8697,133565,1335881546,2115,0,0,0
29.8797,133566,1335891546,2125,0,0,0
29.8902,133567,1335901546,2122,0,0,0
29.8998,133568,1335911546,2128,0,0,0
29.9098,133569,1335921546,2126,0,0,0
29.9198,133570,1335931546,2127,0,0,0
29.9298,133571,1335941546,2128,0,0,0
29.9401,133572,1335951546,2129,0,0,0
29.9498,133573,1335961546,2127,0,0,0
29.9598,133574,1335971546,2129,0,0,0
29.9698,133575,1335981546,2129,0,0,0
29.9798,133576,1335991546,2131,0,0,0
29.9898,133577,1336001546,2118,0,0,0
29.9997,133578,1336011546,2131,0,0,0
30.0102,133579,1336021546,2112,0,0,0
30.0198,133580,1336031546,2111,0,0,0
30.0297,133581,1336041546,2097,0,0,0
30.0398,133582,1336051546,2100,0,0,0
30.0497,133583,1336061546,2099,0,0,0
30.0601,133584,1336071546,2099,0,0,0
30.0701,133585,1336081546,2093,0,0,0
30.0797,133586,1336091546,2097,0,0,0
30.0910,133587,1336101546,2093,0,0,0
30.0997,133588,1336111546,2103,0,0,0
30.1097,133589,1336121546,2102,0,0,0
30.1198,133590,1336131546,2103,0,0,0
30.1298,133591,1336141546,2112,0,0,0
30.1398,133592,1336151546,2112,0,0,0
30.1497,133593,1336161546,2111,0,0,0
30.1597,133594,1336171546,2112,0,0,0
30.1701,133595,1336181546,2113,0,0,0
30.1840,133596,1336191546,2107,0,0,0
30.1897,133597,1336201546,2112,0,0,0
30.2008,133598,1336211546,2112,0,0,0
30.2096,133599,1336221546,2113,0,0,0
30.2197,133600,1336231546,2112,0,0,0
30.2296,133601,1336241546,2110,0,0,0
30.2395,133602,1336251546,2105,0,0,0
30.2495,133603,1336261546,2103,0,0,0
30.2650,133604,1336271546,2120,0,0,0
30.2721,133605,1336281546,2106,0,0,0
30.2796,133606,1336291546,2121,0,0,0
30.2896,133607,1336301546,2103,0,0,0
30.2996,133608,1336311546,2107,0,0,0
30.3096,133609,1336321546,2112,0,0,0
30.3196,133610,1336331546,2114,0,0,0
30.3296,133611,1336341546,2112,0,0,0
30.3395,133612,1336351546,2103,0,0,0
30.3496,133613,1336361546,2107,0,0,0
30.3595,133614,1336371546,2115,0,0,0
30.3696,133615,1336381546,2110,0,0,0
30.3795,133616,1336391546,2112,0,0,0
30.3926,133617,1336401546,2102,0,0,0
30.4026,133618,1336411546,2110,0,0,0
30.4095,133619,1336421546,2113,0,0,0
30.4197,133620,1336431546,2112,0,0,0
30.4297,133621,1336441546,2109,0,0,0
30.4396,133622,1336451546,2113,0,0,0
30.4496,133623,1336461546,2112,0,0,0
30.4596,133624,1336471546,2115,0,0,0
30.4695,133625,1336481546,2121,0,0,0
30.4795,133626,1336491546,2119,0,0,0
30.4895,133627,1336501546,2112,0,0,0
30.4997,133628,1336511546,2117,0,0,0
30.5096,133629,1336521546,2110,0,0,0
30.5198,133630,1336531546,2123,0,0,0
30.5296,133631,1336541546,2115,0,0,0
30.5395,133632,1336551546,2121,0,0,0
30.5497,133633,1336561546,2124,0,0,0
30.5597,133634,1336571546,2125,0,0,0
30.5696,133635,1336581546,2117,0,0,0
30.5798,133636,1336591546,2116,0,0,0
30.5896,133637,1336601546,2106,0,0,0
30.5997,133638,1336611546,2111,0,0,0
30.6097,133639,1336621546,2105,0,0,0
30.6196,133640,1336631546,2109,0,0,0
30.6297,133641,1336641546,2111,0,0,0
30.6397,133642,1336651546,2113,0,0,0
30.6496,133643,1336661546,2114,0,0,0
30.6596,133644,1336671546,2156,0,0,0
30.6695,133645,1336681546,2250,0,0,0
30.6796,133646,1336691546,2297,0,0,0
30.6896,133647,1336701546,2116,0,0,0
30.6996,133648,1336711546,1949,0,0,0
30.7096,133649,1336721546,2064,0,0,0
30.7197,133650,1336731546,2113,0,0,0
30.7296,133651,1336741546,2109,0,0,0
30.7395,133652,1336751546,2119,0,0,0
30.7497,133653,1336761546,2112,0,0,0
30.7596,133654,1336771546,2113,0,0,0
30.7696,133655,1336781546,2118,0,0,0
30.7795,133656,1336791546,2126,0,0,0
30.7896,133657,1336801546,2122,0,0,0
30.7995,133658,1336811546,2126,0,0,0
30.8096,133659,1336821546,2112,0,0,0
30.8198,133660,1336831546,2126,0,0,0
30.8296,133661,1336841546,2125,0,0,0
30.8398,133662,1336851546,2125,0,0,0
30.8496,133663,1336861546,2119,0,0,0
30.8596,133664,1336871546,2117,0,0,0
30.8697,133665,1336881546,2117,0,0,0
30.8796,133666,1336891546,2119,0,0,0
30.8898,133667,1336901546,2118,0,0,0
30.8996,133668,1336911546,2129,0,0,0
