pc_time_s,seq,t_us,ecg_adc,lo_plus,lo_minus,lead_off
0.3620,0,231558,0,0,0,0
0.3720,1,241550,4095,1,1,1
0.3814,2,251550,0,0,0,0
0.3916,3,261550,4095,1,1,1
0.4014,4,271550,0,0,0,0
0.4117,5,281550,4095,1,1,1
0.4216,6,291551,0,0,0,0
0.4321,7,301551,4095,1,1,1
0.4416,8,311550,0,0,0,0
0.4520,9,321550,4095,1,1,1
0.4616,10,331551,0,0,0,0
0.4718,11,341551,4095,1,1,1
0.4815,12,351551,0,0,0,0
0.4919,13,361550,4095,1,1,1
0.5017,14,371550,0,0,0,0
0.5120,15,381551,4095,1,1,1
0.5217,16,391551,0,0,0,0
0.5317,17,401550,4095,1,1,1
0.5416,18,411550,0,0,0,0
0.5519,19,421550,4095,1,1,1
0.5619,20,431550,0,0,0,0
0.5718,21,441550,4095,1,1,1
0.5815,22,451550,0,0,0,0
0.5921,23,461550,4095,1,1,1
0.6020,24,471550,0,0,0,0
0.6119,25,481550,4095,1,1,1
0.6215,26,491550,0,0,0,0
0.6318,27,501550,4095,1,1,1
0.6417,28,511551,0,0,0,0
0.6519,29,521551,4095,1,1,1
0.6619,30,531551,0,0,0,0
0.6718,31,541551,4095,1,1,1
0.6816,32,551550,0,0,0,0
0.6918,33,561550,4095,1,1,1
0.7016,34,571550,0,0,0,0
0.7116,35,581550,4095,1,1,1
0.7216,36,591550,0,0,0,0
0.7318,37,601551,4095,1,1,1
0.7417,38,611551,0,0,0,0
0.7518,39,621550,4095,1,1,1
0.7618,40,631550,0,0,0,0
0.7717,41,641550,4095,1,1,1
0.7817,42,651551,0,0,0,0
0.7919,43,661550,4095,1,1,1
0.8020,44,671550,0,0,0,0
0.8117,45,681550,4095,1,1,1
0.8216,46,691550,0,0,0,0
0.8320,47,701550,4095,1,1,1
0.8416,48,711550,0,0,0,0
0.8518,49,721550,4095,1,1,1
0.8616,50,731550,0,0,0,0
0.8718,51,741550,4095,1,1,1
0.8823,52,751550,0,0,0,0
0.8919,53,761550,4095,1,1,1
0.9015,54,771550,0,0,0,0
0.9117,55,781551,4095,1,1,1
0.9217,56,791550,0,0,0,0
0.9317,57,801550,4095,1,1,1
0.9506,58,811550,0,0,0,0
0.9517,59,821550,4095,1,1,1
0.9617,60,831550,0,0,0,0
0.9717,61,841550,4095,1,1,1
0.9815,62,851550,0,0,0,0
0.9917,63,861550,4095,1,1,1
1.0017,64,871550,0,0,0,0
1.0120,65,881550,4095,1,1,1
1.0217,66,891550,0,0,0,0
1.0318,67,901550,4095,1,1,1
1.0421,68,911550,0,0,0,0
1.0518,69,921550,4095,1,1,1
1.0616,70,931550,0,0,0,0
1.0719,71,941550,4095,1,1,1
1.0817,72,951550,0,0,0,0
1.0919,73,961551,4095,1,1,1
1.1020,74,971551,0,0,0,0
1.1121,75,981550,4095,1,1,1
1.1216,76,991550,0,0,0,0
1.1318,77,1001550,4095,1,1,1
1.1417,78,1011550,0,0,0,0
1.1518,79,1021550,4095,1,1,1
1.1617,80,1031550,0,0,0,0
1.1718,81,1041551,4095,1,1,1
1.1817,82,1051550,0,0,0,0
1.1918,83,1061550,4095,1,1,1
1.2018,84,1071550,0,0,0,0
1.2120,85,1081550,4095,1,1,1
1.2219,86,1091550,0,0,0,0
1.2320,87,1101550,4095,1,1,1
1.2417,88,1111550,0,0,0,0
1.2522,89,1121550,4095,1,1,1
1.2619,90,1131550,0,0,0,0
1.2718,91,1141550,4095,1,1,1
1.2818,92,1151550,0,0,0,0
1.2920,93,1161550,4095,1,1,1
1.3018,94,1171550,0,0,0,0
1.3119,95,1181550,4095,1,1,1
1.3217,96,1191550,0,0,0,0
1.3322,97,1201550,4095,1,1,1
1.3416,98,1211550,0,0,0,0
1.3519,99,1221550,4095,1,1,1
1.3620,100,1231550,0,0,0,0
1.3725,101,1241550,4095,1,1,1
1.3820,102,1251550,0,0,0,0
1.3918,103,1261550,4095,1,1,1
1.4017,104,1271550,0,0,0,0
1.4119,105,1281550,4026,1,1,1
1.4218,106,1291550,0,0,0,0
1.4319,107,1301550,2918,1,0,1
1.4419,108,1311550,0,0,0,0
1.4520,109,1321550,4046,1,1,1
1.4617,110,1331550,0,0,0,0
1.4720,111,1341550,4018,1,0,1
1.4823,112,1351550,0,0,0,0
1.4920,113,1361550,2874,1,0,1
1.5018,114,1371550,0,0,0,0
1.5119,115,1381550,2872,1,0,1
1.5218,116,1391550,0,0,0,0
1.5321,117,1401550,2832,1,0,1
1.5417,118,1411550,0,0,0,0
1.5521,119,1421550,2805,1,0,1
1.5617,120,1431550,0,0,0,0
1.5721,121,1441550,2815,1,0,1
1.5819,122,1451550,0,0,0,0
1.5920,123,1461550,2795,1,0,1
1.6017,124,1471551,0,0,0,0
1.6119,125,1481550,2743,1,0,1
1.6216,126,1491551,0,0,0,0
1.6319,127,1501550,2749,1,0,1
1.6418,128,1511550,0,0,0,0
1.6518,129,1521550,2717,1,0,1
1.6616,130,1531550,0,0,0,0
1.6719,131,1541550,2689,1,0,1
1.6818,132,1551550,0,0,0,0
1.6918,133,1561550,2678,1,0,1
1.7019,134,1571550,0,0,0,0
1.7119,135,1581550,2595,1,0,1
1.7222,136,1591550,23,0,0,0
1.7320,137,1601551,2542,1,0,1
1.7418,138,1611550,80,0,0,0
1.7520,139,1621550,2449,1,0,1
1.7621,140,1631550,112,0,0,0
1.7720,141,1641550,2379,1,0,1
1.7820,142,1651550,176,0,0,0
1.7921,143,1661550,2292,1,0,1
1.8018,144,1671551,265,0,0,0
1.8118,145,1681551,2197,1,0,1
1.8219,146,1691551,330,0,0,0
1.8318,147,1701551,2138,1,0,1
1.8418,148,1711550,417,0,0,0
1.8518,149,1721551,2057,1,0,1
1.8617,150,1731550,499,0,0,0
1.8718,151,1741551,1870,1,0,1
1.8817,152,1751550,621,0,0,0
1.8919,153,1761550,1730,0,0,0
1.9019,154,1771550,766,0,0,0
1.9120,155,1781550,1565,0,0,0
1.9218,156,1791550,912,0,0,0
1.9321,157,1801550,1401,0,0,0
1.9419,158,1811550,1055,0,0,0
1.9519,159,1821550,1177,0,0,0
1.9621,160,1831551,1264,0,0,0
1.9721,161,1841551,1003,0,0,0
1.9819,162,1851550,1479,0,0,0
1.9920,163,1861550,731,0,0,0
2.0022,164,1871550,1651,0,0,0
2.0118,165,1881550,539,0,0,0
2.0220,166,1891550,1835,0,0,0
2.0319,167,1901550,335,0,0,0
2.0420,168,1911550,2000,0,0,0
2.0518,169,1921550,169,0,0,0
2.0620,170,1931550,2144,0,0,0
2.0718,171,1941550,48,0,0,0
2.0819,172,1951551,2278,1,0,1
2.0917,173,1961551,0,0,0,0
2.1024,174,1971550,2448,1,0,1
2.1119,175,1981550,0,0,0,0
2.1219,176,1991550,2631,1,0,1
2.1318,177,2001550,0,0,0,0
2.1420,178,2011550,2768,1,0,1
2.1516,179,2021550,0,0,0,0
2.1621,180,2031550,2938,1,0,1
2.1720,181,2041551,0,0,0,0
2.1819,182,2051550,3114,1,0,1
2.1919,183,2061550,0,0,0,0
2.2021,184,2071550,3328,1,0,1
2.2117,185,2081550,0,0,0,0
2.2220,186,2091550,3550,1,0,1
2.2318,187,2101550,0,0,0,0
2.2421,188,2111550,3781,1,0,1
2.2518,189,2121550,0,0,0,0
2.2621,190,2131550,4090,1,0,1
2.2719,191,2141550,0,0,0,0
2.2820,192,2151550,4095,1,0,1
2.2919,193,2161550,0,0,0,0
2.3022,194,2171550,4095,1,0,1
2.3120,195,2181551,0,0,0,0
2.3220,196,2191550,4095,1,0,1
2.3316,197,2201550,0,0,0,0
2.3419,198,2211550,4095,1,0,1
2.3518,199,2221550,0,0,0,0
2.3619,200,2231551,4095,1,0,1
2.3716,201,2241550,0,0,0,0
2.3820,202,2251550,4095,1,0,1
2.3917,203,2261550,0,0,0,0
2.4020,204,2271550,4095,1,0,1
2.4118,205,2281551,0,0,0,0
2.4220,206,2291550,4095,1,0,1
2.4317,207,2301550,0,0,0,0
2.4418,208,2311550,4095,1,0,1
2.4518,209,2321551,0,0,0,0
2.4619,210,2331550,4095,1,0,1
2.4719,211,2341550,0,0,0,0
2.4821,212,2351550,4095,1,0,1
2.4920,213,2361550,0,0,0,0
2.5019,214,2371551,4095,1,0,1
2.5117,215,2381550,0,0,0,0
2.5220,216,2391550,4095,1,0,1
2.5318,217,2401550,0,0,0,0
2.5420,218,2411550,4095,1,0,1
2.5520,219,2421550,0,0,0,0
2.5620,220,2431550,4095,1,0,1
2.5718,221,2441550,0,0,0,0
2.5821,222,2451550,4095,1,0,1
2.5918,223,2461550,0,0,0,0
2.6025,224,2471550,4095,1,0,1
2.6116,225,2481550,0,0,0,0
2.6219,226,2491550,4095,1,0,1
2.6318,227,2501550,0,0,0,0
2.6420,228,2511550,4095,1,0,1
2.6518,229,2521550,0,0,0,0
2.6619,230,2531550,4095,1,0,1
2.6716,231,2541550,0,0,0,0
2.6818,232,2551550,4095,1,0,1
2.6919,233,2561551,0,0,0,0
2.7023,234,2571550,4095,1,0,1
2.7118,235,2581550,0,0,0,0
2.7220,236,2591551,4095,1,0,1
2.7317,237,2601551,0,0,0,0
2.7419,238,2611550,4095,1,0,1
2.7517,239,2621550,0,0,0,0
2.7619,240,2631550,4095,1,0,1
2.7717,241,2641551,0,0,0,0
2.7820,242,2651550,4095,1,0,1
2.7918,243,2661550,0,0,0,0
2.8020,244,2671551,4095,1,0,1
2.8116,245,2681550,0,0,0,0
2.8220,246,2691550,4095,1,0,1
2.8318,247,2701550,0,0,0,0
2.8420,248,2711550,4095,1,0,1
2.8520,249,2721550,0,0,0,0
2.8621,250,2731551,4095,1,0,1
2.8717,251,2741551,0,0,0,0
2.8821,252,2751550,4095,1,0,1
2.8918,253,2761551,0,0,0,0
2.9019,254,2771550,4095,1,0,1
2.9118,255,2781550,0,0,0,0
2.9219,256,2791551,4095,1,0,1
2.9321,257,2801550,0,0,0,0
2.9419,258,2811550,4095,1,0,1
2.9518,259,2821550,0,0,0,0
2.9619,260,2831551,4095,1,0,1
2.9718,261,2841550,0,0,0,0
2.9821,262,2851550,4095,1,0,1
2.9916,263,2861550,0,0,0,0
3.0021,264,2871550,4095,1,0,1
3.0119,265,2881550,0,0,0,0
3.0219,266,2891550,4095,1,0,1
3.0319,267,2901550,0,0,0,0
3.0420,268,2911550,4095,1,0,1
3.0518,269,2921550,0,0,0,0
3.0619,270,2931550,4095,1,0,1
3.0716,271,2941550,0,0,0,0
3.0819,272,2951550,4095,1,0,1
3.0917,273,2961550,0,0,0,0
3.1018,274,2971550,4095,1,0,1
3.1118,275,2981550,0,0,0,0
3.1220,276,2991550,4095,1,0,1
3.1318,277,3001551,0,0,0,0
3.1423,278,3011550,4095,1,0,1
3.1516,279,3021550,0,0,0,0
3.1622,280,3031550,4095,1,0,1
3.1719,281,3041550,0,0,0,0
3.1819,282,3051551,4095,1,0,1
3.1917,283,3061550,0,0,0,0
3.2019,284,3071550,4095,1,0,1
3.2118,285,3081550,0,0,0,0
3.2222,286,3091550,4095,1,0,1
3.2317,287,3101550,0,0,0,0
3.2421,288,3111551,4095,1,0,1
3.2518,289,3121550,0,0,0,0
3.2621,290,3131550,4095,1,0,1
3.2719,291,3141550,0,0,0,0
3.2819,292,3151550,4095,1,0,1
3.2919,293,3161550,0,0,0,0
3.3021,294,3171550,4095,1,0,1
3.3119,295,3181550,0,0,0,0
3.3219,296,3191551,4095,1,0,1
3.3317,297,3201551,0,0,0,0
3.3419,298,3211550,4095,1,0,1
3.3519,299,3221551,0,0,0,0
3.3622,300,3231550,4095,1,0,1
3.3717,301,3241550,0,0,0,0
3.3822,302,3251550,4095,1,0,1
3.3916,303,3261550,0,0,0,0
3.4019,304,3271550,4095,1,0,1
3.4117,305,3281550,0,0,0,0
3.4219,306,3291550,4095,1,0,1
3.4316,307,3301550,0,0,0,0
3.4420,308,3311550,4095,1,0,1
3.4518,309,3321550,0,0,0,0
3.4619,310,3331550,4095,1,0,1
3.4717,311,3341550,0,0,0,0
3.4818,312,3351550,4095,1,0,1
3.4918,313,3361550,0,0,0,0
3.5023,314,3371550,4095,1,0,1
3.5120,315,3381550,0,0,0,0
3.5221,316,3391551,4095,1,0,1
3.5318,317,3401551,0,0,0,0
3.5419,318,3411550,4095,1,0,1
3.5521,319,3421550,0,0,0,0
3.5619,320,3431550,4095,1,0,1
3.5719,321,3441550,0,0,0,0
3.5819,322,3451551,4095,1,0,1
3.5917,323,3461550,0,0,0,0
3.6019,324,3471550,4095,1,0,1
3.6119,325,3481550,0,0,0,0
3.6218,326,3491550,4095,1,0,1
3.6318,327,3501550,0,0,0,0
3.6419,328,3511550,4095,1,0,1
3.6519,329,3521550,0,0,0,0
3.6622,330,3531550,4095,1,0,1
3.6718,331,3541550,0,0,0,0
3.6820,332,3551551,4095,1,0,1
3.6918,333,3561551,0,0,0,0
3.7019,334,3571550,4095,1,0,1
3.7119,335,3581550,0,0,0,0
3.7219,336,3591550,4095,1,0,1
3.7317,337,3601550,0,0,0,0
3.7422,338,3611550,4095,1,0,1
3.7520,339,3621551,0,0,0,0
3.7621,340,3631550,4095,1,0,1
3.7717,341,3641550,0,0,0,0
3.7818,342,3651550,4095,1,1,1
3.7918,343,3661550,0,0,0,0
3.8019,344,3671550,4095,1,0,1
3.8118,345,3681550,0,0,0,0
3.8221,346,3691550,4095,1,1,1
3.8317,347,3701550,0,0,0,0
3.8420,348,3711551,4095,1,1,1
3.8517,349,3721550,0,0,0,0
3.8620,350,3731550,4095,1,1,1
3.8716,351,3741550,0,0,0,0
3.8820,352,3751550,4095,1,1,1
3.8917,353,3761550,0,0,0,0
3.9020,354,3771550,4095,1,1,1
3.9115,355,3781550,0,0,0,0
3.9220,356,3791550,4095,1,1,1
3.9317,357,3801550,0,0,0,0
3.9420,358,3811550,4095,1,1,1
3.9516,359,3821550,0,0,0,0
3.9620,360,3831550,4095,1,1,1
3.9716,361,3841551,0,0,0,0
3.9818,362,3851550,4095,1,1,1
3.9916,363,3861550,0,0,0,0
4.0018,364,3871550,4095,1,1,1
4.0116,365,3881551,0,0,0,0
4.0218,366,3891550,4095,1,1,1
4.0317,367,3901550,0,0,0,0
4.0419,368,3911550,4095,1,1,1
4.0517,369,3921550,0,0,0,0
4.0619,370,3931550,4095,1,1,1
4.0716,371,3941550,0,0,0,0
4.0819,372,3951551,4095,1,1,1
4.0916,373,3961550,0,0,0,0
4.1018,374,3971550,4095,1,1,1
4.1118,375,3981550,0,0,0,0
4.1220,376,3991550,4095,1,1,1
4.1316,377,4001550,0,0,0,0
4.1418,378,4011550,4095,1,1,1
4.1517,379,4021550,0,0,0,0
4.1620,380,4031551,4095,1,1,1
4.1717,381,4041551,0,0,0,0
4.1819,382,4051550,4095,1,1,1
4.1916,383,4061550,0,0,0,0
4.2020,384,4071550,4095,1,1,1
4.2117,385,4081550,0,0,0,0
4.2220,386,4091550,4095,1,1,1
4.2318,387,4101550,0,0,0,0
4.2420,388,4111550,4095,1,1,1
4.2516,389,4121550,0,0,0,0
4.2620,390,4131551,4095,1,1,1
4.2717,391,4141550,0,0,0,0
4.2819,392,4151550,4095,1,1,1
4.2916,393,4161550,0,0,0,0
4.3020,394,4171551,4095,1,1,1
4.3118,395,4181550,0,0,0,0
4.3220,396,4191550,4095,1,1,1
4.3317,397,4201550,0,0,0,0
4.3419,398,4211550,4095,1,1,1
4.3516,399,4221550,0,0,0,0
4.3619,400,4231550,4095,1,1,1
4.3716,401,4241551,0,0,0,0
4.3819,402,4251550,4095,1,1,1
4.3918,403,4261550,0,0,0,0
4.4020,404,4271551,4095,1,1,1
4.4118,405,4281550,0,0,0,0
4.4220,406,4291550,4095,1,1,1
4.4316,407,4301550,0,0,0,0
4.4419,408,4311550,4095,1,1,1
4.4517,409,4321551,0,0,0,0
4.4620,410,4331550,4095,1,1,1
4.4718,411,4341550,0,0,0,0
4.4820,412,4351551,4095,1,1,1
4.4916,413,4361551,0,0,0,0
4.5020,414,4371550,4095,1,1,1
4.5116,415,4381550,0,0,0,0
4.5219,416,4391550,4095,1,1,1
4.5318,417,4401550,0,0,0,0
4.5418,418,4411550,4095,1,1,1
4.5518,419,4421551,0,0,0,0
4.5619,420,4431550,4095,1,1,1
4.5716,421,4441551,0,0,0,0
4.5820,422,4451550,4095,1,1,1
4.5916,423,4461550,0,0,0,0
4.6019,424,4471550,4095,1,0,1
4.6118,425,4481550,0,0,0,0
4.6219,426,4491550,2946,1,0,1
4.6322,427,4501550,0,0,0,0
4.6425,428,4511551,2977,1,0,1
4.6517,429,4521551,0,0,0,0
4.6620,430,4531550,4095,1,1,1
4.6717,431,4541550,0,0,0,0
4.6818,432,4551550,2928,1,0,1
4.6918,433,4561551,0,0,0,0
4.7019,434,4571550,2945,1,0,1
4.7118,435,4581550,0,0,0,0
4.7218,436,4591550,4095,1,1,1
4.7319,437,4601550,0,0,0,0
4.7419,438,4611550,2891,1,0,1
4.7519,439,4621551,0,0,0,0
4.7618,440,4631550,2864,1,0,1
4.7716,441,4641550,0,0,0,0
4.7818,442,4651550,2886,1,0,1
4.7918,443,4661551,0,0,0,0
4.8019,444,4671550,2832,1,0,1
4.8116,445,4681550,0,0,0,0
4.8219,446,4691551,2801,1,0,1
4.8316,447,4701550,0,0,0,0
4.8420,448,4711550,2781,1,0,1
4.8517,449,4721551,0,0,0,0
4.8619,450,4731550,2775,1,0,1
4.8716,451,4741550,0,0,0,0
4.8818,452,4751550,2702,1,0,1
4.8919,453,4761550,0,0,0,0
4.9019,454,4771550,2694,1,0,1
4.9118,455,4781550,0,0,0,0
4.9219,456,4791551,2634,1,0,1
4.9318,457,4801551,0,0,0,0
4.9423,458,4811550,2618,1,0,1
4.9518,459,4821550,32,0,0,0
4.9621,460,4831550,2505,1,0,1
4.9718,461,4841550,97,0,0,0
4.9818,462,4851551,2416,1,0,1
4.9918,463,4861551,144,0,0,0
5.0019,464,4871550,2323,1,0,1
5.0118,465,4881550,214,0,0,0
5.0219,466,4891550,2193,1,0,1
5.0317,467,4901550,313,0,0,0
5.0420,468,4911550,2112,1,0,1
5.0518,469,4921550,414,0,0,0
5.0618,470,4931550,1984,1,0,1
5.0718,471,4941550,496,0,0,0
5.0819,472,4951550,1879,1,0,1
5.0917,473,4961550,624,0,0,0
5.1018,474,4971550,1673,0,0,0
5.1118,475,4981551,794,0,0,0
5.1218,476,4991550,1520,0,0,0
5.1317,477,5001550,924,0,0,0
5.1418,478,5011550,1353,1,0,1
5.1519,479,5021550,1094,0,0,0
5.1619,480,5031551,1104,0,0,0
5.1718,481,5041550,1341,0,0,0
5.1818,482,5051550,837,0,0,0
5.1918,483,5061551,1579,0,0,0
5.2018,484,5071550,621,0,0,0
5.2119,485,5081550,1763,0,0,0
5.2217,486,5091550,368,0,0,0
5.2318,487,5101550,1968,0,0,0
5.2418,488,5111551,171,0,0,0
5.2518,489,5121551,2141,1,0,1
5.2616,490,5131550,0,0,0,0
5.2719,491,5141550,2320,1,0,1
5.2817,492,5151551,0,0,0,0
5.2918,493,5161550,2537,1,0,1
5.3016,494,5171550,0,0,0,0
5.3118,495,5181550,2708,1,0,1
5.3216,496,5191550,0,0,0,0
5.3319,497,5201550,2883,1,0,1
5.3418,498,5211551,0,0,0,0
5.3518,499,5221550,3089,1,0,1
5.3616,500,5231550,0,0,0,0
5.3718,501,5241550,3301,1,0,1
5.3816,502,5251550,0,0,0,0
5.3919,503,5261551,3553,1,0,1
5.4020,504,5271550,0,0,0,0
5.4118,505,5281551,3845,1,0,1
5.4217,506,5291551,0,0,0,0
5.4320,507,5301550,4095,1,0,1
5.4416,508,5311550,0,0,0,0
5.4518,509,5321550,4095,1,0,1
5.4616,510,5331550,0,0,0,0
5.4718,511,5341550,4095,1,0,1
5.4817,512,5351550,0,0,0,0
5.4919,513,5361550,4095,1,0,1
5.5016,514,5371551,0,0,0,0
5.5118,515,5381550,4095,1,0,1
5.5215,516,5391550,0,0,0,0
5.5318,517,5401550,4095,1,0,1
5.5417,518,5411550,0,0,0,0
5.5520,519,5421550,4095,1,0,1
5.5616,520,5431550,0,0,0,0
5.5718,521,5441550,4095,1,0,1
5.5816,522,5451551,0,0,0,0
5.5918,523,5461550,4095,1,0,1
5.6016,524,5471550,0,0,0,0
5.6118,525,5481551,4095,1,0,1
5.6216,526,5491550,0,0,0,0
5.6318,527,5501550,4095,1,0,1
5.6416,528,5511550,0,0,0,0
5.6518,529,5521550,4095,1,0,1
5.6618,530,5531551,0,0,0,0
5.6718,531,5541550,4095,1,0,1
5.6816,532,5551550,0,0,0,0
5.6918,533,5561550,4095,1,0,1
5.7016,534,5571550,0,0,0,0
5.7118,535,5581550,4095,1,0,1
5.7217,536,5591550,0,0,0,0
5.7318,537,5601551,4095,1,0,1
5.7416,538,5611550,0,0,0,0
5.7520,539,5621550,4095,1,0,1
5.7618,540,5631550,0,0,0,0
5.7719,541,5641551,4095,1,0,1
5.7816,542,5651550,0,0,0,0
5.7919,543,5661550,4095,1,0,1
5.8016,544,5671551,0,0,0,0
5.8119,545,5681550,4095,1,0,1
5.8216,546,5691550,0,0,0,0
5.8320,547,5701550,4095,1,0,1
5.8416,548,5711550,0,0,0,0
5.8519,549,5721551,4095,1,0,1
5.8616,550,5731550,0,0,0,0
5.8718,551,5741550,4095,1,0,1
5.8818,552,5751551,0,0,0,0
5.8919,553,5761550,4095,1,0,1
5.9017,554,5771550,0,0,0,0
5.9119,555,5781551,4095,1,0,1
5.9216,556,5791550,0,0,0,0
5.9318,557,5801550,4095,1,0,1
5.9416,558,5811550,0,0,0,0
5.9521,559,5821551,4095,1,0,1
5.9617,560,5831550,0,0,0,0
5.9718,561,5841550,4095,1,0,1
5.9816,562,5851551,0,0,0,0
5.9918,563,5861550,4095,1,0,1
6.0016,564,5871550,0,0,0,0
6.0119,565,5881550,4095,1,0,1
6.0216,566,5891551,0,0,0,0
6.0319,567,5901550,4095,1,0,1
6.0416,568,5911551,0,0,0,0
6.0518,569,5921550,4095,1,0,1
6.0615,570,5931550,0,0,0,0
6.0718,571,5941550,4095,1,0,1
6.0816,572,5951550,0,0,0,0
6.0919,573,5961550,4095,1,0,1
6.1016,574,5971551,0,0,0,0
6.1118,575,5981550,4095,1,0,1
6.1215,576,5991551,0,0,0,0
6.1319,577,6001550,4095,1,0,1
6.1416,578,6011550,0,0,0,0
6.1519,579,6021550,4095,1,0,1
6.1615,580,6031551,0,0,0,0
6.1718,581,6041550,4095,1,0,1
6.1815,582,6051550,0,0,0,0
6.1918,583,6061550,4095,1,0,1
6.2016,584,6071550,0,0,0,0
6.2121,585,6081551,4095,1,0,1
6.2216,586,6091550,0,0,0,0
6.2320,587,6101551,4095,1,0,1
6.2416,588,6111550,0,0,0,0
6.2519,589,6121550,4095,1,0,1
6.2616,590,6131550,0,0,0,0
6.2718,591,6141550,4095,1,0,1
6.2816,592,6151550,0,0,0,0
6.2918,593,6161550,4095,1,0,1
6.3016,594,6171550,0,0,0,0
6.3119,595,6181550,4095,1,0,1
6.3217,596,6191550,0,0,0,0
6.3320,597,6201550,4095,1,0,1
6.3417,598,6211551,0,0,0,0
6.3520,599,6221550,4095,1,0,1
6.3617,600,6231551,0,0,0,0
6.3718,601,6241550,4095,1,0,1
6.3816,602,6251550,0,0,0,0
6.3918,603,6261550,4095,1,0,1
6.4016,604,6271550,0,0,0,0
6.4118,605,6281550,4095,1,0,1
6.4216,606,6291550,0,0,0,0
6.4318,607,6301551,4095,1,0,1
6.4417,608,6311550,0,0,0,0
6.4520,609,6321550,4095,1,0,1
6.4617,610,6331550,0,0,0,0
6.4719,611,6341550,4095,1,0,1
6.4818,612,6351550,0,0,0,0
6.4920,613,6361550,4095,1,0,1
6.5017,614,6371550,0,0,0,0
6.5118,615,6381550,4095,1,0,1
6.5216,616,6391551,0,0,0,0
6.5318,617,6401550,4095,1,0,1
6.5418,618,6411551,0,0,0,0
6.5521,619,6421550,4095,1,0,1
6.5617,620,6431550,0,0,0,0
6.5720,621,6441551,4095,1,0,1
6.5818,622,6451550,0,0,0,0
6.5920,623,6461550,4095,1,0,1
6.6017,624,6471550,0,0,0,0
6.6120,625,6481550,4095,1,0,1
6.6216,626,6491550,0,0,0,0
6.6319,627,6501551,4095,1,0,1
6.6418,628,6511550,0,0,0,0
6.6519,629,6521550,4095,1,0,1
6.6617,630,6531550,0,0,0,0
6.6719,631,6541550,4095,1,0,1
6.6817,632,6551551,0,0,0,0
6.6920,633,6561550,4095,1,0,1
6.7017,634,6571550,0,0,0,0
6.7118,635,6581550,4095,1,0,1
6.7215,636,6591551,0,0,0,0
6.7318,637,6601550,4095,1,0,1
6.7416,638,6611550,0,0,0,0
6.7520,639,6621550,4095,1,1,1
6.7616,640,6631551,0,0,0,0
6.7719,641,6641550,4095,1,1,1
6.7816,642,6651550,0,0,0,0
6.7919,643,6661551,4095,1,1,1
6.8018,644,6671550,0,0,0,0
6.8119,645,6681551,4095,1,1,1
6.8216,646,6691550,0,0,0,0
6.8318,647,6701550,4095,1,1,1
6.8417,648,6711551,0,0,0,0
6.8522,649,6721550,4095,1,1,1
6.8617,650,6731550,0,0,0,0
6.8719,651,6741550,4095,1,1,1
6.8816,652,6751550,0,0,0,0
6.8918,653,6761550,4095,1,1,1
6.9017,654,6771551,0,0,0,0
6.9118,655,6781550,4095,1,1,1
6.9215,656,6791551,0,0,0,0
6.9320,657,6801550,4095,1,1,1
6.9416,658,6811551,0,0,0,0
6.9520,659,6821550,4095,1,1,1
6.9616,660,6831550,0,0,0,0
6.9720,661,6841551,4095,1,1,1
6.9817,662,6851550,0,0,0,0
6.9919,663,6861550,4095,1,1,1
7.0019,664,6871551,0,0,0,0
7.0120,665,6881550,4095,1,1,1
7.0218,666,6891550,0,0,0,0
7.0319,667,6901551,4095,1,1,1
7.0418,668,6911550,0,0,0,0
7.0518,669,6921550,4095,1,1,1
7.0617,670,6931550,0,0,0,0
7.0719,671,6941550,4095,1,1,1
7.0816,672,6951550,0,0,0,0
7.0919,673,6961550,4095,1,1,1
7.1017,674,6971550,0,0,0,0
7.1120,675,6981550,4095,1,1,1
7.1218,676,6991550,0,0,0,0
7.1319,677,7001551,4095,1,1,1
7.1417,678,7011550,0,0,0,0
7.1520,679,7021550,4095,1,1,1
7.1618,680,7031550,0,0,0,0
7.1719,681,7041551,4095,1,1,1
7.1816,682,7051550,0,0,0,0
7.1918,683,7061550,4095,1,1,1
7.2016,684,7071551,0,0,0,0
7.2118,685,7081550,4095,1,1,1
7.2216,686,7091551,0,0,0,0
7.2318,687,7101550,4095,1,1,1
7.2417,688,7111551,0,0,0,0
7.2520,689,7121550,4095,1,1,1
7.2617,690,7131550,0,0,0,0
7.2719,691,7141550,4095,1,1,1
7.2816,692,7151551,0,0,0,0
7.2918,693,7161550,4095,1,1,1
7.3016,694,7171551,0,0,0,0
7.3120,695,7181550,4095,1,1,1
7.3217,696,7191551,0,0,0,0
7.3319,697,7201550,4095,1,1,1
7.3417,698,7211551,0,0,0,0
7.3520,699,7221550,4095,1,1,1
7.3616,700,7231550,0,0,0,0
7.3719,701,7241550,4095,1,1,1
7.3817,702,7251550,0,0,0,0
7.3918,703,7261550,4095,1,1,1
7.4017,704,7271551,0,0,0,0
7.4120,705,7281550,4095,1,1,1
7.4216,706,7291550,0,0,0,0
7.4319,707,7301551,4095,1,1,1
7.4417,708,7311550,0,0,0,0
7.4520,709,7321550,4095,1,1,1
7.4618,710,7331550,0,0,0,0
7.4719,711,7341550,4095,1,1,1
7.4818,712,7351550,0,0,0,0
7.4920,713,7361550,4095,1,0,1
7.5018,714,7371550,0,0,0,0
7.5120,715,7381551,2927,1,0,1
7.5216,716,7391550,0,0,0,0
7.5319,717,7401550,2931,1,0,1
7.5419,718,7411551,0,0,0,0
7.5519,719,7421550,2914,1,0,1
7.5617,720,7431550,0,0,0,0
7.5719,721,7441551,2914,1,0,1
7.5817,722,7451550,0,0,0,0
7.5919,723,7461550,2924,1,0,1
7.6017,724,7471550,0,0,0,0
7.6119,725,7481550,2902,1,0,1
7.6216,726,7491551,0,0,0,0
7.6320,727,7501550,2910,1,0,1
7.6416,728,7511551,0,0,0,0
7.6519,729,7521550,2910,1,0,1
7.6616,730,7531550,0,0,0,0
7.6718,731,7541550,2861,1,0,1
7.6816,732,7551551,0,0,0,0
7.6918,733,7561550,2832,1,0,1
7.7016,734,7571550,0,0,0,0
7.7118,735,7581551,2819,1,0,1
7.7217,736,7591550,0,0,0,0
7.7319,737,7601550,2781,1,0,1
7.7417,738,7611551,0,0,0,0
7.7518,739,7621550,2779,1,0,1
7.7615,740,7631551,0,0,0,0
7.7718,741,7641550,2725,1,0,1
7.7817,742,7651551,0,0,0,0
7.7918,743,7661550,2687,1,0,1
7.8015,744,7671550,0,0,0,0
7.8120,745,7681550,2602,1,0,1
7.8216,746,7691551,50,0,0,0
7.8318,747,7701550,2507,1,0,1
7.8419,748,7711550,112,0,0,0
7.8518,749,7721550,2429,1,0,1
7.8617,750,7731550,187,0,0,0
7.8719,751,7741550,2308,1,0,1
7.8818,752,7751550,262,0,0,0
7.8919,753,7761551,2217,1,0,1
7.9017,754,7771550,357,0,0,0
7.9119,755,7781550,2087,1,0,1
7.9217,756,7791550,461,0,0,0
7.9318,757,7801550,1986,1,0,1
7.9417,758,7811550,571,0,0,0
7.9519,759,7821550,1820,0,0,0
7.9618,760,7831550,721,0,0,0
7.9719,761,7841551,1615,0,0,0
7.9817,762,7851550,880,0,0,0
7.9918,763,7861550,1449,0,0,0
8.0018,764,7871551,1044,0,0,0
8.0119,765,7881550,1198,0,0,0
8.0219,766,7891551,1294,0,0,0
8.0317,767,7901551,891,0,0,0
8.0418,768,7911550,1559,0,0,0
8.0518,769,7921551,630,0,0,0
8.0619,770,7931550,1776,0,0,0
8.0719,771,7941550,409,0,0,0
8.0818,772,7951551,1945,0,0,0
8.0917,773,7961550,208,0,0,0
8.1018,774,7971550,2157,1,0,1
8.1117,775,7981551,0,0,0,0
8.1220,776,7991550,2363,1,0,1
8.1316,777,8001550,0,0,0,0
8.1419,778,8011550,2559,1,0,1
8.1516,779,8021550,0,0,0,0
8.1619,780,8031550,2737,1,0,1
8.1717,781,8041550,0,0,0,0
8.1818,782,8051550,2938,1,0,1
8.1916,783,8061550,0,0,0,0
8.2019,784,8071551,3177,1,0,1
8.2116,785,8081551,0,0,0,0
8.2219,786,8091550,3383,1,0,1
8.2316,787,8101551,0,0,0,0
8.2420,788,8111550,3687,1,0,1
8.2517,789,8121551,0,0,0,0
8.2618,790,8131550,4053,1,0,1
8.2716,791,8141551,0,0,0,0
8.2818,792,8151550,4095,1,0,1
8.2915,793,8161550,0,0,0,0
8.3018,794,8171551,4095,1,0,1
8.3116,795,8181550,0,0,0,0
8.3218,796,8191551,4095,1,0,1
8.3316,797,8201551,0,0,0,0
8.3419,798,8211550,4095,1,0,1
8.3516,799,8221550,0,0,0,0
8.3618,800,8231551,4095,1,0,1
8.3717,801,8241550,0,0,0,0
8.3818,802,8251550,4095,1,0,1
8.3915,803,8261551,0,0,0,0
8.4018,804,8271550,4095,1,0,1
8.4116,805,8281550,0,0,0,0
8.4219,806,8291550,4095,1,0,1
8.4315,807,8301550,0,0,0,0
8.4418,808,8311550,4095,1,0,1
8.4516,809,8321550,0,0,0,0
8.4619,810,8331550,4095,1,0,1
8.4716,811,8341551,0,0,0,0
8.4819,812,8351550,4095,1,0,1
8.4916,813,8361551,0,0,0,0
8.5019,814,8371550,4095,1,0,1
8.5116,815,8381551,0,0,0,0
8.5218,816,8391550,4095,1,0,1
8.5317,817,8401551,0,0,0,0
8.5418,818,8411550,4095,1,0,1
8.5516,819,8421550,0,0,0,0
8.5618,820,8431550,4095,1,0,1
8.5716,821,8441550,0,0,0,0
8.5819,822,8451551,4095,1,0,1
8.5917,823,8461550,0,0,0,0
8.6018,824,8471550,4095,1,0,1
8.6116,825,8481551,0,0,0,0
8.6219,826,8491550,4095,1,0,1
8.6315,827,8501550,0,0,0,0
8.6419,828,8511550,4095,1,0,1
8.6516,829,8521550,0,0,0,0
8.6618,830,8531551,4095,1,0,1
8.6716,831,8541550,0,0,0,0
8.6819,832,8551550,4095,1,0,1
8.6916,833,8561550,0,0,0,0
8.7018,834,8571550,4095,1,0,1
8.7117,835,8581550,0,0,0,0
8.7218,836,8591551,4095,1,0,1
8.7316,837,8601551,0,0,0,0
8.7419,838,8611550,4095,1,0,1
8.7517,839,8621550,0,0,0,0
8.7619,840,8631550,4095,1,0,1
8.7715,841,8641550,0,0,0,0
8.7819,842,8651550,4095,1,0,1
8.7915,843,8661550,0,0,0,0
8.8019,844,8671551,4095,1,0,1
8.8118,845,8681551,0,0,0,0
8.8220,846,8691550,4095,1,0,1
8.8316,847,8701551,0,0,0,0
8.8419,848,8711550,4095,1,0,1
8.8516,849,8721551,0,0,0,0
8.8618,850,8731550,4095,1,0,1
8.8716,851,8741551,0,0,0,0
8.8820,852,8751550,4095,1,0,1
8.8916,853,8761550,0,0,0,0
8.9018,854,8771550,4095,1,0,1
8.9116,855,8781551,0,0,0,0
8.9218,856,8791550,4095,1,0,1
8.9316,857,8801551,0,0,0,0
8.9418,858,8811550,4095,1,0,1
8.9517,859,8821550,0,0,0,0
8.9619,860,8831551,4095,1,0,1
8.9717,861,8841550,0,0,0,0
8.9819,862,8851550,4095,1,0,1
8.9917,863,8861550,0,0,0,0
9.0020,864,8871551,4095,1,0,1
9.0116,865,8881551,0,0,0,0
9.0220,866,8891550,4095,1,0,1
9.0316,867,8901551,0,0,0,0
9.0418,868,8911550,4095,1,0,1
9.0515,869,8921550,0,0,0,0
9.0620,870,8931551,4095,1,0,1
9.0716,871,8941550,0,0,0,0
9.0819,872,8951550,4095,1,0,1
9.0916,873,8961550,0,0,0,0
9.1019,874,8971550,4095,1,0,1
9.1116,875,8981550,0,0,0,0
9.1218,876,8991550,4095,1,0,1
9.1316,877,9001550,0,0,0,0
9.1420,878,9011551,4095,1,0,1
9.1517,879,9021551,0,0,0,0
9.1619,880,9031550,4095,1,0,1
9.1717,881,9041551,0,0,0,0
9.1819,882,9051550,4095,1,0,1
9.1915,883,9061550,0,0,0,0
9.2020,884,9071550,4095,1,0,1
9.2117,885,9081550,0,0,0,0
9.2219,886,9091550,4095,1,0,1
9.2316,887,9101551,0,0,0,0
9.2418,888,9111550,4095,1,0,1
9.2516,889,9121550,0,0,0,0
9.2618,890,9131551,4095,1,0,1
9.2716,891,9141550,0,0,0,0
9.2818,892,9151550,4095,1,0,1
9.2917,893,9161550,0,0,0,0
9.3018,894,9171550,4095,1,0,1
9.3116,895,9181551,0,0,0,0
9.3218,896,9191550,4095,1,0,1
9.3316,897,9201550,0,0,0,0
9.3418,898,9211551,4095,1,0,1
9.3516,899,9221550,0,0,0,0
9.3618,900,9231550,4095,1,0,1
9.3716,901,9241550,0,0,0,0
9.3818,902,9251550,4095,1,0,1
9.3916,903,9261550,0,0,0,0
9.4018,904,9271550,4095,1,0,1
9.4116,905,9281550,0,0,0,0
9.4218,906,9291551,4095,1,0,1
9.4316,907,9301550,0,0,0,0
9.4418,908,9311550,4095,1,0,1
9.4516,909,9321550,0,0,0,0
9.4618,910,9331550,4095,1,0,1
9.4716,911,9341551,0,0,0,0
9.4818,912,9351550,4095,1,0,1
9.4915,913,9361551,0,0,0,0
9.5018,914,9371550,4095,1,0,1
9.5116,915,9381550,0,0,0,0
9.5218,916,9391550,4095,1,0,1
9.5316,917,9401550,0,0,0,0
9.5418,918,9411550,4095,1,1,1
9.5517,919,9421550,0,0,0,0
9.5618,920,9431550,4095,1,1,1
9.5717,921,9441550,0,0,0,0
9.5818,922,9451550,4095,1,1,1
9.5916,923,9461550,0,0,0,0
9.6018,924,9471550,4095,1,1,1
9.6115,925,9481551,0,0,0,0
9.6218,926,9491550,4095,1,1,1
9.6316,927,9501550,0,0,0,0
9.6419,928,9511551,4095,1,1,1
9.6516,929,9521550,0,0,0,0
9.6620,930,9531551,4095,1,1,1
9.6718,931,9541551,0,0,0,0
9.6819,932,9551550,4095,1,1,1
9.6916,933,9561551,0,0,0,0
9.7019,934,9571550,4095,1,1,1
9.7116,935,9581550,0,0,0,0
9.7218,936,9591550,4095,1,1,1
9.7316,937,9601551,0,0,0,0
9.7418,938,9611550,4095,1,1,1
9.7516,939,9621550,0,0,0,0
9.7618,940,9631551,4095,1,1,1
9.7716,941,9641550,0,0,0,0
9.7818,942,9651550,4095,1,1,1
9.7917,943,9661550,0,0,0,0
9.8019,944,9671550,4095,1,1,1
9.8115,945,9681550,0,0,0,0
9.8219,946,9691550,4095,1,1,1
9.8315,947,9701550,0,0,0,0
9.8419,948,9711550,4095,1,1,1
9.8516,949,9721550,0,0,0,0
9.8618,950,9731551,4095,1,1,1
9.8717,951,9741550,0,0,0,0
9.8818,952,9751550,4095,1,1,1
9.8916,953,9761551,0,0,0,0
9.9018,954,9771550,4095,1,1,1
9.9118,955,9781551,0,0,0,0
9.9218,956,9791550,4095,1,1,1
9.9316,957,9801550,0,0,0,0
9.9418,958,9811551,4095,1,1,1
9.9517,959,9821550,0,0,0,0
9.9618,960,9831550,4095,1,1,1
9.9717,961,9841550,0,0,0,0
9.9819,962,9851550,4095,1,1,1
9.9917,963,9861551,0,0,0,0
10.0019,964,9871550,4095,1,1,1
10.0115,965,9881550,0,0,0,0
10.0218,966,9891551,4095,1,1,1
10.0316,967,9901550,0,0,0,0
10.0419,968,9911551,4095,1,1,1
10.0516,969,9921550,0,0,0,0
10.0618,970,9931551,4095,1,1,1
10.0718,971,9941551,0,0,0,0
10.0818,972,9951550,4095,1,1,1
10.0916,973,9961551,0,0,0,0
10.1018,974,9971550,4095,1,1,1
10.1117,975,9981550,0,0,0,0
10.1218,976,9991550,4095,1,1,1
10.1316,977,10001550,0,0,0,0
10.1419,978,10011550,4095,1,1,1
10.1517,979,10021550,0,0,0,0
10.1619,980,10031550,4095,1,1,1
10.1717,981,10041550,0,0,0,0
10.1819,982,10051550,4095,1,1,1
10.1917,983,10061550,0,0,0,0
10.2019,984,10071550,4095,1,1,1
10.2117,985,10081550,0,0,0,0
10.2219,986,10091550,4095,1,1,1
10.2316,987,10101550,0,0,0,0
10.2419,988,10111550,4095,1,0,1
10.2517,989,10121550,0,0,0,0
10.2619,990,10131550,4095,1,0,1
10.2717,991,10141550,0,0,0,0
10.2820,992,10151550,4095,1,0,1
10.2916,993,10161550,0,0,0,0
10.3020,994,10171550,4095,1,1,1
10.3116,995,10181550,0,0,0,0
10.3219,996,10191551,4095,1,1,1
10.3318,997,10201550,0,0,0,0
10.3419,998,10211551,4095,1,0,1
10.3517,999,10221550,0,0,0,0
10.3620,1000,10231550,4048,1,0,1
10.3718,1001,10241550,0,0,0,0
10.3820,1002,10251551,3981,1,0,1
10.3919,1003,10261550,0,0,0,0
10.4021,1004,10271550,3913,1,0,1
10.4119,1005,10281550,0,0,0,0
10.4221,1006,10291551,3871,1,0,1
10.4318,1007,10301550,0,0,0,0
10.4420,1008,10311551,3444,1,0,1
10.4518,1009,10321550,0,0,0,0
10.4620,1010,10331550,3823,1,0,1
10.4717,1011,10341550,0,0,0,0
10.4820,1012,10351551,3715,1,0,1
10.4918,1013,10361550,0,0,0,0
10.5020,1014,10371551,3732,1,0,1
10.5117,1015,10381550,0,0,0,0
10.5220,1016,10391550,3727,1,0,1
10.5317,1017,10401550,0,0,0,0
10.5420,1018,10411551,3690,1,0,1
10.5517,1019,10421550,0,0,0,0
10.5620,1020,10431550,3607,1,0,1
10.5717,1021,10441550,0,0,0,0
10.5821,1022,10451550,3543,1,0,1
10.5919,1023,10461550,0,0,0,0
10.6020,1024,10471550,3465,1,0,1
10.6119,1025,10481551,0,0,0,0
10.6221,1026,10491550,3394,1,0,1
10.6317,1027,10501551,0,0,0,0
10.6420,1028,10511550,3310,1,0,1
10.6519,1029,10521551,0,0,0,0
10.6621,1030,10531550,3230,1,0,1
10.6719,1031,10541551,1,0,0,0
10.6820,1032,10551550,3111,1,0,1
10.6919,1033,10561550,44,0,0,0
10.7023,1034,10571550,3008,1,0,1
10.7120,1035,10581550,103,0,0,0
10.7223,1036,10591550,2914,1,0,1
10.7321,1037,10601550,188,0,0,0
10.7421,1038,10611551,2805,1,0,1
10.7524,1039,10621550,272,0,0,0
10.7621,1040,10631550,2704,1,0,1
10.7719,1041,10641550,366,0,0,0
10.7822,1042,10651550,2559,1,0,1
10.7920,1043,10661550,447,0,0,0
10.8021,1044,10671550,2452,1,0,1
10.8123,1045,10681551,539,0,0,0
10.8221,1046,10691550,2286,1,0,1
10.8322,1047,10701550,713,0,0,0
10.8423,1048,10711550,2130,1,0,1
10.8521,1049,10721550,811,0,0,0
10.8621,1050,10731551,1936,1,0,1
10.8720,1051,10741550,975,0,0,0
10.8821,1052,10751550,1714,1,0,1
10.8921,1053,10761550,1195,0,0,0
10.9021,1054,10771550,1466,0,0,0
10.9121,1055,10781550,1451,0,0,0
10.9221,1056,10791551,1216,0,0,0
10.9321,1057,10801550,1662,0,0,0
10.9421,1058,10811550,1009,0,0,0
10.9522,1059,10821550,1825,0,0,0
10.9620,1060,10831550,806,0,0,0
10.9721,1061,10841550,1986,0,0,0
10.9820,1062,10851551,582,0,0,0
10.9922,1063,10861550,2202,1,0,1
11.0021,1064,10871550,304,0,0,0
11.0120,1065,10881550,2416,1,0,1
11.0220,1066,10891550,140,0,0,0
11.0320,1067,10901550,2554,1,0,1
11.0419,1068,10911551,0,0,0,0
11.0522,1069,10921550,2731,1,0,1
11.0619,1070,10931550,0,0,0,0
11.0722,1071,10941551,2966,1,0,1
11.0818,1072,10951550,0,0,0,0
11.0922,1073,10961550,3152,1,0,1
11.1018,1074,10971550,0,0,0,0
11.1122,1075,10981551,3347,1,0,1
11.1218,1076,10991550,0,0,0,0
11.1321,1077,11001550,3572,1,0,1
11.1418,1078,11011550,0,0,0,0
11.1521,1079,11021550,3933,1,0,1
11.1618,1080,11031550,0,0,0,0
11.1721,1081,11041550,4095,1,0,1
11.1818,1082,11051551,0,0,0,0
11.1921,1083,11061550,4095,1,0,1
11.2018,1084,11071550,0,0,0,0
11.2121,1085,11081551,4095,1,0,1
11.2219,1086,11091550,0,0,0,0
11.2321,1087,11101550,4095,1,0,1
11.2419,1088,11111551,0,0,0,0
11.2520,1089,11121550,4095,1,0,1
11.2619,1090,11131550,0,0,0,0
11.2721,1091,11141550,4095,1,0,1
11.2819,1092,11151550,0,0,0,0
11.2921,1093,11161551,4095,1,0,1
11.3018,1094,11171550,0,0,0,0
11.3120,1095,11181551,4095,1,0,1
11.3218,1096,11191550,0,0,0,0
11.3321,1097,11201551,4095,1,0,1
11.3418,1098,11211550,0,0,0,0
11.3520,1099,11221551,4095,1,0,1
11.3618,1100,11231550,0,0,0,0
11.3721,1101,11241550,4095,1,0,1
11.3819,1102,11251551,0,0,0,0
11.3920,1103,11261550,4095,1,0,1
11.4018,1104,11271551,0,0,0,0
11.4122,1105,11281550,4095,1,0,1
11.4218,1106,11291551,0,0,0,0
11.4321,1107,11301550,4095,1,0,1
11.4418,1108,11311551,0,0,0,0
11.4522,1109,11321550,4095,1,0,1
11.4618,1110,11331550,0,0,0,0
11.4720,1111,11341550,4095,1,0,1
11.4819,1112,11351550,0,0,0,0
11.4922,1113,11361551,4095,1,0,1
11.5018,1114,11371550,0,0,0,0
11.5120,1115,11381550,4095,1,0,1
11.5217,1116,11391550,0,0,0,0
11.5322,1117,11401551,4095,1,0,1
11.5418,1118,11411550,0,0,0,0
11.5522,1119,11421550,4095,1,0,1
11.5618,1120,11431550,0,0,0,0
11.5721,1121,11441551,4095,1,0,1
11.5819,1122,11451550,0,0,0,0
11.5921,1123,11461550,4095,1,0,1
11.6018,1124,11471550,0,0,0,0
11.6120,1125,11481551,4095,1,0,1
11.6218,1126,11491550,0,0,0,0
11.6320,1127,11501550,4095,1,0,1
11.6418,1128,11511550,0,0,0,0
11.6520,1129,11521550,4095,1,0,1
11.6619,1130,11531550,0,0,0,0
11.6721,1131,11541550,4095,1,0,1
11.6818,1132,11551551,0,0,0,0
11.6921,1133,11561550,4095,1,0,1
11.7019,1134,11571550,0,0,0,0
11.7121,1135,11581550,4095,1,0,1
11.7219,1136,11591550,0,0,0,0
11.7321,1137,11601550,4095,1,0,1
11.7418,1138,11611551,0,0,0,0
11.7522,1139,11621550,4095,1,0,1
11.7620,1140,11631551,0,0,0,0
11.7722,1141,11641550,4095,1,0,1
11.7819,1142,11651550,0,0,0,0
11.7922,1143,11661550,4095,1,0,1
11.8018,1144,11671550,0,0,0,0
11.8122,1145,11681550,4095,1,0,1
11.8219,1146,11691551,0,0,0,0
11.8321,1147,11701550,4095,1,0,1
11.8418,1148,11711550,0,0,0,0
11.8521,1149,11721550,4095,1,0,1
11.8618,1150,11731551,0,0,0,0
11.8721,1151,11741550,4095,1,0,1
11.8819,1152,11751551,0,0,0,0
11.8921,1153,11761550,4095,1,0,1
11.9018,1154,11771551,0,0,0,0
11.9122,1155,11781550,4095,1,0,1
11.9218,1156,11791551,0,0,0,0
11.9322,1157,11801550,4095,1,0,1
11.9418,1158,11811550,0,0,0,0
11.9521,1159,11821551,4095,1,0,1
11.9617,1160,11831550,0,0,0,0
11.9721,1161,11841550,4095,1,0,1
11.9818,1162,11851550,0,0,0,0
11.9922,1163,11861550,4095,1,0,1
12.0018,1164,11871550,0,0,0,0
12.0122,1165,11881550,4095,1,0,1
12.0219,1166,11891551,0,0,0,0
12.0321,1167,11901550,4095,1,0,1
12.0418,1168,11911551,0,0,0,0
12.0522,1169,11921550,4095,1,0,1
12.0618,1170,11931551,0,0,0,0
12.0720,1171,11941550,4095,1,0,1
12.0818,1172,11951551,0,0,0,0
12.0922,1173,11961550,4095,1,0,1
12.1018,1174,11971551,0,0,0,0
12.1121,1175,11981550,4095,1,0,1
12.1219,1176,11991551,0,0,0,0
12.1322,1177,12001550,4095,1,0,1
12.1418,1178,12011550,0,0,0,0
12.1522,1179,12021550,4095,1,0,1
12.1618,1180,12031550,0,0,0,0
12.1721,1181,12041550,4095,1,0,1
12.1818,1182,12051550,0,0,0,0
12.1920,1183,12061550,4095,1,0,1
12.2019,1184,12071550,0,0,0,0
12.2120,1185,12081550,4095,1,0,1
12.2218,1186,12091551,0,0,0,0
12.2322,1187,12101550,4095,1,0,1
12.2419,1188,12111550,0,0,0,0
12.2523,1189,12121550,4095,1,0,1
12.2619,1190,12131550,0,0,0,0
12.2720,1191,12141550,4095,1,0,1
12.2818,1192,12151551,0,0,0,0
12.2921,1193,12161550,4095,1,0,1
12.3019,1194,12171550,0,0,0,0
12.3121,1195,12181551,4095,1,0,1
12.3219,1196,12191550,0,0,0,0
12.3321,1197,12201550,4095,1,0,1
12.3419,1198,12211550,0,0,0,0
12.3520,1199,12221551,4095,1,0,1
12.3619,1200,12231550,0,0,0,0
12.3720,1201,12241550,4095,1,0,1
12.3819,1202,12251550,0,0,0,0
12.3921,1203,12261551,4095,1,0,1
12.4019,1204,12271550,0,0,0,0
12.4120,1205,12281550,4095,1,0,1
12.4218,1206,12291550,0,0,0,0
12.4321,1207,12301550,4095,1,0,1
12.4420,1208,12311550,0,0,0,0
12.4521,1209,12321551,4095,1,0,1
12.4619,1210,12331550,0,0,0,0
12.4720,1211,12341550,4095,1,0,1
12.4819,1212,12351551,0,0,0,0
12.4920,1213,12361550,4095,1,0,1
12.5020,1214,12371550,0,0,0,0
12.5121,1215,12381550,4095,1,0,1
12.5218,1216,12391551,0,0,0,0
12.5321,1217,12401551,4095,1,0,1
12.5419,1218,12411550,0,0,0,0
12.5520,1219,12421550,4095,1,0,1
12.5619,1220,12431551,0,0,0,0
12.5720,1221,12441550,4095,1,0,1
12.5820,1222,12451551,0,0,0,0
12.5921,1223,12461550,4095,1,0,1
12.6020,1224,12471551,0,0,0,0
12.6120,1225,12481550,4095,1,0,1
12.6217,1226,12491551,0,0,0,0
12.6320,1227,12501550,4095,1,0,1
12.6417,1228,12511551,0,0,0,0
12.6520,1229,12521550,4095,1,0,1
12.6617,1230,12531551,0,0,0,0
12.6720,1231,12541550,4095,1,0,1
12.6818,1232,12551551,0,0,0,0
12.6921,1233,12561550,4095,1,0,1
12.7018,1234,12571551,0,0,0,0
12.7121,1235,12581550,4095,1,0,1
12.7218,1236,12591551,0,0,0,0
12.7321,1237,12601550,4095,1,0,1
12.7419,1238,12611550,0,0,0,0
12.7521,1239,12621550,4095,1,0,1
12.7619,1240,12631550,0,0,0,0
12.7720,1241,12641550,4095,1,0,1
12.7819,1242,12651550,0,0,0,0
12.7920,1243,12661550,4095,1,0,1
12.8019,1244,12671551,0,0,0,0
12.8121,1245,12681550,4095,1,0,1
12.8219,1246,12691550,0,0,0,0
12.8321,1247,12701550,4095,1,0,1
12.8419,1248,12711551,0,0,0,0
12.8521,1249,12721550,4095,1,0,1
12.8619,1250,12731551,0,0,0,0
12.8721,1251,12741550,4095,1,0,1
12.8818,1252,12751551,0,0,0,0
12.8921,1253,12761550,4095,1,0,1
12.9018,1254,12771550,0,0,0,0
12.9121,1255,12781550,4095,1,0,1
12.9218,1256,12791550,0,0,0,0
12.9321,1257,12801550,4095,1,0,1
12.9420,1258,12811551,0,0,0,0
12.9521,1259,12821550,4095,1,0,1
12.9619,1260,12831550,0,0,0,0
12.9721,1261,12841550,4095,1,0,1
12.9820,1262,12851551,0,0,0,0
12.9920,1263,12861550,4095,1,0,1
13.0018,1264,12871551,0,0,0,0
13.0120,1265,12881550,4095,1,0,1
13.0218,1266,12891550,0,0,0,0
13.0321,1267,12901550,4095,1,0,1
13.0419,1268,12911551,0,0,0,0
13.0520,1269,12921550,4095,1,0,1
13.0618,1270,12931551,0,0,0,0
13.0721,1271,12941550,4095,1,0,1
13.0818,1272,12951550,0,0,0,0
13.0921,1273,12961550,4095,1,0,1
13.1021,1274,12971550,0,0,0,0
13.1121,1275,12981550,4095,1,0,1
13.1221,1276,12991550,0,0,0,0
13.1322,1277,13001551,4095,1,0,1
13.1419,1278,13011550,0,0,0,0
13.1521,1279,13021551,4095,1,0,1
13.1618,1280,13031550,0,0,0,0
13.1722,1281,13041550,4095,1,0,1
13.1817,1282,13051550,0,0,0,0
13.1920,1283,13061550,4095,1,0,1
13.2020,1284,13071550,0,0,0,0
13.2120,1285,13081550,4095,1,0,1
13.2220,1286,13091551,0,0,0,0
13.2322,1287,13101550,4095,1,0,1
13.2420,1288,13111551,0,0,0,0
13.2521,1289,13121550,4095,1,0,1
13.2618,1290,13131551,0,0,0,0
13.2721,1291,13141550,4095,1,0,1
13.2819,1292,13151551,0,0,0,0
13.2921,1293,13161550,4095,1,0,1
13.3018,1294,13171551,0,0,0,0
13.3121,1295,13181550,4095,1,0,1
13.3219,1296,13191551,0,0,0,0
13.3321,1297,13201550,4095,1,0,1
13.3419,1298,13211550,0,0,0,0
13.3520,1299,13221551,4095,1,0,1
13.3619,1300,13231550,0,0,0,0
13.3721,1301,13241550,4095,1,0,1
13.3819,1302,13251550,0,0,0,0
13.3920,1303,13261551,4095,1,0,1
13.4018,1304,13271550,0,0,0,0
13.4120,1305,13281550,4095,1,0,1
13.4219,1306,13291550,0,0,0,0
13.4320,1307,13301551,4095,1,0,1
13.4418,1308,13311550,0,0,0,0
13.4520,1309,13321551,4095,1,0,1
13.4618,1310,13331550,0,0,0,0
13.4720,1311,13341550,4095,1,0,1
13.4820,1312,13351551,0,0,0,0
13.4924,1313,13361550,4095,1,0,1
13.5019,1314,13371551,0,0,0,0
13.5120,1315,13381550,4095,1,0,1
13.5220,1316,13391551,0,0,0,0
13.5320,1317,13401550,4095,1,0,1
13.5419,1318,13411551,0,0,0,0
13.5520,1319,13421550,4095,1,0,1
13.5621,1320,13431551,0,0,0,0
13.5721,1321,13441550,4091,1,0,1
13.5822,1322,13451550,0,0,0,0
13.5921,1323,13461550,4053,1,0,1
13.6020,1324,13471551,0,0,0,0
13.6121,1325,13481550,4003,1,0,1
13.6219,1326,13491550,0,0,0,0
13.6323,1327,13501550,3969,1,0,1
13.6419,1328,13511551,0,0,0,0
13.6520,1329,13521550,3957,1,0,1
13.6619,1330,13531551,0,0,0,0
13.6720,1331,13541550,3935,1,0,1
13.6820,1332,13551551,0,0,0,0
13.6920,1333,13561550,3915,1,0,1
13.7018,1334,13571551,0,0,0,0
13.7120,1335,13581550,3840,1,0,1
13.7220,1336,13591550,0,0,0,0
13.7322,1337,13601550,3777,1,0,1
13.7419,1338,13611551,0,0,0,0
13.7521,1339,13621550,3744,1,0,1
13.7619,1340,13631551,0,0,0,0
13.7723,1341,13641550,3648,1,0,1
13.7822,1342,13651551,0,0,0,0
13.7920,1343,13661550,3648,1,0,1
13.8025,1344,13671551,0,0,0,0
13.8120,1345,13681550,3521,1,0,1
13.8219,1346,13691551,0,0,0,0
13.8322,1347,13701550,3514,1,0,1
13.8420,1348,13711550,0,0,0,0
13.8522,1349,13721551,3495,1,0,1
13.8620,1350,13731550,0,0,0,0
13.8720,1351,13741550,3423,1,0,1
13.8818,1352,13751550,0,0,0,0
13.8925,1353,13761551,3357,1,0,1
13.9019,1354,13771550,0,0,0,0
13.9120,1355,13781551,3291,1,0,1
13.9219,1356,13791550,0,0,0,0
13.9321,1357,13801550,3226,1,0,1
13.9421,1358,13811550,2,0,0,0
13.9529,1359,13821551,3120,1,0,1
13.9620,1360,13831550,43,0,0,0
13.9720,1361,13841550,3030,1,0,1
13.9821,1362,13851550,90,0,0,0
13.9922,1363,13861551,2949,1,0,1
14.0025,1364,13871550,151,0,0,0
14.0122,1365,13881551,2863,1,0,1
14.0220,1366,13891550,222,0,0,0
14.0321,1367,13901550,2752,1,0,1
14.0422,1368,13911551,295,0,0,0
14.0522,1369,13921550,2657,1,0,1
14.0623,1370,13931551,373,0,0,0
14.0722,1371,13941550,2097,1,0,1
14.0820,1372,13951551,479,0,0,0
14.0922,1373,13961550,2221,1,0,1
14.1019,1374,13971551,624,0,0,0
14.1122,1375,13981551,2299,1,0,1
14.1220,1376,13991550,650,0,0,0
14.1322,1377,14001550,2176,1,0,1
14.1420,1378,14011550,784,0,0,0
14.1522,1379,14021550,2067,1,0,1
14.1619,1380,14031551,878,0,0,0
14.1723,1381,14041550,1901,1,0,1
14.1820,1382,14051551,1022,0,0,0
14.1922,1383,14061551,1694,1,0,1
14.2024,1384,14071550,1229,0,0,0
14.2120,1385,14081550,1483,0,0,0
14.2224,1386,14091551,1467,0,0,0
14.2321,1387,14101550,1241,0,0,0
14.2424,1388,14111551,1651,0,0,0
14.2523,1389,14121550,1051,0,0,0
14.2623,1390,14131550,1805,0,0,0
14.2720,1391,14141550,867,0,0,0
14.2821,1392,14151550,1945,0,0,0
14.2920,1393,14161551,686,0,0,0
14.3021,1394,14171550,2119,1,0,1
14.3120,1395,14181551,487,0,0,0
14.3221,1396,14191550,2283,1,0,1
14.3320,1397,14201550,295,0,0,0
14.3422,1398,14211550,2422,1,0,1
14.3521,1399,14221550,129,0,0,0
14.3622,1400,14231550,2592,1,0,1
14.3720,1401,14241550,0,0,0,0
14.3821,1402,14251550,2706,1,0,1
14.3921,1403,14261550,0,0,0,0
14.4021,1404,14271550,2878,1,0,1
14.4121,1405,14281550,0,0,0,0
14.4220,1406,14291550,3041,1,0,1
14.4318,1407,14301550,0,0,0,0
14.4422,1408,14311550,3239,1,0,1
14.4519,1409,14321550,0,0,0,0
14.4622,1410,14331551,3423,1,0,1
14.4719,1411,14341550,0,0,0,0
14.4821,1412,14351550,3657,1,0,1
14.4919,1413,14361550,0,0,0,0
14.5021,1414,14371551,3946,1,0,1
14.5119,1415,14381550,0,0,0,0
14.5221,1416,14391551,4095,1,0,1
14.5319,1417,14401550,0,0,0,0
14.5421,1418,14411550,4095,1,0,1
14.5518,1419,14421550,0,0,0,0
14.5621,1420,14431550,4095,1,0,1
14.5718,1421,14441550,0,0,0,0
14.5821,1422,14451550,4095,1,0,1
14.5919,1423,14461550,0,0,0,0
14.6020,1424,14471551,4095,1,0,1
14.6118,1425,14481550,0,0,0,0
14.6220,1426,14491550,4095,1,0,1
14.6318,1427,14501550,0,0,0,0
14.6419,1428,14511550,4095,1,0,1
14.6518,1429,14521550,0,0,0,0
14.6621,1430,14531551,4095,1,0,1
14.6718,1431,14541550,0,0,0,0
14.6821,1432,14551550,4095,1,0,1
14.6919,1433,14561550,0,0,0,0
14.7022,1434,14571550,4095,1,0,1
14.7118,1435,14581550,0,0,0,0
14.7221,1436,14591551,4095,1,0,1
14.7318,1437,14601550,0,0,0,0
14.7421,1438,14611550,4095,1,0,1
14.7517,1439,14621551,0,0,0,0
14.7621,1440,14631550,4095,1,0,1
14.7718,1441,14641550,0,0,0,0
14.7820,1442,14651550,4095,1,0,1
14.7917,1443,14661551,0,0,0,0
14.8023,1444,14671550,4095,1,0,1
14.8118,1445,14681550,0,0,0,0
14.8220,1446,14691551,4095,1,0,1
14.8318,1447,14701550,0,0,0,0
14.8421,1448,14711551,4095,1,0,1
14.8517,1449,14721550,0,0,0,0
14.8621,1450,14731550,4095,1,0,1
14.8718,1451,14741550,0,0,0,0
14.8822,1452,14751550,4095,1,0,1
14.8919,1453,14761550,0,0,0,0
14.9021,1454,14771551,4095,1,0,1
14.9118,1455,14781550,0,0,0,0
14.9221,1456,14791550,4095,1,0,1
14.9319,1457,14801550,0,0,0,0
14.9421,1458,14811551,4095,1,0,1
14.9519,1459,14821550,0,0,0,0
14.9620,1460,14831550,4095,1,0,1
14.9718,1461,14841550,0,0,0,0
14.9821,1462,14851551,4095,1,0,1
14.9919,1463,14861550,0,0,0,0
15.0021,1464,14871551,4095,1,0,1
15.0119,1465,14881550,0,0,0,0
15.0220,1466,14891551,4095,1,0,1
15.0317,1467,14901550,0,0,0,0
15.0420,1468,14911550,4095,1,0,1
15.0518,1469,14921550,0,0,0,0
15.0621,1470,14931550,4095,1,0,1
15.0719,1471,14941550,0,0,0,0
15.0821,1472,14951550,4095,1,0,1
15.0920,1473,14961550,0,0,0,0
15.1022,1474,14971551,4095,1,0,1
15.1118,1475,14981550,0,0,0,0
15.1221,1476,14991550,4095,1,0,1
15.1320,1477,15001550,0,0,0,0
15.1421,1478,15011551,4095,1,0,1
15.1518,1479,15021550,0,0,0,0
15.1623,1480,15031551,4095,1,0,1
15.1719,1481,15041550,0,0,0,0
15.1823,1482,15051550,4095,1,0,1
15.1919,1483,15061550,0,0,0,0
15.2021,1484,15071550,4095,1,0,1
15.2121,1485,15081550,0,0,0,0
15.2221,1486,15091551,4095,1,0,1
15.2318,1487,15101550,0,0,0,0
15.2421,1488,15111550,4095,1,0,1
15.2519,1489,15121550,0,0,0,0
15.2621,1490,15131550,4095,1,0,1
15.2718,1491,15141550,0,0,0,0
15.2820,1492,15151550,4095,1,0,1
15.2918,1493,15161550,0,0,0,0
15.3021,1494,15171551,4095,1,0,1
15.3119,1495,15181550,0,0,0,0
15.3221,1496,15191550,4095,1,0,1
15.3319,1497,15201550,0,0,0,0
15.3421,1498,15211550,4095,1,0,1
15.3518,1499,15221551,0,0,0,0
15.3621,1500,15231550,4095,1,0,1
15.3718,1501,15241550,0,0,0,0
15.3821,1502,15251551,4095,1,0,1
15.3919,1503,15261550,0,0,0,0
15.4021,1504,15271550,4095,1,0,1
15.4119,1505,15281551,0,0,0,0
15.4221,1506,15291550,4095,1,0,1
15.4318,1507,15301550,0,0,0,0
15.4421,1508,15311551,4095,1,0,1
15.4518,1509,15321550,0,0,0,0
15.4621,1510,15331550,4095,1,0,1
15.4719,1511,15341550,0,0,0,0
15.4821,1512,15351551,4095,1,0,1
15.4919,1513,15361550,0,0,0,0
15.5021,1514,15371550,4095,1,0,1
15.5119,1515,15381550,0,0,0,0
15.5221,1516,15391551,4095,1,0,1
15.5319,1517,15401550,0,0,0,0
15.5421,1518,15411550,4095,1,0,1
15.5518,1519,15421550,0,0,0,0
15.5621,1520,15431551,4095,1,0,1
15.5720,1521,15441551,0,0,0,0
15.5820,1522,15451550,4095,1,0,1
15.5919,1523,15461550,0,0,0,0
15.6021,1524,15471551,4095,1,0,1
15.6119,1525,15481550,0,0,0,0
15.6220,1526,15491551,4095,1,0,1
15.6318,1527,15501550,0,0,0,0
15.6421,1528,15511551,4095,1,0,1
15.6519,1529,15521550,0,0,0,0
15.6622,1530,15531551,4095,1,0,1
15.6719,1531,15541550,0,0,0,0
15.6820,1532,15551550,4095,1,0,1
15.6920,1533,15561551,0,0,0,0
15.7022,1534,15571550,4095,1,0,1
15.7118,1535,15581551,0,0,0,0
15.7220,1536,15591550,4095,1,0,1
15.7320,1537,15601551,0,0,0,0
15.7421,1538,15611550,4095,1,0,1
15.7519,1539,15621550,0,0,0,0
15.7621,1540,15631550,4095,1,0,1
15.7718,1541,15641550,0,0,0,0
15.7821,1542,15651550,4095,1,0,1
15.7919,1543,15661550,0,0,0,0
15.8021,1544,15671550,4095,1,0,1
15.8120,1545,15681551,0,0,0,0
15.8221,1546,15691550,4095,1,0,1
15.8321,1547,15701551,0,0,0,0
15.8421,1548,15711550,4095,1,0,1
15.8519,1549,15721550,0,0,0,0
15.8620,1550,15731551,4095,1,0,1
15.8718,1551,15741550,0,0,0,0
15.8822,1552,15751550,4095,1,0,1
15.8919,1553,15761550,0,0,0,0
15.9022,1554,15771550,4095,1,0,1
15.9118,1555,15781550,0,0,0,0
15.9221,1556,15791551,4095,1,0,1
15.9318,1557,15801550,0,0,0,0
15.9421,1558,15811550,4095,1,0,1
15.9519,1559,15821551,0,0,0,0
15.9621,1560,15831550,4095,1,0,1
15.9719,1561,15841550,0,0,0,0
15.9823,1562,15851551,4095,1,0,1
15.9919,1563,15861550,0,0,0,0
16.0021,1564,15871551,4095,1,0,1
16.0118,1565,15881550,0,0,0,0
16.0220,1566,15891550,4095,1,0,1
16.0321,1567,15901550,0,0,0,0
16.0421,1568,15911550,4095,1,0,1
16.0520,1569,15921550,0,0,0,0
16.0622,1570,15931550,4095,1,0,1
16.0719,1571,15941550,0,0,0,0
16.0822,1572,15951551,4095,1,0,1
16.0919,1573,15961550,0,0,0,0
16.1020,1574,15971550,4095,1,0,1
16.1119,1575,15981550,0,0,0,0
16.1220,1576,15991551,4095,1,0,1
16.1320,1577,16001550,0,0,0,0
16.1421,1578,16011551,4095,1,0,1
16.1519,1579,16021550,0,0,0,0
16.1621,1580,16031550,4095,1,0,1
16.1720,1581,16041550,0,0,0,0
16.1821,1582,16051550,4095,1,0,1
16.1918,1583,16061550,0,0,0,0
16.2020,1584,16071550,4095,1,0,1
16.2118,1585,16081551,0,0,0,0
16.2220,1586,16091550,4095,1,0,1
16.2321,1587,16101551,0,0,0,0
16.2422,1588,16111550,4095,1,0,1
16.2523,1589,16121550,0,0,0,0
16.2620,1590,16131551,4095,1,0,1
16.2720,1591,16141550,0,0,0,0
16.2821,1592,16151551,4095,1,0,1
16.2920,1593,16161550,0,0,0,0
16.3021,1594,16171550,4095,1,0,1
16.3119,1595,16181551,0,0,0,0
16.3223,1596,16191550,4095,1,0,1
16.3320,1597,16201550,0,0,0,0
16.3421,1598,16211551,4095,1,0,1
16.3521,1599,16221550,0,0,0,0
16.3623,1600,16231550,4095,1,0,1
16.3720,1601,16241550,0,0,0,0
16.3821,1602,16251550,4095,1,0,1
16.3921,1603,16261550,0,0,0,0
16.4025,1604,16271550,4095,1,0,1
16.4121,1605,16281550,0,0,0,0
16.4220,1606,16291550,4095,1,0,1
16.4320,1607,16301550,0,0,0,0
16.4421,1608,16311550,4095,1,0,1
16.4521,1609,16321550,0,0,0,0
16.4621,1610,16331551,4095,1,0,1
16.4718,1611,16341550,0,0,0,0
16.4821,1612,16351551,4095,1,0,1
16.4918,1613,16361550,0,0,0,0
16.5020,1614,16371550,4095,1,0,1
16.5121,1615,16381550,0,0,0,0
16.5223,1616,16391550,4095,1,0,1
16.5318,1617,16401550,0,0,0,0
16.5421,1618,16411551,4095,1,0,1
16.5518,1619,16421550,0,0,0,0
16.5620,1620,16431550,4095,1,0,1
16.5718,1621,16441550,0,0,0,0
16.5822,1622,16451551,4095,1,0,1
16.5918,1623,16461550,0,0,0,0
16.6023,1624,16471551,4095,1,0,1
16.6119,1625,16481550,0,0,0,0
16.6222,1626,16491550,4095,1,0,1
16.6320,1627,16501550,0,0,0,0
16.6423,1628,16511551,4095,1,0,1
16.6522,1629,16521550,0,0,0,0
16.6621,1630,16531551,4095,1,0,1
16.6718,1631,16541550,0,0,0,0
16.6822,1632,16551550,4095,1,0,1
16.6918,1633,16561550,0,0,0,0
16.7021,1634,16571550,4095,1,0,1
16.7119,1635,16581550,0,0,0,0
16.7222,1636,16591551,4095,1,0,1
16.7318,1637,16601550,0,0,0,0
16.7423,1638,16611551,4095,1,0,1
16.7519,1639,16621550,0,0,0,0
16.7622,1640,16631550,4095,1,0,1
16.7718,1641,16641550,0,0,0,0
16.7821,1642,16651550,4095,1,0,1
16.7917,1643,16661550,0,0,0,0
16.8022,1644,16671550,4095,1,0,1
16.8120,1645,16681550,0,0,0,0
16.8220,1646,16691551,4095,1,0,1
16.8320,1647,16701550,0,0,0,0
16.8423,1648,16711550,4095,1,0,1
16.8519,1649,16721550,0,0,0,0
16.8621,1650,16731551,4095,1,0,1
16.8719,1651,16741550,0,0,0,0
16.8821,1652,16751550,4095,1,0,1
16.8917,1653,16761550,0,0,0,0
16.9022,1654,16771551,4095,1,0,1
16.9118,1655,16781550,0,0,0,0
16.9222,1656,16791551,4095,1,0,1
16.9320,1657,16801550,0,0,0,0
16.9421,1658,16811550,4095,1,0,1
16.9525,1659,16821550,0,0,0,0
16.9622,1660,16831551,4095,1,0,1
16.9720,1661,16841550,0,0,0,0
16.9824,1662,16851550,4095,1,0,1
16.9917,1663,16861550,0,0,0,0
17.0020,1664,16871550,4095,1,0,1
17.0118,1665,16881550,0,0,0,0
17.0220,1666,16891550,4095,1,0,1
17.0317,1667,16901550,0,0,0,0
17.0420,1668,16911551,4095,1,0,1
17.0517,1669,16921550,0,0,0,0
17.0621,1670,16931551,4095,1,0,1
17.0718,1671,16941550,0,0,0,0
17.0823,1672,16951551,4095,1,0,1
17.0919,1673,16961550,0,0,0,0
17.1025,1674,16971551,4095,1,0,1
17.1118,1675,16981550,0,0,0,0
17.1222,1676,16991551,4095,1,0,1
17.1317,1677,17001550,0,0,0,0
17.1422,1678,17011551,4095,1,0,1
17.1519,1679,17021550,0,0,0,0
17.1623,1680,17031550,4095,1,0,1
17.1720,1681,17041550,0,0,0,0
17.1823,1682,17051550,4095,1,0,1
17.1918,1683,17061551,0,0,0,0
17.2022,1684,17071550,4095,1,0,1
17.2118,1685,17081551,0,0,0,0
17.2223,1686,17091550,4095,1,0,1
17.2317,1687,17101550,0,0,0,0
17.2421,1688,17111551,4095,1,0,1
17.2524,1689,17121550,0,0,0,0
17.2621,1690,17131550,4091,1,0,1
17.2719,1691,17141551,0,0,0,0
17.2822,1692,17151550,4031,1,0,1
17.2918,1693,17161550,0,0,0,0
17.3026,1694,17171551,4007,1,0,1
17.3118,1695,17181550,0,0,0,0
17.3221,1696,17191550,3980,1,0,1
17.3320,1697,17201550,0,0,0,0
17.3420,1698,17211551,3976,1,0,1
17.3523,1699,17221550,0,0,0,0
17.3621,1700,17231550,3977,1,0,1
17.3719,1701,17241550,0,0,0,0
17.3823,1702,17251550,3897,1,0,1
17.3919,1703,17261551,0,0,0,0
17.4020,1704,17271550,3856,1,0,1
17.4118,1705,17281550,0,0,0,0
17.4222,1706,17291551,3795,1,0,1
17.4318,1707,17301550,0,0,0,0
17.4421,1708,17311550,3770,1,0,1
17.4519,1709,17321550,0,0,0,0
17.4620,1710,17331550,3679,1,0,1
17.4719,1711,17341550,0,0,0,0
17.4822,1712,17351550,3639,1,0,1
17.4918,1713,17361551,0,0,0,0
17.5021,1714,17371550,3634,1,0,1
17.5117,1715,17381550,0,0,0,0
17.5221,1716,17391551,3583,1,0,1
17.5319,1717,17401550,0,0,0,0
17.5421,1718,17411551,3427,1,0,1
17.5518,1719,17421550,0,0,0,0
17.5621,1720,17431550,3403,1,0,1
17.5719,1721,17441550,0,0,0,0
17.5820,1722,17451550,3373,1,0,1
17.5919,1723,17461550,0,0,0,0
17.6022,1724,17471550,3312,1,0,1
17.6119,1725,17481550,0,0,0,0
17.6221,1726,17491551,3249,1,0,1
17.6318,1727,17501550,0,0,0,0
17.6422,1728,17511550,3185,1,0,1
17.6519,1729,17521551,0,0,0,0
17.6622,1730,17531550,3121,1,0,1
17.6719,1731,17541551,21,0,0,0
17.6823,1732,17551550,3029,1,0,1
17.6921,1733,17561550,63,0,0,0
17.7026,1734,17571551,2962,1,0,1
17.7121,1735,17581550,119,0,0,0
17.7220,1736,17591550,2894,1,0,1
17.7323,1737,17601550,164,0,0,0
17.7421,1738,17611550,2799,1,0,1
17.7521,1739,17621550,227,0,0,0
17.7621,1740,17631550,2723,1,0,1
17.7721,1741,17641550,287,0,0,0
17.7822,1742,17651551,2643,1,0,1
17.7919,1743,17661550,366,0,0,0
17.8021,1744,17671551,2559,1,0,1
17.8121,1745,17681550,413,0,0,0
17.8222,1746,17691550,2454,1,0,1
17.8321,1747,17701551,480,0,0,0
17.8422,1748,17711550,2365,1,0,1
17.8529,1749,17721550,583,0,0,0
17.8620,1750,17731550,2218,1,0,1
17.8719,1751,17741550,763,0,0,0
17.8822,1752,17751551,2072,1,0,1
17.8923,1753,17761550,913,0,0,0
17.9028,1754,17771550,1913,1,0,1
17.9123,1755,17781551,1038,0,0,0
17.9221,1756,17791550,1703,1,0,1
17.9322,1757,17801550,1232,0,0,0
17.9424,1758,17811550,1490,0,0,0
17.9520,1759,17821550,1408,0,0,0
17.9620,1760,17831550,1296,0,0,0
17.9720,1761,17841551,1589,0,0,0
17.9823,1762,17851550,1121,0,0,0
17.9921,1763,17861550,1723,0,0,0
18.0023,1764,17871551,962,0,0,0
18.0120,1765,17881550,1845,0,0,0
18.0221,1766,17891550,786,0,0,0
18.0323,1767,17901551,1985,0,0,0
18.0419,1768,17911550,609,0,0,0
18.0522,1769,17921551,2131,1,0,1
18.0619,1770,17931550,431,0,0,0
18.0725,1771,17941550,2306,1,0,1
18.0820,1772,17951551,250,0,0,0
18.0923,1773,17961550,2462,1,0,1
18.1021,1774,17971551,118,0,0,0
18.1121,1775,17981550,2559,1,0,1
18.1218,1776,17991550,0,0,0,0
18.1322,1777,18001551,2699,1,0,1
18.1417,1778,18011550,0,0,0,0
18.1521,1779,18021551,3349,1,0,1
18.1618,1780,18031550,0,0,0,0
18.1724,1781,18041551,2783,1,0,1
18.1820,1782,18051550,0,0,0,0
18.1923,1783,18061551,2887,1,0,1
18.2017,1784,18071550,0,0,0,0
18.2123,1785,18081550,2993,1,0,1
18.2217,1786,18091551,0,0,0,0
18.2320,1787,18101550,3138,1,0,1
18.2418,1788,18111550,0,0,0,0
18.2523,1789,18121551,3311,1,0,1
18.2620,1790,18131550,0,0,0,0
18.2721,1791,18141550,3501,1,0,1
18.2821,1792,18151550,0,0,0,0
18.2922,1793,18161551,3671,1,0,1
18.3020,1794,18171550,0,0,0,0
18.3122,1795,18181550,3870,1,0,1
18.3219,1796,18191550,0,0,0,0
18.3320,1797,18201550,4053,1,0,1
18.3418,1798,18211551,0,0,0,0
18.3521,1799,18221550,4095,1,0,1
18.3621,1800,18231551,0,0,0,0
18.3721,1801,18241550,4095,1,0,1
18.3818,1802,18251550,0,0,0,0
18.3924,1803,18261551,4095,1,0,1
18.4021,1804,18271550,0,0,0,0
18.4122,1805,18281550,4095,1,0,1
18.4218,1806,18291550,0,0,0,0
18.4320,1807,18301551,4095,1,0,1
18.4417,1808,18311550,0,0,0,0
18.4525,1809,18321551,4095,1,0,1
18.4618,1810,18331550,0,0,0,0
18.4722,1811,18341551,4095,1,0,1
18.4820,1812,18351550,0,0,0,0
18.4923,1813,18361551,4095,1,0,1
18.5024,1814,18371550,0,0,0,0
18.5121,1815,18381551,4095,1,0,1
18.5221,1816,18391550,0,0,0,0
18.5323,1817,18401550,4095,1,0,1
18.5420,1818,18411551,0,0,0,0
18.5524,1819,18421550,4095,1,0,1
18.5619,1820,18431551,0,0,0,0
18.5721,1821,18441550,4095,1,0,1
18.5820,1822,18451551,0,0,0,0
18.5922,1823,18461550,4095,1,0,1
18.6021,1824,18471550,0,0,0,0
18.6123,1825,18481551,4095,1,0,1
18.6218,1826,18491550,0,0,0,0
18.6324,1827,18501551,4095,1,0,1
18.6420,1828,18511550,0,0,0,0
18.6520,1829,18521550,4095,1,0,1
18.6622,1830,18531551,0,0,0,0
18.6720,1831,18541550,4095,1,0,1
18.6819,1832,18551551,0,0,0,0
18.6922,1833,18561550,4095,1,0,1
18.7019,1834,18571550,0,0,0,0
18.7121,1835,18581550,4095,1,0,1
18.7217,1836,18591551,0,0,0,0
18.7321,1837,18601550,4095,1,0,1
18.7418,1838,18611550,0,0,0,0
18.7521,1839,18621550,4095,1,0,1
18.7619,1840,18631550,0,0,0,0
18.7720,1841,18641550,4095,1,0,1
18.7821,1842,18651551,0,0,0,0
18.7921,1843,18661550,4095,1,0,1
18.8022,1844,18671550,0,0,0,0
18.8120,1845,18681550,4095,1,0,1
18.8220,1846,18691551,0,0,0,0
18.8323,1847,18701550,4095,1,0,1
18.8418,1848,18711551,0,0,0,0
18.8523,1849,18721550,4095,1,0,1
18.8619,1850,18731551,0,0,0,0
18.8722,1851,18741550,4095,1,0,1
18.8818,1852,18751551,0,0,0,0
18.8920,1853,18761550,4095,1,0,1
18.9023,1854,18771551,0,0,0,0
18.9122,1855,18781550,4095,1,0,1
18.9220,1856,18791551,0,0,0,0
18.9321,1857,18801550,4095,1,0,1
18.9420,1858,18811550,0,0,0,0
18.9521,1859,18821550,4095,1,0,1
18.9618,1860,18831550,0,0,0,0
18.9721,1861,18841550,4095,1,0,1
18.9819,1862,18851550,0,0,0,0
18.9921,1863,18861551,4095,1,0,1
19.0020,1864,18871550,0,0,0,0
19.0120,1865,18881551,4095,1,0,1
19.0221,1866,18891550,0,0,0,0
19.0320,1867,18901551,4095,1,0,1
19.0421,1868,18911550,0,0,0,0
19.0520,1869,18921550,4095,1,0,1
19.0619,1870,18931550,0,0,0,0
19.0720,1871,18941551,4095,1,0,1
19.0818,1872,18951550,0,0,0,0
19.0921,1873,18961551,4095,1,0,1
19.1019,1874,18971550,0,0,0,0
19.1122,1875,18981550,4095,1,0,1
19.1220,1876,18991550,0,0,0,0
19.1321,1877,19001551,4095,1,0,1
19.1421,1878,19011550,0,0,0,0
19.1521,1879,19021550,4095,1,0,1
19.1618,1880,19031550,0,0,0,0
19.1721,1881,19041550,4095,1,0,1
19.1817,1882,19051550,0,0,0,0
19.1920,1883,19061550,4095,1,0,1
19.2017,1884,19071551,0,0,0,0
19.2120,1885,19081550,4095,1,0,1
19.2218,1886,19091550,0,0,0,0
19.2320,1887,19101551,4095,1,0,1
19.2422,1888,19111550,0,0,0,0
19.2521,1889,19121550,4095,1,0,1
19.2620,1890,19131551,0,0,0,0
19.2722,1891,19141550,4095,1,0,1
19.2821,1892,19151551,0,0,0,0
19.2921,1893,19161550,4095,1,0,1
19.3020,1894,19171551,0,0,0,0
19.3228,1895,19181550,4095,1,0,1
19.3233,1896,19191550,0,0,0,0
19.3322,1897,19201550,4095,1,0,1
19.3420,1898,19211551,0,0,0,0
19.3520,1899,19221550,4095,1,0,1
19.3620,1900,19231551,0,0,0,0
19.3721,1901,19241550,4095,1,0,1
19.3818,1902,19251551,0,0,0,0
19.3921,1903,19261550,4095,1,0,1
19.4020,1904,19271551,0,0,0,0
19.4121,1905,19281550,4095,1,0,1
19.4221,1906,19291550,0,0,0,0
19.4322,1907,19301551,4095,1,0,1
19.4419,1908,19311550,0,0,0,0
19.4522,1909,19321551,4095,1,0,1
19.4620,1910,19331550,0,0,0,0
19.4720,1911,19341551,4095,1,0,1
19.4819,1912,19351550,0,0,0,0
19.4921,1913,19361551,4095,1,0,1
19.5022,1914,19371550,0,0,0,0
19.5120,1915,19381550,4095,1,0,1
19.5218,1916,19391550,0,0,0,0
19.5321,1917,19401551,4095,1,0,1
19.5417,1918,19411550,0,0,0,0
19.5526,1919,19421550,4095,1,0,1
19.5619,1920,19431551,0,0,0,0
19.5721,1921,19441550,4095,1,0,1
19.5818,1922,19451551,0,0,0,0
19.5920,1923,19461550,4095,1,0,1
19.6018,1924,19471550,0,0,0,0
19.6121,1925,19481551,4095,1,0,1
19.6217,1926,19491550,0,0,0,0
19.6321,1927,19501551,4095,1,0,1
19.6418,1928,19511550,0,0,0,0
19.6521,1929,19521550,4095,1,0,1
19.6618,1930,19531550,0,0,0,0
19.6720,1931,19541551,4095,1,0,1
19.6819,1932,19551550,0,0,0,0
19.6921,1933,19561551,4095,1,0,1
19.7017,1934,19571550,0,0,0,0
19.7121,1935,19581550,4095,1,0,1
19.7218,1936,19591550,0,0,0,0
19.7321,1937,19601551,4095,1,0,1
19.7418,1938,19611550,0,0,0,0
19.7520,1939,19621550,4095,1,0,1
19.7618,1940,19631551,0,0,0,0
19.7720,1941,19641550,4095,1,0,1
19.7817,1942,19651551,0,0,0,0
19.7920,1943,19661550,4095,1,0,1
19.8019,1944,19671550,0,0,0,0
19.8120,1945,19681551,4095,1,0,1
19.8220,1946,19691550,0,0,0,0
19.8321,1947,19701550,4095,1,0,1
19.8420,1948,19711550,0,0,0,0
19.8521,1949,19721550,4095,1,0,1
19.8619,1950,19731551,0,0,0,0
19.8721,1951,19741550,4095,1,0,1
19.8819,1952,19751551,0,0,0,0
19.8922,1953,19761550,4095,1,0,1
19.9018,1954,19771551,0,0,0,0
19.9121,1955,19781550,4095,1,0,1
19.9218,1956,19791551,0,0,0,0
19.9320,1957,19801550,4095,1,0,1
19.9419,1958,19811551,0,0,0,0
19.9520,1959,19821550,4095,1,0,1
19.9622,1960,19831550,0,0,0,0
19.9720,1961,19841550,4095,1,0,1
19.9819,1962,19851550,0,0,0,0
19.9920,1963,19861551,4095,1,0,1
20.0022,1964,19871550,0,0,0,0
20.0125,1965,19881551,4095,1,0,1
20.0221,1966,19891550,0,0,0,0
20.0320,1967,19901551,4095,1,0,1
20.0418,1968,19911550,0,0,0,0
20.0524,1969,19921550,4095,1,0,1
20.0619,1970,19931551,0,0,0,0
20.0727,1971,19941550,3103,1,1,1
20.0819,1972,19951550,0,0,0,0
20.0922,1973,19961551,4095,1,0,1
20.1018,1974,19971550,0,0,0,0
20.1122,1975,19981550,4095,1,0,1
20.1221,1976,19991550,0,0,0,0
20.1320,1977,20001551,4095,1,0,1
20.1419,1978,20011550,0,0,0,0
20.1521,1979,20021551,4095,1,0,1
20.1620,1980,20031550,0,0,0,0
20.1721,1981,20041551,4095,1,0,1
20.1820,1982,20051550,0,0,0,0
20.1921,1983,20061550,4095,1,0,1
20.2025,1984,20071551,0,0,0,0
20.2124,1985,20081550,4095,1,0,1
20.2221,1986,20091550,0,0,0,0
20.2320,1987,20101550,4095,1,0,1
20.2424,1988,20111550,0,0,0,0
20.2522,1989,20121551,4095,1,0,1
20.2620,1990,20131550,0,0,0,0
20.2720,1991,20141551,4095,1,0,1
20.2820,1992,20151550,0,0,0,0
20.2921,1993,20161550,4095,1,0,1
20.3025,1994,20171551,0,0,0,0
20.3120,1995,20181550,4095,1,0,1
20.3220,1996,20191551,0,0,0,0
20.3323,1997,20201550,4095,1,0,1
20.3419,1998,20211550,0,0,0,0
20.3523,1999,20221551,4095,1,0,1
20.3621,2000,20231550,0,0,0,0
20.3723,2001,20241550,4095,1,0,1
20.3819,2002,20251550,0,0,0,0
20.3923,2003,20261550,4095,1,0,1
20.4021,2004,20271551,0,0,0,0
20.4121,2005,20281550,4095,1,0,1
20.4221,2006,20291550,0,0,0,0
20.4324,2007,20301550,4095,1,0,1
20.4421,2008,20311551,0,0,0,0
20.4529,2009,20321550,4095,1,0,1
20.4619,2010,20331550,0,0,0,0
20.4721,2011,20341550,4095,1,0,1
20.4821,2012,20351551,0,0,0,0
20.4922,2013,20361550,4095,1,0,1
20.5025,2014,20371551,0,0,0,0
20.5120,2015,20381550,4095,1,0,1
20.5219,2016,20391551,0,0,0,0
20.5321,2017,20401550,4095,1,0,1
20.5419,2018,20411551,0,0,0,0
20.5521,2019,20421550,4095,1,0,1
20.5620,2020,20431551,0,0,0,0
20.5721,2021,20441550,4095,1,0,1
20.5819,2022,20451551,0,0,0,0
20.5921,2023,20461550,4095,1,0,1
20.6023,2024,20471551,0,0,0,0
20.6121,2025,20481550,4095,1,0,1
20.6219,2026,20491551,0,0,0,0
20.6321,2027,20501550,4095,1,0,1
20.6421,2028,20511550,0,0,0,0
20.6523,2029,20521551,4095,1,0,1
20.6619,2030,20531550,0,0,0,0
20.6721,2031,20541550,4095,1,0,1
20.6821,2032,20551551,0,0,0,0
20.6920,2033,20561550,4095,1,0,1
20.7019,2034,20571551,0,0,0,0
20.7123,2035,20581550,4095,1,0,1
20.7220,2036,20591551,0,0,0,0
20.7320,2037,20601550,4095,1,0,1
20.7419,2038,20611551,0,0,0,0
20.7520,2039,20621550,4095,1,0,1
20.7619,2040,20631550,0,0,0,0
20.7721,2041,20641550,4095,1,0,1
20.7819,2042,20651551,0,0,0,0
20.7920,2043,20661550,4095,1,0,1
20.8019,2044,20671550,0,0,0,0
20.8120,2045,20681551,4095,1,0,1
20.8219,2046,20691550,0,0,0,0
20.8323,2047,20701551,4095,1,0,1
20.8417,2048,20711550,0,0,0,0
20.8520,2049,20721550,4095,1,0,1
20.8617,2050,20731550,0,0,0,0
20.8720,2051,20741550,4095,1,0,1
20.8820,2052,20751551,0,0,0,0
20.8920,2053,20761550,4095,1,0,1
20.9017,2054,20771551,0,0,0,0
20.9120,2055,20781550,4095,1,0,1
20.9220,2056,20791551,0,0,0,0
20.9320,2057,20801550,4095,1,0,1
20.9419,2058,20811550,0,0,0,0
20.9520,2059,20821550,4095,1,0,1
20.9620,2060,20831551,0,0,0,0
20.9723,2061,20841550,4095,1,0,1
20.9821,2062,20851550,0,0,0,0
20.9923,2063,20861550,4095,1,0,1
21.0022,2064,20871551,0,0,0,0
21.0123,2065,20881550,4095,1,0,1
21.0220,2066,20891550,0,0,0,0
21.0323,2067,20901551,4095,1,0,1
21.0419,2068,20911550,0,0,0,0
21.0520,2069,20921551,4095,1,0,1
21.0619,2070,20931550,0,0,0,0
21.0722,2071,20941550,4095,1,0,1
21.0820,2072,20951551,0,0,0,0
21.0921,2073,20961550,4095,1,0,1
21.1019,2074,20971550,0,0,0,0
21.1122,2075,20981550,4095,1,0,1
21.1220,2076,20991551,0,0,0,0
21.1320,2077,21001550,4079,1,0,1
21.1418,2078,21011550,0,0,0,0
21.1530,2079,21021551,4063,1,0,1
21.1619,2080,21031550,0,0,0,0
21.1721,2081,21041551,4029,1,0,1
21.1819,2082,21051550,0,0,0,0
21.1922,2083,21061550,3694,1,0,1
21.2019,2084,21071551,0,0,0,0
21.2121,2085,21081550,3856,1,0,1
21.2220,2086,21091551,0,0,0,0
21.2323,2087,21101550,3867,1,0,1
21.2421,2088,21111551,0,0,0,0
21.2529,2089,21121550,3809,1,0,1
21.2621,2090,21131550,0,0,0,0
21.2723,2091,21141551,3776,1,0,1
21.2822,2092,21151550,0,0,0,0
21.2921,2093,21161550,3731,1,0,1
21.3020,2094,21171550,0,0,0,0
21.3121,2095,21181550,3678,1,0,1
21.3221,2096,21191551,0,0,0,0
21.3322,2097,21201550,3621,1,0,1
21.3419,2098,21211551,0,0,0,0
21.3520,2099,21221550,3566,1,0,1
21.3618,2100,21231550,0,0,0,0
21.3720,2101,21241550,3518,1,0,1
21.3818,2102,21251550,0,0,0,0
21.3921,2103,21261550,3493,1,0,1
21.4018,2104,21271551,0,0,0,0
21.4122,2105,21281550,3459,1,0,1
21.4220,2106,21291551,0,0,0,0
21.4323,2107,21301550,3408,1,0,1
21.4418,2108,21311551,0,0,0,0
21.4523,2109,21321550,3363,1,0,1
21.4619,2110,21331551,0,0,0,0
21.4721,2111,21341550,3312,1,0,1
21.4821,2112,21351551,0,0,0,0
21.4922,2113,21361550,3257,1,0,1
21.5020,2114,21371550,0,0,0,0
21.5125,2115,21381551,3168,1,0,1
21.5222,2116,21391550,14,0,0,0
21.5322,2117,21401550,3101,1,0,1
21.5420,2118,21411550,30,0,0,0
21.5524,2119,21421550,3019,1,0,1
21.5621,2120,21431550,80,0,0,0
21.5720,2121,21441550,2939,1,0,1
21.5824,2122,21451550,145,0,0,0
21.5920,2123,21461550,2837,1,0,1
21.6023,2124,21471551,208,0,0,0
21.6123,2125,21481550,2773,1,0,1
21.6224,2126,21491550,278,0,0,0
21.6321,2127,21501550,2673,1,0,1
21.6422,2128,21511550,338,0,0,0
21.6524,2129,21521551,2559,1,0,1
21.6626,2130,21531550,411,0,0,0
21.6722,2131,21541551,2473,1,0,1
21.6821,2132,21551550,480,0,0,0
21.6923,2133,21561550,2363,1,0,1
21.7021,2134,21571550,566,0,0,0
21.7120,2135,21581550,2235,1,0,1
21.7219,2136,21591550,708,0,0,0
21.7325,2137,21601550,2131,1,0,1
21.7420,2138,21611551,825,0,0,0
21.7520,2139,21621550,1968,1,0,1
21.7620,2140,21631550,929,0,0,0
21.7720,2141,21641551,1841,1,0,1
21.7822,2142,21651550,1077,0,0,0
21.7922,2143,21661551,1625,1,0,1
21.8020,2144,21671550,1280,0,0,0
21.8121,2145,21681551,1386,1,0,1
21.8221,2146,21691550,1457,0,0,0
21.8321,2147,21701550,1239,0,0,0
21.8422,2148,21711551,1605,0,0,0
21.8522,2149,21721550,1077,0,0,0
21.8620,2150,21731550,1806,0,0,0
21.8719,2151,21741551,804,0,0,0
21.8822,2152,21751550,1936,0,0,0
21.8919,2153,21761550,638,0,0,0
21.9021,2154,21771550,2128,1,0,1
21.9120,2155,21781550,448,0,0,0
21.9222,2156,21791550,2289,1,0,1
21.9321,2157,21801550,281,0,0,0
21.9422,2158,21811551,2448,1,0,1
21.9519,2159,21821550,126,0,0,0
21.9621,2160,21831550,2559,1,0,1
21.9720,2161,21841550,11,0,0,0
21.9822,2162,21851551,2703,1,0,1
21.9919,2163,21861550,0,0,0,0
22.0022,2164,21871550,2831,1,0,1
22.0118,2165,21881550,0,0,0,0
22.0220,2166,21891550,3009,1,0,1
22.0319,2167,21901550,0,0,0,0
22.0421,2168,21911550,3179,1,0,1
22.0517,2169,21921550,0,0,0,0
22.0622,2170,21931550,3337,1,0,1
22.0718,2171,21941550,0,0,0,0
22.0821,2172,21951551,3545,1,0,1
22.0919,2173,21961550,0,0,0,0
22.1021,2174,21971551,3768,1,0,1
22.1119,2175,21981550,0,0,0,0
22.1221,2176,21991550,4049,1,0,1
22.1319,2177,22001550,0,0,0,0
22.1421,2178,22011550,4095,1,0,1
22.1519,2179,22021550,0,0,0,0
22.1621,2180,22031550,4095,1,0,1
22.1720,2181,22041550,0,0,0,0
22.1820,2182,22051550,4095,1,0,1
22.1918,2183,22061550,0,0,0,0
22.2021,2184,22071551,4095,1,0,1
22.2119,2185,22081550,0,0,0,0
22.2221,2186,22091550,4095,1,0,1
22.2319,2187,22101550,0,0,0,0
22.2421,2188,22111551,4095,1,0,1
22.2519,2189,22121550,0,0,0,0
22.2621,2190,22131551,4095,1,0,1
22.2718,2191,22141550,0,0,0,0
22.2820,2192,22151550,4095,1,0,1
22.2919,2193,22161550,0,0,0,0
22.3021,2194,22171550,4095,1,0,1
22.3119,2195,22181551,0,0,0,0
22.3221,2196,22191550,4095,1,0,1
22.3318,2197,22201550,0,0,0,0
22.3421,2198,22211550,4095,1,0,1
22.3519,2199,22221550,0,0,0,0
22.3622,2200,22231550,4095,1,0,1
22.3718,2201,22241550,0,0,0,0
22.3821,2202,22251550,4095,1,0,1
22.3919,2203,22261550,0,0,0,0
22.4020,2204,22271550,4095,1,0,1
22.4119,2205,22281550,0,0,0,0
22.4221,2206,22291550,4095,1,0,1
22.4318,2207,22301551,0,0,0,0
22.4421,2208,22311550,4095,1,0,1
22.4519,2209,22321550,0,0,0,0
22.4621,2210,22331550,4095,1,0,1
22.4719,2211,22341550,0,0,0,0
22.4820,2212,22351551,4095,1,0,1
22.4921,2213,22361550,0,0,0,0
22.5020,2214,22371551,4095,1,0,1
22.5120,2215,22381550,0,0,0,0
22.5224,2216,22391550,4095,1,0,1
22.5320,2217,22401550,0,0,0,0
22.5420,2218,22411551,4095,1,0,1
22.5517,2219,22421550,0,0,0,0
22.5620,2220,22431550,4095,1,0,1
22.5718,2221,22441550,0,0,0,0
22.5822,2222,22451550,4095,1,0,1
22.5919,2223,22461550,0,0,0,0
22.6023,2224,22471550,4095,1,0,1
22.6117,2225,22481550,0,0,0,0
22.6221,2226,22491551,4095,1,0,1
22.6323,2227,22501550,0,0,0,0
22.6422,2228,22511550,4095,1,0,1
22.6519,2229,22521550,0,0,0,0
22.6623,2230,22531551,4095,1,0,1
22.6721,2231,22541550,0,0,0,0
22.6821,2232,22551550,4095,1,0,1
22.6920,2233,22561550,0,0,0,0
22.7021,2234,22571551,4095,1,0,1
22.7117,2235,22581550,0,0,0,0
22.7220,2236,22591551,4095,1,0,1
22.7318,2237,22601550,0,0,0,0
22.7420,2238,22611550,4095,1,0,1
22.7520,2239,22621551,0,0,0,0
22.7620,2240,22631550,4095,1,0,1
22.7719,2241,22641550,0,0,0,0
22.7821,2242,22651550,4095,1,0,1
22.7918,2243,22661550,0,0,0,0
22.8020,2244,22671550,4095,1,0,1
22.8118,2245,22681551,0,0,0,0
22.8220,2246,22691550,4095,1,0,1
22.8317,2247,22701550,0,0,0,0
22.8420,2248,22711550,4095,1,0,1
22.8518,2249,22721550,0,0,0,0
22.8619,2250,22731550,4095,1,0,1
22.8718,2251,22741551,0,0,0,0
22.8821,2252,22751550,4095,1,0,1
22.8918,2253,22761551,0,0,0,0
22.9020,2254,22771550,4095,1,0,1
22.9118,2255,22781550,0,0,0,0
22.9220,2256,22791551,4095,1,0,1
22.9317,2257,22801550,0,0,0,0
22.9421,2258,22811550,4095,1,0,1
22.9518,2259,22821550,0,0,0,0
22.9621,2260,22831551,4095,1,0,1
22.9719,2261,22841550,0,0,0,0
22.9820,2262,22851550,4095,1,0,1
22.9917,2263,22861550,0,0,0,0
23.0020,2264,22871550,4095,1,0,1
23.0118,2265,22881551,0,0,0,0
23.0251,2266,22891550,4095,1,0,1
23.0318,2267,22901550,0,0,0,0
23.0420,2268,22911551,4095,1,0,1
23.0519,2269,22921550,0,0,0,0
23.0620,2270,22931550,4095,1,0,1
23.0718,2271,22941551,0,0,0,0
23.0820,2272,22951550,4095,1,0,1
23.0917,2273,22961550,0,0,0,0
23.1021,2274,22971551,4095,1,0,1
23.1117,2275,22981550,0,0,0,0
23.1220,2276,22991550,4095,1,0,1
23.1319,2277,23001550,0,0,0,0
23.1420,2278,23011551,4095,1,0,1
23.1517,2279,23021550,0,0,0,0
23.1620,2280,23031551,4095,1,0,1
23.1719,2281,23041550,0,0,0,0
23.1821,2282,23051550,4095,1,0,1
23.1919,2283,23061551,0,0,0,0
23.2020,2284,23071550,4095,1,0,1
23.2117,2285,23081551,0,0,0,0
23.2220,2286,23091550,4095,1,0,1
23.2318,2287,23101550,0,0,0,0
23.2421,2288,23111551,4095,1,0,1
23.2518,2289,23121550,0,0,0,0
23.2620,2290,23131550,4095,1,0,1
23.2718,2291,23141550,0,0,0,0
23.2820,2292,23151551,4095,1,0,1
23.2918,2293,23161550,0,0,0,0
23.3020,2294,23171550,4095,1,0,1
23.3118,2295,23181550,0,0,0,0
23.3221,2296,23191551,4095,1,0,1
23.3318,2297,23201550,0,0,0,0
23.3509,2298,23211550,4095,1,0,1
23.3522,2299,23221551,0,0,0,0
23.3621,2300,23231550,4095,1,0,1
23.3718,2301,23241550,0,0,0,0
23.3820,2302,23251551,4095,1,0,1
23.3918,2303,23261550,0,0,0,0
23.4020,2304,23271551,4095,1,0,1
23.4119,2305,23281550,0,0,0,0
23.4220,2306,23291550,4095,1,0,1
23.4319,2307,23301551,0,0,0,0
23.4420,2308,23311550,4095,1,0,1
23.4517,2309,23321551,0,0,0,0
23.4620,2310,23331550,4095,1,0,1
23.4718,2311,23341550,0,0,0,0
23.4821,2312,23351551,4095,1,0,1
23.4918,2313,23361550,0,0,0,0
23.5020,2314,23371551,4095,1,0,1
23.5118,2315,23381550,0,0,0,0
23.5220,2316,23391551,4095,1,0,1
23.5318,2317,23401550,0,0,0,0
23.5420,2318,23411550,4095,1,0,1
23.5518,2319,23421550,0,0,0,0
23.5620,2320,23431550,4095,1,0,1
23.5719,2321,23441551,0,0,0,0
23.5820,2322,23451550,4095,1,0,1
23.5917,2323,23461550,0,0,0,0
23.6020,2324,23471551,4095,1,0,1
23.6119,2325,23481550,0,0,0,0
23.6220,2326,23491550,4095,1,0,1
23.6319,2327,23501550,0,0,0,0
23.6420,2328,23511550,4095,1,0,1
23.6518,2329,23521550,0,0,0,0
23.6620,2330,23531550,4095,1,0,1
23.6717,2331,23541550,0,0,0,0
23.6820,2332,23551551,4095,1,0,1
23.6918,2333,23561550,0,0,0,0
23.7020,2334,23571550,4095,1,0,1
23.7117,2335,23581550,0,0,0,0
23.7219,2336,23591550,4095,1,0,1
23.7319,2337,23601551,0,0,0,0
23.7420,2338,23611550,4095,1,0,1
23.7518,2339,23621551,0,0,0,0
23.7620,2340,23631550,4095,1,0,1
23.7717,2341,23641550,0,0,0,0
23.7820,2342,23651550,4095,1,0,1
23.7918,2343,23661550,0,0,0,0
23.8020,2344,23671550,4095,1,0,1
23.8117,2345,23681550,0,0,0,0
23.8220,2346,23691551,4095,1,0,1
23.8318,2347,23701550,0,0,0,0
23.8420,2348,23711551,4095,1,0,1
23.8519,2349,23721550,0,0,0,0
23.8620,2350,23731550,4095,1,0,1
23.8718,2351,23741550,0,0,0,0
23.8820,2352,23751550,4095,1,0,1
23.8918,2353,23761550,0,0,0,0
23.9020,2354,23771550,4095,1,0,1
23.9118,2355,23781550,0,0,0,0
23.9220,2356,23791551,4095,1,0,1
23.9318,2357,23801550,0,0,0,0
23.9420,2358,23811550,4095,1,0,1
23.9519,2359,23821550,0,0,0,0
23.9620,2360,23831551,4095,1,0,1
23.9719,2361,23841550,0,0,0,0
23.9820,2362,23851551,4095,1,0,1
23.9918,2363,23861550,0,0,0,0
24.0021,2364,23871551,4095,1,0,1
24.0117,2365,23881550,0,0,0,0
24.0220,2366,23891550,4095,1,0,1
24.0317,2367,23901550,0,0,0,0
24.0419,2368,23911550,4095,1,0,1
24.0518,2369,23921550,0,0,0,0
24.0620,2370,23931551,4095,1,0,1
24.0717,2371,23941550,0,0,0,0
24.0820,2372,23951551,4095,1,0,1
24.0917,2373,23961550,0,0,0,0
24.1021,2374,23971551,4095,1,0,1
24.1118,2375,23981550,0,0,0,0
24.1220,2376,23991551,4095,1,0,1
24.1318,2377,24001550,0,0,0,0
24.1420,2378,24011550,4095,1,0,1
24.1518,2379,24021551,0,0,0,0
24.1620,2380,24031550,4095,1,0,1
24.1718,2381,24041550,0,0,0,0
24.1820,2382,24051550,4095,1,0,1
24.1919,2383,24061550,0,0,0,0
24.2020,2384,24071551,4095,1,0,1
24.2117,2385,24081550,0,0,0,0
24.2221,2386,24091550,4095,1,0,1
24.2317,2387,24101550,0,0,0,0
24.2419,2388,24111550,4095,1,0,1
24.2518,2389,24121550,0,0,0,0
24.2620,2390,24131550,4095,1,0,1
24.2717,2391,24141550,0,0,0,0
24.2820,2392,24151551,4095,1,0,1
24.2919,2393,24161550,0,0,0,0
24.3021,2394,24171551,4095,1,0,1
24.3118,2395,24181550,0,0,0,0
24.3220,2396,24191551,4095,1,0,1
24.3318,2397,24201550,0,0,0,0
24.3420,2398,24211551,4095,1,0,1
24.3519,2399,24221550,0,0,0,0
24.3620,2400,24231551,4095,1,0,1
24.3717,2401,24241550,0,0,0,0
24.3820,2402,24251551,4095,1,0,1
24.3917,2403,24261550,0,0,0,0
24.4020,2404,24271550,4095,1,0,1
24.4118,2405,24281550,0,0,0,0
24.4220,2406,24291550,4095,1,0,1
24.4317,2407,24301551,0,0,0,0
24.4420,2408,24311550,4095,1,0,1
24.4517,2409,24321550,0,0,0,0
24.4620,2410,24331551,4095,1,0,1
24.4717,2411,24341550,0,0,0,0
24.4820,2412,24351551,4095,1,0,1
24.4919,2413,24361550,0,0,0,0
24.5020,2414,24371550,4095,1,0,1
24.5118,2415,24381550,0,0,0,0
24.5220,2416,24391550,4095,1,0,1
24.5317,2417,24401550,0,0,0,0
24.5421,2418,24411550,4095,1,0,1
24.5517,2419,24421550,0,0,0,0
24.5621,2420,24431550,4095,1,0,1
24.5717,2421,24441550,0,0,0,0
24.5820,2422,24451550,4095,1,0,1
24.5917,2423,24461550,0,0,0,0
24.6020,2424,24471550,4095,1,0,1
24.6117,2425,24481550,0,0,0,0
24.6220,2426,24491550,4095,1,0,1
24.6317,2427,24501550,0,0,0,0
24.6420,2428,24511550,4095,1,0,1
24.6517,2429,24521551,0,0,0,0
24.6620,2430,24531550,4095,1,0,1
24.6717,2431,24541550,0,0,0,0
24.6819,2432,24551550,4095,1,0,1
24.6918,2433,24561550,0,0,0,0
24.7023,2434,24571550,4095,1,0,1
24.7118,2435,24581550,0,0,0,0
24.7220,2436,24591551,4095,1,0,1
24.7320,2437,24601550,0,0,0,0
24.7420,2438,24611550,4095,1,0,1
24.7517,2439,24621550,0,0,0,0
24.7620,2440,24631550,4095,1,0,1
24.7717,2441,24641550,0,0,0,0
24.7820,2442,24651551,4095,1,0,1
24.7919,2443,24661550,0,0,0,0
24.8022,2444,24671550,4084,1,0,1
24.8117,2445,24681550,0,0,0,0
24.8220,2446,24691551,3986,1,0,1
24.8317,2447,24701550,0,0,0,0
24.8420,2448,24711550,4000,1,0,1
24.8517,2449,24721550,0,0,0,0
24.8620,2450,24731551,3954,1,0,1
24.8717,2451,24741550,0,0,0,0
24.8820,2452,24751550,3923,1,0,1
24.8917,2453,24761550,0,0,0,0
24.9020,2454,24771550,3923,1,0,1
24.9117,2455,24781550,0,0,0,0
24.9220,2456,24791551,3830,1,0,1
24.9318,2457,24801550,0,0,0,0
24.9419,2458,24811551,3866,1,0,1
24.9517,2459,24821551,0,0,0,0
24.9619,2460,24831550,3767,1,0,1
24.9717,2461,24841550,0,0,0,0
24.9820,2462,24851551,3728,1,0,1
24.9917,2463,24861550,0,0,0,0
25.0019,2464,24871550,3645,1,0,1
25.0117,2465,24881550,0,0,0,0
25.0220,2466,24891550,3583,1,0,1
25.0317,2467,24901550,0,0,0,0
25.0420,2468,24911550,3541,1,0,1
25.0517,2469,24921550,0,0,0,0
25.0620,2470,24931550,3508,1,0,1
25.0717,2471,24941551,0,0,0,0
25.0820,2472,24951550,3472,1,0,1
25.0917,2473,24961551,0,0,0,0
25.1020,2474,24971550,3450,1,0,1
25.1117,2475,24981550,0,0,0,0
25.1220,2476,24991551,3355,1,0,1
25.1317,2477,25001550,0,0,0,0
25.1420,2478,25011550,3294,1,0,1
25.1517,2479,25021550,0,0,0,0
25.1620,2480,25031550,3216,1,0,1
25.1717,2481,25041550,0,0,0,0
25.1820,2482,25051550,3159,1,0,1
25.1918,2483,25061550,2,0,0,0
25.2020,2484,25071550,3092,1,0,1
25.2119,2485,25081550,35,0,0,0
25.2220,2486,25091551,3009,1,0,1
25.2318,2487,25101550,80,0,0,0
25.2420,2488,25111550,2907,1,0,1
25.2519,2489,25121551,144,0,0,0
25.2620,2490,25131550,2848,1,0,1
25.2719,2491,25141550,206,0,0,0
25.2820,2492,25151551,2726,1,0,1
25.2919,2493,25161550,283,0,0,0
25.3020,2494,25171550,2619,1,0,1
25.3119,2495,25181550,366,0,0,0
25.3219,2496,25191550,2544,1,0,1
25.3319,2497,25201550,426,0,0,0
25.3420,2498,25211550,2443,1,0,1
25.3520,2499,25221551,506,0,0,0
25.3620,2500,25231550,2300,1,0,1
25.3719,2501,25241550,627,0,0,0
25.3820,2502,25251550,2144,1,0,1
25.3921,2503,25261550,750,0,0,0
25.4020,2504,25271550,2013,1,0,1
25.4120,2505,25281550,901,0,0,0
25.4220,2506,25291550,1838,1,0,1
25.4320,2507,25301550,1035,0,0,0
25.4420,2508,25311550,1653,1,0,1
25.4520,2509,25321550,1218,0,0,0
25.4620,2510,25331550,1424,1,0,1
25.4720,2511,25341551,1407,0,0,0
25.4821,2512,25351550,1249,0,0,0
25.4921,2513,25361550,1525,0,0,0
25.5020,2514,25371550,1072,0,0,0
25.5121,2515,25381550,1696,0,0,0
25.5220,2516,25391550,878,0,0,0
25.5320,2517,25401550,1869,0,0,0
25.5419,2518,25411550,647,0,0,0
25.5521,2519,25421551,2035,0,0,0
25.5619,2520,25431550,496,0,0,0
25.5720,2521,25441550,2175,1,0,1
25.5819,2522,25451550,331,0,0,0
25.5921,2523,25461551,2299,1,0,1
25.6019,2524,25471550,144,0,0,0
25.6120,2525,25481550,2481,1,0,1
25.6219,2526,25491550,0,0,0,0
25.6321,2527,25501550,2629,1,0,1
25.6418,2528,25511551,0,0,0,0
25.6522,2529,25521550,2755,1,0,1
25.6619,2530,25531550,0,0,0,0
25.6720,2531,25541550,2902,1,0,1
25.6817,2532,25551550,0,0,0,0
25.6920,2533,25561551,3106,1,0,1
25.7017,2534,25571550,0,0,0,0
25.7119,2535,25581550,3286,1,0,1
25.7217,2536,25591551,0,0,0,0
25.7320,2537,25601550,3457,1,0,1
25.7418,2538,25611550,0,0,0,0
25.7520,2539,25621550,3690,1,0,1
25.7619,2540,25631550,0,0,0,0
25.7720,2541,25641550,3907,1,0,1
25.7817,2542,25651551,0,0,0,0
25.7920,2543,25661550,4095,1,0,1
25.8018,2544,25671551,0,0,0,0
25.8121,2545,25681550,4095,1,0,1
25.8219,2546,25691551,0,0,0,0
25.8322,2547,25701550,4095,1,0,1
25.8420,2548,25711550,0,0,0,0
25.8524,2549,25721550,4095,1,0,1
25.8620,2550,25731550,0,0,0,0
25.8721,2551,25741551,4095,1,0,1
25.8819,2552,25751550,0,0,0,0
25.8923,2553,25761551,4095,1,0,1
25.9019,2554,25771550,0,0,0,0
25.9122,2555,25781551,4095,1,0,1
25.9220,2556,25791550,0,0,0,0
25.9324,2557,25801551,4095,1,0,1
25.9420,2558,25811550,0,0,0,0
25.9527,2559,25821550,4095,1,0,1
25.9621,2560,25831550,0,0,0,0
25.9723,2561,25841550,4095,1,0,1
25.9819,2562,25851551,0,0,0,0
25.9922,2563,25861550,4095,1,0,1
26.0018,2564,25871551,0,0,0,0
26.0121,2565,25881550,4095,1,0,1
26.0221,2566,25891550,0,0,0,0
26.0323,2567,25901551,4095,1,0,1
26.0420,2568,25911550,0,0,0,0
26.0521,2569,25921550,4095,1,0,1
26.0621,2570,25931551,0,0,0,0
26.0721,2571,25941550,4095,1,0,1
26.0821,2572,25951550,0,0,0,0
26.0921,2573,25961550,4095,1,0,1
26.1019,2574,25971551,0,0,0,0
26.1123,2575,25981550,4095,1,0,1
26.1218,2576,25991550,0,0,0,0
26.1324,2577,26001550,4095,1,0,1
26.1418,2578,26011550,0,0,0,0
26.1524,2579,26021551,4095,1,0,1
26.1618,2580,26031550,0,0,0,0
26.1723,2581,26041550,4095,1,0,1
26.1818,2582,26051550,0,0,0,0
26.1922,2583,26061550,4095,1,0,1
26.2018,2584,26071550,0,0,0,0
26.2123,2585,26081550,4095,1,0,1
26.2218,2586,26091550,0,0,0,0
26.2321,2587,26101550,4095,1,0,1
26.2418,2588,26111551,0,0,0,0
26.2520,2589,26121550,4095,1,0,1
26.2617,2590,26131551,0,0,0,0
26.2720,2591,26141550,4095,1,0,1
26.2819,2592,26151550,0,0,0,0
26.2922,2593,26161551,4095,1,0,1
26.3018,2594,26171550,0,0,0,0
26.3121,2595,26181550,4095,1,0,1
26.3219,2596,26191550,0,0,0,0
26.3321,2597,26201551,4095,1,0,1
26.3418,2598,26211550,0,0,0,0
26.3521,2599,26221551,4095,1,0,1
26.3619,2600,26231550,0,0,0,0
26.3721,2601,26241550,4095,1,0,1
26.3821,2602,26251550,0,0,0,0
26.3923,2603,26261550,4095,1,0,1
26.4028,2604,26271550,0,0,0,0
26.4121,2605,26281551,4095,1,0,1
26.4220,2606,26291550,0,0,0,0
26.4321,2607,26301550,4095,1,0,1
26.4419,2608,26311550,0,0,0,0
26.4526,2609,26321550,4095,1,0,1
26.4621,2610,26331551,0,0,0,0
26.4721,2611,26341550,4095,1,0,1
26.4821,2612,26351551,0,0,0,0
26.4922,2613,26361550,4095,1,0,1
26.5018,2614,26371551,0,0,0,0
26.5121,2615,26381550,4095,1,0,1
26.5221,2616,26391551,0,0,0,0
26.5321,2617,26401550,4095,1,0,1
26.5421,2618,26411550,0,0,0,0
26.5522,2619,26421551,4095,1,0,1
26.5621,2620,26431550,0,0,0,0
26.5720,2621,26441550,4095,1,0,1
26.5820,2622,26451551,0,0,0,0
26.5922,2623,26461550,4095,1,0,1
26.6019,2624,26471551,0,0,0,0
26.6121,2625,26481550,4095,1,0,1
26.6221,2626,26491551,0,0,0,0
26.6321,2627,26501550,4095,1,0,1
26.6421,2628,26511551,0,0,0,0
26.6522,2629,26521550,4095,1,0,1
26.6621,2630,26531550,0,0,0,0
26.6723,2631,26541550,4095,1,0,1
26.6821,2632,26551551,0,0,0,0
26.6925,2633,26561550,4095,1,0,1
26.7022,2634,26571551,0,0,0,0
26.7122,2635,26581550,4095,1,0,1
26.7220,2636,26591551,0,0,0,0
26.7323,2637,26601550,4095,1,0,1
26.7419,2638,26611551,0,0,0,0
26.7521,2639,26621550,4095,1,0,1
26.7618,2640,26631551,0,0,0,0
26.7722,2641,26641550,4095,1,0,1
26.7822,2642,26651551,0,0,0,0
26.7921,2643,26661550,4095,1,0,1
26.8019,2644,26671550,0,0,0,0
26.8123,2645,26681550,4095,1,0,1
26.8219,2646,26691551,0,0,0,0
26.8322,2647,26701550,4095,1,0,1
26.8418,2648,26711550,0,0,0,0
26.8523,2649,26721550,4095,1,0,1
26.8620,2650,26731551,0,0,0,0
26.8721,2651,26741550,4095,1,0,1
26.8820,2652,26751550,0,0,0,0
26.8922,2653,26761550,4095,1,0,1
26.9019,2654,26771551,0,0,0,0
26.9120,2655,26781550,4095,1,0,1
26.9219,2656,26791550,0,0,0,0
26.9322,2657,26801551,4095,1,0,1
26.9418,2658,26811550,0,0,0,0
26.9523,2659,26821550,4095,1,0,1
26.9622,2660,26831551,0,0,0,0
26.9722,2661,26841550,4095,1,0,1
26.9821,2662,26851550,0,0,0,0
26.9921,2663,26861550,4095,1,0,1
27.0018,2664,26871550,0,0,0,0
27.0122,2665,26881550,4095,1,0,1
27.0219,2666,26891550,0,0,0,0
27.0321,2667,26901550,4095,1,0,1
27.0418,2668,26911551,0,0,0,0
27.0523,2669,26921550,4095,1,0,1
27.0621,2670,26931551,0,0,0,0
27.0722,2671,26941550,4095,1,0,1
27.0819,2672,26951551,0,0,0,0
27.0920,2673,26961550,4095,1,0,1
27.1018,2674,26971551,0,0,0,0
27.1122,2675,26981550,4095,1,0,1
27.1219,2676,26991551,0,0,0,0
27.1325,2677,27001550,4095,1,0,1
27.1420,2678,27011550,0,0,0,0
27.1525,2679,27021550,4095,1,0,1
27.1620,2680,27031550,0,0,0,0
27.1721,2681,27041550,4095,1,0,1
27.1820,2682,27051550,0,0,0,0
27.1922,2683,27061550,4095,1,0,1
27.2020,2684,27071551,0,0,0,0
27.2121,2685,27081550,4095,1,0,1
27.2220,2686,27091550,0,0,0,0
27.2321,2687,27101551,4095,1,0,1
27.2418,2688,27111550,0,0,0,0
27.2528,2689,27121551,4095,1,0,1
27.2617,2690,27131550,0,0,0,0
27.2722,2691,27141551,4095,1,0,1
27.2820,2692,27151550,0,0,0,0
27.2923,2693,27161551,4095,1,0,1
27.3020,2694,27171550,0,0,0,0
27.3122,2695,27181551,4095,1,0,1
27.3223,2696,27191550,0,0,0,0
27.3323,2697,27201550,4095,1,0,1
27.3424,2698,27211551,0,0,0,0
27.3522,2699,27221550,4095,1,0,1
27.3620,2700,27231550,0,0,0,0
27.3722,2701,27241550,4095,1,0,1
27.3822,2702,27251550,0,0,0,0
27.3922,2703,27261550,4095,1,0,1
27.4021,2704,27271551,0,0,0,0
27.4121,2705,27281550,4095,1,0,1
27.4219,2706,27291550,0,0,0,0
27.4324,2707,27301550,4095,1,0,1
27.4419,2708,27311550,0,0,0,0
27.4522,2709,27321550,4095,1,0,1
27.4619,2710,27331550,0,0,0,0
27.4722,2711,27341551,4095,1,0,1
27.4821,2712,27351550,0,0,0,0
27.4926,2713,27361551,4095,1,0,1
27.5019,2714,27371550,0,0,0,0
27.5122,2715,27381550,4095,1,0,1
27.5221,2716,27391551,0,0,0,0
27.5323,2717,27401550,4095,1,0,1
27.5419,2718,27411551,0,0,0,0
27.5523,2719,27421550,4095,1,0,1
27.5618,2720,27431551,0,0,0,0
27.5721,2721,27441550,4095,1,0,1
27.5818,2722,27451551,0,0,0,0
27.5922,2723,27461550,4095,1,0,1
27.6023,2724,27471551,0,0,0,0
27.6123,2725,27481550,4095,1,0,1
27.6219,2726,27491551,0,0,0,0
27.6322,2727,27501550,4095,1,0,1
27.6418,2728,27511550,0,0,0,0
27.6528,2729,27521550,4095,1,0,1
27.6618,2730,27531550,0,0,0,0
27.6724,2731,27541550,4095,1,0,1
27.6820,2732,27551551,0,0,0,0
27.6923,2733,27561550,4095,1,0,1
27.7020,2734,27571551,0,0,0,0
27.7121,2735,27581550,4095,1,0,1
27.7219,2736,27591550,0,0,0,0
27.7322,2737,27601551,4095,1,0,1
27.7418,2738,27611550,0,0,0,0
27.7532,2739,27621551,4095,1,0,1
27.7620,2740,27631550,0,0,0,0
27.7722,2741,27641550,4095,1,0,1
27.7819,2742,27651551,0,0,0,0
27.7922,2743,27661550,4095,1,0,1
27.8020,2744,27671550,0,0,0,0
27.8120,2745,27681550,4095,1,0,1
27.8219,2746,27691550,0,0,0,0
27.8323,2747,27701550,4095,1,0,1
27.8418,2748,27711551,0,0,0,0
27.8520,2749,27721550,4095,1,0,1
27.8617,2750,27731551,0,0,0,0
27.8720,2751,27741550,4095,1,0,1
27.8817,2752,27751550,0,0,0,0
27.8919,2753,27761551,4095,1,0,1
27.9018,2754,27771550,0,0,0,0
27.9122,2755,27781550,4095,1,0,1
27.9219,2756,27791551,0,0,0,0
27.9322,2757,27801550,4095,1,0,1
27.9419,2758,27811551,0,0,0,0
27.9521,2759,27821550,4080,1,0,1
27.9619,2760,27831550,0,0,0,0
27.9722,2761,27841551,3969,1,0,1
27.9818,2762,27851550,0,0,0,0
27.9922,2763,27861551,3931,1,0,1
28.0018,2764,27871550,0,0,0,0
28.0121,2765,27881551,3897,1,0,1
28.0218,2766,27891550,0,0,0,0
28.0321,2767,27901551,3824,1,0,1
28.0418,2768,27911550,0,0,0,0
28.0522,2769,27921550,3792,1,0,1
28.0619,2770,27931550,0,0,0,0
28.0722,2771,27941551,3771,1,0,1
28.0818,2772,27951550,0,0,0,0
28.0920,2773,27961551,3695,1,0,1
28.1023,2774,27971550,0,0,0,0
28.1121,2775,27981550,3632,1,0,1
28.1220,2776,27991550,0,0,0,0
28.1323,2777,28001551,3574,1,0,1
28.1420,2778,28011550,0,0,0,0
28.1523,2779,28021550,3522,1,0,1
28.1618,2780,28031550,0,0,0,0
28.1721,2781,28041550,3455,1,0,1
28.1817,2782,28051550,0,0,0,0
28.1921,2783,28061550,3379,1,0,1
28.2018,2784,28071550,0,0,0,0
28.2121,2785,28081551,3350,1,0,1
28.2218,2786,28091550,0,0,0,0
28.2323,2787,28101551,3269,1,0,1
28.2421,2788,28111550,0,0,0,0
28.2521,2789,28121551,3213,1,0,1
28.2619,2790,28131550,0,0,0,0
28.2721,2791,28141551,3144,1,0,1
28.2820,2792,28151550,0,0,0,0
28.2923,2793,28161550,3056,1,0,1
28.3019,2794,28171551,20,0,0,0
28.3121,2795,28181550,2971,1,0,1
28.3219,2796,28191550,74,0,0,0
28.3323,2797,28201550,2874,1,0,1
28.3422,2798,28211550,134,0,0,0
28.3524,2799,28221551,2777,1,0,1
28.3619,2800,28231550,209,0,0,0
28.3721,2801,28241551,2682,1,0,1
28.3819,2802,28251550,308,0,0,0
28.3921,2803,28261550,2544,1,0,1
28.4022,2804,28271550,379,0,0,0
28.4121,2805,28281550,2482,1,0,1
28.4220,2806,28291551,444,0,0,0
28.4322,2807,28301550,2327,1,0,1
28.4420,2808,28311550,581,0,0,0
28.4524,2809,28321550,2177,1,0,1
28.4621,2810,28331550,707,0,0,0
28.4720,2811,28341551,2010,1,0,1
28.4820,2812,28351550,839,0,0,0
28.4923,2813,28361550,1840,1,0,1
28.5022,2814,28371551,1036,0,0,0
28.5120,2815,28381550,1597,1,0,1
28.5220,2816,28391550,1269,0,0,0
28.5322,2817,28401550,1353,1,0,1
28.5422,2818,28411550,1435,0,0,0
28.5522,2819,28421551,1152,0,0,0
28.5620,2820,28431550,1617,0,0,0
28.5720,2821,28441550,964,0,0,0
28.5822,2822,28451550,1779,0,0,0
28.5923,2823,28461551,737,0,0,0
28.6022,2824,28471550,1966,0,0,0
28.6120,2825,28481550,511,0,0,0
28.6220,2826,28491550,2160,1,0,1
28.6320,2827,28501550,357,0,0,0
28.6421,2828,28511550,2303,1,0,1
28.6521,2829,28521551,169,0,0,0
28.6621,2830,28531550,2454,1,0,1
28.6718,2831,28541550,0,0,0,0
28.6820,2832,28551550,2661,1,0,1
28.6918,2833,28561551,0,0,0,0
28.7024,2834,28571550,2845,1,0,1
28.7120,2835,28581550,0,0,0,0
28.7221,2836,28591550,3002,1,0,1
28.7320,2837,28601550,0,0,0,0
28.7421,2838,28611551,3235,1,0,1
28.7518,2839,28621550,0,0,0,0
28.7622,2840,28631550,3442,1,0,1
28.7718,2841,28641550,0,0,0,0
28.7823,2842,28651551,3689,1,0,1
28.7918,2843,28661550,0,0,0,0
28.8024,2844,28671550,3977,1,0,1
28.8119,2845,28681550,0,0,0,0
28.8220,2846,28691551,4095,1,0,1
28.8320,2847,28701550,0,0,0,0
28.8421,2848,28711550,4095,1,0,1
28.8520,2849,28721550,0,0,0,0
28.8623,2850,28731551,4095,1,0,1
28.8719,2851,28741550,0,0,0,0
28.8822,2852,28751550,4095,1,0,1
28.8921,2853,28761550,0,0,0,0
28.9020,2854,28771551,4095,1,0,1
28.9119,2855,28781550,0,0,0,0
28.9222,2856,28791550,4095,1,0,1
28.9318,2857,28801550,0,0,0,0
28.9421,2858,28811551,4095,1,0,1
28.9517,2859,28821550,0,0,0,0
28.9621,2860,28831550,4095,1,0,1
28.9718,2861,28841550,0,0,0,0
28.9821,2862,28851550,4095,1,0,1
28.9920,2863,28861550,0,0,0,0
29.0024,2864,28871551,4095,1,0,1
29.0118,2865,28881550,0,0,0,0
29.0221,2866,28891550,4095,1,0,1
29.0318,2867,28901550,0,0,0,0
29.0421,2868,28911551,4095,1,0,1
29.0518,2869,28921550,0,0,0,0
29.0621,2870,28931551,4095,1,0,1
29.0719,2871,28941550,0,0,0,0
29.0820,2872,28951550,4095,1,0,1
29.0919,2873,28961550,0,0,0,0
29.1021,2874,28971551,4095,1,0,1
29.1118,2875,28981550,0,0,0,0
29.1222,2876,28991551,4095,1,0,1
29.1318,2877,29001550,0,0,0,0
29.1422,2878,29011550,4095,1,0,1
29.1521,2879,29021551,0,0,0,0
29.1622,2880,29031550,4095,1,0,1
29.1721,2881,29041550,0,0,0,0
29.1824,2882,29051550,4095,1,0,1
29.1921,2883,29061550,0,0,0,0
29.2026,2884,29071550,4095,1,0,1
29.2119,2885,29081550,0,0,0,0
29.2222,2886,29091550,4095,1,0,1
29.2317,2887,29101550,0,0,0,0
29.2420,2888,29111551,4095,1,0,1
29.2518,2889,29121550,0,0,0,0
29.2622,2890,29131550,4095,1,0,1
29.2717,2891,29141550,0,0,0,0
29.2821,2892,29151550,4095,1,0,1
29.2919,2893,29161550,0,0,0,0
29.3023,2894,29171551,4095,1,0,1
29.3121,2895,29181550,0,0,0,0
29.3223,2896,29191551,4095,1,0,1
29.3320,2897,29201550,0,0,0,0
29.3423,2898,29211550,4095,1,0,1
29.3517,2899,29221550,0,0,0,0
29.3620,2900,29231551,4095,1,0,1
29.3718,2901,29241550,0,0,0,0
29.3820,2902,29251550,4095,1,0,1
29.3918,2903,29261551,0,0,0,0
29.4021,2904,29271550,4095,1,0,1
29.4121,2905,29281551,0,0,0,0
29.4222,2906,29291550,4095,1,0,1
29.4318,2907,29301551,0,0,0,0
29.4422,2908,29311550,4095,1,0,1
29.4522,2909,29321550,0,0,0,0
29.4626,2910,29331550,4095,1,0,1
29.4721,2911,29341550,0,0,0,0
29.4820,2912,29351551,4095,1,0,1
29.4919,2913,29361550,0,0,0,0
29.5023,2914,29371550,4095,1,0,1
29.5120,2915,29381551,0,0,0,0
29.5221,2916,29391550,4095,1,0,1
29.5321,2917,29401550,0,0,0,0
29.5423,2918,29411551,4095,1,0,1
29.5522,2919,29421550,0,0,0,0
29.5621,2920,29431550,4095,1,0,1
29.5720,2921,29441550,0,0,0,0
29.5821,2922,29451551,4095,1,0,1
29.5920,2923,29461550,0,0,0,0
29.6026,2924,29471551,4095,1,0,1
29.6119,2925,29481550,0,0,0,0
29.6221,2926,29491550,4095,1,0,1
29.6319,2927,29501550,0,0,0,0
29.6421,2928,29511551,4095,1,0,1
29.6518,2929,29521550,0,0,0,0
29.6621,2930,29531550,4095,1,0,1
29.6720,2931,29541550,0,0,0,0
29.6821,2932,29551551,4095,1,0,1
29.6919,2933,29561550,0,0,0,0
29.7024,2934,29571551,4095,1,0,1
29.7119,2935,29581550,0,0,0,0
29.7222,2936,29591551,4095,1,0,1
29.7318,2937,29601550,0,0,0,0
29.7420,2938,29611551,4095,1,0,1
29.7519,2939,29621550,0,0,0,0
29.7622,2940,29631551,4095,1,0,1
29.7718,2941,29641550,0,0,0,0
29.7823,2942,29651550,4095,1,0,1
29.7919,2943,29661551,0,0,0,0
29.8025,2944,29671550,4095,1,0,1
29.8118,2945,29681550,0,0,0,0
29.8221,2946,29691550,4095,1,0,1
29.8319,2947,29701550,0,0,0,0
29.8422,2948,29711551,4095,1,0,1
29.8518,2949,29721550,0,0,0,0
29.8622,2950,29731551,4095,1,0,1
29.8720,2951,29741550,0,0,0,0
29.8822,2952,29751551,4095,1,0,1
29.8925,2953,29761550,0,0,0,0
29.9022,2954,29771551,4095,1,0,1
29.9119,2955,29781550,0,0,0,0
29.9221,2956,29791550,4095,1,0,1
29.9321,2957,29801551,0,0,0,0
29.9423,2958,29811550,4095,1,0,1
29.9522,2959,29821551,0,0,0,0
29.9620,2960,29831550,4095,1,0,1
29.9720,2961,29841550,0,0,0,0
29.9821,2962,29851551,4095,1,0,1
29.9920,2963,29861550,0,0,0,0
30.0022,2964,29871551,4095,1,0,1
30.0117,2965,29881550,0,0,0,0
30.0220,2966,29891550,4095,1,0,1
30.0317,2967,29901550,0,0,0,0
30.0420,2968,29911550,4095,1,0,1
30.0517,2969,29921550,0,0,0,0
30.0621,2970,29931551,4095,1,0,1
30.0718,2971,29941550,0,0,0,0
30.0822,2972,29951551,4095,1,0,1
30.0918,2973,29961550,0,0,0,0
30.1022,2974,29971550,4095,1,0,1
30.1119,2975,29981551,0,0,0,0
30.1224,2976,29991550,4095,1,0,1
30.1319,2977,30001550,0,0,0,0
30.1422,2978,30011551,4095,1,0,1
30.1522,2979,30021550,0,0,0,0
30.1621,2980,30031550,4095,1,0,1
30.1720,2981,30041550,0,0,0,0
30.1820,2982,30051551,4095,1,0,1
30.1920,2983,30061550,0,0,0,0
30.2024,2984,30071550,4095,1,0,1
30.2118,2985,30081551,0,0,0,0
30.2221,2986,30091550,4095,1,0,1
30.2319,2987,30101551,0,0,0,0
30.2422,2988,30111550,4095,1,0,1
30.2519,2989,30121550,0,0,0,0
30.2620,2990,30131551,4095,1,0,1
30.2718,2991,30141550,0,0,0,0
30.2820,2992,30151551,4095,1,0,1
30.2919,2993,30161550,0,0,0,0
30.3021,2994,30171551,4095,1,0,1
30.3120,2995,30181550,0,0,0,0
30.3221,2996,30191551,4095,1,0,1
30.3318,2997,30201550,0,0,0,0
30.3420,2998,30211550,4095,1,0,1
30.3521,2999,30221550,0,0,0,0
30.3622,3000,30231551,4095,1,0,1
30.3719,3001,30241550,0,0,0,0
30.3823,3002,30251550,4095,1,0,1
30.3922,3003,30261550,0,0,0,0
30.4024,3004,30271551,4095,1,0,1
30.4122,3005,30281550,0,0,0,0
30.4222,3006,30291550,4095,1,0,1
30.4318,3007,30301550,0,0,0,0
30.4422,3008,30311551,4095,1,0,1
30.4519,3009,30321550,0,0,0,0
30.4621,3010,30331550,4095,1,0,1
30.4720,3011,30341550,0,0,0,0
30.4822,3012,30351551,4095,1,0,1
30.4919,3013,30361550,0,0,0,0
30.5022,3014,30371550,4095,1,0,1
30.5121,3015,30381550,0,0,0,0
30.5222,3016,30391550,4095,1,0,1
30.5318,3017,30401550,0,0,0,0
30.5425,3018,30411551,4095,1,0,1
30.5522,3019,30421550,0,0,0,0
30.5620,3020,30431551,4095,1,0,1
30.5719,3021,30441550,0,0,0,0
30.5821,3022,30451551,4095,1,0,1
30.5920,3023,30461550,0,0,0,0
30.6023,3024,30471550,4095,1,0,1
30.6120,3025,30481550,0,0,0,0
30.6221,3026,30491550,4095,1,0,1
30.6318,3027,30501550,0,0,0,0
30.6420,3028,30511550,4095,1,0,1
30.6518,3029,30521550,0,0,0,0
30.6622,3030,30531551,4095,1,0,1
30.6719,3031,30541550,0,0,0,0
30.6824,3032,30551551,4095,1,0,1
30.6922,3033,30561550,0,0,0,0
30.7022,3034,30571550,4095,1,0,1
30.7121,3035,30581550,0,0,0,0
30.7222,3036,30591550,4095,1,0,1
30.7320,3037,30601551,0,0,0,0
30.7425,3038,30611550,4095,1,0,1
30.7520,3039,30621551,0,0,0,0
30.7622,3040,30631550,4095,1,0,1
30.7720,3041,30641550,0,0,0,0
30.7820,3042,30651551,4095,1,0,1
30.7918,3043,30661550,0,0,0,0
30.8023,3044,30671551,4095,1,0,1
30.8120,3045,30681550,0,0,0,0
30.8222,3046,30691550,4081,1,0,1
30.8319,3047,30701550,0,0,0,0
30.8423,3048,30711551,4053,1,0,1
30.8523,3049,30721550,0,0,0,0
30.8620,3050,30731551,3984,1,0,1
30.8721,3051,30741550,0,0,0,0
30.8822,3052,30751550,3959,1,0,1
30.8921,3053,30761550,0,0,0,0
30.9025,3054,30771550,3892,1,0,1
30.9121,3055,30781550,0,0,0,0
30.9222,3056,30791550,3855,1,0,1
30.9320,3057,30801551,0,0,0,0
30.9425,3058,30811550,3814,1,0,1
30.9523,3059,30821550,0,0,0,0
30.9622,3060,30831551,3714,1,0,1
30.9718,3061,30841550,0,0,0,0
30.9821,3062,30851551,3694,1,0,1
30.9919,3063,30861550,0,0,0,0
31.0019,3064,30871551,3571,1,0,1
31.0118,3065,30881550,0,0,0,0
31.0220,3066,30891550,3520,1,0,1
31.0318,3067,30901550,0,0,0,0
31.0421,3068,30911550,3482,1,0,1
31.0519,3069,30921550,0,0,0,0
31.0620,3070,30931551,3418,1,0,1
31.0720,3071,30941550,0,0,0,0
31.0822,3072,30951550,3337,1,0,1
31.0919,3073,30961550,0,0,0,0
31.1021,3074,30971551,3257,1,0,1
31.1119,3075,30981550,0,0,0,0
31.1222,3076,30991550,3152,1,0,1
31.1319,3077,31001550,35,0,0,0
31.1421,3078,31011550,3038,1,0,1
31.1523,3079,31021550,80,0,0,0
31.1623,3080,31031550,2938,1,0,1
31.1720,3081,31041551,156,0,0,0
31.1821,3082,31051550,2806,1,0,1
31.1921,3083,31061551,256,0,0,0
31.2023,3084,31071550,2666,1,0,1
31.2123,3085,31081550,368,0,0,0
31.2223,3086,31091551,2544,1,0,1
31.2322,3087,31101550,448,0,0,0
31.2423,3088,31111550,2413,1,0,1
31.2522,3089,31121550,566,0,0,0
31.2623,3090,31131551,2239,1,0,1
31.2723,3091,31141550,743,0,0,0
31.2821,3092,31151551,2058,1,0,1
31.2920,3093,31161550,894,0,0,0
31.3026,3094,31171550,1874,1,0,1
31.3122,3095,31181550,1082,0,0,0
31.3222,3096,31191550,1593,1,0,1
31.3323,3097,31201550,1370,0,0,0
31.3422,3098,31211551,1257,1,0,1
31.3520,3099,31221550,1610,0,0,0
31.3621,3100,31231550,1040,0,0,0
31.3721,3101,31241550,1813,0,0,0
31.3820,3102,31251550,785,0,0,0
31.3919,3103,31261550,2016,0,0,0
31.4020,3104,31271550,510,0,0,0
31.4121,3105,31281550,2249,1,0,1
31.4219,3106,31291550,261,0,0,0
31.4323,3107,31301550,2480,1,0,1
31.4420,3108,31311550,43,0,0,0
31.4521,3109,31321550,2647,1,0,1
31.4618,3110,31331551,0,0,0,0
31.4722,3111,31341550,2851,1,0,1
31.4821,3112,31351551,0,0,0,0
31.4924,3113,31361550,3071,1,0,1
31.5018,3114,31371551,0,0,0,0
31.5122,3115,31381550,3297,1,0,1
31.5220,3116,31391550,0,0,0,0
31.5324,3117,31401551,3554,1,0,1
31.5418,3118,31411550,0,0,0,0
31.5527,3119,31421550,3958,1,0,1
31.5619,3120,31431550,0,0,0,0
31.5727,3121,31441551,4095,1,0,1
31.5819,3122,31451550,0,0,0,0
31.5922,3123,31461550,4095,1,0,1
31.6017,3124,31471550,0,0,0,0
31.6122,3125,31481551,4095,1,0,1
31.6221,3126,31491550,0,0,0,0
31.6323,3127,31501550,4095,1,0,1
31.6421,3128,31511551,0,0,0,0
31.6523,3129,31521550,4095,1,0,1
31.6620,3130,31531550,0,0,0,0
31.6722,3131,31541550,4095,1,0,1
31.6819,3132,31551550,0,0,0,0
31.6921,3133,31561551,4095,1,0,1
31.7018,3134,31571550,0,0,0,0
31.7121,3135,31581551,4095,1,0,1
31.7218,3136,31591550,0,0,0,0
31.7321,3137,31601550,4095,1,0,1
31.7418,3138,31611550,0,0,0,0
31.7521,3139,31621550,4095,1,0,1
31.7619,3140,31631550,0,0,0,0
31.7722,3141,31641550,4095,1,0,1
31.7820,3142,31651551,0,0,0,0
31.7922,3143,31661550,4095,1,0,1
31.8020,3144,31671551,0,0,0,0
31.8124,3145,31681550,4095,1,0,1
31.8218,3146,31691551,0,0,0,0
31.8327,3147,31701550,4095,1,0,1
31.8418,3148,31711550,0,0,0,0
31.8529,3149,31721550,4095,1,0,1
31.8617,3150,31731551,0,0,0,0
31.8722,3151,31741550,4095,1,0,1
31.8821,3152,31751550,0,0,0,0
31.8920,3153,31761551,4095,1,0,1
31.9020,3154,31771550,0,0,0,0
31.9123,3155,31781550,4095,1,0,1
31.9221,3156,31791551,0,0,0,0
31.9322,3157,31801550,4095,1,0,1
31.9419,3158,31811551,0,0,0,0
31.9525,3159,31821550,4095,1,0,1
31.9621,3160,31831550,0,0,0,0
31.9722,3161,31841550,4095,1,0,1
31.9821,3162,31851550,0,0,0,0
31.9925,3163,31861550,4095,1,0,1
32.0018,3164,31871551,0,0,0,0
32.0123,3165,31881550,4095,1,0,1
32.0218,3166,31891550,0,0,0,0
32.0321,3167,31901550,4095,1,0,1
32.0418,3168,31911551,0,0,0,0
32.0521,3169,31921550,4095,1,0,1
32.0618,3170,31931551,0,0,0,0
32.0721,3171,31941550,4095,1,0,1
32.0819,3172,31951551,0,0,0,0
32.0921,3173,31961550,4095,1,0,1
32.1020,3174,31971551,0,0,0,0
32.1123,3175,31981550,4095,1,0,1
32.1220,3176,31991551,0,0,0,0
32.1322,3177,32001550,4095,1,0,1
32.1419,3178,32011550,0,0,0,0
32.1523,3179,32021551,4095,1,0,1
32.1619,3180,32031550,0,0,0,0
32.1722,3181,32041551,4095,1,0,1
32.1817,3182,32051550,0,0,0,0
32.1920,3183,32061551,4095,1,0,1
32.2017,3184,32071550,0,0,0,0
32.2119,3185,32081550,4095,1,0,1
32.2217,3186,32091550,0,0,0,0
32.2320,3187,32101550,4095,1,0,1
32.2418,3188,32111551,0,0,0,0
32.2520,3189,32121550,4095,1,0,1
32.2618,3190,32131550,0,0,0,0
32.2724,3191,32141551,4095,1,0,1
32.2819,3192,32151550,0,0,0,0
32.2922,3193,32161551,4095,1,0,1
32.3022,3194,32171550,0,0,0,0
32.3122,3195,32181550,4095,1,0,1
32.3218,3196,32191551,0,0,0,0
32.3320,3197,32201550,4095,1,0,1
32.3419,3198,32211551,0,0,0,0
32.3522,3199,32221550,4095,1,0,1
32.3619,3200,32231550,0,0,0,0
32.3722,3201,32241551,4095,1,0,1
32.3819,3202,32251550,0,0,0,0
32.3921,3203,32261550,4095,1,0,1
32.4017,3204,32271551,0,0,0,0
32.4121,3205,32281550,4095,1,0,1
32.4218,3206,32291551,0,0,0,0
32.4321,3207,32301550,4095,1,0,1
32.4418,3208,32311551,0,0,0,0
32.4520,3209,32321550,4095,1,0,1
32.4618,3210,32331550,0,0,0,0
32.4721,3211,32341550,4095,1,0,1
32.4819,3212,32351550,0,0,0,0
32.4921,3213,32361551,4095,1,0,1
32.5021,3214,32371550,0,0,0,0
32.5122,3215,32381550,4095,1,0,1
32.5218,3216,32391550,0,0,0,0
32.5320,3217,32401551,4095,1,0,1
32.5419,3218,32411550,0,0,0,0
32.5522,3219,32421550,4095,1,0,1
32.5623,3220,32431551,0,0,0,0
32.5723,3221,32441550,4095,1,0,1
32.5821,3222,32451551,0,0,0,0
32.5921,3223,32461550,4095,1,0,1
32.6021,3224,32471550,0,0,0,0
32.6121,3225,32481550,4095,1,0,1
32.6220,3226,32491551,0,0,0,0
32.6323,3227,32501550,4095,1,0,1
32.6418,3228,32511551,0,0,0,0
32.6522,3229,32521550,4095,1,0,1
32.6620,3230,32531551,0,0,0,0
32.6721,3231,32541550,4095,1,0,1
32.6820,3232,32551550,0,0,0,0
32.6922,3233,32561551,4095,1,0,1
32.7018,3234,32571550,0,0,0,0
32.7121,3235,32581551,4095,1,0,1
32.7218,3236,32591550,0,0,0,0
32.7320,3237,32601550,4095,1,0,1
32.7418,3238,32611551,0,0,0,0
32.7520,3239,32621550,4095,1,0,1
32.7618,3240,32631550,0,0,0,0
32.7723,3241,32641550,4095,1,0,1
32.7819,3242,32651550,0,0,0,0
32.7920,3243,32661550,4095,1,0,1
32.8021,3244,32671551,0,0,0,0
32.8120,3245,32681550,4095,1,0,1
32.8218,3246,32691551,0,0,0,0
32.8320,3247,32701550,4095,1,0,1
32.8419,3248,32711551,0,0,0,0
32.8522,3249,32721550,4095,1,0,1
32.8619,3250,32731550,0,0,0,0
32.8720,3251,32741550,4095,1,0,1
32.8820,3252,32751551,0,0,0,0
32.8922,3253,32761550,4095,1,0,1
32.9018,3254,32771551,0,0,0,0
32.9120,3255,32781550,4095,1,0,1
32.9219,3256,32791550,0,0,0,0
32.9321,3257,32801550,4095,1,0,1
32.9419,3258,32811551,0,0,0,0
32.9521,3259,32821550,4095,1,0,1
32.9619,3260,32831551,0,0,0,0
32.9720,3261,32841550,4095,1,0,1
32.9819,3262,32851550,0,0,0,0
32.9921,3263,32861550,4095,1,0,1
33.0019,3264,32871551,0,0,0,0
33.0120,3265,32881550,4095,1,0,1
33.0219,3266,32891550,0,0,0,0
33.0321,3267,32901550,4095,1,0,1
33.0419,3268,32911550,0,0,0,0
33.0522,3269,32921551,4095,1,0,1
33.0619,3270,32931550,0,0,0,0
33.0721,3271,32941551,4095,1,0,1
33.0820,3272,32951550,0,0,0,0
33.0920,3273,32961550,4095,1,0,1
33.1018,3274,32971551,0,0,0,0
33.1120,3275,32981550,4095,1,0,1
33.1219,3276,32991550,0,0,0,0
33.1320,3277,33001551,4095,1,0,1
33.1419,3278,33011550,0,0,0,0
33.1522,3279,33021550,4095,1,0,1
33.1620,3280,33031550,0,0,0,0
33.1720,3281,33041551,4095,1,0,1
33.1819,3282,33051550,0,0,0,0
33.1920,3283,33061551,4095,1,0,1
33.2020,3284,33071550,0,0,0,0
33.2120,3285,33081551,4095,1,0,1
33.2219,3286,33091550,0,0,0,0
33.2320,3287,33101550,4095,1,0,1
33.2418,3288,33111550,0,0,0,0
33.2520,3289,33121551,4095,1,0,1
33.2618,3290,33131550,0,0,0,0
33.2720,3291,33141550,4095,1,0,1
33.2819,3292,33151550,0,0,0,0
33.2920,3293,33161551,4095,1,0,1
33.3019,3294,33171550,0,0,0,0
33.3121,3295,33181550,4095,1,0,1
33.3219,3296,33191551,0,0,0,0
33.3320,3297,33201550,4095,1,0,1
33.3417,3298,33211551,0,0,0,0
33.3521,3299,33221550,4095,1,0,1
33.3619,3300,33231551,0,0,0,0
33.3720,3301,33241550,4095,1,0,1
33.3819,3302,33251550,0,0,0,0
33.3920,3303,33261551,4095,1,0,1
33.4022,3304,33271550,0,0,0,0
33.4121,3305,33281550,4095,1,0,1
33.4219,3306,33291550,0,0,0,0
33.4321,3307,33301550,4095,1,0,1
33.4421,3308,33311550,0,0,0,0
33.4520,3309,33321550,4095,1,0,1
33.4618,3310,33331551,0,0,0,0
33.4721,3311,33341550,4095,1,0,1
33.4818,3312,33351551,0,0,0,0
33.4921,3313,33361550,4095,1,0,1
33.5026,3314,33371551,0,0,0,0
33.5122,3315,33381550,4094,1,0,1
33.5221,3316,33391550,0,0,0,0
33.5322,3317,33401551,3999,1,0,1
33.5420,3318,33411550,0,0,0,0
33.5524,3319,33421550,3983,1,0,1
33.5620,3320,33431550,0,0,0,0
33.5720,3321,33441551,3946,1,0,1
33.5819,3322,33451550,0,0,0,0
33.5921,3323,33461551,3856,1,0,1
33.6022,3324,33471550,0,0,0,0
33.6120,3325,33481550,3771,1,0,1
33.6217,3326,33491551,0,0,0,0
33.6322,3327,33501550,3698,1,0,1
33.6420,3328,33511550,0,0,0,0
33.6522,3329,33521550,3632,1,0,1
33.6622,3330,33531550,0,0,0,0
33.6720,3331,33541551,3536,1,0,1
33.6820,3332,33551550,0,0,0,0
33.6924,3333,33561551,3495,1,0,1
33.7021,3334,33571550,0,0,0,0
33.7122,3335,33581550,3423,1,0,1
33.7219,3336,33591550,0,0,0,0
33.7324,3337,33601551,3326,1,0,1
33.7422,3338,33611550,0,0,0,0
33.7523,3339,33621551,3235,1,0,1
33.7622,3340,33631550,14,0,0,0
33.7722,3341,33641550,3120,1,0,1
33.7819,3342,33651550,65,0,0,0
33.7922,3343,33661550,2976,1,0,1
33.8023,3344,33671550,156,0,0,0
33.8121,3345,33681550,2851,1,0,1
33.8220,3346,33691550,256,0,0,0
33.8320,3347,33701551,2743,1,0,1
33.8419,3348,33711550,357,0,0,0
33.8524,3349,33721550,2559,1,0,1
33.8620,3350,33731550,464,0,0,0
33.8721,3351,33741551,2432,1,0,1
33.8819,3352,33751550,570,0,0,0
33.8921,3353,33761550,2255,1,0,1
33.9020,3354,33771550,759,0,0,0
33.9121,3355,33781550,2032,1,0,1
33.9220,3356,33791551,963,0,0,0
33.9321,3357,33801551,1785,1,0,1
33.9421,3358,33811550,1207,0,0,0
33.9521,3359,33821550,1460,1,0,1
33.9621,3360,33831550,1511,0,0,0
33.9721,3361,33841551,1163,0,0,0
33.9821,3362,33851550,1725,0,0,0
33.9921,3363,33861551,922,0,0,0
34.0021,3364,33871550,1922,0,0,0
34.0121,3365,33881550,639,0,0,0
34.0221,3366,33891550,2170,1,0,1
34.0321,3367,33901551,368,0,0,0
34.0421,3368,33911550,2403,1,0,1
34.0520,3369,33921550,156,0,0,0
34.0621,3370,33931550,2559,1,0,1
34.0718,3371,33941550,0,0,0,0
34.0820,3372,33951551,2770,1,0,1
34.0918,3373,33961550,0,0,0,0
34.1021,3374,33971550,2986,1,0,1
34.1120,3375,33981550,0,0,0,0
34.1220,3376,33991551,3216,1,0,1
34.1318,3377,34001550,0,0,0,0
34.1421,3378,34011550,3583,1,0,1
34.1519,3379,34021550,0,0,0,0
34.1621,3380,34031550,3949,1,0,1
34.1720,3381,34041550,0,0,0,0
34.1820,3382,34051550,4095,1,0,1
34.1920,3383,34061550,0,0,0,0
34.2021,3384,34071551,4095,1,0,1
34.2120,3385,34081550,0,0,0,0
34.2220,3386,34091550,4095,1,0,1
34.2319,3387,34101550,0,0,0,0
34.2421,3388,34111550,4095,1,0,1
34.2523,3389,34121550,0,0,0,0
34.2623,3390,34131550,4095,1,0,1
34.2718,3391,34141550,0,0,0,0
34.2823,3392,34151550,4095,1,0,1
34.2920,3393,34161551,0,0,0,0
34.3021,3394,34171550,4095,1,0,1
34.3119,3395,34181550,0,0,0,0
34.3221,3396,34191551,4095,1,0,1
34.3320,3397,34201550,0,0,0,0
34.3423,3398,34211551,4095,1,0,1
34.3519,3399,34221550,0,0,0,0
34.3621,3400,34231551,4095,1,0,1
34.3717,3401,34241550,0,0,0,0
34.3820,3402,34251551,4095,1,0,1
34.3917,3403,34261550,0,0,0,0
34.4019,3404,34271551,4095,1,0,1
34.4118,3405,34281550,0,0,0,0
34.4220,3406,34291550,4095,1,0,1
34.4319,3407,34301550,0,0,0,0
34.4422,3408,34311551,4095,1,0,1
34.4519,3409,34321550,0,0,0,0
34.4619,3410,34331550,4095,1,0,1
34.4718,3411,34341550,0,0,0,0
34.4821,3412,34351550,4095,1,0,1
34.4921,3413,34361550,0,0,0,0
34.5024,3414,34371550,4095,1,0,1
34.5120,3415,34381550,0,0,0,0
34.5220,3416,34391551,4095,1,0,1
34.5321,3417,34401550,0,0,0,0
34.5421,3418,34411550,4095,1,0,1
34.5518,3419,34421550,0,0,0,0
34.5622,3420,34431550,4095,1,0,1
34.5720,3421,34441551,0,0,0,0
34.5823,3422,34451550,4095,1,0,1
34.5923,3423,34461550,0,0,0,0
34.6026,3424,34471551,4095,1,0,1
34.6120,3425,34481550,0,0,0,0
34.6222,3426,34491550,4095,1,0,1
34.6320,3427,34501550,0,0,0,0
34.6420,3428,34511551,4095,1,0,1
34.6518,3429,34521550,0,0,0,0
34.6620,3430,34531550,4095,1,0,1
34.6717,3431,34541550,0,0,0,0
34.6820,3432,34551551,4095,1,0,1
34.6918,3433,34561550,0,0,0,0
34.7021,3434,34571550,4095,1,0,1
34.7119,3435,34581551,0,0,0,0
34.7221,3436,34591550,4095,1,0,1
34.7318,3437,34601551,0,0,0,0
34.7420,3438,34611550,4095,1,0,1
34.7520,3439,34621550,0,0,0,0
34.7624,3440,34631550,4095,1,0,1
34.7718,3441,34641550,0,0,0,0
34.7821,3442,34651550,4095,1,0,1
34.7920,3443,34661550,0,0,0,0
34.8023,3444,34671550,4095,1,0,1
34.8119,3445,34681550,0,0,0,0
34.8220,3446,34691550,4095,1,0,1
34.8318,3447,34701550,0,0,0,0
34.8420,3448,34711551,4095,1,0,1
34.8518,3449,34721550,0,0,0,0
34.8621,3450,34731550,4095,1,0,1
34.8718,3451,34741550,0,0,0,0
34.8822,3452,34751551,4095,1,0,1
34.8918,3453,34761550,0,0,0,0
34.9021,3454,34771550,4095,1,0,1
34.9119,3455,34781550,0,0,0,0
34.9222,3456,34791550,4095,1,0,1
34.9319,3457,34801550,0,0,0,0
34.9420,3458,34811550,4095,1,0,1
34.9520,3459,34821550,0,0,0,0
34.9621,3460,34831551,4095,1,0,1
34.9719,3461,34841550,0,0,0,0
34.9821,3462,34851550,4095,1,0,1
34.9919,3463,34861550,0,0,0,0
35.0021,3464,34871551,4095,1,0,1
35.0119,3465,34881550,0,0,0,0
35.0219,3466,34891550,4095,1,0,1
35.0318,3467,34901550,0,0,0,0
35.0420,3468,34911551,4095,1,0,1
35.0522,3469,34921550,0,0,0,0
35.0622,3470,34931550,4095,1,0,1
35.0719,3471,34941551,0,0,0,0
35.0822,3472,34951550,4095,1,0,1
35.0919,3473,34961550,0,0,0,0
35.1021,3474,34971551,4095,1,0,1
35.1119,3475,34981550,0,0,0,0
35.1222,3476,34991550,4095,1,0,1
35.1317,3477,35001550,0,0,0,0
35.1421,3478,35011550,4095,1,0,1
35.1520,3479,35021551,0,0,0,0
35.1621,3480,35031550,4095,1,0,1
35.1718,3481,35041550,0,0,0,0
35.1821,3482,35051551,4095,1,0,1
35.1919,3483,35061550,0,0,0,0
35.2020,3484,35071551,4095,1,0,1
35.2119,3485,35081550,0,0,0,0
35.2221,3486,35091550,4095,1,0,1
35.2319,3487,35101550,0,0,0,0
35.2422,3488,35111551,4095,1,0,1
35.2522,3489,35121550,0,0,0,0
35.2622,3490,35131550,4095,1,0,1
35.2718,3491,35141551,0,0,0,0
35.2822,3492,35151550,4095,1,0,1
35.2919,3493,35161550,0,0,0,0
35.3023,3494,35171551,4095,1,0,1
35.3118,3495,35181550,0,0,0,0
35.3222,3496,35191551,4095,1,0,1
35.3318,3497,35201550,0,0,0,0
35.3422,3498,35211550,4095,1,0,1
35.3520,3499,35221550,0,0,0,0
35.3622,3500,35231550,4095,1,0,1
35.3717,3501,35241551,0,0,0,0
35.3821,3502,35251550,4095,1,0,1
35.3918,3503,35261550,0,0,0,0
35.4020,3504,35271550,4095,1,0,1
35.4119,3505,35281550,0,0,0,0
35.4222,3506,35291550,4095,1,0,1
35.4319,3507,35301551,0,0,0,0
35.4422,3508,35311550,4095,1,0,1
35.4520,3509,35321550,0,0,0,0
35.4621,3510,35331550,4095,1,0,1
35.4718,3511,35341551,0,0,0,0
35.4826,3512,35351550,4095,1,0,1
35.4921,3513,35361550,0,0,0,0
35.5026,3514,35371551,4095,1,0,1
35.5119,3515,35381550,0,0,0,0
35.5222,3516,35391550,4095,1,0,1
35.5320,3517,35401550,0,0,0,0
35.5422,3518,35411551,4095,1,0,1
35.5524,3519,35421550,0,0,0,0
35.5624,3520,35431551,4095,1,0,1
35.5720,3521,35441550,0,0,0,0
35.5823,3522,35451550,4095,1,0,1
35.5920,3523,35461550,0,0,0,0
35.6024,3524,35471551,4095,1,0,1
35.6122,3525,35481550,0,0,0,0
35.6223,3526,35491550,4095,1,0,1
35.6319,3527,35501550,0,0,0,0
35.6423,3528,35511551,4095,1,0,1
35.6518,3529,35521550,0,0,0,0
35.6621,3530,35531551,4095,1,0,1
35.6718,3531,35541550,0,0,0,0
35.6822,3532,35551550,4095,1,0,1
35.6919,3533,35561550,0,0,0,0
35.7022,3534,35571550,4095,1,0,1
35.7120,3535,35581550,0,0,0,0
35.7220,3536,35591551,4095,1,0,1
35.7320,3537,35601550,0,0,0,0
35.7420,3538,35611550,4095,1,0,1
35.7519,3539,35621550,0,0,0,0
35.7621,3540,35631550,4095,1,0,1
35.7719,3541,35641550,0,0,0,0
35.7822,3542,35651550,4095,1,0,1
35.7919,3543,35661550,0,0,0,0
35.8021,3544,35671551,4095,1,0,1
35.8120,3545,35681550,0,0,0,0
35.8221,3546,35691551,4095,1,0,1
35.8318,3547,35701550,0,0,0,0
35.8421,3548,35711550,4095,1,0,1
35.8518,3549,35721551,0,0,0,0
35.8620,3550,35731550,4095,1,0,1
35.8717,3551,35741550,0,0,0,0
35.8821,3552,35751550,4095,1,0,1
35.8917,3553,35761550,0,0,0,0
35.9020,3554,35771551,4095,1,0,1
35.9119,3555,35781550,0,0,0,0
35.9222,3556,35791550,4095,1,0,1
35.9319,3557,35801550,0,0,0,0
35.9422,3558,35811551,4095,1,0,1
35.9518,3559,35821550,0,0,0,0
35.9620,3560,35831550,4095,1,0,1
35.9718,3561,35841550,0,0,0,0
35.9821,3562,35851550,4023,1,0,1
35.9919,3563,35861550,0,0,0,0
36.0037,3564,35871551,3984,1,0,1
36.0121,3565,35881550,0,0,0,0
36.0220,3566,35891551,3911,1,0,1
36.0319,3567,35901550,0,0,0,0
36.0422,3568,35911551,3888,1,0,1
36.0531,3569,35921550,0,0,0,0
36.0621,3570,35931550,3824,1,0,1
36.0720,3571,35941551,0,0,0,0
36.0820,3572,35951550,3781,1,0,1
36.0922,3573,35961550,0,0,0,0
36.1022,3574,35971551,3738,1,0,1
36.1120,3575,35981550,0,0,0,0
36.1221,3576,35991550,3670,1,0,1
36.1320,3577,36001550,0,0,0,0
36.1422,3578,36011551,3583,1,0,1
36.1521,3579,36021550,0,0,0,0
36.1620,3580,36031550,3536,1,0,1
36.1719,3581,36041550,0,0,0,0
36.1820,3582,36051551,3461,1,0,1
36.1919,3583,36061550,0,0,0,0
36.2020,3584,36071551,3427,1,0,1
36.2118,3585,36081550,0,0,0,0
36.2220,3586,36091550,3343,1,0,1
36.2317,3587,36101550,0,0,0,0
36.2420,3588,36111550,3232,1,0,1
36.2518,3589,36121550,7,0,0,0
36.2622,3590,36131550,3093,1,0,1
36.2720,3591,36141550,79,0,0,0
36.2822,3592,36151550,2981,1,0,1
36.2921,3593,36161550,158,0,0,0
36.3023,3594,36171551,2815,1,0,1
36.3120,3595,36181550,277,0,0,0
36.3223,3596,36191550,2674,1,0,1
36.3320,3597,36201550,373,0,0,0
36.3421,3598,36211550,2482,1,0,1
36.3522,3599,36221550,503,0,0,0
36.3620,3600,36231550,2323,1,0,1
36.3720,3601,36241550,662,0,0,0
36.3823,3602,36251551,2131,1,0,1
36.3920,3603,36261550,878,0,0,0
36.4024,3604,36271550,1901,1,0,1
36.4122,3605,36281550,1111,0,0,0
36.4220,3606,36291551,1587,1,0,1
36.4321,3607,36301550,1403,0,0,0
36.4423,3608,36311551,1233,1,0,1
36.4520,3609,36321550,1691,0,0,0
36.4620,3610,36331550,998,0,0,0
36.4721,3611,36341550,1862,0,0,0
36.4820,3612,36351551,740,0,0,0
36.4922,3613,36361550,2119,0,0,0
36.5026,3614,36371550,437,0,0,0
36.5121,3615,36381550,2354,1,0,1
36.5220,3616,36391550,193,0,0,0
36.5320,3617,36401550,2533,1,0,1
36.5418,3618,36411550,0,0,0,0
36.5520,3619,36421551,2762,1,0,1
36.5620,3620,36431550,0,0,0,0
36.5720,3621,36441550,3023,1,0,1
36.5818,3622,36451550,0,0,0,0
36.5921,3623,36461550,3279,1,0,1
36.6019,3624,36471550,0,0,0,0
36.6123,3625,36481550,3616,1,0,1
36.6220,3626,36491551,0,0,0,0
36.6321,3627,36501550,3979,1,0,1
36.6419,3628,36511550,0,0,0,0
36.6522,3629,36521551,4095,1,0,1
36.6618,3630,36531550,0,0,0,0
36.6720,3631,36541551,4095,1,0,1
36.6818,3632,36551550,0,0,0,0
36.6921,3633,36561551,4095,1,0,1
36.7018,3634,36571550,0,0,0,0
36.7122,3635,36581551,4095,1,0,1
36.7217,3636,36591550,0,0,0,0
36.7321,3637,36601550,4095,1,0,1
36.7418,3638,36611551,0,0,0,0
36.7520,3639,36621550,4095,1,0,1
36.7620,3640,36631550,0,0,0,0
36.7722,3641,36641550,4095,1,0,1
36.7819,3642,36651551,0,0,0,0
36.7921,3643,36661550,4095,1,0,1
36.8018,3644,36671550,0,0,0,0
36.8124,3645,36681551,4095,1,0,1
36.8219,3646,36691550,0,0,0,0
36.8321,3647,36701551,4095,1,0,1
36.8418,3648,36711550,0,0,0,0
36.8521,3649,36721550,4095,1,0,1
36.8618,3650,36731551,0,0,0,0
36.8721,3651,36741550,4095,1,0,1
36.8818,3652,36751551,0,0,0,0
36.8920,3653,36761550,4095,1,0,1
36.9019,3654,36771551,0,0,0,0
36.9121,3655,36781550,4095,1,0,1
36.9218,3656,36791550,0,0,0,0
36.9321,3657,36801551,4095,1,0,1
36.9418,3658,36811550,0,0,0,0
36.9522,3659,36821550,4095,1,0,1
36.9618,3660,36831550,0,0,0,0
36.9721,3661,36841550,4095,1,0,1
36.9817,3662,36851551,0,0,0,0
36.9921,3663,36861550,4095,1,0,1
37.0017,3664,36871550,0,0,0,0
37.0121,3665,36881551,4095,1,0,1
37.0217,3666,36891550,0,0,0,0
37.0320,3667,36901550,4095,1,0,1
37.0417,3668,36911551,0,0,0,0
37.0520,3669,36921550,4095,1,0,1
37.0617,3670,36931550,0,0,0,0
37.0720,3671,36941550,4095,1,0,1
37.0818,3672,36951550,0,0,0,0
37.0921,3673,36961550,4095,1,0,1
37.1017,3674,36971551,0,0,0,0
37.1121,3675,36981550,4095,1,0,1
37.1217,3676,36991550,0,0,0,0
37.1320,3677,37001550,4095,1,0,1
37.1417,3678,37011551,0,0,0,0
37.1520,3679,37021550,4095,1,0,1
37.1618,3680,37031550,0,0,0,0
37.1721,3681,37041550,4095,1,0,1
37.1818,3682,37051551,0,0,0,0
37.1921,3683,37061550,4095,1,0,1
37.2018,3684,37071550,0,0,0,0
37.2121,3685,37081550,4095,1,0,1
37.2217,3686,37091551,0,0,0,0
37.2321,3687,37101550,4095,1,0,1
37.2418,3688,37111551,0,0,0,0
37.2521,3689,37121550,4095,1,0,1
37.2619,3690,37131550,0,0,0,0
37.2721,3691,37141551,4095,1,0,1
37.2818,3692,37151550,0,0,0,0
37.2920,3693,37161550,4095,1,0,1
37.3018,3694,37171550,0,0,0,0
37.3120,3695,37181550,4095,1,0,1
37.3218,3696,37191550,0,0,0,0
37.3320,3697,37201551,4095,1,0,1
37.3417,3698,37211550,0,0,0,0
37.3521,3699,37221550,4095,1,0,1
37.3618,3700,37231551,0,0,0,0
37.3720,3701,37241550,4095,1,0,1
37.3818,3702,37251550,0,0,0,0
37.3920,3703,37261550,4095,1,0,1
37.4018,3704,37271551,0,0,0,0
37.4120,3705,37281550,4095,1,0,1
37.4223,3706,37291551,0,0,0,0
37.4321,3707,37301550,4095,1,0,1
37.4419,3708,37311551,0,0,0,0
37.4521,3709,37321550,4095,1,0,1
37.4618,3710,37331550,0,0,0,0
37.4720,3711,37341551,4095,1,0,1
37.4818,3712,37351550,0,0,0,0
37.4920,3713,37361550,4095,1,0,1
37.5018,3714,37371551,0,0,0,0
37.5121,3715,37381550,4095,1,0,1
37.5218,3716,37391551,0,0,0,0
37.5321,3717,37401550,4095,1,0,1
37.5419,3718,37411551,0,0,0,0
37.5521,3719,37421550,4095,1,0,1
37.5618,3720,37431551,0,0,0,0
37.5721,3721,37441550,4095,1,0,1
37.5818,3722,37451550,0,0,0,0
37.5921,3723,37461550,4095,1,0,1
37.6018,3724,37471550,0,0,0,0
37.6122,3725,37481550,4095,1,0,1
37.6218,3726,37491550,0,0,0,0
37.6321,3727,37501551,4095,1,0,1
37.6418,3728,37511550,0,0,0,0
37.6521,3729,37521550,4095,1,0,1
37.6618,3730,37531550,0,0,0,0
37.6720,3731,37541551,4095,1,0,1
37.6817,3732,37551550,0,0,0,0
37.6921,3733,37561550,4095,1,0,1
37.7017,3734,37571550,0,0,0,0
37.7121,3735,37581550,4095,1,0,1
37.7218,3736,37591550,0,0,0,0
37.7320,3737,37601550,4095,1,0,1
37.7419,3738,37611550,0,0,0,0
37.7521,3739,37621551,4095,1,0,1
37.7618,3740,37631550,0,0,0,0
37.7721,3741,37641551,4095,1,0,1
37.7818,3742,37651550,0,0,0,0
37.7920,3743,37661550,4095,1,0,1
37.8018,3744,37671550,0,0,0,0
37.8120,3745,37681550,4095,1,0,1
37.8219,3746,37691550,0,0,0,0
37.8321,3747,37701550,4095,1,0,1
37.8418,3748,37711551,0,0,0,0
37.8520,3749,37721550,4095,1,0,1
37.8617,3750,37731550,0,0,0,0
37.8720,3751,37741551,4095,1,0,1
37.8817,3752,37751550,0,0,0,0
37.8920,3753,37761551,4095,1,0,1
37.9018,3754,37771550,0,0,0,0
37.9120,3755,37781551,4095,1,0,1
37.9218,3756,37791550,0,0,0,0
37.9320,3757,37801551,4095,1,0,1
37.9418,3758,37811550,0,0,0,0
37.9521,3759,37821550,4095,1,0,1
37.9618,3760,37831551,0,0,0,0
37.9720,3761,37841550,4095,1,0,1
37.9818,3762,37851551,0,0,0,0
37.9920,3763,37861550,4095,1,0,1
38.0017,3764,37871550,0,0,0,0
38.0121,3765,37881551,4095,1,0,1
38.0217,3766,37891550,0,0,0,0
38.0320,3767,37901551,4095,1,0,1
38.0419,3768,37911550,0,0,0,0
38.0521,3769,37921550,4095,1,0,1
38.0618,3770,37931550,0,0,0,0
38.0721,3771,37941550,4095,1,0,1
38.0818,3772,37951551,0,0,0,0
38.0919,3773,37961550,4095,1,0,1
38.1018,3774,37971550,0,0,0,0
38.1121,3775,37981550,4095,1,0,1
38.1218,3776,37991551,0,0,0,0
38.1320,3777,38001550,4095,1,0,1
38.1417,3778,38011551,0,0,0,0
38.1520,3779,38021550,4095,1,0,1
38.1619,3780,38031550,0,0,0,0
38.1720,3781,38041551,4095,1,0,1
38.1819,3782,38051550,0,0,0,0
38.1920,3783,38061551,4095,1,0,1
38.2017,3784,38071550,0,0,0,0
38.2120,3785,38081550,4095,1,0,1
38.2217,3786,38091550,0,0,0,0
38.2321,3787,38101550,4095,1,0,1
38.2417,3788,38111550,0,0,0,0
38.2521,3789,38121551,4095,1,0,1
38.2619,3790,38131550,0,0,0,0
38.2720,3791,38141550,4095,1,0,1
38.2817,3792,38151550,0,0,0,0
38.2920,3793,38161550,4095,1,0,1
38.3017,3794,38171551,0,0,0,0
38.3120,3795,38181550,4095,1,0,1
38.3219,3796,38191551,0,0,0,0
38.3320,3797,38201550,4095,1,0,1
38.3418,3798,38211550,0,0,0,0
38.3520,3799,38221550,4095,1,0,1
38.3617,3800,38231551,0,0,0,0
38.3719,3801,38241550,4095,1,0,1
38.3818,3802,38251550,0,0,0,0
38.3920,3803,38261551,4095,1,0,1
38.4019,3804,38271550,0,0,0,0
38.4121,3805,38281551,4095,1,0,1
38.4217,3806,38291550,0,0,0,0
38.4319,3807,38301551,4095,1,0,1
38.4417,3808,38311550,0,0,0,0
38.4520,3809,38321550,4095,1,0,1
38.4617,3810,38331550,0,0,0,0
38.4720,3811,38341550,4043,1,0,1
38.4817,3812,38351551,0,0,0,0
38.4920,3813,38361550,4043,1,0,1
38.5018,3814,38371550,0,0,0,0
38.5120,3815,38381551,4002,1,0,1
38.5218,3816,38391550,0,0,0,0
38.5319,3817,38401550,3978,1,0,1
38.5417,3818,38411550,0,0,0,0
38.5519,3819,38421551,3926,1,0,1
38.5618,3820,38431550,0,0,0,0
38.5720,3821,38441551,3841,1,0,1
38.5817,3822,38451550,0,0,0,0
38.5919,3823,38461550,3773,1,0,1
38.6017,3824,38471551,0,0,0,0
38.6120,3825,38481550,3718,1,0,1
38.6218,3826,38491551,0,0,0,0
38.6319,3827,38501550,3583,1,0,1
38.6417,3828,38511551,0,0,0,0
38.6521,3829,38521550,3526,1,0,1
38.6617,3830,38531550,0,0,0,0
38.6720,3831,38541551,3472,1,0,1
38.6819,3832,38551550,0,0,0,0
38.6919,3833,38561551,3359,1,0,1
38.7018,3834,38571550,0,0,0,0
38.7120,3835,38581550,3296,1,0,1
38.7217,3836,38591550,0,0,0,0
38.7320,3837,38601550,3183,1,0,1
38.7418,3838,38611550,30,0,0,0
38.7520,3839,38621550,3086,1,0,1
38.7618,3840,38631550,77,0,0,0
38.7719,3841,38641550,2946,1,0,1
38.7819,3842,38651551,176,0,0,0
38.7919,3843,38661550,2809,1,0,1
38.8019,3844,38671551,273,0,0,0
38.8119,3845,38681551,2699,1,0,1
38.8221,3846,38691550,369,0,0,0
38.8320,3847,38701551,2593,1,0,1
38.8419,3848,38711550,474,0,0,0
38.8521,3849,38721550,2416,1,0,1
38.8619,3850,38731550,627,0,0,0
38.8719,3851,38741551,2177,1,0,1
38.8819,3852,38751550,863,0,0,0
38.8919,3853,38761551,1973,1,0,1
38.9021,3854,38771550,1067,0,0,0
38.9120,3855,38781550,1628,1,0,1
38.9219,3856,38791550,1396,0,0,0
38.9321,3857,38801550,1301,1,0,1
38.9420,3858,38811550,1632,0,0,0
38.9520,3859,38821551,1083,1,0,1
38.9619,3860,38831550,1798,0,0,0
38.9719,3861,38841551,843,0,0,0
38.9819,3862,38851550,2032,0,0,0
38.9919,3863,38861550,558,0,0,0
39.0022,3864,38871550,2288,1,0,1
39.0120,3865,38881550,303,0,0,0
39.0221,3866,38891550,2489,1,0,1
39.0318,3867,38901551,80,0,0,0
39.0420,3868,38911550,2688,1,0,1
39.0517,3869,38921550,0,0,0,0
39.0620,3870,38931550,2878,1,0,1
39.0717,3871,38941550,0,0,0,0
39.0819,3872,38951551,3111,1,0,1
39.0917,3873,38961550,0,0,0,0
39.1021,3874,38971550,3330,1,0,1
39.1118,3875,38981550,0,0,0,0
39.1219,3876,38991551,3696,1,0,1
39.1317,3877,39001550,0,0,0,0
39.1420,3878,39011550,4083,1,0,1
39.1517,3879,39021550,0,0,0,0
39.1619,3880,39031550,4095,1,0,1
39.1717,3881,39041550,0,0,0,0
39.1820,3882,39051550,4095,1,0,1
39.1917,3883,39061551,0,0,0,0
39.2020,3884,39071550,4095,1,0,1
39.2117,3885,39081551,0,0,0,0
39.2220,3886,39091550,4095,1,0,1
39.2317,3887,39101551,0,0,0,0
39.2420,3888,39111550,4095,1,0,1
39.2518,3889,39121550,0,0,0,0
39.2620,3890,39131551,4095,1,0,1
39.2717,3891,39141550,0,0,0,0
39.2819,3892,39151550,4095,1,0,1
39.2918,3893,39161550,0,0,0,0
39.3020,3894,39171550,4095,1,0,1
39.3118,3895,39181551,0,0,0,0
39.3220,3896,39191550,4095,1,0,1
39.3317,3897,39201550,0,0,0,0
39.3421,3898,39211551,4095,1,0,1
39.3517,3899,39221550,0,0,0,0
39.3620,3900,39231550,4095,1,0,1
39.3718,3901,39241551,0,0,0,0
39.3819,3902,39251550,4095,1,0,1
39.3918,3903,39261550,0,0,0,0
39.4020,3904,39271551,4095,1,0,1
39.4117,3905,39281550,0,0,0,0
39.4220,3906,39291551,4095,1,0,1
39.4317,3907,39301550,0,0,0,0
39.4420,3908,39311551,4095,1,0,1
39.4523,3909,39321550,0,0,0,0
39.4620,3910,39331550,4095,1,0,1
39.4717,3911,39341551,0,0,0,0
39.4820,3912,39351550,4095,1,0,1
39.4917,3913,39361550,0,0,0,0
39.5020,3914,39371551,4095,1,0,1
39.5118,3915,39381550,0,0,0,0
39.5221,3916,39391551,4095,1,0,1
39.5317,3917,39401550,0,0,0,0
39.5420,3918,39411550,4095,1,0,1
39.5518,3919,39421550,0,0,0,0
39.5620,3920,39431551,4095,1,0,1
39.5717,3921,39441550,0,0,0,0
39.5819,3922,39451551,4095,1,0,1
39.5917,3923,39461550,0,0,0,0
39.6020,3924,39471551,4095,1,0,1
39.6118,3925,39481550,0,0,0,0
39.6220,3926,39491550,4095,1,0,1
39.6318,3927,39501550,0,0,0,0
39.6419,3928,39511551,4095,1,0,1
39.6517,3929,39521550,0,0,0,0
39.6620,3930,39531550,4095,1,0,1
39.6717,3931,39541551,0,0,0,0
39.6819,3932,39551550,4095,1,0,1
39.6917,3933,39561551,0,0,0,0
39.7020,3934,39571550,4095,1,0,1
39.7118,3935,39581551,0,0,0,0
39.7220,3936,39591550,4095,1,0,1
39.7318,3937,39601550,0,0,0,0
39.7423,3938,39611550,4095,1,0,1
39.7524,3939,39621551,0,0,0,0
39.7621,3940,39631550,4095,1,0,1
39.7719,3941,39641551,0,0,0,0
39.7822,3942,39651550,4095,1,0,1
39.7921,3943,39661551,0,0,0,0
39.8022,3944,39671550,4095,1,0,1
39.8119,3945,39681550,0,0,0,0
39.8220,3946,39691550,4095,1,0,1
39.8320,3947,39701550,0,0,0,0
39.8420,3948,39711550,4095,1,0,1
39.8517,3949,39721550,0,0,0,0
39.8620,3950,39731551,4095,1,0,1
39.8717,3951,39741550,0,0,0,0
39.8820,3952,39751551,4095,1,0,1
39.8918,3953,39761550,0,0,0,0
39.9023,3954,39771550,4095,1,0,1
39.9119,3955,39781550,0,0,0,0
39.9228,3956,39791551,4095,1,0,1
39.9320,3957,39801550,0,0,0,0
39.9421,3958,39811551,4095,1,0,1
39.9518,3959,39821550,0,0,0,0
39.9620,3960,39831550,4095,1,0,1
39.9719,3961,39841551,0,0,0,0
39.9822,3962,39851550,4095,1,0,1
39.9918,3963,39861551,0,0,0,0
40.0022,3964,39871550,4095,1,0,1
40.0117,3965,39881550,0,0,0,0
40.0221,3966,39891551,4095,1,0,1
40.0320,3967,39901550,0,0,0,0
40.0421,3968,39911550,4095,1,0,1
40.0521,3969,39921551,0,0,0,0
40.0621,3970,39931550,4095,1,0,1
40.0717,3971,39941551,0,0,0,0
40.0822,3972,39951550,4095,1,0,1
40.0919,3973,39961550,0,0,0,0
40.1022,3974,39971551,4095,1,0,1
40.1119,3975,39981550,0,0,0,0
40.1220,3976,39991550,4095,1,0,1
40.1318,3977,40001550,0,0,0,0
40.1420,3978,40011551,4095,1,0,1
40.1517,3979,40021550,0,0,0,0
40.1621,3980,40031550,4095,1,0,1
40.1719,3981,40041550,0,0,0,0
40.1822,3982,40051551,4095,1,0,1
40.1918,3983,40061550,0,0,0,0
40.2021,3984,40071550,4095,1,0,1
40.2117,3985,40081550,0,0,0,0
40.2222,3986,40091551,4095,1,0,1
40.2317,3987,40101550,0,0,0,0
40.2420,3988,40111550,4095,1,0,1
40.2520,3989,40121551,0,0,0,0
40.2622,3990,40131550,4095,1,0,1
40.2719,3991,40141550,0,0,0,0
40.2821,3992,40151550,4095,1,0,1
40.2919,3993,40161550,0,0,0,0
40.3019,3994,40171551,4095,1,0,1
40.3117,3995,40181550,0,0,0,0
40.3220,3996,40191550,4095,1,0,1
40.3319,3997,40201550,0,0,0,0
40.3420,3998,40211550,4095,1,0,1
40.3519,3999,40221551,0,0,0,0
40.3620,4000,40231550,4095,1,0,1
40.3717,4001,40241550,0,0,0,0
40.3820,4002,40251550,4095,1,0,1
40.3917,4003,40261550,0,0,0,0
40.4020,4004,40271551,4095,1,0,1
40.4118,4005,40281550,0,0,0,0
40.4219,4006,40291550,4095,1,0,1
40.4317,4007,40301550,0,0,0,0
40.4420,4008,40311550,4095,1,0,1
40.4517,4009,40321550,0,0,0,0
40.4620,4010,40331550,4095,1,0,1
40.4717,4011,40341550,0,0,0,0
40.4819,4012,40351550,4095,1,0,1
40.4917,4013,40361551,0,0,0,0
40.5020,4014,40371550,4095,1,0,1
40.5117,4015,40381550,0,0,0,0
40.5220,4016,40391551,4095,1,0,1
40.5318,4017,40401550,0,0,0,0
40.5419,4018,40411550,4095,1,0,1
40.5518,4019,40421550,0,0,0,0
40.5620,4020,40431550,4095,1,0,1
40.5717,4021,40441550,0,0,0,0
40.5820,4022,40451550,4095,1,0,1
40.5917,4023,40461550,0,0,0,0
40.6020,4024,40471551,4095,1,0,1
40.6119,4025,40481550,0,0,0,0
40.6219,4026,40491550,4095,1,0,1
40.6317,4027,40501550,0,0,0,0
40.6420,4028,40511550,4095,1,0,1
40.6518,4029,40521550,0,0,0,0
40.6620,4030,40531550,4095,1,0,1
40.6717,4031,40541551,0,0,0,0
40.6820,4032,40551550,4095,1,0,1
40.6917,4033,40561550,0,0,0,0
40.7019,4034,40571550,4095,1,0,1
40.7120,4035,40581550,0,0,0,0
40.7222,4036,40591551,4095,1,0,1
40.7319,4037,40601550,0,0,0,0
40.7421,4038,40611550,4095,1,0,1
40.7519,4039,40621551,0,0,0,0
40.7621,4040,40631550,4095,1,0,1
40.7717,4041,40641551,0,0,0,0
40.7821,4042,40651550,4095,1,0,1
40.7918,4043,40661551,0,0,0,0
40.8021,4044,40671550,4095,1,0,1
40.8118,4045,40681550,0,0,0,0
40.8220,4046,40691551,4095,1,0,1
40.8317,4047,40701550,0,0,0,0
40.8421,4048,40711550,4095,1,0,1
40.8518,4049,40721550,0,0,0,0
40.8622,4050,40731550,4095,1,0,1
40.8717,4051,40741550,0,0,0,0
40.8819,4052,40751550,4095,1,0,1
40.8919,4053,40761550,0,0,0,0
40.9020,4054,40771551,4095,1,0,1
40.9117,4055,40781550,0,0,0,0
40.9219,4056,40791550,4095,1,0,1
40.9317,4057,40801550,0,0,0,0
40.9419,4058,40811551,4095,1,0,1
40.9517,4059,40821550,0,0,0,0
40.9620,4060,40831550,4095,1,0,1
40.9719,4061,40841551,0,0,0,0
40.9824,4062,40851550,4095,1,0,1
40.9921,4063,40861550,0,0,0,0
41.0020,4064,40871551,4095,1,0,1
41.0118,4065,40881551,0,0,0,0
41.0220,4066,40891550,4095,1,0,1
41.0318,4067,40901550,0,0,0,0
41.0421,4068,40911551,4095,1,0,1
41.0521,4069,40921550,0,0,0,0
41.0622,4070,40931551,4095,1,0,1
41.0719,4071,40941550,0,0,0,0
41.0822,4072,40951551,4095,1,0,1
41.0920,4073,40961550,0,0,0,0
41.1020,4074,40971550,4025,1,0,1
41.1119,4075,40981550,0,0,0,0
41.1224,4076,40991551,4000,1,0,1
41.1321,4077,41001550,0,0,0,0
41.1421,4078,41011550,3939,1,0,1
41.1518,4079,41021550,0,0,0,0
41.1623,4080,41031551,3946,1,0,1
41.1718,4081,41041550,0,0,0,0
41.1821,4082,41051551,3817,1,0,1
41.1919,4083,41061550,0,0,0,0
41.2024,4084,41071551,3747,1,0,1
41.2119,4085,41081550,0,0,0,0
41.2222,4086,41091550,3711,1,0,1
41.2319,4087,41101551,0,0,0,0
41.2420,4088,41111550,3632,1,0,1
41.2519,4089,41121550,0,0,0,0
41.2620,4090,41131551,3545,1,0,1
41.2717,4091,41141550,0,0,0,0
41.2823,4092,41151551,3504,1,0,1
41.2918,4093,41161550,0,0,0,0
41.3026,4094,41171551,3485,1,0,1
41.3118,4095,41181550,0,0,0,0
41.3222,4096,41191550,3378,1,0,1
41.3318,4097,41201550,0,0,0,0
41.3423,4098,41211550,3167,1,0,1
41.3527,4099,41221550,0,0,0,0
41.3687,4100,41231550,3070,1,0,1
41.3719,4101,41241550,29,0,0,0
41.3889,4102,41251551,2949,1,0,1
41.3921,4103,41261550,82,0,0,0
41.4022,4104,41271551,2876,1,0,1
41.4119,4105,41281550,156,0,0,0
41.4224,4106,41291551,2762,1,0,1
41.4323,4107,41301550,245,0,0,0
41.4423,4108,41311551,2615,1,0,1
41.4522,4109,41321550,353,0,0,0
41.4621,4110,41331551,2501,1,0,1
41.4722,4111,41341550,445,0,0,0
41.4823,4112,41351550,2367,1,0,1
41.4922,4113,41361550,535,0,0,0
41.5020,4114,41371551,2221,1,0,1
41.5121,4115,41381550,651,0,0,0
41.5223,4116,41391551,2044,1,0,1
41.5321,4117,41401550,785,0,0,0
41.5424,4118,41411551,1970,1,0,1
41.5520,4119,41421550,954,0,0,0
41.5622,4120,41431551,1763,1,0,1
41.5724,4121,41441550,1168,0,0,0
41.5825,4122,41451551,1467,1,0,1
41.5920,4123,41461550,1448,0,0,0
41.6024,4124,41471550,1182,1,0,1
41.6123,4125,41481551,1649,0,0,0
41.6221,4126,41491550,967,0,0,0
41.6322,4127,41501550,1830,0,0,0
41.6424,4128,41511550,743,0,0,0
41.6521,4129,41521550,2036,0,0,0
41.6620,4130,41531551,482,0,0,0
41.6721,4131,41541550,2257,1,0,1
41.6823,4132,41551550,288,0,0,0
41.6922,4133,41561550,2415,1,0,1
41.7023,4134,41571551,91,0,0,0
41.7123,4135,41581550,2587,1,0,1
41.7218,4136,41591551,0,0,0,0
41.7323,4137,41601550,2815,1,0,1
41.7421,4138,41611551,0,0,0,0
41.7523,4139,41621550,2999,1,0,1
41.7618,4140,41631551,0,0,0,0
41.7720,4141,41641551,3176,1,0,1
41.7818,4142,41651550,0,0,0,0
41.7921,4143,41661550,3410,1,0,1
41.8021,4144,41671550,0,0,0,0
41.8125,4145,41681550,3757,1,0,1
41.8220,4146,41691551,0,0,0,0
41.8324,4147,41701550,4055,1,0,1
41.8420,4148,41711551,0,0,0,0
41.8521,4149,41721550,4095,1,0,1
41.8619,4150,41731551,0,0,0,0
41.8722,4151,41741550,4095,1,0,1
41.8819,4152,41751551,0,0,0,0
41.8924,4153,41761550,4095,1,0,1
41.9019,4154,41771550,0,0,0,0
41.9125,4155,41781550,4095,1,0,1
41.9220,4156,41791550,0,0,0,0
41.9323,4157,41801551,4095,1,0,1
41.9419,4158,41811550,0,0,0,0
41.9524,4159,41821550,4095,1,0,1
41.9618,4160,41831551,0,0,0,0
41.9722,4161,41841550,4095,1,0,1
41.9820,4162,41851551,0,0,0,0
41.9923,4163,41861550,4095,1,0,1
42.0021,4164,41871550,0,0,0,0
42.0123,4165,41881551,4095,1,0,1
42.0218,4166,41891550,0,0,0,0
42.0320,4167,41901550,4095,1,0,1
42.0417,4168,41911550,0,0,0,0
42.0522,4169,41921551,4095,1,0,1
42.0619,4170,41931550,0,0,0,0
42.0720,4171,41941550,4095,1,0,1
42.0821,4172,41951551,0,0,0,0
42.0924,4173,41961550,4095,1,0,1
42.1021,4174,41971551,0,0,0,0
42.1122,4175,41981551,4095,1,0,1
42.1220,4176,41991551,0,0,0,0
42.1320,4177,42001550,4095,1,0,1
42.1417,4178,42011550,0,0,0,0
42.1520,4179,42021550,4095,1,0,1
42.1618,4180,42031550,0,0,0,0
42.1722,4181,42041550,4095,1,0,1
42.1818,4182,42051551,0,0,0,0
42.1920,4183,42061550,4095,1,0,1
42.2020,4184,42071551,0,0,0,0
42.2124,4185,42081550,4095,1,0,1
42.2219,4186,42091550,0,0,0,0
42.2324,4187,42101551,4095,1,0,1
42.2419,4188,42111550,0,0,0,0
42.2521,4189,42121550,4095,1,0,1
42.2619,4190,42131550,0,0,0,0
42.2721,4191,42141550,4095,1,0,1
42.2819,4192,42151550,0,0,0,0
42.2924,4193,42161550,4095,1,0,1
42.3018,4194,42171550,0,0,0,0
42.3122,4195,42181550,4095,1,0,1
42.3218,4196,42191551,0,0,0,0
42.3320,4197,42201550,4095,1,0,1
42.3418,4198,42211550,0,0,0,0
42.3524,4199,42221550,4095,1,0,1
42.3621,4200,42231551,0,0,0,0
42.3724,4201,42241550,4095,1,0,1
42.3821,4202,42251551,0,0,0,0
42.3922,4203,42261551,4095,1,0,1
42.4018,4204,42271550,0,0,0,0
42.4122,4205,42281550,4095,1,0,1
42.4220,4206,42291551,0,0,0,0
42.4324,4207,42301550,4095,1,0,1
42.4418,4208,42311551,0,0,0,0
42.4523,4209,42321550,4095,1,0,1
42.4619,4210,42331551,0,0,0,0
42.4722,4211,42341550,4095,1,0,1
42.4818,4212,42351550,0,0,0,0
42.4921,4213,42361550,4095,1,0,1
42.5017,4214,42371550,0,0,0,0
42.5126,4215,42381550,4095,1,0,1
42.5220,4216,42391550,0,0,0,0
42.5323,4217,42401550,4095,1,0,1
42.5419,4218,42411550,0,0,0,0
42.5527,4219,42421550,4095,1,0,1
42.5620,4220,42431551,0,0,0,0
42.5721,4221,42441550,4095,1,0,1
42.5823,4222,42451550,0,0,0,0
42.5923,4223,42461550,4095,1,0,1
42.6019,4224,42471550,0,0,0,0
42.6127,4225,42481551,4095,1,0,1
42.6220,4226,42491550,0,0,0,0
42.6323,4227,42501551,4095,1,0,1
42.6419,4228,42511550,0,0,0,0
42.6525,4229,42521550,4095,1,0,1
42.6620,4230,42531550,0,0,0,0
42.6722,4231,42541550,4095,1,0,1
42.6820,4232,42551550,0,0,0,0
42.6922,4233,42561551,4095,1,0,1
42.7019,4234,42571550,0,0,0,0
42.7123,4235,42581551,4095,1,0,1
42.7222,4236,42591550,0,0,0,0
42.7323,4237,42601551,4095,1,0,1
42.7422,4238,42611550,0,0,0,0
42.7522,4239,42621550,4095,1,0,1
42.7619,4240,42631550,0,0,0,0
42.7720,4241,42641550,4095,1,0,1
42.7818,4242,42651550,0,0,0,0
42.7921,4243,42661550,4095,1,0,1
42.8021,4244,42671550,0,0,0,0
42.8122,4245,42681551,4095,1,0,1
42.8220,4246,42691550,0,0,0,0
42.8323,4247,42701551,4095,1,0,1
42.8418,4248,42711551,0,0,0,0
42.8524,4249,42721550,4095,1,0,1
42.8618,4250,42731551,0,0,0,0
42.8721,4251,42741550,4095,1,0,1
42.8821,4252,42751550,0,0,0,0
42.8923,4253,42761550,4095,1,0,1
42.9020,4254,42771551,0,0,0,0
42.9124,4255,42781550,4095,1,0,1
42.9220,4256,42791550,0,0,0,0
42.9322,4257,42801550,4095,1,0,1
42.9418,4258,42811550,0,0,0,0
42.9521,4259,42821551,4095,1,0,1
42.9620,4260,42831550,0,0,0,0
42.9722,4261,42841550,4095,1,0,1
42.9822,4262,42851550,0,0,0,0
42.9922,4263,42861550,4095,1,0,1
43.0018,4264,42871551,0,0,0,0
43.0121,4265,42881550,4095,1,0,1
43.0220,4266,42891551,0,0,0,0
43.0322,4267,42901551,4095,1,0,1
43.0418,4268,42911551,0,0,0,0
43.0520,4269,42921550,4095,1,0,1
43.0618,4270,42931551,0,0,0,0
43.0719,4271,42941551,4095,1,0,1
43.0818,4272,42951550,0,0,0,0
43.0919,4273,42961551,4095,1,0,1
43.1017,4274,42971550,0,0,0,0
43.1121,4275,42981551,4095,1,0,1
43.1220,4276,42991551,0,0,0,0
43.1322,4277,43001550,4095,1,0,1
43.1418,4278,43011550,0,0,0,0
43.1522,4279,43021550,4095,1,0,1
43.1618,4280,43031551,0,0,0,0
43.1721,4281,43041550,4095,1,0,1
43.1820,4282,43051551,0,0,0,0
43.1920,4283,43061551,4095,1,0,1
43.2021,4284,43071550,0,0,0,0
43.2121,4285,43081551,4095,1,0,1
43.2218,4286,43091550,0,0,0,0
43.2322,4287,43101550,4095,1,0,1
43.2418,4288,43111550,0,0,0,0
43.2520,4289,43121550,4095,1,0,1
43.2621,4290,43131551,0,0,0,0
43.2721,4291,43141550,4095,1,0,1
43.2818,4292,43151550,0,0,0,0
43.2920,4293,43161550,4095,1,0,1
43.3020,4294,43171550,0,0,0,0
43.3123,4295,43181550,4095,1,0,1
43.3220,4296,43191551,0,0,0,0
43.3321,4297,43201551,4095,1,0,1
43.3421,4298,43211550,0,0,0,0
43.3522,4299,43221550,4095,1,0,1
43.3619,4300,43231550,0,0,0,0
43.3723,4301,43241551,4095,1,0,1
43.3822,4302,43251550,0,0,0,0
43.3922,4303,43261550,4095,1,0,1
43.4020,4304,43271551,0,0,0,0
43.4121,4305,43281550,4095,1,0,1
43.4330,4306,43291551,0,0,0,0
43.4333,4307,43301550,4095,1,0,1
43.4421,4308,43311550,0,0,0,0
43.4520,4309,43321550,4095,1,0,1
43.4622,4310,43331550,0,0,0,0
43.4725,4311,43341550,4095,1,0,1
43.4820,4312,43351551,0,0,0,0
43.4925,4313,43361550,4095,1,0,1
43.5022,4314,43371550,0,0,0,0
43.5125,4315,43381551,4095,1,0,1
43.5218,4316,43391550,0,0,0,0
43.5323,4317,43401550,4095,1,0,1
43.5419,4318,43411550,0,0,0,0
43.5522,4319,43421550,4095,1,0,1
43.5621,4320,43431550,0,0,0,0
43.5723,4321,43441550,4095,1,0,1
43.5820,4322,43451550,0,0,0,0
43.5924,4323,43461551,4095,1,0,1
43.6021,4324,43471550,0,0,0,0
43.6123,4325,43481550,4095,1,0,1
43.6226,4326,43491550,0,0,0,0
43.6325,4327,43501550,4095,1,0,1
43.6421,4328,43511550,0,0,0,0
43.6521,4329,43521550,4095,1,0,1
43.6622,4330,43531551,0,0,0,0
43.6723,4331,43541550,4095,1,0,1
43.6822,4332,43551550,0,0,0,0
43.6921,4333,43561550,4095,1,0,1
43.7021,4334,43571550,0,0,0,0
43.7122,4335,43581550,4095,1,0,1
43.7223,4336,43591550,0,0,0,0
43.7322,4337,43601550,4095,1,0,1
43.7420,4338,43611550,0,0,0,0
43.7520,4339,43621551,4095,1,0,1
43.7620,4340,43631550,0,0,0,0
43.7721,4341,43641550,4095,1,0,1
43.7820,4342,43651550,0,0,0,0
43.7924,4343,43661550,4095,1,0,1
43.8021,4344,43671550,0,0,0,0
43.8122,4345,43681550,4095,1,0,1
43.8221,4346,43691550,0,0,0,0
43.8324,4347,43701550,4095,1,0,1
43.8419,4348,43711551,0,0,0,0
43.8521,4349,43721551,4095,1,0,1
43.8619,4350,43731550,0,0,0,0
43.8723,4351,43741550,4095,1,0,1
43.8821,4352,43751550,0,0,0,0
43.8925,4353,43761550,4095,1,0,1
43.9019,4354,43771550,0,0,0,0
43.9121,4355,43781550,2918,1,0,1
43.9218,4356,43791551,0,0,0,0
43.9325,4357,43801551,4095,1,0,1
43.9423,4358,43811550,0,0,0,0
43.9523,4359,43821551,4049,1,0,1
43.9623,4360,43831550,0,0,0,0
43.9723,4361,43841550,4048,1,0,1
43.9823,4362,43851550,0,0,0,0
43.9923,4363,43861551,3984,1,0,1
44.0018,4364,43871550,0,0,0,0
44.0120,4365,43881550,3966,1,0,1
44.0220,4366,43891550,0,0,0,0
44.0324,4367,43901550,3919,1,0,1
44.0420,4368,43911550,0,0,0,0
44.0527,4369,43921550,3839,1,0,1
44.0621,4370,43931550,0,0,0,0
44.0723,4371,43941550,3852,1,0,1
44.0823,4372,43951550,0,0,0,0
44.0922,4373,43961551,3799,1,0,1
44.1018,4374,43971550,0,0,0,0
44.1123,4375,43981550,3714,1,0,1
44.1219,4376,43991550,0,0,0,0
44.1326,4377,44001550,3710,1,0,1
44.1422,4378,44011550,0,0,0,0
44.1521,4379,44021551,3651,1,0,1
44.1621,4380,44031551,0,0,0,0
44.1723,4381,44041550,3583,1,0,1
44.1820,4382,44051550,0,0,0,0
44.1923,4383,44061550,3501,1,0,1
44.2021,4384,44071550,0,0,0,0
44.2124,4385,44081551,3470,1,0,1
44.2221,4386,44091550,0,0,0,0
44.2325,4387,44101551,3409,1,0,1
44.2422,4388,44111550,0,0,0,0
44.2525,4389,44121551,3355,1,0,1
44.2621,4390,44131550,0,0,0,0
44.2723,4391,44141550,3279,1,0,1
44.2819,4392,44151550,0,0,0,0
44.2923,4393,44161550,3190,1,0,1
44.3022,4394,44171551,0,0,0,0
44.3124,4395,44181550,3135,1,0,1
44.3219,4396,44191551,0,0,0,0
44.3323,4397,44201550,3086,1,0,1
44.3421,4398,44211550,5,0,0,0
44.3523,4399,44221550,3062,1,0,1
44.3623,4400,44231550,75,0,0,0
44.3721,4401,44241550,3001,1,0,1
44.3823,4402,44251551,141,0,0,0
44.3924,4403,44261550,2879,1,0,1
44.4022,4404,44271551,242,0,0,0
44.4123,4405,44281550,2735,1,0,1
44.4222,4406,44291551,336,0,0,0
44.4325,4407,44301550,2651,1,0,1
44.4423,4408,44311550,441,0,0,0
44.4525,4409,44321550,2523,1,0,1
44.4621,4410,44331550,534,0,0,0
44.4722,4411,44341551,2406,1,0,1
44.4822,4412,44351550,653,0,0,0
44.4924,4413,44361551,2256,1,0,1
44.5022,4414,44371550,816,0,0,0
44.5121,4415,44381550,2011,1,0,1
44.5225,4416,44391551,1009,0,0,0
44.5324,4417,44401550,1793,1,0,1
44.5423,4418,44411551,1214,0,0,0
44.5521,4419,44421550,1559,1,0,1
44.5623,4420,44431550,1392,0,0,0
44.5723,4421,44441550,1214,1,0,1
44.5826,4422,44451550,1851,0,0,0
44.5924,4423,44461550,867,0,0,0
44.6021,4424,44471551,2128,0,0,0
44.6122,4425,44481550,635,0,0,0
44.6220,4426,44491551,2320,0,0,0
44.6321,4427,44501550,475,0,0,0
44.6422,4428,44511551,2421,0,0,0
44.6521,4429,44521550,229,0,0,0
44.6626,4430,44531551,2712,1,0,1
44.6719,4431,44541550,0,0,0,0
44.6823,4432,44551551,2896,1,0,1
44.6922,4433,44561550,0,0,0,0
44.7024,4434,44571551,2998,1,0,1
44.7118,4435,44581550,0,0,0,0
44.7221,4436,44591551,3129,1,0,1
44.7319,4437,44601550,0,0,0,0
44.7422,4438,44611550,3310,1,0,1
44.7518,4439,44621550,0,0,0,0
44.7622,4440,44631551,4095,1,0,1
44.7722,4441,44641550,64,0,0,0
44.7825,4442,44651550,2355,1,0,1
44.7920,4443,44661550,41,0,0,0
44.8022,4444,44671551,2434,1,0,1
44.8119,4445,44681550,0,0,0,0
44.8224,4446,44691551,2559,1,0,1
44.8323,4447,44701550,0,0,0,0
44.8426,4448,44711551,2677,1,0,1
44.8521,4449,44721550,0,0,0,0
44.8622,4450,44731551,2800,1,0,1
44.8719,4451,44741550,0,0,0,0
44.8821,4452,44751550,2955,1,0,1
44.8922,4453,44761550,0,0,0,0
44.9023,4454,44771551,3105,1,0,1
44.9118,4455,44781550,0,0,0,0
44.9224,4456,44791551,3270,1,0,1
44.9322,4457,44801550,0,0,0,0
44.9423,4458,44811551,3474,1,0,1
44.9520,4459,44821550,0,0,0,0
44.9622,4460,44831550,3747,1,0,1
44.9722,4461,44841551,0,0,0,0
44.9825,4462,44851550,4095,1,0,1
44.9918,4463,44861550,0,0,0,0
45.0022,4464,44871551,4095,1,0,1
45.0119,4465,44881550,0,0,0,0
45.0220,4466,44891551,4095,1,0,1
45.0319,4467,44901550,0,0,0,0
45.0423,4468,44911551,4095,1,0,1
45.0525,4469,44921550,0,0,0,0
45.0623,4470,44931551,4095,1,0,1
45.0720,4471,44941550,0,0,0,0
45.0824,4472,44951551,4095,1,0,1
45.0921,4473,44961550,0,0,0,0
45.1025,4474,44971551,4095,1,0,1
45.1120,4475,44981550,0,0,0,0
45.1227,4476,44991550,4095,1,0,1
45.1322,4477,45001550,0,0,0,0
45.1421,4478,45011551,4095,1,0,1
45.1518,4479,45021550,0,0,0,0
45.1621,4480,45031551,4095,1,0,1
45.1718,4481,45041550,0,0,0,0
45.1820,4482,45051551,4095,1,0,1
45.1918,4483,45061550,0,0,0,0
45.2020,4484,45071551,4095,1,0,1
45.2118,4485,45081550,0,0,0,0
45.2220,4486,45091551,4095,1,0,1
45.2317,4487,45101550,0,0,0,0
45.2420,4488,45111551,4095,1,0,1
45.2518,4489,45121550,0,0,0,0
45.2620,4490,45131550,4095,1,0,1
45.2718,4491,45141550,0,0,0,0
45.2821,4492,45151551,4095,1,0,1
45.2919,4493,45161550,0,0,0,0
45.3021,4494,45171551,4095,1,0,1
45.3117,4495,45181550,0,0,0,0
45.3221,4496,45191551,4095,1,0,1
45.3320,4497,45201550,0,0,0,0
45.3420,4498,45211550,4095,1,0,1
45.3519,4499,45221550,0,0,0,0
45.3622,4500,45231551,4095,1,0,1
45.3721,4501,45241550,0,0,0,0
45.3820,4502,45251551,4095,1,0,1
45.3919,4503,45261550,0,0,0,0
45.4023,4504,45271551,4095,1,0,1
45.4120,4505,45281550,0,0,0,0
45.4224,4506,45291551,4095,1,0,1
45.4321,4507,45301550,0,0,0,0
45.4423,4508,45311551,4095,1,0,1
45.4522,4509,45321550,0,0,0,0
45.4621,4510,45331550,4095,1,0,1
45.4719,4511,45341550,0,0,0,0
45.4824,4512,45351551,4095,1,0,1
45.4918,4513,45361550,0,0,0,0
45.5020,4514,45371550,4095,1,0,1
45.5118,4515,45381550,0,0,0,0
45.5220,4516,45391551,4095,1,0,1
45.5317,4517,45401550,0,0,0,0
45.5420,4518,45411550,4095,1,0,1
45.5518,4519,45421551,0,0,0,0
45.5623,4520,45431551,4095,1,0,1
45.5718,4521,45441550,0,0,0,0
45.5821,4522,45451551,4095,1,0,1
45.5920,4523,45461550,0,0,0,0
45.6022,4524,45471551,4095,1,0,1
45.6120,4525,45481550,0,0,0,0
45.6223,4526,45491551,4095,1,0,1
45.6321,4527,45501550,0,0,0,0
45.6424,4528,45511551,4095,1,0,1
45.6518,4529,45521550,0,0,0,0
45.6624,4530,45531550,4095,1,0,1
45.6719,4531,45541550,0,0,0,0
45.6823,4532,45551551,4095,1,0,1
45.6918,4533,45561550,0,0,0,0
45.7021,4534,45571551,4095,1,0,1
45.7119,4535,45581550,0,0,0,0
45.7221,4536,45591551,4095,1,0,1
45.7319,4537,45601550,0,0,0,0
45.7425,4538,45611551,4095,1,0,1
45.7522,4539,45621550,0,0,0,0
45.7623,4540,45631551,4095,1,0,1
45.7719,4541,45641550,0,0,0,0
45.7820,4542,45651551,4095,1,0,1
45.7920,4543,45661550,0,0,0,0
45.8023,4544,45671551,4095,1,0,1
45.8120,4545,45681550,0,0,0,0
45.8222,4546,45691551,4095,1,0,1
45.8318,4547,45701550,0,0,0,0
45.8420,4548,45711551,4095,1,0,1
45.8519,4549,45721550,0,0,0,0
45.8621,4550,45731551,4095,1,0,1
45.8718,4551,45741550,0,0,0,0
45.8821,4552,45751550,4095,1,0,1
45.8919,4553,45761551,0,0,0,0
45.9021,4554,45771550,4095,1,0,1
45.9121,4555,45781551,0,0,0,0
45.9223,4556,45791551,4095,1,0,1
45.9321,4557,45801550,0,0,0,0
45.9423,4558,45811550,4095,1,0,1
45.9519,4559,45821551,0,0,0,0
45.9621,4560,45831551,4095,1,0,1
45.9719,4561,45841550,0,0,0,0
45.9824,4562,45851551,4095,1,0,1
45.9923,4563,45861550,0,0,0,0
46.0026,4564,45871550,4095,1,0,1
46.0123,4565,45881550,0,0,0,0
46.0222,4566,45891551,4095,1,0,1
46.0322,4567,45901550,0,0,0,0
46.0424,4568,45911551,4095,1,0,1
46.0520,4569,45921550,0,0,0,0
46.0622,4570,45931550,4095,1,0,1
46.0720,4571,45941550,0,0,0,0
46.0825,4572,45951550,4095,1,0,1
46.0920,4573,45961550,0,0,0,0
46.1032,4574,45971551,4095,1,0,1
46.1118,4575,45981550,0,0,0,0
46.1225,4576,45991550,4095,1,0,1
46.1321,4577,46001550,0,0,0,0
46.1423,4578,46011551,4095,1,0,1
46.1520,4579,46021550,0,0,0,0
46.1621,4580,46031551,4095,1,0,1
46.1719,4581,46041550,0,0,0,0
46.1820,4582,46051551,4095,1,0,1
46.1918,4583,46061550,0,0,0,0
46.2020,4584,46071550,4095,1,0,1
46.2118,4585,46081550,0,0,0,0
46.2220,4586,46091551,4095,1,0,1
46.2318,4587,46101550,0,0,0,0
46.2421,4588,46111551,4095,1,0,1
46.2520,4589,46121550,0,0,0,0
46.2622,4590,46131551,4095,1,0,1
46.2721,4591,46141550,0,0,0,0
46.2824,4592,46151550,4095,1,0,1
46.2922,4593,46161550,0,0,0,0
46.3021,4594,46171551,4095,1,0,1
46.3121,4595,46181550,0,0,0,0
46.3222,4596,46191551,4095,1,0,1
46.3324,4597,46201550,0,0,0,0
46.3422,4598,46211551,4095,1,0,1
46.3521,4599,46221550,0,0,0,0
46.3623,4600,46231551,4095,1,0,1
46.3722,4601,46241550,0,0,0,0
46.3823,4602,46251550,4095,1,0,1
46.3922,4603,46261550,0,0,0,0
46.4023,4604,46271551,4095,1,0,1
46.4120,4605,46281550,0,0,0,0
46.4220,4606,46291550,4095,1,0,1
46.4322,4607,46301550,0,0,0,0
46.4422,4608,46311551,4095,1,0,1
46.4523,4609,46321550,0,0,0,0
46.4624,4610,46331550,4095,1,0,1
46.4721,4611,46341550,0,0,0,0
46.4825,4612,46351550,4095,1,0,1
46.4922,4613,46361550,0,0,0,0
46.5022,4614,46371550,4095,1,0,1
46.5121,4615,46381551,0,0,0,0
46.5224,4616,46391551,4095,1,0,1
46.5323,4617,46401550,0,0,0,0
46.5425,4618,46411551,4095,1,0,1
46.5519,4619,46421550,0,0,0,0
46.5620,4620,46431551,4095,1,0,1
46.5719,4621,46441550,0,0,0,0
46.5819,4622,46451551,4095,1,0,1
46.5918,4623,46461550,0,0,0,0
46.6019,4624,46471551,4095,1,0,1
46.6118,4625,46481550,0,0,0,0
46.6219,4626,46491551,4095,1,0,1
46.6321,4627,46501550,0,0,0,0
46.6423,4628,46511551,4095,1,0,1
46.6519,4629,46521550,0,0,0,0
46.6622,4630,46531551,4095,1,0,1
46.6720,4631,46541550,0,0,0,0
46.6824,4632,46551551,4095,1,0,1
46.6920,4633,46561550,0,0,0,0
46.7025,4634,46571551,4095,1,0,1
46.7120,4635,46581550,0,0,0,0
46.7220,4636,46591551,4095,1,0,1
46.7320,4637,46601550,0,0,0,0
46.7423,4638,46611551,4095,1,0,1
46.7519,4639,46621550,0,0,0,0
46.7622,4640,46631551,4095,1,0,1
46.7718,4641,46641550,0,0,0,0
46.7823,4642,46651551,4095,1,0,1
46.7920,4643,46661550,0,0,0,0
46.8023,4644,46671551,4095,1,0,1
46.8122,4645,46681550,0,0,0,0
46.8222,4646,46691550,4095,1,0,1
46.8321,4647,46701550,0,0,0,0
46.8422,4648,46711550,4095,1,0,1
46.8523,4649,46721550,0,0,0,0
46.8620,4650,46731551,4095,1,0,1
46.8718,4651,46741550,0,0,0,0
46.8819,4652,46751551,4095,1,0,1
46.8920,4653,46761550,0,0,0,0
46.9019,4654,46771550,4095,1,0,1
46.9118,4655,46781550,0,0,0,0
46.9221,4656,46791550,4095,1,0,1
46.9320,4657,46801550,0,0,0,0
46.9422,4658,46811551,4095,1,0,1
46.9520,4659,46821550,0,0,0,0
46.9623,4660,46831550,4095,1,0,1
46.9720,4661,46841550,0,0,0,0
46.9821,4662,46851551,4095,1,0,1
46.9919,4663,46861550,0,0,0,0
47.0022,4664,46871550,4095,1,0,1
47.0118,4665,46881550,0,0,0,0
47.0220,4666,46891551,4095,1,0,1
47.0318,4667,46901550,0,0,0,0
47.0422,4668,46911551,4095,1,0,1
47.0520,4669,46921550,0,0,0,0
47.0623,4670,46931550,4095,1,0,1
47.0719,4671,46941550,0,0,0,0
47.0823,4672,46951551,4095,1,0,1
47.0920,4673,46961550,0,0,0,0
47.1021,4674,46971551,4095,1,0,1
47.1120,4675,46981550,0,0,0,0
47.1222,4676,46991551,4095,1,0,1
47.1320,4677,47001550,0,0,0,0
47.1422,4678,47011551,4095,1,0,1
47.1520,4679,47021550,0,0,0,0
47.1622,4680,47031551,4095,1,0,1
47.1721,4681,47041550,0,0,0,0
47.1821,4682,47051551,4095,1,0,1
47.1920,4683,47061550,0,0,0,0
47.2021,4684,47071551,4079,1,0,1
47.2118,4685,47081550,0,0,0,0
47.2222,4686,47091551,4070,1,0,1
47.2319,4687,47101550,0,0,0,0
47.2423,4688,47111551,3989,1,0,1
47.2520,4689,47121550,0,0,0,0
47.2623,4690,47131551,3927,1,0,1
47.2720,4691,47141550,0,0,0,0
47.2822,4692,47151550,3911,1,0,1
47.2919,4693,47161550,0,0,0,0
47.3022,4694,47171551,3847,1,0,1
47.3121,4695,47181550,0,0,0,0
47.3221,4696,47191551,3841,1,0,1
47.3321,4697,47201550,0,0,0,0
47.3424,4698,47211550,3810,1,0,1
47.3519,4699,47221550,0,0,0,0
47.3622,4700,47231550,3760,1,0,1
47.3719,4701,47241550,0,0,0,0
47.3823,4702,47251550,3723,1,0,1
47.3917,4703,47261550,0,0,0,0
47.4019,4704,47271550,3653,1,0,1
47.4117,4705,47281550,0,0,0,0
47.4220,4706,47291550,3621,1,0,1
47.4318,4707,47301550,0,0,0,0
47.4420,4708,47311551,3561,1,0,1
47.4518,4709,47321550,0,0,0,0
47.4620,4710,47331551,3495,1,0,1
47.4718,4711,47341550,0,0,0,0
47.4822,4712,47351551,3458,1,0,1
47.4919,4713,47361550,0,0,0,0
47.5021,4714,47371551,3425,1,0,1
47.5120,4715,47381550,0,0,0,0
47.5222,4716,47391550,3371,1,0,1
47.5321,4717,47401550,0,0,0,0
47.5422,4718,47411550,3333,1,0,1
47.5521,4719,47421551,0,0,0,0
47.5623,4720,47431550,3274,1,0,1
47.5720,4721,47441551,0,0,0,0
47.5822,4722,47451551,3189,1,0,1
47.5921,4723,47461550,0,0,0,0
47.6023,4724,47471550,3123,1,0,1
47.6123,4725,47481550,26,0,0,0
47.6222,4726,47491551,3019,1,0,1
47.6321,4727,47501550,57,0,0,0
47.6423,4728,47511551,2961,1,0,1
47.6523,4729,47521550,111,0,0,0
47.6622,4730,47531551,2857,1,0,1
47.6722,4731,47541550,177,0,0,0
47.6824,4732,47551550,2755,1,0,1
47.6920,4733,47561550,262,0,0,0
47.7022,4734,47571551,2646,1,0,1
47.7120,4735,47581550,322,0,0,0
47.7222,4736,47591551,2559,1,0,1
47.7320,4737,47601550,417,0,0,0
47.7421,4738,47611551,2459,1,0,1
47.7519,4739,47621550,497,0,0,0
47.7622,4740,47631551,2338,1,0,1
47.7720,4741,47641550,594,0,0,0
47.7822,4742,47651551,2194,1,0,1
47.7921,4743,47661550,734,0,0,0
47.8023,4744,47671550,2027,1,0,1
47.8123,4745,47681550,878,0,0,0
47.8225,4746,47691551,1859,1,0,1
47.8324,4747,47701550,1011,0,0,0
47.8422,4748,47711551,1674,1,0,1
47.8523,4749,47721550,1209,0,0,0
47.8621,4750,47731550,1463,1,0,1
47.8724,4751,47741550,1396,0,0,0
47.8820,4752,47751551,1263,1,0,1
47.8923,4753,47761550,1555,0,0,0
47.9024,4754,47771551,1086,1,0,1
47.9125,4755,47781550,1683,0,0,0
47.9224,4756,47791551,912,0,0,0
47.9324,4757,47801550,1830,0,0,0
47.9421,4758,47811550,692,0,0,0
47.9522,4759,47821550,2017,0,0,0
47.9621,4760,47831551,493,0,0,0
47.9721,4761,47841550,2197,1,0,1
47.9823,4762,47851550,348,0,0,0
47.9924,4763,47861550,2320,1,0,1
48.0020,4764,47871550,177,0,0,0
48.0123,4765,47881550,2464,1,0,1
48.0220,4766,47891551,0,0,0,0
48.0321,4767,47901550,2641,1,0,1
48.0420,4768,47911551,0,0,0,0
48.0522,4769,47921550,2800,1,0,1
48.0620,4770,47931550,0,0,0,0
48.0723,4771,47941550,2935,1,0,1
48.0819,4772,47951550,0,0,0,0
48.0922,4773,47961550,3090,1,0,1
48.1020,4774,47971551,0,0,0,0
48.1123,4775,47981550,3300,1,0,1
48.1220,4776,47991550,0,0,0,0
48.1324,4777,48001550,3489,1,0,1
48.1420,4778,48011551,0,0,0,0
48.1520,4779,48021550,3697,1,0,1
48.1621,4780,48031550,0,0,0,0
48.1723,4781,48041550,3985,1,0,1
48.1821,4782,48051550,0,0,0,0
48.1923,4783,48061550,4095,1,0,1
48.2020,4784,48071550,0,0,0,0
48.2122,4785,48081551,4095,1,0,1
48.2218,4786,48091550,0,0,0,0
48.2321,4787,48101550,4095,1,0,1
48.2418,4788,48111551,0,0,0,0
48.2520,4789,48121550,4095,1,0,1
48.2620,4790,48131551,0,0,0,0
48.2722,4791,48141550,4095,1,0,1
48.2819,4792,48151551,0,0,0,0
48.2922,4793,48161550,4095,1,0,1
48.3020,4794,48171550,0,0,0,0
48.3122,4795,48181550,4095,1,0,1
48.3220,4796,48191550,0,0,0,0
48.3321,4797,48201550,4095,1,0,1
48.3420,4798,48211550,0,0,0,0
48.3522,4799,48221550,4095,1,0,1
48.3619,4800,48231550,0,0,0,0
48.3722,4801,48241550,4095,1,0,1
48.3820,4802,48251550,0,0,0,0
48.3921,4803,48261550,4095,1,0,1
48.4020,4804,48271550,0,0,0,0
48.4122,4805,48281550,4095,1,0,1
48.4220,4806,48291550,0,0,0,0
48.4322,4807,48301550,4095,1,0,1
48.4421,4808,48311550,0,0,0,0
48.4521,4809,48321551,4095,1,0,1
48.4622,4810,48331550,0,0,0,0
48.4721,4811,48341551,4095,1,0,1
48.4821,4812,48351550,0,0,0,0
48.4924,4813,48361550,4095,1,0,1
48.5018,4814,48371551,0,0,0,0
48.5123,4815,48381550,4095,1,0,1
48.5220,4816,48391551,0,0,0,0
48.5324,4817,48401550,4095,1,0,1
48.5420,4818,48411551,0,0,0,0
48.5521,4819,48421550,4095,1,0,1
48.5619,4820,48431551,0,0,0,0
48.5721,4821,48441550,4095,1,0,1
48.5821,4822,48451551,0,0,0,0
48.5920,4823,48461550,4095,1,0,1
48.6024,4824,48471551,0,0,0,0
48.6124,4825,48481550,4095,1,0,1
48.6220,4826,48491551,0,0,0,0
48.6323,4827,48501550,4095,1,0,1
48.6418,4828,48511550,0,0,0,0
48.6524,4829,48521550,4095,1,0,1
48.6620,4830,48531550,0,0,0,0
48.6723,4831,48541550,4095,1,0,1
48.6821,4832,48551550,0,0,0,0
48.6923,4833,48561550,4095,1,0,1
48.7018,4834,48571551,0,0,0,0
48.7124,4835,48581550,4095,1,0,1
48.7219,4836,48591550,0,0,0,0
48.7323,4837,48601551,4095,1,0,1
48.7419,4838,48611550,0,0,0,0
48.7520,4839,48621550,4095,1,0,1
48.7619,4840,48631551,0,0,0,0
48.7721,4841,48641550,4095,1,0,1
48.7820,4842,48651550,0,0,0,0
48.7922,4843,48661550,4095,1,0,1
48.8018,4844,48671550,0,0,0,0
48.8126,4845,48681550,4095,1,0,1
48.8218,4846,48691551,0,0,0,0
48.8323,4847,48701551,4095,1,0,1
48.8420,4848,48711550,0,0,0,0
48.8524,4849,48721551,4095,1,0,1
48.8620,4850,48731550,0,0,0,0
48.8724,4851,48741550,4095,1,0,1
48.8818,4852,48751550,0,0,0,0
48.8923,4853,48761550,4095,1,0,1
48.9021,4854,48771550,0,0,0,0
48.9122,4855,48781550,4095,1,0,1
48.9220,4856,48791551,0,0,0,0
48.9322,4857,48801550,4095,1,0,1
48.9422,4858,48811550,0,0,0,0
48.9522,4859,48821551,4095,1,0,1
48.9620,4860,48831550,0,0,0,0
48.9723,4861,48841550,4095,1,0,1
48.9819,4862,48851550,0,0,0,0
48.9922,4863,48861550,4095,1,0,1
49.0018,4864,48871551,0,0,0,0
49.0123,4865,48881550,4095,1,0,1
49.0220,4866,48891550,0,0,0,0
49.0321,4867,48901550,4095,1,0,1
49.0420,4868,48911550,0,0,0,0
49.0522,4869,48921550,4095,1,0,1
49.0622,4870,48931550,0,0,0,0
49.0722,4871,48941551,4095,1,0,1
49.0818,4872,48951550,0,0,0,0
49.0920,4873,48961551,4095,1,0,1
49.1020,4874,48971550,0,0,0,0
49.1122,4875,48981550,4095,1,0,1
49.1220,4876,48991551,0,0,0,0
49.1322,4877,49001550,4095,1,0,1
49.1421,4878,49011550,0,0,0,0
49.1522,4879,49021550,4095,1,0,1
49.1620,4880,49031550,0,0,0,0
49.1724,4881,49041550,4095,1,0,1
49.1818,4882,49051551,0,0,0,0
49.1923,4883,49061550,4095,1,0,1
49.2018,4884,49071550,0,0,0,0
49.2122,4885,49081550,4095,1,0,1
49.2221,4886,49091550,0,0,0,0
49.2322,4887,49101550,4095,1,0,1
49.2420,4888,49111550,0,0,0,0
49.2522,4889,49121550,4095,1,0,1
49.2621,4890,49131551,0,0,0,0
49.2722,4891,49141550,4095,1,0,1
49.2820,4892,49151551,0,0,0,0
49.2922,4893,49161550,4095,1,0,1
49.3019,4894,49171550,0,0,0,0
49.3122,4895,49181550,4095,1,0,1
49.3222,4896,49191551,0,0,0,0
49.3323,4897,49201551,4095,1,0,1
49.3420,4898,49211550,0,0,0,0
49.3522,4899,49221550,4095,1,0,1
49.3621,4900,49231550,0,0,0,0
49.3720,4901,49241550,4095,1,0,1
49.3822,4902,49251550,0,0,0,0
49.3921,4903,49261551,4095,1,0,1
49.4019,4904,49271551,0,0,0,0
49.4124,4905,49281550,4095,1,0,1
49.4219,4906,49291550,0,0,0,0
49.4322,4907,49301550,4095,1,0,1
49.4421,4908,49311550,0,0,0,0
49.4520,4909,49321550,4095,1,0,1
49.4622,4910,49331551,0,0,0,0
49.4722,4911,49341550,4095,1,0,1
49.4820,4912,49351551,0,0,0,0
49.4923,4913,49361550,4095,1,0,1
49.5020,4914,49371551,0,0,0,0
49.5122,4915,49381550,4095,1,0,1
49.5220,4916,49391551,0,0,0,0
49.5322,4917,49401550,4095,1,0,1
49.5419,4918,49411551,0,0,0,0
49.5522,4919,49421550,4095,1,0,1
49.5618,4920,49431551,0,0,0,0
49.5720,4921,49441550,4095,1,0,1
49.5817,4922,49451551,0,0,0,0
49.5919,4923,49461550,4095,1,0,1
49.6019,4924,49471551,0,0,0,0
49.6119,4925,49481551,4095,1,0,1
49.6219,4926,49491550,0,0,0,0
49.6321,4927,49501550,4095,1,1,1
49.6420,4928,49511551,0,0,0,0
49.6520,4929,49521550,4095,1,0,1
49.6620,4930,49531550,0,0,0,0
49.6720,4931,49541550,4095,1,0,1
49.6821,4932,49551550,0,0,0,0
49.6922,4933,49561550,4095,1,0,1
49.7021,4934,49571550,0,0,0,0
49.7120,4935,49581550,4095,1,0,1
49.7218,4936,49591550,0,0,0,0
49.7321,4937,49601550,4095,1,0,1
49.7420,4938,49611550,0,0,0,0
49.7520,4939,49621550,4095,1,0,1
49.7619,4940,49631550,0,0,0,0
49.7722,4941,49641550,4095,1,0,1
49.7820,4942,49651550,0,0,0,0
49.7923,4943,49661550,4095,1,0,1
49.8018,4944,49671550,0,0,0,0
49.8123,4945,49681550,4095,1,0,1
49.8220,4946,49691550,0,0,0,0
49.8320,4947,49701551,4095,1,0,1
49.8421,4948,49711551,0,0,0,0
49.8523,4949,49721550,4095,1,0,1
49.8621,4950,49731550,0,0,0,0
49.8721,4951,49741550,4095,1,0,1
49.8820,4952,49751551,0,0,0,0
49.8921,4953,49761550,4095,1,0,1
49.9021,4954,49771550,0,0,0,0
49.9121,4955,49781550,4095,1,0,1
49.9217,4956,49791551,0,0,0,0
49.9322,4957,49801550,4095,1,0,1
49.9421,4958,49811550,0,0,0,0
49.9521,4959,49821550,4095,1,0,1
49.9620,4960,49831550,0,0,0,0
49.9721,4961,49841550,4095,1,0,1
49.9821,4962,49851551,0,0,0,0
49.9921,4963,49861550,4095,1,0,1
50.0020,4964,49871551,0,0,0,0
50.0122,4965,49881550,4095,1,0,1
50.0218,4966,49891550,0,0,0,0
50.0323,4967,49901550,4095,1,0,1
50.0419,4968,49911550,0,0,0,0
50.0523,4969,49921550,4095,1,0,1
50.0619,4970,49931550,0,0,0,0
50.0720,4971,49941551,4095,1,0,1
50.0821,4972,49951550,0,0,0,0
50.0921,4973,49961550,4095,1,0,1
50.1021,4974,49971551,0,0,0,0
50.1122,4975,49981550,4095,1,0,1
50.1219,4976,49991551,0,0,0,0
50.1321,4977,50001551,4095,1,0,1
50.1419,4978,50011550,0,0,0,0
50.1520,4979,50021551,4095,1,0,1
50.1619,4980,50031550,0,0,0,0
50.1723,4981,50041551,4095,1,0,1
50.1820,4982,50051550,0,0,0,0
50.1924,4983,50061550,4095,1,0,1
50.2024,4984,50071550,0,0,0,0
50.2123,4985,50081550,4095,1,0,1
50.2220,4986,50091550,0,0,0,0
50.2322,4987,50101550,4095,1,0,1
50.2420,4988,50111550,0,0,0,0
50.2527,4989,50121550,4095,1,0,1
50.2619,4990,50131550,0,0,0,0
50.2720,4991,50141550,4095,1,0,1
50.2818,4992,50151551,0,0,0,0
50.2922,4993,50161550,4095,1,0,1
50.3018,4994,50171551,0,0,0,0
50.3122,4995,50181550,4095,1,0,1
50.3219,4996,50191550,0,0,0,0
50.3323,4997,50201551,4095,1,0,1
50.3422,4998,50211550,0,0,0,0
50.3521,4999,50221551,4095,1,0,1
50.3621,5000,50231551,0,0,0,0
50.3723,5001,50241550,4095,1,0,1
50.3821,5002,50251550,0,0,0,0
50.3921,5003,50261550,4095,1,0,1
50.4019,5004,50271551,0,0,0,0
50.4125,5005,50281550,4095,1,0,1
50.4222,5006,50291550,0,0,0,0
50.4324,5007,50301550,4095,1,0,1
50.4421,5008,50311551,0,0,0,0
50.4524,5009,50321551,4095,1,0,1
50.4622,5010,50331550,0,0,0,0
50.4723,5011,50341550,4095,1,0,1
50.4819,5012,50351551,0,0,0,0
50.4922,5013,50361550,4095,1,0,1
50.5019,5014,50371551,0,0,0,0
50.5124,5015,50381550,4095,1,0,1
50.5221,5016,50391551,0,0,0,0
50.5323,5017,50401550,4095,1,0,1
50.5422,5018,50411550,0,0,0,0
50.5525,5019,50421550,4095,1,0,1
50.5620,5020,50431550,0,0,0,0
50.5723,5021,50441551,4095,1,0,1
50.5822,5022,50451550,0,0,0,0
50.5924,5023,50461551,4095,1,0,1
50.6021,5024,50471550,0,0,0,0
50.6124,5025,50481550,4058,1,0,1
50.6220,5026,50491550,0,0,0,0
50.6324,5027,50501550,3916,1,0,1
50.6418,5028,50511550,0,0,0,0
50.6522,5029,50521550,3888,1,0,1
50.6621,5030,50531550,0,0,0,0
50.6725,5031,50541551,3819,1,0,1
50.6821,5032,50551550,0,0,0,0
50.6923,5033,50561550,3777,1,0,1
50.7021,5034,50571551,0,0,0,0
50.7123,5035,50581550,3690,1,0,1
50.7221,5036,50591551,0,0,0,0
50.7326,5037,50601551,3576,1,0,1
50.7420,5038,50611550,0,0,0,0
50.7522,5039,50621550,3473,1,0,1
50.7617,5040,50631551,0,0,0,0
50.7720,5041,50641551,3405,1,0,1
50.7818,5042,50651550,0,0,0,0
50.7921,5043,50661551,3301,1,0,1
50.8019,5044,50671550,6,0,0,0
50.8120,5045,50681551,3193,1,0,1
50.8218,5046,50691550,59,0,0,0
50.8320,5047,50701550,3039,1,0,1
50.8424,5048,50711551,128,0,0,0
50.8523,5049,50721550,2915,1,0,1
50.8622,5050,50731551,211,0,0,0
50.8721,5051,50741550,2794,1,0,1
50.8820,5052,50751551,287,0,0,0
50.8922,5053,50761550,2683,1,0,1
50.9020,5054,50771550,377,0,0,0
50.9123,5055,50781550,2559,1,0,1
50.9223,5056,50791551,466,0,0,0
50.9322,5057,50801550,2433,1,0,1
50.9424,5058,50811550,592,0,0,0
50.9520,5059,50821550,2266,1,0,1
50.9622,5060,50831550,768,0,0,0
50.9722,5061,50841550,2079,1,0,1
50.9822,5062,50851551,928,0,0,0
50.9923,5063,50861550,1846,1,0,1
51.0024,5064,50871550,1162,0,0,0
51.0124,5065,50881550,1609,1,0,1
51.0223,5066,50891550,1392,0,0,0
51.0323,5067,50901551,1329,1,0,1
51.0423,5068,50911550,1614,0,0,0
51.0524,5069,50921550,1118,1,0,1
51.0625,5070,50931551,1779,0,0,0
51.0723,5071,50941550,886,0,0,0
51.0823,5072,50951550,1955,0,0,0
51.0923,5073,50961550,679,0,0,0
51.1023,5074,50971551,2148,0,0,0
51.1122,5075,50981550,419,0,0,0
51.1221,5076,50991550,2352,1,0,1
51.1323,5077,51001550,206,0,0,0
51.1424,5078,51011551,2529,1,0,1
51.1524,5079,51021550,48,0,0,0
51.1623,5080,51031550,2679,1,0,1
51.1722,5081,51041550,0,0,0,0
51.1824,5082,51051551,2896,1,0,1
51.1922,5083,51061550,0,0,0,0
51.2023,5084,51071551,3104,1,0,1
51.2120,5085,51081550,0,0,0,0
51.2224,5086,51091551,3299,1,0,1
51.2321,5087,51101550,0,0,0,0
51.2424,5088,51111551,3582,1,0,1
51.2519,5089,51121550,0,0,0,0
51.2624,5090,51131550,3874,1,0,1
51.2721,5091,51141550,0,0,0,0
51.2823,5092,51151551,4095,1,0,1
51.2920,5093,51161550,0,0,0,0
51.3021,5094,51171551,4095,1,0,1
51.3121,5095,51181550,0,0,0,0
51.3222,5096,51191551,4095,1,0,1
51.3318,5097,51201550,0,0,0,0
51.3423,5098,51211550,4095,1,0,1
51.3520,5099,51221550,0,0,0,0
51.3625,5100,51231551,4095,1,0,1
51.3720,5101,51241550,0,0,0,0
51.3821,5102,51251550,4095,1,0,1
51.3920,5103,51261550,0,0,0,0
51.4022,5104,51271551,4095,1,0,1
51.4121,5105,51281550,0,0,0,0
51.4221,5106,51291551,4095,1,0,1
51.4318,5107,51301550,0,0,0,0
51.4420,5108,51311550,4095,1,0,1
51.4519,5109,51321550,0,0,0,0
51.4622,5110,51331551,4095,1,0,1
51.4719,5111,51341550,0,0,0,0
51.4821,5112,51351550,4095,1,0,1
51.4918,5113,51361551,0,0,0,0
51.5023,5114,51371550,4095,1,0,1
51.5120,5115,51381550,0,0,0,0
51.5221,5116,51391551,4095,1,0,1
51.5320,5117,51401550,0,0,0,0
51.5424,5118,51411551,4095,1,0,1
51.5518,5119,51421550,0,0,0,0
51.5624,5120,51431551,4095,1,0,1
51.5718,5121,51441550,0,0,0,0
51.5820,5122,51451551,4095,1,0,1
51.5920,5123,51461550,0,0,0,0
51.6022,5124,51471550,4095,1,0,1
51.6118,5125,51481550,0,0,0,0
51.6223,5126,51491551,4095,1,0,1
51.6320,5127,51501550,0,0,0,0
51.6423,5128,51511551,4095,1,0,1
51.6519,5129,51521550,0,0,0,0
51.6624,5130,51531551,4095,1,0,1
51.6719,5131,51541550,0,0,0,0
51.6823,5132,51551551,4095,1,0,1
51.6919,5133,51561550,0,0,0,0
51.7022,5134,51571551,4095,1,0,1
51.7120,5135,51581550,0,0,0,0
51.7222,5136,51591550,4095,1,0,1
51.7320,5137,51601551,0,0,0,0
51.7420,5138,51611550,4095,1,0,1
51.7518,5139,51621551,0,0,0,0
51.7620,5140,51631551,4095,1,0,1
51.7718,5141,51641550,0,0,0,0
51.7820,5142,51651551,4095,1,0,1
51.7917,5143,51661550,0,0,0,0
51.8022,5144,51671551,4095,1,0,1
51.8119,5145,51681550,0,0,0,0
51.8220,5146,51691550,4095,1,0,1
51.8320,5147,51701550,0,0,0,0
51.8423,5148,51711550,4095,1,0,1
51.8520,5149,51721550,0,0,0,0
51.8624,5150,51731551,4095,1,0,1
51.8721,5151,51741550,0,0,0,0
51.8824,5152,51751551,4095,1,0,1
51.8919,5153,51761550,0,0,0,0
51.9024,5154,51771551,4095,1,0,1
51.9121,5155,51781550,0,0,0,0
51.9223,5156,51791550,4095,1,0,1
51.9320,5157,51801550,0,0,0,0
51.9422,5158,51811550,4095,1,0,1
51.9518,5159,51821551,0,0,0,0
51.9624,5160,51831550,4095,1,0,1
51.9721,5161,51841551,0,0,0,0
51.9826,5162,51851550,4095,1,0,1
51.9920,5163,51861551,0,0,0,0
52.0024,5164,51871551,4095,1,0,1
52.0122,5165,51881550,0,0,0,0
52.0223,5166,51891551,4095,1,0,1
52.0321,5167,51901550,0,0,0,0
52.0420,5168,51911551,4095,1,0,1
52.0521,5169,51921550,0,0,0,0
52.0624,5170,51931551,4095,1,0,1
52.0718,5171,51941550,0,0,0,0
52.0827,5172,51951551,4095,1,0,1
52.0922,5173,51961550,0,0,0,0
52.1021,5174,51971550,4095,1,0,1
52.1122,5175,51981551,0,0,0,0
52.1225,5176,51991550,4095,1,0,1
52.1321,5177,52001550,0,0,0,0
52.1423,5178,52011551,4095,1,0,1
52.1519,5179,52021550,0,0,0,0
52.1627,5180,52031551,4095,1,0,1
52.1718,5181,52041550,0,0,0,0
52.1826,5182,52051550,4095,1,0,1
52.1949,5183,52061550,0,0,0,0
52.2022,5184,52071551,4095,1,0,1
52.2120,5185,52081550,0,0,0,0
52.2222,5186,52091550,4095,1,0,1
52.2318,5187,52101550,0,0,0,0
52.2421,5188,52111551,4095,1,0,1
52.2519,5189,52121550,0,0,0,0
52.2624,5190,52131551,4095,1,0,1
52.2719,5191,52141550,0,0,0,0
52.2823,5192,52151551,4095,1,0,1
52.2920,5193,52161550,0,0,0,0
52.3021,5194,52171550,4095,1,0,1
52.3119,5195,52181550,0,0,0,0
52.3225,5196,52191551,4095,1,0,1
52.3322,5197,52201550,0,0,0,0
52.3425,5198,52211551,4095,1,0,1
52.3519,5199,52221550,0,0,0,0
52.3624,5200,52231550,4095,1,0,1
52.3720,5201,52241550,0,0,0,0
52.3824,5202,52251551,4095,1,0,1
52.3919,5203,52261550,0,0,0,0
52.4024,5204,52271551,4095,1,0,1
52.4121,5205,52281550,0,0,0,0
52.4221,5206,52291550,4095,1,0,1
52.4319,5207,52301550,0,0,0,0
52.4426,5208,52311551,4095,1,0,1
52.4523,5209,52321550,0,0,0,0
52.4622,5210,52331551,4095,1,0,1
52.4720,5211,52341550,0,0,0,0
52.4822,5212,52351550,4095,1,0,1
52.4922,5213,52361550,0,0,0,0
52.5023,5214,52371551,4095,1,0,1
52.5121,5215,52381550,0,0,0,0
52.5222,5216,52391551,4095,1,0,1
52.5320,5217,52401550,0,0,0,0
52.5421,5218,52411551,4095,1,0,1
52.5518,5219,52421550,0,0,0,0
52.5624,5220,52431551,4095,1,0,1
52.5722,5221,52441550,0,0,0,0
52.5824,5222,52451551,4095,1,0,1
52.5921,5223,52461550,0,0,0,0
52.6026,5224,52471550,4095,1,0,1
52.6121,5225,52481550,0,0,0,0
52.6226,5226,52491551,4095,1,0,1
52.6321,5227,52501550,0,0,0,0
52.6423,5228,52511550,4095,1,0,1
52.6519,5229,52521550,0,0,0,0
52.6625,5230,52531551,4095,1,0,1
52.6721,5231,52541550,0,0,0,0
52.6826,5232,52551550,4095,1,0,1
52.6920,5233,52561550,0,0,0,0
52.7024,5234,52571551,4095,1,0,1
52.7120,5235,52581550,0,0,0,0
52.7227,5236,52591551,4095,1,0,1
52.7322,5237,52601550,0,0,0,0
52.7424,5238,52611550,4095,1,0,1
52.7519,5239,52621550,0,0,0,0
52.7624,5240,52631551,4095,1,0,1
52.7720,5241,52641550,0,0,0,0
52.7821,5242,52651551,4095,1,0,1
52.7920,5243,52661550,0,0,0,0
52.8021,5244,52671551,4095,1,0,1
52.8119,5245,52681550,0,0,0,0
52.8221,5246,52691550,4095,1,0,1
52.8319,5247,52701550,0,0,0,0
52.8425,5248,52711550,4095,1,0,1
52.8520,5249,52721550,0,0,0,0
52.8620,5250,52731551,4095,1,0,1
52.8719,5251,52741550,0,0,0,0
52.8825,5252,52751551,4095,1,0,1
52.8920,5253,52761550,0,0,0,0
52.9023,5254,52771550,4095,1,0,1
52.9121,5255,52781551,0,0,0,0
52.9222,5256,52791550,4095,1,0,1
52.9322,5257,52801550,0,0,0,0
52.9422,5258,52811551,4095,1,0,1
52.9520,5259,52821550,0,0,0,0
52.9625,5260,52831551,4095,1,0,1
52.9721,5261,52841550,0,0,0,0
52.9823,5262,52851551,4095,1,0,1
52.9921,5263,52861550,0,0,0,0
53.0022,5264,52871550,4095,1,0,1
53.0121,5265,52881550,0,0,0,0
53.0221,5266,52891550,4095,1,0,1
53.0321,5267,52901550,0,0,0,0
53.0426,5268,52911550,4095,1,0,1
53.0525,5269,52921551,0,0,0,0
53.0624,5270,52931551,4095,1,0,1
53.0723,5271,52941550,0,0,0,0
53.0823,5272,52951550,4095,1,0,1
53.0921,5273,52961550,0,0,0,0
53.1025,5274,52971551,4095,1,0,1
53.1121,5275,52981550,0,0,0,0
53.1221,5276,52991550,4095,1,0,1
53.1321,5277,53001550,0,0,0,0
53.1422,5278,53011551,4095,1,0,1
53.1519,5279,53021550,0,0,0,0
53.1622,5280,53031551,4095,1,0,1
53.1722,5281,53041550,0,0,0,0
53.1826,5282,53051551,4095,1,0,1
53.1920,5283,53061550,0,0,0,0
53.2022,5284,53071551,4095,1,0,1
53.2122,5285,53081550,0,0,0,0
53.2222,5286,53091551,4095,1,0,1
53.2322,5287,53101550,0,0,0,0
53.2421,5288,53111551,4095,1,0,1
53.2520,5289,53121550,0,0,0,0
53.2623,5290,53131551,4095,1,0,1
53.2718,5291,53141550,0,0,0,0
53.2825,5292,53151550,4095,1,0,1
53.2922,5293,53161550,0,0,0,0
53.3023,5294,53171551,4095,1,0,1
53.3121,5295,53181550,0,0,0,0
53.3225,5296,53191551,4095,1,0,1
53.3318,5297,53201550,0,0,0,0
53.3421,5298,53211551,4095,1,0,1
53.3519,5299,53221550,0,0,0,0
53.3621,5300,53231550,4063,1,0,1
53.3719,5301,53241550,0,0,0,0
53.3824,5302,53251550,4055,1,0,1
53.3922,5303,53261550,0,0,0,0
53.4021,5304,53271551,3953,1,0,1
53.4120,5305,53281550,0,0,0,0
53.4225,5306,53291551,3952,1,0,1
53.4320,5307,53301550,0,0,0,0
53.4420,5308,53311551,3894,1,0,1
53.4519,5309,53321550,0,0,0,0
53.4621,5310,53331551,3807,1,0,1
53.4719,5311,53341550,0,0,0,0
53.4820,5312,53351550,3788,1,0,1
53.4920,5313,53361551,0,0,0,0
53.5022,5314,53371551,3729,1,0,1
53.5118,5315,53381550,0,0,0,0
53.5223,5316,53391551,3639,1,0,1
53.5320,5317,53401550,0,0,0,0
53.5423,5318,53411551,3603,1,0,1
53.5523,5319,53421550,0,0,0,0
53.5622,5320,53431550,3531,1,0,1
53.5718,5321,53441550,0,0,0,0
53.5826,5322,53451550,3444,1,0,1
53.5923,5323,53461551,0,0,0,0
53.6026,5324,53471550,3372,1,0,1
53.6122,5325,53481550,0,0,0,0
53.6222,5326,53491551,3280,1,0,1
53.6320,5327,53501550,0,0,0,0
53.6424,5328,53511551,3175,1,0,1
53.6522,5329,53521550,16,0,0,0
53.6622,5330,53531551,3088,1,0,1
53.6720,5331,53541550,53,0,0,0
53.6822,5332,53551550,2981,1,0,1
53.6921,5333,53561551,128,0,0,0
53.7021,5334,53571550,2874,1,0,1
53.7120,5335,53581551,227,0,0,0
53.7222,5336,53591550,2725,1,0,1
53.7324,5337,53601550,319,0,0,0
53.7420,5338,53611550,2606,1,0,1
53.7519,5339,53621551,397,0,0,0
53.7620,5340,53631550,2495,1,0,1
53.7720,5341,53641550,492,0,0,0
53.7822,5342,53651551,2368,1,0,1
53.7923,5343,53661550,653,0,0,0
53.8023,5344,53671550,2167,1,0,1
53.8120,5345,53681550,837,0,0,0
53.8222,5346,53691551,1962,1,0,1
53.8324,5347,53701550,1016,0,0,0
53.8424,5348,53711550,1691,1,0,1
53.8522,5349,53721550,1248,0,0,0
53.8622,5350,53731551,1394,1,0,1
53.8720,5351,53741550,1520,0,0,0
53.8824,5352,53751550,1134,1,0,1
53.8923,5353,53761551,1706,0,0,0
53.9023,5354,53771550,944,0,0,0
53.9121,5355,53781551,1859,0,0,0
53.9219,5356,53791550,686,0,0,0
53.9320,5357,53801550,2100,0,0,0
53.9419,5358,53811550,432,0,0,0
53.9520,5359,53821550,2291,1,0,1
53.9619,5360,53831551,242,0,0,0
53.9720,5361,53841550,2449,1,0,1
53.9819,5362,53851551,48,0,0,0
53.9921,5363,53861550,2647,1,0,1
54.0020,5364,53871551,0,0,0,0
54.0123,5365,53881551,2875,1,0,1
54.0221,5366,53891550,0,0,0,0
54.0324,5367,53901550,3051,1,0,1
54.0423,5368,53911550,0,0,0,0
54.0524,5369,53921550,3287,1,0,1
54.0619,5370,53931550,0,0,0,0
54.0720,5371,53941550,3583,1,0,1
54.0819,5372,53951550,0,0,0,0
54.0923,5373,53961550,3877,1,0,1
54.1020,5374,53971551,0,0,0,0
54.1124,5375,53981550,4095,1,0,1
54.1220,5376,53991551,0,0,0,0
54.1323,5377,54001550,4095,1,0,1
54.1423,5378,54011550,0,0,0,0
54.1522,5379,54021551,4095,1,0,1
54.1619,5380,54031550,0,0,0,0
54.1724,5381,54041550,4095,1,0,1
54.1821,5382,54051551,0,0,0,0
54.1922,5383,54061550,4095,1,0,1
54.2021,5384,54071551,0,0,0,0
54.2124,5385,54081551,4095,1,0,1
54.2218,5386,54091550,0,0,0,0
54.2324,5387,54101550,4095,1,0,1
54.2418,5388,54111551,0,0,0,0
54.2525,5389,54121550,4095,1,0,1
54.2621,5390,54131551,0,0,0,0
54.2723,5391,54141550,4095,1,0,1
54.2822,5392,54151550,0,0,0,0
54.2923,5393,54161550,4095,1,0,1
54.3020,5394,54171550,0,0,0,0
54.3124,5395,54181550,4095,1,0,1
54.3220,5396,54191550,0,0,0,0
54.3324,5397,54201551,4095,1,0,1
54.3421,5398,54211550,0,0,0,0
54.3521,5399,54221551,4095,1,0,1
54.3619,5400,54231550,0,0,0,0
54.3724,5401,54241550,4095,1,0,1
54.3820,5402,54251551,0,0,0,0
54.3924,5403,54261550,4095,1,0,1
54.4018,5404,54271551,0,0,0,0
54.4124,5405,54281551,4095,1,0,1
54.4219,5406,54291550,0,0,0,0
54.4323,5407,54301551,4095,1,0,1
54.4419,5408,54311550,0,0,0,0
54.4525,5409,54321550,4095,1,0,1
54.4619,5410,54331551,0,0,0,0
54.4720,5411,54341550,4095,1,0,1
54.4818,5412,54351550,0,0,0,0
54.4921,5413,54361550,4095,1,0,1
54.5018,5414,54371550,0,0,0,0
54.5121,5415,54381550,4095,1,0,1
54.5218,5416,54391551,0,0,0,0
54.5323,5417,54401550,4095,1,0,1
54.5420,5418,54411550,0,0,0,0
54.5525,5419,54421550,4095,1,0,1
54.5619,5420,54431551,0,0,0,0
54.5721,5421,54441550,4095,1,0,1
54.5820,5422,54451551,0,0,0,0
54.5923,5423,54461550,4095,1,0,1
54.6024,5424,54471550,0,0,0,0
54.6123,5425,54481550,4095,1,0,1
54.6218,5426,54491550,0,0,0,0
54.6323,5427,54501551,4095,1,0,1
54.6422,5428,54511550,0,0,0,0
54.6521,5429,54521550,4095,1,0,1
54.6618,5430,54531550,0,0,0,0
54.6723,5431,54541550,4095,1,0,1
54.6821,5432,54551551,0,0,0,0
54.6926,5433,54561550,4095,1,0,1
54.7018,5434,54571551,0,0,0,0
54.7120,5435,54581550,4095,1,0,1
54.7218,5436,54591550,0,0,0,0
54.7321,5437,54601551,4095,1,0,1
54.7421,5438,54611550,0,0,0,0
54.7523,5439,54621551,4095,1,0,1
54.7622,5440,54631551,0,0,0,0
54.7722,5441,54641550,4095,1,0,1
54.7820,5442,54651551,0,0,0,0
54.7923,5443,54661550,4095,1,0,1
54.8019,5444,54671550,0,0,0,0
54.8124,5445,54681550,4095,1,0,1
54.8221,5446,54691551,0,0,0,0
54.8320,5447,54701550,4095,1,0,1
54.8418,5448,54711550,0,0,0,0
54.8520,5449,54721550,4095,1,0,1
54.8620,5450,54731551,0,0,0,0
54.8721,5451,54741550,4095,1,0,1
54.8819,5452,54751550,0,0,0,0
54.8920,5453,54761550,4095,1,0,1
54.9020,5454,54771551,0,0,0,0
54.9125,5455,54781550,4095,1,0,1
54.9220,5456,54791551,0,0,0,0
54.9324,5457,54801550,4095,1,0,1
54.9420,5458,54811550,0,0,0,0
54.9521,5459,54821550,4095,1,0,1
54.9618,5460,54831551,0,0,0,0
54.9722,5461,54841550,4095,1,0,1
54.9821,5462,54851550,0,0,0,0
54.9923,5463,54861550,4095,1,0,1
55.0022,5464,54871550,0,0,0,0
55.0124,5465,54881550,4095,1,0,1
55.0219,5466,54891550,0,0,0,0
55.0322,5467,54901550,4095,1,0,1
55.0421,5468,54911551,0,0,0,0
55.0522,5469,54921550,4095,1,0,1
55.0619,5470,54931551,0,0,0,0
55.0722,5471,54941550,4095,1,0,1
55.0821,5472,54951551,0,0,0,0
55.0923,5473,54961550,4095,1,0,1
55.1022,5474,54971551,0,0,0,0
55.1124,5475,54981550,4095,1,0,1
55.1218,5476,54991550,0,0,0,0
55.1324,5477,55001550,4095,1,0,1
55.1421,5478,55011550,0,0,0,0
55.1530,5479,55021550,4095,1,0,1
55.1620,5480,55031550,0,0,0,0
55.1723,5481,55041550,4095,1,0,1
55.1819,5482,55051551,0,0,0,0
55.1924,5483,55061550,4095,1,0,1
55.2021,5484,55071551,0,0,0,0
55.2130,5485,55081550,4095,1,0,1
55.2219,5486,55091550,0,0,0,0
55.2323,5487,55101550,4095,1,0,1
55.2421,5488,55111551,0,0,0,0
55.2522,5489,55121550,4095,1,0,1
55.2621,5490,55131550,0,0,0,0
55.2723,5491,55141550,4095,1,0,1
55.2820,5492,55151551,0,0,0,0
55.2922,5493,55161550,4095,1,0,1
55.3021,5494,55171551,0,0,0,0
55.3120,5495,55181550,4095,1,0,1
55.3218,5496,55191551,0,0,0,0
55.3324,5497,55201551,4095,1,0,1
55.3422,5498,55211550,0,0,0,0
55.3523,5499,55221551,4095,1,0,1
55.3622,5500,55231550,0,0,0,0
55.3721,5501,55241550,4095,1,0,1
55.3820,5502,55251550,0,0,0,0
55.3923,5503,55261550,4095,1,0,1
55.4020,5504,55271550,0,0,0,0
55.4127,5505,55281550,4095,1,0,1
55.4220,5506,55291551,0,0,0,0
55.4321,5507,55301550,4095,1,0,1
55.4420,5508,55311550,0,0,0,0
55.4525,5509,55321550,4095,1,0,1
55.4620,5510,55331550,0,0,0,0
55.4722,5511,55341550,4095,1,0,1
55.4818,5512,55351551,0,0,0,0
55.4922,5513,55361550,4095,1,0,1
55.5018,5514,55371550,0,0,0,0
55.5123,5515,55381551,4095,1,0,1
55.5219,5516,55391551,0,0,0,0
55.5322,5517,55401550,4095,1,0,1
55.5421,5518,55411550,0,0,0,0
55.5521,5519,55421550,4095,1,0,1
55.5620,5520,55431551,0,0,0,0
55.5722,5521,55441550,4095,1,0,1
55.5820,5522,55451550,0,0,0,0
55.5923,5523,55461551,4095,1,0,1
55.6020,5524,55471551,0,0,0,0
55.6121,5525,55481550,4095,1,0,1
55.6219,5526,55491551,0,0,0,0
55.6322,5527,55501550,4095,1,0,1
55.6421,5528,55511550,0,0,0,0
55.6523,5529,55521550,4095,1,0,1
55.6620,5530,55531550,0,0,0,0
55.6722,5531,55541550,4095,1,0,1
55.6818,5532,55551550,0,0,0,0
55.6927,5533,55561550,4095,1,0,1
55.7023,5534,55571550,0,0,0,0
55.7125,5535,55581550,4095,1,0,1
55.7221,5536,55591550,0,0,0,0
55.7323,5537,55601550,4095,1,0,1
55.7419,5538,55611551,0,0,0,0
55.7521,5539,55621550,4095,1,0,1
55.7621,5540,55631551,0,0,0,0
55.7720,5541,55641550,4095,1,0,1
55.7820,5542,55651550,0,0,0,0
55.7921,5543,55661550,4095,1,0,1
55.8018,5544,55671550,0,0,0,0
55.8120,5545,55681551,4095,1,0,1
55.8220,5546,55691550,0,0,0,0
55.8323,5547,55701551,4095,1,0,1
55.8421,5548,55711550,0,0,0,0
55.8525,5549,55721550,4095,1,0,1
55.8621,5550,55731550,0,0,0,0
55.8723,5551,55741551,4095,1,0,1
55.8820,5552,55751550,0,0,0,0
55.8921,5553,55761550,4095,1,0,1
55.9019,5554,55771550,0,0,0,0
55.9124,5555,55781550,4095,1,0,1
55.9220,5556,55791551,0,0,0,0
55.9323,5557,55801550,4095,1,0,1
55.9422,5558,55811551,0,0,0,0
55.9525,5559,55821550,4095,1,0,1
55.9621,5560,55831550,0,0,0,0
55.9722,5561,55841550,4095,1,0,1
55.9821,5562,55851550,0,0,0,0
55.9924,5563,55861550,4095,1,0,1
56.0020,5564,55871550,0,0,0,0
56.0124,5565,55881551,4095,1,0,1
56.0218,5566,55891551,0,0,0,0
56.0326,5567,55901550,4095,1,0,1
56.0418,5568,55911550,0,0,0,0
56.0523,5569,55921551,4071,1,0,1
56.0619,5570,55931550,0,0,0,0
56.0724,5571,55941551,4019,1,0,1
56.0818,5572,55951550,0,0,0,0
56.0920,5573,55961550,4014,1,0,1
56.1018,5574,55971550,0,0,0,0
56.1122,5575,55981550,3959,1,0,1
56.1218,5576,55991551,0,0,0,0
56.1320,5577,56001550,3892,1,0,1
56.1418,5578,56011550,0,0,0,0
56.1520,5579,56021550,3827,1,0,1
56.1619,5580,56031551,0,0,0,0
56.1722,5581,56041550,3760,1,0,1
56.1819,5582,56051550,0,0,0,0
56.1923,5583,56061550,3668,1,0,1
56.2020,5584,56071550,0,0,0,0
56.2126,5585,56081550,3607,1,0,1
56.2220,5586,56091550,0,0,0,0
56.2321,5587,56101551,3573,1,0,1
56.2421,5588,56111550,0,0,0,0
56.2522,5589,56121550,3475,1,0,1
56.2620,5590,56131550,0,0,0,0
56.2722,5591,56141550,3379,1,0,1
56.2822,5592,56151550,0,0,0,0
56.2923,5593,56161550,3278,1,0,1
56.3022,5594,56171551,0,0,0,0
56.3125,5595,56181550,3194,1,0,1
56.3222,5596,56191550,38,0,0,0
56.3324,5597,56201550,3067,1,0,1
56.3422,5598,56211550,94,0,0,0
56.3523,5599,56221550,2961,1,0,1
56.3623,5600,56231551,179,0,0,0
56.3723,5601,56241550,2793,1,0,1
56.3819,5602,56251551,291,0,0,0
56.3922,5603,56261550,2667,1,0,1
56.4021,5604,56271551,411,0,0,0
56.4120,5605,56281550,2506,1,0,1
56.4224,5606,56291550,511,0,0,0
56.4323,5607,56301550,2382,1,0,1
56.4423,5608,56311550,661,0,0,0
56.4521,5609,56321550,2131,1,0,1
56.4620,5610,56331551,887,0,0,0
56.4722,5611,56341550,1904,1,0,1
56.4823,5612,56351551,1111,0,0,0
56.4921,5613,56361550,1579,1,0,1
56.5022,5614,56371550,1392,0,0,0
56.5121,5615,56381551,1299,1,0,1
56.5221,5616,56391551,1648,0,0,0
56.5323,5617,56401550,1042,1,0,1
56.5422,5618,56411550,1850,0,0,0
56.5522,5619,56421550,784,0,0,0
56.5623,5620,56431550,2053,0,0,0
56.5722,5621,56441550,528,0,0,0
56.5824,5622,56451550,2308,1,0,1
56.5922,5623,56461550,269,0,0,0
56.6020,5624,56471551,2500,1,0,1
56.6121,5625,56481550,59,0,0,0
56.6222,5626,56491551,2693,1,0,1
56.6320,5627,56501550,0,0,0,0
56.6426,5628,56511551,2926,1,0,1
56.6518,5629,56521550,0,0,0,0
56.6625,5630,56531551,3152,1,0,1
56.6721,5631,56541550,0,0,0,0
56.6826,5632,56551551,3440,1,0,1
56.6919,5633,56561550,0,0,0,0
56.7022,5634,56571551,3785,1,0,1
56.7121,5635,56581550,0,0,0,0
56.7226,5636,56591551,4095,1,0,1
56.7320,5637,56601550,0,0,0,0
56.7425,5638,56611551,4095,1,0,1
56.7521,5639,56621550,0,0,0,0
56.7622,5640,56631551,4095,1,0,1
56.7722,5641,56641550,0,0,0,0
56.7822,5642,56651551,4095,1,0,1
56.7921,5643,56661550,0,0,0,0
56.8023,5644,56671551,4095,1,0,1
56.8121,5645,56681550,0,0,0,0
56.8223,5646,56691550,4095,1,0,1
56.8321,5647,56701550,0,0,0,0
56.8421,5648,56711551,4095,1,0,1
56.8519,5649,56721550,0,0,0,0
56.8621,5650,56731551,4095,1,0,1
56.8721,5651,56741550,0,0,0,0
56.8824,5652,56751551,4095,1,0,1
56.8921,5653,56761550,0,0,0,0
56.9021,5654,56771551,4095,1,0,1
56.9118,5655,56781550,0,0,0,0
56.9221,5656,56791550,4095,1,0,1
56.9321,5657,56801550,0,0,0,0
56.9422,5658,56811551,4095,1,0,1
56.9521,5659,56821550,0,0,0,0
56.9622,5660,56831550,4095,1,0,1
56.9720,5661,56841550,0,0,0,0
56.9821,5662,56851551,4095,1,0,1
56.9919,5663,56861550,0,0,0,0
57.0024,5664,56871551,4095,1,0,1
57.0119,5665,56881550,0,0,0,0
57.0224,5666,56891551,4095,1,0,1
57.0323,5667,56901550,0,0,0,0
57.0421,5668,56911551,4095,1,0,1
57.0520,5669,56921550,0,0,0,0
57.0622,5670,56931551,4095,1,0,1
57.0720,5671,56941550,0,0,0,0
57.0822,5672,56951551,4095,1,0,1
57.0921,5673,56961550,0,0,0,0
57.1023,5674,56971551,4095,1,0,1
57.1119,5675,56981550,0,0,0,0
57.1222,5676,56991551,4095,1,0,1
57.1320,5677,57001550,0,0,0,0
57.1423,5678,57011551,4095,1,0,1
57.1519,5679,57021550,0,0,0,0
57.1623,5680,57031551,4095,1,0,1
57.1721,5681,57041550,0,0,0,0
57.1823,5682,57051551,4095,1,0,1
57.1923,5683,57061550,0,0,0,0
57.2021,5684,57071550,4095,1,0,1
57.2122,5685,57081551,0,0,0,0
57.2221,5686,57091551,4095,1,0,1
57.2319,5687,57101550,0,0,0,0
57.2423,5688,57111550,4095,1,0,1
57.2521,5689,57121550,0,0,0,0
57.2622,5690,57131551,4095,1,0,1
57.2720,5691,57141550,0,0,0,0
57.2823,5692,57151551,4095,1,0,1
57.2922,5693,57161550,0,0,0,0
57.3024,5694,57171551,4095,1,0,1
57.3122,5695,57181550,0,0,0,0
57.3222,5696,57191550,4095,1,0,1
57.3319,5697,57201550,0,0,0,0
57.3420,5698,57211551,4095,1,0,1
57.3519,5699,57221550,0,0,0,0
57.3623,5700,57231551,4095,1,0,1
57.3721,5701,57241550,0,0,0,0
57.3826,5702,57251551,4095,1,0,1
57.3919,5703,57261550,0,0,0,0
57.4023,5704,57271550,4095,1,0,1
57.4121,5705,57281550,0,0,0,0
57.4223,5706,57291550,4095,1,0,1
57.4318,5707,57301550,0,0,0,0
57.4422,5708,57311551,4095,1,0,1
57.4518,5709,57321550,0,0,0,0
57.4623,5710,57331551,4095,1,0,1
57.4720,5711,57341550,0,0,0,0
57.4823,5712,57351551,4095,1,0,1
57.4920,5713,57361550,0,0,0,0
57.5021,5714,57371551,4095,1,0,1
57.5120,5715,57381550,0,0,0,0
57.5222,5716,57391551,4095,1,0,1
57.5321,5717,57401550,0,0,0,0
57.5423,5718,57411551,4095,1,0,1
57.5520,5719,57421550,0,0,0,0
57.5623,5720,57431550,4095,1,0,1
57.5719,5721,57441550,0,0,0,0
57.5822,5722,57451550,4095,1,0,1
57.5919,5723,57461550,0,0,0,0
57.6023,5724,57471550,4095,1,0,1
57.6121,5725,57481551,0,0,0,0
57.6224,5726,57491551,4095,1,0,1
57.6322,5727,57501550,0,0,0,0
57.6420,5728,57511551,4095,1,0,1
57.6517,5729,57521550,0,0,0,0
57.6623,5730,57531550,4095,1,0,1
57.6720,5731,57541550,0,0,0,0
57.6824,5732,57551551,4095,1,0,1
57.6918,5733,57561550,0,0,0,0
57.7024,5734,57571550,4095,1,0,1
57.7120,5735,57581550,0,0,0,0
57.7224,5736,57591551,4095,1,0,1
57.7321,5737,57601550,0,0,0,0
57.7422,5738,57611551,4095,1,0,1
57.7520,5739,57621550,0,0,0,0
57.7622,5740,57631550,4095,1,0,1
57.7721,5741,57641550,0,0,0,0
57.7821,5742,57651551,4095,1,0,1
57.7919,5743,57661550,0,0,0,0
57.8020,5744,57671551,4095,1,0,1
57.8121,5745,57681550,0,0,0,0
57.8221,5746,57691551,4095,1,0,1
57.8321,5747,57701550,0,0,0,0
57.8424,5748,57711551,4095,1,0,1
57.8521,5749,57721550,0,0,0,0
57.8624,5750,57731551,4095,1,0,1
57.8720,5751,57741550,0,0,0,0
57.8824,5752,57751551,4095,1,0,1
57.8920,5753,57761550,0,0,0,0
57.9021,5754,57771551,4095,1,0,1
57.9121,5755,57781550,0,0,0,0
57.9221,5756,57791550,4095,1,0,1
57.9320,5757,57801550,0,0,0,0
57.9421,5758,57811551,4095,1,0,1
57.9520,5759,57821550,0,0,0,0
57.9621,5760,57831551,4095,1,0,1
57.9720,5761,57841550,0,0,0,0
57.9824,5762,57851550,4095,1,0,1
57.9918,5763,57861550,0,0,0,0
58.0022,5764,57871551,4095,1,0,1
58.0119,5765,57881550,0,0,0,0
58.0223,5766,57891550,4095,1,0,1
58.0321,5767,57901550,0,0,0,0
58.0422,5768,57911551,4095,1,0,1
58.0519,5769,57921550,0,0,0,0
58.0624,5770,57931551,4095,1,0,1
58.0719,5771,57941550,0,0,0,0
58.0825,5772,57951551,4095,1,0,1
58.0922,5773,57961550,0,0,0,0
58.1022,5774,57971551,4095,1,0,1
58.1119,5775,57981550,0,0,0,0
58.1223,5776,57991551,4095,1,0,1
58.1320,5777,58001550,0,0,0,0
58.1422,5778,58011551,4095,1,0,1
58.1518,5779,58021550,0,0,0,0
58.1623,5780,58031551,4095,1,0,1
58.1719,5781,58041550,0,0,0,0
58.1823,5782,58051551,4095,1,0,1
58.1919,5783,58061550,0,0,0,0
58.2022,5784,58071551,4095,1,0,1
58.2121,5785,58081550,0,0,0,0
58.2222,5786,58091551,4095,1,0,1
58.2328,5787,58101550,0,0,0,0
58.2422,5788,58111550,4095,1,0,1
58.2519,5789,58121550,0,0,0,0
58.2625,5790,58131551,4095,1,0,1
58.2719,5791,58141550,0,0,0,0
58.2820,5792,58151551,4095,1,0,1
58.2918,5793,58161550,0,0,0,0
58.3020,5794,58171551,4095,1,0,1
58.3117,5795,58181550,0,0,0,0
58.3220,5796,58191550,4095,1,0,1
58.3318,5797,58201550,0,0,0,0
58.3421,5798,58211551,4095,1,0,1
58.3521,5799,58221550,0,0,0,0
58.3622,5800,58231550,4095,1,0,1
58.3721,5801,58241550,0,0,0,0
58.3824,5802,58251551,4095,1,0,1
58.3921,5803,58261550,0,0,0,0
58.4022,5804,58271550,4095,1,0,1
58.4119,5805,58281551,0,0,0,0
58.4223,5806,58291551,4095,1,0,1
58.4320,5807,58301550,0,0,0,0
58.4422,5808,58311550,4095,1,0,1
58.4521,5809,58321550,0,0,0,0
58.4624,5810,58331551,4095,1,0,1
58.4720,5811,58341550,0,0,0,0
58.4822,5812,58351551,4095,1,0,1
58.4918,5813,58361550,0,0,0,0
58.5023,5814,58371551,4095,1,0,1
58.5122,5815,58381550,0,0,0,0
58.5222,5816,58391551,4095,1,0,1
58.5320,5817,58401550,0,0,0,0
58.5420,5818,58411551,4095,1,0,1
58.5520,5819,58421550,0,0,0,0
58.5623,5820,58431551,4095,1,0,1
58.5720,5821,58441550,0,0,0,0
58.5821,5822,58451550,4048,1,0,1
58.5919,5823,58461550,0,0,0,0
58.6023,5824,58471551,3978,1,0,1
58.6120,5825,58481550,0,0,0,0
58.6222,5826,58491551,3952,1,0,1
58.6319,5827,58501550,0,0,0,0
58.6420,5828,58511551,3894,1,0,1
58.6522,5829,58521550,0,0,0,0
58.6621,5830,58531551,3824,1,0,1
58.6720,5831,58541550,0,0,0,0
58.6822,5832,58551551,3735,1,0,1
58.6921,5833,58561550,0,0,0,0
58.7023,5834,58571551,3658,1,0,1
58.7121,5835,58581550,0,0,0,0
58.7224,5836,58591550,3583,1,0,1
58.7321,5837,58601550,0,0,0,0
58.7423,5838,58611550,3533,1,0,1
58.7520,5839,58621550,0,0,0,0
58.7621,5840,58631550,3472,1,0,1
58.7720,5841,58641550,0,0,0,0
58.7823,5842,58651551,3371,1,0,1
58.7921,5843,58661550,0,0,0,0
58.8022,5844,58671550,3250,1,0,1
58.8120,5845,58681550,0,0,0,0
58.8225,5846,58691551,3157,1,0,1
58.8322,5847,58701550,23,0,0,0
58.8423,5848,58711551,3052,1,0,1
58.8520,5849,58721550,95,0,0,0
58.8625,5850,58731551,2903,1,0,1
58.8722,5851,58741550,205,0,0,0
58.8826,5852,58751551,2756,1,0,1
58.8922,5853,58761550,315,0,0,0
58.9021,5854,58771550,2608,1,0,1
58.9120,5855,58781550,423,0,0,0
58.9221,5856,58791550,2449,1,0,1
58.9323,5857,58801551,559,0,0,0
58.9423,5858,58811550,2245,1,0,1
58.9522,5859,58821550,738,0,0,0
58.9623,5860,58831551,2032,1,0,1
58.9720,5861,58841550,931,0,0,0
58.9824,5862,58851550,1802,1,0,1
58.9924,5863,58861550,1153,0,0,0
59.0024,5864,58871550,1476,1,0,1
59.0124,5865,58881550,1466,0,0,0
59.0220,5866,58891551,1168,1,0,1
59.0321,5867,58901550,1712,0,0,0
59.0421,5868,58911551,906,0,0,0
59.0522,5869,58921550,1904,0,0,0
59.0621,5870,58931551,642,0,0,0
59.0723,5871,58941550,2160,0,0,0
59.0822,5872,58951550,368,0,0,0
59.0922,5873,58961550,2398,1,0,1
59.1020,5874,58971550,139,0,0,0
59.1122,5875,58981551,2594,1,0,1
59.1220,5876,58991550,0,0,0,0
59.1321,5877,59001551,2839,1,0,1
59.1420,5878,59011550,0,0,0,0
59.1520,5879,59021551,3087,1,0,1
59.1619,5880,59031550,0,0,0,0
59.1720,5881,59041550,3327,1,0,1
59.1822,5882,59051550,0,0,0,0
59.1923,5883,59061550,3643,1,0,1
59.2021,5884,59071550,0,0,0,0
59.2124,5885,59081551,4032,1,0,1
59.2218,5886,59091550,0,0,0,0
59.2321,5887,59101550,4095,1,0,1
59.2422,5888,59111550,0,0,0,0
59.2520,5889,59121550,4095,1,0,1
59.2620,5890,59131550,0,0,0,0
59.2723,5891,59141550,4095,1,0,1
59.2819,5892,59151550,0,0,0,0
59.2922,5893,59161551,4095,1,0,1
59.3020,5894,59171550,0,0,0,0
59.3124,5895,59181550,4095,1,0,1
59.3222,5896,59191551,0,0,0,0
59.3323,5897,59201551,4095,1,0,1
59.3421,5898,59211550,0,0,0,0
59.3523,5899,59221551,4095,1,0,1
59.3620,5900,59231550,0,0,0,0
59.3816,5901,59241551,4095,1,0,1
59.3819,5902,59251550,0,0,0,0
59.3922,5903,59261550,4095,1,0,1
59.4018,5904,59271550,0,0,0,0
59.4121,5905,59281550,4095,1,0,1
59.4219,5906,59291550,0,0,0,0
59.4322,5907,59301551,4095,1,0,1
59.4422,5908,59311550,0,0,0,0
59.4520,5909,59321550,4095,1,0,1
59.4618,5910,59331550,0,0,0,0
59.4723,5911,59341550,4095,1,0,1
59.4820,5912,59351550,0,0,0,0
59.4921,5913,59361551,4095,1,0,1
59.5018,5914,59371550,0,0,0,0
59.5121,5915,59381550,4095,1,0,1
59.5220,5916,59391550,0,0,0,0
59.5325,5917,59401550,4095,1,0,1
59.5419,5918,59411551,0,0,0,0
59.5521,5919,59421550,4095,1,0,1
59.5619,5920,59431551,0,0,0,0
59.5723,5921,59441551,4095,1,0,1
59.5821,5922,59451550,0,0,0,0
59.5922,5923,59461550,4095,1,0,1
59.6019,5924,59471550,0,0,0,0
59.6121,5925,59481550,4095,1,0,1
59.6219,5926,59491550,0,0,0,0
59.6321,5927,59501550,4095,1,0,1
59.6421,5928,59511550,0,0,0,0
59.6522,5929,59521550,4095,1,0,1
59.6620,5930,59531550,0,0,0,0
59.6723,5931,59541551,4095,1,0,1
59.6822,5932,59551550,0,0,0,0
59.6920,5933,59561550,4095,1,0,1
59.7019,5934,59571550,0,0,0,0
59.7122,5935,59581551,4095,1,0,1
59.7222,5936,59591551,0,0,0,0
59.7324,5937,59601550,4095,1,0,1
59.7421,5938,59611550,0,0,0,0
59.7521,5939,59621550,4095,1,0,1
59.7621,5940,59631550,0,0,0,0
59.7725,5941,59641550,4095,1,0,1
59.7822,5942,59651550,0,0,0,0
59.7920,5943,59661550,4095,1,0,1
59.8018,5944,59671550,0,0,0,0
59.8121,5945,59681550,4095,1,0,1
59.8221,5946,59691551,0,0,0,0
59.8320,5947,59701550,4095,1,0,1
59.8418,5948,59711551,0,0,0,0
59.8520,5949,59721550,4095,1,0,1
59.8618,5950,59731550,0,0,0,0
59.8720,5951,59741550,4095,1,0,1
59.8818,5952,59751550,0,0,0,0
59.8920,5953,59761550,4095,1,0,1
59.9022,5954,59771551,0,0,0,0
59.9124,5955,59781551,4095,1,0,1
59.9219,5956,59791550,0,0,0,0
59.9323,5957,59801550,4095,1,0,1
59.9418,5958,59811550,0,0,0,0
59.9521,5959,59821551,4095,1,0,1
59.9622,5960,59831550,0,0,0,0
59.9720,5961,59841550,4095,1,0,1
59.9819,5962,59851550,0,0,0,0
59.9920,5963,59861550,4095,1,0,1
60.0019,5964,59871550,0,0,0,0
60.0124,5965,59881551,4095,1,0,1
60.0220,5966,59891550,0,0,0,0
60.0327,5967,59901550,4095,1,0,1
60.0418,5968,59911550,0,0,0,0
60.0521,5969,59921550,4095,1,0,1
60.0620,5970,59931551,0,0,0,0
60.0721,5971,59941550,4095,1,0,1
60.0819,5972,59951551,0,0,0,0
60.0922,5973,59961550,4095,1,0,1
60.1020,5974,59971550,0,0,0,0
60.1122,5975,59981550,4095,1,0,1
60.1221,5976,59991550,0,0,0,0
60.1321,5977,60001551,4095,1,0,1
60.1418,5978,60011550,0,0,0,0
60.1521,5979,60021551,4095,1,0,1
60.1622,5980,60031551,0,0,0,0
60.1724,5981,60041550,4095,1,0,1
60.1820,5982,60051550,0,0,0,0
60.1920,5983,60061550,4095,1,0,1
60.2019,5984,60071551,0,0,0,0
60.2125,5985,60081551,4095,1,0,1
60.2219,5986,60091550,0,0,0,0
60.2322,5987,60101551,4095,1,0,1
60.2419,5988,60111550,0,0,0,0
60.2521,5989,60121550,4095,1,0,1
60.2622,5990,60131550,0,0,0,0
60.2723,5991,60141550,4095,1,0,1
