pc_time_s,seq,t_us,ecg_adc,lo_plus,lo_minus,lead_off
0.0107,66825,668480549,1809,0,0,0
0.0207,66826,668490548,1783,0,0,0
0.0311,66827,668500549,1798,0,0,0
0.0407,66828,668510549,1793,0,0,0
0.0507,66829,668520548,1810,0,0,0
0.0609,66830,668530548,1788,0,0,0
0.0707,66831,668540548,1808,0,0,0
0.0807,66832,668550548,1799,0,0,0
0.0908,66833,668560549,1823,0,0,0
0.1009,66834,668570549,1813,0,0,0
0.1107,66835,668580548,1829,0,0,0
0.1209,66836,668590548,1803,0,0,0
0.1307,66837,668600548,1828,0,0,0
0.1409,66838,668610548,1809,0,0,0
0.1507,66839,668620548,1820,0,0,0
0.1608,66840,668630548,1813,0,0,0
0.1709,66841,668640548,1828,0,0,0
0.1808,66842,668650548,1808,0,0,0
0.1921,66843,668660548,1814,0,0,0
0.2008,66844,668670548,1811,0,0,0
0.2107,66845,668680549,1828,0,0,0
0.2208,66846,668690548,1809,0,0,0
0.2307,66847,668700548,1814,0,0,0
0.2407,66848,668710548,1808,0,0,0
0.2508,66849,668720548,1819,0,0,0
0.2606,66850,668730549,1813,0,0,0
0.2707,66851,668740549,1857,0,0,0
0.2808,66852,668750549,1895,0,0,0
0.2907,66853,668760548,1937,0,0,0
0.3008,66854,668770548,1972,0,0,0
0.3107,66855,668780548,1969,0,0,0
0.3207,66856,668790548,1920,0,0,0
0.3310,66857,668800549,1915,0,0,0
0.3408,66858,668810549,1851,0,0,0
0.3508,66859,668820548,1831,0,0,0
0.3608,66860,668830548,1774,0,0,0
0.3707,66861,668840549,1779,0,0,0
0.3806,66862,668850548,1746,0,0,0
0.3909,66863,668860548,1765,0,0,0
0.4007,66864,668870548,1737,0,0,0
0.4108,66865,668880548,1771,0,0,0
0.4208,66866,668890548,1744,0,0,0
0.4308,66867,668900549,1815,0,0,0
0.4408,66868,668910548,1920,0,0,0
0.4507,66869,668920548,2163,0,0,0
0.4608,66870,668930548,2634,0,0,0
0.4709,66871,668940548,2223,0,0,0
0.4809,66872,668950548,1601,0,0,0
0.4907,66873,668960548,1415,0,0,0
0.5008,66874,668970548,1457,0,0,0
0.5108,66875,668980549,1616,0,0,0
0.5208,66876,668990548,1725,0,0,0
0.5307,66877,669000548,1780,0,0,0
0.5407,66878,669010548,1775,0,0,0
0.5507,66879,669020548,1814,0,0,0
0.5608,66880,669030548,1802,0,0,0
0.5708,66881,669040548,1827,0,0,0
0.5806,66882,669050548,1827,0,0,0
0.5909,66883,669060549,1848,0,0,0
0.6006,66884,669070548,1835,0,0,0
0.6107,66885,669080548,1870,0,0,0
0.6206,66886,669090548,1859,0,0,0
0.6307,66887,669100548,1883,0,0,0
0.6407,66888,669110548,1872,0,0,0
0.6508,66889,669120548,1898,0,0,0
0.6608,66890,669130548,1901,0,0,0
0.6707,66891,669140548,1919,0,0,0
0.6809,66892,669150548,1925,0,0,0
0.6907,66893,669160548,1952,0,0,0
0.7010,66894,669170548,1937,0,0,0
0.7108,66895,669180549,1968,0,0,0
0.7207,66896,669190548,1956,0,0,0
0.7308,66897,669200548,1949,0,0,0
0.7408,66898,669210548,1942,0,0,0
0.7508,66899,669220549,1927,0,0,0
0.7608,66900,669230548,1878,0,0,0
0.7707,66901,669240548,1870,0,0,0
0.7807,66902,669250548,1827,0,0,0
0.7908,66903,669260548,1821,0,0,0
0.8010,66904,669270548,1793,0,0,0
0.8109,66905,669280548,1808,0,0,0
0.8208,66906,669290548,1778,0,0,0
0.8306,66907,669300548,1787,0,0,0
0.8406,66908,669310548,1779,0,0,0
0.8509,66909,669320549,1806,0,0,0
0.8611,66910,669330549,1790,0,0,0
0.8708,66911,669340549,1817,0,0,0
0.8815,66912,669350549,1798,0,0,0
0.8908,66913,669360548,1815,0,0,0
0.9010,66914,669370548,1805,0,0,0
0.9108,66915,669380549,1823,0,0,0
0.9206,66916,669390548,1805,0,0,0
0.9309,66917,669400549,1830,0,0,0
0.9411,66918,669410549,1809,0,0,0
0.9507,66919,669420549,1828,0,0,0
0.9607,66920,669430548,1817,0,0,0
0.9714,66921,669440549,1825,0,0,0
0.9808,66922,669450549,1806,0,0,0
0.9908,66923,669460548,1812,0,0,0
1.0010,66924,669470548,1806,0,0,0
1.0107,66925,669480548,1821,0,0,0
1.0207,66926,669490548,1810,0,0,0
1.0309,66927,669500549,1818,0,0,0
1.0408,66928,669510548,1807,0,0,0
1.0507,66929,669520549,1811,0,0,0
1.0607,66930,669530548,1802,0,0,0
1.0707,66931,669540548,1823,0,0,0
1.0806,66932,669550549,1806,0,0,0
1.0909,66933,669560548,1870,0,0,0
1.1009,66934,669570548,1907,0,0,0
1.1107,66935,669580548,1932,0,0,0
1.1209,66936,669590548,1979,0,0,0
1.1309,66937,669600548,1937,0,0,0
1.1407,66938,669610548,1906,0,0,0
1.1510,66939,669620549,1898,0,0,0
1.1607,66940,669630548,1846,0,0,0
1.1708,66941,669640548,1815,0,0,0
1.1812,66942,669650548,1771,0,0,0
1.1908,66943,669660549,1759,0,0,0
1.2012,66944,669670549,1745,0,0,0
1.2106,66945,669680548,1749,0,0,0
1.2208,66946,669690548,1735,0,0,0
1.2310,66947,669700548,1751,0,0,0
1.2410,66948,669710548,1741,0,0,0
1.2508,66949,669720549,1833,0,0,0
1.2608,66950,669730548,1907,0,0,0
1.2710,66951,669740548,2263,0,0,0
1.2811,66952,669750548,2655,0,0,0
1.2907,66953,669760549,2139,0,0,0
1.3008,66954,669770548,1475,0,0,0
1.3107,66955,669780548,1409,0,0,0
1.3208,66956,669790548,1488,0,0,0
1.3309,66957,669800549,1648,0,0,0
1.3407,66958,669810549,1739,0,0,0
1.3507,66959,669820548,1767,0,0,0
1.3607,66960,669830548,1766,0,0,0
1.3713,66961,669840549,1803,0,0,0
1.3811,66962,669850548,1808,0,0,0
1.3908,66963,669860548,1808,0,0,0
1.4008,66964,669870548,1809,0,0,0
1.4107,66965,669880548,1824,0,0,0
1.4207,66966,669890548,1829,0,0,0
1.4311,66967,669900548,1840,0,0,0
1.4417,66968,669910548,1847,0,0,0
1.4507,66969,669920548,1867,0,0,0
1.4607,66970,669930548,1859,0,0,0
1.4708,66971,669940548,1879,0,0,0
1.4808,66972,669950548,1891,0,0,0
1.4907,66973,669960549,1907,0,0,0
1.5007,66974,669970549,1919,0,0,0
1.5109,66975,669980548,1936,0,0,0
1.5207,66976,669990548,1942,0,0,0
1.5315,66977,670000548,1957,0,0,0
1.5409,66978,670010548,1943,0,0,0
1.5508,66979,670020549,1951,0,0,0
1.5606,66980,670030549,1933,0,0,0
1.5709,66981,670040549,1907,0,0,0
1.5810,66982,670050549,1873,0,0,0
1.5906,66983,670060548,1843,0,0,0
1.6008,66984,670070548,1799,0,0,0
1.6107,66985,670080548,1790,0,0,0
1.6209,66986,670090548,1767,0,0,0
1.6311,66987,670100549,1770,0,0,0
1.6408,66988,670110548,1767,0,0,0
1.6509,66989,670120548,1773,0,0,0
1.6609,66990,670130548,1763,0,0,0
1.6707,66991,670140549,1770,0,0,0
1.6809,66992,670150549,1765,0,0,0
1.6908,66993,670160548,1786,0,0,0
1.7013,66994,670170549,1776,0,0,0
1.7108,66995,670180548,1791,0,0,0
1.7209,66996,670190548,1787,0,0,0
1.7308,66997,670200549,1808,0,0,0
1.7408,66998,670210549,1793,0,0,0
1.7510,66999,670220548,1810,0,0,0
1.7607,67000,670230549,1811,0,0,0
1.7708,67001,670240548,1823,0,0,0
1.7809,67002,670250548,1814,0,0,0
1.7908,67003,670260548,1813,0,0,0
1.8007,67004,670270548,1799,0,0,0
1.8111,67005,670280549,1809,0,0,0
1.8206,67006,670290549,1797,0,0,0
1.8309,67007,670300548,1802,0,0,0
1.8409,67008,670310549,1791,0,0,0
1.8507,67009,670320548,1808,0,0,0
1.8609,67010,670330549,1798,0,0,0
1.8708,67011,670340548,1808,0,0,0
1.8808,67012,670350548,1799,0,0,0
1.8909,67013,670360549,1802,0,0,0
1.9008,67014,670370548,1807,0,0,0
1.9108,67015,670380549,1808,0,0,0
1.9207,67016,670390549,1843,0,0,0
1.9309,67017,670400548,1906,0,0,0
1.9408,67018,670410548,1919,0,0,0
1.9509,67019,670420548,1981,0,0,0
1.9607,67020,670430548,1959,0,0,0
1.9712,67021,670440548,1926,0,0,0
1.9809,67022,670450548,1904,0,0,0
1.9911,67023,670460549,1867,0,0,0
2.0010,67024,670470549,1831,0,0,0
2.0107,67025,670480548,1797,0,0,0
2.0207,67026,670490548,1778,0,0,0
2.0307,67027,670500549,1775,0,0,0
2.0406,67028,670510549,1755,0,0,0
2.0509,67029,670520548,1765,0,0,0
2.0608,67030,670530548,1777,0,0,0
2.0708,67031,670540548,1778,0,0,0
2.0807,67032,670550548,1835,0,0,0
2.0908,67033,670560548,1921,0,0,0
2.1006,67034,670570548,2199,0,0,0
2.1107,67035,670580549,2689,0,0,0
2.1207,67036,670590548,2247,0,0,0
2.1310,67037,670600549,1633,0,0,0
2.1407,67038,670610548,1469,0,0,0
2.1507,67039,670620549,1515,0,0,0
2.1608,67040,670630548,1652,0,0,0
2.1708,67041,670640549,1776,0,0,0
2.1809,67042,670650548,1793,0,0,0
2.1915,67043,670660549,1813,0,0,0
2.2008,67044,670670549,1833,0,0,0
2.2107,67045,670680549,1842,0,0,0
2.2208,67046,670690549,1847,0,0,0
2.2308,67047,670700548,1865,0,0,0
2.2406,67048,670710548,1872,0,0,0
2.2508,67049,670720548,1873,0,0,0
2.2608,67050,670730548,1878,0,0,0
2.2707,67051,670740548,1886,0,0,0
2.2812,67052,670750548,1899,0,0,0
2.2906,67053,670760548,1904,0,0,0
2.3009,67054,670770548,1909,0,0,0
2.3108,67055,670780548,1920,0,0,0
2.3207,67056,670790548,1933,0,0,0
2.3312,67057,670800549,1957,0,0,0
2.3407,67058,670810549,1967,0,0,0
2.3508,67059,670820548,1968,0,0,0
2.3607,67060,670830548,1975,0,0,0
2.3709,67061,670840549,1985,0,0,0
2.3807,67062,670850548,1984,0,0,0
2.3908,67063,670860549,1968,0,0,0
2.4009,67064,670870549,1936,0,0,0
2.4106,67065,670880548,1904,0,0,0
2.4206,67066,670890548,1875,0,0,0
2.4306,67067,670900549,1843,0,0,0
2.4406,67068,670910548,1826,0,0,0
2.4519,67069,670920549,1813,0,0,0
2.4607,67070,670930548,1823,0,0,0
2.4707,67071,670940548,1805,0,0,0
2.4807,67072,670950548,1795,0,0,0
2.4907,67073,670960549,1795,0,0,0
2.5008,67074,670970548,1806,0,0,0
2.5108,67075,670980548,1808,0,0,0
2.5209,67076,670990548,1814,0,0,0
2.5307,67077,671000549,1821,0,0,0
2.5408,67078,671010549,1820,0,0,0
2.5507,67079,671020549,1829,0,0,0
2.5607,67080,671030548,1831,0,0,0
2.5707,67081,671040548,1824,0,0,0
2.5810,67082,671050548,1840,0,0,0
2.5908,67083,671060548,1843,0,0,0
2.6007,67084,671070548,1846,0,0,0
2.6107,67085,671080548,1838,0,0,0
2.6208,67086,671090548,1847,0,0,0
2.6312,67087,671100549,1840,0,0,0
2.6406,67088,671110548,1840,0,0,0
2.6508,67089,671120548,1825,0,0,0
2.6609,67090,671130548,1840,0,0,0
2.6709,67091,671140549,1837,0,0,0
2.6808,67092,671150548,1837,0,0,0
2.6906,67093,671160548,1821,0,0,0
2.7007,67094,671170549,1830,0,0,0
2.7107,67095,671180548,1842,0,0,0
2.7209,67096,671190548,1867,0,0,0
2.7307,67097,671200548,1923,0,0,0
2.7406,67098,671210548,1935,0,0,0
2.7508,67099,671220548,1949,0,0,0
2.7608,67100,671230548,1999,0,0,0
2.7709,67101,671240548,1953,0,0,0
2.7807,67102,671250548,1952,0,0,0
2.7908,67103,671260549,1883,0,0,0
2.8009,67104,671270548,1864,0,0,0
2.8109,67105,671280548,1825,0,0,0
2.8207,67106,671290548,1807,0,0,0
2.8307,67107,671300548,1782,0,0,0
2.8408,67108,671310549,1806,0,0,0
2.8508,67109,671320548,1799,0,0,0
2.8608,67110,671330549,1802,0,0,0
2.8709,67111,671340549,1799,0,0,0
2.8810,67112,671350548,1830,0,0,0
2.8908,67113,671360549,1920,0,0,0
2.9007,67114,671370548,2067,0,0,0
2.9108,67115,671380549,2643,0,0,0
2.9209,67116,671390548,2462,0,0,0
2.9308,67117,671400548,1904,0,0,0
2.9406,67118,671410548,1535,0,0,0
2.9516,67119,671420548,1503,0,0,0
2.9607,67120,671430548,1617,0,0,0
2.9709,67121,671440548,1765,0,0,0
2.9808,67122,671450548,1821,0,0,0
2.9909,67123,671460549,1821,0,0,0
3.0008,67124,671470549,1855,0,0,0
3.0106,67125,671480548,1863,0,0,0
3.0208,67126,671490548,1871,0,0,0
3.0311,67127,671500548,1863,0,0,0
3.0407,67128,671510548,1901,0,0,0
3.0506,67129,671520548,1879,0,0,0
3.0606,67130,671530548,1887,0,0,0
3.0708,67131,671540548,1895,0,0,0
3.0809,67132,671550548,1906,0,0,0
3.0908,67133,671560548,1904,0,0,0
3.1007,67134,671570548,1936,0,0,0
3.1108,67135,671580548,1919,0,0,0
3.1208,67136,671590548,1951,0,0,0
3.1308,67137,671600549,1947,0,0,0
3.1407,67138,671610548,1968,0,0,0
3.1509,67139,671620548,1982,0,0,0
3.1607,67140,671630548,1998,0,0,0
3.1708,67141,671640549,1968,0,0,0
3.1809,67142,671650548,1979,0,0,0
3.1908,67143,671660549,1979,0,0,0
3.2016,67144,671670548,1962,0,0,0
3.2108,67145,671680548,1936,0,0,0
3.2206,67146,671690548,1934,0,0,0
3.2309,67147,671700549,1893,0,0,0
3.2407,67148,671710549,1859,0,0,0
3.2507,67149,671720549,1867,0,0,0
3.2608,67150,671730548,1846,0,0,0
3.2708,67151,671740548,1827,0,0,0
3.2808,67152,671750548,1840,0,0,0
3.2906,67153,671760549,1841,0,0,0
3.3008,67154,671770548,1848,0,0,0
3.3106,67155,671780549,1840,0,0,0
3.3207,67156,671790549,1856,0,0,0
3.3308,67157,671800548,1823,0,0,0
3.3407,67158,671810548,1843,0,0,0
3.3507,67159,671820549,1842,0,0,0
3.3608,67160,671830548,1867,0,0,0
3.3707,67161,671840549,1846,0,0,0
3.3808,67162,671850548,1851,0,0,0
3.3907,67163,671860548,1845,0,0,0
3.4009,67164,671870548,1857,0,0,0
3.4109,67165,671880549,1837,0,0,0
3.4208,67166,671890548,1843,0,0,0
3.4308,67167,671900548,1855,0,0,0
3.4419,67168,671910548,1856,0,0,0
3.4522,67169,671920548,1840,0,0,0
3.4608,67170,671930548,1850,0,0,0
3.4709,67171,671940549,1825,0,0,0
3.4807,67172,671950548,1853,0,0,0
3.4908,67173,671960548,1828,0,0,0
3.5007,67174,671970548,1883,0,0,0
3.5107,67175,671980549,1914,0,0,0
3.5207,67176,671990548,1965,0,0,0
3.5312,67177,672000548,1979,0,0,0
3.5406,67178,672010549,2019,0,0,0
3.5508,67179,672020548,1965,0,0,0
3.5607,67180,672030548,1957,0,0,0
3.5710,67181,672040548,1907,0,0,0
3.5810,67182,672050548,1879,0,0,0
3.5909,67183,672060548,1831,0,0,0
3.6008,67184,672070548,1815,0,0,0
3.6108,67185,672080548,1779,0,0,0
3.6209,67186,672090548,1808,0,0,0
3.6309,67187,672100548,1775,0,0,0
3.6408,67188,672110548,1809,0,0,0
3.6508,67189,672120549,1796,0,0,0
3.6607,67190,672130548,1813,0,0,0
3.6707,67191,672140549,1927,0,0,0
3.6807,67192,672150549,2096,0,0,0
3.6906,67193,672160548,2623,0,0,0
3.7040,67194,672170548,2403,0,0,0
3.7118,67195,672180548,1814,0,0,0
3.7208,67196,672190549,1488,0,0,0
3.7307,67197,672200548,1457,0,0,0
3.7408,67198,672210548,1599,0,0,0
3.7508,67199,672220549,1728,0,0,0
3.7607,67200,672230549,1795,0,0,0
3.7708,67201,672240549,1808,0,0,0
3.7807,67202,672250548,1834,0,0,0
3.7907,67203,672260548,1839,0,0,0
3.8007,67204,672270548,1856,0,0,0
3.8108,67205,672280549,1840,0,0,0
3.8208,67206,672290548,1866,0,0,0
3.8310,67207,672300548,1840,0,0,0
3.8407,67208,672310548,1882,0,0,0
3.8508,67209,672320548,1870,0,0,0
3.8608,67210,672330548,1875,0,0,0
3.8707,67211,672340548,1878,0,0,0
3.8810,67212,672350548,1909,0,0,0
3.8907,67213,672360548,1901,0,0,0
3.9008,67214,672370548,1935,0,0,0
3.9106,67215,672380549,1932,0,0,0
3.9207,67216,672390548,1936,0,0,0
3.9309,67217,672400549,1937,0,0,0
3.9407,67218,672410549,1949,0,0,0
3.9508,67219,672420548,1933,0,0,0
3.9606,67220,672430548,1955,0,0,0
3.9708,67221,672440549,1919,0,0,0
3.9812,67222,672450549,1925,0,0,0
3.9909,67223,672460548,1919,0,0,0
4.0009,67224,672470548,1899,0,0,0
4.0108,67225,672480548,1850,0,0,0
4.0207,67226,672490548,1843,0,0,0
4.0307,67227,672500548,1822,0,0,0
4.0407,67228,672510548,1835,0,0,0
4.0508,67229,672520548,1834,0,0,0
4.0608,67230,672530548,1835,0,0,0
4.0709,67231,672540549,1801,0,0,0
4.0811,67232,672550549,1825,0,0,0
4.0907,67233,672560549,1813,0,0,0
4.1009,67234,672570549,1843,0,0,0
4.1108,67235,672580548,1810,0,0,0
4.1208,67236,672590548,1840,0,0,0
4.1310,67237,672600548,1834,0,0,0
4.1407,67238,672610548,1840,0,0,0
4.1508,67239,672620548,1825,0,0,0
4.1609,67240,672630548,1845,0,0,0
4.1709,67241,672640548,1819,0,0,0
4.1811,67242,672650548,1843,0,0,0
4.1907,67243,672660548,1823,0,0,0
4.2009,67244,672670548,1843,0,0,0
4.2109,67245,672680549,1821,0,0,0
4.2210,67246,672690548,1840,0,0,0
4.2308,67247,672700548,1824,0,0,0
4.2410,67248,672710548,1856,0,0,0
4.2508,67249,672720548,1859,0,0,0
4.2608,67250,672730548,1922,0,0,0
4.2709,67251,672740548,1919,0,0,0
4.2807,67252,672750548,2017,0,0,0
4.2907,67253,672760548,1984,0,0,0
4.3007,67254,672770548,1953,0,0,0
4.3107,67255,672780549,1932,0,0,0
4.3209,67256,672790548,1883,0,0,0
4.3309,67257,672800549,1823,0,0,0
4.3408,67258,672810548,1788,0,0,0
4.3506,67259,672820548,1749,0,0,0
4.3608,67260,672830548,1759,0,0,0
4.3707,67261,672840548,1745,0,0,0
4.3810,67262,672850548,1745,0,0,0
4.3907,67263,672860549,1744,0,0,0
4.4008,67264,672870549,1744,0,0,0
4.4108,67265,672880548,1790,0,0,0
4.4208,67266,672890548,1943,0,0,0
4.4309,67267,672900548,2128,0,0,0
4.4408,67268,672910548,2595,0,0,0
4.4510,67269,672920548,2191,0,0,0
4.4618,67270,672930549,1662,0,0,0
4.4709,67271,672940548,1385,0,0,0
4.4807,67272,672950549,1436,0,0,0
4.4907,67273,672960549,1583,0,0,0
4.5009,67274,672970549,1756,0,0,0
4.5107,67275,672980548,1777,0,0,0
4.5207,67276,672990548,1818,0,0,0
4.5312,67277,673000548,1824,0,0,0
4.5407,67278,673010549,1840,0,0,0
4.5510,67279,673020548,1833,0,0,0
4.5608,67280,673030548,1863,0,0,0
4.5707,67281,673040549,1855,0,0,0
4.5810,67282,673050548,1881,0,0,0
4.5908,67283,673060548,1870,0,0,0
4.6007,67284,673070548,1902,0,0,0
4.6107,67285,673080549,1879,0,0,0
4.6208,67286,673090548,1914,0,0,0
4.6311,67287,673100548,1901,0,0,0
4.6408,67288,673110548,1927,0,0,0
4.6509,67289,673120549,1922,0,0,0
4.6608,67290,673130549,1949,0,0,0
4.6707,67291,673140549,1951,0,0,0
4.6808,67292,673150548,1967,0,0,0
4.6906,67293,673160548,1938,0,0,0
4.7035,67294,673170548,1961,0,0,0
4.7107,67295,673180549,1920,0,0,0
4.7210,67296,673190549,1935,0,0,0
4.7306,67297,673200549,1918,0,0,0
4.7408,67298,673210549,1904,0,0,0
4.7509,67299,673220548,1855,0,0,0
4.7606,67300,673230548,1841,0,0,0
4.7708,67301,673240549,1811,0,0,0
4.7808,67302,673250548,1808,0,0,0
4.7906,67303,673260548,1799,0,0,0
4.8007,67304,673270548,1817,0,0,0
4.8107,67305,673280548,1797,0,0,0
4.8208,67306,673290548,1808,0,0,0
4.8313,67307,673300548,1789,0,0,0
4.8407,67308,673310548,1810,0,0,0
4.8509,67309,673320548,1795,0,0,0
4.8608,67310,673330549,1825,0,0,0
4.8707,67311,673340548,1809,0,0,0
4.8808,67312,673350548,1813,0,0,0
4.8907,67313,673360548,1813,0,0,0
4.9011,67314,673370548,1831,0,0,0
4.9106,67315,673380548,1805,0,0,0
4.9207,67316,673390548,1824,0,0,0
4.9308,67317,673400548,1807,0,0,0
4.9407,67318,673410548,1819,0,0,0
4.9508,67319,673420548,1806,0,0,0
4.9607,67320,673430548,1829,0,0,0
4.9711,67321,673440549,1808,0,0,0
4.9810,67322,673450549,1840,0,0,0
4.9907,67323,673460548,1878,0,0,0
5.0008,67324,673470549,1930,0,0,0
5.0109,67325,673480548,1941,0,0,0
5.0207,67326,673490548,2011,0,0,0
5.0309,67327,673500548,1929,0,0,0
5.0407,67328,673510548,1936,0,0,0
5.0507,67329,673520549,1875,0,0,0
5.0608,67330,673530548,1856,0,0,0
5.0708,67331,673540549,1776,0,0,0
5.0807,67332,673550548,1772,0,0,0
5.0906,67333,673560548,1734,0,0,0
5.1011,67334,673570548,1745,0,0,0
5.1107,67335,673580549,1745,0,0,0
5.1207,67336,673590548,1735,0,0,0
5.1308,67337,673600549,1731,0,0,0
5.1407,67338,673610548,1757,0,0,0
5.1507,67339,673620548,1866,0,0,0
5.1608,67340,673630549,1997,0,0,0
5.1707,67341,673640548,2470,0,0,0
5.1810,67342,673650548,2447,0,0,0
5.1919,67343,673660549,1868,0,0,0
5.2007,67344,673670548,1410,0,0,0
5.2108,67345,673680549,1349,0,0,0
5.2207,67346,673690548,1498,0,0,0
5.2307,67347,673700548,1649,0,0,0
5.2406,67348,673710548,1755,0,0,0
5.2507,67349,673720548,1765,0,0,0
5.2607,67350,673730548,1791,0,0,0
5.2708,67351,673740548,1782,0,0,0
5.2811,67352,673750548,1803,0,0,0
5.2907,67353,673760548,1808,0,0,0
5.3009,67354,673770548,1821,0,0,0
5.3107,67355,673780548,1806,0,0,0
5.3206,67356,673790549,1841,0,0,0
5.3312,67357,673800548,1837,0,0,0
5.3406,67358,673810548,1853,0,0,0
5.3507,67359,673820549,1843,0,0,0
5.3607,67360,673830549,1879,0,0,0
5.3708,67361,673840548,1870,0,0,0
5.3810,67362,673850548,1904,0,0,0
5.3908,67363,673860549,1901,0,0,0
5.4006,67364,673870548,1927,0,0,0
5.4107,67365,673880548,1929,0,0,0
5.4208,67366,673890548,1937,0,0,0
5.4308,67367,673900548,1934,0,0,0
5.4405,67368,673910548,1941,0,0,0
5.4529,67369,673920548,1926,0,0,0
5.4608,67370,673930548,1941,0,0,0
5.4708,67371,673940548,1899,0,0,0
5.4811,67372,673950548,1869,0,0,0
5.4906,67373,673960548,1814,0,0,0
5.5010,67374,673970548,1822,0,0,0
5.5109,67375,673980549,1791,0,0,0
5.5206,67376,673990549,1791,0,0,0
5.5309,67377,674000548,1775,0,0,0
5.5409,67378,674010548,1793,0,0,0
5.5506,67379,674020548,1770,0,0,0
5.5606,67380,674030548,1786,0,0,0
5.5707,67381,674040549,1788,0,0,0
5.5810,67382,674050548,1787,0,0,0
5.5909,67383,674060548,1756,0,0,0
5.6008,67384,674070548,1783,0,0,0
5.6106,67385,674080548,1795,0,0,0
5.6207,67386,674090548,1798,0,0,0
5.6311,67387,674100549,1790,0,0,0
5.6405,67388,674110548,1803,0,0,0
5.6509,67389,674120548,1797,0,0,0
5.6609,67390,674130548,1806,0,0,0
5.6707,67391,674140548,1795,0,0,0
5.6809,67392,674150548,1797,0,0,0
5.6915,67393,674160548,1802,0,0,0
5.7009,67394,674170548,1810,0,0,0
5.7106,67395,674180549,1808,0,0,0
5.7206,67396,674190548,1801,0,0,0
5.7307,67397,674200548,1796,0,0,0
5.7408,67398,674210549,1818,0,0,0
5.7507,67399,674220549,1815,0,0,0
5.7607,67400,674230548,1889,0,0,0
5.7707,67401,674240548,1915,0,0,0
5.7809,67402,674250548,1948,0,0,0
5.7907,67403,674260549,1998,0,0,0
5.8008,67404,674270548,1936,0,0,0
5.8107,67405,674280548,1921,0,0,0
5.8208,67406,674290549,1896,0,0,0
5.8308,67407,674300548,1837,0,0,0
5.8407,67408,674310548,1801,0,0,0
5.8507,67409,674320548,1768,0,0,0
5.8606,67410,674330548,1761,0,0,0
5.8706,67411,674340548,1743,0,0,0
5.8809,67412,674350548,1743,0,0,0
5.8906,67413,674360548,1741,0,0,0
5.9008,67414,674370549,1748,0,0,0
5.9108,67415,674380548,1744,0,0,0
5.9206,67416,674390549,1843,0,0,0
5.9307,67417,674400548,1959,0,0,0
5.9407,67418,674410548,2401,0,0,0
5.9507,67419,674420549,2515,0,0,0
5.9615,67420,674430548,1949,0,0,0
5.9708,67421,674440548,1452,0,0,0
5.9808,67422,674450548,1397,0,0,0
5.9910,67423,674460548,1501,0,0,0
6.0008,67424,674470548,1661,0,0,0
6.0110,67425,674480548,1759,0,0,0
6.0207,67426,674490549,1779,0,0,0
6.0312,67427,674500548,1787,0,0,0
6.0406,67428,674510549,1799,0,0,0
6.0507,67429,674520548,1811,0,0,0
6.0606,67430,674530548,1825,0,0,0
6.0707,67431,674540548,1827,0,0,0
6.0811,67432,674550548,1847,0,0,0
6.0906,67433,674560548,1843,0,0,0
6.1008,67434,674570548,1856,0,0,0
6.1107,67435,674580548,1865,0,0,0
6.1205,67436,674590548,1862,0,0,0
6.1309,67437,674600548,1882,0,0,0
6.1407,67438,674610548,1883,0,0,0
6.1507,67439,674620549,1891,0,0,0
6.1607,67440,674630549,1905,0,0,0
6.1708,67441,674640548,1909,0,0,0
6.1807,67442,674650548,1923,0,0,0
6.1907,67443,674660548,1923,0,0,0
6.2028,67444,674670548,1934,0,0,0
6.2136,67445,674680548,1931,0,0,0
6.2207,67446,674690548,1936,0,0,0
6.2308,67447,674700548,1919,0,0,0
6.2408,67448,674710548,1894,0,0,0
6.2506,67449,674720548,1869,0,0,0
6.2607,67450,674730548,1840,0,0,0
6.2707,67451,674740548,1813,0,0,0
6.2809,67452,674750548,1807,0,0,0
6.2909,67453,674760548,1778,0,0,0
6.3007,67454,674770548,1791,0,0,0
6.3108,67455,674780548,1789,0,0,0
6.3209,67456,674790548,1788,0,0,0
6.3309,67457,674800549,1794,0,0,0
6.3406,67458,674810548,1802,0,0,0
6.3507,67459,674820548,1792,0,0,0
6.3607,67460,674830548,1801,0,0,0
6.3708,67461,674840548,1805,0,0,0
6.3808,67462,674850548,1803,0,0,0
6.3907,67463,674860548,1808,0,0,0
6.4007,67464,674870548,1815,0,0,0
6.4107,67465,674880548,1823,0,0,0
6.4207,67466,674890548,1815,0,0,0
6.4308,67467,674900548,1818,0,0,0
6.4407,67468,674910548,1817,0,0,0
6.4509,67469,674920548,1814,0,0,0
6.4616,67470,674930548,1808,0,0,0
6.4708,67471,674940549,1809,0,0,0
6.4808,67472,674950548,1803,0,0,0
6.4907,67473,674960549,1811,0,0,0
6.5007,67474,674970548,1805,0,0,0
6.5107,67475,674980549,1799,0,0,0
6.5208,67476,674990548,1795,0,0,0
6.5307,67477,675000548,1811,0,0,0
6.5407,67478,675010548,1819,0,0,0
6.5507,67479,675020548,1874,0,0,0
6.5606,67480,675030548,1906,0,0,0
6.5707,67481,675040549,1942,0,0,0
6.5808,67482,675050548,1988,0,0,0
6.5907,67483,675060549,1934,0,0,0
6.6007,67484,675070548,1917,0,0,0
6.6108,67485,675080548,1872,0,0,0
6.6208,67486,675090548,1840,0,0,0
6.6308,67487,675100549,1801,0,0,0
6.6409,67488,675110548,1760,0,0,0
6.6510,67489,675120549,1744,0,0,0
6.6608,67490,675130548,1743,0,0,0
6.6708,67491,675140548,1743,0,0,0
6.6810,67492,675150549,1744,0,0,0
6.6906,67493,675160548,1743,0,0,0
6.7039,67494,675170549,1747,0,0,0
6.7108,67495,675180548,1869,0,0,0
6.7207,67496,675190548,1933,0,0,0
6.7308,67497,675200548,2441,0,0,0
6.7407,67498,675210548,2543,0,0,0
6.7508,67499,675220548,1951,0,0,0
6.7606,67500,675230548,1481,0,0,0
6.7708,67501,675240548,1429,0,0,0
6.7810,67502,675250548,1515,0,0,0
6.7908,67503,675260549,1680,0,0,0
6.8006,67504,675270548,1750,0,0,0
6.8107,67505,675280548,1773,0,0,0
6.8207,67506,675290549,1785,0,0,0
6.8308,67507,675300549,1809,0,0,0
6.8409,67508,675310548,1809,0,0,0
6.8508,67509,675320548,1837,0,0,0
6.8606,67510,675330549,1835,0,0,0
6.8706,67511,675340548,1853,0,0,0
6.8809,67512,675350548,1838,0,0,0
6.8909,67513,675360548,1860,0,0,0
6.9009,67514,675370549,1851,0,0,0
6.9109,67515,675380548,1871,0,0,0
6.9207,67516,675390548,1873,0,0,0
6.9308,67517,675400549,1898,0,0,0
6.9409,67518,675410548,1889,0,0,0
6.9506,67519,675420548,1919,0,0,0
6.9607,67520,675430548,1921,0,0,0
6.9713,67521,675440548,1939,0,0,0
6.9806,67522,675450548,1946,0,0,0
6.9909,67523,675460548,1959,0,0,0
7.0007,67524,675470548,1949,0,0,0
7.0106,67525,675480549,1964,0,0,0
7.0205,67526,675490548,1936,0,0,0
7.0308,67527,675500548,1918,0,0,0
7.0406,67528,675510548,1870,0,0,0
7.0506,67529,675520548,1845,0,0,0
7.0608,67530,675530548,1821,0,0,0
7.0707,67531,675540549,1810,0,0,0
7.0811,67532,675550549,1785,0,0,0
7.0906,67533,675560548,1797,0,0,0
7.1007,67534,675570549,1794,0,0,0
7.1108,67535,675580548,1795,0,0,0
7.1208,67536,675590549,1793,0,0,0
7.1310,67537,675600548,1808,0,0,0
7.1408,67538,675610548,1808,0,0,0
7.1509,67539,675620549,1836,0,0,0
7.1606,67540,675630549,1808,0,0,0
7.1707,67541,675640548,1825,0,0,0
7.1809,67542,675650548,1823,0,0,0
7.1908,67543,675660548,1839,0,0,0
7.2009,67544,675670549,1840,0,0,0
7.2110,67545,675680548,1866,0,0,0
7.2208,67546,675690549,1835,0,0,0
7.2306,67547,675700548,1854,0,0,0
7.2408,67548,675710548,1837,0,0,0
7.2506,67549,675720549,1851,0,0,0
7.2606,67550,675730549,1836,0,0,0
7.2708,67551,675740549,1840,0,0,0
7.2810,67552,675750548,1822,0,0,0
7.2906,67553,675760548,1847,0,0,0
7.3009,67554,675770548,1824,0,0,0
7.3107,67555,675780548,1840,0,0,0
7.3208,67556,675790548,1840,0,0,0
7.3308,67557,675800548,1855,0,0,0
7.3407,67558,675810548,1857,0,0,0
7.3509,67559,675820548,1938,0,0,0
7.3606,67560,675830548,1941,0,0,0
7.3707,67561,675840548,2001,0,0,0
7.3809,67562,675850548,2007,0,0,0
7.3908,67563,675860548,1984,0,0,0
7.4007,67564,675870548,1943,0,0,0
7.4107,67565,675880549,1909,0,0,0
7.4209,67566,675890549,1862,0,0,0
7.4309,67567,675900548,1840,0,0,0
7.4407,67568,675910548,1801,0,0,0
7.4521,67569,675920548,1808,0,0,0
7.4629,67570,675930548,1779,0,0,0
7.4706,67571,675940548,1803,0,0,0
7.4808,67572,675950548,1789,0,0,0
7.4908,67573,675960549,1783,0,0,0
7.5007,67574,675970549,1821,0,0,0
7.5108,67575,675980548,1939,0,0,0
7.5207,67576,675990548,2074,0,0,0
7.5308,67577,676000549,2652,0,0,0
7.5407,67578,676010548,2368,0,0,0
7.5507,67579,676020549,1805,0,0,0
7.5606,67580,676030548,1466,0,0,0
7.5707,67581,676040548,1506,0,0,0
7.5806,67582,676050549,1597,0,0,0
7.5906,67583,676060548,1770,0,0,0
7.6007,67584,676070548,1799,0,0,0
7.6107,67585,676080548,1832,0,0,0
7.6207,67586,676090548,1837,0,0,0
7.6312,67587,676100549,1857,0,0,0
7.6406,67588,676110549,1857,0,0,0
7.6508,67589,676120549,1872,0,0,0
7.6607,67590,676130549,1871,0,0,0
7.6706,67591,676140548,1885,0,0,0
7.6806,67592,676150548,1883,0,0,0
7.6906,67593,676160549,1895,0,0,0
7.7020,67594,676170548,1895,0,0,0
7.7111,67595,676180549,1915,0,0,0
7.7208,67596,676190548,1910,0,0,0
7.7308,67597,676200548,1904,0,0,0
7.7407,67598,676210548,1927,0,0,0
7.7507,67599,676220548,1970,0,0,0
7.7607,67600,676230548,1965,0,0,0
7.7707,67601,676240548,1970,0,0,0
7.7809,67602,676250548,1968,0,0,0
7.7906,67603,676260548,1979,0,0,0
7.8007,67604,676270549,1968,0,0,0
7.8106,67605,676280548,1995,0,0,0
7.8209,67606,676290548,1951,0,0,0
7.8309,67607,676300548,1936,0,0,0
7.8407,67608,676310549,1901,0,0,0
7.8507,67609,676320548,1879,0,0,0
7.8606,67610,676330548,1844,0,0,0
7.8707,67611,676340548,1849,0,0,0
7.8808,67612,676350548,1830,0,0,0
7.8908,67613,676360548,1854,0,0,0
7.9008,67614,676370549,1828,0,0,0
7.9105,67615,676380549,1837,0,0,0
7.9206,67616,676390548,1818,0,0,0
7.9307,67617,676400548,1839,0,0,0
7.9407,67618,676410548,1829,0,0,0
7.9526,67619,676420548,1847,0,0,0
7.9606,67620,676430548,1840,0,0,0
7.9708,67621,676440548,1852,0,0,0
7.9806,67622,676450548,1843,0,0,0
7.9908,67623,676460549,1845,0,0,0
8.0009,67624,676470548,1817,0,0,0
8.0108,67625,676480549,1865,0,0,0
8.0207,67626,676490549,1857,0,0,0
8.0307,67627,676500549,1847,0,0,0
8.0408,67628,676510548,1823,0,0,0
8.0506,67629,676520548,1857,0,0,0
8.0607,67630,676530548,1834,0,0,0
8.0706,67631,676540549,1852,0,0,0
8.0807,67632,676550548,1834,0,0,0
8.0906,67633,676560548,1861,0,0,0
8.1008,67634,676570548,1850,0,0,0
8.1107,67635,676580549,1857,0,0,0
8.1206,67636,676590548,1886,0,0,0
8.1306,67637,676600548,1945,0,0,0
8.1407,67638,676610548,1969,0,0,0
8.1506,67639,676620549,2024,0,0,0
8.1607,67640,676630548,1974,0,0,0
8.1706,67641,676640548,1966,0,0,0
8.1810,67642,676650548,1910,0,0,0
8.1907,67643,676660549,1903,0,0,0
8.2011,67644,676670549,1843,0,0,0
8.2116,67645,676680549,1809,0,0,0
8.2207,67646,676690548,1779,0,0,0
8.2307,67647,676700548,1781,0,0,0
8.2407,67648,676710548,1785,0,0,0
8.2508,67649,676720549,1793,0,0,0
8.2607,67650,676730549,1766,0,0,0
8.2707,67651,676740548,1789,0,0,0
8.2807,67652,676750549,1840,0,0,0
8.2905,67653,676760548,1951,0,0,0
8.3006,67654,676770548,2188,0,0,0
8.3107,67655,676780548,2654,0,0,0
8.3208,67656,676790548,2192,0,0,0
8.3308,67657,676800548,1648,0,0,0
8.3406,67658,676810548,1423,0,0,0
8.3507,67659,676820548,1485,0,0,0
8.3607,67660,676830548,1609,0,0,0
8.3708,67661,676840549,1777,0,0,0
8.3808,67662,676850549,1779,0,0,0
8.3907,67663,676860549,1818,0,0,0
8.4007,67664,676870548,1818,0,0,0
8.4106,67665,676880549,1846,0,0,0
8.4207,67666,676890548,1834,0,0,0
8.4308,67667,676900549,1871,0,0,0
8.4408,67668,676910548,1845,0,0,0
8.4506,67669,676920549,1868,0,0,0
8.4606,67670,676930549,1870,0,0,0
8.4706,67671,676940548,1877,0,0,0
8.4811,67672,676950548,1870,0,0,0
8.4906,67673,676960548,1901,0,0,0
8.5007,67674,676970548,1894,0,0,0
8.5108,67675,676980548,1905,0,0,0
8.5206,67676,676990548,1911,0,0,0
8.5306,67677,677000549,1939,0,0,0
8.5408,67678,677010549,1936,0,0,0
8.5506,67679,677020549,1946,0,0,0
8.5607,67680,677030548,1933,0,0,0
8.5707,67681,677040549,1957,0,0,0
8.5808,67682,677050548,1918,0,0,0
8.5906,67683,677060549,1954,0,0,0
8.6007,67684,677070548,1921,0,0,0
8.6106,67685,677080548,1900,0,0,0
8.6205,67686,677090548,1853,0,0,0
8.6308,67687,677100548,1856,0,0,0
8.6407,67688,677110548,1815,0,0,0
8.6506,67689,677120549,1835,0,0,0
8.6607,67690,677130548,1810,0,0,0
8.6707,67691,677140549,1838,0,0,0
8.6809,67692,677150549,1809,0,0,0
8.6906,67693,677160548,1831,0,0,0
8.7014,67694,677170548,1806,0,0,0
8.7107,67695,677180549,1845,0,0,0
8.7208,67696,677190548,1832,0,0,0
8.7306,67697,677200549,1851,0,0,0
8.7407,67698,677210548,1839,0,0,0
8.7508,67699,677220548,1851,0,0,0
8.7607,67700,677230548,1832,0,0,0
8.7707,67701,677240548,1863,0,0,0
8.7810,67702,677250548,1838,0,0,0
8.7907,67703,677260548,1854,0,0,0
8.8007,67704,677270548,1846,0,0,0
8.8108,67705,677280548,1840,0,0,0
8.8207,67706,677290548,1837,0,0,0
8.8308,67707,677300548,1842,0,0,0
8.8408,67708,677310548,1827,0,0,0
8.8508,67709,677320549,1846,0,0,0
8.8606,67710,677330548,1839,0,0,0
8.8707,67711,677340548,1841,0,0,0
8.8806,67712,677350549,1850,0,0,0
8.8907,67713,677360548,1941,0,0,0
8.9007,67714,677370548,1943,0,0,0
8.9107,67715,677380548,1999,0,0,0
8.9209,67716,677390548,2029,0,0,0
8.9308,67717,677400548,1970,0,0,0
8.9407,67718,677410548,1940,0,0,0
8.9515,67719,677420549,1894,0,0,0
8.9606,67720,677430549,1872,0,0,0
8.9707,67721,677440548,1813,0,0,0
8.9808,67722,677450548,1789,0,0,0
8.9909,67723,677460549,1783,0,0,0
9.0006,67724,677470548,1763,0,0,0
9.0106,67725,677480549,1776,0,0,0
9.0207,67726,677490548,1776,0,0,0
9.0307,67727,677500548,1773,0,0,0
9.0407,67728,677510548,1781,0,0,0
9.0507,67729,677520548,1939,0,0,0
9.0605,67730,677530548,2034,0,0,0
9.0708,67731,677540548,2559,0,0,0
9.0808,67732,677550548,2375,0,0,0
9.0907,67733,677560549,1797,0,0,0
9.1009,67734,677570548,1405,0,0,0
9.1107,67735,677580549,1413,0,0,0
9.1207,67736,677590549,1535,0,0,0
9.1310,67737,677600548,1717,0,0,0
9.1407,67738,677610549,1773,0,0,0
9.1507,67739,677620548,1802,0,0,0
9.1607,67740,677630548,1787,0,0,0
9.1707,67741,677640549,1820,0,0,0
9.1810,67742,677650548,1827,0,0,0
9.1907,67743,677660549,1847,0,0,0
9.2009,67744,677670548,1831,0,0,0
9.2107,67745,677680548,1846,0,0,0
9.2205,67746,677690549,1856,0,0,0
9.2307,67747,677700548,1870,0,0,0
9.2407,67748,677710548,1874,0,0,0
9.2507,67749,677720548,1888,0,0,0
9.2607,67750,677730548,1875,0,0,0
9.2706,67751,677740548,1906,0,0,0
9.2810,67752,677750548,1902,0,0,0
9.2907,67753,677760548,1924,0,0,0
9.3006,67754,677770548,1926,0,0,0
9.3107,67755,677780549,1938,0,0,0
9.3207,67756,677790549,1928,0,0,0
9.3309,67757,677800548,1937,0,0,0
9.3406,67758,677810548,1934,0,0,0
9.3507,67759,677820548,1933,0,0,0
9.3606,67760,677830548,1904,0,0,0
9.3705,67761,677840548,1888,0,0,0
9.3809,67762,677850549,1840,0,0,0
9.3907,67763,677860549,1840,0,0,0
9.4007,67764,677870549,1792,0,0,0
9.4108,67765,677880549,1789,0,0,0
9.4205,67766,677890548,1776,0,0,0
9.4307,67767,677900548,1776,0,0,0
9.4412,67768,677910549,1774,0,0,0
9.4533,67769,677920548,1792,0,0,0
9.4606,67770,677930548,1773,0,0,0
9.4707,67771,677940549,1777,0,0,0
9.4809,67772,677950549,1776,0,0,0
9.4907,67773,677960548,1803,0,0,0
9.5006,67774,677970548,1797,0,0,0
9.5107,67775,677980548,1798,0,0,0
9.5207,67776,677990548,1799,0,0,0
9.5311,67777,678000549,1802,0,0,0
9.5407,67778,678010549,1794,0,0,0
9.5508,67779,678020548,1808,0,0,0
9.5606,67780,678030548,1798,0,0,0
9.5707,67781,678040549,1806,0,0,0
9.5807,67782,678050549,1796,0,0,0
9.5907,67783,678060548,1793,0,0,0
9.6006,67784,678070549,1799,0,0,0
9.6106,67785,678080548,1808,0,0,0
9.6206,67786,678090548,1799,0,0,0
9.6309,67787,678100549,1807,0,0,0
9.6406,67788,678110548,1798,0,0,0
9.6507,67789,678120548,1797,0,0,0
9.6607,67790,678130549,1850,0,0,0
9.6708,67791,678140549,1906,0,0,0
9.6809,67792,678150548,1921,0,0,0
9.6919,67793,678160549,1986,0,0,0
9.7008,67794,678170548,1947,0,0,0
9.7106,67795,678180549,1934,0,0,0
9.7207,67796,678190548,1886,0,0,0
9.7306,67797,678200548,1861,0,0,0
9.7406,67798,678210548,1814,0,0,0
9.7507,67799,678220549,1776,0,0,0
9.7608,67800,678230548,1753,0,0,0
9.7707,67801,678240548,1759,0,0,0
9.7807,67802,678250548,1743,0,0,0
9.7908,67803,678260549,1744,0,0,0
9.8007,67804,678270548,1741,0,0,0
9.8105,67805,678280548,1744,0,0,0
9.8207,67806,678290548,1795,0,0,0
9.8307,67807,678300548,1915,0,0,0
9.8407,67808,678310548,2111,0,0,0
9.8507,67809,678320548,2608,0,0,0
9.8606,67810,678330548,2225,0,0,0
9.8705,67811,678340548,1627,0,0,0
9.8807,67812,678350548,1389,0,0,0
9.8907,67813,678360548,1427,0,0,0
9.9005,67814,678370548,1579,0,0,0
9.9107,67815,678380549,1731,0,0,0
9.9207,67816,678390548,1746,0,0,0
9.9307,67817,678400548,1780,0,0,0
9.9408,67818,678410548,1783,0,0,0
9.9516,67819,678420549,1797,0,0,0
9.9606,67820,678430548,1809,0,0,0
9.9712,67821,678440549,1824,0,0,0
9.9807,67822,678450549,1829,0,0,0
9.9907,67823,678460548,1831,0,0,0
10.0008,67824,678470548,1846,0,0,0
10.0107,67825,678480548,1853,0,0,0
10.0218,67826,678490548,1854,0,0,0
10.0355,67827,678500549,1870,0,0,0
10.0404,67828,678510548,1872,0,0,0
10.0506,67829,678520548,1890,0,0,0
10.0607,67830,678530548,1901,0,0,0
10.0709,67831,678540548,1920,0,0,0
10.0813,67832,678550548,1933,0,0,0
10.0906,67833,678560549,1935,0,0,0
10.1007,67834,678570548,1918,0,0,0
10.1106,67835,678580549,1918,0,0,0
10.1208,67836,678590548,1924,0,0,0
10.1309,67837,678600548,1921,0,0,0
10.1406,67838,678610548,1898,0,0,0
10.1507,67839,678620549,1870,0,0,0
10.1605,67840,678630548,1843,0,0,0
10.1710,67841,678640549,1812,0,0,0
10.1809,67842,678650549,1796,0,0,0
10.1948,67843,678660548,1788,0,0,0
10.2016,67844,678670548,1785,0,0,0
10.2155,67845,678680549,1773,0,0,0
10.2209,67846,678690549,1777,0,0,0
10.2305,67847,678700549,1769,0,0,0
10.2407,67848,678710548,1776,0,0,0
10.2530,67849,678720548,1782,0,0,0
10.2611,67850,678730548,1779,0,0,0
10.2707,67851,678740548,1786,0,0,0
10.2807,67852,678750548,1791,0,0,0
10.2906,67853,678760548,1799,0,0,0
10.3009,67854,678770548,1805,0,0,0
10.3105,67855,678780548,1815,0,0,0
10.3206,67856,678790548,1814,0,0,0
10.3309,67857,678800548,1811,0,0,0
10.3406,67858,678810548,1809,0,0,0
10.3506,67859,678820548,1810,0,0,0
10.3606,67860,678830548,1810,0,0,0
10.3738,67861,678840548,1808,0,0,0
10.3809,67862,678850548,1811,0,0,0
10.3918,67863,678860548,1809,0,0,0
10.4011,67864,678870548,1806,0,0,0
10.4108,67865,678880548,1776,0,0,0
10.4233,67866,678890548,1808,0,0,0
10.4309,67867,678900549,1798,0,0,0
10.4409,67868,678910548,1805,0,0,0
10.4505,67869,678920549,1809,0,0,0
10.4606,67870,678930548,1813,0,0,0
10.4705,67871,678940549,1824,0,0,0
10.4808,67872,678950549,1893,0,0,0
10.4905,67873,678960548,1902,0,0,0
10.5006,67874,678970548,1938,0,0,0
10.5105,67875,678980549,1968,0,0,0
10.5207,67876,678990548,1916,0,0,0
10.5307,67877,679000548,1914,0,0,0
10.5405,67878,679010548,1870,0,0,0
10.5517,67879,679020548,1840,0,0,0
10.5614,67880,679030548,1807,0,0,0
10.5739,67881,679040549,1760,0,0,0
10.5853,67882,679050548,1755,0,0,0
10.5905,67883,679060549,1750,0,0,0
10.6046,67884,679070548,1755,0,0,0
10.6106,67885,679080548,1745,0,0,0
10.6205,67886,679090548,1762,0,0,0
10.6308,67887,679100549,1759,0,0,0
10.6405,67888,679110548,1872,0,0,0
10.6506,67889,679120548,1946,0,0,0
10.6605,67890,679130548,2455,0,0,0
10.6707,67891,679140549,2531,0,0,0
10.6807,67892,679150549,1921,0,0,0
10.6912,67893,679160548,1458,0,0,0
10.7073,67894,679170548,1424,0,0,0
10.7166,67895,679180548,1520,0,0,0
10.7205,67896,679190548,1683,0,0,0
10.7340,67897,679200549,1751,0,0,0
10.7421,67898,679210548,1776,0,0,0
10.7512,67899,679220548,1776,0,0,0
10.7605,67900,679230548,1802,0,0,0
10.7711,67901,679240548,1808,0,0,0
10.7809,67902,679250548,1841,0,0,0
10.7906,67903,679260549,1834,0,0,0
10.8008,67904,679270549,1843,0,0,0
10.8106,67905,679280548,1845,0,0,0
10.8206,67906,679290548,1865,0,0,0
10.8308,67907,679300549,1871,0,0,0
10.8405,67908,679310548,1886,0,0,0
10.8506,67909,679320548,1877,0,0,0
10.8606,67910,679330548,1895,0,0,0
10.8708,67911,679340549,1898,0,0,0
10.8808,67912,679350548,1927,0,0,0
10.8907,67913,679360549,1931,0,0,0
10.9007,67914,679370549,1943,0,0,0
10.9107,67915,679380548,1945,0,0,0
10.9207,67916,679390548,1963,0,0,0
10.9308,67917,679400548,1947,0,0,0
10.9405,67918,679410548,1952,0,0,0
10.9507,67919,679420549,1921,0,0,0
10.9607,67920,679430548,1899,0,0,0
10.9708,67921,679440549,1856,0,0,0
10.9806,67922,679450548,1843,0,0,0
10.9907,67923,679460548,1811,0,0,0
11.0007,67924,679470548,1797,0,0,0
11.0107,67925,679480549,1781,0,0,0
11.0206,67926,679490548,1795,0,0,0
11.0310,67927,679500549,1776,0,0,0
11.0406,67928,679510549,1794,0,0,0
11.0506,67929,679520548,1776,0,0,0
11.0606,67930,679530548,1802,0,0,0
11.0708,67931,679540548,1792,0,0,0
11.0809,67932,679550548,1809,0,0,0
11.0906,67933,679560549,1806,0,0,0
11.1006,67934,679570548,1822,0,0,0
11.1106,67935,679580549,1818,0,0,0
11.1207,67936,679590548,1837,0,0,0
11.1309,67937,679600549,1818,0,0,0
11.1405,67938,679610548,1827,0,0,0
11.1507,67939,679620549,1823,0,0,0
11.1606,67940,679630549,1847,0,0,0
11.1707,67941,679640548,1837,0,0,0
11.1809,67942,679650548,1839,0,0,0
11.1906,67943,679660548,1840,0,0,0
11.2023,67944,679670548,1842,0,0,0
11.2107,67945,679680548,1813,0,0,0
11.2206,67946,679690548,1840,0,0,0
11.2306,67947,679700548,1814,0,0,0
11.2406,67948,679710548,1830,0,0,0
11.2506,67949,679720548,1821,0,0,0
11.2606,67950,679730548,1838,0,0,0
11.2708,67951,679740549,1823,0,0,0
11.2807,67952,679750548,1840,0,0,0
11.2905,67953,679760548,1827,0,0,0
11.3006,67954,679770548,1861,0,0,0
11.3106,67955,679780549,1873,0,0,0
11.3207,67956,679790549,1937,0,0,0
11.3307,67957,679800548,1943,0,0,0
11.3406,67958,679810548,1998,0,0,0
11.3505,67959,679820549,1958,0,0,0
11.3607,67960,679830549,1948,0,0,0
11.3708,67961,679840548,1909,0,0,0
11.3807,67962,679850548,1883,0,0,0
11.3906,67963,679860548,1843,0,0,0
11.4008,67964,679870548,1818,0,0,0
11.4107,67965,679880548,1790,0,0,0
11.4207,67966,679890548,1795,0,0,0
11.4310,67967,679900549,1773,0,0,0
11.4406,67968,679910548,1807,0,0,0
11.4525,67969,679920548,1781,0,0,0
11.4606,67970,679930548,1808,0,0,0
11.4710,67971,679940549,1840,0,0,0
11.4811,67972,679950549,1937,0,0,0
11.4905,67973,679960548,2184,0,0,0
11.5010,67974,679970548,2690,0,0,0
11.5106,67975,679980548,2259,0,0,0
11.5206,67976,679990549,1683,0,0,0
11.5308,67977,680000548,1472,0,0,0
11.5406,67978,680010549,1527,0,0,0
11.5505,67979,680020548,1643,0,0,0
11.5606,67980,680030548,1782,0,0,0
11.5707,67981,680040549,1806,0,0,0
11.5807,67982,680050548,1827,0,0,0
11.5905,67983,680060548,1839,0,0,0
11.6007,67984,680070548,1862,0,0,0
11.6105,67985,680080548,1853,0,0,0
11.6205,67986,680090549,1878,0,0,0
11.6306,67987,680100548,1872,0,0,0
11.6405,67988,680110548,1895,0,0,0
11.6506,67989,680120548,1879,0,0,0
11.6607,67990,680130548,1918,0,0,0
11.6707,67991,680140548,1892,0,0,0
11.6808,67992,680150548,1906,0,0,0
11.6923,67993,680160548,1905,0,0,0
11.7014,67994,680170548,1942,0,0,0
11.7106,67995,680180548,1943,0,0,0
11.7207,67996,680190548,1967,0,0,0
11.7306,67997,680200549,1962,0,0,0
11.7405,67998,680210549,1979,0,0,0
11.7506,67999,680220548,1967,0,0,0
11.7605,68000,680230548,1988,0,0,0
11.7706,68001,680240548,1978,0,0,0
11.7810,68002,680250548,1974,0,0,0
11.7905,68003,680260549,1936,0,0,0
11.8007,68004,680270548,1921,0,0,0
11.8108,68005,680280549,1875,0,0,0
11.8206,68006,680290549,1870,0,0,0
11.8307,68007,680300548,1834,0,0,0
11.8405,68008,680310548,1843,0,0,0
11.8511,68009,680320549,1822,0,0,0
11.8607,68010,680330548,1826,0,0,0
11.8706,68011,680340549,1808,0,0,0
11.8807,68012,680350548,1831,0,0,0
11.8906,68013,680360549,1821,0,0,0
11.9007,68014,680370549,1835,0,0,0
11.9106,68015,680380548,1822,0,0,0
11.9206,68016,680390549,1842,0,0,0
11.9306,68017,680400548,1834,0,0,0
11.9407,68018,680410549,1839,0,0,0
11.9525,68019,680420548,1828,0,0,0
11.9608,68020,680430549,1856,0,0,0
11.9707,68021,680440548,1849,0,0,0
11.9809,68022,680450548,1859,0,0,0
11.9907,68023,680460549,1834,0,0,0
12.0005,68024,680470548,1843,0,0,0
12.0109,68025,680480548,1830,0,0,0
12.0206,68026,680490549,1846,0,0,0
12.0309,68027,680500548,1840,0,0,0
12.0407,68028,680510548,1840,0,0,0
12.0506,68029,680520549,1819,0,0,0
12.0606,68030,680530548,1843,0,0,0
12.0707,68031,680540548,1810,0,0,0
12.0809,68032,680550548,1840,0,0,0
12.0905,68033,680560548,1825,0,0,0
12.1007,68034,680570548,1842,0,0,0
12.1106,68035,680580548,1831,0,0,0
12.1208,68036,680590548,1855,0,0,0
12.1311,68037,680600548,1888,0,0,0
12.1406,68038,680610548,1931,0,0,0
12.1505,68039,680620548,1948,0,0,0
12.1606,68040,680630548,1994,0,0,0
12.1705,68041,680640548,1927,0,0,0
12.1807,68042,680650548,1939,0,0,0
12.1907,68043,680660549,1863,0,0,0
12.2023,68044,680670549,1869,0,0,0
12.2106,68045,680680548,1810,0,0,0
12.2207,68046,680690548,1806,0,0,0
12.2308,68047,680700548,1763,0,0,0
12.2408,68048,680710548,1789,0,0,0
12.2506,68049,680720549,1767,0,0,0
12.2606,68050,680730549,1785,0,0,0
12.2706,68051,680740548,1771,0,0,0
12.2807,68052,680750548,1789,0,0,0
12.2907,68053,680760549,1872,0,0,0
12.3009,68054,680770549,1980,0,0,0
12.3107,68055,680780548,2438,0,0,0
12.3206,68056,680790548,2559,0,0,0
12.3306,68057,680800548,1997,0,0,0
12.3406,68058,680810548,1523,0,0,0
12.3505,68059,680820548,1432,0,0,0
12.3607,68060,680830548,1535,0,0,0
12.3708,68061,680840549,1671,0,0,0
12.3807,68062,680850548,1797,0,0,0
12.3906,68063,680860549,1803,0,0,0
12.4008,68064,680870548,1814,0,0,0
12.4106,68065,680880548,1824,0,0,0
12.4205,68066,680890548,1841,0,0,0
12.4308,68067,680900548,1829,0,0,0
12.4407,68068,680910548,1859,0,0,0
12.4509,68069,680920549,1861,0,0,0
12.4606,68070,680930548,1861,0,0,0
12.4706,68071,680940549,1857,0,0,0
12.4808,68072,680950548,1877,0,0,0
12.4905,68073,680960548,1866,0,0,0
12.5008,68074,680970548,1906,0,0,0
12.5106,68075,680980548,1897,0,0,0
12.5207,68076,680990549,1904,0,0,0
12.5306,68077,681000549,1898,0,0,0
12.5406,68078,681010549,1923,0,0,0
12.5506,68079,681020548,1905,0,0,0
12.5606,68080,681030548,1942,0,0,0
12.5706,68081,681040548,1919,0,0,0
12.5807,68082,681050548,1931,0,0,0
12.5906,68083,681060548,1911,0,0,0
12.6008,68084,681070548,1918,0,0,0
12.6108,68085,681080548,1872,0,0,0
12.6205,68086,681090548,1867,0,0,0
12.6306,68087,681100548,1839,0,0,0
12.6406,68088,681110548,1830,0,0,0
12.6505,68089,681120548,1801,0,0,0
12.6606,68090,681130548,1813,0,0,0
12.6707,68091,681140548,1794,0,0,0
12.6808,68092,681150548,1815,0,0,0
12.6905,68093,681160548,1804,0,0,0
12.7019,68094,681170549,1824,0,0,0
12.7105,68095,681180548,1791,0,0,0
12.7206,68096,681190548,1831,0,0,0
12.7307,68097,681200549,1825,0,0,0
12.7405,68098,681210548,1827,0,0,0
12.7506,68099,681220548,1819,0,0,0
12.7606,68100,681230548,1855,0,0,0
12.7707,68101,681240548,1825,0,0,0
12.7807,68102,681250548,1844,0,0,0
12.7906,68103,681260548,1831,0,0,0
12.8007,68104,681270548,1831,0,0,0
12.8107,68105,681280548,1825,0,0,0
12.8207,68106,681290548,1842,0,0,0
12.8306,68107,681300549,1819,0,0,0
12.8405,68108,681310549,1834,0,0,0
12.8506,68109,681320549,1821,0,0,0
12.8606,68110,681330548,1830,0,0,0
12.8705,68111,681340548,1828,0,0,0
12.8807,68112,681350548,1840,0,0,0
12.8905,68113,681360548,1817,0,0,0
12.9010,68114,681370548,1826,0,0,0
12.9106,68115,681380549,1856,0,0,0
12.9206,68116,681390548,1930,0,0,0
12.9308,68117,681400549,1937,0,0,0
12.9407,68118,681410549,1980,0,0,0
12.9504,68119,681420548,1968,0,0,0
12.9606,68120,681430548,1943,0,0,0
12.9707,68121,681440549,1914,0,0,0
12.9806,68122,681450548,1874,0,0,0
12.9909,68123,681460548,1831,0,0,0
13.0007,68124,681470548,1791,0,0,0
13.0105,68125,681480548,1755,0,0,0
13.0206,68126,681490548,1776,0,0,0
13.0306,68127,681500548,1759,0,0,0
13.0405,68128,681510548,1760,0,0,0
13.0505,68129,681520548,1738,0,0,0
13.0606,68130,681530548,1763,0,0,0
13.0707,68131,681540549,1791,0,0,0
13.0806,68132,681550549,1915,0,0,0
13.0906,68133,681560548,2064,0,0,0
13.1008,68134,681570548,2607,0,0,0
13.1106,68135,681580548,2279,0,0,0
13.1206,68136,681590548,1735,0,0,0
13.1307,68137,681600548,1397,0,0,0
13.1406,68138,681610548,1451,0,0,0
13.1505,68139,681620549,1535,0,0,0
13.1606,68140,681630548,1718,0,0,0
13.1706,68141,681640549,1773,0,0,0
13.1805,68142,681650548,1783,0,0,0
13.1905,68143,681660548,1791,0,0,0
13.2011,68144,681670548,1808,0,0,0
13.2120,68145,681680548,1818,0,0,0
13.2206,68146,681690548,1829,0,0,0
13.2305,68147,681700548,1805,0,0,0
13.2407,68148,681710548,1840,0,0,0
13.2506,68149,681720548,1846,0,0,0
13.2605,68150,681730548,1851,0,0,0
13.2707,68151,681740548,1845,0,0,0
13.2806,68152,681750548,1874,0,0,0
13.2905,68153,681760549,1875,0,0,0
13.3008,68154,681770548,1882,0,0,0
13.3106,68155,681780549,1885,0,0,0
13.3206,68156,681790548,1904,0,0,0
13.3307,68157,681800548,1917,0,0,0
13.3406,68158,681810548,1923,0,0,0
13.3505,68159,681820548,1895,0,0,0
13.3606,68160,681830548,1935,0,0,0
13.3707,68161,681840548,1926,0,0,0
13.3807,68162,681850548,1912,0,0,0
13.3906,68163,681860548,1905,0,0,0
13.4008,68164,681870548,1873,0,0,0
13.4106,68165,681880548,1844,0,0,0
13.4206,68166,681890549,1824,0,0,0
13.4306,68167,681900548,1799,0,0,0
13.4404,68168,681910548,1798,0,0,0
13.4505,68169,681920548,1776,0,0,0
13.4606,68170,681930548,1793,0,0,0
13.4707,68171,681940548,1781,0,0,0
13.4807,68172,681950548,1799,0,0,0
13.4906,68173,681960549,1777,0,0,0
13.5007,68174,681970548,1795,0,0,0
13.5106,68175,681980549,1810,0,0,0
13.5205,68176,681990548,1805,0,0,0
13.5307,68177,682000548,1807,0,0,0
13.5406,68178,682010548,1788,0,0,0
13.5505,68179,682020549,1802,0,0,0
13.5605,68180,682030548,1820,0,0,0
13.5708,68181,682040549,1802,0,0,0
13.5808,68182,682050549,1816,0,0,0
13.5907,68183,682060548,1805,0,0,0
13.6007,68184,682070548,1812,0,0,0
13.6106,68185,682080549,1808,0,0,0
13.6205,68186,682090549,1808,0,0,0
13.6307,68187,682100548,1803,0,0,0
13.6405,68188,682110548,1805,0,0,0
13.6506,68189,682120549,1798,0,0,0
13.6608,68190,682130548,1809,0,0,0
13.6706,68191,682140549,1806,0,0,0
13.6806,68192,682150548,1808,0,0,0
13.6907,68193,682160548,1795,0,0,0
13.7044,68194,682170548,1808,0,0,0
13.7105,68195,682180549,1861,0,0,0
13.7205,68196,682190548,1909,0,0,0
13.7306,68197,682200549,1919,0,0,0
13.7404,68198,682210548,1979,0,0,0
13.7506,68199,682220548,1943,0,0,0
13.7606,68200,682230548,1923,0,0,0
13.7705,68201,682240548,1887,0,0,0
13.7806,68202,682250548,1853,0,0,0
13.7905,68203,682260548,1811,0,0,0
13.8008,68204,682270548,1786,0,0,0
13.8110,68205,682280548,1762,0,0,0
13.8207,68206,682290548,1759,0,0,0
13.8306,68207,682300548,1757,0,0,0
13.8407,68208,682310548,1759,0,0,0
13.8505,68209,682320548,1756,0,0,0
13.8607,68210,682330549,1759,0,0,0
13.8706,68211,682340548,1838,0,0,0
13.8806,68212,682350548,1937,0,0,0
13.8905,68213,682360549,2192,0,0,0
13.9008,68214,682370548,2615,0,0,0
13.9106,68215,682380549,2154,0,0,0
13.9205,68216,682390549,1583,0,0,0
13.9306,68217,682400548,1399,0,0,0
13.9406,68218,682410548,1470,0,0,0
13.9543,68219,682420549,1606,0,0,0
13.9608,68220,682430548,1745,0,0,0
13.9707,68221,682440548,1767,0,0,0
13.9830,68222,682450548,1787,0,0,0
13.9907,68223,682460549,1795,0,0,0
14.0006,68224,682470548,1813,0,0,0
14.0108,68225,682480549,1814,0,0,0
14.0211,68226,682490549,1823,0,0,0
14.0305,68227,682500549,1837,0,0,0
14.0407,68228,682510548,1845,0,0,0
14.0506,68229,682520549,1849,0,0,0
14.0605,68230,682530548,1867,0,0,0
14.0707,68231,682540548,1863,0,0,0
14.0807,68232,682550549,1872,0,0,0
14.0906,68233,682560548,1882,0,0,0
14.1006,68234,682570548,1904,0,0,0
14.1105,68235,682580548,1911,0,0,0
14.1205,68236,682590548,1932,0,0,0
14.1306,68237,682600548,1938,0,0,0
14.1405,68238,682610548,1945,0,0,0
14.1506,68239,682620548,1946,0,0,0
14.1607,68240,682630548,1955,0,0,0
14.1706,68241,682640549,1947,0,0,0
14.1806,68242,682650548,1932,0,0,0
14.1906,68243,682660548,1907,0,0,0
14.2009,68244,682670548,1877,0,0,0
14.2105,68245,682680548,1855,0,0,0
14.2205,68246,682690548,1822,0,0,0
14.2305,68247,682700548,1806,0,0,0
14.2405,68248,682710548,1792,0,0,0
14.2506,68249,682720548,1788,0,0,0
14.2605,68250,682730548,1781,0,0,0
14.2706,68251,682740548,1774,0,0,0
14.2809,68252,682750548,1778,0,0,0
14.2905,68253,682760548,1794,0,0,0
14.3007,68254,682770548,1781,0,0,0
14.3108,68255,682780549,1785,0,0,0
14.3206,68256,682790548,1807,0,0,0
14.3306,68257,682800548,1805,0,0,0
14.3407,68258,682810548,1799,0,0,0
14.3505,68259,682820548,1810,0,0,0
14.3605,68260,682830548,1810,0,0,0
14.3707,68261,682840548,1810,0,0,0
14.3807,68262,682850548,1797,0,0,0
14.3906,68263,682860548,1805,0,0,0
14.4006,68264,682870548,1805,0,0,0
14.4105,68265,682880549,1808,0,0,0
14.4205,68266,682890548,1803,0,0,0
14.4306,68267,682900549,1808,0,0,0
14.4407,68268,682910548,1791,0,0,0
14.4506,68269,682920549,1805,0,0,0
14.4606,68270,682930548,1803,0,0,0
14.4705,68271,682940548,1810,0,0,0
14.4807,68272,682950548,1797,0,0,0
14.4907,68273,682960549,1810,0,0,0
14.5006,68274,682970548,1806,0,0,0
14.5106,68275,682980548,1809,0,0,0
14.5207,68276,682990548,1809,0,0,0
14.5306,68277,683000549,1824,0,0,0
14.5405,68278,683010549,1843,0,0,0
14.5506,68279,683020548,1921,0,0,0
14.5606,68280,683030548,1927,0,0,0
14.5706,68281,683040549,1962,0,0,0
14.5809,68282,683050549,1953,0,0,0
14.5907,68283,683060548,1923,0,0,0
14.6007,68284,683070548,1903,0,0,0
14.6108,68285,683080548,1852,0,0,0
14.6206,68286,683090549,1808,0,0,0
14.6305,68287,683100548,1758,0,0,0
14.6406,68288,683110548,1711,0,0,0
14.6506,68289,683120549,1703,0,0,0
14.6606,68290,683130549,1687,0,0,0
14.6707,68291,683140548,1687,0,0,0
14.6808,68292,683150548,1689,0,0,0
14.6907,68293,683160549,1702,0,0,0
14.7032,68294,683170549,1731,0,0,0
14.7106,68295,683180548,1851,0,0,0
14.7207,68296,683190548,2018,0,0,0
14.7305,68297,683200548,2559,0,0,0
14.7405,68298,683210548,2239,0,0,0
14.7507,68299,683220549,1604,0,0,0
14.7607,68300,683230548,1364,0,0,0
14.7705,68301,683240549,1407,0,0,0
14.7808,68302,683250549,1519,0,0,0
14.7906,68303,683260549,1680,0,0,0
14.8005,68304,683270549,1700,0,0,0
14.8107,68305,683280548,1733,0,0,0
14.8206,68306,683290549,1731,0,0,0
14.8307,68307,683300548,1750,0,0,0
14.8404,68308,683310548,1750,0,0,0
14.8506,68309,683320548,1783,0,0,0
14.8607,68310,683330548,1776,0,0,0
14.8706,68311,683340548,1791,0,0,0
14.8806,68312,683350548,1791,0,0,0
14.8905,68313,683360548,1805,0,0,0
14.9009,68314,683370549,1810,0,0,0
14.9105,68315,683380549,1835,0,0,0
14.9205,68316,683390548,1833,0,0,0
14.9308,68317,683400548,1856,0,0,0
14.9406,68318,683410548,1862,0,0,0
14.9509,68319,683420549,1894,0,0,0
14.9621,68320,683430549,1897,0,0,0
14.9707,68321,683440548,1931,0,0,0
14.9807,68322,683450548,1910,0,0,0
14.9908,68323,683460549,1933,0,0,0
15.0012,68324,683470548,1922,0,0,0
15.0112,68325,683480549,1923,0,0,0
15.0209,68326,683490548,1894,0,0,0
15.0308,68327,683500549,1872,0,0,0
15.0405,68328,683510549,1837,0,0,0
15.0509,68329,683520549,1819,0,0,0
15.0605,68330,683530548,1778,0,0,0
15.0705,68331,683540549,1789,0,0,0
15.0807,68332,683550548,1776,0,0,0
15.0905,68333,683560549,1791,0,0,0
15.1005,68334,683570548,1778,0,0,0
15.1105,68335,683580548,1787,0,0,0
15.1207,68336,683590548,1776,0,0,0
15.1306,68337,683600548,1808,0,0,0
15.1404,68338,683610549,1799,0,0,0
15.1507,68339,683620549,1814,0,0,0
15.1607,68340,683630548,1808,0,0,0
15.1706,68341,683640548,1830,0,0,0
15.1807,68342,683650548,1821,0,0,0
15.1906,68343,683660549,1842,0,0,0
15.2007,68344,683670548,1840,0,0,0
15.2109,68345,683680548,1851,0,0,0
15.2206,68346,683690548,1851,0,0,0
15.2305,68347,683700548,1847,0,0,0
15.2406,68348,683710548,1839,0,0,0
15.2507,68349,683720548,1858,0,0,0
15.2606,68350,683730548,1837,0,0,0
15.2706,68351,683740549,1845,0,0,0
15.2807,68352,683750548,1835,0,0,0
15.2905,68353,683760548,1840,0,0,0
15.3008,68354,683770549,1825,0,0,0
15.3108,68355,683780548,1842,0,0,0
15.3205,68356,683790548,1825,0,0,0
15.3307,68357,683800549,1842,0,0,0
15.3407,68358,683810548,1837,0,0,0
15.3506,68359,683820549,1842,0,0,0
15.3607,68360,683830548,1832,0,0,0
15.3707,68361,683840548,1866,0,0,0
15.3807,68362,683850548,1916,0,0,0
15.3906,68363,683860548,1963,0,0,0
15.4007,68364,683870548,1973,0,0,0
15.4106,68365,683880548,1989,0,0,0
15.4206,68366,683890548,1922,0,0,0
15.4307,68367,683900549,1938,0,0,0
15.4405,68368,683910548,1871,0,0,0
15.4505,68369,683920549,1870,0,0,0
15.4607,68370,683930548,1808,0,0,0
15.4708,68371,683940548,1809,0,0,0
15.4806,68372,683950548,1776,0,0,0
15.4907,68373,683960549,1789,0,0,0
15.5006,68374,683970549,1779,0,0,0
15.5107,68375,683980549,1783,0,0,0
15.5207,68376,683990548,1775,0,0,0
15.5306,68377,684000548,1851,0,0,0
15.5407,68378,684010548,1926,0,0,0
15.5505,68379,684020549,2096,0,0,0
15.5606,68380,684030549,2671,0,0,0
15.5707,68381,684040548,2390,0,0,0
15.5805,68382,684050548,1735,0,0,0
15.5906,68383,684060549,1481,0,0,0
15.6006,68384,684070549,1479,0,0,0
15.6106,68385,684080548,1629,0,0,0
15.6206,68386,684090548,1759,0,0,0
15.6307,68387,684100548,1812,0,0,0
15.6405,68388,684110548,1808,0,0,0
15.6506,68389,684120549,1840,0,0,0
15.6607,68390,684130549,1846,0,0,0
15.6706,68391,684140548,1863,0,0,0
15.6810,68392,684150548,1845,0,0,0
15.6905,68393,684160548,1883,0,0,0
15.7013,68394,684170548,1872,0,0,0
15.7107,68395,684180548,1903,0,0,0
15.7207,68396,684190548,1882,0,0,0
15.7306,68397,684200549,1915,0,0,0
15.7405,68398,684210548,1904,0,0,0
15.7506,68399,684220549,1926,0,0,0
15.7606,68400,684230549,1915,0,0,0
15.7706,68401,684240549,1942,0,0,0
15.7806,68402,684250548,1954,0,0,0
15.7906,68403,684260548,1991,0,0,0
15.8008,68404,684270548,1968,0,0,0
15.8108,68405,684280548,1984,0,0,0
15.8204,68406,684290548,1970,0,0,0
15.8306,68407,684300548,1998,0,0,0
15.8405,68408,684310549,1954,0,0,0
15.8505,68409,684320548,1965,0,0,0
15.8606,68410,684330548,1918,0,0,0
15.8707,68411,684340548,1919,0,0,0
15.8807,68412,684350548,1854,0,0,0
15.8906,68413,684360549,1854,0,0,0
15.9009,68414,684370548,1826,0,0,0
15.9106,68415,684380548,1824,0,0,0
15.9205,68416,684390548,1804,0,0,0
15.9306,68417,684400549,1838,0,0,0
15.9405,68418,684410548,1808,0,0,0
15.9504,68419,684420548,1831,0,0,0
15.9622,68420,684430548,1818,0,0,0
15.9719,68421,684440549,1830,0,0,0
15.9806,68422,684450548,1812,0,0,0
15.9907,68423,684460548,1851,0,0,0
16.0006,68424,684470548,1831,0,0,0
16.0110,68425,684480549,1856,0,0,0
16.0206,68426,684490549,1850,0,0,0
16.0304,68427,684500548,1860,0,0,0
16.0406,68428,684510548,1855,0,0,0
16.0505,68429,684520548,1871,0,0,0
16.0609,68430,684530548,1858,0,0,0
16.0704,68431,684540549,1870,0,0,0
16.0805,68432,684550548,1854,0,0,0
16.0905,68433,684560548,1872,0,0,0
16.1006,68434,684570548,1853,0,0,0
16.1106,68435,684580548,1888,0,0,0
16.1206,68436,684590548,1856,0,0,0
16.1306,68437,684600548,1872,0,0,0
16.1407,68438,684610549,1855,0,0,0
16.1505,68439,684620548,1884,0,0,0
16.1606,68440,684630548,1840,0,0,0
16.1706,68441,684640548,1882,0,0,0
16.1806,68442,684650548,1868,0,0,0
16.1906,68443,684660549,1937,0,0,0
16.2018,68444,684670548,1966,0,0,0
16.2105,68445,684680549,1980,0,0,0
16.2208,68446,684690548,2018,0,0,0
16.2307,68447,684700549,2011,0,0,0
16.2406,68448,684710548,1963,0,0,0
16.2506,68449,684720548,1963,0,0,0
16.2608,68450,684730548,1915,0,0,0
16.2706,68451,684740548,1894,0,0,0
16.2807,68452,684750548,1827,0,0,0
16.2906,68453,684760548,1842,0,0,0
16.3006,68454,684770548,1802,0,0,0
16.3106,68455,684780548,1831,0,0,0
16.3206,68456,684790548,1811,0,0,0
16.3307,68457,684800548,1811,0,0,0
16.3406,68458,684810548,1815,0,0,0
16.3506,68459,684820549,1881,0,0,0
16.3606,68460,684830549,1929,0,0,0
16.3707,68461,684840548,2233,0,0,0
16.3807,68462,684850549,2673,0,0,0
16.3906,68463,684860548,2249,0,0,0
16.4007,68464,684870548,1638,0,0,0
16.4108,68465,684880548,1467,0,0,0
16.4204,68466,684890549,1514,0,0,0
16.4306,68467,684900548,1659,0,0,0
16.4405,68468,684910548,1780,0,0,0
16.4507,68469,684920548,1824,0,0,0
16.4605,68470,684930548,1812,0,0,0
16.4706,68471,684940549,1856,0,0,0
16.4807,68472,684950548,1851,0,0,0
16.4905,68473,684960548,1872,0,0,0
16.5007,68474,684970549,1869,0,0,0
16.5106,68475,684980548,1887,0,0,0
16.5206,68476,684990549,1872,0,0,0
16.5305,68477,685000548,1901,0,0,0
16.5407,68478,685010548,1894,0,0,0
16.5506,68479,685020549,1902,0,0,0
16.5606,68480,685030548,1901,0,0,0
16.5709,68481,685040549,1924,0,0,0
16.5806,68482,685050548,1910,0,0,0
16.5906,68483,685060548,1933,0,0,0
16.6007,68484,685070548,1968,0,0,0
16.6108,68485,685080549,1966,0,0,0
16.6206,68486,685090548,1951,0,0,0
16.6308,68487,685100548,1970,0,0,0
16.6405,68488,685110548,1939,0,0,0
16.6505,68489,685120548,1963,0,0,0
16.6607,68490,685130548,1938,0,0,0
16.6707,68491,685140549,1940,0,0,0
16.6806,68492,685150548,1894,0,0,0
16.6906,68493,685160548,1897,0,0,0
16.7029,68494,685170548,1853,0,0,0
16.7106,68495,685180548,1846,0,0,0
16.7206,68496,685190548,1825,0,0,0
16.7306,68497,685200549,1845,0,0,0
16.7404,68498,685210548,1806,0,0,0
16.7506,68499,685220548,1853,0,0,0
16.7606,68500,685230548,1808,0,0,0
16.7705,68501,685240548,1850,0,0,0
16.7808,68502,685250548,1817,0,0,0
16.7905,68503,685260548,1831,0,0,0
16.8007,68504,685270548,1826,0,0,0
16.8106,68505,685280549,1845,0,0,0
16.8204,68506,685290548,1833,0,0,0
16.8307,68507,685300548,1863,0,0,0
16.8405,68508,685310548,1830,0,0,0
16.8505,68509,685320548,1854,0,0,0
16.8606,68510,685330548,1840,0,0,0
16.8706,68511,685340548,1861,0,0,0
16.8807,68512,685350548,1837,0,0,0
16.8906,68513,685360548,1860,0,0,0
16.9008,68514,685370548,1835,0,0,0
16.9107,68515,685380548,1865,0,0,0
16.9206,68516,685390548,1841,0,0,0
16.9306,68517,685400548,1840,0,0,0
16.9405,68518,685410548,1820,0,0,0
16.9521,68519,685420549,1840,0,0,0
16.9608,68520,685430548,1850,0,0,0
16.9706,68521,685440549,1851,0,0,0
16.9806,68522,685450548,1877,0,0,0
16.9909,68523,685460549,1936,0,0,0
17.0005,68524,685470549,1943,0,0,0
17.0108,68525,685480548,1998,0,0,0
17.0206,68526,685490548,1987,0,0,0
17.0305,68527,685500548,1945,0,0,0
17.0406,68528,685510548,1919,0,0,0
17.0505,68529,685520549,1898,0,0,0
17.0606,68530,685530549,1857,0,0,0
17.0706,68531,685540548,1808,0,0,0
17.0807,68532,685550548,1783,0,0,0
17.0905,68533,685560549,1793,0,0,0
17.1008,68534,685570548,1766,0,0,0
17.1106,68535,685580548,1771,0,0,0
17.1205,68536,685590548,1761,0,0,0
17.1306,68537,685600548,1782,0,0,0
17.1405,68538,685610548,1808,0,0,0
17.1505,68539,685620548,1945,0,0,0
17.1606,68540,685630548,2099,0,0,0
17.1705,68541,685640549,2615,0,0,0
17.1806,68542,685650548,2308,0,0,0
17.1907,68543,685660549,1718,0,0,0
17.2014,68544,685670549,1399,0,0,0
17.2142,68545,685680548,1441,0,0,0
17.2208,68546,685690548,1563,0,0,0
17.2309,68547,685700548,1744,0,0,0
17.2405,68548,685710548,1779,0,0,0
17.2506,68549,685720548,1814,0,0,0
17.2606,68550,685730548,1814,0,0,0
17.2706,68551,685740548,1827,0,0,0
17.2807,68552,685750549,1830,0,0,0
17.2905,68553,685760548,1848,0,0,0
17.3005,68554,685770548,1842,0,0,0
17.3107,68555,685780548,1870,0,0,0
17.3205,68556,685790548,1870,0,0,0
17.3307,68557,685800548,1883,0,0,0
17.3406,68558,685810548,1890,0,0,0
17.3505,68559,685820548,1883,0,0,0
17.3606,68560,685830549,1898,0,0,0
17.3705,68561,685840548,1919,0,0,0
17.3805,68562,685850548,1931,0,0,0
17.3905,68563,685860549,1953,0,0,0
17.4008,68564,685870549,1927,0,0,0
17.4106,68565,685880548,1967,0,0,0
17.4205,68566,685890548,1951,0,0,0
17.4307,68567,685900549,1948,0,0,0
17.4405,68568,685910549,1937,0,0,0
17.4507,68569,685920548,1945,0,0,0
17.4606,68570,685930548,1925,0,0,0
17.4705,68571,685940549,1901,0,0,0
17.4809,68572,685950548,1858,0,0,0
17.4905,68573,685960549,1851,0,0,0
17.5004,68574,685970548,1831,0,0,0
17.5106,68575,685980548,1821,0,0,0
17.5206,68576,685990549,1811,0,0,0
17.5306,68577,686000549,1819,0,0,0
17.5405,68578,686010549,1792,0,0,0
17.5505,68579,686020549,1807,0,0,0
17.5606,68580,686030549,1803,0,0,0
17.5704,68581,686040548,1811,0,0,0
17.5809,68582,686050548,1806,0,0,0
17.5905,68583,686060549,1808,0,0,0
17.6007,68584,686070548,1820,0,0,0
17.6108,68585,686080549,1824,0,0,0
17.6206,68586,686090549,1797,0,0,0
17.6306,68587,686100548,1826,0,0,0
17.6406,68588,686110548,1810,0,0,0
17.6505,68589,686120548,1826,0,0,0
17.6605,68590,686130548,1808,0,0,0
17.6706,68591,686140549,1808,0,0,0
17.6807,68592,686150549,1817,0,0,0
17.6924,68593,686160549,1809,0,0,0
17.7020,68594,686170548,1805,0,0,0
17.7106,68595,686180548,1803,0,0,0
17.7205,68596,686190548,1808,0,0,0
17.7307,68597,686200548,1807,0,0,0
17.7405,68598,686210548,1797,0,0,0
17.7505,68599,686220548,1818,0,0,0
17.7607,68600,686230548,1826,0,0,0
17.7705,68601,686240549,1891,0,0,0
17.7807,68602,686250548,1937,0,0,0
17.7907,68603,686260548,1955,0,0,0
17.8007,68604,686270549,1954,0,0,0
17.8107,68605,686280549,1917,0,0,0
17.8206,68606,686290549,1903,0,0,0
17.8306,68607,686300548,1859,0,0,0
17.8404,68608,686310548,1821,0,0,0
17.8505,68609,686320548,1791,0,0,0
17.8605,68610,686330548,1749,0,0,0
17.8706,68611,686340548,1760,0,0,0
17.8808,68612,686350548,1747,0,0,0
17.8906,68613,686360548,1753,0,0,0
17.9007,68614,686370549,1744,0,0,0
17.9106,68615,686380548,1750,0,0,0
17.9205,68616,686390548,1779,0,0,0
17.9306,68617,686400549,1901,0,0,0
17.9406,68618,686410548,2037,0,0,0
17.9509,68619,686420548,2582,0,0,0
17.9627,68620,686430548,2329,0,0,0
17.9708,68621,686440549,1736,0,0,0
17.9806,68622,686450548,1392,0,0,0
17.9905,68623,686460549,1405,0,0,0
18.0005,68624,686470549,1535,0,0,0
18.0107,68625,686480549,1697,0,0,0
18.0208,68626,686490548,1766,0,0,0
18.0307,68627,686500548,1776,0,0,0
18.0406,68628,686510548,1781,0,0,0
18.0505,68629,686520548,1802,0,0,0
18.0606,68630,686530549,1801,0,0,0
18.0706,68631,686540548,1808,0,0,0
18.0806,68632,686550548,1825,0,0,0
18.0905,68633,686560548,1838,0,0,0
18.1004,68634,686570549,1828,0,0,0
18.1106,68635,686580548,1840,0,0,0
18.1206,68636,686590548,1845,0,0,0
18.1306,68637,686600548,1856,0,0,0
18.1405,68638,686610548,1856,0,0,0
18.1505,68639,686620549,1885,0,0,0
18.1605,68640,686630548,1895,0,0,0
18.1706,68641,686640548,1914,0,0,0
18.1806,68642,686650548,1922,0,0,0
18.1905,68643,686660549,1930,0,0,0
18.2032,68644,686670549,1927,0,0,0
18.2106,68645,686680548,1935,0,0,0
18.2206,68646,686690549,1942,0,0,0
18.2306,68647,686700548,1927,0,0,0
18.2405,68648,686710549,1903,0,0,0
18.2506,68649,686720549,1866,0,0,0
18.2605,68650,686730548,1854,0,0,0
18.2705,68651,686740548,1818,0,0,0
18.2805,68652,686750548,1808,0,0,0
18.2905,68653,686760548,1793,0,0,0
18.3007,68654,686770548,1785,0,0,0
18.3106,68655,686780549,1777,0,0,0
18.3206,68656,686790548,1776,0,0,0
18.3307,68657,686800549,1771,0,0,0
18.3405,68658,686810548,1767,0,0,0
18.3505,68659,686820548,1788,0,0,0
18.3606,68660,686830548,1795,0,0,0
18.3707,68661,686840548,1792,0,0,0
18.3806,68662,686850548,1791,0,0,0
18.3907,68663,686860549,1803,0,0,0
18.4007,68664,686870548,1806,0,0,0
18.4106,68665,686880548,1802,0,0,0
18.4206,68666,686890549,1808,0,0,0
18.4306,68667,686900548,1809,0,0,0
18.4405,68668,686910548,1818,0,0,0
18.4517,68669,686920548,1808,0,0,0
18.4611,68670,686930548,1815,0,0,0
18.4705,68671,686940549,1815,0,0,0
18.4808,68672,686950548,1808,0,0,0
18.4905,68673,686960549,1811,0,0,0
18.5006,68674,686970548,1808,0,0,0
18.5107,68675,686980548,1807,0,0,0
18.5206,68676,686990548,1813,0,0,0
18.5306,68677,687000549,1814,0,0,0
18.5405,68678,687010548,1808,0,0,0
18.5506,68679,687020548,1802,0,0,0
18.5605,68680,687030548,1815,0,0,0
18.5705,68681,687040548,1808,0,0,0
18.5807,68682,687050548,1839,0,0,0
18.5905,68683,687060548,1903,0,0,0
18.6007,68684,687070548,1910,0,0,0
18.6107,68685,687080548,1941,0,0,0
18.6205,68686,687090548,1970,0,0,0
18.6306,68687,687100549,1919,0,0,0
18.6405,68688,687110548,1918,0,0,0
18.6504,68689,687120548,1878,0,0,0
18.6605,68690,687130548,1840,0,0,0
18.6705,68691,687140548,1808,0,0,0
18.6807,68692,687150548,1776,0,0,0
18.6905,68693,687160548,1766,0,0,0
18.7017,68694,687170548,1776,0,0,0
18.7107,68695,687180549,1773,0,0,0
18.7207,68696,687190549,1771,0,0,0
18.7307,68697,687200548,1765,0,0,0
18.7405,68698,687210548,1779,0,0,0
18.7505,68699,687220548,1893,0,0,0
18.7604,68700,687230549,1984,0,0,0
18.7704,68701,687240548,2497,0,0,0
18.7807,68702,687250548,2525,0,0,0
18.7906,68703,687260549,1910,0,0,0
18.8007,68704,687270549,1476,0,0,0
18.8106,68705,687280548,1433,0,0,0
18.8205,68706,687290548,1555,0,0,0
18.8306,68707,687300549,1710,0,0,0
18.8405,68708,687310548,1775,0,0,0
18.8505,68709,687320549,1808,0,0,0
18.8605,68710,687330548,1805,0,0,0
18.8706,68711,687340549,1825,0,0,0
18.8808,68712,687350548,1833,0,0,0
18.8905,68713,687360549,1828,0,0,0
18.9008,68714,687370548,1840,0,0,0
18.9106,68715,687380548,1841,0,0,0
18.9205,68716,687390548,1847,0,0,0
18.9305,68717,687400549,1855,0,0,0
18.9405,68718,687410548,1870,0,0,0
18.9508,68719,687420549,1872,0,0,0
18.9611,68720,687430548,1875,0,0,0
18.9717,68721,687440548,1887,0,0,0
18.9815,68722,687450548,1920,0,0,0
18.9906,68723,687460548,1919,0,0,0
19.0011,68724,687470548,1936,0,0,0
19.0108,68725,687480548,1937,0,0,0
19.0206,68726,687490548,1947,0,0,0
19.0304,68727,687500548,1939,0,0,0
19.0406,68728,687510548,1936,0,0,0
19.0505,68729,687520549,1929,0,0,0
19.0605,68730,687530548,1927,0,0,0
19.0705,68731,687540549,1899,0,0,0
19.0806,68732,687550549,1877,0,0,0
19.0906,68733,687560548,1830,0,0,0
19.1007,68734,687570548,1815,0,0,0
19.1105,68735,687580548,1792,0,0,0
19.1206,68736,687590548,1797,0,0,0
19.1304,68737,687600549,1785,0,0,0
19.1405,68738,687610549,1793,0,0,0
19.1504,68739,687620548,1778,0,0,0
19.1604,68740,687630548,1798,0,0,0
19.1705,68741,687640549,1790,0,0,0
19.1806,68742,687650548,1804,0,0,0
19.1904,68743,687660548,1797,0,0,0
19.2062,68744,687670548,1812,0,0,0
19.2106,68745,687680549,1797,0,0,0
19.2205,68746,687690549,1815,0,0,0
19.2306,68747,687700548,1807,0,0,0
19.2406,68748,687710548,1815,0,0,0
19.2505,68749,687720549,1803,0,0,0
19.2605,68750,687730548,1823,0,0,0
19.2706,68751,687740548,1808,0,0,0
19.2806,68752,687750549,1825,0,0,0
19.2905,68753,687760549,1803,0,0,0
19.3007,68754,687770548,1813,0,0,0
19.3107,68755,687780548,1801,0,0,0
19.3205,68756,687790548,1808,0,0,0
19.3306,68757,687800548,1802,0,0,0
19.3406,68758,687810548,1810,0,0,0
19.3506,68759,687820548,1786,0,0,0
19.3606,68760,687830548,1806,0,0,0
19.3705,68761,687840548,1803,0,0,0
19.3806,68762,687850548,1814,0,0,0
19.3904,68763,687860548,1803,0,0,0
19.4007,68764,687870548,1804,0,0,0
19.4107,68765,687880549,1797,0,0,0
19.4205,68766,687890549,1814,0,0,0
19.4306,68767,687900548,1808,0,0,0
19.4405,68768,687910548,1840,0,0,0
19.4516,68769,687920548,1863,0,0,0
19.4606,68770,687930548,1916,0,0,0
19.4709,68771,687940548,1922,0,0,0
19.4806,68772,687950548,1970,0,0,0
19.4905,68773,687960549,1925,0,0,0
19.5008,68774,687970548,1917,0,0,0
19.5105,68775,687980548,1871,0,0,0
19.5204,68776,687990549,1848,0,0,0
19.5305,68777,688000548,1802,0,0,0
19.5405,68778,688010548,1782,0,0,0
19.5505,68779,688020548,1751,0,0,0
19.5605,68780,688030548,1772,0,0,0
19.5706,68781,688040548,1754,0,0,0
19.5805,68782,688050548,1765,0,0,0
19.5905,68783,688060549,1754,0,0,0
19.6007,68784,688070548,1769,0,0,0
19.6105,68785,688080548,1845,0,0,0
19.6206,68786,688090548,1936,0,0,0
19.6307,68787,688100548,2317,0,0,0
19.6404,68788,688110549,2651,0,0,0
19.6507,68789,688120548,2114,0,0,0
19.6605,68790,688130548,1535,0,0,0
19.6706,68791,688140548,1441,0,0,0
19.6807,68792,688150548,1534,0,0,0
19.6916,68793,688160548,1653,0,0,0
19.7008,68794,688170548,1783,0,0,0
19.7106,68795,688180548,1791,0,0,0
19.7205,68796,688190548,1814,0,0,0
19.7306,68797,688200549,1808,0,0,0
19.7404,68798,688210548,1838,0,0,0
19.7505,68799,688220548,1829,0,0,0
19.7605,68800,688230548,1861,0,0,0
19.7706,68801,688240549,1856,0,0,0
19.7806,68802,688250548,1874,0,0,0
19.7905,68803,688260549,1855,0,0,0
19.8009,68804,688270548,1885,0,0,0
19.8106,68805,688280549,1884,0,0,0
19.8204,68806,688290548,1910,0,0,0
19.8307,68807,688300548,1913,0,0,0
19.8405,68808,688310548,1947,0,0,0
19.8505,68809,688320548,1936,0,0,0
19.8605,68810,688330549,1968,0,0,0
19.8707,68811,688340548,1977,0,0,0
19.8807,68812,688350548,1986,0,0,0
19.8905,68813,688360549,1975,0,0,0
19.9007,68814,688370548,1993,0,0,0
19.9105,68815,688380549,1970,0,0,0
19.9206,68816,688390548,1984,0,0,0
19.9305,68817,688400549,1942,0,0,0
19.9405,68818,688410548,1926,0,0,0
19.9506,68819,688420548,1873,0,0,0
19.9639,68820,688430548,1868,0,0,0
19.9714,68821,688440548,1839,0,0,0
19.9805,68822,688450548,1840,0,0,0
19.9905,68823,688460549,1813,0,0,0
20.0006,68824,688470549,1840,0,0,0
20.0133,68825,688480548,1808,0,0,0
20.0204,68826,688490548,1847,0,0,0
20.0348,68827,688500548,1826,0,0,0
20.0409,68828,688510548,1841,0,0,0
20.0508,68829,688520548,1838,0,0,0
20.0640,68830,688530548,1862,0,0,0
20.0706,68831,688540549,1856,0,0,0
20.0806,68832,688550548,1856,0,0,0
20.0905,68833,688560549,1847,0,0,0
20.1009,68834,688570549,1876,0,0,0
20.1105,68835,688580548,1872,0,0,0
20.1206,68836,688590548,1880,0,0,0
20.1305,68837,688600548,1858,0,0,0
20.1405,68838,688610548,1881,0,0,0
20.1505,68839,688620548,1846,0,0,0
20.1606,68840,688630548,1872,0,0,0
20.1707,68841,688640548,1854,0,0,0
20.1807,68842,688650548,1871,0,0,0
20.1960,68843,688660548,1859,0,0,0
20.2046,68844,688670548,1867,0,0,0
20.2176,68845,688680548,1853,0,0,0
20.2260,68846,688690548,1871,0,0,0
20.2319,68847,688700548,1851,0,0,0
20.2414,68848,688710549,1869,0,0,0
20.2509,68849,688720548,1845,0,0,0
20.2640,68850,688730548,1865,0,0,0
20.2716,68851,688740549,1842,0,0,0
20.2807,68852,688750549,1863,0,0,0
20.2906,68853,688760548,1857,0,0,0
20.3005,68854,688770548,1873,0,0,0
20.3106,68855,688780549,1870,0,0,0
20.3205,68856,688790548,1943,0,0,0
20.3311,68857,688800549,1966,0,0,0
20.3405,68858,688810548,2014,0,0,0
20.3504,68859,688820549,1999,0,0,0
20.3605,68860,688830548,1995,0,0,0
20.3705,68861,688840548,1968,0,0,0
20.3807,68862,688850548,1930,0,0,0
20.3952,68863,688860548,1891,0,0,0
20.4007,68864,688870548,1871,0,0,0
20.4141,68865,688880548,1821,0,0,0
20.4231,68866,688890548,1827,0,0,0
20.4306,68867,688900548,1811,0,0,0
20.4434,68868,688910548,1825,0,0,0
20.4512,68869,688920549,1807,0,0,0
20.4651,68870,688930548,1837,0,0,0
20.4706,68871,688940548,1812,0,0,0
20.4809,68872,688950548,1917,0,0,0
20.4906,68873,688960548,2000,0,0,0
20.5009,68874,688970548,2530,0,0,0
20.5105,68875,688980548,2591,0,0,0
20.5205,68876,688990548,2000,0,0,0
20.5306,68877,689000548,1527,0,0,0
20.5406,68878,689010549,1488,0,0,0
20.5505,68879,689020548,1578,0,0,0
20.5606,68880,689030548,1732,0,0,0
20.5740,68881,689040548,1802,0,0,0
20.5816,68882,689050548,1829,0,0,0
20.5933,68883,689060549,1826,0,0,0
20.6059,68884,689070549,1847,0,0,0
20.6106,68885,689080548,1834,0,0,0
20.6205,68886,689090548,1861,0,0,0
20.6334,68887,689100548,1863,0,0,0
20.6411,68888,689110548,1875,0,0,0
20.6506,68889,689120548,1863,0,0,0
20.6604,68890,689130548,1876,0,0,0
20.6706,68891,689140549,1880,0,0,0
20.6811,68892,689150548,1898,0,0,0
20.6922,68893,689160549,1899,0,0,0
20.7013,68894,689170549,1923,0,0,0
20.7105,68895,689180548,1925,0,0,0
20.7205,68896,689190549,1936,0,0,0
20.7306,68897,689200548,1924,0,0,0
20.7405,68898,689210548,1950,0,0,0
20.7522,68899,689220548,1926,0,0,0
20.7638,68900,689230548,1946,0,0,0
20.7744,68901,689240549,1950,0,0,0
20.7805,68902,689250548,1947,0,0,0
20.7910,68903,689260548,1905,0,0,0
20.8038,68904,689270549,1898,0,0,0
20.8106,68905,689280549,1870,0,0,0
20.8204,68906,689290548,1849,0,0,0
20.8307,68907,689300548,1824,0,0,0
20.8404,68908,689310549,1827,0,0,0
20.8505,68909,689320548,1807,0,0,0
20.8606,68910,689330548,1808,0,0,0
20.8704,68911,689340549,1789,0,0,0
20.8807,68912,689350549,1817,0,0,0
20.8906,68913,689360548,1808,0,0,0
20.9012,68914,689370548,1808,0,0,0
20.9105,68915,689380548,1795,0,0,0
20.9206,68916,689390548,1827,0,0,0
20.9305,68917,689400549,1808,0,0,0
20.9410,68918,689410549,1821,0,0,0
20.9507,68919,689420549,1808,0,0,0
20.9605,68920,689430548,1810,0,0,0
20.9706,68921,689440549,1817,0,0,0
20.9805,68922,689450549,1837,0,0,0
20.9906,68923,689460548,1792,0,0,0
21.0009,68924,689470548,1807,0,0,0
21.0107,68925,689480548,1802,0,0,0
21.0205,68926,689490548,1808,0,0,0
21.0304,68927,689500549,1799,0,0,0
21.0406,68928,689510548,1811,0,0,0
21.0505,68929,689520549,1801,0,0,0
21.0605,68930,689530548,1808,0,0,0
21.0706,68931,689540549,1798,0,0,0
21.0808,68932,689550549,1820,0,0,0
21.0904,68933,689560548,1810,0,0,0
21.1008,68934,689570548,1836,0,0,0
21.1105,68935,689580549,1823,0,0,0
21.1205,68936,689590549,1840,0,0,0
21.1306,68937,689600548,1829,0,0,0
21.1404,68938,689610548,1872,0,0,0
21.1504,68939,689620548,1872,0,0,0
21.1605,68940,689630549,1947,0,0,0
21.1705,68941,689640548,1974,0,0,0
21.1805,68942,689650548,2005,0,0,0
21.1919,68943,689660548,1994,0,0,0
21.2009,68944,689670548,1979,0,0,0
21.2105,68945,689680548,1942,0,0,0
21.2204,68946,689690548,1923,0,0,0
21.2307,68947,689700548,1874,0,0,0
21.2405,68948,689710549,1858,0,0,0
21.2504,68949,689720548,1817,0,0,0
21.2604,68950,689730548,1833,0,0,0
21.2706,68951,689740548,1814,0,0,0
21.2806,68952,689750548,1823,0,0,0
21.2904,68953,689760548,1829,0,0,0
21.3007,68954,689770548,1840,0,0,0
21.3106,68955,689780548,1882,0,0,0
21.3204,68956,689790548,1999,0,0,0
21.3307,68957,689800548,2155,0,0,0
21.3404,68958,689810548,2707,0,0,0
21.3504,68959,689820548,2357,0,0,0
21.3604,68960,689830548,1778,0,0,0
21.3705,68961,689840548,1493,0,0,0
21.3805,68962,689850548,1552,0,0,0
21.3905,68963,689860549,1659,0,0,0
21.4007,68964,689870549,1843,0,0,0
21.4104,68965,689880549,1857,0,0,0
21.4205,68966,689890548,1886,0,0,0
21.4304,68967,689900548,1871,0,0,0
21.4405,68968,689910549,1904,0,0,0
21.4519,68969,689920549,1891,0,0,0
21.4604,68970,689930549,1905,0,0,0
21.4707,68971,689940548,1882,0,0,0
21.4809,68972,689950549,1913,0,0,0
21.4904,68973,689960548,1872,0,0,0
21.5006,68974,689970548,1907,0,0,0
21.5105,68975,689980549,1899,0,0,0
21.5204,68976,689990549,1894,0,0,0
21.5306,68977,690000549,1897,0,0,0
21.5405,68978,690010549,1921,0,0,0
21.5504,68979,690020548,1902,0,0,0
21.5604,68980,690030548,1953,0,0,0
21.5705,68981,690040548,1939,0,0,0
21.5807,68982,690050548,1968,0,0,0
21.5904,68983,690060548,1932,0,0,0
21.6006,68984,690070548,1935,0,0,0
21.6105,68985,690080548,1936,0,0,0
21.6204,68986,690090548,1947,0,0,0
21.6305,68987,690100548,1905,0,0,0
21.6404,68988,690110548,1889,0,0,0
21.6504,68989,690120548,1845,0,0,0
21.6606,68990,690130548,1827,0,0,0
21.6705,68991,690140548,1782,0,0,0
21.6806,68992,690150549,1786,0,0,0
21.6905,68993,690160548,1765,0,0,0
21.7023,68994,690170548,1767,0,0,0
21.7105,68995,690180549,1744,0,0,0
21.7204,68996,690190549,1759,0,0,0
21.7305,68997,690200548,1763,0,0,0
21.7406,68998,690210548,1776,0,0,0
21.7504,68999,690220548,1756,0,0,0
21.7604,69000,690230548,1770,0,0,0
21.7707,69001,690240548,1762,0,0,0
21.7805,69002,690250548,1763,0,0,0
21.7904,69003,690260549,1771,0,0,0
21.8008,69004,690270548,1778,0,0,0
21.8105,69005,690280548,1767,0,0,0
21.8206,69006,690290548,1794,0,0,0
21.8307,69007,690300549,1758,0,0,0
21.8403,69008,690310549,1790,0,0,0
21.8505,69009,690320548,1787,0,0,0
21.8604,69010,690330549,1791,0,0,0
21.8703,69011,690340549,1785,0,0,0
21.8807,69012,690350548,1797,0,0,0
21.8904,69013,690360549,1789,0,0,0
21.9005,69014,690370548,1799,0,0,0
21.9105,69015,690380549,1783,0,0,0
21.9204,69016,690390548,1795,0,0,0
21.9304,69017,690400549,1792,0,0,0
21.9405,69018,690410548,1835,0,0,0
21.9515,69019,690420548,1824,0,0,0
21.9606,69020,690430549,1907,0,0,0
21.9705,69021,690440548,1935,0,0,0
21.9809,69022,690450548,1967,0,0,0
21.9906,69023,690460548,1990,0,0,0
22.0007,69024,690470548,1965,0,0,0
22.0105,69025,690480548,1923,0,0,0
22.0204,69026,690490548,1927,0,0,0
22.0305,69027,690500548,1894,0,0,0
22.0404,69028,690510548,1862,0,0,0
22.0504,69029,690520549,1809,0,0,0
22.0604,69030,690530548,1817,0,0,0
22.0706,69031,690540549,1805,0,0,0
22.0806,69032,690550549,1808,0,0,0
22.0904,69033,690560548,1786,0,0,0
22.1006,69034,690570548,1818,0,0,0
22.1104,69035,690580549,1808,0,0,0
22.1205,69036,690590548,1891,0,0,0
22.1307,69037,690600549,2006,0,0,0
22.1404,69038,690610549,2368,0,0,0
22.1504,69039,690620548,2606,0,0,0
22.1605,69040,690630548,2112,0,0,0
22.1706,69041,690640548,1535,0,0,0
22.1804,69042,690650549,1428,0,0,0
22.1923,69043,690660549,1509,0,0,0
22.2009,69044,690670548,1680,0,0,0
22.2105,69045,690680549,1801,0,0,0
22.2205,69046,690690548,1825,0,0,0
22.2304,69047,690700549,1826,0,0,0
22.2404,69048,690710548,1859,0,0,0
22.2505,69049,690720548,1869,0,0,0
22.2604,69050,690730548,1875,0,0,0
22.2704,69051,690740548,1858,0,0,0
22.2805,69052,690750549,1892,0,0,0
22.2905,69053,690760548,1887,0,0,0
22.3004,69054,690770548,1891,0,0,0
22.3105,69055,690780548,1897,0,0,0
22.3207,69056,690790548,1913,0,0,0
22.3307,69057,690800548,1915,0,0,0
22.3405,69058,690810548,1939,0,0,0
22.3508,69059,690820548,1933,0,0,0
22.3605,69060,690830548,1939,0,0,0
22.3705,69061,690840549,1954,0,0,0
22.3805,69062,690850549,1975,0,0,0
22.3905,69063,690860548,1955,0,0,0
22.4005,69064,690870548,1969,0,0,0
22.4105,69065,690880549,1965,0,0,0
22.4206,69066,690890548,1968,0,0,0
22.4306,69067,690900549,1936,0,0,0
22.4405,69068,690910549,1917,0,0,0
22.4544,69069,690920549,1878,0,0,0
22.4606,69070,690930548,1874,0,0,0
22.4704,69071,690940548,1838,0,0,0
22.4806,69072,690950549,1829,0,0,0
22.4904,69073,690960548,1798,0,0,0
22.5004,69074,690970548,1802,0,0,0
22.5105,69075,690980548,1788,0,0,0
22.5207,69076,690990548,1801,0,0,0
22.5306,69077,691000548,1783,0,0,0
22.5405,69078,691010548,1793,0,0,0
22.5507,69079,691020548,1806,0,0,0
22.5604,69080,691030548,1811,0,0,0
22.5704,69081,691040548,1799,0,0,0
22.5805,69082,691050548,1826,0,0,0
22.5904,69083,691060548,1821,0,0,0
22.6004,69084,691070548,1817,0,0,0
22.6106,69085,691080549,1827,0,0,0
22.6205,69086,691090548,1843,0,0,0
22.6307,69087,691100548,1834,0,0,0
22.6405,69088,691110548,1851,0,0,0
22.6508,69089,691120549,1840,0,0,0
22.6606,69090,691130549,1859,0,0,0
22.6706,69091,691140549,1850,0,0,0
22.6806,69092,691150548,1849,0,0,0
22.6906,69093,691160548,1834,0,0,0
22.7005,69094,691170548,1840,0,0,0
22.7107,69095,691180549,1831,0,0,0
22.7204,69096,691190548,1829,0,0,0
22.7309,69097,691200548,1826,0,0,0
22.7404,69098,691210548,1825,0,0,0
22.7507,69099,691220549,1822,0,0,0
22.7606,69100,691230548,1826,0,0,0
22.7705,69101,691240548,1867,0,0,0
22.7805,69102,691250548,1901,0,0,0
22.7905,69103,691260549,1920,0,0,0
22.8005,69104,691270549,1953,0,0,0
22.8105,69105,691280548,1894,0,0,0
22.8207,69106,691290548,1877,0,0,0
22.8307,69107,691300549,1826,0,0,0
22.8404,69108,691310548,1795,0,0,0
22.8504,69109,691320548,1757,0,0,0
22.8604,69110,691330548,1707,0,0,0
22.8705,69111,691340548,1687,0,0,0
22.8806,69112,691350548,1695,0,0,0
22.8904,69113,691360548,1682,0,0,0
22.9007,69114,691370548,1693,0,0,0
22.9108,69115,691380548,1666,0,0,0
22.9206,69116,691390548,1682,0,0,0
22.9305,69117,691400548,1774,0,0,0
22.9406,69118,691410548,1895,0,0,0
22.9506,69119,691420549,2225,0,0,0
22.9605,69120,691430549,2511,0,0,0
22.9708,69121,691440548,1989,0,0,0
22.9805,69122,691450548,1424,0,0,0
22.9905,69123,691460548,1328,0,0,0
23.0005,69124,691470548,1438,0,0,0
23.0105,69125,691480549,1586,0,0,0
23.0204,69126,691490548,1712,0,0,0
23.0305,69127,691500549,1728,0,0,0
23.0404,69128,691510549,1749,0,0,0
23.0508,69129,691520548,1767,0,0,0
23.0606,69130,691530548,1782,0,0,0
23.0704,69131,691540548,1789,0,0,0
23.0805,69132,691550548,1809,0,0,0
23.0906,69133,691560548,1819,0,0,0
23.1004,69134,691570548,1827,0,0,0
23.1104,69135,691580549,1830,0,0,0
23.1205,69136,691590549,1853,0,0,0
23.1306,69137,691600548,1849,0,0,0
23.1405,69138,691610548,1876,0,0,0
23.1508,69139,691620549,1866,0,0,0
23.1605,69140,691630548,1897,0,0,0
23.1705,69141,691640548,1903,0,0,0
23.1806,69142,691650548,1933,0,0,0
23.1904,69143,691660549,1926,0,0,0
23.2008,69144,691670549,1947,0,0,0
23.2104,69145,691680549,1942,0,0,0
23.2204,69146,691690549,1938,0,0,0
23.2309,69147,691700548,1942,0,0,0
23.2405,69148,691710548,1930,0,0,0
23.2507,69149,691720549,1899,0,0,0
23.2606,69150,691730549,1861,0,0,0
23.2705,69151,691740548,1833,0,0,0
23.2805,69152,691750548,1808,0,0,0
23.2904,69153,691760548,1789,0,0,0
23.3004,69154,691770548,1776,0,0,0
23.3105,69155,691780548,1783,0,0,0
23.3207,69156,691790548,1781,0,0,0
23.3305,69157,691800549,1786,0,0,0
23.3404,69158,691810548,1778,0,0,0
23.3506,69159,691820549,1798,0,0,0
23.3604,69160,691830548,1799,0,0,0
23.3705,69161,691840548,1799,0,0,0
23.3806,69162,691850548,1808,0,0,0
23.3904,69163,691860548,1811,0,0,0
23.4004,69164,691870548,1817,0,0,0
23.4105,69165,691880548,1813,0,0,0
23.4207,69166,691890548,1835,0,0,0
23.4307,69167,691900549,1817,0,0,0
23.4405,69168,691910548,1820,0,0,0
23.4519,69169,691920549,1825,0,0,0
23.4611,69170,691930548,1823,0,0,0
23.4705,69171,691940548,1810,0,0,0
23.4804,69172,691950548,1807,0,0,0
23.4904,69173,691960548,1802,0,0,0
23.5006,69174,691970548,1806,0,0,0
23.5104,69175,691980549,1810,0,0,0
23.5204,69176,691990549,1797,0,0,0
23.5306,69177,692000548,1796,0,0,0
23.5404,69178,692010548,1803,0,0,0
23.5507,69179,692020548,1808,0,0,0
23.5604,69180,692030548,1792,0,0,0
23.5705,69181,692040549,1801,0,0,0
23.5805,69182,692050548,1783,0,0,0
23.5904,69183,692060548,1806,0,0,0
23.6004,69184,692070548,1798,0,0,0
23.6104,69185,692080548,1797,0,0,0
23.6206,69186,692090548,1842,0,0,0
23.6306,69187,692100548,1895,0,0,0
23.6405,69188,692110548,1921,0,0,0
23.6506,69189,692120549,1949,0,0,0
23.6604,69190,692130549,1937,0,0,0
23.6705,69191,692140548,1894,0,0,0
23.6805,69192,692150548,1889,0,0,0
23.6904,69193,692160548,1840,0,0,0
23.7025,69194,692170548,1811,0,0,0
23.7103,69195,692180548,1776,0,0,0
23.7204,69196,692190549,1759,0,0,0
23.7308,69197,692200548,1751,0,0,0
23.7405,69198,692210548,1746,0,0,0
23.7506,69199,692220548,1743,0,0,0
23.7605,69200,692230548,1741,0,0,0
23.7704,69201,692240548,1751,0,0,0
23.7806,69202,692250548,1804,0,0,0
23.7904,69203,692260548,1904,0,0,0
23.8006,69204,692270548,2123,0,0,0
23.8104,69205,692280548,2650,0,0,0
23.8204,69206,692290548,2253,0,0,0
23.8305,69207,692300548,1602,0,0,0
23.8405,69208,692310548,1408,0,0,0
23.8508,69209,692320549,1453,0,0,0
23.8606,69210,692330548,1600,0,0,0
23.8703,69211,692340549,1732,0,0,0
23.8807,69212,692350549,1744,0,0,0
23.8904,69213,692360548,1787,0,0,0
23.9005,69214,692370548,1791,0,0,0
23.9104,69215,692380549,1803,0,0,0
23.9205,69216,692390549,1807,0,0,0
23.9307,69217,692400548,1821,0,0,0
23.9408,69218,692410548,1826,0,0,0
23.9504,69219,692420548,1840,0,0,0
23.9604,69220,692430548,1846,0,0,0
23.9708,69221,692440548,1863,0,0,0
23.9806,69222,692450548,1865,0,0,0
23.9906,69223,692460549,1883,0,0,0
24.0008,69224,692470548,1895,0,0,0
24.0104,69225,692480549,1911,0,0,0
24.0204,69226,692490548,1923,0,0,0
24.0306,69227,692500548,1941,0,0,0
24.0403,69228,692510548,1953,0,0,0
24.0504,69229,692520548,1961,0,0,0
24.0604,69230,692530548,1969,0,0,0
24.0705,69231,692540549,1974,0,0,0
24.0804,69232,692550549,1966,0,0,0
24.0905,69233,692560548,1963,0,0,0
24.1005,69234,692570549,1930,0,0,0
24.1105,69235,692580549,1899,0,0,0
24.1205,69236,692590549,1863,0,0,0
24.1305,69237,692600548,1840,0,0,0
24.1404,69238,692610549,1802,0,0,0
24.1505,69239,692620548,1808,0,0,0
24.1603,69240,692630548,1803,0,0,0
24.1704,69241,692640549,1799,0,0,0
24.1804,69242,692650548,1796,0,0,0
24.1904,69243,692660549,1808,0,0,0
24.2006,69244,692670548,1792,0,0,0
24.2105,69245,692680548,1814,0,0,0
24.2204,69246,692690548,1811,0,0,0
24.2305,69247,692700548,1822,0,0,0
24.2404,69248,692710548,1826,0,0,0
24.2504,69249,692720549,1829,0,0,0
24.2603,69250,692730548,1815,0,0,0
24.2704,69251,692740548,1839,0,0,0
24.2808,69252,692750548,1823,0,0,0
24.2904,69253,692760548,1835,0,0,0
24.3006,69254,692770548,1823,0,0,0
24.3105,69255,692780548,1807,0,0,0
24.3204,69256,692790548,1825,0,0,0
24.3307,69257,692800548,1825,0,0,0
24.3404,69258,692810548,1808,0,0,0
24.3505,69259,692820549,1811,0,0,0
24.3605,69260,692830548,1807,0,0,0
24.3706,69261,692840548,1830,0,0,0
24.3804,69262,692850548,1824,0,0,0
24.3904,69263,692860548,1819,0,0,0
24.4006,69264,692870548,1817,0,0,0
24.4104,69265,692880548,1831,0,0,0
24.4205,69266,692890548,1815,0,0,0
24.4305,69267,692900548,1840,0,0,0
24.4404,69268,692910548,1831,0,0,0
24.4514,69269,692920548,1852,0,0,0
24.4608,69270,692930548,1840,0,0,0
24.4704,69271,692940549,1853,0,0,0
24.4809,69272,692950549,1883,0,0,0
24.4905,69273,692960548,1951,0,0,0
24.5008,69274,692970548,1947,0,0,0
24.5106,69275,692980548,2014,0,0,0
24.5204,69276,692990548,1990,0,0,0
24.5305,69277,693000549,1966,0,0,0
24.5403,69278,693010549,1931,0,0,0
24.5504,69279,693020548,1890,0,0,0
24.5604,69280,693030548,1859,0,0,0
24.5706,69281,693040549,1831,0,0,0
24.5804,69282,693050549,1802,0,0,0
24.5904,69283,693060548,1811,0,0,0
24.6005,69284,693070548,1786,0,0,0
24.6104,69285,693080548,1796,0,0,0
24.6204,69286,693090548,1785,0,0,0
24.6305,69287,693100548,1807,0,0,0
24.6404,69288,693110548,1842,0,0,0
24.6504,69289,693120548,1941,0,0,0
24.6605,69290,693130548,2182,0,0,0
24.6705,69291,693140548,2688,0,0,0
24.6807,69292,693150548,2245,0,0,0
24.6907,69293,693160549,1648,0,0,0
24.7010,69294,693170549,1452,0,0,0
24.7104,69295,693180548,1529,0,0,0
24.7205,69296,693190548,1633,0,0,0
24.7305,69297,693200548,1785,0,0,0
24.7403,69298,693210549,1807,0,0,0
24.7505,69299,693220549,1829,0,0,0
24.7603,69300,693230548,1840,0,0,0
24.7706,69301,693240549,1842,0,0,0
24.7806,69302,693250548,1866,0,0,0
24.7904,69303,693260548,1876,0,0,0
24.8009,69304,693270548,1889,0,0,0
24.8107,69305,693280548,1906,0,0,0
24.8204,69306,693290548,1889,0,0,0
24.8305,69307,693300549,1922,0,0,0
24.8406,69308,693310548,1927,0,0,0
24.8504,69309,693320548,1951,0,0,0
24.8604,69310,693330548,1953,0,0,0
24.8704,69311,693340548,1984,0,0,0
24.8806,69312,693350548,1983,0,0,0
24.8903,69313,693360548,1991,0,0,0
24.9005,69314,693370548,1991,0,0,0
24.9103,69315,693380549,2000,0,0,0
24.9205,69316,693390549,1990,0,0,0
24.9305,69317,693400548,2021,0,0,0
24.9403,69318,693410548,1989,0,0,0
24.9506,69319,693420549,1997,0,0,0
24.9605,69320,693430549,1967,0,0,0
24.9705,69321,693440548,1939,0,0,0
24.9806,69322,693450548,1893,0,0,0
24.9910,69323,693460548,1872,0,0,0
25.0007,69324,693470548,1845,0,0,0
25.0104,69325,693480548,1846,0,0,0
25.0205,69326,693490548,1824,0,0,0
25.0304,69327,693500548,1834,0,0,0
25.0403,69328,693510549,1818,0,0,0
25.0505,69329,693520549,1831,0,0,0
25.0603,69330,693530548,1818,0,0,0
25.0705,69331,693540549,1830,0,0,0
25.0805,69332,693550548,1827,0,0,0
25.0905,69333,693560548,1853,0,0,0
25.1005,69334,693570548,1827,0,0,0
25.1111,69335,693580548,1846,0,0,0
25.1205,69336,693590548,1840,0,0,0
25.1305,69337,693600548,1863,0,0,0
25.1406,69338,693610548,1853,0,0,0
25.1505,69339,693620549,1872,0,0,0
25.1603,69340,693630548,1839,0,0,0
25.1707,69341,693640548,1860,0,0,0
25.1804,69342,693650548,1840,0,0,0
25.1905,69343,693660549,1855,0,0,0
25.2022,69344,693670548,1842,0,0,0
25.2104,69345,693680548,1853,0,0,0
25.2204,69346,693690548,1840,0,0,0
25.2305,69347,693700548,1839,0,0,0
25.2403,69348,693710548,1833,0,0,0
25.2505,69349,693720549,1847,0,0,0
25.2603,69350,693730548,1840,0,0,0
25.2706,69351,693740549,1853,0,0,0
25.2806,69352,693750548,1839,0,0,0
25.2903,69353,693760548,1857,0,0,0
25.3005,69354,693770548,1831,0,0,0
25.3105,69355,693780548,1847,0,0,0
25.3205,69356,693790548,1855,0,0,0
25.3305,69357,693800548,1921,0,0,0
25.3406,69358,693810548,1936,0,0,0
25.3505,69359,693820548,1967,0,0,0
25.3605,69360,693830548,1997,0,0,0
25.3706,69361,693840549,1935,0,0,0
25.3805,69362,693850548,1935,0,0,0
25.3905,69363,693860549,1907,0,0,0
25.4007,69364,693870549,1852,0,0,0
25.4103,69365,693880548,1845,0,0,0
25.4205,69366,693890548,1791,0,0,0
25.4305,69367,693900548,1791,0,0,0
25.4408,69368,693910548,1776,0,0,0
25.4505,69369,693920548,1786,0,0,0
25.4606,69370,693930548,1776,0,0,0
25.4704,69371,693940548,1793,0,0,0
25.4806,69372,693950548,1798,0,0,0
25.4904,69373,693960549,1900,0,0,0
25.5005,69374,693970548,1985,0,0,0
25.5105,69375,693980549,2523,0,0,0
25.5206,69376,693990548,2519,0,0,0
25.5305,69377,694000548,1969,0,0,0
25.5403,69378,694010548,1508,0,0,0
25.5507,69379,694020548,1445,0,0,0
25.5604,69380,694030548,1553,0,0,0
25.5705,69381,694040548,1728,0,0,0
25.5805,69382,694050548,1776,0,0,0
25.5903,69383,694060549,1808,0,0,0
25.6004,69384,694070548,1815,0,0,0
25.6105,69385,694080548,1840,0,0,0
25.6206,69386,694090548,1832,0,0,0
25.6308,69387,694100548,1853,0,0,0
25.6404,69388,694110548,1840,0,0,0
25.6503,69389,694120548,1856,0,0,0
25.6605,69390,694130548,1854,0,0,0
25.6705,69391,694140548,1875,0,0,0
25.6806,69392,694150548,1853,0,0,0
25.6906,69393,694160548,1901,0,0,0
25.7022,69394,694170548,1872,0,0,0
25.7103,69395,694180548,1908,0,0,0
25.7205,69396,694190548,1902,0,0,0
25.7305,69397,694200548,1938,0,0,0
25.7403,69398,694210548,1927,0,0,0
25.7505,69399,694220549,1939,0,0,0
25.7604,69400,694230549,1934,0,0,0
25.7704,69401,694240548,1948,0,0,0
25.7806,69402,694250548,1930,0,0,0
25.7904,69403,694260548,1949,0,0,0
25.8003,69404,694270548,1915,0,0,0
25.8105,69405,694280549,1917,0,0,0
25.8205,69406,694290549,1889,0,0,0
25.8304,69407,694300548,1877,0,0,0
25.8406,69408,694310548,1825,0,0,0
25.8506,69409,694320548,1824,0,0,0
25.8606,69410,694330548,1808,0,0,0
25.8705,69411,694340549,1834,0,0,0
25.8805,69412,694350548,1807,0,0,0
25.8903,69413,694360548,1823,0,0,0
25.9005,69414,694370548,1821,0,0,0
25.9103,69415,694380548,1810,0,0,0
25.9205,69416,694390548,1796,0,0,0
25.9308,69417,694400549,1827,0,0,0
25.9404,69418,694410548,1833,0,0,0
25.9508,69419,694420548,1829,0,0,0
25.9615,69420,694430548,1814,0,0,0
25.9707,69421,694440549,1835,0,0,0
25.9805,69422,694450548,1811,0,0,0
25.9906,69423,694460548,1842,0,0,0
26.0004,69424,694470548,1824,0,0,0
26.0104,69425,694480548,1840,0,0,0
26.0205,69426,694490548,1818,0,0,0
26.0304,69427,694500548,1841,0,0,0
26.0404,69428,694510548,1806,0,0,0
26.0505,69429,694520549,1830,0,0,0
26.0603,69430,694530549,1827,0,0,0
26.0704,69431,694540548,1822,0,0,0
26.0808,69432,694550548,1823,0,0,0
26.0904,69433,694560548,1835,0,0,0
26.1007,69434,694570548,1798,0,0,0
26.1107,69435,694580548,1840,0,0,0
26.1204,69436,694590548,1816,0,0,0
26.1304,69437,694600549,1842,0,0,0
26.1404,69438,694610549,1870,0,0,0
26.1504,69439,694620548,1936,0,0,0
26.1604,69440,694630548,1941,0,0,0
26.1705,69441,694640548,1973,0,0,0
26.1804,69442,694650548,1968,0,0,0
26.1907,69443,694660549,1938,0,0,0
26.2021,69444,694670549,1904,0,0,0
26.2105,69445,694680549,1890,0,0,0
26.2204,69446,694690548,1814,0,0,0
26.2305,69447,694700549,1813,0,0,0
26.2403,69448,694710548,1763,0,0,0
26.2504,69449,694720548,1798,0,0,0
26.2605,69450,694730548,1775,0,0,0
26.2704,69451,694740548,1779,0,0,0
26.2805,69452,694750548,1761,0,0,0
26.2904,69453,694760548,1790,0,0,0
26.3007,69454,694770548,1827,0,0,0
26.3105,69455,694780548,1936,0,0,0
26.3206,69456,694790548,2160,0,0,0
26.3305,69457,694800549,2627,0,0,0
26.3404,69458,694810548,2199,0,0,0
26.3503,69459,694820548,1645,0,0,0
26.3603,69460,694830548,1403,0,0,0
26.3704,69461,694840548,1469,0,0,0
26.3805,69462,694850548,1599,0,0,0
26.3904,69463,694860549,1762,0,0,0
26.4006,69464,694870548,1776,0,0,0
26.4107,69465,694880549,1814,0,0,0
26.4203,69466,694890549,1795,0,0,0
26.4304,69467,694900548,1829,0,0,0
26.4404,69468,694910548,1825,0,0,0
26.4517,69469,694920548,1853,0,0,0
26.4605,69470,694930549,1821,0,0,0
26.4706,69471,694940548,1872,0,0,0
26.4806,69472,694950548,1853,0,0,0
26.4903,69473,694960548,1871,0,0,0
26.5006,69474,694970548,1840,0,0,0
26.5104,69475,694980548,1906,0,0,0
26.5204,69476,694990548,1895,0,0,0
26.5305,69477,695000549,1907,0,0,0
26.5403,69478,695010549,1919,0,0,0
26.5504,69479,695020548,1931,0,0,0
26.5605,69480,695030548,1918,0,0,0
26.5704,69481,695040548,1947,0,0,0
26.5806,69482,695050548,1947,0,0,0
26.5903,69483,695060549,1946,0,0,0
26.6004,69484,695070549,1916,0,0,0
26.6104,69485,695080548,1941,0,0,0
26.6204,69486,695090549,1916,0,0,0
26.6304,69487,695100548,1887,0,0,0
26.6403,69488,695110548,1851,0,0,0
26.6504,69489,695120549,1853,0,0,0
26.6604,69490,695130548,1824,0,0,0
26.6705,69491,695140549,1810,0,0,0
26.6806,69492,695150548,1792,0,0,0
26.6904,69493,695160548,1806,0,0,0
26.7022,69494,695170548,1826,0,0,0
26.7104,69495,695180549,1821,0,0,0
26.7203,69496,695190548,1815,0,0,0
26.7306,69497,695200549,1833,0,0,0
26.7403,69498,695210548,1823,0,0,0
26.7504,69499,695220549,1840,0,0,0
26.7604,69500,695230548,1820,0,0,0
26.7706,69501,695240548,1833,0,0,0
26.7804,69502,695250549,1822,0,0,0
26.7904,69503,695260548,1840,0,0,0
26.8006,69504,695270548,1824,0,0,0
26.8104,69505,695280548,1843,0,0,0
26.8205,69506,695290548,1827,0,0,0
26.8304,69507,695300548,1838,0,0,0
26.8404,69508,695310548,1836,0,0,0
26.8510,69509,695320549,1824,0,0,0
26.8604,69510,695330548,1831,0,0,0
26.8704,69511,695340548,1822,0,0,0
26.8807,69512,695350548,1791,0,0,0
26.8904,69513,695360549,1835,0,0,0
26.9003,69514,695370549,1839,0,0,0
26.9106,69515,695380549,1820,0,0,0
26.9203,69516,695390548,1817,0,0,0
26.9303,69517,695400548,1845,0,0,0
26.9404,69518,695410548,1907,0,0,0
26.9511,69519,695420549,1940,0,0,0
26.9603,69520,695430549,1949,0,0,0
26.9710,69521,695440548,1984,0,0,0
26.9804,69522,695450548,1926,0,0,0
26.9904,69523,695460548,1929,0,0,0
27.0005,69524,695470548,1850,0,0,0
27.0104,69525,695480548,1847,0,0,0
27.0204,69526,695490549,1799,0,0,0
27.0304,69527,695500548,1761,0,0,0
27.0404,69528,695510548,1758,0,0,0
27.0504,69529,695520548,1751,0,0,0
27.0604,69530,695530548,1742,0,0,0
27.0704,69531,695540549,1758,0,0,0
27.0804,69532,695550549,1745,0,0,0
27.0903,69533,695560548,1770,0,0,0
27.1005,69534,695570548,1894,0,0,0
27.1104,69535,695580548,2045,0,0,0
27.1205,69536,695590548,2558,0,0,0
27.1306,69537,695600549,2368,0,0,0
27.1404,69538,695610549,1758,0,0,0
27.1504,69539,695620548,1374,0,0,0
27.1607,69540,695630549,1419,0,0,0
27.1704,69541,695640548,1553,0,0,0
27.1804,69542,695650548,1705,0,0,0
27.1904,69543,695660549,1776,0,0,0
27.2018,69544,695670548,1779,0,0,0
27.2103,69545,695680548,1814,0,0,0
27.2207,69546,695690548,1799,0,0,0
27.2305,69547,695700548,1817,0,0,0
27.2404,69548,695710548,1822,0,0,0
27.2506,69549,695720548,1834,0,0,0
27.2605,69550,695730548,1834,0,0,0
27.2703,69551,695740549,1847,0,0,0
27.2804,69552,695750548,1838,0,0,0
27.2904,69553,695760549,1853,0,0,0
27.3006,69554,695770548,1863,0,0,0
27.3106,69555,695780548,1879,0,0,0
27.3203,69556,695790549,1870,0,0,0
27.3306,69557,695800548,1891,0,0,0
27.3405,69558,695810548,1899,0,0,0
27.3504,69559,695820549,1923,0,0,0
27.3605,69560,695830549,1920,0,0,0
27.3707,69561,695840548,1918,0,0,0
27.3805,69562,695850549,1902,0,0,0
27.3904,69563,695860548,1927,0,0,0
27.4005,69564,695870548,1922,0,0,0
27.4106,69565,695880548,1914,0,0,0
27.4204,69566,695890548,1872,0,0,0
27.4305,69567,695900548,1841,0,0,0
27.4403,69568,695910549,1826,0,0,0
27.4503,69569,695920548,1807,0,0,0
27.4618,69570,695930548,1785,0,0,0
27.4704,69571,695940548,1787,0,0,0
27.4806,69572,695950548,1783,0,0,0
27.4904,69573,695960549,1779,0,0,0
27.5004,69574,695970548,1776,0,0,0
27.5104,69575,695980548,1793,0,0,0
27.5204,69576,695990548,1780,0,0,0
27.5304,69577,696000548,1797,0,0,0
27.5404,69578,696010548,1776,0,0,0
27.5504,69579,696020548,1790,0,0,0
27.5603,69580,696030548,1791,0,0,0
27.5705,69581,696040548,1809,0,0,0
27.5805,69582,696050548,1805,0,0,0
27.5903,69583,696060548,1813,0,0,0
27.6006,69584,696070548,1808,0,0,0
27.6107,69585,696080549,1795,0,0,0
27.6204,69586,696090548,1808,0,0,0
27.6306,69587,696100548,1804,0,0,0
27.6404,69588,696110548,1803,0,0,0
27.6504,69589,696120548,1792,0,0,0
27.6604,69590,696130548,1794,0,0,0
27.6704,69591,696140548,1791,0,0,0
27.6805,69592,696150548,1793,0,0,0
27.6921,69593,696160549,1789,0,0,0
27.7006,69594,696170549,1793,0,0,0
27.7103,69595,696180548,1782,0,0,0
27.7205,69596,696190548,1795,0,0,0
27.7305,69597,696200549,1805,0,0,0
27.7404,69598,696210548,1811,0,0,0
27.7505,69599,696220549,1863,0,0,0
27.7603,69600,696230548,1903,0,0,0
27.7704,69601,696240549,1915,0,0,0
27.7805,69602,696250548,1948,0,0,0
27.7905,69603,696260549,1914,0,0,0
27.8004,69604,696270549,1904,0,0,0
27.8105,69605,696280548,1856,0,0,0
27.8203,69606,696290548,1837,0,0,0
27.8305,69607,696300549,1804,0,0,0
27.8404,69608,696310549,1766,0,0,0
27.8504,69609,696320548,1737,0,0,0
27.8604,69610,696330548,1747,0,0,0
27.8705,69611,696340549,1743,0,0,0
27.8805,69612,696350549,1738,0,0,0
27.8904,69613,696360549,1742,0,0,0
27.9004,69614,696370549,1740,0,0,0
27.9104,69615,696380549,1838,0,0,0
27.9204,69616,696390549,1942,0,0,0
27.9305,69617,696400548,2350,0,0,0
27.9403,69618,696410548,2559,0,0,0
27.9511,69619,696420549,2020,0,0,0
27.9603,69620,696430548,1502,0,0,0
27.9703,69621,696440549,1401,0,0,0
27.9806,69622,696450548,1503,0,0,0
27.9905,69623,696460548,1648,0,0,0
28.0005,69624,696470549,1757,0,0,0
28.0106,69625,696480549,1761,0,0,0
28.0204,69626,696490548,1791,0,0,0
28.0304,69627,696500549,1801,0,0,0
28.0403,69628,696510548,1813,0,0,0
28.0504,69629,696520548,1807,0,0,0
28.0604,69630,696530548,1839,0,0,0
28.0705,69631,696540549,1835,0,0,0
28.0805,69632,696550548,1839,0,0,0
28.0904,69633,696560548,1834,0,0,0
28.1006,69634,696570548,1859,0,0,0
28.1105,69635,696580549,1853,0,0,0
28.1204,69636,696590548,1872,0,0,0
28.1303,69637,696600548,1871,0,0,0
28.1403,69638,696610548,1893,0,0,0
28.1504,69639,696620548,1906,0,0,0
28.1606,69640,696630548,1921,0,0,0
28.1703,69641,696640549,1923,0,0,0
28.1805,69642,696650548,1936,0,0,0
28.1905,69643,696660548,1936,0,0,0
28.2026,69644,696670548,1948,0,0,0
28.2104,69645,696680548,1936,0,0,0
28.2205,69646,696690548,1938,0,0,0
28.2303,69647,696700548,1904,0,0,0
28.2403,69648,696710548,1881,0,0,0
28.2504,69649,696720549,1831,0,0,0
28.2603,69650,696730549,1827,0,0,0
28.2703,69651,696740548,1799,0,0,0
28.2807,69652,696750548,1783,0,0,0
28.2904,69653,696760548,1782,0,0,0
28.3005,69654,696770549,1791,0,0,0
28.3105,69655,696780549,1787,0,0,0
28.3203,69656,696790548,1795,0,0,0
28.3304,69657,696800548,1786,0,0,0
28.3405,69658,696810548,1803,0,0,0
28.3504,69659,696820549,1793,0,0,0
28.3603,69660,696830548,1811,0,0,0
28.3704,69661,696840548,1803,0,0,0
28.3804,69662,696850548,1823,0,0,0
28.3904,69663,696860549,1811,0,0,0
28.4006,69664,696870549,1829,0,0,0
28.4105,69665,696880548,1822,0,0,0
28.4203,69666,696890548,1830,0,0,0
28.4306,69667,696900549,1813,0,0,0
28.4408,69668,696910548,1839,0,0,0
28.4506,69669,696920549,1813,0,0,0
28.4605,69670,696930549,1814,0,0,0
28.4704,69671,696940548,1809,0,0,0
28.4805,69672,696950548,1819,0,0,0
28.4904,69673,696960548,1808,0,0,0
28.5005,69674,696970548,1821,0,0,0
28.5106,69675,696980549,1802,0,0,0
28.5204,69676,696990549,1808,0,0,0
28.5305,69677,697000549,1807,0,0,0
28.5404,69678,697010548,1813,0,0,0
28.5503,69679,697020548,1794,0,0,0
28.5603,69680,697030548,1815,0,0,0
28.5704,69681,697040549,1809,0,0,0
28.5804,69682,697050548,1836,0,0,0
28.5904,69683,697060548,1859,0,0,0
28.6006,69684,697070549,1915,0,0,0
28.6106,69685,697080548,1910,0,0,0
28.6203,69686,697090548,1979,0,0,0
28.6304,69687,697100549,1936,0,0,0
28.6402,69688,697110549,1929,0,0,0
28.6505,69689,697120548,1885,0,0,0
28.6604,69690,697130548,1862,0,0,0
28.6705,69691,697140548,1825,0,0,0
28.6805,69692,697150548,1803,0,0,0
28.6911,69693,697160549,1766,0,0,0
28.7003,69694,697170548,1787,0,0,0
28.7104,69695,697180548,1765,0,0,0
28.7204,69696,697190548,1775,0,0,0
28.7304,69697,697200548,1767,0,0,0
28.7403,69698,697210548,1790,0,0,0
28.7504,69699,697220549,1834,0,0,0
28.7603,69700,697230548,1930,0,0,0
28.7704,69701,697240549,2213,0,0,0
28.7805,69702,697250549,2691,0,0,0
28.7904,69703,697260548,2209,0,0,0
28.8005,69704,697270548,1597,0,0,0
28.8106,69705,697280548,1434,0,0,0
28.8204,69706,697290549,1520,0,0,0
28.8304,69707,697300548,1631,0,0,0
28.8404,69708,697310548,1766,0,0,0
28.8504,69709,697320549,1773,0,0,0
28.8603,69710,697330548,1808,0,0,0
28.8705,69711,697340548,1799,0,0,0
28.8806,69712,697350548,1847,0,0,0
28.8903,69713,697360548,1825,0,0,0
28.9006,69714,697370548,1849,0,0,0
28.9105,69715,697380548,1837,0,0,0
28.9204,69716,697390548,1851,0,0,0
28.9304,69717,697400548,1843,0,0,0
28.9410,69718,697410549,1865,0,0,0
28.9507,69719,697420549,1861,0,0,0
28.9603,69720,697430548,1897,0,0,0
28.9705,69721,697440549,1879,0,0,0
28.9804,69722,697450548,1915,0,0,0
28.9906,69723,697460548,1904,0,0,0
29.0004,69724,697470548,1927,0,0,0
29.0104,69725,697480549,1931,0,0,0
29.0205,69726,697490548,1956,0,0,0
29.0306,69727,697500549,1936,0,0,0
29.0404,69728,697510548,1963,0,0,0
29.0505,69729,697520548,1946,0,0,0
29.0606,69730,697530548,1953,0,0,0
29.0704,69731,697540549,1909,0,0,0
29.0804,69732,697550548,1893,0,0,0
29.0904,69733,697560549,1849,0,0,0
29.1004,69734,697570548,1830,0,0,0
29.1105,69735,697580548,1794,0,0,0
29.1204,69736,697590548,1799,0,0,0
29.1307,69737,697600548,1776,0,0,0
29.1404,69738,697610548,1791,0,0,0
29.1504,69739,697620548,1781,0,0,0
29.1607,69740,697630548,1808,0,0,0
29.1703,69741,697640549,1776,0,0,0
29.1805,69742,697650549,1806,0,0,0
29.1905,69743,697660548,1793,0,0,0
29.2004,69744,697670548,1813,0,0,0
29.2104,69745,697680548,1808,0,0,0
29.2204,69746,697690548,1828,0,0,0
29.2305,69747,697700548,1808,0,0,0
29.2403,69748,697710548,1839,0,0,0
29.2507,69749,697720548,1822,0,0,0
29.2605,69750,697730548,1844,0,0,0
29.2703,69751,697740548,1825,0,0,0
29.2805,69752,697750548,1840,0,0,0
29.2904,69753,697760548,1822,0,0,0
29.3007,69754,697770548,1836,0,0,0
29.3107,69755,697780548,1814,0,0,0
29.3204,69756,697790548,1840,0,0,0
29.3304,69757,697800549,1821,0,0,0
29.3405,69758,697810549,1831,0,0,0
29.3504,69759,697820549,1811,0,0,0
29.3605,69760,697830548,1831,0,0,0
29.3705,69761,697840549,1818,0,0,0
29.3806,69762,697850548,1829,0,0,0
29.3903,69763,697860548,1808,0,0,0
29.4005,69764,697870548,1833,0,0,0
29.4105,69765,697880548,1813,0,0,0
29.4204,69766,697890549,1837,0,0,0
29.4305,69767,697900548,1815,0,0,0
29.4403,69768,697910548,1850,0,0,0
29.4521,69769,697920548,1895,0,0,0
29.4605,69770,697930548,1947,0,0,0
29.4703,69771,697940549,1947,0,0,0
29.4805,69772,697950549,2000,0,0,0
29.4904,69773,697960548,1932,0,0,0
29.5003,69774,697970548,1946,0,0,0
29.5103,69775,697980549,1888,0,0,0
29.5203,69776,697990548,1869,0,0,0
29.5304,69777,698000549,1809,0,0,0
29.5403,69778,698010549,1811,0,0,0
29.5503,69779,698020548,1782,0,0,0
29.5604,69780,698030548,1791,0,0,0
29.5704,69781,698040548,1775,0,0,0
29.5804,69782,698050548,1791,0,0,0
29.5903,69783,698060548,1778,0,0,0
29.6004,69784,698070548,1809,0,0,0
29.6105,69785,698080549,1877,0,0,0
29.6204,69786,698090548,1968,0,0,0
29.6305,69787,698100548,2512,0,0,0
29.6403,69788,698110548,2622,0,0,0
29.6504,69789,698120548,1941,0,0,0
29.6603,69790,698130548,1521,0,0,0
29.6706,69791,698140548,1477,0,0,0
29.6803,69792,698150548,1584,0,0,0
29.6906,69793,698160548,1727,0,0,0
29.7008,69794,698170548,1808,0,0,0
29.7105,69795,698180549,1798,0,0,0
29.7204,69796,698190548,1831,0,0,0
29.7305,69797,698200549,1829,0,0,0
29.7404,69798,698210548,1859,0,0,0
29.7503,69799,698220549,1859,0,0,0
29.7604,69800,698230548,1887,0,0,0
29.7704,69801,698240549,1872,0,0,0
29.7803,69802,698250549,1886,0,0,0
29.7904,69803,698260548,1897,0,0,0
29.8004,69804,698270548,1911,0,0,0
29.8105,69805,698280548,1909,0,0,0
29.8204,69806,698290548,1923,0,0,0
29.8304,69807,698300548,1936,0,0,0
29.8403,69808,698310548,1959,0,0,0
29.8505,69809,698320549,1968,0,0,0
29.8604,69810,698330548,1997,0,0,0
29.8704,69811,698340548,2001,0,0,0
29.8805,69812,698350548,2005,0,0,0
29.8904,69813,698360548,1993,0,0,0
29.9005,69814,698370548,2018,0,0,0
29.9107,69815,698380548,1995,0,0,0
29.9204,69816,698390548,2000,0,0,0
29.9304,69817,698400548,1965,0,0,0
29.9403,69818,698410548,1935,0,0,0
29.9504,69819,698420548,1885,0,0,0
29.9605,69820,698430548,1871,0,0,0
29.9709,69821,698440549,1841,0,0,0
29.9804,69822,698450548,1828,0,0,0
29.9906,69823,698460548,1818,0,0,0
30.0007,69824,698470548,1827,0,0,0
30.0155,69825,698480548,1815,0,0,0
30.0203,69826,698490549,1839,0,0,0
30.0338,69827,698500548,1833,0,0,0
30.0405,69828,698510548,1845,0,0,0
30.0503,69829,698520549,1835,0,0,0
30.0672,69830,698530548,1851,0,0,0
30.0705,69831,698540548,1838,0,0,0
30.0814,69832,698550548,1847,0,0,0
30.0903,69833,698560548,1840,0,0,0
30.1003,69834,698570548,1847,0,0,0
30.1106,69835,698580549,1840,0,0,0
30.1203,69836,698590549,1854,0,0,0
30.1304,69837,698600549,1836,0,0,0
30.1403,69838,698610549,1844,0,0,0
30.1507,69839,698620549,1829,0,0,0
30.1606,69840,698630549,1843,0,0,0
30.1704,69841,698640549,1837,0,0,0
30.1806,69842,698650548,1840,0,0,0
30.1903,69843,698660549,1830,0,0,0
30.2023,69844,698670548,1840,0,0,0
30.2103,69845,698680549,1812,0,0,0
30.2206,69846,698690548,1826,0,0,0
30.2305,69847,698700548,1814,0,0,0
30.2403,69848,698710548,1839,0,0,0
30.2505,69849,698720549,1820,0,0,0
30.2604,69850,698730549,1819,0,0,0
30.2703,69851,698740548,1823,0,0,0
30.2852,69852,698750549,1848,0,0,0
30.2923,69853,698760548,1873,0,0,0
30.3003,69854,698770548,1924,0,0,0
30.3131,69855,698780548,1935,0,0,0
30.3204,69856,698790548,1992,0,0,0
30.3366,69857,698800549,1966,0,0,0
30.3402,69858,698810549,1933,0,0,0
30.3505,69859,698820548,1911,0,0,0
30.3606,69860,698830548,1879,0,0,0
30.3703,69861,698840548,1840,0,0,0
30.3803,69862,698850548,1808,0,0,0
30.3903,69863,698860548,1780,0,0,0
30.4003,69864,698870548,1788,0,0,0
30.4105,69865,698880548,1769,0,0,0
30.4204,69866,698890548,1771,0,0,0
30.4306,69867,698900548,1774,0,0,0
30.4456,69868,698910548,1787,0,0,0
30.4574,69869,698920548,1837,0,0,0
30.4653,69870,698930548,1914,0,0,0
30.4747,69871,698940549,2213,0,0,0
30.4811,69872,698950549,2688,0,0,0
30.4928,69873,698960548,2224,0,0,0
30.5018,69874,698970548,1668,0,0,0
30.5104,69875,698980549,1463,0,0,0
30.5203,69876,698990548,1510,0,0,0
30.5307,69877,699000549,1639,0,0,0
30.5403,69878,699010548,1761,0,0,0
30.5503,69879,699020548,1776,0,0,0
30.5607,69880,699030548,1798,0,0,0
30.5704,69881,699040549,1813,0,0,0
30.5805,69882,699050548,1821,0,0,0
30.5903,69883,699060549,1834,0,0,0
30.6002,69884,699070549,1856,0,0,0
30.6183,69885,699080548,1853,0,0,0
30.6205,69886,699090548,1869,0,0,0
30.6341,69887,699100548,1872,0,0,0
30.6456,69888,699110548,1877,0,0,0
30.6506,69889,699120549,1880,0,0,0
30.6606,69890,699130549,1878,0,0,0
30.6731,69891,699140548,1907,0,0,0
30.6805,69892,699150548,1909,0,0,0
30.6903,69893,699160549,1917,0,0,0
30.7019,69894,699170548,1937,0,0,0
30.7103,69895,699180548,1950,0,0,0
30.7203,69896,699190548,1949,0,0,0
30.7304,69897,699200548,1951,0,0,0
30.7402,69898,699210548,1953,0,0,0
30.7503,69899,699220548,1941,0,0,0
30.7608,69900,699230549,1935,0,0,0
30.7703,69901,699240548,1909,0,0,0
30.7803,69902,699250548,1892,0,0,0
30.7935,69903,699260548,1870,0,0,0
30.8007,69904,699270549,1833,0,0,0
30.8155,69905,699280548,1824,0,0,0
30.8223,69906,699290548,1804,0,0,0
30.8304,69907,699300548,1798,0,0,0
30.8403,69908,699310548,1790,0,0,0
30.8533,69909,699320548,1807,0,0,0
30.8615,69910,699330548,1808,0,0,0
30.8704,69911,699340549,1808,0,0,0
30.8806,69912,699350549,1801,0,0,0
30.8903,69913,699360549,1811,0,0,0
30.9005,69914,699370548,1811,0,0,0
30.9108,69915,699380549,1814,0,0,0
30.9203,69916,699390548,1809,0,0,0
30.9305,69917,699400548,1810,0,0,0
30.9404,69918,699410548,1821,0,0,0
30.9509,69919,699420549,1823,0,0,0
30.9604,69920,699430549,1817,0,0,0
30.9707,69921,699440549,1826,0,0,0
30.9808,69922,699450548,1813,0,0,0
30.9904,69923,699460549,1822,0,0,0
31.0011,69924,699470549,1818,0,0,0
31.0110,69925,699480548,1830,0,0,0
31.0203,69926,699490549,1815,0,0,0
31.0304,69927,699500548,1813,0,0,0
31.0404,69928,699510548,1808,0,0,0
31.0503,69929,699520548,1825,0,0,0
31.0608,69930,699530548,1813,0,0,0
31.0703,69931,699540549,1824,0,0,0
31.0805,69932,699550548,1821,0,0,0
31.0905,69933,699560549,1840,0,0,0
31.1003,69934,699570549,1887,0,0,0
31.1106,69935,699580548,1918,0,0,0
31.1205,69936,699590548,1941,0,0,0
31.1306,69937,699600548,1984,0,0,0
31.1403,69938,699610548,1925,0,0,0
31.1504,69939,699620548,1930,0,0,0
31.1605,69940,699630548,1882,0,0,0
31.1703,69941,699640549,1871,0,0,0
31.1804,69942,699650548,1811,0,0,0
31.1903,69943,699660548,1786,0,0,0
31.2004,69944,699670548,1758,0,0,0
31.2106,69945,699680548,1760,0,0,0
31.2204,69946,699690548,1759,0,0,0
31.2307,69947,699700548,1766,0,0,0
31.2403,69948,699710548,1751,0,0,0
31.2504,69949,699720549,1771,0,0,0
31.2609,69950,699730548,1813,0,0,0
31.2703,69951,699740548,1931,0,0,0
31.2806,69952,699750548,2275,0,0,0
31.2904,69953,699760548,2615,0,0,0
31.3003,69954,699770549,2108,0,0,0
31.3104,69955,699780548,1567,0,0,0
31.3203,69956,699790548,1394,0,0,0
31.3307,69957,699800549,1495,0,0,0
31.3404,69958,699810548,1616,0,0,0
31.3505,69959,699820548,1771,0,0,0
31.3603,69960,699830548,1759,0,0,0
31.3703,69961,699840548,1777,0,0,0
31.3804,69962,699850548,1807,0,0,0
31.3904,69963,699860548,1815,0,0,0
31.4003,69964,699870548,1827,0,0,0
31.4104,69965,699880549,1837,0,0,0
31.4204,69966,699890548,1813,0,0,0
31.4304,69967,699900549,1841,0,0,0
31.4403,69968,699910549,1845,0,0,0
31.4503,69969,699920548,1850,0,0,0
31.4604,69970,699930548,1854,0,0,0
31.4706,69971,699940548,1883,0,0,0
31.4804,69972,699950548,1862,0,0,0
31.4904,69973,699960549,1888,0,0,0
31.5004,69974,699970548,1895,0,0,0
31.5103,69975,699980549,1916,0,0,0
31.5202,69976,699990549,1905,0,0,0
31.5317,69977,700000548,1922,0,0,0
31.5411,69978,700010548,1897,0,0,0
31.5509,69979,700020549,1936,0,0,0
31.5603,69980,700030549,1922,0,0,0
31.5704,69981,700040549,1921,0,0,0
31.5807,69982,700050548,1893,0,0,0
31.5903,69983,700060549,1879,0,0,0
31.6003,69984,700070549,1836,0,0,0
31.6105,69985,700080548,1826,0,0,0
31.6207,69986,700090548,1800,0,0,0
31.6307,69987,700100548,1823,0,0,0
31.6403,69988,700110548,1792,0,0,0
31.6505,69989,700120549,1796,0,0,0
31.6606,69990,700130548,1790,0,0,0
31.6704,69991,700140548,1821,0,0,0
31.6806,69992,700150548,1799,0,0,0
31.6905,69993,700160548,1829,0,0,0
31.7007,69994,700170548,1813,0,0,0
31.7105,69995,700180549,1815,0,0,0
31.7203,69996,700190548,1819,0,0,0
31.7307,69997,700200549,1837,0,0,0
31.7403,69998,700210549,1826,0,0,0
31.7505,69999,700220549,1839,0,0,0
31.7607,70000,700230549,1820,0,0,0
31.7703,70001,700240548,1834,0,0,0
31.7807,70002,700250548,1824,0,0,0
31.7906,70003,700260548,1856,0,0,0
31.8003,70004,700270548,1831,0,0,0
31.8106,70005,700280549,1835,0,0,0
31.8204,70006,700290548,1840,0,0,0
31.8306,70007,700300549,1845,0,0,0
31.8403,70008,700310548,1826,0,0,0
31.8507,70009,700320548,1847,0,0,0
31.8605,70010,700330548,1840,0,0,0
31.8703,70011,700340549,1856,0,0,0
31.8804,70012,700350548,1868,0,0,0
31.8903,70013,700360548,1963,0,0,0
31.9003,70014,700370549,1963,0,0,0
31.9106,70015,700380548,2007,0,0,0
31.9204,70016,700390549,1982,0,0,0
31.9307,70017,700400548,1957,0,0,0
31.9404,70018,700410549,1922,0,0,0
31.9526,70019,700420548,1903,0,0,0
31.9606,70020,700430548,1850,0,0,0
31.9704,70021,700440549,1823,0,0,0
31.9804,70022,700450548,1786,0,0,0
31.9904,70023,700460549,1795,0,0,0
32.0007,70024,700470549,1766,0,0,0
32.0103,70025,700480549,1780,0,0,0
32.0203,70026,700490549,1776,0,0,0
32.0304,70027,700500548,1795,0,0,0
32.0402,70028,700510548,1827,0,0,0
32.0503,70029,700520548,1956,0,0,0
32.0607,70030,700530548,2173,0,0,0
32.0702,70031,700540549,2637,0,0,0
32.0803,70032,700550548,2213,0,0,0
32.0903,70033,700560548,1659,0,0,0
32.1005,70034,700570548,1404,0,0,0
32.1105,70035,700580548,1477,0,0,0
32.1204,70036,700590548,1600,0,0,0
32.1303,70037,700600548,1771,0,0,0
32.1405,70038,700610548,1783,0,0,0
32.1504,70039,700620548,1792,0,0,0
32.1606,70040,700630548,1808,0,0,0
32.1704,70041,700640549,1852,0,0,0
32.1807,70042,700650548,1833,0,0,0
32.1920,70043,700660549,1838,0,0,0
32.2007,70044,700670548,1843,0,0,0
32.2108,70045,700680549,1871,0,0,0
32.2203,70046,700690548,1872,0,0,0
32.2305,70047,700700548,1890,0,0,0
32.2403,70048,700710548,1874,0,0,0
32.2502,70049,700720549,1890,0,0,0
32.2604,70050,700730548,1894,0,0,0
32.2703,70051,700740549,1907,0,0,0
32.2802,70052,700750548,1907,0,0,0
32.2902,70053,700760549,1942,0,0,0
32.3005,70054,700770549,1935,0,0,0
32.3104,70055,700780548,1955,0,0,0
32.3203,70056,700790548,1941,0,0,0
32.3304,70057,700800548,1976,0,0,0
32.3403,70058,700810548,1948,0,0,0
32.3502,70059,700820549,1942,0,0,0
32.3607,70060,700830548,1913,0,0,0
32.3703,70061,700840549,1904,0,0,0
32.3804,70062,700850549,1853,0,0,0
32.3904,70063,700860548,1850,0,0,0
32.4002,70064,700870548,1818,0,0,0
32.4106,70065,700880548,1833,0,0,0
32.4203,70066,700890549,1803,0,0,0
32.4303,70067,700900548,1813,0,0,0
32.4402,70068,700910548,1787,0,0,0
32.4516,70069,700920549,1818,0,0,0
32.4610,70070,700930548,1801,0,0,0
32.4703,70071,700940548,1825,0,0,0
32.4803,70072,700950549,1810,0,0,0
32.4902,70073,700960548,1826,0,0,0
32.5006,70074,700970548,1802,0,0,0
32.5106,70075,700980548,1837,0,0,0
32.5203,70076,700990548,1824,0,0,0
32.5303,70077,701000549,1823,0,0,0
32.5403,70078,701010548,1823,0,0,0
32.5503,70079,701020549,1834,0,0,0
32.5604,70080,701030549,1813,0,0,0
32.5704,70081,701040548,1826,0,0,0
32.5804,70082,701050548,1808,0,0,0
32.5903,70083,701060548,1811,0,0,0
32.6003,70084,701070548,1804,0,0,0
32.6109,70085,701080548,1811,0,0,0
32.6202,70086,701090548,1792,0,0,0
32.6304,70087,701100548,1830,0,0,0
32.6404,70088,701110548,1803,0,0,0
32.6503,70089,701120549,1810,0,0,0
32.6605,70090,701130548,1835,0,0,0
32.6704,70091,701140548,1913,0,0,0
32.6802,70092,701150548,1927,0,0,0
32.6905,70093,701160548,1987,0,0,0
32.7013,70094,701170549,1965,0,0,0
32.7106,70095,701180548,1935,0,0,0
32.7202,70096,701190548,1907,0,0,0
32.7303,70097,701200549,1861,0,0,0
32.7402,70098,701210549,1833,0,0,0
32.7504,70099,701220549,1794,0,0,0
32.7607,70100,701230549,1761,0,0,0
32.7704,70101,701240549,1765,0,0,0
32.7804,70102,701250549,1749,0,0,0
32.7904,70103,701260548,1754,0,0,0
32.8004,70104,701270548,1748,0,0,0
32.8104,70105,701280548,1761,0,0,0
32.8203,70106,701290548,1778,0,0,0
32.8303,70107,701300549,1902,0,0,0
32.8402,70108,701310549,2030,0,0,0
32.8504,70109,701320548,2581,0,0,0
32.8604,70110,701330548,2335,0,0,0
32.8705,70111,701340548,1743,0,0,0
32.8806,70112,701350548,1403,0,0,0
32.8902,70113,701360549,1411,0,0,0
32.9003,70114,701370548,1535,0,0,0
32.9106,70115,701380548,1716,0,0,0
32.9202,70116,701390548,1759,0,0,0
32.9304,70117,701400548,1777,0,0,0
32.9402,70118,701410548,1804,0,0,0
32.9504,70119,701420548,1824,0,0,0
32.9614,70120,701430548,1813,0,0,0
32.9703,70121,701440549,1840,0,0,0
32.9806,70122,701450549,1831,0,0,0
32.9905,70123,701460549,1842,0,0,0
33.0004,70124,701470548,1859,0,0,0
33.0104,70125,701480548,1867,0,0,0
33.0203,70126,701490548,1851,0,0,0
33.0303,70127,701500548,1872,0,0,0
33.0402,70128,701510548,1881,0,0,0
33.0504,70129,701520549,1888,0,0,0
33.0605,70130,701530549,1894,0,0,0
33.0705,70131,701540548,1923,0,0,0
33.0804,70132,701550548,1930,0,0,0
33.0903,70133,701560549,1955,0,0,0
33.1003,70134,701570548,1942,0,0,0
33.1106,70135,701580549,1949,0,0,0
33.1203,70136,701590548,1937,0,0,0
33.1304,70137,701600548,1939,0,0,0
33.1403,70138,701610548,1910,0,0,0
33.1503,70139,701620548,1889,0,0,0
33.1606,70140,701630548,1842,0,0,0
33.1703,70141,701640548,1844,0,0,0
33.1803,70142,701650548,1810,0,0,0
33.1902,70143,701660548,1803,0,0,0
33.2002,70144,701670548,1778,0,0,0
33.2106,70145,701680549,1794,0,0,0
33.2203,70146,701690548,1785,0,0,0
33.2303,70147,701700549,1779,0,0,0
33.2402,70148,701710549,1789,0,0,0
33.2503,70149,701720548,1802,0,0,0
33.2604,70150,701730548,1793,0,0,0
33.2703,70151,701740548,1801,0,0,0
33.2807,70152,701750548,1810,0,0,0
33.2902,70153,701760549,1798,0,0,0
33.3006,70154,701770548,1812,0,0,0
33.3107,70155,701780549,1812,0,0,0
33.3202,70156,701790548,1808,0,0,0
33.3303,70157,701800549,1810,0,0,0
33.3402,70158,701810549,1823,0,0,0
33.3503,70159,701820548,1825,0,0,0
33.3605,70160,701830548,1820,0,0,0
33.3704,70161,701840549,1819,0,0,0
33.3803,70162,701850549,1809,0,0,0
33.3902,70163,701860549,1803,0,0,0
33.4005,70164,701870548,1809,0,0,0
33.4106,70165,701880549,1815,0,0,0
33.4203,70166,701890548,1815,0,0,0
33.4304,70167,701900548,1789,0,0,0
33.4402,70168,701910548,1814,0,0,0
33.4503,70169,701920548,1799,0,0,0
33.4605,70170,701930548,1805,0,0,0
33.4704,70171,701940549,1802,0,0,0
33.4805,70172,701950548,1827,0,0,0
33.4903,70173,701960548,1882,0,0,0
33.5005,70174,701970548,1919,0,0,0
33.5106,70175,701980549,1937,0,0,0
33.5204,70176,701990548,1949,0,0,0
33.5302,70177,702000548,1904,0,0,0
33.5403,70178,702010548,1903,0,0,0
33.5504,70179,702020548,1847,0,0,0
33.5604,70180,702030548,1834,0,0,0
33.5703,70181,702040549,1788,0,0,0
33.5805,70182,702050549,1764,0,0,0
33.5904,70183,702060548,1751,0,0,0
33.6003,70184,702070548,1766,0,0,0
33.6109,70185,702080548,1746,0,0,0
33.6204,70186,702090548,1746,0,0,0
33.6303,70187,702100548,1743,0,0,0
33.6404,70188,702110549,1766,0,0,0
33.6503,70189,702120548,1863,0,0,0
33.6606,70190,702130548,1958,0,0,0
33.6704,70191,702140548,2471,0,0,0
33.6805,70192,702150548,2507,0,0,0
33.6903,70193,702160548,1899,0,0,0
33.7035,70194,702170548,1445,0,0,0
33.7104,70195,702180548,1409,0,0,0
33.7202,70196,702190548,1531,0,0,0
33.7302,70197,702200549,1680,0,0,0
33.7403,70198,702210548,1754,0,0,0
33.7503,70199,702220548,1767,0,0,0
33.7605,70200,702230549,1794,0,0,0
33.7702,70201,702240548,1791,0,0,0
33.7804,70202,702250548,1809,0,0,0
33.7905,70203,702260548,1806,0,0,0
33.8002,70204,702270548,1821,0,0,0
33.8102,70205,702280548,1815,0,0,0
33.8204,70206,702290548,1840,0,0,0
33.8302,70207,702300548,1843,0,0,0
33.8404,70208,702310548,1860,0,0,0
33.8505,70209,702320548,1859,0,0,0
33.8606,70210,702330548,1877,0,0,0
33.8704,70211,702340549,1884,0,0,0
33.8803,70212,702350548,1901,0,0,0
33.8902,70213,702360549,1904,0,0,0
33.9003,70214,702370549,1929,0,0,0
33.9104,70215,702380548,1925,0,0,0
33.9203,70216,702390548,1939,0,0,0
33.9303,70217,702400548,1936,0,0,0
33.9403,70218,702410548,1941,0,0,0
33.9505,70219,702420548,1934,0,0,0
33.9609,70220,702430548,1926,0,0,0
33.9705,70221,702440549,1885,0,0,0
33.9804,70222,702450548,1874,0,0,0
33.9903,70223,702460548,1825,0,0,0
34.0004,70224,702470548,1803,0,0,0
34.0106,70225,702480549,1785,0,0,0
34.0203,70226,702490548,1785,0,0,0
34.0303,70227,702500548,1775,0,0,0
34.0404,70228,702510548,1786,0,0,0
34.0503,70229,702520549,1782,0,0,0
34.0605,70230,702530549,1794,0,0,0
34.0703,70231,702540548,1776,0,0,0
34.0803,70232,702550548,1793,0,0,0
34.0903,70233,702560548,1796,0,0,0
34.1004,70234,702570548,1802,0,0,0
34.1105,70235,702580548,1795,0,0,0
34.1204,70236,702590548,1810,0,0,0
34.1304,70237,702600548,1813,0,0,0
34.1404,70238,702610548,1829,0,0,0
34.1503,70239,702620548,1814,0,0,0
34.1607,70240,702630548,1835,0,0,0
34.1703,70241,702640548,1813,0,0,0
34.1803,70242,702650548,1819,0,0,0
34.1902,70243,702660548,1808,0,0,0
34.2005,70244,702670548,1817,0,0,0
34.2114,70245,702680549,1802,0,0,0
34.2208,70246,702690548,1820,0,0,0
34.2305,70247,702700548,1808,0,0,0
34.2403,70248,702710548,1826,0,0,0
34.2505,70249,702720548,1814,0,0,0
34.2606,70250,702730548,1825,0,0,0
34.2703,70251,702740549,1807,0,0,0
34.2803,70252,702750549,1837,0,0,0
34.2902,70253,702760548,1809,0,0,0
34.3004,70254,702770548,1821,0,0,0
34.3106,70255,702780548,1803,0,0,0
34.3204,70256,702790548,1835,0,0,0
34.3303,70257,702800549,1829,0,0,0
34.3403,70258,702810548,1850,0,0,0
34.3505,70259,702820548,1898,0,0,0
34.3605,70260,702830548,1949,0,0,0
34.3705,70261,702840549,1943,0,0,0
34.3802,70262,702850548,1983,0,0,0
34.3903,70263,702860548,1909,0,0,0
34.4003,70264,702870548,1936,0,0,0
34.4104,70265,702880549,1855,0,0,0
34.4203,70266,702890548,1855,0,0,0
34.4304,70267,702900548,1793,0,0,0
34.4402,70268,702910548,1779,0,0,0
34.4503,70269,702920548,1757,0,0,0
34.4609,70270,702930548,1776,0,0,0
34.4702,70271,702940549,1755,0,0,0
34.4803,70272,702950548,1776,0,0,0
34.4904,70273,702960548,1755,0,0,0
34.5005,70274,702970548,1795,0,0,0
34.5107,70275,702980549,1892,0,0,0
34.5203,70276,702990548,2000,0,0,0
34.5304,70277,703000549,2551,0,0,0
34.5403,70278,703010548,2503,0,0,0
34.5504,70279,703020548,1830,0,0,0
34.5606,70280,703030549,1467,0,0,0
34.5702,70281,703040549,1441,0,0,0
34.5805,70282,703050549,1574,0,0,0
34.5903,70283,703060549,1717,0,0,0
34.6002,70284,703070549,1780,0,0,0
34.6109,70285,703080549,1790,0,0,0
34.6203,70286,703090548,1821,0,0,0
34.6302,70287,703100548,1810,0,0,0
34.6403,70288,703110548,1842,0,0,0
34.6504,70289,703120548,1833,0,0,0
34.6606,70290,703130549,1853,0,0,0
34.6705,70291,703140548,1840,0,0,0
34.6803,70292,703150548,1856,0,0,0
34.6903,70293,703160548,1856,0,0,0
34.7004,70294,703170548,1872,0,0,0
34.7107,70295,703180548,1872,0,0,0
34.7203,70296,703190548,1904,0,0,0
34.7304,70297,703200549,1899,0,0,0
34.7402,70298,703210549,1928,0,0,0
34.7503,70299,703220549,1926,0,0,0
34.7605,70300,703230549,1947,0,0,0
34.7703,70301,703240548,1948,0,0,0
34.7805,70302,703250548,1968,0,0,0
34.7902,70303,703260549,1958,0,0,0
34.8004,70304,703270548,1968,0,0,0
34.8106,70305,703280549,1937,0,0,0
34.8203,70306,703290549,1934,0,0,0
34.8302,70307,703300548,1904,0,0,0
34.8402,70308,703310548,1878,0,0,0
34.8504,70309,703320549,1825,0,0,0
34.8605,70310,703330549,1827,0,0,0
34.8704,70311,703340548,1789,0,0,0
34.8803,70312,703350549,1807,0,0,0
34.8904,70313,703360548,1778,0,0,0
34.9004,70314,703370548,1795,0,0,0
34.9105,70315,703380549,1782,0,0,0
34.9203,70316,703390548,1808,0,0,0
34.9302,70317,703400549,1790,0,0,0
34.9403,70318,703410548,1806,0,0,0
34.9502,70319,703420549,1792,0,0,0
34.9606,70320,703430549,1813,0,0,0
34.9709,70321,703440549,1808,0,0,0
34.9806,70322,703450549,1817,0,0,0
34.9903,70323,703460548,1808,0,0,0
35.0003,70324,703470548,1829,0,0,0
35.0107,70325,703480549,1802,0,0,0
35.0203,70326,703490549,1813,0,0,0
35.0302,70327,703500548,1807,0,0,0
35.0403,70328,703510548,1821,0,0,0
35.0503,70329,703520548,1800,0,0,0
35.0607,70330,703530548,1813,0,0,0
35.0702,70331,703540548,1799,0,0,0
35.0803,70332,703550548,1802,0,0,0
35.0904,70333,703560548,1791,0,0,0
35.1002,70334,703570548,1811,0,0,0
35.1104,70335,703580549,1789,0,0,0
35.1202,70336,703590548,1810,0,0,0
35.1305,70337,703600548,1799,0,0,0
35.1403,70338,703610548,1826,0,0,0
35.1504,70339,703620548,1802,0,0,0
35.1607,70340,703630548,1814,0,0,0
35.1703,70341,703640548,1805,0,0,0
35.1803,70342,703650548,1813,0,0,0
35.1903,70343,703660548,1806,0,0,0
35.2016,70344,703670548,1830,0,0,0
35.2107,70345,703680549,1830,0,0,0
35.2205,70346,703690549,1876,0,0,0
35.2304,70347,703700548,1910,0,0,0
35.2404,70348,703710548,1938,0,0,0
35.2503,70349,703720548,1967,0,0,0
35.2606,70350,703730548,1973,0,0,0
35.2704,70351,703740548,1935,0,0,0
35.2805,70352,703750548,1917,0,0,0
35.2902,70353,703760548,1871,0,0,0
35.3005,70354,703770548,1872,0,0,0
35.3106,70355,703780548,1809,0,0,0
35.3203,70356,703790548,1808,0,0,0
35.3302,70357,703800548,1794,0,0,0
35.3403,70358,703810548,1801,0,0,0
35.3502,70359,703820548,1803,0,0,0
35.3607,70360,703830548,1798,0,0,0
35.3704,70361,703840548,1790,0,0,0
35.3802,70362,703850548,1856,0,0,0
35.3903,70363,703860548,1927,0,0,0
35.4002,70364,703870549,2144,0,0,0
35.4107,70365,703880548,2695,0,0,0
35.4203,70366,703890548,2366,0,0,0
35.4302,70367,703900548,1712,0,0,0
35.4402,70368,703910548,1489,0,0,0
35.4524,70369,703920549,1515,0,0,0
35.4603,70370,703930549,1627,0,0,0
35.4704,70371,703940549,1779,0,0,0
35.4804,70372,703950549,1824,0,0,0
35.4903,70373,703960549,1815,0,0,0
35.5004,70374,703970548,1833,0,0,0
35.5107,70375,703980548,1855,0,0,0
35.5203,70376,703990548,1863,0,0,0
35.5303,70377,704000549,1869,0,0,0
35.5403,70378,704010549,1874,0,0,0
35.5503,70379,704020548,1877,0,0,0
35.5607,70380,704030548,1885,0,0,0
35.5703,70381,704040548,1895,0,0,0
35.5803,70382,704050548,1915,0,0,0
35.5903,70383,704060548,1914,0,0,0
35.6006,70384,704070548,1930,0,0,0
35.6109,70385,704080549,1943,0,0,0
35.6202,70386,704090548,1943,0,0,0
35.6304,70387,704100549,1970,0,0,0
35.6403,70388,704110548,1980,0,0,0
35.6503,70389,704120549,1979,0,0,0
35.6605,70390,704130549,2021,0,0,0
35.6702,70391,704140548,1976,0,0,0
35.6803,70392,704150548,1991,0,0,0
35.6903,70393,704160549,1975,0,0,0
35.7006,70394,704170548,1968,0,0,0
35.7108,70395,704180549,1929,0,0,0
35.7203,70396,704190548,1905,0,0,0
35.7304,70397,704200548,1861,0,0,0
35.7402,70398,704210549,1815,0,0,0
35.7502,70399,704220548,1825,0,0,0
35.7606,70400,704230548,1830,0,0,0
35.7704,70401,704240549,1810,0,0,0
35.7804,70402,704250549,1847,0,0,0
35.7902,70403,704260548,1831,0,0,0
35.8006,70404,704270549,1831,0,0,0
35.8107,70405,704280548,1827,0,0,0
35.8202,70406,704290548,1831,0,0,0
35.8304,70407,704300548,1824,0,0,0
35.8402,70408,704310548,1833,0,0,0
35.8502,70409,704320549,1837,0,0,0
35.8606,70410,704330548,1854,0,0,0
35.8703,70411,704340548,1847,0,0,0
35.8802,70412,704350548,1840,0,0,0
35.8903,70413,704360548,1841,0,0,0
35.9002,70414,704370548,1849,0,0,0
35.9105,70415,704380549,1843,0,0,0
35.9203,70416,704390548,1843,0,0,0
35.9302,70417,704400548,1851,0,0,0
35.9403,70418,704410548,1845,0,0,0
35.9502,70419,704420549,1840,0,0,0
35.9606,70420,704430548,1831,0,0,0
35.9704,70421,704440548,1839,0,0,0
35.9806,70422,704450548,1830,0,0,0
35.9905,70423,704460548,1826,0,0,0
36.0005,70424,704470548,1826,0,0,0
36.0104,70425,704480548,1840,0,0,0
36.0202,70426,704490548,1851,0,0,0
36.0303,70427,704500549,1851,0,0,0
36.0403,70428,704510548,1845,0,0,0
36.0502,70429,704520548,1852,0,0,0
36.0605,70430,704530548,1822,0,0,0
36.0702,70431,704540548,1864,0,0,0
36.0803,70432,704550548,1908,0,0,0
36.0903,70433,704560548,1943,0,0,0
36.1003,70434,704570549,1953,0,0,0
36.1102,70435,704580548,1997,0,0,0
36.1204,70436,704590548,1936,0,0,0
36.1302,70437,704600548,1936,0,0,0
36.1402,70438,704610548,1885,0,0,0
36.1503,70439,704620549,1862,0,0,0
36.1608,70440,704630548,1822,0,0,0
36.1702,70441,704640549,1795,0,0,0
36.1803,70442,704650548,1791,0,0,0
36.1902,70443,704660549,1789,0,0,0
36.2008,70444,704670548,1780,0,0,0
36.2106,70445,704680549,1779,0,0,0
36.2204,70446,704690548,1773,0,0,0
36.2307,70447,704700549,1802,0,0,0
36.2403,70448,704710548,1873,0,0,0
36.2503,70449,704720548,1973,0,0,0
36.2606,70450,704730548,2455,0,0,0
36.2703,70451,704740548,2592,0,0,0
36.2802,70452,704750548,2016,0,0,0
36.2903,70453,704760548,1535,0,0,0
36.3003,70454,704770548,1447,0,0,0
36.3103,70455,704780548,1535,0,0,0
36.3205,70456,704790548,1685,0,0,0
36.3302,70457,704800548,1785,0,0,0
36.3403,70458,704810548,1796,0,0,0
36.3504,70459,704820549,1827,0,0,0
36.3608,70460,704830549,1819,0,0,0
36.3703,70461,704840548,1840,0,0,0
36.3802,70462,704850548,1851,0,0,0
36.3902,70463,704860549,1859,0,0,0
36.4004,70464,704870549,1867,0,0,0
36.4105,70465,704880548,1879,0,0,0
36.4202,70466,704890548,1879,0,0,0
36.4303,70467,704900548,1904,0,0,0
36.4402,70468,704910548,1890,0,0,0
36.4518,70469,704920549,1908,0,0,0
36.4608,70470,704930548,1918,0,0,0
36.4702,70471,704940549,1926,0,0,0
36.4803,70472,704950549,1934,0,0,0
36.4903,70473,704960548,1943,0,0,0
36.5003,70474,704970548,1963,0,0,0
36.5104,70475,704980549,1959,0,0,0
36.5203,70476,704990549,1958,0,0,0
36.5304,70477,705000548,1977,0,0,0
36.5404,70478,705010548,1943,0,0,0
36.5504,70479,705020548,1941,0,0,0
36.5604,70480,705030548,1921,0,0,0
36.5707,70481,705040548,1895,0,0,0
36.5805,70482,705050549,1877,0,0,0
36.5902,70483,705060548,1863,0,0,0
36.6003,70484,705070548,1839,0,0,0
36.6105,70485,705080549,1818,0,0,0
36.6203,70486,705090549,1817,0,0,0
36.6302,70487,705100548,1840,0,0,0
36.6402,70488,705110548,1803,0,0,0
36.6503,70489,705120548,1849,0,0,0
36.6604,70490,705130548,1840,0,0,0
36.6703,70491,705140549,1827,0,0,0
36.6803,70492,705150549,1843,0,0,0
36.6903,70493,705160548,1840,0,0,0
36.7012,70494,705170548,1823,0,0,0
36.7116,70495,705180548,1859,0,0,0
36.7202,70496,705190548,1833,0,0,0
36.7304,70497,705200548,1849,0,0,0
36.7401,70498,705210548,1840,0,0,0
36.7503,70499,705220548,1872,0,0,0
36.7607,70500,705230548,1825,0,0,0
36.7704,70501,705240549,1859,0,0,0
36.7803,70502,705250548,1837,0,0,0
36.7903,70503,705260549,1840,0,0,0
36.8006,70504,705270548,1836,0,0,0
36.8108,70505,705280548,1845,0,0,0
36.8204,70506,705290548,1819,0,0,0
36.8303,70507,705300548,1840,0,0,0
36.8402,70508,705310549,1820,0,0,0
36.8503,70509,705320548,1837,0,0,0
36.8604,70510,705330548,1829,0,0,0
36.8704,70511,705340548,1840,0,0,0
36.8803,70512,705350548,1837,0,0,0
36.8903,70513,705360548,1835,0,0,0
36.9004,70514,705370548,1825,0,0,0
36.9108,70515,705380549,1878,0,0,0
36.9203,70516,705390548,1919,0,0,0
36.9303,70517,705400548,1952,0,0,0
36.9403,70518,705410549,1982,0,0,0
36.9502,70519,705420549,2004,0,0,0
36.9606,70520,705430548,1931,0,0,0
36.9707,70521,705440548,1953,0,0,0
36.9803,70522,705450548,1866,0,0,0
36.9908,70523,705460548,1851,0,0,0
37.0004,70524,705470548,1803,0,0,0
37.0106,70525,705480549,1808,0,0,0
37.0202,70526,705490549,1777,0,0,0
37.0302,70527,705500549,1796,0,0,0
37.0402,70528,705510548,1767,0,0,0
37.0504,70529,705520549,1789,0,0,0
37.0605,70530,705530549,1774,0,0,0
37.0704,70531,705540549,1803,0,0,0
37.0803,70532,705550548,1913,0,0,0
37.0902,70533,705560548,2079,0,0,0
37.1002,70534,705570548,2608,0,0,0
37.1108,70535,705580548,2395,0,0,0
37.1202,70536,705590548,1791,0,0,0
37.1302,70537,705600549,1450,0,0,0
37.1402,70538,705610548,1437,0,0,0
37.1503,70539,705620548,1586,0,0,0
37.1603,70540,705630548,1744,0,0,0
37.1704,70541,705640549,1825,0,0,0
37.1802,70542,705650549,1823,0,0,0
37.1902,70543,705660548,1845,0,0,0
37.2016,70544,705670548,1849,0,0,0
37.2107,70545,705680548,1863,0,0,0
37.2202,70546,705690548,1873,0,0,0
37.2303,70547,705700549,1897,0,0,0
37.2402,70548,705710549,1879,0,0,0
37.2502,70549,705720548,1894,0,0,0
37.2604,70550,705730548,1862,0,0,0
37.2704,70551,705740548,1904,0,0,0
37.2803,70552,705750549,1905,0,0,0
37.2902,70553,705760549,1927,0,0,0
37.3004,70554,705770548,1903,0,0,0
37.3105,70555,705780548,1949,0,0,0
37.3204,70556,705790548,1949,0,0,0
37.3302,70557,705800548,1955,0,0,0
37.3404,70558,705810549,1959,0,0,0
37.3503,70559,705820549,1970,0,0,0
37.3604,70560,705830549,1959,0,0,0
37.3703,70561,705840548,1979,0,0,0
37.3803,70562,705850548,1941,0,0,0
37.3903,70563,705860548,1961,0,0,0
37.4004,70564,705870548,1894,0,0,0
37.4107,70565,705880548,1893,0,0,0
37.4204,70566,705890548,1850,0,0,0
37.4302,70567,705900548,1869,0,0,0
37.4402,70568,705910548,1823,0,0,0
37.4503,70569,705920549,1819,0,0,0
37.4605,70570,705930549,1808,0,0,0
37.4703,70571,705940549,1833,0,0,0
37.4804,70572,705950548,1808,0,0,0
37.4902,70573,705960548,1840,0,0,0
37.5003,70574,705970548,1828,0,0,0
37.5105,70575,705980548,1845,0,0,0
37.5204,70576,705990548,1834,0,0,0
37.5303,70577,706000548,1855,0,0,0
37.5402,70578,706010549,1840,0,0,0
37.5502,70579,706020548,1871,0,0,0
37.5605,70580,706030548,1857,0,0,0
37.5703,70581,706040548,1854,0,0,0
37.5804,70582,706050548,1850,0,0,0
37.5903,70583,706060548,1850,0,0,0
37.6002,70584,706070548,1850,0,0,0
37.6107,70585,706080549,1840,0,0,0
37.6204,70586,706090549,1845,0,0,0
37.6302,70587,706100549,1843,0,0,0
37.6403,70588,706110548,1827,0,0,0
37.6504,70589,706120549,1842,0,0,0
37.6605,70590,706130548,1826,0,0,0
37.6704,70591,706140549,1829,0,0,0
37.6806,70592,706150549,1806,0,0,0
37.6903,70593,706160549,1835,0,0,0
37.7004,70594,706170549,1814,0,0,0
37.7119,70595,706180548,1841,0,0,0
37.7203,70596,706190548,1808,0,0,0
37.7302,70597,706200549,1855,0,0,0
37.7403,70598,706210548,1850,0,0,0
37.7502,70599,706220548,1919,0,0,0
37.7605,70600,706230548,1950,0,0,0
37.7703,70601,706240548,1994,0,0,0
37.7803,70602,706250548,1965,0,0,0
37.7902,70603,706260549,1952,0,0,0
37.8005,70604,706270548,1931,0,0,0
37.8105,70605,706280549,1887,0,0,0
37.8203,70606,706290548,1845,0,0,0
37.8303,70607,706300548,1822,0,0,0
37.8401,70608,706310548,1778,0,0,0
37.8504,70609,706320548,1792,0,0,0
37.8604,70610,706330548,1749,0,0,0
37.8703,70611,706340549,1760,0,0,0
37.8803,70612,706350548,1770,0,0,0
37.8901,70613,706360549,1767,0,0,0
37.9002,70614,706370549,1779,0,0,0
37.9106,70615,706380549,1926,0,0,0
37.9203,70616,706390548,2042,0,0,0
37.9303,70617,706400549,2599,0,0,0
37.9402,70618,706410549,2330,0,0,0
37.9504,70619,706420548,1712,0,0,0
37.9604,70620,706430548,1361,0,0,0
37.9708,70621,706440548,1419,0,0,0
37.9806,70622,706450548,1554,0,0,0
37.9904,70623,706460549,1710,0,0,0
38.0003,70624,706470548,1762,0,0,0
38.0109,70625,706480549,1774,0,0,0
38.0202,70626,706490548,1799,0,0,0
38.0302,70627,706500548,1815,0,0,0
38.0403,70628,706510548,1815,0,0,0
38.0503,70629,706520549,1831,0,0,0
38.0605,70630,706530548,1815,0,0,0
38.0702,70631,706540549,1839,0,0,0
38.0802,70632,706550549,1851,0,0,0
38.0903,70633,706560548,1872,0,0,0
38.1004,70634,706570548,1855,0,0,0
38.1106,70635,706580548,1862,0,0,0
38.1203,70636,706590548,1884,0,0,0
38.1302,70637,706600548,1903,0,0,0
38.1403,70638,706610549,1899,0,0,0
38.1503,70639,706620548,1917,0,0,0
38.1604,70640,706630548,1925,0,0,0
38.1703,70641,706640548,1952,0,0,0
38.1802,70642,706650548,1923,0,0,0
38.1906,70643,706660549,1936,0,0,0
38.2012,70644,706670549,1939,0,0,0
38.2109,70645,706680548,1936,0,0,0
38.2204,70646,706690549,1911,0,0,0
38.2302,70647,706700549,1871,0,0,0
38.2402,70648,706710548,1850,0,0,0
38.2503,70649,706720549,1823,0,0,0
38.2604,70650,706730549,1802,0,0,0
38.2703,70651,706740548,1808,0,0,0
38.2802,70652,706750549,1789,0,0,0
38.2903,70653,706760549,1774,0,0,0
38.3004,70654,706770548,1791,0,0,0
38.3106,70655,706780548,1798,0,0,0
38.3203,70656,706790548,1790,0,0,0
38.3302,70657,706800549,1808,0,0,0
38.3402,70658,706810549,1804,0,0,0
38.3503,70659,706820548,1803,0,0,0
38.3606,70660,706830548,1807,0,0,0
38.3702,70661,706840549,1813,0,0,0
38.3802,70662,706850549,1794,0,0,0
38.3904,70663,706860549,1819,0,0,0
38.4004,70664,706870549,1808,0,0,0
38.4106,70665,706880548,1823,0,0,0
38.4202,70666,706890548,1810,0,0,0
38.4302,70667,706900548,1805,0,0,0
38.4402,70668,706910548,1827,0,0,0
38.4502,70669,706920548,1822,0,0,0
38.4604,70670,706930548,1811,0,0,0
38.4704,70671,706940548,1814,0,0,0
38.4802,70672,706950548,1801,0,0,0
38.4903,70673,706960548,1808,0,0,0
38.5003,70674,706970548,1792,0,0,0
38.5107,70675,706980549,1808,0,0,0
38.5204,70676,706990548,1808,0,0,0
38.5302,70677,707000548,1802,0,0,0
38.5402,70678,707010548,1810,0,0,0
38.5504,70679,707020548,1804,0,0,0
38.5605,70680,707030548,1820,0,0,0
38.5702,70681,707040548,1872,0,0,0
38.5805,70682,707050548,1900,0,0,0
38.5903,70683,707060548,1914,0,0,0
38.6004,70684,707070548,1959,0,0,0
38.6106,70685,707080549,1901,0,0,0
38.6203,70686,707090548,1904,0,0,0
38.6304,70687,707100549,1865,0,0,0
38.6402,70688,707110548,1822,0,0,0
38.6502,70689,707120549,1786,0,0,0
38.6606,70690,707130548,1762,0,0,0
38.6702,70691,707140548,1751,0,0,0
38.6802,70692,707150548,1746,0,0,0
38.6903,70693,707160549,1742,0,0,0
38.7007,70694,707170548,1745,0,0,0
38.7106,70695,707180548,1749,0,0,0
38.7204,70696,707190548,1758,0,0,0
38.7304,70697,707200549,1850,0,0,0
38.7401,70698,707210548,1964,0,0,0
38.7503,70699,707220549,2357,0,0,0
38.7605,70700,707230548,2587,0,0,0
38.7703,70701,707240549,2025,0,0,0
38.7802,70702,707250549,1487,0,0,0
38.7901,70703,707260548,1406,0,0,0
38.8002,70704,707270548,1507,0,0,0
38.8109,70705,707280549,1660,0,0,0
38.8203,70706,707290548,1762,0,0,0
38.8302,70707,707300548,1776,0,0,0
38.8403,70708,707310548,1797,0,0,0
38.8503,70709,707320549,1808,0,0,0
38.8605,70710,707330548,1831,0,0,0
38.8704,70711,707340549,1828,0,0,0
38.8802,70712,707350548,1844,0,0,0
38.8903,70713,707360548,1847,0,0,0
38.9004,70714,707370549,1840,0,0,0
38.9108,70715,707380548,1847,0,0,0
38.9203,70716,707390548,1857,0,0,0
38.9303,70717,707400548,1856,0,0,0
38.9402,70718,707410549,1871,0,0,0
38.9525,70719,707420548,1862,0,0,0
38.9620,70720,707430548,1903,0,0,0
38.9708,70721,707440548,1904,0,0,0
38.9802,70722,707450548,1914,0,0,0
38.9903,70723,707460548,1936,0,0,0
39.0002,70724,707470548,1939,0,0,0
39.0106,70725,707480548,1948,0,0,0
39.0203,70726,707490548,1951,0,0,0
39.0302,70727,707500548,1940,0,0,0
39.0404,70728,707510548,1927,0,0,0
39.0504,70729,707520549,1893,0,0,0
39.0605,70730,707530548,1876,0,0,0
39.0703,70731,707540548,1831,0,0,0
39.0803,70732,707550549,1827,0,0,0
39.0902,70733,707560548,1799,0,0,0
39.1002,70734,707570548,1787,0,0,0
39.1105,70735,707580548,1781,0,0,0
39.1202,70736,707590548,1786,0,0,0
39.1302,70737,707600548,1787,0,0,0
39.1403,70738,707610548,1792,0,0,0
39.1503,70739,707620549,1783,0,0,0
39.1607,70740,707630549,1793,0,0,0
39.1704,70741,707640548,1799,0,0,0
39.1802,70742,707650548,1808,0,0,0
39.1903,70743,707660548,1806,0,0,0
39.2002,70744,707670549,1815,0,0,0
39.2105,70745,707680548,1809,0,0,0
39.2203,70746,707690548,1815,0,0,0
39.2304,70747,707700548,1813,0,0,0
39.2403,70748,707710548,1837,0,0,0
39.2503,70749,707720548,1818,0,0,0
39.2608,70750,707730548,1826,0,0,0
39.2702,70751,707740548,1808,0,0,0
39.2803,70752,707750549,1819,0,0,0
39.2903,70753,707760548,1798,0,0,0
39.3004,70754,707770548,1818,0,0,0
39.3107,70755,707780548,1803,0,0,0
39.3201,70756,707790548,1812,0,0,0
39.3302,70757,707800549,1798,0,0,0
39.3403,70758,707810548,1808,0,0,0
39.3503,70759,707820549,1799,0,0,0
39.3603,70760,707830548,1808,0,0,0
39.3703,70761,707840548,1802,0,0,0
39.3805,70762,707850549,1808,0,0,0
39.3904,70763,707860549,1799,0,0,0
39.4003,70764,707870549,1815,0,0,0
39.4105,70765,707880548,1821,0,0,0
39.4203,70766,707890548,1888,0,0,0
39.4303,70767,707900549,1907,0,0,0
39.4401,70768,707910548,1939,0,0,0
39.4516,70769,707920549,1975,0,0,0
39.4606,70770,707930548,1955,0,0,0
39.4703,70771,707940548,1921,0,0,0
39.4803,70772,707950548,1903,0,0,0
39.4902,70773,707960548,1852,0,0,0
39.5003,70774,707970549,1834,0,0,0
39.5105,70775,707980549,1787,0,0,0
39.5202,70776,707990549,1777,0,0,0
39.5303,70777,708000549,1757,0,0,0
39.5402,70778,708010549,1769,0,0,0
39.5503,70779,708020548,1750,0,0,0
39.5608,70780,708030548,1769,0,0,0
39.5703,70781,708040548,1767,0,0,0
39.5801,70782,708050548,1877,0,0,0
39.5902,70783,708060548,1939,0,0,0
39.6004,70784,708070549,2383,0,0,0
39.6104,70785,708080548,2638,0,0,0
39.6202,70786,708090548,2076,0,0,0
39.6302,70787,708100548,1510,0,0,0
39.6403,70788,708110548,1447,0,0,0
39.6504,70789,708120548,1515,0,0,0
39.6609,70790,708130548,1678,0,0,0
39.6703,70791,708140548,1758,0,0,0
39.6803,70792,708150548,1791,0,0,0
39.6903,70793,708160549,1792,0,0,0
39.7002,70794,708170548,1830,0,0,0
39.7103,70795,708180549,1823,0,0,0
39.7203,70796,708190548,1844,0,0,0
39.7303,70797,708200549,1840,0,0,0
39.7403,70798,708210549,1863,0,0,0
39.7504,70799,708220548,1847,0,0,0
39.7607,70800,708230548,1867,0,0,0
39.7703,70801,708240548,1874,0,0,0
39.7804,70802,708250548,1899,0,0,0
39.7902,70803,708260548,1894,0,0,0
39.8003,70804,708270548,1919,0,0,0
39.8105,70805,708280548,1911,0,0,0
39.8203,70806,708290548,1937,0,0,0
39.8301,70807,708300548,1951,0,0,0
39.8404,70808,708310548,1981,0,0,0
39.8502,70809,708320548,1963,0,0,0
39.8607,70810,708330548,1987,0,0,0
39.8703,70811,708340548,1968,0,0,0
39.8802,70812,708350548,1984,0,0,0
39.8902,70813,708360549,1951,0,0,0
39.9004,70814,708370548,1943,0,0,0
39.9104,70815,708380549,1891,0,0,0
39.9204,70816,708390548,1881,0,0,0
39.9304,70817,708400548,1839,0,0,0
39.9403,70818,708410548,1839,0,0,0
39.9509,70819,708420548,1808,0,0,0
39.9608,70820,708430549,1817,0,0,0
39.9703,70821,708440548,1799,0,0,0
39.9803,70822,708450548,1826,0,0,0
39.9904,70823,708460549,1810,0,0,0
40.0004,70824,708470548,1823,0,0,0
40.0160,70825,708480549,1806,0,0,0
40.0207,70826,708490548,1831,0,0,0
40.0331,70827,708500549,1825,0,0,0
40.0411,70828,708510548,1847,0,0,0
40.0502,70829,708520549,1840,0,0,0
40.0652,70830,708530548,1855,0,0,0
40.0701,70831,708540548,1843,0,0,0
40.0802,70832,708550548,1853,0,0,0
40.0902,70833,708560548,1844,0,0,0
40.1002,70834,708570548,1856,0,0,0
40.1108,70835,708580548,1840,0,0,0
40.1201,70836,708590548,1858,0,0,0
40.1302,70837,708600548,1840,0,0,0
40.1402,70838,708610548,1842,0,0,0
40.1501,70839,708620549,1823,0,0,0
40.1630,70840,708630548,1847,0,0,0
40.1728,70841,708640549,1822,0,0,0
40.1879,70842,708650549,1840,0,0,0
40.1901,70843,708660548,1827,0,0,0
40.2054,70844,708670549,1841,0,0,0
40.2162,70845,708680548,1830,0,0,0
40.2203,70846,708690548,1842,0,0,0
40.2304,70847,708700548,1833,0,0,0
40.2401,70848,708710548,1840,0,0,0
40.2502,70849,708720548,1815,0,0,0
40.2605,70850,708730548,1854,0,0,0
40.2701,70851,708740548,1882,0,0,0
40.2803,70852,708750548,1939,0,0,0
40.2903,70853,708760548,1943,0,0,0
40.3003,70854,708770548,2000,0,0,0
40.3106,70855,708780548,1938,0,0,0
40.3202,70856,708790548,1947,0,0,0
40.3302,70857,708800549,1905,0,0,0
40.3403,70858,708810549,1885,0,0,0
40.3545,70859,708820548,1840,0,0,0
40.3669,70860,708830548,1830,0,0,0
40.3745,70861,708840549,1783,0,0,0
40.3828,70862,708850549,1798,0,0,0
40.3902,70863,708860548,1789,0,0,0
40.4021,70864,708870548,1792,0,0,0
40.4115,70865,708880549,1776,0,0,0
40.4203,70866,708890549,1798,0,0,0
40.4302,70867,708900548,1840,0,0,0
40.4401,70868,708910548,1944,0,0,0
40.4551,70869,708920548,2251,0,0,0
40.4604,70870,708930548,2704,0,0,0
40.4702,70871,708940548,2199,0,0,0
40.4803,70872,708950548,1634,0,0,0
40.4902,70873,708960548,1457,0,0,0
40.5003,70874,708970548,1535,0,0,0
40.5166,70875,708980548,1648,0,0,0
40.5201,70876,708990548,1782,0,0,0
40.5356,70877,709000548,1794,0,0,0
40.5420,70878,709010548,1820,0,0,0
40.5502,70879,709020549,1812,0,0,0
40.5701,70880,709030548,1851,0,0,0
40.5705,70881,709040548,1842,0,0,0
40.5803,70882,709050548,1868,0,0,0
40.5902,70883,709060548,1855,0,0,0
40.6006,70884,709070548,1877,0,0,0
40.6106,70885,709080548,1860,0,0,0
40.6201,70886,709090548,1895,0,0,0
40.6302,70887,709100548,1885,0,0,0
40.6402,70888,709110548,1905,0,0,0
40.6502,70889,709120548,1896,0,0,0
40.6604,70890,709130548,1947,0,0,0
40.6709,70891,709140549,1938,0,0,0
40.6810,70892,709150548,1952,0,0,0
40.6903,70893,709160548,1968,0,0,0
40.7031,70894,709170548,1985,0,0,0
40.7185,70895,709180549,1966,0,0,0
40.7258,70896,709190548,1990,0,0,0
40.7302,70897,709200548,1978,0,0,0
40.7407,70898,709210548,1975,0,0,0
40.7502,70899,709220549,1936,0,0,0
40.7615,70900,709230548,1923,0,0,0
40.7701,70901,709240548,1880,0,0,0
40.7803,70902,709250548,1872,0,0,0
40.7902,70903,709260549,1832,0,0,0
40.8004,70904,709270548,1841,0,0,0
40.8107,70905,709280548,1813,0,0,0
40.8202,70906,709290548,1814,0,0,0
40.8303,70907,709300549,1801,0,0,0
40.8402,70908,709310549,1831,0,0,0
40.8502,70909,709320549,1809,0,0,0
40.8603,70910,709330549,1837,0,0,0
40.8704,70911,709340548,1819,0,0,0
40.8805,70912,709350548,1832,0,0,0
40.8903,70913,709360548,1825,0,0,0
40.9006,70914,709370549,1841,0,0,0
40.9106,70915,709380549,1827,0,0,0
40.9202,70916,709390549,1839,0,0,0
40.9302,70917,709400549,1839,0,0,0
40.9402,70918,709410549,1849,0,0,0
40.9515,70919,709420549,1827,0,0,0
40.9609,70920,709430548,1840,0,0,0
40.9702,70921,709440548,1834,0,0,0
40.9803,70922,709450548,1840,0,0,0
40.9904,70923,709460548,1815,0,0,0
41.0002,70924,709470548,1841,0,0,0
41.0106,70925,709480548,1835,0,0,0
41.0203,70926,709490548,1841,0,0,0
41.0302,70927,709500548,1827,0,0,0
41.0401,70928,709510548,1840,0,0,0
41.0505,70929,709520548,1833,0,0,0
41.0608,70930,709530549,1834,0,0,0
41.0702,70931,709540548,1824,0,0,0
41.0802,70932,709550548,1843,0,0,0
41.0902,70933,709560549,1867,0,0,0
41.1002,70934,709570549,1918,0,0,0
41.1105,70935,709580548,1933,0,0,0
41.1201,70936,709590549,1975,0,0,0
41.1303,70937,709600548,1985,0,0,0
41.1402,70938,709610548,1938,0,0,0
41.1504,70939,709620548,1933,0,0,0
41.1608,70940,709630548,1897,0,0,0
41.1701,70941,709640548,1843,0,0,0
41.1802,70942,709650548,1821,0,0,0
41.1901,70943,709660549,1791,0,0,0
41.2008,70944,709670548,1777,0,0,0
41.2106,70945,709680548,1760,0,0,0
41.2203,70946,709690548,1777,0,0,0
41.2302,70947,709700548,1778,0,0,0
41.2403,70948,709710548,1787,0,0,0
41.2503,70949,709720548,1785,0,0,0
41.2607,70950,709730548,1902,0,0,0
41.2703,70951,709740549,1979,0,0,0
41.2802,70952,709750549,2519,0,0,0
41.2901,70953,709760548,2530,0,0,0
41.3003,70954,709770549,1959,0,0,0
41.3105,70955,709780549,1507,0,0,0
41.3203,70956,709790549,1455,0,0,0
41.3303,70957,709800548,1535,0,0,0
41.3401,70958,709810549,1712,0,0,0
41.3507,70959,709820549,1787,0,0,0
41.3606,70960,709830548,1808,0,0,0
41.3702,70961,709840548,1818,0,0,0
41.3803,70962,709850548,1840,0,0,0
41.3901,70963,709860548,1838,0,0,0
41.4001,70964,709870548,1845,0,0,0
41.4104,70965,709880548,1839,0,0,0
41.4201,70966,709890548,1874,0,0,0
41.4302,70967,709900549,1885,0,0,0
41.4402,70968,709910548,1883,0,0,0
41.4502,70969,709920549,1871,0,0,0
41.4607,70970,709930549,1894,0,0,0
41.4702,70971,709940549,1904,0,0,0
41.4802,70972,709950549,1918,0,0,0
41.4901,70973,709960548,1924,0,0,0
41.5002,70974,709970548,1947,0,0,0
41.5104,70975,709980548,1941,0,0,0
41.5202,70976,709990548,1968,0,0,0
41.5303,70977,710000548,1954,0,0,0
41.5402,70978,710010548,1963,0,0,0
41.5504,70979,710020548,1957,0,0,0
41.5609,70980,710030548,1962,0,0,0
41.5702,70981,710040549,1936,0,0,0
41.5802,70982,710050549,1917,0,0,0
41.5902,70983,710060548,1917,0,0,0
41.6002,70984,710070549,1873,0,0,0
41.6101,70985,710080548,1854,0,0,0
41.6203,70986,710090548,1849,0,0,0
41.6302,70987,710100548,1826,0,0,0
41.6402,70988,710110548,1840,0,0,0
41.6503,70989,710120548,1834,0,0,0
41.6606,70990,710130548,1841,0,0,0
41.6702,70991,710140549,1840,0,0,0
41.6802,70992,710150548,1844,0,0,0
41.6902,70993,710160548,1840,0,0,0
41.7019,70994,710170549,1854,0,0,0
41.7104,70995,710180548,1841,0,0,0
41.7201,70996,710190548,1850,0,0,0
41.7305,70997,710200548,1840,0,0,0
41.7403,70998,710210548,1861,0,0,0
41.7502,70999,710220549,1852,0,0,0
41.7606,71000,710230549,1856,0,0,0
41.7702,71001,710240548,1865,0,0,0
41.7801,71002,710250548,1840,0,0,0
41.7902,71003,710260549,1858,0,0,0
41.8001,71004,710270549,1850,0,0,0
41.8106,71005,710280548,1843,0,0,0
41.8203,71006,710290549,1846,0,0,0
41.8302,71007,710300548,1835,0,0,0
41.8402,71008,710310548,1856,0,0,0
41.8504,71009,710320549,1834,0,0,0
41.8607,71010,710330549,1842,0,0,0
41.8703,71011,710340548,1822,0,0,0
41.8802,71012,710350548,1845,0,0,0
41.8901,71013,710360549,1838,0,0,0
41.9003,71014,710370548,1861,0,0,0
41.9104,71015,710380549,1904,0,0,0
41.9202,71016,710390549,1951,0,0,0
41.9303,71017,710400548,1968,0,0,0
41.9402,71018,710410548,1994,0,0,0
41.9505,71019,710420548,1938,0,0,0
41.9608,71020,710430548,1959,0,0,0
41.9703,71021,710440549,1904,0,0,0
41.9804,71022,710450548,1863,0,0,0
41.9903,71023,710460549,1840,0,0,0
42.0001,71024,710470548,1808,0,0,0
42.0106,71025,710480549,1790,0,0,0
42.0203,71026,710490548,1789,0,0,0
42.0305,71027,710500548,1780,0,0,0
42.0403,71028,710510548,1785,0,0,0
42.0505,71029,710520548,1779,0,0,0
42.0606,71030,710530548,1777,0,0,0
42.0702,71031,710540548,1882,0,0,0
42.0803,71032,710550548,1969,0,0,0
42.0902,71033,710560548,2422,0,0,0
42.1002,71034,710570548,2559,0,0,0
42.1105,71035,710580549,2005,0,0,0
42.1203,71036,710590548,1504,0,0,0
42.1303,71037,710600548,1407,0,0,0
42.1401,71038,710610548,1535,0,0,0
42.1502,71039,710620548,1680,0,0,0
42.1606,71040,710630548,1774,0,0,0
42.1705,71041,710640549,1793,0,0,0
42.1803,71042,710650548,1827,0,0,0
42.1902,71043,710660548,1827,0,0,0
42.2011,71044,710670548,1822,0,0,0
42.2106,71045,710680549,1853,0,0,0
42.2202,71046,710690549,1829,0,0,0
42.2301,71047,710700548,1867,0,0,0
42.2402,71048,710710548,1851,0,0,0
42.2503,71049,710720548,1857,0,0,0
42.2604,71050,710730548,1859,0,0,0
42.2702,71051,710740548,1897,0,0,0
42.2803,71052,710750548,1902,0,0,0
42.2901,71053,710760549,1891,0,0,0
42.3002,71054,710770548,1905,0,0,0
42.3105,71055,710780549,1942,0,0,0
42.3202,71056,710790549,1926,0,0,0
42.3302,71057,710800548,1947,0,0,0
42.3401,71058,710810549,1955,0,0,0
42.3501,71059,710820548,1943,0,0,0
42.3604,71060,710830548,1942,0,0,0
42.3702,71061,710840548,1958,0,0,0
42.3802,71062,710850548,1925,0,0,0
42.3901,71063,710860548,1904,0,0,0
42.4002,71064,710870548,1868,0,0,0
42.4106,71065,710880549,1872,0,0,0
42.4202,71066,710890549,1840,0,0,0
42.4301,71067,710900548,1839,0,0,0
42.4402,71068,710910548,1808,0,0,0
42.4516,71069,710920548,1814,0,0,0
42.4619,71070,710930548,1779,0,0,0
42.4722,71071,710940548,1811,0,0,0
42.4803,71072,710950548,1813,0,0,0
42.4903,71073,710960549,1818,0,0,0
42.5005,71074,710970548,1813,0,0,0
42.5110,71075,710980548,1808,0,0,0
42.5203,71076,710990548,1812,0,0,0
42.5302,71077,711000548,1809,0,0,0
42.5402,71078,711010548,1824,0,0,0
42.5502,71079,711020549,1828,0,0,0
42.5606,71080,711030548,1831,0,0,0
42.5702,71081,711040548,1837,0,0,0
42.5802,71082,711050548,1823,0,0,0
42.5905,71083,711060549,1829,0,0,0
42.6003,71084,711070549,1814,0,0,0
42.6106,71085,711080549,1825,0,0,0
42.6203,71086,711090548,1835,0,0,0
42.6303,71087,711100548,1835,0,0,0
42.6402,71088,711110548,1817,0,0,0
42.6503,71089,711120549,1831,0,0,0
42.6604,71090,711130548,1830,0,0,0
42.6703,71091,711140548,1827,0,0,0
42.6804,71092,711150548,1813,0,0,0
42.6901,71093,711160549,1829,0,0,0
42.7032,71094,711170549,1819,0,0,0
42.7107,71095,711180548,1850,0,0,0
42.7202,71096,711190548,1933,0,0,0
42.7302,71097,711200548,1949,0,0,0
42.7403,71098,711210548,1967,0,0,0
42.7502,71099,711220548,1959,0,0,0
42.7604,71100,711230548,1920,0,0,0
42.7703,71101,711240549,1935,0,0,0
42.7802,71102,711250548,1866,0,0,0
42.7902,71103,711260548,1840,0,0,0
42.8007,71104,711270548,1792,0,0,0
42.8106,71105,711280548,1787,0,0,0
42.8203,71106,711290548,1757,0,0,0
42.8305,71107,711300549,1766,0,0,0
42.8402,71108,711310548,1729,0,0,0
42.8502,71109,711320549,1767,0,0,0
42.8606,71110,711330549,1763,0,0,0
42.8703,71111,711340548,1783,0,0,0
42.8803,71112,711350549,1902,0,0,0
42.8903,71113,711360548,2034,0,0,0
42.9003,71114,711370548,2533,0,0,0
42.9106,71115,711380548,2395,0,0,0
42.9203,71116,711390549,1787,0,0,0
42.9302,71117,711400549,1429,0,0,0
42.9402,71118,711410549,1412,0,0,0
42.9503,71119,711420548,1557,0,0,0
42.9607,71120,711430548,1697,0,0,0
42.9704,71121,711440548,1779,0,0,0
42.9802,71122,711450548,1783,0,0,0
42.9902,71123,711460549,1811,0,0,0
43.0002,71124,711470548,1808,0,0,0
43.0106,71125,711480548,1830,0,0,0
43.0202,71126,711490548,1842,0,0,0
43.0301,71127,711500548,1846,0,0,0
43.0403,71128,711510548,1826,0,0,0
43.0502,71129,711520548,1863,0,0,0
43.0603,71130,711530548,1858,0,0,0
43.0705,71131,711540548,1872,0,0,0
43.0804,71132,711550548,1857,0,0,0
43.0901,71133,711560548,1886,0,0,0
43.1004,71134,711570548,1883,0,0,0
43.1106,71135,711580548,1905,0,0,0
43.1202,71136,711590548,1892,0,0,0
43.1303,71137,711600548,1926,0,0,0
43.1402,71138,711610548,1914,0,0,0
43.1501,71139,711620548,1931,0,0,0
43.1605,71140,711630548,1923,0,0,0
43.1702,71141,711640548,1935,0,0,0
43.1802,71142,711650548,1901,0,0,0
43.1901,71143,711660548,1917,0,0,0
43.2015,71144,711670548,1872,0,0,0
43.2107,71145,711680548,1863,0,0,0
43.2202,71146,711690548,1821,0,0,0
43.2301,71147,711700549,1815,0,0,0
43.2402,71148,711710549,1801,0,0,0
43.2503,71149,711720548,1799,0,0,0
43.2604,71150,711730548,1773,0,0,0
43.2701,71151,711740548,1802,0,0,0
43.2804,71152,711750549,1778,0,0,0
43.2901,71153,711760548,1811,0,0,0
43.3003,71154,711770548,1776,0,0,0
43.3105,71155,711780549,1808,0,0,0
43.3203,71156,711790548,1790,0,0,0
43.3301,71157,711800548,1805,0,0,0
43.3402,71158,711810548,1810,0,0,0
43.3501,71159,711820549,1808,0,0,0
43.3604,71160,711830549,1801,0,0,0
43.3703,71161,711840548,1831,0,0,0
43.3801,71162,711850548,1790,0,0,0
43.3902,71163,711860549,1827,0,0,0
43.4002,71164,711870549,1808,0,0,0
43.4106,71165,711880548,1821,0,0,0
43.4202,71166,711890548,1791,0,0,0
43.4302,71167,711900548,1823,0,0,0
43.4402,71168,711910548,1795,0,0,0
43.4500,71169,711920548,1797,0,0,0
43.4604,71170,711930548,1793,0,0,0
43.4702,71171,711940549,1820,0,0,0
43.4802,71172,711950549,1808,0,0,0
43.4901,71173,711960549,1792,0,0,0
43.5003,71174,711970549,1806,0,0,0
43.5109,71175,711980548,1814,0,0,0
43.5203,71176,711990548,1810,0,0,0
43.5302,71177,712000549,1895,0,0,0
43.5401,71178,712010548,1921,0,0,0
43.5502,71179,712020549,1953,0,0,0
43.5604,71180,712030548,1968,0,0,0
43.5701,71181,712040549,1927,0,0,0
43.5802,71182,712050549,1906,0,0,0
43.5902,71183,712060548,1887,0,0,0
43.6002,71184,712070549,1840,0,0,0
43.6105,71185,712080549,1823,0,0,0
43.6203,71186,712090548,1765,0,0,0
43.6302,71187,712100548,1774,0,0,0
43.6402,71188,712110548,1761,0,0,0
43.6502,71189,712120548,1776,0,0,0
43.6604,71190,712130548,1745,0,0,0
43.6703,71191,712140548,1766,0,0,0
43.6803,71192,712150549,1749,0,0,0
43.6902,71193,712160548,1857,0,0,0
43.7052,71194,712170548,1957,0,0,0
43.7107,71195,712180548,2367,0,0,0
43.7203,71196,712190549,2544,0,0,0
43.7302,71197,712200549,2023,0,0,0
43.7401,71198,712210549,1467,0,0,0
43.7502,71199,712220548,1396,0,0,0
43.7604,71200,712230548,1487,0,0,0
43.7702,71201,712240548,1661,0,0,0
43.7803,71202,712250549,1760,0,0,0
43.7902,71203,712260548,1783,0,0,0
43.8002,71204,712270548,1791,0,0,0
43.8106,71205,712280549,1831,0,0,0
43.8201,71206,712290548,1815,0,0,0
43.8301,71207,712300548,1846,0,0,0
43.8401,71208,712310548,1837,0,0,0
43.8502,71209,712320548,1856,0,0,0
43.8604,71210,712330549,1846,0,0,0
43.8703,71211,712340548,1884,0,0,0
43.8804,71212,712350549,1859,0,0,0
43.8902,71213,712360548,1879,0,0,0
43.9005,71214,712370548,1885,0,0,0
43.9108,71215,712380548,1904,0,0,0
43.9202,71216,712390548,1899,0,0,0
43.9301,71217,712400549,1927,0,0,0
43.9402,71218,712410548,1926,0,0,0
43.9514,71219,712420548,1951,0,0,0
43.9607,71220,712430548,1946,0,0,0
43.9704,71221,712440548,1958,0,0,0
43.9805,71222,712450548,1936,0,0,0
43.9903,71223,712460549,1954,0,0,0
44.0003,71224,712470548,1925,0,0,0
44.0108,71225,712480548,1921,0,0,0
44.0202,71226,712490548,1877,0,0,0
44.0302,71227,712500549,1857,0,0,0
44.0403,71228,712510549,1815,0,0,0
44.0502,71229,712520548,1821,0,0,0
44.0604,71230,712530548,1778,0,0,0
44.0704,71231,712540548,1807,0,0,0
44.0803,71232,712550548,1789,0,0,0
44.0902,71233,712560548,1798,0,0,0
44.1002,71234,712570548,1799,0,0,0
44.1103,71235,712580548,1808,0,0,0
44.1202,71236,712590548,1793,0,0,0
44.1306,71237,712600549,1815,0,0,0
44.1402,71238,712610549,1797,0,0,0
44.1503,71239,712620548,1812,0,0,0
44.1605,71240,712630548,1806,0,0,0
44.1701,71241,712640549,1834,0,0,0
44.1801,71242,712650549,1808,0,0,0
44.1902,71243,712660548,1825,0,0,0
44.2002,71244,712670548,1818,0,0,0
44.2106,71245,712680548,1825,0,0,0
44.2203,71246,712690548,1821,0,0,0
44.2302,71247,712700548,1823,0,0,0
44.2402,71248,712710548,1801,0,0,0
44.2504,71249,712720548,1825,0,0,0
44.2605,71250,712730548,1793,0,0,0
44.2702,71251,712740548,1814,0,0,0
44.2802,71252,712750548,1803,0,0,0
44.2900,71253,712760549,1818,0,0,0
44.3002,71254,712770548,1807,0,0,0
44.3102,71255,712780548,1821,0,0,0
44.3202,71256,712790548,1802,0,0,0
44.3302,71257,712800549,1826,0,0,0
44.3402,71258,712810549,1815,0,0,0
44.3504,71259,712820548,1831,0,0,0
44.3607,71260,712830548,1808,0,0,0
44.3703,71261,712840548,1831,0,0,0
44.3801,71262,712850548,1808,0,0,0
44.3901,71263,712860549,1857,0,0,0
44.4003,71264,712870548,1905,0,0,0
44.4104,71265,712880548,1935,0,0,0
44.4203,71266,712890548,1966,0,0,0
44.4302,71267,712900549,1962,0,0,0
44.4401,71268,712910548,1909,0,0,0
44.4516,71269,712920548,1918,0,0,0
44.4605,71270,712930548,1840,0,0,0
44.4701,71271,712940549,1840,0,0,0
44.4801,71272,712950548,1796,0,0,0
44.4902,71273,712960548,1776,0,0,0
44.5002,71274,712970548,1759,0,0,0
44.5102,71275,712980548,1776,0,0,0
44.5203,71276,712990548,1751,0,0,0
44.5303,71277,713000549,1776,0,0,0
44.5401,71278,713010548,1771,0,0,0
44.5502,71279,713020548,1811,0,0,0
44.5606,71280,713030549,1924,0,0,0
44.5702,71281,713040548,2111,0,0,0
44.5803,71282,713050549,2617,0,0,0
44.5902,71283,713060549,2299,0,0,0
44.6001,71284,713070548,1664,0,0,0
44.6104,71285,713080549,1433,0,0,0
44.6202,71286,713090549,1458,0,0,0
44.6302,71287,713100548,1621,0,0,0
44.6403,71288,713110548,1731,0,0,0
44.6503,71289,713120548,1775,0,0,0
44.6605,71290,713130548,1791,0,0,0
44.6703,71291,713140549,1820,0,0,0
44.6802,71292,713150549,1811,0,0,0
44.6901,71293,713160549,1837,0,0,0
44.7004,71294,713170549,1833,0,0,0
44.7103,71295,713180548,1859,0,0,0
44.7203,71296,713190549,1843,0,0,0
44.7305,71297,713200548,1859,0,0,0
44.7402,71298,713210548,1853,0,0,0
44.7503,71299,713220548,1887,0,0,0
44.7607,71300,713230548,1872,0,0,0
44.7703,71301,713240549,1899,0,0,0
44.7801,71302,713250548,1899,0,0,0
44.7901,71303,713260548,1923,0,0,0
44.8001,71304,713270548,1930,0,0,0
44.8104,71305,713280549,1955,0,0,0
44.8202,71306,713290549,1936,0,0,0
44.8301,71307,713300548,1968,0,0,0
44.8403,71308,713310548,1950,0,0,0
44.8506,71309,713320548,1955,0,0,0
44.8606,71310,713330548,1931,0,0,0
44.8702,71311,713340549,1914,0,0,0
44.8801,71312,713350548,1870,0,0,0
44.8903,71313,713360548,1857,0,0,0
44.9001,71314,713370548,1812,0,0,0
44.9103,71315,713380549,1809,0,0,0
44.9203,71316,713390549,1776,0,0,0
44.9303,71317,713400549,1776,0,0,0
44.9402,71318,713410549,1762,0,0,0
44.9502,71319,713420548,1778,0,0,0
44.9609,71320,713430548,1754,0,0,0
44.9704,71321,713440549,1780,0,0,0
44.9802,71322,713450549,1759,0,0,0
44.9904,71323,713460548,1791,0,0,0
45.0003,71324,713470548,1789,0,0,0
45.0103,71325,713480548,1807,0,0,0
45.0203,71326,713490548,1799,0,0,0
45.0301,71327,713500548,1794,0,0,0
45.0403,71328,713510548,1793,0,0,0
45.0501,71329,713520548,1808,0,0,0
45.0603,71330,713530548,1781,0,0,0
45.0703,71331,713540549,1806,0,0,0
45.0802,71332,713550548,1791,0,0,0
45.0903,71333,713560549,1799,0,0,0
45.1002,71334,713570549,1788,0,0,0
45.1105,71335,713580548,1807,0,0,0
45.1202,71336,713590548,1791,0,0,0
45.1302,71337,713600548,1798,0,0,0
45.1402,71338,713610548,1776,0,0,0
45.1501,71339,713620548,1801,0,0,0
45.1607,71340,713630548,1772,0,0,0
45.1701,71341,713640549,1788,0,0,0
45.1804,71342,713650549,1777,0,0,0
45.1901,71343,713660548,1791,0,0,0
45.2006,71344,713670548,1791,0,0,0
45.2106,71345,713680549,1798,0,0,0
45.2204,71346,713690548,1778,0,0,0
45.2302,71347,713700548,1802,0,0,0
45.2401,71348,713710548,1791,0,0,0
45.2503,71349,713720548,1803,0,0,0
45.2606,71350,713730548,1806,0,0,0
45.2701,71351,713740549,1823,0,0,0
45.2802,71352,713750549,1863,0,0,0
45.2903,71353,713760548,1921,0,0,0
45.3002,71354,713770548,1937,0,0,0
45.3103,71355,713780548,1979,0,0,0
45.3202,71356,713790549,1909,0,0,0
45.3303,71357,713800548,1926,0,0,0
45.3402,71358,713810548,1872,0,0,0
45.3504,71359,713820548,1850,0,0,0
45.3606,71360,713830548,1805,0,0,0
45.3701,71361,713840548,1795,0,0,0
45.3801,71362,713850548,1758,0,0,0
45.3902,71363,713860548,1767,0,0,0
45.4001,71364,713870548,1742,0,0,0
45.4103,71365,713880548,1762,0,0,0
45.4201,71366,713890548,1760,0,0,0
45.4301,71367,713900548,1777,0,0,0
45.4401,71368,713910548,1870,0,0,0
45.4507,71369,713920548,1958,0,0,0
45.4605,71370,713930548,2450,0,0,0
45.4701,71371,713940548,2559,0,0,0
45.4801,71372,713950548,1936,0,0,0
45.4901,71373,713960548,1479,0,0,0
45.5001,71374,713970548,1430,0,0,0
45.5103,71375,713980549,1531,0,0,0
45.5200,71376,713990548,1677,0,0,0
45.5301,71377,714000548,1776,0,0,0
45.5402,71378,714010548,1769,0,0,0
45.5504,71379,714020548,1798,0,0,0
45.5604,71380,714030548,1803,0,0,0
45.5702,71381,714040549,1840,0,0,0
45.5802,71382,714050548,1842,0,0,0
45.5902,71383,714060548,1858,0,0,0
45.6002,71384,714070549,1853,0,0,0
45.6104,71385,714080549,1874,0,0,0
45.6201,71386,714090548,1870,0,0,0
45.6302,71387,714100548,1875,0,0,0
45.6402,71388,714110548,1876,0,0,0
45.6502,71389,714120549,1905,0,0,0
45.6605,71390,714130548,1900,0,0,0
45.6703,71391,714140548,1925,0,0,0
45.6802,71392,714150548,1931,0,0,0
45.6902,71393,714160549,1951,0,0,0
45.7001,71394,714170548,1952,0,0,0
45.7103,71395,714180548,1973,0,0,0
45.7203,71396,714190548,1967,0,0,0
45.7303,71397,714200548,1983,0,0,0
45.7403,71398,714210548,1968,0,0,0
45.7503,71399,714220549,1959,0,0,0
45.7604,71400,714230548,1923,0,0,0
45.7702,71401,714240549,1903,0,0,0
45.7802,71402,714250549,1859,0,0,0
45.7901,71403,714260548,1837,0,0,0
45.8002,71404,714270548,1811,0,0,0
45.8101,71405,714280549,1813,0,0,0
45.8203,71406,714290548,1795,0,0,0
45.8301,71407,714300548,1806,0,0,0
45.8404,71408,714310548,1792,0,0,0
45.8503,71409,714320548,1797,0,0,0
45.8606,71410,714330548,1782,0,0,0
45.8703,71411,714340548,1807,0,0,0
45.8802,71412,714350549,1794,0,0,0
45.8901,71413,714360548,1816,0,0,0
45.9001,71414,714370548,1815,0,0,0
45.9104,71415,714380549,1826,0,0,0
45.9203,71416,714390548,1810,0,0,0
45.9301,71417,714400548,1829,0,0,0
45.9402,71418,714410548,1815,0,0,0
45.9502,71419,714420549,1825,0,0,0
45.9605,71420,714430548,1822,0,0,0
45.9703,71421,714440549,1832,0,0,0
45.9809,71422,714450548,1814,0,0,0
45.9902,71423,714460548,1830,0,0,0
46.0001,71424,714470548,1825,0,0,0
46.0106,71425,714480549,1826,0,0,0
46.0201,71426,714490549,1823,0,0,0
46.0303,71427,714500549,1829,0,0,0
46.0403,71428,714510548,1813,0,0,0
46.0502,71429,714520549,1819,0,0,0
46.0605,71430,714530549,1817,0,0,0
46.0703,71431,714540549,1830,0,0,0
46.0802,71432,714550549,1817,0,0,0
46.0901,71433,714560548,1821,0,0,0
46.1002,71434,714570548,1814,0,0,0
46.1103,71435,714580548,1815,0,0,0
46.1201,71436,714590548,1817,0,0,0
46.1301,71437,714600549,1813,0,0,0
46.1402,71438,714610549,1826,0,0,0
46.1501,71439,714620548,1869,0,0,0
46.1606,71440,714630549,1908,0,0,0
46.1701,71441,714640548,1939,0,0,0
46.1802,71442,714650548,1968,0,0,0
46.1913,71443,714660548,1983,0,0,0
46.2003,71444,714670548,1941,0,0,0
46.2103,71445,714680549,1943,0,0,0
46.2203,71446,714690548,1878,0,0,0
46.2301,71447,714700549,1861,0,0,0
46.2401,71448,714710548,1807,0,0,0
46.2503,71449,714720548,1795,0,0,0
46.2605,71450,714730548,1787,0,0,0
46.2702,71451,714740548,1791,0,0,0
46.2802,71452,714750548,1776,0,0,0
46.2901,71453,714760548,1808,0,0,0
46.3002,71454,714770548,1789,0,0,0
46.3103,71455,714780548,1818,0,0,0
46.3200,71456,714790548,1921,0,0,0
46.3301,71457,714800549,2045,0,0,0
46.3403,71458,714810548,2624,0,0,0
46.3501,71459,714820549,2416,0,0,0
46.3611,71460,714830549,1799,0,0,0
46.3703,71461,714840548,1505,0,0,0
46.3800,71462,714850549,1499,0,0,0
46.3901,71463,714860548,1611,0,0,0
46.4002,71464,714870549,1748,0,0,0
46.4102,71465,714880548,1807,0,0,0
46.4204,71466,714890548,1809,0,0,0
46.4303,71467,714900548,1827,0,0,0
46.4402,71468,714910548,1852,0,0,0
46.4503,71469,714920549,1843,0,0,0
46.4607,71470,714930549,1867,0,0,0
46.4702,71471,714940548,1862,0,0,0
46.4801,71472,714950548,1866,0,0,0
46.4901,71473,714960548,1878,0,0,0
46.5002,71474,714970548,1898,0,0,0
46.5103,71475,714980548,1901,0,0,0
46.5202,71476,714990548,1901,0,0,0
46.5301,71477,715000549,1916,0,0,0
46.5402,71478,715010548,1936,0,0,0
46.5503,71479,715020549,1936,0,0,0
46.5604,71480,715030548,1961,0,0,0
46.5702,71481,715040549,1968,0,0,0
46.5802,71482,715050548,1981,0,0,0
46.5901,71483,715060549,1987,0,0,0
46.6002,71484,715070548,2007,0,0,0
46.6105,71485,715080549,1994,0,0,0
46.6201,71486,715090548,1985,0,0,0
46.6301,71487,715100548,1971,0,0,0
46.6403,71488,715110548,1923,0,0,0
46.6503,71489,715120548,1917,0,0,0
46.6605,71490,715130548,1877,0,0,0
46.6702,71491,715140548,1854,0,0,0
46.6802,71492,715150548,1849,0,0,0
46.6901,71493,715160549,1843,0,0,0
46.7003,71494,715170548,1827,0,0,0
46.7111,71495,715180548,1829,0,0,0
46.7202,71496,715190548,1833,0,0,0
46.7303,71497,715200549,1828,0,0,0
46.7401,71498,715210548,1840,0,0,0
46.7501,71499,715220548,1839,0,0,0
46.7606,71500,715230548,1846,0,0,0
46.7701,71501,715240548,1851,0,0,0
46.7802,71502,715250548,1843,0,0,0
46.7901,71503,715260549,1847,0,0,0
46.8001,71504,715270548,1872,0,0,0
46.8103,71505,715280548,1856,0,0,0
46.8202,71506,715290548,1853,0,0,0
46.8305,71507,715300549,1872,0,0,0
46.8401,71508,715310548,1858,0,0,0
46.8503,71509,715320548,1856,0,0,0
46.8605,71510,715330548,1847,0,0,0
46.8702,71511,715340549,1853,0,0,0
46.8802,71512,715350548,1840,0,0,0
46.8900,71513,715360549,1835,0,0,0
46.9001,71514,715370548,1845,0,0,0
46.9102,71515,715380549,1840,0,0,0
46.9201,71516,715390548,1846,0,0,0
46.9300,71517,715400548,1837,0,0,0
46.9409,71518,715410548,1841,0,0,0
46.9501,71519,715420549,1831,0,0,0
46.9607,71520,715430548,1835,0,0,0
46.9704,71521,715440548,1843,0,0,0
46.9808,71522,715450548,1855,0,0,0
46.9904,71523,715460548,1872,0,0,0
47.0001,71524,715470549,1938,0,0,0
47.0105,71525,715480548,1946,0,0,0
47.0203,71526,715490548,1978,0,0,0
47.0301,71527,715500549,1999,0,0,0
47.0401,71528,715510548,1952,0,0,0
47.0501,71529,715520549,1938,0,0,0
47.0605,71530,715530548,1896,0,0,0
47.0701,71531,715540549,1869,0,0,0
47.0802,71532,715550548,1829,0,0,0
47.0900,71533,715560548,1808,0,0,0
47.1002,71534,715570548,1791,0,0,0
47.1103,71535,715580549,1793,0,0,0
47.1202,71536,715590548,1790,0,0,0
47.1302,71537,715600548,1789,0,0,0
47.1402,71538,715610549,1791,0,0,0
47.1501,71539,715620548,1803,0,0,0
47.1604,71540,715630548,1927,0,0,0
47.1702,71541,715640548,2069,0,0,0
47.1801,71542,715650548,2638,0,0,0
47.1902,71543,715660548,2410,0,0,0
47.2001,71544,715670548,1813,0,0,0
47.2103,71545,715680549,1488,0,0,0
47.2201,71546,715690548,1479,0,0,0
47.2300,71547,715700549,1588,0,0,0
47.2401,71548,715710549,1755,0,0,0
47.2503,71549,715720548,1786,0,0,0
47.2605,71550,715730548,1807,0,0,0
47.2702,71551,715740549,1829,0,0,0
47.2800,71552,715750548,1837,0,0,0
47.2900,71553,715760549,1841,0,0,0
47.3002,71554,715770548,1867,0,0,0
47.3102,71555,715780548,1869,0,0,0
47.3202,71556,715790548,1873,0,0,0
47.3301,71557,715800548,1869,0,0,0
47.3402,71558,715810549,1901,0,0,0
47.3501,71559,715820548,1901,0,0,0
47.3606,71560,715830548,1905,0,0,0
47.3702,71561,715840549,1922,0,0,0
47.3801,71562,715850548,1904,0,0,0
47.3902,71563,715860548,1919,0,0,0
47.4001,71564,715870548,1945,0,0,0
47.4102,71565,715880548,1950,0,0,0
47.4202,71566,715890548,1958,0,0,0
47.4301,71567,715900548,1949,0,0,0
47.4415,71568,715910548,1968,0,0,0
47.4502,71569,715920549,1959,0,0,0
47.4605,71570,715930549,1966,0,0,0
47.4700,71571,715940548,1930,0,0,0
47.4803,71572,715950548,1917,0,0,0
47.4901,71573,715960549,1883,0,0,0
47.5002,71574,715970549,1870,0,0,0
47.5103,71575,715980548,1841,0,0,0
47.5200,71576,715990548,1835,0,0,0
47.5301,71577,716000549,1833,0,0,0
47.5402,71578,716010548,1810,0,0,0
47.5502,71579,716020548,1809,0,0,0
47.5603,71580,716030548,1819,0,0,0
47.5704,71581,716040549,1823,0,0,0
47.5801,71582,716050548,1823,0,0,0
47.5901,71583,716060548,1830,0,0,0
47.6002,71584,716070548,1826,0,0,0
47.6103,71585,716080548,1827,0,0,0
47.6201,71586,716090548,1842,0,0,0
47.6302,71587,716100548,1841,0,0,0
47.6402,71588,716110548,1835,0,0,0
47.6501,71589,716120548,1825,0,0,0
47.6606,71590,716130548,1842,0,0,0
47.6701,71591,716140548,1842,0,0,0
47.6801,71592,716150548,1840,0,0,0
47.6903,71593,716160548,1839,0,0,0
47.7003,71594,716170548,1842,0,0,0
47.7103,71595,716180549,1838,0,0,0
47.7205,71596,716190549,1827,0,0,0
47.7301,71597,716200548,1835,0,0,0
47.7402,71598,716210548,1857,0,0,0
47.7505,71599,716220549,1825,0,0,0
47.7604,71600,716230549,1829,0,0,0
47.7702,71601,716240548,1833,0,0,0
47.7802,71602,716250548,1819,0,0,0
47.7901,71603,716260548,1831,0,0,0
47.8001,71604,716270548,1851,0,0,0
47.8104,71605,716280548,1875,0,0,0
47.8202,71606,716290549,1945,0,0,0
47.8300,71607,716300548,1950,0,0,0
47.8404,71608,716310548,1991,0,0,0
47.8501,71609,716320548,1961,0,0,0
47.8604,71610,716330548,1943,0,0,0
47.8702,71611,716340548,1906,0,0,0
47.8801,71612,716350548,1875,0,0,0
47.8901,71613,716360549,1839,0,0,0
47.9001,71614,716370549,1811,0,0,0
47.9102,71615,716380548,1781,0,0,0
47.9202,71616,716390549,1791,0,0,0
47.9303,71617,716400549,1767,0,0,0
47.9402,71618,716410548,1794,0,0,0
47.9507,71619,716420548,1761,0,0,0
47.9605,71620,716430548,1786,0,0,0
47.9703,71621,716440549,1827,0,0,0
47.9807,71622,716450548,1959,0,0,0
47.9907,71623,716460549,2196,0,0,0
48.0001,71624,716470548,2653,0,0,0
48.0104,71625,716480549,2193,0,0,0
48.0203,71626,716490549,1611,0,0,0
48.0302,71627,716500548,1398,0,0,0
48.0402,71628,716510548,1481,0,0,0
48.0502,71629,716520548,1600,0,0,0
48.0603,71630,716530548,1763,0,0,0
48.0702,71631,716540548,1807,0,0,0
48.0803,71632,716550548,1805,0,0,0
48.0901,71633,716560549,1826,0,0,0
48.1001,71634,716570549,1854,0,0,0
48.1103,71635,716580548,1826,0,0,0
48.1202,71636,716590548,1858,0,0,0
48.1301,71637,716600548,1849,0,0,0
48.1401,71638,716610548,1870,0,0,0
48.1503,71639,716620548,1861,0,0,0
48.1603,71640,716630548,1869,0,0,0
48.1702,71641,716640549,1881,0,0,0
48.1801,71642,716650549,1891,0,0,0
48.1901,71643,716660548,1897,0,0,0
48.2002,71644,716670548,1909,0,0,0
48.2102,71645,716680548,1895,0,0,0
48.2202,71646,716690548,1937,0,0,0
48.2301,71647,716700549,1942,0,0,0
48.2402,71648,716710548,1946,0,0,0
48.2503,71649,716720549,1936,0,0,0
48.2604,71650,716730548,1958,0,0,0
48.2702,71651,716740548,1936,0,0,0
48.2801,71652,716750548,1919,0,0,0
48.2901,71653,716760549,1902,0,0,0
48.3002,71654,716770549,1890,0,0,0
48.3103,71655,716780548,1843,0,0,0
48.3202,71656,716790548,1847,0,0,0
48.3302,71657,716800548,1825,0,0,0
48.3402,71658,716810548,1835,0,0,0
48.3502,71659,716820549,1791,0,0,0
48.3603,71660,716830548,1806,0,0,0
48.3702,71661,716840549,1823,0,0,0
48.3802,71662,716850548,1821,0,0,0
48.3902,71663,716860548,1823,0,0,0
48.4001,71664,716870548,1840,0,0,0
48.4103,71665,716880548,1825,0,0,0
48.4202,71666,716890548,1845,0,0,0
48.4301,71667,716900549,1840,0,0,0
48.4402,71668,716910549,1829,0,0,0
48.4501,71669,716920548,1841,0,0,0
48.4604,71670,716930548,1850,0,0,0
48.4701,71671,716940549,1845,0,0,0
48.4802,71672,716950548,1851,0,0,0
48.4900,71673,716960548,1829,0,0,0
48.5001,71674,716970549,1843,0,0,0
48.5103,71675,716980548,1852,0,0,0
48.5201,71676,716990548,1850,0,0,0
48.5301,71677,717000548,1849,0,0,0
48.5402,71678,717010548,1853,0,0,0
48.5501,71679,717020548,1833,0,0,0
48.5604,71680,717030548,1853,0,0,0
48.5702,71681,717040549,1840,0,0,0
48.5801,71682,717050548,1847,0,0,0
48.5901,71683,717060548,1840,0,0,0
48.6001,71684,717070548,1881,0,0,0
48.6103,71685,717080548,1935,0,0,0
48.6202,71686,717090549,1968,0,0,0
48.6301,71687,717100548,1969,0,0,0
48.6401,71688,717110548,2000,0,0,0
48.6502,71689,717120549,1951,0,0,0
48.6604,71690,717130549,1953,0,0,0
48.6701,71691,717140548,1894,0,0,0
48.6801,71692,717150548,1873,0,0,0
48.6902,71693,717160549,1805,0,0,0
48.7009,71694,717170548,1791,0,0,0
48.7103,71695,717180549,1793,0,0,0
48.7201,71696,717190549,1795,0,0,0
48.7301,71697,717200549,1758,0,0,0
48.7401,71698,717210549,1798,0,0,0
48.7501,71699,717220548,1778,0,0,0
48.7603,71700,717230548,1805,0,0,0
48.7702,71701,717240548,1935,0,0,0
48.7801,71702,717250548,2062,0,0,0
48.7901,71703,717260549,2559,0,0,0
48.8001,71704,717270548,2397,0,0,0
48.8104,71705,717280548,1746,0,0,0
48.8203,71706,717290548,1375,0,0,0
48.8301,71707,717300548,1392,0,0,0
48.8401,71708,717310548,1564,0,0,0
48.8503,71709,717320548,1714,0,0,0
48.8605,71710,717330549,1797,0,0,0
48.8702,71711,717340549,1808,0,0,0
48.8800,71712,717350549,1849,0,0,0
48.8900,71713,717360549,1825,0,0,0
48.9002,71714,717370549,1841,0,0,0
48.9104,71715,717380548,1850,0,0,0
48.9202,71716,717390549,1884,0,0,0
48.9301,71717,717400548,1867,0,0,0
48.9402,71718,717410548,1872,0,0,0
48.9501,71719,717420548,1870,0,0,0
48.9609,71720,717430548,1892,0,0,0
48.9709,71721,717440549,1888,0,0,0
48.9807,71722,717450549,1926,0,0,0
48.9904,71723,717460548,1919,0,0,0
49.0004,71724,717470548,1933,0,0,0
49.0102,71725,717480549,1923,0,0,0
49.0202,71726,717490548,1965,0,0,0
49.0301,71727,717500548,1947,0,0,0
49.0401,71728,717510548,1962,0,0,0
49.0502,71729,717520548,1955,0,0,0
49.0603,71730,717530548,1974,0,0,0
49.0701,71731,717540548,1936,0,0,0
49.0802,71732,717550548,1949,0,0,0
49.0901,71733,717560548,1895,0,0,0
49.1000,71734,717570548,1879,0,0,0
49.1102,71735,717580548,1839,0,0,0
49.1201,71736,717590548,1836,0,0,0
49.1301,71737,717600548,1811,0,0,0
49.1401,71738,717610548,1822,0,0,0
49.1501,71739,717620548,1802,0,0,0
49.1602,71740,717630548,1822,0,0,0
49.1701,71741,717640549,1789,0,0,0
49.1802,71742,717650549,1820,0,0,0
49.1902,71743,717660548,1802,0,0,0
49.2018,71744,717670548,1823,0,0,0
49.2104,71745,717680549,1810,0,0,0
49.2201,71746,717690549,1815,0,0,0
49.2300,71747,717700548,1807,0,0,0
49.2401,71748,717710548,1851,0,0,0
49.2501,71749,717720548,1829,0,0,0
49.2603,71750,717730548,1830,0,0,0
49.2703,71751,717740548,1834,0,0,0
49.2801,71752,717750548,1837,0,0,0
49.2901,71753,717760548,1837,0,0,0
49.3002,71754,717770548,1840,0,0,0
49.3103,71755,717780548,1822,0,0,0
49.3202,71756,717790548,1823,0,0,0
49.3301,71757,717800548,1808,0,0,0
49.3401,71758,717810548,1847,0,0,0
49.3500,71759,717820548,1808,0,0,0
49.3604,71760,717830548,1823,0,0,0
49.3701,71761,717840548,1808,0,0,0
49.3801,71762,717850548,1856,0,0,0
49.3903,71763,717860549,1904,0,0,0
49.4002,71764,717870548,1947,0,0,0
49.4103,71765,717880549,1975,0,0,0
49.4202,71766,717890548,1987,0,0,0
49.4301,71767,717900549,1933,0,0,0
49.4405,71768,717910549,1936,0,0,0
49.4500,71769,717920548,1855,0,0,0
49.4604,71770,717930549,1855,0,0,0
49.4701,71771,717940548,1802,0,0,0
49.4802,71772,717950548,1785,0,0,0
49.4903,71773,717960548,1749,0,0,0
49.5003,71774,717970548,1759,0,0,0
49.5104,71775,717980549,1734,0,0,0
49.5203,71776,717990549,1776,0,0,0
49.5301,71777,718000548,1750,0,0,0
49.5402,71778,718010548,1772,0,0,0
49.5502,71779,718020548,1932,0,0,0
49.5603,71780,718030548,2099,0,0,0
49.5701,71781,718040548,2554,0,0,0
49.5801,71782,718050548,2323,0,0,0
49.5903,71783,718060548,1678,0,0,0
49.6001,71784,718070548,1329,0,0,0
49.6103,71785,718080548,1379,0,0,0
49.6200,71786,718090548,1535,0,0,0
49.6300,71787,718100548,1721,0,0,0
49.6400,71788,718110548,1803,0,0,0
49.6502,71789,718120548,1791,0,0,0
49.6605,71790,718130548,1815,0,0,0
49.6703,71791,718140548,1825,0,0,0
49.6804,71792,718150548,1841,0,0,0
49.6903,71793,718160548,1831,0,0,0
49.7002,71794,718170549,1865,0,0,0
49.7125,71795,718180549,1849,0,0,0
49.7203,71796,718190549,1871,0,0,0
49.7302,71797,718200548,1857,0,0,0
49.7401,71798,718210548,1885,0,0,0
49.7502,71799,718220548,1883,0,0,0
49.7603,71800,718230548,1900,0,0,0
49.7703,71801,718240548,1906,0,0,0
49.7803,71802,718250549,1921,0,0,0
49.7903,71803,718260548,1925,0,0,0
49.8003,71804,718270548,1953,0,0,0
49.8103,71805,718280548,1949,0,0,0
49.8202,71806,718290548,1967,0,0,0
49.8302,71807,718300548,1942,0,0,0
49.8401,71808,718310549,1946,0,0,0
49.8503,71809,718320549,1913,0,0,0
49.8602,71810,718330548,1925,0,0,0
49.8702,71811,718340548,1878,0,0,0
49.8803,71812,718350548,1863,0,0,0
49.8901,71813,718360549,1815,0,0,0
49.9003,71814,718370548,1813,0,0,0
49.9104,71815,718380548,1778,0,0,0
49.9202,71816,718390549,1776,0,0,0
49.9301,71817,718400548,1774,0,0,0
49.9401,71818,718410548,1781,0,0,0
49.9503,71819,718420548,1771,0,0,0
49.9604,71820,718430548,1805,0,0,0
49.9701,71821,718440548,1773,0,0,0
49.9806,71822,718450548,1791,0,0,0
49.9905,71823,718460549,1789,0,0,0
50.0003,71824,718470548,1808,0,0,0
50.0123,71825,718480548,1793,0,0,0
50.0204,71826,718490548,1799,0,0,0
50.0312,71827,718500549,1798,0,0,0
50.0423,71828,718510548,1818,0,0,0
50.0511,71829,718520549,1792,0,0,0
50.0611,71830,718530549,1813,0,0,0
50.0700,71831,718540548,1792,0,0,0
50.0810,71832,718550548,1803,0,0,0
50.0900,71833,718560548,1791,0,0,0
50.1004,71834,718570548,1811,0,0,0
50.1104,71835,718580548,1782,0,0,0
50.1202,71836,718590548,1795,0,0,0
50.1301,71837,718600548,1794,0,0,0
50.1400,71838,718610548,1804,0,0,0
50.1503,71839,718620548,1787,0,0,0
50.1603,71840,718630548,1797,0,0,0
50.1701,71841,718640548,1783,0,0,0
50.1802,71842,718650548,1807,0,0,0
50.1915,71843,718660549,1779,0,0,0
50.2039,71844,718670548,1822,0,0,0
50.2151,71845,718680548,1811,0,0,0
50.2205,71846,718690548,1871,0,0,0
50.2341,71847,718700549,1915,0,0,0
50.2433,71848,718710548,1950,0,0,0
50.2501,71849,718720549,1945,0,0,0
50.2657,71850,718730549,1917,0,0,0
50.2704,71851,718740549,1894,0,0,0
50.2802,71852,718750549,1867,0,0,0
50.2900,71853,718760548,1831,0,0,0
50.3002,71854,718770548,1808,0,0,0
50.3102,71855,718780548,1749,0,0,0
50.3202,71856,718790548,1760,0,0,0
50.3302,71857,718800549,1739,0,0,0
50.3400,71858,718810548,1769,0,0,0
50.3501,71859,718820548,1739,0,0,0
50.3603,71860,718830548,1751,0,0,0
50.3702,71861,718840549,1747,0,0,0
50.3800,71862,718850549,1856,0,0,0
50.3902,71863,718860548,1973,0,0,0
50.4043,71864,718870548,2382,0,0,0
50.4120,71865,718880549,2512,0,0,0
50.4239,71866,718890548,1950,0,0,0
50.4368,71867,718900549,1386,0,0,0
50.4400,71868,718910549,1357,0,0,0
50.4503,71869,718920548,1466,0,0,0
50.4612,71870,718930548,1669,0,0,0
50.4710,71871,718940549,1757,0,0,0
50.4803,71872,718950549,1783,0,0,0
50.4901,71873,718960549,1789,0,0,0
50.5002,71874,718970549,1827,0,0,0
50.5104,71875,718980548,1808,0,0,0
50.5201,71876,718990548,1843,0,0,0
50.5301,71877,719000549,1830,0,0,0
50.5402,71878,719010548,1858,0,0,0
50.5500,71879,719020548,1845,0,0,0
50.5604,71880,719030548,1867,0,0,0
50.5702,71881,719040549,1847,0,0,0
50.5830,71882,719050548,1879,0,0,0
50.5901,71883,719060549,1873,0,0,0
50.6056,71884,719070548,1915,0,0,0
50.6133,71885,719080549,1904,0,0,0
50.6200,71886,719090548,1931,0,0,0
50.6328,71887,719100548,1937,0,0,0
50.6400,71888,719110548,1952,0,0,0
50.6501,71889,719120549,1928,0,0,0
50.6602,71890,719130548,1955,0,0,0
50.6702,71891,719140549,1949,0,0,0
50.6801,71892,719150548,1953,0,0,0
50.6902,71893,719160549,1925,0,0,0
50.7003,71894,719170549,1915,0,0,0
50.7104,71895,719180548,1887,0,0,0
50.7201,71896,719190549,1843,0,0,0
50.7308,71897,719200548,1813,0,0,0
50.7401,71898,719210548,1808,0,0,0
50.7501,71899,719220548,1791,0,0,0
50.7639,71900,719230548,1803,0,0,0
50.7717,71901,719240549,1785,0,0,0
50.7837,71902,719250548,1799,0,0,0
50.7982,71903,719260548,1783,0,0,0
50.8001,71904,719270548,1802,0,0,0
50.8103,71905,719280549,1785,0,0,0
50.8230,71906,719290549,1803,0,0,0
50.8300,71907,719300548,1794,0,0,0
50.8400,71908,719310548,1826,0,0,0
50.8502,71909,719320548,1808,0,0,0
50.8601,71910,719330548,1808,0,0,0
50.8701,71911,719340548,1807,0,0,0
50.8802,71912,719350548,1826,0,0,0
50.8904,71913,719360548,1808,0,0,0
50.9001,71914,719370548,1818,0,0,0
50.9104,71915,719380548,1808,0,0,0
50.9201,71916,719390548,1811,0,0,0
50.9301,71917,719400548,1792,0,0,0
50.9401,71918,719410548,1808,0,0,0
50.9508,71919,719420548,1817,0,0,0
50.9604,71920,719430548,1802,0,0,0
50.9702,71921,719440549,1799,0,0,0
50.9801,71922,719450548,1807,0,0,0
50.9904,71923,719460548,1791,0,0,0
51.0002,71924,719470548,1811,0,0,0
51.0104,71925,719480548,1792,0,0,0
51.0200,71926,719490548,1805,0,0,0
51.0301,71927,719500548,1798,0,0,0
51.0402,71928,719510548,1799,0,0,0
51.0501,71929,719520549,1805,0,0,0
51.0603,71930,719530549,1807,0,0,0
51.0700,71931,719540549,1801,0,0,0
51.0801,71932,719550549,1811,0,0,0
51.0901,71933,719560548,1802,0,0,0
51.1002,71934,719570548,1809,0,0,0
51.1103,71935,719580549,1805,0,0,0
51.1201,71936,719590549,1857,0,0,0
51.1301,71937,719600548,1891,0,0,0
51.1401,71938,719610548,1919,0,0,0
51.1501,71939,719620548,1954,0,0,0
51.1602,71940,719630548,1936,0,0,0
51.1700,71941,719640548,1888,0,0,0
51.1802,71942,719650548,1894,0,0,0
51.1901,71943,719660548,1821,0,0,0
51.2001,71944,719670548,1827,0,0,0
51.2104,71945,719680549,1757,0,0,0
51.2234,71946,719690549,1749,0,0,0
51.2302,71947,719700548,1734,0,0,0
51.2400,71948,719710548,1738,0,0,0
51.2501,71949,719720549,1730,0,0,0
51.2603,71950,719730548,1745,0,0,0
51.2702,71951,719740549,1726,0,0,0
51.2801,71952,719750548,1780,0,0,0
51.2901,71953,719760549,1903,0,0,0
51.3003,71954,719770549,2038,0,0,0
51.3103,71955,719780548,2559,0,0,0
51.3200,71956,719790549,2303,0,0,0
51.3303,71957,719800549,1649,0,0,0
51.3401,71958,719810549,1389,0,0,0
51.3500,71959,719820548,1425,0,0,0
51.3604,71960,719830548,1569,0,0,0
51.3701,71961,719840548,1711,0,0,0
51.3801,71962,719850548,1757,0,0,0
51.3900,71963,719860548,1770,0,0,0
51.4003,71964,719870548,1802,0,0,0
51.4104,71965,719880548,1793,0,0,0
51.4201,71966,719890548,1814,0,0,0
51.4300,71967,719900549,1814,0,0,0
51.4399,71968,719910548,1822,0,0,0
51.4511,71969,719920549,1828,0,0,0
51.4603,71970,719930549,1834,0,0,0
51.4701,71971,719940548,1838,0,0,0
51.4803,71972,719950548,1857,0,0,0
51.4900,71973,719960548,1857,0,0,0
51.5001,71974,719970548,1865,0,0,0
51.5105,71975,719980549,1885,0,0,0
51.5201,71976,719990548,1904,0,0,0
51.5300,71977,720000548,1902,0,0,0
51.5400,71978,720010548,1921,0,0,0
51.5501,71979,720020548,1934,0,0,0
51.5603,71980,720030548,1933,0,0,0
51.5702,71981,720040548,1932,0,0,0
51.5800,71982,720050548,1934,0,0,0
51.5900,71983,720060548,1920,0,0,0
51.6004,71984,720070548,1909,0,0,0
51.6104,71985,720080549,1879,0,0,0
51.6200,71986,720090548,1851,0,0,0
51.6301,71987,720100548,1813,0,0,0
51.6400,71988,720110548,1808,0,0,0
51.6500,71989,720120548,1795,0,0,0
51.6605,71990,720130548,1779,0,0,0
51.6701,71991,720140548,1773,0,0,0
51.6800,71992,720150548,1777,0,0,0
51.6901,71993,720160549,1775,0,0,0
51.7005,71994,720170549,1782,0,0,0
51.7106,71995,720180549,1760,0,0,0
51.7201,71996,720190548,1782,0,0,0
51.7300,71997,720200548,1789,0,0,0
51.7400,71998,720210548,1791,0,0,0
51.7501,71999,720220549,1791,0,0,0
51.7603,72000,720230549,1798,0,0,0
51.7701,72001,720240548,1799,0,0,0
51.7801,72002,720250548,1801,0,0,0
51.7900,72003,720260548,1812,0,0,0
51.8004,72004,720270548,1812,0,0,0
51.8106,72005,720280548,1810,0,0,0
51.8200,72006,720290548,1808,0,0,0
51.8301,72007,720300549,1804,0,0,0
51.8400,72008,720310549,1811,0,0,0
51.8500,72009,720320548,1808,0,0,0
51.8601,72010,720330548,1808,0,0,0
51.8700,72011,720340548,1796,0,0,0
51.8802,72012,720350548,1779,0,0,0
51.8902,72013,720360548,1782,0,0,0
51.9004,72014,720370548,1792,0,0,0
51.9102,72015,720380548,1778,0,0,0
51.9201,72016,720390548,1778,0,0,0
51.9301,72017,720400549,1798,0,0,0
51.9400,72018,720410549,1806,0,0,0
51.9509,72019,720420548,1808,0,0,0
51.9609,72020,720430548,1787,0,0,0
51.9704,72021,720440548,1808,0,0,0
51.9803,72022,720450548,1793,0,0,0
51.9902,72023,720460549,1797,0,0,0
52.0002,72024,720470548,1807,0,0,0
52.0105,72025,720480548,1801,0,0,0
52.0200,72026,720490549,1807,0,0,0
52.0301,72027,720500549,1813,0,0,0
52.0401,72028,720510548,1813,0,0,0
52.0501,72029,720520549,1875,0,0,0
52.0600,72030,720530548,1904,0,0,0
52.0701,72031,720540548,1913,0,0,0
52.0801,72032,720550548,1959,0,0,0
52.0901,72033,720560549,1914,0,0,0
52.1002,72034,720570549,1907,0,0,0
52.1104,72035,720580548,1878,0,0,0
52.1200,72036,720590549,1847,0,0,0
52.1301,72037,720600548,1808,0,0,0
52.1400,72038,720610548,1787,0,0,0
52.1499,72039,720620548,1769,0,0,0
52.1604,72040,720630548,1759,0,0,0
52.1700,72041,720640548,1760,0,0,0
52.1800,72042,720650548,1755,0,0,0
52.1901,72043,720660549,1762,0,0,0
52.2001,72044,720670549,1770,0,0,0
52.2101,72045,720680548,1856,0,0,0
52.2202,72046,720690548,1954,0,0,0
52.2300,72047,720700549,2279,0,0,0
52.2402,72048,720710549,2640,0,0,0
52.2502,72049,720720548,2135,0,0,0
52.2603,72050,720730548,1529,0,0,0
52.2701,72051,720740548,1434,0,0,0
52.2801,72052,720750548,1517,0,0,0
52.2900,72053,720760548,1670,0,0,0
52.3001,72054,720770548,1775,0,0,0
52.3102,72055,720780548,1795,0,0,0
52.3202,72056,720790548,1808,0,0,0
52.3301,72057,720800549,1827,0,0,0
52.3401,72058,720810549,1823,0,0,0
52.3500,72059,720820548,1841,0,0,0
52.3603,72060,720830548,1854,0,0,0
52.3702,72061,720840549,1874,0,0,0
52.3800,72062,720850548,1859,0,0,0
52.3901,72063,720860548,1869,0,0,0
52.4000,72064,720870548,1867,0,0,0
52.4103,72065,720880548,1883,0,0,0
52.4203,72066,720890548,1891,0,0,0
52.4302,72067,720900548,1904,0,0,0
52.4401,72068,720910549,1904,0,0,0
52.4503,72069,720920548,1929,0,0,0
52.4604,72070,720930548,1938,0,0,0
52.4701,72071,720940548,1968,0,0,0
52.4801,72072,720950548,1968,0,0,0
52.4900,72073,720960549,1973,0,0,0
52.5001,72074,720970548,1966,0,0,0
52.5104,72075,720980549,1971,0,0,0
52.5201,72076,720990549,1958,0,0,0
52.5300,72077,721000548,1936,0,0,0
52.5402,72078,721010548,1894,0,0,0
52.5503,72079,721020548,1868,0,0,0
52.5605,72080,721030548,1836,0,0,0
52.5701,72081,721040548,1821,0,0,0
52.5800,72082,721050548,1797,0,0,0
52.5901,72083,721060548,1789,0,0,0
52.6000,72084,721070549,1782,0,0,0
52.6102,72085,721080549,1802,0,0,0
52.6202,72086,721090548,1787,0,0,0
52.6301,72087,721100548,1799,0,0,0
52.6400,72088,721110548,1801,0,0,0
52.6501,72089,721120549,1811,0,0,0
52.6604,72090,721130548,1804,0,0,0
52.6701,72091,721140549,1824,0,0,0
52.6802,72092,721150548,1808,0,0,0
52.6900,72093,721160549,1825,0,0,0
52.7001,72094,721170548,1818,0,0,0
52.7113,72095,721180548,1827,0,0,0
52.7202,72096,721190548,1839,0,0,0
52.7301,72097,721200548,1838,0,0,0
52.7402,72098,721210548,1826,0,0,0
52.7502,72099,721220548,1831,0,0,0
52.7604,72100,721230548,1826,0,0,0
52.7702,72101,721240548,1837,0,0,0
52.7800,72102,721250548,1822,0,0,0
52.7900,72103,721260548,1840,0,0,0
52.8003,72104,721270548,1817,0,0,0
52.8102,72105,721280549,1837,0,0,0
52.8200,72106,721290548,1830,0,0,0
52.8301,72107,721300548,1839,0,0,0
52.8401,72108,721310548,1829,0,0,0
52.8501,72109,721320548,1843,0,0,0
52.8605,72110,721330548,1837,0,0,0
52.8700,72111,721340548,1840,0,0,0
52.8801,72112,721350548,1840,0,0,0
52.8900,72113,721360549,1840,0,0,0
52.9001,72114,721370549,1834,0,0,0
52.9101,72115,721380548,1849,0,0,0
52.9202,72116,721390548,1843,0,0,0
52.9302,72117,721400548,1857,0,0,0
52.9401,72118,721410548,1854,0,0,0
52.9511,72119,721420548,1894,0,0,0
52.9607,72120,721430548,1936,0,0,0
52.9703,72121,721440548,1968,0,0,0
52.9807,72122,721450548,1992,0,0,0
52.9901,72123,721460548,2000,0,0,0
53.0001,72124,721470548,1953,0,0,0
53.0103,72125,721480549,1951,0,0,0
53.0202,72126,721490549,1893,0,0,0
53.0303,72127,721500548,1889,0,0,0
53.0402,72128,721510548,1838,0,0,0
53.0501,72129,721520549,1826,0,0,0
53.0603,72130,721530548,1808,0,0,0
53.0701,72131,721540548,1818,0,0,0
53.0801,72132,721550548,1795,0,0,0
53.0900,72133,721560548,1811,0,0,0
53.1000,72134,721570548,1803,0,0,0
53.1102,72135,721580548,1861,0,0,0
53.1201,72136,721590549,1934,0,0,0
53.1302,72137,721600549,2133,0,0,0
53.1400,72138,721610549,2685,0,0,0
53.1502,72139,721620548,2378,0,0,0
53.1601,72140,721630548,1731,0,0,0
53.1701,72141,721640548,1522,0,0,0
53.1801,72142,721650549,1530,0,0,0
53.1900,72143,721660548,1657,0,0,0
53.2000,72144,721670548,1782,0,0,0
53.2102,72145,721680548,1825,0,0,0
53.2201,72146,721690549,1822,0,0,0
53.2301,72147,721700548,1866,0,0,0
53.2401,72148,721710548,1863,0,0,0
53.2505,72149,721720548,1879,0,0,0
53.2604,72150,721730548,1875,0,0,0
53.2701,72151,721740549,1900,0,0,0
53.2800,72152,721750548,1889,0,0,0
53.2900,72153,721760548,1907,0,0,0
53.3001,72154,721770548,1902,0,0,0
53.3101,72155,721780549,1929,0,0,0
53.3201,72156,721790549,1919,0,0,0
53.3302,72157,721800548,1938,0,0,0
53.3400,72158,721810548,1955,0,0,0
53.3500,72159,721820549,1966,0,0,0
53.3605,72160,721830548,1968,0,0,0
53.3700,72161,721840548,2001,0,0,0
53.3802,72162,721850548,1986,0,0,0
53.3902,72163,721860548,2006,0,0,0
53.4000,72164,721870549,1990,0,0,0
53.4102,72165,721880548,2011,0,0,0
53.4203,72166,721890548,1995,0,0,0
53.4307,72167,721900548,1984,0,0,0
53.4401,72168,721910548,1936,0,0,0
53.4504,72169,721920548,1925,0,0,0
53.4603,72170,721930548,1879,0,0,0
53.4703,72171,721940548,1867,0,0,0
53.4802,72172,721950548,1831,0,0,0
53.4900,72173,721960548,1855,0,0,0
53.5001,72174,721970548,1823,0,0,0
53.5100,72175,721980549,1839,0,0,0
53.5200,72176,721990548,1827,0,0,0
53.5300,72177,722000549,1840,0,0,0
53.5400,72178,722010549,1835,0,0,0
53.5500,72179,722020548,1842,0,0,0
53.5603,72180,722030549,1837,0,0,0
53.5700,72181,722040548,1858,0,0,0
53.5800,72182,722050549,1838,0,0,0
53.5901,72183,722060548,1861,0,0,0
53.6000,72184,722070548,1842,0,0,0
53.6102,72185,722080549,1862,0,0,0
53.6200,72186,722090549,1851,0,0,0
53.6300,72187,722100549,1867,0,0,0
53.6401,72188,722110548,1845,0,0,0
53.6499,72189,722120549,1868,0,0,0
53.6603,72190,722130548,1851,0,0,0
53.6701,72191,722140549,1850,0,0,0
53.6800,72192,722150548,1858,0,0,0
53.6900,72193,722160548,1863,0,0,0
53.7014,72194,722170548,1856,0,0,0
53.7120,72195,722180548,1853,0,0,0
53.7203,72196,722190548,1843,0,0,0
53.7301,72197,722200548,1861,0,0,0
53.7401,72198,722210549,1841,0,0,0
53.7503,72199,722220548,1857,0,0,0
53.7605,72200,722230548,1841,0,0,0
53.7701,72201,722240548,1859,0,0,0
53.7802,72202,722250549,1843,0,0,0
53.7901,72203,722260549,1867,0,0,0
53.8022,72204,722270549,1869,0,0,0
53.8103,72205,722280548,1931,0,0,0
53.8200,72206,722290548,1959,0,0,0
53.8300,72207,722300549,1995,0,0,0
53.8402,72208,722310549,2021,0,0,0
53.8501,72209,722320548,1979,0,0,0
53.8602,72210,722330548,1969,0,0,0
53.8702,72211,722340549,1921,0,0,0
53.8800,72212,722350548,1887,0,0,0
53.8900,72213,722360548,1873,0,0,0
53.9002,72214,722370548,1808,0,0,0
53.9101,72215,722380549,1823,0,0,0
53.9201,72216,722390548,1808,0,0,0
53.9302,72217,722400549,1808,0,0,0
53.9401,72218,722410549,1799,0,0,0
53.9500,72219,722420548,1827,0,0,0
53.9601,72220,722430548,1821,0,0,0
53.9703,72221,722440548,1901,0,0,0
53.9804,72222,722450548,1975,0,0,0
53.9904,72223,722460549,2475,0,0,0
54.0001,72224,722470548,2599,0,0,0
54.0103,72225,722480548,2045,0,0,0
54.0201,72226,722490548,1521,0,0,0
54.0299,72227,722500548,1476,0,0,0
54.0402,72228,722510548,1555,0,0,0
54.0500,72229,722520548,1712,0,0,0
54.0602,72230,722530548,1785,0,0,0
54.0701,72231,722540549,1823,0,0,0
54.0801,72232,722550548,1826,0,0,0
54.0900,72233,722560549,1858,0,0,0
54.1001,72234,722570548,1853,0,0,0
54.1102,72235,722580548,1867,0,0,0
54.1203,72236,722590548,1867,0,0,0
54.1300,72237,722600549,1894,0,0,0
54.1402,72238,722610549,1869,0,0,0
54.1501,72239,722620548,1901,0,0,0
54.1601,72240,722630548,1887,0,0,0
54.1701,72241,722640549,1913,0,0,0
54.1800,72242,722650549,1905,0,0,0
54.1901,72243,722660549,1935,0,0,0
54.2027,72244,722670548,1918,0,0,0
54.2107,72245,722680548,1958,0,0,0
54.2200,72246,722690548,1936,0,0,0
54.2305,72247,722700548,1968,0,0,0
54.2402,72248,722710548,1969,0,0,0
54.2503,72249,722720548,1969,0,0,0
54.2602,72250,722730548,1968,0,0,0
54.2701,72251,722740548,1978,0,0,0
54.2801,72252,722750549,1945,0,0,0
54.2901,72253,722760548,1937,0,0,0
54.3001,72254,722770548,1903,0,0,0
54.3102,72255,722780549,1888,0,0,0
54.3203,72256,722790549,1867,0,0,0
54.3300,72257,722800548,1847,0,0,0
54.3401,72258,722810548,1810,0,0,0
54.3501,72259,722820549,1830,0,0,0
54.3603,72260,722830548,1810,0,0,0
54.3701,72261,722840549,1834,0,0,0
54.3800,72262,722850549,1808,0,0,0
54.3901,72263,722860548,1824,0,0,0
54.4001,72264,722870548,1799,0,0,0
54.4102,72265,722880548,1816,0,0,0
54.4202,72266,722890548,1829,0,0,0
54.4301,72267,722900548,1840,0,0,0
54.4400,72268,722910548,1825,0,0,0
54.4505,72269,722920549,1839,0,0,0
54.4612,72270,722930549,1824,0,0,0
54.4701,72271,722940548,1842,0,0,0
54.4799,72272,722950548,1815,0,0,0
54.4900,72273,722960549,1857,0,0,0
54.5000,72274,722970548,1814,0,0,0
54.5102,72275,722980549,1847,0,0,0
54.5200,72276,722990548,1822,0,0,0
54.5300,72277,723000549,1840,0,0,0
54.5401,72278,723010549,1827,0,0,0
54.5502,72279,723020549,1839,0,0,0
54.5602,72280,723030548,1826,0,0,0
54.5701,72281,723040548,1851,0,0,0
54.5800,72282,723050548,1822,0,0,0
54.5901,72283,723060548,1846,0,0,0
54.6002,72284,723070549,1831,0,0,0
54.6101,72285,723080549,1855,0,0,0
54.6200,72286,723090549,1886,0,0,0
54.6301,72287,723100548,1963,0,0,0
54.6401,72288,723110548,1950,0,0,0
54.6501,72289,723120548,1992,0,0,0
54.6602,72290,723130548,1931,0,0,0
54.6701,72291,723140549,1941,0,0,0
54.6803,72292,723150548,1872,0,0,0
54.6900,72293,723160548,1888,0,0,0
54.7000,72294,723170548,1806,0,0,0
54.7102,72295,723180549,1808,0,0,0
54.7201,72296,723190548,1763,0,0,0
54.7301,72297,723200549,1769,0,0,0
54.7401,72298,723210548,1748,0,0,0
54.7501,72299,723220549,1769,0,0,0
54.7603,72300,723230548,1767,0,0,0
54.7701,72301,723240548,1785,0,0,0
54.7800,72302,723250548,1851,0,0,0
54.7900,72303,723260548,1998,0,0,0
54.8001,72304,723270548,2397,0,0,0
54.8102,72305,723280549,2554,0,0,0
54.8201,72306,723290549,1998,0,0,0
54.8301,72307,723300548,1509,0,0,0
54.8400,72308,723310548,1400,0,0,0
54.8502,72309,723320548,1511,0,0,0
54.8601,72310,723330548,1662,0,0,0
54.8701,72311,723340548,1793,0,0,0
54.8800,72312,723350548,1795,0,0,0
54.8901,72313,723360549,1839,0,0,0
54.9000,72314,723370549,1821,0,0,0
54.9101,72315,723380548,1815,0,0,0
54.9200,72316,723390548,1867,0,0,0
54.9301,72317,723400548,1856,0,0,0
54.9400,72318,723410548,1841,0,0,0
54.9501,72319,723420548,1867,0,0,0
54.9611,72320,723430548,1856,0,0,0
54.9701,72321,723440548,1874,0,0,0
54.9806,72322,723450548,1883,0,0,0
54.9901,72323,723460549,1903,0,0,0
55.0000,72324,723470549,1908,0,0,0
55.0102,72325,723480549,1918,0,0,0
55.0201,72326,723490549,1909,0,0,0
55.0303,72327,723500549,1937,0,0,0
55.0401,72328,723510548,1936,0,0,0
55.0500,72329,723520548,1956,0,0,0
55.0601,72330,723530549,1925,0,0,0
55.0702,72331,723540548,1954,0,0,0
55.0801,72332,723550548,1934,0,0,0
55.0900,72333,723560549,1930,0,0,0
55.1001,72334,723570548,1904,0,0,0
55.1101,72335,723580548,1895,0,0,0
55.1201,72336,723590548,1834,0,0,0
55.1301,72337,723600548,1847,0,0,0
55.1399,72338,723610548,1815,0,0,0
55.1502,72339,723620548,1809,0,0,0
55.1602,72340,723630548,1808,0,0,0
55.1699,72341,723640548,1808,0,0,0
55.1801,72342,723650548,1789,0,0,0
55.1900,72343,723660549,1837,0,0,0
55.2010,72344,723670548,1808,0,0,0
55.2104,72345,723680548,1808,0,0,0
55.2201,72346,723690548,1823,0,0,0
55.2300,72347,723700548,1841,0,0,0
55.2400,72348,723710548,1823,0,0,0
55.2502,72349,723720549,1831,0,0,0
55.2602,72350,723730549,1828,0,0,0
55.2702,72351,723740548,1840,0,0,0
55.2799,72352,723750549,1808,0,0,0
55.2900,72353,723760548,1838,0,0,0
55.3002,72354,723770549,1834,0,0,0
55.3100,72355,723780548,1839,0,0,0
55.3201,72356,723790548,1811,0,0,0
55.3301,72357,723800549,1843,0,0,0
55.3401,72358,723810548,1841,0,0,0
55.3501,72359,723820548,1833,0,0,0
55.3602,72360,723830548,1821,0,0,0
55.3700,72361,723840548,1839,0,0,0
55.3803,72362,723850548,1808,0,0,0
55.3901,72363,723860548,1827,0,0,0
55.4001,72364,723870549,1859,0,0,0
55.4101,72365,723880548,1927,0,0,0
55.4200,72366,723890548,1931,0,0,0
55.4300,72367,723900548,1987,0,0,0
55.4401,72368,723910548,1966,0,0,0
55.4502,72369,723920549,1934,0,0,0
55.4602,72370,723930549,1905,0,0,0
55.4700,72371,723940548,1872,0,0,0
55.4799,72372,723950548,1840,0,0,0
55.4900,72373,723960549,1811,0,0,0
55.5002,72374,723970548,1771,0,0,0
55.5102,72375,723980548,1774,0,0,0
55.5199,72376,723990549,1775,0,0,0
55.5301,72377,724000548,1770,0,0,0
55.5403,72378,724010548,1738,0,0,0
55.5500,72379,724020548,1783,0,0,0
55.5602,72380,724030548,1795,0,0,0
55.5702,72381,724040549,1937,0,0,0
55.5801,72382,724050548,2082,0,0,0
55.5900,72383,724060548,2591,0,0,0
55.6001,72384,724070549,2279,0,0,0
55.6101,72385,724080548,1693,0,0,0
55.6201,72386,724090548,1375,0,0,0
55.6302,72387,724100549,1424,0,0,0
55.6401,72388,724110549,1559,0,0,0
55.6501,72389,724120548,1723,0,0,0
55.6602,72390,724130548,1777,0,0,0
55.6701,72391,724140548,1798,0,0,0
55.6800,72392,724150548,1811,0,0,0
55.6901,72393,724160548,1812,0,0,0
55.7001,72394,724170548,1836,0,0,0
55.7104,72395,724180549,1840,0,0,0
55.7201,72396,724190549,1846,0,0,0
55.7302,72397,724200549,1859,0,0,0
55.7402,72398,724210548,1847,0,0,0
55.7501,72399,724220548,1875,0,0,0
55.7601,72400,724230548,1872,0,0,0
55.7703,72401,724240548,1885,0,0,0
55.7801,72402,724250548,1888,0,0,0
55.7902,72403,724260548,1920,0,0,0
55.8002,72404,724270549,1892,0,0,0
55.8102,72405,724280548,1943,0,0,0
55.8203,72406,724290548,1939,0,0,0
55.8301,72407,724300549,1967,0,0,0
55.8399,72408,724310548,1936,0,0,0
55.8502,72409,724320548,1950,0,0,0
55.8602,72410,724330548,1951,0,0,0
55.8701,72411,724340548,1947,0,0,0
55.8800,72412,724350548,1909,0,0,0
55.8900,72413,724360549,1919,0,0,0
55.9001,72414,724370549,1872,0,0,0
55.9101,72415,724380548,1847,0,0,0
55.9199,72416,724390548,1823,0,0,0
55.9301,72417,724400548,1813,0,0,0
55.9399,72418,724410548,1801,0,0,0
55.9503,72419,724420549,1807,0,0,0
55.9606,72420,724430549,1788,0,0,0
55.9701,72421,724440549,1798,0,0,0
55.9803,72422,724450548,1792,0,0,0
55.9900,72423,724460548,1808,0,0,0
55.9999,72424,724470548,1805,0,0,0
56.0101,72425,724480548,1811,0,0,0
56.0201,72426,724490548,1797,0,0,0
56.0299,72427,724500548,1817,0,0,0
56.0399,72428,724510548,1814,0,0,0
56.0500,72429,724520548,1813,0,0,0
56.0601,72430,724530548,1823,0,0,0
56.0701,72431,724540548,1827,0,0,0
56.0801,72432,724550548,1821,0,0,0
56.0901,72433,724560549,1831,0,0,0
56.1002,72434,724570548,1824,0,0,0
56.1104,72435,724580549,1821,0,0,0
56.1200,72436,724590549,1815,0,0,0
56.1301,72437,724600548,1823,0,0,0
56.1402,72438,724610548,1821,0,0,0
56.1499,72439,724620548,1815,0,0,0
56.1602,72440,724630548,1827,0,0,0
56.1702,72441,724640548,1826,0,0,0
56.1801,72442,724650548,1826,0,0,0
56.1910,72443,724660548,1840,0,0,0
56.2000,72444,724670548,1911,0,0,0
56.2101,72445,724680549,1950,0,0,0
56.2201,72446,724690548,1959,0,0,0
56.2302,72447,724700548,1999,0,0,0
56.2400,72448,724710549,1929,0,0,0
56.2502,72449,724720548,1936,0,0,0
56.2601,72450,724730548,1879,0,0,0
56.2700,72451,724740548,1840,0,0,0
56.2800,72452,724750548,1815,0,0,0
56.2902,72453,724760548,1783,0,0,0
56.3000,72454,724770548,1743,0,0,0
56.3102,72455,724780548,1763,0,0,0
56.3202,72456,724790548,1758,0,0,0
56.3301,72457,724800548,1755,0,0,0
56.3400,72458,724810549,1767,0,0,0
56.3501,72459,724820548,1759,0,0,0
56.3602,72460,724830548,1875,0,0,0
56.3700,72461,724840549,1979,0,0,0
56.3801,72462,724850549,2401,0,0,0
56.3901,72463,724860548,2508,0,0,0
56.4002,72464,724870548,1954,0,0,0
56.4102,72465,724880548,1411,0,0,0
56.4201,72466,724890548,1382,0,0,0
56.4300,72467,724900548,1492,0,0,0
56.4399,72468,724910548,1664,0,0,0
56.4502,72469,724920549,1763,0,0,0
56.4618,72470,724930548,1789,0,0,0
56.4701,72471,724940549,1813,0,0,0
56.4802,72472,724950549,1815,0,0,0
56.4901,72473,724960548,1827,0,0,0
56.5001,72474,724970548,1835,0,0,0
56.5101,72475,724980548,1851,0,0,0
56.5204,72476,724990548,1850,0,0,0
56.5303,72477,725000549,1846,0,0,0
56.5400,72478,725010549,1887,0,0,0
56.5501,72479,725020548,1869,0,0,0
56.5601,72480,725030548,1873,0,0,0
56.5701,72481,725040549,1883,0,0,0
56.5801,72482,725050548,1910,0,0,0
56.5902,72483,725060549,1917,0,0,0
56.6000,72484,725070549,1923,0,0,0
56.6101,72485,725080548,1927,0,0,0
56.6201,72486,725090548,1945,0,0,0
56.6301,72487,725100549,1965,0,0,0
56.6400,72488,725110549,1955,0,0,0
56.6503,72489,725120548,1942,0,0,0
56.6602,72490,725130548,1943,0,0,0
56.6701,72491,725140548,1919,0,0,0
56.6801,72492,725150548,1904,0,0,0
56.6903,72493,725160548,1860,0,0,0
56.7003,72494,725170548,1840,0,0,0
56.7104,72495,725180548,1818,0,0,0
56.7202,72496,725190548,1808,0,0,0
56.7299,72497,725200549,1797,0,0,0
56.7400,72498,725210548,1789,0,0,0
56.7501,72499,725220549,1775,0,0,0
56.7600,72500,725230548,1793,0,0,0
56.7703,72501,725240549,1782,0,0,0
56.7802,72502,725250549,1799,0,0,0
56.7902,72503,725260548,1790,0,0,0
56.8002,72504,725270549,1824,0,0,0
56.8102,72505,725280548,1795,0,0,0
56.8201,72506,725290549,1818,0,0,0
56.8300,72507,725300548,1813,0,0,0
56.8401,72508,725310548,1806,0,0,0
56.8501,72509,725320548,1813,0,0,0
56.8601,72510,725330548,1839,0,0,0
56.8703,72511,725340548,1815,0,0,0
56.8800,72512,725350549,1814,0,0,0
56.8902,72513,725360549,1821,0,0,0
56.9005,72514,725370549,1831,0,0,0
56.9103,72515,725380548,1805,0,0,0
56.9201,72516,725390548,1818,0,0,0
56.9301,72517,725400549,1811,0,0,0
56.9402,72518,725410548,1818,0,0,0
56.9514,72519,725420548,1807,0,0,0
56.9607,72520,725430548,1819,0,0,0
56.9703,72521,725440548,1802,0,0,0
56.9803,72522,725450548,1815,0,0,0
56.9903,72523,725460549,1813,0,0,0
57.0002,72524,725470548,1808,0,0,0
57.0103,72525,725480549,1795,0,0,0
57.0201,72526,725490548,1820,0,0,0
57.0300,72527,725500549,1826,0,0,0
57.0400,72528,725510548,1855,0,0,0
57.0501,72529,725520549,1899,0,0,0
57.0601,72530,725530548,1938,0,0,0
57.0700,72531,725540549,1966,0,0,0
57.0801,72532,725550549,1941,0,0,0
57.0901,72533,725560548,1901,0,0,0
57.1001,72534,725570548,1911,0,0,0
57.1101,72535,725580548,1842,0,0,0
57.1200,72536,725590548,1825,0,0,0
57.1300,72537,725600548,1788,0,0,0
57.1402,72538,725610548,1765,0,0,0
57.1501,72539,725620548,1738,0,0,0
57.1603,72540,725630548,1759,0,0,0
57.1701,72541,725640548,1755,0,0,0
57.1801,72542,725650548,1761,0,0,0
57.1909,72543,725660548,1749,0,0,0
57.2002,72544,725670548,1813,0,0,0
57.2102,72545,725680549,1920,0,0,0
57.2200,72546,725690548,2080,0,0,0
57.2300,72547,725700549,2607,0,0,0
57.2401,72548,725710548,2307,0,0,0
57.2501,72549,725720548,1665,0,0,0
57.2604,72550,725730548,1408,0,0,0
57.2703,72551,725740549,1451,0,0,0
57.2803,72552,725750548,1595,0,0,0
57.2901,72553,725760548,1733,0,0,0
57.2999,72554,725770548,1789,0,0,0
57.3102,72555,725780548,1782,0,0,0
57.3201,72556,725790548,1813,0,0,0
57.3302,72557,725800549,1822,0,0,0
57.3400,72558,725810548,1839,0,0,0
57.3501,72559,725820548,1840,0,0,0
57.3604,72560,725830548,1855,0,0,0
57.3702,72561,725840548,1854,0,0,0
57.3801,72562,725850548,1863,0,0,0
57.3901,72563,725860549,1847,0,0,0
57.4000,72564,725870548,1874,0,0,0
57.4102,72565,725880549,1872,0,0,0
57.4201,72566,725890549,1898,0,0,0
57.4301,72567,725900549,1892,0,0,0
57.4400,72568,725910548,1915,0,0,0
57.4500,72569,725920548,1909,0,0,0
57.4613,72570,725930548,1944,0,0,0
57.4703,72571,725940548,1933,0,0,0
57.4801,72572,725950548,1959,0,0,0
57.4901,72573,725960549,1939,0,0,0
57.5002,72574,725970549,1961,0,0,0
57.5102,72575,725980549,1936,0,0,0
57.5201,72576,725990548,1922,0,0,0
57.5302,72577,726000548,1890,0,0,0
57.5400,72578,726010549,1862,0,0,0
57.5499,72579,726020548,1825,0,0,0
57.5601,72580,726030548,1809,0,0,0
57.5700,72581,726040549,1780,0,0,0
57.5801,72582,726050549,1799,0,0,0
57.5902,72583,726060548,1775,0,0,0
57.6001,72584,726070549,1799,0,0,0
57.6101,72585,726080548,1802,0,0,0
57.6201,72586,726090548,1798,0,0,0
57.6300,72587,726100548,1782,0,0,0
57.6400,72588,726110548,1796,0,0,0
57.6501,72589,726120548,1789,0,0,0
57.6599,72590,726130548,1806,0,0,0
57.6700,72591,726140548,1795,0,0,0
57.6800,72592,726150549,1816,0,0,0
57.6903,72593,726160548,1798,0,0,0
57.7015,72594,726170548,1815,0,0,0
57.7108,72595,726180549,1810,0,0,0
57.7201,72596,726190549,1809,0,0,0
57.7302,72597,726200548,1798,0,0,0
57.7399,72598,726210548,1827,0,0,0
57.7500,72599,726220548,1796,0,0,0
57.7603,72600,726230548,1813,0,0,0
57.7701,72601,726240548,1805,0,0,0
57.7800,72602,726250548,1817,0,0,0
57.7902,72603,726260549,1807,0,0,0
57.8001,72604,726270549,1810,0,0,0
57.8102,72605,726280549,1791,0,0,0
57.8200,72606,726290548,1815,0,0,0
57.8300,72607,726300549,1797,0,0,0
57.8400,72608,726310548,1818,0,0,0
57.8501,72609,726320549,1811,0,0,0
57.8600,72610,726330548,1824,0,0,0
57.8700,72611,726340549,1804,0,0,0
57.8801,72612,726350548,1817,0,0,0
57.8901,72613,726360549,1808,0,0,0
57.9000,72614,726370549,1866,0,0,0
57.9101,72615,726380548,1897,0,0,0
57.9201,72616,726390548,1937,0,0,0
57.9300,72617,726400549,1953,0,0,0
57.9403,72618,726410549,1947,0,0,0
57.9499,72619,726420548,1917,0,0,0
57.9602,72620,726430548,1901,0,0,0
57.9701,72621,726440549,1839,0,0,0
57.9800,72622,726450548,1839,0,0,0
57.9901,72623,726460549,1777,0,0,0
58.0002,72624,726470548,1778,0,0,0
58.0102,72625,726480548,1759,0,0,0
58.0201,72626,726490548,1775,0,0,0
58.0301,72627,726500549,1758,0,0,0
58.0399,72628,726510549,1770,0,0,0
58.0501,72629,726520548,1751,0,0,0
58.0602,72630,726530548,1831,0,0,0
58.0701,72631,726540549,1910,0,0,0
58.0800,72632,726550548,2145,0,0,0
58.0901,72633,726560549,2645,0,0,0
58.1000,72634,726570549,2278,0,0,0
58.1099,72635,726580549,1616,0,0,0
58.1200,72636,726590549,1443,0,0,0
58.1300,72637,726600548,1488,0,0,0
58.1400,72638,726610548,1634,0,0,0
58.1500,72639,726620549,1755,0,0,0
58.1601,72640,726630549,1798,0,0,0
58.1700,72641,726640548,1798,0,0,0
58.1801,72642,726650548,1839,0,0,0
58.1900,72643,726660549,1826,0,0,0
58.1999,72644,726670548,1837,0,0,0
58.2102,72645,726680549,1843,0,0,0
58.2201,72646,726690548,1859,0,0,0
58.2299,72647,726700548,1859,0,0,0
58.2400,72648,726710548,1892,0,0,0
58.2501,72649,726720549,1879,0,0,0
58.2599,72650,726730549,1903,0,0,0
58.2701,72651,726740548,1901,0,0,0
58.2800,72652,726750548,1924,0,0,0
58.2901,72653,726760549,1923,0,0,0
58.3000,72654,726770548,1948,0,0,0
58.3101,72655,726780549,1959,0,0,0
58.3200,72656,726790549,1985,0,0,0
58.3301,72657,726800549,1979,0,0,0
58.3400,72658,726810548,1993,0,0,0
58.3500,72659,726820548,1988,0,0,0
58.3602,72660,726830548,2000,0,0,0
58.3702,72661,726840549,1968,0,0,0
58.3800,72662,726850548,1968,0,0,0
58.3901,72663,726860548,1919,0,0,0
58.4001,72664,726870548,1897,0,0,0
58.4101,72665,726880548,1853,0,0,0
58.4201,72666,726890548,1838,0,0,0
58.4301,72667,726900548,1810,0,0,0
58.4400,72668,726910548,1821,0,0,0
58.4527,72669,726920548,1795,0,0,0
58.4602,72670,726930549,1822,0,0,0
58.4701,72671,726940548,1797,0,0,0
58.4801,72672,726950548,1815,0,0,0
58.4901,72673,726960548,1813,0,0,0
58.5000,72674,726970548,1837,0,0,0
58.5104,72675,726980548,1819,0,0,0
58.5200,72676,726990548,1838,0,0,0
58.5300,72677,727000548,1826,0,0,0
58.5400,72678,727010548,1840,0,0,0
58.5500,72679,727020548,1829,0,0,0
58.5600,72680,727030548,1843,0,0,0
58.5700,72681,727040548,1839,0,0,0
58.5800,72682,727050548,1851,0,0,0
58.5900,72683,727060549,1840,0,0,0
58.6001,72684,727070548,1851,0,0,0
58.6101,72685,727080548,1840,0,0,0
58.6200,72686,727090548,1845,0,0,0
58.6300,72687,727100549,1827,0,0,0
58.6400,72688,727110549,1841,0,0,0
58.6500,72689,727120548,1826,0,0,0
58.6603,72690,727130548,1841,0,0,0
58.6702,72691,727140549,1823,0,0,0
58.6801,72692,727150549,1850,0,0,0
58.6901,72693,727160549,1834,0,0,0
58.7002,72694,727170549,1841,0,0,0
58.7103,72695,727180548,1837,0,0,0
58.7201,72696,727190548,1854,0,0,0
58.7300,72697,727200549,1838,0,0,0
58.7399,72698,727210549,1856,0,0,0
58.7501,72699,727220548,1837,0,0,0
58.7600,72700,727230548,1846,0,0,0
58.7701,72701,727240549,1861,0,0,0
58.7801,72702,727250548,1927,0,0,0
58.7901,72703,727260548,1946,0,0,0
58.8002,72704,727270548,1984,0,0,0
58.8101,72705,727280548,1998,0,0,0
58.8201,72706,727290548,1955,0,0,0
58.8300,72707,727300548,1933,0,0,0
58.8400,72708,727310548,1901,0,0,0
58.8500,72709,727320548,1854,0,0,0
58.8599,72710,727330549,1851,0,0,0
58.8702,72711,727340548,1804,0,0,0
58.8801,72712,727350548,1809,0,0,0
58.8901,72713,727360549,1776,0,0,0
58.9003,72714,727370548,1786,0,0,0
58.9102,72715,727380548,1788,0,0,0
58.9201,72716,727390548,1801,0,0,0
58.9300,72717,727400549,1797,0,0,0
58.9400,72718,727410548,1899,0,0,0
58.9500,72719,727420548,1963,0,0,0
58.9604,72720,727430548,2535,0,0,0
58.9701,72721,727440548,2546,0,0,0
58.9802,72722,727450548,1947,0,0,0
58.9904,72723,727460549,1509,0,0,0
59.0001,72724,727470548,1487,0,0,0
59.0100,72725,727480549,1569,0,0,0
59.0201,72726,727490548,1731,0,0,0
59.0299,72727,727500549,1795,0,0,0
59.0400,72728,727510549,1819,0,0,0
59.0501,72729,727520548,1833,0,0,0
59.0599,72730,727530548,1851,0,0,0
59.0701,72731,727540548,1834,0,0,0
59.0800,72732,727550548,1869,0,0,0
59.0899,72733,727560548,1861,0,0,0
59.1002,72734,727570548,1878,0,0,0
59.1100,72735,727580549,1861,0,0,0
59.1201,72736,727590548,1886,0,0,0
59.1301,72737,727600549,1881,0,0,0
59.1400,72738,727610549,1911,0,0,0
59.1501,72739,727620548,1915,0,0,0
59.1600,72740,727630548,1935,0,0,0
59.1702,72741,727640548,1934,0,0,0
59.1801,72742,727650548,1948,0,0,0
59.1915,72743,727660549,1951,0,0,0
59.1999,72744,727670549,1995,0,0,0
59.2100,72745,727680549,1967,0,0,0
59.2200,72746,727690548,1977,0,0,0
59.2301,72747,727700548,1979,0,0,0
59.2400,72748,727710549,1965,0,0,0
59.2500,72749,727720548,1963,0,0,0
59.2599,72750,727730548,1950,0,0,0
59.2700,72751,727740549,1903,0,0,0
59.2800,72752,727750548,1883,0,0,0
59.2901,72753,727760548,1845,0,0,0
59.3003,72754,727770549,1838,0,0,0
59.3102,72755,727780549,1827,0,0,0
59.3200,72756,727790549,1837,0,0,0
59.3300,72757,727800548,1811,0,0,0
59.3402,72758,727810548,1835,0,0,0
59.3500,72759,727820548,1808,0,0,0
59.3602,72760,727830548,1821,0,0,0
59.3702,72761,727840548,1815,0,0,0
59.3801,72762,727850548,1840,0,0,0
59.3901,72763,727860549,1834,0,0,0
59.4001,72764,727870548,1843,0,0,0
59.4101,72765,727880549,1839,0,0,0
59.4201,72766,727890549,1846,0,0,0
59.4300,72767,727900548,1826,0,0,0
59.4400,72768,727910549,1851,0,0,0
59.4514,72769,727920549,1841,0,0,0
59.4610,72770,727930548,1843,0,0,0
59.4701,72771,727940548,1840,0,0,0
59.4800,72772,727950548,1857,0,0,0
59.4901,72773,727960548,1837,0,0,0
59.5001,72774,727970548,1846,0,0,0
59.5099,72775,727980549,1829,0,0,0
59.5202,72776,727990549,1842,0,0,0
59.5301,72777,728000548,1827,0,0,0
59.5400,72778,728010548,1840,0,0,0
59.5501,72779,728020549,1831,0,0,0
59.5601,72780,728030548,1823,0,0,0
59.5701,72781,728040548,1827,0,0,0
59.5801,72782,728050548,1840,0,0,0
59.5901,72783,728060549,1827,0,0,0
59.6002,72784,728070548,1850,0,0,0
59.6101,72785,728080548,1859,0,0,0
59.6201,72786,728090548,1925,0,0,0
59.6300,72787,728100548,1936,0,0,0
59.6400,72788,728110548,1991,0,0,0
59.6501,72789,728120548,1973,0,0,0
59.6600,72790,728130548,1936,0,0,0
59.6700,72791,728140548,1927,0,0,0
59.6800,72792,728150548,1890,0,0,0
59.6901,72793,728160548,1846,0,0,0
59.7005,72794,728170548,1827,0,0,0
59.7102,72795,728180548,1791,0,0,0
59.7201,72796,728190548,1781,0,0,0
59.7300,72797,728200549,1789,0,0,0
59.7400,72798,728210549,1782,0,0,0
59.7500,72799,728220548,1782,0,0,0
59.7601,72800,728230549,1789,0,0,0
59.7699,72801,728240548,1810,0,0,0
59.7800,72802,728250548,1915,0,0,0
59.7901,72803,728260549,2074,0,0,0
59.8000,72804,728270548,2635,0,0,0
59.8102,72805,728280548,2362,0,0,0
59.8201,72806,728290548,1789,0,0,0
59.8300,72807,728300549,1458,0,0,0
59.8401,72808,728310548,1479,0,0,0
59.8501,72809,728320549,1584,0,0,0
59.8600,72810,728330549,1743,0,0,0
59.8701,72811,728340548,1808,0,0,0
59.8800,72812,728350548,1809,0,0,0
59.8902,72813,728360548,1822,0,0,0
59.9001,72814,728370548,1841,0,0,0
59.9101,72815,728380548,1839,0,0,0
59.9200,72816,728390548,1851,0,0,0
59.9301,72817,728400549,1863,0,0,0
59.9399,72818,728410548,1872,0,0,0
59.9500,72819,728420549,1873,0,0,0
59.9604,72820,728430549,1871,0,0,0
59.9701,72821,728440548,1878,0,0,0
59.9802,72822,728450548,1887,0,0,0
59.9901,72823,728460549,1893,0,0,0
60.0003,72824,728470548,1909,0,0,0
60.0109,72825,728480548,1920,0,0,0
60.0209,72826,728490548,1923,0,0,0
60.0325,72827,728500549,1936,0,0,0
60.0414,72828,728510548,1936,0,0,0
60.0508,72829,728520548,1951,0,0,0
60.0643,72830,728530548,1931,0,0,0
60.0701,72831,728540549,1941,0,0,0
60.0799,72832,728550549,1931,0,0,0
60.0900,72833,728560549,1907,0,0,0
60.1001,72834,728570548,1881,0,0,0
60.1103,72835,728580548,1878,0,0,0
60.1206,72836,728590548,1840,0,0,0
60.1300,72837,728600549,1818,0,0,0
60.1400,72838,728610548,1795,0,0,0
60.1500,72839,728620549,1808,0,0,0
60.1602,72840,728630549,1797,0,0,0
60.1700,72841,728640549,1803,0,0,0
60.1839,72842,728650548,1799,0,0,0
60.1921,72843,728660549,1814,0,0,0
60.2119,72844,728670549,1806,0,0,0
60.2183,72845,728680548,1810,0,0,0
60.2213,72846,728690548,1814,0,0,0
60.2345,72847,728700548,1822,0,0,0
60.2431,72848,728710548,1815,0,0,0
60.2505,72849,728720549,1810,0,0,0
60.2650,72850,728730548,1824,0,0,0
60.2699,72851,728740548,1825,0,0,0
60.2800,72852,728750548,1817,0,0,0
60.2899,72853,728760549,1827,0,0,0
60.3000,72854,728770549,1817,0,0,0
60.3102,72855,728780548,1821,0,0,0
60.3200,72856,728790548,1822,0,0,0
60.3299,72857,728800548,1825,0,0,0
60.3401,72858,728810548,1811,0,0,0
60.3500,72859,728820548,1809,0,0,0
60.3602,72860,728830548,1811,0,0,0
60.3701,72861,728840549,1815,0,0,0
60.3837,72862,728850549,1807,0,0,0
60.3903,72863,728860549,1830,0,0,0
60.4021,72864,728870548,1810,0,0,0
60.4127,72865,728880549,1847,0,0,0
60.4200,72866,728890549,1872,0,0,0
60.4342,72867,728900548,1917,0,0,0
60.4400,72868,728910548,1919,0,0,0
60.4509,72869,728920549,1954,0,0,0
60.4610,72870,728930549,1913,0,0,0
60.4700,72871,728940549,1925,0,0,0
60.4800,72872,728950549,1887,0,0,0
60.4905,72873,728960549,1843,0,0,0
60.5001,72874,728970549,1807,0,0,0
60.5101,72875,728980548,1769,0,0,0
60.5201,72876,728990548,1775,0,0,0
60.5299,72877,729000548,1754,0,0,0
60.5411,72878,729010548,1741,0,0,0
60.5504,72879,729020549,1744,0,0,0
60.5648,72880,729030549,1733,0,0,0
60.5711,72881,729040548,1753,0,0,0
60.5801,72882,729050548,1810,0,0,0
60.5906,72883,729060548,1927,0,0,0
60.5999,72884,729070548,2225,0,0,0
60.6101,72885,729080549,2608,0,0,0
60.6200,72886,729090548,2128,0,0,0
60.6299,72887,729100548,1580,0,0,0
60.6403,72888,729110548,1404,0,0,0
60.6500,72889,729120548,1482,0,0,0
60.6599,72890,729130548,1603,0,0,0
60.6700,72891,729140549,1751,0,0,0
60.6799,72892,729150548,1776,0,0,0
60.6900,72893,729160548,1797,0,0,0
60.7057,72894,729170549,1818,0,0,0
60.7101,72895,729180548,1825,0,0,0
60.7250,72896,729190548,1815,0,0,0
60.7396,72897,729200548,1829,0,0,0
60.7412,72898,729210548,1827,0,0,0
60.7500,72899,729220549,1839,0,0,0
60.7656,72900,729230548,1840,0,0,0
60.7700,72901,729240549,1858,0,0,0
60.7810,72902,729250548,1850,0,0,0
60.7901,72903,729260549,1866,0,0,0
60.8000,72904,729270548,1869,0,0,0
60.8103,72905,729280549,1897,0,0,0
60.8200,72906,729290548,1889,0,0,0
60.8300,72907,729300549,1915,0,0,0
60.8399,72908,729310549,1920,0,0,0
60.8501,72909,729320549,1942,0,0,0
60.8600,72910,729330549,1936,0,0,0
60.8701,72911,729340549,1936,0,0,0
60.8801,72912,729350548,1922,0,0,0
60.8900,72913,729360548,1936,0,0,0
60.9004,72914,729370549,1909,0,0,0
60.9101,72915,729380548,1894,0,0,0
60.9200,72916,729390548,1840,0,0,0
60.9300,72917,729400548,1834,0,0,0
60.9399,72918,729410548,1807,0,0,0
60.9541,72919,729420548,1810,0,0,0
60.9600,72920,729430549,1790,0,0,0
60.9700,72921,729440549,1797,0,0,0
60.9802,72922,729450548,1791,0,0,0
60.9902,72923,729460548,1800,0,0,0
61.0005,72924,729470548,1798,0,0,0
61.0103,72925,729480548,1808,0,0,0
61.0201,72926,729490548,1808,0,0,0
61.0299,72927,729500548,1823,0,0,0
61.0399,72928,729510548,1808,0,0,0
61.0500,72929,729520548,1821,0,0,0
61.0599,72930,729530548,1817,0,0,0
61.0700,72931,729540549,1819,0,0,0
61.0801,72932,729550548,1817,0,0,0
61.0900,72933,729560549,1833,0,0,0
61.1001,72934,729570549,1808,0,0,0
61.1102,72935,729580548,1831,0,0,0
61.1200,72936,729590548,1809,0,0,0
61.1301,72937,729600548,1818,0,0,0
61.1400,72938,729610548,1815,0,0,0
61.1500,72939,729620548,1827,0,0,0
61.1600,72940,729630548,1810,0,0,0
61.1699,72941,729640548,1819,0,0,0
61.1801,72942,729650548,1823,0,0,0
61.1917,72943,729660548,1826,0,0,0
61.2000,72944,729670549,1801,0,0,0
61.2100,72945,729680548,1827,0,0,0
61.2201,72946,729690548,1808,0,0,0
61.2302,72947,729700548,1834,0,0,0
61.2400,72948,729710548,1872,0,0,0
61.2502,72949,729720548,1920,0,0,0
61.2604,72950,729730548,1929,0,0,0
61.2700,72951,729740548,1984,0,0,0
61.2802,72952,729750548,1930,0,0,0
61.2899,72953,729760549,1934,0,0,0
61.3003,72954,729770548,1899,0,0,0
61.3102,72955,729780548,1872,0,0,0
61.3200,72956,729790548,1808,0,0,0
61.3300,72957,729800548,1806,0,0,0
61.3401,72958,729810548,1770,0,0,0
61.3501,72959,729820548,1763,0,0,0
61.3603,72960,729830549,1744,0,0,0
61.3702,72961,729840548,1776,0,0,0
61.3800,72962,729850548,1746,0,0,0
61.3900,72963,729860548,1776,0,0,0
61.4000,72964,729870548,1822,0,0,0
61.4102,72965,729880549,1936,0,0,0
61.4201,72966,729890548,2176,0,0,0
61.4300,72967,729900548,2649,0,0,0
61.4399,72968,729910548,2194,0,0,0
61.4502,72969,729920549,1617,0,0,0
61.4604,72970,729930548,1405,0,0,0
61.4699,72971,729940548,1491,0,0,0
61.4801,72972,729950548,1623,0,0,0
61.4900,72973,729960548,1755,0,0,0
61.5000,72974,729970549,1777,0,0,0
61.5101,72975,729980549,1801,0,0,0
61.5200,72976,729990549,1803,0,0,0
61.5300,72977,730000548,1822,0,0,0
61.5401,72978,730010548,1827,0,0,0
61.5500,72979,730020548,1855,0,0,0
61.5599,72980,730030548,1839,0,0,0
61.5700,72981,730040548,1859,0,0,0
61.5800,72982,730050548,1856,0,0,0
61.5900,72983,730060548,1883,0,0,0
61.6001,72984,730070548,1872,0,0,0
61.6103,72985,730080548,1895,0,0,0
61.6200,72986,730090548,1883,0,0,0
61.6301,72987,730100549,1923,0,0,0
61.6399,72988,730110548,1906,0,0,0
61.6500,72989,730120549,1951,0,0,0
61.6600,72990,730130548,1937,0,0,0
61.6701,72991,730140548,1972,0,0,0
61.6801,72992,730150548,1965,0,0,0
61.6901,72993,730160548,1963,0,0,0
61.7010,72994,730170548,1946,0,0,0
61.7103,72995,730180549,1957,0,0,0
61.7201,72996,730190548,1923,0,0,0
61.7301,72997,730200548,1901,0,0,0
61.7400,72998,730210548,1850,0,0,0
61.7500,72999,730220548,1839,0,0,0
61.7601,73000,730230548,1803,0,0,0
61.7701,73001,730240549,1811,0,0,0
61.7800,73002,730250548,1789,0,0,0
61.7899,73003,730260548,1801,0,0,0
61.8000,73004,730270548,1792,0,0,0
61.8103,73005,730280548,1808,0,0,0
61.8200,73006,730290548,1797,0,0,0
61.8299,73007,730300548,1823,0,0,0
61.8400,73008,730310548,1788,0,0,0
61.8500,73009,730320549,1815,0,0,0
61.8600,73010,730330548,1805,0,0,0
61.8701,73011,730340549,1830,0,0,0
61.8800,73012,730350549,1812,0,0,0
61.8899,73013,730360548,1840,0,0,0
61.9002,73014,730370548,1827,0,0,0
61.9101,73015,730380549,1834,0,0,0
61.9200,73016,730390548,1808,0,0,0
61.9300,73017,730400548,1837,0,0,0
61.9400,73018,730410548,1814,0,0,0
61.9537,73019,730420548,1830,0,0,0
61.9602,73020,730430549,1813,0,0,0
61.9701,73021,730440549,1834,0,0,0
61.9804,73022,730450548,1808,0,0,0
61.9902,73023,730460548,1829,0,0,0
62.0000,73024,730470548,1813,0,0,0
62.0103,73025,730480548,1823,0,0,0
62.0201,73026,730490548,1809,0,0,0
62.0299,73027,730500549,1831,0,0,0
62.0399,73028,730510548,1805,0,0,0
62.0502,73029,730520548,1829,0,0,0
62.0600,73030,730530548,1809,0,0,0
62.0700,73031,730540548,1831,0,0,0
62.0801,73032,730550548,1823,0,0,0
62.0899,73033,730560548,1872,0,0,0
62.1000,73034,730570548,1910,0,0,0
62.1099,73035,730580548,1948,0,0,0
62.1200,73036,730590548,1968,0,0,0
62.1300,73037,730600549,1961,0,0,0
62.1401,73038,730610548,1924,0,0,0
62.1500,73039,730620549,1908,0,0,0
62.1601,73040,730630548,1856,0,0,0
62.1701,73041,730640548,1835,0,0,0
62.1799,73042,730650548,1791,0,0,0
62.1901,73043,730660548,1777,0,0,0
62.2004,73044,730670548,1749,0,0,0
62.2144,73045,730680548,1767,0,0,0
62.2200,73046,730690548,1750,0,0,0
62.2300,73047,730700548,1775,0,0,0
62.2400,73048,730710548,1744,0,0,0
62.2500,73049,730720549,1830,0,0,0
62.2601,73050,730730548,1916,0,0,0
62.2700,73051,730740549,2197,0,0,0
62.2800,73052,730750548,2657,0,0,0
62.2900,73053,730760548,2224,0,0,0
62.3001,73054,730770548,1587,0,0,0
62.3100,73055,730780548,1430,0,0,0
62.3201,73056,730790548,1465,0,0,0
62.3300,73057,730800548,1629,0,0,0
62.3400,73058,730810548,1735,0,0,0
62.3500,73059,730820549,1771,0,0,0
62.3601,73060,730830549,1776,0,0,0
62.3699,73061,730840548,1808,0,0,0
62.3801,73062,730850549,1801,0,0,0
62.3899,73063,730860548,1819,0,0,0
62.4000,73064,730870548,1809,0,0,0
62.4102,73065,730880548,1838,0,0,0
62.4199,73066,730890548,1831,0,0,0
62.4300,73067,730900548,1853,0,0,0
62.4401,73068,730910548,1837,0,0,0
62.4504,73069,730920548,1867,0,0,0
62.4601,73070,730930548,1860,0,0,0
62.4701,73071,730940548,1889,0,0,0
62.4800,73072,730950548,1881,0,0,0
62.4898,73073,730960548,1909,0,0,0
62.5003,73074,730970548,1914,0,0,0
62.5100,73075,730980548,1936,0,0,0
62.5200,73076,730990548,1933,0,0,0
62.5299,73077,731000549,1951,0,0,0
62.5401,73078,731010549,1938,0,0,0
62.5499,73079,731020548,1947,0,0,0
62.5602,73080,731030548,1926,0,0,0
62.5699,73081,731040548,1919,0,0,0
62.5800,73082,731050548,1867,0,0,0
62.5900,73083,731060549,1855,0,0,0
62.6002,73084,731070549,1813,0,0,0
62.6101,73085,731080549,1802,0,0,0
62.6200,73086,731090548,1771,0,0,0
62.6299,73087,731100548,1777,0,0,0
62.6400,73088,731110549,1762,0,0,0
62.6500,73089,731120548,1773,0,0,0
62.6599,73090,731130548,1757,0,0,0
62.6700,73091,731140548,1774,0,0,0
62.6799,73092,731150548,1774,0,0,0
62.6898,73093,731160548,1783,0,0,0
62.7004,73094,731170548,1776,0,0,0
62.7101,73095,731180548,1793,0,0,0
62.7198,73096,731190549,1793,0,0,0
62.7299,73097,731200548,1807,0,0,0
62.7398,73098,731210548,1794,0,0,0
62.7499,73099,731220549,1809,0,0,0
62.7600,73100,731230548,1795,0,0,0
62.7698,73101,731240548,1809,0,0,0
62.7799,73102,731250548,1804,0,0,0
62.7900,73103,731260549,1808,0,0,0
62.7999,73104,731270548,1798,0,0,0
62.8102,73105,731280548,1818,0,0,0
62.8201,73106,731290548,1785,0,0,0
62.8300,73107,731300548,1807,0,0,0
62.8399,73108,731310548,1791,0,0,0
62.8499,73109,731320549,1795,0,0,0
62.8599,73110,731330549,1790,0,0,0
62.8700,73111,731340548,1806,0,0,0
62.8800,73112,731350548,1794,0,0,0
62.8899,73113,731360548,1808,0,0,0
62.9000,73114,731370548,1791,0,0,0
62.9100,73115,731380549,1808,0,0,0
62.9200,73116,731390549,1798,0,0,0
62.9300,73117,731400548,1819,0,0,0
62.9401,73118,731410548,1840,0,0,0
62.9498,73119,731420549,1907,0,0,0
62.9605,73120,731430549,1915,0,0,0
62.9703,73121,731440548,1968,0,0,0
62.9801,73122,731450548,1948,0,0,0
62.9901,73123,731460549,1923,0,0,0
63.0003,73124,731470549,1895,0,0,0
63.0099,73125,731480548,1863,0,0,0
63.0198,73126,731490548,1825,0,0,0
63.0299,73127,731500548,1795,0,0,0
63.0398,73128,731510548,1765,0,0,0
63.0500,73129,731520549,1771,0,0,0
63.0599,73130,731530548,1767,0,0,0
63.0698,73131,731540548,1788,0,0,0
63.0799,73132,731550548,1763,0,0,0
63.0899,73133,731560549,1776,0,0,0
63.1001,73134,731570549,1808,0,0,0
63.1101,73135,731580548,1904,0,0,0
63.1199,73136,731590548,2073,0,0,0
63.1301,73137,731600548,2671,0,0,0
63.1400,73138,731610548,2381,0,0,0
63.1499,73139,731620549,1695,0,0,0
63.1600,73140,731630549,1446,0,0,0
63.1700,73141,731640548,1494,0,0,0
63.1798,73142,731650548,1597,0,0,0
63.1900,73143,731660548,1741,0,0,0
63.2002,73144,731670548,1782,0,0,0
63.2101,73145,731680549,1803,0,0,0
63.2200,73146,731690549,1803,0,0,0
63.2299,73147,731700549,1826,0,0,0
63.2399,73148,731710549,1833,0,0,0
63.2500,73149,731720548,1845,0,0,0
63.2599,73150,731730549,1839,0,0,0
63.2699,73151,731740548,1857,0,0,0
63.2800,73152,731750548,1858,0,0,0
63.2899,73153,731760548,1867,0,0,0
63.3000,73154,731770548,1883,0,0,0
63.3100,73155,731780549,1900,0,0,0
63.3199,73156,731790548,1901,0,0,0
63.3300,73157,731800548,1915,0,0,0
63.3400,73158,731810548,1939,0,0,0
63.3499,73159,731820548,1951,0,0,0
63.3600,73160,731830548,1965,0,0,0
63.3700,73161,731840548,1989,0,0,0
63.3799,73162,731850548,1997,0,0,0
63.3899,73163,731860548,2001,0,0,0
63.4000,73164,731870548,1985,0,0,0
63.4101,73165,731880549,1986,0,0,0
63.4199,73166,731890549,1961,0,0,0
63.4301,73167,731900548,1922,0,0,0
63.4399,73168,731910548,1877,0,0,0
63.4503,73169,731920549,1861,0,0,0
63.4606,73170,731930549,1851,0,0,0
63.4700,73171,731940549,1805,0,0,0
63.4799,73172,731950548,1803,0,0,0
63.4899,73173,731960548,1795,0,0,0
63.5000,73174,731970548,1809,0,0,0
63.5100,73175,731980549,1806,0,0,0
63.5200,73176,731990549,1818,0,0,0
63.5300,73177,732000549,1815,0,0,0
63.5399,73178,732010548,1813,0,0,0
63.5499,73179,732020548,1820,0,0,0
63.5601,73180,732030548,1830,0,0,0
63.5699,73181,732040549,1829,0,0,0
63.5799,73182,732050548,1840,0,0,0
63.5900,73183,732060548,1856,0,0,0
63.5999,73184,732070548,1855,0,0,0
63.6102,73185,732080549,1849,0,0,0
63.6199,73186,732090549,1853,0,0,0
63.6299,73187,732100548,1850,0,0,0
63.6401,73188,732110548,1845,0,0,0
63.6499,73189,732120548,1850,0,0,0
63.6600,73190,732130548,1854,0,0,0
63.6701,73191,732140548,1840,0,0,0
63.6799,73192,732150548,1843,0,0,0
63.6899,73193,732160548,1842,0,0,0
63.7000,73194,732170549,1845,0,0,0
63.7100,73195,732180549,1844,0,0,0
63.7200,73196,732190549,1855,0,0,0
63.7300,73197,732200548,1843,0,0,0
63.7399,73198,732210549,1851,0,0,0
63.7499,73199,732220548,1858,0,0,0
63.7599,73200,732230548,1858,0,0,0
63.7699,73201,732240549,1886,0,0,0
63.7799,73202,732250549,1949,0,0,0
63.7900,73203,732260548,1957,0,0,0
63.7999,73204,732270548,2005,0,0,0
63.8101,73205,732280549,1999,0,0,0
63.8200,73206,732290548,1968,0,0,0
63.8299,73207,732300548,1943,0,0,0
63.8398,73208,732310548,1904,0,0,0
63.8501,73209,732320549,1872,0,0,0
63.8599,73210,732330548,1839,0,0,0
63.8699,73211,732340548,1812,0,0,0
63.8801,73212,732350548,1819,0,0,0
63.8900,73213,732360548,1808,0,0,0
63.9002,73214,732370548,1811,0,0,0
63.9100,73215,732380548,1800,0,0,0
63.9199,73216,732390548,1817,0,0,0
63.9301,73217,732400548,1831,0,0,0
63.9399,73218,732410548,1927,0,0,0
63.9508,73219,732420548,2094,0,0,0
63.9604,73220,732430548,2661,0,0,0
63.9701,73221,732440549,2397,0,0,0
63.9799,73222,732450548,1833,0,0,0
63.9901,73223,732460548,1507,0,0,0
64.0000,73224,732470548,1516,0,0,0
64.0101,73225,732480548,1616,0,0,0
64.0199,73226,732490548,1763,0,0,0
64.0300,73227,732500549,1812,0,0,0
64.0399,73228,732510548,1825,0,0,0
64.0499,73229,732520548,1829,0,0,0
64.0602,73230,732530548,1862,0,0,0
64.0699,73231,732540549,1856,0,0,0
64.0799,73232,732550548,1866,0,0,0
64.0899,73233,732560548,1862,0,0,0
64.0999,73234,732570548,1878,0,0,0
64.1098,73235,732580548,1871,0,0,0
64.1199,73236,732590548,1895,0,0,0
64.1299,73237,732600548,1895,0,0,0
64.1399,73238,732610548,1917,0,0,0
64.1501,73239,732620548,1919,0,0,0
64.1599,73240,732630548,1928,0,0,0
64.1699,73241,732640548,1920,0,0,0
64.1801,73242,732650548,1947,0,0,0
64.1904,73243,732660548,1962,0,0,0
64.2013,73244,732670548,1977,0,0,0
64.2114,73245,732680549,1967,0,0,0
64.2200,73246,732690549,1971,0,0,0
64.2300,73247,732700548,1954,0,0,0
64.2401,73248,732710548,1962,0,0,0
64.2498,73249,732720549,1936,0,0,0
64.2599,73250,732730548,1935,0,0,0
64.2699,73251,732740549,1889,0,0,0
64.2799,73252,732750548,1873,0,0,0
64.2898,73253,732760548,1839,0,0,0
64.3001,73254,732770548,1840,0,0,0
64.3099,73255,732780549,1830,0,0,0
64.3199,73256,732790548,1839,0,0,0
64.3300,73257,732800549,1827,0,0,0
64.3400,73258,732810548,1831,0,0,0
64.3499,73259,732820548,1825,0,0,0
64.3599,73260,732830548,1840,0,0,0
64.3699,73261,732840549,1840,0,0,0
64.3799,73262,732850549,1845,0,0,0
64.3899,73263,732860548,1826,0,0,0
64.4000,73264,732870548,1857,0,0,0
64.4101,73265,732880549,1840,0,0,0
64.4199,73266,732890548,1856,0,0,0
64.4299,73267,732900548,1849,0,0,0
64.4399,73268,732910548,1853,0,0,0
64.4502,73269,732920549,1838,0,0,0
64.4604,73270,732930549,1860,0,0,0
64.4701,73271,732940548,1840,0,0,0
64.4799,73272,732950548,1854,0,0,0
64.4900,73273,732960548,1840,0,0,0
64.5003,73274,732970548,1842,0,0,0
64.5099,73275,732980548,1821,0,0,0
64.5200,73276,732990548,1851,0,0,0
64.5301,73277,733000548,1835,0,0,0
64.5398,73278,733010548,1842,0,0,0
64.5500,73279,733020549,1830,0,0,0
64.5599,73280,733030548,1866,0,0,0
64.5700,73281,733040548,1913,0,0,0
64.5800,73282,733050548,1947,0,0,0
64.5899,73283,733060549,1963,0,0,0
64.5999,73284,733070548,2006,0,0,0
64.6100,73285,733080548,1937,0,0,0
64.6200,73286,733090548,1930,0,0,0
64.6298,73287,733100548,1872,0,0,0
64.6400,73288,733110548,1865,0,0,0
64.6500,73289,733120549,1803,0,0,0
64.6599,73290,733130549,1791,0,0,0
64.6703,73291,733140549,1767,0,0,0
64.6800,73292,733150549,1795,0,0,0
64.6900,73293,733160548,1770,0,0,0
64.7001,73294,733170548,1783,0,0,0
64.7099,73295,733180548,1778,0,0,0
64.7201,73296,733190548,1802,0,0,0
64.7300,73297,733200549,1890,0,0,0
64.7399,73298,733210549,2034,0,0,0
64.7499,73299,733220548,2589,0,0,0
64.7600,73300,733230548,2429,0,0,0
64.7699,73301,733240548,1841,0,0,0
64.7800,73302,733250548,1473,0,0,0
64.7898,73303,733260549,1423,0,0,0
64.8000,73304,733270548,1567,0,0,0
64.8099,73305,733280548,1701,0,0,0
64.8198,73306,733290548,1788,0,0,0
64.8299,73307,733300548,1805,0,0,0
64.8401,73308,733310549,1821,0,0,0
64.8500,73309,733320548,1823,0,0,0
64.8601,73310,733330549,1851,0,0,0
64.8700,73311,733340549,1828,0,0,0
64.8798,73312,733350548,1862,0,0,0
64.8899,73313,733360549,1854,0,0,0
64.9000,73314,733370549,1867,0,0,0
64.9099,73315,733380549,1870,0,0,0
64.9198,73316,733390549,1899,0,0,0
64.9299,73317,733400548,1881,0,0,0
64.9400,73318,733410548,1903,0,0,0
64.9512,73319,733420548,1902,0,0,0
64.9601,73320,733430548,1939,0,0,0
64.9701,73321,733440548,1922,0,0,0
64.9804,73322,733450548,1944,0,0,0
64.9903,73323,733460549,1921,0,0,0
65.0001,73324,733470548,1950,0,0,0
65.0100,73325,733480548,1942,0,0,0
65.0200,73326,733490548,1951,0,0,0
65.0299,73327,733500549,1919,0,0,0
65.0400,73328,733510548,1926,0,0,0
65.0501,73329,733520548,1906,0,0,0
65.0599,73330,733530548,1863,0,0,0
65.0700,73331,733540548,1842,0,0,0
65.0802,73332,733550548,1841,0,0,0
65.0899,73333,733560548,1808,0,0,0
65.1000,73334,733570548,1833,0,0,0
65.1098,73335,733580548,1809,0,0,0
65.1198,73336,733590548,1834,0,0,0
65.1300,73337,733600549,1805,0,0,0
65.1400,73338,733610549,1842,0,0,0
65.1499,73339,733620549,1815,0,0,0
65.1601,73340,733630548,1837,0,0,0
65.1700,73341,733640549,1815,0,0,0
65.1800,73342,733650548,1849,0,0,0
65.1900,73343,733660548,1819,0,0,0
65.2013,73344,733670548,1854,0,0,0
65.2106,73345,733680549,1831,0,0,0
65.2200,73346,733690549,1841,0,0,0
65.2299,73347,733700548,1829,0,0,0
65.2400,73348,733710548,1856,0,0,0
65.2502,73349,733720549,1850,0,0,0
65.2599,73350,733730549,1851,0,0,0
65.2699,73351,733740548,1829,0,0,0
65.2799,73352,733750548,1850,0,0,0
65.2899,73353,733760548,1830,0,0,0
65.3000,73354,733770548,1859,0,0,0
65.3100,73355,733780549,1840,0,0,0
65.3198,73356,733790549,1909,0,0,0
65.3300,73357,733800548,1935,0,0,0
65.3400,73358,733810548,1946,0,0,0
65.3500,73359,733820548,2000,0,0,0
65.3600,73360,733830548,2022,0,0,0
65.3699,73361,733840548,1949,0,0,0
65.3799,73362,733850548,1946,0,0,0
65.3899,73363,733860549,1902,0,0,0
65.3999,73364,733870548,1861,0,0,0
65.4098,73365,733880548,1799,0,0,0
65.4201,73366,733890548,1782,0,0,0
65.4301,73367,733900548,1770,0,0,0
65.4399,73368,733910548,1761,0,0,0
65.4499,73369,733920548,1748,0,0,0
65.4598,73370,733930548,1775,0,0,0
65.4698,73371,733940548,1742,0,0,0
65.4799,73372,733950548,1819,0,0,0
65.4900,73373,733960549,1926,0,0,0
65.5001,73374,733970548,2128,0,0,0
65.5099,73375,733980548,2559,0,0,0
65.5199,73376,733990548,2246,0,0,0
65.5302,73377,734000548,1634,0,0,0
65.5398,73378,734010548,1395,0,0,0
65.5499,73379,734020548,1407,0,0,0
65.5600,73380,734030548,1585,0,0,0
65.5698,73381,734040548,1725,0,0,0
65.5799,73382,734050548,1786,0,0,0
65.5900,73383,734060549,1776,0,0,0
65.5999,73384,734070549,1809,0,0,0
65.6100,73385,734080548,1808,0,0,0
65.6200,73386,734090549,1845,0,0,0
65.6299,73387,734100548,1828,0,0,0
65.6399,73388,734110548,1843,0,0,0
65.6501,73389,734120549,1834,0,0,0
65.6599,73390,734130549,1865,0,0,0
65.6700,73391,734140548,1853,0,0,0
65.6799,73392,734150548,1883,0,0,0
65.6900,73393,734160548,1863,0,0,0
65.7031,73394,734170548,1903,0,0,0
65.7099,73395,734180548,1890,0,0,0
65.7199,73396,734190549,1931,0,0,0
65.7301,73397,734200548,1908,0,0,0
65.7399,73398,734210548,1953,0,0,0
65.7499,73399,734220549,1919,0,0,0
65.7600,73400,734230548,1950,0,0,0
65.7700,73401,734240549,1923,0,0,0
65.7800,73402,734250548,1931,0,0,0
65.7900,73403,734260548,1895,0,0,0
65.7999,73404,734270549,1937,0,0,0
65.8098,73405,734280548,1863,0,0,0
65.8199,73406,734290548,1859,0,0,0
65.8298,73407,734300548,1810,0,0,0
65.8399,73408,734310548,1844,0,0,0
65.8500,73409,734320548,1789,0,0,0
65.8599,73410,734330549,1806,0,0,0
65.8698,73411,734340548,1791,0,0,0
65.8799,73412,734350548,1802,0,0,0
65.8900,73413,734360548,1776,0,0,0
65.9000,73414,734370548,1814,0,0,0
65.9100,73415,734380548,1790,0,0,0
65.9200,73416,734390548,1811,0,0,0
65.9303,73417,734400548,1786,0,0,0
65.9399,73418,734410548,1826,0,0,0
65.9498,73419,734420548,1791,0,0,0
65.9601,73420,734430548,1827,0,0,0
65.9700,73421,734440548,1797,0,0,0
65.9800,73422,734450548,1829,0,0,0
65.9900,73423,734460549,1808,0,0,0
66.0005,73424,734470549,1827,0,0,0
66.0100,73425,734480548,1798,0,0,0
66.0199,73426,734490548,1819,0,0,0
66.0299,73427,734500548,1786,0,0,0
66.0398,73428,734510548,1828,0,0,0
66.0500,73429,734520548,1787,0,0,0
66.0598,73430,734530548,1823,0,0,0
66.0698,73431,734540548,1801,0,0,0
66.0800,73432,734550549,1855,0,0,0
66.0900,73433,734560548,1879,0,0,0
66.1001,73434,734570548,1943,0,0,0
66.1098,73435,734580548,1968,0,0,0
66.1200,73436,734590548,1974,0,0,0
66.1300,73437,734600548,1907,0,0,0
66.1399,73438,734610548,1916,0,0,0
66.1500,73439,734620549,1838,0,0,0
66.1600,73440,734630548,1845,0,0,0
66.1699,73441,734640549,1749,0,0,0
66.1799,73442,734650548,1753,0,0,0
66.1899,73443,734660548,1722,0,0,0
66.2002,73444,734670548,1743,0,0,0
66.2099,73445,734680548,1712,0,0,0
66.2199,73446,734690548,1755,0,0,0
66.2298,73447,734700548,1723,0,0,0
66.2401,73448,734710548,1783,0,0,0
66.2499,73449,734720549,1889,0,0,0
66.2602,73450,734730549,2079,0,0,0
66.2700,73451,734740549,2529,0,0,0
66.2798,73452,734750548,2291,0,0,0
66.2898,73453,734760548,1660,0,0,0
66.3000,73454,734770549,1375,0,0,0
66.3098,73455,734780548,1392,0,0,0
66.3198,73456,734790548,1535,0,0,0
66.3300,73457,734800548,1683,0,0,0
66.3400,73458,734810548,1776,0,0,0
66.3498,73459,734820549,1766,0,0,0
66.3601,73460,734830549,1794,0,0,0
66.3700,73461,734840548,1789,0,0,0
66.3801,73462,734850548,1833,0,0,0
66.3898,73463,734860548,1815,0,0,0
66.4000,73464,734870548,1839,0,0,0
66.4098,73465,734880548,1836,0,0,0
66.4199,73466,734890548,1841,0,0,0
66.4300,73467,734900548,1844,0,0,0
66.4399,73468,734910548,1885,0,0,0
66.4507,73469,734920548,1857,0,0,0
66.4598,73470,734930548,1898,0,0,0
66.4699,73471,734940548,1877,0,0,0
66.4798,73472,734950548,1922,0,0,0
66.4898,73473,734960549,1895,0,0,0
66.4999,73474,734970549,1935,0,0,0
66.5099,73475,734980549,1936,0,0,0
66.5199,73476,734990548,1957,0,0,0
66.5299,73477,735000548,1925,0,0,0
66.5399,73478,735010548,1942,0,0,0
66.5500,73479,735020548,1907,0,0,0
66.5598,73480,735030548,1925,0,0,0
66.5699,73481,735040549,1863,0,0,0
66.5799,73482,735050548,1859,0,0,0
66.5899,73483,735060549,1802,0,0,0
66.5999,73484,735070549,1807,0,0,0
66.6099,73485,735080548,1774,0,0,0
66.6200,73486,735090548,1793,0,0,0
66.6298,73487,735100548,1775,0,0,0
66.6399,73488,735110548,1792,0,0,0
66.6500,73489,735120549,1769,0,0,0
66.6599,73490,735130548,1792,0,0,0
66.6700,73491,735140549,1774,0,0,0
66.6799,73492,735150548,1798,0,0,0
66.6898,73493,735160548,1778,0,0,0
66.7021,73494,735170548,1805,0,0,0
66.7102,73495,735180548,1773,0,0,0
66.7198,73496,735190548,1809,0,0,0
66.7299,73497,735200548,1791,0,0,0
66.7399,73498,735210548,1819,0,0,0
66.7500,73499,735220549,1792,0,0,0
66.7599,73500,735230548,1818,0,0,0
66.7698,73501,735240548,1781,0,0,0
66.7799,73502,735250548,1803,0,0,0
66.7900,73503,735260548,1783,0,0,0
66.7999,73504,735270548,1810,0,0,0
66.8099,73505,735280548,1779,0,0,0
66.8199,73506,735290548,1799,0,0,0
66.8299,73507,735300548,1781,0,0,0
66.8398,73508,735310548,1808,0,0,0
66.8500,73509,735320548,1776,0,0,0
66.8598,73510,735330548,1790,0,0,0
66.8698,73511,735340549,1775,0,0,0
66.8799,73512,735350548,1808,0,0,0
66.8899,73513,735360548,1786,0,0,0
66.8998,73514,735370548,1808,0,0,0
66.9099,73515,735380549,1783,0,0,0
66.9198,73516,735390549,1851,0,0,0
66.9301,73517,735400548,1889,0,0,0
66.9402,73518,735410548,1919,0,0,0
66.9499,73519,735420549,1937,0,0,0
66.9598,73520,735430548,1951,0,0,0
66.9700,73521,735440548,1890,0,0,0
66.9798,73522,735450549,1901,0,0,0
66.9899,73523,735460548,1839,0,0,0
67.0000,73524,735470548,1835,0,0,0
67.0099,73525,735480549,1769,0,0,0
67.0198,73526,735490548,1765,0,0,0
67.0300,73527,735500548,1749,0,0,0
67.0400,73528,735510549,1770,0,0,0
67.0501,73529,735520548,1743,0,0,0
67.0600,73530,735530548,1775,0,0,0
67.0699,73531,735540549,1755,0,0,0
67.0800,73532,735550548,1808,0,0,0
67.0899,73533,735560548,1907,0,0,0
67.0999,73534,735570548,2096,0,0,0
67.1099,73535,735580549,2597,0,0,0
67.1201,73536,735590549,2290,0,0,0
67.1299,73537,735600548,1655,0,0,0
67.1399,73538,735610548,1408,0,0,0
67.1500,73539,735620549,1439,0,0,0
67.1598,73540,735630548,1590,0,0,0
67.1699,73541,735640548,1728,0,0,0
67.1800,73542,735650548,1779,0,0,0
67.1899,73543,735660549,1778,0,0,0
67.2002,73544,735670548,1808,0,0,0
67.2099,73545,735680548,1806,0,0,0
67.2199,73546,735690548,1829,0,0,0
67.2299,73547,735700548,1815,0,0,0
67.2399,73548,735710548,1835,0,0,0
67.2499,73549,735720548,1842,0,0,0
67.2598,73550,735730549,1857,0,0,0
67.2698,73551,735740548,1847,0,0,0
67.2798,73552,735750548,1862,0,0,0
67.2920,73553,735760548,1872,0,0,0
67.3000,73554,735770548,1893,0,0,0
67.3099,73555,735780548,1886,0,0,0
67.3200,73556,735790548,1902,0,0,0
67.3301,73557,735800549,1922,0,0,0
67.3398,73558,735810549,1936,0,0,0
67.3499,73559,735820548,1927,0,0,0
67.3598,73560,735830548,1946,0,0,0
67.3698,73561,735840548,1935,0,0,0
67.3799,73562,735850548,1950,0,0,0
67.3899,73563,735860548,1931,0,0,0
67.3999,73564,735870548,1919,0,0,0
67.4098,73565,735880549,1890,0,0,0
67.4201,73566,735890548,1861,0,0,0
67.4301,73567,735900548,1829,0,0,0
67.4399,73568,735910548,1815,0,0,0
67.4509,73569,735920549,1787,0,0,0
67.4599,73570,735930548,1788,0,0,0
67.4699,73571,735940549,1786,0,0,0
67.4800,73572,735950548,1791,0,0,0
67.4900,73573,735960549,1774,0,0,0
67.5000,73574,735970549,1795,0,0,0
67.5099,73575,735980548,1782,0,0,0
67.5200,73576,735990548,1799,0,0,0
67.5299,73577,736000549,1801,0,0,0
67.5399,73578,736010548,1813,0,0,0
67.5499,73579,736020548,1797,0,0,0
67.5601,73580,736030548,1808,0,0,0
67.5699,73581,736040548,1801,0,0,0
67.5799,73582,736050548,1819,0,0,0
67.5901,73583,736060549,1808,0,0,0
67.5999,73584,736070549,1805,0,0,0
67.6099,73585,736080548,1807,0,0,0
67.6200,73586,736090548,1809,0,0,0
67.6298,73587,736100548,1788,0,0,0
67.6400,73588,736110548,1796,0,0,0
67.6501,73589,736120548,1790,0,0,0
67.6598,73590,736130548,1797,0,0,0
67.6701,73591,736140548,1789,0,0,0
67.6801,73592,736150548,1797,0,0,0
67.6899,73593,736160548,1787,0,0,0
67.6998,73594,736170548,1803,0,0,0
67.7101,73595,736180548,1794,0,0,0
67.7200,73596,736190548,1794,0,0,0
67.7302,73597,736200548,1779,0,0,0
67.7398,73598,736210548,1791,0,0,0
67.7499,73599,736220549,1791,0,0,0
67.7599,73600,736230549,1791,0,0,0
67.7699,73601,736240548,1790,0,0,0
67.7800,73602,736250548,1827,0,0,0
67.7900,73603,736260549,1875,0,0,0
67.8000,73604,736270548,1903,0,0,0
67.8098,73605,736280549,1937,0,0,0
67.8200,73606,736290549,1953,0,0,0
67.8298,73607,736300548,1906,0,0,0
67.8399,73608,736310548,1903,0,0,0
67.8501,73609,736320549,1860,0,0,0
67.8598,73610,736330548,1839,0,0,0
67.8699,73611,736340548,1776,0,0,0
67.8800,73612,736350548,1762,0,0,0
67.8898,73613,736360548,1761,0,0,0
67.9001,73614,736370548,1765,0,0,0
67.9098,73615,736380549,1749,0,0,0
67.9200,73616,736390548,1766,0,0,0
67.9299,73617,736400549,1761,0,0,0
67.9399,73618,736410549,1777,0,0,0
67.9512,73619,736420548,1887,0,0,0
67.9599,73620,736430548,1991,0,0,0
67.9700,73621,736440548,2533,0,0,0
67.9805,73622,736450548,2475,0,0,0
67.9899,73623,736460548,1854,0,0,0
68.0002,73624,736470548,1459,0,0,0
68.0099,73625,736480549,1454,0,0,0
68.0199,73626,736490548,1562,0,0,0
68.0299,73627,736500548,1716,0,0,0
68.0398,73628,736510548,1772,0,0,0
68.0499,73629,736520548,1788,0,0,0
68.0598,73630,736530548,1810,0,0,0
68.0699,73631,736540548,1810,0,0,0
68.0798,73632,736550548,1827,0,0,0
68.0900,73633,736560548,1840,0,0,0
68.0999,73634,736570548,1840,0,0,0
68.1098,73635,736580548,1854,0,0,0
68.1199,73636,736590548,1855,0,0,0
68.1298,73637,736600548,1856,0,0,0
68.1398,73638,736610548,1866,0,0,0
68.1499,73639,736620549,1885,0,0,0
68.1598,73640,736630549,1891,0,0,0
68.1698,73641,736640548,1904,0,0,0
68.1799,73642,736650548,1911,0,0,0
68.1899,73643,736660549,1934,0,0,0
68.1999,73644,736670549,1945,0,0,0
68.2098,73645,736680548,1939,0,0,0
68.2199,73646,736690548,1939,0,0,0
68.2301,73647,736700548,1953,0,0,0
68.2398,73648,736710549,1951,0,0,0
68.2500,73649,736720549,1941,0,0,0
68.2599,73650,736730549,1927,0,0,0
68.2699,73651,736740549,1907,0,0,0
68.2798,73652,736750549,1867,0,0,0
68.2899,73653,736760548,1835,0,0,0
68.2999,73654,736770548,1795,0,0,0
68.3098,73655,736780548,1794,0,0,0
68.3200,73656,736790548,1775,0,0,0
68.3300,73657,736800549,1779,0,0,0
68.3398,73658,736810548,1771,0,0,0
68.3500,73659,736820548,1776,0,0,0
68.3598,73660,736830548,1776,0,0,0
68.3697,73661,736840549,1780,0,0,0
68.3800,73662,736850549,1771,0,0,0
68.3898,73663,736860549,1790,0,0,0
68.3999,73664,736870548,1777,0,0,0
68.4098,73665,736880548,1795,0,0,0
68.4199,73666,736890548,1793,0,0,0
68.4301,73667,736900549,1809,0,0,0
68.4398,73668,736910548,1802,0,0,0
68.4498,73669,736920548,1815,0,0,0
68.4603,73670,736930548,1811,0,0,0
68.4700,73671,736940548,1806,0,0,0
68.4798,73672,736950549,1808,0,0,0
68.4898,73673,736960549,1811,0,0,0
68.5000,73674,736970549,1804,0,0,0
68.5098,73675,736980549,1803,0,0,0
68.5198,73676,736990548,1789,0,0,0
68.5301,73677,737000549,1807,0,0,0
68.5399,73678,737010548,1791,0,0,0
68.5498,73679,737020549,1810,0,0,0
68.5599,73680,737030549,1791,0,0,0
68.5698,73681,737040549,1808,0,0,0
68.5799,73682,737050548,1792,0,0,0
68.5899,73683,737060548,1813,0,0,0
68.6000,73684,737070548,1804,0,0,0
68.6099,73685,737080549,1813,0,0,0
68.6198,73686,737090549,1818,0,0,0
68.6299,73687,737100549,1815,0,0,0
68.6399,73688,737110549,1809,0,0,0
68.6499,73689,737120548,1846,0,0,0
68.6599,73690,737130548,1888,0,0,0
68.6700,73691,737140548,1947,0,0,0
68.6798,73692,737150548,1938,0,0,0
68.6899,73693,737160548,2001,0,0,0
68.7018,73694,737170548,1928,0,0,0
68.7103,73695,737180549,1943,0,0,0
68.7199,73696,737190548,1875,0,0,0
68.7300,73697,737200548,1873,0,0,0
68.7399,73698,737210548,1825,0,0,0
68.7499,73699,737220549,1815,0,0,0
68.7598,73700,737230549,1792,0,0,0
68.7697,73701,737240549,1814,0,0,0
68.7799,73702,737250549,1795,0,0,0
68.7900,73703,737260549,1807,0,0,0
68.7999,73704,737270549,1794,0,0,0
68.8098,73705,737280548,1821,0,0,0
68.8200,73706,737290548,1919,0,0,0
68.8299,73707,737300548,2021,0,0,0
68.8398,73708,737310548,2538,0,0,0
68.8500,73709,737320549,2588,0,0,0
68.8598,73710,737330548,1968,0,0,0
68.8699,73711,737340549,1534,0,0,0
68.8799,73712,737350549,1488,0,0,0
68.8899,73713,737360549,1614,0,0,0
68.8999,73714,737370549,1746,0,0,0
68.9099,73715,737380549,1839,0,0,0
68.9200,73716,737390548,1817,0,0,0
68.9301,73717,737400548,1874,0,0,0
68.9399,73718,737410549,1866,0,0,0
68.9498,73719,737420549,1903,0,0,0
68.9610,73720,737430548,1909,0,0,0
68.9699,73721,737440549,1892,0,0,0
68.9799,73722,737450548,1893,0,0,0
68.9900,73723,737460549,1919,0,0,0
69.0002,73724,737470548,1894,0,0,0
69.0099,73725,737480548,1911,0,0,0
69.0199,73726,737490548,1925,0,0,0
69.0299,73727,737500548,1947,0,0,0
69.0398,73728,737510548,1936,0,0,0
69.0499,73729,737520549,1959,0,0,0
69.0598,73730,737530549,1957,0,0,0
69.0698,73731,737540548,1997,0,0,0
69.0798,73732,737550548,1989,0,0,0
69.0900,73733,737560548,2011,0,0,0
69.0999,73734,737570548,1991,0,0,0
69.1098,73735,737580548,2015,0,0,0
69.1200,73736,737590548,1981,0,0,0
69.1300,73737,737600548,1981,0,0,0
69.1399,73738,737610548,1953,0,0,0
69.1499,73739,737620548,1935,0,0,0
69.1599,73740,737630548,1887,0,0,0
69.1700,73741,737640549,1882,0,0,0
69.1799,73742,737650548,1851,0,0,0
69.1906,73743,737660549,1855,0,0,0
69.1999,73744,737670549,1813,0,0,0
69.2098,73745,737680548,1855,0,0,0
69.2198,73746,737690548,1838,0,0,0
69.2298,73747,737700549,1843,0,0,0
69.2399,73748,737710548,1829,0,0,0
69.2500,73749,737720549,1853,0,0,0
69.2598,73750,737730548,1837,0,0,0
69.2700,73751,737740548,1862,0,0,0
69.2799,73752,737750548,1839,0,0,0
69.2898,73753,737760548,1873,0,0,0
69.2998,73754,737770548,1857,0,0,0
69.3098,73755,737780548,1873,0,0,0
69.3199,73756,737790548,1844,0,0,0
69.3299,73757,737800548,1873,0,0,0
69.3400,73758,737810548,1847,0,0,0
69.3499,73759,737820548,1869,0,0,0
69.3597,73760,737830548,1843,0,0,0
69.3699,73761,737840548,1868,0,0,0
69.3800,73762,737850548,1838,0,0,0
69.3899,73763,737860548,1872,0,0,0
69.3998,73764,737870548,1834,0,0,0
69.4098,73765,737880549,1851,0,0,0
69.4198,73766,737890548,1830,0,0,0
69.4299,73767,737900548,1871,0,0,0
69.4400,73768,737910548,1840,0,0,0
69.4503,73769,737920548,1851,0,0,0
69.4598,73770,737930548,1830,0,0,0
69.4699,73771,737940548,1860,0,0,0
69.4798,73772,737950549,1828,0,0,0
69.4898,73773,737960549,1871,0,0,0
69.4999,73774,737970549,1893,0,0,0
69.5098,73775,737980548,1939,0,0,0
69.5197,73776,737990548,1956,0,0,0
69.5298,73777,738000548,2006,0,0,0
69.5398,73778,738010548,1957,0,0,0
69.5498,73779,738020548,1967,0,0,0
69.5598,73780,738030548,1893,0,0,0
69.5699,73781,738040549,1899,0,0,0
69.5800,73782,738050548,1840,0,0,0
69.5898,73783,738060548,1815,0,0,0
69.5999,73784,738070548,1776,0,0,0
69.6098,73785,738080548,1796,0,0,0
69.6200,73786,738090548,1781,0,0,0
69.6298,73787,738100548,1798,0,0,0
69.6398,73788,738110548,1779,0,0,0
69.6499,73789,738120549,1799,0,0,0
69.6598,73790,738130549,1827,0,0,0
69.6700,73791,738140548,1953,0,0,0
69.6801,73792,738150548,2172,0,0,0
69.6898,73793,738160549,2682,0,0,0
69.7015,73794,738170549,2239,0,0,0
69.7119,73795,738180549,1682,0,0,0
69.7199,73796,738190548,1445,0,0,0
69.7300,73797,738200549,1520,0,0,0
69.7398,73798,738210548,1615,0,0,0
69.7499,73799,738220549,1776,0,0,0
69.7598,73800,738230549,1790,0,0,0
69.7700,73801,738240548,1835,0,0,0
69.7800,73802,738250548,1805,0,0,0
69.7900,73803,738260549,1863,0,0,0
69.7998,73804,738270548,1838,0,0,0
69.8098,73805,738280548,1865,0,0,0
69.8199,73806,738290548,1838,0,0,0
69.8299,73807,738300548,1877,0,0,0
69.8398,73808,738310548,1861,0,0,0
69.8500,73809,738320549,1892,0,0,0
69.8598,73810,738330548,1867,0,0,0
69.8698,73811,738340549,1917,0,0,0
69.8799,73812,738350548,1895,0,0,0
69.8900,73813,738360548,1930,0,0,0
69.8999,73814,738370548,1902,0,0,0
69.9099,73815,738380548,1953,0,0,0
69.9198,73816,738390548,1936,0,0,0
69.9298,73817,738400549,1963,0,0,0
69.9399,73818,738410548,1938,0,0,0
69.9523,73819,738420548,1963,0,0,0
69.9604,73820,738430548,1939,0,0,0
69.9701,73821,738440548,1963,0,0,0
69.9804,73822,738450548,1909,0,0,0
69.9901,73823,738460549,1930,0,0,0
70.0000,73824,738470549,1877,0,0,0
70.0133,73825,738480548,1872,0,0,0
70.0210,73826,738490548,1834,0,0,0
70.0351,73827,738500549,1837,0,0,0
70.0443,73828,738510548,1815,0,0,0
70.0509,73829,738520549,1856,0,0,0
70.0640,73830,738530548,1804,0,0,0
70.0698,73831,738540549,1839,0,0,0
70.0800,73832,738550548,1811,0,0,0
70.0899,73833,738560549,1850,0,0,0
70.0998,73834,738570548,1813,0,0,0
70.1098,73835,738580549,1842,0,0,0
70.1199,73836,738590549,1833,0,0,0
70.1298,73837,738600548,1853,0,0,0
70.1398,73838,738610548,1835,0,0,0
70.1502,73839,738620548,1870,0,0,0
70.1598,73840,738630548,1819,0,0,0
70.1728,73841,738640548,1866,0,0,0
70.1805,73842,738650548,1830,0,0,0
70.1898,73843,738660549,1869,0,0,0
70.2029,73844,738670548,1827,0,0,0
70.2197,73845,738680548,1861,0,0,0
70.2204,73846,738690548,1827,0,0,0
70.2303,73847,738700549,1854,0,0,0
70.2445,73848,738710549,1797,0,0,0
70.2500,73849,738720549,1858,0,0,0
70.2600,73850,738730549,1817,0,0,0
70.2698,73851,738740548,1838,0,0,0
70.2798,73852,738750548,1818,0,0,0
70.2898,73853,738760548,1847,0,0,0
70.2999,73854,738770549,1807,0,0,0
70.3098,73855,738780548,1856,0,0,0
70.3198,73856,738790548,1899,0,0,0
70.3298,73857,738800548,1936,0,0,0
70.3398,73858,738810548,1942,0,0,0
70.3529,73859,738820548,2023,0,0,0
70.3655,73860,738830548,1927,0,0,0
70.3754,73861,738840548,1954,0,0,0
70.3837,73862,738850548,1872,0,0,0
70.3898,73863,738860548,1887,0,0,0
70.4072,73864,738870548,1830,0,0,0
70.4098,73865,738880548,1811,0,0,0
70.4197,73866,738890548,1763,0,0,0
70.4298,73867,738900548,1784,0,0,0
70.4399,73868,738910548,1764,0,0,0
70.4498,73869,738920548,1789,0,0,0
70.4606,73870,738930548,1759,0,0,0
70.4699,73871,738940549,1778,0,0,0
70.4798,73872,738950548,1840,0,0,0
70.4898,73873,738960548,1970,0,0,0
70.5002,73874,738970548,2317,0,0,0
70.5100,73875,738980549,2599,0,0,0
70.5201,73876,738990548,2071,0,0,0
70.5364,73877,739000548,1531,0,0,0
70.5480,73878,739010548,1402,0,0,0
70.5515,73879,739020548,1521,0,0,0
70.5597,73880,739030548,1637,0,0,0
70.5733,73881,739040548,1792,0,0,0
70.5806,73882,739050548,1776,0,0,0
70.5897,73883,739060548,1834,0,0,0
70.5998,73884,739070548,1815,0,0,0
70.6099,73885,739080549,1856,0,0,0
70.6197,73886,739090548,1821,0,0,0
70.6298,73887,739100549,1849,0,0,0
70.6399,73888,739110548,1849,0,0,0
70.6501,73889,739120548,1867,0,0,0
70.6598,73890,739130548,1861,0,0,0
70.6700,73891,739140548,1880,0,0,0
70.6799,73892,739150548,1875,0,0,0
70.6948,73893,739160548,1902,0,0,0
70.7114,73894,739170549,1889,0,0,0
70.7156,73895,739180548,1930,0,0,0
70.7211,73896,739190548,1907,0,0,0
70.7324,73897,739200548,1942,0,0,0
70.7400,73898,739210548,1922,0,0,0
70.7526,73899,739220548,1952,0,0,0
70.7598,73900,739230548,1947,0,0,0
70.7698,73901,739240549,1954,0,0,0
70.7798,73902,739250548,1935,0,0,0
70.7898,73903,739260549,1946,0,0,0
70.7998,73904,739270549,1899,0,0,0
70.8098,73905,739280548,1899,0,0,0
70.8198,73906,739290548,1845,0,0,0
70.8298,73907,739300549,1845,0,0,0
70.8401,73908,739310548,1804,0,0,0
70.8499,73909,739320549,1813,0,0,0
70.8598,73910,739330548,1791,0,0,0
70.8699,73911,739340549,1827,0,0,0
70.8800,73912,739350548,1783,0,0,0
70.8898,73913,739360549,1824,0,0,0
70.8999,73914,739370548,1776,0,0,0
70.9097,73915,739380549,1812,0,0,0
70.9197,73916,739390548,1799,0,0,0
70.9298,73917,739400548,1819,0,0,0
70.9398,73918,739410549,1811,0,0,0
70.9498,73919,739420548,1827,0,0,0
70.9598,73920,739430548,1805,0,0,0
70.9699,73921,739440549,1821,0,0,0
70.9803,73922,739450548,1810,0,0,0
70.9902,73923,739460549,1841,0,0,0
70.9999,73924,739470549,1813,0,0,0
71.0098,73925,739480549,1832,0,0,0
71.0199,73926,739490548,1811,0,0,0
71.0298,73927,739500549,1835,0,0,0
71.0398,73928,739510548,1805,0,0,0
71.0498,73929,739520548,1820,0,0,0
71.0598,73930,739530548,1795,0,0,0
71.0699,73931,739540548,1808,0,0,0
71.0799,73932,739550548,1793,0,0,0
71.0897,73933,739560549,1827,0,0,0
71.0997,73934,739570548,1789,0,0,0
71.1098,73935,739580549,1832,0,0,0
71.1198,73936,739590548,1857,0,0,0
71.1298,73937,739600548,1909,0,0,0
71.1398,73938,739610548,1920,0,0,0
71.1499,73939,739620548,1983,0,0,0
71.1599,73940,739630548,1935,0,0,0
71.1699,73941,739640548,1936,0,0,0
71.1800,73942,739650548,1886,0,0,0
71.1898,73943,739660549,1856,0,0,0
71.1998,73944,739670548,1802,0,0,0
71.2098,73945,739680548,1790,0,0,0
71.2199,73946,739690548,1741,0,0,0
71.2299,73947,739700549,1761,0,0,0
71.2399,73948,739710548,1719,0,0,0
71.2498,73949,739720548,1763,0,0,0
71.2598,73950,739730549,1757,0,0,0
71.2698,73951,739740548,1755,0,0,0
71.2798,73952,739750548,1808,0,0,0
71.2898,73953,739760548,1947,0,0,0
71.3000,73954,739770548,2160,0,0,0
71.3098,73955,739780548,2619,0,0,0
71.3199,73956,739790548,2187,0,0,0
71.3298,73957,739800549,1613,0,0,0
71.3398,73958,739810549,1383,0,0,0
71.3498,73959,739820548,1481,0,0,0
71.3598,73960,739830548,1589,0,0,0
71.3697,73961,739840549,1753,0,0,0
71.3798,73962,739850548,1771,0,0,0
71.3898,73963,739860549,1787,0,0,0
71.4002,73964,739870548,1797,0,0,0
71.4098,73965,739880548,1811,0,0,0
71.4197,73966,739890548,1808,0,0,0
71.4298,73967,739900549,1840,0,0,0
71.4399,73968,739910548,1827,0,0,0
71.4506,73969,739920549,1846,0,0,0
71.4597,73970,739930548,1836,0,0,0
71.4699,73971,739940548,1872,0,0,0
71.4797,73972,739950548,1862,0,0,0
71.4898,73973,739960549,1886,0,0,0
71.4997,73974,739970549,1885,0,0,0
71.5098,73975,739980548,1920,0,0,0
71.5198,73976,739990548,1907,0,0,0
71.5297,73977,740000548,1936,0,0,0
71.5397,73978,740010548,1931,0,0,0
71.5497,73979,740020548,1952,0,0,0
71.5597,73980,740030548,1942,0,0,0
71.5698,73981,740040548,1953,0,0,0
71.5798,73982,740050548,1949,0,0,0
71.5898,73983,740060549,1936,0,0,0
71.5997,73984,740070549,1904,0,0,0
71.6098,73985,740080549,1891,0,0,0
71.6198,73986,740090549,1808,0,0,0
71.6300,73987,740100549,1840,0,0,0
71.6397,73988,740110549,1797,0,0,0
71.6498,73989,740120548,1791,0,0,0
71.6598,73990,740130548,1785,0,0,0
71.6698,73991,740140549,1795,0,0,0
71.6797,73992,740150548,1777,0,0,0
71.6898,73993,740160548,1788,0,0,0
71.7003,73994,740170548,1788,0,0,0
71.7105,73995,740180548,1792,0,0,0
71.7198,73996,740190548,1777,0,0,0
71.7298,73997,740200548,1801,0,0,0
71.7398,73998,740210548,1778,0,0,0
71.7497,73999,740220548,1797,0,0,0
71.7598,74000,740230548,1831,0,0,0
71.7698,74001,740240548,1819,0,0,0
71.7797,74002,740250549,1794,0,0,0
71.7899,74003,740260549,1808,0,0,0
71.7998,74004,740270549,1808,0,0,0
71.8098,74005,740280548,1803,0,0,0
71.8198,74006,740290548,1797,0,0,0
71.8298,74007,740300548,1797,0,0,0
71.8397,74008,740310548,1802,0,0,0
71.8499,74009,740320548,1801,0,0,0
71.8599,74010,740330548,1791,0,0,0
71.8698,74011,740340549,1797,0,0,0
71.8799,74012,740350549,1782,0,0,0
71.8898,74013,740360548,1808,0,0,0
71.8998,74014,740370548,1796,0,0,0
71.9098,74015,740380548,1811,0,0,0
71.9198,74016,740390548,1794,0,0,0
71.9297,74017,740400549,1794,0,0,0
71.9399,74018,740410548,1809,0,0,0
71.9497,74019,740420549,1855,0,0,0
71.9599,74020,740430549,1905,0,0,0
71.9700,74021,740440548,1936,0,0,0
71.9798,74022,740450548,1968,0,0,0
71.9899,74023,740460548,1926,0,0,0
72.0002,74024,740470548,1919,0,0,0
72.0101,74025,740480548,1885,0,0,0
72.0198,74026,740490548,1847,0,0,0
72.0298,74027,740500548,1825,0,0,0
72.0398,74028,740510548,1783,0,0,0
72.0498,74029,740520549,1767,0,0,0
72.0599,74030,740530548,1767,0,0,0
72.0698,74031,740540549,1771,0,0,0
72.0797,74032,740550548,1762,0,0,0
72.0898,74033,740560548,1782,0,0,0
72.0998,74034,740570548,1773,0,0,0
72.1099,74035,740580548,1843,0,0,0
72.1199,74036,740590548,1946,0,0,0
72.1298,74037,740600548,2239,0,0,0
72.1398,74038,740610548,2629,0,0,0
72.1499,74039,740620548,2171,0,0,0
72.1597,74040,740630548,1580,0,0,0
72.1698,74041,740640549,1431,0,0,0
72.1798,74042,740650548,1502,0,0,0
72.1900,74043,740660549,1649,0,0,0
72.2000,74044,740670548,1769,0,0,0
72.2098,74045,740680549,1793,0,0,0
72.2198,74046,740690548,1807,0,0,0
72.2298,74047,740700548,1819,0,0,0
72.2398,74048,740710548,1837,0,0,0
72.2498,74049,740720549,1835,0,0,0
72.2599,74050,740730548,1851,0,0,0
72.2698,74051,740740548,1858,0,0,0
72.2797,74052,740750548,1871,0,0,0
72.2898,74053,740760549,1881,0,0,0
72.2998,74054,740770548,1877,0,0,0
72.3097,74055,740780548,1890,0,0,0
72.3199,74056,740790548,1898,0,0,0
72.3298,74057,740800548,1899,0,0,0
72.3398,74058,740810548,1917,0,0,0
72.3499,74059,740820548,1919,0,0,0
72.3598,74060,740830548,1937,0,0,0
72.3699,74061,740840548,1951,0,0,0
72.3798,74062,740850548,1968,0,0,0
72.3898,74063,740860548,1969,0,0,0
72.3998,74064,740870548,1961,0,0,0
72.4098,74065,740880549,1961,0,0,0
72.4199,74066,740890548,1964,0,0,0
72.4298,74067,740900548,1922,0,0,0
72.4399,74068,740910548,1915,0,0,0
72.4535,74069,740920549,1872,0,0,0
72.4616,74070,740930548,1843,0,0,0
72.4698,74071,740940549,1831,0,0,0
72.4799,74072,740950549,1820,0,0,0
72.4899,74073,740960548,1818,0,0,0
72.4999,74074,740970548,1809,0,0,0
72.5097,74075,740980549,1793,0,0,0
72.5199,74076,740990549,1798,0,0,0
72.5299,74077,741000549,1795,0,0,0
72.5399,74078,741010548,1808,0,0,0
72.5498,74079,741020549,1803,0,0,0
72.5599,74080,741030548,1809,0,0,0
72.5697,74081,741040549,1817,0,0,0
72.5798,74082,741050548,1826,0,0,0
72.5898,74083,741060548,1808,0,0,0
72.5998,74084,741070548,1829,0,0,0
72.6098,74085,741080548,1826,0,0,0
72.6198,74086,741090548,1837,0,0,0
72.6299,74087,741100549,1828,0,0,0
72.6398,74088,741110548,1829,0,0,0
72.6498,74089,741120548,1827,0,0,0
72.6598,74090,741130548,1822,0,0,0
72.6698,74091,741140548,1816,0,0,0
72.6799,74092,741150549,1823,0,0,0
72.6897,74093,741160548,1821,0,0,0
72.7001,74094,741170548,1823,0,0,0
72.7104,74095,741180549,1804,0,0,0
72.7197,74096,741190549,1815,0,0,0
72.7297,74097,741200548,1809,0,0,0
72.7398,74098,741210548,1818,0,0,0
72.7498,74099,741220549,1808,0,0,0
72.7597,74100,741230549,1815,0,0,0
72.7698,74101,741240549,1806,0,0,0
72.7799,74102,741250548,1815,0,0,0
72.7898,74103,741260548,1816,0,0,0
72.8000,74104,741270549,1862,0,0,0
72.8097,74105,741280548,1902,0,0,0
72.8198,74106,741290549,1922,0,0,0
72.8299,74107,741300549,1954,0,0,0
72.8397,74108,741310548,1951,0,0,0
72.8497,74109,741320549,1905,0,0,0
72.8598,74110,741330548,1904,0,0,0
72.8697,74111,741340548,1850,0,0,0
72.8797,74112,741350549,1829,0,0,0
72.8898,74113,741360548,1777,0,0,0
72.8999,74114,741370548,1771,0,0,0
72.9101,74115,741380548,1751,0,0,0
72.9198,74116,741390548,1759,0,0,0
72.9298,74117,741400548,1759,0,0,0
72.9398,74118,741410548,1774,0,0,0
72.9509,74119,741420549,1757,0,0,0
72.9599,74120,741430549,1808,0,0,0
72.9699,74121,741440548,1902,0,0,0
72.9799,74122,741450548,2082,0,0,0
72.9899,74123,741460549,2643,0,0,0
73.0000,74124,741470548,2362,0,0,0
73.0099,74125,741480549,1669,0,0,0
73.0199,74126,741490548,1455,0,0,0
73.0298,74127,741500548,1478,0,0,0
73.0398,74128,741510548,1605,0,0,0
73.0499,74129,741520548,1732,0,0,0
73.0597,74130,741530548,1795,0,0,0
73.0698,74131,741540548,1787,0,0,0
73.0802,74132,741550548,1820,0,0,0
73.0898,74133,741560548,1812,0,0,0
73.0998,74134,741570548,1833,0,0,0
73.1097,74135,741580548,1830,0,0,0
73.1198,74136,741590548,1856,0,0,0
73.1298,74137,741600548,1840,0,0,0
73.1399,74138,741610548,1871,0,0,0
73.1498,74139,741620548,1861,0,0,0
73.1597,74140,741630548,1884,0,0,0
73.1699,74141,741640548,1875,0,0,0
73.1799,74142,741650549,1907,0,0,0
73.1898,74143,741660548,1898,0,0,0
73.1999,74144,741670548,1933,0,0,0
73.2104,74145,741680548,1927,0,0,0
73.2199,74146,741690548,1962,0,0,0
73.2298,74147,741700549,1951,0,0,0
73.2398,74148,741710549,1975,0,0,0
73.2501,74149,741720549,1957,0,0,0
73.2598,74150,741730549,1979,0,0,0
73.2698,74151,741740548,1943,0,0,0
73.2797,74152,741750548,1951,0,0,0
73.2897,74153,741760548,1904,0,0,0
73.2997,74154,741770548,1878,0,0,0
73.3102,74155,741780548,1834,0,0,0
73.3197,74156,741790548,1832,0,0,0
73.3299,74157,741800548,1793,0,0,0
73.3398,74158,741810548,1803,0,0,0
73.3498,74159,741820548,1777,0,0,0
73.3598,74160,741830548,1791,0,0,0
73.3697,74161,741840548,1786,0,0,0
73.3798,74162,741850548,1797,0,0,0
73.3898,74163,741860549,1782,0,0,0
73.3998,74164,741870548,1814,0,0,0
73.4098,74165,741880549,1804,0,0,0
73.4199,74166,741890549,1842,0,0,0
73.4299,74167,741900548,1814,0,0,0
73.4397,74168,741910548,1837,0,0,0
73.4498,74169,741920549,1819,0,0,0
73.4598,74170,741930548,1843,0,0,0
73.4698,74171,741940548,1827,0,0,0
73.4797,74172,741950548,1843,0,0,0
73.4898,74173,741960548,1817,0,0,0
73.4998,74174,741970548,1840,0,0,0
73.5097,74175,741980548,1812,0,0,0
73.5198,74176,741990548,1849,0,0,0
73.5298,74177,742000548,1814,0,0,0
73.5397,74178,742010548,1833,0,0,0
73.5497,74179,742020548,1823,0,0,0
73.5597,74180,742030548,1839,0,0,0
73.5698,74181,742040548,1814,0,0,0
73.5798,74182,742050548,1851,0,0,0
73.5899,74183,742060549,1815,0,0,0
73.5998,74184,742070549,1839,0,0,0
73.6097,74185,742080548,1827,0,0,0
73.6199,74186,742090548,1851,0,0,0
73.6298,74187,742100548,1828,0,0,0
73.6398,74188,742110548,1853,0,0,0
73.6498,74189,742120548,1833,0,0,0
73.6598,74190,742130548,1867,0,0,0
73.6699,74191,742140548,1863,0,0,0
73.6798,74192,742150548,1957,0,0,0
73.6898,74193,742160548,1938,0,0,0
73.7007,74194,742170549,2003,0,0,0
73.7097,74195,742180548,1969,0,0,0
73.7198,74196,742190549,1974,0,0,0
73.7298,74197,742200548,1931,0,0,0
73.7398,74198,742210548,1915,0,0,0
73.7497,74199,742220549,1847,0,0,0
73.7598,74200,742230548,1847,0,0,0
73.7698,74201,742240549,1805,0,0,0
73.7798,74202,742250548,1815,0,0,0
73.7898,74203,742260549,1799,0,0,0
73.8000,74204,742270548,1829,0,0,0
73.8097,74205,742280549,1802,0,0,0
73.8198,74206,742290548,1839,0,0,0
73.8300,74207,742300548,1849,0,0,0
73.8397,74208,742310548,1969,0,0,0
73.8499,74209,742320548,2149,0,0,0
73.8597,74210,742330548,2717,0,0,0
73.8697,74211,742340549,2301,0,0,0
73.8798,74212,742350548,1734,0,0,0
73.8898,74213,742360548,1492,0,0,0
73.8997,74214,742370548,1535,0,0,0
73.9097,74215,742380549,1633,0,0,0
73.9197,74216,742390549,1807,0,0,0
73.9298,74217,742400548,1803,0,0,0
73.9397,74218,742410548,1843,0,0,0
73.9507,74219,742420548,1837,0,0,0
73.9597,74220,742430548,1877,0,0,0
73.9698,74221,742440548,1858,0,0,0
73.9799,74222,742450548,1888,0,0,0
73.9899,74223,742460549,1868,0,0,0
73.9998,74224,742470548,1897,0,0,0
74.0101,74225,742480548,1878,0,0,0
74.0201,74226,742490548,1906,0,0,0
74.0298,74227,742500548,1894,0,0,0
74.0398,74228,742510548,1934,0,0,0
74.0498,74229,742520548,1922,0,0,0
74.0597,74230,742530549,1941,0,0,0
74.0698,74231,742540549,1935,0,0,0
74.0797,74232,742550549,1969,0,0,0
74.0896,74233,742560549,1965,0,0,0
74.0998,74234,742570549,1994,0,0,0
74.1097,74235,742580549,1971,0,0,0
74.1197,74236,742590548,2001,0,0,0
74.1297,74237,742600548,1969,0,0,0
74.1397,74238,742610548,1991,0,0,0
74.1497,74239,742620549,1947,0,0,0
74.1598,74240,742630549,1946,0,0,0
74.1698,74241,742640548,1879,0,0,0
74.1799,74242,742650548,1890,0,0,0
74.1898,74243,742660548,1831,0,0,0
74.2005,74244,742670548,1840,0,0,0
74.2097,74245,742680548,1809,0,0,0
74.2198,74246,742690549,1858,0,0,0
74.2297,74247,742700548,1809,0,0,0
74.2397,74248,742710548,1847,0,0,0
74.2497,74249,742720549,1840,0,0,0
74.2597,74250,742730548,1847,0,0,0
74.2697,74251,742740548,1824,0,0,0
74.2799,74252,742750548,1858,0,0,0
74.2897,74253,742760548,1839,0,0,0
74.2998,74254,742770548,1862,0,0,0
74.3098,74255,742780548,1842,0,0,0
74.3198,74256,742790548,1873,0,0,0
74.3300,74257,742800549,1840,0,0,0
74.3398,74258,742810548,1857,0,0,0
74.3497,74259,742820548,1844,0,0,0
74.3597,74260,742830548,1866,0,0,0
74.3698,74261,742840549,1826,0,0,0
74.3798,74262,742850548,1865,0,0,0
74.3898,74263,742860548,1821,0,0,0
74.4001,74264,742870548,1853,0,0,0
74.4097,74265,742880549,1829,0,0,0
74.4197,74266,742890548,1847,0,0,0
74.4298,74267,742900549,1824,0,0,0
74.4398,74268,742910548,1856,0,0,0
74.4511,74269,742920548,1813,0,0,0
74.4597,74270,742930548,1850,0,0,0
74.4698,74271,742940549,1836,0,0,0
74.4797,74272,742950549,1859,0,0,0
74.4900,74273,742960548,1889,0,0,0
74.4999,74274,742970548,1951,0,0,0
74.5097,74275,742980549,1939,0,0,0
74.5198,74276,742990548,2014,0,0,0
74.5299,74277,743000549,1935,0,0,0
74.5399,74278,743010548,1956,0,0,0
74.5498,74279,743020548,1873,0,0,0
74.5597,74280,743030549,1872,0,0,0
74.5698,74281,743040548,1814,0,0,0
74.5798,74282,743050548,1807,0,0,0
74.5898,74283,743060549,1762,0,0,0
74.5998,74284,743070548,1801,0,0,0
74.6097,74285,743080549,1761,0,0,0
74.6197,74286,743090549,1783,0,0,0
74.6298,74287,743100548,1763,0,0,0
74.6397,74288,743110548,1801,0,0,0
74.6499,74289,743120549,1867,0,0,0
74.6597,74290,743130549,1984,0,0,0
74.6697,74291,743140549,2430,0,0,0
74.6797,74292,743150548,2559,0,0,0
74.6900,74293,743160548,2001,0,0,0
74.7024,74294,743170548,1535,0,0,0
74.7097,74295,743180548,1424,0,0,0
74.7199,74296,743190548,1535,0,0,0
74.7298,74297,743200549,1671,0,0,0
74.7399,74298,743210548,1809,0,0,0
74.7497,74299,743220548,1776,0,0,0
74.7597,74300,743230548,1829,0,0,0
74.7698,74301,743240548,1815,0,0,0
74.7798,74302,743250548,1833,0,0,0
74.7898,74303,743260549,1829,0,0,0
74.7997,74304,743270548,1856,0,0,0
74.8098,74305,743280549,1858,0,0,0
74.8197,74306,743290548,1866,0,0,0
74.8298,74307,743300549,1852,0,0,0
74.8397,74308,743310549,1875,0,0,0
74.8498,74309,743320548,1872,0,0,0
74.8597,74310,743330548,1906,0,0,0
74.8698,74311,743340549,1875,0,0,0
74.8797,74312,743350549,1926,0,0,0
74.8898,74313,743360548,1920,0,0,0
74.8997,74314,743370548,1953,0,0,0
74.9097,74315,743380548,1931,0,0,0
74.9199,74316,743390548,1959,0,0,0
74.9300,74317,743400548,1936,0,0,0
74.9397,74318,743410548,1971,0,0,0
74.9498,74319,743420549,1919,0,0,0
74.9597,74320,743430548,1915,0,0,0
74.9698,74321,743440549,1911,0,0,0
74.9799,74322,743450549,1911,0,0,0
74.9899,74323,743460548,1847,0,0,0
74.9997,74324,743470548,1860,0,0,0
75.0098,74325,743480548,1813,0,0,0
75.0198,74326,743490548,1831,0,0,0
75.0297,74327,743500549,1791,0,0,0
75.0398,74328,743510549,1808,0,0,0
75.0497,74329,743520549,1809,0,0,0
75.0597,74330,743530548,1829,0,0,0
75.0696,74331,743540548,1791,0,0,0
75.0797,74332,743550548,1840,0,0,0
75.0897,74333,743560548,1801,0,0,0
75.0999,74334,743570548,1849,0,0,0
75.1097,74335,743580548,1836,0,0,0
75.1197,74336,743590548,1854,0,0,0
75.1299,74337,743600548,1837,0,0,0
75.1397,74338,743610548,1856,0,0,0
75.1497,74339,743620549,1829,0,0,0
75.1597,74340,743630548,1845,0,0,0
75.1698,74341,743640549,1827,0,0,0
75.1797,74342,743650548,1837,0,0,0
75.1903,74343,743660548,1829,0,0,0
75.1997,74344,743670548,1834,0,0,0
75.2097,74345,743680549,1832,0,0,0
75.2197,74346,743690548,1864,0,0,0
75.2298,74347,743700548,1808,0,0,0
75.2397,74348,743710548,1840,0,0,0
75.2497,74349,743720549,1829,0,0,0
75.2597,74350,743730548,1863,0,0,0
75.2700,74351,743740548,1898,0,0,0
75.2797,74352,743750548,1966,0,0,0
75.2897,74353,743760548,1979,0,0,0
75.3001,74354,743770549,1996,0,0,0
75.3097,74355,743780548,1936,0,0,0
75.3197,74356,743790548,1935,0,0,0
75.3297,74357,743800548,1873,0,0,0
75.3397,74358,743810548,1869,0,0,0
75.3498,74359,743820548,1795,0,0,0
75.3598,74360,743830548,1795,0,0,0
75.3697,74361,743840548,1763,0,0,0
75.3798,74362,743850549,1780,0,0,0
75.3897,74363,743860548,1755,0,0,0
75.3999,74364,743870548,1787,0,0,0
75.4098,74365,743880548,1744,0,0,0
75.4198,74366,743890548,1823,0,0,0
75.4298,74367,743900548,1920,0,0,0
75.4397,74368,743910549,2108,0,0,0
75.4514,74369,743920548,2594,0,0,0
75.4598,74370,743930548,2311,0,0,0
75.4697,74371,743940549,1723,0,0,0
75.4798,74372,743950548,1425,0,0,0
75.4898,74373,743960548,1418,0,0,0
75.4997,74374,743970548,1569,0,0,0
75.5097,74375,743980548,1722,0,0,0
75.5198,74376,743990548,1791,0,0,0
75.5297,74377,744000548,1808,0,0,0
75.5398,74378,744010548,1839,0,0,0
75.5498,74379,744020548,1813,0,0,0
75.5597,74380,744030549,1867,0,0,0
75.5697,74381,744040548,1838,0,0,0
75.5799,74382,744050548,1843,0,0,0
75.5898,74383,744060549,1856,0,0,0
75.5997,74384,744070548,1879,0,0,0
75.6098,74385,744080549,1859,0,0,0
75.6198,74386,744090548,1900,0,0,0
75.6298,74387,744100548,1886,0,0,0
75.6398,74388,744110548,1911,0,0,0
75.6498,74389,744120549,1907,0,0,0
75.6598,74390,744130548,1950,0,0,0
75.6698,74391,744140548,1939,0,0,0
75.6798,74392,744150548,1968,0,0,0
75.6898,74393,744160548,1962,0,0,0
75.6997,74394,744170548,1980,0,0,0
75.7097,74395,744180548,1959,0,0,0
75.7199,74396,744190548,1965,0,0,0
75.7297,74397,744200548,1945,0,0,0
75.7398,74398,744210548,1945,0,0,0
75.7498,74399,744220549,1923,0,0,0
75.7597,74400,744230548,1891,0,0,0
75.7698,74401,744240548,1859,0,0,0
75.7798,74402,744250548,1849,0,0,0
75.7897,74403,744260548,1825,0,0,0
75.7997,74404,744270548,1833,0,0,0
75.8098,74405,744280549,1817,0,0,0
75.8198,74406,744290548,1825,0,0,0
75.8297,74407,744300549,1791,0,0,0
75.8399,74408,744310548,1840,0,0,0
75.8497,74409,744320549,1840,0,0,0
75.8597,74410,744330548,1839,0,0,0
75.8699,74411,744340549,1835,0,0,0
75.8799,74412,744350549,1834,0,0,0
75.8897,74413,744360548,1851,0,0,0
75.8998,74414,744370548,1837,0,0,0
75.9097,74415,744380549,1859,0,0,0
75.9197,74416,744390548,1850,0,0,0
75.9298,74417,744400548,1838,0,0,0
75.9405,74418,744410548,1840,0,0,0
75.9497,74419,744420548,1847,0,0,0
75.9601,74420,744430548,1823,0,0,0
75.9700,74421,744440548,1831,0,0,0
75.9801,74422,744450548,1829,0,0,0
75.9900,74423,744460548,1827,0,0,0
75.9998,74424,744470548,1825,0,0,0
76.0098,74425,744480548,1830,0,0,0
76.0197,74426,744490548,1854,0,0,0
76.0297,74427,744500549,1904,0,0,0
76.0397,74428,744510549,1965,0,0,0
76.0498,74429,744520548,1985,0,0,0
76.0597,74430,744530548,1999,0,0,0
76.0697,74431,744540549,1947,0,0,0
76.0800,74432,744550549,1919,0,0,0
76.0897,74433,744560548,1867,0,0,0
76.0997,74434,744570548,1853,0,0,0
76.1099,74435,744580549,1799,0,0,0
76.1197,74436,744590548,1755,0,0,0
76.1297,74437,744600549,1746,0,0,0
76.1398,74438,744610548,1750,0,0,0
76.1498,74439,744620549,1744,0,0,0
76.1597,74440,744630548,1750,0,0,0
76.1698,74441,744640548,1749,0,0,0
76.1799,74442,744650548,1769,0,0,0
76.1897,74443,744660549,1918,0,0,0
76.1997,74444,744670549,2077,0,0,0
76.2098,74445,744680548,2544,0,0,0
76.2198,74446,744690549,2306,0,0,0
76.2297,74447,744700548,1679,0,0,0
76.2398,74448,744710549,1353,0,0,0
76.2501,74449,744720548,1377,0,0,0
76.2597,74450,744730548,1535,0,0,0
76.2697,74451,744740548,1702,0,0,0
76.2797,74452,744750548,1765,0,0,0
76.2897,74453,744760548,1788,0,0,0
76.2998,74454,744770549,1802,0,0,0
76.3097,74455,744780549,1811,0,0,0
76.3197,74456,744790548,1828,0,0,0
76.3298,74457,744800548,1835,0,0,0
76.3397,74458,744810548,1846,0,0,0
76.3497,74459,744820548,1845,0,0,0
76.3597,74460,744830548,1856,0,0,0
76.3696,74461,744840549,1861,0,0,0
76.3797,74462,744850548,1856,0,0,0
76.3898,74463,744860548,1878,0,0,0
76.3997,74464,744870548,1873,0,0,0
76.4097,74465,744880548,1906,0,0,0
76.4198,74466,744890548,1907,0,0,0
76.4299,74467,744900548,1916,0,0,0
76.4397,74468,744910548,1929,0,0,0
76.4518,74469,744920549,1926,0,0,0
76.4597,74470,744930549,1926,0,0,0
76.4698,74471,744940548,1939,0,0,0
76.4798,74472,744950548,1939,0,0,0
76.4897,74473,744960548,1920,0,0,0
76.4999,74474,744970548,1899,0,0,0
76.5097,74475,744980548,1883,0,0,0
76.5198,74476,744990548,1837,0,0,0
76.5298,74477,745000548,1815,0,0,0
76.5397,74478,745010548,1798,0,0,0
76.5497,74479,745020548,1786,0,0,0
76.5597,74480,745030548,1775,0,0,0
76.5699,74481,745040548,1806,0,0,0
76.5797,74482,745050548,1779,0,0,0
76.5898,74483,745060549,1776,0,0,0
76.5998,74484,745070548,1776,0,0,0
76.6097,74485,745080548,1789,0,0,0
76.6198,74486,745090548,1794,0,0,0
76.6297,74487,745100548,1792,0,0,0
76.6397,74488,745110548,1795,0,0,0
76.6497,74489,745120548,1803,0,0,0
76.6597,74490,745130549,1802,0,0,0
76.6696,74491,745140548,1813,0,0,0
76.6797,74492,745150549,1810,0,0,0
76.6898,74493,745160548,1823,0,0,0
76.6996,74494,745170548,1802,0,0,0
76.7098,74495,745180548,1813,0,0,0
76.7198,74496,745190548,1806,0,0,0
76.7296,74497,745200549,1804,0,0,0
76.7397,74498,745210549,1779,0,0,0
76.7497,74499,745220549,1813,0,0,0
76.7597,74500,745230548,1792,0,0,0
76.7698,74501,745240549,1803,0,0,0
76.7797,74502,745250548,1797,0,0,0
76.7897,74503,745260548,1809,0,0,0
76.7998,74504,745270548,1795,0,0,0
76.8097,74505,745280549,1827,0,0,0
76.8197,74506,745290549,1874,0,0,0
76.8300,74507,745300548,1908,0,0,0
76.8397,74508,745310548,1942,0,0,0
76.8497,74509,745320549,1984,0,0,0
76.8597,74510,745330548,1912,0,0,0
76.8697,74511,745340549,1915,0,0,0
76.8797,74512,745350548,1863,0,0,0
76.8897,74513,745360549,1856,0,0,0
76.8997,74514,745370548,1776,0,0,0
76.9097,74515,745380549,1776,0,0,0
76.9197,74516,745390548,1735,0,0,0
76.9300,74517,745400549,1753,0,0,0
76.9397,74518,745410548,1727,0,0,0
76.9497,74519,745420549,1761,0,0,0
76.9599,74520,745430548,1743,0,0,0
76.9699,74521,745440548,1765,0,0,0
76.9798,74522,745450548,1853,0,0,0
76.9899,74523,745460549,1999,0,0,0
76.9998,74524,745470548,2447,0,0,0
77.0099,74525,745480548,2487,0,0,0
77.0197,74526,745490548,1887,0,0,0
77.0297,74527,745500548,1429,0,0,0
77.0396,74528,745510548,1377,0,0,0
77.0497,74529,745520548,1527,0,0,0
77.0596,74530,745530548,1671,0,0,0
77.0696,74531,745540548,1781,0,0,0
77.0798,74532,745550548,1767,0,0,0
77.0897,74533,745560548,1805,0,0,0
77.0997,74534,745570548,1813,0,0,0
77.1097,74535,745580549,1839,0,0,0
77.1197,74536,745590549,1819,0,0,0
77.1299,74537,745600548,1859,0,0,0
77.1397,74538,745610548,1843,0,0,0
77.1497,74539,745620549,1871,0,0,0
77.1597,74540,745630548,1855,0,0,0
77.1698,74541,745640548,1871,0,0,0
77.1797,74542,745650548,1863,0,0,0
77.1897,74543,745660549,1899,0,0,0
77.1997,74544,745670549,1873,0,0,0
77.2097,74545,745680549,1910,0,0,0
77.2197,74546,745690548,1894,0,0,0
77.2297,74547,745700548,1955,0,0,0
77.2397,74548,745710548,1934,0,0,0
77.2498,74549,745720548,1962,0,0,0
77.2597,74550,745730548,1937,0,0,0
77.2698,74551,745740549,1963,0,0,0
77.2798,74552,745750548,1946,0,0,0
77.2898,74553,745760549,1945,0,0,0
77.2998,74554,745770548,1903,0,0,0
77.3097,74555,745780548,1887,0,0,0
77.3196,74556,745790549,1849,0,0,0
77.3297,74557,745800548,1837,0,0,0
77.3398,74558,745810548,1807,0,0,0
77.3497,74559,745820549,1808,0,0,0
77.3597,74560,745830548,1782,0,0,0
77.3698,74561,745840548,1796,0,0,0
77.3796,74562,745850548,1765,0,0,0
77.3897,74563,745860549,1808,0,0,0
77.3997,74564,745870549,1776,0,0,0
77.4097,74565,745880548,1798,0,0,0
77.4197,74566,745890549,1783,0,0,0
77.4297,74567,745900548,1806,0,0,0
77.4412,74568,745910548,1789,0,0,0
77.4496,74569,745920548,1822,0,0,0
77.4598,74570,745930548,1803,0,0,0
77.4697,74571,745940548,1835,0,0,0
77.4799,74572,745950548,1808,0,0,0
77.4898,74573,745960549,1837,0,0,0
77.4997,74574,745970548,1803,0,0,0
77.5097,74575,745980548,1823,0,0,0
77.5197,74576,745990548,1791,0,0,0
77.5297,74577,746000548,1830,0,0,0
77.5397,74578,746010548,1807,0,0,0
77.5499,74579,746020549,1839,0,0,0
77.5597,74580,746030549,1798,0,0,0
77.5696,74581,746040549,1829,0,0,0
77.5799,74582,746050548,1807,0,0,0
77.5897,74583,746060548,1821,0,0,0
77.5997,74584,746070548,1808,0,0,0
77.6098,74585,746080548,1829,0,0,0
77.6196,74586,746090548,1797,0,0,0
77.6296,74587,746100548,1825,0,0,0
77.6397,74588,746110548,1793,0,0,0
77.6497,74589,746120548,1837,0,0,0
77.6598,74590,746130548,1814,0,0,0
77.6697,74591,746140549,1882,0,0,0
77.6796,74592,746150548,1897,0,0,0
77.6897,74593,746160548,1947,0,0,0
77.6998,74594,746170548,1961,0,0,0
77.7104,74595,746180548,1935,0,0,0
77.7198,74596,746190548,1894,0,0,0
77.7297,74597,746200549,1884,0,0,0
77.7397,74598,746210548,1835,0,0,0
77.7498,74599,746220548,1817,0,0,0
77.7598,74600,746230548,1756,0,0,0
77.7697,74601,746240548,1777,0,0,0
77.7797,74602,746250548,1747,0,0,0
77.7897,74603,746260548,1775,0,0,0
77.7996,74604,746270548,1738,0,0,0
77.8097,74605,746280549,1767,0,0,0
77.8201,74606,746290549,1744,0,0,0
77.8298,74607,746300549,1859,0,0,0
77.8397,74608,746310548,1910,0,0,0
77.8497,74609,746320548,2315,0,0,0
77.8597,74610,746330549,2621,0,0,0
77.8698,74611,746340548,2133,0,0,0
77.8797,74612,746350548,1502,0,0,0
77.8897,74613,746360549,1446,0,0,0
77.8998,74614,746370548,1503,0,0,0
77.9097,74615,746380548,1665,0,0,0
77.9197,74616,746390548,1744,0,0,0
77.9297,74617,746400549,1799,0,0,0
77.9399,74618,746410548,1791,0,0,0
77.9497,74619,746420548,1820,0,0,0
77.9597,74620,746430548,1799,0,0,0
77.9698,74621,746440549,1839,0,0,0
77.9799,74622,746450548,1819,0,0,0
77.9899,74623,746460549,1844,0,0,0
77.9998,74624,746470549,1829,0,0,0
78.0099,74625,746480548,1867,0,0,0
78.0197,74626,746490548,1861,0,0,0
78.0297,74627,746500549,1892,0,0,0
78.0397,74628,746510548,1878,0,0,0
78.0497,74629,746520548,1921,0,0,0
78.0597,74630,746530549,1917,0,0,0
78.0698,74631,746540548,1948,0,0,0
78.0799,74632,746550548,1938,0,0,0
78.0897,74633,746560548,1974,0,0,0
78.0998,74634,746570548,1954,0,0,0
78.1099,74635,746580548,1998,0,0,0
78.1197,74636,746590548,1975,0,0,0
78.1297,74637,746600548,1999,0,0,0
78.1397,74638,746610549,1966,0,0,0
78.1500,74639,746620548,1958,0,0,0
78.1598,74640,746630548,1891,0,0,0
78.1697,74641,746640548,1890,0,0,0
78.1798,74642,746650548,1835,0,0,0
78.1896,74643,746660548,1840,0,0,0
78.2009,74644,746670548,1808,0,0,0
78.2097,74645,746680549,1812,0,0,0
78.2199,74646,746690549,1796,0,0,0
78.2298,74647,746700548,1821,0,0,0
78.2397,74648,746710548,1798,0,0,0
78.2503,74649,746720549,1813,0,0,0
78.2597,74650,746730548,1806,0,0,0
78.2697,74651,746740548,1815,0,0,0
78.2799,74652,746750548,1808,0,0,0
78.2896,74653,746760549,1825,0,0,0
78.2998,74654,746770548,1821,0,0,0
78.3097,74655,746780549,1832,0,0,0
78.3197,74656,746790548,1830,0,0,0
78.3298,74657,746800548,1830,0,0,0
78.3397,74658,746810548,1825,0,0,0
78.3497,74659,746820549,1835,0,0,0
78.3598,74660,746830548,1808,0,0,0
78.3698,74661,746840549,1830,0,0,0
78.3797,74662,746850548,1809,0,0,0
78.3897,74663,746860549,1831,0,0,0
78.3998,74664,746870549,1797,0,0,0
78.4099,74665,746880549,1830,0,0,0
78.4197,74666,746890548,1805,0,0,0
78.4298,74667,746900548,1827,0,0,0
78.4397,74668,746910548,1803,0,0,0
78.4504,74669,746920548,1818,0,0,0
78.4598,74670,746930549,1803,0,0,0
78.4700,74671,746940548,1819,0,0,0
78.4797,74672,746950548,1809,0,0,0
78.4899,74673,746960548,1821,0,0,0
78.5004,74674,746970549,1807,0,0,0
78.5097,74675,746980549,1834,0,0,0
78.5197,74676,746990549,1810,0,0,0
78.5297,74677,747000549,1829,0,0,0
78.5397,74678,747010549,1829,0,0,0
78.5498,74679,747020549,1899,0,0,0
78.5597,74680,747030548,1925,0,0,0
78.5696,74681,747040548,1968,0,0,0
78.5797,74682,747050548,1979,0,0,0
78.5897,74683,747060548,1950,0,0,0
78.5997,74684,747070548,1924,0,0,0
78.6097,74685,747080548,1899,0,0,0
78.6197,74686,747090548,1847,0,0,0
78.6297,74687,747100549,1839,0,0,0
78.6398,74688,747110549,1777,0,0,0
78.6497,74689,747120548,1803,0,0,0
78.6598,74690,747130549,1782,0,0,0
78.6698,74691,747140548,1783,0,0,0
78.6797,74692,747150548,1776,0,0,0
78.6904,74693,747160548,1804,0,0,0
78.6999,74694,747170548,1791,0,0,0
78.7097,74695,747180549,1889,0,0,0
78.7199,74696,747190548,1946,0,0,0
78.7298,74697,747200549,2421,0,0,0
78.7397,74698,747210548,2625,0,0,0
78.7497,74699,747220548,2068,0,0,0
78.7598,74700,747230548,1530,0,0,0
78.7697,74701,747240549,1486,0,0,0
78.7797,74702,747250548,1558,0,0,0
78.7897,74703,747260548,1710,0,0,0
78.8001,74704,747270548,1789,0,0,0
78.8098,74705,747280549,1819,0,0,0
78.8198,74706,747290548,1824,0,0,0
78.8298,74707,747300549,1853,0,0,0
78.8397,74708,747310548,1845,0,0,0
78.8498,74709,747320549,1859,0,0,0
78.8597,74710,747330548,1862,0,0,0
78.8698,74711,747340548,1872,0,0,0
78.8798,74712,747350548,1879,0,0,0
78.8897,74713,747360548,1907,0,0,0
78.8998,74714,747370548,1899,0,0,0
78.9098,74715,747380548,1904,0,0,0
78.9197,74716,747390548,1902,0,0,0
78.9296,74717,747400548,1931,0,0,0
78.9397,74718,747410548,1933,0,0,0
78.9496,74719,747420549,1951,0,0,0
78.9600,74720,747430549,1974,0,0,0
78.9699,74721,747440548,1991,0,0,0
78.9799,74722,747450548,1975,0,0,0
78.9898,74723,747460548,1986,0,0,0
78.9999,74724,747470548,1986,0,0,0
79.0096,74725,747480549,1985,0,0,0
79.0197,74726,747490549,1978,0,0,0
79.0298,74727,747500549,1958,0,0,0
79.0397,74728,747510549,1914,0,0,0
79.0497,74729,747520548,1878,0,0,0
79.0598,74730,747530548,1865,0,0,0
79.0697,74731,747540549,1846,0,0,0
79.0797,74732,747550549,1826,0,0,0
79.0898,74733,747560548,1845,0,0,0
79.1001,74734,747570548,1830,0,0,0
79.1097,74735,747580548,1845,0,0,0
79.1199,74736,747590548,1838,0,0,0
79.1297,74737,747600548,1837,0,0,0
79.1398,74738,747610548,1837,0,0,0
79.1497,74739,747620548,1841,0,0,0
79.1597,74740,747630548,1855,0,0,0
79.1697,74741,747640548,1850,0,0,0
79.1798,74742,747650548,1853,0,0,0
79.1897,74743,747660548,1850,0,0,0
79.2000,74744,747670548,1878,0,0,0
79.2097,74745,747680549,1863,0,0,0
79.2198,74746,747690549,1851,0,0,0
79.2299,74747,747700549,1851,0,0,0
79.2396,74748,747710549,1858,0,0,0
79.2497,74749,747720548,1857,0,0,0
79.2598,74750,747730548,1840,0,0,0
79.2698,74751,747740549,1847,0,0,0
79.2797,74752,747750548,1855,0,0,0
79.2898,74753,747760548,1840,0,0,0
79.2999,74754,747770548,1834,0,0,0
79.3097,74755,747780548,1840,0,0,0
79.3197,74756,747790548,1830,0,0,0
79.3296,74757,747800548,1840,0,0,0
79.3397,74758,747810548,1846,0,0,0
79.3497,74759,747820548,1849,0,0,0
79.3597,74760,747830548,1838,0,0,0
79.3698,74761,747840549,1835,0,0,0
79.3797,74762,747850549,1858,0,0,0
79.3896,74763,747860548,1922,0,0,0
79.3999,74764,747870548,1951,0,0,0
79.4097,74765,747880549,1966,0,0,0
79.4197,74766,747890548,1997,0,0,0
79.4297,74767,747900548,1922,0,0,0
79.4396,74768,747910548,1942,0,0,0
79.4497,74769,747920549,1899,0,0,0
79.4598,74770,747930548,1874,0,0,0
79.4702,74771,747940548,1830,0,0,0
79.4798,74772,747950548,1806,0,0,0
79.4896,74773,747960549,1776,0,0,0
79.4999,74774,747970549,1794,0,0,0
79.5098,74775,747980548,1799,0,0,0
79.5196,74776,747990548,1802,0,0,0
79.5298,74777,748000548,1788,0,0,0
79.5396,74778,748010548,1823,0,0,0
79.5497,74779,748020548,1901,0,0,0
79.5596,74780,748030549,2002,0,0,0
79.5697,74781,748040549,2496,0,0,0
79.5797,74782,748050548,2555,0,0,0
79.5896,74783,748060549,1975,0,0,0
79.5999,74784,748070548,1520,0,0,0
79.6098,74785,748080549,1453,0,0,0
79.6197,74786,748090549,1584,0,0,0
79.6297,74787,748100548,1711,0,0,0
79.6397,74788,748110548,1809,0,0,0
79.6497,74789,748120549,1811,0,0,0
79.6598,74790,748130548,1831,0,0,0
79.6698,74791,748140548,1840,0,0,0
79.6798,74792,748150548,1861,0,0,0
79.6898,74793,748160548,1840,0,0,0
79.7006,74794,748170548,1873,0,0,0
79.7106,74795,748180549,1827,0,0,0
79.7198,74796,748190548,1893,0,0,0
79.7297,74797,748200548,1864,0,0,0
79.7396,74798,748210548,1885,0,0,0
79.7498,74799,748220549,1872,0,0,0
79.7596,74800,748230548,1898,0,0,0
79.7697,74801,748240548,1915,0,0,0
79.7797,74802,748250548,1936,0,0,0
79.7897,74803,748260548,1922,0,0,0
79.7997,74804,748270548,1936,0,0,0
79.8097,74805,748280548,1955,0,0,0
79.8196,74806,748290548,1957,0,0,0
79.8297,74807,748300549,1943,0,0,0
79.8397,74808,748310548,1958,0,0,0
79.8497,74809,748320548,1936,0,0,0
79.8599,74810,748330548,1943,0,0,0
79.8697,74811,748340548,1914,0,0,0
79.8797,74812,748350548,1904,0,0,0
79.8898,74813,748360549,1856,0,0,0
79.8999,74814,748370549,1847,0,0,0
79.9097,74815,748380548,1839,0,0,0
79.9197,74816,748390548,1835,0,0,0
79.9297,74817,748400548,1806,0,0,0
79.9396,74818,748410548,1829,0,0,0
79.9531,74819,748420548,1818,0,0,0
79.9618,74820,748430548,1827,0,0,0
79.9697,74821,748440548,1821,0,0,0
79.9803,74822,748450548,1844,0,0,0
79.9898,74823,748460548,1808,0,0,0
79.9998,74824,748470548,1837,0,0,0
80.0130,74825,748480549,1794,0,0,0
80.0203,74826,748490549,1853,0,0,0
80.0297,74827,748500548,1813,0,0,0
80.0411,74828,748510548,1850,0,0,0
80.0503,74829,748520549,1815,0,0,0
80.0597,74830,748530548,1826,0,0,0
80.0715,74831,748540548,1803,0,0,0
80.0797,74832,748550548,1817,0,0,0
80.0897,74833,748560548,1799,0,0,0
80.1001,74834,748570548,1839,0,0,0
80.1096,74835,748580548,1807,0,0,0
80.1197,74836,748590548,1826,0,0,0
80.1297,74837,748600548,1792,0,0,0
80.1396,74838,748610548,1834,0,0,0
80.1497,74839,748620548,1798,0,0,0
80.1597,74840,748630548,1834,0,0,0
80.1702,74841,748640549,1819,0,0,0
80.1821,74842,748650548,1840,0,0,0
80.1982,74843,748660548,1883,0,0,0
80.2055,74844,748670548,1935,0,0,0
80.2152,74845,748680548,1929,0,0,0
80.2267,74846,748690548,1986,0,0,0
80.2296,74847,748700549,1908,0,0,0
80.2440,74848,748710548,1931,0,0,0
80.2510,74849,748720548,1861,0,0,0
80.2597,74850,748730548,1856,0,0,0
80.2697,74851,748740548,1805,0,0,0
80.2796,74852,748750549,1792,0,0,0
80.2897,74853,748760549,1741,0,0,0
80.2999,74854,748770549,1773,0,0,0
80.3101,74855,748780549,1728,0,0,0
80.3197,74856,748790548,1776,0,0,0
80.3298,74857,748800548,1744,0,0,0
80.3396,74858,748810548,1765,0,0,0
80.3497,74859,748820548,1811,0,0,0
80.3598,74860,748830548,1966,0,0,0
80.3711,74861,748840549,2255,0,0,0
80.3841,74862,748850548,2594,0,0,0
80.3957,74863,748860548,2070,0,0,0
80.4002,74864,748870548,1535,0,0,0
80.4096,74865,748880548,1360,0,0,0
80.4222,74866,748890548,1467,0,0,0
80.4297,74867,748900549,1601,0,0,0
80.4399,74868,748910548,1767,0,0,0
80.4507,74869,748920549,1762,0,0,0
80.4596,74870,748930548,1808,0,0,0
80.4697,74871,748940548,1781,0,0,0
80.4798,74872,748950548,1822,0,0,0
80.4897,74873,748960549,1811,0,0,0
80.4998,74874,748970548,1841,0,0,0
80.5097,74875,748980548,1825,0,0,0
80.5199,74876,748990548,1859,0,0,0
80.5314,74877,749000549,1834,0,0,0
80.5396,74878,749010548,1856,0,0,0
80.5527,74879,749020549,1842,0,0,0
80.5622,74880,749030549,1900,0,0,0
80.5698,74881,749040548,1871,0,0,0
80.5861,74882,749050548,1891,0,0,0
80.5913,74883,749060548,1891,0,0,0
80.6008,74884,749070548,1943,0,0,0
80.6097,74885,749080548,1904,0,0,0
80.6197,74886,749090548,1950,0,0,0
80.6298,74887,749100549,1907,0,0,0
80.6396,74888,749110548,1950,0,0,0
80.6498,74889,749120549,1902,0,0,0
80.6597,74890,749130548,1922,0,0,0
80.6696,74891,749140548,1869,0,0,0
80.6797,74892,749150548,1872,0,0,0
80.6897,74893,749160549,1819,0,0,0
80.7003,74894,749170549,1823,0,0,0
80.7144,74895,749180548,1776,0,0,0
80.7256,74896,749190548,1810,0,0,0
80.7332,74897,749200548,1776,0,0,0
80.7419,74898,749210548,1786,0,0,0
80.7499,74899,749220548,1758,0,0,0
80.7596,74900,749230548,1807,0,0,0
80.7719,74901,749240549,1770,0,0,0
80.7796,74902,749250548,1792,0,0,0
80.7897,74903,749260548,1771,0,0,0
80.7997,74904,749270548,1802,0,0,0
80.8097,74905,749280548,1772,0,0,0
80.8197,74906,749290549,1795,0,0,0
80.8297,74907,749300548,1790,0,0,0
80.8396,74908,749310548,1815,0,0,0
80.8497,74909,749320549,1788,0,0,0
80.8596,74910,749330548,1811,0,0,0
80.8699,74911,749340548,1779,0,0,0
80.8797,74912,749350548,1808,0,0,0
80.8896,74913,749360548,1780,0,0,0
80.8999,74914,749370548,1818,0,0,0
80.9097,74915,749380549,1776,0,0,0
80.9197,74916,749390549,1812,0,0,0
80.9296,74917,749400548,1776,0,0,0
80.9397,74918,749410548,1808,0,0,0
80.9497,74919,749420548,1775,0,0,0
80.9596,74920,749430548,1802,0,0,0
80.9697,74921,749440548,1759,0,0,0
80.9797,74922,749450548,1818,0,0,0
80.9897,74923,749460548,1779,0,0,0
80.9999,74924,749470548,1854,0,0,0
81.0104,74925,749480548,1868,0,0,0
81.0197,74926,749490548,1938,0,0,0
81.0298,74927,749500548,1919,0,0,0
81.0397,74928,749510549,1966,0,0,0
81.0497,74929,749520548,1872,0,0,0
81.0597,74930,749530548,1919,0,0,0
81.0697,74931,749540548,1815,0,0,0
81.0800,74932,749550548,1854,0,0,0
81.0897,74933,749560548,1767,0,0,0
81.0997,74934,749570548,1775,0,0,0
81.1097,74935,749580548,1730,0,0,0
81.1196,74936,749590548,1763,0,0,0
81.1296,74937,749600548,1717,0,0,0
81.1397,74938,749610548,1776,0,0,0
81.1499,74939,749620548,1739,0,0,0
81.1597,74940,749630548,1791,0,0,0
81.1697,74941,749640548,1889,0,0,0
81.1798,74942,749650548,2019,0,0,0
81.1896,74943,749660548,2539,0,0,0
81.2017,74944,749670548,2432,0,0,0
81.2104,74945,749680549,1791,0,0,0
81.2198,74946,749690548,1447,0,0,0
81.2296,74947,749700549,1415,0,0,0
81.2397,74948,749710548,1573,0,0,0
81.2497,74949,749720548,1682,0,0,0
81.2597,74950,749730549,1786,0,0,0
81.2697,74951,749740548,1771,0,0,0
81.2796,74952,749750549,1826,0,0,0
81.2897,74953,749760548,1789,0,0,0
81.2997,74954,749770548,1843,0,0,0
81.3096,74955,749780548,1808,0,0,0
81.3197,74956,749790549,1856,0,0,0
81.3299,74957,749800549,1840,0,0,0
81.3396,74958,749810548,1878,0,0,0
81.3496,74959,749820549,1840,0,0,0
81.3598,74960,749830549,1897,0,0,0
81.3698,74961,749840548,1856,0,0,0
81.3797,74962,749850548,1917,0,0,0
81.3897,74963,749860548,1876,0,0,0
81.3997,74964,749870549,1931,0,0,0
81.4096,74965,749880548,1915,0,0,0
81.4197,74966,749890548,1966,0,0,0
81.4297,74967,749900548,1935,0,0,0
81.4397,74968,749910548,1988,0,0,0
81.4512,74969,749920549,1943,0,0,0
81.4596,74970,749930548,1984,0,0,0
81.4697,74971,749940548,1935,0,0,0
81.4797,74972,749950548,1947,0,0,0
81.4896,74973,749960548,1886,0,0,0
81.4998,74974,749970548,1894,0,0,0
81.5097,74975,749980548,1823,0,0,0
81.5197,74976,749990548,1835,0,0,0
81.5296,74977,750000548,1776,0,0,0
81.5397,74978,750010548,1808,0,0,0
81.5496,74979,750020548,1776,0,0,0
81.5597,74980,750030549,1791,0,0,0
81.5697,74981,750040548,1770,0,0,0
81.5797,74982,750050548,1790,0,0,0
81.5897,74983,750060548,1763,0,0,0
81.5997,74984,750070548,1803,0,0,0
81.6097,74985,750080548,1787,0,0,0
81.6197,74986,750090548,1808,0,0,0
81.6297,74987,750100548,1794,0,0,0
81.6397,74988,750110548,1813,0,0,0
81.6497,74989,750120548,1805,0,0,0
81.6597,74990,750130548,1815,0,0,0
81.6697,74991,750140549,1819,0,0,0
81.6797,74992,750150549,1826,0,0,0
81.6910,74993,750160548,1819,0,0,0
81.6997,74994,750170548,1825,0,0,0
81.7097,74995,750180549,1808,0,0,0
81.7197,74996,750190548,1806,0,0,0
81.7296,74997,750200549,1803,0,0,0
81.7397,74998,750210549,1808,0,0,0
81.7496,74999,750220548,1810,0,0,0
81.7597,75000,750230548,1805,0,0,0
81.7698,75001,750240548,1808,0,0,0
81.7797,75002,750250548,1808,0,0,0
81.7897,75003,750260549,1808,0,0,0
81.7998,75004,750270549,1807,0,0,0
81.8097,75005,750280549,1803,0,0,0
81.8196,75006,750290549,1805,0,0,0
81.8299,75007,750300548,1799,0,0,0
81.8397,75008,750310548,1811,0,0,0
81.8496,75009,750320549,1853,0,0,0
81.8597,75010,750330548,1903,0,0,0
81.8698,75011,750340548,1926,0,0,0
81.8797,75012,750350548,1969,0,0,0
81.8897,75013,750360548,1950,0,0,0
81.8997,75014,750370548,1919,0,0,0
81.9096,75015,750380549,1901,0,0,0
81.9197,75016,750390548,1856,0,0,0
81.9297,75017,750400548,1833,0,0,0
81.9396,75018,750410548,1794,0,0,0
81.9521,75019,750420549,1776,0,0,0
81.9599,75020,750430548,1760,0,0,0
81.9698,75021,750440548,1765,0,0,0
81.9802,75022,750450548,1756,0,0,0
81.9901,75023,750460549,1759,0,0,0
82.0000,75024,750470548,1767,0,0,0
82.0099,75025,750480548,1803,0,0,0
82.0196,75026,750490548,1895,0,0,0
82.0297,75027,750500549,2039,0,0,0
82.0396,75028,750510549,2622,0,0,0
82.0496,75029,750520548,2403,0,0,0
82.0597,75030,750530548,1706,0,0,0
82.0696,75031,750540549,1447,0,0,0
82.0796,75032,750550548,1472,0,0,0
82.0896,75033,750560549,1600,0,0,0
82.0998,75034,750570549,1730,0,0,0
82.1096,75035,750580548,1780,0,0,0
82.1196,75036,750590548,1788,0,0,0
82.1297,75037,750600548,1812,0,0,0
82.1397,75038,750610548,1808,0,0,0
82.1497,75039,750620549,1840,0,0,0
82.1597,75040,750630548,1839,0,0,0
82.1696,75041,750640548,1854,0,0,0
82.1796,75042,750650548,1843,0,0,0
82.1897,75043,750660549,1867,0,0,0
82.2014,75044,750670548,1859,0,0,0
82.2097,75045,750680549,1879,0,0,0
82.2198,75046,750690548,1884,0,0,0
82.2296,75047,750700549,1903,0,0,0
82.2397,75048,750710549,1904,0,0,0
82.2497,75049,750720548,1933,0,0,0
82.2596,75050,750730548,1943,0,0,0
82.2697,75051,750740549,1977,0,0,0
82.2796,75052,750750548,1969,0,0,0
82.2897,75053,750760549,1984,0,0,0
82.2997,75054,750770549,1983,0,0,0
82.3097,75055,750780548,1986,0,0,0
82.3196,75056,750790548,1961,0,0,0
82.3297,75057,750800549,1968,0,0,0
82.3397,75058,750810549,1915,0,0,0
82.3496,75059,750820548,1888,0,0,0
82.3596,75060,750830548,1853,0,0,0
82.3696,75061,750840548,1857,0,0,0
82.3796,75062,750850548,1818,0,0,0
82.3896,75063,750860549,1823,0,0,0
82.3997,75064,750870548,1792,0,0,0
82.4096,75065,750880548,1835,0,0,0
82.4197,75066,750890548,1809,0,0,0
82.4297,75067,750900548,1813,0,0,0
82.4396,75068,750910548,1810,0,0,0
82.4510,75069,750920548,1840,0,0,0
82.4597,75070,750930548,1810,0,0,0
82.4697,75071,750940548,1851,0,0,0
82.4798,75072,750950548,1827,0,0,0
82.4898,75073,750960549,1861,0,0,0
82.4997,75074,750970548,1839,0,0,0
82.5097,75075,750980548,1857,0,0,0
82.5197,75076,750990548,1840,0,0,0
82.5298,75077,751000548,1869,0,0,0
82.5396,75078,751010548,1829,0,0,0
82.5497,75079,751020548,1854,0,0,0
82.5596,75080,751030548,1831,0,0,0
82.5696,75081,751040549,1841,0,0,0
82.5797,75082,751050548,1826,0,0,0
82.5897,75083,751060548,1857,0,0,0
82.5998,75084,751070549,1820,0,0,0
82.6098,75085,751080548,1852,0,0,0
82.6196,75086,751090548,1819,0,0,0
82.6297,75087,751100548,1853,0,0,0
82.6396,75088,751110549,1823,0,0,0
82.6496,75089,751120548,1857,0,0,0
82.6596,75090,751130548,1834,0,0,0
82.6696,75091,751140548,1866,0,0,0
82.6796,75092,751150548,1867,0,0,0
82.6896,75093,751160548,1965,0,0,0
82.7005,75094,751170548,1923,0,0,0
82.7096,75095,751180549,2001,0,0,0
82.7196,75096,751190549,1995,0,0,0
82.7297,75097,751200548,1973,0,0,0
82.7396,75098,751210548,1932,0,0,0
82.7496,75099,751220548,1913,0,0,0
82.7598,75100,751230548,1850,0,0,0
82.7697,75101,751240549,1854,0,0,0
82.7796,75102,751250548,1799,0,0,0
82.7897,75103,751260548,1828,0,0,0
82.7997,75104,751270548,1744,0,0,0
82.8098,75105,751280548,1790,0,0,0
82.8197,75106,751290548,1767,0,0,0
82.8296,75107,751300548,1801,0,0,0
82.8397,75108,751310549,1762,0,0,0
82.8497,75109,751320549,1914,0,0,0
82.8596,75110,751330548,1978,0,0,0
82.8697,75111,751340549,2586,0,0,0
82.8799,75112,751350548,2386,0,0,0
82.8897,75113,751360549,1861,0,0,0
82.8998,75114,751370549,1434,0,0,0
82.9097,75115,751380548,1425,0,0,0
82.9196,75116,751390548,1507,0,0,0
82.9297,75117,751400548,1707,0,0,0
82.9398,75118,751410548,1722,0,0,0
82.9496,75119,751420548,1770,0,0,0
82.9596,75120,751430548,1762,0,0,0
82.9699,75121,751440549,1819,0,0,0
82.9799,75122,751450548,1785,0,0,0
82.9898,75123,751460548,1855,0,0,0
82.9999,75124,751470548,1826,0,0,0
83.0096,75125,751480548,1870,0,0,0
83.0196,75126,751490548,1857,0,0,0
83.0297,75127,751500548,1898,0,0,0
83.0396,75128,751510549,1867,0,0,0
83.0496,75129,751520548,1917,0,0,0
83.0597,75130,751530548,1896,0,0,0
83.0697,75131,751540548,1948,0,0,0
83.0796,75132,751550548,1930,0,0,0
83.0897,75133,751560548,1952,0,0,0
83.0996,75134,751570548,1945,0,0,0
83.1096,75135,751580549,1997,0,0,0
83.1197,75136,751590548,1958,0,0,0
83.1298,75137,751600548,2002,0,0,0
83.1396,75138,751610548,1962,0,0,0
83.1496,75139,751620548,1994,0,0,0
83.1596,75140,751630548,1959,0,0,0
83.1697,75141,751640549,1966,0,0,0
83.1796,75142,751650549,1905,0,0,0
83.1898,75143,751660549,1918,0,0,0
83.2010,75144,751670549,1856,0,0,0
83.2097,75145,751680548,1894,0,0,0
83.2197,75146,751690548,1852,0,0,0
83.2296,75147,751700548,1872,0,0,0
83.2397,75148,751710548,1822,0,0,0
83.2497,75149,751720549,1872,0,0,0
83.2597,75150,751730548,1834,0,0,0
83.2697,75151,751740549,1855,0,0,0
83.2796,75152,751750548,1837,0,0,0
83.2897,75153,751760548,1871,0,0,0
83.3002,75154,751770548,1847,0,0,0
83.3096,75155,751780549,1879,0,0,0
83.3197,75156,751790548,1843,0,0,0
83.3298,75157,751800548,1869,0,0,0
83.3396,75158,751810548,1846,0,0,0
83.3496,75159,751820548,1875,0,0,0
83.3596,75160,751830548,1855,0,0,0
83.3697,75161,751840549,1867,0,0,0
83.3797,75162,751850548,1857,0,0,0
83.3897,75163,751860548,1899,0,0,0
83.3998,75164,751870548,1891,0,0,0
83.4097,75165,751880549,1920,0,0,0
83.4196,75166,751890549,1909,0,0,0
83.4296,75167,751900548,1957,0,0,0
83.4401,75168,751910549,1951,0,0,0
83.4496,75169,751920548,1988,0,0,0
83.4596,75170,751930548,1963,0,0,0
83.4698,75171,751940548,1975,0,0,0
83.4796,75172,751950548,1995,0,0,0
83.4897,75173,751960548,2064,0,0,0
83.4997,75174,751970548,2032,0,0,0
83.5097,75175,751980548,2082,0,0,0
83.5196,75176,751990548,2035,0,0,0
83.5296,75177,752000548,1988,0,0,0
83.5396,75178,752010549,1937,0,0,0
83.5498,75179,752020548,1890,0,0,0
83.5596,75180,752030548,1823,0,0,0
83.5697,75181,752040548,1787,0,0,0
83.5798,75182,752050548,1740,0,0,0
83.5897,75183,752060549,1729,0,0,0
83.5996,75184,752070548,1734,0,0,0
83.6096,75185,752080548,1738,0,0,0
83.6196,75186,752090548,1723,0,0,0
83.6297,75187,752100548,1755,0,0,0
83.6396,75188,752110548,1761,0,0,0
83.6497,75189,752120549,1879,0,0,0
83.6596,75190,752130548,2029,0,0,0
83.6697,75191,752140548,2580,0,0,0
83.6797,75192,752150548,2399,0,0,0
83.6896,75193,752160548,1858,0,0,0
83.7015,75194,752170548,1467,0,0,0
83.7097,75195,752180549,1456,0,0,0
83.7196,75196,752190548,1586,0,0,0
83.7297,75197,752200548,1759,0,0,0
83.7396,75198,752210549,1808,0,0,0
83.7499,75199,752220548,1836,0,0,0
83.7597,75200,752230548,1847,0,0,0
83.7697,75201,752240548,1840,0,0,0
83.7797,75202,752250549,1853,0,0,0
83.7897,75203,752260548,1856,0,0,0
83.7996,75204,752270549,1868,0,0,0
83.8097,75205,752280548,1862,0,0,0
83.8196,75206,752290548,1881,0,0,0
83.8295,75207,752300549,1870,0,0,0
83.8396,75208,752310549,1898,0,0,0
83.8498,75209,752320548,1897,0,0,0
83.8597,75210,752330548,1905,0,0,0
83.8696,75211,752340548,1919,0,0,0
83.8796,75212,752350548,1917,0,0,0
83.8896,75213,752360549,1933,0,0,0
83.8996,75214,752370549,1923,0,0,0
83.9097,75215,752380549,1933,0,0,0
83.9197,75216,752390549,1920,0,0,0
83.9296,75217,752400549,1921,0,0,0
83.9397,75218,752410548,1914,0,0,0
83.9498,75219,752420549,1872,0,0,0
83.9596,75220,752430548,1883,0,0,0
83.9696,75221,752440548,1849,0,0,0
83.9797,75222,752450548,1813,0,0,0
83.9899,75223,752460548,1790,0,0,0
83.9996,75224,752470548,1787,0,0,0
84.0097,75225,752480548,1775,0,0,0
84.0201,75226,752490548,1767,0,0,0
84.0297,75227,752500549,1760,0,0,0
84.0397,75228,752510548,1763,0,0,0
84.0499,75229,752520548,1755,0,0,0
84.0596,75230,752530548,1779,0,0,0
84.0696,75231,752540549,1783,0,0,0
84.0798,75232,752550549,1790,0,0,0
84.0896,75233,752560548,1785,0,0,0
84.0996,75234,752570548,1783,0,0,0
84.1097,75235,752580549,1792,0,0,0
84.1197,75236,752590549,1798,0,0,0
84.1299,75237,752600548,1776,0,0,0
84.1397,75238,752610549,1787,0,0,0
84.1496,75239,752620548,1773,0,0,0
84.1599,75240,752630548,1782,0,0,0
84.1697,75241,752640548,1769,0,0,0
84.1797,75242,752650548,1776,0,0,0
84.1897,75243,752660548,1769,0,0,0
84.2015,75244,752670549,1780,0,0,0
84.2100,75245,752680548,1759,0,0,0
84.2197,75246,752690548,1763,0,0,0
84.2296,75247,752700548,1770,0,0,0
84.2396,75248,752710548,1776,0,0,0
84.2497,75249,752720548,1805,0,0,0
84.2596,75250,752730548,1869,0,0,0
84.2698,75251,752740548,1889,0,0,0
84.2798,75252,752750548,1957,0,0,0
84.2897,75253,752760548,1915,0,0,0
84.3001,75254,752770548,1899,0,0,0
84.3099,75255,752780549,1859,0,0,0
84.3196,75256,752790548,1830,0,0,0
84.3299,75257,752800549,1781,0,0,0
84.3396,75258,752810548,1744,0,0,0
84.3496,75259,752820549,1711,0,0,0
84.3599,75260,752830548,1735,0,0,0
84.3701,75261,752840548,1691,0,0,0
84.3799,75262,752850548,1721,0,0,0
84.3897,75263,752860549,1712,0,0,0
84.3999,75264,752870548,1725,0,0,0
84.4096,75265,752880549,1757,0,0,0
84.4197,75266,752890548,1904,0,0,0
84.4297,75267,752900548,2115,0,0,0
84.4396,75268,752910548,2590,0,0,0
84.4506,75269,752920548,2199,0,0,0
84.4618,75270,752930548,1644,0,0,0
84.4696,75271,752940548,1413,0,0,0
84.4797,75272,752950548,1466,0,0,0
84.4900,75273,752960549,1607,0,0,0
84.4998,75274,752970548,1787,0,0,0
84.5097,75275,752980549,1815,0,0,0
84.5197,75276,752990549,1853,0,0,0
84.5296,75277,753000548,1840,0,0,0
84.5398,75278,753010548,1873,0,0,0
84.5495,75279,753020549,1860,0,0,0
84.5598,75280,753030548,1882,0,0,0
84.5696,75281,753040549,1868,0,0,0
84.5796,75282,753050549,1877,0,0,0
84.5896,75283,753060548,1873,0,0,0
84.5998,75284,753070548,1871,0,0,0
84.6098,75285,753080548,1867,0,0,0
84.6197,75286,753090548,1891,0,0,0
84.6296,75287,753100548,1887,0,0,0
84.6397,75288,753110548,1898,0,0,0
84.6496,75289,753120548,1906,0,0,0
84.6597,75290,753130548,1936,0,0,0
84.6697,75291,753140548,1925,0,0,0
84.6797,75292,753150548,1949,0,0,0
84.6896,75293,753160549,1937,0,0,0
84.7001,75294,753170548,1953,0,0,0
84.7096,75295,753180549,1936,0,0,0
84.7197,75296,753190549,1940,0,0,0
84.7302,75297,753200549,1904,0,0,0
84.7397,75298,753210548,1901,0,0,0
84.7498,75299,753220548,1851,0,0,0
84.7596,75300,753230548,1850,0,0,0
84.7696,75301,753240548,1812,0,0,0
84.7796,75302,753250548,1815,0,0,0
84.7896,75303,753260549,1790,0,0,0
84.7995,75304,753270549,1813,0,0,0
84.8096,75305,753280548,1791,0,0,0
84.8196,75306,753290548,1813,0,0,0
84.8296,75307,753300549,1797,0,0,0
84.8397,75308,753310548,1807,0,0,0
84.8497,75309,753320548,1793,0,0,0
84.8596,75310,753330548,1815,0,0,0
84.8697,75311,753340548,1805,0,0,0
84.8796,75312,753350549,1821,0,0,0
84.8896,75313,753360548,1808,0,0,0
84.8997,75314,753370548,1826,0,0,0
84.9096,75315,753380548,1805,0,0,0
84.9196,75316,753390548,1824,0,0,0
84.9300,75317,753400548,1818,0,0,0
84.9401,75318,753410548,1827,0,0,0
84.9496,75319,753420549,1798,0,0,0
84.9597,75320,753430548,1829,0,0,0
84.9697,75321,753440549,1817,0,0,0
84.9799,75322,753450548,1831,0,0,0
84.9896,75323,753460548,1799,0,0,0
84.9996,75324,753470549,1811,0,0,0
85.0096,75325,753480549,1797,0,0,0
85.0195,75326,753490548,1815,0,0,0
85.0296,75327,753500549,1840,0,0,0
85.0397,75328,753510548,1906,0,0,0
85.0498,75329,753520548,1917,0,0,0
85.0596,75330,753530548,1983,0,0,0
85.0696,75331,753540548,1939,0,0,0
85.0800,75332,753550548,1919,0,0,0
85.0897,75333,753560548,1872,0,0,0
85.0997,75334,753570548,1851,0,0,0
85.1096,75335,753580548,1792,0,0,0
85.1196,75336,753590548,1762,0,0,0
85.1297,75337,753600549,1723,0,0,0
85.1397,75338,753610548,1734,0,0,0
85.1497,75339,753620548,1712,0,0,0
85.1596,75340,753630548,1735,0,0,0
85.1697,75341,753640549,1726,0,0,0
85.1798,75342,753650548,1747,0,0,0
85.1897,75343,753660549,1794,0,0,0
85.1999,75344,753670548,1904,0,0,0
85.2096,75345,753680549,2145,0,0,0
85.2195,75346,753690549,2611,0,0,0
85.2298,75347,753700548,2159,0,0,0
85.2396,75348,753710548,1593,0,0,0
85.2497,75349,753720549,1373,0,0,0
85.2597,75350,753730548,1452,0,0,0
85.2696,75351,753740549,1596,0,0,0
85.2797,75352,753750549,1733,0,0,0
85.2896,75353,753760548,1744,0,0,0
85.2996,75354,753770548,1776,0,0,0
85.3096,75355,753780548,1740,0,0,0
85.3197,75356,753790548,1799,0,0,0
85.3297,75357,753800548,1797,0,0,0
85.3396,75358,753810548,1819,0,0,0
85.3497,75359,753820549,1814,0,0,0
85.3595,75360,753830548,1834,0,0,0
85.3695,75361,753840549,1837,0,0,0
85.3795,75362,753850548,1856,0,0,0
85.3895,75363,753860548,1856,0,0,0
85.3996,75364,753870548,1874,0,0,0
85.4096,75365,753880548,1870,0,0,0
85.4196,75366,753890548,1888,0,0,0
85.4298,75367,753900548,1901,0,0,0
85.4396,75368,753910548,1919,0,0,0
85.4495,75369,753920549,1925,0,0,0
85.4596,75370,753930548,1946,0,0,0
85.4696,75371,753940548,1933,0,0,0
85.4796,75372,753950548,1952,0,0,0
85.4895,75373,753960548,1936,0,0,0
85.4999,75374,753970548,1941,0,0,0
85.5096,75375,753980549,1916,0,0,0
85.5196,75376,753990548,1893,0,0,0
85.5298,75377,754000548,1840,0,0,0
85.5396,75378,754010548,1840,0,0,0
85.5496,75379,754020548,1808,0,0,0
85.5598,75380,754030549,1798,0,0,0
85.5695,75381,754040549,1783,0,0,0
85.5797,75382,754050549,1795,0,0,0
85.5897,75383,754060549,1776,0,0,0
85.5997,75384,754070548,1793,0,0,0
85.6096,75385,754080549,1787,0,0,0
85.6197,75386,754090549,1795,0,0,0
85.6297,75387,754100549,1795,0,0,0
85.6396,75388,754110549,1808,0,0,0
85.6496,75389,754120548,1788,0,0,0
85.6599,75390,754130548,1807,0,0,0
85.6697,75391,754140548,1799,0,0,0
85.6796,75392,754150548,1808,0,0,0
85.6897,75393,754160549,1805,0,0,0
85.6997,75394,754170548,1811,0,0,0
85.7097,75395,754180549,1808,0,0,0
85.7197,75396,754190549,1815,0,0,0
85.7298,75397,754200548,1801,0,0,0
85.7395,75398,754210549,1808,0,0,0
